kind,worker,grammar,allocation,memory_trust,config_hash,tool_grammar_hash,assigned_actions,action,frontier_outcome,plan_hash,diversity_hash,typed_witness_integration
action,0,source,breadth,conservative,b27d53a040797581,ec9612bab2ff2822,48,observe,explored=20|split=9|dead_end=9|unresolved=10,e6f3ebb8cb36c7e1,8cb9a7d6bf5f9f78,REQUIRED_NOT_CONNECTED
action,0,source,breadth,conservative,b27d53a040797581,ec9612bab2ff2822,48,forge,explored=20|split=9|dead_end=9|unresolved=10,e6f3ebb8cb36c7e1,8cb9a7d6bf5f9f78,REQUIRED_NOT_CONNECTED
action,0,source,breadth,conservative,b27d53a040797581,ec9612bab2ff2822,48,transfer,explored=20|split=9|dead_end=9|unresolved=10,e6f3ebb8cb36c7e1,8cb9a7d6bf5f9f78,REQUIRED_NOT_CONNECTED
action,0,source,breadth,conservative,b27d53a040797581,ec9612bab2ff2822,48,discriminate,explored=20|split=9|dead_end=9|unresolved=10,e6f3ebb8cb36c7e1,8cb9a7d6bf5f9f78,REQUIRED_NOT_CONNECTED
action,0,source,breadth,conservative,b27d53a040797581,ec9612bab2ff2822,48,repair,explored=20|split=9|dead_end=9|unresolved=10,e6f3ebb8cb36c7e1,8cb9a7d6bf5f9f78,REQUIRED_NOT_CONNECTED
action,0,source,breadth,conservative,b27d53a040797581,ec9612bab2ff2822,48,observe,explored=20|split=9|dead_end=9|unresolved=10,e6f3ebb8cb36c7e1,8cb9a7d6bf5f9f78,REQUIRED_NOT_CONNECTED
action,0,source,breadth,conservative,b27d53a040797581,ec9612bab2ff2822,48,forge,explored=20|split=9|dead_end=9|unresolved=10,e6f3ebb8cb36c7e1,8cb9a7d6bf5f9f78,REQUIRED_NOT_CONNECTED
action,0,source,breadth,conservative,b27d53a040797581,ec9612bab2ff2822,48,transfer,explored=20|split=9|dead_end=9|unresolved=10,e6f3ebb8cb36c7e1,8cb9a7d6bf5f9f78,REQUIRED_NOT_CONNECTED
action,0,source,breadth,conservative,b27d53a040797581,ec9612bab2ff2822,48,discriminate,explored=20|split=9|dead_end=9|unresolved=10,e6f3ebb8cb36c7e1,8cb9a7d6bf5f9f78,REQUIRED_NOT_CONNECTED
action,0,source,breadth,conservative,b27d53a040797581,ec9612bab2ff2822,48,repair,explored=20|split=9|dead_end=9|unresolved=10,e6f3ebb8cb36c7e1,8cb9a7d6bf5f9f78,REQUIRED_NOT_CONNECTED
action,0,source,breadth,conservative,b27d53a040797581,ec9612bab2ff2822,48,observe,explored=20|split=9|dead_end=9|unresolved=10,e6f3ebb8cb36c7e1,8cb9a7d6bf5f9f78,REQUIRED_NOT_CONNECTED
action,0,source,breadth,conservative,b27d53a040797581,ec9612bab2ff2822,48,forge,explored=20|split=9|dead_end=9|unresolved=10,e6f3ebb8cb36c7e1,8cb9a7d6bf5f9f78,REQUIRED_NOT_CONNECTED
action,0,source,breadth,conservative,b27d53a040797581,ec9612bab2ff2822,48,transfer,explored=20|split=9|dead_end=9|unresolved=10,e6f3ebb8cb36c7e1,8cb9a7d6bf5f9f78,REQUIRED_NOT_CONNECTED
action,0,source,breadth,conservative,b27d53a040797581,ec9612bab2ff2822,48,discriminate,explored=20|split=9|dead_end=9|unresolved=10,e6f3ebb8cb36c7e1,8cb9a7d6bf5f9f78,REQUIRED_NOT_CONNECTED
action,0,source,breadth,conservative,b27d53a040797581,ec9612bab2ff2822,48,repair,explored=20|split=9|dead_end=9|unresolved=10,e6f3ebb8cb36c7e1,8cb9a7d6bf5f9f78,REQUIRED_NOT_CONNECTED
action,0,source,breadth,conservative,b27d53a040797581,ec9612bab2ff2822,48,observe,explored=20|split=9|dead_end=9|unresolved=10,e6f3ebb8cb36c7e1,8cb9a7d6bf5f9f78,REQUIRED_NOT_CONNECTED
action,0,source,breadth,conservative,b27d53a040797581,ec9612bab2ff2822,48,forge,explored=20|split=9|dead_end=9|unresolved=10,e6f3ebb8cb36c7e1,8cb9a7d6bf5f9f78,REQUIRED_NOT_CONNECTED
action,0,source,breadth,conservative,b27d53a040797581,ec9612bab2ff2822,48,transfer,explored=20|split=9|dead_end=9|unresolved=10,e6f3ebb8cb36c7e1,8cb9a7d6bf5f9f78,REQUIRED_NOT_CONNECTED
action,0,source,breadth,conservative,b27d53a040797581,ec9612bab2ff2822,48,discriminate,explored=20|split=9|dead_end=9|unresolved=10,e6f3ebb8cb36c7e1,8cb9a7d6bf5f9f78,REQUIRED_NOT_CONNECTED
action,0,source,breadth,conservative,b27d53a040797581,ec9612bab2ff2822,48,repair,explored=20|split=9|dead_end=9|unresolved=10,e6f3ebb8cb36c7e1,8cb9a7d6bf5f9f78,REQUIRED_NOT_CONNECTED
action,0,source,breadth,conservative,b27d53a040797581,ec9612bab2ff2822,48,observe,explored=20|split=9|dead_end=9|unresolved=10,e6f3ebb8cb36c7e1,8cb9a7d6bf5f9f78,REQUIRED_NOT_CONNECTED
action,0,source,breadth,conservative,b27d53a040797581,ec9612bab2ff2822,48,forge,explored=20|split=9|dead_end=9|unresolved=10,e6f3ebb8cb36c7e1,8cb9a7d6bf5f9f78,REQUIRED_NOT_CONNECTED
action,0,source,breadth,conservative,b27d53a040797581,ec9612bab2ff2822,48,transfer,explored=20|split=9|dead_end=9|unresolved=10,e6f3ebb8cb36c7e1,8cb9a7d6bf5f9f78,REQUIRED_NOT_CONNECTED
action,0,source,breadth,conservative,b27d53a040797581,ec9612bab2ff2822,48,discriminate,explored=20|split=9|dead_end=9|unresolved=10,e6f3ebb8cb36c7e1,8cb9a7d6bf5f9f78,REQUIRED_NOT_CONNECTED
action,0,source,breadth,conservative,b27d53a040797581,ec9612bab2ff2822,48,repair,explored=20|split=9|dead_end=9|unresolved=10,e6f3ebb8cb36c7e1,8cb9a7d6bf5f9f78,REQUIRED_NOT_CONNECTED
action,0,source,breadth,conservative,b27d53a040797581,ec9612bab2ff2822,48,observe,explored=20|split=9|dead_end=9|unresolved=10,e6f3ebb8cb36c7e1,8cb9a7d6bf5f9f78,REQUIRED_NOT_CONNECTED
action,0,source,breadth,conservative,b27d53a040797581,ec9612bab2ff2822,48,forge,explored=20|split=9|dead_end=9|unresolved=10,e6f3ebb8cb36c7e1,8cb9a7d6bf5f9f78,REQUIRED_NOT_CONNECTED
action,0,source,breadth,conservative,b27d53a040797581,ec9612bab2ff2822,48,transfer,explored=20|split=9|dead_end=9|unresolved=10,e6f3ebb8cb36c7e1,8cb9a7d6bf5f9f78,REQUIRED_NOT_CONNECTED
action,0,source,breadth,conservative,b27d53a040797581,ec9612bab2ff2822,48,discriminate,explored=20|split=9|dead_end=9|unresolved=10,e6f3ebb8cb36c7e1,8cb9a7d6bf5f9f78,REQUIRED_NOT_CONNECTED
action,0,source,breadth,conservative,b27d53a040797581,ec9612bab2ff2822,48,repair,explored=20|split=9|dead_end=9|unresolved=10,e6f3ebb8cb36c7e1,8cb9a7d6bf5f9f78,REQUIRED_NOT_CONNECTED
action,0,source,breadth,conservative,b27d53a040797581,ec9612bab2ff2822,48,observe,explored=20|split=9|dead_end=9|unresolved=10,e6f3ebb8cb36c7e1,8cb9a7d6bf5f9f78,REQUIRED_NOT_CONNECTED
action,0,source,breadth,conservative,b27d53a040797581,ec9612bab2ff2822,48,forge,explored=20|split=9|dead_end=9|unresolved=10,e6f3ebb8cb36c7e1,8cb9a7d6bf5f9f78,REQUIRED_NOT_CONNECTED
action,0,source,breadth,conservative,b27d53a040797581,ec9612bab2ff2822,48,transfer,explored=20|split=9|dead_end=9|unresolved=10,e6f3ebb8cb36c7e1,8cb9a7d6bf5f9f78,REQUIRED_NOT_CONNECTED
action,0,source,breadth,conservative,b27d53a040797581,ec9612bab2ff2822,48,discriminate,explored=20|split=9|dead_end=9|unresolved=10,e6f3ebb8cb36c7e1,8cb9a7d6bf5f9f78,REQUIRED_NOT_CONNECTED
action,0,source,breadth,conservative,b27d53a040797581,ec9612bab2ff2822,48,repair,explored=20|split=9|dead_end=9|unresolved=10,e6f3ebb8cb36c7e1,8cb9a7d6bf5f9f78,REQUIRED_NOT_CONNECTED
action,0,source,breadth,conservative,b27d53a040797581,ec9612bab2ff2822,48,observe,explored=20|split=9|dead_end=9|unresolved=10,e6f3ebb8cb36c7e1,8cb9a7d6bf5f9f78,REQUIRED_NOT_CONNECTED
action,0,source,breadth,conservative,b27d53a040797581,ec9612bab2ff2822,48,forge,explored=20|split=9|dead_end=9|unresolved=10,e6f3ebb8cb36c7e1,8cb9a7d6bf5f9f78,REQUIRED_NOT_CONNECTED
action,0,source,breadth,conservative,b27d53a040797581,ec9612bab2ff2822,48,transfer,explored=20|split=9|dead_end=9|unresolved=10,e6f3ebb8cb36c7e1,8cb9a7d6bf5f9f78,REQUIRED_NOT_CONNECTED
action,0,source,breadth,conservative,b27d53a040797581,ec9612bab2ff2822,48,discriminate,explored=20|split=9|dead_end=9|unresolved=10,e6f3ebb8cb36c7e1,8cb9a7d6bf5f9f78,REQUIRED_NOT_CONNECTED
action,0,source,breadth,conservative,b27d53a040797581,ec9612bab2ff2822,48,repair,explored=20|split=9|dead_end=9|unresolved=10,e6f3ebb8cb36c7e1,8cb9a7d6bf5f9f78,REQUIRED_NOT_CONNECTED
action,0,source,breadth,conservative,b27d53a040797581,ec9612bab2ff2822,48,observe,explored=20|split=9|dead_end=9|unresolved=10,e6f3ebb8cb36c7e1,8cb9a7d6bf5f9f78,REQUIRED_NOT_CONNECTED
action,0,source,breadth,conservative,b27d53a040797581,ec9612bab2ff2822,48,forge,explored=20|split=9|dead_end=9|unresolved=10,e6f3ebb8cb36c7e1,8cb9a7d6bf5f9f78,REQUIRED_NOT_CONNECTED
action,0,source,breadth,conservative,b27d53a040797581,ec9612bab2ff2822,48,transfer,explored=20|split=9|dead_end=9|unresolved=10,e6f3ebb8cb36c7e1,8cb9a7d6bf5f9f78,REQUIRED_NOT_CONNECTED
action,0,source,breadth,conservative,b27d53a040797581,ec9612bab2ff2822,48,discriminate,explored=20|split=9|dead_end=9|unresolved=10,e6f3ebb8cb36c7e1,8cb9a7d6bf5f9f78,REQUIRED_NOT_CONNECTED
action,0,source,breadth,conservative,b27d53a040797581,ec9612bab2ff2822,48,repair,explored=20|split=9|dead_end=9|unresolved=10,e6f3ebb8cb36c7e1,8cb9a7d6bf5f9f78,REQUIRED_NOT_CONNECTED
action,0,source,breadth,conservative,b27d53a040797581,ec9612bab2ff2822,48,observe,explored=20|split=9|dead_end=9|unresolved=10,e6f3ebb8cb36c7e1,8cb9a7d6bf5f9f78,REQUIRED_NOT_CONNECTED
action,0,source,breadth,conservative,b27d53a040797581,ec9612bab2ff2822,48,forge,explored=20|split=9|dead_end=9|unresolved=10,e6f3ebb8cb36c7e1,8cb9a7d6bf5f9f78,REQUIRED_NOT_CONNECTED
action,0,source,breadth,conservative,b27d53a040797581,ec9612bab2ff2822,48,transfer,explored=20|split=9|dead_end=9|unresolved=10,e6f3ebb8cb36c7e1,8cb9a7d6bf5f9f78,REQUIRED_NOT_CONNECTED
action,1,source,breadth,balanced,c3fb94a31d4576b8,ec9612bab2ff2822,48,forge,explored=19|split=10|dead_end=9|unresolved=10,c70f2369d0448b03,51dbb316e7e14952,REQUIRED_NOT_CONNECTED
action,1,source,breadth,balanced,c3fb94a31d4576b8,ec9612bab2ff2822,48,transfer,explored=19|split=10|dead_end=9|unresolved=10,c70f2369d0448b03,51dbb316e7e14952,REQUIRED_NOT_CONNECTED
action,1,source,breadth,balanced,c3fb94a31d4576b8,ec9612bab2ff2822,48,discriminate,explored=19|split=10|dead_end=9|unresolved=10,c70f2369d0448b03,51dbb316e7e14952,REQUIRED_NOT_CONNECTED
action,1,source,breadth,balanced,c3fb94a31d4576b8,ec9612bab2ff2822,48,repair,explored=19|split=10|dead_end=9|unresolved=10,c70f2369d0448b03,51dbb316e7e14952,REQUIRED_NOT_CONNECTED
action,1,source,breadth,balanced,c3fb94a31d4576b8,ec9612bab2ff2822,48,observe,explored=19|split=10|dead_end=9|unresolved=10,c70f2369d0448b03,51dbb316e7e14952,REQUIRED_NOT_CONNECTED
action,1,source,breadth,balanced,c3fb94a31d4576b8,ec9612bab2ff2822,48,forge,explored=19|split=10|dead_end=9|unresolved=10,c70f2369d0448b03,51dbb316e7e14952,REQUIRED_NOT_CONNECTED
action,1,source,breadth,balanced,c3fb94a31d4576b8,ec9612bab2ff2822,48,transfer,explored=19|split=10|dead_end=9|unresolved=10,c70f2369d0448b03,51dbb316e7e14952,REQUIRED_NOT_CONNECTED
action,1,source,breadth,balanced,c3fb94a31d4576b8,ec9612bab2ff2822,48,discriminate,explored=19|split=10|dead_end=9|unresolved=10,c70f2369d0448b03,51dbb316e7e14952,REQUIRED_NOT_CONNECTED
action,1,source,breadth,balanced,c3fb94a31d4576b8,ec9612bab2ff2822,48,repair,explored=19|split=10|dead_end=9|unresolved=10,c70f2369d0448b03,51dbb316e7e14952,REQUIRED_NOT_CONNECTED
action,1,source,breadth,balanced,c3fb94a31d4576b8,ec9612bab2ff2822,48,observe,explored=19|split=10|dead_end=9|unresolved=10,c70f2369d0448b03,51dbb316e7e14952,REQUIRED_NOT_CONNECTED
action,1,source,breadth,balanced,c3fb94a31d4576b8,ec9612bab2ff2822,48,forge,explored=19|split=10|dead_end=9|unresolved=10,c70f2369d0448b03,51dbb316e7e14952,REQUIRED_NOT_CONNECTED
action,1,source,breadth,balanced,c3fb94a31d4576b8,ec9612bab2ff2822,48,transfer,explored=19|split=10|dead_end=9|unresolved=10,c70f2369d0448b03,51dbb316e7e14952,REQUIRED_NOT_CONNECTED
action,1,source,breadth,balanced,c3fb94a31d4576b8,ec9612bab2ff2822,48,discriminate,explored=19|split=10|dead_end=9|unresolved=10,c70f2369d0448b03,51dbb316e7e14952,REQUIRED_NOT_CONNECTED
action,1,source,breadth,balanced,c3fb94a31d4576b8,ec9612bab2ff2822,48,repair,explored=19|split=10|dead_end=9|unresolved=10,c70f2369d0448b03,51dbb316e7e14952,REQUIRED_NOT_CONNECTED
action,1,source,breadth,balanced,c3fb94a31d4576b8,ec9612bab2ff2822,48,observe,explored=19|split=10|dead_end=9|unresolved=10,c70f2369d0448b03,51dbb316e7e14952,REQUIRED_NOT_CONNECTED
action,1,source,breadth,balanced,c3fb94a31d4576b8,ec9612bab2ff2822,48,forge,explored=19|split=10|dead_end=9|unresolved=10,c70f2369d0448b03,51dbb316e7e14952,REQUIRED_NOT_CONNECTED
action,1,source,breadth,balanced,c3fb94a31d4576b8,ec9612bab2ff2822,48,transfer,explored=19|split=10|dead_end=9|unresolved=10,c70f2369d0448b03,51dbb316e7e14952,REQUIRED_NOT_CONNECTED
action,1,source,breadth,balanced,c3fb94a31d4576b8,ec9612bab2ff2822,48,discriminate,explored=19|split=10|dead_end=9|unresolved=10,c70f2369d0448b03,51dbb316e7e14952,REQUIRED_NOT_CONNECTED
action,1,source,breadth,balanced,c3fb94a31d4576b8,ec9612bab2ff2822,48,repair,explored=19|split=10|dead_end=9|unresolved=10,c70f2369d0448b03,51dbb316e7e14952,REQUIRED_NOT_CONNECTED
action,1,source,breadth,balanced,c3fb94a31d4576b8,ec9612bab2ff2822,48,observe,explored=19|split=10|dead_end=9|unresolved=10,c70f2369d0448b03,51dbb316e7e14952,REQUIRED_NOT_CONNECTED
action,1,source,breadth,balanced,c3fb94a31d4576b8,ec9612bab2ff2822,48,forge,explored=19|split=10|dead_end=9|unresolved=10,c70f2369d0448b03,51dbb316e7e14952,REQUIRED_NOT_CONNECTED
action,1,source,breadth,balanced,c3fb94a31d4576b8,ec9612bab2ff2822,48,transfer,explored=19|split=10|dead_end=9|unresolved=10,c70f2369d0448b03,51dbb316e7e14952,REQUIRED_NOT_CONNECTED
action,1,source,breadth,balanced,c3fb94a31d4576b8,ec9612bab2ff2822,48,discriminate,explored=19|split=10|dead_end=9|unresolved=10,c70f2369d0448b03,51dbb316e7e14952,REQUIRED_NOT_CONNECTED
action,1,source,breadth,balanced,c3fb94a31d4576b8,ec9612bab2ff2822,48,repair,explored=19|split=10|dead_end=9|unresolved=10,c70f2369d0448b03,51dbb316e7e14952,REQUIRED_NOT_CONNECTED
action,1,source,breadth,balanced,c3fb94a31d4576b8,ec9612bab2ff2822,48,observe,explored=19|split=10|dead_end=9|unresolved=10,c70f2369d0448b03,51dbb316e7e14952,REQUIRED_NOT_CONNECTED
action,1,source,breadth,balanced,c3fb94a31d4576b8,ec9612bab2ff2822,48,forge,explored=19|split=10|dead_end=9|unresolved=10,c70f2369d0448b03,51dbb316e7e14952,REQUIRED_NOT_CONNECTED
action,1,source,breadth,balanced,c3fb94a31d4576b8,ec9612bab2ff2822,48,transfer,explored=19|split=10|dead_end=9|unresolved=10,c70f2369d0448b03,51dbb316e7e14952,REQUIRED_NOT_CONNECTED
action,1,source,breadth,balanced,c3fb94a31d4576b8,ec9612bab2ff2822,48,discriminate,explored=19|split=10|dead_end=9|unresolved=10,c70f2369d0448b03,51dbb316e7e14952,REQUIRED_NOT_CONNECTED
action,1,source,breadth,balanced,c3fb94a31d4576b8,ec9612bab2ff2822,48,repair,explored=19|split=10|dead_end=9|unresolved=10,c70f2369d0448b03,51dbb316e7e14952,REQUIRED_NOT_CONNECTED
action,1,source,breadth,balanced,c3fb94a31d4576b8,ec9612bab2ff2822,48,observe,explored=19|split=10|dead_end=9|unresolved=10,c70f2369d0448b03,51dbb316e7e14952,REQUIRED_NOT_CONNECTED
action,1,source,breadth,balanced,c3fb94a31d4576b8,ec9612bab2ff2822,48,forge,explored=19|split=10|dead_end=9|unresolved=10,c70f2369d0448b03,51dbb316e7e14952,REQUIRED_NOT_CONNECTED
action,1,source,breadth,balanced,c3fb94a31d4576b8,ec9612bab2ff2822,48,transfer,explored=19|split=10|dead_end=9|unresolved=10,c70f2369d0448b03,51dbb316e7e14952,REQUIRED_NOT_CONNECTED
action,1,source,breadth,balanced,c3fb94a31d4576b8,ec9612bab2ff2822,48,discriminate,explored=19|split=10|dead_end=9|unresolved=10,c70f2369d0448b03,51dbb316e7e14952,REQUIRED_NOT_CONNECTED
action,1,source,breadth,balanced,c3fb94a31d4576b8,ec9612bab2ff2822,48,repair,explored=19|split=10|dead_end=9|unresolved=10,c70f2369d0448b03,51dbb316e7e14952,REQUIRED_NOT_CONNECTED
action,1,source,breadth,balanced,c3fb94a31d4576b8,ec9612bab2ff2822,48,observe,explored=19|split=10|dead_end=9|unresolved=10,c70f2369d0448b03,51dbb316e7e14952,REQUIRED_NOT_CONNECTED
action,1,source,breadth,balanced,c3fb94a31d4576b8,ec9612bab2ff2822,48,forge,explored=19|split=10|dead_end=9|unresolved=10,c70f2369d0448b03,51dbb316e7e14952,REQUIRED_NOT_CONNECTED
action,1,source,breadth,balanced,c3fb94a31d4576b8,ec9612bab2ff2822,48,transfer,explored=19|split=10|dead_end=9|unresolved=10,c70f2369d0448b03,51dbb316e7e14952,REQUIRED_NOT_CONNECTED
action,1,source,breadth,balanced,c3fb94a31d4576b8,ec9612bab2ff2822,48,discriminate,explored=19|split=10|dead_end=9|unresolved=10,c70f2369d0448b03,51dbb316e7e14952,REQUIRED_NOT_CONNECTED
action,1,source,breadth,balanced,c3fb94a31d4576b8,ec9612bab2ff2822,48,repair,explored=19|split=10|dead_end=9|unresolved=10,c70f2369d0448b03,51dbb316e7e14952,REQUIRED_NOT_CONNECTED
action,1,source,breadth,balanced,c3fb94a31d4576b8,ec9612bab2ff2822,48,observe,explored=19|split=10|dead_end=9|unresolved=10,c70f2369d0448b03,51dbb316e7e14952,REQUIRED_NOT_CONNECTED
action,1,source,breadth,balanced,c3fb94a31d4576b8,ec9612bab2ff2822,48,forge,explored=19|split=10|dead_end=9|unresolved=10,c70f2369d0448b03,51dbb316e7e14952,REQUIRED_NOT_CONNECTED
action,1,source,breadth,balanced,c3fb94a31d4576b8,ec9612bab2ff2822,48,transfer,explored=19|split=10|dead_end=9|unresolved=10,c70f2369d0448b03,51dbb316e7e14952,REQUIRED_NOT_CONNECTED
action,1,source,breadth,balanced,c3fb94a31d4576b8,ec9612bab2ff2822,48,discriminate,explored=19|split=10|dead_end=9|unresolved=10,c70f2369d0448b03,51dbb316e7e14952,REQUIRED_NOT_CONNECTED
action,1,source,breadth,balanced,c3fb94a31d4576b8,ec9612bab2ff2822,48,repair,explored=19|split=10|dead_end=9|unresolved=10,c70f2369d0448b03,51dbb316e7e14952,REQUIRED_NOT_CONNECTED
action,1,source,breadth,balanced,c3fb94a31d4576b8,ec9612bab2ff2822,48,observe,explored=19|split=10|dead_end=9|unresolved=10,c70f2369d0448b03,51dbb316e7e14952,REQUIRED_NOT_CONNECTED
action,1,source,breadth,balanced,c3fb94a31d4576b8,ec9612bab2ff2822,48,forge,explored=19|split=10|dead_end=9|unresolved=10,c70f2369d0448b03,51dbb316e7e14952,REQUIRED_NOT_CONNECTED
action,1,source,breadth,balanced,c3fb94a31d4576b8,ec9612bab2ff2822,48,transfer,explored=19|split=10|dead_end=9|unresolved=10,c70f2369d0448b03,51dbb316e7e14952,REQUIRED_NOT_CONNECTED
action,1,source,breadth,balanced,c3fb94a31d4576b8,ec9612bab2ff2822,48,discriminate,explored=19|split=10|dead_end=9|unresolved=10,c70f2369d0448b03,51dbb316e7e14952,REQUIRED_NOT_CONNECTED
action,2,source,breadth,experimental,bafb562498438e6e,ec9612bab2ff2822,48,transfer,explored=19|split=10|dead_end=10|unresolved=9,27142e63fc1c4960,fe34733c3ceadde7,REQUIRED_NOT_CONNECTED
action,2,source,breadth,experimental,bafb562498438e6e,ec9612bab2ff2822,48,discriminate,explored=19|split=10|dead_end=10|unresolved=9,27142e63fc1c4960,fe34733c3ceadde7,REQUIRED_NOT_CONNECTED
action,2,source,breadth,experimental,bafb562498438e6e,ec9612bab2ff2822,48,repair,explored=19|split=10|dead_end=10|unresolved=9,27142e63fc1c4960,fe34733c3ceadde7,REQUIRED_NOT_CONNECTED
action,2,source,breadth,experimental,bafb562498438e6e,ec9612bab2ff2822,48,observe,explored=19|split=10|dead_end=10|unresolved=9,27142e63fc1c4960,fe34733c3ceadde7,REQUIRED_NOT_CONNECTED
action,2,source,breadth,experimental,bafb562498438e6e,ec9612bab2ff2822,48,forge,explored=19|split=10|dead_end=10|unresolved=9,27142e63fc1c4960,fe34733c3ceadde7,REQUIRED_NOT_CONNECTED
action,2,source,breadth,experimental,bafb562498438e6e,ec9612bab2ff2822,48,transfer,explored=19|split=10|dead_end=10|unresolved=9,27142e63fc1c4960,fe34733c3ceadde7,REQUIRED_NOT_CONNECTED
action,2,source,breadth,experimental,bafb562498438e6e,ec9612bab2ff2822,48,discriminate,explored=19|split=10|dead_end=10|unresolved=9,27142e63fc1c4960,fe34733c3ceadde7,REQUIRED_NOT_CONNECTED
action,2,source,breadth,experimental,bafb562498438e6e,ec9612bab2ff2822,48,repair,explored=19|split=10|dead_end=10|unresolved=9,27142e63fc1c4960,fe34733c3ceadde7,REQUIRED_NOT_CONNECTED
action,2,source,breadth,experimental,bafb562498438e6e,ec9612bab2ff2822,48,observe,explored=19|split=10|dead_end=10|unresolved=9,27142e63fc1c4960,fe34733c3ceadde7,REQUIRED_NOT_CONNECTED
action,2,source,breadth,experimental,bafb562498438e6e,ec9612bab2ff2822,48,forge,explored=19|split=10|dead_end=10|unresolved=9,27142e63fc1c4960,fe34733c3ceadde7,REQUIRED_NOT_CONNECTED
action,2,source,breadth,experimental,bafb562498438e6e,ec9612bab2ff2822,48,transfer,explored=19|split=10|dead_end=10|unresolved=9,27142e63fc1c4960,fe34733c3ceadde7,REQUIRED_NOT_CONNECTED
action,2,source,breadth,experimental,bafb562498438e6e,ec9612bab2ff2822,48,discriminate,explored=19|split=10|dead_end=10|unresolved=9,27142e63fc1c4960,fe34733c3ceadde7,REQUIRED_NOT_CONNECTED
action,2,source,breadth,experimental,bafb562498438e6e,ec9612bab2ff2822,48,repair,explored=19|split=10|dead_end=10|unresolved=9,27142e63fc1c4960,fe34733c3ceadde7,REQUIRED_NOT_CONNECTED
action,2,source,breadth,experimental,bafb562498438e6e,ec9612bab2ff2822,48,observe,explored=19|split=10|dead_end=10|unresolved=9,27142e63fc1c4960,fe34733c3ceadde7,REQUIRED_NOT_CONNECTED
action,2,source,breadth,experimental,bafb562498438e6e,ec9612bab2ff2822,48,forge,explored=19|split=10|dead_end=10|unresolved=9,27142e63fc1c4960,fe34733c3ceadde7,REQUIRED_NOT_CONNECTED
action,2,source,breadth,experimental,bafb562498438e6e,ec9612bab2ff2822,48,transfer,explored=19|split=10|dead_end=10|unresolved=9,27142e63fc1c4960,fe34733c3ceadde7,REQUIRED_NOT_CONNECTED
action,2,source,breadth,experimental,bafb562498438e6e,ec9612bab2ff2822,48,discriminate,explored=19|split=10|dead_end=10|unresolved=9,27142e63fc1c4960,fe34733c3ceadde7,REQUIRED_NOT_CONNECTED
action,2,source,breadth,experimental,bafb562498438e6e,ec9612bab2ff2822,48,repair,explored=19|split=10|dead_end=10|unresolved=9,27142e63fc1c4960,fe34733c3ceadde7,REQUIRED_NOT_CONNECTED
action,2,source,breadth,experimental,bafb562498438e6e,ec9612bab2ff2822,48,observe,explored=19|split=10|dead_end=10|unresolved=9,27142e63fc1c4960,fe34733c3ceadde7,REQUIRED_NOT_CONNECTED
action,2,source,breadth,experimental,bafb562498438e6e,ec9612bab2ff2822,48,forge,explored=19|split=10|dead_end=10|unresolved=9,27142e63fc1c4960,fe34733c3ceadde7,REQUIRED_NOT_CONNECTED
action,2,source,breadth,experimental,bafb562498438e6e,ec9612bab2ff2822,48,transfer,explored=19|split=10|dead_end=10|unresolved=9,27142e63fc1c4960,fe34733c3ceadde7,REQUIRED_NOT_CONNECTED
action,2,source,breadth,experimental,bafb562498438e6e,ec9612bab2ff2822,48,discriminate,explored=19|split=10|dead_end=10|unresolved=9,27142e63fc1c4960,fe34733c3ceadde7,REQUIRED_NOT_CONNECTED
action,2,source,breadth,experimental,bafb562498438e6e,ec9612bab2ff2822,48,repair,explored=19|split=10|dead_end=10|unresolved=9,27142e63fc1c4960,fe34733c3ceadde7,REQUIRED_NOT_CONNECTED
action,2,source,breadth,experimental,bafb562498438e6e,ec9612bab2ff2822,48,observe,explored=19|split=10|dead_end=10|unresolved=9,27142e63fc1c4960,fe34733c3ceadde7,REQUIRED_NOT_CONNECTED
action,2,source,breadth,experimental,bafb562498438e6e,ec9612bab2ff2822,48,forge,explored=19|split=10|dead_end=10|unresolved=9,27142e63fc1c4960,fe34733c3ceadde7,REQUIRED_NOT_CONNECTED
action,2,source,breadth,experimental,bafb562498438e6e,ec9612bab2ff2822,48,transfer,explored=19|split=10|dead_end=10|unresolved=9,27142e63fc1c4960,fe34733c3ceadde7,REQUIRED_NOT_CONNECTED
action,2,source,breadth,experimental,bafb562498438e6e,ec9612bab2ff2822,48,discriminate,explored=19|split=10|dead_end=10|unresolved=9,27142e63fc1c4960,fe34733c3ceadde7,REQUIRED_NOT_CONNECTED
action,2,source,breadth,experimental,bafb562498438e6e,ec9612bab2ff2822,48,repair,explored=19|split=10|dead_end=10|unresolved=9,27142e63fc1c4960,fe34733c3ceadde7,REQUIRED_NOT_CONNECTED
action,2,source,breadth,experimental,bafb562498438e6e,ec9612bab2ff2822,48,observe,explored=19|split=10|dead_end=10|unresolved=9,27142e63fc1c4960,fe34733c3ceadde7,REQUIRED_NOT_CONNECTED
action,2,source,breadth,experimental,bafb562498438e6e,ec9612bab2ff2822,48,forge,explored=19|split=10|dead_end=10|unresolved=9,27142e63fc1c4960,fe34733c3ceadde7,REQUIRED_NOT_CONNECTED
action,2,source,breadth,experimental,bafb562498438e6e,ec9612bab2ff2822,48,transfer,explored=19|split=10|dead_end=10|unresolved=9,27142e63fc1c4960,fe34733c3ceadde7,REQUIRED_NOT_CONNECTED
action,2,source,breadth,experimental,bafb562498438e6e,ec9612bab2ff2822,48,discriminate,explored=19|split=10|dead_end=10|unresolved=9,27142e63fc1c4960,fe34733c3ceadde7,REQUIRED_NOT_CONNECTED
action,2,source,breadth,experimental,bafb562498438e6e,ec9612bab2ff2822,48,repair,explored=19|split=10|dead_end=10|unresolved=9,27142e63fc1c4960,fe34733c3ceadde7,REQUIRED_NOT_CONNECTED
action,2,source,breadth,experimental,bafb562498438e6e,ec9612bab2ff2822,48,observe,explored=19|split=10|dead_end=10|unresolved=9,27142e63fc1c4960,fe34733c3ceadde7,REQUIRED_NOT_CONNECTED
action,2,source,breadth,experimental,bafb562498438e6e,ec9612bab2ff2822,48,forge,explored=19|split=10|dead_end=10|unresolved=9,27142e63fc1c4960,fe34733c3ceadde7,REQUIRED_NOT_CONNECTED
action,2,source,breadth,experimental,bafb562498438e6e,ec9612bab2ff2822,48,transfer,explored=19|split=10|dead_end=10|unresolved=9,27142e63fc1c4960,fe34733c3ceadde7,REQUIRED_NOT_CONNECTED
action,2,source,breadth,experimental,bafb562498438e6e,ec9612bab2ff2822,48,discriminate,explored=19|split=10|dead_end=10|unresolved=9,27142e63fc1c4960,fe34733c3ceadde7,REQUIRED_NOT_CONNECTED
action,2,source,breadth,experimental,bafb562498438e6e,ec9612bab2ff2822,48,repair,explored=19|split=10|dead_end=10|unresolved=9,27142e63fc1c4960,fe34733c3ceadde7,REQUIRED_NOT_CONNECTED
action,2,source,breadth,experimental,bafb562498438e6e,ec9612bab2ff2822,48,observe,explored=19|split=10|dead_end=10|unresolved=9,27142e63fc1c4960,fe34733c3ceadde7,REQUIRED_NOT_CONNECTED
action,2,source,breadth,experimental,bafb562498438e6e,ec9612bab2ff2822,48,forge,explored=19|split=10|dead_end=10|unresolved=9,27142e63fc1c4960,fe34733c3ceadde7,REQUIRED_NOT_CONNECTED
action,2,source,breadth,experimental,bafb562498438e6e,ec9612bab2ff2822,48,transfer,explored=19|split=10|dead_end=10|unresolved=9,27142e63fc1c4960,fe34733c3ceadde7,REQUIRED_NOT_CONNECTED
action,2,source,breadth,experimental,bafb562498438e6e,ec9612bab2ff2822,48,discriminate,explored=19|split=10|dead_end=10|unresolved=9,27142e63fc1c4960,fe34733c3ceadde7,REQUIRED_NOT_CONNECTED
action,2,source,breadth,experimental,bafb562498438e6e,ec9612bab2ff2822,48,repair,explored=19|split=10|dead_end=10|unresolved=9,27142e63fc1c4960,fe34733c3ceadde7,REQUIRED_NOT_CONNECTED
action,2,source,breadth,experimental,bafb562498438e6e,ec9612bab2ff2822,48,observe,explored=19|split=10|dead_end=10|unresolved=9,27142e63fc1c4960,fe34733c3ceadde7,REQUIRED_NOT_CONNECTED
action,2,source,breadth,experimental,bafb562498438e6e,ec9612bab2ff2822,48,forge,explored=19|split=10|dead_end=10|unresolved=9,27142e63fc1c4960,fe34733c3ceadde7,REQUIRED_NOT_CONNECTED
action,2,source,breadth,experimental,bafb562498438e6e,ec9612bab2ff2822,48,transfer,explored=19|split=10|dead_end=10|unresolved=9,27142e63fc1c4960,fe34733c3ceadde7,REQUIRED_NOT_CONNECTED
action,2,source,breadth,experimental,bafb562498438e6e,ec9612bab2ff2822,48,discriminate,explored=19|split=10|dead_end=10|unresolved=9,27142e63fc1c4960,fe34733c3ceadde7,REQUIRED_NOT_CONNECTED
action,2,source,breadth,experimental,bafb562498438e6e,ec9612bab2ff2822,48,repair,explored=19|split=10|dead_end=10|unresolved=9,27142e63fc1c4960,fe34733c3ceadde7,REQUIRED_NOT_CONNECTED
action,3,source,balanced,conservative,34b935d873155973,ec9612bab2ff2822,48,discriminate,explored=19|split=10|dead_end=9|unresolved=10,feefc8c0f51b25be,b7e4c826cbe02e8f,REQUIRED_NOT_CONNECTED
action,3,source,balanced,conservative,34b935d873155973,ec9612bab2ff2822,48,transfer,explored=19|split=10|dead_end=9|unresolved=10,feefc8c0f51b25be,b7e4c826cbe02e8f,REQUIRED_NOT_CONNECTED
action,3,source,balanced,conservative,34b935d873155973,ec9612bab2ff2822,48,forge,explored=19|split=10|dead_end=9|unresolved=10,feefc8c0f51b25be,b7e4c826cbe02e8f,REQUIRED_NOT_CONNECTED
action,3,source,balanced,conservative,34b935d873155973,ec9612bab2ff2822,48,observe,explored=19|split=10|dead_end=9|unresolved=10,feefc8c0f51b25be,b7e4c826cbe02e8f,REQUIRED_NOT_CONNECTED
action,3,source,balanced,conservative,34b935d873155973,ec9612bab2ff2822,48,repair,explored=19|split=10|dead_end=9|unresolved=10,feefc8c0f51b25be,b7e4c826cbe02e8f,REQUIRED_NOT_CONNECTED
action,3,source,balanced,conservative,34b935d873155973,ec9612bab2ff2822,48,discriminate,explored=19|split=10|dead_end=9|unresolved=10,feefc8c0f51b25be,b7e4c826cbe02e8f,REQUIRED_NOT_CONNECTED
action,3,source,balanced,conservative,34b935d873155973,ec9612bab2ff2822,48,transfer,explored=19|split=10|dead_end=9|unresolved=10,feefc8c0f51b25be,b7e4c826cbe02e8f,REQUIRED_NOT_CONNECTED
action,3,source,balanced,conservative,34b935d873155973,ec9612bab2ff2822,48,forge,explored=19|split=10|dead_end=9|unresolved=10,feefc8c0f51b25be,b7e4c826cbe02e8f,REQUIRED_NOT_CONNECTED
action,3,source,balanced,conservative,34b935d873155973,ec9612bab2ff2822,48,observe,explored=19|split=10|dead_end=9|unresolved=10,feefc8c0f51b25be,b7e4c826cbe02e8f,REQUIRED_NOT_CONNECTED
action,3,source,balanced,conservative,34b935d873155973,ec9612bab2ff2822,48,repair,explored=19|split=10|dead_end=9|unresolved=10,feefc8c0f51b25be,b7e4c826cbe02e8f,REQUIRED_NOT_CONNECTED
action,3,source,balanced,conservative,34b935d873155973,ec9612bab2ff2822,48,discriminate,explored=19|split=10|dead_end=9|unresolved=10,feefc8c0f51b25be,b7e4c826cbe02e8f,REQUIRED_NOT_CONNECTED
action,3,source,balanced,conservative,34b935d873155973,ec9612bab2ff2822,48,transfer,explored=19|split=10|dead_end=9|unresolved=10,feefc8c0f51b25be,b7e4c826cbe02e8f,REQUIRED_NOT_CONNECTED
action,3,source,balanced,conservative,34b935d873155973,ec9612bab2ff2822,48,forge,explored=19|split=10|dead_end=9|unresolved=10,feefc8c0f51b25be,b7e4c826cbe02e8f,REQUIRED_NOT_CONNECTED
action,3,source,balanced,conservative,34b935d873155973,ec9612bab2ff2822,48,observe,explored=19|split=10|dead_end=9|unresolved=10,feefc8c0f51b25be,b7e4c826cbe02e8f,REQUIRED_NOT_CONNECTED
action,3,source,balanced,conservative,34b935d873155973,ec9612bab2ff2822,48,repair,explored=19|split=10|dead_end=9|unresolved=10,feefc8c0f51b25be,b7e4c826cbe02e8f,REQUIRED_NOT_CONNECTED
action,3,source,balanced,conservative,34b935d873155973,ec9612bab2ff2822,48,discriminate,explored=19|split=10|dead_end=9|unresolved=10,feefc8c0f51b25be,b7e4c826cbe02e8f,REQUIRED_NOT_CONNECTED
action,3,source,balanced,conservative,34b935d873155973,ec9612bab2ff2822,48,transfer,explored=19|split=10|dead_end=9|unresolved=10,feefc8c0f51b25be,b7e4c826cbe02e8f,REQUIRED_NOT_CONNECTED
action,3,source,balanced,conservative,34b935d873155973,ec9612bab2ff2822,48,forge,explored=19|split=10|dead_end=9|unresolved=10,feefc8c0f51b25be,b7e4c826cbe02e8f,REQUIRED_NOT_CONNECTED
action,3,source,balanced,conservative,34b935d873155973,ec9612bab2ff2822,48,observe,explored=19|split=10|dead_end=9|unresolved=10,feefc8c0f51b25be,b7e4c826cbe02e8f,REQUIRED_NOT_CONNECTED
action,3,source,balanced,conservative,34b935d873155973,ec9612bab2ff2822,48,repair,explored=19|split=10|dead_end=9|unresolved=10,feefc8c0f51b25be,b7e4c826cbe02e8f,REQUIRED_NOT_CONNECTED
action,3,source,balanced,conservative,34b935d873155973,ec9612bab2ff2822,48,discriminate,explored=19|split=10|dead_end=9|unresolved=10,feefc8c0f51b25be,b7e4c826cbe02e8f,REQUIRED_NOT_CONNECTED
action,3,source,balanced,conservative,34b935d873155973,ec9612bab2ff2822,48,transfer,explored=19|split=10|dead_end=9|unresolved=10,feefc8c0f51b25be,b7e4c826cbe02e8f,REQUIRED_NOT_CONNECTED
action,3,source,balanced,conservative,34b935d873155973,ec9612bab2ff2822,48,forge,explored=19|split=10|dead_end=9|unresolved=10,feefc8c0f51b25be,b7e4c826cbe02e8f,REQUIRED_NOT_CONNECTED
action,3,source,balanced,conservative,34b935d873155973,ec9612bab2ff2822,48,observe,explored=19|split=10|dead_end=9|unresolved=10,feefc8c0f51b25be,b7e4c826cbe02e8f,REQUIRED_NOT_CONNECTED
action,3,source,balanced,conservative,34b935d873155973,ec9612bab2ff2822,48,repair,explored=19|split=10|dead_end=9|unresolved=10,feefc8c0f51b25be,b7e4c826cbe02e8f,REQUIRED_NOT_CONNECTED
action,3,source,balanced,conservative,34b935d873155973,ec9612bab2ff2822,48,discriminate,explored=19|split=10|dead_end=9|unresolved=10,feefc8c0f51b25be,b7e4c826cbe02e8f,REQUIRED_NOT_CONNECTED
action,3,source,balanced,conservative,34b935d873155973,ec9612bab2ff2822,48,transfer,explored=19|split=10|dead_end=9|unresolved=10,feefc8c0f51b25be,b7e4c826cbe02e8f,REQUIRED_NOT_CONNECTED
action,3,source,balanced,conservative,34b935d873155973,ec9612bab2ff2822,48,forge,explored=19|split=10|dead_end=9|unresolved=10,feefc8c0f51b25be,b7e4c826cbe02e8f,REQUIRED_NOT_CONNECTED
action,3,source,balanced,conservative,34b935d873155973,ec9612bab2ff2822,48,observe,explored=19|split=10|dead_end=9|unresolved=10,feefc8c0f51b25be,b7e4c826cbe02e8f,REQUIRED_NOT_CONNECTED
action,3,source,balanced,conservative,34b935d873155973,ec9612bab2ff2822,48,repair,explored=19|split=10|dead_end=9|unresolved=10,feefc8c0f51b25be,b7e4c826cbe02e8f,REQUIRED_NOT_CONNECTED
action,3,source,balanced,conservative,34b935d873155973,ec9612bab2ff2822,48,discriminate,explored=19|split=10|dead_end=9|unresolved=10,feefc8c0f51b25be,b7e4c826cbe02e8f,REQUIRED_NOT_CONNECTED
action,3,source,balanced,conservative,34b935d873155973,ec9612bab2ff2822,48,transfer,explored=19|split=10|dead_end=9|unresolved=10,feefc8c0f51b25be,b7e4c826cbe02e8f,REQUIRED_NOT_CONNECTED
action,3,source,balanced,conservative,34b935d873155973,ec9612bab2ff2822,48,forge,explored=19|split=10|dead_end=9|unresolved=10,feefc8c0f51b25be,b7e4c826cbe02e8f,REQUIRED_NOT_CONNECTED
action,3,source,balanced,conservative,34b935d873155973,ec9612bab2ff2822,48,observe,explored=19|split=10|dead_end=9|unresolved=10,feefc8c0f51b25be,b7e4c826cbe02e8f,REQUIRED_NOT_CONNECTED
action,3,source,balanced,conservative,34b935d873155973,ec9612bab2ff2822,48,repair,explored=19|split=10|dead_end=9|unresolved=10,feefc8c0f51b25be,b7e4c826cbe02e8f,REQUIRED_NOT_CONNECTED
action,3,source,balanced,conservative,34b935d873155973,ec9612bab2ff2822,48,discriminate,explored=19|split=10|dead_end=9|unresolved=10,feefc8c0f51b25be,b7e4c826cbe02e8f,REQUIRED_NOT_CONNECTED
action,3,source,balanced,conservative,34b935d873155973,ec9612bab2ff2822,48,transfer,explored=19|split=10|dead_end=9|unresolved=10,feefc8c0f51b25be,b7e4c826cbe02e8f,REQUIRED_NOT_CONNECTED
action,3,source,balanced,conservative,34b935d873155973,ec9612bab2ff2822,48,forge,explored=19|split=10|dead_end=9|unresolved=10,feefc8c0f51b25be,b7e4c826cbe02e8f,REQUIRED_NOT_CONNECTED
action,3,source,balanced,conservative,34b935d873155973,ec9612bab2ff2822,48,observe,explored=19|split=10|dead_end=9|unresolved=10,feefc8c0f51b25be,b7e4c826cbe02e8f,REQUIRED_NOT_CONNECTED
action,3,source,balanced,conservative,34b935d873155973,ec9612bab2ff2822,48,repair,explored=19|split=10|dead_end=9|unresolved=10,feefc8c0f51b25be,b7e4c826cbe02e8f,REQUIRED_NOT_CONNECTED
action,3,source,balanced,conservative,34b935d873155973,ec9612bab2ff2822,48,discriminate,explored=19|split=10|dead_end=9|unresolved=10,feefc8c0f51b25be,b7e4c826cbe02e8f,REQUIRED_NOT_CONNECTED
action,3,source,balanced,conservative,34b935d873155973,ec9612bab2ff2822,48,transfer,explored=19|split=10|dead_end=9|unresolved=10,feefc8c0f51b25be,b7e4c826cbe02e8f,REQUIRED_NOT_CONNECTED
action,3,source,balanced,conservative,34b935d873155973,ec9612bab2ff2822,48,forge,explored=19|split=10|dead_end=9|unresolved=10,feefc8c0f51b25be,b7e4c826cbe02e8f,REQUIRED_NOT_CONNECTED
action,3,source,balanced,conservative,34b935d873155973,ec9612bab2ff2822,48,observe,explored=19|split=10|dead_end=9|unresolved=10,feefc8c0f51b25be,b7e4c826cbe02e8f,REQUIRED_NOT_CONNECTED
action,3,source,balanced,conservative,34b935d873155973,ec9612bab2ff2822,48,repair,explored=19|split=10|dead_end=9|unresolved=10,feefc8c0f51b25be,b7e4c826cbe02e8f,REQUIRED_NOT_CONNECTED
action,3,source,balanced,conservative,34b935d873155973,ec9612bab2ff2822,48,discriminate,explored=19|split=10|dead_end=9|unresolved=10,feefc8c0f51b25be,b7e4c826cbe02e8f,REQUIRED_NOT_CONNECTED
action,3,source,balanced,conservative,34b935d873155973,ec9612bab2ff2822,48,transfer,explored=19|split=10|dead_end=9|unresolved=10,feefc8c0f51b25be,b7e4c826cbe02e8f,REQUIRED_NOT_CONNECTED
action,3,source,balanced,conservative,34b935d873155973,ec9612bab2ff2822,48,forge,explored=19|split=10|dead_end=9|unresolved=10,feefc8c0f51b25be,b7e4c826cbe02e8f,REQUIRED_NOT_CONNECTED
action,4,source,balanced,balanced,d72355ec695e8be2,ec9612bab2ff2822,48,repair,explored=19|split=10|dead_end=10|unresolved=9,68f96482c1b652e8,cf9e2cacae724f8,REQUIRED_NOT_CONNECTED
action,4,source,balanced,balanced,d72355ec695e8be2,ec9612bab2ff2822,48,discriminate,explored=19|split=10|dead_end=10|unresolved=9,68f96482c1b652e8,cf9e2cacae724f8,REQUIRED_NOT_CONNECTED
action,4,source,balanced,balanced,d72355ec695e8be2,ec9612bab2ff2822,48,transfer,explored=19|split=10|dead_end=10|unresolved=9,68f96482c1b652e8,cf9e2cacae724f8,REQUIRED_NOT_CONNECTED
action,4,source,balanced,balanced,d72355ec695e8be2,ec9612bab2ff2822,48,forge,explored=19|split=10|dead_end=10|unresolved=9,68f96482c1b652e8,cf9e2cacae724f8,REQUIRED_NOT_CONNECTED
action,4,source,balanced,balanced,d72355ec695e8be2,ec9612bab2ff2822,48,observe,explored=19|split=10|dead_end=10|unresolved=9,68f96482c1b652e8,cf9e2cacae724f8,REQUIRED_NOT_CONNECTED
action,4,source,balanced,balanced,d72355ec695e8be2,ec9612bab2ff2822,48,repair,explored=19|split=10|dead_end=10|unresolved=9,68f96482c1b652e8,cf9e2cacae724f8,REQUIRED_NOT_CONNECTED
action,4,source,balanced,balanced,d72355ec695e8be2,ec9612bab2ff2822,48,discriminate,explored=19|split=10|dead_end=10|unresolved=9,68f96482c1b652e8,cf9e2cacae724f8,REQUIRED_NOT_CONNECTED
action,4,source,balanced,balanced,d72355ec695e8be2,ec9612bab2ff2822,48,transfer,explored=19|split=10|dead_end=10|unresolved=9,68f96482c1b652e8,cf9e2cacae724f8,REQUIRED_NOT_CONNECTED
action,4,source,balanced,balanced,d72355ec695e8be2,ec9612bab2ff2822,48,forge,explored=19|split=10|dead_end=10|unresolved=9,68f96482c1b652e8,cf9e2cacae724f8,REQUIRED_NOT_CONNECTED
action,4,source,balanced,balanced,d72355ec695e8be2,ec9612bab2ff2822,48,observe,explored=19|split=10|dead_end=10|unresolved=9,68f96482c1b652e8,cf9e2cacae724f8,REQUIRED_NOT_CONNECTED
action,4,source,balanced,balanced,d72355ec695e8be2,ec9612bab2ff2822,48,repair,explored=19|split=10|dead_end=10|unresolved=9,68f96482c1b652e8,cf9e2cacae724f8,REQUIRED_NOT_CONNECTED
action,4,source,balanced,balanced,d72355ec695e8be2,ec9612bab2ff2822,48,discriminate,explored=19|split=10|dead_end=10|unresolved=9,68f96482c1b652e8,cf9e2cacae724f8,REQUIRED_NOT_CONNECTED
action,4,source,balanced,balanced,d72355ec695e8be2,ec9612bab2ff2822,48,transfer,explored=19|split=10|dead_end=10|unresolved=9,68f96482c1b652e8,cf9e2cacae724f8,REQUIRED_NOT_CONNECTED
action,4,source,balanced,balanced,d72355ec695e8be2,ec9612bab2ff2822,48,forge,explored=19|split=10|dead_end=10|unresolved=9,68f96482c1b652e8,cf9e2cacae724f8,REQUIRED_NOT_CONNECTED
action,4,source,balanced,balanced,d72355ec695e8be2,ec9612bab2ff2822,48,observe,explored=19|split=10|dead_end=10|unresolved=9,68f96482c1b652e8,cf9e2cacae724f8,REQUIRED_NOT_CONNECTED
action,4,source,balanced,balanced,d72355ec695e8be2,ec9612bab2ff2822,48,repair,explored=19|split=10|dead_end=10|unresolved=9,68f96482c1b652e8,cf9e2cacae724f8,REQUIRED_NOT_CONNECTED
action,4,source,balanced,balanced,d72355ec695e8be2,ec9612bab2ff2822,48,discriminate,explored=19|split=10|dead_end=10|unresolved=9,68f96482c1b652e8,cf9e2cacae724f8,REQUIRED_NOT_CONNECTED
action,4,source,balanced,balanced,d72355ec695e8be2,ec9612bab2ff2822,48,transfer,explored=19|split=10|dead_end=10|unresolved=9,68f96482c1b652e8,cf9e2cacae724f8,REQUIRED_NOT_CONNECTED
action,4,source,balanced,balanced,d72355ec695e8be2,ec9612bab2ff2822,48,forge,explored=19|split=10|dead_end=10|unresolved=9,68f96482c1b652e8,cf9e2cacae724f8,REQUIRED_NOT_CONNECTED
action,4,source,balanced,balanced,d72355ec695e8be2,ec9612bab2ff2822,48,observe,explored=19|split=10|dead_end=10|unresolved=9,68f96482c1b652e8,cf9e2cacae724f8,REQUIRED_NOT_CONNECTED
action,4,source,balanced,balanced,d72355ec695e8be2,ec9612bab2ff2822,48,repair,explored=19|split=10|dead_end=10|unresolved=9,68f96482c1b652e8,cf9e2cacae724f8,REQUIRED_NOT_CONNECTED
action,4,source,balanced,balanced,d72355ec695e8be2,ec9612bab2ff2822,48,discriminate,explored=19|split=10|dead_end=10|unresolved=9,68f96482c1b652e8,cf9e2cacae724f8,REQUIRED_NOT_CONNECTED
action,4,source,balanced,balanced,d72355ec695e8be2,ec9612bab2ff2822,48,transfer,explored=19|split=10|dead_end=10|unresolved=9,68f96482c1b652e8,cf9e2cacae724f8,REQUIRED_NOT_CONNECTED
action,4,source,balanced,balanced,d72355ec695e8be2,ec9612bab2ff2822,48,forge,explored=19|split=10|dead_end=10|unresolved=9,68f96482c1b652e8,cf9e2cacae724f8,REQUIRED_NOT_CONNECTED
action,4,source,balanced,balanced,d72355ec695e8be2,ec9612bab2ff2822,48,observe,explored=19|split=10|dead_end=10|unresolved=9,68f96482c1b652e8,cf9e2cacae724f8,REQUIRED_NOT_CONNECTED
action,4,source,balanced,balanced,d72355ec695e8be2,ec9612bab2ff2822,48,repair,explored=19|split=10|dead_end=10|unresolved=9,68f96482c1b652e8,cf9e2cacae724f8,REQUIRED_NOT_CONNECTED
action,4,source,balanced,balanced,d72355ec695e8be2,ec9612bab2ff2822,48,discriminate,explored=19|split=10|dead_end=10|unresolved=9,68f96482c1b652e8,cf9e2cacae724f8,REQUIRED_NOT_CONNECTED
action,4,source,balanced,balanced,d72355ec695e8be2,ec9612bab2ff2822,48,transfer,explored=19|split=10|dead_end=10|unresolved=9,68f96482c1b652e8,cf9e2cacae724f8,REQUIRED_NOT_CONNECTED
action,4,source,balanced,balanced,d72355ec695e8be2,ec9612bab2ff2822,48,forge,explored=19|split=10|dead_end=10|unresolved=9,68f96482c1b652e8,cf9e2cacae724f8,REQUIRED_NOT_CONNECTED
action,4,source,balanced,balanced,d72355ec695e8be2,ec9612bab2ff2822,48,observe,explored=19|split=10|dead_end=10|unresolved=9,68f96482c1b652e8,cf9e2cacae724f8,REQUIRED_NOT_CONNECTED
action,4,source,balanced,balanced,d72355ec695e8be2,ec9612bab2ff2822,48,repair,explored=19|split=10|dead_end=10|unresolved=9,68f96482c1b652e8,cf9e2cacae724f8,REQUIRED_NOT_CONNECTED
action,4,source,balanced,balanced,d72355ec695e8be2,ec9612bab2ff2822,48,discriminate,explored=19|split=10|dead_end=10|unresolved=9,68f96482c1b652e8,cf9e2cacae724f8,REQUIRED_NOT_CONNECTED
action,4,source,balanced,balanced,d72355ec695e8be2,ec9612bab2ff2822,48,transfer,explored=19|split=10|dead_end=10|unresolved=9,68f96482c1b652e8,cf9e2cacae724f8,REQUIRED_NOT_CONNECTED
action,4,source,balanced,balanced,d72355ec695e8be2,ec9612bab2ff2822,48,forge,explored=19|split=10|dead_end=10|unresolved=9,68f96482c1b652e8,cf9e2cacae724f8,REQUIRED_NOT_CONNECTED
action,4,source,balanced,balanced,d72355ec695e8be2,ec9612bab2ff2822,48,observe,explored=19|split=10|dead_end=10|unresolved=9,68f96482c1b652e8,cf9e2cacae724f8,REQUIRED_NOT_CONNECTED
action,4,source,balanced,balanced,d72355ec695e8be2,ec9612bab2ff2822,48,repair,explored=19|split=10|dead_end=10|unresolved=9,68f96482c1b652e8,cf9e2cacae724f8,REQUIRED_NOT_CONNECTED
action,4,source,balanced,balanced,d72355ec695e8be2,ec9612bab2ff2822,48,discriminate,explored=19|split=10|dead_end=10|unresolved=9,68f96482c1b652e8,cf9e2cacae724f8,REQUIRED_NOT_CONNECTED
action,4,source,balanced,balanced,d72355ec695e8be2,ec9612bab2ff2822,48,transfer,explored=19|split=10|dead_end=10|unresolved=9,68f96482c1b652e8,cf9e2cacae724f8,REQUIRED_NOT_CONNECTED
action,4,source,balanced,balanced,d72355ec695e8be2,ec9612bab2ff2822,48,forge,explored=19|split=10|dead_end=10|unresolved=9,68f96482c1b652e8,cf9e2cacae724f8,REQUIRED_NOT_CONNECTED
action,4,source,balanced,balanced,d72355ec695e8be2,ec9612bab2ff2822,48,observe,explored=19|split=10|dead_end=10|unresolved=9,68f96482c1b652e8,cf9e2cacae724f8,REQUIRED_NOT_CONNECTED
action,4,source,balanced,balanced,d72355ec695e8be2,ec9612bab2ff2822,48,repair,explored=19|split=10|dead_end=10|unresolved=9,68f96482c1b652e8,cf9e2cacae724f8,REQUIRED_NOT_CONNECTED
action,4,source,balanced,balanced,d72355ec695e8be2,ec9612bab2ff2822,48,discriminate,explored=19|split=10|dead_end=10|unresolved=9,68f96482c1b652e8,cf9e2cacae724f8,REQUIRED_NOT_CONNECTED
action,4,source,balanced,balanced,d72355ec695e8be2,ec9612bab2ff2822,48,transfer,explored=19|split=10|dead_end=10|unresolved=9,68f96482c1b652e8,cf9e2cacae724f8,REQUIRED_NOT_CONNECTED
action,4,source,balanced,balanced,d72355ec695e8be2,ec9612bab2ff2822,48,forge,explored=19|split=10|dead_end=10|unresolved=9,68f96482c1b652e8,cf9e2cacae724f8,REQUIRED_NOT_CONNECTED
action,4,source,balanced,balanced,d72355ec695e8be2,ec9612bab2ff2822,48,observe,explored=19|split=10|dead_end=10|unresolved=9,68f96482c1b652e8,cf9e2cacae724f8,REQUIRED_NOT_CONNECTED
action,4,source,balanced,balanced,d72355ec695e8be2,ec9612bab2ff2822,48,repair,explored=19|split=10|dead_end=10|unresolved=9,68f96482c1b652e8,cf9e2cacae724f8,REQUIRED_NOT_CONNECTED
action,4,source,balanced,balanced,d72355ec695e8be2,ec9612bab2ff2822,48,discriminate,explored=19|split=10|dead_end=10|unresolved=9,68f96482c1b652e8,cf9e2cacae724f8,REQUIRED_NOT_CONNECTED
action,4,source,balanced,balanced,d72355ec695e8be2,ec9612bab2ff2822,48,transfer,explored=19|split=10|dead_end=10|unresolved=9,68f96482c1b652e8,cf9e2cacae724f8,REQUIRED_NOT_CONNECTED
action,5,source,balanced,experimental,75cc0f5decb47fa4,ec9612bab2ff2822,48,observe,explored=19|split=10|dead_end=10|unresolved=9,601f168971632f96,a2557291f7932884,REQUIRED_NOT_CONNECTED
action,5,source,balanced,experimental,75cc0f5decb47fa4,ec9612bab2ff2822,48,repair,explored=19|split=10|dead_end=10|unresolved=9,601f168971632f96,a2557291f7932884,REQUIRED_NOT_CONNECTED
action,5,source,balanced,experimental,75cc0f5decb47fa4,ec9612bab2ff2822,48,discriminate,explored=19|split=10|dead_end=10|unresolved=9,601f168971632f96,a2557291f7932884,REQUIRED_NOT_CONNECTED
action,5,source,balanced,experimental,75cc0f5decb47fa4,ec9612bab2ff2822,48,transfer,explored=19|split=10|dead_end=10|unresolved=9,601f168971632f96,a2557291f7932884,REQUIRED_NOT_CONNECTED
action,5,source,balanced,experimental,75cc0f5decb47fa4,ec9612bab2ff2822,48,forge,explored=19|split=10|dead_end=10|unresolved=9,601f168971632f96,a2557291f7932884,REQUIRED_NOT_CONNECTED
action,5,source,balanced,experimental,75cc0f5decb47fa4,ec9612bab2ff2822,48,observe,explored=19|split=10|dead_end=10|unresolved=9,601f168971632f96,a2557291f7932884,REQUIRED_NOT_CONNECTED
action,5,source,balanced,experimental,75cc0f5decb47fa4,ec9612bab2ff2822,48,repair,explored=19|split=10|dead_end=10|unresolved=9,601f168971632f96,a2557291f7932884,REQUIRED_NOT_CONNECTED
action,5,source,balanced,experimental,75cc0f5decb47fa4,ec9612bab2ff2822,48,discriminate,explored=19|split=10|dead_end=10|unresolved=9,601f168971632f96,a2557291f7932884,REQUIRED_NOT_CONNECTED
action,5,source,balanced,experimental,75cc0f5decb47fa4,ec9612bab2ff2822,48,transfer,explored=19|split=10|dead_end=10|unresolved=9,601f168971632f96,a2557291f7932884,REQUIRED_NOT_CONNECTED
action,5,source,balanced,experimental,75cc0f5decb47fa4,ec9612bab2ff2822,48,forge,explored=19|split=10|dead_end=10|unresolved=9,601f168971632f96,a2557291f7932884,REQUIRED_NOT_CONNECTED
action,5,source,balanced,experimental,75cc0f5decb47fa4,ec9612bab2ff2822,48,observe,explored=19|split=10|dead_end=10|unresolved=9,601f168971632f96,a2557291f7932884,REQUIRED_NOT_CONNECTED
action,5,source,balanced,experimental,75cc0f5decb47fa4,ec9612bab2ff2822,48,repair,explored=19|split=10|dead_end=10|unresolved=9,601f168971632f96,a2557291f7932884,REQUIRED_NOT_CONNECTED
action,5,source,balanced,experimental,75cc0f5decb47fa4,ec9612bab2ff2822,48,discriminate,explored=19|split=10|dead_end=10|unresolved=9,601f168971632f96,a2557291f7932884,REQUIRED_NOT_CONNECTED
action,5,source,balanced,experimental,75cc0f5decb47fa4,ec9612bab2ff2822,48,transfer,explored=19|split=10|dead_end=10|unresolved=9,601f168971632f96,a2557291f7932884,REQUIRED_NOT_CONNECTED
action,5,source,balanced,experimental,75cc0f5decb47fa4,ec9612bab2ff2822,48,forge,explored=19|split=10|dead_end=10|unresolved=9,601f168971632f96,a2557291f7932884,REQUIRED_NOT_CONNECTED
action,5,source,balanced,experimental,75cc0f5decb47fa4,ec9612bab2ff2822,48,observe,explored=19|split=10|dead_end=10|unresolved=9,601f168971632f96,a2557291f7932884,REQUIRED_NOT_CONNECTED
action,5,source,balanced,experimental,75cc0f5decb47fa4,ec9612bab2ff2822,48,repair,explored=19|split=10|dead_end=10|unresolved=9,601f168971632f96,a2557291f7932884,REQUIRED_NOT_CONNECTED
action,5,source,balanced,experimental,75cc0f5decb47fa4,ec9612bab2ff2822,48,discriminate,explored=19|split=10|dead_end=10|unresolved=9,601f168971632f96,a2557291f7932884,REQUIRED_NOT_CONNECTED
action,5,source,balanced,experimental,75cc0f5decb47fa4,ec9612bab2ff2822,48,transfer,explored=19|split=10|dead_end=10|unresolved=9,601f168971632f96,a2557291f7932884,REQUIRED_NOT_CONNECTED
action,5,source,balanced,experimental,75cc0f5decb47fa4,ec9612bab2ff2822,48,forge,explored=19|split=10|dead_end=10|unresolved=9,601f168971632f96,a2557291f7932884,REQUIRED_NOT_CONNECTED
action,5,source,balanced,experimental,75cc0f5decb47fa4,ec9612bab2ff2822,48,observe,explored=19|split=10|dead_end=10|unresolved=9,601f168971632f96,a2557291f7932884,REQUIRED_NOT_CONNECTED
action,5,source,balanced,experimental,75cc0f5decb47fa4,ec9612bab2ff2822,48,repair,explored=19|split=10|dead_end=10|unresolved=9,601f168971632f96,a2557291f7932884,REQUIRED_NOT_CONNECTED
action,5,source,balanced,experimental,75cc0f5decb47fa4,ec9612bab2ff2822,48,discriminate,explored=19|split=10|dead_end=10|unresolved=9,601f168971632f96,a2557291f7932884,REQUIRED_NOT_CONNECTED
action,5,source,balanced,experimental,75cc0f5decb47fa4,ec9612bab2ff2822,48,transfer,explored=19|split=10|dead_end=10|unresolved=9,601f168971632f96,a2557291f7932884,REQUIRED_NOT_CONNECTED
action,5,source,balanced,experimental,75cc0f5decb47fa4,ec9612bab2ff2822,48,forge,explored=19|split=10|dead_end=10|unresolved=9,601f168971632f96,a2557291f7932884,REQUIRED_NOT_CONNECTED
action,5,source,balanced,experimental,75cc0f5decb47fa4,ec9612bab2ff2822,48,observe,explored=19|split=10|dead_end=10|unresolved=9,601f168971632f96,a2557291f7932884,REQUIRED_NOT_CONNECTED
action,5,source,balanced,experimental,75cc0f5decb47fa4,ec9612bab2ff2822,48,repair,explored=19|split=10|dead_end=10|unresolved=9,601f168971632f96,a2557291f7932884,REQUIRED_NOT_CONNECTED
action,5,source,balanced,experimental,75cc0f5decb47fa4,ec9612bab2ff2822,48,discriminate,explored=19|split=10|dead_end=10|unresolved=9,601f168971632f96,a2557291f7932884,REQUIRED_NOT_CONNECTED
action,5,source,balanced,experimental,75cc0f5decb47fa4,ec9612bab2ff2822,48,transfer,explored=19|split=10|dead_end=10|unresolved=9,601f168971632f96,a2557291f7932884,REQUIRED_NOT_CONNECTED
action,5,source,balanced,experimental,75cc0f5decb47fa4,ec9612bab2ff2822,48,forge,explored=19|split=10|dead_end=10|unresolved=9,601f168971632f96,a2557291f7932884,REQUIRED_NOT_CONNECTED
action,5,source,balanced,experimental,75cc0f5decb47fa4,ec9612bab2ff2822,48,observe,explored=19|split=10|dead_end=10|unresolved=9,601f168971632f96,a2557291f7932884,REQUIRED_NOT_CONNECTED
action,5,source,balanced,experimental,75cc0f5decb47fa4,ec9612bab2ff2822,48,repair,explored=19|split=10|dead_end=10|unresolved=9,601f168971632f96,a2557291f7932884,REQUIRED_NOT_CONNECTED
action,5,source,balanced,experimental,75cc0f5decb47fa4,ec9612bab2ff2822,48,discriminate,explored=19|split=10|dead_end=10|unresolved=9,601f168971632f96,a2557291f7932884,REQUIRED_NOT_CONNECTED
action,5,source,balanced,experimental,75cc0f5decb47fa4,ec9612bab2ff2822,48,transfer,explored=19|split=10|dead_end=10|unresolved=9,601f168971632f96,a2557291f7932884,REQUIRED_NOT_CONNECTED
action,5,source,balanced,experimental,75cc0f5decb47fa4,ec9612bab2ff2822,48,forge,explored=19|split=10|dead_end=10|unresolved=9,601f168971632f96,a2557291f7932884,REQUIRED_NOT_CONNECTED
action,5,source,balanced,experimental,75cc0f5decb47fa4,ec9612bab2ff2822,48,observe,explored=19|split=10|dead_end=10|unresolved=9,601f168971632f96,a2557291f7932884,REQUIRED_NOT_CONNECTED
action,5,source,balanced,experimental,75cc0f5decb47fa4,ec9612bab2ff2822,48,repair,explored=19|split=10|dead_end=10|unresolved=9,601f168971632f96,a2557291f7932884,REQUIRED_NOT_CONNECTED
action,5,source,balanced,experimental,75cc0f5decb47fa4,ec9612bab2ff2822,48,discriminate,explored=19|split=10|dead_end=10|unresolved=9,601f168971632f96,a2557291f7932884,REQUIRED_NOT_CONNECTED
action,5,source,balanced,experimental,75cc0f5decb47fa4,ec9612bab2ff2822,48,transfer,explored=19|split=10|dead_end=10|unresolved=9,601f168971632f96,a2557291f7932884,REQUIRED_NOT_CONNECTED
action,5,source,balanced,experimental,75cc0f5decb47fa4,ec9612bab2ff2822,48,forge,explored=19|split=10|dead_end=10|unresolved=9,601f168971632f96,a2557291f7932884,REQUIRED_NOT_CONNECTED
action,5,source,balanced,experimental,75cc0f5decb47fa4,ec9612bab2ff2822,48,observe,explored=19|split=10|dead_end=10|unresolved=9,601f168971632f96,a2557291f7932884,REQUIRED_NOT_CONNECTED
action,5,source,balanced,experimental,75cc0f5decb47fa4,ec9612bab2ff2822,48,repair,explored=19|split=10|dead_end=10|unresolved=9,601f168971632f96,a2557291f7932884,REQUIRED_NOT_CONNECTED
action,5,source,balanced,experimental,75cc0f5decb47fa4,ec9612bab2ff2822,48,discriminate,explored=19|split=10|dead_end=10|unresolved=9,601f168971632f96,a2557291f7932884,REQUIRED_NOT_CONNECTED
action,5,source,balanced,experimental,75cc0f5decb47fa4,ec9612bab2ff2822,48,transfer,explored=19|split=10|dead_end=10|unresolved=9,601f168971632f96,a2557291f7932884,REQUIRED_NOT_CONNECTED
action,5,source,balanced,experimental,75cc0f5decb47fa4,ec9612bab2ff2822,48,forge,explored=19|split=10|dead_end=10|unresolved=9,601f168971632f96,a2557291f7932884,REQUIRED_NOT_CONNECTED
action,5,source,balanced,experimental,75cc0f5decb47fa4,ec9612bab2ff2822,48,observe,explored=19|split=10|dead_end=10|unresolved=9,601f168971632f96,a2557291f7932884,REQUIRED_NOT_CONNECTED
action,5,source,balanced,experimental,75cc0f5decb47fa4,ec9612bab2ff2822,48,repair,explored=19|split=10|dead_end=10|unresolved=9,601f168971632f96,a2557291f7932884,REQUIRED_NOT_CONNECTED
action,5,source,balanced,experimental,75cc0f5decb47fa4,ec9612bab2ff2822,48,discriminate,explored=19|split=10|dead_end=10|unresolved=9,601f168971632f96,a2557291f7932884,REQUIRED_NOT_CONNECTED
action,6,source,depth_repair,conservative,3cd215de22845276,ec9612bab2ff2822,48,forge,explored=19|split=10|dead_end=9|unresolved=10,729c16a7b17290f,75addb5d688d80b2,REQUIRED_NOT_CONNECTED
action,6,source,depth_repair,conservative,3cd215de22845276,ec9612bab2ff2822,48,discriminate,explored=19|split=10|dead_end=9|unresolved=10,729c16a7b17290f,75addb5d688d80b2,REQUIRED_NOT_CONNECTED
action,6,source,depth_repair,conservative,3cd215de22845276,ec9612bab2ff2822,48,observe,explored=19|split=10|dead_end=9|unresolved=10,729c16a7b17290f,75addb5d688d80b2,REQUIRED_NOT_CONNECTED
action,6,source,depth_repair,conservative,3cd215de22845276,ec9612bab2ff2822,48,transfer,explored=19|split=10|dead_end=9|unresolved=10,729c16a7b17290f,75addb5d688d80b2,REQUIRED_NOT_CONNECTED
action,6,source,depth_repair,conservative,3cd215de22845276,ec9612bab2ff2822,48,repair,explored=19|split=10|dead_end=9|unresolved=10,729c16a7b17290f,75addb5d688d80b2,REQUIRED_NOT_CONNECTED
action,6,source,depth_repair,conservative,3cd215de22845276,ec9612bab2ff2822,48,forge,explored=19|split=10|dead_end=9|unresolved=10,729c16a7b17290f,75addb5d688d80b2,REQUIRED_NOT_CONNECTED
action,6,source,depth_repair,conservative,3cd215de22845276,ec9612bab2ff2822,48,discriminate,explored=19|split=10|dead_end=9|unresolved=10,729c16a7b17290f,75addb5d688d80b2,REQUIRED_NOT_CONNECTED
action,6,source,depth_repair,conservative,3cd215de22845276,ec9612bab2ff2822,48,observe,explored=19|split=10|dead_end=9|unresolved=10,729c16a7b17290f,75addb5d688d80b2,REQUIRED_NOT_CONNECTED
action,6,source,depth_repair,conservative,3cd215de22845276,ec9612bab2ff2822,48,transfer,explored=19|split=10|dead_end=9|unresolved=10,729c16a7b17290f,75addb5d688d80b2,REQUIRED_NOT_CONNECTED
action,6,source,depth_repair,conservative,3cd215de22845276,ec9612bab2ff2822,48,repair,explored=19|split=10|dead_end=9|unresolved=10,729c16a7b17290f,75addb5d688d80b2,REQUIRED_NOT_CONNECTED
action,6,source,depth_repair,conservative,3cd215de22845276,ec9612bab2ff2822,48,forge,explored=19|split=10|dead_end=9|unresolved=10,729c16a7b17290f,75addb5d688d80b2,REQUIRED_NOT_CONNECTED
action,6,source,depth_repair,conservative,3cd215de22845276,ec9612bab2ff2822,48,discriminate,explored=19|split=10|dead_end=9|unresolved=10,729c16a7b17290f,75addb5d688d80b2,REQUIRED_NOT_CONNECTED
action,6,source,depth_repair,conservative,3cd215de22845276,ec9612bab2ff2822,48,observe,explored=19|split=10|dead_end=9|unresolved=10,729c16a7b17290f,75addb5d688d80b2,REQUIRED_NOT_CONNECTED
action,6,source,depth_repair,conservative,3cd215de22845276,ec9612bab2ff2822,48,transfer,explored=19|split=10|dead_end=9|unresolved=10,729c16a7b17290f,75addb5d688d80b2,REQUIRED_NOT_CONNECTED
action,6,source,depth_repair,conservative,3cd215de22845276,ec9612bab2ff2822,48,repair,explored=19|split=10|dead_end=9|unresolved=10,729c16a7b17290f,75addb5d688d80b2,REQUIRED_NOT_CONNECTED
action,6,source,depth_repair,conservative,3cd215de22845276,ec9612bab2ff2822,48,forge,explored=19|split=10|dead_end=9|unresolved=10,729c16a7b17290f,75addb5d688d80b2,REQUIRED_NOT_CONNECTED
action,6,source,depth_repair,conservative,3cd215de22845276,ec9612bab2ff2822,48,discriminate,explored=19|split=10|dead_end=9|unresolved=10,729c16a7b17290f,75addb5d688d80b2,REQUIRED_NOT_CONNECTED
action,6,source,depth_repair,conservative,3cd215de22845276,ec9612bab2ff2822,48,observe,explored=19|split=10|dead_end=9|unresolved=10,729c16a7b17290f,75addb5d688d80b2,REQUIRED_NOT_CONNECTED
action,6,source,depth_repair,conservative,3cd215de22845276,ec9612bab2ff2822,48,transfer,explored=19|split=10|dead_end=9|unresolved=10,729c16a7b17290f,75addb5d688d80b2,REQUIRED_NOT_CONNECTED
action,6,source,depth_repair,conservative,3cd215de22845276,ec9612bab2ff2822,48,repair,explored=19|split=10|dead_end=9|unresolved=10,729c16a7b17290f,75addb5d688d80b2,REQUIRED_NOT_CONNECTED
action,6,source,depth_repair,conservative,3cd215de22845276,ec9612bab2ff2822,48,forge,explored=19|split=10|dead_end=9|unresolved=10,729c16a7b17290f,75addb5d688d80b2,REQUIRED_NOT_CONNECTED
action,6,source,depth_repair,conservative,3cd215de22845276,ec9612bab2ff2822,48,discriminate,explored=19|split=10|dead_end=9|unresolved=10,729c16a7b17290f,75addb5d688d80b2,REQUIRED_NOT_CONNECTED
action,6,source,depth_repair,conservative,3cd215de22845276,ec9612bab2ff2822,48,observe,explored=19|split=10|dead_end=9|unresolved=10,729c16a7b17290f,75addb5d688d80b2,REQUIRED_NOT_CONNECTED
action,6,source,depth_repair,conservative,3cd215de22845276,ec9612bab2ff2822,48,transfer,explored=19|split=10|dead_end=9|unresolved=10,729c16a7b17290f,75addb5d688d80b2,REQUIRED_NOT_CONNECTED
action,6,source,depth_repair,conservative,3cd215de22845276,ec9612bab2ff2822,48,repair,explored=19|split=10|dead_end=9|unresolved=10,729c16a7b17290f,75addb5d688d80b2,REQUIRED_NOT_CONNECTED
action,6,source,depth_repair,conservative,3cd215de22845276,ec9612bab2ff2822,48,forge,explored=19|split=10|dead_end=9|unresolved=10,729c16a7b17290f,75addb5d688d80b2,REQUIRED_NOT_CONNECTED
action,6,source,depth_repair,conservative,3cd215de22845276,ec9612bab2ff2822,48,discriminate,explored=19|split=10|dead_end=9|unresolved=10,729c16a7b17290f,75addb5d688d80b2,REQUIRED_NOT_CONNECTED
action,6,source,depth_repair,conservative,3cd215de22845276,ec9612bab2ff2822,48,observe,explored=19|split=10|dead_end=9|unresolved=10,729c16a7b17290f,75addb5d688d80b2,REQUIRED_NOT_CONNECTED
action,6,source,depth_repair,conservative,3cd215de22845276,ec9612bab2ff2822,48,transfer,explored=19|split=10|dead_end=9|unresolved=10,729c16a7b17290f,75addb5d688d80b2,REQUIRED_NOT_CONNECTED
action,6,source,depth_repair,conservative,3cd215de22845276,ec9612bab2ff2822,48,repair,explored=19|split=10|dead_end=9|unresolved=10,729c16a7b17290f,75addb5d688d80b2,REQUIRED_NOT_CONNECTED
action,6,source,depth_repair,conservative,3cd215de22845276,ec9612bab2ff2822,48,forge,explored=19|split=10|dead_end=9|unresolved=10,729c16a7b17290f,75addb5d688d80b2,REQUIRED_NOT_CONNECTED
action,6,source,depth_repair,conservative,3cd215de22845276,ec9612bab2ff2822,48,discriminate,explored=19|split=10|dead_end=9|unresolved=10,729c16a7b17290f,75addb5d688d80b2,REQUIRED_NOT_CONNECTED
action,6,source,depth_repair,conservative,3cd215de22845276,ec9612bab2ff2822,48,observe,explored=19|split=10|dead_end=9|unresolved=10,729c16a7b17290f,75addb5d688d80b2,REQUIRED_NOT_CONNECTED
action,6,source,depth_repair,conservative,3cd215de22845276,ec9612bab2ff2822,48,transfer,explored=19|split=10|dead_end=9|unresolved=10,729c16a7b17290f,75addb5d688d80b2,REQUIRED_NOT_CONNECTED
action,6,source,depth_repair,conservative,3cd215de22845276,ec9612bab2ff2822,48,repair,explored=19|split=10|dead_end=9|unresolved=10,729c16a7b17290f,75addb5d688d80b2,REQUIRED_NOT_CONNECTED
action,6,source,depth_repair,conservative,3cd215de22845276,ec9612bab2ff2822,48,forge,explored=19|split=10|dead_end=9|unresolved=10,729c16a7b17290f,75addb5d688d80b2,REQUIRED_NOT_CONNECTED
action,6,source,depth_repair,conservative,3cd215de22845276,ec9612bab2ff2822,48,discriminate,explored=19|split=10|dead_end=9|unresolved=10,729c16a7b17290f,75addb5d688d80b2,REQUIRED_NOT_CONNECTED
action,6,source,depth_repair,conservative,3cd215de22845276,ec9612bab2ff2822,48,observe,explored=19|split=10|dead_end=9|unresolved=10,729c16a7b17290f,75addb5d688d80b2,REQUIRED_NOT_CONNECTED
action,6,source,depth_repair,conservative,3cd215de22845276,ec9612bab2ff2822,48,transfer,explored=19|split=10|dead_end=9|unresolved=10,729c16a7b17290f,75addb5d688d80b2,REQUIRED_NOT_CONNECTED
action,6,source,depth_repair,conservative,3cd215de22845276,ec9612bab2ff2822,48,repair,explored=19|split=10|dead_end=9|unresolved=10,729c16a7b17290f,75addb5d688d80b2,REQUIRED_NOT_CONNECTED
action,6,source,depth_repair,conservative,3cd215de22845276,ec9612bab2ff2822,48,forge,explored=19|split=10|dead_end=9|unresolved=10,729c16a7b17290f,75addb5d688d80b2,REQUIRED_NOT_CONNECTED
action,6,source,depth_repair,conservative,3cd215de22845276,ec9612bab2ff2822,48,discriminate,explored=19|split=10|dead_end=9|unresolved=10,729c16a7b17290f,75addb5d688d80b2,REQUIRED_NOT_CONNECTED
action,6,source,depth_repair,conservative,3cd215de22845276,ec9612bab2ff2822,48,observe,explored=19|split=10|dead_end=9|unresolved=10,729c16a7b17290f,75addb5d688d80b2,REQUIRED_NOT_CONNECTED
action,6,source,depth_repair,conservative,3cd215de22845276,ec9612bab2ff2822,48,transfer,explored=19|split=10|dead_end=9|unresolved=10,729c16a7b17290f,75addb5d688d80b2,REQUIRED_NOT_CONNECTED
action,6,source,depth_repair,conservative,3cd215de22845276,ec9612bab2ff2822,48,repair,explored=19|split=10|dead_end=9|unresolved=10,729c16a7b17290f,75addb5d688d80b2,REQUIRED_NOT_CONNECTED
action,6,source,depth_repair,conservative,3cd215de22845276,ec9612bab2ff2822,48,forge,explored=19|split=10|dead_end=9|unresolved=10,729c16a7b17290f,75addb5d688d80b2,REQUIRED_NOT_CONNECTED
action,6,source,depth_repair,conservative,3cd215de22845276,ec9612bab2ff2822,48,discriminate,explored=19|split=10|dead_end=9|unresolved=10,729c16a7b17290f,75addb5d688d80b2,REQUIRED_NOT_CONNECTED
action,6,source,depth_repair,conservative,3cd215de22845276,ec9612bab2ff2822,48,observe,explored=19|split=10|dead_end=9|unresolved=10,729c16a7b17290f,75addb5d688d80b2,REQUIRED_NOT_CONNECTED
action,7,source,depth_repair,balanced,1eeb9821deedbbcf,ec9612bab2ff2822,48,transfer,explored=19|split=9|dead_end=10|unresolved=10,e8ea2c692da45736,2d9c87b16c18f35e,REQUIRED_NOT_CONNECTED
action,7,source,depth_repair,balanced,1eeb9821deedbbcf,ec9612bab2ff2822,48,repair,explored=19|split=9|dead_end=10|unresolved=10,e8ea2c692da45736,2d9c87b16c18f35e,REQUIRED_NOT_CONNECTED
action,7,source,depth_repair,balanced,1eeb9821deedbbcf,ec9612bab2ff2822,48,forge,explored=19|split=9|dead_end=10|unresolved=10,e8ea2c692da45736,2d9c87b16c18f35e,REQUIRED_NOT_CONNECTED
action,7,source,depth_repair,balanced,1eeb9821deedbbcf,ec9612bab2ff2822,48,discriminate,explored=19|split=9|dead_end=10|unresolved=10,e8ea2c692da45736,2d9c87b16c18f35e,REQUIRED_NOT_CONNECTED
action,7,source,depth_repair,balanced,1eeb9821deedbbcf,ec9612bab2ff2822,48,observe,explored=19|split=9|dead_end=10|unresolved=10,e8ea2c692da45736,2d9c87b16c18f35e,REQUIRED_NOT_CONNECTED
action,7,source,depth_repair,balanced,1eeb9821deedbbcf,ec9612bab2ff2822,48,transfer,explored=19|split=9|dead_end=10|unresolved=10,e8ea2c692da45736,2d9c87b16c18f35e,REQUIRED_NOT_CONNECTED
action,7,source,depth_repair,balanced,1eeb9821deedbbcf,ec9612bab2ff2822,48,repair,explored=19|split=9|dead_end=10|unresolved=10,e8ea2c692da45736,2d9c87b16c18f35e,REQUIRED_NOT_CONNECTED
action,7,source,depth_repair,balanced,1eeb9821deedbbcf,ec9612bab2ff2822,48,forge,explored=19|split=9|dead_end=10|unresolved=10,e8ea2c692da45736,2d9c87b16c18f35e,REQUIRED_NOT_CONNECTED
action,7,source,depth_repair,balanced,1eeb9821deedbbcf,ec9612bab2ff2822,48,discriminate,explored=19|split=9|dead_end=10|unresolved=10,e8ea2c692da45736,2d9c87b16c18f35e,REQUIRED_NOT_CONNECTED
action,7,source,depth_repair,balanced,1eeb9821deedbbcf,ec9612bab2ff2822,48,observe,explored=19|split=9|dead_end=10|unresolved=10,e8ea2c692da45736,2d9c87b16c18f35e,REQUIRED_NOT_CONNECTED
action,7,source,depth_repair,balanced,1eeb9821deedbbcf,ec9612bab2ff2822,48,transfer,explored=19|split=9|dead_end=10|unresolved=10,e8ea2c692da45736,2d9c87b16c18f35e,REQUIRED_NOT_CONNECTED
action,7,source,depth_repair,balanced,1eeb9821deedbbcf,ec9612bab2ff2822,48,repair,explored=19|split=9|dead_end=10|unresolved=10,e8ea2c692da45736,2d9c87b16c18f35e,REQUIRED_NOT_CONNECTED
action,7,source,depth_repair,balanced,1eeb9821deedbbcf,ec9612bab2ff2822,48,forge,explored=19|split=9|dead_end=10|unresolved=10,e8ea2c692da45736,2d9c87b16c18f35e,REQUIRED_NOT_CONNECTED
action,7,source,depth_repair,balanced,1eeb9821deedbbcf,ec9612bab2ff2822,48,discriminate,explored=19|split=9|dead_end=10|unresolved=10,e8ea2c692da45736,2d9c87b16c18f35e,REQUIRED_NOT_CONNECTED
action,7,source,depth_repair,balanced,1eeb9821deedbbcf,ec9612bab2ff2822,48,observe,explored=19|split=9|dead_end=10|unresolved=10,e8ea2c692da45736,2d9c87b16c18f35e,REQUIRED_NOT_CONNECTED
action,7,source,depth_repair,balanced,1eeb9821deedbbcf,ec9612bab2ff2822,48,transfer,explored=19|split=9|dead_end=10|unresolved=10,e8ea2c692da45736,2d9c87b16c18f35e,REQUIRED_NOT_CONNECTED
action,7,source,depth_repair,balanced,1eeb9821deedbbcf,ec9612bab2ff2822,48,repair,explored=19|split=9|dead_end=10|unresolved=10,e8ea2c692da45736,2d9c87b16c18f35e,REQUIRED_NOT_CONNECTED
action,7,source,depth_repair,balanced,1eeb9821deedbbcf,ec9612bab2ff2822,48,forge,explored=19|split=9|dead_end=10|unresolved=10,e8ea2c692da45736,2d9c87b16c18f35e,REQUIRED_NOT_CONNECTED
action,7,source,depth_repair,balanced,1eeb9821deedbbcf,ec9612bab2ff2822,48,discriminate,explored=19|split=9|dead_end=10|unresolved=10,e8ea2c692da45736,2d9c87b16c18f35e,REQUIRED_NOT_CONNECTED
action,7,source,depth_repair,balanced,1eeb9821deedbbcf,ec9612bab2ff2822,48,observe,explored=19|split=9|dead_end=10|unresolved=10,e8ea2c692da45736,2d9c87b16c18f35e,REQUIRED_NOT_CONNECTED
action,7,source,depth_repair,balanced,1eeb9821deedbbcf,ec9612bab2ff2822,48,transfer,explored=19|split=9|dead_end=10|unresolved=10,e8ea2c692da45736,2d9c87b16c18f35e,REQUIRED_NOT_CONNECTED
action,7,source,depth_repair,balanced,1eeb9821deedbbcf,ec9612bab2ff2822,48,repair,explored=19|split=9|dead_end=10|unresolved=10,e8ea2c692da45736,2d9c87b16c18f35e,REQUIRED_NOT_CONNECTED
action,7,source,depth_repair,balanced,1eeb9821deedbbcf,ec9612bab2ff2822,48,forge,explored=19|split=9|dead_end=10|unresolved=10,e8ea2c692da45736,2d9c87b16c18f35e,REQUIRED_NOT_CONNECTED
action,7,source,depth_repair,balanced,1eeb9821deedbbcf,ec9612bab2ff2822,48,discriminate,explored=19|split=9|dead_end=10|unresolved=10,e8ea2c692da45736,2d9c87b16c18f35e,REQUIRED_NOT_CONNECTED
action,7,source,depth_repair,balanced,1eeb9821deedbbcf,ec9612bab2ff2822,48,observe,explored=19|split=9|dead_end=10|unresolved=10,e8ea2c692da45736,2d9c87b16c18f35e,REQUIRED_NOT_CONNECTED
action,7,source,depth_repair,balanced,1eeb9821deedbbcf,ec9612bab2ff2822,48,transfer,explored=19|split=9|dead_end=10|unresolved=10,e8ea2c692da45736,2d9c87b16c18f35e,REQUIRED_NOT_CONNECTED
action,7,source,depth_repair,balanced,1eeb9821deedbbcf,ec9612bab2ff2822,48,repair,explored=19|split=9|dead_end=10|unresolved=10,e8ea2c692da45736,2d9c87b16c18f35e,REQUIRED_NOT_CONNECTED
action,7,source,depth_repair,balanced,1eeb9821deedbbcf,ec9612bab2ff2822,48,forge,explored=19|split=9|dead_end=10|unresolved=10,e8ea2c692da45736,2d9c87b16c18f35e,REQUIRED_NOT_CONNECTED
action,7,source,depth_repair,balanced,1eeb9821deedbbcf,ec9612bab2ff2822,48,discriminate,explored=19|split=9|dead_end=10|unresolved=10,e8ea2c692da45736,2d9c87b16c18f35e,REQUIRED_NOT_CONNECTED
action,7,source,depth_repair,balanced,1eeb9821deedbbcf,ec9612bab2ff2822,48,observe,explored=19|split=9|dead_end=10|unresolved=10,e8ea2c692da45736,2d9c87b16c18f35e,REQUIRED_NOT_CONNECTED
action,7,source,depth_repair,balanced,1eeb9821deedbbcf,ec9612bab2ff2822,48,transfer,explored=19|split=9|dead_end=10|unresolved=10,e8ea2c692da45736,2d9c87b16c18f35e,REQUIRED_NOT_CONNECTED
action,7,source,depth_repair,balanced,1eeb9821deedbbcf,ec9612bab2ff2822,48,repair,explored=19|split=9|dead_end=10|unresolved=10,e8ea2c692da45736,2d9c87b16c18f35e,REQUIRED_NOT_CONNECTED
action,7,source,depth_repair,balanced,1eeb9821deedbbcf,ec9612bab2ff2822,48,forge,explored=19|split=9|dead_end=10|unresolved=10,e8ea2c692da45736,2d9c87b16c18f35e,REQUIRED_NOT_CONNECTED
action,7,source,depth_repair,balanced,1eeb9821deedbbcf,ec9612bab2ff2822,48,discriminate,explored=19|split=9|dead_end=10|unresolved=10,e8ea2c692da45736,2d9c87b16c18f35e,REQUIRED_NOT_CONNECTED
action,7,source,depth_repair,balanced,1eeb9821deedbbcf,ec9612bab2ff2822,48,observe,explored=19|split=9|dead_end=10|unresolved=10,e8ea2c692da45736,2d9c87b16c18f35e,REQUIRED_NOT_CONNECTED
action,7,source,depth_repair,balanced,1eeb9821deedbbcf,ec9612bab2ff2822,48,transfer,explored=19|split=9|dead_end=10|unresolved=10,e8ea2c692da45736,2d9c87b16c18f35e,REQUIRED_NOT_CONNECTED
action,7,source,depth_repair,balanced,1eeb9821deedbbcf,ec9612bab2ff2822,48,repair,explored=19|split=9|dead_end=10|unresolved=10,e8ea2c692da45736,2d9c87b16c18f35e,REQUIRED_NOT_CONNECTED
action,7,source,depth_repair,balanced,1eeb9821deedbbcf,ec9612bab2ff2822,48,forge,explored=19|split=9|dead_end=10|unresolved=10,e8ea2c692da45736,2d9c87b16c18f35e,REQUIRED_NOT_CONNECTED
action,7,source,depth_repair,balanced,1eeb9821deedbbcf,ec9612bab2ff2822,48,discriminate,explored=19|split=9|dead_end=10|unresolved=10,e8ea2c692da45736,2d9c87b16c18f35e,REQUIRED_NOT_CONNECTED
action,7,source,depth_repair,balanced,1eeb9821deedbbcf,ec9612bab2ff2822,48,observe,explored=19|split=9|dead_end=10|unresolved=10,e8ea2c692da45736,2d9c87b16c18f35e,REQUIRED_NOT_CONNECTED
action,7,source,depth_repair,balanced,1eeb9821deedbbcf,ec9612bab2ff2822,48,transfer,explored=19|split=9|dead_end=10|unresolved=10,e8ea2c692da45736,2d9c87b16c18f35e,REQUIRED_NOT_CONNECTED
action,7,source,depth_repair,balanced,1eeb9821deedbbcf,ec9612bab2ff2822,48,repair,explored=19|split=9|dead_end=10|unresolved=10,e8ea2c692da45736,2d9c87b16c18f35e,REQUIRED_NOT_CONNECTED
action,7,source,depth_repair,balanced,1eeb9821deedbbcf,ec9612bab2ff2822,48,forge,explored=19|split=9|dead_end=10|unresolved=10,e8ea2c692da45736,2d9c87b16c18f35e,REQUIRED_NOT_CONNECTED
action,7,source,depth_repair,balanced,1eeb9821deedbbcf,ec9612bab2ff2822,48,discriminate,explored=19|split=9|dead_end=10|unresolved=10,e8ea2c692da45736,2d9c87b16c18f35e,REQUIRED_NOT_CONNECTED
action,7,source,depth_repair,balanced,1eeb9821deedbbcf,ec9612bab2ff2822,48,observe,explored=19|split=9|dead_end=10|unresolved=10,e8ea2c692da45736,2d9c87b16c18f35e,REQUIRED_NOT_CONNECTED
action,7,source,depth_repair,balanced,1eeb9821deedbbcf,ec9612bab2ff2822,48,transfer,explored=19|split=9|dead_end=10|unresolved=10,e8ea2c692da45736,2d9c87b16c18f35e,REQUIRED_NOT_CONNECTED
action,7,source,depth_repair,balanced,1eeb9821deedbbcf,ec9612bab2ff2822,48,repair,explored=19|split=9|dead_end=10|unresolved=10,e8ea2c692da45736,2d9c87b16c18f35e,REQUIRED_NOT_CONNECTED
action,7,source,depth_repair,balanced,1eeb9821deedbbcf,ec9612bab2ff2822,48,forge,explored=19|split=9|dead_end=10|unresolved=10,e8ea2c692da45736,2d9c87b16c18f35e,REQUIRED_NOT_CONNECTED
action,8,source,depth_repair,experimental,2d275130bdcc47dd,ec9612bab2ff2822,48,discriminate,explored=20|split=10|dead_end=9|unresolved=9,3af35633ef050284,ca392b4bd983622f,REQUIRED_NOT_CONNECTED
action,8,source,depth_repair,experimental,2d275130bdcc47dd,ec9612bab2ff2822,48,observe,explored=20|split=10|dead_end=9|unresolved=9,3af35633ef050284,ca392b4bd983622f,REQUIRED_NOT_CONNECTED
action,8,source,depth_repair,experimental,2d275130bdcc47dd,ec9612bab2ff2822,48,transfer,explored=20|split=10|dead_end=9|unresolved=9,3af35633ef050284,ca392b4bd983622f,REQUIRED_NOT_CONNECTED
action,8,source,depth_repair,experimental,2d275130bdcc47dd,ec9612bab2ff2822,48,repair,explored=20|split=10|dead_end=9|unresolved=9,3af35633ef050284,ca392b4bd983622f,REQUIRED_NOT_CONNECTED
action,8,source,depth_repair,experimental,2d275130bdcc47dd,ec9612bab2ff2822,48,forge,explored=20|split=10|dead_end=9|unresolved=9,3af35633ef050284,ca392b4bd983622f,REQUIRED_NOT_CONNECTED
action,8,source,depth_repair,experimental,2d275130bdcc47dd,ec9612bab2ff2822,48,discriminate,explored=20|split=10|dead_end=9|unresolved=9,3af35633ef050284,ca392b4bd983622f,REQUIRED_NOT_CONNECTED
action,8,source,depth_repair,experimental,2d275130bdcc47dd,ec9612bab2ff2822,48,observe,explored=20|split=10|dead_end=9|unresolved=9,3af35633ef050284,ca392b4bd983622f,REQUIRED_NOT_CONNECTED
action,8,source,depth_repair,experimental,2d275130bdcc47dd,ec9612bab2ff2822,48,transfer,explored=20|split=10|dead_end=9|unresolved=9,3af35633ef050284,ca392b4bd983622f,REQUIRED_NOT_CONNECTED
action,8,source,depth_repair,experimental,2d275130bdcc47dd,ec9612bab2ff2822,48,repair,explored=20|split=10|dead_end=9|unresolved=9,3af35633ef050284,ca392b4bd983622f,REQUIRED_NOT_CONNECTED
action,8,source,depth_repair,experimental,2d275130bdcc47dd,ec9612bab2ff2822,48,forge,explored=20|split=10|dead_end=9|unresolved=9,3af35633ef050284,ca392b4bd983622f,REQUIRED_NOT_CONNECTED
action,8,source,depth_repair,experimental,2d275130bdcc47dd,ec9612bab2ff2822,48,discriminate,explored=20|split=10|dead_end=9|unresolved=9,3af35633ef050284,ca392b4bd983622f,REQUIRED_NOT_CONNECTED
action,8,source,depth_repair,experimental,2d275130bdcc47dd,ec9612bab2ff2822,48,observe,explored=20|split=10|dead_end=9|unresolved=9,3af35633ef050284,ca392b4bd983622f,REQUIRED_NOT_CONNECTED
action,8,source,depth_repair,experimental,2d275130bdcc47dd,ec9612bab2ff2822,48,transfer,explored=20|split=10|dead_end=9|unresolved=9,3af35633ef050284,ca392b4bd983622f,REQUIRED_NOT_CONNECTED
action,8,source,depth_repair,experimental,2d275130bdcc47dd,ec9612bab2ff2822,48,repair,explored=20|split=10|dead_end=9|unresolved=9,3af35633ef050284,ca392b4bd983622f,REQUIRED_NOT_CONNECTED
action,8,source,depth_repair,experimental,2d275130bdcc47dd,ec9612bab2ff2822,48,forge,explored=20|split=10|dead_end=9|unresolved=9,3af35633ef050284,ca392b4bd983622f,REQUIRED_NOT_CONNECTED
action,8,source,depth_repair,experimental,2d275130bdcc47dd,ec9612bab2ff2822,48,discriminate,explored=20|split=10|dead_end=9|unresolved=9,3af35633ef050284,ca392b4bd983622f,REQUIRED_NOT_CONNECTED
action,8,source,depth_repair,experimental,2d275130bdcc47dd,ec9612bab2ff2822,48,observe,explored=20|split=10|dead_end=9|unresolved=9,3af35633ef050284,ca392b4bd983622f,REQUIRED_NOT_CONNECTED
action,8,source,depth_repair,experimental,2d275130bdcc47dd,ec9612bab2ff2822,48,transfer,explored=20|split=10|dead_end=9|unresolved=9,3af35633ef050284,ca392b4bd983622f,REQUIRED_NOT_CONNECTED
action,8,source,depth_repair,experimental,2d275130bdcc47dd,ec9612bab2ff2822,48,repair,explored=20|split=10|dead_end=9|unresolved=9,3af35633ef050284,ca392b4bd983622f,REQUIRED_NOT_CONNECTED
action,8,source,depth_repair,experimental,2d275130bdcc47dd,ec9612bab2ff2822,48,forge,explored=20|split=10|dead_end=9|unresolved=9,3af35633ef050284,ca392b4bd983622f,REQUIRED_NOT_CONNECTED
action,8,source,depth_repair,experimental,2d275130bdcc47dd,ec9612bab2ff2822,48,discriminate,explored=20|split=10|dead_end=9|unresolved=9,3af35633ef050284,ca392b4bd983622f,REQUIRED_NOT_CONNECTED
action,8,source,depth_repair,experimental,2d275130bdcc47dd,ec9612bab2ff2822,48,observe,explored=20|split=10|dead_end=9|unresolved=9,3af35633ef050284,ca392b4bd983622f,REQUIRED_NOT_CONNECTED
action,8,source,depth_repair,experimental,2d275130bdcc47dd,ec9612bab2ff2822,48,transfer,explored=20|split=10|dead_end=9|unresolved=9,3af35633ef050284,ca392b4bd983622f,REQUIRED_NOT_CONNECTED
action,8,source,depth_repair,experimental,2d275130bdcc47dd,ec9612bab2ff2822,48,repair,explored=20|split=10|dead_end=9|unresolved=9,3af35633ef050284,ca392b4bd983622f,REQUIRED_NOT_CONNECTED
action,8,source,depth_repair,experimental,2d275130bdcc47dd,ec9612bab2ff2822,48,forge,explored=20|split=10|dead_end=9|unresolved=9,3af35633ef050284,ca392b4bd983622f,REQUIRED_NOT_CONNECTED
action,8,source,depth_repair,experimental,2d275130bdcc47dd,ec9612bab2ff2822,48,discriminate,explored=20|split=10|dead_end=9|unresolved=9,3af35633ef050284,ca392b4bd983622f,REQUIRED_NOT_CONNECTED
action,8,source,depth_repair,experimental,2d275130bdcc47dd,ec9612bab2ff2822,48,observe,explored=20|split=10|dead_end=9|unresolved=9,3af35633ef050284,ca392b4bd983622f,REQUIRED_NOT_CONNECTED
action,8,source,depth_repair,experimental,2d275130bdcc47dd,ec9612bab2ff2822,48,transfer,explored=20|split=10|dead_end=9|unresolved=9,3af35633ef050284,ca392b4bd983622f,REQUIRED_NOT_CONNECTED
action,8,source,depth_repair,experimental,2d275130bdcc47dd,ec9612bab2ff2822,48,repair,explored=20|split=10|dead_end=9|unresolved=9,3af35633ef050284,ca392b4bd983622f,REQUIRED_NOT_CONNECTED
action,8,source,depth_repair,experimental,2d275130bdcc47dd,ec9612bab2ff2822,48,forge,explored=20|split=10|dead_end=9|unresolved=9,3af35633ef050284,ca392b4bd983622f,REQUIRED_NOT_CONNECTED
action,8,source,depth_repair,experimental,2d275130bdcc47dd,ec9612bab2ff2822,48,discriminate,explored=20|split=10|dead_end=9|unresolved=9,3af35633ef050284,ca392b4bd983622f,REQUIRED_NOT_CONNECTED
action,8,source,depth_repair,experimental,2d275130bdcc47dd,ec9612bab2ff2822,48,observe,explored=20|split=10|dead_end=9|unresolved=9,3af35633ef050284,ca392b4bd983622f,REQUIRED_NOT_CONNECTED
action,8,source,depth_repair,experimental,2d275130bdcc47dd,ec9612bab2ff2822,48,transfer,explored=20|split=10|dead_end=9|unresolved=9,3af35633ef050284,ca392b4bd983622f,REQUIRED_NOT_CONNECTED
action,8,source,depth_repair,experimental,2d275130bdcc47dd,ec9612bab2ff2822,48,repair,explored=20|split=10|dead_end=9|unresolved=9,3af35633ef050284,ca392b4bd983622f,REQUIRED_NOT_CONNECTED
action,8,source,depth_repair,experimental,2d275130bdcc47dd,ec9612bab2ff2822,48,forge,explored=20|split=10|dead_end=9|unresolved=9,3af35633ef050284,ca392b4bd983622f,REQUIRED_NOT_CONNECTED
action,8,source,depth_repair,experimental,2d275130bdcc47dd,ec9612bab2ff2822,48,discriminate,explored=20|split=10|dead_end=9|unresolved=9,3af35633ef050284,ca392b4bd983622f,REQUIRED_NOT_CONNECTED
action,8,source,depth_repair,experimental,2d275130bdcc47dd,ec9612bab2ff2822,48,observe,explored=20|split=10|dead_end=9|unresolved=9,3af35633ef050284,ca392b4bd983622f,REQUIRED_NOT_CONNECTED
action,8,source,depth_repair,experimental,2d275130bdcc47dd,ec9612bab2ff2822,48,transfer,explored=20|split=10|dead_end=9|unresolved=9,3af35633ef050284,ca392b4bd983622f,REQUIRED_NOT_CONNECTED
action,8,source,depth_repair,experimental,2d275130bdcc47dd,ec9612bab2ff2822,48,repair,explored=20|split=10|dead_end=9|unresolved=9,3af35633ef050284,ca392b4bd983622f,REQUIRED_NOT_CONNECTED
action,8,source,depth_repair,experimental,2d275130bdcc47dd,ec9612bab2ff2822,48,forge,explored=20|split=10|dead_end=9|unresolved=9,3af35633ef050284,ca392b4bd983622f,REQUIRED_NOT_CONNECTED
action,8,source,depth_repair,experimental,2d275130bdcc47dd,ec9612bab2ff2822,48,discriminate,explored=20|split=10|dead_end=9|unresolved=9,3af35633ef050284,ca392b4bd983622f,REQUIRED_NOT_CONNECTED
action,8,source,depth_repair,experimental,2d275130bdcc47dd,ec9612bab2ff2822,48,observe,explored=20|split=10|dead_end=9|unresolved=9,3af35633ef050284,ca392b4bd983622f,REQUIRED_NOT_CONNECTED
action,8,source,depth_repair,experimental,2d275130bdcc47dd,ec9612bab2ff2822,48,transfer,explored=20|split=10|dead_end=9|unresolved=9,3af35633ef050284,ca392b4bd983622f,REQUIRED_NOT_CONNECTED
action,8,source,depth_repair,experimental,2d275130bdcc47dd,ec9612bab2ff2822,48,repair,explored=20|split=10|dead_end=9|unresolved=9,3af35633ef050284,ca392b4bd983622f,REQUIRED_NOT_CONNECTED
action,8,source,depth_repair,experimental,2d275130bdcc47dd,ec9612bab2ff2822,48,forge,explored=20|split=10|dead_end=9|unresolved=9,3af35633ef050284,ca392b4bd983622f,REQUIRED_NOT_CONNECTED
action,8,source,depth_repair,experimental,2d275130bdcc47dd,ec9612bab2ff2822,48,discriminate,explored=20|split=10|dead_end=9|unresolved=9,3af35633ef050284,ca392b4bd983622f,REQUIRED_NOT_CONNECTED
action,8,source,depth_repair,experimental,2d275130bdcc47dd,ec9612bab2ff2822,48,observe,explored=20|split=10|dead_end=9|unresolved=9,3af35633ef050284,ca392b4bd983622f,REQUIRED_NOT_CONNECTED
action,8,source,depth_repair,experimental,2d275130bdcc47dd,ec9612bab2ff2822,48,transfer,explored=20|split=10|dead_end=9|unresolved=9,3af35633ef050284,ca392b4bd983622f,REQUIRED_NOT_CONNECTED
action,9,csv,breadth,conservative,e2ea2ca909c2e1e,6618c3a3df86e131,48,forge,explored=19|split=10|dead_end=9|unresolved=10,7c2df61fd857fc05,95a92f680211a69c,REQUIRED_NOT_CONNECTED
action,9,csv,breadth,conservative,e2ea2ca909c2e1e,6618c3a3df86e131,48,transfer,explored=19|split=10|dead_end=9|unresolved=10,7c2df61fd857fc05,95a92f680211a69c,REQUIRED_NOT_CONNECTED
action,9,csv,breadth,conservative,e2ea2ca909c2e1e,6618c3a3df86e131,48,discriminate,explored=19|split=10|dead_end=9|unresolved=10,7c2df61fd857fc05,95a92f680211a69c,REQUIRED_NOT_CONNECTED
action,9,csv,breadth,conservative,e2ea2ca909c2e1e,6618c3a3df86e131,48,repair,explored=19|split=10|dead_end=9|unresolved=10,7c2df61fd857fc05,95a92f680211a69c,REQUIRED_NOT_CONNECTED
action,9,csv,breadth,conservative,e2ea2ca909c2e1e,6618c3a3df86e131,48,observe,explored=19|split=10|dead_end=9|unresolved=10,7c2df61fd857fc05,95a92f680211a69c,REQUIRED_NOT_CONNECTED
action,9,csv,breadth,conservative,e2ea2ca909c2e1e,6618c3a3df86e131,48,forge,explored=19|split=10|dead_end=9|unresolved=10,7c2df61fd857fc05,95a92f680211a69c,REQUIRED_NOT_CONNECTED
action,9,csv,breadth,conservative,e2ea2ca909c2e1e,6618c3a3df86e131,48,transfer,explored=19|split=10|dead_end=9|unresolved=10,7c2df61fd857fc05,95a92f680211a69c,REQUIRED_NOT_CONNECTED
action,9,csv,breadth,conservative,e2ea2ca909c2e1e,6618c3a3df86e131,48,discriminate,explored=19|split=10|dead_end=9|unresolved=10,7c2df61fd857fc05,95a92f680211a69c,REQUIRED_NOT_CONNECTED
action,9,csv,breadth,conservative,e2ea2ca909c2e1e,6618c3a3df86e131,48,repair,explored=19|split=10|dead_end=9|unresolved=10,7c2df61fd857fc05,95a92f680211a69c,REQUIRED_NOT_CONNECTED
action,9,csv,breadth,conservative,e2ea2ca909c2e1e,6618c3a3df86e131,48,observe,explored=19|split=10|dead_end=9|unresolved=10,7c2df61fd857fc05,95a92f680211a69c,REQUIRED_NOT_CONNECTED
action,9,csv,breadth,conservative,e2ea2ca909c2e1e,6618c3a3df86e131,48,forge,explored=19|split=10|dead_end=9|unresolved=10,7c2df61fd857fc05,95a92f680211a69c,REQUIRED_NOT_CONNECTED
action,9,csv,breadth,conservative,e2ea2ca909c2e1e,6618c3a3df86e131,48,transfer,explored=19|split=10|dead_end=9|unresolved=10,7c2df61fd857fc05,95a92f680211a69c,REQUIRED_NOT_CONNECTED
action,9,csv,breadth,conservative,e2ea2ca909c2e1e,6618c3a3df86e131,48,discriminate,explored=19|split=10|dead_end=9|unresolved=10,7c2df61fd857fc05,95a92f680211a69c,REQUIRED_NOT_CONNECTED
action,9,csv,breadth,conservative,e2ea2ca909c2e1e,6618c3a3df86e131,48,repair,explored=19|split=10|dead_end=9|unresolved=10,7c2df61fd857fc05,95a92f680211a69c,REQUIRED_NOT_CONNECTED
action,9,csv,breadth,conservative,e2ea2ca909c2e1e,6618c3a3df86e131,48,observe,explored=19|split=10|dead_end=9|unresolved=10,7c2df61fd857fc05,95a92f680211a69c,REQUIRED_NOT_CONNECTED
action,9,csv,breadth,conservative,e2ea2ca909c2e1e,6618c3a3df86e131,48,forge,explored=19|split=10|dead_end=9|unresolved=10,7c2df61fd857fc05,95a92f680211a69c,REQUIRED_NOT_CONNECTED
action,9,csv,breadth,conservative,e2ea2ca909c2e1e,6618c3a3df86e131,48,transfer,explored=19|split=10|dead_end=9|unresolved=10,7c2df61fd857fc05,95a92f680211a69c,REQUIRED_NOT_CONNECTED
action,9,csv,breadth,conservative,e2ea2ca909c2e1e,6618c3a3df86e131,48,discriminate,explored=19|split=10|dead_end=9|unresolved=10,7c2df61fd857fc05,95a92f680211a69c,REQUIRED_NOT_CONNECTED
action,9,csv,breadth,conservative,e2ea2ca909c2e1e,6618c3a3df86e131,48,repair,explored=19|split=10|dead_end=9|unresolved=10,7c2df61fd857fc05,95a92f680211a69c,REQUIRED_NOT_CONNECTED
action,9,csv,breadth,conservative,e2ea2ca909c2e1e,6618c3a3df86e131,48,observe,explored=19|split=10|dead_end=9|unresolved=10,7c2df61fd857fc05,95a92f680211a69c,REQUIRED_NOT_CONNECTED
action,9,csv,breadth,conservative,e2ea2ca909c2e1e,6618c3a3df86e131,48,forge,explored=19|split=10|dead_end=9|unresolved=10,7c2df61fd857fc05,95a92f680211a69c,REQUIRED_NOT_CONNECTED
action,9,csv,breadth,conservative,e2ea2ca909c2e1e,6618c3a3df86e131,48,transfer,explored=19|split=10|dead_end=9|unresolved=10,7c2df61fd857fc05,95a92f680211a69c,REQUIRED_NOT_CONNECTED
action,9,csv,breadth,conservative,e2ea2ca909c2e1e,6618c3a3df86e131,48,discriminate,explored=19|split=10|dead_end=9|unresolved=10,7c2df61fd857fc05,95a92f680211a69c,REQUIRED_NOT_CONNECTED
action,9,csv,breadth,conservative,e2ea2ca909c2e1e,6618c3a3df86e131,48,repair,explored=19|split=10|dead_end=9|unresolved=10,7c2df61fd857fc05,95a92f680211a69c,REQUIRED_NOT_CONNECTED
action,9,csv,breadth,conservative,e2ea2ca909c2e1e,6618c3a3df86e131,48,observe,explored=19|split=10|dead_end=9|unresolved=10,7c2df61fd857fc05,95a92f680211a69c,REQUIRED_NOT_CONNECTED
action,9,csv,breadth,conservative,e2ea2ca909c2e1e,6618c3a3df86e131,48,forge,explored=19|split=10|dead_end=9|unresolved=10,7c2df61fd857fc05,95a92f680211a69c,REQUIRED_NOT_CONNECTED
action,9,csv,breadth,conservative,e2ea2ca909c2e1e,6618c3a3df86e131,48,transfer,explored=19|split=10|dead_end=9|unresolved=10,7c2df61fd857fc05,95a92f680211a69c,REQUIRED_NOT_CONNECTED
action,9,csv,breadth,conservative,e2ea2ca909c2e1e,6618c3a3df86e131,48,discriminate,explored=19|split=10|dead_end=9|unresolved=10,7c2df61fd857fc05,95a92f680211a69c,REQUIRED_NOT_CONNECTED
action,9,csv,breadth,conservative,e2ea2ca909c2e1e,6618c3a3df86e131,48,repair,explored=19|split=10|dead_end=9|unresolved=10,7c2df61fd857fc05,95a92f680211a69c,REQUIRED_NOT_CONNECTED
action,9,csv,breadth,conservative,e2ea2ca909c2e1e,6618c3a3df86e131,48,observe,explored=19|split=10|dead_end=9|unresolved=10,7c2df61fd857fc05,95a92f680211a69c,REQUIRED_NOT_CONNECTED
action,9,csv,breadth,conservative,e2ea2ca909c2e1e,6618c3a3df86e131,48,forge,explored=19|split=10|dead_end=9|unresolved=10,7c2df61fd857fc05,95a92f680211a69c,REQUIRED_NOT_CONNECTED
action,9,csv,breadth,conservative,e2ea2ca909c2e1e,6618c3a3df86e131,48,transfer,explored=19|split=10|dead_end=9|unresolved=10,7c2df61fd857fc05,95a92f680211a69c,REQUIRED_NOT_CONNECTED
action,9,csv,breadth,conservative,e2ea2ca909c2e1e,6618c3a3df86e131,48,discriminate,explored=19|split=10|dead_end=9|unresolved=10,7c2df61fd857fc05,95a92f680211a69c,REQUIRED_NOT_CONNECTED
action,9,csv,breadth,conservative,e2ea2ca909c2e1e,6618c3a3df86e131,48,repair,explored=19|split=10|dead_end=9|unresolved=10,7c2df61fd857fc05,95a92f680211a69c,REQUIRED_NOT_CONNECTED
action,9,csv,breadth,conservative,e2ea2ca909c2e1e,6618c3a3df86e131,48,observe,explored=19|split=10|dead_end=9|unresolved=10,7c2df61fd857fc05,95a92f680211a69c,REQUIRED_NOT_CONNECTED
action,9,csv,breadth,conservative,e2ea2ca909c2e1e,6618c3a3df86e131,48,forge,explored=19|split=10|dead_end=9|unresolved=10,7c2df61fd857fc05,95a92f680211a69c,REQUIRED_NOT_CONNECTED
action,9,csv,breadth,conservative,e2ea2ca909c2e1e,6618c3a3df86e131,48,transfer,explored=19|split=10|dead_end=9|unresolved=10,7c2df61fd857fc05,95a92f680211a69c,REQUIRED_NOT_CONNECTED
action,9,csv,breadth,conservative,e2ea2ca909c2e1e,6618c3a3df86e131,48,discriminate,explored=19|split=10|dead_end=9|unresolved=10,7c2df61fd857fc05,95a92f680211a69c,REQUIRED_NOT_CONNECTED
action,9,csv,breadth,conservative,e2ea2ca909c2e1e,6618c3a3df86e131,48,repair,explored=19|split=10|dead_end=9|unresolved=10,7c2df61fd857fc05,95a92f680211a69c,REQUIRED_NOT_CONNECTED
action,9,csv,breadth,conservative,e2ea2ca909c2e1e,6618c3a3df86e131,48,observe,explored=19|split=10|dead_end=9|unresolved=10,7c2df61fd857fc05,95a92f680211a69c,REQUIRED_NOT_CONNECTED
action,9,csv,breadth,conservative,e2ea2ca909c2e1e,6618c3a3df86e131,48,forge,explored=19|split=10|dead_end=9|unresolved=10,7c2df61fd857fc05,95a92f680211a69c,REQUIRED_NOT_CONNECTED
action,9,csv,breadth,conservative,e2ea2ca909c2e1e,6618c3a3df86e131,48,transfer,explored=19|split=10|dead_end=9|unresolved=10,7c2df61fd857fc05,95a92f680211a69c,REQUIRED_NOT_CONNECTED
action,9,csv,breadth,conservative,e2ea2ca909c2e1e,6618c3a3df86e131,48,discriminate,explored=19|split=10|dead_end=9|unresolved=10,7c2df61fd857fc05,95a92f680211a69c,REQUIRED_NOT_CONNECTED
action,9,csv,breadth,conservative,e2ea2ca909c2e1e,6618c3a3df86e131,48,repair,explored=19|split=10|dead_end=9|unresolved=10,7c2df61fd857fc05,95a92f680211a69c,REQUIRED_NOT_CONNECTED
action,9,csv,breadth,conservative,e2ea2ca909c2e1e,6618c3a3df86e131,48,observe,explored=19|split=10|dead_end=9|unresolved=10,7c2df61fd857fc05,95a92f680211a69c,REQUIRED_NOT_CONNECTED
action,9,csv,breadth,conservative,e2ea2ca909c2e1e,6618c3a3df86e131,48,forge,explored=19|split=10|dead_end=9|unresolved=10,7c2df61fd857fc05,95a92f680211a69c,REQUIRED_NOT_CONNECTED
action,9,csv,breadth,conservative,e2ea2ca909c2e1e,6618c3a3df86e131,48,transfer,explored=19|split=10|dead_end=9|unresolved=10,7c2df61fd857fc05,95a92f680211a69c,REQUIRED_NOT_CONNECTED
action,9,csv,breadth,conservative,e2ea2ca909c2e1e,6618c3a3df86e131,48,discriminate,explored=19|split=10|dead_end=9|unresolved=10,7c2df61fd857fc05,95a92f680211a69c,REQUIRED_NOT_CONNECTED
action,10,csv,breadth,balanced,7b7bb82cfde7cb67,6618c3a3df86e131,48,transfer,explored=19|split=10|dead_end=10|unresolved=9,4f7553883dafbbad,6fe0c234a2be8a4e,REQUIRED_NOT_CONNECTED
action,10,csv,breadth,balanced,7b7bb82cfde7cb67,6618c3a3df86e131,48,discriminate,explored=19|split=10|dead_end=10|unresolved=9,4f7553883dafbbad,6fe0c234a2be8a4e,REQUIRED_NOT_CONNECTED
action,10,csv,breadth,balanced,7b7bb82cfde7cb67,6618c3a3df86e131,48,repair,explored=19|split=10|dead_end=10|unresolved=9,4f7553883dafbbad,6fe0c234a2be8a4e,REQUIRED_NOT_CONNECTED
action,10,csv,breadth,balanced,7b7bb82cfde7cb67,6618c3a3df86e131,48,observe,explored=19|split=10|dead_end=10|unresolved=9,4f7553883dafbbad,6fe0c234a2be8a4e,REQUIRED_NOT_CONNECTED
action,10,csv,breadth,balanced,7b7bb82cfde7cb67,6618c3a3df86e131,48,forge,explored=19|split=10|dead_end=10|unresolved=9,4f7553883dafbbad,6fe0c234a2be8a4e,REQUIRED_NOT_CONNECTED
action,10,csv,breadth,balanced,7b7bb82cfde7cb67,6618c3a3df86e131,48,transfer,explored=19|split=10|dead_end=10|unresolved=9,4f7553883dafbbad,6fe0c234a2be8a4e,REQUIRED_NOT_CONNECTED
action,10,csv,breadth,balanced,7b7bb82cfde7cb67,6618c3a3df86e131,48,discriminate,explored=19|split=10|dead_end=10|unresolved=9,4f7553883dafbbad,6fe0c234a2be8a4e,REQUIRED_NOT_CONNECTED
action,10,csv,breadth,balanced,7b7bb82cfde7cb67,6618c3a3df86e131,48,repair,explored=19|split=10|dead_end=10|unresolved=9,4f7553883dafbbad,6fe0c234a2be8a4e,REQUIRED_NOT_CONNECTED
action,10,csv,breadth,balanced,7b7bb82cfde7cb67,6618c3a3df86e131,48,observe,explored=19|split=10|dead_end=10|unresolved=9,4f7553883dafbbad,6fe0c234a2be8a4e,REQUIRED_NOT_CONNECTED
action,10,csv,breadth,balanced,7b7bb82cfde7cb67,6618c3a3df86e131,48,forge,explored=19|split=10|dead_end=10|unresolved=9,4f7553883dafbbad,6fe0c234a2be8a4e,REQUIRED_NOT_CONNECTED
action,10,csv,breadth,balanced,7b7bb82cfde7cb67,6618c3a3df86e131,48,transfer,explored=19|split=10|dead_end=10|unresolved=9,4f7553883dafbbad,6fe0c234a2be8a4e,REQUIRED_NOT_CONNECTED
action,10,csv,breadth,balanced,7b7bb82cfde7cb67,6618c3a3df86e131,48,discriminate,explored=19|split=10|dead_end=10|unresolved=9,4f7553883dafbbad,6fe0c234a2be8a4e,REQUIRED_NOT_CONNECTED
action,10,csv,breadth,balanced,7b7bb82cfde7cb67,6618c3a3df86e131,48,repair,explored=19|split=10|dead_end=10|unresolved=9,4f7553883dafbbad,6fe0c234a2be8a4e,REQUIRED_NOT_CONNECTED
action,10,csv,breadth,balanced,7b7bb82cfde7cb67,6618c3a3df86e131,48,observe,explored=19|split=10|dead_end=10|unresolved=9,4f7553883dafbbad,6fe0c234a2be8a4e,REQUIRED_NOT_CONNECTED
action,10,csv,breadth,balanced,7b7bb82cfde7cb67,6618c3a3df86e131,48,forge,explored=19|split=10|dead_end=10|unresolved=9,4f7553883dafbbad,6fe0c234a2be8a4e,REQUIRED_NOT_CONNECTED
action,10,csv,breadth,balanced,7b7bb82cfde7cb67,6618c3a3df86e131,48,transfer,explored=19|split=10|dead_end=10|unresolved=9,4f7553883dafbbad,6fe0c234a2be8a4e,REQUIRED_NOT_CONNECTED
action,10,csv,breadth,balanced,7b7bb82cfde7cb67,6618c3a3df86e131,48,discriminate,explored=19|split=10|dead_end=10|unresolved=9,4f7553883dafbbad,6fe0c234a2be8a4e,REQUIRED_NOT_CONNECTED
action,10,csv,breadth,balanced,7b7bb82cfde7cb67,6618c3a3df86e131,48,repair,explored=19|split=10|dead_end=10|unresolved=9,4f7553883dafbbad,6fe0c234a2be8a4e,REQUIRED_NOT_CONNECTED
action,10,csv,breadth,balanced,7b7bb82cfde7cb67,6618c3a3df86e131,48,observe,explored=19|split=10|dead_end=10|unresolved=9,4f7553883dafbbad,6fe0c234a2be8a4e,REQUIRED_NOT_CONNECTED
action,10,csv,breadth,balanced,7b7bb82cfde7cb67,6618c3a3df86e131,48,forge,explored=19|split=10|dead_end=10|unresolved=9,4f7553883dafbbad,6fe0c234a2be8a4e,REQUIRED_NOT_CONNECTED
action,10,csv,breadth,balanced,7b7bb82cfde7cb67,6618c3a3df86e131,48,transfer,explored=19|split=10|dead_end=10|unresolved=9,4f7553883dafbbad,6fe0c234a2be8a4e,REQUIRED_NOT_CONNECTED
action,10,csv,breadth,balanced,7b7bb82cfde7cb67,6618c3a3df86e131,48,discriminate,explored=19|split=10|dead_end=10|unresolved=9,4f7553883dafbbad,6fe0c234a2be8a4e,REQUIRED_NOT_CONNECTED
action,10,csv,breadth,balanced,7b7bb82cfde7cb67,6618c3a3df86e131,48,repair,explored=19|split=10|dead_end=10|unresolved=9,4f7553883dafbbad,6fe0c234a2be8a4e,REQUIRED_NOT_CONNECTED
action,10,csv,breadth,balanced,7b7bb82cfde7cb67,6618c3a3df86e131,48,observe,explored=19|split=10|dead_end=10|unresolved=9,4f7553883dafbbad,6fe0c234a2be8a4e,REQUIRED_NOT_CONNECTED
action,10,csv,breadth,balanced,7b7bb82cfde7cb67,6618c3a3df86e131,48,forge,explored=19|split=10|dead_end=10|unresolved=9,4f7553883dafbbad,6fe0c234a2be8a4e,REQUIRED_NOT_CONNECTED
action,10,csv,breadth,balanced,7b7bb82cfde7cb67,6618c3a3df86e131,48,transfer,explored=19|split=10|dead_end=10|unresolved=9,4f7553883dafbbad,6fe0c234a2be8a4e,REQUIRED_NOT_CONNECTED
action,10,csv,breadth,balanced,7b7bb82cfde7cb67,6618c3a3df86e131,48,discriminate,explored=19|split=10|dead_end=10|unresolved=9,4f7553883dafbbad,6fe0c234a2be8a4e,REQUIRED_NOT_CONNECTED
action,10,csv,breadth,balanced,7b7bb82cfde7cb67,6618c3a3df86e131,48,repair,explored=19|split=10|dead_end=10|unresolved=9,4f7553883dafbbad,6fe0c234a2be8a4e,REQUIRED_NOT_CONNECTED
action,10,csv,breadth,balanced,7b7bb82cfde7cb67,6618c3a3df86e131,48,observe,explored=19|split=10|dead_end=10|unresolved=9,4f7553883dafbbad,6fe0c234a2be8a4e,REQUIRED_NOT_CONNECTED
action,10,csv,breadth,balanced,7b7bb82cfde7cb67,6618c3a3df86e131,48,forge,explored=19|split=10|dead_end=10|unresolved=9,4f7553883dafbbad,6fe0c234a2be8a4e,REQUIRED_NOT_CONNECTED
action,10,csv,breadth,balanced,7b7bb82cfde7cb67,6618c3a3df86e131,48,transfer,explored=19|split=10|dead_end=10|unresolved=9,4f7553883dafbbad,6fe0c234a2be8a4e,REQUIRED_NOT_CONNECTED
action,10,csv,breadth,balanced,7b7bb82cfde7cb67,6618c3a3df86e131,48,discriminate,explored=19|split=10|dead_end=10|unresolved=9,4f7553883dafbbad,6fe0c234a2be8a4e,REQUIRED_NOT_CONNECTED
action,10,csv,breadth,balanced,7b7bb82cfde7cb67,6618c3a3df86e131,48,repair,explored=19|split=10|dead_end=10|unresolved=9,4f7553883dafbbad,6fe0c234a2be8a4e,REQUIRED_NOT_CONNECTED
action,10,csv,breadth,balanced,7b7bb82cfde7cb67,6618c3a3df86e131,48,observe,explored=19|split=10|dead_end=10|unresolved=9,4f7553883dafbbad,6fe0c234a2be8a4e,REQUIRED_NOT_CONNECTED
action,10,csv,breadth,balanced,7b7bb82cfde7cb67,6618c3a3df86e131,48,forge,explored=19|split=10|dead_end=10|unresolved=9,4f7553883dafbbad,6fe0c234a2be8a4e,REQUIRED_NOT_CONNECTED
action,10,csv,breadth,balanced,7b7bb82cfde7cb67,6618c3a3df86e131,48,transfer,explored=19|split=10|dead_end=10|unresolved=9,4f7553883dafbbad,6fe0c234a2be8a4e,REQUIRED_NOT_CONNECTED
action,10,csv,breadth,balanced,7b7bb82cfde7cb67,6618c3a3df86e131,48,discriminate,explored=19|split=10|dead_end=10|unresolved=9,4f7553883dafbbad,6fe0c234a2be8a4e,REQUIRED_NOT_CONNECTED
action,10,csv,breadth,balanced,7b7bb82cfde7cb67,6618c3a3df86e131,48,repair,explored=19|split=10|dead_end=10|unresolved=9,4f7553883dafbbad,6fe0c234a2be8a4e,REQUIRED_NOT_CONNECTED
action,10,csv,breadth,balanced,7b7bb82cfde7cb67,6618c3a3df86e131,48,observe,explored=19|split=10|dead_end=10|unresolved=9,4f7553883dafbbad,6fe0c234a2be8a4e,REQUIRED_NOT_CONNECTED
action,10,csv,breadth,balanced,7b7bb82cfde7cb67,6618c3a3df86e131,48,forge,explored=19|split=10|dead_end=10|unresolved=9,4f7553883dafbbad,6fe0c234a2be8a4e,REQUIRED_NOT_CONNECTED
action,10,csv,breadth,balanced,7b7bb82cfde7cb67,6618c3a3df86e131,48,transfer,explored=19|split=10|dead_end=10|unresolved=9,4f7553883dafbbad,6fe0c234a2be8a4e,REQUIRED_NOT_CONNECTED
action,10,csv,breadth,balanced,7b7bb82cfde7cb67,6618c3a3df86e131,48,discriminate,explored=19|split=10|dead_end=10|unresolved=9,4f7553883dafbbad,6fe0c234a2be8a4e,REQUIRED_NOT_CONNECTED
action,10,csv,breadth,balanced,7b7bb82cfde7cb67,6618c3a3df86e131,48,repair,explored=19|split=10|dead_end=10|unresolved=9,4f7553883dafbbad,6fe0c234a2be8a4e,REQUIRED_NOT_CONNECTED
action,10,csv,breadth,balanced,7b7bb82cfde7cb67,6618c3a3df86e131,48,observe,explored=19|split=10|dead_end=10|unresolved=9,4f7553883dafbbad,6fe0c234a2be8a4e,REQUIRED_NOT_CONNECTED
action,10,csv,breadth,balanced,7b7bb82cfde7cb67,6618c3a3df86e131,48,forge,explored=19|split=10|dead_end=10|unresolved=9,4f7553883dafbbad,6fe0c234a2be8a4e,REQUIRED_NOT_CONNECTED
action,10,csv,breadth,balanced,7b7bb82cfde7cb67,6618c3a3df86e131,48,transfer,explored=19|split=10|dead_end=10|unresolved=9,4f7553883dafbbad,6fe0c234a2be8a4e,REQUIRED_NOT_CONNECTED
action,10,csv,breadth,balanced,7b7bb82cfde7cb67,6618c3a3df86e131,48,discriminate,explored=19|split=10|dead_end=10|unresolved=9,4f7553883dafbbad,6fe0c234a2be8a4e,REQUIRED_NOT_CONNECTED
action,10,csv,breadth,balanced,7b7bb82cfde7cb67,6618c3a3df86e131,48,repair,explored=19|split=10|dead_end=10|unresolved=9,4f7553883dafbbad,6fe0c234a2be8a4e,REQUIRED_NOT_CONNECTED
action,11,csv,breadth,experimental,5dbcf27110ea7385,6618c3a3df86e131,48,discriminate,explored=19|split=10|dead_end=10|unresolved=9,747529b4937d0bfb,61f396cecc602b6b,REQUIRED_NOT_CONNECTED
action,11,csv,breadth,experimental,5dbcf27110ea7385,6618c3a3df86e131,48,repair,explored=19|split=10|dead_end=10|unresolved=9,747529b4937d0bfb,61f396cecc602b6b,REQUIRED_NOT_CONNECTED
action,11,csv,breadth,experimental,5dbcf27110ea7385,6618c3a3df86e131,48,observe,explored=19|split=10|dead_end=10|unresolved=9,747529b4937d0bfb,61f396cecc602b6b,REQUIRED_NOT_CONNECTED
action,11,csv,breadth,experimental,5dbcf27110ea7385,6618c3a3df86e131,48,forge,explored=19|split=10|dead_end=10|unresolved=9,747529b4937d0bfb,61f396cecc602b6b,REQUIRED_NOT_CONNECTED
action,11,csv,breadth,experimental,5dbcf27110ea7385,6618c3a3df86e131,48,transfer,explored=19|split=10|dead_end=10|unresolved=9,747529b4937d0bfb,61f396cecc602b6b,REQUIRED_NOT_CONNECTED
action,11,csv,breadth,experimental,5dbcf27110ea7385,6618c3a3df86e131,48,discriminate,explored=19|split=10|dead_end=10|unresolved=9,747529b4937d0bfb,61f396cecc602b6b,REQUIRED_NOT_CONNECTED
action,11,csv,breadth,experimental,5dbcf27110ea7385,6618c3a3df86e131,48,repair,explored=19|split=10|dead_end=10|unresolved=9,747529b4937d0bfb,61f396cecc602b6b,REQUIRED_NOT_CONNECTED
action,11,csv,breadth,experimental,5dbcf27110ea7385,6618c3a3df86e131,48,observe,explored=19|split=10|dead_end=10|unresolved=9,747529b4937d0bfb,61f396cecc602b6b,REQUIRED_NOT_CONNECTED
action,11,csv,breadth,experimental,5dbcf27110ea7385,6618c3a3df86e131,48,forge,explored=19|split=10|dead_end=10|unresolved=9,747529b4937d0bfb,61f396cecc602b6b,REQUIRED_NOT_CONNECTED
action,11,csv,breadth,experimental,5dbcf27110ea7385,6618c3a3df86e131,48,transfer,explored=19|split=10|dead_end=10|unresolved=9,747529b4937d0bfb,61f396cecc602b6b,REQUIRED_NOT_CONNECTED
action,11,csv,breadth,experimental,5dbcf27110ea7385,6618c3a3df86e131,48,discriminate,explored=19|split=10|dead_end=10|unresolved=9,747529b4937d0bfb,61f396cecc602b6b,REQUIRED_NOT_CONNECTED
action,11,csv,breadth,experimental,5dbcf27110ea7385,6618c3a3df86e131,48,repair,explored=19|split=10|dead_end=10|unresolved=9,747529b4937d0bfb,61f396cecc602b6b,REQUIRED_NOT_CONNECTED
action,11,csv,breadth,experimental,5dbcf27110ea7385,6618c3a3df86e131,48,observe,explored=19|split=10|dead_end=10|unresolved=9,747529b4937d0bfb,61f396cecc602b6b,REQUIRED_NOT_CONNECTED
action,11,csv,breadth,experimental,5dbcf27110ea7385,6618c3a3df86e131,48,forge,explored=19|split=10|dead_end=10|unresolved=9,747529b4937d0bfb,61f396cecc602b6b,REQUIRED_NOT_CONNECTED
action,11,csv,breadth,experimental,5dbcf27110ea7385,6618c3a3df86e131,48,transfer,explored=19|split=10|dead_end=10|unresolved=9,747529b4937d0bfb,61f396cecc602b6b,REQUIRED_NOT_CONNECTED
action,11,csv,breadth,experimental,5dbcf27110ea7385,6618c3a3df86e131,48,discriminate,explored=19|split=10|dead_end=10|unresolved=9,747529b4937d0bfb,61f396cecc602b6b,REQUIRED_NOT_CONNECTED
action,11,csv,breadth,experimental,5dbcf27110ea7385,6618c3a3df86e131,48,repair,explored=19|split=10|dead_end=10|unresolved=9,747529b4937d0bfb,61f396cecc602b6b,REQUIRED_NOT_CONNECTED
action,11,csv,breadth,experimental,5dbcf27110ea7385,6618c3a3df86e131,48,observe,explored=19|split=10|dead_end=10|unresolved=9,747529b4937d0bfb,61f396cecc602b6b,REQUIRED_NOT_CONNECTED
action,11,csv,breadth,experimental,5dbcf27110ea7385,6618c3a3df86e131,48,forge,explored=19|split=10|dead_end=10|unresolved=9,747529b4937d0bfb,61f396cecc602b6b,REQUIRED_NOT_CONNECTED
action,11,csv,breadth,experimental,5dbcf27110ea7385,6618c3a3df86e131,48,transfer,explored=19|split=10|dead_end=10|unresolved=9,747529b4937d0bfb,61f396cecc602b6b,REQUIRED_NOT_CONNECTED
action,11,csv,breadth,experimental,5dbcf27110ea7385,6618c3a3df86e131,48,discriminate,explored=19|split=10|dead_end=10|unresolved=9,747529b4937d0bfb,61f396cecc602b6b,REQUIRED_NOT_CONNECTED
action,11,csv,breadth,experimental,5dbcf27110ea7385,6618c3a3df86e131,48,repair,explored=19|split=10|dead_end=10|unresolved=9,747529b4937d0bfb,61f396cecc602b6b,REQUIRED_NOT_CONNECTED
action,11,csv,breadth,experimental,5dbcf27110ea7385,6618c3a3df86e131,48,observe,explored=19|split=10|dead_end=10|unresolved=9,747529b4937d0bfb,61f396cecc602b6b,REQUIRED_NOT_CONNECTED
action,11,csv,breadth,experimental,5dbcf27110ea7385,6618c3a3df86e131,48,forge,explored=19|split=10|dead_end=10|unresolved=9,747529b4937d0bfb,61f396cecc602b6b,REQUIRED_NOT_CONNECTED
action,11,csv,breadth,experimental,5dbcf27110ea7385,6618c3a3df86e131,48,transfer,explored=19|split=10|dead_end=10|unresolved=9,747529b4937d0bfb,61f396cecc602b6b,REQUIRED_NOT_CONNECTED
action,11,csv,breadth,experimental,5dbcf27110ea7385,6618c3a3df86e131,48,discriminate,explored=19|split=10|dead_end=10|unresolved=9,747529b4937d0bfb,61f396cecc602b6b,REQUIRED_NOT_CONNECTED
action,11,csv,breadth,experimental,5dbcf27110ea7385,6618c3a3df86e131,48,repair,explored=19|split=10|dead_end=10|unresolved=9,747529b4937d0bfb,61f396cecc602b6b,REQUIRED_NOT_CONNECTED
action,11,csv,breadth,experimental,5dbcf27110ea7385,6618c3a3df86e131,48,observe,explored=19|split=10|dead_end=10|unresolved=9,747529b4937d0bfb,61f396cecc602b6b,REQUIRED_NOT_CONNECTED
action,11,csv,breadth,experimental,5dbcf27110ea7385,6618c3a3df86e131,48,forge,explored=19|split=10|dead_end=10|unresolved=9,747529b4937d0bfb,61f396cecc602b6b,REQUIRED_NOT_CONNECTED
action,11,csv,breadth,experimental,5dbcf27110ea7385,6618c3a3df86e131,48,transfer,explored=19|split=10|dead_end=10|unresolved=9,747529b4937d0bfb,61f396cecc602b6b,REQUIRED_NOT_CONNECTED
action,11,csv,breadth,experimental,5dbcf27110ea7385,6618c3a3df86e131,48,discriminate,explored=19|split=10|dead_end=10|unresolved=9,747529b4937d0bfb,61f396cecc602b6b,REQUIRED_NOT_CONNECTED
action,11,csv,breadth,experimental,5dbcf27110ea7385,6618c3a3df86e131,48,repair,explored=19|split=10|dead_end=10|unresolved=9,747529b4937d0bfb,61f396cecc602b6b,REQUIRED_NOT_CONNECTED
action,11,csv,breadth,experimental,5dbcf27110ea7385,6618c3a3df86e131,48,observe,explored=19|split=10|dead_end=10|unresolved=9,747529b4937d0bfb,61f396cecc602b6b,REQUIRED_NOT_CONNECTED
action,11,csv,breadth,experimental,5dbcf27110ea7385,6618c3a3df86e131,48,forge,explored=19|split=10|dead_end=10|unresolved=9,747529b4937d0bfb,61f396cecc602b6b,REQUIRED_NOT_CONNECTED
action,11,csv,breadth,experimental,5dbcf27110ea7385,6618c3a3df86e131,48,transfer,explored=19|split=10|dead_end=10|unresolved=9,747529b4937d0bfb,61f396cecc602b6b,REQUIRED_NOT_CONNECTED
action,11,csv,breadth,experimental,5dbcf27110ea7385,6618c3a3df86e131,48,discriminate,explored=19|split=10|dead_end=10|unresolved=9,747529b4937d0bfb,61f396cecc602b6b,REQUIRED_NOT_CONNECTED
action,11,csv,breadth,experimental,5dbcf27110ea7385,6618c3a3df86e131,48,repair,explored=19|split=10|dead_end=10|unresolved=9,747529b4937d0bfb,61f396cecc602b6b,REQUIRED_NOT_CONNECTED
action,11,csv,breadth,experimental,5dbcf27110ea7385,6618c3a3df86e131,48,observe,explored=19|split=10|dead_end=10|unresolved=9,747529b4937d0bfb,61f396cecc602b6b,REQUIRED_NOT_CONNECTED
action,11,csv,breadth,experimental,5dbcf27110ea7385,6618c3a3df86e131,48,forge,explored=19|split=10|dead_end=10|unresolved=9,747529b4937d0bfb,61f396cecc602b6b,REQUIRED_NOT_CONNECTED
action,11,csv,breadth,experimental,5dbcf27110ea7385,6618c3a3df86e131,48,transfer,explored=19|split=10|dead_end=10|unresolved=9,747529b4937d0bfb,61f396cecc602b6b,REQUIRED_NOT_CONNECTED
action,11,csv,breadth,experimental,5dbcf27110ea7385,6618c3a3df86e131,48,discriminate,explored=19|split=10|dead_end=10|unresolved=9,747529b4937d0bfb,61f396cecc602b6b,REQUIRED_NOT_CONNECTED
action,11,csv,breadth,experimental,5dbcf27110ea7385,6618c3a3df86e131,48,repair,explored=19|split=10|dead_end=10|unresolved=9,747529b4937d0bfb,61f396cecc602b6b,REQUIRED_NOT_CONNECTED
action,11,csv,breadth,experimental,5dbcf27110ea7385,6618c3a3df86e131,48,observe,explored=19|split=10|dead_end=10|unresolved=9,747529b4937d0bfb,61f396cecc602b6b,REQUIRED_NOT_CONNECTED
action,11,csv,breadth,experimental,5dbcf27110ea7385,6618c3a3df86e131,48,forge,explored=19|split=10|dead_end=10|unresolved=9,747529b4937d0bfb,61f396cecc602b6b,REQUIRED_NOT_CONNECTED
action,11,csv,breadth,experimental,5dbcf27110ea7385,6618c3a3df86e131,48,transfer,explored=19|split=10|dead_end=10|unresolved=9,747529b4937d0bfb,61f396cecc602b6b,REQUIRED_NOT_CONNECTED
action,11,csv,breadth,experimental,5dbcf27110ea7385,6618c3a3df86e131,48,discriminate,explored=19|split=10|dead_end=10|unresolved=9,747529b4937d0bfb,61f396cecc602b6b,REQUIRED_NOT_CONNECTED
action,11,csv,breadth,experimental,5dbcf27110ea7385,6618c3a3df86e131,48,repair,explored=19|split=10|dead_end=10|unresolved=9,747529b4937d0bfb,61f396cecc602b6b,REQUIRED_NOT_CONNECTED
action,11,csv,breadth,experimental,5dbcf27110ea7385,6618c3a3df86e131,48,observe,explored=19|split=10|dead_end=10|unresolved=9,747529b4937d0bfb,61f396cecc602b6b,REQUIRED_NOT_CONNECTED
action,12,csv,balanced,conservative,3d647682265ecfa,6618c3a3df86e131,48,repair,explored=19|split=10|dead_end=10|unresolved=9,7decc7086071c600,51231f08a98c50af,REQUIRED_NOT_CONNECTED
action,12,csv,balanced,conservative,3d647682265ecfa,6618c3a3df86e131,48,discriminate,explored=19|split=10|dead_end=10|unresolved=9,7decc7086071c600,51231f08a98c50af,REQUIRED_NOT_CONNECTED
action,12,csv,balanced,conservative,3d647682265ecfa,6618c3a3df86e131,48,transfer,explored=19|split=10|dead_end=10|unresolved=9,7decc7086071c600,51231f08a98c50af,REQUIRED_NOT_CONNECTED
action,12,csv,balanced,conservative,3d647682265ecfa,6618c3a3df86e131,48,forge,explored=19|split=10|dead_end=10|unresolved=9,7decc7086071c600,51231f08a98c50af,REQUIRED_NOT_CONNECTED
action,12,csv,balanced,conservative,3d647682265ecfa,6618c3a3df86e131,48,observe,explored=19|split=10|dead_end=10|unresolved=9,7decc7086071c600,51231f08a98c50af,REQUIRED_NOT_CONNECTED
action,12,csv,balanced,conservative,3d647682265ecfa,6618c3a3df86e131,48,repair,explored=19|split=10|dead_end=10|unresolved=9,7decc7086071c600,51231f08a98c50af,REQUIRED_NOT_CONNECTED
action,12,csv,balanced,conservative,3d647682265ecfa,6618c3a3df86e131,48,discriminate,explored=19|split=10|dead_end=10|unresolved=9,7decc7086071c600,51231f08a98c50af,REQUIRED_NOT_CONNECTED
action,12,csv,balanced,conservative,3d647682265ecfa,6618c3a3df86e131,48,transfer,explored=19|split=10|dead_end=10|unresolved=9,7decc7086071c600,51231f08a98c50af,REQUIRED_NOT_CONNECTED
action,12,csv,balanced,conservative,3d647682265ecfa,6618c3a3df86e131,48,forge,explored=19|split=10|dead_end=10|unresolved=9,7decc7086071c600,51231f08a98c50af,REQUIRED_NOT_CONNECTED
action,12,csv,balanced,conservative,3d647682265ecfa,6618c3a3df86e131,48,observe,explored=19|split=10|dead_end=10|unresolved=9,7decc7086071c600,51231f08a98c50af,REQUIRED_NOT_CONNECTED
action,12,csv,balanced,conservative,3d647682265ecfa,6618c3a3df86e131,48,repair,explored=19|split=10|dead_end=10|unresolved=9,7decc7086071c600,51231f08a98c50af,REQUIRED_NOT_CONNECTED
action,12,csv,balanced,conservative,3d647682265ecfa,6618c3a3df86e131,48,discriminate,explored=19|split=10|dead_end=10|unresolved=9,7decc7086071c600,51231f08a98c50af,REQUIRED_NOT_CONNECTED
action,12,csv,balanced,conservative,3d647682265ecfa,6618c3a3df86e131,48,transfer,explored=19|split=10|dead_end=10|unresolved=9,7decc7086071c600,51231f08a98c50af,REQUIRED_NOT_CONNECTED
action,12,csv,balanced,conservative,3d647682265ecfa,6618c3a3df86e131,48,forge,explored=19|split=10|dead_end=10|unresolved=9,7decc7086071c600,51231f08a98c50af,REQUIRED_NOT_CONNECTED
action,12,csv,balanced,conservative,3d647682265ecfa,6618c3a3df86e131,48,observe,explored=19|split=10|dead_end=10|unresolved=9,7decc7086071c600,51231f08a98c50af,REQUIRED_NOT_CONNECTED
action,12,csv,balanced,conservative,3d647682265ecfa,6618c3a3df86e131,48,repair,explored=19|split=10|dead_end=10|unresolved=9,7decc7086071c600,51231f08a98c50af,REQUIRED_NOT_CONNECTED
action,12,csv,balanced,conservative,3d647682265ecfa,6618c3a3df86e131,48,discriminate,explored=19|split=10|dead_end=10|unresolved=9,7decc7086071c600,51231f08a98c50af,REQUIRED_NOT_CONNECTED
action,12,csv,balanced,conservative,3d647682265ecfa,6618c3a3df86e131,48,transfer,explored=19|split=10|dead_end=10|unresolved=9,7decc7086071c600,51231f08a98c50af,REQUIRED_NOT_CONNECTED
action,12,csv,balanced,conservative,3d647682265ecfa,6618c3a3df86e131,48,forge,explored=19|split=10|dead_end=10|unresolved=9,7decc7086071c600,51231f08a98c50af,REQUIRED_NOT_CONNECTED
action,12,csv,balanced,conservative,3d647682265ecfa,6618c3a3df86e131,48,observe,explored=19|split=10|dead_end=10|unresolved=9,7decc7086071c600,51231f08a98c50af,REQUIRED_NOT_CONNECTED
action,12,csv,balanced,conservative,3d647682265ecfa,6618c3a3df86e131,48,repair,explored=19|split=10|dead_end=10|unresolved=9,7decc7086071c600,51231f08a98c50af,REQUIRED_NOT_CONNECTED
action,12,csv,balanced,conservative,3d647682265ecfa,6618c3a3df86e131,48,discriminate,explored=19|split=10|dead_end=10|unresolved=9,7decc7086071c600,51231f08a98c50af,REQUIRED_NOT_CONNECTED
action,12,csv,balanced,conservative,3d647682265ecfa,6618c3a3df86e131,48,transfer,explored=19|split=10|dead_end=10|unresolved=9,7decc7086071c600,51231f08a98c50af,REQUIRED_NOT_CONNECTED
action,12,csv,balanced,conservative,3d647682265ecfa,6618c3a3df86e131,48,forge,explored=19|split=10|dead_end=10|unresolved=9,7decc7086071c600,51231f08a98c50af,REQUIRED_NOT_CONNECTED
action,12,csv,balanced,conservative,3d647682265ecfa,6618c3a3df86e131,48,observe,explored=19|split=10|dead_end=10|unresolved=9,7decc7086071c600,51231f08a98c50af,REQUIRED_NOT_CONNECTED
action,12,csv,balanced,conservative,3d647682265ecfa,6618c3a3df86e131,48,repair,explored=19|split=10|dead_end=10|unresolved=9,7decc7086071c600,51231f08a98c50af,REQUIRED_NOT_CONNECTED
action,12,csv,balanced,conservative,3d647682265ecfa,6618c3a3df86e131,48,discriminate,explored=19|split=10|dead_end=10|unresolved=9,7decc7086071c600,51231f08a98c50af,REQUIRED_NOT_CONNECTED
action,12,csv,balanced,conservative,3d647682265ecfa,6618c3a3df86e131,48,transfer,explored=19|split=10|dead_end=10|unresolved=9,7decc7086071c600,51231f08a98c50af,REQUIRED_NOT_CONNECTED
action,12,csv,balanced,conservative,3d647682265ecfa,6618c3a3df86e131,48,forge,explored=19|split=10|dead_end=10|unresolved=9,7decc7086071c600,51231f08a98c50af,REQUIRED_NOT_CONNECTED
action,12,csv,balanced,conservative,3d647682265ecfa,6618c3a3df86e131,48,observe,explored=19|split=10|dead_end=10|unresolved=9,7decc7086071c600,51231f08a98c50af,REQUIRED_NOT_CONNECTED
action,12,csv,balanced,conservative,3d647682265ecfa,6618c3a3df86e131,48,repair,explored=19|split=10|dead_end=10|unresolved=9,7decc7086071c600,51231f08a98c50af,REQUIRED_NOT_CONNECTED
action,12,csv,balanced,conservative,3d647682265ecfa,6618c3a3df86e131,48,discriminate,explored=19|split=10|dead_end=10|unresolved=9,7decc7086071c600,51231f08a98c50af,REQUIRED_NOT_CONNECTED
action,12,csv,balanced,conservative,3d647682265ecfa,6618c3a3df86e131,48,transfer,explored=19|split=10|dead_end=10|unresolved=9,7decc7086071c600,51231f08a98c50af,REQUIRED_NOT_CONNECTED
action,12,csv,balanced,conservative,3d647682265ecfa,6618c3a3df86e131,48,forge,explored=19|split=10|dead_end=10|unresolved=9,7decc7086071c600,51231f08a98c50af,REQUIRED_NOT_CONNECTED
action,12,csv,balanced,conservative,3d647682265ecfa,6618c3a3df86e131,48,observe,explored=19|split=10|dead_end=10|unresolved=9,7decc7086071c600,51231f08a98c50af,REQUIRED_NOT_CONNECTED
action,12,csv,balanced,conservative,3d647682265ecfa,6618c3a3df86e131,48,repair,explored=19|split=10|dead_end=10|unresolved=9,7decc7086071c600,51231f08a98c50af,REQUIRED_NOT_CONNECTED
action,12,csv,balanced,conservative,3d647682265ecfa,6618c3a3df86e131,48,discriminate,explored=19|split=10|dead_end=10|unresolved=9,7decc7086071c600,51231f08a98c50af,REQUIRED_NOT_CONNECTED
action,12,csv,balanced,conservative,3d647682265ecfa,6618c3a3df86e131,48,transfer,explored=19|split=10|dead_end=10|unresolved=9,7decc7086071c600,51231f08a98c50af,REQUIRED_NOT_CONNECTED
action,12,csv,balanced,conservative,3d647682265ecfa,6618c3a3df86e131,48,forge,explored=19|split=10|dead_end=10|unresolved=9,7decc7086071c600,51231f08a98c50af,REQUIRED_NOT_CONNECTED
action,12,csv,balanced,conservative,3d647682265ecfa,6618c3a3df86e131,48,observe,explored=19|split=10|dead_end=10|unresolved=9,7decc7086071c600,51231f08a98c50af,REQUIRED_NOT_CONNECTED
action,12,csv,balanced,conservative,3d647682265ecfa,6618c3a3df86e131,48,repair,explored=19|split=10|dead_end=10|unresolved=9,7decc7086071c600,51231f08a98c50af,REQUIRED_NOT_CONNECTED
action,12,csv,balanced,conservative,3d647682265ecfa,6618c3a3df86e131,48,discriminate,explored=19|split=10|dead_end=10|unresolved=9,7decc7086071c600,51231f08a98c50af,REQUIRED_NOT_CONNECTED
action,12,csv,balanced,conservative,3d647682265ecfa,6618c3a3df86e131,48,transfer,explored=19|split=10|dead_end=10|unresolved=9,7decc7086071c600,51231f08a98c50af,REQUIRED_NOT_CONNECTED
action,12,csv,balanced,conservative,3d647682265ecfa,6618c3a3df86e131,48,forge,explored=19|split=10|dead_end=10|unresolved=9,7decc7086071c600,51231f08a98c50af,REQUIRED_NOT_CONNECTED
action,12,csv,balanced,conservative,3d647682265ecfa,6618c3a3df86e131,48,observe,explored=19|split=10|dead_end=10|unresolved=9,7decc7086071c600,51231f08a98c50af,REQUIRED_NOT_CONNECTED
action,12,csv,balanced,conservative,3d647682265ecfa,6618c3a3df86e131,48,repair,explored=19|split=10|dead_end=10|unresolved=9,7decc7086071c600,51231f08a98c50af,REQUIRED_NOT_CONNECTED
action,12,csv,balanced,conservative,3d647682265ecfa,6618c3a3df86e131,48,discriminate,explored=19|split=10|dead_end=10|unresolved=9,7decc7086071c600,51231f08a98c50af,REQUIRED_NOT_CONNECTED
action,12,csv,balanced,conservative,3d647682265ecfa,6618c3a3df86e131,48,transfer,explored=19|split=10|dead_end=10|unresolved=9,7decc7086071c600,51231f08a98c50af,REQUIRED_NOT_CONNECTED
action,13,csv,balanced,balanced,dfc0e1aec3ce0afb,6618c3a3df86e131,48,observe,explored=19|split=10|dead_end=10|unresolved=9,3eca45f9f2763a1d,758f4e80fd5e22ce,REQUIRED_NOT_CONNECTED
action,13,csv,balanced,balanced,dfc0e1aec3ce0afb,6618c3a3df86e131,48,repair,explored=19|split=10|dead_end=10|unresolved=9,3eca45f9f2763a1d,758f4e80fd5e22ce,REQUIRED_NOT_CONNECTED
action,13,csv,balanced,balanced,dfc0e1aec3ce0afb,6618c3a3df86e131,48,discriminate,explored=19|split=10|dead_end=10|unresolved=9,3eca45f9f2763a1d,758f4e80fd5e22ce,REQUIRED_NOT_CONNECTED
action,13,csv,balanced,balanced,dfc0e1aec3ce0afb,6618c3a3df86e131,48,transfer,explored=19|split=10|dead_end=10|unresolved=9,3eca45f9f2763a1d,758f4e80fd5e22ce,REQUIRED_NOT_CONNECTED
action,13,csv,balanced,balanced,dfc0e1aec3ce0afb,6618c3a3df86e131,48,forge,explored=19|split=10|dead_end=10|unresolved=9,3eca45f9f2763a1d,758f4e80fd5e22ce,REQUIRED_NOT_CONNECTED
action,13,csv,balanced,balanced,dfc0e1aec3ce0afb,6618c3a3df86e131,48,observe,explored=19|split=10|dead_end=10|unresolved=9,3eca45f9f2763a1d,758f4e80fd5e22ce,REQUIRED_NOT_CONNECTED
action,13,csv,balanced,balanced,dfc0e1aec3ce0afb,6618c3a3df86e131,48,repair,explored=19|split=10|dead_end=10|unresolved=9,3eca45f9f2763a1d,758f4e80fd5e22ce,REQUIRED_NOT_CONNECTED
action,13,csv,balanced,balanced,dfc0e1aec3ce0afb,6618c3a3df86e131,48,discriminate,explored=19|split=10|dead_end=10|unresolved=9,3eca45f9f2763a1d,758f4e80fd5e22ce,REQUIRED_NOT_CONNECTED
action,13,csv,balanced,balanced,dfc0e1aec3ce0afb,6618c3a3df86e131,48,transfer,explored=19|split=10|dead_end=10|unresolved=9,3eca45f9f2763a1d,758f4e80fd5e22ce,REQUIRED_NOT_CONNECTED
action,13,csv,balanced,balanced,dfc0e1aec3ce0afb,6618c3a3df86e131,48,forge,explored=19|split=10|dead_end=10|unresolved=9,3eca45f9f2763a1d,758f4e80fd5e22ce,REQUIRED_NOT_CONNECTED
action,13,csv,balanced,balanced,dfc0e1aec3ce0afb,6618c3a3df86e131,48,observe,explored=19|split=10|dead_end=10|unresolved=9,3eca45f9f2763a1d,758f4e80fd5e22ce,REQUIRED_NOT_CONNECTED
action,13,csv,balanced,balanced,dfc0e1aec3ce0afb,6618c3a3df86e131,48,repair,explored=19|split=10|dead_end=10|unresolved=9,3eca45f9f2763a1d,758f4e80fd5e22ce,REQUIRED_NOT_CONNECTED
action,13,csv,balanced,balanced,dfc0e1aec3ce0afb,6618c3a3df86e131,48,discriminate,explored=19|split=10|dead_end=10|unresolved=9,3eca45f9f2763a1d,758f4e80fd5e22ce,REQUIRED_NOT_CONNECTED
action,13,csv,balanced,balanced,dfc0e1aec3ce0afb,6618c3a3df86e131,48,transfer,explored=19|split=10|dead_end=10|unresolved=9,3eca45f9f2763a1d,758f4e80fd5e22ce,REQUIRED_NOT_CONNECTED
action,13,csv,balanced,balanced,dfc0e1aec3ce0afb,6618c3a3df86e131,48,forge,explored=19|split=10|dead_end=10|unresolved=9,3eca45f9f2763a1d,758f4e80fd5e22ce,REQUIRED_NOT_CONNECTED
action,13,csv,balanced,balanced,dfc0e1aec3ce0afb,6618c3a3df86e131,48,observe,explored=19|split=10|dead_end=10|unresolved=9,3eca45f9f2763a1d,758f4e80fd5e22ce,REQUIRED_NOT_CONNECTED
action,13,csv,balanced,balanced,dfc0e1aec3ce0afb,6618c3a3df86e131,48,repair,explored=19|split=10|dead_end=10|unresolved=9,3eca45f9f2763a1d,758f4e80fd5e22ce,REQUIRED_NOT_CONNECTED
action,13,csv,balanced,balanced,dfc0e1aec3ce0afb,6618c3a3df86e131,48,discriminate,explored=19|split=10|dead_end=10|unresolved=9,3eca45f9f2763a1d,758f4e80fd5e22ce,REQUIRED_NOT_CONNECTED
action,13,csv,balanced,balanced,dfc0e1aec3ce0afb,6618c3a3df86e131,48,transfer,explored=19|split=10|dead_end=10|unresolved=9,3eca45f9f2763a1d,758f4e80fd5e22ce,REQUIRED_NOT_CONNECTED
action,13,csv,balanced,balanced,dfc0e1aec3ce0afb,6618c3a3df86e131,48,forge,explored=19|split=10|dead_end=10|unresolved=9,3eca45f9f2763a1d,758f4e80fd5e22ce,REQUIRED_NOT_CONNECTED
action,13,csv,balanced,balanced,dfc0e1aec3ce0afb,6618c3a3df86e131,48,observe,explored=19|split=10|dead_end=10|unresolved=9,3eca45f9f2763a1d,758f4e80fd5e22ce,REQUIRED_NOT_CONNECTED
action,13,csv,balanced,balanced,dfc0e1aec3ce0afb,6618c3a3df86e131,48,repair,explored=19|split=10|dead_end=10|unresolved=9,3eca45f9f2763a1d,758f4e80fd5e22ce,REQUIRED_NOT_CONNECTED
action,13,csv,balanced,balanced,dfc0e1aec3ce0afb,6618c3a3df86e131,48,discriminate,explored=19|split=10|dead_end=10|unresolved=9,3eca45f9f2763a1d,758f4e80fd5e22ce,REQUIRED_NOT_CONNECTED
action,13,csv,balanced,balanced,dfc0e1aec3ce0afb,6618c3a3df86e131,48,transfer,explored=19|split=10|dead_end=10|unresolved=9,3eca45f9f2763a1d,758f4e80fd5e22ce,REQUIRED_NOT_CONNECTED
action,13,csv,balanced,balanced,dfc0e1aec3ce0afb,6618c3a3df86e131,48,forge,explored=19|split=10|dead_end=10|unresolved=9,3eca45f9f2763a1d,758f4e80fd5e22ce,REQUIRED_NOT_CONNECTED
action,13,csv,balanced,balanced,dfc0e1aec3ce0afb,6618c3a3df86e131,48,observe,explored=19|split=10|dead_end=10|unresolved=9,3eca45f9f2763a1d,758f4e80fd5e22ce,REQUIRED_NOT_CONNECTED
action,13,csv,balanced,balanced,dfc0e1aec3ce0afb,6618c3a3df86e131,48,repair,explored=19|split=10|dead_end=10|unresolved=9,3eca45f9f2763a1d,758f4e80fd5e22ce,REQUIRED_NOT_CONNECTED
action,13,csv,balanced,balanced,dfc0e1aec3ce0afb,6618c3a3df86e131,48,discriminate,explored=19|split=10|dead_end=10|unresolved=9,3eca45f9f2763a1d,758f4e80fd5e22ce,REQUIRED_NOT_CONNECTED
action,13,csv,balanced,balanced,dfc0e1aec3ce0afb,6618c3a3df86e131,48,transfer,explored=19|split=10|dead_end=10|unresolved=9,3eca45f9f2763a1d,758f4e80fd5e22ce,REQUIRED_NOT_CONNECTED
action,13,csv,balanced,balanced,dfc0e1aec3ce0afb,6618c3a3df86e131,48,forge,explored=19|split=10|dead_end=10|unresolved=9,3eca45f9f2763a1d,758f4e80fd5e22ce,REQUIRED_NOT_CONNECTED
action,13,csv,balanced,balanced,dfc0e1aec3ce0afb,6618c3a3df86e131,48,observe,explored=19|split=10|dead_end=10|unresolved=9,3eca45f9f2763a1d,758f4e80fd5e22ce,REQUIRED_NOT_CONNECTED
action,13,csv,balanced,balanced,dfc0e1aec3ce0afb,6618c3a3df86e131,48,repair,explored=19|split=10|dead_end=10|unresolved=9,3eca45f9f2763a1d,758f4e80fd5e22ce,REQUIRED_NOT_CONNECTED
action,13,csv,balanced,balanced,dfc0e1aec3ce0afb,6618c3a3df86e131,48,discriminate,explored=19|split=10|dead_end=10|unresolved=9,3eca45f9f2763a1d,758f4e80fd5e22ce,REQUIRED_NOT_CONNECTED
action,13,csv,balanced,balanced,dfc0e1aec3ce0afb,6618c3a3df86e131,48,transfer,explored=19|split=10|dead_end=10|unresolved=9,3eca45f9f2763a1d,758f4e80fd5e22ce,REQUIRED_NOT_CONNECTED
action,13,csv,balanced,balanced,dfc0e1aec3ce0afb,6618c3a3df86e131,48,forge,explored=19|split=10|dead_end=10|unresolved=9,3eca45f9f2763a1d,758f4e80fd5e22ce,REQUIRED_NOT_CONNECTED
action,13,csv,balanced,balanced,dfc0e1aec3ce0afb,6618c3a3df86e131,48,observe,explored=19|split=10|dead_end=10|unresolved=9,3eca45f9f2763a1d,758f4e80fd5e22ce,REQUIRED_NOT_CONNECTED
action,13,csv,balanced,balanced,dfc0e1aec3ce0afb,6618c3a3df86e131,48,repair,explored=19|split=10|dead_end=10|unresolved=9,3eca45f9f2763a1d,758f4e80fd5e22ce,REQUIRED_NOT_CONNECTED
action,13,csv,balanced,balanced,dfc0e1aec3ce0afb,6618c3a3df86e131,48,discriminate,explored=19|split=10|dead_end=10|unresolved=9,3eca45f9f2763a1d,758f4e80fd5e22ce,REQUIRED_NOT_CONNECTED
action,13,csv,balanced,balanced,dfc0e1aec3ce0afb,6618c3a3df86e131,48,transfer,explored=19|split=10|dead_end=10|unresolved=9,3eca45f9f2763a1d,758f4e80fd5e22ce,REQUIRED_NOT_CONNECTED
action,13,csv,balanced,balanced,dfc0e1aec3ce0afb,6618c3a3df86e131,48,forge,explored=19|split=10|dead_end=10|unresolved=9,3eca45f9f2763a1d,758f4e80fd5e22ce,REQUIRED_NOT_CONNECTED
action,13,csv,balanced,balanced,dfc0e1aec3ce0afb,6618c3a3df86e131,48,observe,explored=19|split=10|dead_end=10|unresolved=9,3eca45f9f2763a1d,758f4e80fd5e22ce,REQUIRED_NOT_CONNECTED
action,13,csv,balanced,balanced,dfc0e1aec3ce0afb,6618c3a3df86e131,48,repair,explored=19|split=10|dead_end=10|unresolved=9,3eca45f9f2763a1d,758f4e80fd5e22ce,REQUIRED_NOT_CONNECTED
action,13,csv,balanced,balanced,dfc0e1aec3ce0afb,6618c3a3df86e131,48,discriminate,explored=19|split=10|dead_end=10|unresolved=9,3eca45f9f2763a1d,758f4e80fd5e22ce,REQUIRED_NOT_CONNECTED
action,13,csv,balanced,balanced,dfc0e1aec3ce0afb,6618c3a3df86e131,48,transfer,explored=19|split=10|dead_end=10|unresolved=9,3eca45f9f2763a1d,758f4e80fd5e22ce,REQUIRED_NOT_CONNECTED
action,13,csv,balanced,balanced,dfc0e1aec3ce0afb,6618c3a3df86e131,48,forge,explored=19|split=10|dead_end=10|unresolved=9,3eca45f9f2763a1d,758f4e80fd5e22ce,REQUIRED_NOT_CONNECTED
action,13,csv,balanced,balanced,dfc0e1aec3ce0afb,6618c3a3df86e131,48,observe,explored=19|split=10|dead_end=10|unresolved=9,3eca45f9f2763a1d,758f4e80fd5e22ce,REQUIRED_NOT_CONNECTED
action,13,csv,balanced,balanced,dfc0e1aec3ce0afb,6618c3a3df86e131,48,repair,explored=19|split=10|dead_end=10|unresolved=9,3eca45f9f2763a1d,758f4e80fd5e22ce,REQUIRED_NOT_CONNECTED
action,13,csv,balanced,balanced,dfc0e1aec3ce0afb,6618c3a3df86e131,48,discriminate,explored=19|split=10|dead_end=10|unresolved=9,3eca45f9f2763a1d,758f4e80fd5e22ce,REQUIRED_NOT_CONNECTED
action,14,csv,balanced,experimental,e5c0c68856d2b891,6618c3a3df86e131,48,forge,explored=19|split=9|dead_end=10|unresolved=10,d416fa88b39d130c,9c537dbf6ccf2ecc,REQUIRED_NOT_CONNECTED
action,14,csv,balanced,experimental,e5c0c68856d2b891,6618c3a3df86e131,48,observe,explored=19|split=9|dead_end=10|unresolved=10,d416fa88b39d130c,9c537dbf6ccf2ecc,REQUIRED_NOT_CONNECTED
action,14,csv,balanced,experimental,e5c0c68856d2b891,6618c3a3df86e131,48,repair,explored=19|split=9|dead_end=10|unresolved=10,d416fa88b39d130c,9c537dbf6ccf2ecc,REQUIRED_NOT_CONNECTED
action,14,csv,balanced,experimental,e5c0c68856d2b891,6618c3a3df86e131,48,discriminate,explored=19|split=9|dead_end=10|unresolved=10,d416fa88b39d130c,9c537dbf6ccf2ecc,REQUIRED_NOT_CONNECTED
action,14,csv,balanced,experimental,e5c0c68856d2b891,6618c3a3df86e131,48,transfer,explored=19|split=9|dead_end=10|unresolved=10,d416fa88b39d130c,9c537dbf6ccf2ecc,REQUIRED_NOT_CONNECTED
action,14,csv,balanced,experimental,e5c0c68856d2b891,6618c3a3df86e131,48,forge,explored=19|split=9|dead_end=10|unresolved=10,d416fa88b39d130c,9c537dbf6ccf2ecc,REQUIRED_NOT_CONNECTED
action,14,csv,balanced,experimental,e5c0c68856d2b891,6618c3a3df86e131,48,observe,explored=19|split=9|dead_end=10|unresolved=10,d416fa88b39d130c,9c537dbf6ccf2ecc,REQUIRED_NOT_CONNECTED
action,14,csv,balanced,experimental,e5c0c68856d2b891,6618c3a3df86e131,48,repair,explored=19|split=9|dead_end=10|unresolved=10,d416fa88b39d130c,9c537dbf6ccf2ecc,REQUIRED_NOT_CONNECTED
action,14,csv,balanced,experimental,e5c0c68856d2b891,6618c3a3df86e131,48,discriminate,explored=19|split=9|dead_end=10|unresolved=10,d416fa88b39d130c,9c537dbf6ccf2ecc,REQUIRED_NOT_CONNECTED
action,14,csv,balanced,experimental,e5c0c68856d2b891,6618c3a3df86e131,48,transfer,explored=19|split=9|dead_end=10|unresolved=10,d416fa88b39d130c,9c537dbf6ccf2ecc,REQUIRED_NOT_CONNECTED
action,14,csv,balanced,experimental,e5c0c68856d2b891,6618c3a3df86e131,48,forge,explored=19|split=9|dead_end=10|unresolved=10,d416fa88b39d130c,9c537dbf6ccf2ecc,REQUIRED_NOT_CONNECTED
action,14,csv,balanced,experimental,e5c0c68856d2b891,6618c3a3df86e131,48,observe,explored=19|split=9|dead_end=10|unresolved=10,d416fa88b39d130c,9c537dbf6ccf2ecc,REQUIRED_NOT_CONNECTED
action,14,csv,balanced,experimental,e5c0c68856d2b891,6618c3a3df86e131,48,repair,explored=19|split=9|dead_end=10|unresolved=10,d416fa88b39d130c,9c537dbf6ccf2ecc,REQUIRED_NOT_CONNECTED
action,14,csv,balanced,experimental,e5c0c68856d2b891,6618c3a3df86e131,48,discriminate,explored=19|split=9|dead_end=10|unresolved=10,d416fa88b39d130c,9c537dbf6ccf2ecc,REQUIRED_NOT_CONNECTED
action,14,csv,balanced,experimental,e5c0c68856d2b891,6618c3a3df86e131,48,transfer,explored=19|split=9|dead_end=10|unresolved=10,d416fa88b39d130c,9c537dbf6ccf2ecc,REQUIRED_NOT_CONNECTED
action,14,csv,balanced,experimental,e5c0c68856d2b891,6618c3a3df86e131,48,forge,explored=19|split=9|dead_end=10|unresolved=10,d416fa88b39d130c,9c537dbf6ccf2ecc,REQUIRED_NOT_CONNECTED
action,14,csv,balanced,experimental,e5c0c68856d2b891,6618c3a3df86e131,48,observe,explored=19|split=9|dead_end=10|unresolved=10,d416fa88b39d130c,9c537dbf6ccf2ecc,REQUIRED_NOT_CONNECTED
action,14,csv,balanced,experimental,e5c0c68856d2b891,6618c3a3df86e131,48,repair,explored=19|split=9|dead_end=10|unresolved=10,d416fa88b39d130c,9c537dbf6ccf2ecc,REQUIRED_NOT_CONNECTED
action,14,csv,balanced,experimental,e5c0c68856d2b891,6618c3a3df86e131,48,discriminate,explored=19|split=9|dead_end=10|unresolved=10,d416fa88b39d130c,9c537dbf6ccf2ecc,REQUIRED_NOT_CONNECTED
action,14,csv,balanced,experimental,e5c0c68856d2b891,6618c3a3df86e131,48,transfer,explored=19|split=9|dead_end=10|unresolved=10,d416fa88b39d130c,9c537dbf6ccf2ecc,REQUIRED_NOT_CONNECTED
action,14,csv,balanced,experimental,e5c0c68856d2b891,6618c3a3df86e131,48,forge,explored=19|split=9|dead_end=10|unresolved=10,d416fa88b39d130c,9c537dbf6ccf2ecc,REQUIRED_NOT_CONNECTED
action,14,csv,balanced,experimental,e5c0c68856d2b891,6618c3a3df86e131,48,observe,explored=19|split=9|dead_end=10|unresolved=10,d416fa88b39d130c,9c537dbf6ccf2ecc,REQUIRED_NOT_CONNECTED
action,14,csv,balanced,experimental,e5c0c68856d2b891,6618c3a3df86e131,48,repair,explored=19|split=9|dead_end=10|unresolved=10,d416fa88b39d130c,9c537dbf6ccf2ecc,REQUIRED_NOT_CONNECTED
action,14,csv,balanced,experimental,e5c0c68856d2b891,6618c3a3df86e131,48,discriminate,explored=19|split=9|dead_end=10|unresolved=10,d416fa88b39d130c,9c537dbf6ccf2ecc,REQUIRED_NOT_CONNECTED
action,14,csv,balanced,experimental,e5c0c68856d2b891,6618c3a3df86e131,48,transfer,explored=19|split=9|dead_end=10|unresolved=10,d416fa88b39d130c,9c537dbf6ccf2ecc,REQUIRED_NOT_CONNECTED
action,14,csv,balanced,experimental,e5c0c68856d2b891,6618c3a3df86e131,48,forge,explored=19|split=9|dead_end=10|unresolved=10,d416fa88b39d130c,9c537dbf6ccf2ecc,REQUIRED_NOT_CONNECTED
action,14,csv,balanced,experimental,e5c0c68856d2b891,6618c3a3df86e131,48,observe,explored=19|split=9|dead_end=10|unresolved=10,d416fa88b39d130c,9c537dbf6ccf2ecc,REQUIRED_NOT_CONNECTED
action,14,csv,balanced,experimental,e5c0c68856d2b891,6618c3a3df86e131,48,repair,explored=19|split=9|dead_end=10|unresolved=10,d416fa88b39d130c,9c537dbf6ccf2ecc,REQUIRED_NOT_CONNECTED
action,14,csv,balanced,experimental,e5c0c68856d2b891,6618c3a3df86e131,48,discriminate,explored=19|split=9|dead_end=10|unresolved=10,d416fa88b39d130c,9c537dbf6ccf2ecc,REQUIRED_NOT_CONNECTED
action,14,csv,balanced,experimental,e5c0c68856d2b891,6618c3a3df86e131,48,transfer,explored=19|split=9|dead_end=10|unresolved=10,d416fa88b39d130c,9c537dbf6ccf2ecc,REQUIRED_NOT_CONNECTED
action,14,csv,balanced,experimental,e5c0c68856d2b891,6618c3a3df86e131,48,forge,explored=19|split=9|dead_end=10|unresolved=10,d416fa88b39d130c,9c537dbf6ccf2ecc,REQUIRED_NOT_CONNECTED
action,14,csv,balanced,experimental,e5c0c68856d2b891,6618c3a3df86e131,48,observe,explored=19|split=9|dead_end=10|unresolved=10,d416fa88b39d130c,9c537dbf6ccf2ecc,REQUIRED_NOT_CONNECTED
action,14,csv,balanced,experimental,e5c0c68856d2b891,6618c3a3df86e131,48,repair,explored=19|split=9|dead_end=10|unresolved=10,d416fa88b39d130c,9c537dbf6ccf2ecc,REQUIRED_NOT_CONNECTED
action,14,csv,balanced,experimental,e5c0c68856d2b891,6618c3a3df86e131,48,discriminate,explored=19|split=9|dead_end=10|unresolved=10,d416fa88b39d130c,9c537dbf6ccf2ecc,REQUIRED_NOT_CONNECTED
action,14,csv,balanced,experimental,e5c0c68856d2b891,6618c3a3df86e131,48,transfer,explored=19|split=9|dead_end=10|unresolved=10,d416fa88b39d130c,9c537dbf6ccf2ecc,REQUIRED_NOT_CONNECTED
action,14,csv,balanced,experimental,e5c0c68856d2b891,6618c3a3df86e131,48,forge,explored=19|split=9|dead_end=10|unresolved=10,d416fa88b39d130c,9c537dbf6ccf2ecc,REQUIRED_NOT_CONNECTED
action,14,csv,balanced,experimental,e5c0c68856d2b891,6618c3a3df86e131,48,observe,explored=19|split=9|dead_end=10|unresolved=10,d416fa88b39d130c,9c537dbf6ccf2ecc,REQUIRED_NOT_CONNECTED
action,14,csv,balanced,experimental,e5c0c68856d2b891,6618c3a3df86e131,48,repair,explored=19|split=9|dead_end=10|unresolved=10,d416fa88b39d130c,9c537dbf6ccf2ecc,REQUIRED_NOT_CONNECTED
action,14,csv,balanced,experimental,e5c0c68856d2b891,6618c3a3df86e131,48,discriminate,explored=19|split=9|dead_end=10|unresolved=10,d416fa88b39d130c,9c537dbf6ccf2ecc,REQUIRED_NOT_CONNECTED
action,14,csv,balanced,experimental,e5c0c68856d2b891,6618c3a3df86e131,48,transfer,explored=19|split=9|dead_end=10|unresolved=10,d416fa88b39d130c,9c537dbf6ccf2ecc,REQUIRED_NOT_CONNECTED
action,14,csv,balanced,experimental,e5c0c68856d2b891,6618c3a3df86e131,48,forge,explored=19|split=9|dead_end=10|unresolved=10,d416fa88b39d130c,9c537dbf6ccf2ecc,REQUIRED_NOT_CONNECTED
action,14,csv,balanced,experimental,e5c0c68856d2b891,6618c3a3df86e131,48,observe,explored=19|split=9|dead_end=10|unresolved=10,d416fa88b39d130c,9c537dbf6ccf2ecc,REQUIRED_NOT_CONNECTED
action,14,csv,balanced,experimental,e5c0c68856d2b891,6618c3a3df86e131,48,repair,explored=19|split=9|dead_end=10|unresolved=10,d416fa88b39d130c,9c537dbf6ccf2ecc,REQUIRED_NOT_CONNECTED
action,14,csv,balanced,experimental,e5c0c68856d2b891,6618c3a3df86e131,48,discriminate,explored=19|split=9|dead_end=10|unresolved=10,d416fa88b39d130c,9c537dbf6ccf2ecc,REQUIRED_NOT_CONNECTED
action,14,csv,balanced,experimental,e5c0c68856d2b891,6618c3a3df86e131,48,transfer,explored=19|split=9|dead_end=10|unresolved=10,d416fa88b39d130c,9c537dbf6ccf2ecc,REQUIRED_NOT_CONNECTED
action,14,csv,balanced,experimental,e5c0c68856d2b891,6618c3a3df86e131,48,forge,explored=19|split=9|dead_end=10|unresolved=10,d416fa88b39d130c,9c537dbf6ccf2ecc,REQUIRED_NOT_CONNECTED
action,14,csv,balanced,experimental,e5c0c68856d2b891,6618c3a3df86e131,48,observe,explored=19|split=9|dead_end=10|unresolved=10,d416fa88b39d130c,9c537dbf6ccf2ecc,REQUIRED_NOT_CONNECTED
action,14,csv,balanced,experimental,e5c0c68856d2b891,6618c3a3df86e131,48,repair,explored=19|split=9|dead_end=10|unresolved=10,d416fa88b39d130c,9c537dbf6ccf2ecc,REQUIRED_NOT_CONNECTED
action,15,csv,depth_repair,conservative,1042c6a897410c1b,6618c3a3df86e131,48,transfer,explored=19|split=9|dead_end=10|unresolved=10,4e6b3ae3698efe62,c4fc4dbcd14b0863,REQUIRED_NOT_CONNECTED
action,15,csv,depth_repair,conservative,1042c6a897410c1b,6618c3a3df86e131,48,repair,explored=19|split=9|dead_end=10|unresolved=10,4e6b3ae3698efe62,c4fc4dbcd14b0863,REQUIRED_NOT_CONNECTED
action,15,csv,depth_repair,conservative,1042c6a897410c1b,6618c3a3df86e131,48,forge,explored=19|split=9|dead_end=10|unresolved=10,4e6b3ae3698efe62,c4fc4dbcd14b0863,REQUIRED_NOT_CONNECTED
action,15,csv,depth_repair,conservative,1042c6a897410c1b,6618c3a3df86e131,48,discriminate,explored=19|split=9|dead_end=10|unresolved=10,4e6b3ae3698efe62,c4fc4dbcd14b0863,REQUIRED_NOT_CONNECTED
action,15,csv,depth_repair,conservative,1042c6a897410c1b,6618c3a3df86e131,48,observe,explored=19|split=9|dead_end=10|unresolved=10,4e6b3ae3698efe62,c4fc4dbcd14b0863,REQUIRED_NOT_CONNECTED
action,15,csv,depth_repair,conservative,1042c6a897410c1b,6618c3a3df86e131,48,transfer,explored=19|split=9|dead_end=10|unresolved=10,4e6b3ae3698efe62,c4fc4dbcd14b0863,REQUIRED_NOT_CONNECTED
action,15,csv,depth_repair,conservative,1042c6a897410c1b,6618c3a3df86e131,48,repair,explored=19|split=9|dead_end=10|unresolved=10,4e6b3ae3698efe62,c4fc4dbcd14b0863,REQUIRED_NOT_CONNECTED
action,15,csv,depth_repair,conservative,1042c6a897410c1b,6618c3a3df86e131,48,forge,explored=19|split=9|dead_end=10|unresolved=10,4e6b3ae3698efe62,c4fc4dbcd14b0863,REQUIRED_NOT_CONNECTED
action,15,csv,depth_repair,conservative,1042c6a897410c1b,6618c3a3df86e131,48,discriminate,explored=19|split=9|dead_end=10|unresolved=10,4e6b3ae3698efe62,c4fc4dbcd14b0863,REQUIRED_NOT_CONNECTED
action,15,csv,depth_repair,conservative,1042c6a897410c1b,6618c3a3df86e131,48,observe,explored=19|split=9|dead_end=10|unresolved=10,4e6b3ae3698efe62,c4fc4dbcd14b0863,REQUIRED_NOT_CONNECTED
action,15,csv,depth_repair,conservative,1042c6a897410c1b,6618c3a3df86e131,48,transfer,explored=19|split=9|dead_end=10|unresolved=10,4e6b3ae3698efe62,c4fc4dbcd14b0863,REQUIRED_NOT_CONNECTED
action,15,csv,depth_repair,conservative,1042c6a897410c1b,6618c3a3df86e131,48,repair,explored=19|split=9|dead_end=10|unresolved=10,4e6b3ae3698efe62,c4fc4dbcd14b0863,REQUIRED_NOT_CONNECTED
action,15,csv,depth_repair,conservative,1042c6a897410c1b,6618c3a3df86e131,48,forge,explored=19|split=9|dead_end=10|unresolved=10,4e6b3ae3698efe62,c4fc4dbcd14b0863,REQUIRED_NOT_CONNECTED
action,15,csv,depth_repair,conservative,1042c6a897410c1b,6618c3a3df86e131,48,discriminate,explored=19|split=9|dead_end=10|unresolved=10,4e6b3ae3698efe62,c4fc4dbcd14b0863,REQUIRED_NOT_CONNECTED
action,15,csv,depth_repair,conservative,1042c6a897410c1b,6618c3a3df86e131,48,observe,explored=19|split=9|dead_end=10|unresolved=10,4e6b3ae3698efe62,c4fc4dbcd14b0863,REQUIRED_NOT_CONNECTED
action,15,csv,depth_repair,conservative,1042c6a897410c1b,6618c3a3df86e131,48,transfer,explored=19|split=9|dead_end=10|unresolved=10,4e6b3ae3698efe62,c4fc4dbcd14b0863,REQUIRED_NOT_CONNECTED
action,15,csv,depth_repair,conservative,1042c6a897410c1b,6618c3a3df86e131,48,repair,explored=19|split=9|dead_end=10|unresolved=10,4e6b3ae3698efe62,c4fc4dbcd14b0863,REQUIRED_NOT_CONNECTED
action,15,csv,depth_repair,conservative,1042c6a897410c1b,6618c3a3df86e131,48,forge,explored=19|split=9|dead_end=10|unresolved=10,4e6b3ae3698efe62,c4fc4dbcd14b0863,REQUIRED_NOT_CONNECTED
action,15,csv,depth_repair,conservative,1042c6a897410c1b,6618c3a3df86e131,48,discriminate,explored=19|split=9|dead_end=10|unresolved=10,4e6b3ae3698efe62,c4fc4dbcd14b0863,REQUIRED_NOT_CONNECTED
action,15,csv,depth_repair,conservative,1042c6a897410c1b,6618c3a3df86e131,48,observe,explored=19|split=9|dead_end=10|unresolved=10,4e6b3ae3698efe62,c4fc4dbcd14b0863,REQUIRED_NOT_CONNECTED
action,15,csv,depth_repair,conservative,1042c6a897410c1b,6618c3a3df86e131,48,transfer,explored=19|split=9|dead_end=10|unresolved=10,4e6b3ae3698efe62,c4fc4dbcd14b0863,REQUIRED_NOT_CONNECTED
action,15,csv,depth_repair,conservative,1042c6a897410c1b,6618c3a3df86e131,48,repair,explored=19|split=9|dead_end=10|unresolved=10,4e6b3ae3698efe62,c4fc4dbcd14b0863,REQUIRED_NOT_CONNECTED
action,15,csv,depth_repair,conservative,1042c6a897410c1b,6618c3a3df86e131,48,forge,explored=19|split=9|dead_end=10|unresolved=10,4e6b3ae3698efe62,c4fc4dbcd14b0863,REQUIRED_NOT_CONNECTED
action,15,csv,depth_repair,conservative,1042c6a897410c1b,6618c3a3df86e131,48,discriminate,explored=19|split=9|dead_end=10|unresolved=10,4e6b3ae3698efe62,c4fc4dbcd14b0863,REQUIRED_NOT_CONNECTED
action,15,csv,depth_repair,conservative,1042c6a897410c1b,6618c3a3df86e131,48,observe,explored=19|split=9|dead_end=10|unresolved=10,4e6b3ae3698efe62,c4fc4dbcd14b0863,REQUIRED_NOT_CONNECTED
action,15,csv,depth_repair,conservative,1042c6a897410c1b,6618c3a3df86e131,48,transfer,explored=19|split=9|dead_end=10|unresolved=10,4e6b3ae3698efe62,c4fc4dbcd14b0863,REQUIRED_NOT_CONNECTED
action,15,csv,depth_repair,conservative,1042c6a897410c1b,6618c3a3df86e131,48,repair,explored=19|split=9|dead_end=10|unresolved=10,4e6b3ae3698efe62,c4fc4dbcd14b0863,REQUIRED_NOT_CONNECTED
action,15,csv,depth_repair,conservative,1042c6a897410c1b,6618c3a3df86e131,48,forge,explored=19|split=9|dead_end=10|unresolved=10,4e6b3ae3698efe62,c4fc4dbcd14b0863,REQUIRED_NOT_CONNECTED
action,15,csv,depth_repair,conservative,1042c6a897410c1b,6618c3a3df86e131,48,discriminate,explored=19|split=9|dead_end=10|unresolved=10,4e6b3ae3698efe62,c4fc4dbcd14b0863,REQUIRED_NOT_CONNECTED
action,15,csv,depth_repair,conservative,1042c6a897410c1b,6618c3a3df86e131,48,observe,explored=19|split=9|dead_end=10|unresolved=10,4e6b3ae3698efe62,c4fc4dbcd14b0863,REQUIRED_NOT_CONNECTED
action,15,csv,depth_repair,conservative,1042c6a897410c1b,6618c3a3df86e131,48,transfer,explored=19|split=9|dead_end=10|unresolved=10,4e6b3ae3698efe62,c4fc4dbcd14b0863,REQUIRED_NOT_CONNECTED
action,15,csv,depth_repair,conservative,1042c6a897410c1b,6618c3a3df86e131,48,repair,explored=19|split=9|dead_end=10|unresolved=10,4e6b3ae3698efe62,c4fc4dbcd14b0863,REQUIRED_NOT_CONNECTED
action,15,csv,depth_repair,conservative,1042c6a897410c1b,6618c3a3df86e131,48,forge,explored=19|split=9|dead_end=10|unresolved=10,4e6b3ae3698efe62,c4fc4dbcd14b0863,REQUIRED_NOT_CONNECTED
action,15,csv,depth_repair,conservative,1042c6a897410c1b,6618c3a3df86e131,48,discriminate,explored=19|split=9|dead_end=10|unresolved=10,4e6b3ae3698efe62,c4fc4dbcd14b0863,REQUIRED_NOT_CONNECTED
action,15,csv,depth_repair,conservative,1042c6a897410c1b,6618c3a3df86e131,48,observe,explored=19|split=9|dead_end=10|unresolved=10,4e6b3ae3698efe62,c4fc4dbcd14b0863,REQUIRED_NOT_CONNECTED
action,15,csv,depth_repair,conservative,1042c6a897410c1b,6618c3a3df86e131,48,transfer,explored=19|split=9|dead_end=10|unresolved=10,4e6b3ae3698efe62,c4fc4dbcd14b0863,REQUIRED_NOT_CONNECTED
action,15,csv,depth_repair,conservative,1042c6a897410c1b,6618c3a3df86e131,48,repair,explored=19|split=9|dead_end=10|unresolved=10,4e6b3ae3698efe62,c4fc4dbcd14b0863,REQUIRED_NOT_CONNECTED
action,15,csv,depth_repair,conservative,1042c6a897410c1b,6618c3a3df86e131,48,forge,explored=19|split=9|dead_end=10|unresolved=10,4e6b3ae3698efe62,c4fc4dbcd14b0863,REQUIRED_NOT_CONNECTED
action,15,csv,depth_repair,conservative,1042c6a897410c1b,6618c3a3df86e131,48,discriminate,explored=19|split=9|dead_end=10|unresolved=10,4e6b3ae3698efe62,c4fc4dbcd14b0863,REQUIRED_NOT_CONNECTED
action,15,csv,depth_repair,conservative,1042c6a897410c1b,6618c3a3df86e131,48,observe,explored=19|split=9|dead_end=10|unresolved=10,4e6b3ae3698efe62,c4fc4dbcd14b0863,REQUIRED_NOT_CONNECTED
action,15,csv,depth_repair,conservative,1042c6a897410c1b,6618c3a3df86e131,48,transfer,explored=19|split=9|dead_end=10|unresolved=10,4e6b3ae3698efe62,c4fc4dbcd14b0863,REQUIRED_NOT_CONNECTED
action,15,csv,depth_repair,conservative,1042c6a897410c1b,6618c3a3df86e131,48,repair,explored=19|split=9|dead_end=10|unresolved=10,4e6b3ae3698efe62,c4fc4dbcd14b0863,REQUIRED_NOT_CONNECTED
action,15,csv,depth_repair,conservative,1042c6a897410c1b,6618c3a3df86e131,48,forge,explored=19|split=9|dead_end=10|unresolved=10,4e6b3ae3698efe62,c4fc4dbcd14b0863,REQUIRED_NOT_CONNECTED
action,15,csv,depth_repair,conservative,1042c6a897410c1b,6618c3a3df86e131,48,discriminate,explored=19|split=9|dead_end=10|unresolved=10,4e6b3ae3698efe62,c4fc4dbcd14b0863,REQUIRED_NOT_CONNECTED
action,15,csv,depth_repair,conservative,1042c6a897410c1b,6618c3a3df86e131,48,observe,explored=19|split=9|dead_end=10|unresolved=10,4e6b3ae3698efe62,c4fc4dbcd14b0863,REQUIRED_NOT_CONNECTED
action,15,csv,depth_repair,conservative,1042c6a897410c1b,6618c3a3df86e131,48,transfer,explored=19|split=9|dead_end=10|unresolved=10,4e6b3ae3698efe62,c4fc4dbcd14b0863,REQUIRED_NOT_CONNECTED
action,15,csv,depth_repair,conservative,1042c6a897410c1b,6618c3a3df86e131,48,repair,explored=19|split=9|dead_end=10|unresolved=10,4e6b3ae3698efe62,c4fc4dbcd14b0863,REQUIRED_NOT_CONNECTED
action,15,csv,depth_repair,conservative,1042c6a897410c1b,6618c3a3df86e131,48,forge,explored=19|split=9|dead_end=10|unresolved=10,4e6b3ae3698efe62,c4fc4dbcd14b0863,REQUIRED_NOT_CONNECTED
action,16,csv,depth_repair,balanced,8c7972e20d7a27fa,6618c3a3df86e131,48,discriminate,explored=20|split=10|dead_end=9|unresolved=9,c125a52bd4ac6f7,2e76971943778b57,REQUIRED_NOT_CONNECTED
action,16,csv,depth_repair,balanced,8c7972e20d7a27fa,6618c3a3df86e131,48,observe,explored=20|split=10|dead_end=9|unresolved=9,c125a52bd4ac6f7,2e76971943778b57,REQUIRED_NOT_CONNECTED
action,16,csv,depth_repair,balanced,8c7972e20d7a27fa,6618c3a3df86e131,48,transfer,explored=20|split=10|dead_end=9|unresolved=9,c125a52bd4ac6f7,2e76971943778b57,REQUIRED_NOT_CONNECTED
action,16,csv,depth_repair,balanced,8c7972e20d7a27fa,6618c3a3df86e131,48,repair,explored=20|split=10|dead_end=9|unresolved=9,c125a52bd4ac6f7,2e76971943778b57,REQUIRED_NOT_CONNECTED
action,16,csv,depth_repair,balanced,8c7972e20d7a27fa,6618c3a3df86e131,48,forge,explored=20|split=10|dead_end=9|unresolved=9,c125a52bd4ac6f7,2e76971943778b57,REQUIRED_NOT_CONNECTED
action,16,csv,depth_repair,balanced,8c7972e20d7a27fa,6618c3a3df86e131,48,discriminate,explored=20|split=10|dead_end=9|unresolved=9,c125a52bd4ac6f7,2e76971943778b57,REQUIRED_NOT_CONNECTED
action,16,csv,depth_repair,balanced,8c7972e20d7a27fa,6618c3a3df86e131,48,observe,explored=20|split=10|dead_end=9|unresolved=9,c125a52bd4ac6f7,2e76971943778b57,REQUIRED_NOT_CONNECTED
action,16,csv,depth_repair,balanced,8c7972e20d7a27fa,6618c3a3df86e131,48,transfer,explored=20|split=10|dead_end=9|unresolved=9,c125a52bd4ac6f7,2e76971943778b57,REQUIRED_NOT_CONNECTED
action,16,csv,depth_repair,balanced,8c7972e20d7a27fa,6618c3a3df86e131,48,repair,explored=20|split=10|dead_end=9|unresolved=9,c125a52bd4ac6f7,2e76971943778b57,REQUIRED_NOT_CONNECTED
action,16,csv,depth_repair,balanced,8c7972e20d7a27fa,6618c3a3df86e131,48,forge,explored=20|split=10|dead_end=9|unresolved=9,c125a52bd4ac6f7,2e76971943778b57,REQUIRED_NOT_CONNECTED
action,16,csv,depth_repair,balanced,8c7972e20d7a27fa,6618c3a3df86e131,48,discriminate,explored=20|split=10|dead_end=9|unresolved=9,c125a52bd4ac6f7,2e76971943778b57,REQUIRED_NOT_CONNECTED
action,16,csv,depth_repair,balanced,8c7972e20d7a27fa,6618c3a3df86e131,48,observe,explored=20|split=10|dead_end=9|unresolved=9,c125a52bd4ac6f7,2e76971943778b57,REQUIRED_NOT_CONNECTED
action,16,csv,depth_repair,balanced,8c7972e20d7a27fa,6618c3a3df86e131,48,transfer,explored=20|split=10|dead_end=9|unresolved=9,c125a52bd4ac6f7,2e76971943778b57,REQUIRED_NOT_CONNECTED
action,16,csv,depth_repair,balanced,8c7972e20d7a27fa,6618c3a3df86e131,48,repair,explored=20|split=10|dead_end=9|unresolved=9,c125a52bd4ac6f7,2e76971943778b57,REQUIRED_NOT_CONNECTED
action,16,csv,depth_repair,balanced,8c7972e20d7a27fa,6618c3a3df86e131,48,forge,explored=20|split=10|dead_end=9|unresolved=9,c125a52bd4ac6f7,2e76971943778b57,REQUIRED_NOT_CONNECTED
action,16,csv,depth_repair,balanced,8c7972e20d7a27fa,6618c3a3df86e131,48,discriminate,explored=20|split=10|dead_end=9|unresolved=9,c125a52bd4ac6f7,2e76971943778b57,REQUIRED_NOT_CONNECTED
action,16,csv,depth_repair,balanced,8c7972e20d7a27fa,6618c3a3df86e131,48,observe,explored=20|split=10|dead_end=9|unresolved=9,c125a52bd4ac6f7,2e76971943778b57,REQUIRED_NOT_CONNECTED
action,16,csv,depth_repair,balanced,8c7972e20d7a27fa,6618c3a3df86e131,48,transfer,explored=20|split=10|dead_end=9|unresolved=9,c125a52bd4ac6f7,2e76971943778b57,REQUIRED_NOT_CONNECTED
action,16,csv,depth_repair,balanced,8c7972e20d7a27fa,6618c3a3df86e131,48,repair,explored=20|split=10|dead_end=9|unresolved=9,c125a52bd4ac6f7,2e76971943778b57,REQUIRED_NOT_CONNECTED
action,16,csv,depth_repair,balanced,8c7972e20d7a27fa,6618c3a3df86e131,48,forge,explored=20|split=10|dead_end=9|unresolved=9,c125a52bd4ac6f7,2e76971943778b57,REQUIRED_NOT_CONNECTED
action,16,csv,depth_repair,balanced,8c7972e20d7a27fa,6618c3a3df86e131,48,discriminate,explored=20|split=10|dead_end=9|unresolved=9,c125a52bd4ac6f7,2e76971943778b57,REQUIRED_NOT_CONNECTED
action,16,csv,depth_repair,balanced,8c7972e20d7a27fa,6618c3a3df86e131,48,observe,explored=20|split=10|dead_end=9|unresolved=9,c125a52bd4ac6f7,2e76971943778b57,REQUIRED_NOT_CONNECTED
action,16,csv,depth_repair,balanced,8c7972e20d7a27fa,6618c3a3df86e131,48,transfer,explored=20|split=10|dead_end=9|unresolved=9,c125a52bd4ac6f7,2e76971943778b57,REQUIRED_NOT_CONNECTED
action,16,csv,depth_repair,balanced,8c7972e20d7a27fa,6618c3a3df86e131,48,repair,explored=20|split=10|dead_end=9|unresolved=9,c125a52bd4ac6f7,2e76971943778b57,REQUIRED_NOT_CONNECTED
action,16,csv,depth_repair,balanced,8c7972e20d7a27fa,6618c3a3df86e131,48,forge,explored=20|split=10|dead_end=9|unresolved=9,c125a52bd4ac6f7,2e76971943778b57,REQUIRED_NOT_CONNECTED
action,16,csv,depth_repair,balanced,8c7972e20d7a27fa,6618c3a3df86e131,48,discriminate,explored=20|split=10|dead_end=9|unresolved=9,c125a52bd4ac6f7,2e76971943778b57,REQUIRED_NOT_CONNECTED
action,16,csv,depth_repair,balanced,8c7972e20d7a27fa,6618c3a3df86e131,48,observe,explored=20|split=10|dead_end=9|unresolved=9,c125a52bd4ac6f7,2e76971943778b57,REQUIRED_NOT_CONNECTED
action,16,csv,depth_repair,balanced,8c7972e20d7a27fa,6618c3a3df86e131,48,transfer,explored=20|split=10|dead_end=9|unresolved=9,c125a52bd4ac6f7,2e76971943778b57,REQUIRED_NOT_CONNECTED
action,16,csv,depth_repair,balanced,8c7972e20d7a27fa,6618c3a3df86e131,48,repair,explored=20|split=10|dead_end=9|unresolved=9,c125a52bd4ac6f7,2e76971943778b57,REQUIRED_NOT_CONNECTED
action,16,csv,depth_repair,balanced,8c7972e20d7a27fa,6618c3a3df86e131,48,forge,explored=20|split=10|dead_end=9|unresolved=9,c125a52bd4ac6f7,2e76971943778b57,REQUIRED_NOT_CONNECTED
action,16,csv,depth_repair,balanced,8c7972e20d7a27fa,6618c3a3df86e131,48,discriminate,explored=20|split=10|dead_end=9|unresolved=9,c125a52bd4ac6f7,2e76971943778b57,REQUIRED_NOT_CONNECTED
action,16,csv,depth_repair,balanced,8c7972e20d7a27fa,6618c3a3df86e131,48,observe,explored=20|split=10|dead_end=9|unresolved=9,c125a52bd4ac6f7,2e76971943778b57,REQUIRED_NOT_CONNECTED
action,16,csv,depth_repair,balanced,8c7972e20d7a27fa,6618c3a3df86e131,48,transfer,explored=20|split=10|dead_end=9|unresolved=9,c125a52bd4ac6f7,2e76971943778b57,REQUIRED_NOT_CONNECTED
action,16,csv,depth_repair,balanced,8c7972e20d7a27fa,6618c3a3df86e131,48,repair,explored=20|split=10|dead_end=9|unresolved=9,c125a52bd4ac6f7,2e76971943778b57,REQUIRED_NOT_CONNECTED
action,16,csv,depth_repair,balanced,8c7972e20d7a27fa,6618c3a3df86e131,48,forge,explored=20|split=10|dead_end=9|unresolved=9,c125a52bd4ac6f7,2e76971943778b57,REQUIRED_NOT_CONNECTED
action,16,csv,depth_repair,balanced,8c7972e20d7a27fa,6618c3a3df86e131,48,discriminate,explored=20|split=10|dead_end=9|unresolved=9,c125a52bd4ac6f7,2e76971943778b57,REQUIRED_NOT_CONNECTED
action,16,csv,depth_repair,balanced,8c7972e20d7a27fa,6618c3a3df86e131,48,observe,explored=20|split=10|dead_end=9|unresolved=9,c125a52bd4ac6f7,2e76971943778b57,REQUIRED_NOT_CONNECTED
action,16,csv,depth_repair,balanced,8c7972e20d7a27fa,6618c3a3df86e131,48,transfer,explored=20|split=10|dead_end=9|unresolved=9,c125a52bd4ac6f7,2e76971943778b57,REQUIRED_NOT_CONNECTED
action,16,csv,depth_repair,balanced,8c7972e20d7a27fa,6618c3a3df86e131,48,repair,explored=20|split=10|dead_end=9|unresolved=9,c125a52bd4ac6f7,2e76971943778b57,REQUIRED_NOT_CONNECTED
action,16,csv,depth_repair,balanced,8c7972e20d7a27fa,6618c3a3df86e131,48,forge,explored=20|split=10|dead_end=9|unresolved=9,c125a52bd4ac6f7,2e76971943778b57,REQUIRED_NOT_CONNECTED
action,16,csv,depth_repair,balanced,8c7972e20d7a27fa,6618c3a3df86e131,48,discriminate,explored=20|split=10|dead_end=9|unresolved=9,c125a52bd4ac6f7,2e76971943778b57,REQUIRED_NOT_CONNECTED
action,16,csv,depth_repair,balanced,8c7972e20d7a27fa,6618c3a3df86e131,48,observe,explored=20|split=10|dead_end=9|unresolved=9,c125a52bd4ac6f7,2e76971943778b57,REQUIRED_NOT_CONNECTED
action,16,csv,depth_repair,balanced,8c7972e20d7a27fa,6618c3a3df86e131,48,transfer,explored=20|split=10|dead_end=9|unresolved=9,c125a52bd4ac6f7,2e76971943778b57,REQUIRED_NOT_CONNECTED
action,16,csv,depth_repair,balanced,8c7972e20d7a27fa,6618c3a3df86e131,48,repair,explored=20|split=10|dead_end=9|unresolved=9,c125a52bd4ac6f7,2e76971943778b57,REQUIRED_NOT_CONNECTED
action,16,csv,depth_repair,balanced,8c7972e20d7a27fa,6618c3a3df86e131,48,forge,explored=20|split=10|dead_end=9|unresolved=9,c125a52bd4ac6f7,2e76971943778b57,REQUIRED_NOT_CONNECTED
action,16,csv,depth_repair,balanced,8c7972e20d7a27fa,6618c3a3df86e131,48,discriminate,explored=20|split=10|dead_end=9|unresolved=9,c125a52bd4ac6f7,2e76971943778b57,REQUIRED_NOT_CONNECTED
action,16,csv,depth_repair,balanced,8c7972e20d7a27fa,6618c3a3df86e131,48,observe,explored=20|split=10|dead_end=9|unresolved=9,c125a52bd4ac6f7,2e76971943778b57,REQUIRED_NOT_CONNECTED
action,16,csv,depth_repair,balanced,8c7972e20d7a27fa,6618c3a3df86e131,48,transfer,explored=20|split=10|dead_end=9|unresolved=9,c125a52bd4ac6f7,2e76971943778b57,REQUIRED_NOT_CONNECTED
action,17,csv,depth_repair,experimental,cce908616e35e7ac,6618c3a3df86e131,48,repair,explored=18|split=10|dead_end=10|unresolved=10,13f4bf16f713c208,dbfcf8116fde8c31,REQUIRED_NOT_CONNECTED
action,17,csv,depth_repair,experimental,cce908616e35e7ac,6618c3a3df86e131,48,forge,explored=18|split=10|dead_end=10|unresolved=10,13f4bf16f713c208,dbfcf8116fde8c31,REQUIRED_NOT_CONNECTED
action,17,csv,depth_repair,experimental,cce908616e35e7ac,6618c3a3df86e131,48,discriminate,explored=18|split=10|dead_end=10|unresolved=10,13f4bf16f713c208,dbfcf8116fde8c31,REQUIRED_NOT_CONNECTED
action,17,csv,depth_repair,experimental,cce908616e35e7ac,6618c3a3df86e131,48,observe,explored=18|split=10|dead_end=10|unresolved=10,13f4bf16f713c208,dbfcf8116fde8c31,REQUIRED_NOT_CONNECTED
action,17,csv,depth_repair,experimental,cce908616e35e7ac,6618c3a3df86e131,48,transfer,explored=18|split=10|dead_end=10|unresolved=10,13f4bf16f713c208,dbfcf8116fde8c31,REQUIRED_NOT_CONNECTED
action,17,csv,depth_repair,experimental,cce908616e35e7ac,6618c3a3df86e131,48,repair,explored=18|split=10|dead_end=10|unresolved=10,13f4bf16f713c208,dbfcf8116fde8c31,REQUIRED_NOT_CONNECTED
action,17,csv,depth_repair,experimental,cce908616e35e7ac,6618c3a3df86e131,48,forge,explored=18|split=10|dead_end=10|unresolved=10,13f4bf16f713c208,dbfcf8116fde8c31,REQUIRED_NOT_CONNECTED
action,17,csv,depth_repair,experimental,cce908616e35e7ac,6618c3a3df86e131,48,discriminate,explored=18|split=10|dead_end=10|unresolved=10,13f4bf16f713c208,dbfcf8116fde8c31,REQUIRED_NOT_CONNECTED
action,17,csv,depth_repair,experimental,cce908616e35e7ac,6618c3a3df86e131,48,observe,explored=18|split=10|dead_end=10|unresolved=10,13f4bf16f713c208,dbfcf8116fde8c31,REQUIRED_NOT_CONNECTED
action,17,csv,depth_repair,experimental,cce908616e35e7ac,6618c3a3df86e131,48,transfer,explored=18|split=10|dead_end=10|unresolved=10,13f4bf16f713c208,dbfcf8116fde8c31,REQUIRED_NOT_CONNECTED
action,17,csv,depth_repair,experimental,cce908616e35e7ac,6618c3a3df86e131,48,repair,explored=18|split=10|dead_end=10|unresolved=10,13f4bf16f713c208,dbfcf8116fde8c31,REQUIRED_NOT_CONNECTED
action,17,csv,depth_repair,experimental,cce908616e35e7ac,6618c3a3df86e131,48,forge,explored=18|split=10|dead_end=10|unresolved=10,13f4bf16f713c208,dbfcf8116fde8c31,REQUIRED_NOT_CONNECTED
action,17,csv,depth_repair,experimental,cce908616e35e7ac,6618c3a3df86e131,48,discriminate,explored=18|split=10|dead_end=10|unresolved=10,13f4bf16f713c208,dbfcf8116fde8c31,REQUIRED_NOT_CONNECTED
action,17,csv,depth_repair,experimental,cce908616e35e7ac,6618c3a3df86e131,48,observe,explored=18|split=10|dead_end=10|unresolved=10,13f4bf16f713c208,dbfcf8116fde8c31,REQUIRED_NOT_CONNECTED
action,17,csv,depth_repair,experimental,cce908616e35e7ac,6618c3a3df86e131,48,transfer,explored=18|split=10|dead_end=10|unresolved=10,13f4bf16f713c208,dbfcf8116fde8c31,REQUIRED_NOT_CONNECTED
action,17,csv,depth_repair,experimental,cce908616e35e7ac,6618c3a3df86e131,48,repair,explored=18|split=10|dead_end=10|unresolved=10,13f4bf16f713c208,dbfcf8116fde8c31,REQUIRED_NOT_CONNECTED
action,17,csv,depth_repair,experimental,cce908616e35e7ac,6618c3a3df86e131,48,forge,explored=18|split=10|dead_end=10|unresolved=10,13f4bf16f713c208,dbfcf8116fde8c31,REQUIRED_NOT_CONNECTED
action,17,csv,depth_repair,experimental,cce908616e35e7ac,6618c3a3df86e131,48,discriminate,explored=18|split=10|dead_end=10|unresolved=10,13f4bf16f713c208,dbfcf8116fde8c31,REQUIRED_NOT_CONNECTED
action,17,csv,depth_repair,experimental,cce908616e35e7ac,6618c3a3df86e131,48,observe,explored=18|split=10|dead_end=10|unresolved=10,13f4bf16f713c208,dbfcf8116fde8c31,REQUIRED_NOT_CONNECTED
action,17,csv,depth_repair,experimental,cce908616e35e7ac,6618c3a3df86e131,48,transfer,explored=18|split=10|dead_end=10|unresolved=10,13f4bf16f713c208,dbfcf8116fde8c31,REQUIRED_NOT_CONNECTED
action,17,csv,depth_repair,experimental,cce908616e35e7ac,6618c3a3df86e131,48,repair,explored=18|split=10|dead_end=10|unresolved=10,13f4bf16f713c208,dbfcf8116fde8c31,REQUIRED_NOT_CONNECTED
action,17,csv,depth_repair,experimental,cce908616e35e7ac,6618c3a3df86e131,48,forge,explored=18|split=10|dead_end=10|unresolved=10,13f4bf16f713c208,dbfcf8116fde8c31,REQUIRED_NOT_CONNECTED
action,17,csv,depth_repair,experimental,cce908616e35e7ac,6618c3a3df86e131,48,discriminate,explored=18|split=10|dead_end=10|unresolved=10,13f4bf16f713c208,dbfcf8116fde8c31,REQUIRED_NOT_CONNECTED
action,17,csv,depth_repair,experimental,cce908616e35e7ac,6618c3a3df86e131,48,observe,explored=18|split=10|dead_end=10|unresolved=10,13f4bf16f713c208,dbfcf8116fde8c31,REQUIRED_NOT_CONNECTED
action,17,csv,depth_repair,experimental,cce908616e35e7ac,6618c3a3df86e131,48,transfer,explored=18|split=10|dead_end=10|unresolved=10,13f4bf16f713c208,dbfcf8116fde8c31,REQUIRED_NOT_CONNECTED
action,17,csv,depth_repair,experimental,cce908616e35e7ac,6618c3a3df86e131,48,repair,explored=18|split=10|dead_end=10|unresolved=10,13f4bf16f713c208,dbfcf8116fde8c31,REQUIRED_NOT_CONNECTED
action,17,csv,depth_repair,experimental,cce908616e35e7ac,6618c3a3df86e131,48,forge,explored=18|split=10|dead_end=10|unresolved=10,13f4bf16f713c208,dbfcf8116fde8c31,REQUIRED_NOT_CONNECTED
action,17,csv,depth_repair,experimental,cce908616e35e7ac,6618c3a3df86e131,48,discriminate,explored=18|split=10|dead_end=10|unresolved=10,13f4bf16f713c208,dbfcf8116fde8c31,REQUIRED_NOT_CONNECTED
action,17,csv,depth_repair,experimental,cce908616e35e7ac,6618c3a3df86e131,48,observe,explored=18|split=10|dead_end=10|unresolved=10,13f4bf16f713c208,dbfcf8116fde8c31,REQUIRED_NOT_CONNECTED
action,17,csv,depth_repair,experimental,cce908616e35e7ac,6618c3a3df86e131,48,transfer,explored=18|split=10|dead_end=10|unresolved=10,13f4bf16f713c208,dbfcf8116fde8c31,REQUIRED_NOT_CONNECTED
action,17,csv,depth_repair,experimental,cce908616e35e7ac,6618c3a3df86e131,48,repair,explored=18|split=10|dead_end=10|unresolved=10,13f4bf16f713c208,dbfcf8116fde8c31,REQUIRED_NOT_CONNECTED
action,17,csv,depth_repair,experimental,cce908616e35e7ac,6618c3a3df86e131,48,forge,explored=18|split=10|dead_end=10|unresolved=10,13f4bf16f713c208,dbfcf8116fde8c31,REQUIRED_NOT_CONNECTED
action,17,csv,depth_repair,experimental,cce908616e35e7ac,6618c3a3df86e131,48,discriminate,explored=18|split=10|dead_end=10|unresolved=10,13f4bf16f713c208,dbfcf8116fde8c31,REQUIRED_NOT_CONNECTED
action,17,csv,depth_repair,experimental,cce908616e35e7ac,6618c3a3df86e131,48,observe,explored=18|split=10|dead_end=10|unresolved=10,13f4bf16f713c208,dbfcf8116fde8c31,REQUIRED_NOT_CONNECTED
action,17,csv,depth_repair,experimental,cce908616e35e7ac,6618c3a3df86e131,48,transfer,explored=18|split=10|dead_end=10|unresolved=10,13f4bf16f713c208,dbfcf8116fde8c31,REQUIRED_NOT_CONNECTED
action,17,csv,depth_repair,experimental,cce908616e35e7ac,6618c3a3df86e131,48,repair,explored=18|split=10|dead_end=10|unresolved=10,13f4bf16f713c208,dbfcf8116fde8c31,REQUIRED_NOT_CONNECTED
action,17,csv,depth_repair,experimental,cce908616e35e7ac,6618c3a3df86e131,48,forge,explored=18|split=10|dead_end=10|unresolved=10,13f4bf16f713c208,dbfcf8116fde8c31,REQUIRED_NOT_CONNECTED
action,17,csv,depth_repair,experimental,cce908616e35e7ac,6618c3a3df86e131,48,discriminate,explored=18|split=10|dead_end=10|unresolved=10,13f4bf16f713c208,dbfcf8116fde8c31,REQUIRED_NOT_CONNECTED
action,17,csv,depth_repair,experimental,cce908616e35e7ac,6618c3a3df86e131,48,observe,explored=18|split=10|dead_end=10|unresolved=10,13f4bf16f713c208,dbfcf8116fde8c31,REQUIRED_NOT_CONNECTED
action,17,csv,depth_repair,experimental,cce908616e35e7ac,6618c3a3df86e131,48,transfer,explored=18|split=10|dead_end=10|unresolved=10,13f4bf16f713c208,dbfcf8116fde8c31,REQUIRED_NOT_CONNECTED
action,17,csv,depth_repair,experimental,cce908616e35e7ac,6618c3a3df86e131,48,repair,explored=18|split=10|dead_end=10|unresolved=10,13f4bf16f713c208,dbfcf8116fde8c31,REQUIRED_NOT_CONNECTED
action,17,csv,depth_repair,experimental,cce908616e35e7ac,6618c3a3df86e131,48,forge,explored=18|split=10|dead_end=10|unresolved=10,13f4bf16f713c208,dbfcf8116fde8c31,REQUIRED_NOT_CONNECTED
action,17,csv,depth_repair,experimental,cce908616e35e7ac,6618c3a3df86e131,48,discriminate,explored=18|split=10|dead_end=10|unresolved=10,13f4bf16f713c208,dbfcf8116fde8c31,REQUIRED_NOT_CONNECTED
action,17,csv,depth_repair,experimental,cce908616e35e7ac,6618c3a3df86e131,48,observe,explored=18|split=10|dead_end=10|unresolved=10,13f4bf16f713c208,dbfcf8116fde8c31,REQUIRED_NOT_CONNECTED
action,17,csv,depth_repair,experimental,cce908616e35e7ac,6618c3a3df86e131,48,transfer,explored=18|split=10|dead_end=10|unresolved=10,13f4bf16f713c208,dbfcf8116fde8c31,REQUIRED_NOT_CONNECTED
action,17,csv,depth_repair,experimental,cce908616e35e7ac,6618c3a3df86e131,48,repair,explored=18|split=10|dead_end=10|unresolved=10,13f4bf16f713c208,dbfcf8116fde8c31,REQUIRED_NOT_CONNECTED
action,17,csv,depth_repair,experimental,cce908616e35e7ac,6618c3a3df86e131,48,forge,explored=18|split=10|dead_end=10|unresolved=10,13f4bf16f713c208,dbfcf8116fde8c31,REQUIRED_NOT_CONNECTED
action,17,csv,depth_repair,experimental,cce908616e35e7ac,6618c3a3df86e131,48,discriminate,explored=18|split=10|dead_end=10|unresolved=10,13f4bf16f713c208,dbfcf8116fde8c31,REQUIRED_NOT_CONNECTED
action,18,control_flow,breadth,conservative,631db3dd791f72ce,70cb9a8ec77b52f5,48,transfer,explored=19|split=10|dead_end=10|unresolved=9,4208eebbdf9075c0,e0c409dd486fb710,REQUIRED_NOT_CONNECTED
action,18,control_flow,breadth,conservative,631db3dd791f72ce,70cb9a8ec77b52f5,48,discriminate,explored=19|split=10|dead_end=10|unresolved=9,4208eebbdf9075c0,e0c409dd486fb710,REQUIRED_NOT_CONNECTED
action,18,control_flow,breadth,conservative,631db3dd791f72ce,70cb9a8ec77b52f5,48,repair,explored=19|split=10|dead_end=10|unresolved=9,4208eebbdf9075c0,e0c409dd486fb710,REQUIRED_NOT_CONNECTED
action,18,control_flow,breadth,conservative,631db3dd791f72ce,70cb9a8ec77b52f5,48,observe,explored=19|split=10|dead_end=10|unresolved=9,4208eebbdf9075c0,e0c409dd486fb710,REQUIRED_NOT_CONNECTED
action,18,control_flow,breadth,conservative,631db3dd791f72ce,70cb9a8ec77b52f5,48,forge,explored=19|split=10|dead_end=10|unresolved=9,4208eebbdf9075c0,e0c409dd486fb710,REQUIRED_NOT_CONNECTED
action,18,control_flow,breadth,conservative,631db3dd791f72ce,70cb9a8ec77b52f5,48,transfer,explored=19|split=10|dead_end=10|unresolved=9,4208eebbdf9075c0,e0c409dd486fb710,REQUIRED_NOT_CONNECTED
action,18,control_flow,breadth,conservative,631db3dd791f72ce,70cb9a8ec77b52f5,48,discriminate,explored=19|split=10|dead_end=10|unresolved=9,4208eebbdf9075c0,e0c409dd486fb710,REQUIRED_NOT_CONNECTED
action,18,control_flow,breadth,conservative,631db3dd791f72ce,70cb9a8ec77b52f5,48,repair,explored=19|split=10|dead_end=10|unresolved=9,4208eebbdf9075c0,e0c409dd486fb710,REQUIRED_NOT_CONNECTED
action,18,control_flow,breadth,conservative,631db3dd791f72ce,70cb9a8ec77b52f5,48,observe,explored=19|split=10|dead_end=10|unresolved=9,4208eebbdf9075c0,e0c409dd486fb710,REQUIRED_NOT_CONNECTED
action,18,control_flow,breadth,conservative,631db3dd791f72ce,70cb9a8ec77b52f5,48,forge,explored=19|split=10|dead_end=10|unresolved=9,4208eebbdf9075c0,e0c409dd486fb710,REQUIRED_NOT_CONNECTED
action,18,control_flow,breadth,conservative,631db3dd791f72ce,70cb9a8ec77b52f5,48,transfer,explored=19|split=10|dead_end=10|unresolved=9,4208eebbdf9075c0,e0c409dd486fb710,REQUIRED_NOT_CONNECTED
action,18,control_flow,breadth,conservative,631db3dd791f72ce,70cb9a8ec77b52f5,48,discriminate,explored=19|split=10|dead_end=10|unresolved=9,4208eebbdf9075c0,e0c409dd486fb710,REQUIRED_NOT_CONNECTED
action,18,control_flow,breadth,conservative,631db3dd791f72ce,70cb9a8ec77b52f5,48,repair,explored=19|split=10|dead_end=10|unresolved=9,4208eebbdf9075c0,e0c409dd486fb710,REQUIRED_NOT_CONNECTED
action,18,control_flow,breadth,conservative,631db3dd791f72ce,70cb9a8ec77b52f5,48,observe,explored=19|split=10|dead_end=10|unresolved=9,4208eebbdf9075c0,e0c409dd486fb710,REQUIRED_NOT_CONNECTED
action,18,control_flow,breadth,conservative,631db3dd791f72ce,70cb9a8ec77b52f5,48,forge,explored=19|split=10|dead_end=10|unresolved=9,4208eebbdf9075c0,e0c409dd486fb710,REQUIRED_NOT_CONNECTED
action,18,control_flow,breadth,conservative,631db3dd791f72ce,70cb9a8ec77b52f5,48,transfer,explored=19|split=10|dead_end=10|unresolved=9,4208eebbdf9075c0,e0c409dd486fb710,REQUIRED_NOT_CONNECTED
action,18,control_flow,breadth,conservative,631db3dd791f72ce,70cb9a8ec77b52f5,48,discriminate,explored=19|split=10|dead_end=10|unresolved=9,4208eebbdf9075c0,e0c409dd486fb710,REQUIRED_NOT_CONNECTED
action,18,control_flow,breadth,conservative,631db3dd791f72ce,70cb9a8ec77b52f5,48,repair,explored=19|split=10|dead_end=10|unresolved=9,4208eebbdf9075c0,e0c409dd486fb710,REQUIRED_NOT_CONNECTED
action,18,control_flow,breadth,conservative,631db3dd791f72ce,70cb9a8ec77b52f5,48,observe,explored=19|split=10|dead_end=10|unresolved=9,4208eebbdf9075c0,e0c409dd486fb710,REQUIRED_NOT_CONNECTED
action,18,control_flow,breadth,conservative,631db3dd791f72ce,70cb9a8ec77b52f5,48,forge,explored=19|split=10|dead_end=10|unresolved=9,4208eebbdf9075c0,e0c409dd486fb710,REQUIRED_NOT_CONNECTED
action,18,control_flow,breadth,conservative,631db3dd791f72ce,70cb9a8ec77b52f5,48,transfer,explored=19|split=10|dead_end=10|unresolved=9,4208eebbdf9075c0,e0c409dd486fb710,REQUIRED_NOT_CONNECTED
action,18,control_flow,breadth,conservative,631db3dd791f72ce,70cb9a8ec77b52f5,48,discriminate,explored=19|split=10|dead_end=10|unresolved=9,4208eebbdf9075c0,e0c409dd486fb710,REQUIRED_NOT_CONNECTED
action,18,control_flow,breadth,conservative,631db3dd791f72ce,70cb9a8ec77b52f5,48,repair,explored=19|split=10|dead_end=10|unresolved=9,4208eebbdf9075c0,e0c409dd486fb710,REQUIRED_NOT_CONNECTED
action,18,control_flow,breadth,conservative,631db3dd791f72ce,70cb9a8ec77b52f5,48,observe,explored=19|split=10|dead_end=10|unresolved=9,4208eebbdf9075c0,e0c409dd486fb710,REQUIRED_NOT_CONNECTED
action,18,control_flow,breadth,conservative,631db3dd791f72ce,70cb9a8ec77b52f5,48,forge,explored=19|split=10|dead_end=10|unresolved=9,4208eebbdf9075c0,e0c409dd486fb710,REQUIRED_NOT_CONNECTED
action,18,control_flow,breadth,conservative,631db3dd791f72ce,70cb9a8ec77b52f5,48,transfer,explored=19|split=10|dead_end=10|unresolved=9,4208eebbdf9075c0,e0c409dd486fb710,REQUIRED_NOT_CONNECTED
action,18,control_flow,breadth,conservative,631db3dd791f72ce,70cb9a8ec77b52f5,48,discriminate,explored=19|split=10|dead_end=10|unresolved=9,4208eebbdf9075c0,e0c409dd486fb710,REQUIRED_NOT_CONNECTED
action,18,control_flow,breadth,conservative,631db3dd791f72ce,70cb9a8ec77b52f5,48,repair,explored=19|split=10|dead_end=10|unresolved=9,4208eebbdf9075c0,e0c409dd486fb710,REQUIRED_NOT_CONNECTED
action,18,control_flow,breadth,conservative,631db3dd791f72ce,70cb9a8ec77b52f5,48,observe,explored=19|split=10|dead_end=10|unresolved=9,4208eebbdf9075c0,e0c409dd486fb710,REQUIRED_NOT_CONNECTED
action,18,control_flow,breadth,conservative,631db3dd791f72ce,70cb9a8ec77b52f5,48,forge,explored=19|split=10|dead_end=10|unresolved=9,4208eebbdf9075c0,e0c409dd486fb710,REQUIRED_NOT_CONNECTED
action,18,control_flow,breadth,conservative,631db3dd791f72ce,70cb9a8ec77b52f5,48,transfer,explored=19|split=10|dead_end=10|unresolved=9,4208eebbdf9075c0,e0c409dd486fb710,REQUIRED_NOT_CONNECTED
action,18,control_flow,breadth,conservative,631db3dd791f72ce,70cb9a8ec77b52f5,48,discriminate,explored=19|split=10|dead_end=10|unresolved=9,4208eebbdf9075c0,e0c409dd486fb710,REQUIRED_NOT_CONNECTED
action,18,control_flow,breadth,conservative,631db3dd791f72ce,70cb9a8ec77b52f5,48,repair,explored=19|split=10|dead_end=10|unresolved=9,4208eebbdf9075c0,e0c409dd486fb710,REQUIRED_NOT_CONNECTED
action,18,control_flow,breadth,conservative,631db3dd791f72ce,70cb9a8ec77b52f5,48,observe,explored=19|split=10|dead_end=10|unresolved=9,4208eebbdf9075c0,e0c409dd486fb710,REQUIRED_NOT_CONNECTED
action,18,control_flow,breadth,conservative,631db3dd791f72ce,70cb9a8ec77b52f5,48,forge,explored=19|split=10|dead_end=10|unresolved=9,4208eebbdf9075c0,e0c409dd486fb710,REQUIRED_NOT_CONNECTED
action,18,control_flow,breadth,conservative,631db3dd791f72ce,70cb9a8ec77b52f5,48,transfer,explored=19|split=10|dead_end=10|unresolved=9,4208eebbdf9075c0,e0c409dd486fb710,REQUIRED_NOT_CONNECTED
action,18,control_flow,breadth,conservative,631db3dd791f72ce,70cb9a8ec77b52f5,48,discriminate,explored=19|split=10|dead_end=10|unresolved=9,4208eebbdf9075c0,e0c409dd486fb710,REQUIRED_NOT_CONNECTED
action,18,control_flow,breadth,conservative,631db3dd791f72ce,70cb9a8ec77b52f5,48,repair,explored=19|split=10|dead_end=10|unresolved=9,4208eebbdf9075c0,e0c409dd486fb710,REQUIRED_NOT_CONNECTED
action,18,control_flow,breadth,conservative,631db3dd791f72ce,70cb9a8ec77b52f5,48,observe,explored=19|split=10|dead_end=10|unresolved=9,4208eebbdf9075c0,e0c409dd486fb710,REQUIRED_NOT_CONNECTED
action,18,control_flow,breadth,conservative,631db3dd791f72ce,70cb9a8ec77b52f5,48,forge,explored=19|split=10|dead_end=10|unresolved=9,4208eebbdf9075c0,e0c409dd486fb710,REQUIRED_NOT_CONNECTED
action,18,control_flow,breadth,conservative,631db3dd791f72ce,70cb9a8ec77b52f5,48,transfer,explored=19|split=10|dead_end=10|unresolved=9,4208eebbdf9075c0,e0c409dd486fb710,REQUIRED_NOT_CONNECTED
action,18,control_flow,breadth,conservative,631db3dd791f72ce,70cb9a8ec77b52f5,48,discriminate,explored=19|split=10|dead_end=10|unresolved=9,4208eebbdf9075c0,e0c409dd486fb710,REQUIRED_NOT_CONNECTED
action,18,control_flow,breadth,conservative,631db3dd791f72ce,70cb9a8ec77b52f5,48,repair,explored=19|split=10|dead_end=10|unresolved=9,4208eebbdf9075c0,e0c409dd486fb710,REQUIRED_NOT_CONNECTED
action,18,control_flow,breadth,conservative,631db3dd791f72ce,70cb9a8ec77b52f5,48,observe,explored=19|split=10|dead_end=10|unresolved=9,4208eebbdf9075c0,e0c409dd486fb710,REQUIRED_NOT_CONNECTED
action,18,control_flow,breadth,conservative,631db3dd791f72ce,70cb9a8ec77b52f5,48,forge,explored=19|split=10|dead_end=10|unresolved=9,4208eebbdf9075c0,e0c409dd486fb710,REQUIRED_NOT_CONNECTED
action,18,control_flow,breadth,conservative,631db3dd791f72ce,70cb9a8ec77b52f5,48,transfer,explored=19|split=10|dead_end=10|unresolved=9,4208eebbdf9075c0,e0c409dd486fb710,REQUIRED_NOT_CONNECTED
action,18,control_flow,breadth,conservative,631db3dd791f72ce,70cb9a8ec77b52f5,48,discriminate,explored=19|split=10|dead_end=10|unresolved=9,4208eebbdf9075c0,e0c409dd486fb710,REQUIRED_NOT_CONNECTED
action,18,control_flow,breadth,conservative,631db3dd791f72ce,70cb9a8ec77b52f5,48,repair,explored=19|split=10|dead_end=10|unresolved=9,4208eebbdf9075c0,e0c409dd486fb710,REQUIRED_NOT_CONNECTED
action,19,control_flow,breadth,balanced,556686c83e6708b7,70cb9a8ec77b52f5,48,discriminate,explored=19|split=10|dead_end=10|unresolved=9,dfe9aa8adc50bf51,a6e1c21ea1098421,REQUIRED_NOT_CONNECTED
action,19,control_flow,breadth,balanced,556686c83e6708b7,70cb9a8ec77b52f5,48,repair,explored=19|split=10|dead_end=10|unresolved=9,dfe9aa8adc50bf51,a6e1c21ea1098421,REQUIRED_NOT_CONNECTED
action,19,control_flow,breadth,balanced,556686c83e6708b7,70cb9a8ec77b52f5,48,observe,explored=19|split=10|dead_end=10|unresolved=9,dfe9aa8adc50bf51,a6e1c21ea1098421,REQUIRED_NOT_CONNECTED
action,19,control_flow,breadth,balanced,556686c83e6708b7,70cb9a8ec77b52f5,48,forge,explored=19|split=10|dead_end=10|unresolved=9,dfe9aa8adc50bf51,a6e1c21ea1098421,REQUIRED_NOT_CONNECTED
action,19,control_flow,breadth,balanced,556686c83e6708b7,70cb9a8ec77b52f5,48,transfer,explored=19|split=10|dead_end=10|unresolved=9,dfe9aa8adc50bf51,a6e1c21ea1098421,REQUIRED_NOT_CONNECTED
action,19,control_flow,breadth,balanced,556686c83e6708b7,70cb9a8ec77b52f5,48,discriminate,explored=19|split=10|dead_end=10|unresolved=9,dfe9aa8adc50bf51,a6e1c21ea1098421,REQUIRED_NOT_CONNECTED
action,19,control_flow,breadth,balanced,556686c83e6708b7,70cb9a8ec77b52f5,48,repair,explored=19|split=10|dead_end=10|unresolved=9,dfe9aa8adc50bf51,a6e1c21ea1098421,REQUIRED_NOT_CONNECTED
action,19,control_flow,breadth,balanced,556686c83e6708b7,70cb9a8ec77b52f5,48,observe,explored=19|split=10|dead_end=10|unresolved=9,dfe9aa8adc50bf51,a6e1c21ea1098421,REQUIRED_NOT_CONNECTED
action,19,control_flow,breadth,balanced,556686c83e6708b7,70cb9a8ec77b52f5,48,forge,explored=19|split=10|dead_end=10|unresolved=9,dfe9aa8adc50bf51,a6e1c21ea1098421,REQUIRED_NOT_CONNECTED
action,19,control_flow,breadth,balanced,556686c83e6708b7,70cb9a8ec77b52f5,48,transfer,explored=19|split=10|dead_end=10|unresolved=9,dfe9aa8adc50bf51,a6e1c21ea1098421,REQUIRED_NOT_CONNECTED
action,19,control_flow,breadth,balanced,556686c83e6708b7,70cb9a8ec77b52f5,48,discriminate,explored=19|split=10|dead_end=10|unresolved=9,dfe9aa8adc50bf51,a6e1c21ea1098421,REQUIRED_NOT_CONNECTED
action,19,control_flow,breadth,balanced,556686c83e6708b7,70cb9a8ec77b52f5,48,repair,explored=19|split=10|dead_end=10|unresolved=9,dfe9aa8adc50bf51,a6e1c21ea1098421,REQUIRED_NOT_CONNECTED
action,19,control_flow,breadth,balanced,556686c83e6708b7,70cb9a8ec77b52f5,48,observe,explored=19|split=10|dead_end=10|unresolved=9,dfe9aa8adc50bf51,a6e1c21ea1098421,REQUIRED_NOT_CONNECTED
action,19,control_flow,breadth,balanced,556686c83e6708b7,70cb9a8ec77b52f5,48,forge,explored=19|split=10|dead_end=10|unresolved=9,dfe9aa8adc50bf51,a6e1c21ea1098421,REQUIRED_NOT_CONNECTED
action,19,control_flow,breadth,balanced,556686c83e6708b7,70cb9a8ec77b52f5,48,transfer,explored=19|split=10|dead_end=10|unresolved=9,dfe9aa8adc50bf51,a6e1c21ea1098421,REQUIRED_NOT_CONNECTED
action,19,control_flow,breadth,balanced,556686c83e6708b7,70cb9a8ec77b52f5,48,discriminate,explored=19|split=10|dead_end=10|unresolved=9,dfe9aa8adc50bf51,a6e1c21ea1098421,REQUIRED_NOT_CONNECTED
action,19,control_flow,breadth,balanced,556686c83e6708b7,70cb9a8ec77b52f5,48,repair,explored=19|split=10|dead_end=10|unresolved=9,dfe9aa8adc50bf51,a6e1c21ea1098421,REQUIRED_NOT_CONNECTED
action,19,control_flow,breadth,balanced,556686c83e6708b7,70cb9a8ec77b52f5,48,observe,explored=19|split=10|dead_end=10|unresolved=9,dfe9aa8adc50bf51,a6e1c21ea1098421,REQUIRED_NOT_CONNECTED
action,19,control_flow,breadth,balanced,556686c83e6708b7,70cb9a8ec77b52f5,48,forge,explored=19|split=10|dead_end=10|unresolved=9,dfe9aa8adc50bf51,a6e1c21ea1098421,REQUIRED_NOT_CONNECTED
action,19,control_flow,breadth,balanced,556686c83e6708b7,70cb9a8ec77b52f5,48,transfer,explored=19|split=10|dead_end=10|unresolved=9,dfe9aa8adc50bf51,a6e1c21ea1098421,REQUIRED_NOT_CONNECTED
action,19,control_flow,breadth,balanced,556686c83e6708b7,70cb9a8ec77b52f5,48,discriminate,explored=19|split=10|dead_end=10|unresolved=9,dfe9aa8adc50bf51,a6e1c21ea1098421,REQUIRED_NOT_CONNECTED
action,19,control_flow,breadth,balanced,556686c83e6708b7,70cb9a8ec77b52f5,48,repair,explored=19|split=10|dead_end=10|unresolved=9,dfe9aa8adc50bf51,a6e1c21ea1098421,REQUIRED_NOT_CONNECTED
action,19,control_flow,breadth,balanced,556686c83e6708b7,70cb9a8ec77b52f5,48,observe,explored=19|split=10|dead_end=10|unresolved=9,dfe9aa8adc50bf51,a6e1c21ea1098421,REQUIRED_NOT_CONNECTED
action,19,control_flow,breadth,balanced,556686c83e6708b7,70cb9a8ec77b52f5,48,forge,explored=19|split=10|dead_end=10|unresolved=9,dfe9aa8adc50bf51,a6e1c21ea1098421,REQUIRED_NOT_CONNECTED
action,19,control_flow,breadth,balanced,556686c83e6708b7,70cb9a8ec77b52f5,48,transfer,explored=19|split=10|dead_end=10|unresolved=9,dfe9aa8adc50bf51,a6e1c21ea1098421,REQUIRED_NOT_CONNECTED
action,19,control_flow,breadth,balanced,556686c83e6708b7,70cb9a8ec77b52f5,48,discriminate,explored=19|split=10|dead_end=10|unresolved=9,dfe9aa8adc50bf51,a6e1c21ea1098421,REQUIRED_NOT_CONNECTED
action,19,control_flow,breadth,balanced,556686c83e6708b7,70cb9a8ec77b52f5,48,repair,explored=19|split=10|dead_end=10|unresolved=9,dfe9aa8adc50bf51,a6e1c21ea1098421,REQUIRED_NOT_CONNECTED
action,19,control_flow,breadth,balanced,556686c83e6708b7,70cb9a8ec77b52f5,48,observe,explored=19|split=10|dead_end=10|unresolved=9,dfe9aa8adc50bf51,a6e1c21ea1098421,REQUIRED_NOT_CONNECTED
action,19,control_flow,breadth,balanced,556686c83e6708b7,70cb9a8ec77b52f5,48,forge,explored=19|split=10|dead_end=10|unresolved=9,dfe9aa8adc50bf51,a6e1c21ea1098421,REQUIRED_NOT_CONNECTED
action,19,control_flow,breadth,balanced,556686c83e6708b7,70cb9a8ec77b52f5,48,transfer,explored=19|split=10|dead_end=10|unresolved=9,dfe9aa8adc50bf51,a6e1c21ea1098421,REQUIRED_NOT_CONNECTED
action,19,control_flow,breadth,balanced,556686c83e6708b7,70cb9a8ec77b52f5,48,discriminate,explored=19|split=10|dead_end=10|unresolved=9,dfe9aa8adc50bf51,a6e1c21ea1098421,REQUIRED_NOT_CONNECTED
action,19,control_flow,breadth,balanced,556686c83e6708b7,70cb9a8ec77b52f5,48,repair,explored=19|split=10|dead_end=10|unresolved=9,dfe9aa8adc50bf51,a6e1c21ea1098421,REQUIRED_NOT_CONNECTED
action,19,control_flow,breadth,balanced,556686c83e6708b7,70cb9a8ec77b52f5,48,observe,explored=19|split=10|dead_end=10|unresolved=9,dfe9aa8adc50bf51,a6e1c21ea1098421,REQUIRED_NOT_CONNECTED
action,19,control_flow,breadth,balanced,556686c83e6708b7,70cb9a8ec77b52f5,48,forge,explored=19|split=10|dead_end=10|unresolved=9,dfe9aa8adc50bf51,a6e1c21ea1098421,REQUIRED_NOT_CONNECTED
action,19,control_flow,breadth,balanced,556686c83e6708b7,70cb9a8ec77b52f5,48,transfer,explored=19|split=10|dead_end=10|unresolved=9,dfe9aa8adc50bf51,a6e1c21ea1098421,REQUIRED_NOT_CONNECTED
action,19,control_flow,breadth,balanced,556686c83e6708b7,70cb9a8ec77b52f5,48,discriminate,explored=19|split=10|dead_end=10|unresolved=9,dfe9aa8adc50bf51,a6e1c21ea1098421,REQUIRED_NOT_CONNECTED
action,19,control_flow,breadth,balanced,556686c83e6708b7,70cb9a8ec77b52f5,48,repair,explored=19|split=10|dead_end=10|unresolved=9,dfe9aa8adc50bf51,a6e1c21ea1098421,REQUIRED_NOT_CONNECTED
action,19,control_flow,breadth,balanced,556686c83e6708b7,70cb9a8ec77b52f5,48,observe,explored=19|split=10|dead_end=10|unresolved=9,dfe9aa8adc50bf51,a6e1c21ea1098421,REQUIRED_NOT_CONNECTED
action,19,control_flow,breadth,balanced,556686c83e6708b7,70cb9a8ec77b52f5,48,forge,explored=19|split=10|dead_end=10|unresolved=9,dfe9aa8adc50bf51,a6e1c21ea1098421,REQUIRED_NOT_CONNECTED
action,19,control_flow,breadth,balanced,556686c83e6708b7,70cb9a8ec77b52f5,48,transfer,explored=19|split=10|dead_end=10|unresolved=9,dfe9aa8adc50bf51,a6e1c21ea1098421,REQUIRED_NOT_CONNECTED
action,19,control_flow,breadth,balanced,556686c83e6708b7,70cb9a8ec77b52f5,48,discriminate,explored=19|split=10|dead_end=10|unresolved=9,dfe9aa8adc50bf51,a6e1c21ea1098421,REQUIRED_NOT_CONNECTED
action,19,control_flow,breadth,balanced,556686c83e6708b7,70cb9a8ec77b52f5,48,repair,explored=19|split=10|dead_end=10|unresolved=9,dfe9aa8adc50bf51,a6e1c21ea1098421,REQUIRED_NOT_CONNECTED
action,19,control_flow,breadth,balanced,556686c83e6708b7,70cb9a8ec77b52f5,48,observe,explored=19|split=10|dead_end=10|unresolved=9,dfe9aa8adc50bf51,a6e1c21ea1098421,REQUIRED_NOT_CONNECTED
action,19,control_flow,breadth,balanced,556686c83e6708b7,70cb9a8ec77b52f5,48,forge,explored=19|split=10|dead_end=10|unresolved=9,dfe9aa8adc50bf51,a6e1c21ea1098421,REQUIRED_NOT_CONNECTED
action,19,control_flow,breadth,balanced,556686c83e6708b7,70cb9a8ec77b52f5,48,transfer,explored=19|split=10|dead_end=10|unresolved=9,dfe9aa8adc50bf51,a6e1c21ea1098421,REQUIRED_NOT_CONNECTED
action,19,control_flow,breadth,balanced,556686c83e6708b7,70cb9a8ec77b52f5,48,discriminate,explored=19|split=10|dead_end=10|unresolved=9,dfe9aa8adc50bf51,a6e1c21ea1098421,REQUIRED_NOT_CONNECTED
action,19,control_flow,breadth,balanced,556686c83e6708b7,70cb9a8ec77b52f5,48,repair,explored=19|split=10|dead_end=10|unresolved=9,dfe9aa8adc50bf51,a6e1c21ea1098421,REQUIRED_NOT_CONNECTED
action,19,control_flow,breadth,balanced,556686c83e6708b7,70cb9a8ec77b52f5,48,observe,explored=19|split=10|dead_end=10|unresolved=9,dfe9aa8adc50bf51,a6e1c21ea1098421,REQUIRED_NOT_CONNECTED
action,20,control_flow,breadth,experimental,b4e8c3452d666415,70cb9a8ec77b52f5,48,repair,explored=19|split=9|dead_end=10|unresolved=10,a495d6611221472e,fcde34d9327eb67f,REQUIRED_NOT_CONNECTED
action,20,control_flow,breadth,experimental,b4e8c3452d666415,70cb9a8ec77b52f5,48,observe,explored=19|split=9|dead_end=10|unresolved=10,a495d6611221472e,fcde34d9327eb67f,REQUIRED_NOT_CONNECTED
action,20,control_flow,breadth,experimental,b4e8c3452d666415,70cb9a8ec77b52f5,48,forge,explored=19|split=9|dead_end=10|unresolved=10,a495d6611221472e,fcde34d9327eb67f,REQUIRED_NOT_CONNECTED
action,20,control_flow,breadth,experimental,b4e8c3452d666415,70cb9a8ec77b52f5,48,transfer,explored=19|split=9|dead_end=10|unresolved=10,a495d6611221472e,fcde34d9327eb67f,REQUIRED_NOT_CONNECTED
action,20,control_flow,breadth,experimental,b4e8c3452d666415,70cb9a8ec77b52f5,48,discriminate,explored=19|split=9|dead_end=10|unresolved=10,a495d6611221472e,fcde34d9327eb67f,REQUIRED_NOT_CONNECTED
action,20,control_flow,breadth,experimental,b4e8c3452d666415,70cb9a8ec77b52f5,48,repair,explored=19|split=9|dead_end=10|unresolved=10,a495d6611221472e,fcde34d9327eb67f,REQUIRED_NOT_CONNECTED
action,20,control_flow,breadth,experimental,b4e8c3452d666415,70cb9a8ec77b52f5,48,observe,explored=19|split=9|dead_end=10|unresolved=10,a495d6611221472e,fcde34d9327eb67f,REQUIRED_NOT_CONNECTED
action,20,control_flow,breadth,experimental,b4e8c3452d666415,70cb9a8ec77b52f5,48,forge,explored=19|split=9|dead_end=10|unresolved=10,a495d6611221472e,fcde34d9327eb67f,REQUIRED_NOT_CONNECTED
action,20,control_flow,breadth,experimental,b4e8c3452d666415,70cb9a8ec77b52f5,48,transfer,explored=19|split=9|dead_end=10|unresolved=10,a495d6611221472e,fcde34d9327eb67f,REQUIRED_NOT_CONNECTED
action,20,control_flow,breadth,experimental,b4e8c3452d666415,70cb9a8ec77b52f5,48,discriminate,explored=19|split=9|dead_end=10|unresolved=10,a495d6611221472e,fcde34d9327eb67f,REQUIRED_NOT_CONNECTED
action,20,control_flow,breadth,experimental,b4e8c3452d666415,70cb9a8ec77b52f5,48,repair,explored=19|split=9|dead_end=10|unresolved=10,a495d6611221472e,fcde34d9327eb67f,REQUIRED_NOT_CONNECTED
action,20,control_flow,breadth,experimental,b4e8c3452d666415,70cb9a8ec77b52f5,48,observe,explored=19|split=9|dead_end=10|unresolved=10,a495d6611221472e,fcde34d9327eb67f,REQUIRED_NOT_CONNECTED
action,20,control_flow,breadth,experimental,b4e8c3452d666415,70cb9a8ec77b52f5,48,forge,explored=19|split=9|dead_end=10|unresolved=10,a495d6611221472e,fcde34d9327eb67f,REQUIRED_NOT_CONNECTED
action,20,control_flow,breadth,experimental,b4e8c3452d666415,70cb9a8ec77b52f5,48,transfer,explored=19|split=9|dead_end=10|unresolved=10,a495d6611221472e,fcde34d9327eb67f,REQUIRED_NOT_CONNECTED
action,20,control_flow,breadth,experimental,b4e8c3452d666415,70cb9a8ec77b52f5,48,discriminate,explored=19|split=9|dead_end=10|unresolved=10,a495d6611221472e,fcde34d9327eb67f,REQUIRED_NOT_CONNECTED
action,20,control_flow,breadth,experimental,b4e8c3452d666415,70cb9a8ec77b52f5,48,repair,explored=19|split=9|dead_end=10|unresolved=10,a495d6611221472e,fcde34d9327eb67f,REQUIRED_NOT_CONNECTED
action,20,control_flow,breadth,experimental,b4e8c3452d666415,70cb9a8ec77b52f5,48,observe,explored=19|split=9|dead_end=10|unresolved=10,a495d6611221472e,fcde34d9327eb67f,REQUIRED_NOT_CONNECTED
action,20,control_flow,breadth,experimental,b4e8c3452d666415,70cb9a8ec77b52f5,48,forge,explored=19|split=9|dead_end=10|unresolved=10,a495d6611221472e,fcde34d9327eb67f,REQUIRED_NOT_CONNECTED
action,20,control_flow,breadth,experimental,b4e8c3452d666415,70cb9a8ec77b52f5,48,transfer,explored=19|split=9|dead_end=10|unresolved=10,a495d6611221472e,fcde34d9327eb67f,REQUIRED_NOT_CONNECTED
action,20,control_flow,breadth,experimental,b4e8c3452d666415,70cb9a8ec77b52f5,48,discriminate,explored=19|split=9|dead_end=10|unresolved=10,a495d6611221472e,fcde34d9327eb67f,REQUIRED_NOT_CONNECTED
action,20,control_flow,breadth,experimental,b4e8c3452d666415,70cb9a8ec77b52f5,48,repair,explored=19|split=9|dead_end=10|unresolved=10,a495d6611221472e,fcde34d9327eb67f,REQUIRED_NOT_CONNECTED
action,20,control_flow,breadth,experimental,b4e8c3452d666415,70cb9a8ec77b52f5,48,observe,explored=19|split=9|dead_end=10|unresolved=10,a495d6611221472e,fcde34d9327eb67f,REQUIRED_NOT_CONNECTED
action,20,control_flow,breadth,experimental,b4e8c3452d666415,70cb9a8ec77b52f5,48,forge,explored=19|split=9|dead_end=10|unresolved=10,a495d6611221472e,fcde34d9327eb67f,REQUIRED_NOT_CONNECTED
action,20,control_flow,breadth,experimental,b4e8c3452d666415,70cb9a8ec77b52f5,48,transfer,explored=19|split=9|dead_end=10|unresolved=10,a495d6611221472e,fcde34d9327eb67f,REQUIRED_NOT_CONNECTED
action,20,control_flow,breadth,experimental,b4e8c3452d666415,70cb9a8ec77b52f5,48,discriminate,explored=19|split=9|dead_end=10|unresolved=10,a495d6611221472e,fcde34d9327eb67f,REQUIRED_NOT_CONNECTED
action,20,control_flow,breadth,experimental,b4e8c3452d666415,70cb9a8ec77b52f5,48,repair,explored=19|split=9|dead_end=10|unresolved=10,a495d6611221472e,fcde34d9327eb67f,REQUIRED_NOT_CONNECTED
action,20,control_flow,breadth,experimental,b4e8c3452d666415,70cb9a8ec77b52f5,48,observe,explored=19|split=9|dead_end=10|unresolved=10,a495d6611221472e,fcde34d9327eb67f,REQUIRED_NOT_CONNECTED
action,20,control_flow,breadth,experimental,b4e8c3452d666415,70cb9a8ec77b52f5,48,forge,explored=19|split=9|dead_end=10|unresolved=10,a495d6611221472e,fcde34d9327eb67f,REQUIRED_NOT_CONNECTED
action,20,control_flow,breadth,experimental,b4e8c3452d666415,70cb9a8ec77b52f5,48,transfer,explored=19|split=9|dead_end=10|unresolved=10,a495d6611221472e,fcde34d9327eb67f,REQUIRED_NOT_CONNECTED
action,20,control_flow,breadth,experimental,b4e8c3452d666415,70cb9a8ec77b52f5,48,discriminate,explored=19|split=9|dead_end=10|unresolved=10,a495d6611221472e,fcde34d9327eb67f,REQUIRED_NOT_CONNECTED
action,20,control_flow,breadth,experimental,b4e8c3452d666415,70cb9a8ec77b52f5,48,repair,explored=19|split=9|dead_end=10|unresolved=10,a495d6611221472e,fcde34d9327eb67f,REQUIRED_NOT_CONNECTED
action,20,control_flow,breadth,experimental,b4e8c3452d666415,70cb9a8ec77b52f5,48,observe,explored=19|split=9|dead_end=10|unresolved=10,a495d6611221472e,fcde34d9327eb67f,REQUIRED_NOT_CONNECTED
action,20,control_flow,breadth,experimental,b4e8c3452d666415,70cb9a8ec77b52f5,48,forge,explored=19|split=9|dead_end=10|unresolved=10,a495d6611221472e,fcde34d9327eb67f,REQUIRED_NOT_CONNECTED
action,20,control_flow,breadth,experimental,b4e8c3452d666415,70cb9a8ec77b52f5,48,transfer,explored=19|split=9|dead_end=10|unresolved=10,a495d6611221472e,fcde34d9327eb67f,REQUIRED_NOT_CONNECTED
action,20,control_flow,breadth,experimental,b4e8c3452d666415,70cb9a8ec77b52f5,48,discriminate,explored=19|split=9|dead_end=10|unresolved=10,a495d6611221472e,fcde34d9327eb67f,REQUIRED_NOT_CONNECTED
action,20,control_flow,breadth,experimental,b4e8c3452d666415,70cb9a8ec77b52f5,48,repair,explored=19|split=9|dead_end=10|unresolved=10,a495d6611221472e,fcde34d9327eb67f,REQUIRED_NOT_CONNECTED
action,20,control_flow,breadth,experimental,b4e8c3452d666415,70cb9a8ec77b52f5,48,observe,explored=19|split=9|dead_end=10|unresolved=10,a495d6611221472e,fcde34d9327eb67f,REQUIRED_NOT_CONNECTED
action,20,control_flow,breadth,experimental,b4e8c3452d666415,70cb9a8ec77b52f5,48,forge,explored=19|split=9|dead_end=10|unresolved=10,a495d6611221472e,fcde34d9327eb67f,REQUIRED_NOT_CONNECTED
action,20,control_flow,breadth,experimental,b4e8c3452d666415,70cb9a8ec77b52f5,48,transfer,explored=19|split=9|dead_end=10|unresolved=10,a495d6611221472e,fcde34d9327eb67f,REQUIRED_NOT_CONNECTED
action,20,control_flow,breadth,experimental,b4e8c3452d666415,70cb9a8ec77b52f5,48,discriminate,explored=19|split=9|dead_end=10|unresolved=10,a495d6611221472e,fcde34d9327eb67f,REQUIRED_NOT_CONNECTED
action,20,control_flow,breadth,experimental,b4e8c3452d666415,70cb9a8ec77b52f5,48,repair,explored=19|split=9|dead_end=10|unresolved=10,a495d6611221472e,fcde34d9327eb67f,REQUIRED_NOT_CONNECTED
action,20,control_flow,breadth,experimental,b4e8c3452d666415,70cb9a8ec77b52f5,48,observe,explored=19|split=9|dead_end=10|unresolved=10,a495d6611221472e,fcde34d9327eb67f,REQUIRED_NOT_CONNECTED
action,20,control_flow,breadth,experimental,b4e8c3452d666415,70cb9a8ec77b52f5,48,forge,explored=19|split=9|dead_end=10|unresolved=10,a495d6611221472e,fcde34d9327eb67f,REQUIRED_NOT_CONNECTED
action,20,control_flow,breadth,experimental,b4e8c3452d666415,70cb9a8ec77b52f5,48,transfer,explored=19|split=9|dead_end=10|unresolved=10,a495d6611221472e,fcde34d9327eb67f,REQUIRED_NOT_CONNECTED
action,20,control_flow,breadth,experimental,b4e8c3452d666415,70cb9a8ec77b52f5,48,discriminate,explored=19|split=9|dead_end=10|unresolved=10,a495d6611221472e,fcde34d9327eb67f,REQUIRED_NOT_CONNECTED
action,20,control_flow,breadth,experimental,b4e8c3452d666415,70cb9a8ec77b52f5,48,repair,explored=19|split=9|dead_end=10|unresolved=10,a495d6611221472e,fcde34d9327eb67f,REQUIRED_NOT_CONNECTED
action,20,control_flow,breadth,experimental,b4e8c3452d666415,70cb9a8ec77b52f5,48,observe,explored=19|split=9|dead_end=10|unresolved=10,a495d6611221472e,fcde34d9327eb67f,REQUIRED_NOT_CONNECTED
action,20,control_flow,breadth,experimental,b4e8c3452d666415,70cb9a8ec77b52f5,48,forge,explored=19|split=9|dead_end=10|unresolved=10,a495d6611221472e,fcde34d9327eb67f,REQUIRED_NOT_CONNECTED
action,21,control_flow,balanced,conservative,b9a1162bdad9094a,70cb9a8ec77b52f5,48,observe,explored=19|split=10|dead_end=10|unresolved=9,f6f4f0f49f20c7c8,54cad5381163a6c7,REQUIRED_NOT_CONNECTED
action,21,control_flow,balanced,conservative,b9a1162bdad9094a,70cb9a8ec77b52f5,48,repair,explored=19|split=10|dead_end=10|unresolved=9,f6f4f0f49f20c7c8,54cad5381163a6c7,REQUIRED_NOT_CONNECTED
action,21,control_flow,balanced,conservative,b9a1162bdad9094a,70cb9a8ec77b52f5,48,discriminate,explored=19|split=10|dead_end=10|unresolved=9,f6f4f0f49f20c7c8,54cad5381163a6c7,REQUIRED_NOT_CONNECTED
action,21,control_flow,balanced,conservative,b9a1162bdad9094a,70cb9a8ec77b52f5,48,transfer,explored=19|split=10|dead_end=10|unresolved=9,f6f4f0f49f20c7c8,54cad5381163a6c7,REQUIRED_NOT_CONNECTED
action,21,control_flow,balanced,conservative,b9a1162bdad9094a,70cb9a8ec77b52f5,48,forge,explored=19|split=10|dead_end=10|unresolved=9,f6f4f0f49f20c7c8,54cad5381163a6c7,REQUIRED_NOT_CONNECTED
action,21,control_flow,balanced,conservative,b9a1162bdad9094a,70cb9a8ec77b52f5,48,observe,explored=19|split=10|dead_end=10|unresolved=9,f6f4f0f49f20c7c8,54cad5381163a6c7,REQUIRED_NOT_CONNECTED
action,21,control_flow,balanced,conservative,b9a1162bdad9094a,70cb9a8ec77b52f5,48,repair,explored=19|split=10|dead_end=10|unresolved=9,f6f4f0f49f20c7c8,54cad5381163a6c7,REQUIRED_NOT_CONNECTED
action,21,control_flow,balanced,conservative,b9a1162bdad9094a,70cb9a8ec77b52f5,48,discriminate,explored=19|split=10|dead_end=10|unresolved=9,f6f4f0f49f20c7c8,54cad5381163a6c7,REQUIRED_NOT_CONNECTED
action,21,control_flow,balanced,conservative,b9a1162bdad9094a,70cb9a8ec77b52f5,48,transfer,explored=19|split=10|dead_end=10|unresolved=9,f6f4f0f49f20c7c8,54cad5381163a6c7,REQUIRED_NOT_CONNECTED
action,21,control_flow,balanced,conservative,b9a1162bdad9094a,70cb9a8ec77b52f5,48,forge,explored=19|split=10|dead_end=10|unresolved=9,f6f4f0f49f20c7c8,54cad5381163a6c7,REQUIRED_NOT_CONNECTED
action,21,control_flow,balanced,conservative,b9a1162bdad9094a,70cb9a8ec77b52f5,48,observe,explored=19|split=10|dead_end=10|unresolved=9,f6f4f0f49f20c7c8,54cad5381163a6c7,REQUIRED_NOT_CONNECTED
action,21,control_flow,balanced,conservative,b9a1162bdad9094a,70cb9a8ec77b52f5,48,repair,explored=19|split=10|dead_end=10|unresolved=9,f6f4f0f49f20c7c8,54cad5381163a6c7,REQUIRED_NOT_CONNECTED
action,21,control_flow,balanced,conservative,b9a1162bdad9094a,70cb9a8ec77b52f5,48,discriminate,explored=19|split=10|dead_end=10|unresolved=9,f6f4f0f49f20c7c8,54cad5381163a6c7,REQUIRED_NOT_CONNECTED
action,21,control_flow,balanced,conservative,b9a1162bdad9094a,70cb9a8ec77b52f5,48,transfer,explored=19|split=10|dead_end=10|unresolved=9,f6f4f0f49f20c7c8,54cad5381163a6c7,REQUIRED_NOT_CONNECTED
action,21,control_flow,balanced,conservative,b9a1162bdad9094a,70cb9a8ec77b52f5,48,forge,explored=19|split=10|dead_end=10|unresolved=9,f6f4f0f49f20c7c8,54cad5381163a6c7,REQUIRED_NOT_CONNECTED
action,21,control_flow,balanced,conservative,b9a1162bdad9094a,70cb9a8ec77b52f5,48,observe,explored=19|split=10|dead_end=10|unresolved=9,f6f4f0f49f20c7c8,54cad5381163a6c7,REQUIRED_NOT_CONNECTED
action,21,control_flow,balanced,conservative,b9a1162bdad9094a,70cb9a8ec77b52f5,48,repair,explored=19|split=10|dead_end=10|unresolved=9,f6f4f0f49f20c7c8,54cad5381163a6c7,REQUIRED_NOT_CONNECTED
action,21,control_flow,balanced,conservative,b9a1162bdad9094a,70cb9a8ec77b52f5,48,discriminate,explored=19|split=10|dead_end=10|unresolved=9,f6f4f0f49f20c7c8,54cad5381163a6c7,REQUIRED_NOT_CONNECTED
action,21,control_flow,balanced,conservative,b9a1162bdad9094a,70cb9a8ec77b52f5,48,transfer,explored=19|split=10|dead_end=10|unresolved=9,f6f4f0f49f20c7c8,54cad5381163a6c7,REQUIRED_NOT_CONNECTED
action,21,control_flow,balanced,conservative,b9a1162bdad9094a,70cb9a8ec77b52f5,48,forge,explored=19|split=10|dead_end=10|unresolved=9,f6f4f0f49f20c7c8,54cad5381163a6c7,REQUIRED_NOT_CONNECTED
action,21,control_flow,balanced,conservative,b9a1162bdad9094a,70cb9a8ec77b52f5,48,observe,explored=19|split=10|dead_end=10|unresolved=9,f6f4f0f49f20c7c8,54cad5381163a6c7,REQUIRED_NOT_CONNECTED
action,21,control_flow,balanced,conservative,b9a1162bdad9094a,70cb9a8ec77b52f5,48,repair,explored=19|split=10|dead_end=10|unresolved=9,f6f4f0f49f20c7c8,54cad5381163a6c7,REQUIRED_NOT_CONNECTED
action,21,control_flow,balanced,conservative,b9a1162bdad9094a,70cb9a8ec77b52f5,48,discriminate,explored=19|split=10|dead_end=10|unresolved=9,f6f4f0f49f20c7c8,54cad5381163a6c7,REQUIRED_NOT_CONNECTED
action,21,control_flow,balanced,conservative,b9a1162bdad9094a,70cb9a8ec77b52f5,48,transfer,explored=19|split=10|dead_end=10|unresolved=9,f6f4f0f49f20c7c8,54cad5381163a6c7,REQUIRED_NOT_CONNECTED
action,21,control_flow,balanced,conservative,b9a1162bdad9094a,70cb9a8ec77b52f5,48,forge,explored=19|split=10|dead_end=10|unresolved=9,f6f4f0f49f20c7c8,54cad5381163a6c7,REQUIRED_NOT_CONNECTED
action,21,control_flow,balanced,conservative,b9a1162bdad9094a,70cb9a8ec77b52f5,48,observe,explored=19|split=10|dead_end=10|unresolved=9,f6f4f0f49f20c7c8,54cad5381163a6c7,REQUIRED_NOT_CONNECTED
action,21,control_flow,balanced,conservative,b9a1162bdad9094a,70cb9a8ec77b52f5,48,repair,explored=19|split=10|dead_end=10|unresolved=9,f6f4f0f49f20c7c8,54cad5381163a6c7,REQUIRED_NOT_CONNECTED
action,21,control_flow,balanced,conservative,b9a1162bdad9094a,70cb9a8ec77b52f5,48,discriminate,explored=19|split=10|dead_end=10|unresolved=9,f6f4f0f49f20c7c8,54cad5381163a6c7,REQUIRED_NOT_CONNECTED
action,21,control_flow,balanced,conservative,b9a1162bdad9094a,70cb9a8ec77b52f5,48,transfer,explored=19|split=10|dead_end=10|unresolved=9,f6f4f0f49f20c7c8,54cad5381163a6c7,REQUIRED_NOT_CONNECTED
action,21,control_flow,balanced,conservative,b9a1162bdad9094a,70cb9a8ec77b52f5,48,forge,explored=19|split=10|dead_end=10|unresolved=9,f6f4f0f49f20c7c8,54cad5381163a6c7,REQUIRED_NOT_CONNECTED
action,21,control_flow,balanced,conservative,b9a1162bdad9094a,70cb9a8ec77b52f5,48,observe,explored=19|split=10|dead_end=10|unresolved=9,f6f4f0f49f20c7c8,54cad5381163a6c7,REQUIRED_NOT_CONNECTED
action,21,control_flow,balanced,conservative,b9a1162bdad9094a,70cb9a8ec77b52f5,48,repair,explored=19|split=10|dead_end=10|unresolved=9,f6f4f0f49f20c7c8,54cad5381163a6c7,REQUIRED_NOT_CONNECTED
action,21,control_flow,balanced,conservative,b9a1162bdad9094a,70cb9a8ec77b52f5,48,discriminate,explored=19|split=10|dead_end=10|unresolved=9,f6f4f0f49f20c7c8,54cad5381163a6c7,REQUIRED_NOT_CONNECTED
action,21,control_flow,balanced,conservative,b9a1162bdad9094a,70cb9a8ec77b52f5,48,transfer,explored=19|split=10|dead_end=10|unresolved=9,f6f4f0f49f20c7c8,54cad5381163a6c7,REQUIRED_NOT_CONNECTED
action,21,control_flow,balanced,conservative,b9a1162bdad9094a,70cb9a8ec77b52f5,48,forge,explored=19|split=10|dead_end=10|unresolved=9,f6f4f0f49f20c7c8,54cad5381163a6c7,REQUIRED_NOT_CONNECTED
action,21,control_flow,balanced,conservative,b9a1162bdad9094a,70cb9a8ec77b52f5,48,observe,explored=19|split=10|dead_end=10|unresolved=9,f6f4f0f49f20c7c8,54cad5381163a6c7,REQUIRED_NOT_CONNECTED
action,21,control_flow,balanced,conservative,b9a1162bdad9094a,70cb9a8ec77b52f5,48,repair,explored=19|split=10|dead_end=10|unresolved=9,f6f4f0f49f20c7c8,54cad5381163a6c7,REQUIRED_NOT_CONNECTED
action,21,control_flow,balanced,conservative,b9a1162bdad9094a,70cb9a8ec77b52f5,48,discriminate,explored=19|split=10|dead_end=10|unresolved=9,f6f4f0f49f20c7c8,54cad5381163a6c7,REQUIRED_NOT_CONNECTED
action,21,control_flow,balanced,conservative,b9a1162bdad9094a,70cb9a8ec77b52f5,48,transfer,explored=19|split=10|dead_end=10|unresolved=9,f6f4f0f49f20c7c8,54cad5381163a6c7,REQUIRED_NOT_CONNECTED
action,21,control_flow,balanced,conservative,b9a1162bdad9094a,70cb9a8ec77b52f5,48,forge,explored=19|split=10|dead_end=10|unresolved=9,f6f4f0f49f20c7c8,54cad5381163a6c7,REQUIRED_NOT_CONNECTED
action,21,control_flow,balanced,conservative,b9a1162bdad9094a,70cb9a8ec77b52f5,48,observe,explored=19|split=10|dead_end=10|unresolved=9,f6f4f0f49f20c7c8,54cad5381163a6c7,REQUIRED_NOT_CONNECTED
action,21,control_flow,balanced,conservative,b9a1162bdad9094a,70cb9a8ec77b52f5,48,repair,explored=19|split=10|dead_end=10|unresolved=9,f6f4f0f49f20c7c8,54cad5381163a6c7,REQUIRED_NOT_CONNECTED
action,21,control_flow,balanced,conservative,b9a1162bdad9094a,70cb9a8ec77b52f5,48,discriminate,explored=19|split=10|dead_end=10|unresolved=9,f6f4f0f49f20c7c8,54cad5381163a6c7,REQUIRED_NOT_CONNECTED
action,21,control_flow,balanced,conservative,b9a1162bdad9094a,70cb9a8ec77b52f5,48,transfer,explored=19|split=10|dead_end=10|unresolved=9,f6f4f0f49f20c7c8,54cad5381163a6c7,REQUIRED_NOT_CONNECTED
action,21,control_flow,balanced,conservative,b9a1162bdad9094a,70cb9a8ec77b52f5,48,forge,explored=19|split=10|dead_end=10|unresolved=9,f6f4f0f49f20c7c8,54cad5381163a6c7,REQUIRED_NOT_CONNECTED
action,21,control_flow,balanced,conservative,b9a1162bdad9094a,70cb9a8ec77b52f5,48,observe,explored=19|split=10|dead_end=10|unresolved=9,f6f4f0f49f20c7c8,54cad5381163a6c7,REQUIRED_NOT_CONNECTED
action,21,control_flow,balanced,conservative,b9a1162bdad9094a,70cb9a8ec77b52f5,48,repair,explored=19|split=10|dead_end=10|unresolved=9,f6f4f0f49f20c7c8,54cad5381163a6c7,REQUIRED_NOT_CONNECTED
action,21,control_flow,balanced,conservative,b9a1162bdad9094a,70cb9a8ec77b52f5,48,discriminate,explored=19|split=10|dead_end=10|unresolved=9,f6f4f0f49f20c7c8,54cad5381163a6c7,REQUIRED_NOT_CONNECTED
action,22,control_flow,balanced,balanced,a1046f60517a1deb,70cb9a8ec77b52f5,48,forge,explored=19|split=9|dead_end=10|unresolved=10,10f498d1a49493e,d2b0e6b2573a653a,REQUIRED_NOT_CONNECTED
action,22,control_flow,balanced,balanced,a1046f60517a1deb,70cb9a8ec77b52f5,48,observe,explored=19|split=9|dead_end=10|unresolved=10,10f498d1a49493e,d2b0e6b2573a653a,REQUIRED_NOT_CONNECTED
action,22,control_flow,balanced,balanced,a1046f60517a1deb,70cb9a8ec77b52f5,48,repair,explored=19|split=9|dead_end=10|unresolved=10,10f498d1a49493e,d2b0e6b2573a653a,REQUIRED_NOT_CONNECTED
action,22,control_flow,balanced,balanced,a1046f60517a1deb,70cb9a8ec77b52f5,48,discriminate,explored=19|split=9|dead_end=10|unresolved=10,10f498d1a49493e,d2b0e6b2573a653a,REQUIRED_NOT_CONNECTED
action,22,control_flow,balanced,balanced,a1046f60517a1deb,70cb9a8ec77b52f5,48,transfer,explored=19|split=9|dead_end=10|unresolved=10,10f498d1a49493e,d2b0e6b2573a653a,REQUIRED_NOT_CONNECTED
action,22,control_flow,balanced,balanced,a1046f60517a1deb,70cb9a8ec77b52f5,48,forge,explored=19|split=9|dead_end=10|unresolved=10,10f498d1a49493e,d2b0e6b2573a653a,REQUIRED_NOT_CONNECTED
action,22,control_flow,balanced,balanced,a1046f60517a1deb,70cb9a8ec77b52f5,48,observe,explored=19|split=9|dead_end=10|unresolved=10,10f498d1a49493e,d2b0e6b2573a653a,REQUIRED_NOT_CONNECTED
action,22,control_flow,balanced,balanced,a1046f60517a1deb,70cb9a8ec77b52f5,48,repair,explored=19|split=9|dead_end=10|unresolved=10,10f498d1a49493e,d2b0e6b2573a653a,REQUIRED_NOT_CONNECTED
action,22,control_flow,balanced,balanced,a1046f60517a1deb,70cb9a8ec77b52f5,48,discriminate,explored=19|split=9|dead_end=10|unresolved=10,10f498d1a49493e,d2b0e6b2573a653a,REQUIRED_NOT_CONNECTED
action,22,control_flow,balanced,balanced,a1046f60517a1deb,70cb9a8ec77b52f5,48,transfer,explored=19|split=9|dead_end=10|unresolved=10,10f498d1a49493e,d2b0e6b2573a653a,REQUIRED_NOT_CONNECTED
action,22,control_flow,balanced,balanced,a1046f60517a1deb,70cb9a8ec77b52f5,48,forge,explored=19|split=9|dead_end=10|unresolved=10,10f498d1a49493e,d2b0e6b2573a653a,REQUIRED_NOT_CONNECTED
action,22,control_flow,balanced,balanced,a1046f60517a1deb,70cb9a8ec77b52f5,48,observe,explored=19|split=9|dead_end=10|unresolved=10,10f498d1a49493e,d2b0e6b2573a653a,REQUIRED_NOT_CONNECTED
action,22,control_flow,balanced,balanced,a1046f60517a1deb,70cb9a8ec77b52f5,48,repair,explored=19|split=9|dead_end=10|unresolved=10,10f498d1a49493e,d2b0e6b2573a653a,REQUIRED_NOT_CONNECTED
action,22,control_flow,balanced,balanced,a1046f60517a1deb,70cb9a8ec77b52f5,48,discriminate,explored=19|split=9|dead_end=10|unresolved=10,10f498d1a49493e,d2b0e6b2573a653a,REQUIRED_NOT_CONNECTED
action,22,control_flow,balanced,balanced,a1046f60517a1deb,70cb9a8ec77b52f5,48,transfer,explored=19|split=9|dead_end=10|unresolved=10,10f498d1a49493e,d2b0e6b2573a653a,REQUIRED_NOT_CONNECTED
action,22,control_flow,balanced,balanced,a1046f60517a1deb,70cb9a8ec77b52f5,48,forge,explored=19|split=9|dead_end=10|unresolved=10,10f498d1a49493e,d2b0e6b2573a653a,REQUIRED_NOT_CONNECTED
action,22,control_flow,balanced,balanced,a1046f60517a1deb,70cb9a8ec77b52f5,48,observe,explored=19|split=9|dead_end=10|unresolved=10,10f498d1a49493e,d2b0e6b2573a653a,REQUIRED_NOT_CONNECTED
action,22,control_flow,balanced,balanced,a1046f60517a1deb,70cb9a8ec77b52f5,48,repair,explored=19|split=9|dead_end=10|unresolved=10,10f498d1a49493e,d2b0e6b2573a653a,REQUIRED_NOT_CONNECTED
action,22,control_flow,balanced,balanced,a1046f60517a1deb,70cb9a8ec77b52f5,48,discriminate,explored=19|split=9|dead_end=10|unresolved=10,10f498d1a49493e,d2b0e6b2573a653a,REQUIRED_NOT_CONNECTED
action,22,control_flow,balanced,balanced,a1046f60517a1deb,70cb9a8ec77b52f5,48,transfer,explored=19|split=9|dead_end=10|unresolved=10,10f498d1a49493e,d2b0e6b2573a653a,REQUIRED_NOT_CONNECTED
action,22,control_flow,balanced,balanced,a1046f60517a1deb,70cb9a8ec77b52f5,48,forge,explored=19|split=9|dead_end=10|unresolved=10,10f498d1a49493e,d2b0e6b2573a653a,REQUIRED_NOT_CONNECTED
action,22,control_flow,balanced,balanced,a1046f60517a1deb,70cb9a8ec77b52f5,48,observe,explored=19|split=9|dead_end=10|unresolved=10,10f498d1a49493e,d2b0e6b2573a653a,REQUIRED_NOT_CONNECTED
action,22,control_flow,balanced,balanced,a1046f60517a1deb,70cb9a8ec77b52f5,48,repair,explored=19|split=9|dead_end=10|unresolved=10,10f498d1a49493e,d2b0e6b2573a653a,REQUIRED_NOT_CONNECTED
action,22,control_flow,balanced,balanced,a1046f60517a1deb,70cb9a8ec77b52f5,48,discriminate,explored=19|split=9|dead_end=10|unresolved=10,10f498d1a49493e,d2b0e6b2573a653a,REQUIRED_NOT_CONNECTED
action,22,control_flow,balanced,balanced,a1046f60517a1deb,70cb9a8ec77b52f5,48,transfer,explored=19|split=9|dead_end=10|unresolved=10,10f498d1a49493e,d2b0e6b2573a653a,REQUIRED_NOT_CONNECTED
action,22,control_flow,balanced,balanced,a1046f60517a1deb,70cb9a8ec77b52f5,48,forge,explored=19|split=9|dead_end=10|unresolved=10,10f498d1a49493e,d2b0e6b2573a653a,REQUIRED_NOT_CONNECTED
action,22,control_flow,balanced,balanced,a1046f60517a1deb,70cb9a8ec77b52f5,48,observe,explored=19|split=9|dead_end=10|unresolved=10,10f498d1a49493e,d2b0e6b2573a653a,REQUIRED_NOT_CONNECTED
action,22,control_flow,balanced,balanced,a1046f60517a1deb,70cb9a8ec77b52f5,48,repair,explored=19|split=9|dead_end=10|unresolved=10,10f498d1a49493e,d2b0e6b2573a653a,REQUIRED_NOT_CONNECTED
action,22,control_flow,balanced,balanced,a1046f60517a1deb,70cb9a8ec77b52f5,48,discriminate,explored=19|split=9|dead_end=10|unresolved=10,10f498d1a49493e,d2b0e6b2573a653a,REQUIRED_NOT_CONNECTED
action,22,control_flow,balanced,balanced,a1046f60517a1deb,70cb9a8ec77b52f5,48,transfer,explored=19|split=9|dead_end=10|unresolved=10,10f498d1a49493e,d2b0e6b2573a653a,REQUIRED_NOT_CONNECTED
action,22,control_flow,balanced,balanced,a1046f60517a1deb,70cb9a8ec77b52f5,48,forge,explored=19|split=9|dead_end=10|unresolved=10,10f498d1a49493e,d2b0e6b2573a653a,REQUIRED_NOT_CONNECTED
action,22,control_flow,balanced,balanced,a1046f60517a1deb,70cb9a8ec77b52f5,48,observe,explored=19|split=9|dead_end=10|unresolved=10,10f498d1a49493e,d2b0e6b2573a653a,REQUIRED_NOT_CONNECTED
action,22,control_flow,balanced,balanced,a1046f60517a1deb,70cb9a8ec77b52f5,48,repair,explored=19|split=9|dead_end=10|unresolved=10,10f498d1a49493e,d2b0e6b2573a653a,REQUIRED_NOT_CONNECTED
action,22,control_flow,balanced,balanced,a1046f60517a1deb,70cb9a8ec77b52f5,48,discriminate,explored=19|split=9|dead_end=10|unresolved=10,10f498d1a49493e,d2b0e6b2573a653a,REQUIRED_NOT_CONNECTED
action,22,control_flow,balanced,balanced,a1046f60517a1deb,70cb9a8ec77b52f5,48,transfer,explored=19|split=9|dead_end=10|unresolved=10,10f498d1a49493e,d2b0e6b2573a653a,REQUIRED_NOT_CONNECTED
action,22,control_flow,balanced,balanced,a1046f60517a1deb,70cb9a8ec77b52f5,48,forge,explored=19|split=9|dead_end=10|unresolved=10,10f498d1a49493e,d2b0e6b2573a653a,REQUIRED_NOT_CONNECTED
action,22,control_flow,balanced,balanced,a1046f60517a1deb,70cb9a8ec77b52f5,48,observe,explored=19|split=9|dead_end=10|unresolved=10,10f498d1a49493e,d2b0e6b2573a653a,REQUIRED_NOT_CONNECTED
action,22,control_flow,balanced,balanced,a1046f60517a1deb,70cb9a8ec77b52f5,48,repair,explored=19|split=9|dead_end=10|unresolved=10,10f498d1a49493e,d2b0e6b2573a653a,REQUIRED_NOT_CONNECTED
action,22,control_flow,balanced,balanced,a1046f60517a1deb,70cb9a8ec77b52f5,48,discriminate,explored=19|split=9|dead_end=10|unresolved=10,10f498d1a49493e,d2b0e6b2573a653a,REQUIRED_NOT_CONNECTED
action,22,control_flow,balanced,balanced,a1046f60517a1deb,70cb9a8ec77b52f5,48,transfer,explored=19|split=9|dead_end=10|unresolved=10,10f498d1a49493e,d2b0e6b2573a653a,REQUIRED_NOT_CONNECTED
action,22,control_flow,balanced,balanced,a1046f60517a1deb,70cb9a8ec77b52f5,48,forge,explored=19|split=9|dead_end=10|unresolved=10,10f498d1a49493e,d2b0e6b2573a653a,REQUIRED_NOT_CONNECTED
action,22,control_flow,balanced,balanced,a1046f60517a1deb,70cb9a8ec77b52f5,48,observe,explored=19|split=9|dead_end=10|unresolved=10,10f498d1a49493e,d2b0e6b2573a653a,REQUIRED_NOT_CONNECTED
action,22,control_flow,balanced,balanced,a1046f60517a1deb,70cb9a8ec77b52f5,48,repair,explored=19|split=9|dead_end=10|unresolved=10,10f498d1a49493e,d2b0e6b2573a653a,REQUIRED_NOT_CONNECTED
action,22,control_flow,balanced,balanced,a1046f60517a1deb,70cb9a8ec77b52f5,48,discriminate,explored=19|split=9|dead_end=10|unresolved=10,10f498d1a49493e,d2b0e6b2573a653a,REQUIRED_NOT_CONNECTED
action,22,control_flow,balanced,balanced,a1046f60517a1deb,70cb9a8ec77b52f5,48,transfer,explored=19|split=9|dead_end=10|unresolved=10,10f498d1a49493e,d2b0e6b2573a653a,REQUIRED_NOT_CONNECTED
action,22,control_flow,balanced,balanced,a1046f60517a1deb,70cb9a8ec77b52f5,48,forge,explored=19|split=9|dead_end=10|unresolved=10,10f498d1a49493e,d2b0e6b2573a653a,REQUIRED_NOT_CONNECTED
action,22,control_flow,balanced,balanced,a1046f60517a1deb,70cb9a8ec77b52f5,48,observe,explored=19|split=9|dead_end=10|unresolved=10,10f498d1a49493e,d2b0e6b2573a653a,REQUIRED_NOT_CONNECTED
action,22,control_flow,balanced,balanced,a1046f60517a1deb,70cb9a8ec77b52f5,48,repair,explored=19|split=9|dead_end=10|unresolved=10,10f498d1a49493e,d2b0e6b2573a653a,REQUIRED_NOT_CONNECTED
action,23,control_flow,balanced,experimental,b2bb6ad4ce150381,70cb9a8ec77b52f5,48,transfer,explored=20|split=9|dead_end=9|unresolved=10,e0a6b71f9c12703d,932206c786f55a8c,REQUIRED_NOT_CONNECTED
action,23,control_flow,balanced,experimental,b2bb6ad4ce150381,70cb9a8ec77b52f5,48,forge,explored=20|split=9|dead_end=9|unresolved=10,e0a6b71f9c12703d,932206c786f55a8c,REQUIRED_NOT_CONNECTED
action,23,control_flow,balanced,experimental,b2bb6ad4ce150381,70cb9a8ec77b52f5,48,observe,explored=20|split=9|dead_end=9|unresolved=10,e0a6b71f9c12703d,932206c786f55a8c,REQUIRED_NOT_CONNECTED
action,23,control_flow,balanced,experimental,b2bb6ad4ce150381,70cb9a8ec77b52f5,48,repair,explored=20|split=9|dead_end=9|unresolved=10,e0a6b71f9c12703d,932206c786f55a8c,REQUIRED_NOT_CONNECTED
action,23,control_flow,balanced,experimental,b2bb6ad4ce150381,70cb9a8ec77b52f5,48,discriminate,explored=20|split=9|dead_end=9|unresolved=10,e0a6b71f9c12703d,932206c786f55a8c,REQUIRED_NOT_CONNECTED
action,23,control_flow,balanced,experimental,b2bb6ad4ce150381,70cb9a8ec77b52f5,48,transfer,explored=20|split=9|dead_end=9|unresolved=10,e0a6b71f9c12703d,932206c786f55a8c,REQUIRED_NOT_CONNECTED
action,23,control_flow,balanced,experimental,b2bb6ad4ce150381,70cb9a8ec77b52f5,48,forge,explored=20|split=9|dead_end=9|unresolved=10,e0a6b71f9c12703d,932206c786f55a8c,REQUIRED_NOT_CONNECTED
action,23,control_flow,balanced,experimental,b2bb6ad4ce150381,70cb9a8ec77b52f5,48,observe,explored=20|split=9|dead_end=9|unresolved=10,e0a6b71f9c12703d,932206c786f55a8c,REQUIRED_NOT_CONNECTED
action,23,control_flow,balanced,experimental,b2bb6ad4ce150381,70cb9a8ec77b52f5,48,repair,explored=20|split=9|dead_end=9|unresolved=10,e0a6b71f9c12703d,932206c786f55a8c,REQUIRED_NOT_CONNECTED
action,23,control_flow,balanced,experimental,b2bb6ad4ce150381,70cb9a8ec77b52f5,48,discriminate,explored=20|split=9|dead_end=9|unresolved=10,e0a6b71f9c12703d,932206c786f55a8c,REQUIRED_NOT_CONNECTED
action,23,control_flow,balanced,experimental,b2bb6ad4ce150381,70cb9a8ec77b52f5,48,transfer,explored=20|split=9|dead_end=9|unresolved=10,e0a6b71f9c12703d,932206c786f55a8c,REQUIRED_NOT_CONNECTED
action,23,control_flow,balanced,experimental,b2bb6ad4ce150381,70cb9a8ec77b52f5,48,forge,explored=20|split=9|dead_end=9|unresolved=10,e0a6b71f9c12703d,932206c786f55a8c,REQUIRED_NOT_CONNECTED
action,23,control_flow,balanced,experimental,b2bb6ad4ce150381,70cb9a8ec77b52f5,48,observe,explored=20|split=9|dead_end=9|unresolved=10,e0a6b71f9c12703d,932206c786f55a8c,REQUIRED_NOT_CONNECTED
action,23,control_flow,balanced,experimental,b2bb6ad4ce150381,70cb9a8ec77b52f5,48,repair,explored=20|split=9|dead_end=9|unresolved=10,e0a6b71f9c12703d,932206c786f55a8c,REQUIRED_NOT_CONNECTED
action,23,control_flow,balanced,experimental,b2bb6ad4ce150381,70cb9a8ec77b52f5,48,discriminate,explored=20|split=9|dead_end=9|unresolved=10,e0a6b71f9c12703d,932206c786f55a8c,REQUIRED_NOT_CONNECTED
action,23,control_flow,balanced,experimental,b2bb6ad4ce150381,70cb9a8ec77b52f5,48,transfer,explored=20|split=9|dead_end=9|unresolved=10,e0a6b71f9c12703d,932206c786f55a8c,REQUIRED_NOT_CONNECTED
action,23,control_flow,balanced,experimental,b2bb6ad4ce150381,70cb9a8ec77b52f5,48,forge,explored=20|split=9|dead_end=9|unresolved=10,e0a6b71f9c12703d,932206c786f55a8c,REQUIRED_NOT_CONNECTED
action,23,control_flow,balanced,experimental,b2bb6ad4ce150381,70cb9a8ec77b52f5,48,observe,explored=20|split=9|dead_end=9|unresolved=10,e0a6b71f9c12703d,932206c786f55a8c,REQUIRED_NOT_CONNECTED
action,23,control_flow,balanced,experimental,b2bb6ad4ce150381,70cb9a8ec77b52f5,48,repair,explored=20|split=9|dead_end=9|unresolved=10,e0a6b71f9c12703d,932206c786f55a8c,REQUIRED_NOT_CONNECTED
action,23,control_flow,balanced,experimental,b2bb6ad4ce150381,70cb9a8ec77b52f5,48,discriminate,explored=20|split=9|dead_end=9|unresolved=10,e0a6b71f9c12703d,932206c786f55a8c,REQUIRED_NOT_CONNECTED
action,23,control_flow,balanced,experimental,b2bb6ad4ce150381,70cb9a8ec77b52f5,48,transfer,explored=20|split=9|dead_end=9|unresolved=10,e0a6b71f9c12703d,932206c786f55a8c,REQUIRED_NOT_CONNECTED
action,23,control_flow,balanced,experimental,b2bb6ad4ce150381,70cb9a8ec77b52f5,48,forge,explored=20|split=9|dead_end=9|unresolved=10,e0a6b71f9c12703d,932206c786f55a8c,REQUIRED_NOT_CONNECTED
action,23,control_flow,balanced,experimental,b2bb6ad4ce150381,70cb9a8ec77b52f5,48,observe,explored=20|split=9|dead_end=9|unresolved=10,e0a6b71f9c12703d,932206c786f55a8c,REQUIRED_NOT_CONNECTED
action,23,control_flow,balanced,experimental,b2bb6ad4ce150381,70cb9a8ec77b52f5,48,repair,explored=20|split=9|dead_end=9|unresolved=10,e0a6b71f9c12703d,932206c786f55a8c,REQUIRED_NOT_CONNECTED
action,23,control_flow,balanced,experimental,b2bb6ad4ce150381,70cb9a8ec77b52f5,48,discriminate,explored=20|split=9|dead_end=9|unresolved=10,e0a6b71f9c12703d,932206c786f55a8c,REQUIRED_NOT_CONNECTED
action,23,control_flow,balanced,experimental,b2bb6ad4ce150381,70cb9a8ec77b52f5,48,transfer,explored=20|split=9|dead_end=9|unresolved=10,e0a6b71f9c12703d,932206c786f55a8c,REQUIRED_NOT_CONNECTED
action,23,control_flow,balanced,experimental,b2bb6ad4ce150381,70cb9a8ec77b52f5,48,forge,explored=20|split=9|dead_end=9|unresolved=10,e0a6b71f9c12703d,932206c786f55a8c,REQUIRED_NOT_CONNECTED
action,23,control_flow,balanced,experimental,b2bb6ad4ce150381,70cb9a8ec77b52f5,48,observe,explored=20|split=9|dead_end=9|unresolved=10,e0a6b71f9c12703d,932206c786f55a8c,REQUIRED_NOT_CONNECTED
action,23,control_flow,balanced,experimental,b2bb6ad4ce150381,70cb9a8ec77b52f5,48,repair,explored=20|split=9|dead_end=9|unresolved=10,e0a6b71f9c12703d,932206c786f55a8c,REQUIRED_NOT_CONNECTED
action,23,control_flow,balanced,experimental,b2bb6ad4ce150381,70cb9a8ec77b52f5,48,discriminate,explored=20|split=9|dead_end=9|unresolved=10,e0a6b71f9c12703d,932206c786f55a8c,REQUIRED_NOT_CONNECTED
action,23,control_flow,balanced,experimental,b2bb6ad4ce150381,70cb9a8ec77b52f5,48,transfer,explored=20|split=9|dead_end=9|unresolved=10,e0a6b71f9c12703d,932206c786f55a8c,REQUIRED_NOT_CONNECTED
action,23,control_flow,balanced,experimental,b2bb6ad4ce150381,70cb9a8ec77b52f5,48,forge,explored=20|split=9|dead_end=9|unresolved=10,e0a6b71f9c12703d,932206c786f55a8c,REQUIRED_NOT_CONNECTED
action,23,control_flow,balanced,experimental,b2bb6ad4ce150381,70cb9a8ec77b52f5,48,observe,explored=20|split=9|dead_end=9|unresolved=10,e0a6b71f9c12703d,932206c786f55a8c,REQUIRED_NOT_CONNECTED
action,23,control_flow,balanced,experimental,b2bb6ad4ce150381,70cb9a8ec77b52f5,48,repair,explored=20|split=9|dead_end=9|unresolved=10,e0a6b71f9c12703d,932206c786f55a8c,REQUIRED_NOT_CONNECTED
action,23,control_flow,balanced,experimental,b2bb6ad4ce150381,70cb9a8ec77b52f5,48,discriminate,explored=20|split=9|dead_end=9|unresolved=10,e0a6b71f9c12703d,932206c786f55a8c,REQUIRED_NOT_CONNECTED
action,23,control_flow,balanced,experimental,b2bb6ad4ce150381,70cb9a8ec77b52f5,48,transfer,explored=20|split=9|dead_end=9|unresolved=10,e0a6b71f9c12703d,932206c786f55a8c,REQUIRED_NOT_CONNECTED
action,23,control_flow,balanced,experimental,b2bb6ad4ce150381,70cb9a8ec77b52f5,48,forge,explored=20|split=9|dead_end=9|unresolved=10,e0a6b71f9c12703d,932206c786f55a8c,REQUIRED_NOT_CONNECTED
action,23,control_flow,balanced,experimental,b2bb6ad4ce150381,70cb9a8ec77b52f5,48,observe,explored=20|split=9|dead_end=9|unresolved=10,e0a6b71f9c12703d,932206c786f55a8c,REQUIRED_NOT_CONNECTED
action,23,control_flow,balanced,experimental,b2bb6ad4ce150381,70cb9a8ec77b52f5,48,repair,explored=20|split=9|dead_end=9|unresolved=10,e0a6b71f9c12703d,932206c786f55a8c,REQUIRED_NOT_CONNECTED
action,23,control_flow,balanced,experimental,b2bb6ad4ce150381,70cb9a8ec77b52f5,48,discriminate,explored=20|split=9|dead_end=9|unresolved=10,e0a6b71f9c12703d,932206c786f55a8c,REQUIRED_NOT_CONNECTED
action,23,control_flow,balanced,experimental,b2bb6ad4ce150381,70cb9a8ec77b52f5,48,transfer,explored=20|split=9|dead_end=9|unresolved=10,e0a6b71f9c12703d,932206c786f55a8c,REQUIRED_NOT_CONNECTED
action,23,control_flow,balanced,experimental,b2bb6ad4ce150381,70cb9a8ec77b52f5,48,forge,explored=20|split=9|dead_end=9|unresolved=10,e0a6b71f9c12703d,932206c786f55a8c,REQUIRED_NOT_CONNECTED
action,23,control_flow,balanced,experimental,b2bb6ad4ce150381,70cb9a8ec77b52f5,48,observe,explored=20|split=9|dead_end=9|unresolved=10,e0a6b71f9c12703d,932206c786f55a8c,REQUIRED_NOT_CONNECTED
action,23,control_flow,balanced,experimental,b2bb6ad4ce150381,70cb9a8ec77b52f5,48,repair,explored=20|split=9|dead_end=9|unresolved=10,e0a6b71f9c12703d,932206c786f55a8c,REQUIRED_NOT_CONNECTED
action,23,control_flow,balanced,experimental,b2bb6ad4ce150381,70cb9a8ec77b52f5,48,discriminate,explored=20|split=9|dead_end=9|unresolved=10,e0a6b71f9c12703d,932206c786f55a8c,REQUIRED_NOT_CONNECTED
action,23,control_flow,balanced,experimental,b2bb6ad4ce150381,70cb9a8ec77b52f5,48,transfer,explored=20|split=9|dead_end=9|unresolved=10,e0a6b71f9c12703d,932206c786f55a8c,REQUIRED_NOT_CONNECTED
action,23,control_flow,balanced,experimental,b2bb6ad4ce150381,70cb9a8ec77b52f5,48,forge,explored=20|split=9|dead_end=9|unresolved=10,e0a6b71f9c12703d,932206c786f55a8c,REQUIRED_NOT_CONNECTED
action,23,control_flow,balanced,experimental,b2bb6ad4ce150381,70cb9a8ec77b52f5,48,observe,explored=20|split=9|dead_end=9|unresolved=10,e0a6b71f9c12703d,932206c786f55a8c,REQUIRED_NOT_CONNECTED
action,24,control_flow,depth_repair,conservative,d1169d7750cd36eb,70cb9a8ec77b52f5,48,discriminate,explored=20|split=10|dead_end=9|unresolved=9,381273ddf39fbcaa,448c49e588f8290a,REQUIRED_NOT_CONNECTED
action,24,control_flow,depth_repair,conservative,d1169d7750cd36eb,70cb9a8ec77b52f5,48,observe,explored=20|split=10|dead_end=9|unresolved=9,381273ddf39fbcaa,448c49e588f8290a,REQUIRED_NOT_CONNECTED
action,24,control_flow,depth_repair,conservative,d1169d7750cd36eb,70cb9a8ec77b52f5,48,transfer,explored=20|split=10|dead_end=9|unresolved=9,381273ddf39fbcaa,448c49e588f8290a,REQUIRED_NOT_CONNECTED
action,24,control_flow,depth_repair,conservative,d1169d7750cd36eb,70cb9a8ec77b52f5,48,repair,explored=20|split=10|dead_end=9|unresolved=9,381273ddf39fbcaa,448c49e588f8290a,REQUIRED_NOT_CONNECTED
action,24,control_flow,depth_repair,conservative,d1169d7750cd36eb,70cb9a8ec77b52f5,48,forge,explored=20|split=10|dead_end=9|unresolved=9,381273ddf39fbcaa,448c49e588f8290a,REQUIRED_NOT_CONNECTED
action,24,control_flow,depth_repair,conservative,d1169d7750cd36eb,70cb9a8ec77b52f5,48,discriminate,explored=20|split=10|dead_end=9|unresolved=9,381273ddf39fbcaa,448c49e588f8290a,REQUIRED_NOT_CONNECTED
action,24,control_flow,depth_repair,conservative,d1169d7750cd36eb,70cb9a8ec77b52f5,48,observe,explored=20|split=10|dead_end=9|unresolved=9,381273ddf39fbcaa,448c49e588f8290a,REQUIRED_NOT_CONNECTED
action,24,control_flow,depth_repair,conservative,d1169d7750cd36eb,70cb9a8ec77b52f5,48,transfer,explored=20|split=10|dead_end=9|unresolved=9,381273ddf39fbcaa,448c49e588f8290a,REQUIRED_NOT_CONNECTED
action,24,control_flow,depth_repair,conservative,d1169d7750cd36eb,70cb9a8ec77b52f5,48,repair,explored=20|split=10|dead_end=9|unresolved=9,381273ddf39fbcaa,448c49e588f8290a,REQUIRED_NOT_CONNECTED
action,24,control_flow,depth_repair,conservative,d1169d7750cd36eb,70cb9a8ec77b52f5,48,forge,explored=20|split=10|dead_end=9|unresolved=9,381273ddf39fbcaa,448c49e588f8290a,REQUIRED_NOT_CONNECTED
action,24,control_flow,depth_repair,conservative,d1169d7750cd36eb,70cb9a8ec77b52f5,48,discriminate,explored=20|split=10|dead_end=9|unresolved=9,381273ddf39fbcaa,448c49e588f8290a,REQUIRED_NOT_CONNECTED
action,24,control_flow,depth_repair,conservative,d1169d7750cd36eb,70cb9a8ec77b52f5,48,observe,explored=20|split=10|dead_end=9|unresolved=9,381273ddf39fbcaa,448c49e588f8290a,REQUIRED_NOT_CONNECTED
action,24,control_flow,depth_repair,conservative,d1169d7750cd36eb,70cb9a8ec77b52f5,48,transfer,explored=20|split=10|dead_end=9|unresolved=9,381273ddf39fbcaa,448c49e588f8290a,REQUIRED_NOT_CONNECTED
action,24,control_flow,depth_repair,conservative,d1169d7750cd36eb,70cb9a8ec77b52f5,48,repair,explored=20|split=10|dead_end=9|unresolved=9,381273ddf39fbcaa,448c49e588f8290a,REQUIRED_NOT_CONNECTED
action,24,control_flow,depth_repair,conservative,d1169d7750cd36eb,70cb9a8ec77b52f5,48,forge,explored=20|split=10|dead_end=9|unresolved=9,381273ddf39fbcaa,448c49e588f8290a,REQUIRED_NOT_CONNECTED
action,24,control_flow,depth_repair,conservative,d1169d7750cd36eb,70cb9a8ec77b52f5,48,discriminate,explored=20|split=10|dead_end=9|unresolved=9,381273ddf39fbcaa,448c49e588f8290a,REQUIRED_NOT_CONNECTED
action,24,control_flow,depth_repair,conservative,d1169d7750cd36eb,70cb9a8ec77b52f5,48,observe,explored=20|split=10|dead_end=9|unresolved=9,381273ddf39fbcaa,448c49e588f8290a,REQUIRED_NOT_CONNECTED
action,24,control_flow,depth_repair,conservative,d1169d7750cd36eb,70cb9a8ec77b52f5,48,transfer,explored=20|split=10|dead_end=9|unresolved=9,381273ddf39fbcaa,448c49e588f8290a,REQUIRED_NOT_CONNECTED
action,24,control_flow,depth_repair,conservative,d1169d7750cd36eb,70cb9a8ec77b52f5,48,repair,explored=20|split=10|dead_end=9|unresolved=9,381273ddf39fbcaa,448c49e588f8290a,REQUIRED_NOT_CONNECTED
action,24,control_flow,depth_repair,conservative,d1169d7750cd36eb,70cb9a8ec77b52f5,48,forge,explored=20|split=10|dead_end=9|unresolved=9,381273ddf39fbcaa,448c49e588f8290a,REQUIRED_NOT_CONNECTED
action,24,control_flow,depth_repair,conservative,d1169d7750cd36eb,70cb9a8ec77b52f5,48,discriminate,explored=20|split=10|dead_end=9|unresolved=9,381273ddf39fbcaa,448c49e588f8290a,REQUIRED_NOT_CONNECTED
action,24,control_flow,depth_repair,conservative,d1169d7750cd36eb,70cb9a8ec77b52f5,48,observe,explored=20|split=10|dead_end=9|unresolved=9,381273ddf39fbcaa,448c49e588f8290a,REQUIRED_NOT_CONNECTED
action,24,control_flow,depth_repair,conservative,d1169d7750cd36eb,70cb9a8ec77b52f5,48,transfer,explored=20|split=10|dead_end=9|unresolved=9,381273ddf39fbcaa,448c49e588f8290a,REQUIRED_NOT_CONNECTED
action,24,control_flow,depth_repair,conservative,d1169d7750cd36eb,70cb9a8ec77b52f5,48,repair,explored=20|split=10|dead_end=9|unresolved=9,381273ddf39fbcaa,448c49e588f8290a,REQUIRED_NOT_CONNECTED
action,24,control_flow,depth_repair,conservative,d1169d7750cd36eb,70cb9a8ec77b52f5,48,forge,explored=20|split=10|dead_end=9|unresolved=9,381273ddf39fbcaa,448c49e588f8290a,REQUIRED_NOT_CONNECTED
action,24,control_flow,depth_repair,conservative,d1169d7750cd36eb,70cb9a8ec77b52f5,48,discriminate,explored=20|split=10|dead_end=9|unresolved=9,381273ddf39fbcaa,448c49e588f8290a,REQUIRED_NOT_CONNECTED
action,24,control_flow,depth_repair,conservative,d1169d7750cd36eb,70cb9a8ec77b52f5,48,observe,explored=20|split=10|dead_end=9|unresolved=9,381273ddf39fbcaa,448c49e588f8290a,REQUIRED_NOT_CONNECTED
action,24,control_flow,depth_repair,conservative,d1169d7750cd36eb,70cb9a8ec77b52f5,48,transfer,explored=20|split=10|dead_end=9|unresolved=9,381273ddf39fbcaa,448c49e588f8290a,REQUIRED_NOT_CONNECTED
action,24,control_flow,depth_repair,conservative,d1169d7750cd36eb,70cb9a8ec77b52f5,48,repair,explored=20|split=10|dead_end=9|unresolved=9,381273ddf39fbcaa,448c49e588f8290a,REQUIRED_NOT_CONNECTED
action,24,control_flow,depth_repair,conservative,d1169d7750cd36eb,70cb9a8ec77b52f5,48,forge,explored=20|split=10|dead_end=9|unresolved=9,381273ddf39fbcaa,448c49e588f8290a,REQUIRED_NOT_CONNECTED
action,24,control_flow,depth_repair,conservative,d1169d7750cd36eb,70cb9a8ec77b52f5,48,discriminate,explored=20|split=10|dead_end=9|unresolved=9,381273ddf39fbcaa,448c49e588f8290a,REQUIRED_NOT_CONNECTED
action,24,control_flow,depth_repair,conservative,d1169d7750cd36eb,70cb9a8ec77b52f5,48,observe,explored=20|split=10|dead_end=9|unresolved=9,381273ddf39fbcaa,448c49e588f8290a,REQUIRED_NOT_CONNECTED
action,24,control_flow,depth_repair,conservative,d1169d7750cd36eb,70cb9a8ec77b52f5,48,transfer,explored=20|split=10|dead_end=9|unresolved=9,381273ddf39fbcaa,448c49e588f8290a,REQUIRED_NOT_CONNECTED
action,24,control_flow,depth_repair,conservative,d1169d7750cd36eb,70cb9a8ec77b52f5,48,repair,explored=20|split=10|dead_end=9|unresolved=9,381273ddf39fbcaa,448c49e588f8290a,REQUIRED_NOT_CONNECTED
action,24,control_flow,depth_repair,conservative,d1169d7750cd36eb,70cb9a8ec77b52f5,48,forge,explored=20|split=10|dead_end=9|unresolved=9,381273ddf39fbcaa,448c49e588f8290a,REQUIRED_NOT_CONNECTED
action,24,control_flow,depth_repair,conservative,d1169d7750cd36eb,70cb9a8ec77b52f5,48,discriminate,explored=20|split=10|dead_end=9|unresolved=9,381273ddf39fbcaa,448c49e588f8290a,REQUIRED_NOT_CONNECTED
action,24,control_flow,depth_repair,conservative,d1169d7750cd36eb,70cb9a8ec77b52f5,48,observe,explored=20|split=10|dead_end=9|unresolved=9,381273ddf39fbcaa,448c49e588f8290a,REQUIRED_NOT_CONNECTED
action,24,control_flow,depth_repair,conservative,d1169d7750cd36eb,70cb9a8ec77b52f5,48,transfer,explored=20|split=10|dead_end=9|unresolved=9,381273ddf39fbcaa,448c49e588f8290a,REQUIRED_NOT_CONNECTED
action,24,control_flow,depth_repair,conservative,d1169d7750cd36eb,70cb9a8ec77b52f5,48,repair,explored=20|split=10|dead_end=9|unresolved=9,381273ddf39fbcaa,448c49e588f8290a,REQUIRED_NOT_CONNECTED
action,24,control_flow,depth_repair,conservative,d1169d7750cd36eb,70cb9a8ec77b52f5,48,forge,explored=20|split=10|dead_end=9|unresolved=9,381273ddf39fbcaa,448c49e588f8290a,REQUIRED_NOT_CONNECTED
action,24,control_flow,depth_repair,conservative,d1169d7750cd36eb,70cb9a8ec77b52f5,48,discriminate,explored=20|split=10|dead_end=9|unresolved=9,381273ddf39fbcaa,448c49e588f8290a,REQUIRED_NOT_CONNECTED
action,24,control_flow,depth_repair,conservative,d1169d7750cd36eb,70cb9a8ec77b52f5,48,observe,explored=20|split=10|dead_end=9|unresolved=9,381273ddf39fbcaa,448c49e588f8290a,REQUIRED_NOT_CONNECTED
action,24,control_flow,depth_repair,conservative,d1169d7750cd36eb,70cb9a8ec77b52f5,48,transfer,explored=20|split=10|dead_end=9|unresolved=9,381273ddf39fbcaa,448c49e588f8290a,REQUIRED_NOT_CONNECTED
action,24,control_flow,depth_repair,conservative,d1169d7750cd36eb,70cb9a8ec77b52f5,48,repair,explored=20|split=10|dead_end=9|unresolved=9,381273ddf39fbcaa,448c49e588f8290a,REQUIRED_NOT_CONNECTED
action,24,control_flow,depth_repair,conservative,d1169d7750cd36eb,70cb9a8ec77b52f5,48,forge,explored=20|split=10|dead_end=9|unresolved=9,381273ddf39fbcaa,448c49e588f8290a,REQUIRED_NOT_CONNECTED
action,24,control_flow,depth_repair,conservative,d1169d7750cd36eb,70cb9a8ec77b52f5,48,discriminate,explored=20|split=10|dead_end=9|unresolved=9,381273ddf39fbcaa,448c49e588f8290a,REQUIRED_NOT_CONNECTED
action,24,control_flow,depth_repair,conservative,d1169d7750cd36eb,70cb9a8ec77b52f5,48,observe,explored=20|split=10|dead_end=9|unresolved=9,381273ddf39fbcaa,448c49e588f8290a,REQUIRED_NOT_CONNECTED
action,24,control_flow,depth_repair,conservative,d1169d7750cd36eb,70cb9a8ec77b52f5,48,transfer,explored=20|split=10|dead_end=9|unresolved=9,381273ddf39fbcaa,448c49e588f8290a,REQUIRED_NOT_CONNECTED
action,25,control_flow,depth_repair,balanced,73a7e378ba2cf06a,70cb9a8ec77b52f5,48,repair,explored=18|split=10|dead_end=10|unresolved=10,603b60ef067bf62e,3ae2eb049a696c09,REQUIRED_NOT_CONNECTED
action,25,control_flow,depth_repair,balanced,73a7e378ba2cf06a,70cb9a8ec77b52f5,48,forge,explored=18|split=10|dead_end=10|unresolved=10,603b60ef067bf62e,3ae2eb049a696c09,REQUIRED_NOT_CONNECTED
action,25,control_flow,depth_repair,balanced,73a7e378ba2cf06a,70cb9a8ec77b52f5,48,discriminate,explored=18|split=10|dead_end=10|unresolved=10,603b60ef067bf62e,3ae2eb049a696c09,REQUIRED_NOT_CONNECTED
action,25,control_flow,depth_repair,balanced,73a7e378ba2cf06a,70cb9a8ec77b52f5,48,observe,explored=18|split=10|dead_end=10|unresolved=10,603b60ef067bf62e,3ae2eb049a696c09,REQUIRED_NOT_CONNECTED
action,25,control_flow,depth_repair,balanced,73a7e378ba2cf06a,70cb9a8ec77b52f5,48,transfer,explored=18|split=10|dead_end=10|unresolved=10,603b60ef067bf62e,3ae2eb049a696c09,REQUIRED_NOT_CONNECTED
action,25,control_flow,depth_repair,balanced,73a7e378ba2cf06a,70cb9a8ec77b52f5,48,repair,explored=18|split=10|dead_end=10|unresolved=10,603b60ef067bf62e,3ae2eb049a696c09,REQUIRED_NOT_CONNECTED
action,25,control_flow,depth_repair,balanced,73a7e378ba2cf06a,70cb9a8ec77b52f5,48,forge,explored=18|split=10|dead_end=10|unresolved=10,603b60ef067bf62e,3ae2eb049a696c09,REQUIRED_NOT_CONNECTED
action,25,control_flow,depth_repair,balanced,73a7e378ba2cf06a,70cb9a8ec77b52f5,48,discriminate,explored=18|split=10|dead_end=10|unresolved=10,603b60ef067bf62e,3ae2eb049a696c09,REQUIRED_NOT_CONNECTED
action,25,control_flow,depth_repair,balanced,73a7e378ba2cf06a,70cb9a8ec77b52f5,48,observe,explored=18|split=10|dead_end=10|unresolved=10,603b60ef067bf62e,3ae2eb049a696c09,REQUIRED_NOT_CONNECTED
action,25,control_flow,depth_repair,balanced,73a7e378ba2cf06a,70cb9a8ec77b52f5,48,transfer,explored=18|split=10|dead_end=10|unresolved=10,603b60ef067bf62e,3ae2eb049a696c09,REQUIRED_NOT_CONNECTED
action,25,control_flow,depth_repair,balanced,73a7e378ba2cf06a,70cb9a8ec77b52f5,48,repair,explored=18|split=10|dead_end=10|unresolved=10,603b60ef067bf62e,3ae2eb049a696c09,REQUIRED_NOT_CONNECTED
action,25,control_flow,depth_repair,balanced,73a7e378ba2cf06a,70cb9a8ec77b52f5,48,forge,explored=18|split=10|dead_end=10|unresolved=10,603b60ef067bf62e,3ae2eb049a696c09,REQUIRED_NOT_CONNECTED
action,25,control_flow,depth_repair,balanced,73a7e378ba2cf06a,70cb9a8ec77b52f5,48,discriminate,explored=18|split=10|dead_end=10|unresolved=10,603b60ef067bf62e,3ae2eb049a696c09,REQUIRED_NOT_CONNECTED
action,25,control_flow,depth_repair,balanced,73a7e378ba2cf06a,70cb9a8ec77b52f5,48,observe,explored=18|split=10|dead_end=10|unresolved=10,603b60ef067bf62e,3ae2eb049a696c09,REQUIRED_NOT_CONNECTED
action,25,control_flow,depth_repair,balanced,73a7e378ba2cf06a,70cb9a8ec77b52f5,48,transfer,explored=18|split=10|dead_end=10|unresolved=10,603b60ef067bf62e,3ae2eb049a696c09,REQUIRED_NOT_CONNECTED
action,25,control_flow,depth_repair,balanced,73a7e378ba2cf06a,70cb9a8ec77b52f5,48,repair,explored=18|split=10|dead_end=10|unresolved=10,603b60ef067bf62e,3ae2eb049a696c09,REQUIRED_NOT_CONNECTED
action,25,control_flow,depth_repair,balanced,73a7e378ba2cf06a,70cb9a8ec77b52f5,48,forge,explored=18|split=10|dead_end=10|unresolved=10,603b60ef067bf62e,3ae2eb049a696c09,REQUIRED_NOT_CONNECTED
action,25,control_flow,depth_repair,balanced,73a7e378ba2cf06a,70cb9a8ec77b52f5,48,discriminate,explored=18|split=10|dead_end=10|unresolved=10,603b60ef067bf62e,3ae2eb049a696c09,REQUIRED_NOT_CONNECTED
action,25,control_flow,depth_repair,balanced,73a7e378ba2cf06a,70cb9a8ec77b52f5,48,observe,explored=18|split=10|dead_end=10|unresolved=10,603b60ef067bf62e,3ae2eb049a696c09,REQUIRED_NOT_CONNECTED
action,25,control_flow,depth_repair,balanced,73a7e378ba2cf06a,70cb9a8ec77b52f5,48,transfer,explored=18|split=10|dead_end=10|unresolved=10,603b60ef067bf62e,3ae2eb049a696c09,REQUIRED_NOT_CONNECTED
action,25,control_flow,depth_repair,balanced,73a7e378ba2cf06a,70cb9a8ec77b52f5,48,repair,explored=18|split=10|dead_end=10|unresolved=10,603b60ef067bf62e,3ae2eb049a696c09,REQUIRED_NOT_CONNECTED
action,25,control_flow,depth_repair,balanced,73a7e378ba2cf06a,70cb9a8ec77b52f5,48,forge,explored=18|split=10|dead_end=10|unresolved=10,603b60ef067bf62e,3ae2eb049a696c09,REQUIRED_NOT_CONNECTED
action,25,control_flow,depth_repair,balanced,73a7e378ba2cf06a,70cb9a8ec77b52f5,48,discriminate,explored=18|split=10|dead_end=10|unresolved=10,603b60ef067bf62e,3ae2eb049a696c09,REQUIRED_NOT_CONNECTED
action,25,control_flow,depth_repair,balanced,73a7e378ba2cf06a,70cb9a8ec77b52f5,48,observe,explored=18|split=10|dead_end=10|unresolved=10,603b60ef067bf62e,3ae2eb049a696c09,REQUIRED_NOT_CONNECTED
action,25,control_flow,depth_repair,balanced,73a7e378ba2cf06a,70cb9a8ec77b52f5,48,transfer,explored=18|split=10|dead_end=10|unresolved=10,603b60ef067bf62e,3ae2eb049a696c09,REQUIRED_NOT_CONNECTED
action,25,control_flow,depth_repair,balanced,73a7e378ba2cf06a,70cb9a8ec77b52f5,48,repair,explored=18|split=10|dead_end=10|unresolved=10,603b60ef067bf62e,3ae2eb049a696c09,REQUIRED_NOT_CONNECTED
action,25,control_flow,depth_repair,balanced,73a7e378ba2cf06a,70cb9a8ec77b52f5,48,forge,explored=18|split=10|dead_end=10|unresolved=10,603b60ef067bf62e,3ae2eb049a696c09,REQUIRED_NOT_CONNECTED
action,25,control_flow,depth_repair,balanced,73a7e378ba2cf06a,70cb9a8ec77b52f5,48,discriminate,explored=18|split=10|dead_end=10|unresolved=10,603b60ef067bf62e,3ae2eb049a696c09,REQUIRED_NOT_CONNECTED
action,25,control_flow,depth_repair,balanced,73a7e378ba2cf06a,70cb9a8ec77b52f5,48,observe,explored=18|split=10|dead_end=10|unresolved=10,603b60ef067bf62e,3ae2eb049a696c09,REQUIRED_NOT_CONNECTED
action,25,control_flow,depth_repair,balanced,73a7e378ba2cf06a,70cb9a8ec77b52f5,48,transfer,explored=18|split=10|dead_end=10|unresolved=10,603b60ef067bf62e,3ae2eb049a696c09,REQUIRED_NOT_CONNECTED
action,25,control_flow,depth_repair,balanced,73a7e378ba2cf06a,70cb9a8ec77b52f5,48,repair,explored=18|split=10|dead_end=10|unresolved=10,603b60ef067bf62e,3ae2eb049a696c09,REQUIRED_NOT_CONNECTED
action,25,control_flow,depth_repair,balanced,73a7e378ba2cf06a,70cb9a8ec77b52f5,48,forge,explored=18|split=10|dead_end=10|unresolved=10,603b60ef067bf62e,3ae2eb049a696c09,REQUIRED_NOT_CONNECTED
action,25,control_flow,depth_repair,balanced,73a7e378ba2cf06a,70cb9a8ec77b52f5,48,discriminate,explored=18|split=10|dead_end=10|unresolved=10,603b60ef067bf62e,3ae2eb049a696c09,REQUIRED_NOT_CONNECTED
action,25,control_flow,depth_repair,balanced,73a7e378ba2cf06a,70cb9a8ec77b52f5,48,observe,explored=18|split=10|dead_end=10|unresolved=10,603b60ef067bf62e,3ae2eb049a696c09,REQUIRED_NOT_CONNECTED
action,25,control_flow,depth_repair,balanced,73a7e378ba2cf06a,70cb9a8ec77b52f5,48,transfer,explored=18|split=10|dead_end=10|unresolved=10,603b60ef067bf62e,3ae2eb049a696c09,REQUIRED_NOT_CONNECTED
action,25,control_flow,depth_repair,balanced,73a7e378ba2cf06a,70cb9a8ec77b52f5,48,repair,explored=18|split=10|dead_end=10|unresolved=10,603b60ef067bf62e,3ae2eb049a696c09,REQUIRED_NOT_CONNECTED
action,25,control_flow,depth_repair,balanced,73a7e378ba2cf06a,70cb9a8ec77b52f5,48,forge,explored=18|split=10|dead_end=10|unresolved=10,603b60ef067bf62e,3ae2eb049a696c09,REQUIRED_NOT_CONNECTED
action,25,control_flow,depth_repair,balanced,73a7e378ba2cf06a,70cb9a8ec77b52f5,48,discriminate,explored=18|split=10|dead_end=10|unresolved=10,603b60ef067bf62e,3ae2eb049a696c09,REQUIRED_NOT_CONNECTED
action,25,control_flow,depth_repair,balanced,73a7e378ba2cf06a,70cb9a8ec77b52f5,48,observe,explored=18|split=10|dead_end=10|unresolved=10,603b60ef067bf62e,3ae2eb049a696c09,REQUIRED_NOT_CONNECTED
action,25,control_flow,depth_repair,balanced,73a7e378ba2cf06a,70cb9a8ec77b52f5,48,transfer,explored=18|split=10|dead_end=10|unresolved=10,603b60ef067bf62e,3ae2eb049a696c09,REQUIRED_NOT_CONNECTED
action,25,control_flow,depth_repair,balanced,73a7e378ba2cf06a,70cb9a8ec77b52f5,48,repair,explored=18|split=10|dead_end=10|unresolved=10,603b60ef067bf62e,3ae2eb049a696c09,REQUIRED_NOT_CONNECTED
action,25,control_flow,depth_repair,balanced,73a7e378ba2cf06a,70cb9a8ec77b52f5,48,forge,explored=18|split=10|dead_end=10|unresolved=10,603b60ef067bf62e,3ae2eb049a696c09,REQUIRED_NOT_CONNECTED
action,25,control_flow,depth_repair,balanced,73a7e378ba2cf06a,70cb9a8ec77b52f5,48,discriminate,explored=18|split=10|dead_end=10|unresolved=10,603b60ef067bf62e,3ae2eb049a696c09,REQUIRED_NOT_CONNECTED
action,25,control_flow,depth_repair,balanced,73a7e378ba2cf06a,70cb9a8ec77b52f5,48,observe,explored=18|split=10|dead_end=10|unresolved=10,603b60ef067bf62e,3ae2eb049a696c09,REQUIRED_NOT_CONNECTED
action,25,control_flow,depth_repair,balanced,73a7e378ba2cf06a,70cb9a8ec77b52f5,48,transfer,explored=18|split=10|dead_end=10|unresolved=10,603b60ef067bf62e,3ae2eb049a696c09,REQUIRED_NOT_CONNECTED
action,25,control_flow,depth_repair,balanced,73a7e378ba2cf06a,70cb9a8ec77b52f5,48,repair,explored=18|split=10|dead_end=10|unresolved=10,603b60ef067bf62e,3ae2eb049a696c09,REQUIRED_NOT_CONNECTED
action,25,control_flow,depth_repair,balanced,73a7e378ba2cf06a,70cb9a8ec77b52f5,48,forge,explored=18|split=10|dead_end=10|unresolved=10,603b60ef067bf62e,3ae2eb049a696c09,REQUIRED_NOT_CONNECTED
action,25,control_flow,depth_repair,balanced,73a7e378ba2cf06a,70cb9a8ec77b52f5,48,discriminate,explored=18|split=10|dead_end=10|unresolved=10,603b60ef067bf62e,3ae2eb049a696c09,REQUIRED_NOT_CONNECTED
action,26,control_flow,depth_repair,experimental,25aeb1a058d89e5c,70cb9a8ec77b52f5,48,observe,explored=20|split=9|dead_end=10|unresolved=9,634515001f8034ed,6b19202171dca4ed,REQUIRED_NOT_CONNECTED
action,26,control_flow,depth_repair,experimental,25aeb1a058d89e5c,70cb9a8ec77b52f5,48,transfer,explored=20|split=9|dead_end=10|unresolved=9,634515001f8034ed,6b19202171dca4ed,REQUIRED_NOT_CONNECTED
action,26,control_flow,depth_repair,experimental,25aeb1a058d89e5c,70cb9a8ec77b52f5,48,repair,explored=20|split=9|dead_end=10|unresolved=9,634515001f8034ed,6b19202171dca4ed,REQUIRED_NOT_CONNECTED
action,26,control_flow,depth_repair,experimental,25aeb1a058d89e5c,70cb9a8ec77b52f5,48,forge,explored=20|split=9|dead_end=10|unresolved=9,634515001f8034ed,6b19202171dca4ed,REQUIRED_NOT_CONNECTED
action,26,control_flow,depth_repair,experimental,25aeb1a058d89e5c,70cb9a8ec77b52f5,48,discriminate,explored=20|split=9|dead_end=10|unresolved=9,634515001f8034ed,6b19202171dca4ed,REQUIRED_NOT_CONNECTED
action,26,control_flow,depth_repair,experimental,25aeb1a058d89e5c,70cb9a8ec77b52f5,48,observe,explored=20|split=9|dead_end=10|unresolved=9,634515001f8034ed,6b19202171dca4ed,REQUIRED_NOT_CONNECTED
action,26,control_flow,depth_repair,experimental,25aeb1a058d89e5c,70cb9a8ec77b52f5,48,transfer,explored=20|split=9|dead_end=10|unresolved=9,634515001f8034ed,6b19202171dca4ed,REQUIRED_NOT_CONNECTED
action,26,control_flow,depth_repair,experimental,25aeb1a058d89e5c,70cb9a8ec77b52f5,48,repair,explored=20|split=9|dead_end=10|unresolved=9,634515001f8034ed,6b19202171dca4ed,REQUIRED_NOT_CONNECTED
action,26,control_flow,depth_repair,experimental,25aeb1a058d89e5c,70cb9a8ec77b52f5,48,forge,explored=20|split=9|dead_end=10|unresolved=9,634515001f8034ed,6b19202171dca4ed,REQUIRED_NOT_CONNECTED
action,26,control_flow,depth_repair,experimental,25aeb1a058d89e5c,70cb9a8ec77b52f5,48,discriminate,explored=20|split=9|dead_end=10|unresolved=9,634515001f8034ed,6b19202171dca4ed,REQUIRED_NOT_CONNECTED
action,26,control_flow,depth_repair,experimental,25aeb1a058d89e5c,70cb9a8ec77b52f5,48,observe,explored=20|split=9|dead_end=10|unresolved=9,634515001f8034ed,6b19202171dca4ed,REQUIRED_NOT_CONNECTED
action,26,control_flow,depth_repair,experimental,25aeb1a058d89e5c,70cb9a8ec77b52f5,48,transfer,explored=20|split=9|dead_end=10|unresolved=9,634515001f8034ed,6b19202171dca4ed,REQUIRED_NOT_CONNECTED
action,26,control_flow,depth_repair,experimental,25aeb1a058d89e5c,70cb9a8ec77b52f5,48,repair,explored=20|split=9|dead_end=10|unresolved=9,634515001f8034ed,6b19202171dca4ed,REQUIRED_NOT_CONNECTED
action,26,control_flow,depth_repair,experimental,25aeb1a058d89e5c,70cb9a8ec77b52f5,48,forge,explored=20|split=9|dead_end=10|unresolved=9,634515001f8034ed,6b19202171dca4ed,REQUIRED_NOT_CONNECTED
action,26,control_flow,depth_repair,experimental,25aeb1a058d89e5c,70cb9a8ec77b52f5,48,discriminate,explored=20|split=9|dead_end=10|unresolved=9,634515001f8034ed,6b19202171dca4ed,REQUIRED_NOT_CONNECTED
action,26,control_flow,depth_repair,experimental,25aeb1a058d89e5c,70cb9a8ec77b52f5,48,observe,explored=20|split=9|dead_end=10|unresolved=9,634515001f8034ed,6b19202171dca4ed,REQUIRED_NOT_CONNECTED
action,26,control_flow,depth_repair,experimental,25aeb1a058d89e5c,70cb9a8ec77b52f5,48,transfer,explored=20|split=9|dead_end=10|unresolved=9,634515001f8034ed,6b19202171dca4ed,REQUIRED_NOT_CONNECTED
action,26,control_flow,depth_repair,experimental,25aeb1a058d89e5c,70cb9a8ec77b52f5,48,repair,explored=20|split=9|dead_end=10|unresolved=9,634515001f8034ed,6b19202171dca4ed,REQUIRED_NOT_CONNECTED
action,26,control_flow,depth_repair,experimental,25aeb1a058d89e5c,70cb9a8ec77b52f5,48,forge,explored=20|split=9|dead_end=10|unresolved=9,634515001f8034ed,6b19202171dca4ed,REQUIRED_NOT_CONNECTED
action,26,control_flow,depth_repair,experimental,25aeb1a058d89e5c,70cb9a8ec77b52f5,48,discriminate,explored=20|split=9|dead_end=10|unresolved=9,634515001f8034ed,6b19202171dca4ed,REQUIRED_NOT_CONNECTED
action,26,control_flow,depth_repair,experimental,25aeb1a058d89e5c,70cb9a8ec77b52f5,48,observe,explored=20|split=9|dead_end=10|unresolved=9,634515001f8034ed,6b19202171dca4ed,REQUIRED_NOT_CONNECTED
action,26,control_flow,depth_repair,experimental,25aeb1a058d89e5c,70cb9a8ec77b52f5,48,transfer,explored=20|split=9|dead_end=10|unresolved=9,634515001f8034ed,6b19202171dca4ed,REQUIRED_NOT_CONNECTED
action,26,control_flow,depth_repair,experimental,25aeb1a058d89e5c,70cb9a8ec77b52f5,48,repair,explored=20|split=9|dead_end=10|unresolved=9,634515001f8034ed,6b19202171dca4ed,REQUIRED_NOT_CONNECTED
action,26,control_flow,depth_repair,experimental,25aeb1a058d89e5c,70cb9a8ec77b52f5,48,forge,explored=20|split=9|dead_end=10|unresolved=9,634515001f8034ed,6b19202171dca4ed,REQUIRED_NOT_CONNECTED
action,26,control_flow,depth_repair,experimental,25aeb1a058d89e5c,70cb9a8ec77b52f5,48,discriminate,explored=20|split=9|dead_end=10|unresolved=9,634515001f8034ed,6b19202171dca4ed,REQUIRED_NOT_CONNECTED
action,26,control_flow,depth_repair,experimental,25aeb1a058d89e5c,70cb9a8ec77b52f5,48,observe,explored=20|split=9|dead_end=10|unresolved=9,634515001f8034ed,6b19202171dca4ed,REQUIRED_NOT_CONNECTED
action,26,control_flow,depth_repair,experimental,25aeb1a058d89e5c,70cb9a8ec77b52f5,48,transfer,explored=20|split=9|dead_end=10|unresolved=9,634515001f8034ed,6b19202171dca4ed,REQUIRED_NOT_CONNECTED
action,26,control_flow,depth_repair,experimental,25aeb1a058d89e5c,70cb9a8ec77b52f5,48,repair,explored=20|split=9|dead_end=10|unresolved=9,634515001f8034ed,6b19202171dca4ed,REQUIRED_NOT_CONNECTED
action,26,control_flow,depth_repair,experimental,25aeb1a058d89e5c,70cb9a8ec77b52f5,48,forge,explored=20|split=9|dead_end=10|unresolved=9,634515001f8034ed,6b19202171dca4ed,REQUIRED_NOT_CONNECTED
action,26,control_flow,depth_repair,experimental,25aeb1a058d89e5c,70cb9a8ec77b52f5,48,discriminate,explored=20|split=9|dead_end=10|unresolved=9,634515001f8034ed,6b19202171dca4ed,REQUIRED_NOT_CONNECTED
action,26,control_flow,depth_repair,experimental,25aeb1a058d89e5c,70cb9a8ec77b52f5,48,observe,explored=20|split=9|dead_end=10|unresolved=9,634515001f8034ed,6b19202171dca4ed,REQUIRED_NOT_CONNECTED
action,26,control_flow,depth_repair,experimental,25aeb1a058d89e5c,70cb9a8ec77b52f5,48,transfer,explored=20|split=9|dead_end=10|unresolved=9,634515001f8034ed,6b19202171dca4ed,REQUIRED_NOT_CONNECTED
action,26,control_flow,depth_repair,experimental,25aeb1a058d89e5c,70cb9a8ec77b52f5,48,repair,explored=20|split=9|dead_end=10|unresolved=9,634515001f8034ed,6b19202171dca4ed,REQUIRED_NOT_CONNECTED
action,26,control_flow,depth_repair,experimental,25aeb1a058d89e5c,70cb9a8ec77b52f5,48,forge,explored=20|split=9|dead_end=10|unresolved=9,634515001f8034ed,6b19202171dca4ed,REQUIRED_NOT_CONNECTED
action,26,control_flow,depth_repair,experimental,25aeb1a058d89e5c,70cb9a8ec77b52f5,48,discriminate,explored=20|split=9|dead_end=10|unresolved=9,634515001f8034ed,6b19202171dca4ed,REQUIRED_NOT_CONNECTED
action,26,control_flow,depth_repair,experimental,25aeb1a058d89e5c,70cb9a8ec77b52f5,48,observe,explored=20|split=9|dead_end=10|unresolved=9,634515001f8034ed,6b19202171dca4ed,REQUIRED_NOT_CONNECTED
action,26,control_flow,depth_repair,experimental,25aeb1a058d89e5c,70cb9a8ec77b52f5,48,transfer,explored=20|split=9|dead_end=10|unresolved=9,634515001f8034ed,6b19202171dca4ed,REQUIRED_NOT_CONNECTED
action,26,control_flow,depth_repair,experimental,25aeb1a058d89e5c,70cb9a8ec77b52f5,48,repair,explored=20|split=9|dead_end=10|unresolved=9,634515001f8034ed,6b19202171dca4ed,REQUIRED_NOT_CONNECTED
action,26,control_flow,depth_repair,experimental,25aeb1a058d89e5c,70cb9a8ec77b52f5,48,forge,explored=20|split=9|dead_end=10|unresolved=9,634515001f8034ed,6b19202171dca4ed,REQUIRED_NOT_CONNECTED
action,26,control_flow,depth_repair,experimental,25aeb1a058d89e5c,70cb9a8ec77b52f5,48,discriminate,explored=20|split=9|dead_end=10|unresolved=9,634515001f8034ed,6b19202171dca4ed,REQUIRED_NOT_CONNECTED
action,26,control_flow,depth_repair,experimental,25aeb1a058d89e5c,70cb9a8ec77b52f5,48,observe,explored=20|split=9|dead_end=10|unresolved=9,634515001f8034ed,6b19202171dca4ed,REQUIRED_NOT_CONNECTED
action,26,control_flow,depth_repair,experimental,25aeb1a058d89e5c,70cb9a8ec77b52f5,48,transfer,explored=20|split=9|dead_end=10|unresolved=9,634515001f8034ed,6b19202171dca4ed,REQUIRED_NOT_CONNECTED
action,26,control_flow,depth_repair,experimental,25aeb1a058d89e5c,70cb9a8ec77b52f5,48,repair,explored=20|split=9|dead_end=10|unresolved=9,634515001f8034ed,6b19202171dca4ed,REQUIRED_NOT_CONNECTED
action,26,control_flow,depth_repair,experimental,25aeb1a058d89e5c,70cb9a8ec77b52f5,48,forge,explored=20|split=9|dead_end=10|unresolved=9,634515001f8034ed,6b19202171dca4ed,REQUIRED_NOT_CONNECTED
action,26,control_flow,depth_repair,experimental,25aeb1a058d89e5c,70cb9a8ec77b52f5,48,discriminate,explored=20|split=9|dead_end=10|unresolved=9,634515001f8034ed,6b19202171dca4ed,REQUIRED_NOT_CONNECTED
action,26,control_flow,depth_repair,experimental,25aeb1a058d89e5c,70cb9a8ec77b52f5,48,observe,explored=20|split=9|dead_end=10|unresolved=9,634515001f8034ed,6b19202171dca4ed,REQUIRED_NOT_CONNECTED
action,26,control_flow,depth_repair,experimental,25aeb1a058d89e5c,70cb9a8ec77b52f5,48,transfer,explored=20|split=9|dead_end=10|unresolved=9,634515001f8034ed,6b19202171dca4ed,REQUIRED_NOT_CONNECTED
action,26,control_flow,depth_repair,experimental,25aeb1a058d89e5c,70cb9a8ec77b52f5,48,repair,explored=20|split=9|dead_end=10|unresolved=9,634515001f8034ed,6b19202171dca4ed,REQUIRED_NOT_CONNECTED
summary,all,3x3x3,explicit_corners_and_interiors,-,27,three_grammars,48,-,total_work=1296,-,-,typed_witness_required
