kind,policy,seed,target_id,target_route,bank,bank_candidate_index,call_number,first_exact_fixed_call,min_bank_calls,policy_total_calls,solved,enum_unique,perm_assert,notes
CALL,full_j4_fixed,0xA400000000000001,4,global,global,0,1,-,-,384,NO,1270,pass,raw fixed-order candidate ledger
CALL,full_j4_fixed,0xA400000000000001,4,global,global,1,2,-,-,384,NO,1270,pass,raw fixed-order candidate ledger
CALL,full_j4_fixed,0xA400000000000001,4,global,global,2,3,-,-,384,NO,1270,pass,raw fixed-order candidate ledger
CALL,full_j4_fixed,0xA400000000000001,4,global,global,3,4,-,-,384,NO,1270,pass,raw fixed-order candidate ledger
CALL,full_j4_fixed,0xA400000000000001,4,global,global,4,5,-,-,384,YES,1270,pass,raw fixed-order candidate ledger
CALL,full_j4_fixed,0xA400000000000001,4,global,global,5,6,-,-,384,NO,1270,pass,raw fixed-order candidate ledger
CALL,full_j4_fixed,0xA400000000000001,4,global,global,6,7,-,-,384,NO,1270,pass,raw fixed-order candidate ledger
CALL,full_j4_fixed,0xA400000000000001,4,global,global,7,8,-,-,384,NO,1270,pass,raw fixed-order candidate ledger
CALL,full_j4_fixed,0xA400000000000001,4,global,global,8,9,-,-,384,NO,1270,pass,raw fixed-order candidate ledger
CALL,full_j4_fixed,0xA400000000000001,4,global,global,9,10,-,-,384,NO,1270,pass,raw fixed-order candidate ledger
CALL,full_j4_fixed,0xA400000000000001,4,global,global,10,11,-,-,384,NO,1270,pass,raw fixed-order candidate ledger
CALL,full_j4_fixed,0xA400000000000001,4,global,global,11,12,-,-,384,NO,1270,pass,raw fixed-order candidate ledger
CALL,full_j4_fixed,0xA400000000000001,4,global,global,12,13,-,-,384,NO,1270,pass,raw fixed-order candidate ledger
CALL,full_j4_fixed,0xA400000000000001,4,global,global,13,14,-,-,384,NO,1270,pass,raw fixed-order candidate ledger
CALL,full_j4_fixed,0xA400000000000001,4,global,global,14,15,-,-,384,NO,1270,pass,raw fixed-order candidate ledger
CALL,full_j4_fixed,0xA400000000000001,4,global,global,15,16,-,-,384,NO,1270,pass,raw fixed-order candidate ledger
CALL,full_j4_fixed,0xA400000000000001,4,global,global,16,17,-,-,384,NO,1270,pass,raw fixed-order candidate ledger
CALL,full_j4_fixed,0xA400000000000001,4,global,global,17,18,-,-,384,NO,1270,pass,raw fixed-order candidate ledger
CALL,full_j4_fixed,0xA400000000000001,4,global,global,18,19,-,-,384,NO,1270,pass,raw fixed-order candidate ledger
CALL,full_j4_fixed,0xA400000000000001,4,global,global,19,20,-,-,384,NO,1270,pass,raw fixed-order candidate ledger
CALL,full_j4_fixed,0xA400000000000001,4,global,global,20,21,-,-,384,NO,1270,pass,raw fixed-order candidate ledger
CALL,full_j4_fixed,0xA400000000000001,4,global,global,21,22,-,-,384,NO,1270,pass,raw fixed-order candidate ledger
CALL,full_j4_fixed,0xA400000000000001,4,global,global,22,23,-,-,384,NO,1270,pass,raw fixed-order candidate ledger
CALL,full_j4_fixed,0xA400000000000001,4,global,global,23,24,-,-,384,NO,1270,pass,raw fixed-order candidate ledger
CALL,full_j4_fixed,0xA400000000000001,4,global,global,24,25,-,-,384,NO,1270,pass,raw fixed-order candidate ledger
CALL,full_j4_fixed,0xA400000000000001,4,global,global,25,26,-,-,384,NO,1270,pass,raw fixed-order candidate ledger
CALL,full_j4_fixed,0xA400000000000001,4,global,global,26,27,-,-,384,NO,1270,pass,raw fixed-order candidate ledger
CALL,full_j4_fixed,0xA400000000000001,4,global,global,27,28,-,-,384,NO,1270,pass,raw fixed-order candidate ledger
CALL,full_j4_fixed,0xA400000000000001,4,global,global,28,29,-,-,384,NO,1270,pass,raw fixed-order candidate ledger
CALL,full_j4_fixed,0xA400000000000001,4,global,global,29,30,-,-,384,NO,1270,pass,raw fixed-order candidate ledger
ATTRIBUTION,full_j4_fixed,0xA400000000000001,4,global,global,4,- ,5,5,384,YES,1270,pass,first exact inside J4 frozen bank order
CALL,full_j4_fixed,0xA400000000000001,4,global,singleton,0,31,-,-,384,NO,1270,pass,raw fixed-order candidate ledger
CALL,full_j4_fixed,0xA400000000000001,4,global,singleton,1,32,-,-,384,NO,1270,pass,raw fixed-order candidate ledger
CALL,full_j4_fixed,0xA400000000000001,4,global,singleton,2,33,-,-,384,NO,1270,pass,raw fixed-order candidate ledger
CALL,full_j4_fixed,0xA400000000000001,4,global,singleton,3,34,-,-,384,NO,1270,pass,raw fixed-order candidate ledger
CALL,full_j4_fixed,0xA400000000000001,4,global,singleton,4,35,-,-,384,NO,1270,pass,raw fixed-order candidate ledger
CALL,full_j4_fixed,0xA400000000000001,4,global,singleton,5,36,-,-,384,NO,1270,pass,raw fixed-order candidate ledger
CALL,full_j4_fixed,0xA400000000000001,4,global,singleton,6,37,-,-,384,NO,1270,pass,raw fixed-order candidate ledger
CALL,full_j4_fixed,0xA400000000000001,4,global,singleton,7,38,-,-,384,NO,1270,pass,raw fixed-order candidate ledger
CALL,full_j4_fixed,0xA400000000000001,4,global,singleton,8,39,-,-,384,NO,1270,pass,raw fixed-order candidate ledger
CALL,full_j4_fixed,0xA400000000000001,4,global,singleton,9,40,-,-,384,NO,1270,pass,raw fixed-order candidate ledger
CALL,full_j4_fixed,0xA400000000000001,4,global,singleton,10,41,-,-,384,NO,1270,pass,raw fixed-order candidate ledger
CALL,full_j4_fixed,0xA400000000000001,4,global,singleton,11,42,-,-,384,NO,1270,pass,raw fixed-order candidate ledger
CALL,full_j4_fixed,0xA400000000000001,4,global,singleton,12,43,-,-,384,NO,1270,pass,raw fixed-order candidate ledger
CALL,full_j4_fixed,0xA400000000000001,4,global,singleton,13,44,-,-,384,NO,1270,pass,raw fixed-order candidate ledger
CALL,full_j4_fixed,0xA400000000000001,4,global,singleton,14,45,-,-,384,NO,1270,pass,raw fixed-order candidate ledger
CALL,full_j4_fixed,0xA400000000000001,4,global,singleton,15,46,-,-,384,NO,1270,pass,raw fixed-order candidate ledger
CALL,full_j4_fixed,0xA400000000000001,4,global,singleton,16,47,-,-,384,NO,1270,pass,raw fixed-order candidate ledger
CALL,full_j4_fixed,0xA400000000000001,4,global,singleton,17,48,-,-,384,NO,1270,pass,raw fixed-order candidate ledger
CALL,full_j4_fixed,0xA400000000000001,4,global,singleton,18,49,-,-,384,NO,1270,pass,raw fixed-order candidate ledger
CALL,full_j4_fixed,0xA400000000000001,4,global,singleton,19,50,-,-,384,NO,1270,pass,raw fixed-order candidate ledger
CALL,full_j4_fixed,0xA400000000000001,4,global,singleton,20,51,-,-,384,NO,1270,pass,raw fixed-order candidate ledger
CALL,full_j4_fixed,0xA400000000000001,4,global,singleton,21,52,-,-,384,NO,1270,pass,raw fixed-order candidate ledger
CALL,full_j4_fixed,0xA400000000000001,4,global,singleton,22,53,-,-,384,NO,1270,pass,raw fixed-order candidate ledger
CALL,full_j4_fixed,0xA400000000000001,4,global,singleton,23,54,-,-,384,NO,1270,pass,raw fixed-order candidate ledger
CALL,full_j4_fixed,0xA400000000000001,4,global,singleton,24,55,-,-,384,NO,1270,pass,raw fixed-order candidate ledger
CALL,full_j4_fixed,0xA400000000000001,4,global,singleton,25,56,-,-,384,NO,1270,pass,raw fixed-order candidate ledger
CALL,full_j4_fixed,0xA400000000000001,4,global,singleton,26,57,-,-,384,NO,1270,pass,raw fixed-order candidate ledger
CALL,full_j4_fixed,0xA400000000000001,4,global,singleton,27,58,-,-,384,NO,1270,pass,raw fixed-order candidate ledger
CALL,full_j4_fixed,0xA400000000000001,4,global,singleton,28,59,-,-,384,NO,1270,pass,raw fixed-order candidate ledger
CALL,full_j4_fixed,0xA400000000000001,4,global,singleton,29,60,-,-,384,NO,1270,pass,raw fixed-order candidate ledger
CALL,full_j4_fixed,0xA400000000000001,4,global,singleton,30,61,-,-,384,NO,1270,pass,raw fixed-order candidate ledger
CALL,full_j4_fixed,0xA400000000000001,4,global,singleton,31,62,-,-,384,NO,1270,pass,raw fixed-order candidate ledger
CALL,full_j4_fixed,0xA400000000000001,4,global,singleton,32,63,-,-,384,NO,1270,pass,raw fixed-order candidate ledger
CALL,full_j4_fixed,0xA400000000000001,4,global,singleton,33,64,-,-,384,NO,1270,pass,raw fixed-order candidate ledger
CALL,full_j4_fixed,0xA400000000000001,4,global,singleton,34,65,-,-,384,NO,1270,pass,raw fixed-order candidate ledger
CALL,full_j4_fixed,0xA400000000000001,4,global,singleton,35,66,-,-,384,NO,1270,pass,raw fixed-order candidate ledger
CALL,full_j4_fixed,0xA400000000000001,4,global,singleton,36,67,-,-,384,NO,1270,pass,raw fixed-order candidate ledger
CALL,full_j4_fixed,0xA400000000000001,4,global,singleton,37,68,-,-,384,NO,1270,pass,raw fixed-order candidate ledger
CALL,full_j4_fixed,0xA400000000000001,4,global,singleton,38,69,-,-,384,NO,1270,pass,raw fixed-order candidate ledger
CALL,full_j4_fixed,0xA400000000000001,4,global,singleton,39,70,-,-,384,NO,1270,pass,raw fixed-order candidate ledger
CALL,full_j4_fixed,0xA400000000000001,4,global,singleton,40,71,-,-,384,NO,1270,pass,raw fixed-order candidate ledger
CALL,full_j4_fixed,0xA400000000000001,4,global,singleton,41,72,-,-,384,NO,1270,pass,raw fixed-order candidate ledger
CALL,full_j4_fixed,0xA400000000000001,4,global,singleton,42,73,-,-,384,NO,1270,pass,raw fixed-order candidate ledger
CALL,full_j4_fixed,0xA400000000000001,4,global,singleton,43,74,-,-,384,NO,1270,pass,raw fixed-order candidate ledger
CALL,full_j4_fixed,0xA400000000000001,4,global,singleton,44,75,-,-,384,NO,1270,pass,raw fixed-order candidate ledger
CALL,full_j4_fixed,0xA400000000000001,4,global,singleton,45,76,-,-,384,NO,1270,pass,raw fixed-order candidate ledger
CALL,full_j4_fixed,0xA400000000000001,4,global,singleton,46,77,-,-,384,NO,1270,pass,raw fixed-order candidate ledger
CALL,full_j4_fixed,0xA400000000000001,4,global,singleton,47,78,-,-,384,NO,1270,pass,raw fixed-order candidate ledger
CALL,full_j4_fixed,0xA400000000000001,4,global,none,0,79,-,-,384,NO,1270,pass,raw fixed-order candidate ledger
CALL,full_j4_fixed,0xA400000000000001,4,global,none,1,80,-,-,384,NO,1270,pass,raw fixed-order candidate ledger
CALL,full_j4_fixed,0xA400000000000001,4,global,none,2,81,-,-,384,NO,1270,pass,raw fixed-order candidate ledger
CALL,full_j4_fixed,0xA400000000000001,4,global,none,3,82,-,-,384,NO,1270,pass,raw fixed-order candidate ledger
CALL,full_j4_fixed,0xA400000000000001,4,global,none,4,83,-,-,384,NO,1270,pass,raw fixed-order candidate ledger
CALL,full_j4_fixed,0xA400000000000001,4,global,directed,0,84,-,-,384,NO,1270,pass,raw fixed-order candidate ledger
CALL,full_j4_fixed,0xA400000000000001,4,global,directed,1,85,-,-,384,NO,1270,pass,raw fixed-order candidate ledger
CALL,full_j4_fixed,0xA400000000000001,4,global,directed,2,86,-,-,384,NO,1270,pass,raw fixed-order candidate ledger
CALL,full_j4_fixed,0xA400000000000001,4,global,directed,3,87,-,-,384,NO,1270,pass,raw fixed-order candidate ledger
CALL,full_j4_fixed,0xA400000000000001,4,global,directed,4,88,-,-,384,NO,1270,pass,raw fixed-order candidate ledger
CALL,full_j4_fixed,0xA400000000000001,4,global,directed,5,89,-,-,384,NO,1270,pass,raw fixed-order candidate ledger
CALL,full_j4_fixed,0xA400000000000001,4,global,directed,6,90,-,-,384,NO,1270,pass,raw fixed-order candidate ledger
CALL,full_j4_fixed,0xA400000000000001,4,global,directed,7,91,-,-,384,NO,1270,pass,raw fixed-order candidate ledger
CALL,full_j4_fixed,0xA400000000000001,4,global,directed,8,92,-,-,384,NO,1270,pass,raw fixed-order candidate ledger
CALL,full_j4_fixed,0xA400000000000001,4,global,directed,9,93,-,-,384,NO,1270,pass,raw fixed-order candidate ledger
CALL,full_j4_fixed,0xA400000000000001,4,global,directed,10,94,-,-,384,NO,1270,pass,raw fixed-order candidate ledger
CALL,full_j4_fixed,0xA400000000000001,4,global,directed,11,95,-,-,384,NO,1270,pass,raw fixed-order candidate ledger
CALL,full_j4_fixed,0xA400000000000001,4,global,directed,12,96,-,-,384,NO,1270,pass,raw fixed-order candidate ledger
CALL,full_j4_fixed,0xA400000000000001,4,global,directed,13,97,-,-,384,NO,1270,pass,raw fixed-order candidate ledger
CALL,full_j4_fixed,0xA400000000000001,4,global,directed,14,98,-,-,384,NO,1270,pass,raw fixed-order candidate ledger
CALL,full_j4_fixed,0xA400000000000001,4,global,directed,15,99,-,-,384,NO,1270,pass,raw fixed-order candidate ledger
CALL,full_j4_fixed,0xA400000000000001,4,global,directed,16,100,-,-,384,NO,1270,pass,raw fixed-order candidate ledger
CALL,full_j4_fixed,0xA400000000000001,4,global,directed,17,101,-,-,384,NO,1270,pass,raw fixed-order candidate ledger
CALL,full_j4_fixed,0xA400000000000001,4,global,directed,18,102,-,-,384,NO,1270,pass,raw fixed-order candidate ledger
CALL,full_j4_fixed,0xA400000000000001,4,global,directed,19,103,-,-,384,NO,1270,pass,raw fixed-order candidate ledger
CALL,full_j4_fixed,0xA400000000000001,4,global,directed,20,104,-,-,384,NO,1270,pass,raw fixed-order candidate ledger
CALL,full_j4_fixed,0xA400000000000001,4,global,directed,21,105,-,-,384,NO,1270,pass,raw fixed-order candidate ledger
CALL,full_j4_fixed,0xA400000000000001,4,global,directed,22,106,-,-,384,NO,1270,pass,raw fixed-order candidate ledger
CALL,full_j4_fixed,0xA400000000000001,4,global,directed,23,107,-,-,384,NO,1270,pass,raw fixed-order candidate ledger
CALL,full_j4_fixed,0xA400000000000001,4,global,directed,24,108,-,-,384,NO,1270,pass,raw fixed-order candidate ledger
CALL,full_j4_fixed,0xA400000000000001,4,global,directed,25,109,-,-,384,NO,1270,pass,raw fixed-order candidate ledger
CALL,full_j4_fixed,0xA400000000000001,4,global,directed,26,110,-,-,384,NO,1270,pass,raw fixed-order candidate ledger
CALL,full_j4_fixed,0xA400000000000001,4,global,directed,27,111,-,-,384,NO,1270,pass,raw fixed-order candidate ledger
CALL,full_j4_fixed,0xA400000000000001,4,global,directed,28,112,-,-,384,NO,1270,pass,raw fixed-order candidate ledger
CALL,full_j4_fixed,0xA400000000000001,4,global,directed,29,113,-,-,384,NO,1270,pass,raw fixed-order candidate ledger
CALL,full_j4_fixed,0xA400000000000001,4,global,directed,30,114,-,-,384,NO,1270,pass,raw fixed-order candidate ledger
CALL,full_j4_fixed,0xA400000000000001,4,global,directed,31,115,-,-,384,NO,1270,pass,raw fixed-order candidate ledger
CALL,full_j4_fixed,0xA400000000000001,4,global,directed,32,116,-,-,384,NO,1270,pass,raw fixed-order candidate ledger
CALL,full_j4_fixed,0xA400000000000001,4,global,directed,33,117,-,-,384,NO,1270,pass,raw fixed-order candidate ledger
CALL,full_j4_fixed,0xA400000000000001,4,global,directed,34,118,-,-,384,NO,1270,pass,raw fixed-order candidate ledger
CALL,full_j4_fixed,0xA400000000000001,4,global,directed,35,119,-,-,384,NO,1270,pass,raw fixed-order candidate ledger
CALL,full_j4_fixed,0xA400000000000001,4,global,directed,36,120,-,-,384,NO,1270,pass,raw fixed-order candidate ledger
CALL,full_j4_fixed,0xA400000000000001,4,global,directed,37,121,-,-,384,NO,1270,pass,raw fixed-order candidate ledger
CALL,full_j4_fixed,0xA400000000000001,4,global,directed,38,122,-,-,384,NO,1270,pass,raw fixed-order candidate ledger
CALL,full_j4_fixed,0xA400000000000001,4,global,directed,39,123,-,-,384,NO,1270,pass,raw fixed-order candidate ledger
CALL,full_j4_fixed,0xA400000000000001,4,global,directed,40,124,-,-,384,NO,1270,pass,raw fixed-order candidate ledger
CALL,full_j4_fixed,0xA400000000000001,4,global,directed,41,125,-,-,384,NO,1270,pass,raw fixed-order candidate ledger
CALL,full_j4_fixed,0xA400000000000001,4,global,directed,42,126,-,-,384,NO,1270,pass,raw fixed-order candidate ledger
CALL,full_j4_fixed,0xA400000000000001,4,global,directed,43,127,-,-,384,NO,1270,pass,raw fixed-order candidate ledger
CALL,full_j4_fixed,0xA400000000000001,4,global,directed,44,128,-,-,384,NO,1270,pass,raw fixed-order candidate ledger
CALL,full_j4_fixed,0xA400000000000001,4,global,directed,45,129,-,-,384,NO,1270,pass,raw fixed-order candidate ledger
CALL,full_j4_fixed,0xA400000000000001,4,global,directed,46,130,-,-,384,NO,1270,pass,raw fixed-order candidate ledger
CALL,full_j4_fixed,0xA400000000000001,4,global,directed,47,131,-,-,384,NO,1270,pass,raw fixed-order candidate ledger
CALL,full_j4_fixed,0xA400000000000001,4,global,directed,48,132,-,-,384,NO,1270,pass,raw fixed-order candidate ledger
CALL,full_j4_fixed,0xA400000000000001,4,global,directed,49,133,-,-,384,NO,1270,pass,raw fixed-order candidate ledger
CALL,full_j4_fixed,0xA400000000000001,4,global,directed,50,134,-,-,384,NO,1270,pass,raw fixed-order candidate ledger
CALL,full_j4_fixed,0xA400000000000001,4,global,directed,51,135,-,-,384,NO,1270,pass,raw fixed-order candidate ledger
CALL,full_j4_fixed,0xA400000000000001,4,global,directed,52,136,-,-,384,NO,1270,pass,raw fixed-order candidate ledger
CALL,full_j4_fixed,0xA400000000000001,4,global,directed,53,137,-,-,384,NO,1270,pass,raw fixed-order candidate ledger
CALL,full_j4_fixed,0xA400000000000001,4,global,directed,54,138,-,-,384,NO,1270,pass,raw fixed-order candidate ledger
CALL,full_j4_fixed,0xA400000000000001,4,global,directed,55,139,-,-,384,NO,1270,pass,raw fixed-order candidate ledger
CALL,full_j4_fixed,0xA400000000000001,4,global,directed,56,140,-,-,384,NO,1270,pass,raw fixed-order candidate ledger
CALL,full_j4_fixed,0xA400000000000001,4,global,directed,57,141,-,-,384,NO,1270,pass,raw fixed-order candidate ledger
CALL,full_j4_fixed,0xA400000000000001,4,global,directed,58,142,-,-,384,NO,1270,pass,raw fixed-order candidate ledger
CALL,full_j4_fixed,0xA400000000000001,4,global,directed,59,143,-,-,384,NO,1270,pass,raw fixed-order candidate ledger
CALL,full_j4_fixed,0xA400000000000001,4,global,directed,60,144,-,-,384,NO,1270,pass,raw fixed-order candidate ledger
CALL,full_j4_fixed,0xA400000000000001,4,global,directed,61,145,-,-,384,NO,1270,pass,raw fixed-order candidate ledger
CALL,full_j4_fixed,0xA400000000000001,4,global,directed,62,146,-,-,384,NO,1270,pass,raw fixed-order candidate ledger
CALL,full_j4_fixed,0xA400000000000001,4,global,directed,63,147,-,-,384,NO,1270,pass,raw fixed-order candidate ledger
CALL,full_j4_fixed,0xA400000000000001,4,global,directed,64,148,-,-,384,NO,1270,pass,raw fixed-order candidate ledger
CALL,full_j4_fixed,0xA400000000000001,4,global,directed,65,149,-,-,384,NO,1270,pass,raw fixed-order candidate ledger
CALL,full_j4_fixed,0xA400000000000001,4,global,directed,66,150,-,-,384,NO,1270,pass,raw fixed-order candidate ledger
CALL,full_j4_fixed,0xA400000000000001,4,global,directed,67,151,-,-,384,NO,1270,pass,raw fixed-order candidate ledger
CALL,full_j4_fixed,0xA400000000000001,4,global,directed,68,152,-,-,384,NO,1270,pass,raw fixed-order candidate ledger
CALL,full_j4_fixed,0xA400000000000001,4,global,directed,69,153,-,-,384,NO,1270,pass,raw fixed-order candidate ledger
CALL,full_j4_fixed,0xA400000000000001,4,global,directed,70,154,-,-,384,NO,1270,pass,raw fixed-order candidate ledger
CALL,full_j4_fixed,0xA400000000000001,4,global,directed,71,155,-,-,384,NO,1270,pass,raw fixed-order candidate ledger
CALL,full_j4_fixed,0xA400000000000001,4,global,directed,72,156,-,-,384,NO,1270,pass,raw fixed-order candidate ledger
CALL,full_j4_fixed,0xA400000000000001,4,global,directed,73,157,-,-,384,NO,1270,pass,raw fixed-order candidate ledger
CALL,full_j4_fixed,0xA400000000000001,4,global,directed,74,158,-,-,384,NO,1270,pass,raw fixed-order candidate ledger
CALL,full_j4_fixed,0xA400000000000001,4,global,directed,75,159,-,-,384,NO,1270,pass,raw fixed-order candidate ledger
CALL,full_j4_fixed,0xA400000000000001,4,global,directed,76,160,-,-,384,NO,1270,pass,raw fixed-order candidate ledger
CALL,full_j4_fixed,0xA400000000000001,4,global,directed,77,161,-,-,384,NO,1270,pass,raw fixed-order candidate ledger
CALL,full_j4_fixed,0xA400000000000001,4,global,directed,78,162,-,-,384,NO,1270,pass,raw fixed-order candidate ledger
CALL,full_j4_fixed,0xA400000000000001,4,global,directed,79,163,-,-,384,NO,1270,pass,raw fixed-order candidate ledger
CALL,full_j4_fixed,0xA400000000000001,4,global,directed,80,164,-,-,384,NO,1270,pass,raw fixed-order candidate ledger
CALL,full_j4_fixed,0xA400000000000001,4,global,directed,81,165,-,-,384,NO,1270,pass,raw fixed-order candidate ledger
CALL,full_j4_fixed,0xA400000000000001,4,global,directed,82,166,-,-,384,NO,1270,pass,raw fixed-order candidate ledger
CALL,full_j4_fixed,0xA400000000000001,4,global,directed,83,167,-,-,384,NO,1270,pass,raw fixed-order candidate ledger
CALL,full_j4_fixed,0xA400000000000001,4,global,directed,84,168,-,-,384,NO,1270,pass,raw fixed-order candidate ledger
CALL,full_j4_fixed,0xA400000000000001,4,global,directed,85,169,-,-,384,NO,1270,pass,raw fixed-order candidate ledger
CALL,full_j4_fixed,0xA400000000000001,4,global,directed,86,170,-,-,384,NO,1270,pass,raw fixed-order candidate ledger
CALL,full_j4_fixed,0xA400000000000001,4,global,directed,87,171,-,-,384,NO,1270,pass,raw fixed-order candidate ledger
CALL,full_j4_fixed,0xA400000000000001,4,global,directed,88,172,-,-,384,NO,1270,pass,raw fixed-order candidate ledger
CALL,full_j4_fixed,0xA400000000000001,4,global,directed,89,173,-,-,384,NO,1270,pass,raw fixed-order candidate ledger
CALL,full_j4_fixed,0xA400000000000001,4,global,directed,90,174,-,-,384,NO,1270,pass,raw fixed-order candidate ledger
CALL,full_j4_fixed,0xA400000000000001,4,global,directed,91,175,-,-,384,NO,1270,pass,raw fixed-order candidate ledger
CALL,full_j4_fixed,0xA400000000000001,4,global,directed,92,176,-,-,384,NO,1270,pass,raw fixed-order candidate ledger
CALL,full_j4_fixed,0xA400000000000001,4,global,directed,93,177,-,-,384,NO,1270,pass,raw fixed-order candidate ledger
CALL,full_j4_fixed,0xA400000000000001,4,global,directed,94,178,-,-,384,NO,1270,pass,raw fixed-order candidate ledger
CALL,full_j4_fixed,0xA400000000000001,4,global,directed,95,179,-,-,384,NO,1270,pass,raw fixed-order candidate ledger
CALL,full_j4_fixed,0xA400000000000001,4,global,directed,96,180,-,-,384,NO,1270,pass,raw fixed-order candidate ledger
CALL,full_j4_fixed,0xA400000000000001,4,global,directed,97,181,-,-,384,NO,1270,pass,raw fixed-order candidate ledger
CALL,full_j4_fixed,0xA400000000000001,4,global,directed,98,182,-,-,384,NO,1270,pass,raw fixed-order candidate ledger
CALL,full_j4_fixed,0xA400000000000001,4,global,directed,99,183,-,-,384,NO,1270,pass,raw fixed-order candidate ledger
CALL,full_j4_fixed,0xA400000000000001,4,global,directed,100,184,-,-,384,NO,1270,pass,raw fixed-order candidate ledger
CALL,full_j4_fixed,0xA400000000000001,4,global,directed,101,185,-,-,384,NO,1270,pass,raw fixed-order candidate ledger
CALL,full_j4_fixed,0xA400000000000001,4,global,directed,102,186,-,-,384,NO,1270,pass,raw fixed-order candidate ledger
CALL,full_j4_fixed,0xA400000000000001,4,global,directed,103,187,-,-,384,NO,1270,pass,raw fixed-order candidate ledger
CALL,full_j4_fixed,0xA400000000000001,4,global,directed,104,188,-,-,384,NO,1270,pass,raw fixed-order candidate ledger
CALL,full_j4_fixed,0xA400000000000001,4,global,directed,105,189,-,-,384,NO,1270,pass,raw fixed-order candidate ledger
CALL,full_j4_fixed,0xA400000000000001,4,global,directed,106,190,-,-,384,NO,1270,pass,raw fixed-order candidate ledger
CALL,full_j4_fixed,0xA400000000000001,4,global,directed,107,191,-,-,384,NO,1270,pass,raw fixed-order candidate ledger
CALL,full_j4_fixed,0xA400000000000001,4,global,directed,108,192,-,-,384,NO,1270,pass,raw fixed-order candidate ledger
CALL,full_j4_fixed,0xA400000000000001,4,global,directed,109,193,-,-,384,NO,1270,pass,raw fixed-order candidate ledger
CALL,full_j4_fixed,0xA400000000000001,4,global,directed,110,194,-,-,384,NO,1270,pass,raw fixed-order candidate ledger
CALL,full_j4_fixed,0xA400000000000001,4,global,directed,111,195,-,-,384,NO,1270,pass,raw fixed-order candidate ledger
CALL,full_j4_fixed,0xA400000000000001,4,global,directed,112,196,-,-,384,NO,1270,pass,raw fixed-order candidate ledger
CALL,full_j4_fixed,0xA400000000000001,4,global,directed,113,197,-,-,384,NO,1270,pass,raw fixed-order candidate ledger
CALL,full_j4_fixed,0xA400000000000001,4,global,directed,114,198,-,-,384,NO,1270,pass,raw fixed-order candidate ledger
CALL,full_j4_fixed,0xA400000000000001,4,global,directed,115,199,-,-,384,NO,1270,pass,raw fixed-order candidate ledger
CALL,full_j4_fixed,0xA400000000000001,4,global,directed,116,200,-,-,384,NO,1270,pass,raw fixed-order candidate ledger
CALL,full_j4_fixed,0xA400000000000001,4,global,directed,117,201,-,-,384,NO,1270,pass,raw fixed-order candidate ledger
CALL,full_j4_fixed,0xA400000000000001,4,global,directed,118,202,-,-,384,NO,1270,pass,raw fixed-order candidate ledger
CALL,full_j4_fixed,0xA400000000000001,4,global,directed,119,203,-,-,384,NO,1270,pass,raw fixed-order candidate ledger
CALL,full_j4_fixed,0xA400000000000001,4,global,directed,120,204,-,-,384,NO,1270,pass,raw fixed-order candidate ledger
CALL,full_j4_fixed,0xA400000000000001,4,global,directed,121,205,-,-,384,NO,1270,pass,raw fixed-order candidate ledger
CALL,full_j4_fixed,0xA400000000000001,4,global,directed,122,206,-,-,384,NO,1270,pass,raw fixed-order candidate ledger
CALL,full_j4_fixed,0xA400000000000001,4,global,directed,123,207,-,-,384,NO,1270,pass,raw fixed-order candidate ledger
CALL,full_j4_fixed,0xA400000000000001,4,global,directed,124,208,-,-,384,NO,1270,pass,raw fixed-order candidate ledger
CALL,full_j4_fixed,0xA400000000000001,4,global,directed,125,209,-,-,384,NO,1270,pass,raw fixed-order candidate ledger
CALL,full_j4_fixed,0xA400000000000001,4,global,directed,126,210,-,-,384,NO,1270,pass,raw fixed-order candidate ledger
CALL,full_j4_fixed,0xA400000000000001,4,global,directed,127,211,-,-,384,NO,1270,pass,raw fixed-order candidate ledger
CALL,full_j4_fixed,0xA400000000000001,4,global,directed,128,212,-,-,384,NO,1270,pass,raw fixed-order candidate ledger
CALL,full_j4_fixed,0xA400000000000001,4,global,directed,129,213,-,-,384,NO,1270,pass,raw fixed-order candidate ledger
CALL,full_j4_fixed,0xA400000000000001,4,global,directed,130,214,-,-,384,NO,1270,pass,raw fixed-order candidate ledger
CALL,full_j4_fixed,0xA400000000000001,4,global,directed,131,215,-,-,384,NO,1270,pass,raw fixed-order candidate ledger
CALL,full_j4_fixed,0xA400000000000001,4,global,directed,132,216,-,-,384,NO,1270,pass,raw fixed-order candidate ledger
CALL,full_j4_fixed,0xA400000000000001,4,global,directed,133,217,-,-,384,NO,1270,pass,raw fixed-order candidate ledger
CALL,full_j4_fixed,0xA400000000000001,4,global,directed,134,218,-,-,384,NO,1270,pass,raw fixed-order candidate ledger
CALL,full_j4_fixed,0xA400000000000001,4,global,directed,135,219,-,-,384,NO,1270,pass,raw fixed-order candidate ledger
CALL,full_j4_fixed,0xA400000000000001,4,global,directed,136,220,-,-,384,NO,1270,pass,raw fixed-order candidate ledger
CALL,full_j4_fixed,0xA400000000000001,4,global,directed,137,221,-,-,384,NO,1270,pass,raw fixed-order candidate ledger
CALL,full_j4_fixed,0xA400000000000001,4,global,directed,138,222,-,-,384,NO,1270,pass,raw fixed-order candidate ledger
CALL,full_j4_fixed,0xA400000000000001,4,global,directed,139,223,-,-,384,NO,1270,pass,raw fixed-order candidate ledger
CALL,full_j4_fixed,0xA400000000000001,4,global,directed,140,224,-,-,384,NO,1270,pass,raw fixed-order candidate ledger
CALL,full_j4_fixed,0xA400000000000001,4,global,directed,141,225,-,-,384,NO,1270,pass,raw fixed-order candidate ledger
CALL,full_j4_fixed,0xA400000000000001,4,global,directed,142,226,-,-,384,NO,1270,pass,raw fixed-order candidate ledger
CALL,full_j4_fixed,0xA400000000000001,4,global,directed,143,227,-,-,384,NO,1270,pass,raw fixed-order candidate ledger
CALL,full_j4_fixed,0xA400000000000001,4,global,directed,144,228,-,-,384,NO,1270,pass,raw fixed-order candidate ledger
CALL,full_j4_fixed,0xA400000000000001,4,global,directed,145,229,-,-,384,NO,1270,pass,raw fixed-order candidate ledger
CALL,full_j4_fixed,0xA400000000000001,4,global,directed,146,230,-,-,384,NO,1270,pass,raw fixed-order candidate ledger
CALL,full_j4_fixed,0xA400000000000001,4,global,directed,147,231,-,-,384,NO,1270,pass,raw fixed-order candidate ledger
CALL,full_j4_fixed,0xA400000000000001,4,global,directed,148,232,-,-,384,NO,1270,pass,raw fixed-order candidate ledger
CALL,full_j4_fixed,0xA400000000000001,4,global,directed,149,233,-,-,384,NO,1270,pass,raw fixed-order candidate ledger
CALL,full_j4_fixed,0xA400000000000001,4,global,directed,150,234,-,-,384,NO,1270,pass,raw fixed-order candidate ledger
CALL,full_j4_fixed,0xA400000000000001,4,global,directed,151,235,-,-,384,NO,1270,pass,raw fixed-order candidate ledger
CALL,full_j4_fixed,0xA400000000000001,4,global,directed,152,236,-,-,384,NO,1270,pass,raw fixed-order candidate ledger
CALL,full_j4_fixed,0xA400000000000001,4,global,directed,153,237,-,-,384,NO,1270,pass,raw fixed-order candidate ledger
CALL,full_j4_fixed,0xA400000000000001,4,global,directed,154,238,-,-,384,NO,1270,pass,raw fixed-order candidate ledger
CALL,full_j4_fixed,0xA400000000000001,4,global,directed,155,239,-,-,384,NO,1270,pass,raw fixed-order candidate ledger
CALL,full_j4_fixed,0xA400000000000001,4,global,directed,156,240,-,-,384,NO,1270,pass,raw fixed-order candidate ledger
CALL,full_j4_fixed,0xA400000000000001,4,global,directed,157,241,-,-,384,NO,1270,pass,raw fixed-order candidate ledger
CALL,full_j4_fixed,0xA400000000000001,4,global,directed,158,242,-,-,384,NO,1270,pass,raw fixed-order candidate ledger
CALL,full_j4_fixed,0xA400000000000001,4,global,directed,159,243,-,-,384,NO,1270,pass,raw fixed-order candidate ledger
CALL,full_j4_fixed,0xA400000000000001,4,global,directed,160,244,-,-,384,NO,1270,pass,raw fixed-order candidate ledger
CALL,full_j4_fixed,0xA400000000000001,4,global,directed,161,245,-,-,384,NO,1270,pass,raw fixed-order candidate ledger
CALL,full_j4_fixed,0xA400000000000001,4,global,directed,162,246,-,-,384,NO,1270,pass,raw fixed-order candidate ledger
CALL,full_j4_fixed,0xA400000000000001,4,global,directed,163,247,-,-,384,NO,1270,pass,raw fixed-order candidate ledger
CALL,full_j4_fixed,0xA400000000000001,4,global,directed,164,248,-,-,384,NO,1270,pass,raw fixed-order candidate ledger
CALL,full_j4_fixed,0xA400000000000001,4,global,directed,165,249,-,-,384,NO,1270,pass,raw fixed-order candidate ledger
CALL,full_j4_fixed,0xA400000000000001,4,global,directed,166,250,-,-,384,NO,1270,pass,raw fixed-order candidate ledger
CALL,full_j4_fixed,0xA400000000000001,4,global,directed,167,251,-,-,384,NO,1270,pass,raw fixed-order candidate ledger
CALL,full_j4_fixed,0xA400000000000001,4,global,directed,168,252,-,-,384,NO,1270,pass,raw fixed-order candidate ledger
CALL,full_j4_fixed,0xA400000000000001,4,global,directed,169,253,-,-,384,NO,1270,pass,raw fixed-order candidate ledger
CALL,full_j4_fixed,0xA400000000000001,4,global,directed,170,254,-,-,384,NO,1270,pass,raw fixed-order candidate ledger
CALL,full_j4_fixed,0xA400000000000001,4,global,directed,171,255,-,-,384,NO,1270,pass,raw fixed-order candidate ledger
CALL,full_j4_fixed,0xA400000000000001,4,global,directed,172,256,-,-,384,NO,1270,pass,raw fixed-order candidate ledger
CALL,full_j4_fixed,0xA400000000000001,4,global,directed,173,257,-,-,384,NO,1270,pass,raw fixed-order candidate ledger
CALL,full_j4_fixed,0xA400000000000001,4,global,directed,174,258,-,-,384,NO,1270,pass,raw fixed-order candidate ledger
CALL,full_j4_fixed,0xA400000000000001,4,global,directed,175,259,-,-,384,NO,1270,pass,raw fixed-order candidate ledger
CALL,full_j4_fixed,0xA400000000000001,4,global,directed,176,260,-,-,384,NO,1270,pass,raw fixed-order candidate ledger
CALL,full_j4_fixed,0xA400000000000001,4,global,directed,177,261,-,-,384,NO,1270,pass,raw fixed-order candidate ledger
CALL,full_j4_fixed,0xA400000000000001,4,global,directed,178,262,-,-,384,NO,1270,pass,raw fixed-order candidate ledger
CALL,full_j4_fixed,0xA400000000000001,4,global,directed,179,263,-,-,384,NO,1270,pass,raw fixed-order candidate ledger
CALL,full_j4_fixed,0xA400000000000001,4,global,directed,180,264,-,-,384,NO,1270,pass,raw fixed-order candidate ledger
CALL,full_j4_fixed,0xA400000000000001,4,global,directed,181,265,-,-,384,NO,1270,pass,raw fixed-order candidate ledger
CALL,full_j4_fixed,0xA400000000000001,4,global,directed,182,266,-,-,384,NO,1270,pass,raw fixed-order candidate ledger
CALL,full_j4_fixed,0xA400000000000001,4,global,directed,183,267,-,-,384,NO,1270,pass,raw fixed-order candidate ledger
CALL,full_j4_fixed,0xA400000000000001,4,global,directed,184,268,-,-,384,NO,1270,pass,raw fixed-order candidate ledger
CALL,full_j4_fixed,0xA400000000000001,4,global,directed,185,269,-,-,384,NO,1270,pass,raw fixed-order candidate ledger
CALL,full_j4_fixed,0xA400000000000001,4,global,directed,186,270,-,-,384,NO,1270,pass,raw fixed-order candidate ledger
CALL,full_j4_fixed,0xA400000000000001,4,global,directed,187,271,-,-,384,NO,1270,pass,raw fixed-order candidate ledger
CALL,full_j4_fixed,0xA400000000000001,4,global,directed,188,272,-,-,384,NO,1270,pass,raw fixed-order candidate ledger
CALL,full_j4_fixed,0xA400000000000001,4,global,directed,189,273,-,-,384,NO,1270,pass,raw fixed-order candidate ledger
CALL,full_j4_fixed,0xA400000000000001,4,global,directed,190,274,-,-,384,NO,1270,pass,raw fixed-order candidate ledger
CALL,full_j4_fixed,0xA400000000000001,4,global,directed,191,275,-,-,384,NO,1270,pass,raw fixed-order candidate ledger
CALL,full_j4_fixed,0xA400000000000001,4,global,directed,192,276,-,-,384,NO,1270,pass,raw fixed-order candidate ledger
CALL,full_j4_fixed,0xA400000000000001,4,global,directed,193,277,-,-,384,NO,1270,pass,raw fixed-order candidate ledger
CALL,full_j4_fixed,0xA400000000000001,4,global,directed,194,278,-,-,384,NO,1270,pass,raw fixed-order candidate ledger
CALL,full_j4_fixed,0xA400000000000001,4,global,directed,195,279,-,-,384,NO,1270,pass,raw fixed-order candidate ledger
CALL,full_j4_fixed,0xA400000000000001,4,global,directed,196,280,-,-,384,NO,1270,pass,raw fixed-order candidate ledger
CALL,full_j4_fixed,0xA400000000000001,4,global,directed,197,281,-,-,384,NO,1270,pass,raw fixed-order candidate ledger
CALL,full_j4_fixed,0xA400000000000001,4,global,directed,198,282,-,-,384,NO,1270,pass,raw fixed-order candidate ledger
CALL,full_j4_fixed,0xA400000000000001,4,global,directed,199,283,-,-,384,NO,1270,pass,raw fixed-order candidate ledger
CALL,full_j4_fixed,0xA400000000000001,4,global,directed,200,284,-,-,384,NO,1270,pass,raw fixed-order candidate ledger
CALL,full_j4_fixed,0xA400000000000001,4,global,directed,201,285,-,-,384,NO,1270,pass,raw fixed-order candidate ledger
CALL,full_j4_fixed,0xA400000000000001,4,global,directed,202,286,-,-,384,NO,1270,pass,raw fixed-order candidate ledger
CALL,full_j4_fixed,0xA400000000000001,4,global,directed,203,287,-,-,384,NO,1270,pass,raw fixed-order candidate ledger
CALL,full_j4_fixed,0xA400000000000001,4,global,directed,204,288,-,-,384,NO,1270,pass,raw fixed-order candidate ledger
CALL,full_j4_fixed,0xA400000000000001,4,global,directed,205,289,-,-,384,NO,1270,pass,raw fixed-order candidate ledger
CALL,full_j4_fixed,0xA400000000000001,4,global,directed,206,290,-,-,384,NO,1270,pass,raw fixed-order candidate ledger
CALL,full_j4_fixed,0xA400000000000001,4,global,directed,207,291,-,-,384,NO,1270,pass,raw fixed-order candidate ledger
CALL,full_j4_fixed,0xA400000000000001,4,global,directed,208,292,-,-,384,NO,1270,pass,raw fixed-order candidate ledger
CALL,full_j4_fixed,0xA400000000000001,4,global,directed,209,293,-,-,384,NO,1270,pass,raw fixed-order candidate ledger
CALL,full_j4_fixed,0xA400000000000001,4,global,directed,210,294,-,-,384,NO,1270,pass,raw fixed-order candidate ledger
CALL,full_j4_fixed,0xA400000000000001,4,global,directed,211,295,-,-,384,NO,1270,pass,raw fixed-order candidate ledger
CALL,full_j4_fixed,0xA400000000000001,4,global,directed,212,296,-,-,384,NO,1270,pass,raw fixed-order candidate ledger
CALL,full_j4_fixed,0xA400000000000001,4,global,directed,213,297,-,-,384,NO,1270,pass,raw fixed-order candidate ledger
CALL,full_j4_fixed,0xA400000000000001,4,global,directed,214,298,-,-,384,NO,1270,pass,raw fixed-order candidate ledger
CALL,full_j4_fixed,0xA400000000000001,4,global,directed,215,299,-,-,384,NO,1270,pass,raw fixed-order candidate ledger
CALL,full_j4_fixed,0xA400000000000001,4,global,directed,216,300,-,-,384,NO,1270,pass,raw fixed-order candidate ledger
CALL,full_j4_fixed,0xA400000000000001,4,global,directed,217,301,-,-,384,NO,1270,pass,raw fixed-order candidate ledger
CALL,full_j4_fixed,0xA400000000000001,4,global,directed,218,302,-,-,384,NO,1270,pass,raw fixed-order candidate ledger
CALL,full_j4_fixed,0xA400000000000001,4,global,directed,219,303,-,-,384,NO,1270,pass,raw fixed-order candidate ledger
CALL,full_j4_fixed,0xA400000000000001,4,global,directed,220,304,-,-,384,NO,1270,pass,raw fixed-order candidate ledger
CALL,full_j4_fixed,0xA400000000000001,4,global,directed,221,305,-,-,384,NO,1270,pass,raw fixed-order candidate ledger
CALL,full_j4_fixed,0xA400000000000001,4,global,directed,222,306,-,-,384,NO,1270,pass,raw fixed-order candidate ledger
CALL,full_j4_fixed,0xA400000000000001,4,global,directed,223,307,-,-,384,NO,1270,pass,raw fixed-order candidate ledger
CALL,full_j4_fixed,0xA400000000000001,4,global,directed,224,308,-,-,384,NO,1270,pass,raw fixed-order candidate ledger
CALL,full_j4_fixed,0xA400000000000001,4,global,directed,225,309,-,-,384,NO,1270,pass,raw fixed-order candidate ledger
CALL,full_j4_fixed,0xA400000000000001,4,global,directed,226,310,-,-,384,NO,1270,pass,raw fixed-order candidate ledger
CALL,full_j4_fixed,0xA400000000000001,4,global,directed,227,311,-,-,384,NO,1270,pass,raw fixed-order candidate ledger
CALL,full_j4_fixed,0xA400000000000001,4,global,directed,228,312,-,-,384,NO,1270,pass,raw fixed-order candidate ledger
CALL,full_j4_fixed,0xA400000000000001,4,global,directed,229,313,-,-,384,NO,1270,pass,raw fixed-order candidate ledger
CALL,full_j4_fixed,0xA400000000000001,4,global,directed,230,314,-,-,384,NO,1270,pass,raw fixed-order candidate ledger
CALL,full_j4_fixed,0xA400000000000001,4,global,directed,231,315,-,-,384,NO,1270,pass,raw fixed-order candidate ledger
CALL,full_j4_fixed,0xA400000000000001,4,global,directed,232,316,-,-,384,NO,1270,pass,raw fixed-order candidate ledger
CALL,full_j4_fixed,0xA400000000000001,4,global,directed,233,317,-,-,384,NO,1270,pass,raw fixed-order candidate ledger
CALL,full_j4_fixed,0xA400000000000001,4,global,directed,234,318,-,-,384,NO,1270,pass,raw fixed-order candidate ledger
CALL,full_j4_fixed,0xA400000000000001,4,global,directed,235,319,-,-,384,NO,1270,pass,raw fixed-order candidate ledger
CALL,full_j4_fixed,0xA400000000000001,4,global,directed,236,320,-,-,384,NO,1270,pass,raw fixed-order candidate ledger
CALL,full_j4_fixed,0xA400000000000001,4,global,directed,237,321,-,-,384,NO,1270,pass,raw fixed-order candidate ledger
CALL,full_j4_fixed,0xA400000000000001,4,global,directed,238,322,-,-,384,NO,1270,pass,raw fixed-order candidate ledger
CALL,full_j4_fixed,0xA400000000000001,4,global,directed,239,323,-,-,384,NO,1270,pass,raw fixed-order candidate ledger
CALL,full_j4_fixed,0xA400000000000001,4,global,directed,240,324,-,-,384,NO,1270,pass,raw fixed-order candidate ledger
CALL,full_j4_fixed,0xA400000000000001,4,global,directed,241,325,-,-,384,NO,1270,pass,raw fixed-order candidate ledger
CALL,full_j4_fixed,0xA400000000000001,4,global,directed,242,326,-,-,384,NO,1270,pass,raw fixed-order candidate ledger
CALL,full_j4_fixed,0xA400000000000001,4,global,directed,243,327,-,-,384,NO,1270,pass,raw fixed-order candidate ledger
CALL,full_j4_fixed,0xA400000000000001,4,global,directed,244,328,-,-,384,NO,1270,pass,raw fixed-order candidate ledger
CALL,full_j4_fixed,0xA400000000000001,4,global,directed,245,329,-,-,384,NO,1270,pass,raw fixed-order candidate ledger
CALL,full_j4_fixed,0xA400000000000001,4,global,directed,246,330,-,-,384,NO,1270,pass,raw fixed-order candidate ledger
CALL,full_j4_fixed,0xA400000000000001,4,global,directed,247,331,-,-,384,NO,1270,pass,raw fixed-order candidate ledger
CALL,full_j4_fixed,0xA400000000000001,4,global,directed,248,332,-,-,384,NO,1270,pass,raw fixed-order candidate ledger
CALL,full_j4_fixed,0xA400000000000001,4,global,directed,249,333,-,-,384,NO,1270,pass,raw fixed-order candidate ledger
CALL,full_j4_fixed,0xA400000000000001,4,global,directed,250,334,-,-,384,NO,1270,pass,raw fixed-order candidate ledger
CALL,full_j4_fixed,0xA400000000000001,4,global,directed,251,335,-,-,384,NO,1270,pass,raw fixed-order candidate ledger
CALL,full_j4_fixed,0xA400000000000001,4,global,directed,252,336,-,-,384,NO,1270,pass,raw fixed-order candidate ledger
CALL,full_j4_fixed,0xA400000000000001,4,global,directed,253,337,-,-,384,NO,1270,pass,raw fixed-order candidate ledger
CALL,full_j4_fixed,0xA400000000000001,4,global,directed,254,338,-,-,384,NO,1270,pass,raw fixed-order candidate ledger
CALL,full_j4_fixed,0xA400000000000001,4,global,directed,255,339,-,-,384,NO,1270,pass,raw fixed-order candidate ledger
CALL,full_j4_fixed,0xA400000000000001,4,global,directed,256,340,-,-,384,NO,1270,pass,raw fixed-order candidate ledger
CALL,full_j4_fixed,0xA400000000000001,4,global,directed,257,341,-,-,384,NO,1270,pass,raw fixed-order candidate ledger
CALL,full_j4_fixed,0xA400000000000001,4,global,directed,258,342,-,-,384,NO,1270,pass,raw fixed-order candidate ledger
CALL,full_j4_fixed,0xA400000000000001,4,global,directed,259,343,-,-,384,NO,1270,pass,raw fixed-order candidate ledger
CALL,full_j4_fixed,0xA400000000000001,4,global,directed,260,344,-,-,384,NO,1270,pass,raw fixed-order candidate ledger
CALL,full_j4_fixed,0xA400000000000001,4,global,directed,261,345,-,-,384,NO,1270,pass,raw fixed-order candidate ledger
CALL,full_j4_fixed,0xA400000000000001,4,global,directed,262,346,-,-,384,NO,1270,pass,raw fixed-order candidate ledger
CALL,full_j4_fixed,0xA400000000000001,4,global,directed,263,347,-,-,384,NO,1270,pass,raw fixed-order candidate ledger
CALL,full_j4_fixed,0xA400000000000001,4,global,directed,264,348,-,-,384,NO,1270,pass,raw fixed-order candidate ledger
CALL,full_j4_fixed,0xA400000000000001,4,global,directed,265,349,-,-,384,NO,1270,pass,raw fixed-order candidate ledger
CALL,full_j4_fixed,0xA400000000000001,4,global,directed,266,350,-,-,384,NO,1270,pass,raw fixed-order candidate ledger
CALL,full_j4_fixed,0xA400000000000001,4,global,directed,267,351,-,-,384,NO,1270,pass,raw fixed-order candidate ledger
CALL,full_j4_fixed,0xA400000000000001,4,global,directed,268,352,-,-,384,NO,1270,pass,raw fixed-order candidate ledger
CALL,full_j4_fixed,0xA400000000000001,4,global,directed,269,353,-,-,384,NO,1270,pass,raw fixed-order candidate ledger
CALL,full_j4_fixed,0xA400000000000001,4,global,directed,270,354,-,-,384,NO,1270,pass,raw fixed-order candidate ledger
CALL,full_j4_fixed,0xA400000000000001,4,global,directed,271,355,-,-,384,NO,1270,pass,raw fixed-order candidate ledger
CALL,full_j4_fixed,0xA400000000000001,4,global,directed,272,356,-,-,384,NO,1270,pass,raw fixed-order candidate ledger
CALL,full_j4_fixed,0xA400000000000001,4,global,directed,273,357,-,-,384,NO,1270,pass,raw fixed-order candidate ledger
CALL,full_j4_fixed,0xA400000000000001,4,global,directed,274,358,-,-,384,NO,1270,pass,raw fixed-order candidate ledger
CALL,full_j4_fixed,0xA400000000000001,4,global,directed,275,359,-,-,384,NO,1270,pass,raw fixed-order candidate ledger
CALL,full_j4_fixed,0xA400000000000001,4,global,directed,276,360,-,-,384,NO,1270,pass,raw fixed-order candidate ledger
CALL,full_j4_fixed,0xA400000000000001,4,global,directed,277,361,-,-,384,NO,1270,pass,raw fixed-order candidate ledger
CALL,full_j4_fixed,0xA400000000000001,4,global,directed,278,362,-,-,384,NO,1270,pass,raw fixed-order candidate ledger
CALL,full_j4_fixed,0xA400000000000001,4,global,directed,279,363,-,-,384,NO,1270,pass,raw fixed-order candidate ledger
CALL,full_j4_fixed,0xA400000000000001,4,global,directed,280,364,-,-,384,NO,1270,pass,raw fixed-order candidate ledger
CALL,full_j4_fixed,0xA400000000000001,4,global,directed,281,365,-,-,384,NO,1270,pass,raw fixed-order candidate ledger
CALL,full_j4_fixed,0xA400000000000001,4,global,directed,282,366,-,-,384,NO,1270,pass,raw fixed-order candidate ledger
CALL,full_j4_fixed,0xA400000000000001,4,global,directed,283,367,-,-,384,NO,1270,pass,raw fixed-order candidate ledger
CALL,full_j4_fixed,0xA400000000000001,4,global,directed,284,368,-,-,384,NO,1270,pass,raw fixed-order candidate ledger
CALL,full_j4_fixed,0xA400000000000001,4,global,directed,285,369,-,-,384,NO,1270,pass,raw fixed-order candidate ledger
CALL,full_j4_fixed,0xA400000000000001,4,global,directed,286,370,-,-,384,NO,1270,pass,raw fixed-order candidate ledger
CALL,full_j4_fixed,0xA400000000000001,4,global,directed,287,371,-,-,384,NO,1270,pass,raw fixed-order candidate ledger
CALL,full_j4_fixed,0xA400000000000001,4,global,directed,288,372,-,-,384,NO,1270,pass,raw fixed-order candidate ledger
CALL,full_j4_fixed,0xA400000000000001,4,global,directed,289,373,-,-,384,NO,1270,pass,raw fixed-order candidate ledger
CALL,full_j4_fixed,0xA400000000000001,4,global,directed,290,374,-,-,384,NO,1270,pass,raw fixed-order candidate ledger
CALL,full_j4_fixed,0xA400000000000001,4,global,directed,291,375,-,-,384,NO,1270,pass,raw fixed-order candidate ledger
CALL,full_j4_fixed,0xA400000000000001,4,global,directed,292,376,-,-,384,NO,1270,pass,raw fixed-order candidate ledger
CALL,full_j4_fixed,0xA400000000000001,4,global,directed,293,377,-,-,384,NO,1270,pass,raw fixed-order candidate ledger
CALL,full_j4_fixed,0xA400000000000001,4,global,directed,294,378,-,-,384,NO,1270,pass,raw fixed-order candidate ledger
CALL,full_j4_fixed,0xA400000000000001,4,global,directed,295,379,-,-,384,NO,1270,pass,raw fixed-order candidate ledger
CALL,full_j4_fixed,0xA400000000000001,4,global,directed,296,380,-,-,384,NO,1270,pass,raw fixed-order candidate ledger
CALL,full_j4_fixed,0xA400000000000001,4,global,directed,297,381,-,-,384,NO,1270,pass,raw fixed-order candidate ledger
CALL,full_j4_fixed,0xA400000000000001,4,global,directed,298,382,-,-,384,NO,1270,pass,raw fixed-order candidate ledger
CALL,full_j4_fixed,0xA400000000000001,4,global,directed,299,383,-,-,384,NO,1270,pass,raw fixed-order candidate ledger
CALL,full_j4_fixed,0xA400000000000001,4,global,directed,300,384,-,-,384,NO,1270,pass,raw fixed-order candidate ledger
ABLATION,full_j4_fixed,0xA400000000000001,4,global,-,-,-,-,-,384,YES,1270,pass,predeclared bank ablation
ABLATION,no_global,0xA400000000000001,4,global,-,-,-,-,-,354,NO,1270,pass,predeclared bank ablation
ABLATION,no_singleton,0xA400000000000001,4,global,-,-,-,-,-,336,YES,1270,pass,predeclared bank ablation
ABLATION,no_none,0xA400000000000001,4,global,-,-,-,-,-,379,YES,1270,pass,predeclared bank ablation
ABLATION,no_directed,0xA400000000000001,4,global,-,-,-,-,-,83,YES,1270,pass,predeclared bank ablation
ABLATION,directed_100,0xA400000000000001,4,global,-,-,-,-,-,183,YES,1270,pass,predeclared bank ablation
ABLATION,directed_200,0xA400000000000001,4,global,-,-,-,-,-,283,YES,1270,pass,predeclared bank ablation
ABLATION,small_banks_only,0xA400000000000001,4,global,-,-,-,-,-,83,YES,1270,pass,predeclared bank ablation
ABLATION,derived_minimal_prefix,0xA400000000000001,4,global,-,-,-,-,-,127,YES,1270,pass,predeclared bank ablation
CALL,full_j4_fixed,0xA400000000000001,9,singleton,global,0,1,-,-,384,NO,1270,pass,raw fixed-order candidate ledger
CALL,full_j4_fixed,0xA400000000000001,9,singleton,global,1,2,-,-,384,NO,1270,pass,raw fixed-order candidate ledger
CALL,full_j4_fixed,0xA400000000000001,9,singleton,global,2,3,-,-,384,NO,1270,pass,raw fixed-order candidate ledger
CALL,full_j4_fixed,0xA400000000000001,9,singleton,global,3,4,-,-,384,NO,1270,pass,raw fixed-order candidate ledger
CALL,full_j4_fixed,0xA400000000000001,9,singleton,global,4,5,-,-,384,NO,1270,pass,raw fixed-order candidate ledger
CALL,full_j4_fixed,0xA400000000000001,9,singleton,global,5,6,-,-,384,NO,1270,pass,raw fixed-order candidate ledger
CALL,full_j4_fixed,0xA400000000000001,9,singleton,global,6,7,-,-,384,NO,1270,pass,raw fixed-order candidate ledger
CALL,full_j4_fixed,0xA400000000000001,9,singleton,global,7,8,-,-,384,NO,1270,pass,raw fixed-order candidate ledger
CALL,full_j4_fixed,0xA400000000000001,9,singleton,global,8,9,-,-,384,NO,1270,pass,raw fixed-order candidate ledger
CALL,full_j4_fixed,0xA400000000000001,9,singleton,global,9,10,-,-,384,NO,1270,pass,raw fixed-order candidate ledger
CALL,full_j4_fixed,0xA400000000000001,9,singleton,global,10,11,-,-,384,NO,1270,pass,raw fixed-order candidate ledger
CALL,full_j4_fixed,0xA400000000000001,9,singleton,global,11,12,-,-,384,NO,1270,pass,raw fixed-order candidate ledger
CALL,full_j4_fixed,0xA400000000000001,9,singleton,global,12,13,-,-,384,NO,1270,pass,raw fixed-order candidate ledger
CALL,full_j4_fixed,0xA400000000000001,9,singleton,global,13,14,-,-,384,NO,1270,pass,raw fixed-order candidate ledger
CALL,full_j4_fixed,0xA400000000000001,9,singleton,global,14,15,-,-,384,NO,1270,pass,raw fixed-order candidate ledger
CALL,full_j4_fixed,0xA400000000000001,9,singleton,global,15,16,-,-,384,NO,1270,pass,raw fixed-order candidate ledger
CALL,full_j4_fixed,0xA400000000000001,9,singleton,global,16,17,-,-,384,NO,1270,pass,raw fixed-order candidate ledger
CALL,full_j4_fixed,0xA400000000000001,9,singleton,global,17,18,-,-,384,NO,1270,pass,raw fixed-order candidate ledger
CALL,full_j4_fixed,0xA400000000000001,9,singleton,global,18,19,-,-,384,NO,1270,pass,raw fixed-order candidate ledger
CALL,full_j4_fixed,0xA400000000000001,9,singleton,global,19,20,-,-,384,NO,1270,pass,raw fixed-order candidate ledger
CALL,full_j4_fixed,0xA400000000000001,9,singleton,global,20,21,-,-,384,NO,1270,pass,raw fixed-order candidate ledger
CALL,full_j4_fixed,0xA400000000000001,9,singleton,global,21,22,-,-,384,NO,1270,pass,raw fixed-order candidate ledger
CALL,full_j4_fixed,0xA400000000000001,9,singleton,global,22,23,-,-,384,NO,1270,pass,raw fixed-order candidate ledger
CALL,full_j4_fixed,0xA400000000000001,9,singleton,global,23,24,-,-,384,NO,1270,pass,raw fixed-order candidate ledger
CALL,full_j4_fixed,0xA400000000000001,9,singleton,global,24,25,-,-,384,NO,1270,pass,raw fixed-order candidate ledger
CALL,full_j4_fixed,0xA400000000000001,9,singleton,global,25,26,-,-,384,NO,1270,pass,raw fixed-order candidate ledger
CALL,full_j4_fixed,0xA400000000000001,9,singleton,global,26,27,-,-,384,NO,1270,pass,raw fixed-order candidate ledger
CALL,full_j4_fixed,0xA400000000000001,9,singleton,global,27,28,-,-,384,NO,1270,pass,raw fixed-order candidate ledger
CALL,full_j4_fixed,0xA400000000000001,9,singleton,global,28,29,-,-,384,NO,1270,pass,raw fixed-order candidate ledger
CALL,full_j4_fixed,0xA400000000000001,9,singleton,global,29,30,-,-,384,NO,1270,pass,raw fixed-order candidate ledger
CALL,full_j4_fixed,0xA400000000000001,9,singleton,singleton,0,31,-,-,384,NO,1270,pass,raw fixed-order candidate ledger
CALL,full_j4_fixed,0xA400000000000001,9,singleton,singleton,1,32,-,-,384,NO,1270,pass,raw fixed-order candidate ledger
CALL,full_j4_fixed,0xA400000000000001,9,singleton,singleton,2,33,-,-,384,NO,1270,pass,raw fixed-order candidate ledger
CALL,full_j4_fixed,0xA400000000000001,9,singleton,singleton,3,34,-,-,384,YES,1270,pass,raw fixed-order candidate ledger
CALL,full_j4_fixed,0xA400000000000001,9,singleton,singleton,4,35,-,-,384,NO,1270,pass,raw fixed-order candidate ledger
CALL,full_j4_fixed,0xA400000000000001,9,singleton,singleton,5,36,-,-,384,NO,1270,pass,raw fixed-order candidate ledger
CALL,full_j4_fixed,0xA400000000000001,9,singleton,singleton,6,37,-,-,384,NO,1270,pass,raw fixed-order candidate ledger
CALL,full_j4_fixed,0xA400000000000001,9,singleton,singleton,7,38,-,-,384,NO,1270,pass,raw fixed-order candidate ledger
CALL,full_j4_fixed,0xA400000000000001,9,singleton,singleton,8,39,-,-,384,NO,1270,pass,raw fixed-order candidate ledger
CALL,full_j4_fixed,0xA400000000000001,9,singleton,singleton,9,40,-,-,384,NO,1270,pass,raw fixed-order candidate ledger
CALL,full_j4_fixed,0xA400000000000001,9,singleton,singleton,10,41,-,-,384,NO,1270,pass,raw fixed-order candidate ledger
CALL,full_j4_fixed,0xA400000000000001,9,singleton,singleton,11,42,-,-,384,NO,1270,pass,raw fixed-order candidate ledger
CALL,full_j4_fixed,0xA400000000000001,9,singleton,singleton,12,43,-,-,384,NO,1270,pass,raw fixed-order candidate ledger
CALL,full_j4_fixed,0xA400000000000001,9,singleton,singleton,13,44,-,-,384,NO,1270,pass,raw fixed-order candidate ledger
CALL,full_j4_fixed,0xA400000000000001,9,singleton,singleton,14,45,-,-,384,NO,1270,pass,raw fixed-order candidate ledger
CALL,full_j4_fixed,0xA400000000000001,9,singleton,singleton,15,46,-,-,384,NO,1270,pass,raw fixed-order candidate ledger
CALL,full_j4_fixed,0xA400000000000001,9,singleton,singleton,16,47,-,-,384,NO,1270,pass,raw fixed-order candidate ledger
CALL,full_j4_fixed,0xA400000000000001,9,singleton,singleton,17,48,-,-,384,NO,1270,pass,raw fixed-order candidate ledger
CALL,full_j4_fixed,0xA400000000000001,9,singleton,singleton,18,49,-,-,384,NO,1270,pass,raw fixed-order candidate ledger
CALL,full_j4_fixed,0xA400000000000001,9,singleton,singleton,19,50,-,-,384,NO,1270,pass,raw fixed-order candidate ledger
CALL,full_j4_fixed,0xA400000000000001,9,singleton,singleton,20,51,-,-,384,NO,1270,pass,raw fixed-order candidate ledger
CALL,full_j4_fixed,0xA400000000000001,9,singleton,singleton,21,52,-,-,384,NO,1270,pass,raw fixed-order candidate ledger
CALL,full_j4_fixed,0xA400000000000001,9,singleton,singleton,22,53,-,-,384,NO,1270,pass,raw fixed-order candidate ledger
CALL,full_j4_fixed,0xA400000000000001,9,singleton,singleton,23,54,-,-,384,NO,1270,pass,raw fixed-order candidate ledger
CALL,full_j4_fixed,0xA400000000000001,9,singleton,singleton,24,55,-,-,384,NO,1270,pass,raw fixed-order candidate ledger
CALL,full_j4_fixed,0xA400000000000001,9,singleton,singleton,25,56,-,-,384,NO,1270,pass,raw fixed-order candidate ledger
CALL,full_j4_fixed,0xA400000000000001,9,singleton,singleton,26,57,-,-,384,NO,1270,pass,raw fixed-order candidate ledger
CALL,full_j4_fixed,0xA400000000000001,9,singleton,singleton,27,58,-,-,384,NO,1270,pass,raw fixed-order candidate ledger
CALL,full_j4_fixed,0xA400000000000001,9,singleton,singleton,28,59,-,-,384,NO,1270,pass,raw fixed-order candidate ledger
CALL,full_j4_fixed,0xA400000000000001,9,singleton,singleton,29,60,-,-,384,NO,1270,pass,raw fixed-order candidate ledger
CALL,full_j4_fixed,0xA400000000000001,9,singleton,singleton,30,61,-,-,384,NO,1270,pass,raw fixed-order candidate ledger
CALL,full_j4_fixed,0xA400000000000001,9,singleton,singleton,31,62,-,-,384,NO,1270,pass,raw fixed-order candidate ledger
CALL,full_j4_fixed,0xA400000000000001,9,singleton,singleton,32,63,-,-,384,NO,1270,pass,raw fixed-order candidate ledger
CALL,full_j4_fixed,0xA400000000000001,9,singleton,singleton,33,64,-,-,384,NO,1270,pass,raw fixed-order candidate ledger
CALL,full_j4_fixed,0xA400000000000001,9,singleton,singleton,34,65,-,-,384,NO,1270,pass,raw fixed-order candidate ledger
CALL,full_j4_fixed,0xA400000000000001,9,singleton,singleton,35,66,-,-,384,NO,1270,pass,raw fixed-order candidate ledger
CALL,full_j4_fixed,0xA400000000000001,9,singleton,singleton,36,67,-,-,384,NO,1270,pass,raw fixed-order candidate ledger
CALL,full_j4_fixed,0xA400000000000001,9,singleton,singleton,37,68,-,-,384,NO,1270,pass,raw fixed-order candidate ledger
CALL,full_j4_fixed,0xA400000000000001,9,singleton,singleton,38,69,-,-,384,NO,1270,pass,raw fixed-order candidate ledger
CALL,full_j4_fixed,0xA400000000000001,9,singleton,singleton,39,70,-,-,384,NO,1270,pass,raw fixed-order candidate ledger
CALL,full_j4_fixed,0xA400000000000001,9,singleton,singleton,40,71,-,-,384,NO,1270,pass,raw fixed-order candidate ledger
CALL,full_j4_fixed,0xA400000000000001,9,singleton,singleton,41,72,-,-,384,NO,1270,pass,raw fixed-order candidate ledger
CALL,full_j4_fixed,0xA400000000000001,9,singleton,singleton,42,73,-,-,384,NO,1270,pass,raw fixed-order candidate ledger
CALL,full_j4_fixed,0xA400000000000001,9,singleton,singleton,43,74,-,-,384,NO,1270,pass,raw fixed-order candidate ledger
CALL,full_j4_fixed,0xA400000000000001,9,singleton,singleton,44,75,-,-,384,NO,1270,pass,raw fixed-order candidate ledger
CALL,full_j4_fixed,0xA400000000000001,9,singleton,singleton,45,76,-,-,384,NO,1270,pass,raw fixed-order candidate ledger
CALL,full_j4_fixed,0xA400000000000001,9,singleton,singleton,46,77,-,-,384,NO,1270,pass,raw fixed-order candidate ledger
CALL,full_j4_fixed,0xA400000000000001,9,singleton,singleton,47,78,-,-,384,NO,1270,pass,raw fixed-order candidate ledger
ATTRIBUTION,full_j4_fixed,0xA400000000000001,9,singleton,singleton,3,- ,34,4,384,YES,1270,pass,first exact inside J4 frozen bank order
CALL,full_j4_fixed,0xA400000000000001,9,singleton,none,0,79,-,-,384,NO,1270,pass,raw fixed-order candidate ledger
CALL,full_j4_fixed,0xA400000000000001,9,singleton,none,1,80,-,-,384,NO,1270,pass,raw fixed-order candidate ledger
CALL,full_j4_fixed,0xA400000000000001,9,singleton,none,2,81,-,-,384,NO,1270,pass,raw fixed-order candidate ledger
CALL,full_j4_fixed,0xA400000000000001,9,singleton,none,3,82,-,-,384,NO,1270,pass,raw fixed-order candidate ledger
CALL,full_j4_fixed,0xA400000000000001,9,singleton,none,4,83,-,-,384,NO,1270,pass,raw fixed-order candidate ledger
CALL,full_j4_fixed,0xA400000000000001,9,singleton,directed,0,84,-,-,384,NO,1270,pass,raw fixed-order candidate ledger
CALL,full_j4_fixed,0xA400000000000001,9,singleton,directed,1,85,-,-,384,NO,1270,pass,raw fixed-order candidate ledger
CALL,full_j4_fixed,0xA400000000000001,9,singleton,directed,2,86,-,-,384,NO,1270,pass,raw fixed-order candidate ledger
CALL,full_j4_fixed,0xA400000000000001,9,singleton,directed,3,87,-,-,384,NO,1270,pass,raw fixed-order candidate ledger
CALL,full_j4_fixed,0xA400000000000001,9,singleton,directed,4,88,-,-,384,NO,1270,pass,raw fixed-order candidate ledger
CALL,full_j4_fixed,0xA400000000000001,9,singleton,directed,5,89,-,-,384,NO,1270,pass,raw fixed-order candidate ledger
CALL,full_j4_fixed,0xA400000000000001,9,singleton,directed,6,90,-,-,384,NO,1270,pass,raw fixed-order candidate ledger
CALL,full_j4_fixed,0xA400000000000001,9,singleton,directed,7,91,-,-,384,NO,1270,pass,raw fixed-order candidate ledger
CALL,full_j4_fixed,0xA400000000000001,9,singleton,directed,8,92,-,-,384,NO,1270,pass,raw fixed-order candidate ledger
CALL,full_j4_fixed,0xA400000000000001,9,singleton,directed,9,93,-,-,384,NO,1270,pass,raw fixed-order candidate ledger
CALL,full_j4_fixed,0xA400000000000001,9,singleton,directed,10,94,-,-,384,NO,1270,pass,raw fixed-order candidate ledger
CALL,full_j4_fixed,0xA400000000000001,9,singleton,directed,11,95,-,-,384,NO,1270,pass,raw fixed-order candidate ledger
CALL,full_j4_fixed,0xA400000000000001,9,singleton,directed,12,96,-,-,384,NO,1270,pass,raw fixed-order candidate ledger
CALL,full_j4_fixed,0xA400000000000001,9,singleton,directed,13,97,-,-,384,NO,1270,pass,raw fixed-order candidate ledger
CALL,full_j4_fixed,0xA400000000000001,9,singleton,directed,14,98,-,-,384,NO,1270,pass,raw fixed-order candidate ledger
CALL,full_j4_fixed,0xA400000000000001,9,singleton,directed,15,99,-,-,384,NO,1270,pass,raw fixed-order candidate ledger
CALL,full_j4_fixed,0xA400000000000001,9,singleton,directed,16,100,-,-,384,NO,1270,pass,raw fixed-order candidate ledger
CALL,full_j4_fixed,0xA400000000000001,9,singleton,directed,17,101,-,-,384,NO,1270,pass,raw fixed-order candidate ledger
CALL,full_j4_fixed,0xA400000000000001,9,singleton,directed,18,102,-,-,384,NO,1270,pass,raw fixed-order candidate ledger
CALL,full_j4_fixed,0xA400000000000001,9,singleton,directed,19,103,-,-,384,NO,1270,pass,raw fixed-order candidate ledger
CALL,full_j4_fixed,0xA400000000000001,9,singleton,directed,20,104,-,-,384,NO,1270,pass,raw fixed-order candidate ledger
CALL,full_j4_fixed,0xA400000000000001,9,singleton,directed,21,105,-,-,384,NO,1270,pass,raw fixed-order candidate ledger
CALL,full_j4_fixed,0xA400000000000001,9,singleton,directed,22,106,-,-,384,NO,1270,pass,raw fixed-order candidate ledger
CALL,full_j4_fixed,0xA400000000000001,9,singleton,directed,23,107,-,-,384,NO,1270,pass,raw fixed-order candidate ledger
CALL,full_j4_fixed,0xA400000000000001,9,singleton,directed,24,108,-,-,384,NO,1270,pass,raw fixed-order candidate ledger
CALL,full_j4_fixed,0xA400000000000001,9,singleton,directed,25,109,-,-,384,NO,1270,pass,raw fixed-order candidate ledger
CALL,full_j4_fixed,0xA400000000000001,9,singleton,directed,26,110,-,-,384,NO,1270,pass,raw fixed-order candidate ledger
CALL,full_j4_fixed,0xA400000000000001,9,singleton,directed,27,111,-,-,384,NO,1270,pass,raw fixed-order candidate ledger
CALL,full_j4_fixed,0xA400000000000001,9,singleton,directed,28,112,-,-,384,NO,1270,pass,raw fixed-order candidate ledger
CALL,full_j4_fixed,0xA400000000000001,9,singleton,directed,29,113,-,-,384,NO,1270,pass,raw fixed-order candidate ledger
CALL,full_j4_fixed,0xA400000000000001,9,singleton,directed,30,114,-,-,384,NO,1270,pass,raw fixed-order candidate ledger
CALL,full_j4_fixed,0xA400000000000001,9,singleton,directed,31,115,-,-,384,NO,1270,pass,raw fixed-order candidate ledger
CALL,full_j4_fixed,0xA400000000000001,9,singleton,directed,32,116,-,-,384,NO,1270,pass,raw fixed-order candidate ledger
CALL,full_j4_fixed,0xA400000000000001,9,singleton,directed,33,117,-,-,384,NO,1270,pass,raw fixed-order candidate ledger
CALL,full_j4_fixed,0xA400000000000001,9,singleton,directed,34,118,-,-,384,NO,1270,pass,raw fixed-order candidate ledger
CALL,full_j4_fixed,0xA400000000000001,9,singleton,directed,35,119,-,-,384,YES,1270,pass,raw fixed-order candidate ledger
CALL,full_j4_fixed,0xA400000000000001,9,singleton,directed,36,120,-,-,384,NO,1270,pass,raw fixed-order candidate ledger
CALL,full_j4_fixed,0xA400000000000001,9,singleton,directed,37,121,-,-,384,NO,1270,pass,raw fixed-order candidate ledger
CALL,full_j4_fixed,0xA400000000000001,9,singleton,directed,38,122,-,-,384,NO,1270,pass,raw fixed-order candidate ledger
CALL,full_j4_fixed,0xA400000000000001,9,singleton,directed,39,123,-,-,384,NO,1270,pass,raw fixed-order candidate ledger
CALL,full_j4_fixed,0xA400000000000001,9,singleton,directed,40,124,-,-,384,NO,1270,pass,raw fixed-order candidate ledger
CALL,full_j4_fixed,0xA400000000000001,9,singleton,directed,41,125,-,-,384,NO,1270,pass,raw fixed-order candidate ledger
CALL,full_j4_fixed,0xA400000000000001,9,singleton,directed,42,126,-,-,384,NO,1270,pass,raw fixed-order candidate ledger
CALL,full_j4_fixed,0xA400000000000001,9,singleton,directed,43,127,-,-,384,NO,1270,pass,raw fixed-order candidate ledger
CALL,full_j4_fixed,0xA400000000000001,9,singleton,directed,44,128,-,-,384,NO,1270,pass,raw fixed-order candidate ledger
CALL,full_j4_fixed,0xA400000000000001,9,singleton,directed,45,129,-,-,384,NO,1270,pass,raw fixed-order candidate ledger
CALL,full_j4_fixed,0xA400000000000001,9,singleton,directed,46,130,-,-,384,NO,1270,pass,raw fixed-order candidate ledger
CALL,full_j4_fixed,0xA400000000000001,9,singleton,directed,47,131,-,-,384,NO,1270,pass,raw fixed-order candidate ledger
CALL,full_j4_fixed,0xA400000000000001,9,singleton,directed,48,132,-,-,384,NO,1270,pass,raw fixed-order candidate ledger
CALL,full_j4_fixed,0xA400000000000001,9,singleton,directed,49,133,-,-,384,NO,1270,pass,raw fixed-order candidate ledger
CALL,full_j4_fixed,0xA400000000000001,9,singleton,directed,50,134,-,-,384,NO,1270,pass,raw fixed-order candidate ledger
CALL,full_j4_fixed,0xA400000000000001,9,singleton,directed,51,135,-,-,384,NO,1270,pass,raw fixed-order candidate ledger
CALL,full_j4_fixed,0xA400000000000001,9,singleton,directed,52,136,-,-,384,NO,1270,pass,raw fixed-order candidate ledger
CALL,full_j4_fixed,0xA400000000000001,9,singleton,directed,53,137,-,-,384,NO,1270,pass,raw fixed-order candidate ledger
CALL,full_j4_fixed,0xA400000000000001,9,singleton,directed,54,138,-,-,384,NO,1270,pass,raw fixed-order candidate ledger
CALL,full_j4_fixed,0xA400000000000001,9,singleton,directed,55,139,-,-,384,NO,1270,pass,raw fixed-order candidate ledger
CALL,full_j4_fixed,0xA400000000000001,9,singleton,directed,56,140,-,-,384,NO,1270,pass,raw fixed-order candidate ledger
CALL,full_j4_fixed,0xA400000000000001,9,singleton,directed,57,141,-,-,384,NO,1270,pass,raw fixed-order candidate ledger
CALL,full_j4_fixed,0xA400000000000001,9,singleton,directed,58,142,-,-,384,NO,1270,pass,raw fixed-order candidate ledger
CALL,full_j4_fixed,0xA400000000000001,9,singleton,directed,59,143,-,-,384,NO,1270,pass,raw fixed-order candidate ledger
CALL,full_j4_fixed,0xA400000000000001,9,singleton,directed,60,144,-,-,384,NO,1270,pass,raw fixed-order candidate ledger
CALL,full_j4_fixed,0xA400000000000001,9,singleton,directed,61,145,-,-,384,NO,1270,pass,raw fixed-order candidate ledger
CALL,full_j4_fixed,0xA400000000000001,9,singleton,directed,62,146,-,-,384,NO,1270,pass,raw fixed-order candidate ledger
CALL,full_j4_fixed,0xA400000000000001,9,singleton,directed,63,147,-,-,384,NO,1270,pass,raw fixed-order candidate ledger
CALL,full_j4_fixed,0xA400000000000001,9,singleton,directed,64,148,-,-,384,NO,1270,pass,raw fixed-order candidate ledger
CALL,full_j4_fixed,0xA400000000000001,9,singleton,directed,65,149,-,-,384,NO,1270,pass,raw fixed-order candidate ledger
CALL,full_j4_fixed,0xA400000000000001,9,singleton,directed,66,150,-,-,384,NO,1270,pass,raw fixed-order candidate ledger
CALL,full_j4_fixed,0xA400000000000001,9,singleton,directed,67,151,-,-,384,NO,1270,pass,raw fixed-order candidate ledger
CALL,full_j4_fixed,0xA400000000000001,9,singleton,directed,68,152,-,-,384,NO,1270,pass,raw fixed-order candidate ledger
CALL,full_j4_fixed,0xA400000000000001,9,singleton,directed,69,153,-,-,384,NO,1270,pass,raw fixed-order candidate ledger
CALL,full_j4_fixed,0xA400000000000001,9,singleton,directed,70,154,-,-,384,NO,1270,pass,raw fixed-order candidate ledger
CALL,full_j4_fixed,0xA400000000000001,9,singleton,directed,71,155,-,-,384,NO,1270,pass,raw fixed-order candidate ledger
CALL,full_j4_fixed,0xA400000000000001,9,singleton,directed,72,156,-,-,384,NO,1270,pass,raw fixed-order candidate ledger
CALL,full_j4_fixed,0xA400000000000001,9,singleton,directed,73,157,-,-,384,NO,1270,pass,raw fixed-order candidate ledger
CALL,full_j4_fixed,0xA400000000000001,9,singleton,directed,74,158,-,-,384,NO,1270,pass,raw fixed-order candidate ledger
CALL,full_j4_fixed,0xA400000000000001,9,singleton,directed,75,159,-,-,384,NO,1270,pass,raw fixed-order candidate ledger
CALL,full_j4_fixed,0xA400000000000001,9,singleton,directed,76,160,-,-,384,NO,1270,pass,raw fixed-order candidate ledger
CALL,full_j4_fixed,0xA400000000000001,9,singleton,directed,77,161,-,-,384,NO,1270,pass,raw fixed-order candidate ledger
CALL,full_j4_fixed,0xA400000000000001,9,singleton,directed,78,162,-,-,384,NO,1270,pass,raw fixed-order candidate ledger
CALL,full_j4_fixed,0xA400000000000001,9,singleton,directed,79,163,-,-,384,NO,1270,pass,raw fixed-order candidate ledger
CALL,full_j4_fixed,0xA400000000000001,9,singleton,directed,80,164,-,-,384,NO,1270,pass,raw fixed-order candidate ledger
CALL,full_j4_fixed,0xA400000000000001,9,singleton,directed,81,165,-,-,384,NO,1270,pass,raw fixed-order candidate ledger
CALL,full_j4_fixed,0xA400000000000001,9,singleton,directed,82,166,-,-,384,NO,1270,pass,raw fixed-order candidate ledger
CALL,full_j4_fixed,0xA400000000000001,9,singleton,directed,83,167,-,-,384,NO,1270,pass,raw fixed-order candidate ledger
CALL,full_j4_fixed,0xA400000000000001,9,singleton,directed,84,168,-,-,384,NO,1270,pass,raw fixed-order candidate ledger
CALL,full_j4_fixed,0xA400000000000001,9,singleton,directed,85,169,-,-,384,NO,1270,pass,raw fixed-order candidate ledger
CALL,full_j4_fixed,0xA400000000000001,9,singleton,directed,86,170,-,-,384,NO,1270,pass,raw fixed-order candidate ledger
CALL,full_j4_fixed,0xA400000000000001,9,singleton,directed,87,171,-,-,384,NO,1270,pass,raw fixed-order candidate ledger
CALL,full_j4_fixed,0xA400000000000001,9,singleton,directed,88,172,-,-,384,NO,1270,pass,raw fixed-order candidate ledger
CALL,full_j4_fixed,0xA400000000000001,9,singleton,directed,89,173,-,-,384,NO,1270,pass,raw fixed-order candidate ledger
CALL,full_j4_fixed,0xA400000000000001,9,singleton,directed,90,174,-,-,384,NO,1270,pass,raw fixed-order candidate ledger
CALL,full_j4_fixed,0xA400000000000001,9,singleton,directed,91,175,-,-,384,NO,1270,pass,raw fixed-order candidate ledger
CALL,full_j4_fixed,0xA400000000000001,9,singleton,directed,92,176,-,-,384,NO,1270,pass,raw fixed-order candidate ledger
CALL,full_j4_fixed,0xA400000000000001,9,singleton,directed,93,177,-,-,384,NO,1270,pass,raw fixed-order candidate ledger
CALL,full_j4_fixed,0xA400000000000001,9,singleton,directed,94,178,-,-,384,NO,1270,pass,raw fixed-order candidate ledger
CALL,full_j4_fixed,0xA400000000000001,9,singleton,directed,95,179,-,-,384,NO,1270,pass,raw fixed-order candidate ledger
CALL,full_j4_fixed,0xA400000000000001,9,singleton,directed,96,180,-,-,384,NO,1270,pass,raw fixed-order candidate ledger
CALL,full_j4_fixed,0xA400000000000001,9,singleton,directed,97,181,-,-,384,NO,1270,pass,raw fixed-order candidate ledger
CALL,full_j4_fixed,0xA400000000000001,9,singleton,directed,98,182,-,-,384,NO,1270,pass,raw fixed-order candidate ledger
CALL,full_j4_fixed,0xA400000000000001,9,singleton,directed,99,183,-,-,384,NO,1270,pass,raw fixed-order candidate ledger
CALL,full_j4_fixed,0xA400000000000001,9,singleton,directed,100,184,-,-,384,NO,1270,pass,raw fixed-order candidate ledger
CALL,full_j4_fixed,0xA400000000000001,9,singleton,directed,101,185,-,-,384,NO,1270,pass,raw fixed-order candidate ledger
CALL,full_j4_fixed,0xA400000000000001,9,singleton,directed,102,186,-,-,384,NO,1270,pass,raw fixed-order candidate ledger
CALL,full_j4_fixed,0xA400000000000001,9,singleton,directed,103,187,-,-,384,NO,1270,pass,raw fixed-order candidate ledger
CALL,full_j4_fixed,0xA400000000000001,9,singleton,directed,104,188,-,-,384,NO,1270,pass,raw fixed-order candidate ledger
CALL,full_j4_fixed,0xA400000000000001,9,singleton,directed,105,189,-,-,384,NO,1270,pass,raw fixed-order candidate ledger
CALL,full_j4_fixed,0xA400000000000001,9,singleton,directed,106,190,-,-,384,NO,1270,pass,raw fixed-order candidate ledger
CALL,full_j4_fixed,0xA400000000000001,9,singleton,directed,107,191,-,-,384,NO,1270,pass,raw fixed-order candidate ledger
CALL,full_j4_fixed,0xA400000000000001,9,singleton,directed,108,192,-,-,384,NO,1270,pass,raw fixed-order candidate ledger
CALL,full_j4_fixed,0xA400000000000001,9,singleton,directed,109,193,-,-,384,NO,1270,pass,raw fixed-order candidate ledger
CALL,full_j4_fixed,0xA400000000000001,9,singleton,directed,110,194,-,-,384,NO,1270,pass,raw fixed-order candidate ledger
CALL,full_j4_fixed,0xA400000000000001,9,singleton,directed,111,195,-,-,384,NO,1270,pass,raw fixed-order candidate ledger
CALL,full_j4_fixed,0xA400000000000001,9,singleton,directed,112,196,-,-,384,NO,1270,pass,raw fixed-order candidate ledger
CALL,full_j4_fixed,0xA400000000000001,9,singleton,directed,113,197,-,-,384,NO,1270,pass,raw fixed-order candidate ledger
CALL,full_j4_fixed,0xA400000000000001,9,singleton,directed,114,198,-,-,384,NO,1270,pass,raw fixed-order candidate ledger
CALL,full_j4_fixed,0xA400000000000001,9,singleton,directed,115,199,-,-,384,NO,1270,pass,raw fixed-order candidate ledger
CALL,full_j4_fixed,0xA400000000000001,9,singleton,directed,116,200,-,-,384,NO,1270,pass,raw fixed-order candidate ledger
CALL,full_j4_fixed,0xA400000000000001,9,singleton,directed,117,201,-,-,384,NO,1270,pass,raw fixed-order candidate ledger
CALL,full_j4_fixed,0xA400000000000001,9,singleton,directed,118,202,-,-,384,NO,1270,pass,raw fixed-order candidate ledger
CALL,full_j4_fixed,0xA400000000000001,9,singleton,directed,119,203,-,-,384,NO,1270,pass,raw fixed-order candidate ledger
CALL,full_j4_fixed,0xA400000000000001,9,singleton,directed,120,204,-,-,384,NO,1270,pass,raw fixed-order candidate ledger
CALL,full_j4_fixed,0xA400000000000001,9,singleton,directed,121,205,-,-,384,NO,1270,pass,raw fixed-order candidate ledger
CALL,full_j4_fixed,0xA400000000000001,9,singleton,directed,122,206,-,-,384,NO,1270,pass,raw fixed-order candidate ledger
CALL,full_j4_fixed,0xA400000000000001,9,singleton,directed,123,207,-,-,384,NO,1270,pass,raw fixed-order candidate ledger
CALL,full_j4_fixed,0xA400000000000001,9,singleton,directed,124,208,-,-,384,NO,1270,pass,raw fixed-order candidate ledger
CALL,full_j4_fixed,0xA400000000000001,9,singleton,directed,125,209,-,-,384,NO,1270,pass,raw fixed-order candidate ledger
CALL,full_j4_fixed,0xA400000000000001,9,singleton,directed,126,210,-,-,384,NO,1270,pass,raw fixed-order candidate ledger
CALL,full_j4_fixed,0xA400000000000001,9,singleton,directed,127,211,-,-,384,NO,1270,pass,raw fixed-order candidate ledger
CALL,full_j4_fixed,0xA400000000000001,9,singleton,directed,128,212,-,-,384,NO,1270,pass,raw fixed-order candidate ledger
CALL,full_j4_fixed,0xA400000000000001,9,singleton,directed,129,213,-,-,384,NO,1270,pass,raw fixed-order candidate ledger
CALL,full_j4_fixed,0xA400000000000001,9,singleton,directed,130,214,-,-,384,NO,1270,pass,raw fixed-order candidate ledger
CALL,full_j4_fixed,0xA400000000000001,9,singleton,directed,131,215,-,-,384,NO,1270,pass,raw fixed-order candidate ledger
CALL,full_j4_fixed,0xA400000000000001,9,singleton,directed,132,216,-,-,384,NO,1270,pass,raw fixed-order candidate ledger
CALL,full_j4_fixed,0xA400000000000001,9,singleton,directed,133,217,-,-,384,NO,1270,pass,raw fixed-order candidate ledger
CALL,full_j4_fixed,0xA400000000000001,9,singleton,directed,134,218,-,-,384,NO,1270,pass,raw fixed-order candidate ledger
CALL,full_j4_fixed,0xA400000000000001,9,singleton,directed,135,219,-,-,384,NO,1270,pass,raw fixed-order candidate ledger
CALL,full_j4_fixed,0xA400000000000001,9,singleton,directed,136,220,-,-,384,NO,1270,pass,raw fixed-order candidate ledger
CALL,full_j4_fixed,0xA400000000000001,9,singleton,directed,137,221,-,-,384,NO,1270,pass,raw fixed-order candidate ledger
CALL,full_j4_fixed,0xA400000000000001,9,singleton,directed,138,222,-,-,384,NO,1270,pass,raw fixed-order candidate ledger
CALL,full_j4_fixed,0xA400000000000001,9,singleton,directed,139,223,-,-,384,NO,1270,pass,raw fixed-order candidate ledger
CALL,full_j4_fixed,0xA400000000000001,9,singleton,directed,140,224,-,-,384,NO,1270,pass,raw fixed-order candidate ledger
CALL,full_j4_fixed,0xA400000000000001,9,singleton,directed,141,225,-,-,384,NO,1270,pass,raw fixed-order candidate ledger
CALL,full_j4_fixed,0xA400000000000001,9,singleton,directed,142,226,-,-,384,NO,1270,pass,raw fixed-order candidate ledger
CALL,full_j4_fixed,0xA400000000000001,9,singleton,directed,143,227,-,-,384,NO,1270,pass,raw fixed-order candidate ledger
CALL,full_j4_fixed,0xA400000000000001,9,singleton,directed,144,228,-,-,384,NO,1270,pass,raw fixed-order candidate ledger
CALL,full_j4_fixed,0xA400000000000001,9,singleton,directed,145,229,-,-,384,NO,1270,pass,raw fixed-order candidate ledger
CALL,full_j4_fixed,0xA400000000000001,9,singleton,directed,146,230,-,-,384,NO,1270,pass,raw fixed-order candidate ledger
CALL,full_j4_fixed,0xA400000000000001,9,singleton,directed,147,231,-,-,384,NO,1270,pass,raw fixed-order candidate ledger
CALL,full_j4_fixed,0xA400000000000001,9,singleton,directed,148,232,-,-,384,NO,1270,pass,raw fixed-order candidate ledger
CALL,full_j4_fixed,0xA400000000000001,9,singleton,directed,149,233,-,-,384,NO,1270,pass,raw fixed-order candidate ledger
CALL,full_j4_fixed,0xA400000000000001,9,singleton,directed,150,234,-,-,384,NO,1270,pass,raw fixed-order candidate ledger
CALL,full_j4_fixed,0xA400000000000001,9,singleton,directed,151,235,-,-,384,NO,1270,pass,raw fixed-order candidate ledger
CALL,full_j4_fixed,0xA400000000000001,9,singleton,directed,152,236,-,-,384,NO,1270,pass,raw fixed-order candidate ledger
CALL,full_j4_fixed,0xA400000000000001,9,singleton,directed,153,237,-,-,384,NO,1270,pass,raw fixed-order candidate ledger
CALL,full_j4_fixed,0xA400000000000001,9,singleton,directed,154,238,-,-,384,NO,1270,pass,raw fixed-order candidate ledger
CALL,full_j4_fixed,0xA400000000000001,9,singleton,directed,155,239,-,-,384,NO,1270,pass,raw fixed-order candidate ledger
CALL,full_j4_fixed,0xA400000000000001,9,singleton,directed,156,240,-,-,384,NO,1270,pass,raw fixed-order candidate ledger
CALL,full_j4_fixed,0xA400000000000001,9,singleton,directed,157,241,-,-,384,NO,1270,pass,raw fixed-order candidate ledger
CALL,full_j4_fixed,0xA400000000000001,9,singleton,directed,158,242,-,-,384,NO,1270,pass,raw fixed-order candidate ledger
CALL,full_j4_fixed,0xA400000000000001,9,singleton,directed,159,243,-,-,384,NO,1270,pass,raw fixed-order candidate ledger
CALL,full_j4_fixed,0xA400000000000001,9,singleton,directed,160,244,-,-,384,NO,1270,pass,raw fixed-order candidate ledger
CALL,full_j4_fixed,0xA400000000000001,9,singleton,directed,161,245,-,-,384,NO,1270,pass,raw fixed-order candidate ledger
CALL,full_j4_fixed,0xA400000000000001,9,singleton,directed,162,246,-,-,384,NO,1270,pass,raw fixed-order candidate ledger
CALL,full_j4_fixed,0xA400000000000001,9,singleton,directed,163,247,-,-,384,NO,1270,pass,raw fixed-order candidate ledger
CALL,full_j4_fixed,0xA400000000000001,9,singleton,directed,164,248,-,-,384,NO,1270,pass,raw fixed-order candidate ledger
CALL,full_j4_fixed,0xA400000000000001,9,singleton,directed,165,249,-,-,384,NO,1270,pass,raw fixed-order candidate ledger
CALL,full_j4_fixed,0xA400000000000001,9,singleton,directed,166,250,-,-,384,NO,1270,pass,raw fixed-order candidate ledger
CALL,full_j4_fixed,0xA400000000000001,9,singleton,directed,167,251,-,-,384,NO,1270,pass,raw fixed-order candidate ledger
CALL,full_j4_fixed,0xA400000000000001,9,singleton,directed,168,252,-,-,384,NO,1270,pass,raw fixed-order candidate ledger
CALL,full_j4_fixed,0xA400000000000001,9,singleton,directed,169,253,-,-,384,NO,1270,pass,raw fixed-order candidate ledger
CALL,full_j4_fixed,0xA400000000000001,9,singleton,directed,170,254,-,-,384,NO,1270,pass,raw fixed-order candidate ledger
CALL,full_j4_fixed,0xA400000000000001,9,singleton,directed,171,255,-,-,384,NO,1270,pass,raw fixed-order candidate ledger
CALL,full_j4_fixed,0xA400000000000001,9,singleton,directed,172,256,-,-,384,NO,1270,pass,raw fixed-order candidate ledger
CALL,full_j4_fixed,0xA400000000000001,9,singleton,directed,173,257,-,-,384,NO,1270,pass,raw fixed-order candidate ledger
CALL,full_j4_fixed,0xA400000000000001,9,singleton,directed,174,258,-,-,384,NO,1270,pass,raw fixed-order candidate ledger
CALL,full_j4_fixed,0xA400000000000001,9,singleton,directed,175,259,-,-,384,NO,1270,pass,raw fixed-order candidate ledger
CALL,full_j4_fixed,0xA400000000000001,9,singleton,directed,176,260,-,-,384,NO,1270,pass,raw fixed-order candidate ledger
CALL,full_j4_fixed,0xA400000000000001,9,singleton,directed,177,261,-,-,384,NO,1270,pass,raw fixed-order candidate ledger
CALL,full_j4_fixed,0xA400000000000001,9,singleton,directed,178,262,-,-,384,NO,1270,pass,raw fixed-order candidate ledger
CALL,full_j4_fixed,0xA400000000000001,9,singleton,directed,179,263,-,-,384,NO,1270,pass,raw fixed-order candidate ledger
CALL,full_j4_fixed,0xA400000000000001,9,singleton,directed,180,264,-,-,384,NO,1270,pass,raw fixed-order candidate ledger
CALL,full_j4_fixed,0xA400000000000001,9,singleton,directed,181,265,-,-,384,NO,1270,pass,raw fixed-order candidate ledger
CALL,full_j4_fixed,0xA400000000000001,9,singleton,directed,182,266,-,-,384,NO,1270,pass,raw fixed-order candidate ledger
CALL,full_j4_fixed,0xA400000000000001,9,singleton,directed,183,267,-,-,384,NO,1270,pass,raw fixed-order candidate ledger
CALL,full_j4_fixed,0xA400000000000001,9,singleton,directed,184,268,-,-,384,NO,1270,pass,raw fixed-order candidate ledger
CALL,full_j4_fixed,0xA400000000000001,9,singleton,directed,185,269,-,-,384,NO,1270,pass,raw fixed-order candidate ledger
CALL,full_j4_fixed,0xA400000000000001,9,singleton,directed,186,270,-,-,384,NO,1270,pass,raw fixed-order candidate ledger
CALL,full_j4_fixed,0xA400000000000001,9,singleton,directed,187,271,-,-,384,NO,1270,pass,raw fixed-order candidate ledger
CALL,full_j4_fixed,0xA400000000000001,9,singleton,directed,188,272,-,-,384,NO,1270,pass,raw fixed-order candidate ledger
CALL,full_j4_fixed,0xA400000000000001,9,singleton,directed,189,273,-,-,384,NO,1270,pass,raw fixed-order candidate ledger
CALL,full_j4_fixed,0xA400000000000001,9,singleton,directed,190,274,-,-,384,NO,1270,pass,raw fixed-order candidate ledger
CALL,full_j4_fixed,0xA400000000000001,9,singleton,directed,191,275,-,-,384,NO,1270,pass,raw fixed-order candidate ledger
CALL,full_j4_fixed,0xA400000000000001,9,singleton,directed,192,276,-,-,384,NO,1270,pass,raw fixed-order candidate ledger
CALL,full_j4_fixed,0xA400000000000001,9,singleton,directed,193,277,-,-,384,NO,1270,pass,raw fixed-order candidate ledger
CALL,full_j4_fixed,0xA400000000000001,9,singleton,directed,194,278,-,-,384,NO,1270,pass,raw fixed-order candidate ledger
CALL,full_j4_fixed,0xA400000000000001,9,singleton,directed,195,279,-,-,384,NO,1270,pass,raw fixed-order candidate ledger
CALL,full_j4_fixed,0xA400000000000001,9,singleton,directed,196,280,-,-,384,NO,1270,pass,raw fixed-order candidate ledger
CALL,full_j4_fixed,0xA400000000000001,9,singleton,directed,197,281,-,-,384,NO,1270,pass,raw fixed-order candidate ledger
CALL,full_j4_fixed,0xA400000000000001,9,singleton,directed,198,282,-,-,384,NO,1270,pass,raw fixed-order candidate ledger
CALL,full_j4_fixed,0xA400000000000001,9,singleton,directed,199,283,-,-,384,NO,1270,pass,raw fixed-order candidate ledger
CALL,full_j4_fixed,0xA400000000000001,9,singleton,directed,200,284,-,-,384,NO,1270,pass,raw fixed-order candidate ledger
CALL,full_j4_fixed,0xA400000000000001,9,singleton,directed,201,285,-,-,384,NO,1270,pass,raw fixed-order candidate ledger
CALL,full_j4_fixed,0xA400000000000001,9,singleton,directed,202,286,-,-,384,NO,1270,pass,raw fixed-order candidate ledger
CALL,full_j4_fixed,0xA400000000000001,9,singleton,directed,203,287,-,-,384,NO,1270,pass,raw fixed-order candidate ledger
CALL,full_j4_fixed,0xA400000000000001,9,singleton,directed,204,288,-,-,384,NO,1270,pass,raw fixed-order candidate ledger
CALL,full_j4_fixed,0xA400000000000001,9,singleton,directed,205,289,-,-,384,NO,1270,pass,raw fixed-order candidate ledger
CALL,full_j4_fixed,0xA400000000000001,9,singleton,directed,206,290,-,-,384,NO,1270,pass,raw fixed-order candidate ledger
CALL,full_j4_fixed,0xA400000000000001,9,singleton,directed,207,291,-,-,384,NO,1270,pass,raw fixed-order candidate ledger
CALL,full_j4_fixed,0xA400000000000001,9,singleton,directed,208,292,-,-,384,NO,1270,pass,raw fixed-order candidate ledger
CALL,full_j4_fixed,0xA400000000000001,9,singleton,directed,209,293,-,-,384,NO,1270,pass,raw fixed-order candidate ledger
CALL,full_j4_fixed,0xA400000000000001,9,singleton,directed,210,294,-,-,384,NO,1270,pass,raw fixed-order candidate ledger
CALL,full_j4_fixed,0xA400000000000001,9,singleton,directed,211,295,-,-,384,NO,1270,pass,raw fixed-order candidate ledger
CALL,full_j4_fixed,0xA400000000000001,9,singleton,directed,212,296,-,-,384,NO,1270,pass,raw fixed-order candidate ledger
CALL,full_j4_fixed,0xA400000000000001,9,singleton,directed,213,297,-,-,384,NO,1270,pass,raw fixed-order candidate ledger
CALL,full_j4_fixed,0xA400000000000001,9,singleton,directed,214,298,-,-,384,NO,1270,pass,raw fixed-order candidate ledger
CALL,full_j4_fixed,0xA400000000000001,9,singleton,directed,215,299,-,-,384,NO,1270,pass,raw fixed-order candidate ledger
CALL,full_j4_fixed,0xA400000000000001,9,singleton,directed,216,300,-,-,384,NO,1270,pass,raw fixed-order candidate ledger
CALL,full_j4_fixed,0xA400000000000001,9,singleton,directed,217,301,-,-,384,NO,1270,pass,raw fixed-order candidate ledger
CALL,full_j4_fixed,0xA400000000000001,9,singleton,directed,218,302,-,-,384,NO,1270,pass,raw fixed-order candidate ledger
CALL,full_j4_fixed,0xA400000000000001,9,singleton,directed,219,303,-,-,384,NO,1270,pass,raw fixed-order candidate ledger
CALL,full_j4_fixed,0xA400000000000001,9,singleton,directed,220,304,-,-,384,NO,1270,pass,raw fixed-order candidate ledger
CALL,full_j4_fixed,0xA400000000000001,9,singleton,directed,221,305,-,-,384,NO,1270,pass,raw fixed-order candidate ledger
CALL,full_j4_fixed,0xA400000000000001,9,singleton,directed,222,306,-,-,384,NO,1270,pass,raw fixed-order candidate ledger
CALL,full_j4_fixed,0xA400000000000001,9,singleton,directed,223,307,-,-,384,NO,1270,pass,raw fixed-order candidate ledger
CALL,full_j4_fixed,0xA400000000000001,9,singleton,directed,224,308,-,-,384,NO,1270,pass,raw fixed-order candidate ledger
CALL,full_j4_fixed,0xA400000000000001,9,singleton,directed,225,309,-,-,384,NO,1270,pass,raw fixed-order candidate ledger
CALL,full_j4_fixed,0xA400000000000001,9,singleton,directed,226,310,-,-,384,NO,1270,pass,raw fixed-order candidate ledger
CALL,full_j4_fixed,0xA400000000000001,9,singleton,directed,227,311,-,-,384,NO,1270,pass,raw fixed-order candidate ledger
CALL,full_j4_fixed,0xA400000000000001,9,singleton,directed,228,312,-,-,384,NO,1270,pass,raw fixed-order candidate ledger
CALL,full_j4_fixed,0xA400000000000001,9,singleton,directed,229,313,-,-,384,NO,1270,pass,raw fixed-order candidate ledger
CALL,full_j4_fixed,0xA400000000000001,9,singleton,directed,230,314,-,-,384,NO,1270,pass,raw fixed-order candidate ledger
CALL,full_j4_fixed,0xA400000000000001,9,singleton,directed,231,315,-,-,384,NO,1270,pass,raw fixed-order candidate ledger
CALL,full_j4_fixed,0xA400000000000001,9,singleton,directed,232,316,-,-,384,NO,1270,pass,raw fixed-order candidate ledger
CALL,full_j4_fixed,0xA400000000000001,9,singleton,directed,233,317,-,-,384,NO,1270,pass,raw fixed-order candidate ledger
CALL,full_j4_fixed,0xA400000000000001,9,singleton,directed,234,318,-,-,384,NO,1270,pass,raw fixed-order candidate ledger
CALL,full_j4_fixed,0xA400000000000001,9,singleton,directed,235,319,-,-,384,NO,1270,pass,raw fixed-order candidate ledger
CALL,full_j4_fixed,0xA400000000000001,9,singleton,directed,236,320,-,-,384,NO,1270,pass,raw fixed-order candidate ledger
CALL,full_j4_fixed,0xA400000000000001,9,singleton,directed,237,321,-,-,384,NO,1270,pass,raw fixed-order candidate ledger
CALL,full_j4_fixed,0xA400000000000001,9,singleton,directed,238,322,-,-,384,NO,1270,pass,raw fixed-order candidate ledger
CALL,full_j4_fixed,0xA400000000000001,9,singleton,directed,239,323,-,-,384,NO,1270,pass,raw fixed-order candidate ledger
CALL,full_j4_fixed,0xA400000000000001,9,singleton,directed,240,324,-,-,384,NO,1270,pass,raw fixed-order candidate ledger
CALL,full_j4_fixed,0xA400000000000001,9,singleton,directed,241,325,-,-,384,NO,1270,pass,raw fixed-order candidate ledger
CALL,full_j4_fixed,0xA400000000000001,9,singleton,directed,242,326,-,-,384,NO,1270,pass,raw fixed-order candidate ledger
CALL,full_j4_fixed,0xA400000000000001,9,singleton,directed,243,327,-,-,384,NO,1270,pass,raw fixed-order candidate ledger
CALL,full_j4_fixed,0xA400000000000001,9,singleton,directed,244,328,-,-,384,NO,1270,pass,raw fixed-order candidate ledger
CALL,full_j4_fixed,0xA400000000000001,9,singleton,directed,245,329,-,-,384,NO,1270,pass,raw fixed-order candidate ledger
CALL,full_j4_fixed,0xA400000000000001,9,singleton,directed,246,330,-,-,384,NO,1270,pass,raw fixed-order candidate ledger
CALL,full_j4_fixed,0xA400000000000001,9,singleton,directed,247,331,-,-,384,NO,1270,pass,raw fixed-order candidate ledger
CALL,full_j4_fixed,0xA400000000000001,9,singleton,directed,248,332,-,-,384,NO,1270,pass,raw fixed-order candidate ledger
CALL,full_j4_fixed,0xA400000000000001,9,singleton,directed,249,333,-,-,384,NO,1270,pass,raw fixed-order candidate ledger
CALL,full_j4_fixed,0xA400000000000001,9,singleton,directed,250,334,-,-,384,NO,1270,pass,raw fixed-order candidate ledger
CALL,full_j4_fixed,0xA400000000000001,9,singleton,directed,251,335,-,-,384,NO,1270,pass,raw fixed-order candidate ledger
CALL,full_j4_fixed,0xA400000000000001,9,singleton,directed,252,336,-,-,384,NO,1270,pass,raw fixed-order candidate ledger
CALL,full_j4_fixed,0xA400000000000001,9,singleton,directed,253,337,-,-,384,NO,1270,pass,raw fixed-order candidate ledger
CALL,full_j4_fixed,0xA400000000000001,9,singleton,directed,254,338,-,-,384,NO,1270,pass,raw fixed-order candidate ledger
CALL,full_j4_fixed,0xA400000000000001,9,singleton,directed,255,339,-,-,384,NO,1270,pass,raw fixed-order candidate ledger
CALL,full_j4_fixed,0xA400000000000001,9,singleton,directed,256,340,-,-,384,NO,1270,pass,raw fixed-order candidate ledger
CALL,full_j4_fixed,0xA400000000000001,9,singleton,directed,257,341,-,-,384,NO,1270,pass,raw fixed-order candidate ledger
CALL,full_j4_fixed,0xA400000000000001,9,singleton,directed,258,342,-,-,384,NO,1270,pass,raw fixed-order candidate ledger
CALL,full_j4_fixed,0xA400000000000001,9,singleton,directed,259,343,-,-,384,NO,1270,pass,raw fixed-order candidate ledger
CALL,full_j4_fixed,0xA400000000000001,9,singleton,directed,260,344,-,-,384,NO,1270,pass,raw fixed-order candidate ledger
CALL,full_j4_fixed,0xA400000000000001,9,singleton,directed,261,345,-,-,384,NO,1270,pass,raw fixed-order candidate ledger
CALL,full_j4_fixed,0xA400000000000001,9,singleton,directed,262,346,-,-,384,NO,1270,pass,raw fixed-order candidate ledger
CALL,full_j4_fixed,0xA400000000000001,9,singleton,directed,263,347,-,-,384,NO,1270,pass,raw fixed-order candidate ledger
CALL,full_j4_fixed,0xA400000000000001,9,singleton,directed,264,348,-,-,384,NO,1270,pass,raw fixed-order candidate ledger
CALL,full_j4_fixed,0xA400000000000001,9,singleton,directed,265,349,-,-,384,NO,1270,pass,raw fixed-order candidate ledger
CALL,full_j4_fixed,0xA400000000000001,9,singleton,directed,266,350,-,-,384,NO,1270,pass,raw fixed-order candidate ledger
CALL,full_j4_fixed,0xA400000000000001,9,singleton,directed,267,351,-,-,384,NO,1270,pass,raw fixed-order candidate ledger
CALL,full_j4_fixed,0xA400000000000001,9,singleton,directed,268,352,-,-,384,NO,1270,pass,raw fixed-order candidate ledger
CALL,full_j4_fixed,0xA400000000000001,9,singleton,directed,269,353,-,-,384,NO,1270,pass,raw fixed-order candidate ledger
CALL,full_j4_fixed,0xA400000000000001,9,singleton,directed,270,354,-,-,384,NO,1270,pass,raw fixed-order candidate ledger
CALL,full_j4_fixed,0xA400000000000001,9,singleton,directed,271,355,-,-,384,NO,1270,pass,raw fixed-order candidate ledger
CALL,full_j4_fixed,0xA400000000000001,9,singleton,directed,272,356,-,-,384,NO,1270,pass,raw fixed-order candidate ledger
CALL,full_j4_fixed,0xA400000000000001,9,singleton,directed,273,357,-,-,384,NO,1270,pass,raw fixed-order candidate ledger
CALL,full_j4_fixed,0xA400000000000001,9,singleton,directed,274,358,-,-,384,NO,1270,pass,raw fixed-order candidate ledger
CALL,full_j4_fixed,0xA400000000000001,9,singleton,directed,275,359,-,-,384,NO,1270,pass,raw fixed-order candidate ledger
CALL,full_j4_fixed,0xA400000000000001,9,singleton,directed,276,360,-,-,384,NO,1270,pass,raw fixed-order candidate ledger
CALL,full_j4_fixed,0xA400000000000001,9,singleton,directed,277,361,-,-,384,NO,1270,pass,raw fixed-order candidate ledger
CALL,full_j4_fixed,0xA400000000000001,9,singleton,directed,278,362,-,-,384,NO,1270,pass,raw fixed-order candidate ledger
CALL,full_j4_fixed,0xA400000000000001,9,singleton,directed,279,363,-,-,384,NO,1270,pass,raw fixed-order candidate ledger
CALL,full_j4_fixed,0xA400000000000001,9,singleton,directed,280,364,-,-,384,NO,1270,pass,raw fixed-order candidate ledger
CALL,full_j4_fixed,0xA400000000000001,9,singleton,directed,281,365,-,-,384,NO,1270,pass,raw fixed-order candidate ledger
CALL,full_j4_fixed,0xA400000000000001,9,singleton,directed,282,366,-,-,384,NO,1270,pass,raw fixed-order candidate ledger
CALL,full_j4_fixed,0xA400000000000001,9,singleton,directed,283,367,-,-,384,NO,1270,pass,raw fixed-order candidate ledger
CALL,full_j4_fixed,0xA400000000000001,9,singleton,directed,284,368,-,-,384,NO,1270,pass,raw fixed-order candidate ledger
CALL,full_j4_fixed,0xA400000000000001,9,singleton,directed,285,369,-,-,384,NO,1270,pass,raw fixed-order candidate ledger
CALL,full_j4_fixed,0xA400000000000001,9,singleton,directed,286,370,-,-,384,NO,1270,pass,raw fixed-order candidate ledger
CALL,full_j4_fixed,0xA400000000000001,9,singleton,directed,287,371,-,-,384,NO,1270,pass,raw fixed-order candidate ledger
CALL,full_j4_fixed,0xA400000000000001,9,singleton,directed,288,372,-,-,384,NO,1270,pass,raw fixed-order candidate ledger
CALL,full_j4_fixed,0xA400000000000001,9,singleton,directed,289,373,-,-,384,NO,1270,pass,raw fixed-order candidate ledger
CALL,full_j4_fixed,0xA400000000000001,9,singleton,directed,290,374,-,-,384,NO,1270,pass,raw fixed-order candidate ledger
CALL,full_j4_fixed,0xA400000000000001,9,singleton,directed,291,375,-,-,384,NO,1270,pass,raw fixed-order candidate ledger
CALL,full_j4_fixed,0xA400000000000001,9,singleton,directed,292,376,-,-,384,NO,1270,pass,raw fixed-order candidate ledger
CALL,full_j4_fixed,0xA400000000000001,9,singleton,directed,293,377,-,-,384,NO,1270,pass,raw fixed-order candidate ledger
CALL,full_j4_fixed,0xA400000000000001,9,singleton,directed,294,378,-,-,384,NO,1270,pass,raw fixed-order candidate ledger
CALL,full_j4_fixed,0xA400000000000001,9,singleton,directed,295,379,-,-,384,NO,1270,pass,raw fixed-order candidate ledger
CALL,full_j4_fixed,0xA400000000000001,9,singleton,directed,296,380,-,-,384,NO,1270,pass,raw fixed-order candidate ledger
CALL,full_j4_fixed,0xA400000000000001,9,singleton,directed,297,381,-,-,384,NO,1270,pass,raw fixed-order candidate ledger
CALL,full_j4_fixed,0xA400000000000001,9,singleton,directed,298,382,-,-,384,NO,1270,pass,raw fixed-order candidate ledger
CALL,full_j4_fixed,0xA400000000000001,9,singleton,directed,299,383,-,-,384,NO,1270,pass,raw fixed-order candidate ledger
CALL,full_j4_fixed,0xA400000000000001,9,singleton,directed,300,384,-,-,384,NO,1270,pass,raw fixed-order candidate ledger
ATTRIBUTION,full_j4_fixed,0xA400000000000001,9,singleton,directed,35,- ,119,36,384,YES,1270,pass,first exact inside J4 frozen bank order
ABLATION,full_j4_fixed,0xA400000000000001,9,singleton,-,-,-,-,-,384,YES,1270,pass,predeclared bank ablation
ABLATION,no_global,0xA400000000000001,9,singleton,-,-,-,-,-,354,YES,1270,pass,predeclared bank ablation
ABLATION,no_singleton,0xA400000000000001,9,singleton,-,-,-,-,-,336,YES,1270,pass,predeclared bank ablation
ABLATION,no_none,0xA400000000000001,9,singleton,-,-,-,-,-,379,YES,1270,pass,predeclared bank ablation
ABLATION,no_directed,0xA400000000000001,9,singleton,-,-,-,-,-,83,YES,1270,pass,predeclared bank ablation
ABLATION,directed_100,0xA400000000000001,9,singleton,-,-,-,-,-,183,YES,1270,pass,predeclared bank ablation
ABLATION,directed_200,0xA400000000000001,9,singleton,-,-,-,-,-,283,YES,1270,pass,predeclared bank ablation
ABLATION,small_banks_only,0xA400000000000001,9,singleton,-,-,-,-,-,83,YES,1270,pass,predeclared bank ablation
ABLATION,derived_minimal_prefix,0xA400000000000001,9,singleton,-,-,-,-,-,127,YES,1270,pass,predeclared bank ablation
CALL,full_j4_fixed,0xA400000000000001,14,directed,global,0,1,-,-,384,NO,1270,pass,raw fixed-order candidate ledger
CALL,full_j4_fixed,0xA400000000000001,14,directed,global,1,2,-,-,384,NO,1270,pass,raw fixed-order candidate ledger
CALL,full_j4_fixed,0xA400000000000001,14,directed,global,2,3,-,-,384,NO,1270,pass,raw fixed-order candidate ledger
CALL,full_j4_fixed,0xA400000000000001,14,directed,global,3,4,-,-,384,NO,1270,pass,raw fixed-order candidate ledger
CALL,full_j4_fixed,0xA400000000000001,14,directed,global,4,5,-,-,384,NO,1270,pass,raw fixed-order candidate ledger
CALL,full_j4_fixed,0xA400000000000001,14,directed,global,5,6,-,-,384,NO,1270,pass,raw fixed-order candidate ledger
CALL,full_j4_fixed,0xA400000000000001,14,directed,global,6,7,-,-,384,NO,1270,pass,raw fixed-order candidate ledger
CALL,full_j4_fixed,0xA400000000000001,14,directed,global,7,8,-,-,384,NO,1270,pass,raw fixed-order candidate ledger
CALL,full_j4_fixed,0xA400000000000001,14,directed,global,8,9,-,-,384,NO,1270,pass,raw fixed-order candidate ledger
CALL,full_j4_fixed,0xA400000000000001,14,directed,global,9,10,-,-,384,NO,1270,pass,raw fixed-order candidate ledger
CALL,full_j4_fixed,0xA400000000000001,14,directed,global,10,11,-,-,384,NO,1270,pass,raw fixed-order candidate ledger
CALL,full_j4_fixed,0xA400000000000001,14,directed,global,11,12,-,-,384,NO,1270,pass,raw fixed-order candidate ledger
CALL,full_j4_fixed,0xA400000000000001,14,directed,global,12,13,-,-,384,NO,1270,pass,raw fixed-order candidate ledger
CALL,full_j4_fixed,0xA400000000000001,14,directed,global,13,14,-,-,384,NO,1270,pass,raw fixed-order candidate ledger
CALL,full_j4_fixed,0xA400000000000001,14,directed,global,14,15,-,-,384,NO,1270,pass,raw fixed-order candidate ledger
CALL,full_j4_fixed,0xA400000000000001,14,directed,global,15,16,-,-,384,NO,1270,pass,raw fixed-order candidate ledger
CALL,full_j4_fixed,0xA400000000000001,14,directed,global,16,17,-,-,384,NO,1270,pass,raw fixed-order candidate ledger
CALL,full_j4_fixed,0xA400000000000001,14,directed,global,17,18,-,-,384,NO,1270,pass,raw fixed-order candidate ledger
CALL,full_j4_fixed,0xA400000000000001,14,directed,global,18,19,-,-,384,NO,1270,pass,raw fixed-order candidate ledger
CALL,full_j4_fixed,0xA400000000000001,14,directed,global,19,20,-,-,384,NO,1270,pass,raw fixed-order candidate ledger
CALL,full_j4_fixed,0xA400000000000001,14,directed,global,20,21,-,-,384,NO,1270,pass,raw fixed-order candidate ledger
CALL,full_j4_fixed,0xA400000000000001,14,directed,global,21,22,-,-,384,NO,1270,pass,raw fixed-order candidate ledger
CALL,full_j4_fixed,0xA400000000000001,14,directed,global,22,23,-,-,384,NO,1270,pass,raw fixed-order candidate ledger
CALL,full_j4_fixed,0xA400000000000001,14,directed,global,23,24,-,-,384,NO,1270,pass,raw fixed-order candidate ledger
CALL,full_j4_fixed,0xA400000000000001,14,directed,global,24,25,-,-,384,NO,1270,pass,raw fixed-order candidate ledger
CALL,full_j4_fixed,0xA400000000000001,14,directed,global,25,26,-,-,384,NO,1270,pass,raw fixed-order candidate ledger
CALL,full_j4_fixed,0xA400000000000001,14,directed,global,26,27,-,-,384,NO,1270,pass,raw fixed-order candidate ledger
CALL,full_j4_fixed,0xA400000000000001,14,directed,global,27,28,-,-,384,NO,1270,pass,raw fixed-order candidate ledger
CALL,full_j4_fixed,0xA400000000000001,14,directed,global,28,29,-,-,384,NO,1270,pass,raw fixed-order candidate ledger
CALL,full_j4_fixed,0xA400000000000001,14,directed,global,29,30,-,-,384,NO,1270,pass,raw fixed-order candidate ledger
CALL,full_j4_fixed,0xA400000000000001,14,directed,singleton,0,31,-,-,384,NO,1270,pass,raw fixed-order candidate ledger
CALL,full_j4_fixed,0xA400000000000001,14,directed,singleton,1,32,-,-,384,NO,1270,pass,raw fixed-order candidate ledger
CALL,full_j4_fixed,0xA400000000000001,14,directed,singleton,2,33,-,-,384,NO,1270,pass,raw fixed-order candidate ledger
CALL,full_j4_fixed,0xA400000000000001,14,directed,singleton,3,34,-,-,384,NO,1270,pass,raw fixed-order candidate ledger
CALL,full_j4_fixed,0xA400000000000001,14,directed,singleton,4,35,-,-,384,NO,1270,pass,raw fixed-order candidate ledger
CALL,full_j4_fixed,0xA400000000000001,14,directed,singleton,5,36,-,-,384,NO,1270,pass,raw fixed-order candidate ledger
CALL,full_j4_fixed,0xA400000000000001,14,directed,singleton,6,37,-,-,384,NO,1270,pass,raw fixed-order candidate ledger
CALL,full_j4_fixed,0xA400000000000001,14,directed,singleton,7,38,-,-,384,NO,1270,pass,raw fixed-order candidate ledger
CALL,full_j4_fixed,0xA400000000000001,14,directed,singleton,8,39,-,-,384,NO,1270,pass,raw fixed-order candidate ledger
CALL,full_j4_fixed,0xA400000000000001,14,directed,singleton,9,40,-,-,384,NO,1270,pass,raw fixed-order candidate ledger
CALL,full_j4_fixed,0xA400000000000001,14,directed,singleton,10,41,-,-,384,NO,1270,pass,raw fixed-order candidate ledger
CALL,full_j4_fixed,0xA400000000000001,14,directed,singleton,11,42,-,-,384,NO,1270,pass,raw fixed-order candidate ledger
CALL,full_j4_fixed,0xA400000000000001,14,directed,singleton,12,43,-,-,384,NO,1270,pass,raw fixed-order candidate ledger
CALL,full_j4_fixed,0xA400000000000001,14,directed,singleton,13,44,-,-,384,NO,1270,pass,raw fixed-order candidate ledger
CALL,full_j4_fixed,0xA400000000000001,14,directed,singleton,14,45,-,-,384,NO,1270,pass,raw fixed-order candidate ledger
CALL,full_j4_fixed,0xA400000000000001,14,directed,singleton,15,46,-,-,384,NO,1270,pass,raw fixed-order candidate ledger
CALL,full_j4_fixed,0xA400000000000001,14,directed,singleton,16,47,-,-,384,NO,1270,pass,raw fixed-order candidate ledger
CALL,full_j4_fixed,0xA400000000000001,14,directed,singleton,17,48,-,-,384,NO,1270,pass,raw fixed-order candidate ledger
CALL,full_j4_fixed,0xA400000000000001,14,directed,singleton,18,49,-,-,384,NO,1270,pass,raw fixed-order candidate ledger
CALL,full_j4_fixed,0xA400000000000001,14,directed,singleton,19,50,-,-,384,NO,1270,pass,raw fixed-order candidate ledger
CALL,full_j4_fixed,0xA400000000000001,14,directed,singleton,20,51,-,-,384,NO,1270,pass,raw fixed-order candidate ledger
CALL,full_j4_fixed,0xA400000000000001,14,directed,singleton,21,52,-,-,384,NO,1270,pass,raw fixed-order candidate ledger
CALL,full_j4_fixed,0xA400000000000001,14,directed,singleton,22,53,-,-,384,NO,1270,pass,raw fixed-order candidate ledger
CALL,full_j4_fixed,0xA400000000000001,14,directed,singleton,23,54,-,-,384,NO,1270,pass,raw fixed-order candidate ledger
CALL,full_j4_fixed,0xA400000000000001,14,directed,singleton,24,55,-,-,384,NO,1270,pass,raw fixed-order candidate ledger
CALL,full_j4_fixed,0xA400000000000001,14,directed,singleton,25,56,-,-,384,NO,1270,pass,raw fixed-order candidate ledger
CALL,full_j4_fixed,0xA400000000000001,14,directed,singleton,26,57,-,-,384,NO,1270,pass,raw fixed-order candidate ledger
CALL,full_j4_fixed,0xA400000000000001,14,directed,singleton,27,58,-,-,384,NO,1270,pass,raw fixed-order candidate ledger
CALL,full_j4_fixed,0xA400000000000001,14,directed,singleton,28,59,-,-,384,NO,1270,pass,raw fixed-order candidate ledger
CALL,full_j4_fixed,0xA400000000000001,14,directed,singleton,29,60,-,-,384,NO,1270,pass,raw fixed-order candidate ledger
CALL,full_j4_fixed,0xA400000000000001,14,directed,singleton,30,61,-,-,384,NO,1270,pass,raw fixed-order candidate ledger
CALL,full_j4_fixed,0xA400000000000001,14,directed,singleton,31,62,-,-,384,NO,1270,pass,raw fixed-order candidate ledger
CALL,full_j4_fixed,0xA400000000000001,14,directed,singleton,32,63,-,-,384,NO,1270,pass,raw fixed-order candidate ledger
CALL,full_j4_fixed,0xA400000000000001,14,directed,singleton,33,64,-,-,384,NO,1270,pass,raw fixed-order candidate ledger
CALL,full_j4_fixed,0xA400000000000001,14,directed,singleton,34,65,-,-,384,NO,1270,pass,raw fixed-order candidate ledger
CALL,full_j4_fixed,0xA400000000000001,14,directed,singleton,35,66,-,-,384,NO,1270,pass,raw fixed-order candidate ledger
CALL,full_j4_fixed,0xA400000000000001,14,directed,singleton,36,67,-,-,384,NO,1270,pass,raw fixed-order candidate ledger
CALL,full_j4_fixed,0xA400000000000001,14,directed,singleton,37,68,-,-,384,NO,1270,pass,raw fixed-order candidate ledger
CALL,full_j4_fixed,0xA400000000000001,14,directed,singleton,38,69,-,-,384,NO,1270,pass,raw fixed-order candidate ledger
CALL,full_j4_fixed,0xA400000000000001,14,directed,singleton,39,70,-,-,384,NO,1270,pass,raw fixed-order candidate ledger
CALL,full_j4_fixed,0xA400000000000001,14,directed,singleton,40,71,-,-,384,NO,1270,pass,raw fixed-order candidate ledger
CALL,full_j4_fixed,0xA400000000000001,14,directed,singleton,41,72,-,-,384,NO,1270,pass,raw fixed-order candidate ledger
CALL,full_j4_fixed,0xA400000000000001,14,directed,singleton,42,73,-,-,384,NO,1270,pass,raw fixed-order candidate ledger
CALL,full_j4_fixed,0xA400000000000001,14,directed,singleton,43,74,-,-,384,NO,1270,pass,raw fixed-order candidate ledger
CALL,full_j4_fixed,0xA400000000000001,14,directed,singleton,44,75,-,-,384,NO,1270,pass,raw fixed-order candidate ledger
CALL,full_j4_fixed,0xA400000000000001,14,directed,singleton,45,76,-,-,384,NO,1270,pass,raw fixed-order candidate ledger
CALL,full_j4_fixed,0xA400000000000001,14,directed,singleton,46,77,-,-,384,NO,1270,pass,raw fixed-order candidate ledger
CALL,full_j4_fixed,0xA400000000000001,14,directed,singleton,47,78,-,-,384,NO,1270,pass,raw fixed-order candidate ledger
CALL,full_j4_fixed,0xA400000000000001,14,directed,none,0,79,-,-,384,NO,1270,pass,raw fixed-order candidate ledger
CALL,full_j4_fixed,0xA400000000000001,14,directed,none,1,80,-,-,384,NO,1270,pass,raw fixed-order candidate ledger
CALL,full_j4_fixed,0xA400000000000001,14,directed,none,2,81,-,-,384,NO,1270,pass,raw fixed-order candidate ledger
CALL,full_j4_fixed,0xA400000000000001,14,directed,none,3,82,-,-,384,NO,1270,pass,raw fixed-order candidate ledger
CALL,full_j4_fixed,0xA400000000000001,14,directed,none,4,83,-,-,384,NO,1270,pass,raw fixed-order candidate ledger
CALL,full_j4_fixed,0xA400000000000001,14,directed,directed,0,84,-,-,384,NO,1270,pass,raw fixed-order candidate ledger
CALL,full_j4_fixed,0xA400000000000001,14,directed,directed,1,85,-,-,384,NO,1270,pass,raw fixed-order candidate ledger
CALL,full_j4_fixed,0xA400000000000001,14,directed,directed,2,86,-,-,384,NO,1270,pass,raw fixed-order candidate ledger
CALL,full_j4_fixed,0xA400000000000001,14,directed,directed,3,87,-,-,384,NO,1270,pass,raw fixed-order candidate ledger
CALL,full_j4_fixed,0xA400000000000001,14,directed,directed,4,88,-,-,384,NO,1270,pass,raw fixed-order candidate ledger
CALL,full_j4_fixed,0xA400000000000001,14,directed,directed,5,89,-,-,384,NO,1270,pass,raw fixed-order candidate ledger
CALL,full_j4_fixed,0xA400000000000001,14,directed,directed,6,90,-,-,384,NO,1270,pass,raw fixed-order candidate ledger
CALL,full_j4_fixed,0xA400000000000001,14,directed,directed,7,91,-,-,384,NO,1270,pass,raw fixed-order candidate ledger
CALL,full_j4_fixed,0xA400000000000001,14,directed,directed,8,92,-,-,384,NO,1270,pass,raw fixed-order candidate ledger
CALL,full_j4_fixed,0xA400000000000001,14,directed,directed,9,93,-,-,384,NO,1270,pass,raw fixed-order candidate ledger
CALL,full_j4_fixed,0xA400000000000001,14,directed,directed,10,94,-,-,384,NO,1270,pass,raw fixed-order candidate ledger
CALL,full_j4_fixed,0xA400000000000001,14,directed,directed,11,95,-,-,384,NO,1270,pass,raw fixed-order candidate ledger
CALL,full_j4_fixed,0xA400000000000001,14,directed,directed,12,96,-,-,384,NO,1270,pass,raw fixed-order candidate ledger
CALL,full_j4_fixed,0xA400000000000001,14,directed,directed,13,97,-,-,384,NO,1270,pass,raw fixed-order candidate ledger
CALL,full_j4_fixed,0xA400000000000001,14,directed,directed,14,98,-,-,384,NO,1270,pass,raw fixed-order candidate ledger
CALL,full_j4_fixed,0xA400000000000001,14,directed,directed,15,99,-,-,384,NO,1270,pass,raw fixed-order candidate ledger
CALL,full_j4_fixed,0xA400000000000001,14,directed,directed,16,100,-,-,384,NO,1270,pass,raw fixed-order candidate ledger
CALL,full_j4_fixed,0xA400000000000001,14,directed,directed,17,101,-,-,384,NO,1270,pass,raw fixed-order candidate ledger
CALL,full_j4_fixed,0xA400000000000001,14,directed,directed,18,102,-,-,384,NO,1270,pass,raw fixed-order candidate ledger
CALL,full_j4_fixed,0xA400000000000001,14,directed,directed,19,103,-,-,384,NO,1270,pass,raw fixed-order candidate ledger
CALL,full_j4_fixed,0xA400000000000001,14,directed,directed,20,104,-,-,384,NO,1270,pass,raw fixed-order candidate ledger
CALL,full_j4_fixed,0xA400000000000001,14,directed,directed,21,105,-,-,384,NO,1270,pass,raw fixed-order candidate ledger
CALL,full_j4_fixed,0xA400000000000001,14,directed,directed,22,106,-,-,384,NO,1270,pass,raw fixed-order candidate ledger
CALL,full_j4_fixed,0xA400000000000001,14,directed,directed,23,107,-,-,384,NO,1270,pass,raw fixed-order candidate ledger
CALL,full_j4_fixed,0xA400000000000001,14,directed,directed,24,108,-,-,384,NO,1270,pass,raw fixed-order candidate ledger
CALL,full_j4_fixed,0xA400000000000001,14,directed,directed,25,109,-,-,384,NO,1270,pass,raw fixed-order candidate ledger
CALL,full_j4_fixed,0xA400000000000001,14,directed,directed,26,110,-,-,384,NO,1270,pass,raw fixed-order candidate ledger
CALL,full_j4_fixed,0xA400000000000001,14,directed,directed,27,111,-,-,384,NO,1270,pass,raw fixed-order candidate ledger
CALL,full_j4_fixed,0xA400000000000001,14,directed,directed,28,112,-,-,384,NO,1270,pass,raw fixed-order candidate ledger
CALL,full_j4_fixed,0xA400000000000001,14,directed,directed,29,113,-,-,384,NO,1270,pass,raw fixed-order candidate ledger
CALL,full_j4_fixed,0xA400000000000001,14,directed,directed,30,114,-,-,384,NO,1270,pass,raw fixed-order candidate ledger
CALL,full_j4_fixed,0xA400000000000001,14,directed,directed,31,115,-,-,384,NO,1270,pass,raw fixed-order candidate ledger
CALL,full_j4_fixed,0xA400000000000001,14,directed,directed,32,116,-,-,384,NO,1270,pass,raw fixed-order candidate ledger
CALL,full_j4_fixed,0xA400000000000001,14,directed,directed,33,117,-,-,384,NO,1270,pass,raw fixed-order candidate ledger
CALL,full_j4_fixed,0xA400000000000001,14,directed,directed,34,118,-,-,384,NO,1270,pass,raw fixed-order candidate ledger
CALL,full_j4_fixed,0xA400000000000001,14,directed,directed,35,119,-,-,384,NO,1270,pass,raw fixed-order candidate ledger
CALL,full_j4_fixed,0xA400000000000001,14,directed,directed,36,120,-,-,384,NO,1270,pass,raw fixed-order candidate ledger
CALL,full_j4_fixed,0xA400000000000001,14,directed,directed,37,121,-,-,384,NO,1270,pass,raw fixed-order candidate ledger
CALL,full_j4_fixed,0xA400000000000001,14,directed,directed,38,122,-,-,384,NO,1270,pass,raw fixed-order candidate ledger
CALL,full_j4_fixed,0xA400000000000001,14,directed,directed,39,123,-,-,384,NO,1270,pass,raw fixed-order candidate ledger
CALL,full_j4_fixed,0xA400000000000001,14,directed,directed,40,124,-,-,384,NO,1270,pass,raw fixed-order candidate ledger
CALL,full_j4_fixed,0xA400000000000001,14,directed,directed,41,125,-,-,384,NO,1270,pass,raw fixed-order candidate ledger
CALL,full_j4_fixed,0xA400000000000001,14,directed,directed,42,126,-,-,384,NO,1270,pass,raw fixed-order candidate ledger
CALL,full_j4_fixed,0xA400000000000001,14,directed,directed,43,127,-,-,384,NO,1270,pass,raw fixed-order candidate ledger
CALL,full_j4_fixed,0xA400000000000001,14,directed,directed,44,128,-,-,384,NO,1270,pass,raw fixed-order candidate ledger
CALL,full_j4_fixed,0xA400000000000001,14,directed,directed,45,129,-,-,384,NO,1270,pass,raw fixed-order candidate ledger
CALL,full_j4_fixed,0xA400000000000001,14,directed,directed,46,130,-,-,384,NO,1270,pass,raw fixed-order candidate ledger
CALL,full_j4_fixed,0xA400000000000001,14,directed,directed,47,131,-,-,384,NO,1270,pass,raw fixed-order candidate ledger
CALL,full_j4_fixed,0xA400000000000001,14,directed,directed,48,132,-,-,384,NO,1270,pass,raw fixed-order candidate ledger
CALL,full_j4_fixed,0xA400000000000001,14,directed,directed,49,133,-,-,384,NO,1270,pass,raw fixed-order candidate ledger
CALL,full_j4_fixed,0xA400000000000001,14,directed,directed,50,134,-,-,384,NO,1270,pass,raw fixed-order candidate ledger
CALL,full_j4_fixed,0xA400000000000001,14,directed,directed,51,135,-,-,384,NO,1270,pass,raw fixed-order candidate ledger
CALL,full_j4_fixed,0xA400000000000001,14,directed,directed,52,136,-,-,384,NO,1270,pass,raw fixed-order candidate ledger
CALL,full_j4_fixed,0xA400000000000001,14,directed,directed,53,137,-,-,384,NO,1270,pass,raw fixed-order candidate ledger
CALL,full_j4_fixed,0xA400000000000001,14,directed,directed,54,138,-,-,384,NO,1270,pass,raw fixed-order candidate ledger
CALL,full_j4_fixed,0xA400000000000001,14,directed,directed,55,139,-,-,384,NO,1270,pass,raw fixed-order candidate ledger
CALL,full_j4_fixed,0xA400000000000001,14,directed,directed,56,140,-,-,384,NO,1270,pass,raw fixed-order candidate ledger
CALL,full_j4_fixed,0xA400000000000001,14,directed,directed,57,141,-,-,384,NO,1270,pass,raw fixed-order candidate ledger
CALL,full_j4_fixed,0xA400000000000001,14,directed,directed,58,142,-,-,384,NO,1270,pass,raw fixed-order candidate ledger
CALL,full_j4_fixed,0xA400000000000001,14,directed,directed,59,143,-,-,384,NO,1270,pass,raw fixed-order candidate ledger
CALL,full_j4_fixed,0xA400000000000001,14,directed,directed,60,144,-,-,384,NO,1270,pass,raw fixed-order candidate ledger
CALL,full_j4_fixed,0xA400000000000001,14,directed,directed,61,145,-,-,384,NO,1270,pass,raw fixed-order candidate ledger
CALL,full_j4_fixed,0xA400000000000001,14,directed,directed,62,146,-,-,384,NO,1270,pass,raw fixed-order candidate ledger
CALL,full_j4_fixed,0xA400000000000001,14,directed,directed,63,147,-,-,384,NO,1270,pass,raw fixed-order candidate ledger
CALL,full_j4_fixed,0xA400000000000001,14,directed,directed,64,148,-,-,384,NO,1270,pass,raw fixed-order candidate ledger
CALL,full_j4_fixed,0xA400000000000001,14,directed,directed,65,149,-,-,384,NO,1270,pass,raw fixed-order candidate ledger
CALL,full_j4_fixed,0xA400000000000001,14,directed,directed,66,150,-,-,384,NO,1270,pass,raw fixed-order candidate ledger
CALL,full_j4_fixed,0xA400000000000001,14,directed,directed,67,151,-,-,384,NO,1270,pass,raw fixed-order candidate ledger
CALL,full_j4_fixed,0xA400000000000001,14,directed,directed,68,152,-,-,384,NO,1270,pass,raw fixed-order candidate ledger
CALL,full_j4_fixed,0xA400000000000001,14,directed,directed,69,153,-,-,384,NO,1270,pass,raw fixed-order candidate ledger
CALL,full_j4_fixed,0xA400000000000001,14,directed,directed,70,154,-,-,384,NO,1270,pass,raw fixed-order candidate ledger
CALL,full_j4_fixed,0xA400000000000001,14,directed,directed,71,155,-,-,384,NO,1270,pass,raw fixed-order candidate ledger
CALL,full_j4_fixed,0xA400000000000001,14,directed,directed,72,156,-,-,384,NO,1270,pass,raw fixed-order candidate ledger
CALL,full_j4_fixed,0xA400000000000001,14,directed,directed,73,157,-,-,384,NO,1270,pass,raw fixed-order candidate ledger
CALL,full_j4_fixed,0xA400000000000001,14,directed,directed,74,158,-,-,384,NO,1270,pass,raw fixed-order candidate ledger
CALL,full_j4_fixed,0xA400000000000001,14,directed,directed,75,159,-,-,384,NO,1270,pass,raw fixed-order candidate ledger
CALL,full_j4_fixed,0xA400000000000001,14,directed,directed,76,160,-,-,384,NO,1270,pass,raw fixed-order candidate ledger
CALL,full_j4_fixed,0xA400000000000001,14,directed,directed,77,161,-,-,384,NO,1270,pass,raw fixed-order candidate ledger
CALL,full_j4_fixed,0xA400000000000001,14,directed,directed,78,162,-,-,384,NO,1270,pass,raw fixed-order candidate ledger
CALL,full_j4_fixed,0xA400000000000001,14,directed,directed,79,163,-,-,384,NO,1270,pass,raw fixed-order candidate ledger
CALL,full_j4_fixed,0xA400000000000001,14,directed,directed,80,164,-,-,384,NO,1270,pass,raw fixed-order candidate ledger
CALL,full_j4_fixed,0xA400000000000001,14,directed,directed,81,165,-,-,384,NO,1270,pass,raw fixed-order candidate ledger
CALL,full_j4_fixed,0xA400000000000001,14,directed,directed,82,166,-,-,384,NO,1270,pass,raw fixed-order candidate ledger
CALL,full_j4_fixed,0xA400000000000001,14,directed,directed,83,167,-,-,384,NO,1270,pass,raw fixed-order candidate ledger
CALL,full_j4_fixed,0xA400000000000001,14,directed,directed,84,168,-,-,384,NO,1270,pass,raw fixed-order candidate ledger
CALL,full_j4_fixed,0xA400000000000001,14,directed,directed,85,169,-,-,384,NO,1270,pass,raw fixed-order candidate ledger
CALL,full_j4_fixed,0xA400000000000001,14,directed,directed,86,170,-,-,384,NO,1270,pass,raw fixed-order candidate ledger
CALL,full_j4_fixed,0xA400000000000001,14,directed,directed,87,171,-,-,384,NO,1270,pass,raw fixed-order candidate ledger
CALL,full_j4_fixed,0xA400000000000001,14,directed,directed,88,172,-,-,384,NO,1270,pass,raw fixed-order candidate ledger
CALL,full_j4_fixed,0xA400000000000001,14,directed,directed,89,173,-,-,384,NO,1270,pass,raw fixed-order candidate ledger
CALL,full_j4_fixed,0xA400000000000001,14,directed,directed,90,174,-,-,384,NO,1270,pass,raw fixed-order candidate ledger
CALL,full_j4_fixed,0xA400000000000001,14,directed,directed,91,175,-,-,384,NO,1270,pass,raw fixed-order candidate ledger
CALL,full_j4_fixed,0xA400000000000001,14,directed,directed,92,176,-,-,384,NO,1270,pass,raw fixed-order candidate ledger
CALL,full_j4_fixed,0xA400000000000001,14,directed,directed,93,177,-,-,384,NO,1270,pass,raw fixed-order candidate ledger
CALL,full_j4_fixed,0xA400000000000001,14,directed,directed,94,178,-,-,384,NO,1270,pass,raw fixed-order candidate ledger
CALL,full_j4_fixed,0xA400000000000001,14,directed,directed,95,179,-,-,384,NO,1270,pass,raw fixed-order candidate ledger
CALL,full_j4_fixed,0xA400000000000001,14,directed,directed,96,180,-,-,384,NO,1270,pass,raw fixed-order candidate ledger
CALL,full_j4_fixed,0xA400000000000001,14,directed,directed,97,181,-,-,384,NO,1270,pass,raw fixed-order candidate ledger
CALL,full_j4_fixed,0xA400000000000001,14,directed,directed,98,182,-,-,384,NO,1270,pass,raw fixed-order candidate ledger
CALL,full_j4_fixed,0xA400000000000001,14,directed,directed,99,183,-,-,384,NO,1270,pass,raw fixed-order candidate ledger
CALL,full_j4_fixed,0xA400000000000001,14,directed,directed,100,184,-,-,384,NO,1270,pass,raw fixed-order candidate ledger
CALL,full_j4_fixed,0xA400000000000001,14,directed,directed,101,185,-,-,384,NO,1270,pass,raw fixed-order candidate ledger
CALL,full_j4_fixed,0xA400000000000001,14,directed,directed,102,186,-,-,384,NO,1270,pass,raw fixed-order candidate ledger
CALL,full_j4_fixed,0xA400000000000001,14,directed,directed,103,187,-,-,384,NO,1270,pass,raw fixed-order candidate ledger
CALL,full_j4_fixed,0xA400000000000001,14,directed,directed,104,188,-,-,384,NO,1270,pass,raw fixed-order candidate ledger
CALL,full_j4_fixed,0xA400000000000001,14,directed,directed,105,189,-,-,384,NO,1270,pass,raw fixed-order candidate ledger
CALL,full_j4_fixed,0xA400000000000001,14,directed,directed,106,190,-,-,384,NO,1270,pass,raw fixed-order candidate ledger
CALL,full_j4_fixed,0xA400000000000001,14,directed,directed,107,191,-,-,384,NO,1270,pass,raw fixed-order candidate ledger
CALL,full_j4_fixed,0xA400000000000001,14,directed,directed,108,192,-,-,384,NO,1270,pass,raw fixed-order candidate ledger
CALL,full_j4_fixed,0xA400000000000001,14,directed,directed,109,193,-,-,384,NO,1270,pass,raw fixed-order candidate ledger
CALL,full_j4_fixed,0xA400000000000001,14,directed,directed,110,194,-,-,384,NO,1270,pass,raw fixed-order candidate ledger
CALL,full_j4_fixed,0xA400000000000001,14,directed,directed,111,195,-,-,384,NO,1270,pass,raw fixed-order candidate ledger
CALL,full_j4_fixed,0xA400000000000001,14,directed,directed,112,196,-,-,384,NO,1270,pass,raw fixed-order candidate ledger
CALL,full_j4_fixed,0xA400000000000001,14,directed,directed,113,197,-,-,384,NO,1270,pass,raw fixed-order candidate ledger
CALL,full_j4_fixed,0xA400000000000001,14,directed,directed,114,198,-,-,384,NO,1270,pass,raw fixed-order candidate ledger
CALL,full_j4_fixed,0xA400000000000001,14,directed,directed,115,199,-,-,384,NO,1270,pass,raw fixed-order candidate ledger
CALL,full_j4_fixed,0xA400000000000001,14,directed,directed,116,200,-,-,384,NO,1270,pass,raw fixed-order candidate ledger
CALL,full_j4_fixed,0xA400000000000001,14,directed,directed,117,201,-,-,384,NO,1270,pass,raw fixed-order candidate ledger
CALL,full_j4_fixed,0xA400000000000001,14,directed,directed,118,202,-,-,384,NO,1270,pass,raw fixed-order candidate ledger
CALL,full_j4_fixed,0xA400000000000001,14,directed,directed,119,203,-,-,384,NO,1270,pass,raw fixed-order candidate ledger
CALL,full_j4_fixed,0xA400000000000001,14,directed,directed,120,204,-,-,384,YES,1270,pass,raw fixed-order candidate ledger
CALL,full_j4_fixed,0xA400000000000001,14,directed,directed,121,205,-,-,384,NO,1270,pass,raw fixed-order candidate ledger
CALL,full_j4_fixed,0xA400000000000001,14,directed,directed,122,206,-,-,384,NO,1270,pass,raw fixed-order candidate ledger
CALL,full_j4_fixed,0xA400000000000001,14,directed,directed,123,207,-,-,384,NO,1270,pass,raw fixed-order candidate ledger
CALL,full_j4_fixed,0xA400000000000001,14,directed,directed,124,208,-,-,384,NO,1270,pass,raw fixed-order candidate ledger
CALL,full_j4_fixed,0xA400000000000001,14,directed,directed,125,209,-,-,384,NO,1270,pass,raw fixed-order candidate ledger
CALL,full_j4_fixed,0xA400000000000001,14,directed,directed,126,210,-,-,384,NO,1270,pass,raw fixed-order candidate ledger
CALL,full_j4_fixed,0xA400000000000001,14,directed,directed,127,211,-,-,384,NO,1270,pass,raw fixed-order candidate ledger
CALL,full_j4_fixed,0xA400000000000001,14,directed,directed,128,212,-,-,384,NO,1270,pass,raw fixed-order candidate ledger
CALL,full_j4_fixed,0xA400000000000001,14,directed,directed,129,213,-,-,384,NO,1270,pass,raw fixed-order candidate ledger
CALL,full_j4_fixed,0xA400000000000001,14,directed,directed,130,214,-,-,384,NO,1270,pass,raw fixed-order candidate ledger
CALL,full_j4_fixed,0xA400000000000001,14,directed,directed,131,215,-,-,384,NO,1270,pass,raw fixed-order candidate ledger
CALL,full_j4_fixed,0xA400000000000001,14,directed,directed,132,216,-,-,384,NO,1270,pass,raw fixed-order candidate ledger
CALL,full_j4_fixed,0xA400000000000001,14,directed,directed,133,217,-,-,384,NO,1270,pass,raw fixed-order candidate ledger
CALL,full_j4_fixed,0xA400000000000001,14,directed,directed,134,218,-,-,384,NO,1270,pass,raw fixed-order candidate ledger
CALL,full_j4_fixed,0xA400000000000001,14,directed,directed,135,219,-,-,384,NO,1270,pass,raw fixed-order candidate ledger
CALL,full_j4_fixed,0xA400000000000001,14,directed,directed,136,220,-,-,384,NO,1270,pass,raw fixed-order candidate ledger
CALL,full_j4_fixed,0xA400000000000001,14,directed,directed,137,221,-,-,384,NO,1270,pass,raw fixed-order candidate ledger
CALL,full_j4_fixed,0xA400000000000001,14,directed,directed,138,222,-,-,384,NO,1270,pass,raw fixed-order candidate ledger
CALL,full_j4_fixed,0xA400000000000001,14,directed,directed,139,223,-,-,384,NO,1270,pass,raw fixed-order candidate ledger
CALL,full_j4_fixed,0xA400000000000001,14,directed,directed,140,224,-,-,384,NO,1270,pass,raw fixed-order candidate ledger
CALL,full_j4_fixed,0xA400000000000001,14,directed,directed,141,225,-,-,384,NO,1270,pass,raw fixed-order candidate ledger
CALL,full_j4_fixed,0xA400000000000001,14,directed,directed,142,226,-,-,384,NO,1270,pass,raw fixed-order candidate ledger
CALL,full_j4_fixed,0xA400000000000001,14,directed,directed,143,227,-,-,384,NO,1270,pass,raw fixed-order candidate ledger
CALL,full_j4_fixed,0xA400000000000001,14,directed,directed,144,228,-,-,384,NO,1270,pass,raw fixed-order candidate ledger
CALL,full_j4_fixed,0xA400000000000001,14,directed,directed,145,229,-,-,384,NO,1270,pass,raw fixed-order candidate ledger
CALL,full_j4_fixed,0xA400000000000001,14,directed,directed,146,230,-,-,384,NO,1270,pass,raw fixed-order candidate ledger
CALL,full_j4_fixed,0xA400000000000001,14,directed,directed,147,231,-,-,384,NO,1270,pass,raw fixed-order candidate ledger
CALL,full_j4_fixed,0xA400000000000001,14,directed,directed,148,232,-,-,384,NO,1270,pass,raw fixed-order candidate ledger
CALL,full_j4_fixed,0xA400000000000001,14,directed,directed,149,233,-,-,384,NO,1270,pass,raw fixed-order candidate ledger
CALL,full_j4_fixed,0xA400000000000001,14,directed,directed,150,234,-,-,384,NO,1270,pass,raw fixed-order candidate ledger
CALL,full_j4_fixed,0xA400000000000001,14,directed,directed,151,235,-,-,384,NO,1270,pass,raw fixed-order candidate ledger
CALL,full_j4_fixed,0xA400000000000001,14,directed,directed,152,236,-,-,384,NO,1270,pass,raw fixed-order candidate ledger
CALL,full_j4_fixed,0xA400000000000001,14,directed,directed,153,237,-,-,384,NO,1270,pass,raw fixed-order candidate ledger
CALL,full_j4_fixed,0xA400000000000001,14,directed,directed,154,238,-,-,384,NO,1270,pass,raw fixed-order candidate ledger
CALL,full_j4_fixed,0xA400000000000001,14,directed,directed,155,239,-,-,384,NO,1270,pass,raw fixed-order candidate ledger
CALL,full_j4_fixed,0xA400000000000001,14,directed,directed,156,240,-,-,384,NO,1270,pass,raw fixed-order candidate ledger
CALL,full_j4_fixed,0xA400000000000001,14,directed,directed,157,241,-,-,384,NO,1270,pass,raw fixed-order candidate ledger
CALL,full_j4_fixed,0xA400000000000001,14,directed,directed,158,242,-,-,384,NO,1270,pass,raw fixed-order candidate ledger
CALL,full_j4_fixed,0xA400000000000001,14,directed,directed,159,243,-,-,384,NO,1270,pass,raw fixed-order candidate ledger
CALL,full_j4_fixed,0xA400000000000001,14,directed,directed,160,244,-,-,384,NO,1270,pass,raw fixed-order candidate ledger
CALL,full_j4_fixed,0xA400000000000001,14,directed,directed,161,245,-,-,384,NO,1270,pass,raw fixed-order candidate ledger
CALL,full_j4_fixed,0xA400000000000001,14,directed,directed,162,246,-,-,384,NO,1270,pass,raw fixed-order candidate ledger
CALL,full_j4_fixed,0xA400000000000001,14,directed,directed,163,247,-,-,384,NO,1270,pass,raw fixed-order candidate ledger
CALL,full_j4_fixed,0xA400000000000001,14,directed,directed,164,248,-,-,384,NO,1270,pass,raw fixed-order candidate ledger
CALL,full_j4_fixed,0xA400000000000001,14,directed,directed,165,249,-,-,384,NO,1270,pass,raw fixed-order candidate ledger
CALL,full_j4_fixed,0xA400000000000001,14,directed,directed,166,250,-,-,384,NO,1270,pass,raw fixed-order candidate ledger
CALL,full_j4_fixed,0xA400000000000001,14,directed,directed,167,251,-,-,384,NO,1270,pass,raw fixed-order candidate ledger
CALL,full_j4_fixed,0xA400000000000001,14,directed,directed,168,252,-,-,384,NO,1270,pass,raw fixed-order candidate ledger
CALL,full_j4_fixed,0xA400000000000001,14,directed,directed,169,253,-,-,384,NO,1270,pass,raw fixed-order candidate ledger
CALL,full_j4_fixed,0xA400000000000001,14,directed,directed,170,254,-,-,384,NO,1270,pass,raw fixed-order candidate ledger
CALL,full_j4_fixed,0xA400000000000001,14,directed,directed,171,255,-,-,384,NO,1270,pass,raw fixed-order candidate ledger
CALL,full_j4_fixed,0xA400000000000001,14,directed,directed,172,256,-,-,384,NO,1270,pass,raw fixed-order candidate ledger
CALL,full_j4_fixed,0xA400000000000001,14,directed,directed,173,257,-,-,384,NO,1270,pass,raw fixed-order candidate ledger
CALL,full_j4_fixed,0xA400000000000001,14,directed,directed,174,258,-,-,384,NO,1270,pass,raw fixed-order candidate ledger
CALL,full_j4_fixed,0xA400000000000001,14,directed,directed,175,259,-,-,384,NO,1270,pass,raw fixed-order candidate ledger
CALL,full_j4_fixed,0xA400000000000001,14,directed,directed,176,260,-,-,384,NO,1270,pass,raw fixed-order candidate ledger
CALL,full_j4_fixed,0xA400000000000001,14,directed,directed,177,261,-,-,384,NO,1270,pass,raw fixed-order candidate ledger
CALL,full_j4_fixed,0xA400000000000001,14,directed,directed,178,262,-,-,384,NO,1270,pass,raw fixed-order candidate ledger
CALL,full_j4_fixed,0xA400000000000001,14,directed,directed,179,263,-,-,384,NO,1270,pass,raw fixed-order candidate ledger
CALL,full_j4_fixed,0xA400000000000001,14,directed,directed,180,264,-,-,384,NO,1270,pass,raw fixed-order candidate ledger
CALL,full_j4_fixed,0xA400000000000001,14,directed,directed,181,265,-,-,384,NO,1270,pass,raw fixed-order candidate ledger
CALL,full_j4_fixed,0xA400000000000001,14,directed,directed,182,266,-,-,384,NO,1270,pass,raw fixed-order candidate ledger
CALL,full_j4_fixed,0xA400000000000001,14,directed,directed,183,267,-,-,384,NO,1270,pass,raw fixed-order candidate ledger
CALL,full_j4_fixed,0xA400000000000001,14,directed,directed,184,268,-,-,384,NO,1270,pass,raw fixed-order candidate ledger
CALL,full_j4_fixed,0xA400000000000001,14,directed,directed,185,269,-,-,384,NO,1270,pass,raw fixed-order candidate ledger
CALL,full_j4_fixed,0xA400000000000001,14,directed,directed,186,270,-,-,384,NO,1270,pass,raw fixed-order candidate ledger
CALL,full_j4_fixed,0xA400000000000001,14,directed,directed,187,271,-,-,384,NO,1270,pass,raw fixed-order candidate ledger
CALL,full_j4_fixed,0xA400000000000001,14,directed,directed,188,272,-,-,384,NO,1270,pass,raw fixed-order candidate ledger
CALL,full_j4_fixed,0xA400000000000001,14,directed,directed,189,273,-,-,384,NO,1270,pass,raw fixed-order candidate ledger
CALL,full_j4_fixed,0xA400000000000001,14,directed,directed,190,274,-,-,384,NO,1270,pass,raw fixed-order candidate ledger
CALL,full_j4_fixed,0xA400000000000001,14,directed,directed,191,275,-,-,384,NO,1270,pass,raw fixed-order candidate ledger
CALL,full_j4_fixed,0xA400000000000001,14,directed,directed,192,276,-,-,384,NO,1270,pass,raw fixed-order candidate ledger
CALL,full_j4_fixed,0xA400000000000001,14,directed,directed,193,277,-,-,384,NO,1270,pass,raw fixed-order candidate ledger
CALL,full_j4_fixed,0xA400000000000001,14,directed,directed,194,278,-,-,384,NO,1270,pass,raw fixed-order candidate ledger
CALL,full_j4_fixed,0xA400000000000001,14,directed,directed,195,279,-,-,384,NO,1270,pass,raw fixed-order candidate ledger
CALL,full_j4_fixed,0xA400000000000001,14,directed,directed,196,280,-,-,384,NO,1270,pass,raw fixed-order candidate ledger
CALL,full_j4_fixed,0xA400000000000001,14,directed,directed,197,281,-,-,384,NO,1270,pass,raw fixed-order candidate ledger
CALL,full_j4_fixed,0xA400000000000001,14,directed,directed,198,282,-,-,384,NO,1270,pass,raw fixed-order candidate ledger
CALL,full_j4_fixed,0xA400000000000001,14,directed,directed,199,283,-,-,384,NO,1270,pass,raw fixed-order candidate ledger
CALL,full_j4_fixed,0xA400000000000001,14,directed,directed,200,284,-,-,384,NO,1270,pass,raw fixed-order candidate ledger
CALL,full_j4_fixed,0xA400000000000001,14,directed,directed,201,285,-,-,384,NO,1270,pass,raw fixed-order candidate ledger
CALL,full_j4_fixed,0xA400000000000001,14,directed,directed,202,286,-,-,384,NO,1270,pass,raw fixed-order candidate ledger
CALL,full_j4_fixed,0xA400000000000001,14,directed,directed,203,287,-,-,384,NO,1270,pass,raw fixed-order candidate ledger
CALL,full_j4_fixed,0xA400000000000001,14,directed,directed,204,288,-,-,384,NO,1270,pass,raw fixed-order candidate ledger
CALL,full_j4_fixed,0xA400000000000001,14,directed,directed,205,289,-,-,384,NO,1270,pass,raw fixed-order candidate ledger
CALL,full_j4_fixed,0xA400000000000001,14,directed,directed,206,290,-,-,384,NO,1270,pass,raw fixed-order candidate ledger
CALL,full_j4_fixed,0xA400000000000001,14,directed,directed,207,291,-,-,384,NO,1270,pass,raw fixed-order candidate ledger
CALL,full_j4_fixed,0xA400000000000001,14,directed,directed,208,292,-,-,384,NO,1270,pass,raw fixed-order candidate ledger
CALL,full_j4_fixed,0xA400000000000001,14,directed,directed,209,293,-,-,384,NO,1270,pass,raw fixed-order candidate ledger
CALL,full_j4_fixed,0xA400000000000001,14,directed,directed,210,294,-,-,384,NO,1270,pass,raw fixed-order candidate ledger
CALL,full_j4_fixed,0xA400000000000001,14,directed,directed,211,295,-,-,384,NO,1270,pass,raw fixed-order candidate ledger
CALL,full_j4_fixed,0xA400000000000001,14,directed,directed,212,296,-,-,384,NO,1270,pass,raw fixed-order candidate ledger
CALL,full_j4_fixed,0xA400000000000001,14,directed,directed,213,297,-,-,384,NO,1270,pass,raw fixed-order candidate ledger
CALL,full_j4_fixed,0xA400000000000001,14,directed,directed,214,298,-,-,384,NO,1270,pass,raw fixed-order candidate ledger
CALL,full_j4_fixed,0xA400000000000001,14,directed,directed,215,299,-,-,384,NO,1270,pass,raw fixed-order candidate ledger
CALL,full_j4_fixed,0xA400000000000001,14,directed,directed,216,300,-,-,384,NO,1270,pass,raw fixed-order candidate ledger
CALL,full_j4_fixed,0xA400000000000001,14,directed,directed,217,301,-,-,384,NO,1270,pass,raw fixed-order candidate ledger
CALL,full_j4_fixed,0xA400000000000001,14,directed,directed,218,302,-,-,384,NO,1270,pass,raw fixed-order candidate ledger
CALL,full_j4_fixed,0xA400000000000001,14,directed,directed,219,303,-,-,384,NO,1270,pass,raw fixed-order candidate ledger
CALL,full_j4_fixed,0xA400000000000001,14,directed,directed,220,304,-,-,384,NO,1270,pass,raw fixed-order candidate ledger
CALL,full_j4_fixed,0xA400000000000001,14,directed,directed,221,305,-,-,384,NO,1270,pass,raw fixed-order candidate ledger
CALL,full_j4_fixed,0xA400000000000001,14,directed,directed,222,306,-,-,384,NO,1270,pass,raw fixed-order candidate ledger
CALL,full_j4_fixed,0xA400000000000001,14,directed,directed,223,307,-,-,384,NO,1270,pass,raw fixed-order candidate ledger
CALL,full_j4_fixed,0xA400000000000001,14,directed,directed,224,308,-,-,384,NO,1270,pass,raw fixed-order candidate ledger
CALL,full_j4_fixed,0xA400000000000001,14,directed,directed,225,309,-,-,384,NO,1270,pass,raw fixed-order candidate ledger
CALL,full_j4_fixed,0xA400000000000001,14,directed,directed,226,310,-,-,384,NO,1270,pass,raw fixed-order candidate ledger
CALL,full_j4_fixed,0xA400000000000001,14,directed,directed,227,311,-,-,384,NO,1270,pass,raw fixed-order candidate ledger
CALL,full_j4_fixed,0xA400000000000001,14,directed,directed,228,312,-,-,384,NO,1270,pass,raw fixed-order candidate ledger
CALL,full_j4_fixed,0xA400000000000001,14,directed,directed,229,313,-,-,384,NO,1270,pass,raw fixed-order candidate ledger
CALL,full_j4_fixed,0xA400000000000001,14,directed,directed,230,314,-,-,384,NO,1270,pass,raw fixed-order candidate ledger
CALL,full_j4_fixed,0xA400000000000001,14,directed,directed,231,315,-,-,384,NO,1270,pass,raw fixed-order candidate ledger
CALL,full_j4_fixed,0xA400000000000001,14,directed,directed,232,316,-,-,384,NO,1270,pass,raw fixed-order candidate ledger
CALL,full_j4_fixed,0xA400000000000001,14,directed,directed,233,317,-,-,384,NO,1270,pass,raw fixed-order candidate ledger
CALL,full_j4_fixed,0xA400000000000001,14,directed,directed,234,318,-,-,384,NO,1270,pass,raw fixed-order candidate ledger
CALL,full_j4_fixed,0xA400000000000001,14,directed,directed,235,319,-,-,384,NO,1270,pass,raw fixed-order candidate ledger
CALL,full_j4_fixed,0xA400000000000001,14,directed,directed,236,320,-,-,384,NO,1270,pass,raw fixed-order candidate ledger
CALL,full_j4_fixed,0xA400000000000001,14,directed,directed,237,321,-,-,384,NO,1270,pass,raw fixed-order candidate ledger
CALL,full_j4_fixed,0xA400000000000001,14,directed,directed,238,322,-,-,384,NO,1270,pass,raw fixed-order candidate ledger
CALL,full_j4_fixed,0xA400000000000001,14,directed,directed,239,323,-,-,384,NO,1270,pass,raw fixed-order candidate ledger
CALL,full_j4_fixed,0xA400000000000001,14,directed,directed,240,324,-,-,384,NO,1270,pass,raw fixed-order candidate ledger
CALL,full_j4_fixed,0xA400000000000001,14,directed,directed,241,325,-,-,384,NO,1270,pass,raw fixed-order candidate ledger
CALL,full_j4_fixed,0xA400000000000001,14,directed,directed,242,326,-,-,384,NO,1270,pass,raw fixed-order candidate ledger
CALL,full_j4_fixed,0xA400000000000001,14,directed,directed,243,327,-,-,384,NO,1270,pass,raw fixed-order candidate ledger
CALL,full_j4_fixed,0xA400000000000001,14,directed,directed,244,328,-,-,384,NO,1270,pass,raw fixed-order candidate ledger
CALL,full_j4_fixed,0xA400000000000001,14,directed,directed,245,329,-,-,384,NO,1270,pass,raw fixed-order candidate ledger
CALL,full_j4_fixed,0xA400000000000001,14,directed,directed,246,330,-,-,384,NO,1270,pass,raw fixed-order candidate ledger
CALL,full_j4_fixed,0xA400000000000001,14,directed,directed,247,331,-,-,384,NO,1270,pass,raw fixed-order candidate ledger
CALL,full_j4_fixed,0xA400000000000001,14,directed,directed,248,332,-,-,384,NO,1270,pass,raw fixed-order candidate ledger
CALL,full_j4_fixed,0xA400000000000001,14,directed,directed,249,333,-,-,384,NO,1270,pass,raw fixed-order candidate ledger
CALL,full_j4_fixed,0xA400000000000001,14,directed,directed,250,334,-,-,384,NO,1270,pass,raw fixed-order candidate ledger
CALL,full_j4_fixed,0xA400000000000001,14,directed,directed,251,335,-,-,384,NO,1270,pass,raw fixed-order candidate ledger
CALL,full_j4_fixed,0xA400000000000001,14,directed,directed,252,336,-,-,384,NO,1270,pass,raw fixed-order candidate ledger
CALL,full_j4_fixed,0xA400000000000001,14,directed,directed,253,337,-,-,384,NO,1270,pass,raw fixed-order candidate ledger
CALL,full_j4_fixed,0xA400000000000001,14,directed,directed,254,338,-,-,384,NO,1270,pass,raw fixed-order candidate ledger
CALL,full_j4_fixed,0xA400000000000001,14,directed,directed,255,339,-,-,384,NO,1270,pass,raw fixed-order candidate ledger
CALL,full_j4_fixed,0xA400000000000001,14,directed,directed,256,340,-,-,384,NO,1270,pass,raw fixed-order candidate ledger
CALL,full_j4_fixed,0xA400000000000001,14,directed,directed,257,341,-,-,384,NO,1270,pass,raw fixed-order candidate ledger
CALL,full_j4_fixed,0xA400000000000001,14,directed,directed,258,342,-,-,384,NO,1270,pass,raw fixed-order candidate ledger
CALL,full_j4_fixed,0xA400000000000001,14,directed,directed,259,343,-,-,384,NO,1270,pass,raw fixed-order candidate ledger
CALL,full_j4_fixed,0xA400000000000001,14,directed,directed,260,344,-,-,384,NO,1270,pass,raw fixed-order candidate ledger
CALL,full_j4_fixed,0xA400000000000001,14,directed,directed,261,345,-,-,384,NO,1270,pass,raw fixed-order candidate ledger
CALL,full_j4_fixed,0xA400000000000001,14,directed,directed,262,346,-,-,384,NO,1270,pass,raw fixed-order candidate ledger
CALL,full_j4_fixed,0xA400000000000001,14,directed,directed,263,347,-,-,384,NO,1270,pass,raw fixed-order candidate ledger
CALL,full_j4_fixed,0xA400000000000001,14,directed,directed,264,348,-,-,384,NO,1270,pass,raw fixed-order candidate ledger
CALL,full_j4_fixed,0xA400000000000001,14,directed,directed,265,349,-,-,384,NO,1270,pass,raw fixed-order candidate ledger
CALL,full_j4_fixed,0xA400000000000001,14,directed,directed,266,350,-,-,384,NO,1270,pass,raw fixed-order candidate ledger
CALL,full_j4_fixed,0xA400000000000001,14,directed,directed,267,351,-,-,384,NO,1270,pass,raw fixed-order candidate ledger
CALL,full_j4_fixed,0xA400000000000001,14,directed,directed,268,352,-,-,384,NO,1270,pass,raw fixed-order candidate ledger
CALL,full_j4_fixed,0xA400000000000001,14,directed,directed,269,353,-,-,384,NO,1270,pass,raw fixed-order candidate ledger
CALL,full_j4_fixed,0xA400000000000001,14,directed,directed,270,354,-,-,384,NO,1270,pass,raw fixed-order candidate ledger
CALL,full_j4_fixed,0xA400000000000001,14,directed,directed,271,355,-,-,384,NO,1270,pass,raw fixed-order candidate ledger
CALL,full_j4_fixed,0xA400000000000001,14,directed,directed,272,356,-,-,384,NO,1270,pass,raw fixed-order candidate ledger
CALL,full_j4_fixed,0xA400000000000001,14,directed,directed,273,357,-,-,384,NO,1270,pass,raw fixed-order candidate ledger
CALL,full_j4_fixed,0xA400000000000001,14,directed,directed,274,358,-,-,384,NO,1270,pass,raw fixed-order candidate ledger
CALL,full_j4_fixed,0xA400000000000001,14,directed,directed,275,359,-,-,384,NO,1270,pass,raw fixed-order candidate ledger
CALL,full_j4_fixed,0xA400000000000001,14,directed,directed,276,360,-,-,384,NO,1270,pass,raw fixed-order candidate ledger
CALL,full_j4_fixed,0xA400000000000001,14,directed,directed,277,361,-,-,384,NO,1270,pass,raw fixed-order candidate ledger
CALL,full_j4_fixed,0xA400000000000001,14,directed,directed,278,362,-,-,384,NO,1270,pass,raw fixed-order candidate ledger
CALL,full_j4_fixed,0xA400000000000001,14,directed,directed,279,363,-,-,384,NO,1270,pass,raw fixed-order candidate ledger
CALL,full_j4_fixed,0xA400000000000001,14,directed,directed,280,364,-,-,384,NO,1270,pass,raw fixed-order candidate ledger
CALL,full_j4_fixed,0xA400000000000001,14,directed,directed,281,365,-,-,384,NO,1270,pass,raw fixed-order candidate ledger
CALL,full_j4_fixed,0xA400000000000001,14,directed,directed,282,366,-,-,384,NO,1270,pass,raw fixed-order candidate ledger
CALL,full_j4_fixed,0xA400000000000001,14,directed,directed,283,367,-,-,384,NO,1270,pass,raw fixed-order candidate ledger
CALL,full_j4_fixed,0xA400000000000001,14,directed,directed,284,368,-,-,384,NO,1270,pass,raw fixed-order candidate ledger
CALL,full_j4_fixed,0xA400000000000001,14,directed,directed,285,369,-,-,384,NO,1270,pass,raw fixed-order candidate ledger
CALL,full_j4_fixed,0xA400000000000001,14,directed,directed,286,370,-,-,384,NO,1270,pass,raw fixed-order candidate ledger
CALL,full_j4_fixed,0xA400000000000001,14,directed,directed,287,371,-,-,384,NO,1270,pass,raw fixed-order candidate ledger
CALL,full_j4_fixed,0xA400000000000001,14,directed,directed,288,372,-,-,384,NO,1270,pass,raw fixed-order candidate ledger
CALL,full_j4_fixed,0xA400000000000001,14,directed,directed,289,373,-,-,384,NO,1270,pass,raw fixed-order candidate ledger
CALL,full_j4_fixed,0xA400000000000001,14,directed,directed,290,374,-,-,384,NO,1270,pass,raw fixed-order candidate ledger
CALL,full_j4_fixed,0xA400000000000001,14,directed,directed,291,375,-,-,384,NO,1270,pass,raw fixed-order candidate ledger
CALL,full_j4_fixed,0xA400000000000001,14,directed,directed,292,376,-,-,384,NO,1270,pass,raw fixed-order candidate ledger
CALL,full_j4_fixed,0xA400000000000001,14,directed,directed,293,377,-,-,384,NO,1270,pass,raw fixed-order candidate ledger
CALL,full_j4_fixed,0xA400000000000001,14,directed,directed,294,378,-,-,384,NO,1270,pass,raw fixed-order candidate ledger
CALL,full_j4_fixed,0xA400000000000001,14,directed,directed,295,379,-,-,384,NO,1270,pass,raw fixed-order candidate ledger
CALL,full_j4_fixed,0xA400000000000001,14,directed,directed,296,380,-,-,384,NO,1270,pass,raw fixed-order candidate ledger
CALL,full_j4_fixed,0xA400000000000001,14,directed,directed,297,381,-,-,384,NO,1270,pass,raw fixed-order candidate ledger
CALL,full_j4_fixed,0xA400000000000001,14,directed,directed,298,382,-,-,384,NO,1270,pass,raw fixed-order candidate ledger
CALL,full_j4_fixed,0xA400000000000001,14,directed,directed,299,383,-,-,384,NO,1270,pass,raw fixed-order candidate ledger
CALL,full_j4_fixed,0xA400000000000001,14,directed,directed,300,384,-,-,384,NO,1270,pass,raw fixed-order candidate ledger
ATTRIBUTION,full_j4_fixed,0xA400000000000001,14,directed,directed,120,- ,204,121,384,YES,1270,pass,first exact inside J4 frozen bank order
ABLATION,full_j4_fixed,0xA400000000000001,14,directed,-,-,-,-,-,384,YES,1270,pass,predeclared bank ablation
ABLATION,no_global,0xA400000000000001,14,directed,-,-,-,-,-,354,YES,1270,pass,predeclared bank ablation
ABLATION,no_singleton,0xA400000000000001,14,directed,-,-,-,-,-,336,YES,1270,pass,predeclared bank ablation
ABLATION,no_none,0xA400000000000001,14,directed,-,-,-,-,-,379,YES,1270,pass,predeclared bank ablation
ABLATION,no_directed,0xA400000000000001,14,directed,-,-,-,-,-,83,NO,1270,pass,predeclared bank ablation
ABLATION,directed_100,0xA400000000000001,14,directed,-,-,-,-,-,183,NO,1270,pass,predeclared bank ablation
ABLATION,directed_200,0xA400000000000001,14,directed,-,-,-,-,-,283,YES,1270,pass,predeclared bank ablation
ABLATION,small_banks_only,0xA400000000000001,14,directed,-,-,-,-,-,83,NO,1270,pass,predeclared bank ablation
ABLATION,derived_minimal_prefix,0xA400000000000001,14,directed,-,-,-,-,-,127,YES,1270,pass,predeclared bank ablation
CALL,full_j4_fixed,0xA400000000000001,19,none,global,0,1,-,-,384,NO,1270,pass,raw fixed-order candidate ledger
CALL,full_j4_fixed,0xA400000000000001,19,none,global,1,2,-,-,384,NO,1270,pass,raw fixed-order candidate ledger
CALL,full_j4_fixed,0xA400000000000001,19,none,global,2,3,-,-,384,NO,1270,pass,raw fixed-order candidate ledger
CALL,full_j4_fixed,0xA400000000000001,19,none,global,3,4,-,-,384,NO,1270,pass,raw fixed-order candidate ledger
CALL,full_j4_fixed,0xA400000000000001,19,none,global,4,5,-,-,384,NO,1270,pass,raw fixed-order candidate ledger
CALL,full_j4_fixed,0xA400000000000001,19,none,global,5,6,-,-,384,NO,1270,pass,raw fixed-order candidate ledger
CALL,full_j4_fixed,0xA400000000000001,19,none,global,6,7,-,-,384,NO,1270,pass,raw fixed-order candidate ledger
CALL,full_j4_fixed,0xA400000000000001,19,none,global,7,8,-,-,384,NO,1270,pass,raw fixed-order candidate ledger
CALL,full_j4_fixed,0xA400000000000001,19,none,global,8,9,-,-,384,NO,1270,pass,raw fixed-order candidate ledger
CALL,full_j4_fixed,0xA400000000000001,19,none,global,9,10,-,-,384,NO,1270,pass,raw fixed-order candidate ledger
CALL,full_j4_fixed,0xA400000000000001,19,none,global,10,11,-,-,384,NO,1270,pass,raw fixed-order candidate ledger
CALL,full_j4_fixed,0xA400000000000001,19,none,global,11,12,-,-,384,NO,1270,pass,raw fixed-order candidate ledger
CALL,full_j4_fixed,0xA400000000000001,19,none,global,12,13,-,-,384,NO,1270,pass,raw fixed-order candidate ledger
CALL,full_j4_fixed,0xA400000000000001,19,none,global,13,14,-,-,384,NO,1270,pass,raw fixed-order candidate ledger
CALL,full_j4_fixed,0xA400000000000001,19,none,global,14,15,-,-,384,NO,1270,pass,raw fixed-order candidate ledger
CALL,full_j4_fixed,0xA400000000000001,19,none,global,15,16,-,-,384,NO,1270,pass,raw fixed-order candidate ledger
CALL,full_j4_fixed,0xA400000000000001,19,none,global,16,17,-,-,384,NO,1270,pass,raw fixed-order candidate ledger
CALL,full_j4_fixed,0xA400000000000001,19,none,global,17,18,-,-,384,NO,1270,pass,raw fixed-order candidate ledger
CALL,full_j4_fixed,0xA400000000000001,19,none,global,18,19,-,-,384,NO,1270,pass,raw fixed-order candidate ledger
CALL,full_j4_fixed,0xA400000000000001,19,none,global,19,20,-,-,384,NO,1270,pass,raw fixed-order candidate ledger
CALL,full_j4_fixed,0xA400000000000001,19,none,global,20,21,-,-,384,NO,1270,pass,raw fixed-order candidate ledger
CALL,full_j4_fixed,0xA400000000000001,19,none,global,21,22,-,-,384,NO,1270,pass,raw fixed-order candidate ledger
CALL,full_j4_fixed,0xA400000000000001,19,none,global,22,23,-,-,384,NO,1270,pass,raw fixed-order candidate ledger
CALL,full_j4_fixed,0xA400000000000001,19,none,global,23,24,-,-,384,NO,1270,pass,raw fixed-order candidate ledger
CALL,full_j4_fixed,0xA400000000000001,19,none,global,24,25,-,-,384,NO,1270,pass,raw fixed-order candidate ledger
CALL,full_j4_fixed,0xA400000000000001,19,none,global,25,26,-,-,384,NO,1270,pass,raw fixed-order candidate ledger
CALL,full_j4_fixed,0xA400000000000001,19,none,global,26,27,-,-,384,NO,1270,pass,raw fixed-order candidate ledger
CALL,full_j4_fixed,0xA400000000000001,19,none,global,27,28,-,-,384,NO,1270,pass,raw fixed-order candidate ledger
CALL,full_j4_fixed,0xA400000000000001,19,none,global,28,29,-,-,384,NO,1270,pass,raw fixed-order candidate ledger
CALL,full_j4_fixed,0xA400000000000001,19,none,global,29,30,-,-,384,NO,1270,pass,raw fixed-order candidate ledger
CALL,full_j4_fixed,0xA400000000000001,19,none,singleton,0,31,-,-,384,NO,1270,pass,raw fixed-order candidate ledger
CALL,full_j4_fixed,0xA400000000000001,19,none,singleton,1,32,-,-,384,NO,1270,pass,raw fixed-order candidate ledger
CALL,full_j4_fixed,0xA400000000000001,19,none,singleton,2,33,-,-,384,NO,1270,pass,raw fixed-order candidate ledger
CALL,full_j4_fixed,0xA400000000000001,19,none,singleton,3,34,-,-,384,NO,1270,pass,raw fixed-order candidate ledger
CALL,full_j4_fixed,0xA400000000000001,19,none,singleton,4,35,-,-,384,NO,1270,pass,raw fixed-order candidate ledger
CALL,full_j4_fixed,0xA400000000000001,19,none,singleton,5,36,-,-,384,NO,1270,pass,raw fixed-order candidate ledger
CALL,full_j4_fixed,0xA400000000000001,19,none,singleton,6,37,-,-,384,NO,1270,pass,raw fixed-order candidate ledger
CALL,full_j4_fixed,0xA400000000000001,19,none,singleton,7,38,-,-,384,NO,1270,pass,raw fixed-order candidate ledger
CALL,full_j4_fixed,0xA400000000000001,19,none,singleton,8,39,-,-,384,NO,1270,pass,raw fixed-order candidate ledger
CALL,full_j4_fixed,0xA400000000000001,19,none,singleton,9,40,-,-,384,NO,1270,pass,raw fixed-order candidate ledger
CALL,full_j4_fixed,0xA400000000000001,19,none,singleton,10,41,-,-,384,NO,1270,pass,raw fixed-order candidate ledger
CALL,full_j4_fixed,0xA400000000000001,19,none,singleton,11,42,-,-,384,NO,1270,pass,raw fixed-order candidate ledger
CALL,full_j4_fixed,0xA400000000000001,19,none,singleton,12,43,-,-,384,NO,1270,pass,raw fixed-order candidate ledger
CALL,full_j4_fixed,0xA400000000000001,19,none,singleton,13,44,-,-,384,NO,1270,pass,raw fixed-order candidate ledger
CALL,full_j4_fixed,0xA400000000000001,19,none,singleton,14,45,-,-,384,NO,1270,pass,raw fixed-order candidate ledger
CALL,full_j4_fixed,0xA400000000000001,19,none,singleton,15,46,-,-,384,NO,1270,pass,raw fixed-order candidate ledger
CALL,full_j4_fixed,0xA400000000000001,19,none,singleton,16,47,-,-,384,NO,1270,pass,raw fixed-order candidate ledger
CALL,full_j4_fixed,0xA400000000000001,19,none,singleton,17,48,-,-,384,NO,1270,pass,raw fixed-order candidate ledger
CALL,full_j4_fixed,0xA400000000000001,19,none,singleton,18,49,-,-,384,NO,1270,pass,raw fixed-order candidate ledger
CALL,full_j4_fixed,0xA400000000000001,19,none,singleton,19,50,-,-,384,NO,1270,pass,raw fixed-order candidate ledger
CALL,full_j4_fixed,0xA400000000000001,19,none,singleton,20,51,-,-,384,NO,1270,pass,raw fixed-order candidate ledger
CALL,full_j4_fixed,0xA400000000000001,19,none,singleton,21,52,-,-,384,NO,1270,pass,raw fixed-order candidate ledger
CALL,full_j4_fixed,0xA400000000000001,19,none,singleton,22,53,-,-,384,NO,1270,pass,raw fixed-order candidate ledger
CALL,full_j4_fixed,0xA400000000000001,19,none,singleton,23,54,-,-,384,NO,1270,pass,raw fixed-order candidate ledger
CALL,full_j4_fixed,0xA400000000000001,19,none,singleton,24,55,-,-,384,NO,1270,pass,raw fixed-order candidate ledger
CALL,full_j4_fixed,0xA400000000000001,19,none,singleton,25,56,-,-,384,NO,1270,pass,raw fixed-order candidate ledger
CALL,full_j4_fixed,0xA400000000000001,19,none,singleton,26,57,-,-,384,NO,1270,pass,raw fixed-order candidate ledger
CALL,full_j4_fixed,0xA400000000000001,19,none,singleton,27,58,-,-,384,NO,1270,pass,raw fixed-order candidate ledger
CALL,full_j4_fixed,0xA400000000000001,19,none,singleton,28,59,-,-,384,NO,1270,pass,raw fixed-order candidate ledger
CALL,full_j4_fixed,0xA400000000000001,19,none,singleton,29,60,-,-,384,NO,1270,pass,raw fixed-order candidate ledger
CALL,full_j4_fixed,0xA400000000000001,19,none,singleton,30,61,-,-,384,NO,1270,pass,raw fixed-order candidate ledger
CALL,full_j4_fixed,0xA400000000000001,19,none,singleton,31,62,-,-,384,NO,1270,pass,raw fixed-order candidate ledger
CALL,full_j4_fixed,0xA400000000000001,19,none,singleton,32,63,-,-,384,NO,1270,pass,raw fixed-order candidate ledger
CALL,full_j4_fixed,0xA400000000000001,19,none,singleton,33,64,-,-,384,NO,1270,pass,raw fixed-order candidate ledger
CALL,full_j4_fixed,0xA400000000000001,19,none,singleton,34,65,-,-,384,NO,1270,pass,raw fixed-order candidate ledger
CALL,full_j4_fixed,0xA400000000000001,19,none,singleton,35,66,-,-,384,NO,1270,pass,raw fixed-order candidate ledger
CALL,full_j4_fixed,0xA400000000000001,19,none,singleton,36,67,-,-,384,NO,1270,pass,raw fixed-order candidate ledger
CALL,full_j4_fixed,0xA400000000000001,19,none,singleton,37,68,-,-,384,NO,1270,pass,raw fixed-order candidate ledger
CALL,full_j4_fixed,0xA400000000000001,19,none,singleton,38,69,-,-,384,NO,1270,pass,raw fixed-order candidate ledger
CALL,full_j4_fixed,0xA400000000000001,19,none,singleton,39,70,-,-,384,NO,1270,pass,raw fixed-order candidate ledger
CALL,full_j4_fixed,0xA400000000000001,19,none,singleton,40,71,-,-,384,NO,1270,pass,raw fixed-order candidate ledger
CALL,full_j4_fixed,0xA400000000000001,19,none,singleton,41,72,-,-,384,NO,1270,pass,raw fixed-order candidate ledger
CALL,full_j4_fixed,0xA400000000000001,19,none,singleton,42,73,-,-,384,NO,1270,pass,raw fixed-order candidate ledger
CALL,full_j4_fixed,0xA400000000000001,19,none,singleton,43,74,-,-,384,NO,1270,pass,raw fixed-order candidate ledger
CALL,full_j4_fixed,0xA400000000000001,19,none,singleton,44,75,-,-,384,NO,1270,pass,raw fixed-order candidate ledger
CALL,full_j4_fixed,0xA400000000000001,19,none,singleton,45,76,-,-,384,NO,1270,pass,raw fixed-order candidate ledger
CALL,full_j4_fixed,0xA400000000000001,19,none,singleton,46,77,-,-,384,NO,1270,pass,raw fixed-order candidate ledger
CALL,full_j4_fixed,0xA400000000000001,19,none,singleton,47,78,-,-,384,NO,1270,pass,raw fixed-order candidate ledger
CALL,full_j4_fixed,0xA400000000000001,19,none,none,0,79,-,-,384,YES,1270,pass,raw fixed-order candidate ledger
CALL,full_j4_fixed,0xA400000000000001,19,none,none,1,80,-,-,384,NO,1270,pass,raw fixed-order candidate ledger
CALL,full_j4_fixed,0xA400000000000001,19,none,none,2,81,-,-,384,NO,1270,pass,raw fixed-order candidate ledger
CALL,full_j4_fixed,0xA400000000000001,19,none,none,3,82,-,-,384,NO,1270,pass,raw fixed-order candidate ledger
CALL,full_j4_fixed,0xA400000000000001,19,none,none,4,83,-,-,384,NO,1270,pass,raw fixed-order candidate ledger
ATTRIBUTION,full_j4_fixed,0xA400000000000001,19,none,none,0,- ,79,1,384,YES,1270,pass,first exact inside J4 frozen bank order
CALL,full_j4_fixed,0xA400000000000001,19,none,directed,0,84,-,-,384,NO,1270,pass,raw fixed-order candidate ledger
CALL,full_j4_fixed,0xA400000000000001,19,none,directed,1,85,-,-,384,NO,1270,pass,raw fixed-order candidate ledger
CALL,full_j4_fixed,0xA400000000000001,19,none,directed,2,86,-,-,384,NO,1270,pass,raw fixed-order candidate ledger
CALL,full_j4_fixed,0xA400000000000001,19,none,directed,3,87,-,-,384,NO,1270,pass,raw fixed-order candidate ledger
CALL,full_j4_fixed,0xA400000000000001,19,none,directed,4,88,-,-,384,NO,1270,pass,raw fixed-order candidate ledger
CALL,full_j4_fixed,0xA400000000000001,19,none,directed,5,89,-,-,384,NO,1270,pass,raw fixed-order candidate ledger
CALL,full_j4_fixed,0xA400000000000001,19,none,directed,6,90,-,-,384,NO,1270,pass,raw fixed-order candidate ledger
CALL,full_j4_fixed,0xA400000000000001,19,none,directed,7,91,-,-,384,NO,1270,pass,raw fixed-order candidate ledger
CALL,full_j4_fixed,0xA400000000000001,19,none,directed,8,92,-,-,384,NO,1270,pass,raw fixed-order candidate ledger
CALL,full_j4_fixed,0xA400000000000001,19,none,directed,9,93,-,-,384,NO,1270,pass,raw fixed-order candidate ledger
CALL,full_j4_fixed,0xA400000000000001,19,none,directed,10,94,-,-,384,NO,1270,pass,raw fixed-order candidate ledger
CALL,full_j4_fixed,0xA400000000000001,19,none,directed,11,95,-,-,384,NO,1270,pass,raw fixed-order candidate ledger
CALL,full_j4_fixed,0xA400000000000001,19,none,directed,12,96,-,-,384,NO,1270,pass,raw fixed-order candidate ledger
CALL,full_j4_fixed,0xA400000000000001,19,none,directed,13,97,-,-,384,NO,1270,pass,raw fixed-order candidate ledger
CALL,full_j4_fixed,0xA400000000000001,19,none,directed,14,98,-,-,384,NO,1270,pass,raw fixed-order candidate ledger
CALL,full_j4_fixed,0xA400000000000001,19,none,directed,15,99,-,-,384,NO,1270,pass,raw fixed-order candidate ledger
CALL,full_j4_fixed,0xA400000000000001,19,none,directed,16,100,-,-,384,NO,1270,pass,raw fixed-order candidate ledger
CALL,full_j4_fixed,0xA400000000000001,19,none,directed,17,101,-,-,384,NO,1270,pass,raw fixed-order candidate ledger
CALL,full_j4_fixed,0xA400000000000001,19,none,directed,18,102,-,-,384,NO,1270,pass,raw fixed-order candidate ledger
CALL,full_j4_fixed,0xA400000000000001,19,none,directed,19,103,-,-,384,NO,1270,pass,raw fixed-order candidate ledger
CALL,full_j4_fixed,0xA400000000000001,19,none,directed,20,104,-,-,384,NO,1270,pass,raw fixed-order candidate ledger
CALL,full_j4_fixed,0xA400000000000001,19,none,directed,21,105,-,-,384,NO,1270,pass,raw fixed-order candidate ledger
CALL,full_j4_fixed,0xA400000000000001,19,none,directed,22,106,-,-,384,NO,1270,pass,raw fixed-order candidate ledger
CALL,full_j4_fixed,0xA400000000000001,19,none,directed,23,107,-,-,384,NO,1270,pass,raw fixed-order candidate ledger
CALL,full_j4_fixed,0xA400000000000001,19,none,directed,24,108,-,-,384,NO,1270,pass,raw fixed-order candidate ledger
CALL,full_j4_fixed,0xA400000000000001,19,none,directed,25,109,-,-,384,NO,1270,pass,raw fixed-order candidate ledger
CALL,full_j4_fixed,0xA400000000000001,19,none,directed,26,110,-,-,384,NO,1270,pass,raw fixed-order candidate ledger
CALL,full_j4_fixed,0xA400000000000001,19,none,directed,27,111,-,-,384,NO,1270,pass,raw fixed-order candidate ledger
CALL,full_j4_fixed,0xA400000000000001,19,none,directed,28,112,-,-,384,NO,1270,pass,raw fixed-order candidate ledger
CALL,full_j4_fixed,0xA400000000000001,19,none,directed,29,113,-,-,384,NO,1270,pass,raw fixed-order candidate ledger
CALL,full_j4_fixed,0xA400000000000001,19,none,directed,30,114,-,-,384,NO,1270,pass,raw fixed-order candidate ledger
CALL,full_j4_fixed,0xA400000000000001,19,none,directed,31,115,-,-,384,NO,1270,pass,raw fixed-order candidate ledger
CALL,full_j4_fixed,0xA400000000000001,19,none,directed,32,116,-,-,384,NO,1270,pass,raw fixed-order candidate ledger
CALL,full_j4_fixed,0xA400000000000001,19,none,directed,33,117,-,-,384,NO,1270,pass,raw fixed-order candidate ledger
CALL,full_j4_fixed,0xA400000000000001,19,none,directed,34,118,-,-,384,NO,1270,pass,raw fixed-order candidate ledger
CALL,full_j4_fixed,0xA400000000000001,19,none,directed,35,119,-,-,384,NO,1270,pass,raw fixed-order candidate ledger
CALL,full_j4_fixed,0xA400000000000001,19,none,directed,36,120,-,-,384,NO,1270,pass,raw fixed-order candidate ledger
CALL,full_j4_fixed,0xA400000000000001,19,none,directed,37,121,-,-,384,NO,1270,pass,raw fixed-order candidate ledger
CALL,full_j4_fixed,0xA400000000000001,19,none,directed,38,122,-,-,384,NO,1270,pass,raw fixed-order candidate ledger
CALL,full_j4_fixed,0xA400000000000001,19,none,directed,39,123,-,-,384,NO,1270,pass,raw fixed-order candidate ledger
CALL,full_j4_fixed,0xA400000000000001,19,none,directed,40,124,-,-,384,NO,1270,pass,raw fixed-order candidate ledger
CALL,full_j4_fixed,0xA400000000000001,19,none,directed,41,125,-,-,384,NO,1270,pass,raw fixed-order candidate ledger
CALL,full_j4_fixed,0xA400000000000001,19,none,directed,42,126,-,-,384,NO,1270,pass,raw fixed-order candidate ledger
CALL,full_j4_fixed,0xA400000000000001,19,none,directed,43,127,-,-,384,NO,1270,pass,raw fixed-order candidate ledger
CALL,full_j4_fixed,0xA400000000000001,19,none,directed,44,128,-,-,384,NO,1270,pass,raw fixed-order candidate ledger
CALL,full_j4_fixed,0xA400000000000001,19,none,directed,45,129,-,-,384,NO,1270,pass,raw fixed-order candidate ledger
CALL,full_j4_fixed,0xA400000000000001,19,none,directed,46,130,-,-,384,NO,1270,pass,raw fixed-order candidate ledger
CALL,full_j4_fixed,0xA400000000000001,19,none,directed,47,131,-,-,384,NO,1270,pass,raw fixed-order candidate ledger
CALL,full_j4_fixed,0xA400000000000001,19,none,directed,48,132,-,-,384,NO,1270,pass,raw fixed-order candidate ledger
CALL,full_j4_fixed,0xA400000000000001,19,none,directed,49,133,-,-,384,NO,1270,pass,raw fixed-order candidate ledger
CALL,full_j4_fixed,0xA400000000000001,19,none,directed,50,134,-,-,384,NO,1270,pass,raw fixed-order candidate ledger
CALL,full_j4_fixed,0xA400000000000001,19,none,directed,51,135,-,-,384,NO,1270,pass,raw fixed-order candidate ledger
CALL,full_j4_fixed,0xA400000000000001,19,none,directed,52,136,-,-,384,NO,1270,pass,raw fixed-order candidate ledger
CALL,full_j4_fixed,0xA400000000000001,19,none,directed,53,137,-,-,384,NO,1270,pass,raw fixed-order candidate ledger
CALL,full_j4_fixed,0xA400000000000001,19,none,directed,54,138,-,-,384,NO,1270,pass,raw fixed-order candidate ledger
CALL,full_j4_fixed,0xA400000000000001,19,none,directed,55,139,-,-,384,NO,1270,pass,raw fixed-order candidate ledger
CALL,full_j4_fixed,0xA400000000000001,19,none,directed,56,140,-,-,384,NO,1270,pass,raw fixed-order candidate ledger
CALL,full_j4_fixed,0xA400000000000001,19,none,directed,57,141,-,-,384,NO,1270,pass,raw fixed-order candidate ledger
CALL,full_j4_fixed,0xA400000000000001,19,none,directed,58,142,-,-,384,NO,1270,pass,raw fixed-order candidate ledger
CALL,full_j4_fixed,0xA400000000000001,19,none,directed,59,143,-,-,384,NO,1270,pass,raw fixed-order candidate ledger
CALL,full_j4_fixed,0xA400000000000001,19,none,directed,60,144,-,-,384,NO,1270,pass,raw fixed-order candidate ledger
CALL,full_j4_fixed,0xA400000000000001,19,none,directed,61,145,-,-,384,NO,1270,pass,raw fixed-order candidate ledger
CALL,full_j4_fixed,0xA400000000000001,19,none,directed,62,146,-,-,384,NO,1270,pass,raw fixed-order candidate ledger
CALL,full_j4_fixed,0xA400000000000001,19,none,directed,63,147,-,-,384,NO,1270,pass,raw fixed-order candidate ledger
CALL,full_j4_fixed,0xA400000000000001,19,none,directed,64,148,-,-,384,NO,1270,pass,raw fixed-order candidate ledger
CALL,full_j4_fixed,0xA400000000000001,19,none,directed,65,149,-,-,384,NO,1270,pass,raw fixed-order candidate ledger
CALL,full_j4_fixed,0xA400000000000001,19,none,directed,66,150,-,-,384,NO,1270,pass,raw fixed-order candidate ledger
CALL,full_j4_fixed,0xA400000000000001,19,none,directed,67,151,-,-,384,NO,1270,pass,raw fixed-order candidate ledger
CALL,full_j4_fixed,0xA400000000000001,19,none,directed,68,152,-,-,384,NO,1270,pass,raw fixed-order candidate ledger
CALL,full_j4_fixed,0xA400000000000001,19,none,directed,69,153,-,-,384,NO,1270,pass,raw fixed-order candidate ledger
CALL,full_j4_fixed,0xA400000000000001,19,none,directed,70,154,-,-,384,NO,1270,pass,raw fixed-order candidate ledger
CALL,full_j4_fixed,0xA400000000000001,19,none,directed,71,155,-,-,384,NO,1270,pass,raw fixed-order candidate ledger
CALL,full_j4_fixed,0xA400000000000001,19,none,directed,72,156,-,-,384,NO,1270,pass,raw fixed-order candidate ledger
CALL,full_j4_fixed,0xA400000000000001,19,none,directed,73,157,-,-,384,NO,1270,pass,raw fixed-order candidate ledger
CALL,full_j4_fixed,0xA400000000000001,19,none,directed,74,158,-,-,384,NO,1270,pass,raw fixed-order candidate ledger
CALL,full_j4_fixed,0xA400000000000001,19,none,directed,75,159,-,-,384,NO,1270,pass,raw fixed-order candidate ledger
CALL,full_j4_fixed,0xA400000000000001,19,none,directed,76,160,-,-,384,NO,1270,pass,raw fixed-order candidate ledger
CALL,full_j4_fixed,0xA400000000000001,19,none,directed,77,161,-,-,384,NO,1270,pass,raw fixed-order candidate ledger
CALL,full_j4_fixed,0xA400000000000001,19,none,directed,78,162,-,-,384,NO,1270,pass,raw fixed-order candidate ledger
CALL,full_j4_fixed,0xA400000000000001,19,none,directed,79,163,-,-,384,NO,1270,pass,raw fixed-order candidate ledger
CALL,full_j4_fixed,0xA400000000000001,19,none,directed,80,164,-,-,384,NO,1270,pass,raw fixed-order candidate ledger
CALL,full_j4_fixed,0xA400000000000001,19,none,directed,81,165,-,-,384,NO,1270,pass,raw fixed-order candidate ledger
CALL,full_j4_fixed,0xA400000000000001,19,none,directed,82,166,-,-,384,NO,1270,pass,raw fixed-order candidate ledger
CALL,full_j4_fixed,0xA400000000000001,19,none,directed,83,167,-,-,384,NO,1270,pass,raw fixed-order candidate ledger
CALL,full_j4_fixed,0xA400000000000001,19,none,directed,84,168,-,-,384,NO,1270,pass,raw fixed-order candidate ledger
CALL,full_j4_fixed,0xA400000000000001,19,none,directed,85,169,-,-,384,NO,1270,pass,raw fixed-order candidate ledger
CALL,full_j4_fixed,0xA400000000000001,19,none,directed,86,170,-,-,384,NO,1270,pass,raw fixed-order candidate ledger
CALL,full_j4_fixed,0xA400000000000001,19,none,directed,87,171,-,-,384,NO,1270,pass,raw fixed-order candidate ledger
CALL,full_j4_fixed,0xA400000000000001,19,none,directed,88,172,-,-,384,NO,1270,pass,raw fixed-order candidate ledger
CALL,full_j4_fixed,0xA400000000000001,19,none,directed,89,173,-,-,384,NO,1270,pass,raw fixed-order candidate ledger
CALL,full_j4_fixed,0xA400000000000001,19,none,directed,90,174,-,-,384,NO,1270,pass,raw fixed-order candidate ledger
CALL,full_j4_fixed,0xA400000000000001,19,none,directed,91,175,-,-,384,NO,1270,pass,raw fixed-order candidate ledger
CALL,full_j4_fixed,0xA400000000000001,19,none,directed,92,176,-,-,384,NO,1270,pass,raw fixed-order candidate ledger
CALL,full_j4_fixed,0xA400000000000001,19,none,directed,93,177,-,-,384,NO,1270,pass,raw fixed-order candidate ledger
CALL,full_j4_fixed,0xA400000000000001,19,none,directed,94,178,-,-,384,NO,1270,pass,raw fixed-order candidate ledger
CALL,full_j4_fixed,0xA400000000000001,19,none,directed,95,179,-,-,384,NO,1270,pass,raw fixed-order candidate ledger
CALL,full_j4_fixed,0xA400000000000001,19,none,directed,96,180,-,-,384,NO,1270,pass,raw fixed-order candidate ledger
CALL,full_j4_fixed,0xA400000000000001,19,none,directed,97,181,-,-,384,NO,1270,pass,raw fixed-order candidate ledger
CALL,full_j4_fixed,0xA400000000000001,19,none,directed,98,182,-,-,384,NO,1270,pass,raw fixed-order candidate ledger
CALL,full_j4_fixed,0xA400000000000001,19,none,directed,99,183,-,-,384,NO,1270,pass,raw fixed-order candidate ledger
CALL,full_j4_fixed,0xA400000000000001,19,none,directed,100,184,-,-,384,NO,1270,pass,raw fixed-order candidate ledger
CALL,full_j4_fixed,0xA400000000000001,19,none,directed,101,185,-,-,384,NO,1270,pass,raw fixed-order candidate ledger
CALL,full_j4_fixed,0xA400000000000001,19,none,directed,102,186,-,-,384,NO,1270,pass,raw fixed-order candidate ledger
CALL,full_j4_fixed,0xA400000000000001,19,none,directed,103,187,-,-,384,NO,1270,pass,raw fixed-order candidate ledger
CALL,full_j4_fixed,0xA400000000000001,19,none,directed,104,188,-,-,384,NO,1270,pass,raw fixed-order candidate ledger
CALL,full_j4_fixed,0xA400000000000001,19,none,directed,105,189,-,-,384,NO,1270,pass,raw fixed-order candidate ledger
CALL,full_j4_fixed,0xA400000000000001,19,none,directed,106,190,-,-,384,NO,1270,pass,raw fixed-order candidate ledger
CALL,full_j4_fixed,0xA400000000000001,19,none,directed,107,191,-,-,384,NO,1270,pass,raw fixed-order candidate ledger
CALL,full_j4_fixed,0xA400000000000001,19,none,directed,108,192,-,-,384,NO,1270,pass,raw fixed-order candidate ledger
CALL,full_j4_fixed,0xA400000000000001,19,none,directed,109,193,-,-,384,NO,1270,pass,raw fixed-order candidate ledger
CALL,full_j4_fixed,0xA400000000000001,19,none,directed,110,194,-,-,384,NO,1270,pass,raw fixed-order candidate ledger
CALL,full_j4_fixed,0xA400000000000001,19,none,directed,111,195,-,-,384,NO,1270,pass,raw fixed-order candidate ledger
CALL,full_j4_fixed,0xA400000000000001,19,none,directed,112,196,-,-,384,NO,1270,pass,raw fixed-order candidate ledger
CALL,full_j4_fixed,0xA400000000000001,19,none,directed,113,197,-,-,384,NO,1270,pass,raw fixed-order candidate ledger
CALL,full_j4_fixed,0xA400000000000001,19,none,directed,114,198,-,-,384,NO,1270,pass,raw fixed-order candidate ledger
CALL,full_j4_fixed,0xA400000000000001,19,none,directed,115,199,-,-,384,NO,1270,pass,raw fixed-order candidate ledger
CALL,full_j4_fixed,0xA400000000000001,19,none,directed,116,200,-,-,384,NO,1270,pass,raw fixed-order candidate ledger
CALL,full_j4_fixed,0xA400000000000001,19,none,directed,117,201,-,-,384,NO,1270,pass,raw fixed-order candidate ledger
CALL,full_j4_fixed,0xA400000000000001,19,none,directed,118,202,-,-,384,NO,1270,pass,raw fixed-order candidate ledger
CALL,full_j4_fixed,0xA400000000000001,19,none,directed,119,203,-,-,384,NO,1270,pass,raw fixed-order candidate ledger
CALL,full_j4_fixed,0xA400000000000001,19,none,directed,120,204,-,-,384,NO,1270,pass,raw fixed-order candidate ledger
CALL,full_j4_fixed,0xA400000000000001,19,none,directed,121,205,-,-,384,NO,1270,pass,raw fixed-order candidate ledger
CALL,full_j4_fixed,0xA400000000000001,19,none,directed,122,206,-,-,384,NO,1270,pass,raw fixed-order candidate ledger
CALL,full_j4_fixed,0xA400000000000001,19,none,directed,123,207,-,-,384,NO,1270,pass,raw fixed-order candidate ledger
CALL,full_j4_fixed,0xA400000000000001,19,none,directed,124,208,-,-,384,NO,1270,pass,raw fixed-order candidate ledger
CALL,full_j4_fixed,0xA400000000000001,19,none,directed,125,209,-,-,384,NO,1270,pass,raw fixed-order candidate ledger
CALL,full_j4_fixed,0xA400000000000001,19,none,directed,126,210,-,-,384,NO,1270,pass,raw fixed-order candidate ledger
CALL,full_j4_fixed,0xA400000000000001,19,none,directed,127,211,-,-,384,NO,1270,pass,raw fixed-order candidate ledger
CALL,full_j4_fixed,0xA400000000000001,19,none,directed,128,212,-,-,384,NO,1270,pass,raw fixed-order candidate ledger
CALL,full_j4_fixed,0xA400000000000001,19,none,directed,129,213,-,-,384,NO,1270,pass,raw fixed-order candidate ledger
CALL,full_j4_fixed,0xA400000000000001,19,none,directed,130,214,-,-,384,NO,1270,pass,raw fixed-order candidate ledger
CALL,full_j4_fixed,0xA400000000000001,19,none,directed,131,215,-,-,384,NO,1270,pass,raw fixed-order candidate ledger
CALL,full_j4_fixed,0xA400000000000001,19,none,directed,132,216,-,-,384,NO,1270,pass,raw fixed-order candidate ledger
CALL,full_j4_fixed,0xA400000000000001,19,none,directed,133,217,-,-,384,NO,1270,pass,raw fixed-order candidate ledger
CALL,full_j4_fixed,0xA400000000000001,19,none,directed,134,218,-,-,384,NO,1270,pass,raw fixed-order candidate ledger
CALL,full_j4_fixed,0xA400000000000001,19,none,directed,135,219,-,-,384,NO,1270,pass,raw fixed-order candidate ledger
CALL,full_j4_fixed,0xA400000000000001,19,none,directed,136,220,-,-,384,NO,1270,pass,raw fixed-order candidate ledger
CALL,full_j4_fixed,0xA400000000000001,19,none,directed,137,221,-,-,384,NO,1270,pass,raw fixed-order candidate ledger
CALL,full_j4_fixed,0xA400000000000001,19,none,directed,138,222,-,-,384,NO,1270,pass,raw fixed-order candidate ledger
CALL,full_j4_fixed,0xA400000000000001,19,none,directed,139,223,-,-,384,NO,1270,pass,raw fixed-order candidate ledger
CALL,full_j4_fixed,0xA400000000000001,19,none,directed,140,224,-,-,384,NO,1270,pass,raw fixed-order candidate ledger
CALL,full_j4_fixed,0xA400000000000001,19,none,directed,141,225,-,-,384,NO,1270,pass,raw fixed-order candidate ledger
CALL,full_j4_fixed,0xA400000000000001,19,none,directed,142,226,-,-,384,NO,1270,pass,raw fixed-order candidate ledger
CALL,full_j4_fixed,0xA400000000000001,19,none,directed,143,227,-,-,384,NO,1270,pass,raw fixed-order candidate ledger
CALL,full_j4_fixed,0xA400000000000001,19,none,directed,144,228,-,-,384,NO,1270,pass,raw fixed-order candidate ledger
CALL,full_j4_fixed,0xA400000000000001,19,none,directed,145,229,-,-,384,NO,1270,pass,raw fixed-order candidate ledger
CALL,full_j4_fixed,0xA400000000000001,19,none,directed,146,230,-,-,384,NO,1270,pass,raw fixed-order candidate ledger
CALL,full_j4_fixed,0xA400000000000001,19,none,directed,147,231,-,-,384,NO,1270,pass,raw fixed-order candidate ledger
CALL,full_j4_fixed,0xA400000000000001,19,none,directed,148,232,-,-,384,NO,1270,pass,raw fixed-order candidate ledger
CALL,full_j4_fixed,0xA400000000000001,19,none,directed,149,233,-,-,384,NO,1270,pass,raw fixed-order candidate ledger
CALL,full_j4_fixed,0xA400000000000001,19,none,directed,150,234,-,-,384,NO,1270,pass,raw fixed-order candidate ledger
CALL,full_j4_fixed,0xA400000000000001,19,none,directed,151,235,-,-,384,NO,1270,pass,raw fixed-order candidate ledger
CALL,full_j4_fixed,0xA400000000000001,19,none,directed,152,236,-,-,384,NO,1270,pass,raw fixed-order candidate ledger
CALL,full_j4_fixed,0xA400000000000001,19,none,directed,153,237,-,-,384,NO,1270,pass,raw fixed-order candidate ledger
CALL,full_j4_fixed,0xA400000000000001,19,none,directed,154,238,-,-,384,NO,1270,pass,raw fixed-order candidate ledger
CALL,full_j4_fixed,0xA400000000000001,19,none,directed,155,239,-,-,384,NO,1270,pass,raw fixed-order candidate ledger
CALL,full_j4_fixed,0xA400000000000001,19,none,directed,156,240,-,-,384,NO,1270,pass,raw fixed-order candidate ledger
CALL,full_j4_fixed,0xA400000000000001,19,none,directed,157,241,-,-,384,NO,1270,pass,raw fixed-order candidate ledger
CALL,full_j4_fixed,0xA400000000000001,19,none,directed,158,242,-,-,384,NO,1270,pass,raw fixed-order candidate ledger
CALL,full_j4_fixed,0xA400000000000001,19,none,directed,159,243,-,-,384,NO,1270,pass,raw fixed-order candidate ledger
CALL,full_j4_fixed,0xA400000000000001,19,none,directed,160,244,-,-,384,NO,1270,pass,raw fixed-order candidate ledger
CALL,full_j4_fixed,0xA400000000000001,19,none,directed,161,245,-,-,384,NO,1270,pass,raw fixed-order candidate ledger
CALL,full_j4_fixed,0xA400000000000001,19,none,directed,162,246,-,-,384,NO,1270,pass,raw fixed-order candidate ledger
CALL,full_j4_fixed,0xA400000000000001,19,none,directed,163,247,-,-,384,NO,1270,pass,raw fixed-order candidate ledger
CALL,full_j4_fixed,0xA400000000000001,19,none,directed,164,248,-,-,384,NO,1270,pass,raw fixed-order candidate ledger
CALL,full_j4_fixed,0xA400000000000001,19,none,directed,165,249,-,-,384,NO,1270,pass,raw fixed-order candidate ledger
CALL,full_j4_fixed,0xA400000000000001,19,none,directed,166,250,-,-,384,NO,1270,pass,raw fixed-order candidate ledger
CALL,full_j4_fixed,0xA400000000000001,19,none,directed,167,251,-,-,384,NO,1270,pass,raw fixed-order candidate ledger
CALL,full_j4_fixed,0xA400000000000001,19,none,directed,168,252,-,-,384,NO,1270,pass,raw fixed-order candidate ledger
CALL,full_j4_fixed,0xA400000000000001,19,none,directed,169,253,-,-,384,NO,1270,pass,raw fixed-order candidate ledger
CALL,full_j4_fixed,0xA400000000000001,19,none,directed,170,254,-,-,384,NO,1270,pass,raw fixed-order candidate ledger
CALL,full_j4_fixed,0xA400000000000001,19,none,directed,171,255,-,-,384,NO,1270,pass,raw fixed-order candidate ledger
CALL,full_j4_fixed,0xA400000000000001,19,none,directed,172,256,-,-,384,NO,1270,pass,raw fixed-order candidate ledger
CALL,full_j4_fixed,0xA400000000000001,19,none,directed,173,257,-,-,384,NO,1270,pass,raw fixed-order candidate ledger
CALL,full_j4_fixed,0xA400000000000001,19,none,directed,174,258,-,-,384,NO,1270,pass,raw fixed-order candidate ledger
CALL,full_j4_fixed,0xA400000000000001,19,none,directed,175,259,-,-,384,NO,1270,pass,raw fixed-order candidate ledger
CALL,full_j4_fixed,0xA400000000000001,19,none,directed,176,260,-,-,384,NO,1270,pass,raw fixed-order candidate ledger
CALL,full_j4_fixed,0xA400000000000001,19,none,directed,177,261,-,-,384,NO,1270,pass,raw fixed-order candidate ledger
CALL,full_j4_fixed,0xA400000000000001,19,none,directed,178,262,-,-,384,NO,1270,pass,raw fixed-order candidate ledger
CALL,full_j4_fixed,0xA400000000000001,19,none,directed,179,263,-,-,384,NO,1270,pass,raw fixed-order candidate ledger
CALL,full_j4_fixed,0xA400000000000001,19,none,directed,180,264,-,-,384,NO,1270,pass,raw fixed-order candidate ledger
CALL,full_j4_fixed,0xA400000000000001,19,none,directed,181,265,-,-,384,NO,1270,pass,raw fixed-order candidate ledger
CALL,full_j4_fixed,0xA400000000000001,19,none,directed,182,266,-,-,384,NO,1270,pass,raw fixed-order candidate ledger
CALL,full_j4_fixed,0xA400000000000001,19,none,directed,183,267,-,-,384,NO,1270,pass,raw fixed-order candidate ledger
CALL,full_j4_fixed,0xA400000000000001,19,none,directed,184,268,-,-,384,NO,1270,pass,raw fixed-order candidate ledger
CALL,full_j4_fixed,0xA400000000000001,19,none,directed,185,269,-,-,384,NO,1270,pass,raw fixed-order candidate ledger
CALL,full_j4_fixed,0xA400000000000001,19,none,directed,186,270,-,-,384,NO,1270,pass,raw fixed-order candidate ledger
CALL,full_j4_fixed,0xA400000000000001,19,none,directed,187,271,-,-,384,NO,1270,pass,raw fixed-order candidate ledger
CALL,full_j4_fixed,0xA400000000000001,19,none,directed,188,272,-,-,384,NO,1270,pass,raw fixed-order candidate ledger
CALL,full_j4_fixed,0xA400000000000001,19,none,directed,189,273,-,-,384,NO,1270,pass,raw fixed-order candidate ledger
CALL,full_j4_fixed,0xA400000000000001,19,none,directed,190,274,-,-,384,NO,1270,pass,raw fixed-order candidate ledger
CALL,full_j4_fixed,0xA400000000000001,19,none,directed,191,275,-,-,384,NO,1270,pass,raw fixed-order candidate ledger
CALL,full_j4_fixed,0xA400000000000001,19,none,directed,192,276,-,-,384,NO,1270,pass,raw fixed-order candidate ledger
CALL,full_j4_fixed,0xA400000000000001,19,none,directed,193,277,-,-,384,NO,1270,pass,raw fixed-order candidate ledger
CALL,full_j4_fixed,0xA400000000000001,19,none,directed,194,278,-,-,384,NO,1270,pass,raw fixed-order candidate ledger
CALL,full_j4_fixed,0xA400000000000001,19,none,directed,195,279,-,-,384,NO,1270,pass,raw fixed-order candidate ledger
CALL,full_j4_fixed,0xA400000000000001,19,none,directed,196,280,-,-,384,NO,1270,pass,raw fixed-order candidate ledger
CALL,full_j4_fixed,0xA400000000000001,19,none,directed,197,281,-,-,384,NO,1270,pass,raw fixed-order candidate ledger
CALL,full_j4_fixed,0xA400000000000001,19,none,directed,198,282,-,-,384,NO,1270,pass,raw fixed-order candidate ledger
CALL,full_j4_fixed,0xA400000000000001,19,none,directed,199,283,-,-,384,NO,1270,pass,raw fixed-order candidate ledger
CALL,full_j4_fixed,0xA400000000000001,19,none,directed,200,284,-,-,384,NO,1270,pass,raw fixed-order candidate ledger
CALL,full_j4_fixed,0xA400000000000001,19,none,directed,201,285,-,-,384,NO,1270,pass,raw fixed-order candidate ledger
CALL,full_j4_fixed,0xA400000000000001,19,none,directed,202,286,-,-,384,NO,1270,pass,raw fixed-order candidate ledger
CALL,full_j4_fixed,0xA400000000000001,19,none,directed,203,287,-,-,384,NO,1270,pass,raw fixed-order candidate ledger
CALL,full_j4_fixed,0xA400000000000001,19,none,directed,204,288,-,-,384,NO,1270,pass,raw fixed-order candidate ledger
CALL,full_j4_fixed,0xA400000000000001,19,none,directed,205,289,-,-,384,NO,1270,pass,raw fixed-order candidate ledger
CALL,full_j4_fixed,0xA400000000000001,19,none,directed,206,290,-,-,384,NO,1270,pass,raw fixed-order candidate ledger
CALL,full_j4_fixed,0xA400000000000001,19,none,directed,207,291,-,-,384,NO,1270,pass,raw fixed-order candidate ledger
CALL,full_j4_fixed,0xA400000000000001,19,none,directed,208,292,-,-,384,NO,1270,pass,raw fixed-order candidate ledger
CALL,full_j4_fixed,0xA400000000000001,19,none,directed,209,293,-,-,384,NO,1270,pass,raw fixed-order candidate ledger
CALL,full_j4_fixed,0xA400000000000001,19,none,directed,210,294,-,-,384,NO,1270,pass,raw fixed-order candidate ledger
CALL,full_j4_fixed,0xA400000000000001,19,none,directed,211,295,-,-,384,NO,1270,pass,raw fixed-order candidate ledger
CALL,full_j4_fixed,0xA400000000000001,19,none,directed,212,296,-,-,384,NO,1270,pass,raw fixed-order candidate ledger
CALL,full_j4_fixed,0xA400000000000001,19,none,directed,213,297,-,-,384,NO,1270,pass,raw fixed-order candidate ledger
CALL,full_j4_fixed,0xA400000000000001,19,none,directed,214,298,-,-,384,NO,1270,pass,raw fixed-order candidate ledger
CALL,full_j4_fixed,0xA400000000000001,19,none,directed,215,299,-,-,384,NO,1270,pass,raw fixed-order candidate ledger
CALL,full_j4_fixed,0xA400000000000001,19,none,directed,216,300,-,-,384,NO,1270,pass,raw fixed-order candidate ledger
CALL,full_j4_fixed,0xA400000000000001,19,none,directed,217,301,-,-,384,NO,1270,pass,raw fixed-order candidate ledger
CALL,full_j4_fixed,0xA400000000000001,19,none,directed,218,302,-,-,384,NO,1270,pass,raw fixed-order candidate ledger
CALL,full_j4_fixed,0xA400000000000001,19,none,directed,219,303,-,-,384,NO,1270,pass,raw fixed-order candidate ledger
CALL,full_j4_fixed,0xA400000000000001,19,none,directed,220,304,-,-,384,NO,1270,pass,raw fixed-order candidate ledger
CALL,full_j4_fixed,0xA400000000000001,19,none,directed,221,305,-,-,384,NO,1270,pass,raw fixed-order candidate ledger
CALL,full_j4_fixed,0xA400000000000001,19,none,directed,222,306,-,-,384,NO,1270,pass,raw fixed-order candidate ledger
CALL,full_j4_fixed,0xA400000000000001,19,none,directed,223,307,-,-,384,NO,1270,pass,raw fixed-order candidate ledger
CALL,full_j4_fixed,0xA400000000000001,19,none,directed,224,308,-,-,384,NO,1270,pass,raw fixed-order candidate ledger
CALL,full_j4_fixed,0xA400000000000001,19,none,directed,225,309,-,-,384,NO,1270,pass,raw fixed-order candidate ledger
CALL,full_j4_fixed,0xA400000000000001,19,none,directed,226,310,-,-,384,NO,1270,pass,raw fixed-order candidate ledger
CALL,full_j4_fixed,0xA400000000000001,19,none,directed,227,311,-,-,384,NO,1270,pass,raw fixed-order candidate ledger
CALL,full_j4_fixed,0xA400000000000001,19,none,directed,228,312,-,-,384,NO,1270,pass,raw fixed-order candidate ledger
CALL,full_j4_fixed,0xA400000000000001,19,none,directed,229,313,-,-,384,NO,1270,pass,raw fixed-order candidate ledger
CALL,full_j4_fixed,0xA400000000000001,19,none,directed,230,314,-,-,384,NO,1270,pass,raw fixed-order candidate ledger
CALL,full_j4_fixed,0xA400000000000001,19,none,directed,231,315,-,-,384,NO,1270,pass,raw fixed-order candidate ledger
CALL,full_j4_fixed,0xA400000000000001,19,none,directed,232,316,-,-,384,NO,1270,pass,raw fixed-order candidate ledger
CALL,full_j4_fixed,0xA400000000000001,19,none,directed,233,317,-,-,384,NO,1270,pass,raw fixed-order candidate ledger
CALL,full_j4_fixed,0xA400000000000001,19,none,directed,234,318,-,-,384,NO,1270,pass,raw fixed-order candidate ledger
CALL,full_j4_fixed,0xA400000000000001,19,none,directed,235,319,-,-,384,NO,1270,pass,raw fixed-order candidate ledger
CALL,full_j4_fixed,0xA400000000000001,19,none,directed,236,320,-,-,384,NO,1270,pass,raw fixed-order candidate ledger
CALL,full_j4_fixed,0xA400000000000001,19,none,directed,237,321,-,-,384,NO,1270,pass,raw fixed-order candidate ledger
CALL,full_j4_fixed,0xA400000000000001,19,none,directed,238,322,-,-,384,NO,1270,pass,raw fixed-order candidate ledger
CALL,full_j4_fixed,0xA400000000000001,19,none,directed,239,323,-,-,384,NO,1270,pass,raw fixed-order candidate ledger
CALL,full_j4_fixed,0xA400000000000001,19,none,directed,240,324,-,-,384,NO,1270,pass,raw fixed-order candidate ledger
CALL,full_j4_fixed,0xA400000000000001,19,none,directed,241,325,-,-,384,NO,1270,pass,raw fixed-order candidate ledger
CALL,full_j4_fixed,0xA400000000000001,19,none,directed,242,326,-,-,384,NO,1270,pass,raw fixed-order candidate ledger
CALL,full_j4_fixed,0xA400000000000001,19,none,directed,243,327,-,-,384,NO,1270,pass,raw fixed-order candidate ledger
CALL,full_j4_fixed,0xA400000000000001,19,none,directed,244,328,-,-,384,NO,1270,pass,raw fixed-order candidate ledger
CALL,full_j4_fixed,0xA400000000000001,19,none,directed,245,329,-,-,384,NO,1270,pass,raw fixed-order candidate ledger
CALL,full_j4_fixed,0xA400000000000001,19,none,directed,246,330,-,-,384,NO,1270,pass,raw fixed-order candidate ledger
CALL,full_j4_fixed,0xA400000000000001,19,none,directed,247,331,-,-,384,NO,1270,pass,raw fixed-order candidate ledger
CALL,full_j4_fixed,0xA400000000000001,19,none,directed,248,332,-,-,384,NO,1270,pass,raw fixed-order candidate ledger
CALL,full_j4_fixed,0xA400000000000001,19,none,directed,249,333,-,-,384,NO,1270,pass,raw fixed-order candidate ledger
CALL,full_j4_fixed,0xA400000000000001,19,none,directed,250,334,-,-,384,NO,1270,pass,raw fixed-order candidate ledger
CALL,full_j4_fixed,0xA400000000000001,19,none,directed,251,335,-,-,384,NO,1270,pass,raw fixed-order candidate ledger
CALL,full_j4_fixed,0xA400000000000001,19,none,directed,252,336,-,-,384,NO,1270,pass,raw fixed-order candidate ledger
CALL,full_j4_fixed,0xA400000000000001,19,none,directed,253,337,-,-,384,NO,1270,pass,raw fixed-order candidate ledger
CALL,full_j4_fixed,0xA400000000000001,19,none,directed,254,338,-,-,384,NO,1270,pass,raw fixed-order candidate ledger
CALL,full_j4_fixed,0xA400000000000001,19,none,directed,255,339,-,-,384,NO,1270,pass,raw fixed-order candidate ledger
CALL,full_j4_fixed,0xA400000000000001,19,none,directed,256,340,-,-,384,NO,1270,pass,raw fixed-order candidate ledger
CALL,full_j4_fixed,0xA400000000000001,19,none,directed,257,341,-,-,384,NO,1270,pass,raw fixed-order candidate ledger
CALL,full_j4_fixed,0xA400000000000001,19,none,directed,258,342,-,-,384,NO,1270,pass,raw fixed-order candidate ledger
CALL,full_j4_fixed,0xA400000000000001,19,none,directed,259,343,-,-,384,NO,1270,pass,raw fixed-order candidate ledger
CALL,full_j4_fixed,0xA400000000000001,19,none,directed,260,344,-,-,384,NO,1270,pass,raw fixed-order candidate ledger
CALL,full_j4_fixed,0xA400000000000001,19,none,directed,261,345,-,-,384,NO,1270,pass,raw fixed-order candidate ledger
CALL,full_j4_fixed,0xA400000000000001,19,none,directed,262,346,-,-,384,NO,1270,pass,raw fixed-order candidate ledger
CALL,full_j4_fixed,0xA400000000000001,19,none,directed,263,347,-,-,384,NO,1270,pass,raw fixed-order candidate ledger
CALL,full_j4_fixed,0xA400000000000001,19,none,directed,264,348,-,-,384,NO,1270,pass,raw fixed-order candidate ledger
CALL,full_j4_fixed,0xA400000000000001,19,none,directed,265,349,-,-,384,NO,1270,pass,raw fixed-order candidate ledger
CALL,full_j4_fixed,0xA400000000000001,19,none,directed,266,350,-,-,384,NO,1270,pass,raw fixed-order candidate ledger
CALL,full_j4_fixed,0xA400000000000001,19,none,directed,267,351,-,-,384,NO,1270,pass,raw fixed-order candidate ledger
CALL,full_j4_fixed,0xA400000000000001,19,none,directed,268,352,-,-,384,NO,1270,pass,raw fixed-order candidate ledger
CALL,full_j4_fixed,0xA400000000000001,19,none,directed,269,353,-,-,384,NO,1270,pass,raw fixed-order candidate ledger
CALL,full_j4_fixed,0xA400000000000001,19,none,directed,270,354,-,-,384,NO,1270,pass,raw fixed-order candidate ledger
CALL,full_j4_fixed,0xA400000000000001,19,none,directed,271,355,-,-,384,NO,1270,pass,raw fixed-order candidate ledger
CALL,full_j4_fixed,0xA400000000000001,19,none,directed,272,356,-,-,384,NO,1270,pass,raw fixed-order candidate ledger
CALL,full_j4_fixed,0xA400000000000001,19,none,directed,273,357,-,-,384,NO,1270,pass,raw fixed-order candidate ledger
CALL,full_j4_fixed,0xA400000000000001,19,none,directed,274,358,-,-,384,NO,1270,pass,raw fixed-order candidate ledger
CALL,full_j4_fixed,0xA400000000000001,19,none,directed,275,359,-,-,384,NO,1270,pass,raw fixed-order candidate ledger
CALL,full_j4_fixed,0xA400000000000001,19,none,directed,276,360,-,-,384,NO,1270,pass,raw fixed-order candidate ledger
CALL,full_j4_fixed,0xA400000000000001,19,none,directed,277,361,-,-,384,NO,1270,pass,raw fixed-order candidate ledger
CALL,full_j4_fixed,0xA400000000000001,19,none,directed,278,362,-,-,384,NO,1270,pass,raw fixed-order candidate ledger
CALL,full_j4_fixed,0xA400000000000001,19,none,directed,279,363,-,-,384,NO,1270,pass,raw fixed-order candidate ledger
CALL,full_j4_fixed,0xA400000000000001,19,none,directed,280,364,-,-,384,NO,1270,pass,raw fixed-order candidate ledger
CALL,full_j4_fixed,0xA400000000000001,19,none,directed,281,365,-,-,384,NO,1270,pass,raw fixed-order candidate ledger
CALL,full_j4_fixed,0xA400000000000001,19,none,directed,282,366,-,-,384,NO,1270,pass,raw fixed-order candidate ledger
CALL,full_j4_fixed,0xA400000000000001,19,none,directed,283,367,-,-,384,NO,1270,pass,raw fixed-order candidate ledger
CALL,full_j4_fixed,0xA400000000000001,19,none,directed,284,368,-,-,384,NO,1270,pass,raw fixed-order candidate ledger
CALL,full_j4_fixed,0xA400000000000001,19,none,directed,285,369,-,-,384,NO,1270,pass,raw fixed-order candidate ledger
CALL,full_j4_fixed,0xA400000000000001,19,none,directed,286,370,-,-,384,NO,1270,pass,raw fixed-order candidate ledger
CALL,full_j4_fixed,0xA400000000000001,19,none,directed,287,371,-,-,384,NO,1270,pass,raw fixed-order candidate ledger
CALL,full_j4_fixed,0xA400000000000001,19,none,directed,288,372,-,-,384,NO,1270,pass,raw fixed-order candidate ledger
CALL,full_j4_fixed,0xA400000000000001,19,none,directed,289,373,-,-,384,NO,1270,pass,raw fixed-order candidate ledger
CALL,full_j4_fixed,0xA400000000000001,19,none,directed,290,374,-,-,384,NO,1270,pass,raw fixed-order candidate ledger
CALL,full_j4_fixed,0xA400000000000001,19,none,directed,291,375,-,-,384,NO,1270,pass,raw fixed-order candidate ledger
CALL,full_j4_fixed,0xA400000000000001,19,none,directed,292,376,-,-,384,NO,1270,pass,raw fixed-order candidate ledger
CALL,full_j4_fixed,0xA400000000000001,19,none,directed,293,377,-,-,384,NO,1270,pass,raw fixed-order candidate ledger
CALL,full_j4_fixed,0xA400000000000001,19,none,directed,294,378,-,-,384,NO,1270,pass,raw fixed-order candidate ledger
CALL,full_j4_fixed,0xA400000000000001,19,none,directed,295,379,-,-,384,NO,1270,pass,raw fixed-order candidate ledger
CALL,full_j4_fixed,0xA400000000000001,19,none,directed,296,380,-,-,384,NO,1270,pass,raw fixed-order candidate ledger
CALL,full_j4_fixed,0xA400000000000001,19,none,directed,297,381,-,-,384,NO,1270,pass,raw fixed-order candidate ledger
CALL,full_j4_fixed,0xA400000000000001,19,none,directed,298,382,-,-,384,NO,1270,pass,raw fixed-order candidate ledger
CALL,full_j4_fixed,0xA400000000000001,19,none,directed,299,383,-,-,384,NO,1270,pass,raw fixed-order candidate ledger
CALL,full_j4_fixed,0xA400000000000001,19,none,directed,300,384,-,-,384,NO,1270,pass,raw fixed-order candidate ledger
ABLATION,full_j4_fixed,0xA400000000000001,19,none,-,-,-,-,-,384,YES,1270,pass,predeclared bank ablation
ABLATION,no_global,0xA400000000000001,19,none,-,-,-,-,-,354,YES,1270,pass,predeclared bank ablation
ABLATION,no_singleton,0xA400000000000001,19,none,-,-,-,-,-,336,YES,1270,pass,predeclared bank ablation
ABLATION,no_none,0xA400000000000001,19,none,-,-,-,-,-,379,NO,1270,pass,predeclared bank ablation
ABLATION,no_directed,0xA400000000000001,19,none,-,-,-,-,-,83,YES,1270,pass,predeclared bank ablation
ABLATION,directed_100,0xA400000000000001,19,none,-,-,-,-,-,183,YES,1270,pass,predeclared bank ablation
ABLATION,directed_200,0xA400000000000001,19,none,-,-,-,-,-,283,YES,1270,pass,predeclared bank ablation
ABLATION,small_banks_only,0xA400000000000001,19,none,-,-,-,-,-,83,YES,1270,pass,predeclared bank ablation
ABLATION,derived_minimal_prefix,0xA400000000000001,19,none,-,-,-,-,-,127,YES,1270,pass,predeclared bank ablation
CALL,full_j4_fixed,0xA400000000000002,4,global,global,0,1,-,-,384,NO,1270,pass,raw fixed-order candidate ledger
CALL,full_j4_fixed,0xA400000000000002,4,global,global,1,2,-,-,384,NO,1270,pass,raw fixed-order candidate ledger
CALL,full_j4_fixed,0xA400000000000002,4,global,global,2,3,-,-,384,NO,1270,pass,raw fixed-order candidate ledger
CALL,full_j4_fixed,0xA400000000000002,4,global,global,3,4,-,-,384,NO,1270,pass,raw fixed-order candidate ledger
CALL,full_j4_fixed,0xA400000000000002,4,global,global,4,5,-,-,384,YES,1270,pass,raw fixed-order candidate ledger
CALL,full_j4_fixed,0xA400000000000002,4,global,global,5,6,-,-,384,NO,1270,pass,raw fixed-order candidate ledger
CALL,full_j4_fixed,0xA400000000000002,4,global,global,6,7,-,-,384,NO,1270,pass,raw fixed-order candidate ledger
CALL,full_j4_fixed,0xA400000000000002,4,global,global,7,8,-,-,384,NO,1270,pass,raw fixed-order candidate ledger
CALL,full_j4_fixed,0xA400000000000002,4,global,global,8,9,-,-,384,NO,1270,pass,raw fixed-order candidate ledger
CALL,full_j4_fixed,0xA400000000000002,4,global,global,9,10,-,-,384,NO,1270,pass,raw fixed-order candidate ledger
CALL,full_j4_fixed,0xA400000000000002,4,global,global,10,11,-,-,384,NO,1270,pass,raw fixed-order candidate ledger
CALL,full_j4_fixed,0xA400000000000002,4,global,global,11,12,-,-,384,NO,1270,pass,raw fixed-order candidate ledger
CALL,full_j4_fixed,0xA400000000000002,4,global,global,12,13,-,-,384,NO,1270,pass,raw fixed-order candidate ledger
CALL,full_j4_fixed,0xA400000000000002,4,global,global,13,14,-,-,384,NO,1270,pass,raw fixed-order candidate ledger
CALL,full_j4_fixed,0xA400000000000002,4,global,global,14,15,-,-,384,NO,1270,pass,raw fixed-order candidate ledger
CALL,full_j4_fixed,0xA400000000000002,4,global,global,15,16,-,-,384,NO,1270,pass,raw fixed-order candidate ledger
CALL,full_j4_fixed,0xA400000000000002,4,global,global,16,17,-,-,384,NO,1270,pass,raw fixed-order candidate ledger
CALL,full_j4_fixed,0xA400000000000002,4,global,global,17,18,-,-,384,NO,1270,pass,raw fixed-order candidate ledger
CALL,full_j4_fixed,0xA400000000000002,4,global,global,18,19,-,-,384,NO,1270,pass,raw fixed-order candidate ledger
CALL,full_j4_fixed,0xA400000000000002,4,global,global,19,20,-,-,384,NO,1270,pass,raw fixed-order candidate ledger
CALL,full_j4_fixed,0xA400000000000002,4,global,global,20,21,-,-,384,NO,1270,pass,raw fixed-order candidate ledger
CALL,full_j4_fixed,0xA400000000000002,4,global,global,21,22,-,-,384,NO,1270,pass,raw fixed-order candidate ledger
CALL,full_j4_fixed,0xA400000000000002,4,global,global,22,23,-,-,384,NO,1270,pass,raw fixed-order candidate ledger
CALL,full_j4_fixed,0xA400000000000002,4,global,global,23,24,-,-,384,NO,1270,pass,raw fixed-order candidate ledger
CALL,full_j4_fixed,0xA400000000000002,4,global,global,24,25,-,-,384,NO,1270,pass,raw fixed-order candidate ledger
CALL,full_j4_fixed,0xA400000000000002,4,global,global,25,26,-,-,384,NO,1270,pass,raw fixed-order candidate ledger
CALL,full_j4_fixed,0xA400000000000002,4,global,global,26,27,-,-,384,NO,1270,pass,raw fixed-order candidate ledger
CALL,full_j4_fixed,0xA400000000000002,4,global,global,27,28,-,-,384,NO,1270,pass,raw fixed-order candidate ledger
CALL,full_j4_fixed,0xA400000000000002,4,global,global,28,29,-,-,384,NO,1270,pass,raw fixed-order candidate ledger
CALL,full_j4_fixed,0xA400000000000002,4,global,global,29,30,-,-,384,NO,1270,pass,raw fixed-order candidate ledger
ATTRIBUTION,full_j4_fixed,0xA400000000000002,4,global,global,4,- ,5,5,384,YES,1270,pass,first exact inside J4 frozen bank order
CALL,full_j4_fixed,0xA400000000000002,4,global,singleton,0,31,-,-,384,NO,1270,pass,raw fixed-order candidate ledger
CALL,full_j4_fixed,0xA400000000000002,4,global,singleton,1,32,-,-,384,NO,1270,pass,raw fixed-order candidate ledger
CALL,full_j4_fixed,0xA400000000000002,4,global,singleton,2,33,-,-,384,NO,1270,pass,raw fixed-order candidate ledger
CALL,full_j4_fixed,0xA400000000000002,4,global,singleton,3,34,-,-,384,NO,1270,pass,raw fixed-order candidate ledger
CALL,full_j4_fixed,0xA400000000000002,4,global,singleton,4,35,-,-,384,NO,1270,pass,raw fixed-order candidate ledger
CALL,full_j4_fixed,0xA400000000000002,4,global,singleton,5,36,-,-,384,NO,1270,pass,raw fixed-order candidate ledger
CALL,full_j4_fixed,0xA400000000000002,4,global,singleton,6,37,-,-,384,NO,1270,pass,raw fixed-order candidate ledger
CALL,full_j4_fixed,0xA400000000000002,4,global,singleton,7,38,-,-,384,NO,1270,pass,raw fixed-order candidate ledger
CALL,full_j4_fixed,0xA400000000000002,4,global,singleton,8,39,-,-,384,NO,1270,pass,raw fixed-order candidate ledger
CALL,full_j4_fixed,0xA400000000000002,4,global,singleton,9,40,-,-,384,NO,1270,pass,raw fixed-order candidate ledger
CALL,full_j4_fixed,0xA400000000000002,4,global,singleton,10,41,-,-,384,NO,1270,pass,raw fixed-order candidate ledger
CALL,full_j4_fixed,0xA400000000000002,4,global,singleton,11,42,-,-,384,NO,1270,pass,raw fixed-order candidate ledger
CALL,full_j4_fixed,0xA400000000000002,4,global,singleton,12,43,-,-,384,NO,1270,pass,raw fixed-order candidate ledger
CALL,full_j4_fixed,0xA400000000000002,4,global,singleton,13,44,-,-,384,NO,1270,pass,raw fixed-order candidate ledger
CALL,full_j4_fixed,0xA400000000000002,4,global,singleton,14,45,-,-,384,NO,1270,pass,raw fixed-order candidate ledger
CALL,full_j4_fixed,0xA400000000000002,4,global,singleton,15,46,-,-,384,NO,1270,pass,raw fixed-order candidate ledger
CALL,full_j4_fixed,0xA400000000000002,4,global,singleton,16,47,-,-,384,NO,1270,pass,raw fixed-order candidate ledger
CALL,full_j4_fixed,0xA400000000000002,4,global,singleton,17,48,-,-,384,NO,1270,pass,raw fixed-order candidate ledger
CALL,full_j4_fixed,0xA400000000000002,4,global,singleton,18,49,-,-,384,NO,1270,pass,raw fixed-order candidate ledger
CALL,full_j4_fixed,0xA400000000000002,4,global,singleton,19,50,-,-,384,NO,1270,pass,raw fixed-order candidate ledger
CALL,full_j4_fixed,0xA400000000000002,4,global,singleton,20,51,-,-,384,NO,1270,pass,raw fixed-order candidate ledger
CALL,full_j4_fixed,0xA400000000000002,4,global,singleton,21,52,-,-,384,NO,1270,pass,raw fixed-order candidate ledger
CALL,full_j4_fixed,0xA400000000000002,4,global,singleton,22,53,-,-,384,NO,1270,pass,raw fixed-order candidate ledger
CALL,full_j4_fixed,0xA400000000000002,4,global,singleton,23,54,-,-,384,NO,1270,pass,raw fixed-order candidate ledger
CALL,full_j4_fixed,0xA400000000000002,4,global,singleton,24,55,-,-,384,NO,1270,pass,raw fixed-order candidate ledger
CALL,full_j4_fixed,0xA400000000000002,4,global,singleton,25,56,-,-,384,NO,1270,pass,raw fixed-order candidate ledger
CALL,full_j4_fixed,0xA400000000000002,4,global,singleton,26,57,-,-,384,NO,1270,pass,raw fixed-order candidate ledger
CALL,full_j4_fixed,0xA400000000000002,4,global,singleton,27,58,-,-,384,NO,1270,pass,raw fixed-order candidate ledger
CALL,full_j4_fixed,0xA400000000000002,4,global,singleton,28,59,-,-,384,NO,1270,pass,raw fixed-order candidate ledger
CALL,full_j4_fixed,0xA400000000000002,4,global,singleton,29,60,-,-,384,NO,1270,pass,raw fixed-order candidate ledger
CALL,full_j4_fixed,0xA400000000000002,4,global,singleton,30,61,-,-,384,NO,1270,pass,raw fixed-order candidate ledger
CALL,full_j4_fixed,0xA400000000000002,4,global,singleton,31,62,-,-,384,NO,1270,pass,raw fixed-order candidate ledger
CALL,full_j4_fixed,0xA400000000000002,4,global,singleton,32,63,-,-,384,NO,1270,pass,raw fixed-order candidate ledger
CALL,full_j4_fixed,0xA400000000000002,4,global,singleton,33,64,-,-,384,NO,1270,pass,raw fixed-order candidate ledger
CALL,full_j4_fixed,0xA400000000000002,4,global,singleton,34,65,-,-,384,NO,1270,pass,raw fixed-order candidate ledger
CALL,full_j4_fixed,0xA400000000000002,4,global,singleton,35,66,-,-,384,NO,1270,pass,raw fixed-order candidate ledger
CALL,full_j4_fixed,0xA400000000000002,4,global,singleton,36,67,-,-,384,NO,1270,pass,raw fixed-order candidate ledger
CALL,full_j4_fixed,0xA400000000000002,4,global,singleton,37,68,-,-,384,NO,1270,pass,raw fixed-order candidate ledger
CALL,full_j4_fixed,0xA400000000000002,4,global,singleton,38,69,-,-,384,NO,1270,pass,raw fixed-order candidate ledger
CALL,full_j4_fixed,0xA400000000000002,4,global,singleton,39,70,-,-,384,NO,1270,pass,raw fixed-order candidate ledger
CALL,full_j4_fixed,0xA400000000000002,4,global,singleton,40,71,-,-,384,NO,1270,pass,raw fixed-order candidate ledger
CALL,full_j4_fixed,0xA400000000000002,4,global,singleton,41,72,-,-,384,NO,1270,pass,raw fixed-order candidate ledger
CALL,full_j4_fixed,0xA400000000000002,4,global,singleton,42,73,-,-,384,NO,1270,pass,raw fixed-order candidate ledger
CALL,full_j4_fixed,0xA400000000000002,4,global,singleton,43,74,-,-,384,NO,1270,pass,raw fixed-order candidate ledger
CALL,full_j4_fixed,0xA400000000000002,4,global,singleton,44,75,-,-,384,NO,1270,pass,raw fixed-order candidate ledger
CALL,full_j4_fixed,0xA400000000000002,4,global,singleton,45,76,-,-,384,NO,1270,pass,raw fixed-order candidate ledger
CALL,full_j4_fixed,0xA400000000000002,4,global,singleton,46,77,-,-,384,NO,1270,pass,raw fixed-order candidate ledger
CALL,full_j4_fixed,0xA400000000000002,4,global,singleton,47,78,-,-,384,NO,1270,pass,raw fixed-order candidate ledger
CALL,full_j4_fixed,0xA400000000000002,4,global,none,0,79,-,-,384,NO,1270,pass,raw fixed-order candidate ledger
CALL,full_j4_fixed,0xA400000000000002,4,global,none,1,80,-,-,384,NO,1270,pass,raw fixed-order candidate ledger
CALL,full_j4_fixed,0xA400000000000002,4,global,none,2,81,-,-,384,NO,1270,pass,raw fixed-order candidate ledger
CALL,full_j4_fixed,0xA400000000000002,4,global,none,3,82,-,-,384,NO,1270,pass,raw fixed-order candidate ledger
CALL,full_j4_fixed,0xA400000000000002,4,global,none,4,83,-,-,384,NO,1270,pass,raw fixed-order candidate ledger
CALL,full_j4_fixed,0xA400000000000002,4,global,directed,0,84,-,-,384,NO,1270,pass,raw fixed-order candidate ledger
CALL,full_j4_fixed,0xA400000000000002,4,global,directed,1,85,-,-,384,NO,1270,pass,raw fixed-order candidate ledger
CALL,full_j4_fixed,0xA400000000000002,4,global,directed,2,86,-,-,384,NO,1270,pass,raw fixed-order candidate ledger
CALL,full_j4_fixed,0xA400000000000002,4,global,directed,3,87,-,-,384,NO,1270,pass,raw fixed-order candidate ledger
CALL,full_j4_fixed,0xA400000000000002,4,global,directed,4,88,-,-,384,NO,1270,pass,raw fixed-order candidate ledger
CALL,full_j4_fixed,0xA400000000000002,4,global,directed,5,89,-,-,384,NO,1270,pass,raw fixed-order candidate ledger
CALL,full_j4_fixed,0xA400000000000002,4,global,directed,6,90,-,-,384,NO,1270,pass,raw fixed-order candidate ledger
CALL,full_j4_fixed,0xA400000000000002,4,global,directed,7,91,-,-,384,NO,1270,pass,raw fixed-order candidate ledger
CALL,full_j4_fixed,0xA400000000000002,4,global,directed,8,92,-,-,384,NO,1270,pass,raw fixed-order candidate ledger
CALL,full_j4_fixed,0xA400000000000002,4,global,directed,9,93,-,-,384,NO,1270,pass,raw fixed-order candidate ledger
CALL,full_j4_fixed,0xA400000000000002,4,global,directed,10,94,-,-,384,NO,1270,pass,raw fixed-order candidate ledger
CALL,full_j4_fixed,0xA400000000000002,4,global,directed,11,95,-,-,384,NO,1270,pass,raw fixed-order candidate ledger
CALL,full_j4_fixed,0xA400000000000002,4,global,directed,12,96,-,-,384,NO,1270,pass,raw fixed-order candidate ledger
CALL,full_j4_fixed,0xA400000000000002,4,global,directed,13,97,-,-,384,NO,1270,pass,raw fixed-order candidate ledger
CALL,full_j4_fixed,0xA400000000000002,4,global,directed,14,98,-,-,384,NO,1270,pass,raw fixed-order candidate ledger
CALL,full_j4_fixed,0xA400000000000002,4,global,directed,15,99,-,-,384,NO,1270,pass,raw fixed-order candidate ledger
CALL,full_j4_fixed,0xA400000000000002,4,global,directed,16,100,-,-,384,NO,1270,pass,raw fixed-order candidate ledger
CALL,full_j4_fixed,0xA400000000000002,4,global,directed,17,101,-,-,384,NO,1270,pass,raw fixed-order candidate ledger
CALL,full_j4_fixed,0xA400000000000002,4,global,directed,18,102,-,-,384,NO,1270,pass,raw fixed-order candidate ledger
CALL,full_j4_fixed,0xA400000000000002,4,global,directed,19,103,-,-,384,NO,1270,pass,raw fixed-order candidate ledger
CALL,full_j4_fixed,0xA400000000000002,4,global,directed,20,104,-,-,384,NO,1270,pass,raw fixed-order candidate ledger
CALL,full_j4_fixed,0xA400000000000002,4,global,directed,21,105,-,-,384,NO,1270,pass,raw fixed-order candidate ledger
CALL,full_j4_fixed,0xA400000000000002,4,global,directed,22,106,-,-,384,NO,1270,pass,raw fixed-order candidate ledger
CALL,full_j4_fixed,0xA400000000000002,4,global,directed,23,107,-,-,384,NO,1270,pass,raw fixed-order candidate ledger
CALL,full_j4_fixed,0xA400000000000002,4,global,directed,24,108,-,-,384,NO,1270,pass,raw fixed-order candidate ledger
CALL,full_j4_fixed,0xA400000000000002,4,global,directed,25,109,-,-,384,NO,1270,pass,raw fixed-order candidate ledger
CALL,full_j4_fixed,0xA400000000000002,4,global,directed,26,110,-,-,384,NO,1270,pass,raw fixed-order candidate ledger
CALL,full_j4_fixed,0xA400000000000002,4,global,directed,27,111,-,-,384,NO,1270,pass,raw fixed-order candidate ledger
CALL,full_j4_fixed,0xA400000000000002,4,global,directed,28,112,-,-,384,NO,1270,pass,raw fixed-order candidate ledger
CALL,full_j4_fixed,0xA400000000000002,4,global,directed,29,113,-,-,384,NO,1270,pass,raw fixed-order candidate ledger
CALL,full_j4_fixed,0xA400000000000002,4,global,directed,30,114,-,-,384,NO,1270,pass,raw fixed-order candidate ledger
CALL,full_j4_fixed,0xA400000000000002,4,global,directed,31,115,-,-,384,NO,1270,pass,raw fixed-order candidate ledger
CALL,full_j4_fixed,0xA400000000000002,4,global,directed,32,116,-,-,384,NO,1270,pass,raw fixed-order candidate ledger
CALL,full_j4_fixed,0xA400000000000002,4,global,directed,33,117,-,-,384,NO,1270,pass,raw fixed-order candidate ledger
CALL,full_j4_fixed,0xA400000000000002,4,global,directed,34,118,-,-,384,NO,1270,pass,raw fixed-order candidate ledger
CALL,full_j4_fixed,0xA400000000000002,4,global,directed,35,119,-,-,384,NO,1270,pass,raw fixed-order candidate ledger
CALL,full_j4_fixed,0xA400000000000002,4,global,directed,36,120,-,-,384,NO,1270,pass,raw fixed-order candidate ledger
CALL,full_j4_fixed,0xA400000000000002,4,global,directed,37,121,-,-,384,NO,1270,pass,raw fixed-order candidate ledger
CALL,full_j4_fixed,0xA400000000000002,4,global,directed,38,122,-,-,384,NO,1270,pass,raw fixed-order candidate ledger
CALL,full_j4_fixed,0xA400000000000002,4,global,directed,39,123,-,-,384,NO,1270,pass,raw fixed-order candidate ledger
CALL,full_j4_fixed,0xA400000000000002,4,global,directed,40,124,-,-,384,NO,1270,pass,raw fixed-order candidate ledger
CALL,full_j4_fixed,0xA400000000000002,4,global,directed,41,125,-,-,384,NO,1270,pass,raw fixed-order candidate ledger
CALL,full_j4_fixed,0xA400000000000002,4,global,directed,42,126,-,-,384,NO,1270,pass,raw fixed-order candidate ledger
CALL,full_j4_fixed,0xA400000000000002,4,global,directed,43,127,-,-,384,NO,1270,pass,raw fixed-order candidate ledger
CALL,full_j4_fixed,0xA400000000000002,4,global,directed,44,128,-,-,384,NO,1270,pass,raw fixed-order candidate ledger
CALL,full_j4_fixed,0xA400000000000002,4,global,directed,45,129,-,-,384,NO,1270,pass,raw fixed-order candidate ledger
CALL,full_j4_fixed,0xA400000000000002,4,global,directed,46,130,-,-,384,NO,1270,pass,raw fixed-order candidate ledger
CALL,full_j4_fixed,0xA400000000000002,4,global,directed,47,131,-,-,384,NO,1270,pass,raw fixed-order candidate ledger
CALL,full_j4_fixed,0xA400000000000002,4,global,directed,48,132,-,-,384,NO,1270,pass,raw fixed-order candidate ledger
CALL,full_j4_fixed,0xA400000000000002,4,global,directed,49,133,-,-,384,NO,1270,pass,raw fixed-order candidate ledger
CALL,full_j4_fixed,0xA400000000000002,4,global,directed,50,134,-,-,384,NO,1270,pass,raw fixed-order candidate ledger
CALL,full_j4_fixed,0xA400000000000002,4,global,directed,51,135,-,-,384,NO,1270,pass,raw fixed-order candidate ledger
CALL,full_j4_fixed,0xA400000000000002,4,global,directed,52,136,-,-,384,NO,1270,pass,raw fixed-order candidate ledger
CALL,full_j4_fixed,0xA400000000000002,4,global,directed,53,137,-,-,384,NO,1270,pass,raw fixed-order candidate ledger
CALL,full_j4_fixed,0xA400000000000002,4,global,directed,54,138,-,-,384,NO,1270,pass,raw fixed-order candidate ledger
CALL,full_j4_fixed,0xA400000000000002,4,global,directed,55,139,-,-,384,NO,1270,pass,raw fixed-order candidate ledger
CALL,full_j4_fixed,0xA400000000000002,4,global,directed,56,140,-,-,384,NO,1270,pass,raw fixed-order candidate ledger
CALL,full_j4_fixed,0xA400000000000002,4,global,directed,57,141,-,-,384,NO,1270,pass,raw fixed-order candidate ledger
CALL,full_j4_fixed,0xA400000000000002,4,global,directed,58,142,-,-,384,NO,1270,pass,raw fixed-order candidate ledger
CALL,full_j4_fixed,0xA400000000000002,4,global,directed,59,143,-,-,384,NO,1270,pass,raw fixed-order candidate ledger
CALL,full_j4_fixed,0xA400000000000002,4,global,directed,60,144,-,-,384,NO,1270,pass,raw fixed-order candidate ledger
CALL,full_j4_fixed,0xA400000000000002,4,global,directed,61,145,-,-,384,NO,1270,pass,raw fixed-order candidate ledger
CALL,full_j4_fixed,0xA400000000000002,4,global,directed,62,146,-,-,384,NO,1270,pass,raw fixed-order candidate ledger
CALL,full_j4_fixed,0xA400000000000002,4,global,directed,63,147,-,-,384,NO,1270,pass,raw fixed-order candidate ledger
CALL,full_j4_fixed,0xA400000000000002,4,global,directed,64,148,-,-,384,NO,1270,pass,raw fixed-order candidate ledger
CALL,full_j4_fixed,0xA400000000000002,4,global,directed,65,149,-,-,384,NO,1270,pass,raw fixed-order candidate ledger
CALL,full_j4_fixed,0xA400000000000002,4,global,directed,66,150,-,-,384,NO,1270,pass,raw fixed-order candidate ledger
CALL,full_j4_fixed,0xA400000000000002,4,global,directed,67,151,-,-,384,NO,1270,pass,raw fixed-order candidate ledger
CALL,full_j4_fixed,0xA400000000000002,4,global,directed,68,152,-,-,384,NO,1270,pass,raw fixed-order candidate ledger
CALL,full_j4_fixed,0xA400000000000002,4,global,directed,69,153,-,-,384,NO,1270,pass,raw fixed-order candidate ledger
CALL,full_j4_fixed,0xA400000000000002,4,global,directed,70,154,-,-,384,NO,1270,pass,raw fixed-order candidate ledger
CALL,full_j4_fixed,0xA400000000000002,4,global,directed,71,155,-,-,384,NO,1270,pass,raw fixed-order candidate ledger
CALL,full_j4_fixed,0xA400000000000002,4,global,directed,72,156,-,-,384,NO,1270,pass,raw fixed-order candidate ledger
CALL,full_j4_fixed,0xA400000000000002,4,global,directed,73,157,-,-,384,NO,1270,pass,raw fixed-order candidate ledger
CALL,full_j4_fixed,0xA400000000000002,4,global,directed,74,158,-,-,384,NO,1270,pass,raw fixed-order candidate ledger
CALL,full_j4_fixed,0xA400000000000002,4,global,directed,75,159,-,-,384,NO,1270,pass,raw fixed-order candidate ledger
CALL,full_j4_fixed,0xA400000000000002,4,global,directed,76,160,-,-,384,NO,1270,pass,raw fixed-order candidate ledger
CALL,full_j4_fixed,0xA400000000000002,4,global,directed,77,161,-,-,384,NO,1270,pass,raw fixed-order candidate ledger
CALL,full_j4_fixed,0xA400000000000002,4,global,directed,78,162,-,-,384,NO,1270,pass,raw fixed-order candidate ledger
CALL,full_j4_fixed,0xA400000000000002,4,global,directed,79,163,-,-,384,NO,1270,pass,raw fixed-order candidate ledger
CALL,full_j4_fixed,0xA400000000000002,4,global,directed,80,164,-,-,384,NO,1270,pass,raw fixed-order candidate ledger
CALL,full_j4_fixed,0xA400000000000002,4,global,directed,81,165,-,-,384,NO,1270,pass,raw fixed-order candidate ledger
CALL,full_j4_fixed,0xA400000000000002,4,global,directed,82,166,-,-,384,NO,1270,pass,raw fixed-order candidate ledger
CALL,full_j4_fixed,0xA400000000000002,4,global,directed,83,167,-,-,384,NO,1270,pass,raw fixed-order candidate ledger
CALL,full_j4_fixed,0xA400000000000002,4,global,directed,84,168,-,-,384,NO,1270,pass,raw fixed-order candidate ledger
CALL,full_j4_fixed,0xA400000000000002,4,global,directed,85,169,-,-,384,NO,1270,pass,raw fixed-order candidate ledger
CALL,full_j4_fixed,0xA400000000000002,4,global,directed,86,170,-,-,384,NO,1270,pass,raw fixed-order candidate ledger
CALL,full_j4_fixed,0xA400000000000002,4,global,directed,87,171,-,-,384,NO,1270,pass,raw fixed-order candidate ledger
CALL,full_j4_fixed,0xA400000000000002,4,global,directed,88,172,-,-,384,NO,1270,pass,raw fixed-order candidate ledger
CALL,full_j4_fixed,0xA400000000000002,4,global,directed,89,173,-,-,384,NO,1270,pass,raw fixed-order candidate ledger
CALL,full_j4_fixed,0xA400000000000002,4,global,directed,90,174,-,-,384,NO,1270,pass,raw fixed-order candidate ledger
CALL,full_j4_fixed,0xA400000000000002,4,global,directed,91,175,-,-,384,NO,1270,pass,raw fixed-order candidate ledger
CALL,full_j4_fixed,0xA400000000000002,4,global,directed,92,176,-,-,384,NO,1270,pass,raw fixed-order candidate ledger
CALL,full_j4_fixed,0xA400000000000002,4,global,directed,93,177,-,-,384,NO,1270,pass,raw fixed-order candidate ledger
CALL,full_j4_fixed,0xA400000000000002,4,global,directed,94,178,-,-,384,NO,1270,pass,raw fixed-order candidate ledger
CALL,full_j4_fixed,0xA400000000000002,4,global,directed,95,179,-,-,384,NO,1270,pass,raw fixed-order candidate ledger
CALL,full_j4_fixed,0xA400000000000002,4,global,directed,96,180,-,-,384,NO,1270,pass,raw fixed-order candidate ledger
CALL,full_j4_fixed,0xA400000000000002,4,global,directed,97,181,-,-,384,NO,1270,pass,raw fixed-order candidate ledger
CALL,full_j4_fixed,0xA400000000000002,4,global,directed,98,182,-,-,384,NO,1270,pass,raw fixed-order candidate ledger
CALL,full_j4_fixed,0xA400000000000002,4,global,directed,99,183,-,-,384,NO,1270,pass,raw fixed-order candidate ledger
CALL,full_j4_fixed,0xA400000000000002,4,global,directed,100,184,-,-,384,NO,1270,pass,raw fixed-order candidate ledger
CALL,full_j4_fixed,0xA400000000000002,4,global,directed,101,185,-,-,384,NO,1270,pass,raw fixed-order candidate ledger
CALL,full_j4_fixed,0xA400000000000002,4,global,directed,102,186,-,-,384,NO,1270,pass,raw fixed-order candidate ledger
CALL,full_j4_fixed,0xA400000000000002,4,global,directed,103,187,-,-,384,NO,1270,pass,raw fixed-order candidate ledger
CALL,full_j4_fixed,0xA400000000000002,4,global,directed,104,188,-,-,384,NO,1270,pass,raw fixed-order candidate ledger
CALL,full_j4_fixed,0xA400000000000002,4,global,directed,105,189,-,-,384,NO,1270,pass,raw fixed-order candidate ledger
CALL,full_j4_fixed,0xA400000000000002,4,global,directed,106,190,-,-,384,NO,1270,pass,raw fixed-order candidate ledger
CALL,full_j4_fixed,0xA400000000000002,4,global,directed,107,191,-,-,384,NO,1270,pass,raw fixed-order candidate ledger
CALL,full_j4_fixed,0xA400000000000002,4,global,directed,108,192,-,-,384,NO,1270,pass,raw fixed-order candidate ledger
CALL,full_j4_fixed,0xA400000000000002,4,global,directed,109,193,-,-,384,NO,1270,pass,raw fixed-order candidate ledger
CALL,full_j4_fixed,0xA400000000000002,4,global,directed,110,194,-,-,384,NO,1270,pass,raw fixed-order candidate ledger
CALL,full_j4_fixed,0xA400000000000002,4,global,directed,111,195,-,-,384,NO,1270,pass,raw fixed-order candidate ledger
CALL,full_j4_fixed,0xA400000000000002,4,global,directed,112,196,-,-,384,NO,1270,pass,raw fixed-order candidate ledger
CALL,full_j4_fixed,0xA400000000000002,4,global,directed,113,197,-,-,384,NO,1270,pass,raw fixed-order candidate ledger
CALL,full_j4_fixed,0xA400000000000002,4,global,directed,114,198,-,-,384,NO,1270,pass,raw fixed-order candidate ledger
CALL,full_j4_fixed,0xA400000000000002,4,global,directed,115,199,-,-,384,NO,1270,pass,raw fixed-order candidate ledger
CALL,full_j4_fixed,0xA400000000000002,4,global,directed,116,200,-,-,384,NO,1270,pass,raw fixed-order candidate ledger
CALL,full_j4_fixed,0xA400000000000002,4,global,directed,117,201,-,-,384,NO,1270,pass,raw fixed-order candidate ledger
CALL,full_j4_fixed,0xA400000000000002,4,global,directed,118,202,-,-,384,NO,1270,pass,raw fixed-order candidate ledger
CALL,full_j4_fixed,0xA400000000000002,4,global,directed,119,203,-,-,384,NO,1270,pass,raw fixed-order candidate ledger
CALL,full_j4_fixed,0xA400000000000002,4,global,directed,120,204,-,-,384,NO,1270,pass,raw fixed-order candidate ledger
CALL,full_j4_fixed,0xA400000000000002,4,global,directed,121,205,-,-,384,NO,1270,pass,raw fixed-order candidate ledger
CALL,full_j4_fixed,0xA400000000000002,4,global,directed,122,206,-,-,384,NO,1270,pass,raw fixed-order candidate ledger
CALL,full_j4_fixed,0xA400000000000002,4,global,directed,123,207,-,-,384,NO,1270,pass,raw fixed-order candidate ledger
CALL,full_j4_fixed,0xA400000000000002,4,global,directed,124,208,-,-,384,NO,1270,pass,raw fixed-order candidate ledger
CALL,full_j4_fixed,0xA400000000000002,4,global,directed,125,209,-,-,384,NO,1270,pass,raw fixed-order candidate ledger
CALL,full_j4_fixed,0xA400000000000002,4,global,directed,126,210,-,-,384,NO,1270,pass,raw fixed-order candidate ledger
CALL,full_j4_fixed,0xA400000000000002,4,global,directed,127,211,-,-,384,NO,1270,pass,raw fixed-order candidate ledger
CALL,full_j4_fixed,0xA400000000000002,4,global,directed,128,212,-,-,384,NO,1270,pass,raw fixed-order candidate ledger
CALL,full_j4_fixed,0xA400000000000002,4,global,directed,129,213,-,-,384,NO,1270,pass,raw fixed-order candidate ledger
CALL,full_j4_fixed,0xA400000000000002,4,global,directed,130,214,-,-,384,NO,1270,pass,raw fixed-order candidate ledger
CALL,full_j4_fixed,0xA400000000000002,4,global,directed,131,215,-,-,384,NO,1270,pass,raw fixed-order candidate ledger
CALL,full_j4_fixed,0xA400000000000002,4,global,directed,132,216,-,-,384,NO,1270,pass,raw fixed-order candidate ledger
CALL,full_j4_fixed,0xA400000000000002,4,global,directed,133,217,-,-,384,NO,1270,pass,raw fixed-order candidate ledger
CALL,full_j4_fixed,0xA400000000000002,4,global,directed,134,218,-,-,384,NO,1270,pass,raw fixed-order candidate ledger
CALL,full_j4_fixed,0xA400000000000002,4,global,directed,135,219,-,-,384,NO,1270,pass,raw fixed-order candidate ledger
CALL,full_j4_fixed,0xA400000000000002,4,global,directed,136,220,-,-,384,NO,1270,pass,raw fixed-order candidate ledger
CALL,full_j4_fixed,0xA400000000000002,4,global,directed,137,221,-,-,384,NO,1270,pass,raw fixed-order candidate ledger
CALL,full_j4_fixed,0xA400000000000002,4,global,directed,138,222,-,-,384,NO,1270,pass,raw fixed-order candidate ledger
CALL,full_j4_fixed,0xA400000000000002,4,global,directed,139,223,-,-,384,NO,1270,pass,raw fixed-order candidate ledger
CALL,full_j4_fixed,0xA400000000000002,4,global,directed,140,224,-,-,384,NO,1270,pass,raw fixed-order candidate ledger
CALL,full_j4_fixed,0xA400000000000002,4,global,directed,141,225,-,-,384,NO,1270,pass,raw fixed-order candidate ledger
CALL,full_j4_fixed,0xA400000000000002,4,global,directed,142,226,-,-,384,NO,1270,pass,raw fixed-order candidate ledger
CALL,full_j4_fixed,0xA400000000000002,4,global,directed,143,227,-,-,384,NO,1270,pass,raw fixed-order candidate ledger
CALL,full_j4_fixed,0xA400000000000002,4,global,directed,144,228,-,-,384,NO,1270,pass,raw fixed-order candidate ledger
CALL,full_j4_fixed,0xA400000000000002,4,global,directed,145,229,-,-,384,NO,1270,pass,raw fixed-order candidate ledger
CALL,full_j4_fixed,0xA400000000000002,4,global,directed,146,230,-,-,384,NO,1270,pass,raw fixed-order candidate ledger
CALL,full_j4_fixed,0xA400000000000002,4,global,directed,147,231,-,-,384,NO,1270,pass,raw fixed-order candidate ledger
CALL,full_j4_fixed,0xA400000000000002,4,global,directed,148,232,-,-,384,NO,1270,pass,raw fixed-order candidate ledger
CALL,full_j4_fixed,0xA400000000000002,4,global,directed,149,233,-,-,384,NO,1270,pass,raw fixed-order candidate ledger
CALL,full_j4_fixed,0xA400000000000002,4,global,directed,150,234,-,-,384,NO,1270,pass,raw fixed-order candidate ledger
CALL,full_j4_fixed,0xA400000000000002,4,global,directed,151,235,-,-,384,NO,1270,pass,raw fixed-order candidate ledger
CALL,full_j4_fixed,0xA400000000000002,4,global,directed,152,236,-,-,384,NO,1270,pass,raw fixed-order candidate ledger
CALL,full_j4_fixed,0xA400000000000002,4,global,directed,153,237,-,-,384,NO,1270,pass,raw fixed-order candidate ledger
CALL,full_j4_fixed,0xA400000000000002,4,global,directed,154,238,-,-,384,NO,1270,pass,raw fixed-order candidate ledger
CALL,full_j4_fixed,0xA400000000000002,4,global,directed,155,239,-,-,384,NO,1270,pass,raw fixed-order candidate ledger
CALL,full_j4_fixed,0xA400000000000002,4,global,directed,156,240,-,-,384,NO,1270,pass,raw fixed-order candidate ledger
CALL,full_j4_fixed,0xA400000000000002,4,global,directed,157,241,-,-,384,NO,1270,pass,raw fixed-order candidate ledger
CALL,full_j4_fixed,0xA400000000000002,4,global,directed,158,242,-,-,384,NO,1270,pass,raw fixed-order candidate ledger
CALL,full_j4_fixed,0xA400000000000002,4,global,directed,159,243,-,-,384,NO,1270,pass,raw fixed-order candidate ledger
CALL,full_j4_fixed,0xA400000000000002,4,global,directed,160,244,-,-,384,NO,1270,pass,raw fixed-order candidate ledger
CALL,full_j4_fixed,0xA400000000000002,4,global,directed,161,245,-,-,384,NO,1270,pass,raw fixed-order candidate ledger
CALL,full_j4_fixed,0xA400000000000002,4,global,directed,162,246,-,-,384,NO,1270,pass,raw fixed-order candidate ledger
CALL,full_j4_fixed,0xA400000000000002,4,global,directed,163,247,-,-,384,NO,1270,pass,raw fixed-order candidate ledger
CALL,full_j4_fixed,0xA400000000000002,4,global,directed,164,248,-,-,384,NO,1270,pass,raw fixed-order candidate ledger
CALL,full_j4_fixed,0xA400000000000002,4,global,directed,165,249,-,-,384,NO,1270,pass,raw fixed-order candidate ledger
CALL,full_j4_fixed,0xA400000000000002,4,global,directed,166,250,-,-,384,NO,1270,pass,raw fixed-order candidate ledger
CALL,full_j4_fixed,0xA400000000000002,4,global,directed,167,251,-,-,384,NO,1270,pass,raw fixed-order candidate ledger
CALL,full_j4_fixed,0xA400000000000002,4,global,directed,168,252,-,-,384,NO,1270,pass,raw fixed-order candidate ledger
CALL,full_j4_fixed,0xA400000000000002,4,global,directed,169,253,-,-,384,NO,1270,pass,raw fixed-order candidate ledger
CALL,full_j4_fixed,0xA400000000000002,4,global,directed,170,254,-,-,384,NO,1270,pass,raw fixed-order candidate ledger
CALL,full_j4_fixed,0xA400000000000002,4,global,directed,171,255,-,-,384,NO,1270,pass,raw fixed-order candidate ledger
CALL,full_j4_fixed,0xA400000000000002,4,global,directed,172,256,-,-,384,NO,1270,pass,raw fixed-order candidate ledger
CALL,full_j4_fixed,0xA400000000000002,4,global,directed,173,257,-,-,384,NO,1270,pass,raw fixed-order candidate ledger
CALL,full_j4_fixed,0xA400000000000002,4,global,directed,174,258,-,-,384,NO,1270,pass,raw fixed-order candidate ledger
CALL,full_j4_fixed,0xA400000000000002,4,global,directed,175,259,-,-,384,NO,1270,pass,raw fixed-order candidate ledger
CALL,full_j4_fixed,0xA400000000000002,4,global,directed,176,260,-,-,384,NO,1270,pass,raw fixed-order candidate ledger
CALL,full_j4_fixed,0xA400000000000002,4,global,directed,177,261,-,-,384,NO,1270,pass,raw fixed-order candidate ledger
CALL,full_j4_fixed,0xA400000000000002,4,global,directed,178,262,-,-,384,NO,1270,pass,raw fixed-order candidate ledger
CALL,full_j4_fixed,0xA400000000000002,4,global,directed,179,263,-,-,384,NO,1270,pass,raw fixed-order candidate ledger
CALL,full_j4_fixed,0xA400000000000002,4,global,directed,180,264,-,-,384,NO,1270,pass,raw fixed-order candidate ledger
CALL,full_j4_fixed,0xA400000000000002,4,global,directed,181,265,-,-,384,NO,1270,pass,raw fixed-order candidate ledger
CALL,full_j4_fixed,0xA400000000000002,4,global,directed,182,266,-,-,384,NO,1270,pass,raw fixed-order candidate ledger
CALL,full_j4_fixed,0xA400000000000002,4,global,directed,183,267,-,-,384,NO,1270,pass,raw fixed-order candidate ledger
CALL,full_j4_fixed,0xA400000000000002,4,global,directed,184,268,-,-,384,NO,1270,pass,raw fixed-order candidate ledger
CALL,full_j4_fixed,0xA400000000000002,4,global,directed,185,269,-,-,384,NO,1270,pass,raw fixed-order candidate ledger
CALL,full_j4_fixed,0xA400000000000002,4,global,directed,186,270,-,-,384,NO,1270,pass,raw fixed-order candidate ledger
CALL,full_j4_fixed,0xA400000000000002,4,global,directed,187,271,-,-,384,NO,1270,pass,raw fixed-order candidate ledger
CALL,full_j4_fixed,0xA400000000000002,4,global,directed,188,272,-,-,384,NO,1270,pass,raw fixed-order candidate ledger
CALL,full_j4_fixed,0xA400000000000002,4,global,directed,189,273,-,-,384,NO,1270,pass,raw fixed-order candidate ledger
CALL,full_j4_fixed,0xA400000000000002,4,global,directed,190,274,-,-,384,NO,1270,pass,raw fixed-order candidate ledger
CALL,full_j4_fixed,0xA400000000000002,4,global,directed,191,275,-,-,384,NO,1270,pass,raw fixed-order candidate ledger
CALL,full_j4_fixed,0xA400000000000002,4,global,directed,192,276,-,-,384,NO,1270,pass,raw fixed-order candidate ledger
CALL,full_j4_fixed,0xA400000000000002,4,global,directed,193,277,-,-,384,NO,1270,pass,raw fixed-order candidate ledger
CALL,full_j4_fixed,0xA400000000000002,4,global,directed,194,278,-,-,384,NO,1270,pass,raw fixed-order candidate ledger
CALL,full_j4_fixed,0xA400000000000002,4,global,directed,195,279,-,-,384,NO,1270,pass,raw fixed-order candidate ledger
CALL,full_j4_fixed,0xA400000000000002,4,global,directed,196,280,-,-,384,NO,1270,pass,raw fixed-order candidate ledger
CALL,full_j4_fixed,0xA400000000000002,4,global,directed,197,281,-,-,384,NO,1270,pass,raw fixed-order candidate ledger
CALL,full_j4_fixed,0xA400000000000002,4,global,directed,198,282,-,-,384,NO,1270,pass,raw fixed-order candidate ledger
CALL,full_j4_fixed,0xA400000000000002,4,global,directed,199,283,-,-,384,NO,1270,pass,raw fixed-order candidate ledger
CALL,full_j4_fixed,0xA400000000000002,4,global,directed,200,284,-,-,384,NO,1270,pass,raw fixed-order candidate ledger
CALL,full_j4_fixed,0xA400000000000002,4,global,directed,201,285,-,-,384,NO,1270,pass,raw fixed-order candidate ledger
CALL,full_j4_fixed,0xA400000000000002,4,global,directed,202,286,-,-,384,NO,1270,pass,raw fixed-order candidate ledger
CALL,full_j4_fixed,0xA400000000000002,4,global,directed,203,287,-,-,384,NO,1270,pass,raw fixed-order candidate ledger
CALL,full_j4_fixed,0xA400000000000002,4,global,directed,204,288,-,-,384,NO,1270,pass,raw fixed-order candidate ledger
CALL,full_j4_fixed,0xA400000000000002,4,global,directed,205,289,-,-,384,NO,1270,pass,raw fixed-order candidate ledger
CALL,full_j4_fixed,0xA400000000000002,4,global,directed,206,290,-,-,384,NO,1270,pass,raw fixed-order candidate ledger
CALL,full_j4_fixed,0xA400000000000002,4,global,directed,207,291,-,-,384,NO,1270,pass,raw fixed-order candidate ledger
CALL,full_j4_fixed,0xA400000000000002,4,global,directed,208,292,-,-,384,NO,1270,pass,raw fixed-order candidate ledger
CALL,full_j4_fixed,0xA400000000000002,4,global,directed,209,293,-,-,384,NO,1270,pass,raw fixed-order candidate ledger
CALL,full_j4_fixed,0xA400000000000002,4,global,directed,210,294,-,-,384,NO,1270,pass,raw fixed-order candidate ledger
CALL,full_j4_fixed,0xA400000000000002,4,global,directed,211,295,-,-,384,NO,1270,pass,raw fixed-order candidate ledger
CALL,full_j4_fixed,0xA400000000000002,4,global,directed,212,296,-,-,384,NO,1270,pass,raw fixed-order candidate ledger
CALL,full_j4_fixed,0xA400000000000002,4,global,directed,213,297,-,-,384,NO,1270,pass,raw fixed-order candidate ledger
CALL,full_j4_fixed,0xA400000000000002,4,global,directed,214,298,-,-,384,NO,1270,pass,raw fixed-order candidate ledger
CALL,full_j4_fixed,0xA400000000000002,4,global,directed,215,299,-,-,384,NO,1270,pass,raw fixed-order candidate ledger
CALL,full_j4_fixed,0xA400000000000002,4,global,directed,216,300,-,-,384,NO,1270,pass,raw fixed-order candidate ledger
CALL,full_j4_fixed,0xA400000000000002,4,global,directed,217,301,-,-,384,NO,1270,pass,raw fixed-order candidate ledger
CALL,full_j4_fixed,0xA400000000000002,4,global,directed,218,302,-,-,384,NO,1270,pass,raw fixed-order candidate ledger
CALL,full_j4_fixed,0xA400000000000002,4,global,directed,219,303,-,-,384,NO,1270,pass,raw fixed-order candidate ledger
CALL,full_j4_fixed,0xA400000000000002,4,global,directed,220,304,-,-,384,NO,1270,pass,raw fixed-order candidate ledger
CALL,full_j4_fixed,0xA400000000000002,4,global,directed,221,305,-,-,384,NO,1270,pass,raw fixed-order candidate ledger
CALL,full_j4_fixed,0xA400000000000002,4,global,directed,222,306,-,-,384,NO,1270,pass,raw fixed-order candidate ledger
CALL,full_j4_fixed,0xA400000000000002,4,global,directed,223,307,-,-,384,NO,1270,pass,raw fixed-order candidate ledger
CALL,full_j4_fixed,0xA400000000000002,4,global,directed,224,308,-,-,384,NO,1270,pass,raw fixed-order candidate ledger
CALL,full_j4_fixed,0xA400000000000002,4,global,directed,225,309,-,-,384,NO,1270,pass,raw fixed-order candidate ledger
CALL,full_j4_fixed,0xA400000000000002,4,global,directed,226,310,-,-,384,NO,1270,pass,raw fixed-order candidate ledger
CALL,full_j4_fixed,0xA400000000000002,4,global,directed,227,311,-,-,384,NO,1270,pass,raw fixed-order candidate ledger
CALL,full_j4_fixed,0xA400000000000002,4,global,directed,228,312,-,-,384,NO,1270,pass,raw fixed-order candidate ledger
CALL,full_j4_fixed,0xA400000000000002,4,global,directed,229,313,-,-,384,NO,1270,pass,raw fixed-order candidate ledger
CALL,full_j4_fixed,0xA400000000000002,4,global,directed,230,314,-,-,384,NO,1270,pass,raw fixed-order candidate ledger
CALL,full_j4_fixed,0xA400000000000002,4,global,directed,231,315,-,-,384,NO,1270,pass,raw fixed-order candidate ledger
CALL,full_j4_fixed,0xA400000000000002,4,global,directed,232,316,-,-,384,NO,1270,pass,raw fixed-order candidate ledger
CALL,full_j4_fixed,0xA400000000000002,4,global,directed,233,317,-,-,384,NO,1270,pass,raw fixed-order candidate ledger
CALL,full_j4_fixed,0xA400000000000002,4,global,directed,234,318,-,-,384,NO,1270,pass,raw fixed-order candidate ledger
CALL,full_j4_fixed,0xA400000000000002,4,global,directed,235,319,-,-,384,NO,1270,pass,raw fixed-order candidate ledger
CALL,full_j4_fixed,0xA400000000000002,4,global,directed,236,320,-,-,384,NO,1270,pass,raw fixed-order candidate ledger
CALL,full_j4_fixed,0xA400000000000002,4,global,directed,237,321,-,-,384,NO,1270,pass,raw fixed-order candidate ledger
CALL,full_j4_fixed,0xA400000000000002,4,global,directed,238,322,-,-,384,NO,1270,pass,raw fixed-order candidate ledger
CALL,full_j4_fixed,0xA400000000000002,4,global,directed,239,323,-,-,384,NO,1270,pass,raw fixed-order candidate ledger
CALL,full_j4_fixed,0xA400000000000002,4,global,directed,240,324,-,-,384,NO,1270,pass,raw fixed-order candidate ledger
CALL,full_j4_fixed,0xA400000000000002,4,global,directed,241,325,-,-,384,NO,1270,pass,raw fixed-order candidate ledger
CALL,full_j4_fixed,0xA400000000000002,4,global,directed,242,326,-,-,384,NO,1270,pass,raw fixed-order candidate ledger
CALL,full_j4_fixed,0xA400000000000002,4,global,directed,243,327,-,-,384,NO,1270,pass,raw fixed-order candidate ledger
CALL,full_j4_fixed,0xA400000000000002,4,global,directed,244,328,-,-,384,NO,1270,pass,raw fixed-order candidate ledger
CALL,full_j4_fixed,0xA400000000000002,4,global,directed,245,329,-,-,384,NO,1270,pass,raw fixed-order candidate ledger
CALL,full_j4_fixed,0xA400000000000002,4,global,directed,246,330,-,-,384,NO,1270,pass,raw fixed-order candidate ledger
CALL,full_j4_fixed,0xA400000000000002,4,global,directed,247,331,-,-,384,NO,1270,pass,raw fixed-order candidate ledger
CALL,full_j4_fixed,0xA400000000000002,4,global,directed,248,332,-,-,384,NO,1270,pass,raw fixed-order candidate ledger
CALL,full_j4_fixed,0xA400000000000002,4,global,directed,249,333,-,-,384,NO,1270,pass,raw fixed-order candidate ledger
CALL,full_j4_fixed,0xA400000000000002,4,global,directed,250,334,-,-,384,NO,1270,pass,raw fixed-order candidate ledger
CALL,full_j4_fixed,0xA400000000000002,4,global,directed,251,335,-,-,384,NO,1270,pass,raw fixed-order candidate ledger
CALL,full_j4_fixed,0xA400000000000002,4,global,directed,252,336,-,-,384,NO,1270,pass,raw fixed-order candidate ledger
CALL,full_j4_fixed,0xA400000000000002,4,global,directed,253,337,-,-,384,NO,1270,pass,raw fixed-order candidate ledger
CALL,full_j4_fixed,0xA400000000000002,4,global,directed,254,338,-,-,384,NO,1270,pass,raw fixed-order candidate ledger
CALL,full_j4_fixed,0xA400000000000002,4,global,directed,255,339,-,-,384,NO,1270,pass,raw fixed-order candidate ledger
CALL,full_j4_fixed,0xA400000000000002,4,global,directed,256,340,-,-,384,NO,1270,pass,raw fixed-order candidate ledger
CALL,full_j4_fixed,0xA400000000000002,4,global,directed,257,341,-,-,384,NO,1270,pass,raw fixed-order candidate ledger
CALL,full_j4_fixed,0xA400000000000002,4,global,directed,258,342,-,-,384,NO,1270,pass,raw fixed-order candidate ledger
CALL,full_j4_fixed,0xA400000000000002,4,global,directed,259,343,-,-,384,NO,1270,pass,raw fixed-order candidate ledger
CALL,full_j4_fixed,0xA400000000000002,4,global,directed,260,344,-,-,384,NO,1270,pass,raw fixed-order candidate ledger
CALL,full_j4_fixed,0xA400000000000002,4,global,directed,261,345,-,-,384,NO,1270,pass,raw fixed-order candidate ledger
CALL,full_j4_fixed,0xA400000000000002,4,global,directed,262,346,-,-,384,NO,1270,pass,raw fixed-order candidate ledger
CALL,full_j4_fixed,0xA400000000000002,4,global,directed,263,347,-,-,384,NO,1270,pass,raw fixed-order candidate ledger
CALL,full_j4_fixed,0xA400000000000002,4,global,directed,264,348,-,-,384,NO,1270,pass,raw fixed-order candidate ledger
CALL,full_j4_fixed,0xA400000000000002,4,global,directed,265,349,-,-,384,NO,1270,pass,raw fixed-order candidate ledger
CALL,full_j4_fixed,0xA400000000000002,4,global,directed,266,350,-,-,384,NO,1270,pass,raw fixed-order candidate ledger
CALL,full_j4_fixed,0xA400000000000002,4,global,directed,267,351,-,-,384,NO,1270,pass,raw fixed-order candidate ledger
CALL,full_j4_fixed,0xA400000000000002,4,global,directed,268,352,-,-,384,NO,1270,pass,raw fixed-order candidate ledger
CALL,full_j4_fixed,0xA400000000000002,4,global,directed,269,353,-,-,384,NO,1270,pass,raw fixed-order candidate ledger
CALL,full_j4_fixed,0xA400000000000002,4,global,directed,270,354,-,-,384,NO,1270,pass,raw fixed-order candidate ledger
CALL,full_j4_fixed,0xA400000000000002,4,global,directed,271,355,-,-,384,NO,1270,pass,raw fixed-order candidate ledger
CALL,full_j4_fixed,0xA400000000000002,4,global,directed,272,356,-,-,384,NO,1270,pass,raw fixed-order candidate ledger
CALL,full_j4_fixed,0xA400000000000002,4,global,directed,273,357,-,-,384,NO,1270,pass,raw fixed-order candidate ledger
CALL,full_j4_fixed,0xA400000000000002,4,global,directed,274,358,-,-,384,NO,1270,pass,raw fixed-order candidate ledger
CALL,full_j4_fixed,0xA400000000000002,4,global,directed,275,359,-,-,384,NO,1270,pass,raw fixed-order candidate ledger
CALL,full_j4_fixed,0xA400000000000002,4,global,directed,276,360,-,-,384,NO,1270,pass,raw fixed-order candidate ledger
CALL,full_j4_fixed,0xA400000000000002,4,global,directed,277,361,-,-,384,NO,1270,pass,raw fixed-order candidate ledger
CALL,full_j4_fixed,0xA400000000000002,4,global,directed,278,362,-,-,384,NO,1270,pass,raw fixed-order candidate ledger
CALL,full_j4_fixed,0xA400000000000002,4,global,directed,279,363,-,-,384,NO,1270,pass,raw fixed-order candidate ledger
CALL,full_j4_fixed,0xA400000000000002,4,global,directed,280,364,-,-,384,NO,1270,pass,raw fixed-order candidate ledger
CALL,full_j4_fixed,0xA400000000000002,4,global,directed,281,365,-,-,384,NO,1270,pass,raw fixed-order candidate ledger
CALL,full_j4_fixed,0xA400000000000002,4,global,directed,282,366,-,-,384,NO,1270,pass,raw fixed-order candidate ledger
CALL,full_j4_fixed,0xA400000000000002,4,global,directed,283,367,-,-,384,NO,1270,pass,raw fixed-order candidate ledger
CALL,full_j4_fixed,0xA400000000000002,4,global,directed,284,368,-,-,384,NO,1270,pass,raw fixed-order candidate ledger
CALL,full_j4_fixed,0xA400000000000002,4,global,directed,285,369,-,-,384,NO,1270,pass,raw fixed-order candidate ledger
CALL,full_j4_fixed,0xA400000000000002,4,global,directed,286,370,-,-,384,NO,1270,pass,raw fixed-order candidate ledger
CALL,full_j4_fixed,0xA400000000000002,4,global,directed,287,371,-,-,384,NO,1270,pass,raw fixed-order candidate ledger
CALL,full_j4_fixed,0xA400000000000002,4,global,directed,288,372,-,-,384,NO,1270,pass,raw fixed-order candidate ledger
CALL,full_j4_fixed,0xA400000000000002,4,global,directed,289,373,-,-,384,NO,1270,pass,raw fixed-order candidate ledger
CALL,full_j4_fixed,0xA400000000000002,4,global,directed,290,374,-,-,384,NO,1270,pass,raw fixed-order candidate ledger
CALL,full_j4_fixed,0xA400000000000002,4,global,directed,291,375,-,-,384,NO,1270,pass,raw fixed-order candidate ledger
CALL,full_j4_fixed,0xA400000000000002,4,global,directed,292,376,-,-,384,NO,1270,pass,raw fixed-order candidate ledger
CALL,full_j4_fixed,0xA400000000000002,4,global,directed,293,377,-,-,384,NO,1270,pass,raw fixed-order candidate ledger
CALL,full_j4_fixed,0xA400000000000002,4,global,directed,294,378,-,-,384,NO,1270,pass,raw fixed-order candidate ledger
CALL,full_j4_fixed,0xA400000000000002,4,global,directed,295,379,-,-,384,NO,1270,pass,raw fixed-order candidate ledger
CALL,full_j4_fixed,0xA400000000000002,4,global,directed,296,380,-,-,384,NO,1270,pass,raw fixed-order candidate ledger
CALL,full_j4_fixed,0xA400000000000002,4,global,directed,297,381,-,-,384,NO,1270,pass,raw fixed-order candidate ledger
CALL,full_j4_fixed,0xA400000000000002,4,global,directed,298,382,-,-,384,NO,1270,pass,raw fixed-order candidate ledger
CALL,full_j4_fixed,0xA400000000000002,4,global,directed,299,383,-,-,384,NO,1270,pass,raw fixed-order candidate ledger
CALL,full_j4_fixed,0xA400000000000002,4,global,directed,300,384,-,-,384,NO,1270,pass,raw fixed-order candidate ledger
ABLATION,full_j4_fixed,0xA400000000000002,4,global,-,-,-,-,-,384,YES,1270,pass,predeclared bank ablation
ABLATION,no_global,0xA400000000000002,4,global,-,-,-,-,-,354,NO,1270,pass,predeclared bank ablation
ABLATION,no_singleton,0xA400000000000002,4,global,-,-,-,-,-,336,YES,1270,pass,predeclared bank ablation
ABLATION,no_none,0xA400000000000002,4,global,-,-,-,-,-,379,YES,1270,pass,predeclared bank ablation
ABLATION,no_directed,0xA400000000000002,4,global,-,-,-,-,-,83,YES,1270,pass,predeclared bank ablation
ABLATION,directed_100,0xA400000000000002,4,global,-,-,-,-,-,183,YES,1270,pass,predeclared bank ablation
ABLATION,directed_200,0xA400000000000002,4,global,-,-,-,-,-,283,YES,1270,pass,predeclared bank ablation
ABLATION,small_banks_only,0xA400000000000002,4,global,-,-,-,-,-,83,YES,1270,pass,predeclared bank ablation
ABLATION,derived_minimal_prefix,0xA400000000000002,4,global,-,-,-,-,-,127,YES,1270,pass,predeclared bank ablation
CALL,full_j4_fixed,0xA400000000000002,9,singleton,global,0,1,-,-,384,NO,1270,pass,raw fixed-order candidate ledger
CALL,full_j4_fixed,0xA400000000000002,9,singleton,global,1,2,-,-,384,NO,1270,pass,raw fixed-order candidate ledger
CALL,full_j4_fixed,0xA400000000000002,9,singleton,global,2,3,-,-,384,NO,1270,pass,raw fixed-order candidate ledger
CALL,full_j4_fixed,0xA400000000000002,9,singleton,global,3,4,-,-,384,NO,1270,pass,raw fixed-order candidate ledger
CALL,full_j4_fixed,0xA400000000000002,9,singleton,global,4,5,-,-,384,NO,1270,pass,raw fixed-order candidate ledger
CALL,full_j4_fixed,0xA400000000000002,9,singleton,global,5,6,-,-,384,NO,1270,pass,raw fixed-order candidate ledger
CALL,full_j4_fixed,0xA400000000000002,9,singleton,global,6,7,-,-,384,NO,1270,pass,raw fixed-order candidate ledger
CALL,full_j4_fixed,0xA400000000000002,9,singleton,global,7,8,-,-,384,NO,1270,pass,raw fixed-order candidate ledger
CALL,full_j4_fixed,0xA400000000000002,9,singleton,global,8,9,-,-,384,NO,1270,pass,raw fixed-order candidate ledger
CALL,full_j4_fixed,0xA400000000000002,9,singleton,global,9,10,-,-,384,NO,1270,pass,raw fixed-order candidate ledger
CALL,full_j4_fixed,0xA400000000000002,9,singleton,global,10,11,-,-,384,NO,1270,pass,raw fixed-order candidate ledger
CALL,full_j4_fixed,0xA400000000000002,9,singleton,global,11,12,-,-,384,NO,1270,pass,raw fixed-order candidate ledger
CALL,full_j4_fixed,0xA400000000000002,9,singleton,global,12,13,-,-,384,NO,1270,pass,raw fixed-order candidate ledger
CALL,full_j4_fixed,0xA400000000000002,9,singleton,global,13,14,-,-,384,NO,1270,pass,raw fixed-order candidate ledger
CALL,full_j4_fixed,0xA400000000000002,9,singleton,global,14,15,-,-,384,NO,1270,pass,raw fixed-order candidate ledger
CALL,full_j4_fixed,0xA400000000000002,9,singleton,global,15,16,-,-,384,NO,1270,pass,raw fixed-order candidate ledger
CALL,full_j4_fixed,0xA400000000000002,9,singleton,global,16,17,-,-,384,NO,1270,pass,raw fixed-order candidate ledger
CALL,full_j4_fixed,0xA400000000000002,9,singleton,global,17,18,-,-,384,NO,1270,pass,raw fixed-order candidate ledger
CALL,full_j4_fixed,0xA400000000000002,9,singleton,global,18,19,-,-,384,NO,1270,pass,raw fixed-order candidate ledger
CALL,full_j4_fixed,0xA400000000000002,9,singleton,global,19,20,-,-,384,NO,1270,pass,raw fixed-order candidate ledger
CALL,full_j4_fixed,0xA400000000000002,9,singleton,global,20,21,-,-,384,NO,1270,pass,raw fixed-order candidate ledger
CALL,full_j4_fixed,0xA400000000000002,9,singleton,global,21,22,-,-,384,NO,1270,pass,raw fixed-order candidate ledger
CALL,full_j4_fixed,0xA400000000000002,9,singleton,global,22,23,-,-,384,NO,1270,pass,raw fixed-order candidate ledger
CALL,full_j4_fixed,0xA400000000000002,9,singleton,global,23,24,-,-,384,NO,1270,pass,raw fixed-order candidate ledger
CALL,full_j4_fixed,0xA400000000000002,9,singleton,global,24,25,-,-,384,NO,1270,pass,raw fixed-order candidate ledger
CALL,full_j4_fixed,0xA400000000000002,9,singleton,global,25,26,-,-,384,NO,1270,pass,raw fixed-order candidate ledger
CALL,full_j4_fixed,0xA400000000000002,9,singleton,global,26,27,-,-,384,NO,1270,pass,raw fixed-order candidate ledger
CALL,full_j4_fixed,0xA400000000000002,9,singleton,global,27,28,-,-,384,NO,1270,pass,raw fixed-order candidate ledger
CALL,full_j4_fixed,0xA400000000000002,9,singleton,global,28,29,-,-,384,NO,1270,pass,raw fixed-order candidate ledger
CALL,full_j4_fixed,0xA400000000000002,9,singleton,global,29,30,-,-,384,NO,1270,pass,raw fixed-order candidate ledger
CALL,full_j4_fixed,0xA400000000000002,9,singleton,singleton,0,31,-,-,384,NO,1270,pass,raw fixed-order candidate ledger
CALL,full_j4_fixed,0xA400000000000002,9,singleton,singleton,1,32,-,-,384,NO,1270,pass,raw fixed-order candidate ledger
CALL,full_j4_fixed,0xA400000000000002,9,singleton,singleton,2,33,-,-,384,NO,1270,pass,raw fixed-order candidate ledger
CALL,full_j4_fixed,0xA400000000000002,9,singleton,singleton,3,34,-,-,384,YES,1270,pass,raw fixed-order candidate ledger
CALL,full_j4_fixed,0xA400000000000002,9,singleton,singleton,4,35,-,-,384,NO,1270,pass,raw fixed-order candidate ledger
CALL,full_j4_fixed,0xA400000000000002,9,singleton,singleton,5,36,-,-,384,NO,1270,pass,raw fixed-order candidate ledger
CALL,full_j4_fixed,0xA400000000000002,9,singleton,singleton,6,37,-,-,384,NO,1270,pass,raw fixed-order candidate ledger
CALL,full_j4_fixed,0xA400000000000002,9,singleton,singleton,7,38,-,-,384,NO,1270,pass,raw fixed-order candidate ledger
CALL,full_j4_fixed,0xA400000000000002,9,singleton,singleton,8,39,-,-,384,NO,1270,pass,raw fixed-order candidate ledger
CALL,full_j4_fixed,0xA400000000000002,9,singleton,singleton,9,40,-,-,384,NO,1270,pass,raw fixed-order candidate ledger
CALL,full_j4_fixed,0xA400000000000002,9,singleton,singleton,10,41,-,-,384,NO,1270,pass,raw fixed-order candidate ledger
CALL,full_j4_fixed,0xA400000000000002,9,singleton,singleton,11,42,-,-,384,NO,1270,pass,raw fixed-order candidate ledger
CALL,full_j4_fixed,0xA400000000000002,9,singleton,singleton,12,43,-,-,384,NO,1270,pass,raw fixed-order candidate ledger
CALL,full_j4_fixed,0xA400000000000002,9,singleton,singleton,13,44,-,-,384,NO,1270,pass,raw fixed-order candidate ledger
CALL,full_j4_fixed,0xA400000000000002,9,singleton,singleton,14,45,-,-,384,NO,1270,pass,raw fixed-order candidate ledger
CALL,full_j4_fixed,0xA400000000000002,9,singleton,singleton,15,46,-,-,384,NO,1270,pass,raw fixed-order candidate ledger
CALL,full_j4_fixed,0xA400000000000002,9,singleton,singleton,16,47,-,-,384,NO,1270,pass,raw fixed-order candidate ledger
CALL,full_j4_fixed,0xA400000000000002,9,singleton,singleton,17,48,-,-,384,NO,1270,pass,raw fixed-order candidate ledger
CALL,full_j4_fixed,0xA400000000000002,9,singleton,singleton,18,49,-,-,384,NO,1270,pass,raw fixed-order candidate ledger
CALL,full_j4_fixed,0xA400000000000002,9,singleton,singleton,19,50,-,-,384,NO,1270,pass,raw fixed-order candidate ledger
CALL,full_j4_fixed,0xA400000000000002,9,singleton,singleton,20,51,-,-,384,NO,1270,pass,raw fixed-order candidate ledger
CALL,full_j4_fixed,0xA400000000000002,9,singleton,singleton,21,52,-,-,384,NO,1270,pass,raw fixed-order candidate ledger
CALL,full_j4_fixed,0xA400000000000002,9,singleton,singleton,22,53,-,-,384,NO,1270,pass,raw fixed-order candidate ledger
CALL,full_j4_fixed,0xA400000000000002,9,singleton,singleton,23,54,-,-,384,NO,1270,pass,raw fixed-order candidate ledger
CALL,full_j4_fixed,0xA400000000000002,9,singleton,singleton,24,55,-,-,384,NO,1270,pass,raw fixed-order candidate ledger
CALL,full_j4_fixed,0xA400000000000002,9,singleton,singleton,25,56,-,-,384,NO,1270,pass,raw fixed-order candidate ledger
CALL,full_j4_fixed,0xA400000000000002,9,singleton,singleton,26,57,-,-,384,NO,1270,pass,raw fixed-order candidate ledger
CALL,full_j4_fixed,0xA400000000000002,9,singleton,singleton,27,58,-,-,384,NO,1270,pass,raw fixed-order candidate ledger
CALL,full_j4_fixed,0xA400000000000002,9,singleton,singleton,28,59,-,-,384,NO,1270,pass,raw fixed-order candidate ledger
CALL,full_j4_fixed,0xA400000000000002,9,singleton,singleton,29,60,-,-,384,NO,1270,pass,raw fixed-order candidate ledger
CALL,full_j4_fixed,0xA400000000000002,9,singleton,singleton,30,61,-,-,384,NO,1270,pass,raw fixed-order candidate ledger
CALL,full_j4_fixed,0xA400000000000002,9,singleton,singleton,31,62,-,-,384,NO,1270,pass,raw fixed-order candidate ledger
CALL,full_j4_fixed,0xA400000000000002,9,singleton,singleton,32,63,-,-,384,NO,1270,pass,raw fixed-order candidate ledger
CALL,full_j4_fixed,0xA400000000000002,9,singleton,singleton,33,64,-,-,384,NO,1270,pass,raw fixed-order candidate ledger
CALL,full_j4_fixed,0xA400000000000002,9,singleton,singleton,34,65,-,-,384,NO,1270,pass,raw fixed-order candidate ledger
CALL,full_j4_fixed,0xA400000000000002,9,singleton,singleton,35,66,-,-,384,NO,1270,pass,raw fixed-order candidate ledger
CALL,full_j4_fixed,0xA400000000000002,9,singleton,singleton,36,67,-,-,384,NO,1270,pass,raw fixed-order candidate ledger
CALL,full_j4_fixed,0xA400000000000002,9,singleton,singleton,37,68,-,-,384,NO,1270,pass,raw fixed-order candidate ledger
CALL,full_j4_fixed,0xA400000000000002,9,singleton,singleton,38,69,-,-,384,NO,1270,pass,raw fixed-order candidate ledger
CALL,full_j4_fixed,0xA400000000000002,9,singleton,singleton,39,70,-,-,384,NO,1270,pass,raw fixed-order candidate ledger
CALL,full_j4_fixed,0xA400000000000002,9,singleton,singleton,40,71,-,-,384,NO,1270,pass,raw fixed-order candidate ledger
CALL,full_j4_fixed,0xA400000000000002,9,singleton,singleton,41,72,-,-,384,NO,1270,pass,raw fixed-order candidate ledger
CALL,full_j4_fixed,0xA400000000000002,9,singleton,singleton,42,73,-,-,384,NO,1270,pass,raw fixed-order candidate ledger
CALL,full_j4_fixed,0xA400000000000002,9,singleton,singleton,43,74,-,-,384,NO,1270,pass,raw fixed-order candidate ledger
CALL,full_j4_fixed,0xA400000000000002,9,singleton,singleton,44,75,-,-,384,NO,1270,pass,raw fixed-order candidate ledger
CALL,full_j4_fixed,0xA400000000000002,9,singleton,singleton,45,76,-,-,384,NO,1270,pass,raw fixed-order candidate ledger
CALL,full_j4_fixed,0xA400000000000002,9,singleton,singleton,46,77,-,-,384,NO,1270,pass,raw fixed-order candidate ledger
CALL,full_j4_fixed,0xA400000000000002,9,singleton,singleton,47,78,-,-,384,NO,1270,pass,raw fixed-order candidate ledger
ATTRIBUTION,full_j4_fixed,0xA400000000000002,9,singleton,singleton,3,- ,34,4,384,YES,1270,pass,first exact inside J4 frozen bank order
CALL,full_j4_fixed,0xA400000000000002,9,singleton,none,0,79,-,-,384,NO,1270,pass,raw fixed-order candidate ledger
CALL,full_j4_fixed,0xA400000000000002,9,singleton,none,1,80,-,-,384,NO,1270,pass,raw fixed-order candidate ledger
CALL,full_j4_fixed,0xA400000000000002,9,singleton,none,2,81,-,-,384,NO,1270,pass,raw fixed-order candidate ledger
CALL,full_j4_fixed,0xA400000000000002,9,singleton,none,3,82,-,-,384,NO,1270,pass,raw fixed-order candidate ledger
CALL,full_j4_fixed,0xA400000000000002,9,singleton,none,4,83,-,-,384,NO,1270,pass,raw fixed-order candidate ledger
CALL,full_j4_fixed,0xA400000000000002,9,singleton,directed,0,84,-,-,384,NO,1270,pass,raw fixed-order candidate ledger
CALL,full_j4_fixed,0xA400000000000002,9,singleton,directed,1,85,-,-,384,NO,1270,pass,raw fixed-order candidate ledger
CALL,full_j4_fixed,0xA400000000000002,9,singleton,directed,2,86,-,-,384,NO,1270,pass,raw fixed-order candidate ledger
CALL,full_j4_fixed,0xA400000000000002,9,singleton,directed,3,87,-,-,384,NO,1270,pass,raw fixed-order candidate ledger
CALL,full_j4_fixed,0xA400000000000002,9,singleton,directed,4,88,-,-,384,NO,1270,pass,raw fixed-order candidate ledger
CALL,full_j4_fixed,0xA400000000000002,9,singleton,directed,5,89,-,-,384,NO,1270,pass,raw fixed-order candidate ledger
CALL,full_j4_fixed,0xA400000000000002,9,singleton,directed,6,90,-,-,384,NO,1270,pass,raw fixed-order candidate ledger
CALL,full_j4_fixed,0xA400000000000002,9,singleton,directed,7,91,-,-,384,NO,1270,pass,raw fixed-order candidate ledger
CALL,full_j4_fixed,0xA400000000000002,9,singleton,directed,8,92,-,-,384,NO,1270,pass,raw fixed-order candidate ledger
CALL,full_j4_fixed,0xA400000000000002,9,singleton,directed,9,93,-,-,384,NO,1270,pass,raw fixed-order candidate ledger
CALL,full_j4_fixed,0xA400000000000002,9,singleton,directed,10,94,-,-,384,NO,1270,pass,raw fixed-order candidate ledger
CALL,full_j4_fixed,0xA400000000000002,9,singleton,directed,11,95,-,-,384,NO,1270,pass,raw fixed-order candidate ledger
CALL,full_j4_fixed,0xA400000000000002,9,singleton,directed,12,96,-,-,384,NO,1270,pass,raw fixed-order candidate ledger
CALL,full_j4_fixed,0xA400000000000002,9,singleton,directed,13,97,-,-,384,NO,1270,pass,raw fixed-order candidate ledger
CALL,full_j4_fixed,0xA400000000000002,9,singleton,directed,14,98,-,-,384,NO,1270,pass,raw fixed-order candidate ledger
CALL,full_j4_fixed,0xA400000000000002,9,singleton,directed,15,99,-,-,384,NO,1270,pass,raw fixed-order candidate ledger
CALL,full_j4_fixed,0xA400000000000002,9,singleton,directed,16,100,-,-,384,NO,1270,pass,raw fixed-order candidate ledger
CALL,full_j4_fixed,0xA400000000000002,9,singleton,directed,17,101,-,-,384,NO,1270,pass,raw fixed-order candidate ledger
CALL,full_j4_fixed,0xA400000000000002,9,singleton,directed,18,102,-,-,384,NO,1270,pass,raw fixed-order candidate ledger
CALL,full_j4_fixed,0xA400000000000002,9,singleton,directed,19,103,-,-,384,NO,1270,pass,raw fixed-order candidate ledger
CALL,full_j4_fixed,0xA400000000000002,9,singleton,directed,20,104,-,-,384,NO,1270,pass,raw fixed-order candidate ledger
CALL,full_j4_fixed,0xA400000000000002,9,singleton,directed,21,105,-,-,384,NO,1270,pass,raw fixed-order candidate ledger
CALL,full_j4_fixed,0xA400000000000002,9,singleton,directed,22,106,-,-,384,NO,1270,pass,raw fixed-order candidate ledger
CALL,full_j4_fixed,0xA400000000000002,9,singleton,directed,23,107,-,-,384,NO,1270,pass,raw fixed-order candidate ledger
CALL,full_j4_fixed,0xA400000000000002,9,singleton,directed,24,108,-,-,384,NO,1270,pass,raw fixed-order candidate ledger
CALL,full_j4_fixed,0xA400000000000002,9,singleton,directed,25,109,-,-,384,NO,1270,pass,raw fixed-order candidate ledger
CALL,full_j4_fixed,0xA400000000000002,9,singleton,directed,26,110,-,-,384,NO,1270,pass,raw fixed-order candidate ledger
CALL,full_j4_fixed,0xA400000000000002,9,singleton,directed,27,111,-,-,384,NO,1270,pass,raw fixed-order candidate ledger
CALL,full_j4_fixed,0xA400000000000002,9,singleton,directed,28,112,-,-,384,NO,1270,pass,raw fixed-order candidate ledger
CALL,full_j4_fixed,0xA400000000000002,9,singleton,directed,29,113,-,-,384,NO,1270,pass,raw fixed-order candidate ledger
CALL,full_j4_fixed,0xA400000000000002,9,singleton,directed,30,114,-,-,384,NO,1270,pass,raw fixed-order candidate ledger
CALL,full_j4_fixed,0xA400000000000002,9,singleton,directed,31,115,-,-,384,NO,1270,pass,raw fixed-order candidate ledger
CALL,full_j4_fixed,0xA400000000000002,9,singleton,directed,32,116,-,-,384,NO,1270,pass,raw fixed-order candidate ledger
CALL,full_j4_fixed,0xA400000000000002,9,singleton,directed,33,117,-,-,384,NO,1270,pass,raw fixed-order candidate ledger
CALL,full_j4_fixed,0xA400000000000002,9,singleton,directed,34,118,-,-,384,NO,1270,pass,raw fixed-order candidate ledger
CALL,full_j4_fixed,0xA400000000000002,9,singleton,directed,35,119,-,-,384,YES,1270,pass,raw fixed-order candidate ledger
CALL,full_j4_fixed,0xA400000000000002,9,singleton,directed,36,120,-,-,384,NO,1270,pass,raw fixed-order candidate ledger
CALL,full_j4_fixed,0xA400000000000002,9,singleton,directed,37,121,-,-,384,NO,1270,pass,raw fixed-order candidate ledger
CALL,full_j4_fixed,0xA400000000000002,9,singleton,directed,38,122,-,-,384,NO,1270,pass,raw fixed-order candidate ledger
CALL,full_j4_fixed,0xA400000000000002,9,singleton,directed,39,123,-,-,384,NO,1270,pass,raw fixed-order candidate ledger
CALL,full_j4_fixed,0xA400000000000002,9,singleton,directed,40,124,-,-,384,NO,1270,pass,raw fixed-order candidate ledger
CALL,full_j4_fixed,0xA400000000000002,9,singleton,directed,41,125,-,-,384,NO,1270,pass,raw fixed-order candidate ledger
CALL,full_j4_fixed,0xA400000000000002,9,singleton,directed,42,126,-,-,384,NO,1270,pass,raw fixed-order candidate ledger
CALL,full_j4_fixed,0xA400000000000002,9,singleton,directed,43,127,-,-,384,NO,1270,pass,raw fixed-order candidate ledger
CALL,full_j4_fixed,0xA400000000000002,9,singleton,directed,44,128,-,-,384,NO,1270,pass,raw fixed-order candidate ledger
CALL,full_j4_fixed,0xA400000000000002,9,singleton,directed,45,129,-,-,384,NO,1270,pass,raw fixed-order candidate ledger
CALL,full_j4_fixed,0xA400000000000002,9,singleton,directed,46,130,-,-,384,NO,1270,pass,raw fixed-order candidate ledger
CALL,full_j4_fixed,0xA400000000000002,9,singleton,directed,47,131,-,-,384,NO,1270,pass,raw fixed-order candidate ledger
CALL,full_j4_fixed,0xA400000000000002,9,singleton,directed,48,132,-,-,384,NO,1270,pass,raw fixed-order candidate ledger
CALL,full_j4_fixed,0xA400000000000002,9,singleton,directed,49,133,-,-,384,NO,1270,pass,raw fixed-order candidate ledger
CALL,full_j4_fixed,0xA400000000000002,9,singleton,directed,50,134,-,-,384,NO,1270,pass,raw fixed-order candidate ledger
CALL,full_j4_fixed,0xA400000000000002,9,singleton,directed,51,135,-,-,384,NO,1270,pass,raw fixed-order candidate ledger
CALL,full_j4_fixed,0xA400000000000002,9,singleton,directed,52,136,-,-,384,NO,1270,pass,raw fixed-order candidate ledger
CALL,full_j4_fixed,0xA400000000000002,9,singleton,directed,53,137,-,-,384,NO,1270,pass,raw fixed-order candidate ledger
CALL,full_j4_fixed,0xA400000000000002,9,singleton,directed,54,138,-,-,384,NO,1270,pass,raw fixed-order candidate ledger
CALL,full_j4_fixed,0xA400000000000002,9,singleton,directed,55,139,-,-,384,NO,1270,pass,raw fixed-order candidate ledger
CALL,full_j4_fixed,0xA400000000000002,9,singleton,directed,56,140,-,-,384,NO,1270,pass,raw fixed-order candidate ledger
CALL,full_j4_fixed,0xA400000000000002,9,singleton,directed,57,141,-,-,384,NO,1270,pass,raw fixed-order candidate ledger
CALL,full_j4_fixed,0xA400000000000002,9,singleton,directed,58,142,-,-,384,NO,1270,pass,raw fixed-order candidate ledger
CALL,full_j4_fixed,0xA400000000000002,9,singleton,directed,59,143,-,-,384,NO,1270,pass,raw fixed-order candidate ledger
CALL,full_j4_fixed,0xA400000000000002,9,singleton,directed,60,144,-,-,384,NO,1270,pass,raw fixed-order candidate ledger
CALL,full_j4_fixed,0xA400000000000002,9,singleton,directed,61,145,-,-,384,NO,1270,pass,raw fixed-order candidate ledger
CALL,full_j4_fixed,0xA400000000000002,9,singleton,directed,62,146,-,-,384,NO,1270,pass,raw fixed-order candidate ledger
CALL,full_j4_fixed,0xA400000000000002,9,singleton,directed,63,147,-,-,384,NO,1270,pass,raw fixed-order candidate ledger
CALL,full_j4_fixed,0xA400000000000002,9,singleton,directed,64,148,-,-,384,NO,1270,pass,raw fixed-order candidate ledger
CALL,full_j4_fixed,0xA400000000000002,9,singleton,directed,65,149,-,-,384,NO,1270,pass,raw fixed-order candidate ledger
CALL,full_j4_fixed,0xA400000000000002,9,singleton,directed,66,150,-,-,384,NO,1270,pass,raw fixed-order candidate ledger
CALL,full_j4_fixed,0xA400000000000002,9,singleton,directed,67,151,-,-,384,NO,1270,pass,raw fixed-order candidate ledger
CALL,full_j4_fixed,0xA400000000000002,9,singleton,directed,68,152,-,-,384,NO,1270,pass,raw fixed-order candidate ledger
CALL,full_j4_fixed,0xA400000000000002,9,singleton,directed,69,153,-,-,384,NO,1270,pass,raw fixed-order candidate ledger
CALL,full_j4_fixed,0xA400000000000002,9,singleton,directed,70,154,-,-,384,NO,1270,pass,raw fixed-order candidate ledger
CALL,full_j4_fixed,0xA400000000000002,9,singleton,directed,71,155,-,-,384,NO,1270,pass,raw fixed-order candidate ledger
CALL,full_j4_fixed,0xA400000000000002,9,singleton,directed,72,156,-,-,384,NO,1270,pass,raw fixed-order candidate ledger
CALL,full_j4_fixed,0xA400000000000002,9,singleton,directed,73,157,-,-,384,NO,1270,pass,raw fixed-order candidate ledger
CALL,full_j4_fixed,0xA400000000000002,9,singleton,directed,74,158,-,-,384,NO,1270,pass,raw fixed-order candidate ledger
CALL,full_j4_fixed,0xA400000000000002,9,singleton,directed,75,159,-,-,384,NO,1270,pass,raw fixed-order candidate ledger
CALL,full_j4_fixed,0xA400000000000002,9,singleton,directed,76,160,-,-,384,NO,1270,pass,raw fixed-order candidate ledger
CALL,full_j4_fixed,0xA400000000000002,9,singleton,directed,77,161,-,-,384,NO,1270,pass,raw fixed-order candidate ledger
CALL,full_j4_fixed,0xA400000000000002,9,singleton,directed,78,162,-,-,384,NO,1270,pass,raw fixed-order candidate ledger
CALL,full_j4_fixed,0xA400000000000002,9,singleton,directed,79,163,-,-,384,NO,1270,pass,raw fixed-order candidate ledger
CALL,full_j4_fixed,0xA400000000000002,9,singleton,directed,80,164,-,-,384,NO,1270,pass,raw fixed-order candidate ledger
CALL,full_j4_fixed,0xA400000000000002,9,singleton,directed,81,165,-,-,384,NO,1270,pass,raw fixed-order candidate ledger
CALL,full_j4_fixed,0xA400000000000002,9,singleton,directed,82,166,-,-,384,NO,1270,pass,raw fixed-order candidate ledger
CALL,full_j4_fixed,0xA400000000000002,9,singleton,directed,83,167,-,-,384,NO,1270,pass,raw fixed-order candidate ledger
CALL,full_j4_fixed,0xA400000000000002,9,singleton,directed,84,168,-,-,384,NO,1270,pass,raw fixed-order candidate ledger
CALL,full_j4_fixed,0xA400000000000002,9,singleton,directed,85,169,-,-,384,NO,1270,pass,raw fixed-order candidate ledger
CALL,full_j4_fixed,0xA400000000000002,9,singleton,directed,86,170,-,-,384,NO,1270,pass,raw fixed-order candidate ledger
CALL,full_j4_fixed,0xA400000000000002,9,singleton,directed,87,171,-,-,384,NO,1270,pass,raw fixed-order candidate ledger
CALL,full_j4_fixed,0xA400000000000002,9,singleton,directed,88,172,-,-,384,NO,1270,pass,raw fixed-order candidate ledger
CALL,full_j4_fixed,0xA400000000000002,9,singleton,directed,89,173,-,-,384,NO,1270,pass,raw fixed-order candidate ledger
CALL,full_j4_fixed,0xA400000000000002,9,singleton,directed,90,174,-,-,384,NO,1270,pass,raw fixed-order candidate ledger
CALL,full_j4_fixed,0xA400000000000002,9,singleton,directed,91,175,-,-,384,NO,1270,pass,raw fixed-order candidate ledger
CALL,full_j4_fixed,0xA400000000000002,9,singleton,directed,92,176,-,-,384,NO,1270,pass,raw fixed-order candidate ledger
CALL,full_j4_fixed,0xA400000000000002,9,singleton,directed,93,177,-,-,384,NO,1270,pass,raw fixed-order candidate ledger
CALL,full_j4_fixed,0xA400000000000002,9,singleton,directed,94,178,-,-,384,NO,1270,pass,raw fixed-order candidate ledger
CALL,full_j4_fixed,0xA400000000000002,9,singleton,directed,95,179,-,-,384,NO,1270,pass,raw fixed-order candidate ledger
CALL,full_j4_fixed,0xA400000000000002,9,singleton,directed,96,180,-,-,384,NO,1270,pass,raw fixed-order candidate ledger
CALL,full_j4_fixed,0xA400000000000002,9,singleton,directed,97,181,-,-,384,NO,1270,pass,raw fixed-order candidate ledger
CALL,full_j4_fixed,0xA400000000000002,9,singleton,directed,98,182,-,-,384,NO,1270,pass,raw fixed-order candidate ledger
CALL,full_j4_fixed,0xA400000000000002,9,singleton,directed,99,183,-,-,384,NO,1270,pass,raw fixed-order candidate ledger
CALL,full_j4_fixed,0xA400000000000002,9,singleton,directed,100,184,-,-,384,NO,1270,pass,raw fixed-order candidate ledger
CALL,full_j4_fixed,0xA400000000000002,9,singleton,directed,101,185,-,-,384,NO,1270,pass,raw fixed-order candidate ledger
CALL,full_j4_fixed,0xA400000000000002,9,singleton,directed,102,186,-,-,384,NO,1270,pass,raw fixed-order candidate ledger
CALL,full_j4_fixed,0xA400000000000002,9,singleton,directed,103,187,-,-,384,NO,1270,pass,raw fixed-order candidate ledger
CALL,full_j4_fixed,0xA400000000000002,9,singleton,directed,104,188,-,-,384,NO,1270,pass,raw fixed-order candidate ledger
CALL,full_j4_fixed,0xA400000000000002,9,singleton,directed,105,189,-,-,384,NO,1270,pass,raw fixed-order candidate ledger
CALL,full_j4_fixed,0xA400000000000002,9,singleton,directed,106,190,-,-,384,NO,1270,pass,raw fixed-order candidate ledger
CALL,full_j4_fixed,0xA400000000000002,9,singleton,directed,107,191,-,-,384,NO,1270,pass,raw fixed-order candidate ledger
CALL,full_j4_fixed,0xA400000000000002,9,singleton,directed,108,192,-,-,384,NO,1270,pass,raw fixed-order candidate ledger
CALL,full_j4_fixed,0xA400000000000002,9,singleton,directed,109,193,-,-,384,NO,1270,pass,raw fixed-order candidate ledger
CALL,full_j4_fixed,0xA400000000000002,9,singleton,directed,110,194,-,-,384,NO,1270,pass,raw fixed-order candidate ledger
CALL,full_j4_fixed,0xA400000000000002,9,singleton,directed,111,195,-,-,384,NO,1270,pass,raw fixed-order candidate ledger
CALL,full_j4_fixed,0xA400000000000002,9,singleton,directed,112,196,-,-,384,NO,1270,pass,raw fixed-order candidate ledger
CALL,full_j4_fixed,0xA400000000000002,9,singleton,directed,113,197,-,-,384,NO,1270,pass,raw fixed-order candidate ledger
CALL,full_j4_fixed,0xA400000000000002,9,singleton,directed,114,198,-,-,384,NO,1270,pass,raw fixed-order candidate ledger
CALL,full_j4_fixed,0xA400000000000002,9,singleton,directed,115,199,-,-,384,NO,1270,pass,raw fixed-order candidate ledger
CALL,full_j4_fixed,0xA400000000000002,9,singleton,directed,116,200,-,-,384,NO,1270,pass,raw fixed-order candidate ledger
CALL,full_j4_fixed,0xA400000000000002,9,singleton,directed,117,201,-,-,384,NO,1270,pass,raw fixed-order candidate ledger
CALL,full_j4_fixed,0xA400000000000002,9,singleton,directed,118,202,-,-,384,NO,1270,pass,raw fixed-order candidate ledger
CALL,full_j4_fixed,0xA400000000000002,9,singleton,directed,119,203,-,-,384,NO,1270,pass,raw fixed-order candidate ledger
CALL,full_j4_fixed,0xA400000000000002,9,singleton,directed,120,204,-,-,384,NO,1270,pass,raw fixed-order candidate ledger
CALL,full_j4_fixed,0xA400000000000002,9,singleton,directed,121,205,-,-,384,NO,1270,pass,raw fixed-order candidate ledger
CALL,full_j4_fixed,0xA400000000000002,9,singleton,directed,122,206,-,-,384,NO,1270,pass,raw fixed-order candidate ledger
CALL,full_j4_fixed,0xA400000000000002,9,singleton,directed,123,207,-,-,384,NO,1270,pass,raw fixed-order candidate ledger
CALL,full_j4_fixed,0xA400000000000002,9,singleton,directed,124,208,-,-,384,NO,1270,pass,raw fixed-order candidate ledger
CALL,full_j4_fixed,0xA400000000000002,9,singleton,directed,125,209,-,-,384,NO,1270,pass,raw fixed-order candidate ledger
CALL,full_j4_fixed,0xA400000000000002,9,singleton,directed,126,210,-,-,384,NO,1270,pass,raw fixed-order candidate ledger
CALL,full_j4_fixed,0xA400000000000002,9,singleton,directed,127,211,-,-,384,NO,1270,pass,raw fixed-order candidate ledger
CALL,full_j4_fixed,0xA400000000000002,9,singleton,directed,128,212,-,-,384,NO,1270,pass,raw fixed-order candidate ledger
CALL,full_j4_fixed,0xA400000000000002,9,singleton,directed,129,213,-,-,384,NO,1270,pass,raw fixed-order candidate ledger
CALL,full_j4_fixed,0xA400000000000002,9,singleton,directed,130,214,-,-,384,NO,1270,pass,raw fixed-order candidate ledger
CALL,full_j4_fixed,0xA400000000000002,9,singleton,directed,131,215,-,-,384,NO,1270,pass,raw fixed-order candidate ledger
CALL,full_j4_fixed,0xA400000000000002,9,singleton,directed,132,216,-,-,384,NO,1270,pass,raw fixed-order candidate ledger
CALL,full_j4_fixed,0xA400000000000002,9,singleton,directed,133,217,-,-,384,NO,1270,pass,raw fixed-order candidate ledger
CALL,full_j4_fixed,0xA400000000000002,9,singleton,directed,134,218,-,-,384,NO,1270,pass,raw fixed-order candidate ledger
CALL,full_j4_fixed,0xA400000000000002,9,singleton,directed,135,219,-,-,384,NO,1270,pass,raw fixed-order candidate ledger
CALL,full_j4_fixed,0xA400000000000002,9,singleton,directed,136,220,-,-,384,NO,1270,pass,raw fixed-order candidate ledger
CALL,full_j4_fixed,0xA400000000000002,9,singleton,directed,137,221,-,-,384,NO,1270,pass,raw fixed-order candidate ledger
CALL,full_j4_fixed,0xA400000000000002,9,singleton,directed,138,222,-,-,384,NO,1270,pass,raw fixed-order candidate ledger
CALL,full_j4_fixed,0xA400000000000002,9,singleton,directed,139,223,-,-,384,NO,1270,pass,raw fixed-order candidate ledger
CALL,full_j4_fixed,0xA400000000000002,9,singleton,directed,140,224,-,-,384,NO,1270,pass,raw fixed-order candidate ledger
CALL,full_j4_fixed,0xA400000000000002,9,singleton,directed,141,225,-,-,384,NO,1270,pass,raw fixed-order candidate ledger
CALL,full_j4_fixed,0xA400000000000002,9,singleton,directed,142,226,-,-,384,NO,1270,pass,raw fixed-order candidate ledger
CALL,full_j4_fixed,0xA400000000000002,9,singleton,directed,143,227,-,-,384,NO,1270,pass,raw fixed-order candidate ledger
CALL,full_j4_fixed,0xA400000000000002,9,singleton,directed,144,228,-,-,384,NO,1270,pass,raw fixed-order candidate ledger
CALL,full_j4_fixed,0xA400000000000002,9,singleton,directed,145,229,-,-,384,NO,1270,pass,raw fixed-order candidate ledger
CALL,full_j4_fixed,0xA400000000000002,9,singleton,directed,146,230,-,-,384,NO,1270,pass,raw fixed-order candidate ledger
CALL,full_j4_fixed,0xA400000000000002,9,singleton,directed,147,231,-,-,384,NO,1270,pass,raw fixed-order candidate ledger
CALL,full_j4_fixed,0xA400000000000002,9,singleton,directed,148,232,-,-,384,NO,1270,pass,raw fixed-order candidate ledger
CALL,full_j4_fixed,0xA400000000000002,9,singleton,directed,149,233,-,-,384,NO,1270,pass,raw fixed-order candidate ledger
CALL,full_j4_fixed,0xA400000000000002,9,singleton,directed,150,234,-,-,384,NO,1270,pass,raw fixed-order candidate ledger
CALL,full_j4_fixed,0xA400000000000002,9,singleton,directed,151,235,-,-,384,NO,1270,pass,raw fixed-order candidate ledger
CALL,full_j4_fixed,0xA400000000000002,9,singleton,directed,152,236,-,-,384,NO,1270,pass,raw fixed-order candidate ledger
CALL,full_j4_fixed,0xA400000000000002,9,singleton,directed,153,237,-,-,384,NO,1270,pass,raw fixed-order candidate ledger
CALL,full_j4_fixed,0xA400000000000002,9,singleton,directed,154,238,-,-,384,NO,1270,pass,raw fixed-order candidate ledger
CALL,full_j4_fixed,0xA400000000000002,9,singleton,directed,155,239,-,-,384,NO,1270,pass,raw fixed-order candidate ledger
CALL,full_j4_fixed,0xA400000000000002,9,singleton,directed,156,240,-,-,384,NO,1270,pass,raw fixed-order candidate ledger
CALL,full_j4_fixed,0xA400000000000002,9,singleton,directed,157,241,-,-,384,NO,1270,pass,raw fixed-order candidate ledger
CALL,full_j4_fixed,0xA400000000000002,9,singleton,directed,158,242,-,-,384,NO,1270,pass,raw fixed-order candidate ledger
CALL,full_j4_fixed,0xA400000000000002,9,singleton,directed,159,243,-,-,384,NO,1270,pass,raw fixed-order candidate ledger
CALL,full_j4_fixed,0xA400000000000002,9,singleton,directed,160,244,-,-,384,NO,1270,pass,raw fixed-order candidate ledger
CALL,full_j4_fixed,0xA400000000000002,9,singleton,directed,161,245,-,-,384,NO,1270,pass,raw fixed-order candidate ledger
CALL,full_j4_fixed,0xA400000000000002,9,singleton,directed,162,246,-,-,384,NO,1270,pass,raw fixed-order candidate ledger
CALL,full_j4_fixed,0xA400000000000002,9,singleton,directed,163,247,-,-,384,NO,1270,pass,raw fixed-order candidate ledger
CALL,full_j4_fixed,0xA400000000000002,9,singleton,directed,164,248,-,-,384,NO,1270,pass,raw fixed-order candidate ledger
CALL,full_j4_fixed,0xA400000000000002,9,singleton,directed,165,249,-,-,384,NO,1270,pass,raw fixed-order candidate ledger
CALL,full_j4_fixed,0xA400000000000002,9,singleton,directed,166,250,-,-,384,NO,1270,pass,raw fixed-order candidate ledger
CALL,full_j4_fixed,0xA400000000000002,9,singleton,directed,167,251,-,-,384,NO,1270,pass,raw fixed-order candidate ledger
CALL,full_j4_fixed,0xA400000000000002,9,singleton,directed,168,252,-,-,384,NO,1270,pass,raw fixed-order candidate ledger
CALL,full_j4_fixed,0xA400000000000002,9,singleton,directed,169,253,-,-,384,NO,1270,pass,raw fixed-order candidate ledger
CALL,full_j4_fixed,0xA400000000000002,9,singleton,directed,170,254,-,-,384,NO,1270,pass,raw fixed-order candidate ledger
CALL,full_j4_fixed,0xA400000000000002,9,singleton,directed,171,255,-,-,384,NO,1270,pass,raw fixed-order candidate ledger
CALL,full_j4_fixed,0xA400000000000002,9,singleton,directed,172,256,-,-,384,NO,1270,pass,raw fixed-order candidate ledger
CALL,full_j4_fixed,0xA400000000000002,9,singleton,directed,173,257,-,-,384,NO,1270,pass,raw fixed-order candidate ledger
CALL,full_j4_fixed,0xA400000000000002,9,singleton,directed,174,258,-,-,384,NO,1270,pass,raw fixed-order candidate ledger
CALL,full_j4_fixed,0xA400000000000002,9,singleton,directed,175,259,-,-,384,NO,1270,pass,raw fixed-order candidate ledger
CALL,full_j4_fixed,0xA400000000000002,9,singleton,directed,176,260,-,-,384,NO,1270,pass,raw fixed-order candidate ledger
CALL,full_j4_fixed,0xA400000000000002,9,singleton,directed,177,261,-,-,384,NO,1270,pass,raw fixed-order candidate ledger
CALL,full_j4_fixed,0xA400000000000002,9,singleton,directed,178,262,-,-,384,NO,1270,pass,raw fixed-order candidate ledger
CALL,full_j4_fixed,0xA400000000000002,9,singleton,directed,179,263,-,-,384,NO,1270,pass,raw fixed-order candidate ledger
CALL,full_j4_fixed,0xA400000000000002,9,singleton,directed,180,264,-,-,384,NO,1270,pass,raw fixed-order candidate ledger
CALL,full_j4_fixed,0xA400000000000002,9,singleton,directed,181,265,-,-,384,NO,1270,pass,raw fixed-order candidate ledger
CALL,full_j4_fixed,0xA400000000000002,9,singleton,directed,182,266,-,-,384,NO,1270,pass,raw fixed-order candidate ledger
CALL,full_j4_fixed,0xA400000000000002,9,singleton,directed,183,267,-,-,384,NO,1270,pass,raw fixed-order candidate ledger
CALL,full_j4_fixed,0xA400000000000002,9,singleton,directed,184,268,-,-,384,NO,1270,pass,raw fixed-order candidate ledger
CALL,full_j4_fixed,0xA400000000000002,9,singleton,directed,185,269,-,-,384,NO,1270,pass,raw fixed-order candidate ledger
CALL,full_j4_fixed,0xA400000000000002,9,singleton,directed,186,270,-,-,384,NO,1270,pass,raw fixed-order candidate ledger
CALL,full_j4_fixed,0xA400000000000002,9,singleton,directed,187,271,-,-,384,NO,1270,pass,raw fixed-order candidate ledger
CALL,full_j4_fixed,0xA400000000000002,9,singleton,directed,188,272,-,-,384,NO,1270,pass,raw fixed-order candidate ledger
CALL,full_j4_fixed,0xA400000000000002,9,singleton,directed,189,273,-,-,384,NO,1270,pass,raw fixed-order candidate ledger
CALL,full_j4_fixed,0xA400000000000002,9,singleton,directed,190,274,-,-,384,NO,1270,pass,raw fixed-order candidate ledger
CALL,full_j4_fixed,0xA400000000000002,9,singleton,directed,191,275,-,-,384,NO,1270,pass,raw fixed-order candidate ledger
CALL,full_j4_fixed,0xA400000000000002,9,singleton,directed,192,276,-,-,384,NO,1270,pass,raw fixed-order candidate ledger
CALL,full_j4_fixed,0xA400000000000002,9,singleton,directed,193,277,-,-,384,NO,1270,pass,raw fixed-order candidate ledger
CALL,full_j4_fixed,0xA400000000000002,9,singleton,directed,194,278,-,-,384,NO,1270,pass,raw fixed-order candidate ledger
CALL,full_j4_fixed,0xA400000000000002,9,singleton,directed,195,279,-,-,384,NO,1270,pass,raw fixed-order candidate ledger
CALL,full_j4_fixed,0xA400000000000002,9,singleton,directed,196,280,-,-,384,NO,1270,pass,raw fixed-order candidate ledger
CALL,full_j4_fixed,0xA400000000000002,9,singleton,directed,197,281,-,-,384,NO,1270,pass,raw fixed-order candidate ledger
CALL,full_j4_fixed,0xA400000000000002,9,singleton,directed,198,282,-,-,384,NO,1270,pass,raw fixed-order candidate ledger
CALL,full_j4_fixed,0xA400000000000002,9,singleton,directed,199,283,-,-,384,NO,1270,pass,raw fixed-order candidate ledger
CALL,full_j4_fixed,0xA400000000000002,9,singleton,directed,200,284,-,-,384,NO,1270,pass,raw fixed-order candidate ledger
CALL,full_j4_fixed,0xA400000000000002,9,singleton,directed,201,285,-,-,384,NO,1270,pass,raw fixed-order candidate ledger
CALL,full_j4_fixed,0xA400000000000002,9,singleton,directed,202,286,-,-,384,NO,1270,pass,raw fixed-order candidate ledger
CALL,full_j4_fixed,0xA400000000000002,9,singleton,directed,203,287,-,-,384,NO,1270,pass,raw fixed-order candidate ledger
CALL,full_j4_fixed,0xA400000000000002,9,singleton,directed,204,288,-,-,384,NO,1270,pass,raw fixed-order candidate ledger
CALL,full_j4_fixed,0xA400000000000002,9,singleton,directed,205,289,-,-,384,NO,1270,pass,raw fixed-order candidate ledger
CALL,full_j4_fixed,0xA400000000000002,9,singleton,directed,206,290,-,-,384,NO,1270,pass,raw fixed-order candidate ledger
CALL,full_j4_fixed,0xA400000000000002,9,singleton,directed,207,291,-,-,384,NO,1270,pass,raw fixed-order candidate ledger
CALL,full_j4_fixed,0xA400000000000002,9,singleton,directed,208,292,-,-,384,NO,1270,pass,raw fixed-order candidate ledger
CALL,full_j4_fixed,0xA400000000000002,9,singleton,directed,209,293,-,-,384,NO,1270,pass,raw fixed-order candidate ledger
CALL,full_j4_fixed,0xA400000000000002,9,singleton,directed,210,294,-,-,384,NO,1270,pass,raw fixed-order candidate ledger
CALL,full_j4_fixed,0xA400000000000002,9,singleton,directed,211,295,-,-,384,NO,1270,pass,raw fixed-order candidate ledger
CALL,full_j4_fixed,0xA400000000000002,9,singleton,directed,212,296,-,-,384,NO,1270,pass,raw fixed-order candidate ledger
CALL,full_j4_fixed,0xA400000000000002,9,singleton,directed,213,297,-,-,384,NO,1270,pass,raw fixed-order candidate ledger
CALL,full_j4_fixed,0xA400000000000002,9,singleton,directed,214,298,-,-,384,NO,1270,pass,raw fixed-order candidate ledger
CALL,full_j4_fixed,0xA400000000000002,9,singleton,directed,215,299,-,-,384,NO,1270,pass,raw fixed-order candidate ledger
CALL,full_j4_fixed,0xA400000000000002,9,singleton,directed,216,300,-,-,384,NO,1270,pass,raw fixed-order candidate ledger
CALL,full_j4_fixed,0xA400000000000002,9,singleton,directed,217,301,-,-,384,NO,1270,pass,raw fixed-order candidate ledger
CALL,full_j4_fixed,0xA400000000000002,9,singleton,directed,218,302,-,-,384,NO,1270,pass,raw fixed-order candidate ledger
CALL,full_j4_fixed,0xA400000000000002,9,singleton,directed,219,303,-,-,384,NO,1270,pass,raw fixed-order candidate ledger
CALL,full_j4_fixed,0xA400000000000002,9,singleton,directed,220,304,-,-,384,NO,1270,pass,raw fixed-order candidate ledger
CALL,full_j4_fixed,0xA400000000000002,9,singleton,directed,221,305,-,-,384,NO,1270,pass,raw fixed-order candidate ledger
CALL,full_j4_fixed,0xA400000000000002,9,singleton,directed,222,306,-,-,384,NO,1270,pass,raw fixed-order candidate ledger
CALL,full_j4_fixed,0xA400000000000002,9,singleton,directed,223,307,-,-,384,NO,1270,pass,raw fixed-order candidate ledger
CALL,full_j4_fixed,0xA400000000000002,9,singleton,directed,224,308,-,-,384,NO,1270,pass,raw fixed-order candidate ledger
CALL,full_j4_fixed,0xA400000000000002,9,singleton,directed,225,309,-,-,384,NO,1270,pass,raw fixed-order candidate ledger
CALL,full_j4_fixed,0xA400000000000002,9,singleton,directed,226,310,-,-,384,NO,1270,pass,raw fixed-order candidate ledger
CALL,full_j4_fixed,0xA400000000000002,9,singleton,directed,227,311,-,-,384,NO,1270,pass,raw fixed-order candidate ledger
CALL,full_j4_fixed,0xA400000000000002,9,singleton,directed,228,312,-,-,384,NO,1270,pass,raw fixed-order candidate ledger
CALL,full_j4_fixed,0xA400000000000002,9,singleton,directed,229,313,-,-,384,NO,1270,pass,raw fixed-order candidate ledger
CALL,full_j4_fixed,0xA400000000000002,9,singleton,directed,230,314,-,-,384,NO,1270,pass,raw fixed-order candidate ledger
CALL,full_j4_fixed,0xA400000000000002,9,singleton,directed,231,315,-,-,384,NO,1270,pass,raw fixed-order candidate ledger
CALL,full_j4_fixed,0xA400000000000002,9,singleton,directed,232,316,-,-,384,NO,1270,pass,raw fixed-order candidate ledger
CALL,full_j4_fixed,0xA400000000000002,9,singleton,directed,233,317,-,-,384,NO,1270,pass,raw fixed-order candidate ledger
CALL,full_j4_fixed,0xA400000000000002,9,singleton,directed,234,318,-,-,384,NO,1270,pass,raw fixed-order candidate ledger
CALL,full_j4_fixed,0xA400000000000002,9,singleton,directed,235,319,-,-,384,NO,1270,pass,raw fixed-order candidate ledger
CALL,full_j4_fixed,0xA400000000000002,9,singleton,directed,236,320,-,-,384,NO,1270,pass,raw fixed-order candidate ledger
CALL,full_j4_fixed,0xA400000000000002,9,singleton,directed,237,321,-,-,384,NO,1270,pass,raw fixed-order candidate ledger
CALL,full_j4_fixed,0xA400000000000002,9,singleton,directed,238,322,-,-,384,NO,1270,pass,raw fixed-order candidate ledger
CALL,full_j4_fixed,0xA400000000000002,9,singleton,directed,239,323,-,-,384,NO,1270,pass,raw fixed-order candidate ledger
CALL,full_j4_fixed,0xA400000000000002,9,singleton,directed,240,324,-,-,384,NO,1270,pass,raw fixed-order candidate ledger
CALL,full_j4_fixed,0xA400000000000002,9,singleton,directed,241,325,-,-,384,NO,1270,pass,raw fixed-order candidate ledger
CALL,full_j4_fixed,0xA400000000000002,9,singleton,directed,242,326,-,-,384,NO,1270,pass,raw fixed-order candidate ledger
CALL,full_j4_fixed,0xA400000000000002,9,singleton,directed,243,327,-,-,384,NO,1270,pass,raw fixed-order candidate ledger
CALL,full_j4_fixed,0xA400000000000002,9,singleton,directed,244,328,-,-,384,NO,1270,pass,raw fixed-order candidate ledger
CALL,full_j4_fixed,0xA400000000000002,9,singleton,directed,245,329,-,-,384,NO,1270,pass,raw fixed-order candidate ledger
CALL,full_j4_fixed,0xA400000000000002,9,singleton,directed,246,330,-,-,384,NO,1270,pass,raw fixed-order candidate ledger
CALL,full_j4_fixed,0xA400000000000002,9,singleton,directed,247,331,-,-,384,NO,1270,pass,raw fixed-order candidate ledger
CALL,full_j4_fixed,0xA400000000000002,9,singleton,directed,248,332,-,-,384,NO,1270,pass,raw fixed-order candidate ledger
CALL,full_j4_fixed,0xA400000000000002,9,singleton,directed,249,333,-,-,384,NO,1270,pass,raw fixed-order candidate ledger
CALL,full_j4_fixed,0xA400000000000002,9,singleton,directed,250,334,-,-,384,NO,1270,pass,raw fixed-order candidate ledger
CALL,full_j4_fixed,0xA400000000000002,9,singleton,directed,251,335,-,-,384,NO,1270,pass,raw fixed-order candidate ledger
CALL,full_j4_fixed,0xA400000000000002,9,singleton,directed,252,336,-,-,384,NO,1270,pass,raw fixed-order candidate ledger
CALL,full_j4_fixed,0xA400000000000002,9,singleton,directed,253,337,-,-,384,NO,1270,pass,raw fixed-order candidate ledger
CALL,full_j4_fixed,0xA400000000000002,9,singleton,directed,254,338,-,-,384,NO,1270,pass,raw fixed-order candidate ledger
CALL,full_j4_fixed,0xA400000000000002,9,singleton,directed,255,339,-,-,384,NO,1270,pass,raw fixed-order candidate ledger
CALL,full_j4_fixed,0xA400000000000002,9,singleton,directed,256,340,-,-,384,NO,1270,pass,raw fixed-order candidate ledger
CALL,full_j4_fixed,0xA400000000000002,9,singleton,directed,257,341,-,-,384,NO,1270,pass,raw fixed-order candidate ledger
CALL,full_j4_fixed,0xA400000000000002,9,singleton,directed,258,342,-,-,384,NO,1270,pass,raw fixed-order candidate ledger
CALL,full_j4_fixed,0xA400000000000002,9,singleton,directed,259,343,-,-,384,NO,1270,pass,raw fixed-order candidate ledger
CALL,full_j4_fixed,0xA400000000000002,9,singleton,directed,260,344,-,-,384,NO,1270,pass,raw fixed-order candidate ledger
CALL,full_j4_fixed,0xA400000000000002,9,singleton,directed,261,345,-,-,384,NO,1270,pass,raw fixed-order candidate ledger
CALL,full_j4_fixed,0xA400000000000002,9,singleton,directed,262,346,-,-,384,NO,1270,pass,raw fixed-order candidate ledger
CALL,full_j4_fixed,0xA400000000000002,9,singleton,directed,263,347,-,-,384,NO,1270,pass,raw fixed-order candidate ledger
CALL,full_j4_fixed,0xA400000000000002,9,singleton,directed,264,348,-,-,384,NO,1270,pass,raw fixed-order candidate ledger
CALL,full_j4_fixed,0xA400000000000002,9,singleton,directed,265,349,-,-,384,NO,1270,pass,raw fixed-order candidate ledger
CALL,full_j4_fixed,0xA400000000000002,9,singleton,directed,266,350,-,-,384,NO,1270,pass,raw fixed-order candidate ledger
CALL,full_j4_fixed,0xA400000000000002,9,singleton,directed,267,351,-,-,384,NO,1270,pass,raw fixed-order candidate ledger
CALL,full_j4_fixed,0xA400000000000002,9,singleton,directed,268,352,-,-,384,NO,1270,pass,raw fixed-order candidate ledger
CALL,full_j4_fixed,0xA400000000000002,9,singleton,directed,269,353,-,-,384,NO,1270,pass,raw fixed-order candidate ledger
CALL,full_j4_fixed,0xA400000000000002,9,singleton,directed,270,354,-,-,384,NO,1270,pass,raw fixed-order candidate ledger
CALL,full_j4_fixed,0xA400000000000002,9,singleton,directed,271,355,-,-,384,NO,1270,pass,raw fixed-order candidate ledger
CALL,full_j4_fixed,0xA400000000000002,9,singleton,directed,272,356,-,-,384,NO,1270,pass,raw fixed-order candidate ledger
CALL,full_j4_fixed,0xA400000000000002,9,singleton,directed,273,357,-,-,384,NO,1270,pass,raw fixed-order candidate ledger
CALL,full_j4_fixed,0xA400000000000002,9,singleton,directed,274,358,-,-,384,NO,1270,pass,raw fixed-order candidate ledger
CALL,full_j4_fixed,0xA400000000000002,9,singleton,directed,275,359,-,-,384,NO,1270,pass,raw fixed-order candidate ledger
CALL,full_j4_fixed,0xA400000000000002,9,singleton,directed,276,360,-,-,384,NO,1270,pass,raw fixed-order candidate ledger
CALL,full_j4_fixed,0xA400000000000002,9,singleton,directed,277,361,-,-,384,NO,1270,pass,raw fixed-order candidate ledger
CALL,full_j4_fixed,0xA400000000000002,9,singleton,directed,278,362,-,-,384,NO,1270,pass,raw fixed-order candidate ledger
CALL,full_j4_fixed,0xA400000000000002,9,singleton,directed,279,363,-,-,384,NO,1270,pass,raw fixed-order candidate ledger
CALL,full_j4_fixed,0xA400000000000002,9,singleton,directed,280,364,-,-,384,NO,1270,pass,raw fixed-order candidate ledger
CALL,full_j4_fixed,0xA400000000000002,9,singleton,directed,281,365,-,-,384,NO,1270,pass,raw fixed-order candidate ledger
CALL,full_j4_fixed,0xA400000000000002,9,singleton,directed,282,366,-,-,384,NO,1270,pass,raw fixed-order candidate ledger
CALL,full_j4_fixed,0xA400000000000002,9,singleton,directed,283,367,-,-,384,NO,1270,pass,raw fixed-order candidate ledger
CALL,full_j4_fixed,0xA400000000000002,9,singleton,directed,284,368,-,-,384,NO,1270,pass,raw fixed-order candidate ledger
CALL,full_j4_fixed,0xA400000000000002,9,singleton,directed,285,369,-,-,384,NO,1270,pass,raw fixed-order candidate ledger
CALL,full_j4_fixed,0xA400000000000002,9,singleton,directed,286,370,-,-,384,NO,1270,pass,raw fixed-order candidate ledger
CALL,full_j4_fixed,0xA400000000000002,9,singleton,directed,287,371,-,-,384,NO,1270,pass,raw fixed-order candidate ledger
CALL,full_j4_fixed,0xA400000000000002,9,singleton,directed,288,372,-,-,384,NO,1270,pass,raw fixed-order candidate ledger
CALL,full_j4_fixed,0xA400000000000002,9,singleton,directed,289,373,-,-,384,NO,1270,pass,raw fixed-order candidate ledger
CALL,full_j4_fixed,0xA400000000000002,9,singleton,directed,290,374,-,-,384,NO,1270,pass,raw fixed-order candidate ledger
CALL,full_j4_fixed,0xA400000000000002,9,singleton,directed,291,375,-,-,384,NO,1270,pass,raw fixed-order candidate ledger
CALL,full_j4_fixed,0xA400000000000002,9,singleton,directed,292,376,-,-,384,NO,1270,pass,raw fixed-order candidate ledger
CALL,full_j4_fixed,0xA400000000000002,9,singleton,directed,293,377,-,-,384,NO,1270,pass,raw fixed-order candidate ledger
CALL,full_j4_fixed,0xA400000000000002,9,singleton,directed,294,378,-,-,384,NO,1270,pass,raw fixed-order candidate ledger
CALL,full_j4_fixed,0xA400000000000002,9,singleton,directed,295,379,-,-,384,NO,1270,pass,raw fixed-order candidate ledger
CALL,full_j4_fixed,0xA400000000000002,9,singleton,directed,296,380,-,-,384,NO,1270,pass,raw fixed-order candidate ledger
CALL,full_j4_fixed,0xA400000000000002,9,singleton,directed,297,381,-,-,384,NO,1270,pass,raw fixed-order candidate ledger
CALL,full_j4_fixed,0xA400000000000002,9,singleton,directed,298,382,-,-,384,NO,1270,pass,raw fixed-order candidate ledger
CALL,full_j4_fixed,0xA400000000000002,9,singleton,directed,299,383,-,-,384,NO,1270,pass,raw fixed-order candidate ledger
CALL,full_j4_fixed,0xA400000000000002,9,singleton,directed,300,384,-,-,384,NO,1270,pass,raw fixed-order candidate ledger
ATTRIBUTION,full_j4_fixed,0xA400000000000002,9,singleton,directed,35,- ,119,36,384,YES,1270,pass,first exact inside J4 frozen bank order
ABLATION,full_j4_fixed,0xA400000000000002,9,singleton,-,-,-,-,-,384,YES,1270,pass,predeclared bank ablation
ABLATION,no_global,0xA400000000000002,9,singleton,-,-,-,-,-,354,YES,1270,pass,predeclared bank ablation
ABLATION,no_singleton,0xA400000000000002,9,singleton,-,-,-,-,-,336,YES,1270,pass,predeclared bank ablation
ABLATION,no_none,0xA400000000000002,9,singleton,-,-,-,-,-,379,YES,1270,pass,predeclared bank ablation
ABLATION,no_directed,0xA400000000000002,9,singleton,-,-,-,-,-,83,YES,1270,pass,predeclared bank ablation
ABLATION,directed_100,0xA400000000000002,9,singleton,-,-,-,-,-,183,YES,1270,pass,predeclared bank ablation
ABLATION,directed_200,0xA400000000000002,9,singleton,-,-,-,-,-,283,YES,1270,pass,predeclared bank ablation
ABLATION,small_banks_only,0xA400000000000002,9,singleton,-,-,-,-,-,83,YES,1270,pass,predeclared bank ablation
ABLATION,derived_minimal_prefix,0xA400000000000002,9,singleton,-,-,-,-,-,127,YES,1270,pass,predeclared bank ablation
CALL,full_j4_fixed,0xA400000000000002,14,directed,global,0,1,-,-,384,NO,1270,pass,raw fixed-order candidate ledger
CALL,full_j4_fixed,0xA400000000000002,14,directed,global,1,2,-,-,384,NO,1270,pass,raw fixed-order candidate ledger
CALL,full_j4_fixed,0xA400000000000002,14,directed,global,2,3,-,-,384,NO,1270,pass,raw fixed-order candidate ledger
CALL,full_j4_fixed,0xA400000000000002,14,directed,global,3,4,-,-,384,NO,1270,pass,raw fixed-order candidate ledger
CALL,full_j4_fixed,0xA400000000000002,14,directed,global,4,5,-,-,384,NO,1270,pass,raw fixed-order candidate ledger
CALL,full_j4_fixed,0xA400000000000002,14,directed,global,5,6,-,-,384,NO,1270,pass,raw fixed-order candidate ledger
CALL,full_j4_fixed,0xA400000000000002,14,directed,global,6,7,-,-,384,NO,1270,pass,raw fixed-order candidate ledger
CALL,full_j4_fixed,0xA400000000000002,14,directed,global,7,8,-,-,384,NO,1270,pass,raw fixed-order candidate ledger
CALL,full_j4_fixed,0xA400000000000002,14,directed,global,8,9,-,-,384,NO,1270,pass,raw fixed-order candidate ledger
CALL,full_j4_fixed,0xA400000000000002,14,directed,global,9,10,-,-,384,NO,1270,pass,raw fixed-order candidate ledger
CALL,full_j4_fixed,0xA400000000000002,14,directed,global,10,11,-,-,384,NO,1270,pass,raw fixed-order candidate ledger
CALL,full_j4_fixed,0xA400000000000002,14,directed,global,11,12,-,-,384,NO,1270,pass,raw fixed-order candidate ledger
CALL,full_j4_fixed,0xA400000000000002,14,directed,global,12,13,-,-,384,NO,1270,pass,raw fixed-order candidate ledger
CALL,full_j4_fixed,0xA400000000000002,14,directed,global,13,14,-,-,384,NO,1270,pass,raw fixed-order candidate ledger
CALL,full_j4_fixed,0xA400000000000002,14,directed,global,14,15,-,-,384,NO,1270,pass,raw fixed-order candidate ledger
CALL,full_j4_fixed,0xA400000000000002,14,directed,global,15,16,-,-,384,NO,1270,pass,raw fixed-order candidate ledger
CALL,full_j4_fixed,0xA400000000000002,14,directed,global,16,17,-,-,384,NO,1270,pass,raw fixed-order candidate ledger
CALL,full_j4_fixed,0xA400000000000002,14,directed,global,17,18,-,-,384,NO,1270,pass,raw fixed-order candidate ledger
CALL,full_j4_fixed,0xA400000000000002,14,directed,global,18,19,-,-,384,NO,1270,pass,raw fixed-order candidate ledger
CALL,full_j4_fixed,0xA400000000000002,14,directed,global,19,20,-,-,384,NO,1270,pass,raw fixed-order candidate ledger
CALL,full_j4_fixed,0xA400000000000002,14,directed,global,20,21,-,-,384,NO,1270,pass,raw fixed-order candidate ledger
CALL,full_j4_fixed,0xA400000000000002,14,directed,global,21,22,-,-,384,NO,1270,pass,raw fixed-order candidate ledger
CALL,full_j4_fixed,0xA400000000000002,14,directed,global,22,23,-,-,384,NO,1270,pass,raw fixed-order candidate ledger
CALL,full_j4_fixed,0xA400000000000002,14,directed,global,23,24,-,-,384,NO,1270,pass,raw fixed-order candidate ledger
CALL,full_j4_fixed,0xA400000000000002,14,directed,global,24,25,-,-,384,NO,1270,pass,raw fixed-order candidate ledger
CALL,full_j4_fixed,0xA400000000000002,14,directed,global,25,26,-,-,384,NO,1270,pass,raw fixed-order candidate ledger
CALL,full_j4_fixed,0xA400000000000002,14,directed,global,26,27,-,-,384,NO,1270,pass,raw fixed-order candidate ledger
CALL,full_j4_fixed,0xA400000000000002,14,directed,global,27,28,-,-,384,NO,1270,pass,raw fixed-order candidate ledger
CALL,full_j4_fixed,0xA400000000000002,14,directed,global,28,29,-,-,384,NO,1270,pass,raw fixed-order candidate ledger
CALL,full_j4_fixed,0xA400000000000002,14,directed,global,29,30,-,-,384,NO,1270,pass,raw fixed-order candidate ledger
CALL,full_j4_fixed,0xA400000000000002,14,directed,singleton,0,31,-,-,384,NO,1270,pass,raw fixed-order candidate ledger
CALL,full_j4_fixed,0xA400000000000002,14,directed,singleton,1,32,-,-,384,NO,1270,pass,raw fixed-order candidate ledger
CALL,full_j4_fixed,0xA400000000000002,14,directed,singleton,2,33,-,-,384,NO,1270,pass,raw fixed-order candidate ledger
CALL,full_j4_fixed,0xA400000000000002,14,directed,singleton,3,34,-,-,384,NO,1270,pass,raw fixed-order candidate ledger
CALL,full_j4_fixed,0xA400000000000002,14,directed,singleton,4,35,-,-,384,NO,1270,pass,raw fixed-order candidate ledger
CALL,full_j4_fixed,0xA400000000000002,14,directed,singleton,5,36,-,-,384,NO,1270,pass,raw fixed-order candidate ledger
CALL,full_j4_fixed,0xA400000000000002,14,directed,singleton,6,37,-,-,384,NO,1270,pass,raw fixed-order candidate ledger
CALL,full_j4_fixed,0xA400000000000002,14,directed,singleton,7,38,-,-,384,NO,1270,pass,raw fixed-order candidate ledger
CALL,full_j4_fixed,0xA400000000000002,14,directed,singleton,8,39,-,-,384,NO,1270,pass,raw fixed-order candidate ledger
CALL,full_j4_fixed,0xA400000000000002,14,directed,singleton,9,40,-,-,384,NO,1270,pass,raw fixed-order candidate ledger
CALL,full_j4_fixed,0xA400000000000002,14,directed,singleton,10,41,-,-,384,NO,1270,pass,raw fixed-order candidate ledger
CALL,full_j4_fixed,0xA400000000000002,14,directed,singleton,11,42,-,-,384,NO,1270,pass,raw fixed-order candidate ledger
CALL,full_j4_fixed,0xA400000000000002,14,directed,singleton,12,43,-,-,384,NO,1270,pass,raw fixed-order candidate ledger
CALL,full_j4_fixed,0xA400000000000002,14,directed,singleton,13,44,-,-,384,NO,1270,pass,raw fixed-order candidate ledger
CALL,full_j4_fixed,0xA400000000000002,14,directed,singleton,14,45,-,-,384,NO,1270,pass,raw fixed-order candidate ledger
CALL,full_j4_fixed,0xA400000000000002,14,directed,singleton,15,46,-,-,384,NO,1270,pass,raw fixed-order candidate ledger
CALL,full_j4_fixed,0xA400000000000002,14,directed,singleton,16,47,-,-,384,NO,1270,pass,raw fixed-order candidate ledger
CALL,full_j4_fixed,0xA400000000000002,14,directed,singleton,17,48,-,-,384,NO,1270,pass,raw fixed-order candidate ledger
CALL,full_j4_fixed,0xA400000000000002,14,directed,singleton,18,49,-,-,384,NO,1270,pass,raw fixed-order candidate ledger
CALL,full_j4_fixed,0xA400000000000002,14,directed,singleton,19,50,-,-,384,NO,1270,pass,raw fixed-order candidate ledger
CALL,full_j4_fixed,0xA400000000000002,14,directed,singleton,20,51,-,-,384,NO,1270,pass,raw fixed-order candidate ledger
CALL,full_j4_fixed,0xA400000000000002,14,directed,singleton,21,52,-,-,384,NO,1270,pass,raw fixed-order candidate ledger
CALL,full_j4_fixed,0xA400000000000002,14,directed,singleton,22,53,-,-,384,NO,1270,pass,raw fixed-order candidate ledger
CALL,full_j4_fixed,0xA400000000000002,14,directed,singleton,23,54,-,-,384,NO,1270,pass,raw fixed-order candidate ledger
CALL,full_j4_fixed,0xA400000000000002,14,directed,singleton,24,55,-,-,384,NO,1270,pass,raw fixed-order candidate ledger
CALL,full_j4_fixed,0xA400000000000002,14,directed,singleton,25,56,-,-,384,NO,1270,pass,raw fixed-order candidate ledger
CALL,full_j4_fixed,0xA400000000000002,14,directed,singleton,26,57,-,-,384,NO,1270,pass,raw fixed-order candidate ledger
CALL,full_j4_fixed,0xA400000000000002,14,directed,singleton,27,58,-,-,384,NO,1270,pass,raw fixed-order candidate ledger
CALL,full_j4_fixed,0xA400000000000002,14,directed,singleton,28,59,-,-,384,NO,1270,pass,raw fixed-order candidate ledger
CALL,full_j4_fixed,0xA400000000000002,14,directed,singleton,29,60,-,-,384,NO,1270,pass,raw fixed-order candidate ledger
CALL,full_j4_fixed,0xA400000000000002,14,directed,singleton,30,61,-,-,384,NO,1270,pass,raw fixed-order candidate ledger
CALL,full_j4_fixed,0xA400000000000002,14,directed,singleton,31,62,-,-,384,NO,1270,pass,raw fixed-order candidate ledger
CALL,full_j4_fixed,0xA400000000000002,14,directed,singleton,32,63,-,-,384,NO,1270,pass,raw fixed-order candidate ledger
CALL,full_j4_fixed,0xA400000000000002,14,directed,singleton,33,64,-,-,384,NO,1270,pass,raw fixed-order candidate ledger
CALL,full_j4_fixed,0xA400000000000002,14,directed,singleton,34,65,-,-,384,NO,1270,pass,raw fixed-order candidate ledger
CALL,full_j4_fixed,0xA400000000000002,14,directed,singleton,35,66,-,-,384,NO,1270,pass,raw fixed-order candidate ledger
CALL,full_j4_fixed,0xA400000000000002,14,directed,singleton,36,67,-,-,384,NO,1270,pass,raw fixed-order candidate ledger
CALL,full_j4_fixed,0xA400000000000002,14,directed,singleton,37,68,-,-,384,NO,1270,pass,raw fixed-order candidate ledger
CALL,full_j4_fixed,0xA400000000000002,14,directed,singleton,38,69,-,-,384,NO,1270,pass,raw fixed-order candidate ledger
CALL,full_j4_fixed,0xA400000000000002,14,directed,singleton,39,70,-,-,384,NO,1270,pass,raw fixed-order candidate ledger
CALL,full_j4_fixed,0xA400000000000002,14,directed,singleton,40,71,-,-,384,NO,1270,pass,raw fixed-order candidate ledger
CALL,full_j4_fixed,0xA400000000000002,14,directed,singleton,41,72,-,-,384,NO,1270,pass,raw fixed-order candidate ledger
CALL,full_j4_fixed,0xA400000000000002,14,directed,singleton,42,73,-,-,384,NO,1270,pass,raw fixed-order candidate ledger
CALL,full_j4_fixed,0xA400000000000002,14,directed,singleton,43,74,-,-,384,NO,1270,pass,raw fixed-order candidate ledger
CALL,full_j4_fixed,0xA400000000000002,14,directed,singleton,44,75,-,-,384,NO,1270,pass,raw fixed-order candidate ledger
CALL,full_j4_fixed,0xA400000000000002,14,directed,singleton,45,76,-,-,384,NO,1270,pass,raw fixed-order candidate ledger
CALL,full_j4_fixed,0xA400000000000002,14,directed,singleton,46,77,-,-,384,NO,1270,pass,raw fixed-order candidate ledger
CALL,full_j4_fixed,0xA400000000000002,14,directed,singleton,47,78,-,-,384,NO,1270,pass,raw fixed-order candidate ledger
CALL,full_j4_fixed,0xA400000000000002,14,directed,none,0,79,-,-,384,NO,1270,pass,raw fixed-order candidate ledger
CALL,full_j4_fixed,0xA400000000000002,14,directed,none,1,80,-,-,384,NO,1270,pass,raw fixed-order candidate ledger
CALL,full_j4_fixed,0xA400000000000002,14,directed,none,2,81,-,-,384,NO,1270,pass,raw fixed-order candidate ledger
CALL,full_j4_fixed,0xA400000000000002,14,directed,none,3,82,-,-,384,NO,1270,pass,raw fixed-order candidate ledger
CALL,full_j4_fixed,0xA400000000000002,14,directed,none,4,83,-,-,384,NO,1270,pass,raw fixed-order candidate ledger
CALL,full_j4_fixed,0xA400000000000002,14,directed,directed,0,84,-,-,384,NO,1270,pass,raw fixed-order candidate ledger
CALL,full_j4_fixed,0xA400000000000002,14,directed,directed,1,85,-,-,384,NO,1270,pass,raw fixed-order candidate ledger
CALL,full_j4_fixed,0xA400000000000002,14,directed,directed,2,86,-,-,384,NO,1270,pass,raw fixed-order candidate ledger
CALL,full_j4_fixed,0xA400000000000002,14,directed,directed,3,87,-,-,384,NO,1270,pass,raw fixed-order candidate ledger
CALL,full_j4_fixed,0xA400000000000002,14,directed,directed,4,88,-,-,384,NO,1270,pass,raw fixed-order candidate ledger
CALL,full_j4_fixed,0xA400000000000002,14,directed,directed,5,89,-,-,384,NO,1270,pass,raw fixed-order candidate ledger
CALL,full_j4_fixed,0xA400000000000002,14,directed,directed,6,90,-,-,384,NO,1270,pass,raw fixed-order candidate ledger
CALL,full_j4_fixed,0xA400000000000002,14,directed,directed,7,91,-,-,384,NO,1270,pass,raw fixed-order candidate ledger
CALL,full_j4_fixed,0xA400000000000002,14,directed,directed,8,92,-,-,384,NO,1270,pass,raw fixed-order candidate ledger
CALL,full_j4_fixed,0xA400000000000002,14,directed,directed,9,93,-,-,384,NO,1270,pass,raw fixed-order candidate ledger
CALL,full_j4_fixed,0xA400000000000002,14,directed,directed,10,94,-,-,384,NO,1270,pass,raw fixed-order candidate ledger
CALL,full_j4_fixed,0xA400000000000002,14,directed,directed,11,95,-,-,384,NO,1270,pass,raw fixed-order candidate ledger
CALL,full_j4_fixed,0xA400000000000002,14,directed,directed,12,96,-,-,384,NO,1270,pass,raw fixed-order candidate ledger
CALL,full_j4_fixed,0xA400000000000002,14,directed,directed,13,97,-,-,384,NO,1270,pass,raw fixed-order candidate ledger
CALL,full_j4_fixed,0xA400000000000002,14,directed,directed,14,98,-,-,384,NO,1270,pass,raw fixed-order candidate ledger
CALL,full_j4_fixed,0xA400000000000002,14,directed,directed,15,99,-,-,384,NO,1270,pass,raw fixed-order candidate ledger
CALL,full_j4_fixed,0xA400000000000002,14,directed,directed,16,100,-,-,384,NO,1270,pass,raw fixed-order candidate ledger
CALL,full_j4_fixed,0xA400000000000002,14,directed,directed,17,101,-,-,384,NO,1270,pass,raw fixed-order candidate ledger
CALL,full_j4_fixed,0xA400000000000002,14,directed,directed,18,102,-,-,384,NO,1270,pass,raw fixed-order candidate ledger
CALL,full_j4_fixed,0xA400000000000002,14,directed,directed,19,103,-,-,384,NO,1270,pass,raw fixed-order candidate ledger
CALL,full_j4_fixed,0xA400000000000002,14,directed,directed,20,104,-,-,384,NO,1270,pass,raw fixed-order candidate ledger
CALL,full_j4_fixed,0xA400000000000002,14,directed,directed,21,105,-,-,384,NO,1270,pass,raw fixed-order candidate ledger
CALL,full_j4_fixed,0xA400000000000002,14,directed,directed,22,106,-,-,384,NO,1270,pass,raw fixed-order candidate ledger
CALL,full_j4_fixed,0xA400000000000002,14,directed,directed,23,107,-,-,384,NO,1270,pass,raw fixed-order candidate ledger
CALL,full_j4_fixed,0xA400000000000002,14,directed,directed,24,108,-,-,384,NO,1270,pass,raw fixed-order candidate ledger
CALL,full_j4_fixed,0xA400000000000002,14,directed,directed,25,109,-,-,384,NO,1270,pass,raw fixed-order candidate ledger
CALL,full_j4_fixed,0xA400000000000002,14,directed,directed,26,110,-,-,384,NO,1270,pass,raw fixed-order candidate ledger
CALL,full_j4_fixed,0xA400000000000002,14,directed,directed,27,111,-,-,384,NO,1270,pass,raw fixed-order candidate ledger
CALL,full_j4_fixed,0xA400000000000002,14,directed,directed,28,112,-,-,384,NO,1270,pass,raw fixed-order candidate ledger
CALL,full_j4_fixed,0xA400000000000002,14,directed,directed,29,113,-,-,384,NO,1270,pass,raw fixed-order candidate ledger
CALL,full_j4_fixed,0xA400000000000002,14,directed,directed,30,114,-,-,384,NO,1270,pass,raw fixed-order candidate ledger
CALL,full_j4_fixed,0xA400000000000002,14,directed,directed,31,115,-,-,384,NO,1270,pass,raw fixed-order candidate ledger
CALL,full_j4_fixed,0xA400000000000002,14,directed,directed,32,116,-,-,384,NO,1270,pass,raw fixed-order candidate ledger
CALL,full_j4_fixed,0xA400000000000002,14,directed,directed,33,117,-,-,384,NO,1270,pass,raw fixed-order candidate ledger
CALL,full_j4_fixed,0xA400000000000002,14,directed,directed,34,118,-,-,384,NO,1270,pass,raw fixed-order candidate ledger
CALL,full_j4_fixed,0xA400000000000002,14,directed,directed,35,119,-,-,384,NO,1270,pass,raw fixed-order candidate ledger
CALL,full_j4_fixed,0xA400000000000002,14,directed,directed,36,120,-,-,384,NO,1270,pass,raw fixed-order candidate ledger
CALL,full_j4_fixed,0xA400000000000002,14,directed,directed,37,121,-,-,384,NO,1270,pass,raw fixed-order candidate ledger
CALL,full_j4_fixed,0xA400000000000002,14,directed,directed,38,122,-,-,384,NO,1270,pass,raw fixed-order candidate ledger
CALL,full_j4_fixed,0xA400000000000002,14,directed,directed,39,123,-,-,384,NO,1270,pass,raw fixed-order candidate ledger
CALL,full_j4_fixed,0xA400000000000002,14,directed,directed,40,124,-,-,384,NO,1270,pass,raw fixed-order candidate ledger
CALL,full_j4_fixed,0xA400000000000002,14,directed,directed,41,125,-,-,384,NO,1270,pass,raw fixed-order candidate ledger
CALL,full_j4_fixed,0xA400000000000002,14,directed,directed,42,126,-,-,384,NO,1270,pass,raw fixed-order candidate ledger
CALL,full_j4_fixed,0xA400000000000002,14,directed,directed,43,127,-,-,384,NO,1270,pass,raw fixed-order candidate ledger
CALL,full_j4_fixed,0xA400000000000002,14,directed,directed,44,128,-,-,384,NO,1270,pass,raw fixed-order candidate ledger
CALL,full_j4_fixed,0xA400000000000002,14,directed,directed,45,129,-,-,384,NO,1270,pass,raw fixed-order candidate ledger
CALL,full_j4_fixed,0xA400000000000002,14,directed,directed,46,130,-,-,384,NO,1270,pass,raw fixed-order candidate ledger
CALL,full_j4_fixed,0xA400000000000002,14,directed,directed,47,131,-,-,384,NO,1270,pass,raw fixed-order candidate ledger
CALL,full_j4_fixed,0xA400000000000002,14,directed,directed,48,132,-,-,384,NO,1270,pass,raw fixed-order candidate ledger
CALL,full_j4_fixed,0xA400000000000002,14,directed,directed,49,133,-,-,384,NO,1270,pass,raw fixed-order candidate ledger
CALL,full_j4_fixed,0xA400000000000002,14,directed,directed,50,134,-,-,384,NO,1270,pass,raw fixed-order candidate ledger
CALL,full_j4_fixed,0xA400000000000002,14,directed,directed,51,135,-,-,384,NO,1270,pass,raw fixed-order candidate ledger
CALL,full_j4_fixed,0xA400000000000002,14,directed,directed,52,136,-,-,384,NO,1270,pass,raw fixed-order candidate ledger
CALL,full_j4_fixed,0xA400000000000002,14,directed,directed,53,137,-,-,384,NO,1270,pass,raw fixed-order candidate ledger
CALL,full_j4_fixed,0xA400000000000002,14,directed,directed,54,138,-,-,384,NO,1270,pass,raw fixed-order candidate ledger
CALL,full_j4_fixed,0xA400000000000002,14,directed,directed,55,139,-,-,384,NO,1270,pass,raw fixed-order candidate ledger
CALL,full_j4_fixed,0xA400000000000002,14,directed,directed,56,140,-,-,384,NO,1270,pass,raw fixed-order candidate ledger
CALL,full_j4_fixed,0xA400000000000002,14,directed,directed,57,141,-,-,384,NO,1270,pass,raw fixed-order candidate ledger
CALL,full_j4_fixed,0xA400000000000002,14,directed,directed,58,142,-,-,384,NO,1270,pass,raw fixed-order candidate ledger
CALL,full_j4_fixed,0xA400000000000002,14,directed,directed,59,143,-,-,384,NO,1270,pass,raw fixed-order candidate ledger
CALL,full_j4_fixed,0xA400000000000002,14,directed,directed,60,144,-,-,384,NO,1270,pass,raw fixed-order candidate ledger
CALL,full_j4_fixed,0xA400000000000002,14,directed,directed,61,145,-,-,384,NO,1270,pass,raw fixed-order candidate ledger
CALL,full_j4_fixed,0xA400000000000002,14,directed,directed,62,146,-,-,384,NO,1270,pass,raw fixed-order candidate ledger
CALL,full_j4_fixed,0xA400000000000002,14,directed,directed,63,147,-,-,384,NO,1270,pass,raw fixed-order candidate ledger
CALL,full_j4_fixed,0xA400000000000002,14,directed,directed,64,148,-,-,384,NO,1270,pass,raw fixed-order candidate ledger
CALL,full_j4_fixed,0xA400000000000002,14,directed,directed,65,149,-,-,384,NO,1270,pass,raw fixed-order candidate ledger
CALL,full_j4_fixed,0xA400000000000002,14,directed,directed,66,150,-,-,384,NO,1270,pass,raw fixed-order candidate ledger
CALL,full_j4_fixed,0xA400000000000002,14,directed,directed,67,151,-,-,384,NO,1270,pass,raw fixed-order candidate ledger
CALL,full_j4_fixed,0xA400000000000002,14,directed,directed,68,152,-,-,384,NO,1270,pass,raw fixed-order candidate ledger
CALL,full_j4_fixed,0xA400000000000002,14,directed,directed,69,153,-,-,384,NO,1270,pass,raw fixed-order candidate ledger
CALL,full_j4_fixed,0xA400000000000002,14,directed,directed,70,154,-,-,384,NO,1270,pass,raw fixed-order candidate ledger
CALL,full_j4_fixed,0xA400000000000002,14,directed,directed,71,155,-,-,384,NO,1270,pass,raw fixed-order candidate ledger
CALL,full_j4_fixed,0xA400000000000002,14,directed,directed,72,156,-,-,384,NO,1270,pass,raw fixed-order candidate ledger
CALL,full_j4_fixed,0xA400000000000002,14,directed,directed,73,157,-,-,384,NO,1270,pass,raw fixed-order candidate ledger
CALL,full_j4_fixed,0xA400000000000002,14,directed,directed,74,158,-,-,384,NO,1270,pass,raw fixed-order candidate ledger
CALL,full_j4_fixed,0xA400000000000002,14,directed,directed,75,159,-,-,384,NO,1270,pass,raw fixed-order candidate ledger
CALL,full_j4_fixed,0xA400000000000002,14,directed,directed,76,160,-,-,384,NO,1270,pass,raw fixed-order candidate ledger
CALL,full_j4_fixed,0xA400000000000002,14,directed,directed,77,161,-,-,384,NO,1270,pass,raw fixed-order candidate ledger
CALL,full_j4_fixed,0xA400000000000002,14,directed,directed,78,162,-,-,384,NO,1270,pass,raw fixed-order candidate ledger
CALL,full_j4_fixed,0xA400000000000002,14,directed,directed,79,163,-,-,384,NO,1270,pass,raw fixed-order candidate ledger
CALL,full_j4_fixed,0xA400000000000002,14,directed,directed,80,164,-,-,384,NO,1270,pass,raw fixed-order candidate ledger
CALL,full_j4_fixed,0xA400000000000002,14,directed,directed,81,165,-,-,384,NO,1270,pass,raw fixed-order candidate ledger
CALL,full_j4_fixed,0xA400000000000002,14,directed,directed,82,166,-,-,384,NO,1270,pass,raw fixed-order candidate ledger
CALL,full_j4_fixed,0xA400000000000002,14,directed,directed,83,167,-,-,384,NO,1270,pass,raw fixed-order candidate ledger
CALL,full_j4_fixed,0xA400000000000002,14,directed,directed,84,168,-,-,384,NO,1270,pass,raw fixed-order candidate ledger
CALL,full_j4_fixed,0xA400000000000002,14,directed,directed,85,169,-,-,384,NO,1270,pass,raw fixed-order candidate ledger
CALL,full_j4_fixed,0xA400000000000002,14,directed,directed,86,170,-,-,384,NO,1270,pass,raw fixed-order candidate ledger
CALL,full_j4_fixed,0xA400000000000002,14,directed,directed,87,171,-,-,384,NO,1270,pass,raw fixed-order candidate ledger
CALL,full_j4_fixed,0xA400000000000002,14,directed,directed,88,172,-,-,384,NO,1270,pass,raw fixed-order candidate ledger
CALL,full_j4_fixed,0xA400000000000002,14,directed,directed,89,173,-,-,384,NO,1270,pass,raw fixed-order candidate ledger
CALL,full_j4_fixed,0xA400000000000002,14,directed,directed,90,174,-,-,384,NO,1270,pass,raw fixed-order candidate ledger
CALL,full_j4_fixed,0xA400000000000002,14,directed,directed,91,175,-,-,384,NO,1270,pass,raw fixed-order candidate ledger
CALL,full_j4_fixed,0xA400000000000002,14,directed,directed,92,176,-,-,384,NO,1270,pass,raw fixed-order candidate ledger
CALL,full_j4_fixed,0xA400000000000002,14,directed,directed,93,177,-,-,384,NO,1270,pass,raw fixed-order candidate ledger
CALL,full_j4_fixed,0xA400000000000002,14,directed,directed,94,178,-,-,384,NO,1270,pass,raw fixed-order candidate ledger
CALL,full_j4_fixed,0xA400000000000002,14,directed,directed,95,179,-,-,384,NO,1270,pass,raw fixed-order candidate ledger
CALL,full_j4_fixed,0xA400000000000002,14,directed,directed,96,180,-,-,384,NO,1270,pass,raw fixed-order candidate ledger
CALL,full_j4_fixed,0xA400000000000002,14,directed,directed,97,181,-,-,384,NO,1270,pass,raw fixed-order candidate ledger
CALL,full_j4_fixed,0xA400000000000002,14,directed,directed,98,182,-,-,384,NO,1270,pass,raw fixed-order candidate ledger
CALL,full_j4_fixed,0xA400000000000002,14,directed,directed,99,183,-,-,384,NO,1270,pass,raw fixed-order candidate ledger
CALL,full_j4_fixed,0xA400000000000002,14,directed,directed,100,184,-,-,384,NO,1270,pass,raw fixed-order candidate ledger
CALL,full_j4_fixed,0xA400000000000002,14,directed,directed,101,185,-,-,384,NO,1270,pass,raw fixed-order candidate ledger
CALL,full_j4_fixed,0xA400000000000002,14,directed,directed,102,186,-,-,384,NO,1270,pass,raw fixed-order candidate ledger
CALL,full_j4_fixed,0xA400000000000002,14,directed,directed,103,187,-,-,384,NO,1270,pass,raw fixed-order candidate ledger
CALL,full_j4_fixed,0xA400000000000002,14,directed,directed,104,188,-,-,384,NO,1270,pass,raw fixed-order candidate ledger
CALL,full_j4_fixed,0xA400000000000002,14,directed,directed,105,189,-,-,384,NO,1270,pass,raw fixed-order candidate ledger
CALL,full_j4_fixed,0xA400000000000002,14,directed,directed,106,190,-,-,384,NO,1270,pass,raw fixed-order candidate ledger
CALL,full_j4_fixed,0xA400000000000002,14,directed,directed,107,191,-,-,384,NO,1270,pass,raw fixed-order candidate ledger
CALL,full_j4_fixed,0xA400000000000002,14,directed,directed,108,192,-,-,384,NO,1270,pass,raw fixed-order candidate ledger
CALL,full_j4_fixed,0xA400000000000002,14,directed,directed,109,193,-,-,384,NO,1270,pass,raw fixed-order candidate ledger
CALL,full_j4_fixed,0xA400000000000002,14,directed,directed,110,194,-,-,384,NO,1270,pass,raw fixed-order candidate ledger
CALL,full_j4_fixed,0xA400000000000002,14,directed,directed,111,195,-,-,384,NO,1270,pass,raw fixed-order candidate ledger
CALL,full_j4_fixed,0xA400000000000002,14,directed,directed,112,196,-,-,384,NO,1270,pass,raw fixed-order candidate ledger
CALL,full_j4_fixed,0xA400000000000002,14,directed,directed,113,197,-,-,384,NO,1270,pass,raw fixed-order candidate ledger
CALL,full_j4_fixed,0xA400000000000002,14,directed,directed,114,198,-,-,384,NO,1270,pass,raw fixed-order candidate ledger
CALL,full_j4_fixed,0xA400000000000002,14,directed,directed,115,199,-,-,384,NO,1270,pass,raw fixed-order candidate ledger
CALL,full_j4_fixed,0xA400000000000002,14,directed,directed,116,200,-,-,384,NO,1270,pass,raw fixed-order candidate ledger
CALL,full_j4_fixed,0xA400000000000002,14,directed,directed,117,201,-,-,384,NO,1270,pass,raw fixed-order candidate ledger
CALL,full_j4_fixed,0xA400000000000002,14,directed,directed,118,202,-,-,384,NO,1270,pass,raw fixed-order candidate ledger
CALL,full_j4_fixed,0xA400000000000002,14,directed,directed,119,203,-,-,384,NO,1270,pass,raw fixed-order candidate ledger
CALL,full_j4_fixed,0xA400000000000002,14,directed,directed,120,204,-,-,384,YES,1270,pass,raw fixed-order candidate ledger
CALL,full_j4_fixed,0xA400000000000002,14,directed,directed,121,205,-,-,384,NO,1270,pass,raw fixed-order candidate ledger
CALL,full_j4_fixed,0xA400000000000002,14,directed,directed,122,206,-,-,384,NO,1270,pass,raw fixed-order candidate ledger
CALL,full_j4_fixed,0xA400000000000002,14,directed,directed,123,207,-,-,384,NO,1270,pass,raw fixed-order candidate ledger
CALL,full_j4_fixed,0xA400000000000002,14,directed,directed,124,208,-,-,384,NO,1270,pass,raw fixed-order candidate ledger
CALL,full_j4_fixed,0xA400000000000002,14,directed,directed,125,209,-,-,384,NO,1270,pass,raw fixed-order candidate ledger
CALL,full_j4_fixed,0xA400000000000002,14,directed,directed,126,210,-,-,384,NO,1270,pass,raw fixed-order candidate ledger
CALL,full_j4_fixed,0xA400000000000002,14,directed,directed,127,211,-,-,384,NO,1270,pass,raw fixed-order candidate ledger
CALL,full_j4_fixed,0xA400000000000002,14,directed,directed,128,212,-,-,384,NO,1270,pass,raw fixed-order candidate ledger
CALL,full_j4_fixed,0xA400000000000002,14,directed,directed,129,213,-,-,384,NO,1270,pass,raw fixed-order candidate ledger
CALL,full_j4_fixed,0xA400000000000002,14,directed,directed,130,214,-,-,384,NO,1270,pass,raw fixed-order candidate ledger
CALL,full_j4_fixed,0xA400000000000002,14,directed,directed,131,215,-,-,384,NO,1270,pass,raw fixed-order candidate ledger
CALL,full_j4_fixed,0xA400000000000002,14,directed,directed,132,216,-,-,384,NO,1270,pass,raw fixed-order candidate ledger
CALL,full_j4_fixed,0xA400000000000002,14,directed,directed,133,217,-,-,384,NO,1270,pass,raw fixed-order candidate ledger
CALL,full_j4_fixed,0xA400000000000002,14,directed,directed,134,218,-,-,384,NO,1270,pass,raw fixed-order candidate ledger
CALL,full_j4_fixed,0xA400000000000002,14,directed,directed,135,219,-,-,384,NO,1270,pass,raw fixed-order candidate ledger
CALL,full_j4_fixed,0xA400000000000002,14,directed,directed,136,220,-,-,384,NO,1270,pass,raw fixed-order candidate ledger
CALL,full_j4_fixed,0xA400000000000002,14,directed,directed,137,221,-,-,384,NO,1270,pass,raw fixed-order candidate ledger
CALL,full_j4_fixed,0xA400000000000002,14,directed,directed,138,222,-,-,384,NO,1270,pass,raw fixed-order candidate ledger
CALL,full_j4_fixed,0xA400000000000002,14,directed,directed,139,223,-,-,384,NO,1270,pass,raw fixed-order candidate ledger
CALL,full_j4_fixed,0xA400000000000002,14,directed,directed,140,224,-,-,384,NO,1270,pass,raw fixed-order candidate ledger
CALL,full_j4_fixed,0xA400000000000002,14,directed,directed,141,225,-,-,384,NO,1270,pass,raw fixed-order candidate ledger
CALL,full_j4_fixed,0xA400000000000002,14,directed,directed,142,226,-,-,384,NO,1270,pass,raw fixed-order candidate ledger
CALL,full_j4_fixed,0xA400000000000002,14,directed,directed,143,227,-,-,384,NO,1270,pass,raw fixed-order candidate ledger
CALL,full_j4_fixed,0xA400000000000002,14,directed,directed,144,228,-,-,384,NO,1270,pass,raw fixed-order candidate ledger
CALL,full_j4_fixed,0xA400000000000002,14,directed,directed,145,229,-,-,384,NO,1270,pass,raw fixed-order candidate ledger
CALL,full_j4_fixed,0xA400000000000002,14,directed,directed,146,230,-,-,384,NO,1270,pass,raw fixed-order candidate ledger
CALL,full_j4_fixed,0xA400000000000002,14,directed,directed,147,231,-,-,384,NO,1270,pass,raw fixed-order candidate ledger
CALL,full_j4_fixed,0xA400000000000002,14,directed,directed,148,232,-,-,384,NO,1270,pass,raw fixed-order candidate ledger
CALL,full_j4_fixed,0xA400000000000002,14,directed,directed,149,233,-,-,384,NO,1270,pass,raw fixed-order candidate ledger
CALL,full_j4_fixed,0xA400000000000002,14,directed,directed,150,234,-,-,384,NO,1270,pass,raw fixed-order candidate ledger
CALL,full_j4_fixed,0xA400000000000002,14,directed,directed,151,235,-,-,384,NO,1270,pass,raw fixed-order candidate ledger
CALL,full_j4_fixed,0xA400000000000002,14,directed,directed,152,236,-,-,384,NO,1270,pass,raw fixed-order candidate ledger
CALL,full_j4_fixed,0xA400000000000002,14,directed,directed,153,237,-,-,384,NO,1270,pass,raw fixed-order candidate ledger
CALL,full_j4_fixed,0xA400000000000002,14,directed,directed,154,238,-,-,384,NO,1270,pass,raw fixed-order candidate ledger
CALL,full_j4_fixed,0xA400000000000002,14,directed,directed,155,239,-,-,384,NO,1270,pass,raw fixed-order candidate ledger
CALL,full_j4_fixed,0xA400000000000002,14,directed,directed,156,240,-,-,384,NO,1270,pass,raw fixed-order candidate ledger
CALL,full_j4_fixed,0xA400000000000002,14,directed,directed,157,241,-,-,384,NO,1270,pass,raw fixed-order candidate ledger
CALL,full_j4_fixed,0xA400000000000002,14,directed,directed,158,242,-,-,384,NO,1270,pass,raw fixed-order candidate ledger
CALL,full_j4_fixed,0xA400000000000002,14,directed,directed,159,243,-,-,384,NO,1270,pass,raw fixed-order candidate ledger
CALL,full_j4_fixed,0xA400000000000002,14,directed,directed,160,244,-,-,384,NO,1270,pass,raw fixed-order candidate ledger
CALL,full_j4_fixed,0xA400000000000002,14,directed,directed,161,245,-,-,384,NO,1270,pass,raw fixed-order candidate ledger
CALL,full_j4_fixed,0xA400000000000002,14,directed,directed,162,246,-,-,384,NO,1270,pass,raw fixed-order candidate ledger
CALL,full_j4_fixed,0xA400000000000002,14,directed,directed,163,247,-,-,384,NO,1270,pass,raw fixed-order candidate ledger
CALL,full_j4_fixed,0xA400000000000002,14,directed,directed,164,248,-,-,384,NO,1270,pass,raw fixed-order candidate ledger
CALL,full_j4_fixed,0xA400000000000002,14,directed,directed,165,249,-,-,384,NO,1270,pass,raw fixed-order candidate ledger
CALL,full_j4_fixed,0xA400000000000002,14,directed,directed,166,250,-,-,384,NO,1270,pass,raw fixed-order candidate ledger
CALL,full_j4_fixed,0xA400000000000002,14,directed,directed,167,251,-,-,384,NO,1270,pass,raw fixed-order candidate ledger
CALL,full_j4_fixed,0xA400000000000002,14,directed,directed,168,252,-,-,384,NO,1270,pass,raw fixed-order candidate ledger
CALL,full_j4_fixed,0xA400000000000002,14,directed,directed,169,253,-,-,384,NO,1270,pass,raw fixed-order candidate ledger
CALL,full_j4_fixed,0xA400000000000002,14,directed,directed,170,254,-,-,384,NO,1270,pass,raw fixed-order candidate ledger
CALL,full_j4_fixed,0xA400000000000002,14,directed,directed,171,255,-,-,384,NO,1270,pass,raw fixed-order candidate ledger
CALL,full_j4_fixed,0xA400000000000002,14,directed,directed,172,256,-,-,384,NO,1270,pass,raw fixed-order candidate ledger
CALL,full_j4_fixed,0xA400000000000002,14,directed,directed,173,257,-,-,384,NO,1270,pass,raw fixed-order candidate ledger
CALL,full_j4_fixed,0xA400000000000002,14,directed,directed,174,258,-,-,384,NO,1270,pass,raw fixed-order candidate ledger
CALL,full_j4_fixed,0xA400000000000002,14,directed,directed,175,259,-,-,384,NO,1270,pass,raw fixed-order candidate ledger
CALL,full_j4_fixed,0xA400000000000002,14,directed,directed,176,260,-,-,384,NO,1270,pass,raw fixed-order candidate ledger
CALL,full_j4_fixed,0xA400000000000002,14,directed,directed,177,261,-,-,384,NO,1270,pass,raw fixed-order candidate ledger
CALL,full_j4_fixed,0xA400000000000002,14,directed,directed,178,262,-,-,384,NO,1270,pass,raw fixed-order candidate ledger
CALL,full_j4_fixed,0xA400000000000002,14,directed,directed,179,263,-,-,384,NO,1270,pass,raw fixed-order candidate ledger
CALL,full_j4_fixed,0xA400000000000002,14,directed,directed,180,264,-,-,384,NO,1270,pass,raw fixed-order candidate ledger
CALL,full_j4_fixed,0xA400000000000002,14,directed,directed,181,265,-,-,384,NO,1270,pass,raw fixed-order candidate ledger
CALL,full_j4_fixed,0xA400000000000002,14,directed,directed,182,266,-,-,384,NO,1270,pass,raw fixed-order candidate ledger
CALL,full_j4_fixed,0xA400000000000002,14,directed,directed,183,267,-,-,384,NO,1270,pass,raw fixed-order candidate ledger
CALL,full_j4_fixed,0xA400000000000002,14,directed,directed,184,268,-,-,384,NO,1270,pass,raw fixed-order candidate ledger
CALL,full_j4_fixed,0xA400000000000002,14,directed,directed,185,269,-,-,384,NO,1270,pass,raw fixed-order candidate ledger
CALL,full_j4_fixed,0xA400000000000002,14,directed,directed,186,270,-,-,384,NO,1270,pass,raw fixed-order candidate ledger
CALL,full_j4_fixed,0xA400000000000002,14,directed,directed,187,271,-,-,384,NO,1270,pass,raw fixed-order candidate ledger
CALL,full_j4_fixed,0xA400000000000002,14,directed,directed,188,272,-,-,384,NO,1270,pass,raw fixed-order candidate ledger
CALL,full_j4_fixed,0xA400000000000002,14,directed,directed,189,273,-,-,384,NO,1270,pass,raw fixed-order candidate ledger
CALL,full_j4_fixed,0xA400000000000002,14,directed,directed,190,274,-,-,384,NO,1270,pass,raw fixed-order candidate ledger
CALL,full_j4_fixed,0xA400000000000002,14,directed,directed,191,275,-,-,384,NO,1270,pass,raw fixed-order candidate ledger
CALL,full_j4_fixed,0xA400000000000002,14,directed,directed,192,276,-,-,384,NO,1270,pass,raw fixed-order candidate ledger
CALL,full_j4_fixed,0xA400000000000002,14,directed,directed,193,277,-,-,384,NO,1270,pass,raw fixed-order candidate ledger
CALL,full_j4_fixed,0xA400000000000002,14,directed,directed,194,278,-,-,384,NO,1270,pass,raw fixed-order candidate ledger
CALL,full_j4_fixed,0xA400000000000002,14,directed,directed,195,279,-,-,384,NO,1270,pass,raw fixed-order candidate ledger
CALL,full_j4_fixed,0xA400000000000002,14,directed,directed,196,280,-,-,384,NO,1270,pass,raw fixed-order candidate ledger
CALL,full_j4_fixed,0xA400000000000002,14,directed,directed,197,281,-,-,384,NO,1270,pass,raw fixed-order candidate ledger
CALL,full_j4_fixed,0xA400000000000002,14,directed,directed,198,282,-,-,384,NO,1270,pass,raw fixed-order candidate ledger
CALL,full_j4_fixed,0xA400000000000002,14,directed,directed,199,283,-,-,384,NO,1270,pass,raw fixed-order candidate ledger
CALL,full_j4_fixed,0xA400000000000002,14,directed,directed,200,284,-,-,384,NO,1270,pass,raw fixed-order candidate ledger
CALL,full_j4_fixed,0xA400000000000002,14,directed,directed,201,285,-,-,384,NO,1270,pass,raw fixed-order candidate ledger
CALL,full_j4_fixed,0xA400000000000002,14,directed,directed,202,286,-,-,384,NO,1270,pass,raw fixed-order candidate ledger
CALL,full_j4_fixed,0xA400000000000002,14,directed,directed,203,287,-,-,384,NO,1270,pass,raw fixed-order candidate ledger
CALL,full_j4_fixed,0xA400000000000002,14,directed,directed,204,288,-,-,384,NO,1270,pass,raw fixed-order candidate ledger
CALL,full_j4_fixed,0xA400000000000002,14,directed,directed,205,289,-,-,384,NO,1270,pass,raw fixed-order candidate ledger
CALL,full_j4_fixed,0xA400000000000002,14,directed,directed,206,290,-,-,384,NO,1270,pass,raw fixed-order candidate ledger
CALL,full_j4_fixed,0xA400000000000002,14,directed,directed,207,291,-,-,384,NO,1270,pass,raw fixed-order candidate ledger
CALL,full_j4_fixed,0xA400000000000002,14,directed,directed,208,292,-,-,384,NO,1270,pass,raw fixed-order candidate ledger
CALL,full_j4_fixed,0xA400000000000002,14,directed,directed,209,293,-,-,384,NO,1270,pass,raw fixed-order candidate ledger
CALL,full_j4_fixed,0xA400000000000002,14,directed,directed,210,294,-,-,384,NO,1270,pass,raw fixed-order candidate ledger
CALL,full_j4_fixed,0xA400000000000002,14,directed,directed,211,295,-,-,384,NO,1270,pass,raw fixed-order candidate ledger
CALL,full_j4_fixed,0xA400000000000002,14,directed,directed,212,296,-,-,384,NO,1270,pass,raw fixed-order candidate ledger
CALL,full_j4_fixed,0xA400000000000002,14,directed,directed,213,297,-,-,384,NO,1270,pass,raw fixed-order candidate ledger
CALL,full_j4_fixed,0xA400000000000002,14,directed,directed,214,298,-,-,384,NO,1270,pass,raw fixed-order candidate ledger
CALL,full_j4_fixed,0xA400000000000002,14,directed,directed,215,299,-,-,384,NO,1270,pass,raw fixed-order candidate ledger
CALL,full_j4_fixed,0xA400000000000002,14,directed,directed,216,300,-,-,384,NO,1270,pass,raw fixed-order candidate ledger
CALL,full_j4_fixed,0xA400000000000002,14,directed,directed,217,301,-,-,384,NO,1270,pass,raw fixed-order candidate ledger
CALL,full_j4_fixed,0xA400000000000002,14,directed,directed,218,302,-,-,384,NO,1270,pass,raw fixed-order candidate ledger
CALL,full_j4_fixed,0xA400000000000002,14,directed,directed,219,303,-,-,384,NO,1270,pass,raw fixed-order candidate ledger
CALL,full_j4_fixed,0xA400000000000002,14,directed,directed,220,304,-,-,384,NO,1270,pass,raw fixed-order candidate ledger
CALL,full_j4_fixed,0xA400000000000002,14,directed,directed,221,305,-,-,384,NO,1270,pass,raw fixed-order candidate ledger
CALL,full_j4_fixed,0xA400000000000002,14,directed,directed,222,306,-,-,384,NO,1270,pass,raw fixed-order candidate ledger
CALL,full_j4_fixed,0xA400000000000002,14,directed,directed,223,307,-,-,384,NO,1270,pass,raw fixed-order candidate ledger
CALL,full_j4_fixed,0xA400000000000002,14,directed,directed,224,308,-,-,384,NO,1270,pass,raw fixed-order candidate ledger
CALL,full_j4_fixed,0xA400000000000002,14,directed,directed,225,309,-,-,384,NO,1270,pass,raw fixed-order candidate ledger
CALL,full_j4_fixed,0xA400000000000002,14,directed,directed,226,310,-,-,384,NO,1270,pass,raw fixed-order candidate ledger
CALL,full_j4_fixed,0xA400000000000002,14,directed,directed,227,311,-,-,384,NO,1270,pass,raw fixed-order candidate ledger
CALL,full_j4_fixed,0xA400000000000002,14,directed,directed,228,312,-,-,384,NO,1270,pass,raw fixed-order candidate ledger
CALL,full_j4_fixed,0xA400000000000002,14,directed,directed,229,313,-,-,384,NO,1270,pass,raw fixed-order candidate ledger
CALL,full_j4_fixed,0xA400000000000002,14,directed,directed,230,314,-,-,384,NO,1270,pass,raw fixed-order candidate ledger
CALL,full_j4_fixed,0xA400000000000002,14,directed,directed,231,315,-,-,384,NO,1270,pass,raw fixed-order candidate ledger
CALL,full_j4_fixed,0xA400000000000002,14,directed,directed,232,316,-,-,384,NO,1270,pass,raw fixed-order candidate ledger
CALL,full_j4_fixed,0xA400000000000002,14,directed,directed,233,317,-,-,384,NO,1270,pass,raw fixed-order candidate ledger
CALL,full_j4_fixed,0xA400000000000002,14,directed,directed,234,318,-,-,384,NO,1270,pass,raw fixed-order candidate ledger
CALL,full_j4_fixed,0xA400000000000002,14,directed,directed,235,319,-,-,384,NO,1270,pass,raw fixed-order candidate ledger
CALL,full_j4_fixed,0xA400000000000002,14,directed,directed,236,320,-,-,384,NO,1270,pass,raw fixed-order candidate ledger
CALL,full_j4_fixed,0xA400000000000002,14,directed,directed,237,321,-,-,384,NO,1270,pass,raw fixed-order candidate ledger
CALL,full_j4_fixed,0xA400000000000002,14,directed,directed,238,322,-,-,384,NO,1270,pass,raw fixed-order candidate ledger
CALL,full_j4_fixed,0xA400000000000002,14,directed,directed,239,323,-,-,384,NO,1270,pass,raw fixed-order candidate ledger
CALL,full_j4_fixed,0xA400000000000002,14,directed,directed,240,324,-,-,384,NO,1270,pass,raw fixed-order candidate ledger
CALL,full_j4_fixed,0xA400000000000002,14,directed,directed,241,325,-,-,384,NO,1270,pass,raw fixed-order candidate ledger
CALL,full_j4_fixed,0xA400000000000002,14,directed,directed,242,326,-,-,384,NO,1270,pass,raw fixed-order candidate ledger
CALL,full_j4_fixed,0xA400000000000002,14,directed,directed,243,327,-,-,384,NO,1270,pass,raw fixed-order candidate ledger
CALL,full_j4_fixed,0xA400000000000002,14,directed,directed,244,328,-,-,384,NO,1270,pass,raw fixed-order candidate ledger
CALL,full_j4_fixed,0xA400000000000002,14,directed,directed,245,329,-,-,384,NO,1270,pass,raw fixed-order candidate ledger
CALL,full_j4_fixed,0xA400000000000002,14,directed,directed,246,330,-,-,384,NO,1270,pass,raw fixed-order candidate ledger
CALL,full_j4_fixed,0xA400000000000002,14,directed,directed,247,331,-,-,384,NO,1270,pass,raw fixed-order candidate ledger
CALL,full_j4_fixed,0xA400000000000002,14,directed,directed,248,332,-,-,384,NO,1270,pass,raw fixed-order candidate ledger
CALL,full_j4_fixed,0xA400000000000002,14,directed,directed,249,333,-,-,384,NO,1270,pass,raw fixed-order candidate ledger
CALL,full_j4_fixed,0xA400000000000002,14,directed,directed,250,334,-,-,384,NO,1270,pass,raw fixed-order candidate ledger
CALL,full_j4_fixed,0xA400000000000002,14,directed,directed,251,335,-,-,384,NO,1270,pass,raw fixed-order candidate ledger
CALL,full_j4_fixed,0xA400000000000002,14,directed,directed,252,336,-,-,384,NO,1270,pass,raw fixed-order candidate ledger
CALL,full_j4_fixed,0xA400000000000002,14,directed,directed,253,337,-,-,384,NO,1270,pass,raw fixed-order candidate ledger
CALL,full_j4_fixed,0xA400000000000002,14,directed,directed,254,338,-,-,384,NO,1270,pass,raw fixed-order candidate ledger
CALL,full_j4_fixed,0xA400000000000002,14,directed,directed,255,339,-,-,384,NO,1270,pass,raw fixed-order candidate ledger
CALL,full_j4_fixed,0xA400000000000002,14,directed,directed,256,340,-,-,384,NO,1270,pass,raw fixed-order candidate ledger
CALL,full_j4_fixed,0xA400000000000002,14,directed,directed,257,341,-,-,384,NO,1270,pass,raw fixed-order candidate ledger
CALL,full_j4_fixed,0xA400000000000002,14,directed,directed,258,342,-,-,384,NO,1270,pass,raw fixed-order candidate ledger
CALL,full_j4_fixed,0xA400000000000002,14,directed,directed,259,343,-,-,384,NO,1270,pass,raw fixed-order candidate ledger
CALL,full_j4_fixed,0xA400000000000002,14,directed,directed,260,344,-,-,384,NO,1270,pass,raw fixed-order candidate ledger
CALL,full_j4_fixed,0xA400000000000002,14,directed,directed,261,345,-,-,384,NO,1270,pass,raw fixed-order candidate ledger
CALL,full_j4_fixed,0xA400000000000002,14,directed,directed,262,346,-,-,384,NO,1270,pass,raw fixed-order candidate ledger
CALL,full_j4_fixed,0xA400000000000002,14,directed,directed,263,347,-,-,384,NO,1270,pass,raw fixed-order candidate ledger
CALL,full_j4_fixed,0xA400000000000002,14,directed,directed,264,348,-,-,384,NO,1270,pass,raw fixed-order candidate ledger
CALL,full_j4_fixed,0xA400000000000002,14,directed,directed,265,349,-,-,384,NO,1270,pass,raw fixed-order candidate ledger
CALL,full_j4_fixed,0xA400000000000002,14,directed,directed,266,350,-,-,384,NO,1270,pass,raw fixed-order candidate ledger
CALL,full_j4_fixed,0xA400000000000002,14,directed,directed,267,351,-,-,384,NO,1270,pass,raw fixed-order candidate ledger
CALL,full_j4_fixed,0xA400000000000002,14,directed,directed,268,352,-,-,384,NO,1270,pass,raw fixed-order candidate ledger
CALL,full_j4_fixed,0xA400000000000002,14,directed,directed,269,353,-,-,384,NO,1270,pass,raw fixed-order candidate ledger
CALL,full_j4_fixed,0xA400000000000002,14,directed,directed,270,354,-,-,384,NO,1270,pass,raw fixed-order candidate ledger
CALL,full_j4_fixed,0xA400000000000002,14,directed,directed,271,355,-,-,384,NO,1270,pass,raw fixed-order candidate ledger
CALL,full_j4_fixed,0xA400000000000002,14,directed,directed,272,356,-,-,384,NO,1270,pass,raw fixed-order candidate ledger
CALL,full_j4_fixed,0xA400000000000002,14,directed,directed,273,357,-,-,384,NO,1270,pass,raw fixed-order candidate ledger
CALL,full_j4_fixed,0xA400000000000002,14,directed,directed,274,358,-,-,384,NO,1270,pass,raw fixed-order candidate ledger
CALL,full_j4_fixed,0xA400000000000002,14,directed,directed,275,359,-,-,384,NO,1270,pass,raw fixed-order candidate ledger
CALL,full_j4_fixed,0xA400000000000002,14,directed,directed,276,360,-,-,384,NO,1270,pass,raw fixed-order candidate ledger
CALL,full_j4_fixed,0xA400000000000002,14,directed,directed,277,361,-,-,384,NO,1270,pass,raw fixed-order candidate ledger
CALL,full_j4_fixed,0xA400000000000002,14,directed,directed,278,362,-,-,384,NO,1270,pass,raw fixed-order candidate ledger
CALL,full_j4_fixed,0xA400000000000002,14,directed,directed,279,363,-,-,384,NO,1270,pass,raw fixed-order candidate ledger
CALL,full_j4_fixed,0xA400000000000002,14,directed,directed,280,364,-,-,384,NO,1270,pass,raw fixed-order candidate ledger
CALL,full_j4_fixed,0xA400000000000002,14,directed,directed,281,365,-,-,384,NO,1270,pass,raw fixed-order candidate ledger
CALL,full_j4_fixed,0xA400000000000002,14,directed,directed,282,366,-,-,384,NO,1270,pass,raw fixed-order candidate ledger
CALL,full_j4_fixed,0xA400000000000002,14,directed,directed,283,367,-,-,384,NO,1270,pass,raw fixed-order candidate ledger
CALL,full_j4_fixed,0xA400000000000002,14,directed,directed,284,368,-,-,384,NO,1270,pass,raw fixed-order candidate ledger
CALL,full_j4_fixed,0xA400000000000002,14,directed,directed,285,369,-,-,384,NO,1270,pass,raw fixed-order candidate ledger
CALL,full_j4_fixed,0xA400000000000002,14,directed,directed,286,370,-,-,384,NO,1270,pass,raw fixed-order candidate ledger
CALL,full_j4_fixed,0xA400000000000002,14,directed,directed,287,371,-,-,384,NO,1270,pass,raw fixed-order candidate ledger
CALL,full_j4_fixed,0xA400000000000002,14,directed,directed,288,372,-,-,384,NO,1270,pass,raw fixed-order candidate ledger
CALL,full_j4_fixed,0xA400000000000002,14,directed,directed,289,373,-,-,384,NO,1270,pass,raw fixed-order candidate ledger
CALL,full_j4_fixed,0xA400000000000002,14,directed,directed,290,374,-,-,384,NO,1270,pass,raw fixed-order candidate ledger
CALL,full_j4_fixed,0xA400000000000002,14,directed,directed,291,375,-,-,384,NO,1270,pass,raw fixed-order candidate ledger
CALL,full_j4_fixed,0xA400000000000002,14,directed,directed,292,376,-,-,384,NO,1270,pass,raw fixed-order candidate ledger
CALL,full_j4_fixed,0xA400000000000002,14,directed,directed,293,377,-,-,384,NO,1270,pass,raw fixed-order candidate ledger
CALL,full_j4_fixed,0xA400000000000002,14,directed,directed,294,378,-,-,384,NO,1270,pass,raw fixed-order candidate ledger
CALL,full_j4_fixed,0xA400000000000002,14,directed,directed,295,379,-,-,384,NO,1270,pass,raw fixed-order candidate ledger
CALL,full_j4_fixed,0xA400000000000002,14,directed,directed,296,380,-,-,384,NO,1270,pass,raw fixed-order candidate ledger
CALL,full_j4_fixed,0xA400000000000002,14,directed,directed,297,381,-,-,384,NO,1270,pass,raw fixed-order candidate ledger
CALL,full_j4_fixed,0xA400000000000002,14,directed,directed,298,382,-,-,384,NO,1270,pass,raw fixed-order candidate ledger
CALL,full_j4_fixed,0xA400000000000002,14,directed,directed,299,383,-,-,384,NO,1270,pass,raw fixed-order candidate ledger
CALL,full_j4_fixed,0xA400000000000002,14,directed,directed,300,384,-,-,384,NO,1270,pass,raw fixed-order candidate ledger
ATTRIBUTION,full_j4_fixed,0xA400000000000002,14,directed,directed,120,- ,204,121,384,YES,1270,pass,first exact inside J4 frozen bank order
ABLATION,full_j4_fixed,0xA400000000000002,14,directed,-,-,-,-,-,384,YES,1270,pass,predeclared bank ablation
ABLATION,no_global,0xA400000000000002,14,directed,-,-,-,-,-,354,YES,1270,pass,predeclared bank ablation
ABLATION,no_singleton,0xA400000000000002,14,directed,-,-,-,-,-,336,YES,1270,pass,predeclared bank ablation
ABLATION,no_none,0xA400000000000002,14,directed,-,-,-,-,-,379,YES,1270,pass,predeclared bank ablation
ABLATION,no_directed,0xA400000000000002,14,directed,-,-,-,-,-,83,NO,1270,pass,predeclared bank ablation
ABLATION,directed_100,0xA400000000000002,14,directed,-,-,-,-,-,183,NO,1270,pass,predeclared bank ablation
ABLATION,directed_200,0xA400000000000002,14,directed,-,-,-,-,-,283,YES,1270,pass,predeclared bank ablation
ABLATION,small_banks_only,0xA400000000000002,14,directed,-,-,-,-,-,83,NO,1270,pass,predeclared bank ablation
ABLATION,derived_minimal_prefix,0xA400000000000002,14,directed,-,-,-,-,-,127,YES,1270,pass,predeclared bank ablation
CALL,full_j4_fixed,0xA400000000000002,19,none,global,0,1,-,-,384,NO,1270,pass,raw fixed-order candidate ledger
CALL,full_j4_fixed,0xA400000000000002,19,none,global,1,2,-,-,384,NO,1270,pass,raw fixed-order candidate ledger
CALL,full_j4_fixed,0xA400000000000002,19,none,global,2,3,-,-,384,NO,1270,pass,raw fixed-order candidate ledger
CALL,full_j4_fixed,0xA400000000000002,19,none,global,3,4,-,-,384,NO,1270,pass,raw fixed-order candidate ledger
CALL,full_j4_fixed,0xA400000000000002,19,none,global,4,5,-,-,384,NO,1270,pass,raw fixed-order candidate ledger
CALL,full_j4_fixed,0xA400000000000002,19,none,global,5,6,-,-,384,NO,1270,pass,raw fixed-order candidate ledger
CALL,full_j4_fixed,0xA400000000000002,19,none,global,6,7,-,-,384,NO,1270,pass,raw fixed-order candidate ledger
CALL,full_j4_fixed,0xA400000000000002,19,none,global,7,8,-,-,384,NO,1270,pass,raw fixed-order candidate ledger
CALL,full_j4_fixed,0xA400000000000002,19,none,global,8,9,-,-,384,NO,1270,pass,raw fixed-order candidate ledger
CALL,full_j4_fixed,0xA400000000000002,19,none,global,9,10,-,-,384,NO,1270,pass,raw fixed-order candidate ledger
CALL,full_j4_fixed,0xA400000000000002,19,none,global,10,11,-,-,384,NO,1270,pass,raw fixed-order candidate ledger
CALL,full_j4_fixed,0xA400000000000002,19,none,global,11,12,-,-,384,NO,1270,pass,raw fixed-order candidate ledger
CALL,full_j4_fixed,0xA400000000000002,19,none,global,12,13,-,-,384,NO,1270,pass,raw fixed-order candidate ledger
CALL,full_j4_fixed,0xA400000000000002,19,none,global,13,14,-,-,384,NO,1270,pass,raw fixed-order candidate ledger
CALL,full_j4_fixed,0xA400000000000002,19,none,global,14,15,-,-,384,NO,1270,pass,raw fixed-order candidate ledger
CALL,full_j4_fixed,0xA400000000000002,19,none,global,15,16,-,-,384,NO,1270,pass,raw fixed-order candidate ledger
CALL,full_j4_fixed,0xA400000000000002,19,none,global,16,17,-,-,384,NO,1270,pass,raw fixed-order candidate ledger
CALL,full_j4_fixed,0xA400000000000002,19,none,global,17,18,-,-,384,NO,1270,pass,raw fixed-order candidate ledger
CALL,full_j4_fixed,0xA400000000000002,19,none,global,18,19,-,-,384,NO,1270,pass,raw fixed-order candidate ledger
CALL,full_j4_fixed,0xA400000000000002,19,none,global,19,20,-,-,384,NO,1270,pass,raw fixed-order candidate ledger
CALL,full_j4_fixed,0xA400000000000002,19,none,global,20,21,-,-,384,NO,1270,pass,raw fixed-order candidate ledger
CALL,full_j4_fixed,0xA400000000000002,19,none,global,21,22,-,-,384,NO,1270,pass,raw fixed-order candidate ledger
CALL,full_j4_fixed,0xA400000000000002,19,none,global,22,23,-,-,384,NO,1270,pass,raw fixed-order candidate ledger
CALL,full_j4_fixed,0xA400000000000002,19,none,global,23,24,-,-,384,NO,1270,pass,raw fixed-order candidate ledger
CALL,full_j4_fixed,0xA400000000000002,19,none,global,24,25,-,-,384,NO,1270,pass,raw fixed-order candidate ledger
CALL,full_j4_fixed,0xA400000000000002,19,none,global,25,26,-,-,384,NO,1270,pass,raw fixed-order candidate ledger
CALL,full_j4_fixed,0xA400000000000002,19,none,global,26,27,-,-,384,NO,1270,pass,raw fixed-order candidate ledger
CALL,full_j4_fixed,0xA400000000000002,19,none,global,27,28,-,-,384,NO,1270,pass,raw fixed-order candidate ledger
CALL,full_j4_fixed,0xA400000000000002,19,none,global,28,29,-,-,384,NO,1270,pass,raw fixed-order candidate ledger
CALL,full_j4_fixed,0xA400000000000002,19,none,global,29,30,-,-,384,NO,1270,pass,raw fixed-order candidate ledger
CALL,full_j4_fixed,0xA400000000000002,19,none,singleton,0,31,-,-,384,NO,1270,pass,raw fixed-order candidate ledger
CALL,full_j4_fixed,0xA400000000000002,19,none,singleton,1,32,-,-,384,NO,1270,pass,raw fixed-order candidate ledger
CALL,full_j4_fixed,0xA400000000000002,19,none,singleton,2,33,-,-,384,NO,1270,pass,raw fixed-order candidate ledger
CALL,full_j4_fixed,0xA400000000000002,19,none,singleton,3,34,-,-,384,NO,1270,pass,raw fixed-order candidate ledger
CALL,full_j4_fixed,0xA400000000000002,19,none,singleton,4,35,-,-,384,NO,1270,pass,raw fixed-order candidate ledger
CALL,full_j4_fixed,0xA400000000000002,19,none,singleton,5,36,-,-,384,NO,1270,pass,raw fixed-order candidate ledger
CALL,full_j4_fixed,0xA400000000000002,19,none,singleton,6,37,-,-,384,NO,1270,pass,raw fixed-order candidate ledger
CALL,full_j4_fixed,0xA400000000000002,19,none,singleton,7,38,-,-,384,NO,1270,pass,raw fixed-order candidate ledger
CALL,full_j4_fixed,0xA400000000000002,19,none,singleton,8,39,-,-,384,NO,1270,pass,raw fixed-order candidate ledger
CALL,full_j4_fixed,0xA400000000000002,19,none,singleton,9,40,-,-,384,NO,1270,pass,raw fixed-order candidate ledger
CALL,full_j4_fixed,0xA400000000000002,19,none,singleton,10,41,-,-,384,NO,1270,pass,raw fixed-order candidate ledger
CALL,full_j4_fixed,0xA400000000000002,19,none,singleton,11,42,-,-,384,NO,1270,pass,raw fixed-order candidate ledger
CALL,full_j4_fixed,0xA400000000000002,19,none,singleton,12,43,-,-,384,NO,1270,pass,raw fixed-order candidate ledger
CALL,full_j4_fixed,0xA400000000000002,19,none,singleton,13,44,-,-,384,NO,1270,pass,raw fixed-order candidate ledger
CALL,full_j4_fixed,0xA400000000000002,19,none,singleton,14,45,-,-,384,NO,1270,pass,raw fixed-order candidate ledger
CALL,full_j4_fixed,0xA400000000000002,19,none,singleton,15,46,-,-,384,NO,1270,pass,raw fixed-order candidate ledger
CALL,full_j4_fixed,0xA400000000000002,19,none,singleton,16,47,-,-,384,NO,1270,pass,raw fixed-order candidate ledger
CALL,full_j4_fixed,0xA400000000000002,19,none,singleton,17,48,-,-,384,NO,1270,pass,raw fixed-order candidate ledger
CALL,full_j4_fixed,0xA400000000000002,19,none,singleton,18,49,-,-,384,NO,1270,pass,raw fixed-order candidate ledger
CALL,full_j4_fixed,0xA400000000000002,19,none,singleton,19,50,-,-,384,NO,1270,pass,raw fixed-order candidate ledger
CALL,full_j4_fixed,0xA400000000000002,19,none,singleton,20,51,-,-,384,NO,1270,pass,raw fixed-order candidate ledger
CALL,full_j4_fixed,0xA400000000000002,19,none,singleton,21,52,-,-,384,NO,1270,pass,raw fixed-order candidate ledger
CALL,full_j4_fixed,0xA400000000000002,19,none,singleton,22,53,-,-,384,NO,1270,pass,raw fixed-order candidate ledger
CALL,full_j4_fixed,0xA400000000000002,19,none,singleton,23,54,-,-,384,NO,1270,pass,raw fixed-order candidate ledger
CALL,full_j4_fixed,0xA400000000000002,19,none,singleton,24,55,-,-,384,NO,1270,pass,raw fixed-order candidate ledger
CALL,full_j4_fixed,0xA400000000000002,19,none,singleton,25,56,-,-,384,NO,1270,pass,raw fixed-order candidate ledger
CALL,full_j4_fixed,0xA400000000000002,19,none,singleton,26,57,-,-,384,NO,1270,pass,raw fixed-order candidate ledger
CALL,full_j4_fixed,0xA400000000000002,19,none,singleton,27,58,-,-,384,NO,1270,pass,raw fixed-order candidate ledger
CALL,full_j4_fixed,0xA400000000000002,19,none,singleton,28,59,-,-,384,NO,1270,pass,raw fixed-order candidate ledger
CALL,full_j4_fixed,0xA400000000000002,19,none,singleton,29,60,-,-,384,NO,1270,pass,raw fixed-order candidate ledger
CALL,full_j4_fixed,0xA400000000000002,19,none,singleton,30,61,-,-,384,NO,1270,pass,raw fixed-order candidate ledger
CALL,full_j4_fixed,0xA400000000000002,19,none,singleton,31,62,-,-,384,NO,1270,pass,raw fixed-order candidate ledger
CALL,full_j4_fixed,0xA400000000000002,19,none,singleton,32,63,-,-,384,NO,1270,pass,raw fixed-order candidate ledger
CALL,full_j4_fixed,0xA400000000000002,19,none,singleton,33,64,-,-,384,NO,1270,pass,raw fixed-order candidate ledger
CALL,full_j4_fixed,0xA400000000000002,19,none,singleton,34,65,-,-,384,NO,1270,pass,raw fixed-order candidate ledger
CALL,full_j4_fixed,0xA400000000000002,19,none,singleton,35,66,-,-,384,NO,1270,pass,raw fixed-order candidate ledger
CALL,full_j4_fixed,0xA400000000000002,19,none,singleton,36,67,-,-,384,NO,1270,pass,raw fixed-order candidate ledger
CALL,full_j4_fixed,0xA400000000000002,19,none,singleton,37,68,-,-,384,NO,1270,pass,raw fixed-order candidate ledger
CALL,full_j4_fixed,0xA400000000000002,19,none,singleton,38,69,-,-,384,NO,1270,pass,raw fixed-order candidate ledger
CALL,full_j4_fixed,0xA400000000000002,19,none,singleton,39,70,-,-,384,NO,1270,pass,raw fixed-order candidate ledger
CALL,full_j4_fixed,0xA400000000000002,19,none,singleton,40,71,-,-,384,NO,1270,pass,raw fixed-order candidate ledger
CALL,full_j4_fixed,0xA400000000000002,19,none,singleton,41,72,-,-,384,NO,1270,pass,raw fixed-order candidate ledger
CALL,full_j4_fixed,0xA400000000000002,19,none,singleton,42,73,-,-,384,NO,1270,pass,raw fixed-order candidate ledger
CALL,full_j4_fixed,0xA400000000000002,19,none,singleton,43,74,-,-,384,NO,1270,pass,raw fixed-order candidate ledger
CALL,full_j4_fixed,0xA400000000000002,19,none,singleton,44,75,-,-,384,NO,1270,pass,raw fixed-order candidate ledger
CALL,full_j4_fixed,0xA400000000000002,19,none,singleton,45,76,-,-,384,NO,1270,pass,raw fixed-order candidate ledger
CALL,full_j4_fixed,0xA400000000000002,19,none,singleton,46,77,-,-,384,NO,1270,pass,raw fixed-order candidate ledger
CALL,full_j4_fixed,0xA400000000000002,19,none,singleton,47,78,-,-,384,NO,1270,pass,raw fixed-order candidate ledger
CALL,full_j4_fixed,0xA400000000000002,19,none,none,0,79,-,-,384,YES,1270,pass,raw fixed-order candidate ledger
CALL,full_j4_fixed,0xA400000000000002,19,none,none,1,80,-,-,384,NO,1270,pass,raw fixed-order candidate ledger
CALL,full_j4_fixed,0xA400000000000002,19,none,none,2,81,-,-,384,NO,1270,pass,raw fixed-order candidate ledger
CALL,full_j4_fixed,0xA400000000000002,19,none,none,3,82,-,-,384,NO,1270,pass,raw fixed-order candidate ledger
CALL,full_j4_fixed,0xA400000000000002,19,none,none,4,83,-,-,384,NO,1270,pass,raw fixed-order candidate ledger
ATTRIBUTION,full_j4_fixed,0xA400000000000002,19,none,none,0,- ,79,1,384,YES,1270,pass,first exact inside J4 frozen bank order
CALL,full_j4_fixed,0xA400000000000002,19,none,directed,0,84,-,-,384,NO,1270,pass,raw fixed-order candidate ledger
CALL,full_j4_fixed,0xA400000000000002,19,none,directed,1,85,-,-,384,NO,1270,pass,raw fixed-order candidate ledger
CALL,full_j4_fixed,0xA400000000000002,19,none,directed,2,86,-,-,384,NO,1270,pass,raw fixed-order candidate ledger
CALL,full_j4_fixed,0xA400000000000002,19,none,directed,3,87,-,-,384,NO,1270,pass,raw fixed-order candidate ledger
CALL,full_j4_fixed,0xA400000000000002,19,none,directed,4,88,-,-,384,NO,1270,pass,raw fixed-order candidate ledger
CALL,full_j4_fixed,0xA400000000000002,19,none,directed,5,89,-,-,384,NO,1270,pass,raw fixed-order candidate ledger
CALL,full_j4_fixed,0xA400000000000002,19,none,directed,6,90,-,-,384,NO,1270,pass,raw fixed-order candidate ledger
CALL,full_j4_fixed,0xA400000000000002,19,none,directed,7,91,-,-,384,NO,1270,pass,raw fixed-order candidate ledger
CALL,full_j4_fixed,0xA400000000000002,19,none,directed,8,92,-,-,384,NO,1270,pass,raw fixed-order candidate ledger
CALL,full_j4_fixed,0xA400000000000002,19,none,directed,9,93,-,-,384,NO,1270,pass,raw fixed-order candidate ledger
CALL,full_j4_fixed,0xA400000000000002,19,none,directed,10,94,-,-,384,NO,1270,pass,raw fixed-order candidate ledger
CALL,full_j4_fixed,0xA400000000000002,19,none,directed,11,95,-,-,384,NO,1270,pass,raw fixed-order candidate ledger
CALL,full_j4_fixed,0xA400000000000002,19,none,directed,12,96,-,-,384,NO,1270,pass,raw fixed-order candidate ledger
CALL,full_j4_fixed,0xA400000000000002,19,none,directed,13,97,-,-,384,NO,1270,pass,raw fixed-order candidate ledger
CALL,full_j4_fixed,0xA400000000000002,19,none,directed,14,98,-,-,384,NO,1270,pass,raw fixed-order candidate ledger
CALL,full_j4_fixed,0xA400000000000002,19,none,directed,15,99,-,-,384,NO,1270,pass,raw fixed-order candidate ledger
CALL,full_j4_fixed,0xA400000000000002,19,none,directed,16,100,-,-,384,NO,1270,pass,raw fixed-order candidate ledger
CALL,full_j4_fixed,0xA400000000000002,19,none,directed,17,101,-,-,384,NO,1270,pass,raw fixed-order candidate ledger
CALL,full_j4_fixed,0xA400000000000002,19,none,directed,18,102,-,-,384,NO,1270,pass,raw fixed-order candidate ledger
CALL,full_j4_fixed,0xA400000000000002,19,none,directed,19,103,-,-,384,NO,1270,pass,raw fixed-order candidate ledger
CALL,full_j4_fixed,0xA400000000000002,19,none,directed,20,104,-,-,384,NO,1270,pass,raw fixed-order candidate ledger
CALL,full_j4_fixed,0xA400000000000002,19,none,directed,21,105,-,-,384,NO,1270,pass,raw fixed-order candidate ledger
CALL,full_j4_fixed,0xA400000000000002,19,none,directed,22,106,-,-,384,NO,1270,pass,raw fixed-order candidate ledger
CALL,full_j4_fixed,0xA400000000000002,19,none,directed,23,107,-,-,384,NO,1270,pass,raw fixed-order candidate ledger
CALL,full_j4_fixed,0xA400000000000002,19,none,directed,24,108,-,-,384,NO,1270,pass,raw fixed-order candidate ledger
CALL,full_j4_fixed,0xA400000000000002,19,none,directed,25,109,-,-,384,NO,1270,pass,raw fixed-order candidate ledger
CALL,full_j4_fixed,0xA400000000000002,19,none,directed,26,110,-,-,384,NO,1270,pass,raw fixed-order candidate ledger
CALL,full_j4_fixed,0xA400000000000002,19,none,directed,27,111,-,-,384,NO,1270,pass,raw fixed-order candidate ledger
CALL,full_j4_fixed,0xA400000000000002,19,none,directed,28,112,-,-,384,NO,1270,pass,raw fixed-order candidate ledger
CALL,full_j4_fixed,0xA400000000000002,19,none,directed,29,113,-,-,384,NO,1270,pass,raw fixed-order candidate ledger
CALL,full_j4_fixed,0xA400000000000002,19,none,directed,30,114,-,-,384,NO,1270,pass,raw fixed-order candidate ledger
CALL,full_j4_fixed,0xA400000000000002,19,none,directed,31,115,-,-,384,NO,1270,pass,raw fixed-order candidate ledger
CALL,full_j4_fixed,0xA400000000000002,19,none,directed,32,116,-,-,384,NO,1270,pass,raw fixed-order candidate ledger
CALL,full_j4_fixed,0xA400000000000002,19,none,directed,33,117,-,-,384,NO,1270,pass,raw fixed-order candidate ledger
CALL,full_j4_fixed,0xA400000000000002,19,none,directed,34,118,-,-,384,NO,1270,pass,raw fixed-order candidate ledger
CALL,full_j4_fixed,0xA400000000000002,19,none,directed,35,119,-,-,384,NO,1270,pass,raw fixed-order candidate ledger
CALL,full_j4_fixed,0xA400000000000002,19,none,directed,36,120,-,-,384,NO,1270,pass,raw fixed-order candidate ledger
CALL,full_j4_fixed,0xA400000000000002,19,none,directed,37,121,-,-,384,NO,1270,pass,raw fixed-order candidate ledger
CALL,full_j4_fixed,0xA400000000000002,19,none,directed,38,122,-,-,384,NO,1270,pass,raw fixed-order candidate ledger
CALL,full_j4_fixed,0xA400000000000002,19,none,directed,39,123,-,-,384,NO,1270,pass,raw fixed-order candidate ledger
CALL,full_j4_fixed,0xA400000000000002,19,none,directed,40,124,-,-,384,NO,1270,pass,raw fixed-order candidate ledger
CALL,full_j4_fixed,0xA400000000000002,19,none,directed,41,125,-,-,384,NO,1270,pass,raw fixed-order candidate ledger
CALL,full_j4_fixed,0xA400000000000002,19,none,directed,42,126,-,-,384,NO,1270,pass,raw fixed-order candidate ledger
CALL,full_j4_fixed,0xA400000000000002,19,none,directed,43,127,-,-,384,NO,1270,pass,raw fixed-order candidate ledger
CALL,full_j4_fixed,0xA400000000000002,19,none,directed,44,128,-,-,384,NO,1270,pass,raw fixed-order candidate ledger
CALL,full_j4_fixed,0xA400000000000002,19,none,directed,45,129,-,-,384,NO,1270,pass,raw fixed-order candidate ledger
CALL,full_j4_fixed,0xA400000000000002,19,none,directed,46,130,-,-,384,NO,1270,pass,raw fixed-order candidate ledger
CALL,full_j4_fixed,0xA400000000000002,19,none,directed,47,131,-,-,384,NO,1270,pass,raw fixed-order candidate ledger
CALL,full_j4_fixed,0xA400000000000002,19,none,directed,48,132,-,-,384,NO,1270,pass,raw fixed-order candidate ledger
CALL,full_j4_fixed,0xA400000000000002,19,none,directed,49,133,-,-,384,NO,1270,pass,raw fixed-order candidate ledger
CALL,full_j4_fixed,0xA400000000000002,19,none,directed,50,134,-,-,384,NO,1270,pass,raw fixed-order candidate ledger
CALL,full_j4_fixed,0xA400000000000002,19,none,directed,51,135,-,-,384,NO,1270,pass,raw fixed-order candidate ledger
CALL,full_j4_fixed,0xA400000000000002,19,none,directed,52,136,-,-,384,NO,1270,pass,raw fixed-order candidate ledger
CALL,full_j4_fixed,0xA400000000000002,19,none,directed,53,137,-,-,384,NO,1270,pass,raw fixed-order candidate ledger
CALL,full_j4_fixed,0xA400000000000002,19,none,directed,54,138,-,-,384,NO,1270,pass,raw fixed-order candidate ledger
CALL,full_j4_fixed,0xA400000000000002,19,none,directed,55,139,-,-,384,NO,1270,pass,raw fixed-order candidate ledger
CALL,full_j4_fixed,0xA400000000000002,19,none,directed,56,140,-,-,384,NO,1270,pass,raw fixed-order candidate ledger
CALL,full_j4_fixed,0xA400000000000002,19,none,directed,57,141,-,-,384,NO,1270,pass,raw fixed-order candidate ledger
CALL,full_j4_fixed,0xA400000000000002,19,none,directed,58,142,-,-,384,NO,1270,pass,raw fixed-order candidate ledger
CALL,full_j4_fixed,0xA400000000000002,19,none,directed,59,143,-,-,384,NO,1270,pass,raw fixed-order candidate ledger
CALL,full_j4_fixed,0xA400000000000002,19,none,directed,60,144,-,-,384,NO,1270,pass,raw fixed-order candidate ledger
CALL,full_j4_fixed,0xA400000000000002,19,none,directed,61,145,-,-,384,NO,1270,pass,raw fixed-order candidate ledger
CALL,full_j4_fixed,0xA400000000000002,19,none,directed,62,146,-,-,384,NO,1270,pass,raw fixed-order candidate ledger
CALL,full_j4_fixed,0xA400000000000002,19,none,directed,63,147,-,-,384,NO,1270,pass,raw fixed-order candidate ledger
CALL,full_j4_fixed,0xA400000000000002,19,none,directed,64,148,-,-,384,NO,1270,pass,raw fixed-order candidate ledger
CALL,full_j4_fixed,0xA400000000000002,19,none,directed,65,149,-,-,384,NO,1270,pass,raw fixed-order candidate ledger
CALL,full_j4_fixed,0xA400000000000002,19,none,directed,66,150,-,-,384,NO,1270,pass,raw fixed-order candidate ledger
CALL,full_j4_fixed,0xA400000000000002,19,none,directed,67,151,-,-,384,NO,1270,pass,raw fixed-order candidate ledger
CALL,full_j4_fixed,0xA400000000000002,19,none,directed,68,152,-,-,384,NO,1270,pass,raw fixed-order candidate ledger
CALL,full_j4_fixed,0xA400000000000002,19,none,directed,69,153,-,-,384,NO,1270,pass,raw fixed-order candidate ledger
CALL,full_j4_fixed,0xA400000000000002,19,none,directed,70,154,-,-,384,NO,1270,pass,raw fixed-order candidate ledger
CALL,full_j4_fixed,0xA400000000000002,19,none,directed,71,155,-,-,384,NO,1270,pass,raw fixed-order candidate ledger
CALL,full_j4_fixed,0xA400000000000002,19,none,directed,72,156,-,-,384,NO,1270,pass,raw fixed-order candidate ledger
CALL,full_j4_fixed,0xA400000000000002,19,none,directed,73,157,-,-,384,NO,1270,pass,raw fixed-order candidate ledger
CALL,full_j4_fixed,0xA400000000000002,19,none,directed,74,158,-,-,384,NO,1270,pass,raw fixed-order candidate ledger
CALL,full_j4_fixed,0xA400000000000002,19,none,directed,75,159,-,-,384,NO,1270,pass,raw fixed-order candidate ledger
CALL,full_j4_fixed,0xA400000000000002,19,none,directed,76,160,-,-,384,NO,1270,pass,raw fixed-order candidate ledger
CALL,full_j4_fixed,0xA400000000000002,19,none,directed,77,161,-,-,384,NO,1270,pass,raw fixed-order candidate ledger
CALL,full_j4_fixed,0xA400000000000002,19,none,directed,78,162,-,-,384,NO,1270,pass,raw fixed-order candidate ledger
CALL,full_j4_fixed,0xA400000000000002,19,none,directed,79,163,-,-,384,NO,1270,pass,raw fixed-order candidate ledger
CALL,full_j4_fixed,0xA400000000000002,19,none,directed,80,164,-,-,384,NO,1270,pass,raw fixed-order candidate ledger
CALL,full_j4_fixed,0xA400000000000002,19,none,directed,81,165,-,-,384,NO,1270,pass,raw fixed-order candidate ledger
CALL,full_j4_fixed,0xA400000000000002,19,none,directed,82,166,-,-,384,NO,1270,pass,raw fixed-order candidate ledger
CALL,full_j4_fixed,0xA400000000000002,19,none,directed,83,167,-,-,384,NO,1270,pass,raw fixed-order candidate ledger
CALL,full_j4_fixed,0xA400000000000002,19,none,directed,84,168,-,-,384,NO,1270,pass,raw fixed-order candidate ledger
CALL,full_j4_fixed,0xA400000000000002,19,none,directed,85,169,-,-,384,NO,1270,pass,raw fixed-order candidate ledger
CALL,full_j4_fixed,0xA400000000000002,19,none,directed,86,170,-,-,384,NO,1270,pass,raw fixed-order candidate ledger
CALL,full_j4_fixed,0xA400000000000002,19,none,directed,87,171,-,-,384,NO,1270,pass,raw fixed-order candidate ledger
CALL,full_j4_fixed,0xA400000000000002,19,none,directed,88,172,-,-,384,NO,1270,pass,raw fixed-order candidate ledger
CALL,full_j4_fixed,0xA400000000000002,19,none,directed,89,173,-,-,384,NO,1270,pass,raw fixed-order candidate ledger
CALL,full_j4_fixed,0xA400000000000002,19,none,directed,90,174,-,-,384,NO,1270,pass,raw fixed-order candidate ledger
CALL,full_j4_fixed,0xA400000000000002,19,none,directed,91,175,-,-,384,NO,1270,pass,raw fixed-order candidate ledger
CALL,full_j4_fixed,0xA400000000000002,19,none,directed,92,176,-,-,384,NO,1270,pass,raw fixed-order candidate ledger
CALL,full_j4_fixed,0xA400000000000002,19,none,directed,93,177,-,-,384,NO,1270,pass,raw fixed-order candidate ledger
CALL,full_j4_fixed,0xA400000000000002,19,none,directed,94,178,-,-,384,NO,1270,pass,raw fixed-order candidate ledger
CALL,full_j4_fixed,0xA400000000000002,19,none,directed,95,179,-,-,384,NO,1270,pass,raw fixed-order candidate ledger
CALL,full_j4_fixed,0xA400000000000002,19,none,directed,96,180,-,-,384,NO,1270,pass,raw fixed-order candidate ledger
CALL,full_j4_fixed,0xA400000000000002,19,none,directed,97,181,-,-,384,NO,1270,pass,raw fixed-order candidate ledger
CALL,full_j4_fixed,0xA400000000000002,19,none,directed,98,182,-,-,384,NO,1270,pass,raw fixed-order candidate ledger
CALL,full_j4_fixed,0xA400000000000002,19,none,directed,99,183,-,-,384,NO,1270,pass,raw fixed-order candidate ledger
CALL,full_j4_fixed,0xA400000000000002,19,none,directed,100,184,-,-,384,NO,1270,pass,raw fixed-order candidate ledger
CALL,full_j4_fixed,0xA400000000000002,19,none,directed,101,185,-,-,384,NO,1270,pass,raw fixed-order candidate ledger
CALL,full_j4_fixed,0xA400000000000002,19,none,directed,102,186,-,-,384,NO,1270,pass,raw fixed-order candidate ledger
CALL,full_j4_fixed,0xA400000000000002,19,none,directed,103,187,-,-,384,NO,1270,pass,raw fixed-order candidate ledger
CALL,full_j4_fixed,0xA400000000000002,19,none,directed,104,188,-,-,384,NO,1270,pass,raw fixed-order candidate ledger
CALL,full_j4_fixed,0xA400000000000002,19,none,directed,105,189,-,-,384,NO,1270,pass,raw fixed-order candidate ledger
CALL,full_j4_fixed,0xA400000000000002,19,none,directed,106,190,-,-,384,NO,1270,pass,raw fixed-order candidate ledger
CALL,full_j4_fixed,0xA400000000000002,19,none,directed,107,191,-,-,384,NO,1270,pass,raw fixed-order candidate ledger
CALL,full_j4_fixed,0xA400000000000002,19,none,directed,108,192,-,-,384,NO,1270,pass,raw fixed-order candidate ledger
CALL,full_j4_fixed,0xA400000000000002,19,none,directed,109,193,-,-,384,NO,1270,pass,raw fixed-order candidate ledger
CALL,full_j4_fixed,0xA400000000000002,19,none,directed,110,194,-,-,384,NO,1270,pass,raw fixed-order candidate ledger
CALL,full_j4_fixed,0xA400000000000002,19,none,directed,111,195,-,-,384,NO,1270,pass,raw fixed-order candidate ledger
CALL,full_j4_fixed,0xA400000000000002,19,none,directed,112,196,-,-,384,NO,1270,pass,raw fixed-order candidate ledger
CALL,full_j4_fixed,0xA400000000000002,19,none,directed,113,197,-,-,384,NO,1270,pass,raw fixed-order candidate ledger
CALL,full_j4_fixed,0xA400000000000002,19,none,directed,114,198,-,-,384,NO,1270,pass,raw fixed-order candidate ledger
CALL,full_j4_fixed,0xA400000000000002,19,none,directed,115,199,-,-,384,NO,1270,pass,raw fixed-order candidate ledger
CALL,full_j4_fixed,0xA400000000000002,19,none,directed,116,200,-,-,384,NO,1270,pass,raw fixed-order candidate ledger
CALL,full_j4_fixed,0xA400000000000002,19,none,directed,117,201,-,-,384,NO,1270,pass,raw fixed-order candidate ledger
CALL,full_j4_fixed,0xA400000000000002,19,none,directed,118,202,-,-,384,NO,1270,pass,raw fixed-order candidate ledger
CALL,full_j4_fixed,0xA400000000000002,19,none,directed,119,203,-,-,384,NO,1270,pass,raw fixed-order candidate ledger
CALL,full_j4_fixed,0xA400000000000002,19,none,directed,120,204,-,-,384,NO,1270,pass,raw fixed-order candidate ledger
CALL,full_j4_fixed,0xA400000000000002,19,none,directed,121,205,-,-,384,NO,1270,pass,raw fixed-order candidate ledger
CALL,full_j4_fixed,0xA400000000000002,19,none,directed,122,206,-,-,384,NO,1270,pass,raw fixed-order candidate ledger
CALL,full_j4_fixed,0xA400000000000002,19,none,directed,123,207,-,-,384,NO,1270,pass,raw fixed-order candidate ledger
CALL,full_j4_fixed,0xA400000000000002,19,none,directed,124,208,-,-,384,NO,1270,pass,raw fixed-order candidate ledger
CALL,full_j4_fixed,0xA400000000000002,19,none,directed,125,209,-,-,384,NO,1270,pass,raw fixed-order candidate ledger
CALL,full_j4_fixed,0xA400000000000002,19,none,directed,126,210,-,-,384,NO,1270,pass,raw fixed-order candidate ledger
CALL,full_j4_fixed,0xA400000000000002,19,none,directed,127,211,-,-,384,NO,1270,pass,raw fixed-order candidate ledger
CALL,full_j4_fixed,0xA400000000000002,19,none,directed,128,212,-,-,384,NO,1270,pass,raw fixed-order candidate ledger
CALL,full_j4_fixed,0xA400000000000002,19,none,directed,129,213,-,-,384,NO,1270,pass,raw fixed-order candidate ledger
CALL,full_j4_fixed,0xA400000000000002,19,none,directed,130,214,-,-,384,NO,1270,pass,raw fixed-order candidate ledger
CALL,full_j4_fixed,0xA400000000000002,19,none,directed,131,215,-,-,384,NO,1270,pass,raw fixed-order candidate ledger
CALL,full_j4_fixed,0xA400000000000002,19,none,directed,132,216,-,-,384,NO,1270,pass,raw fixed-order candidate ledger
CALL,full_j4_fixed,0xA400000000000002,19,none,directed,133,217,-,-,384,NO,1270,pass,raw fixed-order candidate ledger
CALL,full_j4_fixed,0xA400000000000002,19,none,directed,134,218,-,-,384,NO,1270,pass,raw fixed-order candidate ledger
CALL,full_j4_fixed,0xA400000000000002,19,none,directed,135,219,-,-,384,NO,1270,pass,raw fixed-order candidate ledger
CALL,full_j4_fixed,0xA400000000000002,19,none,directed,136,220,-,-,384,NO,1270,pass,raw fixed-order candidate ledger
CALL,full_j4_fixed,0xA400000000000002,19,none,directed,137,221,-,-,384,NO,1270,pass,raw fixed-order candidate ledger
CALL,full_j4_fixed,0xA400000000000002,19,none,directed,138,222,-,-,384,NO,1270,pass,raw fixed-order candidate ledger
CALL,full_j4_fixed,0xA400000000000002,19,none,directed,139,223,-,-,384,NO,1270,pass,raw fixed-order candidate ledger
CALL,full_j4_fixed,0xA400000000000002,19,none,directed,140,224,-,-,384,NO,1270,pass,raw fixed-order candidate ledger
CALL,full_j4_fixed,0xA400000000000002,19,none,directed,141,225,-,-,384,NO,1270,pass,raw fixed-order candidate ledger
CALL,full_j4_fixed,0xA400000000000002,19,none,directed,142,226,-,-,384,NO,1270,pass,raw fixed-order candidate ledger
CALL,full_j4_fixed,0xA400000000000002,19,none,directed,143,227,-,-,384,NO,1270,pass,raw fixed-order candidate ledger
CALL,full_j4_fixed,0xA400000000000002,19,none,directed,144,228,-,-,384,NO,1270,pass,raw fixed-order candidate ledger
CALL,full_j4_fixed,0xA400000000000002,19,none,directed,145,229,-,-,384,NO,1270,pass,raw fixed-order candidate ledger
CALL,full_j4_fixed,0xA400000000000002,19,none,directed,146,230,-,-,384,NO,1270,pass,raw fixed-order candidate ledger
CALL,full_j4_fixed,0xA400000000000002,19,none,directed,147,231,-,-,384,NO,1270,pass,raw fixed-order candidate ledger
CALL,full_j4_fixed,0xA400000000000002,19,none,directed,148,232,-,-,384,NO,1270,pass,raw fixed-order candidate ledger
CALL,full_j4_fixed,0xA400000000000002,19,none,directed,149,233,-,-,384,NO,1270,pass,raw fixed-order candidate ledger
CALL,full_j4_fixed,0xA400000000000002,19,none,directed,150,234,-,-,384,NO,1270,pass,raw fixed-order candidate ledger
CALL,full_j4_fixed,0xA400000000000002,19,none,directed,151,235,-,-,384,NO,1270,pass,raw fixed-order candidate ledger
CALL,full_j4_fixed,0xA400000000000002,19,none,directed,152,236,-,-,384,NO,1270,pass,raw fixed-order candidate ledger
CALL,full_j4_fixed,0xA400000000000002,19,none,directed,153,237,-,-,384,NO,1270,pass,raw fixed-order candidate ledger
CALL,full_j4_fixed,0xA400000000000002,19,none,directed,154,238,-,-,384,NO,1270,pass,raw fixed-order candidate ledger
CALL,full_j4_fixed,0xA400000000000002,19,none,directed,155,239,-,-,384,NO,1270,pass,raw fixed-order candidate ledger
CALL,full_j4_fixed,0xA400000000000002,19,none,directed,156,240,-,-,384,NO,1270,pass,raw fixed-order candidate ledger
CALL,full_j4_fixed,0xA400000000000002,19,none,directed,157,241,-,-,384,NO,1270,pass,raw fixed-order candidate ledger
CALL,full_j4_fixed,0xA400000000000002,19,none,directed,158,242,-,-,384,NO,1270,pass,raw fixed-order candidate ledger
CALL,full_j4_fixed,0xA400000000000002,19,none,directed,159,243,-,-,384,NO,1270,pass,raw fixed-order candidate ledger
CALL,full_j4_fixed,0xA400000000000002,19,none,directed,160,244,-,-,384,NO,1270,pass,raw fixed-order candidate ledger
CALL,full_j4_fixed,0xA400000000000002,19,none,directed,161,245,-,-,384,NO,1270,pass,raw fixed-order candidate ledger
CALL,full_j4_fixed,0xA400000000000002,19,none,directed,162,246,-,-,384,NO,1270,pass,raw fixed-order candidate ledger
CALL,full_j4_fixed,0xA400000000000002,19,none,directed,163,247,-,-,384,NO,1270,pass,raw fixed-order candidate ledger
CALL,full_j4_fixed,0xA400000000000002,19,none,directed,164,248,-,-,384,NO,1270,pass,raw fixed-order candidate ledger
CALL,full_j4_fixed,0xA400000000000002,19,none,directed,165,249,-,-,384,NO,1270,pass,raw fixed-order candidate ledger
CALL,full_j4_fixed,0xA400000000000002,19,none,directed,166,250,-,-,384,NO,1270,pass,raw fixed-order candidate ledger
CALL,full_j4_fixed,0xA400000000000002,19,none,directed,167,251,-,-,384,NO,1270,pass,raw fixed-order candidate ledger
CALL,full_j4_fixed,0xA400000000000002,19,none,directed,168,252,-,-,384,NO,1270,pass,raw fixed-order candidate ledger
CALL,full_j4_fixed,0xA400000000000002,19,none,directed,169,253,-,-,384,NO,1270,pass,raw fixed-order candidate ledger
CALL,full_j4_fixed,0xA400000000000002,19,none,directed,170,254,-,-,384,NO,1270,pass,raw fixed-order candidate ledger
CALL,full_j4_fixed,0xA400000000000002,19,none,directed,171,255,-,-,384,NO,1270,pass,raw fixed-order candidate ledger
CALL,full_j4_fixed,0xA400000000000002,19,none,directed,172,256,-,-,384,NO,1270,pass,raw fixed-order candidate ledger
CALL,full_j4_fixed,0xA400000000000002,19,none,directed,173,257,-,-,384,NO,1270,pass,raw fixed-order candidate ledger
CALL,full_j4_fixed,0xA400000000000002,19,none,directed,174,258,-,-,384,NO,1270,pass,raw fixed-order candidate ledger
CALL,full_j4_fixed,0xA400000000000002,19,none,directed,175,259,-,-,384,NO,1270,pass,raw fixed-order candidate ledger
CALL,full_j4_fixed,0xA400000000000002,19,none,directed,176,260,-,-,384,NO,1270,pass,raw fixed-order candidate ledger
CALL,full_j4_fixed,0xA400000000000002,19,none,directed,177,261,-,-,384,NO,1270,pass,raw fixed-order candidate ledger
CALL,full_j4_fixed,0xA400000000000002,19,none,directed,178,262,-,-,384,NO,1270,pass,raw fixed-order candidate ledger
CALL,full_j4_fixed,0xA400000000000002,19,none,directed,179,263,-,-,384,NO,1270,pass,raw fixed-order candidate ledger
CALL,full_j4_fixed,0xA400000000000002,19,none,directed,180,264,-,-,384,NO,1270,pass,raw fixed-order candidate ledger
CALL,full_j4_fixed,0xA400000000000002,19,none,directed,181,265,-,-,384,NO,1270,pass,raw fixed-order candidate ledger
CALL,full_j4_fixed,0xA400000000000002,19,none,directed,182,266,-,-,384,NO,1270,pass,raw fixed-order candidate ledger
CALL,full_j4_fixed,0xA400000000000002,19,none,directed,183,267,-,-,384,NO,1270,pass,raw fixed-order candidate ledger
CALL,full_j4_fixed,0xA400000000000002,19,none,directed,184,268,-,-,384,NO,1270,pass,raw fixed-order candidate ledger
CALL,full_j4_fixed,0xA400000000000002,19,none,directed,185,269,-,-,384,NO,1270,pass,raw fixed-order candidate ledger
CALL,full_j4_fixed,0xA400000000000002,19,none,directed,186,270,-,-,384,NO,1270,pass,raw fixed-order candidate ledger
CALL,full_j4_fixed,0xA400000000000002,19,none,directed,187,271,-,-,384,NO,1270,pass,raw fixed-order candidate ledger
CALL,full_j4_fixed,0xA400000000000002,19,none,directed,188,272,-,-,384,NO,1270,pass,raw fixed-order candidate ledger
CALL,full_j4_fixed,0xA400000000000002,19,none,directed,189,273,-,-,384,NO,1270,pass,raw fixed-order candidate ledger
CALL,full_j4_fixed,0xA400000000000002,19,none,directed,190,274,-,-,384,NO,1270,pass,raw fixed-order candidate ledger
CALL,full_j4_fixed,0xA400000000000002,19,none,directed,191,275,-,-,384,NO,1270,pass,raw fixed-order candidate ledger
CALL,full_j4_fixed,0xA400000000000002,19,none,directed,192,276,-,-,384,NO,1270,pass,raw fixed-order candidate ledger
CALL,full_j4_fixed,0xA400000000000002,19,none,directed,193,277,-,-,384,NO,1270,pass,raw fixed-order candidate ledger
CALL,full_j4_fixed,0xA400000000000002,19,none,directed,194,278,-,-,384,NO,1270,pass,raw fixed-order candidate ledger
CALL,full_j4_fixed,0xA400000000000002,19,none,directed,195,279,-,-,384,NO,1270,pass,raw fixed-order candidate ledger
CALL,full_j4_fixed,0xA400000000000002,19,none,directed,196,280,-,-,384,NO,1270,pass,raw fixed-order candidate ledger
CALL,full_j4_fixed,0xA400000000000002,19,none,directed,197,281,-,-,384,NO,1270,pass,raw fixed-order candidate ledger
CALL,full_j4_fixed,0xA400000000000002,19,none,directed,198,282,-,-,384,NO,1270,pass,raw fixed-order candidate ledger
CALL,full_j4_fixed,0xA400000000000002,19,none,directed,199,283,-,-,384,NO,1270,pass,raw fixed-order candidate ledger
CALL,full_j4_fixed,0xA400000000000002,19,none,directed,200,284,-,-,384,NO,1270,pass,raw fixed-order candidate ledger
CALL,full_j4_fixed,0xA400000000000002,19,none,directed,201,285,-,-,384,NO,1270,pass,raw fixed-order candidate ledger
CALL,full_j4_fixed,0xA400000000000002,19,none,directed,202,286,-,-,384,NO,1270,pass,raw fixed-order candidate ledger
CALL,full_j4_fixed,0xA400000000000002,19,none,directed,203,287,-,-,384,NO,1270,pass,raw fixed-order candidate ledger
CALL,full_j4_fixed,0xA400000000000002,19,none,directed,204,288,-,-,384,NO,1270,pass,raw fixed-order candidate ledger
CALL,full_j4_fixed,0xA400000000000002,19,none,directed,205,289,-,-,384,NO,1270,pass,raw fixed-order candidate ledger
CALL,full_j4_fixed,0xA400000000000002,19,none,directed,206,290,-,-,384,NO,1270,pass,raw fixed-order candidate ledger
CALL,full_j4_fixed,0xA400000000000002,19,none,directed,207,291,-,-,384,NO,1270,pass,raw fixed-order candidate ledger
CALL,full_j4_fixed,0xA400000000000002,19,none,directed,208,292,-,-,384,NO,1270,pass,raw fixed-order candidate ledger
CALL,full_j4_fixed,0xA400000000000002,19,none,directed,209,293,-,-,384,NO,1270,pass,raw fixed-order candidate ledger
CALL,full_j4_fixed,0xA400000000000002,19,none,directed,210,294,-,-,384,NO,1270,pass,raw fixed-order candidate ledger
CALL,full_j4_fixed,0xA400000000000002,19,none,directed,211,295,-,-,384,NO,1270,pass,raw fixed-order candidate ledger
CALL,full_j4_fixed,0xA400000000000002,19,none,directed,212,296,-,-,384,NO,1270,pass,raw fixed-order candidate ledger
CALL,full_j4_fixed,0xA400000000000002,19,none,directed,213,297,-,-,384,NO,1270,pass,raw fixed-order candidate ledger
CALL,full_j4_fixed,0xA400000000000002,19,none,directed,214,298,-,-,384,NO,1270,pass,raw fixed-order candidate ledger
CALL,full_j4_fixed,0xA400000000000002,19,none,directed,215,299,-,-,384,NO,1270,pass,raw fixed-order candidate ledger
CALL,full_j4_fixed,0xA400000000000002,19,none,directed,216,300,-,-,384,NO,1270,pass,raw fixed-order candidate ledger
CALL,full_j4_fixed,0xA400000000000002,19,none,directed,217,301,-,-,384,NO,1270,pass,raw fixed-order candidate ledger
CALL,full_j4_fixed,0xA400000000000002,19,none,directed,218,302,-,-,384,NO,1270,pass,raw fixed-order candidate ledger
CALL,full_j4_fixed,0xA400000000000002,19,none,directed,219,303,-,-,384,NO,1270,pass,raw fixed-order candidate ledger
CALL,full_j4_fixed,0xA400000000000002,19,none,directed,220,304,-,-,384,NO,1270,pass,raw fixed-order candidate ledger
CALL,full_j4_fixed,0xA400000000000002,19,none,directed,221,305,-,-,384,NO,1270,pass,raw fixed-order candidate ledger
CALL,full_j4_fixed,0xA400000000000002,19,none,directed,222,306,-,-,384,NO,1270,pass,raw fixed-order candidate ledger
CALL,full_j4_fixed,0xA400000000000002,19,none,directed,223,307,-,-,384,NO,1270,pass,raw fixed-order candidate ledger
CALL,full_j4_fixed,0xA400000000000002,19,none,directed,224,308,-,-,384,NO,1270,pass,raw fixed-order candidate ledger
CALL,full_j4_fixed,0xA400000000000002,19,none,directed,225,309,-,-,384,NO,1270,pass,raw fixed-order candidate ledger
CALL,full_j4_fixed,0xA400000000000002,19,none,directed,226,310,-,-,384,NO,1270,pass,raw fixed-order candidate ledger
CALL,full_j4_fixed,0xA400000000000002,19,none,directed,227,311,-,-,384,NO,1270,pass,raw fixed-order candidate ledger
CALL,full_j4_fixed,0xA400000000000002,19,none,directed,228,312,-,-,384,NO,1270,pass,raw fixed-order candidate ledger
CALL,full_j4_fixed,0xA400000000000002,19,none,directed,229,313,-,-,384,NO,1270,pass,raw fixed-order candidate ledger
CALL,full_j4_fixed,0xA400000000000002,19,none,directed,230,314,-,-,384,NO,1270,pass,raw fixed-order candidate ledger
CALL,full_j4_fixed,0xA400000000000002,19,none,directed,231,315,-,-,384,NO,1270,pass,raw fixed-order candidate ledger
CALL,full_j4_fixed,0xA400000000000002,19,none,directed,232,316,-,-,384,NO,1270,pass,raw fixed-order candidate ledger
CALL,full_j4_fixed,0xA400000000000002,19,none,directed,233,317,-,-,384,NO,1270,pass,raw fixed-order candidate ledger
CALL,full_j4_fixed,0xA400000000000002,19,none,directed,234,318,-,-,384,NO,1270,pass,raw fixed-order candidate ledger
CALL,full_j4_fixed,0xA400000000000002,19,none,directed,235,319,-,-,384,NO,1270,pass,raw fixed-order candidate ledger
CALL,full_j4_fixed,0xA400000000000002,19,none,directed,236,320,-,-,384,NO,1270,pass,raw fixed-order candidate ledger
CALL,full_j4_fixed,0xA400000000000002,19,none,directed,237,321,-,-,384,NO,1270,pass,raw fixed-order candidate ledger
CALL,full_j4_fixed,0xA400000000000002,19,none,directed,238,322,-,-,384,NO,1270,pass,raw fixed-order candidate ledger
CALL,full_j4_fixed,0xA400000000000002,19,none,directed,239,323,-,-,384,NO,1270,pass,raw fixed-order candidate ledger
CALL,full_j4_fixed,0xA400000000000002,19,none,directed,240,324,-,-,384,NO,1270,pass,raw fixed-order candidate ledger
CALL,full_j4_fixed,0xA400000000000002,19,none,directed,241,325,-,-,384,NO,1270,pass,raw fixed-order candidate ledger
CALL,full_j4_fixed,0xA400000000000002,19,none,directed,242,326,-,-,384,NO,1270,pass,raw fixed-order candidate ledger
CALL,full_j4_fixed,0xA400000000000002,19,none,directed,243,327,-,-,384,NO,1270,pass,raw fixed-order candidate ledger
CALL,full_j4_fixed,0xA400000000000002,19,none,directed,244,328,-,-,384,NO,1270,pass,raw fixed-order candidate ledger
CALL,full_j4_fixed,0xA400000000000002,19,none,directed,245,329,-,-,384,NO,1270,pass,raw fixed-order candidate ledger
CALL,full_j4_fixed,0xA400000000000002,19,none,directed,246,330,-,-,384,NO,1270,pass,raw fixed-order candidate ledger
CALL,full_j4_fixed,0xA400000000000002,19,none,directed,247,331,-,-,384,NO,1270,pass,raw fixed-order candidate ledger
CALL,full_j4_fixed,0xA400000000000002,19,none,directed,248,332,-,-,384,NO,1270,pass,raw fixed-order candidate ledger
CALL,full_j4_fixed,0xA400000000000002,19,none,directed,249,333,-,-,384,NO,1270,pass,raw fixed-order candidate ledger
CALL,full_j4_fixed,0xA400000000000002,19,none,directed,250,334,-,-,384,NO,1270,pass,raw fixed-order candidate ledger
CALL,full_j4_fixed,0xA400000000000002,19,none,directed,251,335,-,-,384,NO,1270,pass,raw fixed-order candidate ledger
CALL,full_j4_fixed,0xA400000000000002,19,none,directed,252,336,-,-,384,NO,1270,pass,raw fixed-order candidate ledger
CALL,full_j4_fixed,0xA400000000000002,19,none,directed,253,337,-,-,384,NO,1270,pass,raw fixed-order candidate ledger
CALL,full_j4_fixed,0xA400000000000002,19,none,directed,254,338,-,-,384,NO,1270,pass,raw fixed-order candidate ledger
CALL,full_j4_fixed,0xA400000000000002,19,none,directed,255,339,-,-,384,NO,1270,pass,raw fixed-order candidate ledger
CALL,full_j4_fixed,0xA400000000000002,19,none,directed,256,340,-,-,384,NO,1270,pass,raw fixed-order candidate ledger
CALL,full_j4_fixed,0xA400000000000002,19,none,directed,257,341,-,-,384,NO,1270,pass,raw fixed-order candidate ledger
CALL,full_j4_fixed,0xA400000000000002,19,none,directed,258,342,-,-,384,NO,1270,pass,raw fixed-order candidate ledger
CALL,full_j4_fixed,0xA400000000000002,19,none,directed,259,343,-,-,384,NO,1270,pass,raw fixed-order candidate ledger
CALL,full_j4_fixed,0xA400000000000002,19,none,directed,260,344,-,-,384,NO,1270,pass,raw fixed-order candidate ledger
CALL,full_j4_fixed,0xA400000000000002,19,none,directed,261,345,-,-,384,NO,1270,pass,raw fixed-order candidate ledger
CALL,full_j4_fixed,0xA400000000000002,19,none,directed,262,346,-,-,384,NO,1270,pass,raw fixed-order candidate ledger
CALL,full_j4_fixed,0xA400000000000002,19,none,directed,263,347,-,-,384,NO,1270,pass,raw fixed-order candidate ledger
CALL,full_j4_fixed,0xA400000000000002,19,none,directed,264,348,-,-,384,NO,1270,pass,raw fixed-order candidate ledger
CALL,full_j4_fixed,0xA400000000000002,19,none,directed,265,349,-,-,384,NO,1270,pass,raw fixed-order candidate ledger
CALL,full_j4_fixed,0xA400000000000002,19,none,directed,266,350,-,-,384,NO,1270,pass,raw fixed-order candidate ledger
CALL,full_j4_fixed,0xA400000000000002,19,none,directed,267,351,-,-,384,NO,1270,pass,raw fixed-order candidate ledger
CALL,full_j4_fixed,0xA400000000000002,19,none,directed,268,352,-,-,384,NO,1270,pass,raw fixed-order candidate ledger
CALL,full_j4_fixed,0xA400000000000002,19,none,directed,269,353,-,-,384,NO,1270,pass,raw fixed-order candidate ledger
CALL,full_j4_fixed,0xA400000000000002,19,none,directed,270,354,-,-,384,NO,1270,pass,raw fixed-order candidate ledger
CALL,full_j4_fixed,0xA400000000000002,19,none,directed,271,355,-,-,384,NO,1270,pass,raw fixed-order candidate ledger
CALL,full_j4_fixed,0xA400000000000002,19,none,directed,272,356,-,-,384,NO,1270,pass,raw fixed-order candidate ledger
CALL,full_j4_fixed,0xA400000000000002,19,none,directed,273,357,-,-,384,NO,1270,pass,raw fixed-order candidate ledger
CALL,full_j4_fixed,0xA400000000000002,19,none,directed,274,358,-,-,384,NO,1270,pass,raw fixed-order candidate ledger
CALL,full_j4_fixed,0xA400000000000002,19,none,directed,275,359,-,-,384,NO,1270,pass,raw fixed-order candidate ledger
CALL,full_j4_fixed,0xA400000000000002,19,none,directed,276,360,-,-,384,NO,1270,pass,raw fixed-order candidate ledger
CALL,full_j4_fixed,0xA400000000000002,19,none,directed,277,361,-,-,384,NO,1270,pass,raw fixed-order candidate ledger
CALL,full_j4_fixed,0xA400000000000002,19,none,directed,278,362,-,-,384,NO,1270,pass,raw fixed-order candidate ledger
CALL,full_j4_fixed,0xA400000000000002,19,none,directed,279,363,-,-,384,NO,1270,pass,raw fixed-order candidate ledger
CALL,full_j4_fixed,0xA400000000000002,19,none,directed,280,364,-,-,384,NO,1270,pass,raw fixed-order candidate ledger
CALL,full_j4_fixed,0xA400000000000002,19,none,directed,281,365,-,-,384,NO,1270,pass,raw fixed-order candidate ledger
CALL,full_j4_fixed,0xA400000000000002,19,none,directed,282,366,-,-,384,NO,1270,pass,raw fixed-order candidate ledger
CALL,full_j4_fixed,0xA400000000000002,19,none,directed,283,367,-,-,384,NO,1270,pass,raw fixed-order candidate ledger
CALL,full_j4_fixed,0xA400000000000002,19,none,directed,284,368,-,-,384,NO,1270,pass,raw fixed-order candidate ledger
CALL,full_j4_fixed,0xA400000000000002,19,none,directed,285,369,-,-,384,NO,1270,pass,raw fixed-order candidate ledger
CALL,full_j4_fixed,0xA400000000000002,19,none,directed,286,370,-,-,384,NO,1270,pass,raw fixed-order candidate ledger
CALL,full_j4_fixed,0xA400000000000002,19,none,directed,287,371,-,-,384,NO,1270,pass,raw fixed-order candidate ledger
CALL,full_j4_fixed,0xA400000000000002,19,none,directed,288,372,-,-,384,NO,1270,pass,raw fixed-order candidate ledger
CALL,full_j4_fixed,0xA400000000000002,19,none,directed,289,373,-,-,384,NO,1270,pass,raw fixed-order candidate ledger
CALL,full_j4_fixed,0xA400000000000002,19,none,directed,290,374,-,-,384,NO,1270,pass,raw fixed-order candidate ledger
CALL,full_j4_fixed,0xA400000000000002,19,none,directed,291,375,-,-,384,NO,1270,pass,raw fixed-order candidate ledger
CALL,full_j4_fixed,0xA400000000000002,19,none,directed,292,376,-,-,384,NO,1270,pass,raw fixed-order candidate ledger
CALL,full_j4_fixed,0xA400000000000002,19,none,directed,293,377,-,-,384,NO,1270,pass,raw fixed-order candidate ledger
CALL,full_j4_fixed,0xA400000000000002,19,none,directed,294,378,-,-,384,NO,1270,pass,raw fixed-order candidate ledger
CALL,full_j4_fixed,0xA400000000000002,19,none,directed,295,379,-,-,384,NO,1270,pass,raw fixed-order candidate ledger
CALL,full_j4_fixed,0xA400000000000002,19,none,directed,296,380,-,-,384,NO,1270,pass,raw fixed-order candidate ledger
CALL,full_j4_fixed,0xA400000000000002,19,none,directed,297,381,-,-,384,NO,1270,pass,raw fixed-order candidate ledger
CALL,full_j4_fixed,0xA400000000000002,19,none,directed,298,382,-,-,384,NO,1270,pass,raw fixed-order candidate ledger
CALL,full_j4_fixed,0xA400000000000002,19,none,directed,299,383,-,-,384,NO,1270,pass,raw fixed-order candidate ledger
CALL,full_j4_fixed,0xA400000000000002,19,none,directed,300,384,-,-,384,NO,1270,pass,raw fixed-order candidate ledger
ABLATION,full_j4_fixed,0xA400000000000002,19,none,-,-,-,-,-,384,YES,1270,pass,predeclared bank ablation
ABLATION,no_global,0xA400000000000002,19,none,-,-,-,-,-,354,YES,1270,pass,predeclared bank ablation
ABLATION,no_singleton,0xA400000000000002,19,none,-,-,-,-,-,336,YES,1270,pass,predeclared bank ablation
ABLATION,no_none,0xA400000000000002,19,none,-,-,-,-,-,379,NO,1270,pass,predeclared bank ablation
ABLATION,no_directed,0xA400000000000002,19,none,-,-,-,-,-,83,YES,1270,pass,predeclared bank ablation
ABLATION,directed_100,0xA400000000000002,19,none,-,-,-,-,-,183,YES,1270,pass,predeclared bank ablation
ABLATION,directed_200,0xA400000000000002,19,none,-,-,-,-,-,283,YES,1270,pass,predeclared bank ablation
ABLATION,small_banks_only,0xA400000000000002,19,none,-,-,-,-,-,83,YES,1270,pass,predeclared bank ablation
ABLATION,derived_minimal_prefix,0xA400000000000002,19,none,-,-,-,-,-,127,YES,1270,pass,predeclared bank ablation
CALL,full_j4_fixed,0xA400000000000003,4,global,global,0,1,-,-,384,NO,1270,pass,raw fixed-order candidate ledger
CALL,full_j4_fixed,0xA400000000000003,4,global,global,1,2,-,-,384,NO,1270,pass,raw fixed-order candidate ledger
CALL,full_j4_fixed,0xA400000000000003,4,global,global,2,3,-,-,384,NO,1270,pass,raw fixed-order candidate ledger
CALL,full_j4_fixed,0xA400000000000003,4,global,global,3,4,-,-,384,NO,1270,pass,raw fixed-order candidate ledger
CALL,full_j4_fixed,0xA400000000000003,4,global,global,4,5,-,-,384,YES,1270,pass,raw fixed-order candidate ledger
CALL,full_j4_fixed,0xA400000000000003,4,global,global,5,6,-,-,384,NO,1270,pass,raw fixed-order candidate ledger
CALL,full_j4_fixed,0xA400000000000003,4,global,global,6,7,-,-,384,NO,1270,pass,raw fixed-order candidate ledger
CALL,full_j4_fixed,0xA400000000000003,4,global,global,7,8,-,-,384,NO,1270,pass,raw fixed-order candidate ledger
CALL,full_j4_fixed,0xA400000000000003,4,global,global,8,9,-,-,384,NO,1270,pass,raw fixed-order candidate ledger
CALL,full_j4_fixed,0xA400000000000003,4,global,global,9,10,-,-,384,NO,1270,pass,raw fixed-order candidate ledger
CALL,full_j4_fixed,0xA400000000000003,4,global,global,10,11,-,-,384,NO,1270,pass,raw fixed-order candidate ledger
CALL,full_j4_fixed,0xA400000000000003,4,global,global,11,12,-,-,384,NO,1270,pass,raw fixed-order candidate ledger
CALL,full_j4_fixed,0xA400000000000003,4,global,global,12,13,-,-,384,NO,1270,pass,raw fixed-order candidate ledger
CALL,full_j4_fixed,0xA400000000000003,4,global,global,13,14,-,-,384,NO,1270,pass,raw fixed-order candidate ledger
CALL,full_j4_fixed,0xA400000000000003,4,global,global,14,15,-,-,384,NO,1270,pass,raw fixed-order candidate ledger
CALL,full_j4_fixed,0xA400000000000003,4,global,global,15,16,-,-,384,NO,1270,pass,raw fixed-order candidate ledger
CALL,full_j4_fixed,0xA400000000000003,4,global,global,16,17,-,-,384,NO,1270,pass,raw fixed-order candidate ledger
CALL,full_j4_fixed,0xA400000000000003,4,global,global,17,18,-,-,384,NO,1270,pass,raw fixed-order candidate ledger
CALL,full_j4_fixed,0xA400000000000003,4,global,global,18,19,-,-,384,NO,1270,pass,raw fixed-order candidate ledger
CALL,full_j4_fixed,0xA400000000000003,4,global,global,19,20,-,-,384,NO,1270,pass,raw fixed-order candidate ledger
CALL,full_j4_fixed,0xA400000000000003,4,global,global,20,21,-,-,384,NO,1270,pass,raw fixed-order candidate ledger
CALL,full_j4_fixed,0xA400000000000003,4,global,global,21,22,-,-,384,NO,1270,pass,raw fixed-order candidate ledger
CALL,full_j4_fixed,0xA400000000000003,4,global,global,22,23,-,-,384,NO,1270,pass,raw fixed-order candidate ledger
CALL,full_j4_fixed,0xA400000000000003,4,global,global,23,24,-,-,384,NO,1270,pass,raw fixed-order candidate ledger
CALL,full_j4_fixed,0xA400000000000003,4,global,global,24,25,-,-,384,NO,1270,pass,raw fixed-order candidate ledger
CALL,full_j4_fixed,0xA400000000000003,4,global,global,25,26,-,-,384,NO,1270,pass,raw fixed-order candidate ledger
CALL,full_j4_fixed,0xA400000000000003,4,global,global,26,27,-,-,384,NO,1270,pass,raw fixed-order candidate ledger
CALL,full_j4_fixed,0xA400000000000003,4,global,global,27,28,-,-,384,NO,1270,pass,raw fixed-order candidate ledger
CALL,full_j4_fixed,0xA400000000000003,4,global,global,28,29,-,-,384,NO,1270,pass,raw fixed-order candidate ledger
CALL,full_j4_fixed,0xA400000000000003,4,global,global,29,30,-,-,384,NO,1270,pass,raw fixed-order candidate ledger
ATTRIBUTION,full_j4_fixed,0xA400000000000003,4,global,global,4,- ,5,5,384,YES,1270,pass,first exact inside J4 frozen bank order
CALL,full_j4_fixed,0xA400000000000003,4,global,singleton,0,31,-,-,384,NO,1270,pass,raw fixed-order candidate ledger
CALL,full_j4_fixed,0xA400000000000003,4,global,singleton,1,32,-,-,384,NO,1270,pass,raw fixed-order candidate ledger
CALL,full_j4_fixed,0xA400000000000003,4,global,singleton,2,33,-,-,384,NO,1270,pass,raw fixed-order candidate ledger
CALL,full_j4_fixed,0xA400000000000003,4,global,singleton,3,34,-,-,384,NO,1270,pass,raw fixed-order candidate ledger
CALL,full_j4_fixed,0xA400000000000003,4,global,singleton,4,35,-,-,384,NO,1270,pass,raw fixed-order candidate ledger
CALL,full_j4_fixed,0xA400000000000003,4,global,singleton,5,36,-,-,384,NO,1270,pass,raw fixed-order candidate ledger
CALL,full_j4_fixed,0xA400000000000003,4,global,singleton,6,37,-,-,384,NO,1270,pass,raw fixed-order candidate ledger
CALL,full_j4_fixed,0xA400000000000003,4,global,singleton,7,38,-,-,384,NO,1270,pass,raw fixed-order candidate ledger
CALL,full_j4_fixed,0xA400000000000003,4,global,singleton,8,39,-,-,384,NO,1270,pass,raw fixed-order candidate ledger
CALL,full_j4_fixed,0xA400000000000003,4,global,singleton,9,40,-,-,384,NO,1270,pass,raw fixed-order candidate ledger
CALL,full_j4_fixed,0xA400000000000003,4,global,singleton,10,41,-,-,384,NO,1270,pass,raw fixed-order candidate ledger
CALL,full_j4_fixed,0xA400000000000003,4,global,singleton,11,42,-,-,384,NO,1270,pass,raw fixed-order candidate ledger
CALL,full_j4_fixed,0xA400000000000003,4,global,singleton,12,43,-,-,384,NO,1270,pass,raw fixed-order candidate ledger
CALL,full_j4_fixed,0xA400000000000003,4,global,singleton,13,44,-,-,384,NO,1270,pass,raw fixed-order candidate ledger
CALL,full_j4_fixed,0xA400000000000003,4,global,singleton,14,45,-,-,384,NO,1270,pass,raw fixed-order candidate ledger
CALL,full_j4_fixed,0xA400000000000003,4,global,singleton,15,46,-,-,384,NO,1270,pass,raw fixed-order candidate ledger
CALL,full_j4_fixed,0xA400000000000003,4,global,singleton,16,47,-,-,384,NO,1270,pass,raw fixed-order candidate ledger
CALL,full_j4_fixed,0xA400000000000003,4,global,singleton,17,48,-,-,384,NO,1270,pass,raw fixed-order candidate ledger
CALL,full_j4_fixed,0xA400000000000003,4,global,singleton,18,49,-,-,384,NO,1270,pass,raw fixed-order candidate ledger
CALL,full_j4_fixed,0xA400000000000003,4,global,singleton,19,50,-,-,384,NO,1270,pass,raw fixed-order candidate ledger
CALL,full_j4_fixed,0xA400000000000003,4,global,singleton,20,51,-,-,384,NO,1270,pass,raw fixed-order candidate ledger
CALL,full_j4_fixed,0xA400000000000003,4,global,singleton,21,52,-,-,384,NO,1270,pass,raw fixed-order candidate ledger
CALL,full_j4_fixed,0xA400000000000003,4,global,singleton,22,53,-,-,384,NO,1270,pass,raw fixed-order candidate ledger
CALL,full_j4_fixed,0xA400000000000003,4,global,singleton,23,54,-,-,384,NO,1270,pass,raw fixed-order candidate ledger
CALL,full_j4_fixed,0xA400000000000003,4,global,singleton,24,55,-,-,384,NO,1270,pass,raw fixed-order candidate ledger
CALL,full_j4_fixed,0xA400000000000003,4,global,singleton,25,56,-,-,384,NO,1270,pass,raw fixed-order candidate ledger
CALL,full_j4_fixed,0xA400000000000003,4,global,singleton,26,57,-,-,384,NO,1270,pass,raw fixed-order candidate ledger
CALL,full_j4_fixed,0xA400000000000003,4,global,singleton,27,58,-,-,384,NO,1270,pass,raw fixed-order candidate ledger
CALL,full_j4_fixed,0xA400000000000003,4,global,singleton,28,59,-,-,384,NO,1270,pass,raw fixed-order candidate ledger
CALL,full_j4_fixed,0xA400000000000003,4,global,singleton,29,60,-,-,384,NO,1270,pass,raw fixed-order candidate ledger
CALL,full_j4_fixed,0xA400000000000003,4,global,singleton,30,61,-,-,384,NO,1270,pass,raw fixed-order candidate ledger
CALL,full_j4_fixed,0xA400000000000003,4,global,singleton,31,62,-,-,384,NO,1270,pass,raw fixed-order candidate ledger
CALL,full_j4_fixed,0xA400000000000003,4,global,singleton,32,63,-,-,384,NO,1270,pass,raw fixed-order candidate ledger
CALL,full_j4_fixed,0xA400000000000003,4,global,singleton,33,64,-,-,384,NO,1270,pass,raw fixed-order candidate ledger
CALL,full_j4_fixed,0xA400000000000003,4,global,singleton,34,65,-,-,384,NO,1270,pass,raw fixed-order candidate ledger
CALL,full_j4_fixed,0xA400000000000003,4,global,singleton,35,66,-,-,384,NO,1270,pass,raw fixed-order candidate ledger
CALL,full_j4_fixed,0xA400000000000003,4,global,singleton,36,67,-,-,384,NO,1270,pass,raw fixed-order candidate ledger
CALL,full_j4_fixed,0xA400000000000003,4,global,singleton,37,68,-,-,384,NO,1270,pass,raw fixed-order candidate ledger
CALL,full_j4_fixed,0xA400000000000003,4,global,singleton,38,69,-,-,384,NO,1270,pass,raw fixed-order candidate ledger
CALL,full_j4_fixed,0xA400000000000003,4,global,singleton,39,70,-,-,384,NO,1270,pass,raw fixed-order candidate ledger
CALL,full_j4_fixed,0xA400000000000003,4,global,singleton,40,71,-,-,384,NO,1270,pass,raw fixed-order candidate ledger
CALL,full_j4_fixed,0xA400000000000003,4,global,singleton,41,72,-,-,384,NO,1270,pass,raw fixed-order candidate ledger
CALL,full_j4_fixed,0xA400000000000003,4,global,singleton,42,73,-,-,384,NO,1270,pass,raw fixed-order candidate ledger
CALL,full_j4_fixed,0xA400000000000003,4,global,singleton,43,74,-,-,384,NO,1270,pass,raw fixed-order candidate ledger
CALL,full_j4_fixed,0xA400000000000003,4,global,singleton,44,75,-,-,384,NO,1270,pass,raw fixed-order candidate ledger
CALL,full_j4_fixed,0xA400000000000003,4,global,singleton,45,76,-,-,384,NO,1270,pass,raw fixed-order candidate ledger
CALL,full_j4_fixed,0xA400000000000003,4,global,singleton,46,77,-,-,384,NO,1270,pass,raw fixed-order candidate ledger
CALL,full_j4_fixed,0xA400000000000003,4,global,singleton,47,78,-,-,384,NO,1270,pass,raw fixed-order candidate ledger
CALL,full_j4_fixed,0xA400000000000003,4,global,none,0,79,-,-,384,NO,1270,pass,raw fixed-order candidate ledger
CALL,full_j4_fixed,0xA400000000000003,4,global,none,1,80,-,-,384,NO,1270,pass,raw fixed-order candidate ledger
CALL,full_j4_fixed,0xA400000000000003,4,global,none,2,81,-,-,384,NO,1270,pass,raw fixed-order candidate ledger
CALL,full_j4_fixed,0xA400000000000003,4,global,none,3,82,-,-,384,NO,1270,pass,raw fixed-order candidate ledger
CALL,full_j4_fixed,0xA400000000000003,4,global,none,4,83,-,-,384,NO,1270,pass,raw fixed-order candidate ledger
CALL,full_j4_fixed,0xA400000000000003,4,global,directed,0,84,-,-,384,NO,1270,pass,raw fixed-order candidate ledger
CALL,full_j4_fixed,0xA400000000000003,4,global,directed,1,85,-,-,384,NO,1270,pass,raw fixed-order candidate ledger
CALL,full_j4_fixed,0xA400000000000003,4,global,directed,2,86,-,-,384,NO,1270,pass,raw fixed-order candidate ledger
CALL,full_j4_fixed,0xA400000000000003,4,global,directed,3,87,-,-,384,NO,1270,pass,raw fixed-order candidate ledger
CALL,full_j4_fixed,0xA400000000000003,4,global,directed,4,88,-,-,384,NO,1270,pass,raw fixed-order candidate ledger
CALL,full_j4_fixed,0xA400000000000003,4,global,directed,5,89,-,-,384,NO,1270,pass,raw fixed-order candidate ledger
CALL,full_j4_fixed,0xA400000000000003,4,global,directed,6,90,-,-,384,NO,1270,pass,raw fixed-order candidate ledger
CALL,full_j4_fixed,0xA400000000000003,4,global,directed,7,91,-,-,384,NO,1270,pass,raw fixed-order candidate ledger
CALL,full_j4_fixed,0xA400000000000003,4,global,directed,8,92,-,-,384,NO,1270,pass,raw fixed-order candidate ledger
CALL,full_j4_fixed,0xA400000000000003,4,global,directed,9,93,-,-,384,NO,1270,pass,raw fixed-order candidate ledger
CALL,full_j4_fixed,0xA400000000000003,4,global,directed,10,94,-,-,384,NO,1270,pass,raw fixed-order candidate ledger
CALL,full_j4_fixed,0xA400000000000003,4,global,directed,11,95,-,-,384,NO,1270,pass,raw fixed-order candidate ledger
CALL,full_j4_fixed,0xA400000000000003,4,global,directed,12,96,-,-,384,NO,1270,pass,raw fixed-order candidate ledger
CALL,full_j4_fixed,0xA400000000000003,4,global,directed,13,97,-,-,384,NO,1270,pass,raw fixed-order candidate ledger
CALL,full_j4_fixed,0xA400000000000003,4,global,directed,14,98,-,-,384,NO,1270,pass,raw fixed-order candidate ledger
CALL,full_j4_fixed,0xA400000000000003,4,global,directed,15,99,-,-,384,NO,1270,pass,raw fixed-order candidate ledger
CALL,full_j4_fixed,0xA400000000000003,4,global,directed,16,100,-,-,384,NO,1270,pass,raw fixed-order candidate ledger
CALL,full_j4_fixed,0xA400000000000003,4,global,directed,17,101,-,-,384,NO,1270,pass,raw fixed-order candidate ledger
CALL,full_j4_fixed,0xA400000000000003,4,global,directed,18,102,-,-,384,NO,1270,pass,raw fixed-order candidate ledger
CALL,full_j4_fixed,0xA400000000000003,4,global,directed,19,103,-,-,384,NO,1270,pass,raw fixed-order candidate ledger
CALL,full_j4_fixed,0xA400000000000003,4,global,directed,20,104,-,-,384,NO,1270,pass,raw fixed-order candidate ledger
CALL,full_j4_fixed,0xA400000000000003,4,global,directed,21,105,-,-,384,NO,1270,pass,raw fixed-order candidate ledger
CALL,full_j4_fixed,0xA400000000000003,4,global,directed,22,106,-,-,384,NO,1270,pass,raw fixed-order candidate ledger
CALL,full_j4_fixed,0xA400000000000003,4,global,directed,23,107,-,-,384,NO,1270,pass,raw fixed-order candidate ledger
CALL,full_j4_fixed,0xA400000000000003,4,global,directed,24,108,-,-,384,NO,1270,pass,raw fixed-order candidate ledger
CALL,full_j4_fixed,0xA400000000000003,4,global,directed,25,109,-,-,384,NO,1270,pass,raw fixed-order candidate ledger
CALL,full_j4_fixed,0xA400000000000003,4,global,directed,26,110,-,-,384,NO,1270,pass,raw fixed-order candidate ledger
CALL,full_j4_fixed,0xA400000000000003,4,global,directed,27,111,-,-,384,NO,1270,pass,raw fixed-order candidate ledger
CALL,full_j4_fixed,0xA400000000000003,4,global,directed,28,112,-,-,384,NO,1270,pass,raw fixed-order candidate ledger
CALL,full_j4_fixed,0xA400000000000003,4,global,directed,29,113,-,-,384,NO,1270,pass,raw fixed-order candidate ledger
CALL,full_j4_fixed,0xA400000000000003,4,global,directed,30,114,-,-,384,NO,1270,pass,raw fixed-order candidate ledger
CALL,full_j4_fixed,0xA400000000000003,4,global,directed,31,115,-,-,384,NO,1270,pass,raw fixed-order candidate ledger
CALL,full_j4_fixed,0xA400000000000003,4,global,directed,32,116,-,-,384,NO,1270,pass,raw fixed-order candidate ledger
CALL,full_j4_fixed,0xA400000000000003,4,global,directed,33,117,-,-,384,NO,1270,pass,raw fixed-order candidate ledger
CALL,full_j4_fixed,0xA400000000000003,4,global,directed,34,118,-,-,384,NO,1270,pass,raw fixed-order candidate ledger
CALL,full_j4_fixed,0xA400000000000003,4,global,directed,35,119,-,-,384,NO,1270,pass,raw fixed-order candidate ledger
CALL,full_j4_fixed,0xA400000000000003,4,global,directed,36,120,-,-,384,NO,1270,pass,raw fixed-order candidate ledger
CALL,full_j4_fixed,0xA400000000000003,4,global,directed,37,121,-,-,384,NO,1270,pass,raw fixed-order candidate ledger
CALL,full_j4_fixed,0xA400000000000003,4,global,directed,38,122,-,-,384,NO,1270,pass,raw fixed-order candidate ledger
CALL,full_j4_fixed,0xA400000000000003,4,global,directed,39,123,-,-,384,NO,1270,pass,raw fixed-order candidate ledger
CALL,full_j4_fixed,0xA400000000000003,4,global,directed,40,124,-,-,384,NO,1270,pass,raw fixed-order candidate ledger
CALL,full_j4_fixed,0xA400000000000003,4,global,directed,41,125,-,-,384,NO,1270,pass,raw fixed-order candidate ledger
CALL,full_j4_fixed,0xA400000000000003,4,global,directed,42,126,-,-,384,NO,1270,pass,raw fixed-order candidate ledger
CALL,full_j4_fixed,0xA400000000000003,4,global,directed,43,127,-,-,384,NO,1270,pass,raw fixed-order candidate ledger
CALL,full_j4_fixed,0xA400000000000003,4,global,directed,44,128,-,-,384,NO,1270,pass,raw fixed-order candidate ledger
CALL,full_j4_fixed,0xA400000000000003,4,global,directed,45,129,-,-,384,NO,1270,pass,raw fixed-order candidate ledger
CALL,full_j4_fixed,0xA400000000000003,4,global,directed,46,130,-,-,384,NO,1270,pass,raw fixed-order candidate ledger
CALL,full_j4_fixed,0xA400000000000003,4,global,directed,47,131,-,-,384,NO,1270,pass,raw fixed-order candidate ledger
CALL,full_j4_fixed,0xA400000000000003,4,global,directed,48,132,-,-,384,NO,1270,pass,raw fixed-order candidate ledger
CALL,full_j4_fixed,0xA400000000000003,4,global,directed,49,133,-,-,384,NO,1270,pass,raw fixed-order candidate ledger
CALL,full_j4_fixed,0xA400000000000003,4,global,directed,50,134,-,-,384,NO,1270,pass,raw fixed-order candidate ledger
CALL,full_j4_fixed,0xA400000000000003,4,global,directed,51,135,-,-,384,NO,1270,pass,raw fixed-order candidate ledger
CALL,full_j4_fixed,0xA400000000000003,4,global,directed,52,136,-,-,384,NO,1270,pass,raw fixed-order candidate ledger
CALL,full_j4_fixed,0xA400000000000003,4,global,directed,53,137,-,-,384,NO,1270,pass,raw fixed-order candidate ledger
CALL,full_j4_fixed,0xA400000000000003,4,global,directed,54,138,-,-,384,NO,1270,pass,raw fixed-order candidate ledger
CALL,full_j4_fixed,0xA400000000000003,4,global,directed,55,139,-,-,384,NO,1270,pass,raw fixed-order candidate ledger
CALL,full_j4_fixed,0xA400000000000003,4,global,directed,56,140,-,-,384,NO,1270,pass,raw fixed-order candidate ledger
CALL,full_j4_fixed,0xA400000000000003,4,global,directed,57,141,-,-,384,NO,1270,pass,raw fixed-order candidate ledger
CALL,full_j4_fixed,0xA400000000000003,4,global,directed,58,142,-,-,384,NO,1270,pass,raw fixed-order candidate ledger
CALL,full_j4_fixed,0xA400000000000003,4,global,directed,59,143,-,-,384,NO,1270,pass,raw fixed-order candidate ledger
CALL,full_j4_fixed,0xA400000000000003,4,global,directed,60,144,-,-,384,NO,1270,pass,raw fixed-order candidate ledger
CALL,full_j4_fixed,0xA400000000000003,4,global,directed,61,145,-,-,384,NO,1270,pass,raw fixed-order candidate ledger
CALL,full_j4_fixed,0xA400000000000003,4,global,directed,62,146,-,-,384,NO,1270,pass,raw fixed-order candidate ledger
CALL,full_j4_fixed,0xA400000000000003,4,global,directed,63,147,-,-,384,NO,1270,pass,raw fixed-order candidate ledger
CALL,full_j4_fixed,0xA400000000000003,4,global,directed,64,148,-,-,384,NO,1270,pass,raw fixed-order candidate ledger
CALL,full_j4_fixed,0xA400000000000003,4,global,directed,65,149,-,-,384,NO,1270,pass,raw fixed-order candidate ledger
CALL,full_j4_fixed,0xA400000000000003,4,global,directed,66,150,-,-,384,NO,1270,pass,raw fixed-order candidate ledger
CALL,full_j4_fixed,0xA400000000000003,4,global,directed,67,151,-,-,384,NO,1270,pass,raw fixed-order candidate ledger
CALL,full_j4_fixed,0xA400000000000003,4,global,directed,68,152,-,-,384,NO,1270,pass,raw fixed-order candidate ledger
CALL,full_j4_fixed,0xA400000000000003,4,global,directed,69,153,-,-,384,NO,1270,pass,raw fixed-order candidate ledger
CALL,full_j4_fixed,0xA400000000000003,4,global,directed,70,154,-,-,384,NO,1270,pass,raw fixed-order candidate ledger
CALL,full_j4_fixed,0xA400000000000003,4,global,directed,71,155,-,-,384,NO,1270,pass,raw fixed-order candidate ledger
CALL,full_j4_fixed,0xA400000000000003,4,global,directed,72,156,-,-,384,NO,1270,pass,raw fixed-order candidate ledger
CALL,full_j4_fixed,0xA400000000000003,4,global,directed,73,157,-,-,384,NO,1270,pass,raw fixed-order candidate ledger
CALL,full_j4_fixed,0xA400000000000003,4,global,directed,74,158,-,-,384,NO,1270,pass,raw fixed-order candidate ledger
CALL,full_j4_fixed,0xA400000000000003,4,global,directed,75,159,-,-,384,NO,1270,pass,raw fixed-order candidate ledger
CALL,full_j4_fixed,0xA400000000000003,4,global,directed,76,160,-,-,384,NO,1270,pass,raw fixed-order candidate ledger
CALL,full_j4_fixed,0xA400000000000003,4,global,directed,77,161,-,-,384,NO,1270,pass,raw fixed-order candidate ledger
CALL,full_j4_fixed,0xA400000000000003,4,global,directed,78,162,-,-,384,NO,1270,pass,raw fixed-order candidate ledger
CALL,full_j4_fixed,0xA400000000000003,4,global,directed,79,163,-,-,384,NO,1270,pass,raw fixed-order candidate ledger
CALL,full_j4_fixed,0xA400000000000003,4,global,directed,80,164,-,-,384,NO,1270,pass,raw fixed-order candidate ledger
CALL,full_j4_fixed,0xA400000000000003,4,global,directed,81,165,-,-,384,NO,1270,pass,raw fixed-order candidate ledger
CALL,full_j4_fixed,0xA400000000000003,4,global,directed,82,166,-,-,384,NO,1270,pass,raw fixed-order candidate ledger
CALL,full_j4_fixed,0xA400000000000003,4,global,directed,83,167,-,-,384,NO,1270,pass,raw fixed-order candidate ledger
CALL,full_j4_fixed,0xA400000000000003,4,global,directed,84,168,-,-,384,NO,1270,pass,raw fixed-order candidate ledger
CALL,full_j4_fixed,0xA400000000000003,4,global,directed,85,169,-,-,384,NO,1270,pass,raw fixed-order candidate ledger
CALL,full_j4_fixed,0xA400000000000003,4,global,directed,86,170,-,-,384,NO,1270,pass,raw fixed-order candidate ledger
CALL,full_j4_fixed,0xA400000000000003,4,global,directed,87,171,-,-,384,NO,1270,pass,raw fixed-order candidate ledger
CALL,full_j4_fixed,0xA400000000000003,4,global,directed,88,172,-,-,384,NO,1270,pass,raw fixed-order candidate ledger
CALL,full_j4_fixed,0xA400000000000003,4,global,directed,89,173,-,-,384,NO,1270,pass,raw fixed-order candidate ledger
CALL,full_j4_fixed,0xA400000000000003,4,global,directed,90,174,-,-,384,NO,1270,pass,raw fixed-order candidate ledger
CALL,full_j4_fixed,0xA400000000000003,4,global,directed,91,175,-,-,384,NO,1270,pass,raw fixed-order candidate ledger
CALL,full_j4_fixed,0xA400000000000003,4,global,directed,92,176,-,-,384,NO,1270,pass,raw fixed-order candidate ledger
CALL,full_j4_fixed,0xA400000000000003,4,global,directed,93,177,-,-,384,NO,1270,pass,raw fixed-order candidate ledger
CALL,full_j4_fixed,0xA400000000000003,4,global,directed,94,178,-,-,384,NO,1270,pass,raw fixed-order candidate ledger
CALL,full_j4_fixed,0xA400000000000003,4,global,directed,95,179,-,-,384,NO,1270,pass,raw fixed-order candidate ledger
CALL,full_j4_fixed,0xA400000000000003,4,global,directed,96,180,-,-,384,NO,1270,pass,raw fixed-order candidate ledger
CALL,full_j4_fixed,0xA400000000000003,4,global,directed,97,181,-,-,384,NO,1270,pass,raw fixed-order candidate ledger
CALL,full_j4_fixed,0xA400000000000003,4,global,directed,98,182,-,-,384,NO,1270,pass,raw fixed-order candidate ledger
CALL,full_j4_fixed,0xA400000000000003,4,global,directed,99,183,-,-,384,NO,1270,pass,raw fixed-order candidate ledger
CALL,full_j4_fixed,0xA400000000000003,4,global,directed,100,184,-,-,384,NO,1270,pass,raw fixed-order candidate ledger
CALL,full_j4_fixed,0xA400000000000003,4,global,directed,101,185,-,-,384,NO,1270,pass,raw fixed-order candidate ledger
CALL,full_j4_fixed,0xA400000000000003,4,global,directed,102,186,-,-,384,NO,1270,pass,raw fixed-order candidate ledger
CALL,full_j4_fixed,0xA400000000000003,4,global,directed,103,187,-,-,384,NO,1270,pass,raw fixed-order candidate ledger
CALL,full_j4_fixed,0xA400000000000003,4,global,directed,104,188,-,-,384,NO,1270,pass,raw fixed-order candidate ledger
CALL,full_j4_fixed,0xA400000000000003,4,global,directed,105,189,-,-,384,NO,1270,pass,raw fixed-order candidate ledger
CALL,full_j4_fixed,0xA400000000000003,4,global,directed,106,190,-,-,384,NO,1270,pass,raw fixed-order candidate ledger
CALL,full_j4_fixed,0xA400000000000003,4,global,directed,107,191,-,-,384,NO,1270,pass,raw fixed-order candidate ledger
CALL,full_j4_fixed,0xA400000000000003,4,global,directed,108,192,-,-,384,NO,1270,pass,raw fixed-order candidate ledger
CALL,full_j4_fixed,0xA400000000000003,4,global,directed,109,193,-,-,384,NO,1270,pass,raw fixed-order candidate ledger
CALL,full_j4_fixed,0xA400000000000003,4,global,directed,110,194,-,-,384,NO,1270,pass,raw fixed-order candidate ledger
CALL,full_j4_fixed,0xA400000000000003,4,global,directed,111,195,-,-,384,NO,1270,pass,raw fixed-order candidate ledger
CALL,full_j4_fixed,0xA400000000000003,4,global,directed,112,196,-,-,384,NO,1270,pass,raw fixed-order candidate ledger
CALL,full_j4_fixed,0xA400000000000003,4,global,directed,113,197,-,-,384,NO,1270,pass,raw fixed-order candidate ledger
CALL,full_j4_fixed,0xA400000000000003,4,global,directed,114,198,-,-,384,NO,1270,pass,raw fixed-order candidate ledger
CALL,full_j4_fixed,0xA400000000000003,4,global,directed,115,199,-,-,384,NO,1270,pass,raw fixed-order candidate ledger
CALL,full_j4_fixed,0xA400000000000003,4,global,directed,116,200,-,-,384,NO,1270,pass,raw fixed-order candidate ledger
CALL,full_j4_fixed,0xA400000000000003,4,global,directed,117,201,-,-,384,NO,1270,pass,raw fixed-order candidate ledger
CALL,full_j4_fixed,0xA400000000000003,4,global,directed,118,202,-,-,384,NO,1270,pass,raw fixed-order candidate ledger
CALL,full_j4_fixed,0xA400000000000003,4,global,directed,119,203,-,-,384,NO,1270,pass,raw fixed-order candidate ledger
CALL,full_j4_fixed,0xA400000000000003,4,global,directed,120,204,-,-,384,NO,1270,pass,raw fixed-order candidate ledger
CALL,full_j4_fixed,0xA400000000000003,4,global,directed,121,205,-,-,384,NO,1270,pass,raw fixed-order candidate ledger
CALL,full_j4_fixed,0xA400000000000003,4,global,directed,122,206,-,-,384,NO,1270,pass,raw fixed-order candidate ledger
CALL,full_j4_fixed,0xA400000000000003,4,global,directed,123,207,-,-,384,NO,1270,pass,raw fixed-order candidate ledger
CALL,full_j4_fixed,0xA400000000000003,4,global,directed,124,208,-,-,384,NO,1270,pass,raw fixed-order candidate ledger
CALL,full_j4_fixed,0xA400000000000003,4,global,directed,125,209,-,-,384,NO,1270,pass,raw fixed-order candidate ledger
CALL,full_j4_fixed,0xA400000000000003,4,global,directed,126,210,-,-,384,NO,1270,pass,raw fixed-order candidate ledger
CALL,full_j4_fixed,0xA400000000000003,4,global,directed,127,211,-,-,384,NO,1270,pass,raw fixed-order candidate ledger
CALL,full_j4_fixed,0xA400000000000003,4,global,directed,128,212,-,-,384,NO,1270,pass,raw fixed-order candidate ledger
CALL,full_j4_fixed,0xA400000000000003,4,global,directed,129,213,-,-,384,NO,1270,pass,raw fixed-order candidate ledger
CALL,full_j4_fixed,0xA400000000000003,4,global,directed,130,214,-,-,384,NO,1270,pass,raw fixed-order candidate ledger
CALL,full_j4_fixed,0xA400000000000003,4,global,directed,131,215,-,-,384,NO,1270,pass,raw fixed-order candidate ledger
CALL,full_j4_fixed,0xA400000000000003,4,global,directed,132,216,-,-,384,NO,1270,pass,raw fixed-order candidate ledger
CALL,full_j4_fixed,0xA400000000000003,4,global,directed,133,217,-,-,384,NO,1270,pass,raw fixed-order candidate ledger
CALL,full_j4_fixed,0xA400000000000003,4,global,directed,134,218,-,-,384,NO,1270,pass,raw fixed-order candidate ledger
CALL,full_j4_fixed,0xA400000000000003,4,global,directed,135,219,-,-,384,NO,1270,pass,raw fixed-order candidate ledger
CALL,full_j4_fixed,0xA400000000000003,4,global,directed,136,220,-,-,384,NO,1270,pass,raw fixed-order candidate ledger
CALL,full_j4_fixed,0xA400000000000003,4,global,directed,137,221,-,-,384,NO,1270,pass,raw fixed-order candidate ledger
CALL,full_j4_fixed,0xA400000000000003,4,global,directed,138,222,-,-,384,NO,1270,pass,raw fixed-order candidate ledger
CALL,full_j4_fixed,0xA400000000000003,4,global,directed,139,223,-,-,384,NO,1270,pass,raw fixed-order candidate ledger
CALL,full_j4_fixed,0xA400000000000003,4,global,directed,140,224,-,-,384,NO,1270,pass,raw fixed-order candidate ledger
CALL,full_j4_fixed,0xA400000000000003,4,global,directed,141,225,-,-,384,NO,1270,pass,raw fixed-order candidate ledger
CALL,full_j4_fixed,0xA400000000000003,4,global,directed,142,226,-,-,384,NO,1270,pass,raw fixed-order candidate ledger
CALL,full_j4_fixed,0xA400000000000003,4,global,directed,143,227,-,-,384,NO,1270,pass,raw fixed-order candidate ledger
CALL,full_j4_fixed,0xA400000000000003,4,global,directed,144,228,-,-,384,NO,1270,pass,raw fixed-order candidate ledger
CALL,full_j4_fixed,0xA400000000000003,4,global,directed,145,229,-,-,384,NO,1270,pass,raw fixed-order candidate ledger
CALL,full_j4_fixed,0xA400000000000003,4,global,directed,146,230,-,-,384,NO,1270,pass,raw fixed-order candidate ledger
CALL,full_j4_fixed,0xA400000000000003,4,global,directed,147,231,-,-,384,NO,1270,pass,raw fixed-order candidate ledger
CALL,full_j4_fixed,0xA400000000000003,4,global,directed,148,232,-,-,384,NO,1270,pass,raw fixed-order candidate ledger
CALL,full_j4_fixed,0xA400000000000003,4,global,directed,149,233,-,-,384,NO,1270,pass,raw fixed-order candidate ledger
CALL,full_j4_fixed,0xA400000000000003,4,global,directed,150,234,-,-,384,NO,1270,pass,raw fixed-order candidate ledger
CALL,full_j4_fixed,0xA400000000000003,4,global,directed,151,235,-,-,384,NO,1270,pass,raw fixed-order candidate ledger
CALL,full_j4_fixed,0xA400000000000003,4,global,directed,152,236,-,-,384,NO,1270,pass,raw fixed-order candidate ledger
CALL,full_j4_fixed,0xA400000000000003,4,global,directed,153,237,-,-,384,NO,1270,pass,raw fixed-order candidate ledger
CALL,full_j4_fixed,0xA400000000000003,4,global,directed,154,238,-,-,384,NO,1270,pass,raw fixed-order candidate ledger
CALL,full_j4_fixed,0xA400000000000003,4,global,directed,155,239,-,-,384,NO,1270,pass,raw fixed-order candidate ledger
CALL,full_j4_fixed,0xA400000000000003,4,global,directed,156,240,-,-,384,NO,1270,pass,raw fixed-order candidate ledger
CALL,full_j4_fixed,0xA400000000000003,4,global,directed,157,241,-,-,384,NO,1270,pass,raw fixed-order candidate ledger
CALL,full_j4_fixed,0xA400000000000003,4,global,directed,158,242,-,-,384,NO,1270,pass,raw fixed-order candidate ledger
CALL,full_j4_fixed,0xA400000000000003,4,global,directed,159,243,-,-,384,NO,1270,pass,raw fixed-order candidate ledger
CALL,full_j4_fixed,0xA400000000000003,4,global,directed,160,244,-,-,384,NO,1270,pass,raw fixed-order candidate ledger
CALL,full_j4_fixed,0xA400000000000003,4,global,directed,161,245,-,-,384,NO,1270,pass,raw fixed-order candidate ledger
CALL,full_j4_fixed,0xA400000000000003,4,global,directed,162,246,-,-,384,NO,1270,pass,raw fixed-order candidate ledger
CALL,full_j4_fixed,0xA400000000000003,4,global,directed,163,247,-,-,384,NO,1270,pass,raw fixed-order candidate ledger
CALL,full_j4_fixed,0xA400000000000003,4,global,directed,164,248,-,-,384,NO,1270,pass,raw fixed-order candidate ledger
CALL,full_j4_fixed,0xA400000000000003,4,global,directed,165,249,-,-,384,NO,1270,pass,raw fixed-order candidate ledger
CALL,full_j4_fixed,0xA400000000000003,4,global,directed,166,250,-,-,384,NO,1270,pass,raw fixed-order candidate ledger
CALL,full_j4_fixed,0xA400000000000003,4,global,directed,167,251,-,-,384,NO,1270,pass,raw fixed-order candidate ledger
CALL,full_j4_fixed,0xA400000000000003,4,global,directed,168,252,-,-,384,NO,1270,pass,raw fixed-order candidate ledger
CALL,full_j4_fixed,0xA400000000000003,4,global,directed,169,253,-,-,384,NO,1270,pass,raw fixed-order candidate ledger
CALL,full_j4_fixed,0xA400000000000003,4,global,directed,170,254,-,-,384,NO,1270,pass,raw fixed-order candidate ledger
CALL,full_j4_fixed,0xA400000000000003,4,global,directed,171,255,-,-,384,NO,1270,pass,raw fixed-order candidate ledger
CALL,full_j4_fixed,0xA400000000000003,4,global,directed,172,256,-,-,384,NO,1270,pass,raw fixed-order candidate ledger
CALL,full_j4_fixed,0xA400000000000003,4,global,directed,173,257,-,-,384,NO,1270,pass,raw fixed-order candidate ledger
CALL,full_j4_fixed,0xA400000000000003,4,global,directed,174,258,-,-,384,NO,1270,pass,raw fixed-order candidate ledger
CALL,full_j4_fixed,0xA400000000000003,4,global,directed,175,259,-,-,384,NO,1270,pass,raw fixed-order candidate ledger
CALL,full_j4_fixed,0xA400000000000003,4,global,directed,176,260,-,-,384,NO,1270,pass,raw fixed-order candidate ledger
CALL,full_j4_fixed,0xA400000000000003,4,global,directed,177,261,-,-,384,NO,1270,pass,raw fixed-order candidate ledger
CALL,full_j4_fixed,0xA400000000000003,4,global,directed,178,262,-,-,384,NO,1270,pass,raw fixed-order candidate ledger
CALL,full_j4_fixed,0xA400000000000003,4,global,directed,179,263,-,-,384,NO,1270,pass,raw fixed-order candidate ledger
CALL,full_j4_fixed,0xA400000000000003,4,global,directed,180,264,-,-,384,NO,1270,pass,raw fixed-order candidate ledger
CALL,full_j4_fixed,0xA400000000000003,4,global,directed,181,265,-,-,384,NO,1270,pass,raw fixed-order candidate ledger
CALL,full_j4_fixed,0xA400000000000003,4,global,directed,182,266,-,-,384,NO,1270,pass,raw fixed-order candidate ledger
CALL,full_j4_fixed,0xA400000000000003,4,global,directed,183,267,-,-,384,NO,1270,pass,raw fixed-order candidate ledger
CALL,full_j4_fixed,0xA400000000000003,4,global,directed,184,268,-,-,384,NO,1270,pass,raw fixed-order candidate ledger
CALL,full_j4_fixed,0xA400000000000003,4,global,directed,185,269,-,-,384,NO,1270,pass,raw fixed-order candidate ledger
CALL,full_j4_fixed,0xA400000000000003,4,global,directed,186,270,-,-,384,NO,1270,pass,raw fixed-order candidate ledger
CALL,full_j4_fixed,0xA400000000000003,4,global,directed,187,271,-,-,384,NO,1270,pass,raw fixed-order candidate ledger
CALL,full_j4_fixed,0xA400000000000003,4,global,directed,188,272,-,-,384,NO,1270,pass,raw fixed-order candidate ledger
CALL,full_j4_fixed,0xA400000000000003,4,global,directed,189,273,-,-,384,NO,1270,pass,raw fixed-order candidate ledger
CALL,full_j4_fixed,0xA400000000000003,4,global,directed,190,274,-,-,384,NO,1270,pass,raw fixed-order candidate ledger
CALL,full_j4_fixed,0xA400000000000003,4,global,directed,191,275,-,-,384,NO,1270,pass,raw fixed-order candidate ledger
CALL,full_j4_fixed,0xA400000000000003,4,global,directed,192,276,-,-,384,NO,1270,pass,raw fixed-order candidate ledger
CALL,full_j4_fixed,0xA400000000000003,4,global,directed,193,277,-,-,384,NO,1270,pass,raw fixed-order candidate ledger
CALL,full_j4_fixed,0xA400000000000003,4,global,directed,194,278,-,-,384,NO,1270,pass,raw fixed-order candidate ledger
CALL,full_j4_fixed,0xA400000000000003,4,global,directed,195,279,-,-,384,NO,1270,pass,raw fixed-order candidate ledger
CALL,full_j4_fixed,0xA400000000000003,4,global,directed,196,280,-,-,384,NO,1270,pass,raw fixed-order candidate ledger
CALL,full_j4_fixed,0xA400000000000003,4,global,directed,197,281,-,-,384,NO,1270,pass,raw fixed-order candidate ledger
CALL,full_j4_fixed,0xA400000000000003,4,global,directed,198,282,-,-,384,NO,1270,pass,raw fixed-order candidate ledger
CALL,full_j4_fixed,0xA400000000000003,4,global,directed,199,283,-,-,384,NO,1270,pass,raw fixed-order candidate ledger
CALL,full_j4_fixed,0xA400000000000003,4,global,directed,200,284,-,-,384,NO,1270,pass,raw fixed-order candidate ledger
CALL,full_j4_fixed,0xA400000000000003,4,global,directed,201,285,-,-,384,NO,1270,pass,raw fixed-order candidate ledger
CALL,full_j4_fixed,0xA400000000000003,4,global,directed,202,286,-,-,384,NO,1270,pass,raw fixed-order candidate ledger
CALL,full_j4_fixed,0xA400000000000003,4,global,directed,203,287,-,-,384,NO,1270,pass,raw fixed-order candidate ledger
CALL,full_j4_fixed,0xA400000000000003,4,global,directed,204,288,-,-,384,NO,1270,pass,raw fixed-order candidate ledger
CALL,full_j4_fixed,0xA400000000000003,4,global,directed,205,289,-,-,384,NO,1270,pass,raw fixed-order candidate ledger
CALL,full_j4_fixed,0xA400000000000003,4,global,directed,206,290,-,-,384,NO,1270,pass,raw fixed-order candidate ledger
CALL,full_j4_fixed,0xA400000000000003,4,global,directed,207,291,-,-,384,NO,1270,pass,raw fixed-order candidate ledger
CALL,full_j4_fixed,0xA400000000000003,4,global,directed,208,292,-,-,384,NO,1270,pass,raw fixed-order candidate ledger
CALL,full_j4_fixed,0xA400000000000003,4,global,directed,209,293,-,-,384,NO,1270,pass,raw fixed-order candidate ledger
CALL,full_j4_fixed,0xA400000000000003,4,global,directed,210,294,-,-,384,NO,1270,pass,raw fixed-order candidate ledger
CALL,full_j4_fixed,0xA400000000000003,4,global,directed,211,295,-,-,384,NO,1270,pass,raw fixed-order candidate ledger
CALL,full_j4_fixed,0xA400000000000003,4,global,directed,212,296,-,-,384,NO,1270,pass,raw fixed-order candidate ledger
CALL,full_j4_fixed,0xA400000000000003,4,global,directed,213,297,-,-,384,NO,1270,pass,raw fixed-order candidate ledger
CALL,full_j4_fixed,0xA400000000000003,4,global,directed,214,298,-,-,384,NO,1270,pass,raw fixed-order candidate ledger
CALL,full_j4_fixed,0xA400000000000003,4,global,directed,215,299,-,-,384,NO,1270,pass,raw fixed-order candidate ledger
CALL,full_j4_fixed,0xA400000000000003,4,global,directed,216,300,-,-,384,NO,1270,pass,raw fixed-order candidate ledger
CALL,full_j4_fixed,0xA400000000000003,4,global,directed,217,301,-,-,384,NO,1270,pass,raw fixed-order candidate ledger
CALL,full_j4_fixed,0xA400000000000003,4,global,directed,218,302,-,-,384,NO,1270,pass,raw fixed-order candidate ledger
CALL,full_j4_fixed,0xA400000000000003,4,global,directed,219,303,-,-,384,NO,1270,pass,raw fixed-order candidate ledger
CALL,full_j4_fixed,0xA400000000000003,4,global,directed,220,304,-,-,384,NO,1270,pass,raw fixed-order candidate ledger
CALL,full_j4_fixed,0xA400000000000003,4,global,directed,221,305,-,-,384,NO,1270,pass,raw fixed-order candidate ledger
CALL,full_j4_fixed,0xA400000000000003,4,global,directed,222,306,-,-,384,NO,1270,pass,raw fixed-order candidate ledger
CALL,full_j4_fixed,0xA400000000000003,4,global,directed,223,307,-,-,384,NO,1270,pass,raw fixed-order candidate ledger
CALL,full_j4_fixed,0xA400000000000003,4,global,directed,224,308,-,-,384,NO,1270,pass,raw fixed-order candidate ledger
CALL,full_j4_fixed,0xA400000000000003,4,global,directed,225,309,-,-,384,NO,1270,pass,raw fixed-order candidate ledger
CALL,full_j4_fixed,0xA400000000000003,4,global,directed,226,310,-,-,384,NO,1270,pass,raw fixed-order candidate ledger
CALL,full_j4_fixed,0xA400000000000003,4,global,directed,227,311,-,-,384,NO,1270,pass,raw fixed-order candidate ledger
CALL,full_j4_fixed,0xA400000000000003,4,global,directed,228,312,-,-,384,NO,1270,pass,raw fixed-order candidate ledger
CALL,full_j4_fixed,0xA400000000000003,4,global,directed,229,313,-,-,384,NO,1270,pass,raw fixed-order candidate ledger
CALL,full_j4_fixed,0xA400000000000003,4,global,directed,230,314,-,-,384,NO,1270,pass,raw fixed-order candidate ledger
CALL,full_j4_fixed,0xA400000000000003,4,global,directed,231,315,-,-,384,NO,1270,pass,raw fixed-order candidate ledger
CALL,full_j4_fixed,0xA400000000000003,4,global,directed,232,316,-,-,384,NO,1270,pass,raw fixed-order candidate ledger
CALL,full_j4_fixed,0xA400000000000003,4,global,directed,233,317,-,-,384,NO,1270,pass,raw fixed-order candidate ledger
CALL,full_j4_fixed,0xA400000000000003,4,global,directed,234,318,-,-,384,NO,1270,pass,raw fixed-order candidate ledger
CALL,full_j4_fixed,0xA400000000000003,4,global,directed,235,319,-,-,384,NO,1270,pass,raw fixed-order candidate ledger
CALL,full_j4_fixed,0xA400000000000003,4,global,directed,236,320,-,-,384,NO,1270,pass,raw fixed-order candidate ledger
CALL,full_j4_fixed,0xA400000000000003,4,global,directed,237,321,-,-,384,NO,1270,pass,raw fixed-order candidate ledger
CALL,full_j4_fixed,0xA400000000000003,4,global,directed,238,322,-,-,384,NO,1270,pass,raw fixed-order candidate ledger
CALL,full_j4_fixed,0xA400000000000003,4,global,directed,239,323,-,-,384,NO,1270,pass,raw fixed-order candidate ledger
CALL,full_j4_fixed,0xA400000000000003,4,global,directed,240,324,-,-,384,NO,1270,pass,raw fixed-order candidate ledger
CALL,full_j4_fixed,0xA400000000000003,4,global,directed,241,325,-,-,384,NO,1270,pass,raw fixed-order candidate ledger
CALL,full_j4_fixed,0xA400000000000003,4,global,directed,242,326,-,-,384,NO,1270,pass,raw fixed-order candidate ledger
CALL,full_j4_fixed,0xA400000000000003,4,global,directed,243,327,-,-,384,NO,1270,pass,raw fixed-order candidate ledger
CALL,full_j4_fixed,0xA400000000000003,4,global,directed,244,328,-,-,384,NO,1270,pass,raw fixed-order candidate ledger
CALL,full_j4_fixed,0xA400000000000003,4,global,directed,245,329,-,-,384,NO,1270,pass,raw fixed-order candidate ledger
CALL,full_j4_fixed,0xA400000000000003,4,global,directed,246,330,-,-,384,NO,1270,pass,raw fixed-order candidate ledger
CALL,full_j4_fixed,0xA400000000000003,4,global,directed,247,331,-,-,384,NO,1270,pass,raw fixed-order candidate ledger
CALL,full_j4_fixed,0xA400000000000003,4,global,directed,248,332,-,-,384,NO,1270,pass,raw fixed-order candidate ledger
CALL,full_j4_fixed,0xA400000000000003,4,global,directed,249,333,-,-,384,NO,1270,pass,raw fixed-order candidate ledger
CALL,full_j4_fixed,0xA400000000000003,4,global,directed,250,334,-,-,384,NO,1270,pass,raw fixed-order candidate ledger
CALL,full_j4_fixed,0xA400000000000003,4,global,directed,251,335,-,-,384,NO,1270,pass,raw fixed-order candidate ledger
CALL,full_j4_fixed,0xA400000000000003,4,global,directed,252,336,-,-,384,NO,1270,pass,raw fixed-order candidate ledger
CALL,full_j4_fixed,0xA400000000000003,4,global,directed,253,337,-,-,384,NO,1270,pass,raw fixed-order candidate ledger
CALL,full_j4_fixed,0xA400000000000003,4,global,directed,254,338,-,-,384,NO,1270,pass,raw fixed-order candidate ledger
CALL,full_j4_fixed,0xA400000000000003,4,global,directed,255,339,-,-,384,NO,1270,pass,raw fixed-order candidate ledger
CALL,full_j4_fixed,0xA400000000000003,4,global,directed,256,340,-,-,384,NO,1270,pass,raw fixed-order candidate ledger
CALL,full_j4_fixed,0xA400000000000003,4,global,directed,257,341,-,-,384,NO,1270,pass,raw fixed-order candidate ledger
CALL,full_j4_fixed,0xA400000000000003,4,global,directed,258,342,-,-,384,NO,1270,pass,raw fixed-order candidate ledger
CALL,full_j4_fixed,0xA400000000000003,4,global,directed,259,343,-,-,384,NO,1270,pass,raw fixed-order candidate ledger
CALL,full_j4_fixed,0xA400000000000003,4,global,directed,260,344,-,-,384,NO,1270,pass,raw fixed-order candidate ledger
CALL,full_j4_fixed,0xA400000000000003,4,global,directed,261,345,-,-,384,NO,1270,pass,raw fixed-order candidate ledger
CALL,full_j4_fixed,0xA400000000000003,4,global,directed,262,346,-,-,384,NO,1270,pass,raw fixed-order candidate ledger
CALL,full_j4_fixed,0xA400000000000003,4,global,directed,263,347,-,-,384,NO,1270,pass,raw fixed-order candidate ledger
CALL,full_j4_fixed,0xA400000000000003,4,global,directed,264,348,-,-,384,NO,1270,pass,raw fixed-order candidate ledger
CALL,full_j4_fixed,0xA400000000000003,4,global,directed,265,349,-,-,384,NO,1270,pass,raw fixed-order candidate ledger
CALL,full_j4_fixed,0xA400000000000003,4,global,directed,266,350,-,-,384,NO,1270,pass,raw fixed-order candidate ledger
CALL,full_j4_fixed,0xA400000000000003,4,global,directed,267,351,-,-,384,NO,1270,pass,raw fixed-order candidate ledger
CALL,full_j4_fixed,0xA400000000000003,4,global,directed,268,352,-,-,384,NO,1270,pass,raw fixed-order candidate ledger
CALL,full_j4_fixed,0xA400000000000003,4,global,directed,269,353,-,-,384,NO,1270,pass,raw fixed-order candidate ledger
CALL,full_j4_fixed,0xA400000000000003,4,global,directed,270,354,-,-,384,NO,1270,pass,raw fixed-order candidate ledger
CALL,full_j4_fixed,0xA400000000000003,4,global,directed,271,355,-,-,384,NO,1270,pass,raw fixed-order candidate ledger
CALL,full_j4_fixed,0xA400000000000003,4,global,directed,272,356,-,-,384,NO,1270,pass,raw fixed-order candidate ledger
CALL,full_j4_fixed,0xA400000000000003,4,global,directed,273,357,-,-,384,NO,1270,pass,raw fixed-order candidate ledger
CALL,full_j4_fixed,0xA400000000000003,4,global,directed,274,358,-,-,384,NO,1270,pass,raw fixed-order candidate ledger
CALL,full_j4_fixed,0xA400000000000003,4,global,directed,275,359,-,-,384,NO,1270,pass,raw fixed-order candidate ledger
CALL,full_j4_fixed,0xA400000000000003,4,global,directed,276,360,-,-,384,NO,1270,pass,raw fixed-order candidate ledger
CALL,full_j4_fixed,0xA400000000000003,4,global,directed,277,361,-,-,384,NO,1270,pass,raw fixed-order candidate ledger
CALL,full_j4_fixed,0xA400000000000003,4,global,directed,278,362,-,-,384,NO,1270,pass,raw fixed-order candidate ledger
CALL,full_j4_fixed,0xA400000000000003,4,global,directed,279,363,-,-,384,NO,1270,pass,raw fixed-order candidate ledger
CALL,full_j4_fixed,0xA400000000000003,4,global,directed,280,364,-,-,384,NO,1270,pass,raw fixed-order candidate ledger
CALL,full_j4_fixed,0xA400000000000003,4,global,directed,281,365,-,-,384,NO,1270,pass,raw fixed-order candidate ledger
CALL,full_j4_fixed,0xA400000000000003,4,global,directed,282,366,-,-,384,NO,1270,pass,raw fixed-order candidate ledger
CALL,full_j4_fixed,0xA400000000000003,4,global,directed,283,367,-,-,384,NO,1270,pass,raw fixed-order candidate ledger
CALL,full_j4_fixed,0xA400000000000003,4,global,directed,284,368,-,-,384,NO,1270,pass,raw fixed-order candidate ledger
CALL,full_j4_fixed,0xA400000000000003,4,global,directed,285,369,-,-,384,NO,1270,pass,raw fixed-order candidate ledger
CALL,full_j4_fixed,0xA400000000000003,4,global,directed,286,370,-,-,384,NO,1270,pass,raw fixed-order candidate ledger
CALL,full_j4_fixed,0xA400000000000003,4,global,directed,287,371,-,-,384,NO,1270,pass,raw fixed-order candidate ledger
CALL,full_j4_fixed,0xA400000000000003,4,global,directed,288,372,-,-,384,NO,1270,pass,raw fixed-order candidate ledger
CALL,full_j4_fixed,0xA400000000000003,4,global,directed,289,373,-,-,384,NO,1270,pass,raw fixed-order candidate ledger
CALL,full_j4_fixed,0xA400000000000003,4,global,directed,290,374,-,-,384,NO,1270,pass,raw fixed-order candidate ledger
CALL,full_j4_fixed,0xA400000000000003,4,global,directed,291,375,-,-,384,NO,1270,pass,raw fixed-order candidate ledger
CALL,full_j4_fixed,0xA400000000000003,4,global,directed,292,376,-,-,384,NO,1270,pass,raw fixed-order candidate ledger
CALL,full_j4_fixed,0xA400000000000003,4,global,directed,293,377,-,-,384,NO,1270,pass,raw fixed-order candidate ledger
CALL,full_j4_fixed,0xA400000000000003,4,global,directed,294,378,-,-,384,NO,1270,pass,raw fixed-order candidate ledger
CALL,full_j4_fixed,0xA400000000000003,4,global,directed,295,379,-,-,384,NO,1270,pass,raw fixed-order candidate ledger
CALL,full_j4_fixed,0xA400000000000003,4,global,directed,296,380,-,-,384,NO,1270,pass,raw fixed-order candidate ledger
CALL,full_j4_fixed,0xA400000000000003,4,global,directed,297,381,-,-,384,NO,1270,pass,raw fixed-order candidate ledger
CALL,full_j4_fixed,0xA400000000000003,4,global,directed,298,382,-,-,384,NO,1270,pass,raw fixed-order candidate ledger
CALL,full_j4_fixed,0xA400000000000003,4,global,directed,299,383,-,-,384,NO,1270,pass,raw fixed-order candidate ledger
CALL,full_j4_fixed,0xA400000000000003,4,global,directed,300,384,-,-,384,NO,1270,pass,raw fixed-order candidate ledger
ABLATION,full_j4_fixed,0xA400000000000003,4,global,-,-,-,-,-,384,YES,1270,pass,predeclared bank ablation
ABLATION,no_global,0xA400000000000003,4,global,-,-,-,-,-,354,NO,1270,pass,predeclared bank ablation
ABLATION,no_singleton,0xA400000000000003,4,global,-,-,-,-,-,336,YES,1270,pass,predeclared bank ablation
ABLATION,no_none,0xA400000000000003,4,global,-,-,-,-,-,379,YES,1270,pass,predeclared bank ablation
ABLATION,no_directed,0xA400000000000003,4,global,-,-,-,-,-,83,YES,1270,pass,predeclared bank ablation
ABLATION,directed_100,0xA400000000000003,4,global,-,-,-,-,-,183,YES,1270,pass,predeclared bank ablation
ABLATION,directed_200,0xA400000000000003,4,global,-,-,-,-,-,283,YES,1270,pass,predeclared bank ablation
ABLATION,small_banks_only,0xA400000000000003,4,global,-,-,-,-,-,83,YES,1270,pass,predeclared bank ablation
ABLATION,derived_minimal_prefix,0xA400000000000003,4,global,-,-,-,-,-,127,YES,1270,pass,predeclared bank ablation
CALL,full_j4_fixed,0xA400000000000003,9,singleton,global,0,1,-,-,384,NO,1270,pass,raw fixed-order candidate ledger
CALL,full_j4_fixed,0xA400000000000003,9,singleton,global,1,2,-,-,384,NO,1270,pass,raw fixed-order candidate ledger
CALL,full_j4_fixed,0xA400000000000003,9,singleton,global,2,3,-,-,384,NO,1270,pass,raw fixed-order candidate ledger
CALL,full_j4_fixed,0xA400000000000003,9,singleton,global,3,4,-,-,384,NO,1270,pass,raw fixed-order candidate ledger
CALL,full_j4_fixed,0xA400000000000003,9,singleton,global,4,5,-,-,384,NO,1270,pass,raw fixed-order candidate ledger
CALL,full_j4_fixed,0xA400000000000003,9,singleton,global,5,6,-,-,384,NO,1270,pass,raw fixed-order candidate ledger
CALL,full_j4_fixed,0xA400000000000003,9,singleton,global,6,7,-,-,384,NO,1270,pass,raw fixed-order candidate ledger
CALL,full_j4_fixed,0xA400000000000003,9,singleton,global,7,8,-,-,384,NO,1270,pass,raw fixed-order candidate ledger
CALL,full_j4_fixed,0xA400000000000003,9,singleton,global,8,9,-,-,384,NO,1270,pass,raw fixed-order candidate ledger
CALL,full_j4_fixed,0xA400000000000003,9,singleton,global,9,10,-,-,384,NO,1270,pass,raw fixed-order candidate ledger
CALL,full_j4_fixed,0xA400000000000003,9,singleton,global,10,11,-,-,384,NO,1270,pass,raw fixed-order candidate ledger
CALL,full_j4_fixed,0xA400000000000003,9,singleton,global,11,12,-,-,384,NO,1270,pass,raw fixed-order candidate ledger
CALL,full_j4_fixed,0xA400000000000003,9,singleton,global,12,13,-,-,384,NO,1270,pass,raw fixed-order candidate ledger
CALL,full_j4_fixed,0xA400000000000003,9,singleton,global,13,14,-,-,384,NO,1270,pass,raw fixed-order candidate ledger
CALL,full_j4_fixed,0xA400000000000003,9,singleton,global,14,15,-,-,384,NO,1270,pass,raw fixed-order candidate ledger
CALL,full_j4_fixed,0xA400000000000003,9,singleton,global,15,16,-,-,384,NO,1270,pass,raw fixed-order candidate ledger
CALL,full_j4_fixed,0xA400000000000003,9,singleton,global,16,17,-,-,384,NO,1270,pass,raw fixed-order candidate ledger
CALL,full_j4_fixed,0xA400000000000003,9,singleton,global,17,18,-,-,384,NO,1270,pass,raw fixed-order candidate ledger
CALL,full_j4_fixed,0xA400000000000003,9,singleton,global,18,19,-,-,384,NO,1270,pass,raw fixed-order candidate ledger
CALL,full_j4_fixed,0xA400000000000003,9,singleton,global,19,20,-,-,384,NO,1270,pass,raw fixed-order candidate ledger
CALL,full_j4_fixed,0xA400000000000003,9,singleton,global,20,21,-,-,384,NO,1270,pass,raw fixed-order candidate ledger
CALL,full_j4_fixed,0xA400000000000003,9,singleton,global,21,22,-,-,384,NO,1270,pass,raw fixed-order candidate ledger
CALL,full_j4_fixed,0xA400000000000003,9,singleton,global,22,23,-,-,384,NO,1270,pass,raw fixed-order candidate ledger
CALL,full_j4_fixed,0xA400000000000003,9,singleton,global,23,24,-,-,384,NO,1270,pass,raw fixed-order candidate ledger
CALL,full_j4_fixed,0xA400000000000003,9,singleton,global,24,25,-,-,384,NO,1270,pass,raw fixed-order candidate ledger
CALL,full_j4_fixed,0xA400000000000003,9,singleton,global,25,26,-,-,384,NO,1270,pass,raw fixed-order candidate ledger
CALL,full_j4_fixed,0xA400000000000003,9,singleton,global,26,27,-,-,384,NO,1270,pass,raw fixed-order candidate ledger
CALL,full_j4_fixed,0xA400000000000003,9,singleton,global,27,28,-,-,384,NO,1270,pass,raw fixed-order candidate ledger
CALL,full_j4_fixed,0xA400000000000003,9,singleton,global,28,29,-,-,384,NO,1270,pass,raw fixed-order candidate ledger
CALL,full_j4_fixed,0xA400000000000003,9,singleton,global,29,30,-,-,384,NO,1270,pass,raw fixed-order candidate ledger
CALL,full_j4_fixed,0xA400000000000003,9,singleton,singleton,0,31,-,-,384,NO,1270,pass,raw fixed-order candidate ledger
CALL,full_j4_fixed,0xA400000000000003,9,singleton,singleton,1,32,-,-,384,NO,1270,pass,raw fixed-order candidate ledger
CALL,full_j4_fixed,0xA400000000000003,9,singleton,singleton,2,33,-,-,384,NO,1270,pass,raw fixed-order candidate ledger
CALL,full_j4_fixed,0xA400000000000003,9,singleton,singleton,3,34,-,-,384,YES,1270,pass,raw fixed-order candidate ledger
CALL,full_j4_fixed,0xA400000000000003,9,singleton,singleton,4,35,-,-,384,NO,1270,pass,raw fixed-order candidate ledger
CALL,full_j4_fixed,0xA400000000000003,9,singleton,singleton,5,36,-,-,384,NO,1270,pass,raw fixed-order candidate ledger
CALL,full_j4_fixed,0xA400000000000003,9,singleton,singleton,6,37,-,-,384,NO,1270,pass,raw fixed-order candidate ledger
CALL,full_j4_fixed,0xA400000000000003,9,singleton,singleton,7,38,-,-,384,NO,1270,pass,raw fixed-order candidate ledger
CALL,full_j4_fixed,0xA400000000000003,9,singleton,singleton,8,39,-,-,384,NO,1270,pass,raw fixed-order candidate ledger
CALL,full_j4_fixed,0xA400000000000003,9,singleton,singleton,9,40,-,-,384,NO,1270,pass,raw fixed-order candidate ledger
CALL,full_j4_fixed,0xA400000000000003,9,singleton,singleton,10,41,-,-,384,NO,1270,pass,raw fixed-order candidate ledger
CALL,full_j4_fixed,0xA400000000000003,9,singleton,singleton,11,42,-,-,384,NO,1270,pass,raw fixed-order candidate ledger
CALL,full_j4_fixed,0xA400000000000003,9,singleton,singleton,12,43,-,-,384,NO,1270,pass,raw fixed-order candidate ledger
CALL,full_j4_fixed,0xA400000000000003,9,singleton,singleton,13,44,-,-,384,NO,1270,pass,raw fixed-order candidate ledger
CALL,full_j4_fixed,0xA400000000000003,9,singleton,singleton,14,45,-,-,384,NO,1270,pass,raw fixed-order candidate ledger
CALL,full_j4_fixed,0xA400000000000003,9,singleton,singleton,15,46,-,-,384,NO,1270,pass,raw fixed-order candidate ledger
CALL,full_j4_fixed,0xA400000000000003,9,singleton,singleton,16,47,-,-,384,NO,1270,pass,raw fixed-order candidate ledger
CALL,full_j4_fixed,0xA400000000000003,9,singleton,singleton,17,48,-,-,384,NO,1270,pass,raw fixed-order candidate ledger
CALL,full_j4_fixed,0xA400000000000003,9,singleton,singleton,18,49,-,-,384,NO,1270,pass,raw fixed-order candidate ledger
CALL,full_j4_fixed,0xA400000000000003,9,singleton,singleton,19,50,-,-,384,NO,1270,pass,raw fixed-order candidate ledger
CALL,full_j4_fixed,0xA400000000000003,9,singleton,singleton,20,51,-,-,384,NO,1270,pass,raw fixed-order candidate ledger
CALL,full_j4_fixed,0xA400000000000003,9,singleton,singleton,21,52,-,-,384,NO,1270,pass,raw fixed-order candidate ledger
CALL,full_j4_fixed,0xA400000000000003,9,singleton,singleton,22,53,-,-,384,NO,1270,pass,raw fixed-order candidate ledger
CALL,full_j4_fixed,0xA400000000000003,9,singleton,singleton,23,54,-,-,384,NO,1270,pass,raw fixed-order candidate ledger
CALL,full_j4_fixed,0xA400000000000003,9,singleton,singleton,24,55,-,-,384,NO,1270,pass,raw fixed-order candidate ledger
CALL,full_j4_fixed,0xA400000000000003,9,singleton,singleton,25,56,-,-,384,NO,1270,pass,raw fixed-order candidate ledger
CALL,full_j4_fixed,0xA400000000000003,9,singleton,singleton,26,57,-,-,384,NO,1270,pass,raw fixed-order candidate ledger
CALL,full_j4_fixed,0xA400000000000003,9,singleton,singleton,27,58,-,-,384,NO,1270,pass,raw fixed-order candidate ledger
CALL,full_j4_fixed,0xA400000000000003,9,singleton,singleton,28,59,-,-,384,NO,1270,pass,raw fixed-order candidate ledger
CALL,full_j4_fixed,0xA400000000000003,9,singleton,singleton,29,60,-,-,384,NO,1270,pass,raw fixed-order candidate ledger
CALL,full_j4_fixed,0xA400000000000003,9,singleton,singleton,30,61,-,-,384,NO,1270,pass,raw fixed-order candidate ledger
CALL,full_j4_fixed,0xA400000000000003,9,singleton,singleton,31,62,-,-,384,NO,1270,pass,raw fixed-order candidate ledger
CALL,full_j4_fixed,0xA400000000000003,9,singleton,singleton,32,63,-,-,384,NO,1270,pass,raw fixed-order candidate ledger
CALL,full_j4_fixed,0xA400000000000003,9,singleton,singleton,33,64,-,-,384,NO,1270,pass,raw fixed-order candidate ledger
CALL,full_j4_fixed,0xA400000000000003,9,singleton,singleton,34,65,-,-,384,NO,1270,pass,raw fixed-order candidate ledger
CALL,full_j4_fixed,0xA400000000000003,9,singleton,singleton,35,66,-,-,384,NO,1270,pass,raw fixed-order candidate ledger
CALL,full_j4_fixed,0xA400000000000003,9,singleton,singleton,36,67,-,-,384,NO,1270,pass,raw fixed-order candidate ledger
CALL,full_j4_fixed,0xA400000000000003,9,singleton,singleton,37,68,-,-,384,NO,1270,pass,raw fixed-order candidate ledger
CALL,full_j4_fixed,0xA400000000000003,9,singleton,singleton,38,69,-,-,384,NO,1270,pass,raw fixed-order candidate ledger
CALL,full_j4_fixed,0xA400000000000003,9,singleton,singleton,39,70,-,-,384,NO,1270,pass,raw fixed-order candidate ledger
CALL,full_j4_fixed,0xA400000000000003,9,singleton,singleton,40,71,-,-,384,NO,1270,pass,raw fixed-order candidate ledger
CALL,full_j4_fixed,0xA400000000000003,9,singleton,singleton,41,72,-,-,384,NO,1270,pass,raw fixed-order candidate ledger
CALL,full_j4_fixed,0xA400000000000003,9,singleton,singleton,42,73,-,-,384,NO,1270,pass,raw fixed-order candidate ledger
CALL,full_j4_fixed,0xA400000000000003,9,singleton,singleton,43,74,-,-,384,NO,1270,pass,raw fixed-order candidate ledger
CALL,full_j4_fixed,0xA400000000000003,9,singleton,singleton,44,75,-,-,384,NO,1270,pass,raw fixed-order candidate ledger
CALL,full_j4_fixed,0xA400000000000003,9,singleton,singleton,45,76,-,-,384,NO,1270,pass,raw fixed-order candidate ledger
CALL,full_j4_fixed,0xA400000000000003,9,singleton,singleton,46,77,-,-,384,NO,1270,pass,raw fixed-order candidate ledger
CALL,full_j4_fixed,0xA400000000000003,9,singleton,singleton,47,78,-,-,384,NO,1270,pass,raw fixed-order candidate ledger
ATTRIBUTION,full_j4_fixed,0xA400000000000003,9,singleton,singleton,3,- ,34,4,384,YES,1270,pass,first exact inside J4 frozen bank order
CALL,full_j4_fixed,0xA400000000000003,9,singleton,none,0,79,-,-,384,NO,1270,pass,raw fixed-order candidate ledger
CALL,full_j4_fixed,0xA400000000000003,9,singleton,none,1,80,-,-,384,NO,1270,pass,raw fixed-order candidate ledger
CALL,full_j4_fixed,0xA400000000000003,9,singleton,none,2,81,-,-,384,NO,1270,pass,raw fixed-order candidate ledger
CALL,full_j4_fixed,0xA400000000000003,9,singleton,none,3,82,-,-,384,NO,1270,pass,raw fixed-order candidate ledger
CALL,full_j4_fixed,0xA400000000000003,9,singleton,none,4,83,-,-,384,NO,1270,pass,raw fixed-order candidate ledger
CALL,full_j4_fixed,0xA400000000000003,9,singleton,directed,0,84,-,-,384,NO,1270,pass,raw fixed-order candidate ledger
CALL,full_j4_fixed,0xA400000000000003,9,singleton,directed,1,85,-,-,384,NO,1270,pass,raw fixed-order candidate ledger
CALL,full_j4_fixed,0xA400000000000003,9,singleton,directed,2,86,-,-,384,NO,1270,pass,raw fixed-order candidate ledger
CALL,full_j4_fixed,0xA400000000000003,9,singleton,directed,3,87,-,-,384,NO,1270,pass,raw fixed-order candidate ledger
CALL,full_j4_fixed,0xA400000000000003,9,singleton,directed,4,88,-,-,384,NO,1270,pass,raw fixed-order candidate ledger
CALL,full_j4_fixed,0xA400000000000003,9,singleton,directed,5,89,-,-,384,NO,1270,pass,raw fixed-order candidate ledger
CALL,full_j4_fixed,0xA400000000000003,9,singleton,directed,6,90,-,-,384,NO,1270,pass,raw fixed-order candidate ledger
CALL,full_j4_fixed,0xA400000000000003,9,singleton,directed,7,91,-,-,384,NO,1270,pass,raw fixed-order candidate ledger
CALL,full_j4_fixed,0xA400000000000003,9,singleton,directed,8,92,-,-,384,NO,1270,pass,raw fixed-order candidate ledger
CALL,full_j4_fixed,0xA400000000000003,9,singleton,directed,9,93,-,-,384,NO,1270,pass,raw fixed-order candidate ledger
CALL,full_j4_fixed,0xA400000000000003,9,singleton,directed,10,94,-,-,384,NO,1270,pass,raw fixed-order candidate ledger
CALL,full_j4_fixed,0xA400000000000003,9,singleton,directed,11,95,-,-,384,NO,1270,pass,raw fixed-order candidate ledger
CALL,full_j4_fixed,0xA400000000000003,9,singleton,directed,12,96,-,-,384,NO,1270,pass,raw fixed-order candidate ledger
CALL,full_j4_fixed,0xA400000000000003,9,singleton,directed,13,97,-,-,384,NO,1270,pass,raw fixed-order candidate ledger
CALL,full_j4_fixed,0xA400000000000003,9,singleton,directed,14,98,-,-,384,NO,1270,pass,raw fixed-order candidate ledger
CALL,full_j4_fixed,0xA400000000000003,9,singleton,directed,15,99,-,-,384,NO,1270,pass,raw fixed-order candidate ledger
CALL,full_j4_fixed,0xA400000000000003,9,singleton,directed,16,100,-,-,384,NO,1270,pass,raw fixed-order candidate ledger
CALL,full_j4_fixed,0xA400000000000003,9,singleton,directed,17,101,-,-,384,NO,1270,pass,raw fixed-order candidate ledger
CALL,full_j4_fixed,0xA400000000000003,9,singleton,directed,18,102,-,-,384,NO,1270,pass,raw fixed-order candidate ledger
CALL,full_j4_fixed,0xA400000000000003,9,singleton,directed,19,103,-,-,384,NO,1270,pass,raw fixed-order candidate ledger
CALL,full_j4_fixed,0xA400000000000003,9,singleton,directed,20,104,-,-,384,NO,1270,pass,raw fixed-order candidate ledger
CALL,full_j4_fixed,0xA400000000000003,9,singleton,directed,21,105,-,-,384,NO,1270,pass,raw fixed-order candidate ledger
CALL,full_j4_fixed,0xA400000000000003,9,singleton,directed,22,106,-,-,384,NO,1270,pass,raw fixed-order candidate ledger
CALL,full_j4_fixed,0xA400000000000003,9,singleton,directed,23,107,-,-,384,NO,1270,pass,raw fixed-order candidate ledger
CALL,full_j4_fixed,0xA400000000000003,9,singleton,directed,24,108,-,-,384,NO,1270,pass,raw fixed-order candidate ledger
CALL,full_j4_fixed,0xA400000000000003,9,singleton,directed,25,109,-,-,384,NO,1270,pass,raw fixed-order candidate ledger
CALL,full_j4_fixed,0xA400000000000003,9,singleton,directed,26,110,-,-,384,NO,1270,pass,raw fixed-order candidate ledger
CALL,full_j4_fixed,0xA400000000000003,9,singleton,directed,27,111,-,-,384,NO,1270,pass,raw fixed-order candidate ledger
CALL,full_j4_fixed,0xA400000000000003,9,singleton,directed,28,112,-,-,384,NO,1270,pass,raw fixed-order candidate ledger
CALL,full_j4_fixed,0xA400000000000003,9,singleton,directed,29,113,-,-,384,NO,1270,pass,raw fixed-order candidate ledger
CALL,full_j4_fixed,0xA400000000000003,9,singleton,directed,30,114,-,-,384,NO,1270,pass,raw fixed-order candidate ledger
CALL,full_j4_fixed,0xA400000000000003,9,singleton,directed,31,115,-,-,384,NO,1270,pass,raw fixed-order candidate ledger
CALL,full_j4_fixed,0xA400000000000003,9,singleton,directed,32,116,-,-,384,NO,1270,pass,raw fixed-order candidate ledger
CALL,full_j4_fixed,0xA400000000000003,9,singleton,directed,33,117,-,-,384,NO,1270,pass,raw fixed-order candidate ledger
CALL,full_j4_fixed,0xA400000000000003,9,singleton,directed,34,118,-,-,384,NO,1270,pass,raw fixed-order candidate ledger
CALL,full_j4_fixed,0xA400000000000003,9,singleton,directed,35,119,-,-,384,YES,1270,pass,raw fixed-order candidate ledger
CALL,full_j4_fixed,0xA400000000000003,9,singleton,directed,36,120,-,-,384,NO,1270,pass,raw fixed-order candidate ledger
CALL,full_j4_fixed,0xA400000000000003,9,singleton,directed,37,121,-,-,384,NO,1270,pass,raw fixed-order candidate ledger
CALL,full_j4_fixed,0xA400000000000003,9,singleton,directed,38,122,-,-,384,NO,1270,pass,raw fixed-order candidate ledger
CALL,full_j4_fixed,0xA400000000000003,9,singleton,directed,39,123,-,-,384,NO,1270,pass,raw fixed-order candidate ledger
CALL,full_j4_fixed,0xA400000000000003,9,singleton,directed,40,124,-,-,384,NO,1270,pass,raw fixed-order candidate ledger
CALL,full_j4_fixed,0xA400000000000003,9,singleton,directed,41,125,-,-,384,NO,1270,pass,raw fixed-order candidate ledger
CALL,full_j4_fixed,0xA400000000000003,9,singleton,directed,42,126,-,-,384,NO,1270,pass,raw fixed-order candidate ledger
CALL,full_j4_fixed,0xA400000000000003,9,singleton,directed,43,127,-,-,384,NO,1270,pass,raw fixed-order candidate ledger
CALL,full_j4_fixed,0xA400000000000003,9,singleton,directed,44,128,-,-,384,NO,1270,pass,raw fixed-order candidate ledger
CALL,full_j4_fixed,0xA400000000000003,9,singleton,directed,45,129,-,-,384,NO,1270,pass,raw fixed-order candidate ledger
CALL,full_j4_fixed,0xA400000000000003,9,singleton,directed,46,130,-,-,384,NO,1270,pass,raw fixed-order candidate ledger
CALL,full_j4_fixed,0xA400000000000003,9,singleton,directed,47,131,-,-,384,NO,1270,pass,raw fixed-order candidate ledger
CALL,full_j4_fixed,0xA400000000000003,9,singleton,directed,48,132,-,-,384,NO,1270,pass,raw fixed-order candidate ledger
CALL,full_j4_fixed,0xA400000000000003,9,singleton,directed,49,133,-,-,384,NO,1270,pass,raw fixed-order candidate ledger
CALL,full_j4_fixed,0xA400000000000003,9,singleton,directed,50,134,-,-,384,NO,1270,pass,raw fixed-order candidate ledger
CALL,full_j4_fixed,0xA400000000000003,9,singleton,directed,51,135,-,-,384,NO,1270,pass,raw fixed-order candidate ledger
CALL,full_j4_fixed,0xA400000000000003,9,singleton,directed,52,136,-,-,384,NO,1270,pass,raw fixed-order candidate ledger
CALL,full_j4_fixed,0xA400000000000003,9,singleton,directed,53,137,-,-,384,NO,1270,pass,raw fixed-order candidate ledger
CALL,full_j4_fixed,0xA400000000000003,9,singleton,directed,54,138,-,-,384,NO,1270,pass,raw fixed-order candidate ledger
CALL,full_j4_fixed,0xA400000000000003,9,singleton,directed,55,139,-,-,384,NO,1270,pass,raw fixed-order candidate ledger
CALL,full_j4_fixed,0xA400000000000003,9,singleton,directed,56,140,-,-,384,NO,1270,pass,raw fixed-order candidate ledger
CALL,full_j4_fixed,0xA400000000000003,9,singleton,directed,57,141,-,-,384,NO,1270,pass,raw fixed-order candidate ledger
CALL,full_j4_fixed,0xA400000000000003,9,singleton,directed,58,142,-,-,384,NO,1270,pass,raw fixed-order candidate ledger
CALL,full_j4_fixed,0xA400000000000003,9,singleton,directed,59,143,-,-,384,NO,1270,pass,raw fixed-order candidate ledger
CALL,full_j4_fixed,0xA400000000000003,9,singleton,directed,60,144,-,-,384,NO,1270,pass,raw fixed-order candidate ledger
CALL,full_j4_fixed,0xA400000000000003,9,singleton,directed,61,145,-,-,384,NO,1270,pass,raw fixed-order candidate ledger
CALL,full_j4_fixed,0xA400000000000003,9,singleton,directed,62,146,-,-,384,NO,1270,pass,raw fixed-order candidate ledger
CALL,full_j4_fixed,0xA400000000000003,9,singleton,directed,63,147,-,-,384,NO,1270,pass,raw fixed-order candidate ledger
CALL,full_j4_fixed,0xA400000000000003,9,singleton,directed,64,148,-,-,384,NO,1270,pass,raw fixed-order candidate ledger
CALL,full_j4_fixed,0xA400000000000003,9,singleton,directed,65,149,-,-,384,NO,1270,pass,raw fixed-order candidate ledger
CALL,full_j4_fixed,0xA400000000000003,9,singleton,directed,66,150,-,-,384,NO,1270,pass,raw fixed-order candidate ledger
CALL,full_j4_fixed,0xA400000000000003,9,singleton,directed,67,151,-,-,384,NO,1270,pass,raw fixed-order candidate ledger
CALL,full_j4_fixed,0xA400000000000003,9,singleton,directed,68,152,-,-,384,NO,1270,pass,raw fixed-order candidate ledger
CALL,full_j4_fixed,0xA400000000000003,9,singleton,directed,69,153,-,-,384,NO,1270,pass,raw fixed-order candidate ledger
CALL,full_j4_fixed,0xA400000000000003,9,singleton,directed,70,154,-,-,384,NO,1270,pass,raw fixed-order candidate ledger
CALL,full_j4_fixed,0xA400000000000003,9,singleton,directed,71,155,-,-,384,NO,1270,pass,raw fixed-order candidate ledger
CALL,full_j4_fixed,0xA400000000000003,9,singleton,directed,72,156,-,-,384,NO,1270,pass,raw fixed-order candidate ledger
CALL,full_j4_fixed,0xA400000000000003,9,singleton,directed,73,157,-,-,384,NO,1270,pass,raw fixed-order candidate ledger
CALL,full_j4_fixed,0xA400000000000003,9,singleton,directed,74,158,-,-,384,NO,1270,pass,raw fixed-order candidate ledger
CALL,full_j4_fixed,0xA400000000000003,9,singleton,directed,75,159,-,-,384,NO,1270,pass,raw fixed-order candidate ledger
CALL,full_j4_fixed,0xA400000000000003,9,singleton,directed,76,160,-,-,384,NO,1270,pass,raw fixed-order candidate ledger
CALL,full_j4_fixed,0xA400000000000003,9,singleton,directed,77,161,-,-,384,NO,1270,pass,raw fixed-order candidate ledger
CALL,full_j4_fixed,0xA400000000000003,9,singleton,directed,78,162,-,-,384,NO,1270,pass,raw fixed-order candidate ledger
CALL,full_j4_fixed,0xA400000000000003,9,singleton,directed,79,163,-,-,384,NO,1270,pass,raw fixed-order candidate ledger
CALL,full_j4_fixed,0xA400000000000003,9,singleton,directed,80,164,-,-,384,NO,1270,pass,raw fixed-order candidate ledger
CALL,full_j4_fixed,0xA400000000000003,9,singleton,directed,81,165,-,-,384,NO,1270,pass,raw fixed-order candidate ledger
CALL,full_j4_fixed,0xA400000000000003,9,singleton,directed,82,166,-,-,384,NO,1270,pass,raw fixed-order candidate ledger
CALL,full_j4_fixed,0xA400000000000003,9,singleton,directed,83,167,-,-,384,NO,1270,pass,raw fixed-order candidate ledger
CALL,full_j4_fixed,0xA400000000000003,9,singleton,directed,84,168,-,-,384,NO,1270,pass,raw fixed-order candidate ledger
CALL,full_j4_fixed,0xA400000000000003,9,singleton,directed,85,169,-,-,384,NO,1270,pass,raw fixed-order candidate ledger
CALL,full_j4_fixed,0xA400000000000003,9,singleton,directed,86,170,-,-,384,NO,1270,pass,raw fixed-order candidate ledger
CALL,full_j4_fixed,0xA400000000000003,9,singleton,directed,87,171,-,-,384,NO,1270,pass,raw fixed-order candidate ledger
CALL,full_j4_fixed,0xA400000000000003,9,singleton,directed,88,172,-,-,384,NO,1270,pass,raw fixed-order candidate ledger
CALL,full_j4_fixed,0xA400000000000003,9,singleton,directed,89,173,-,-,384,NO,1270,pass,raw fixed-order candidate ledger
CALL,full_j4_fixed,0xA400000000000003,9,singleton,directed,90,174,-,-,384,NO,1270,pass,raw fixed-order candidate ledger
CALL,full_j4_fixed,0xA400000000000003,9,singleton,directed,91,175,-,-,384,NO,1270,pass,raw fixed-order candidate ledger
CALL,full_j4_fixed,0xA400000000000003,9,singleton,directed,92,176,-,-,384,NO,1270,pass,raw fixed-order candidate ledger
CALL,full_j4_fixed,0xA400000000000003,9,singleton,directed,93,177,-,-,384,NO,1270,pass,raw fixed-order candidate ledger
CALL,full_j4_fixed,0xA400000000000003,9,singleton,directed,94,178,-,-,384,NO,1270,pass,raw fixed-order candidate ledger
CALL,full_j4_fixed,0xA400000000000003,9,singleton,directed,95,179,-,-,384,NO,1270,pass,raw fixed-order candidate ledger
CALL,full_j4_fixed,0xA400000000000003,9,singleton,directed,96,180,-,-,384,NO,1270,pass,raw fixed-order candidate ledger
CALL,full_j4_fixed,0xA400000000000003,9,singleton,directed,97,181,-,-,384,NO,1270,pass,raw fixed-order candidate ledger
CALL,full_j4_fixed,0xA400000000000003,9,singleton,directed,98,182,-,-,384,NO,1270,pass,raw fixed-order candidate ledger
CALL,full_j4_fixed,0xA400000000000003,9,singleton,directed,99,183,-,-,384,NO,1270,pass,raw fixed-order candidate ledger
CALL,full_j4_fixed,0xA400000000000003,9,singleton,directed,100,184,-,-,384,NO,1270,pass,raw fixed-order candidate ledger
CALL,full_j4_fixed,0xA400000000000003,9,singleton,directed,101,185,-,-,384,NO,1270,pass,raw fixed-order candidate ledger
CALL,full_j4_fixed,0xA400000000000003,9,singleton,directed,102,186,-,-,384,NO,1270,pass,raw fixed-order candidate ledger
CALL,full_j4_fixed,0xA400000000000003,9,singleton,directed,103,187,-,-,384,NO,1270,pass,raw fixed-order candidate ledger
CALL,full_j4_fixed,0xA400000000000003,9,singleton,directed,104,188,-,-,384,NO,1270,pass,raw fixed-order candidate ledger
CALL,full_j4_fixed,0xA400000000000003,9,singleton,directed,105,189,-,-,384,NO,1270,pass,raw fixed-order candidate ledger
CALL,full_j4_fixed,0xA400000000000003,9,singleton,directed,106,190,-,-,384,NO,1270,pass,raw fixed-order candidate ledger
CALL,full_j4_fixed,0xA400000000000003,9,singleton,directed,107,191,-,-,384,NO,1270,pass,raw fixed-order candidate ledger
CALL,full_j4_fixed,0xA400000000000003,9,singleton,directed,108,192,-,-,384,NO,1270,pass,raw fixed-order candidate ledger
CALL,full_j4_fixed,0xA400000000000003,9,singleton,directed,109,193,-,-,384,NO,1270,pass,raw fixed-order candidate ledger
CALL,full_j4_fixed,0xA400000000000003,9,singleton,directed,110,194,-,-,384,NO,1270,pass,raw fixed-order candidate ledger
CALL,full_j4_fixed,0xA400000000000003,9,singleton,directed,111,195,-,-,384,NO,1270,pass,raw fixed-order candidate ledger
CALL,full_j4_fixed,0xA400000000000003,9,singleton,directed,112,196,-,-,384,NO,1270,pass,raw fixed-order candidate ledger
CALL,full_j4_fixed,0xA400000000000003,9,singleton,directed,113,197,-,-,384,NO,1270,pass,raw fixed-order candidate ledger
CALL,full_j4_fixed,0xA400000000000003,9,singleton,directed,114,198,-,-,384,NO,1270,pass,raw fixed-order candidate ledger
CALL,full_j4_fixed,0xA400000000000003,9,singleton,directed,115,199,-,-,384,NO,1270,pass,raw fixed-order candidate ledger
CALL,full_j4_fixed,0xA400000000000003,9,singleton,directed,116,200,-,-,384,NO,1270,pass,raw fixed-order candidate ledger
CALL,full_j4_fixed,0xA400000000000003,9,singleton,directed,117,201,-,-,384,NO,1270,pass,raw fixed-order candidate ledger
CALL,full_j4_fixed,0xA400000000000003,9,singleton,directed,118,202,-,-,384,NO,1270,pass,raw fixed-order candidate ledger
CALL,full_j4_fixed,0xA400000000000003,9,singleton,directed,119,203,-,-,384,NO,1270,pass,raw fixed-order candidate ledger
CALL,full_j4_fixed,0xA400000000000003,9,singleton,directed,120,204,-,-,384,NO,1270,pass,raw fixed-order candidate ledger
CALL,full_j4_fixed,0xA400000000000003,9,singleton,directed,121,205,-,-,384,NO,1270,pass,raw fixed-order candidate ledger
CALL,full_j4_fixed,0xA400000000000003,9,singleton,directed,122,206,-,-,384,NO,1270,pass,raw fixed-order candidate ledger
CALL,full_j4_fixed,0xA400000000000003,9,singleton,directed,123,207,-,-,384,NO,1270,pass,raw fixed-order candidate ledger
CALL,full_j4_fixed,0xA400000000000003,9,singleton,directed,124,208,-,-,384,NO,1270,pass,raw fixed-order candidate ledger
CALL,full_j4_fixed,0xA400000000000003,9,singleton,directed,125,209,-,-,384,NO,1270,pass,raw fixed-order candidate ledger
CALL,full_j4_fixed,0xA400000000000003,9,singleton,directed,126,210,-,-,384,NO,1270,pass,raw fixed-order candidate ledger
CALL,full_j4_fixed,0xA400000000000003,9,singleton,directed,127,211,-,-,384,NO,1270,pass,raw fixed-order candidate ledger
CALL,full_j4_fixed,0xA400000000000003,9,singleton,directed,128,212,-,-,384,NO,1270,pass,raw fixed-order candidate ledger
CALL,full_j4_fixed,0xA400000000000003,9,singleton,directed,129,213,-,-,384,NO,1270,pass,raw fixed-order candidate ledger
CALL,full_j4_fixed,0xA400000000000003,9,singleton,directed,130,214,-,-,384,NO,1270,pass,raw fixed-order candidate ledger
CALL,full_j4_fixed,0xA400000000000003,9,singleton,directed,131,215,-,-,384,NO,1270,pass,raw fixed-order candidate ledger
CALL,full_j4_fixed,0xA400000000000003,9,singleton,directed,132,216,-,-,384,NO,1270,pass,raw fixed-order candidate ledger
CALL,full_j4_fixed,0xA400000000000003,9,singleton,directed,133,217,-,-,384,NO,1270,pass,raw fixed-order candidate ledger
CALL,full_j4_fixed,0xA400000000000003,9,singleton,directed,134,218,-,-,384,NO,1270,pass,raw fixed-order candidate ledger
CALL,full_j4_fixed,0xA400000000000003,9,singleton,directed,135,219,-,-,384,NO,1270,pass,raw fixed-order candidate ledger
CALL,full_j4_fixed,0xA400000000000003,9,singleton,directed,136,220,-,-,384,NO,1270,pass,raw fixed-order candidate ledger
CALL,full_j4_fixed,0xA400000000000003,9,singleton,directed,137,221,-,-,384,NO,1270,pass,raw fixed-order candidate ledger
CALL,full_j4_fixed,0xA400000000000003,9,singleton,directed,138,222,-,-,384,NO,1270,pass,raw fixed-order candidate ledger
CALL,full_j4_fixed,0xA400000000000003,9,singleton,directed,139,223,-,-,384,NO,1270,pass,raw fixed-order candidate ledger
CALL,full_j4_fixed,0xA400000000000003,9,singleton,directed,140,224,-,-,384,NO,1270,pass,raw fixed-order candidate ledger
CALL,full_j4_fixed,0xA400000000000003,9,singleton,directed,141,225,-,-,384,NO,1270,pass,raw fixed-order candidate ledger
CALL,full_j4_fixed,0xA400000000000003,9,singleton,directed,142,226,-,-,384,NO,1270,pass,raw fixed-order candidate ledger
CALL,full_j4_fixed,0xA400000000000003,9,singleton,directed,143,227,-,-,384,NO,1270,pass,raw fixed-order candidate ledger
CALL,full_j4_fixed,0xA400000000000003,9,singleton,directed,144,228,-,-,384,NO,1270,pass,raw fixed-order candidate ledger
CALL,full_j4_fixed,0xA400000000000003,9,singleton,directed,145,229,-,-,384,NO,1270,pass,raw fixed-order candidate ledger
CALL,full_j4_fixed,0xA400000000000003,9,singleton,directed,146,230,-,-,384,NO,1270,pass,raw fixed-order candidate ledger
CALL,full_j4_fixed,0xA400000000000003,9,singleton,directed,147,231,-,-,384,NO,1270,pass,raw fixed-order candidate ledger
CALL,full_j4_fixed,0xA400000000000003,9,singleton,directed,148,232,-,-,384,NO,1270,pass,raw fixed-order candidate ledger
CALL,full_j4_fixed,0xA400000000000003,9,singleton,directed,149,233,-,-,384,NO,1270,pass,raw fixed-order candidate ledger
CALL,full_j4_fixed,0xA400000000000003,9,singleton,directed,150,234,-,-,384,NO,1270,pass,raw fixed-order candidate ledger
CALL,full_j4_fixed,0xA400000000000003,9,singleton,directed,151,235,-,-,384,NO,1270,pass,raw fixed-order candidate ledger
CALL,full_j4_fixed,0xA400000000000003,9,singleton,directed,152,236,-,-,384,NO,1270,pass,raw fixed-order candidate ledger
CALL,full_j4_fixed,0xA400000000000003,9,singleton,directed,153,237,-,-,384,NO,1270,pass,raw fixed-order candidate ledger
CALL,full_j4_fixed,0xA400000000000003,9,singleton,directed,154,238,-,-,384,NO,1270,pass,raw fixed-order candidate ledger
CALL,full_j4_fixed,0xA400000000000003,9,singleton,directed,155,239,-,-,384,NO,1270,pass,raw fixed-order candidate ledger
CALL,full_j4_fixed,0xA400000000000003,9,singleton,directed,156,240,-,-,384,NO,1270,pass,raw fixed-order candidate ledger
CALL,full_j4_fixed,0xA400000000000003,9,singleton,directed,157,241,-,-,384,NO,1270,pass,raw fixed-order candidate ledger
CALL,full_j4_fixed,0xA400000000000003,9,singleton,directed,158,242,-,-,384,NO,1270,pass,raw fixed-order candidate ledger
CALL,full_j4_fixed,0xA400000000000003,9,singleton,directed,159,243,-,-,384,NO,1270,pass,raw fixed-order candidate ledger
CALL,full_j4_fixed,0xA400000000000003,9,singleton,directed,160,244,-,-,384,NO,1270,pass,raw fixed-order candidate ledger
CALL,full_j4_fixed,0xA400000000000003,9,singleton,directed,161,245,-,-,384,NO,1270,pass,raw fixed-order candidate ledger
CALL,full_j4_fixed,0xA400000000000003,9,singleton,directed,162,246,-,-,384,NO,1270,pass,raw fixed-order candidate ledger
CALL,full_j4_fixed,0xA400000000000003,9,singleton,directed,163,247,-,-,384,NO,1270,pass,raw fixed-order candidate ledger
CALL,full_j4_fixed,0xA400000000000003,9,singleton,directed,164,248,-,-,384,NO,1270,pass,raw fixed-order candidate ledger
CALL,full_j4_fixed,0xA400000000000003,9,singleton,directed,165,249,-,-,384,NO,1270,pass,raw fixed-order candidate ledger
CALL,full_j4_fixed,0xA400000000000003,9,singleton,directed,166,250,-,-,384,NO,1270,pass,raw fixed-order candidate ledger
CALL,full_j4_fixed,0xA400000000000003,9,singleton,directed,167,251,-,-,384,NO,1270,pass,raw fixed-order candidate ledger
CALL,full_j4_fixed,0xA400000000000003,9,singleton,directed,168,252,-,-,384,NO,1270,pass,raw fixed-order candidate ledger
CALL,full_j4_fixed,0xA400000000000003,9,singleton,directed,169,253,-,-,384,NO,1270,pass,raw fixed-order candidate ledger
CALL,full_j4_fixed,0xA400000000000003,9,singleton,directed,170,254,-,-,384,NO,1270,pass,raw fixed-order candidate ledger
CALL,full_j4_fixed,0xA400000000000003,9,singleton,directed,171,255,-,-,384,NO,1270,pass,raw fixed-order candidate ledger
CALL,full_j4_fixed,0xA400000000000003,9,singleton,directed,172,256,-,-,384,NO,1270,pass,raw fixed-order candidate ledger
CALL,full_j4_fixed,0xA400000000000003,9,singleton,directed,173,257,-,-,384,NO,1270,pass,raw fixed-order candidate ledger
CALL,full_j4_fixed,0xA400000000000003,9,singleton,directed,174,258,-,-,384,NO,1270,pass,raw fixed-order candidate ledger
CALL,full_j4_fixed,0xA400000000000003,9,singleton,directed,175,259,-,-,384,NO,1270,pass,raw fixed-order candidate ledger
CALL,full_j4_fixed,0xA400000000000003,9,singleton,directed,176,260,-,-,384,NO,1270,pass,raw fixed-order candidate ledger
CALL,full_j4_fixed,0xA400000000000003,9,singleton,directed,177,261,-,-,384,NO,1270,pass,raw fixed-order candidate ledger
CALL,full_j4_fixed,0xA400000000000003,9,singleton,directed,178,262,-,-,384,NO,1270,pass,raw fixed-order candidate ledger
CALL,full_j4_fixed,0xA400000000000003,9,singleton,directed,179,263,-,-,384,NO,1270,pass,raw fixed-order candidate ledger
CALL,full_j4_fixed,0xA400000000000003,9,singleton,directed,180,264,-,-,384,NO,1270,pass,raw fixed-order candidate ledger
CALL,full_j4_fixed,0xA400000000000003,9,singleton,directed,181,265,-,-,384,NO,1270,pass,raw fixed-order candidate ledger
CALL,full_j4_fixed,0xA400000000000003,9,singleton,directed,182,266,-,-,384,NO,1270,pass,raw fixed-order candidate ledger
CALL,full_j4_fixed,0xA400000000000003,9,singleton,directed,183,267,-,-,384,NO,1270,pass,raw fixed-order candidate ledger
CALL,full_j4_fixed,0xA400000000000003,9,singleton,directed,184,268,-,-,384,NO,1270,pass,raw fixed-order candidate ledger
CALL,full_j4_fixed,0xA400000000000003,9,singleton,directed,185,269,-,-,384,NO,1270,pass,raw fixed-order candidate ledger
CALL,full_j4_fixed,0xA400000000000003,9,singleton,directed,186,270,-,-,384,NO,1270,pass,raw fixed-order candidate ledger
CALL,full_j4_fixed,0xA400000000000003,9,singleton,directed,187,271,-,-,384,NO,1270,pass,raw fixed-order candidate ledger
CALL,full_j4_fixed,0xA400000000000003,9,singleton,directed,188,272,-,-,384,NO,1270,pass,raw fixed-order candidate ledger
CALL,full_j4_fixed,0xA400000000000003,9,singleton,directed,189,273,-,-,384,NO,1270,pass,raw fixed-order candidate ledger
CALL,full_j4_fixed,0xA400000000000003,9,singleton,directed,190,274,-,-,384,NO,1270,pass,raw fixed-order candidate ledger
CALL,full_j4_fixed,0xA400000000000003,9,singleton,directed,191,275,-,-,384,NO,1270,pass,raw fixed-order candidate ledger
CALL,full_j4_fixed,0xA400000000000003,9,singleton,directed,192,276,-,-,384,NO,1270,pass,raw fixed-order candidate ledger
CALL,full_j4_fixed,0xA400000000000003,9,singleton,directed,193,277,-,-,384,NO,1270,pass,raw fixed-order candidate ledger
CALL,full_j4_fixed,0xA400000000000003,9,singleton,directed,194,278,-,-,384,NO,1270,pass,raw fixed-order candidate ledger
CALL,full_j4_fixed,0xA400000000000003,9,singleton,directed,195,279,-,-,384,NO,1270,pass,raw fixed-order candidate ledger
CALL,full_j4_fixed,0xA400000000000003,9,singleton,directed,196,280,-,-,384,NO,1270,pass,raw fixed-order candidate ledger
CALL,full_j4_fixed,0xA400000000000003,9,singleton,directed,197,281,-,-,384,NO,1270,pass,raw fixed-order candidate ledger
CALL,full_j4_fixed,0xA400000000000003,9,singleton,directed,198,282,-,-,384,NO,1270,pass,raw fixed-order candidate ledger
CALL,full_j4_fixed,0xA400000000000003,9,singleton,directed,199,283,-,-,384,NO,1270,pass,raw fixed-order candidate ledger
CALL,full_j4_fixed,0xA400000000000003,9,singleton,directed,200,284,-,-,384,NO,1270,pass,raw fixed-order candidate ledger
CALL,full_j4_fixed,0xA400000000000003,9,singleton,directed,201,285,-,-,384,NO,1270,pass,raw fixed-order candidate ledger
CALL,full_j4_fixed,0xA400000000000003,9,singleton,directed,202,286,-,-,384,NO,1270,pass,raw fixed-order candidate ledger
CALL,full_j4_fixed,0xA400000000000003,9,singleton,directed,203,287,-,-,384,NO,1270,pass,raw fixed-order candidate ledger
CALL,full_j4_fixed,0xA400000000000003,9,singleton,directed,204,288,-,-,384,NO,1270,pass,raw fixed-order candidate ledger
CALL,full_j4_fixed,0xA400000000000003,9,singleton,directed,205,289,-,-,384,NO,1270,pass,raw fixed-order candidate ledger
CALL,full_j4_fixed,0xA400000000000003,9,singleton,directed,206,290,-,-,384,NO,1270,pass,raw fixed-order candidate ledger
CALL,full_j4_fixed,0xA400000000000003,9,singleton,directed,207,291,-,-,384,NO,1270,pass,raw fixed-order candidate ledger
CALL,full_j4_fixed,0xA400000000000003,9,singleton,directed,208,292,-,-,384,NO,1270,pass,raw fixed-order candidate ledger
CALL,full_j4_fixed,0xA400000000000003,9,singleton,directed,209,293,-,-,384,NO,1270,pass,raw fixed-order candidate ledger
CALL,full_j4_fixed,0xA400000000000003,9,singleton,directed,210,294,-,-,384,NO,1270,pass,raw fixed-order candidate ledger
CALL,full_j4_fixed,0xA400000000000003,9,singleton,directed,211,295,-,-,384,NO,1270,pass,raw fixed-order candidate ledger
CALL,full_j4_fixed,0xA400000000000003,9,singleton,directed,212,296,-,-,384,NO,1270,pass,raw fixed-order candidate ledger
CALL,full_j4_fixed,0xA400000000000003,9,singleton,directed,213,297,-,-,384,NO,1270,pass,raw fixed-order candidate ledger
CALL,full_j4_fixed,0xA400000000000003,9,singleton,directed,214,298,-,-,384,NO,1270,pass,raw fixed-order candidate ledger
CALL,full_j4_fixed,0xA400000000000003,9,singleton,directed,215,299,-,-,384,NO,1270,pass,raw fixed-order candidate ledger
CALL,full_j4_fixed,0xA400000000000003,9,singleton,directed,216,300,-,-,384,NO,1270,pass,raw fixed-order candidate ledger
CALL,full_j4_fixed,0xA400000000000003,9,singleton,directed,217,301,-,-,384,NO,1270,pass,raw fixed-order candidate ledger
CALL,full_j4_fixed,0xA400000000000003,9,singleton,directed,218,302,-,-,384,NO,1270,pass,raw fixed-order candidate ledger
CALL,full_j4_fixed,0xA400000000000003,9,singleton,directed,219,303,-,-,384,NO,1270,pass,raw fixed-order candidate ledger
CALL,full_j4_fixed,0xA400000000000003,9,singleton,directed,220,304,-,-,384,NO,1270,pass,raw fixed-order candidate ledger
CALL,full_j4_fixed,0xA400000000000003,9,singleton,directed,221,305,-,-,384,NO,1270,pass,raw fixed-order candidate ledger
CALL,full_j4_fixed,0xA400000000000003,9,singleton,directed,222,306,-,-,384,NO,1270,pass,raw fixed-order candidate ledger
CALL,full_j4_fixed,0xA400000000000003,9,singleton,directed,223,307,-,-,384,NO,1270,pass,raw fixed-order candidate ledger
CALL,full_j4_fixed,0xA400000000000003,9,singleton,directed,224,308,-,-,384,NO,1270,pass,raw fixed-order candidate ledger
CALL,full_j4_fixed,0xA400000000000003,9,singleton,directed,225,309,-,-,384,NO,1270,pass,raw fixed-order candidate ledger
CALL,full_j4_fixed,0xA400000000000003,9,singleton,directed,226,310,-,-,384,NO,1270,pass,raw fixed-order candidate ledger
CALL,full_j4_fixed,0xA400000000000003,9,singleton,directed,227,311,-,-,384,NO,1270,pass,raw fixed-order candidate ledger
CALL,full_j4_fixed,0xA400000000000003,9,singleton,directed,228,312,-,-,384,NO,1270,pass,raw fixed-order candidate ledger
CALL,full_j4_fixed,0xA400000000000003,9,singleton,directed,229,313,-,-,384,NO,1270,pass,raw fixed-order candidate ledger
CALL,full_j4_fixed,0xA400000000000003,9,singleton,directed,230,314,-,-,384,NO,1270,pass,raw fixed-order candidate ledger
CALL,full_j4_fixed,0xA400000000000003,9,singleton,directed,231,315,-,-,384,NO,1270,pass,raw fixed-order candidate ledger
CALL,full_j4_fixed,0xA400000000000003,9,singleton,directed,232,316,-,-,384,NO,1270,pass,raw fixed-order candidate ledger
CALL,full_j4_fixed,0xA400000000000003,9,singleton,directed,233,317,-,-,384,NO,1270,pass,raw fixed-order candidate ledger
CALL,full_j4_fixed,0xA400000000000003,9,singleton,directed,234,318,-,-,384,NO,1270,pass,raw fixed-order candidate ledger
CALL,full_j4_fixed,0xA400000000000003,9,singleton,directed,235,319,-,-,384,NO,1270,pass,raw fixed-order candidate ledger
CALL,full_j4_fixed,0xA400000000000003,9,singleton,directed,236,320,-,-,384,NO,1270,pass,raw fixed-order candidate ledger
CALL,full_j4_fixed,0xA400000000000003,9,singleton,directed,237,321,-,-,384,NO,1270,pass,raw fixed-order candidate ledger
CALL,full_j4_fixed,0xA400000000000003,9,singleton,directed,238,322,-,-,384,NO,1270,pass,raw fixed-order candidate ledger
CALL,full_j4_fixed,0xA400000000000003,9,singleton,directed,239,323,-,-,384,NO,1270,pass,raw fixed-order candidate ledger
CALL,full_j4_fixed,0xA400000000000003,9,singleton,directed,240,324,-,-,384,NO,1270,pass,raw fixed-order candidate ledger
CALL,full_j4_fixed,0xA400000000000003,9,singleton,directed,241,325,-,-,384,NO,1270,pass,raw fixed-order candidate ledger
CALL,full_j4_fixed,0xA400000000000003,9,singleton,directed,242,326,-,-,384,NO,1270,pass,raw fixed-order candidate ledger
CALL,full_j4_fixed,0xA400000000000003,9,singleton,directed,243,327,-,-,384,NO,1270,pass,raw fixed-order candidate ledger
CALL,full_j4_fixed,0xA400000000000003,9,singleton,directed,244,328,-,-,384,NO,1270,pass,raw fixed-order candidate ledger
CALL,full_j4_fixed,0xA400000000000003,9,singleton,directed,245,329,-,-,384,NO,1270,pass,raw fixed-order candidate ledger
CALL,full_j4_fixed,0xA400000000000003,9,singleton,directed,246,330,-,-,384,NO,1270,pass,raw fixed-order candidate ledger
CALL,full_j4_fixed,0xA400000000000003,9,singleton,directed,247,331,-,-,384,NO,1270,pass,raw fixed-order candidate ledger
CALL,full_j4_fixed,0xA400000000000003,9,singleton,directed,248,332,-,-,384,NO,1270,pass,raw fixed-order candidate ledger
CALL,full_j4_fixed,0xA400000000000003,9,singleton,directed,249,333,-,-,384,NO,1270,pass,raw fixed-order candidate ledger
CALL,full_j4_fixed,0xA400000000000003,9,singleton,directed,250,334,-,-,384,NO,1270,pass,raw fixed-order candidate ledger
CALL,full_j4_fixed,0xA400000000000003,9,singleton,directed,251,335,-,-,384,NO,1270,pass,raw fixed-order candidate ledger
CALL,full_j4_fixed,0xA400000000000003,9,singleton,directed,252,336,-,-,384,NO,1270,pass,raw fixed-order candidate ledger
CALL,full_j4_fixed,0xA400000000000003,9,singleton,directed,253,337,-,-,384,NO,1270,pass,raw fixed-order candidate ledger
CALL,full_j4_fixed,0xA400000000000003,9,singleton,directed,254,338,-,-,384,NO,1270,pass,raw fixed-order candidate ledger
CALL,full_j4_fixed,0xA400000000000003,9,singleton,directed,255,339,-,-,384,NO,1270,pass,raw fixed-order candidate ledger
CALL,full_j4_fixed,0xA400000000000003,9,singleton,directed,256,340,-,-,384,NO,1270,pass,raw fixed-order candidate ledger
CALL,full_j4_fixed,0xA400000000000003,9,singleton,directed,257,341,-,-,384,NO,1270,pass,raw fixed-order candidate ledger
CALL,full_j4_fixed,0xA400000000000003,9,singleton,directed,258,342,-,-,384,NO,1270,pass,raw fixed-order candidate ledger
CALL,full_j4_fixed,0xA400000000000003,9,singleton,directed,259,343,-,-,384,NO,1270,pass,raw fixed-order candidate ledger
CALL,full_j4_fixed,0xA400000000000003,9,singleton,directed,260,344,-,-,384,NO,1270,pass,raw fixed-order candidate ledger
CALL,full_j4_fixed,0xA400000000000003,9,singleton,directed,261,345,-,-,384,NO,1270,pass,raw fixed-order candidate ledger
CALL,full_j4_fixed,0xA400000000000003,9,singleton,directed,262,346,-,-,384,NO,1270,pass,raw fixed-order candidate ledger
CALL,full_j4_fixed,0xA400000000000003,9,singleton,directed,263,347,-,-,384,NO,1270,pass,raw fixed-order candidate ledger
CALL,full_j4_fixed,0xA400000000000003,9,singleton,directed,264,348,-,-,384,NO,1270,pass,raw fixed-order candidate ledger
CALL,full_j4_fixed,0xA400000000000003,9,singleton,directed,265,349,-,-,384,NO,1270,pass,raw fixed-order candidate ledger
CALL,full_j4_fixed,0xA400000000000003,9,singleton,directed,266,350,-,-,384,NO,1270,pass,raw fixed-order candidate ledger
CALL,full_j4_fixed,0xA400000000000003,9,singleton,directed,267,351,-,-,384,NO,1270,pass,raw fixed-order candidate ledger
CALL,full_j4_fixed,0xA400000000000003,9,singleton,directed,268,352,-,-,384,NO,1270,pass,raw fixed-order candidate ledger
CALL,full_j4_fixed,0xA400000000000003,9,singleton,directed,269,353,-,-,384,NO,1270,pass,raw fixed-order candidate ledger
CALL,full_j4_fixed,0xA400000000000003,9,singleton,directed,270,354,-,-,384,NO,1270,pass,raw fixed-order candidate ledger
CALL,full_j4_fixed,0xA400000000000003,9,singleton,directed,271,355,-,-,384,NO,1270,pass,raw fixed-order candidate ledger
CALL,full_j4_fixed,0xA400000000000003,9,singleton,directed,272,356,-,-,384,NO,1270,pass,raw fixed-order candidate ledger
CALL,full_j4_fixed,0xA400000000000003,9,singleton,directed,273,357,-,-,384,NO,1270,pass,raw fixed-order candidate ledger
CALL,full_j4_fixed,0xA400000000000003,9,singleton,directed,274,358,-,-,384,NO,1270,pass,raw fixed-order candidate ledger
CALL,full_j4_fixed,0xA400000000000003,9,singleton,directed,275,359,-,-,384,NO,1270,pass,raw fixed-order candidate ledger
CALL,full_j4_fixed,0xA400000000000003,9,singleton,directed,276,360,-,-,384,NO,1270,pass,raw fixed-order candidate ledger
CALL,full_j4_fixed,0xA400000000000003,9,singleton,directed,277,361,-,-,384,NO,1270,pass,raw fixed-order candidate ledger
CALL,full_j4_fixed,0xA400000000000003,9,singleton,directed,278,362,-,-,384,NO,1270,pass,raw fixed-order candidate ledger
CALL,full_j4_fixed,0xA400000000000003,9,singleton,directed,279,363,-,-,384,NO,1270,pass,raw fixed-order candidate ledger
CALL,full_j4_fixed,0xA400000000000003,9,singleton,directed,280,364,-,-,384,NO,1270,pass,raw fixed-order candidate ledger
CALL,full_j4_fixed,0xA400000000000003,9,singleton,directed,281,365,-,-,384,NO,1270,pass,raw fixed-order candidate ledger
CALL,full_j4_fixed,0xA400000000000003,9,singleton,directed,282,366,-,-,384,NO,1270,pass,raw fixed-order candidate ledger
CALL,full_j4_fixed,0xA400000000000003,9,singleton,directed,283,367,-,-,384,NO,1270,pass,raw fixed-order candidate ledger
CALL,full_j4_fixed,0xA400000000000003,9,singleton,directed,284,368,-,-,384,NO,1270,pass,raw fixed-order candidate ledger
CALL,full_j4_fixed,0xA400000000000003,9,singleton,directed,285,369,-,-,384,NO,1270,pass,raw fixed-order candidate ledger
CALL,full_j4_fixed,0xA400000000000003,9,singleton,directed,286,370,-,-,384,NO,1270,pass,raw fixed-order candidate ledger
CALL,full_j4_fixed,0xA400000000000003,9,singleton,directed,287,371,-,-,384,NO,1270,pass,raw fixed-order candidate ledger
CALL,full_j4_fixed,0xA400000000000003,9,singleton,directed,288,372,-,-,384,NO,1270,pass,raw fixed-order candidate ledger
CALL,full_j4_fixed,0xA400000000000003,9,singleton,directed,289,373,-,-,384,NO,1270,pass,raw fixed-order candidate ledger
CALL,full_j4_fixed,0xA400000000000003,9,singleton,directed,290,374,-,-,384,NO,1270,pass,raw fixed-order candidate ledger
CALL,full_j4_fixed,0xA400000000000003,9,singleton,directed,291,375,-,-,384,NO,1270,pass,raw fixed-order candidate ledger
CALL,full_j4_fixed,0xA400000000000003,9,singleton,directed,292,376,-,-,384,NO,1270,pass,raw fixed-order candidate ledger
CALL,full_j4_fixed,0xA400000000000003,9,singleton,directed,293,377,-,-,384,NO,1270,pass,raw fixed-order candidate ledger
CALL,full_j4_fixed,0xA400000000000003,9,singleton,directed,294,378,-,-,384,NO,1270,pass,raw fixed-order candidate ledger
CALL,full_j4_fixed,0xA400000000000003,9,singleton,directed,295,379,-,-,384,NO,1270,pass,raw fixed-order candidate ledger
CALL,full_j4_fixed,0xA400000000000003,9,singleton,directed,296,380,-,-,384,NO,1270,pass,raw fixed-order candidate ledger
CALL,full_j4_fixed,0xA400000000000003,9,singleton,directed,297,381,-,-,384,NO,1270,pass,raw fixed-order candidate ledger
CALL,full_j4_fixed,0xA400000000000003,9,singleton,directed,298,382,-,-,384,NO,1270,pass,raw fixed-order candidate ledger
CALL,full_j4_fixed,0xA400000000000003,9,singleton,directed,299,383,-,-,384,NO,1270,pass,raw fixed-order candidate ledger
CALL,full_j4_fixed,0xA400000000000003,9,singleton,directed,300,384,-,-,384,NO,1270,pass,raw fixed-order candidate ledger
ATTRIBUTION,full_j4_fixed,0xA400000000000003,9,singleton,directed,35,- ,119,36,384,YES,1270,pass,first exact inside J4 frozen bank order
ABLATION,full_j4_fixed,0xA400000000000003,9,singleton,-,-,-,-,-,384,YES,1270,pass,predeclared bank ablation
ABLATION,no_global,0xA400000000000003,9,singleton,-,-,-,-,-,354,YES,1270,pass,predeclared bank ablation
ABLATION,no_singleton,0xA400000000000003,9,singleton,-,-,-,-,-,336,YES,1270,pass,predeclared bank ablation
ABLATION,no_none,0xA400000000000003,9,singleton,-,-,-,-,-,379,YES,1270,pass,predeclared bank ablation
ABLATION,no_directed,0xA400000000000003,9,singleton,-,-,-,-,-,83,YES,1270,pass,predeclared bank ablation
ABLATION,directed_100,0xA400000000000003,9,singleton,-,-,-,-,-,183,YES,1270,pass,predeclared bank ablation
ABLATION,directed_200,0xA400000000000003,9,singleton,-,-,-,-,-,283,YES,1270,pass,predeclared bank ablation
ABLATION,small_banks_only,0xA400000000000003,9,singleton,-,-,-,-,-,83,YES,1270,pass,predeclared bank ablation
ABLATION,derived_minimal_prefix,0xA400000000000003,9,singleton,-,-,-,-,-,127,YES,1270,pass,predeclared bank ablation
CALL,full_j4_fixed,0xA400000000000003,14,directed,global,0,1,-,-,384,NO,1270,pass,raw fixed-order candidate ledger
CALL,full_j4_fixed,0xA400000000000003,14,directed,global,1,2,-,-,384,NO,1270,pass,raw fixed-order candidate ledger
CALL,full_j4_fixed,0xA400000000000003,14,directed,global,2,3,-,-,384,NO,1270,pass,raw fixed-order candidate ledger
CALL,full_j4_fixed,0xA400000000000003,14,directed,global,3,4,-,-,384,NO,1270,pass,raw fixed-order candidate ledger
CALL,full_j4_fixed,0xA400000000000003,14,directed,global,4,5,-,-,384,NO,1270,pass,raw fixed-order candidate ledger
CALL,full_j4_fixed,0xA400000000000003,14,directed,global,5,6,-,-,384,NO,1270,pass,raw fixed-order candidate ledger
CALL,full_j4_fixed,0xA400000000000003,14,directed,global,6,7,-,-,384,NO,1270,pass,raw fixed-order candidate ledger
CALL,full_j4_fixed,0xA400000000000003,14,directed,global,7,8,-,-,384,NO,1270,pass,raw fixed-order candidate ledger
CALL,full_j4_fixed,0xA400000000000003,14,directed,global,8,9,-,-,384,NO,1270,pass,raw fixed-order candidate ledger
CALL,full_j4_fixed,0xA400000000000003,14,directed,global,9,10,-,-,384,NO,1270,pass,raw fixed-order candidate ledger
CALL,full_j4_fixed,0xA400000000000003,14,directed,global,10,11,-,-,384,NO,1270,pass,raw fixed-order candidate ledger
CALL,full_j4_fixed,0xA400000000000003,14,directed,global,11,12,-,-,384,NO,1270,pass,raw fixed-order candidate ledger
CALL,full_j4_fixed,0xA400000000000003,14,directed,global,12,13,-,-,384,NO,1270,pass,raw fixed-order candidate ledger
CALL,full_j4_fixed,0xA400000000000003,14,directed,global,13,14,-,-,384,NO,1270,pass,raw fixed-order candidate ledger
CALL,full_j4_fixed,0xA400000000000003,14,directed,global,14,15,-,-,384,NO,1270,pass,raw fixed-order candidate ledger
CALL,full_j4_fixed,0xA400000000000003,14,directed,global,15,16,-,-,384,NO,1270,pass,raw fixed-order candidate ledger
CALL,full_j4_fixed,0xA400000000000003,14,directed,global,16,17,-,-,384,NO,1270,pass,raw fixed-order candidate ledger
CALL,full_j4_fixed,0xA400000000000003,14,directed,global,17,18,-,-,384,NO,1270,pass,raw fixed-order candidate ledger
CALL,full_j4_fixed,0xA400000000000003,14,directed,global,18,19,-,-,384,NO,1270,pass,raw fixed-order candidate ledger
CALL,full_j4_fixed,0xA400000000000003,14,directed,global,19,20,-,-,384,NO,1270,pass,raw fixed-order candidate ledger
CALL,full_j4_fixed,0xA400000000000003,14,directed,global,20,21,-,-,384,NO,1270,pass,raw fixed-order candidate ledger
CALL,full_j4_fixed,0xA400000000000003,14,directed,global,21,22,-,-,384,NO,1270,pass,raw fixed-order candidate ledger
CALL,full_j4_fixed,0xA400000000000003,14,directed,global,22,23,-,-,384,NO,1270,pass,raw fixed-order candidate ledger
CALL,full_j4_fixed,0xA400000000000003,14,directed,global,23,24,-,-,384,NO,1270,pass,raw fixed-order candidate ledger
CALL,full_j4_fixed,0xA400000000000003,14,directed,global,24,25,-,-,384,NO,1270,pass,raw fixed-order candidate ledger
CALL,full_j4_fixed,0xA400000000000003,14,directed,global,25,26,-,-,384,NO,1270,pass,raw fixed-order candidate ledger
CALL,full_j4_fixed,0xA400000000000003,14,directed,global,26,27,-,-,384,NO,1270,pass,raw fixed-order candidate ledger
CALL,full_j4_fixed,0xA400000000000003,14,directed,global,27,28,-,-,384,NO,1270,pass,raw fixed-order candidate ledger
CALL,full_j4_fixed,0xA400000000000003,14,directed,global,28,29,-,-,384,NO,1270,pass,raw fixed-order candidate ledger
CALL,full_j4_fixed,0xA400000000000003,14,directed,global,29,30,-,-,384,NO,1270,pass,raw fixed-order candidate ledger
CALL,full_j4_fixed,0xA400000000000003,14,directed,singleton,0,31,-,-,384,NO,1270,pass,raw fixed-order candidate ledger
CALL,full_j4_fixed,0xA400000000000003,14,directed,singleton,1,32,-,-,384,NO,1270,pass,raw fixed-order candidate ledger
CALL,full_j4_fixed,0xA400000000000003,14,directed,singleton,2,33,-,-,384,NO,1270,pass,raw fixed-order candidate ledger
CALL,full_j4_fixed,0xA400000000000003,14,directed,singleton,3,34,-,-,384,NO,1270,pass,raw fixed-order candidate ledger
CALL,full_j4_fixed,0xA400000000000003,14,directed,singleton,4,35,-,-,384,NO,1270,pass,raw fixed-order candidate ledger
CALL,full_j4_fixed,0xA400000000000003,14,directed,singleton,5,36,-,-,384,NO,1270,pass,raw fixed-order candidate ledger
CALL,full_j4_fixed,0xA400000000000003,14,directed,singleton,6,37,-,-,384,NO,1270,pass,raw fixed-order candidate ledger
CALL,full_j4_fixed,0xA400000000000003,14,directed,singleton,7,38,-,-,384,NO,1270,pass,raw fixed-order candidate ledger
CALL,full_j4_fixed,0xA400000000000003,14,directed,singleton,8,39,-,-,384,NO,1270,pass,raw fixed-order candidate ledger
CALL,full_j4_fixed,0xA400000000000003,14,directed,singleton,9,40,-,-,384,NO,1270,pass,raw fixed-order candidate ledger
CALL,full_j4_fixed,0xA400000000000003,14,directed,singleton,10,41,-,-,384,NO,1270,pass,raw fixed-order candidate ledger
CALL,full_j4_fixed,0xA400000000000003,14,directed,singleton,11,42,-,-,384,NO,1270,pass,raw fixed-order candidate ledger
CALL,full_j4_fixed,0xA400000000000003,14,directed,singleton,12,43,-,-,384,NO,1270,pass,raw fixed-order candidate ledger
CALL,full_j4_fixed,0xA400000000000003,14,directed,singleton,13,44,-,-,384,NO,1270,pass,raw fixed-order candidate ledger
CALL,full_j4_fixed,0xA400000000000003,14,directed,singleton,14,45,-,-,384,NO,1270,pass,raw fixed-order candidate ledger
CALL,full_j4_fixed,0xA400000000000003,14,directed,singleton,15,46,-,-,384,NO,1270,pass,raw fixed-order candidate ledger
CALL,full_j4_fixed,0xA400000000000003,14,directed,singleton,16,47,-,-,384,NO,1270,pass,raw fixed-order candidate ledger
CALL,full_j4_fixed,0xA400000000000003,14,directed,singleton,17,48,-,-,384,NO,1270,pass,raw fixed-order candidate ledger
CALL,full_j4_fixed,0xA400000000000003,14,directed,singleton,18,49,-,-,384,NO,1270,pass,raw fixed-order candidate ledger
CALL,full_j4_fixed,0xA400000000000003,14,directed,singleton,19,50,-,-,384,NO,1270,pass,raw fixed-order candidate ledger
CALL,full_j4_fixed,0xA400000000000003,14,directed,singleton,20,51,-,-,384,NO,1270,pass,raw fixed-order candidate ledger
CALL,full_j4_fixed,0xA400000000000003,14,directed,singleton,21,52,-,-,384,NO,1270,pass,raw fixed-order candidate ledger
CALL,full_j4_fixed,0xA400000000000003,14,directed,singleton,22,53,-,-,384,NO,1270,pass,raw fixed-order candidate ledger
CALL,full_j4_fixed,0xA400000000000003,14,directed,singleton,23,54,-,-,384,NO,1270,pass,raw fixed-order candidate ledger
CALL,full_j4_fixed,0xA400000000000003,14,directed,singleton,24,55,-,-,384,NO,1270,pass,raw fixed-order candidate ledger
CALL,full_j4_fixed,0xA400000000000003,14,directed,singleton,25,56,-,-,384,NO,1270,pass,raw fixed-order candidate ledger
CALL,full_j4_fixed,0xA400000000000003,14,directed,singleton,26,57,-,-,384,NO,1270,pass,raw fixed-order candidate ledger
CALL,full_j4_fixed,0xA400000000000003,14,directed,singleton,27,58,-,-,384,NO,1270,pass,raw fixed-order candidate ledger
CALL,full_j4_fixed,0xA400000000000003,14,directed,singleton,28,59,-,-,384,NO,1270,pass,raw fixed-order candidate ledger
CALL,full_j4_fixed,0xA400000000000003,14,directed,singleton,29,60,-,-,384,NO,1270,pass,raw fixed-order candidate ledger
CALL,full_j4_fixed,0xA400000000000003,14,directed,singleton,30,61,-,-,384,NO,1270,pass,raw fixed-order candidate ledger
CALL,full_j4_fixed,0xA400000000000003,14,directed,singleton,31,62,-,-,384,NO,1270,pass,raw fixed-order candidate ledger
CALL,full_j4_fixed,0xA400000000000003,14,directed,singleton,32,63,-,-,384,NO,1270,pass,raw fixed-order candidate ledger
CALL,full_j4_fixed,0xA400000000000003,14,directed,singleton,33,64,-,-,384,NO,1270,pass,raw fixed-order candidate ledger
CALL,full_j4_fixed,0xA400000000000003,14,directed,singleton,34,65,-,-,384,NO,1270,pass,raw fixed-order candidate ledger
CALL,full_j4_fixed,0xA400000000000003,14,directed,singleton,35,66,-,-,384,NO,1270,pass,raw fixed-order candidate ledger
CALL,full_j4_fixed,0xA400000000000003,14,directed,singleton,36,67,-,-,384,NO,1270,pass,raw fixed-order candidate ledger
CALL,full_j4_fixed,0xA400000000000003,14,directed,singleton,37,68,-,-,384,NO,1270,pass,raw fixed-order candidate ledger
CALL,full_j4_fixed,0xA400000000000003,14,directed,singleton,38,69,-,-,384,NO,1270,pass,raw fixed-order candidate ledger
CALL,full_j4_fixed,0xA400000000000003,14,directed,singleton,39,70,-,-,384,NO,1270,pass,raw fixed-order candidate ledger
CALL,full_j4_fixed,0xA400000000000003,14,directed,singleton,40,71,-,-,384,NO,1270,pass,raw fixed-order candidate ledger
CALL,full_j4_fixed,0xA400000000000003,14,directed,singleton,41,72,-,-,384,NO,1270,pass,raw fixed-order candidate ledger
CALL,full_j4_fixed,0xA400000000000003,14,directed,singleton,42,73,-,-,384,NO,1270,pass,raw fixed-order candidate ledger
CALL,full_j4_fixed,0xA400000000000003,14,directed,singleton,43,74,-,-,384,NO,1270,pass,raw fixed-order candidate ledger
CALL,full_j4_fixed,0xA400000000000003,14,directed,singleton,44,75,-,-,384,NO,1270,pass,raw fixed-order candidate ledger
CALL,full_j4_fixed,0xA400000000000003,14,directed,singleton,45,76,-,-,384,NO,1270,pass,raw fixed-order candidate ledger
CALL,full_j4_fixed,0xA400000000000003,14,directed,singleton,46,77,-,-,384,NO,1270,pass,raw fixed-order candidate ledger
CALL,full_j4_fixed,0xA400000000000003,14,directed,singleton,47,78,-,-,384,NO,1270,pass,raw fixed-order candidate ledger
CALL,full_j4_fixed,0xA400000000000003,14,directed,none,0,79,-,-,384,NO,1270,pass,raw fixed-order candidate ledger
CALL,full_j4_fixed,0xA400000000000003,14,directed,none,1,80,-,-,384,NO,1270,pass,raw fixed-order candidate ledger
CALL,full_j4_fixed,0xA400000000000003,14,directed,none,2,81,-,-,384,NO,1270,pass,raw fixed-order candidate ledger
CALL,full_j4_fixed,0xA400000000000003,14,directed,none,3,82,-,-,384,NO,1270,pass,raw fixed-order candidate ledger
CALL,full_j4_fixed,0xA400000000000003,14,directed,none,4,83,-,-,384,NO,1270,pass,raw fixed-order candidate ledger
CALL,full_j4_fixed,0xA400000000000003,14,directed,directed,0,84,-,-,384,NO,1270,pass,raw fixed-order candidate ledger
CALL,full_j4_fixed,0xA400000000000003,14,directed,directed,1,85,-,-,384,NO,1270,pass,raw fixed-order candidate ledger
CALL,full_j4_fixed,0xA400000000000003,14,directed,directed,2,86,-,-,384,NO,1270,pass,raw fixed-order candidate ledger
CALL,full_j4_fixed,0xA400000000000003,14,directed,directed,3,87,-,-,384,NO,1270,pass,raw fixed-order candidate ledger
CALL,full_j4_fixed,0xA400000000000003,14,directed,directed,4,88,-,-,384,NO,1270,pass,raw fixed-order candidate ledger
CALL,full_j4_fixed,0xA400000000000003,14,directed,directed,5,89,-,-,384,NO,1270,pass,raw fixed-order candidate ledger
CALL,full_j4_fixed,0xA400000000000003,14,directed,directed,6,90,-,-,384,NO,1270,pass,raw fixed-order candidate ledger
CALL,full_j4_fixed,0xA400000000000003,14,directed,directed,7,91,-,-,384,NO,1270,pass,raw fixed-order candidate ledger
CALL,full_j4_fixed,0xA400000000000003,14,directed,directed,8,92,-,-,384,NO,1270,pass,raw fixed-order candidate ledger
CALL,full_j4_fixed,0xA400000000000003,14,directed,directed,9,93,-,-,384,NO,1270,pass,raw fixed-order candidate ledger
CALL,full_j4_fixed,0xA400000000000003,14,directed,directed,10,94,-,-,384,NO,1270,pass,raw fixed-order candidate ledger
CALL,full_j4_fixed,0xA400000000000003,14,directed,directed,11,95,-,-,384,NO,1270,pass,raw fixed-order candidate ledger
CALL,full_j4_fixed,0xA400000000000003,14,directed,directed,12,96,-,-,384,NO,1270,pass,raw fixed-order candidate ledger
CALL,full_j4_fixed,0xA400000000000003,14,directed,directed,13,97,-,-,384,NO,1270,pass,raw fixed-order candidate ledger
CALL,full_j4_fixed,0xA400000000000003,14,directed,directed,14,98,-,-,384,NO,1270,pass,raw fixed-order candidate ledger
CALL,full_j4_fixed,0xA400000000000003,14,directed,directed,15,99,-,-,384,NO,1270,pass,raw fixed-order candidate ledger
CALL,full_j4_fixed,0xA400000000000003,14,directed,directed,16,100,-,-,384,NO,1270,pass,raw fixed-order candidate ledger
CALL,full_j4_fixed,0xA400000000000003,14,directed,directed,17,101,-,-,384,NO,1270,pass,raw fixed-order candidate ledger
CALL,full_j4_fixed,0xA400000000000003,14,directed,directed,18,102,-,-,384,NO,1270,pass,raw fixed-order candidate ledger
CALL,full_j4_fixed,0xA400000000000003,14,directed,directed,19,103,-,-,384,NO,1270,pass,raw fixed-order candidate ledger
CALL,full_j4_fixed,0xA400000000000003,14,directed,directed,20,104,-,-,384,NO,1270,pass,raw fixed-order candidate ledger
CALL,full_j4_fixed,0xA400000000000003,14,directed,directed,21,105,-,-,384,NO,1270,pass,raw fixed-order candidate ledger
CALL,full_j4_fixed,0xA400000000000003,14,directed,directed,22,106,-,-,384,NO,1270,pass,raw fixed-order candidate ledger
CALL,full_j4_fixed,0xA400000000000003,14,directed,directed,23,107,-,-,384,NO,1270,pass,raw fixed-order candidate ledger
CALL,full_j4_fixed,0xA400000000000003,14,directed,directed,24,108,-,-,384,NO,1270,pass,raw fixed-order candidate ledger
CALL,full_j4_fixed,0xA400000000000003,14,directed,directed,25,109,-,-,384,NO,1270,pass,raw fixed-order candidate ledger
CALL,full_j4_fixed,0xA400000000000003,14,directed,directed,26,110,-,-,384,NO,1270,pass,raw fixed-order candidate ledger
CALL,full_j4_fixed,0xA400000000000003,14,directed,directed,27,111,-,-,384,NO,1270,pass,raw fixed-order candidate ledger
CALL,full_j4_fixed,0xA400000000000003,14,directed,directed,28,112,-,-,384,NO,1270,pass,raw fixed-order candidate ledger
CALL,full_j4_fixed,0xA400000000000003,14,directed,directed,29,113,-,-,384,NO,1270,pass,raw fixed-order candidate ledger
CALL,full_j4_fixed,0xA400000000000003,14,directed,directed,30,114,-,-,384,NO,1270,pass,raw fixed-order candidate ledger
CALL,full_j4_fixed,0xA400000000000003,14,directed,directed,31,115,-,-,384,NO,1270,pass,raw fixed-order candidate ledger
CALL,full_j4_fixed,0xA400000000000003,14,directed,directed,32,116,-,-,384,NO,1270,pass,raw fixed-order candidate ledger
CALL,full_j4_fixed,0xA400000000000003,14,directed,directed,33,117,-,-,384,NO,1270,pass,raw fixed-order candidate ledger
CALL,full_j4_fixed,0xA400000000000003,14,directed,directed,34,118,-,-,384,NO,1270,pass,raw fixed-order candidate ledger
CALL,full_j4_fixed,0xA400000000000003,14,directed,directed,35,119,-,-,384,NO,1270,pass,raw fixed-order candidate ledger
CALL,full_j4_fixed,0xA400000000000003,14,directed,directed,36,120,-,-,384,NO,1270,pass,raw fixed-order candidate ledger
CALL,full_j4_fixed,0xA400000000000003,14,directed,directed,37,121,-,-,384,NO,1270,pass,raw fixed-order candidate ledger
CALL,full_j4_fixed,0xA400000000000003,14,directed,directed,38,122,-,-,384,NO,1270,pass,raw fixed-order candidate ledger
CALL,full_j4_fixed,0xA400000000000003,14,directed,directed,39,123,-,-,384,NO,1270,pass,raw fixed-order candidate ledger
CALL,full_j4_fixed,0xA400000000000003,14,directed,directed,40,124,-,-,384,NO,1270,pass,raw fixed-order candidate ledger
CALL,full_j4_fixed,0xA400000000000003,14,directed,directed,41,125,-,-,384,NO,1270,pass,raw fixed-order candidate ledger
CALL,full_j4_fixed,0xA400000000000003,14,directed,directed,42,126,-,-,384,NO,1270,pass,raw fixed-order candidate ledger
CALL,full_j4_fixed,0xA400000000000003,14,directed,directed,43,127,-,-,384,NO,1270,pass,raw fixed-order candidate ledger
CALL,full_j4_fixed,0xA400000000000003,14,directed,directed,44,128,-,-,384,NO,1270,pass,raw fixed-order candidate ledger
CALL,full_j4_fixed,0xA400000000000003,14,directed,directed,45,129,-,-,384,NO,1270,pass,raw fixed-order candidate ledger
CALL,full_j4_fixed,0xA400000000000003,14,directed,directed,46,130,-,-,384,NO,1270,pass,raw fixed-order candidate ledger
CALL,full_j4_fixed,0xA400000000000003,14,directed,directed,47,131,-,-,384,NO,1270,pass,raw fixed-order candidate ledger
CALL,full_j4_fixed,0xA400000000000003,14,directed,directed,48,132,-,-,384,NO,1270,pass,raw fixed-order candidate ledger
CALL,full_j4_fixed,0xA400000000000003,14,directed,directed,49,133,-,-,384,NO,1270,pass,raw fixed-order candidate ledger
CALL,full_j4_fixed,0xA400000000000003,14,directed,directed,50,134,-,-,384,NO,1270,pass,raw fixed-order candidate ledger
CALL,full_j4_fixed,0xA400000000000003,14,directed,directed,51,135,-,-,384,NO,1270,pass,raw fixed-order candidate ledger
CALL,full_j4_fixed,0xA400000000000003,14,directed,directed,52,136,-,-,384,NO,1270,pass,raw fixed-order candidate ledger
CALL,full_j4_fixed,0xA400000000000003,14,directed,directed,53,137,-,-,384,NO,1270,pass,raw fixed-order candidate ledger
CALL,full_j4_fixed,0xA400000000000003,14,directed,directed,54,138,-,-,384,NO,1270,pass,raw fixed-order candidate ledger
CALL,full_j4_fixed,0xA400000000000003,14,directed,directed,55,139,-,-,384,NO,1270,pass,raw fixed-order candidate ledger
CALL,full_j4_fixed,0xA400000000000003,14,directed,directed,56,140,-,-,384,NO,1270,pass,raw fixed-order candidate ledger
CALL,full_j4_fixed,0xA400000000000003,14,directed,directed,57,141,-,-,384,NO,1270,pass,raw fixed-order candidate ledger
CALL,full_j4_fixed,0xA400000000000003,14,directed,directed,58,142,-,-,384,NO,1270,pass,raw fixed-order candidate ledger
CALL,full_j4_fixed,0xA400000000000003,14,directed,directed,59,143,-,-,384,NO,1270,pass,raw fixed-order candidate ledger
CALL,full_j4_fixed,0xA400000000000003,14,directed,directed,60,144,-,-,384,NO,1270,pass,raw fixed-order candidate ledger
CALL,full_j4_fixed,0xA400000000000003,14,directed,directed,61,145,-,-,384,NO,1270,pass,raw fixed-order candidate ledger
CALL,full_j4_fixed,0xA400000000000003,14,directed,directed,62,146,-,-,384,NO,1270,pass,raw fixed-order candidate ledger
CALL,full_j4_fixed,0xA400000000000003,14,directed,directed,63,147,-,-,384,NO,1270,pass,raw fixed-order candidate ledger
CALL,full_j4_fixed,0xA400000000000003,14,directed,directed,64,148,-,-,384,NO,1270,pass,raw fixed-order candidate ledger
CALL,full_j4_fixed,0xA400000000000003,14,directed,directed,65,149,-,-,384,NO,1270,pass,raw fixed-order candidate ledger
CALL,full_j4_fixed,0xA400000000000003,14,directed,directed,66,150,-,-,384,NO,1270,pass,raw fixed-order candidate ledger
CALL,full_j4_fixed,0xA400000000000003,14,directed,directed,67,151,-,-,384,NO,1270,pass,raw fixed-order candidate ledger
CALL,full_j4_fixed,0xA400000000000003,14,directed,directed,68,152,-,-,384,NO,1270,pass,raw fixed-order candidate ledger
CALL,full_j4_fixed,0xA400000000000003,14,directed,directed,69,153,-,-,384,NO,1270,pass,raw fixed-order candidate ledger
CALL,full_j4_fixed,0xA400000000000003,14,directed,directed,70,154,-,-,384,NO,1270,pass,raw fixed-order candidate ledger
CALL,full_j4_fixed,0xA400000000000003,14,directed,directed,71,155,-,-,384,NO,1270,pass,raw fixed-order candidate ledger
CALL,full_j4_fixed,0xA400000000000003,14,directed,directed,72,156,-,-,384,NO,1270,pass,raw fixed-order candidate ledger
CALL,full_j4_fixed,0xA400000000000003,14,directed,directed,73,157,-,-,384,NO,1270,pass,raw fixed-order candidate ledger
CALL,full_j4_fixed,0xA400000000000003,14,directed,directed,74,158,-,-,384,NO,1270,pass,raw fixed-order candidate ledger
CALL,full_j4_fixed,0xA400000000000003,14,directed,directed,75,159,-,-,384,NO,1270,pass,raw fixed-order candidate ledger
CALL,full_j4_fixed,0xA400000000000003,14,directed,directed,76,160,-,-,384,NO,1270,pass,raw fixed-order candidate ledger
CALL,full_j4_fixed,0xA400000000000003,14,directed,directed,77,161,-,-,384,NO,1270,pass,raw fixed-order candidate ledger
CALL,full_j4_fixed,0xA400000000000003,14,directed,directed,78,162,-,-,384,NO,1270,pass,raw fixed-order candidate ledger
CALL,full_j4_fixed,0xA400000000000003,14,directed,directed,79,163,-,-,384,NO,1270,pass,raw fixed-order candidate ledger
CALL,full_j4_fixed,0xA400000000000003,14,directed,directed,80,164,-,-,384,NO,1270,pass,raw fixed-order candidate ledger
CALL,full_j4_fixed,0xA400000000000003,14,directed,directed,81,165,-,-,384,NO,1270,pass,raw fixed-order candidate ledger
CALL,full_j4_fixed,0xA400000000000003,14,directed,directed,82,166,-,-,384,NO,1270,pass,raw fixed-order candidate ledger
CALL,full_j4_fixed,0xA400000000000003,14,directed,directed,83,167,-,-,384,NO,1270,pass,raw fixed-order candidate ledger
CALL,full_j4_fixed,0xA400000000000003,14,directed,directed,84,168,-,-,384,NO,1270,pass,raw fixed-order candidate ledger
CALL,full_j4_fixed,0xA400000000000003,14,directed,directed,85,169,-,-,384,NO,1270,pass,raw fixed-order candidate ledger
CALL,full_j4_fixed,0xA400000000000003,14,directed,directed,86,170,-,-,384,NO,1270,pass,raw fixed-order candidate ledger
CALL,full_j4_fixed,0xA400000000000003,14,directed,directed,87,171,-,-,384,NO,1270,pass,raw fixed-order candidate ledger
CALL,full_j4_fixed,0xA400000000000003,14,directed,directed,88,172,-,-,384,NO,1270,pass,raw fixed-order candidate ledger
CALL,full_j4_fixed,0xA400000000000003,14,directed,directed,89,173,-,-,384,NO,1270,pass,raw fixed-order candidate ledger
CALL,full_j4_fixed,0xA400000000000003,14,directed,directed,90,174,-,-,384,NO,1270,pass,raw fixed-order candidate ledger
CALL,full_j4_fixed,0xA400000000000003,14,directed,directed,91,175,-,-,384,NO,1270,pass,raw fixed-order candidate ledger
CALL,full_j4_fixed,0xA400000000000003,14,directed,directed,92,176,-,-,384,NO,1270,pass,raw fixed-order candidate ledger
CALL,full_j4_fixed,0xA400000000000003,14,directed,directed,93,177,-,-,384,NO,1270,pass,raw fixed-order candidate ledger
CALL,full_j4_fixed,0xA400000000000003,14,directed,directed,94,178,-,-,384,NO,1270,pass,raw fixed-order candidate ledger
CALL,full_j4_fixed,0xA400000000000003,14,directed,directed,95,179,-,-,384,NO,1270,pass,raw fixed-order candidate ledger
CALL,full_j4_fixed,0xA400000000000003,14,directed,directed,96,180,-,-,384,NO,1270,pass,raw fixed-order candidate ledger
CALL,full_j4_fixed,0xA400000000000003,14,directed,directed,97,181,-,-,384,NO,1270,pass,raw fixed-order candidate ledger
CALL,full_j4_fixed,0xA400000000000003,14,directed,directed,98,182,-,-,384,NO,1270,pass,raw fixed-order candidate ledger
CALL,full_j4_fixed,0xA400000000000003,14,directed,directed,99,183,-,-,384,NO,1270,pass,raw fixed-order candidate ledger
CALL,full_j4_fixed,0xA400000000000003,14,directed,directed,100,184,-,-,384,NO,1270,pass,raw fixed-order candidate ledger
CALL,full_j4_fixed,0xA400000000000003,14,directed,directed,101,185,-,-,384,NO,1270,pass,raw fixed-order candidate ledger
CALL,full_j4_fixed,0xA400000000000003,14,directed,directed,102,186,-,-,384,NO,1270,pass,raw fixed-order candidate ledger
CALL,full_j4_fixed,0xA400000000000003,14,directed,directed,103,187,-,-,384,NO,1270,pass,raw fixed-order candidate ledger
CALL,full_j4_fixed,0xA400000000000003,14,directed,directed,104,188,-,-,384,NO,1270,pass,raw fixed-order candidate ledger
CALL,full_j4_fixed,0xA400000000000003,14,directed,directed,105,189,-,-,384,NO,1270,pass,raw fixed-order candidate ledger
CALL,full_j4_fixed,0xA400000000000003,14,directed,directed,106,190,-,-,384,NO,1270,pass,raw fixed-order candidate ledger
CALL,full_j4_fixed,0xA400000000000003,14,directed,directed,107,191,-,-,384,NO,1270,pass,raw fixed-order candidate ledger
CALL,full_j4_fixed,0xA400000000000003,14,directed,directed,108,192,-,-,384,NO,1270,pass,raw fixed-order candidate ledger
CALL,full_j4_fixed,0xA400000000000003,14,directed,directed,109,193,-,-,384,NO,1270,pass,raw fixed-order candidate ledger
CALL,full_j4_fixed,0xA400000000000003,14,directed,directed,110,194,-,-,384,NO,1270,pass,raw fixed-order candidate ledger
CALL,full_j4_fixed,0xA400000000000003,14,directed,directed,111,195,-,-,384,NO,1270,pass,raw fixed-order candidate ledger
CALL,full_j4_fixed,0xA400000000000003,14,directed,directed,112,196,-,-,384,NO,1270,pass,raw fixed-order candidate ledger
CALL,full_j4_fixed,0xA400000000000003,14,directed,directed,113,197,-,-,384,NO,1270,pass,raw fixed-order candidate ledger
CALL,full_j4_fixed,0xA400000000000003,14,directed,directed,114,198,-,-,384,NO,1270,pass,raw fixed-order candidate ledger
CALL,full_j4_fixed,0xA400000000000003,14,directed,directed,115,199,-,-,384,NO,1270,pass,raw fixed-order candidate ledger
CALL,full_j4_fixed,0xA400000000000003,14,directed,directed,116,200,-,-,384,NO,1270,pass,raw fixed-order candidate ledger
CALL,full_j4_fixed,0xA400000000000003,14,directed,directed,117,201,-,-,384,NO,1270,pass,raw fixed-order candidate ledger
CALL,full_j4_fixed,0xA400000000000003,14,directed,directed,118,202,-,-,384,NO,1270,pass,raw fixed-order candidate ledger
CALL,full_j4_fixed,0xA400000000000003,14,directed,directed,119,203,-,-,384,NO,1270,pass,raw fixed-order candidate ledger
CALL,full_j4_fixed,0xA400000000000003,14,directed,directed,120,204,-,-,384,YES,1270,pass,raw fixed-order candidate ledger
CALL,full_j4_fixed,0xA400000000000003,14,directed,directed,121,205,-,-,384,NO,1270,pass,raw fixed-order candidate ledger
CALL,full_j4_fixed,0xA400000000000003,14,directed,directed,122,206,-,-,384,NO,1270,pass,raw fixed-order candidate ledger
CALL,full_j4_fixed,0xA400000000000003,14,directed,directed,123,207,-,-,384,NO,1270,pass,raw fixed-order candidate ledger
CALL,full_j4_fixed,0xA400000000000003,14,directed,directed,124,208,-,-,384,NO,1270,pass,raw fixed-order candidate ledger
CALL,full_j4_fixed,0xA400000000000003,14,directed,directed,125,209,-,-,384,NO,1270,pass,raw fixed-order candidate ledger
CALL,full_j4_fixed,0xA400000000000003,14,directed,directed,126,210,-,-,384,NO,1270,pass,raw fixed-order candidate ledger
CALL,full_j4_fixed,0xA400000000000003,14,directed,directed,127,211,-,-,384,NO,1270,pass,raw fixed-order candidate ledger
CALL,full_j4_fixed,0xA400000000000003,14,directed,directed,128,212,-,-,384,NO,1270,pass,raw fixed-order candidate ledger
CALL,full_j4_fixed,0xA400000000000003,14,directed,directed,129,213,-,-,384,NO,1270,pass,raw fixed-order candidate ledger
CALL,full_j4_fixed,0xA400000000000003,14,directed,directed,130,214,-,-,384,NO,1270,pass,raw fixed-order candidate ledger
CALL,full_j4_fixed,0xA400000000000003,14,directed,directed,131,215,-,-,384,NO,1270,pass,raw fixed-order candidate ledger
CALL,full_j4_fixed,0xA400000000000003,14,directed,directed,132,216,-,-,384,NO,1270,pass,raw fixed-order candidate ledger
CALL,full_j4_fixed,0xA400000000000003,14,directed,directed,133,217,-,-,384,NO,1270,pass,raw fixed-order candidate ledger
CALL,full_j4_fixed,0xA400000000000003,14,directed,directed,134,218,-,-,384,NO,1270,pass,raw fixed-order candidate ledger
CALL,full_j4_fixed,0xA400000000000003,14,directed,directed,135,219,-,-,384,NO,1270,pass,raw fixed-order candidate ledger
CALL,full_j4_fixed,0xA400000000000003,14,directed,directed,136,220,-,-,384,NO,1270,pass,raw fixed-order candidate ledger
CALL,full_j4_fixed,0xA400000000000003,14,directed,directed,137,221,-,-,384,NO,1270,pass,raw fixed-order candidate ledger
CALL,full_j4_fixed,0xA400000000000003,14,directed,directed,138,222,-,-,384,NO,1270,pass,raw fixed-order candidate ledger
CALL,full_j4_fixed,0xA400000000000003,14,directed,directed,139,223,-,-,384,NO,1270,pass,raw fixed-order candidate ledger
CALL,full_j4_fixed,0xA400000000000003,14,directed,directed,140,224,-,-,384,NO,1270,pass,raw fixed-order candidate ledger
CALL,full_j4_fixed,0xA400000000000003,14,directed,directed,141,225,-,-,384,NO,1270,pass,raw fixed-order candidate ledger
CALL,full_j4_fixed,0xA400000000000003,14,directed,directed,142,226,-,-,384,NO,1270,pass,raw fixed-order candidate ledger
CALL,full_j4_fixed,0xA400000000000003,14,directed,directed,143,227,-,-,384,NO,1270,pass,raw fixed-order candidate ledger
CALL,full_j4_fixed,0xA400000000000003,14,directed,directed,144,228,-,-,384,NO,1270,pass,raw fixed-order candidate ledger
CALL,full_j4_fixed,0xA400000000000003,14,directed,directed,145,229,-,-,384,NO,1270,pass,raw fixed-order candidate ledger
CALL,full_j4_fixed,0xA400000000000003,14,directed,directed,146,230,-,-,384,NO,1270,pass,raw fixed-order candidate ledger
CALL,full_j4_fixed,0xA400000000000003,14,directed,directed,147,231,-,-,384,NO,1270,pass,raw fixed-order candidate ledger
CALL,full_j4_fixed,0xA400000000000003,14,directed,directed,148,232,-,-,384,NO,1270,pass,raw fixed-order candidate ledger
CALL,full_j4_fixed,0xA400000000000003,14,directed,directed,149,233,-,-,384,NO,1270,pass,raw fixed-order candidate ledger
CALL,full_j4_fixed,0xA400000000000003,14,directed,directed,150,234,-,-,384,NO,1270,pass,raw fixed-order candidate ledger
CALL,full_j4_fixed,0xA400000000000003,14,directed,directed,151,235,-,-,384,NO,1270,pass,raw fixed-order candidate ledger
CALL,full_j4_fixed,0xA400000000000003,14,directed,directed,152,236,-,-,384,NO,1270,pass,raw fixed-order candidate ledger
CALL,full_j4_fixed,0xA400000000000003,14,directed,directed,153,237,-,-,384,NO,1270,pass,raw fixed-order candidate ledger
CALL,full_j4_fixed,0xA400000000000003,14,directed,directed,154,238,-,-,384,NO,1270,pass,raw fixed-order candidate ledger
CALL,full_j4_fixed,0xA400000000000003,14,directed,directed,155,239,-,-,384,NO,1270,pass,raw fixed-order candidate ledger
CALL,full_j4_fixed,0xA400000000000003,14,directed,directed,156,240,-,-,384,NO,1270,pass,raw fixed-order candidate ledger
CALL,full_j4_fixed,0xA400000000000003,14,directed,directed,157,241,-,-,384,NO,1270,pass,raw fixed-order candidate ledger
CALL,full_j4_fixed,0xA400000000000003,14,directed,directed,158,242,-,-,384,NO,1270,pass,raw fixed-order candidate ledger
CALL,full_j4_fixed,0xA400000000000003,14,directed,directed,159,243,-,-,384,NO,1270,pass,raw fixed-order candidate ledger
CALL,full_j4_fixed,0xA400000000000003,14,directed,directed,160,244,-,-,384,NO,1270,pass,raw fixed-order candidate ledger
CALL,full_j4_fixed,0xA400000000000003,14,directed,directed,161,245,-,-,384,NO,1270,pass,raw fixed-order candidate ledger
CALL,full_j4_fixed,0xA400000000000003,14,directed,directed,162,246,-,-,384,NO,1270,pass,raw fixed-order candidate ledger
CALL,full_j4_fixed,0xA400000000000003,14,directed,directed,163,247,-,-,384,NO,1270,pass,raw fixed-order candidate ledger
CALL,full_j4_fixed,0xA400000000000003,14,directed,directed,164,248,-,-,384,NO,1270,pass,raw fixed-order candidate ledger
CALL,full_j4_fixed,0xA400000000000003,14,directed,directed,165,249,-,-,384,NO,1270,pass,raw fixed-order candidate ledger
CALL,full_j4_fixed,0xA400000000000003,14,directed,directed,166,250,-,-,384,NO,1270,pass,raw fixed-order candidate ledger
CALL,full_j4_fixed,0xA400000000000003,14,directed,directed,167,251,-,-,384,NO,1270,pass,raw fixed-order candidate ledger
CALL,full_j4_fixed,0xA400000000000003,14,directed,directed,168,252,-,-,384,NO,1270,pass,raw fixed-order candidate ledger
CALL,full_j4_fixed,0xA400000000000003,14,directed,directed,169,253,-,-,384,NO,1270,pass,raw fixed-order candidate ledger
CALL,full_j4_fixed,0xA400000000000003,14,directed,directed,170,254,-,-,384,NO,1270,pass,raw fixed-order candidate ledger
CALL,full_j4_fixed,0xA400000000000003,14,directed,directed,171,255,-,-,384,NO,1270,pass,raw fixed-order candidate ledger
CALL,full_j4_fixed,0xA400000000000003,14,directed,directed,172,256,-,-,384,NO,1270,pass,raw fixed-order candidate ledger
CALL,full_j4_fixed,0xA400000000000003,14,directed,directed,173,257,-,-,384,NO,1270,pass,raw fixed-order candidate ledger
CALL,full_j4_fixed,0xA400000000000003,14,directed,directed,174,258,-,-,384,NO,1270,pass,raw fixed-order candidate ledger
CALL,full_j4_fixed,0xA400000000000003,14,directed,directed,175,259,-,-,384,NO,1270,pass,raw fixed-order candidate ledger
CALL,full_j4_fixed,0xA400000000000003,14,directed,directed,176,260,-,-,384,NO,1270,pass,raw fixed-order candidate ledger
CALL,full_j4_fixed,0xA400000000000003,14,directed,directed,177,261,-,-,384,NO,1270,pass,raw fixed-order candidate ledger
CALL,full_j4_fixed,0xA400000000000003,14,directed,directed,178,262,-,-,384,NO,1270,pass,raw fixed-order candidate ledger
CALL,full_j4_fixed,0xA400000000000003,14,directed,directed,179,263,-,-,384,NO,1270,pass,raw fixed-order candidate ledger
CALL,full_j4_fixed,0xA400000000000003,14,directed,directed,180,264,-,-,384,NO,1270,pass,raw fixed-order candidate ledger
CALL,full_j4_fixed,0xA400000000000003,14,directed,directed,181,265,-,-,384,NO,1270,pass,raw fixed-order candidate ledger
CALL,full_j4_fixed,0xA400000000000003,14,directed,directed,182,266,-,-,384,NO,1270,pass,raw fixed-order candidate ledger
CALL,full_j4_fixed,0xA400000000000003,14,directed,directed,183,267,-,-,384,NO,1270,pass,raw fixed-order candidate ledger
CALL,full_j4_fixed,0xA400000000000003,14,directed,directed,184,268,-,-,384,NO,1270,pass,raw fixed-order candidate ledger
CALL,full_j4_fixed,0xA400000000000003,14,directed,directed,185,269,-,-,384,NO,1270,pass,raw fixed-order candidate ledger
CALL,full_j4_fixed,0xA400000000000003,14,directed,directed,186,270,-,-,384,NO,1270,pass,raw fixed-order candidate ledger
CALL,full_j4_fixed,0xA400000000000003,14,directed,directed,187,271,-,-,384,NO,1270,pass,raw fixed-order candidate ledger
CALL,full_j4_fixed,0xA400000000000003,14,directed,directed,188,272,-,-,384,NO,1270,pass,raw fixed-order candidate ledger
CALL,full_j4_fixed,0xA400000000000003,14,directed,directed,189,273,-,-,384,NO,1270,pass,raw fixed-order candidate ledger
CALL,full_j4_fixed,0xA400000000000003,14,directed,directed,190,274,-,-,384,NO,1270,pass,raw fixed-order candidate ledger
CALL,full_j4_fixed,0xA400000000000003,14,directed,directed,191,275,-,-,384,NO,1270,pass,raw fixed-order candidate ledger
CALL,full_j4_fixed,0xA400000000000003,14,directed,directed,192,276,-,-,384,NO,1270,pass,raw fixed-order candidate ledger
CALL,full_j4_fixed,0xA400000000000003,14,directed,directed,193,277,-,-,384,NO,1270,pass,raw fixed-order candidate ledger
CALL,full_j4_fixed,0xA400000000000003,14,directed,directed,194,278,-,-,384,NO,1270,pass,raw fixed-order candidate ledger
CALL,full_j4_fixed,0xA400000000000003,14,directed,directed,195,279,-,-,384,NO,1270,pass,raw fixed-order candidate ledger
CALL,full_j4_fixed,0xA400000000000003,14,directed,directed,196,280,-,-,384,NO,1270,pass,raw fixed-order candidate ledger
CALL,full_j4_fixed,0xA400000000000003,14,directed,directed,197,281,-,-,384,NO,1270,pass,raw fixed-order candidate ledger
CALL,full_j4_fixed,0xA400000000000003,14,directed,directed,198,282,-,-,384,NO,1270,pass,raw fixed-order candidate ledger
CALL,full_j4_fixed,0xA400000000000003,14,directed,directed,199,283,-,-,384,NO,1270,pass,raw fixed-order candidate ledger
CALL,full_j4_fixed,0xA400000000000003,14,directed,directed,200,284,-,-,384,NO,1270,pass,raw fixed-order candidate ledger
CALL,full_j4_fixed,0xA400000000000003,14,directed,directed,201,285,-,-,384,NO,1270,pass,raw fixed-order candidate ledger
CALL,full_j4_fixed,0xA400000000000003,14,directed,directed,202,286,-,-,384,NO,1270,pass,raw fixed-order candidate ledger
CALL,full_j4_fixed,0xA400000000000003,14,directed,directed,203,287,-,-,384,NO,1270,pass,raw fixed-order candidate ledger
CALL,full_j4_fixed,0xA400000000000003,14,directed,directed,204,288,-,-,384,NO,1270,pass,raw fixed-order candidate ledger
CALL,full_j4_fixed,0xA400000000000003,14,directed,directed,205,289,-,-,384,NO,1270,pass,raw fixed-order candidate ledger
CALL,full_j4_fixed,0xA400000000000003,14,directed,directed,206,290,-,-,384,NO,1270,pass,raw fixed-order candidate ledger
CALL,full_j4_fixed,0xA400000000000003,14,directed,directed,207,291,-,-,384,NO,1270,pass,raw fixed-order candidate ledger
CALL,full_j4_fixed,0xA400000000000003,14,directed,directed,208,292,-,-,384,NO,1270,pass,raw fixed-order candidate ledger
CALL,full_j4_fixed,0xA400000000000003,14,directed,directed,209,293,-,-,384,NO,1270,pass,raw fixed-order candidate ledger
CALL,full_j4_fixed,0xA400000000000003,14,directed,directed,210,294,-,-,384,NO,1270,pass,raw fixed-order candidate ledger
CALL,full_j4_fixed,0xA400000000000003,14,directed,directed,211,295,-,-,384,NO,1270,pass,raw fixed-order candidate ledger
CALL,full_j4_fixed,0xA400000000000003,14,directed,directed,212,296,-,-,384,NO,1270,pass,raw fixed-order candidate ledger
CALL,full_j4_fixed,0xA400000000000003,14,directed,directed,213,297,-,-,384,NO,1270,pass,raw fixed-order candidate ledger
CALL,full_j4_fixed,0xA400000000000003,14,directed,directed,214,298,-,-,384,NO,1270,pass,raw fixed-order candidate ledger
CALL,full_j4_fixed,0xA400000000000003,14,directed,directed,215,299,-,-,384,NO,1270,pass,raw fixed-order candidate ledger
CALL,full_j4_fixed,0xA400000000000003,14,directed,directed,216,300,-,-,384,NO,1270,pass,raw fixed-order candidate ledger
CALL,full_j4_fixed,0xA400000000000003,14,directed,directed,217,301,-,-,384,NO,1270,pass,raw fixed-order candidate ledger
CALL,full_j4_fixed,0xA400000000000003,14,directed,directed,218,302,-,-,384,NO,1270,pass,raw fixed-order candidate ledger
CALL,full_j4_fixed,0xA400000000000003,14,directed,directed,219,303,-,-,384,NO,1270,pass,raw fixed-order candidate ledger
CALL,full_j4_fixed,0xA400000000000003,14,directed,directed,220,304,-,-,384,NO,1270,pass,raw fixed-order candidate ledger
CALL,full_j4_fixed,0xA400000000000003,14,directed,directed,221,305,-,-,384,NO,1270,pass,raw fixed-order candidate ledger
CALL,full_j4_fixed,0xA400000000000003,14,directed,directed,222,306,-,-,384,NO,1270,pass,raw fixed-order candidate ledger
CALL,full_j4_fixed,0xA400000000000003,14,directed,directed,223,307,-,-,384,NO,1270,pass,raw fixed-order candidate ledger
CALL,full_j4_fixed,0xA400000000000003,14,directed,directed,224,308,-,-,384,NO,1270,pass,raw fixed-order candidate ledger
CALL,full_j4_fixed,0xA400000000000003,14,directed,directed,225,309,-,-,384,NO,1270,pass,raw fixed-order candidate ledger
CALL,full_j4_fixed,0xA400000000000003,14,directed,directed,226,310,-,-,384,NO,1270,pass,raw fixed-order candidate ledger
CALL,full_j4_fixed,0xA400000000000003,14,directed,directed,227,311,-,-,384,NO,1270,pass,raw fixed-order candidate ledger
CALL,full_j4_fixed,0xA400000000000003,14,directed,directed,228,312,-,-,384,NO,1270,pass,raw fixed-order candidate ledger
CALL,full_j4_fixed,0xA400000000000003,14,directed,directed,229,313,-,-,384,NO,1270,pass,raw fixed-order candidate ledger
CALL,full_j4_fixed,0xA400000000000003,14,directed,directed,230,314,-,-,384,NO,1270,pass,raw fixed-order candidate ledger
CALL,full_j4_fixed,0xA400000000000003,14,directed,directed,231,315,-,-,384,NO,1270,pass,raw fixed-order candidate ledger
CALL,full_j4_fixed,0xA400000000000003,14,directed,directed,232,316,-,-,384,NO,1270,pass,raw fixed-order candidate ledger
CALL,full_j4_fixed,0xA400000000000003,14,directed,directed,233,317,-,-,384,NO,1270,pass,raw fixed-order candidate ledger
CALL,full_j4_fixed,0xA400000000000003,14,directed,directed,234,318,-,-,384,NO,1270,pass,raw fixed-order candidate ledger
CALL,full_j4_fixed,0xA400000000000003,14,directed,directed,235,319,-,-,384,NO,1270,pass,raw fixed-order candidate ledger
CALL,full_j4_fixed,0xA400000000000003,14,directed,directed,236,320,-,-,384,NO,1270,pass,raw fixed-order candidate ledger
CALL,full_j4_fixed,0xA400000000000003,14,directed,directed,237,321,-,-,384,NO,1270,pass,raw fixed-order candidate ledger
CALL,full_j4_fixed,0xA400000000000003,14,directed,directed,238,322,-,-,384,NO,1270,pass,raw fixed-order candidate ledger
CALL,full_j4_fixed,0xA400000000000003,14,directed,directed,239,323,-,-,384,NO,1270,pass,raw fixed-order candidate ledger
CALL,full_j4_fixed,0xA400000000000003,14,directed,directed,240,324,-,-,384,NO,1270,pass,raw fixed-order candidate ledger
CALL,full_j4_fixed,0xA400000000000003,14,directed,directed,241,325,-,-,384,NO,1270,pass,raw fixed-order candidate ledger
CALL,full_j4_fixed,0xA400000000000003,14,directed,directed,242,326,-,-,384,NO,1270,pass,raw fixed-order candidate ledger
CALL,full_j4_fixed,0xA400000000000003,14,directed,directed,243,327,-,-,384,NO,1270,pass,raw fixed-order candidate ledger
CALL,full_j4_fixed,0xA400000000000003,14,directed,directed,244,328,-,-,384,NO,1270,pass,raw fixed-order candidate ledger
CALL,full_j4_fixed,0xA400000000000003,14,directed,directed,245,329,-,-,384,NO,1270,pass,raw fixed-order candidate ledger
CALL,full_j4_fixed,0xA400000000000003,14,directed,directed,246,330,-,-,384,NO,1270,pass,raw fixed-order candidate ledger
CALL,full_j4_fixed,0xA400000000000003,14,directed,directed,247,331,-,-,384,NO,1270,pass,raw fixed-order candidate ledger
CALL,full_j4_fixed,0xA400000000000003,14,directed,directed,248,332,-,-,384,NO,1270,pass,raw fixed-order candidate ledger
CALL,full_j4_fixed,0xA400000000000003,14,directed,directed,249,333,-,-,384,NO,1270,pass,raw fixed-order candidate ledger
CALL,full_j4_fixed,0xA400000000000003,14,directed,directed,250,334,-,-,384,NO,1270,pass,raw fixed-order candidate ledger
CALL,full_j4_fixed,0xA400000000000003,14,directed,directed,251,335,-,-,384,NO,1270,pass,raw fixed-order candidate ledger
CALL,full_j4_fixed,0xA400000000000003,14,directed,directed,252,336,-,-,384,NO,1270,pass,raw fixed-order candidate ledger
CALL,full_j4_fixed,0xA400000000000003,14,directed,directed,253,337,-,-,384,NO,1270,pass,raw fixed-order candidate ledger
CALL,full_j4_fixed,0xA400000000000003,14,directed,directed,254,338,-,-,384,NO,1270,pass,raw fixed-order candidate ledger
CALL,full_j4_fixed,0xA400000000000003,14,directed,directed,255,339,-,-,384,NO,1270,pass,raw fixed-order candidate ledger
CALL,full_j4_fixed,0xA400000000000003,14,directed,directed,256,340,-,-,384,NO,1270,pass,raw fixed-order candidate ledger
CALL,full_j4_fixed,0xA400000000000003,14,directed,directed,257,341,-,-,384,NO,1270,pass,raw fixed-order candidate ledger
CALL,full_j4_fixed,0xA400000000000003,14,directed,directed,258,342,-,-,384,NO,1270,pass,raw fixed-order candidate ledger
CALL,full_j4_fixed,0xA400000000000003,14,directed,directed,259,343,-,-,384,NO,1270,pass,raw fixed-order candidate ledger
CALL,full_j4_fixed,0xA400000000000003,14,directed,directed,260,344,-,-,384,NO,1270,pass,raw fixed-order candidate ledger
CALL,full_j4_fixed,0xA400000000000003,14,directed,directed,261,345,-,-,384,NO,1270,pass,raw fixed-order candidate ledger
CALL,full_j4_fixed,0xA400000000000003,14,directed,directed,262,346,-,-,384,NO,1270,pass,raw fixed-order candidate ledger
CALL,full_j4_fixed,0xA400000000000003,14,directed,directed,263,347,-,-,384,NO,1270,pass,raw fixed-order candidate ledger
CALL,full_j4_fixed,0xA400000000000003,14,directed,directed,264,348,-,-,384,NO,1270,pass,raw fixed-order candidate ledger
CALL,full_j4_fixed,0xA400000000000003,14,directed,directed,265,349,-,-,384,NO,1270,pass,raw fixed-order candidate ledger
CALL,full_j4_fixed,0xA400000000000003,14,directed,directed,266,350,-,-,384,NO,1270,pass,raw fixed-order candidate ledger
CALL,full_j4_fixed,0xA400000000000003,14,directed,directed,267,351,-,-,384,NO,1270,pass,raw fixed-order candidate ledger
CALL,full_j4_fixed,0xA400000000000003,14,directed,directed,268,352,-,-,384,NO,1270,pass,raw fixed-order candidate ledger
CALL,full_j4_fixed,0xA400000000000003,14,directed,directed,269,353,-,-,384,NO,1270,pass,raw fixed-order candidate ledger
CALL,full_j4_fixed,0xA400000000000003,14,directed,directed,270,354,-,-,384,NO,1270,pass,raw fixed-order candidate ledger
CALL,full_j4_fixed,0xA400000000000003,14,directed,directed,271,355,-,-,384,NO,1270,pass,raw fixed-order candidate ledger
CALL,full_j4_fixed,0xA400000000000003,14,directed,directed,272,356,-,-,384,NO,1270,pass,raw fixed-order candidate ledger
CALL,full_j4_fixed,0xA400000000000003,14,directed,directed,273,357,-,-,384,NO,1270,pass,raw fixed-order candidate ledger
CALL,full_j4_fixed,0xA400000000000003,14,directed,directed,274,358,-,-,384,NO,1270,pass,raw fixed-order candidate ledger
CALL,full_j4_fixed,0xA400000000000003,14,directed,directed,275,359,-,-,384,NO,1270,pass,raw fixed-order candidate ledger
CALL,full_j4_fixed,0xA400000000000003,14,directed,directed,276,360,-,-,384,NO,1270,pass,raw fixed-order candidate ledger
CALL,full_j4_fixed,0xA400000000000003,14,directed,directed,277,361,-,-,384,NO,1270,pass,raw fixed-order candidate ledger
CALL,full_j4_fixed,0xA400000000000003,14,directed,directed,278,362,-,-,384,NO,1270,pass,raw fixed-order candidate ledger
CALL,full_j4_fixed,0xA400000000000003,14,directed,directed,279,363,-,-,384,NO,1270,pass,raw fixed-order candidate ledger
CALL,full_j4_fixed,0xA400000000000003,14,directed,directed,280,364,-,-,384,NO,1270,pass,raw fixed-order candidate ledger
CALL,full_j4_fixed,0xA400000000000003,14,directed,directed,281,365,-,-,384,NO,1270,pass,raw fixed-order candidate ledger
CALL,full_j4_fixed,0xA400000000000003,14,directed,directed,282,366,-,-,384,NO,1270,pass,raw fixed-order candidate ledger
CALL,full_j4_fixed,0xA400000000000003,14,directed,directed,283,367,-,-,384,NO,1270,pass,raw fixed-order candidate ledger
CALL,full_j4_fixed,0xA400000000000003,14,directed,directed,284,368,-,-,384,NO,1270,pass,raw fixed-order candidate ledger
CALL,full_j4_fixed,0xA400000000000003,14,directed,directed,285,369,-,-,384,NO,1270,pass,raw fixed-order candidate ledger
CALL,full_j4_fixed,0xA400000000000003,14,directed,directed,286,370,-,-,384,NO,1270,pass,raw fixed-order candidate ledger
CALL,full_j4_fixed,0xA400000000000003,14,directed,directed,287,371,-,-,384,NO,1270,pass,raw fixed-order candidate ledger
CALL,full_j4_fixed,0xA400000000000003,14,directed,directed,288,372,-,-,384,NO,1270,pass,raw fixed-order candidate ledger
CALL,full_j4_fixed,0xA400000000000003,14,directed,directed,289,373,-,-,384,NO,1270,pass,raw fixed-order candidate ledger
CALL,full_j4_fixed,0xA400000000000003,14,directed,directed,290,374,-,-,384,NO,1270,pass,raw fixed-order candidate ledger
CALL,full_j4_fixed,0xA400000000000003,14,directed,directed,291,375,-,-,384,NO,1270,pass,raw fixed-order candidate ledger
CALL,full_j4_fixed,0xA400000000000003,14,directed,directed,292,376,-,-,384,NO,1270,pass,raw fixed-order candidate ledger
CALL,full_j4_fixed,0xA400000000000003,14,directed,directed,293,377,-,-,384,NO,1270,pass,raw fixed-order candidate ledger
CALL,full_j4_fixed,0xA400000000000003,14,directed,directed,294,378,-,-,384,NO,1270,pass,raw fixed-order candidate ledger
CALL,full_j4_fixed,0xA400000000000003,14,directed,directed,295,379,-,-,384,NO,1270,pass,raw fixed-order candidate ledger
CALL,full_j4_fixed,0xA400000000000003,14,directed,directed,296,380,-,-,384,NO,1270,pass,raw fixed-order candidate ledger
CALL,full_j4_fixed,0xA400000000000003,14,directed,directed,297,381,-,-,384,NO,1270,pass,raw fixed-order candidate ledger
CALL,full_j4_fixed,0xA400000000000003,14,directed,directed,298,382,-,-,384,NO,1270,pass,raw fixed-order candidate ledger
CALL,full_j4_fixed,0xA400000000000003,14,directed,directed,299,383,-,-,384,NO,1270,pass,raw fixed-order candidate ledger
CALL,full_j4_fixed,0xA400000000000003,14,directed,directed,300,384,-,-,384,NO,1270,pass,raw fixed-order candidate ledger
ATTRIBUTION,full_j4_fixed,0xA400000000000003,14,directed,directed,120,- ,204,121,384,YES,1270,pass,first exact inside J4 frozen bank order
ABLATION,full_j4_fixed,0xA400000000000003,14,directed,-,-,-,-,-,384,YES,1270,pass,predeclared bank ablation
ABLATION,no_global,0xA400000000000003,14,directed,-,-,-,-,-,354,YES,1270,pass,predeclared bank ablation
ABLATION,no_singleton,0xA400000000000003,14,directed,-,-,-,-,-,336,YES,1270,pass,predeclared bank ablation
ABLATION,no_none,0xA400000000000003,14,directed,-,-,-,-,-,379,YES,1270,pass,predeclared bank ablation
ABLATION,no_directed,0xA400000000000003,14,directed,-,-,-,-,-,83,NO,1270,pass,predeclared bank ablation
ABLATION,directed_100,0xA400000000000003,14,directed,-,-,-,-,-,183,NO,1270,pass,predeclared bank ablation
ABLATION,directed_200,0xA400000000000003,14,directed,-,-,-,-,-,283,YES,1270,pass,predeclared bank ablation
ABLATION,small_banks_only,0xA400000000000003,14,directed,-,-,-,-,-,83,NO,1270,pass,predeclared bank ablation
ABLATION,derived_minimal_prefix,0xA400000000000003,14,directed,-,-,-,-,-,127,YES,1270,pass,predeclared bank ablation
CALL,full_j4_fixed,0xA400000000000003,19,none,global,0,1,-,-,384,NO,1270,pass,raw fixed-order candidate ledger
CALL,full_j4_fixed,0xA400000000000003,19,none,global,1,2,-,-,384,NO,1270,pass,raw fixed-order candidate ledger
CALL,full_j4_fixed,0xA400000000000003,19,none,global,2,3,-,-,384,NO,1270,pass,raw fixed-order candidate ledger
CALL,full_j4_fixed,0xA400000000000003,19,none,global,3,4,-,-,384,NO,1270,pass,raw fixed-order candidate ledger
CALL,full_j4_fixed,0xA400000000000003,19,none,global,4,5,-,-,384,NO,1270,pass,raw fixed-order candidate ledger
CALL,full_j4_fixed,0xA400000000000003,19,none,global,5,6,-,-,384,NO,1270,pass,raw fixed-order candidate ledger
CALL,full_j4_fixed,0xA400000000000003,19,none,global,6,7,-,-,384,NO,1270,pass,raw fixed-order candidate ledger
CALL,full_j4_fixed,0xA400000000000003,19,none,global,7,8,-,-,384,NO,1270,pass,raw fixed-order candidate ledger
CALL,full_j4_fixed,0xA400000000000003,19,none,global,8,9,-,-,384,NO,1270,pass,raw fixed-order candidate ledger
CALL,full_j4_fixed,0xA400000000000003,19,none,global,9,10,-,-,384,NO,1270,pass,raw fixed-order candidate ledger
CALL,full_j4_fixed,0xA400000000000003,19,none,global,10,11,-,-,384,NO,1270,pass,raw fixed-order candidate ledger
CALL,full_j4_fixed,0xA400000000000003,19,none,global,11,12,-,-,384,NO,1270,pass,raw fixed-order candidate ledger
CALL,full_j4_fixed,0xA400000000000003,19,none,global,12,13,-,-,384,NO,1270,pass,raw fixed-order candidate ledger
CALL,full_j4_fixed,0xA400000000000003,19,none,global,13,14,-,-,384,NO,1270,pass,raw fixed-order candidate ledger
CALL,full_j4_fixed,0xA400000000000003,19,none,global,14,15,-,-,384,NO,1270,pass,raw fixed-order candidate ledger
CALL,full_j4_fixed,0xA400000000000003,19,none,global,15,16,-,-,384,NO,1270,pass,raw fixed-order candidate ledger
CALL,full_j4_fixed,0xA400000000000003,19,none,global,16,17,-,-,384,NO,1270,pass,raw fixed-order candidate ledger
CALL,full_j4_fixed,0xA400000000000003,19,none,global,17,18,-,-,384,NO,1270,pass,raw fixed-order candidate ledger
CALL,full_j4_fixed,0xA400000000000003,19,none,global,18,19,-,-,384,NO,1270,pass,raw fixed-order candidate ledger
CALL,full_j4_fixed,0xA400000000000003,19,none,global,19,20,-,-,384,NO,1270,pass,raw fixed-order candidate ledger
CALL,full_j4_fixed,0xA400000000000003,19,none,global,20,21,-,-,384,NO,1270,pass,raw fixed-order candidate ledger
CALL,full_j4_fixed,0xA400000000000003,19,none,global,21,22,-,-,384,NO,1270,pass,raw fixed-order candidate ledger
CALL,full_j4_fixed,0xA400000000000003,19,none,global,22,23,-,-,384,NO,1270,pass,raw fixed-order candidate ledger
CALL,full_j4_fixed,0xA400000000000003,19,none,global,23,24,-,-,384,NO,1270,pass,raw fixed-order candidate ledger
CALL,full_j4_fixed,0xA400000000000003,19,none,global,24,25,-,-,384,NO,1270,pass,raw fixed-order candidate ledger
CALL,full_j4_fixed,0xA400000000000003,19,none,global,25,26,-,-,384,NO,1270,pass,raw fixed-order candidate ledger
CALL,full_j4_fixed,0xA400000000000003,19,none,global,26,27,-,-,384,NO,1270,pass,raw fixed-order candidate ledger
CALL,full_j4_fixed,0xA400000000000003,19,none,global,27,28,-,-,384,NO,1270,pass,raw fixed-order candidate ledger
CALL,full_j4_fixed,0xA400000000000003,19,none,global,28,29,-,-,384,NO,1270,pass,raw fixed-order candidate ledger
CALL,full_j4_fixed,0xA400000000000003,19,none,global,29,30,-,-,384,NO,1270,pass,raw fixed-order candidate ledger
CALL,full_j4_fixed,0xA400000000000003,19,none,singleton,0,31,-,-,384,NO,1270,pass,raw fixed-order candidate ledger
CALL,full_j4_fixed,0xA400000000000003,19,none,singleton,1,32,-,-,384,NO,1270,pass,raw fixed-order candidate ledger
CALL,full_j4_fixed,0xA400000000000003,19,none,singleton,2,33,-,-,384,NO,1270,pass,raw fixed-order candidate ledger
CALL,full_j4_fixed,0xA400000000000003,19,none,singleton,3,34,-,-,384,NO,1270,pass,raw fixed-order candidate ledger
CALL,full_j4_fixed,0xA400000000000003,19,none,singleton,4,35,-,-,384,NO,1270,pass,raw fixed-order candidate ledger
CALL,full_j4_fixed,0xA400000000000003,19,none,singleton,5,36,-,-,384,NO,1270,pass,raw fixed-order candidate ledger
CALL,full_j4_fixed,0xA400000000000003,19,none,singleton,6,37,-,-,384,NO,1270,pass,raw fixed-order candidate ledger
CALL,full_j4_fixed,0xA400000000000003,19,none,singleton,7,38,-,-,384,NO,1270,pass,raw fixed-order candidate ledger
CALL,full_j4_fixed,0xA400000000000003,19,none,singleton,8,39,-,-,384,NO,1270,pass,raw fixed-order candidate ledger
CALL,full_j4_fixed,0xA400000000000003,19,none,singleton,9,40,-,-,384,NO,1270,pass,raw fixed-order candidate ledger
CALL,full_j4_fixed,0xA400000000000003,19,none,singleton,10,41,-,-,384,NO,1270,pass,raw fixed-order candidate ledger
CALL,full_j4_fixed,0xA400000000000003,19,none,singleton,11,42,-,-,384,NO,1270,pass,raw fixed-order candidate ledger
CALL,full_j4_fixed,0xA400000000000003,19,none,singleton,12,43,-,-,384,NO,1270,pass,raw fixed-order candidate ledger
CALL,full_j4_fixed,0xA400000000000003,19,none,singleton,13,44,-,-,384,NO,1270,pass,raw fixed-order candidate ledger
CALL,full_j4_fixed,0xA400000000000003,19,none,singleton,14,45,-,-,384,NO,1270,pass,raw fixed-order candidate ledger
CALL,full_j4_fixed,0xA400000000000003,19,none,singleton,15,46,-,-,384,NO,1270,pass,raw fixed-order candidate ledger
CALL,full_j4_fixed,0xA400000000000003,19,none,singleton,16,47,-,-,384,NO,1270,pass,raw fixed-order candidate ledger
CALL,full_j4_fixed,0xA400000000000003,19,none,singleton,17,48,-,-,384,NO,1270,pass,raw fixed-order candidate ledger
CALL,full_j4_fixed,0xA400000000000003,19,none,singleton,18,49,-,-,384,NO,1270,pass,raw fixed-order candidate ledger
CALL,full_j4_fixed,0xA400000000000003,19,none,singleton,19,50,-,-,384,NO,1270,pass,raw fixed-order candidate ledger
CALL,full_j4_fixed,0xA400000000000003,19,none,singleton,20,51,-,-,384,NO,1270,pass,raw fixed-order candidate ledger
CALL,full_j4_fixed,0xA400000000000003,19,none,singleton,21,52,-,-,384,NO,1270,pass,raw fixed-order candidate ledger
CALL,full_j4_fixed,0xA400000000000003,19,none,singleton,22,53,-,-,384,NO,1270,pass,raw fixed-order candidate ledger
CALL,full_j4_fixed,0xA400000000000003,19,none,singleton,23,54,-,-,384,NO,1270,pass,raw fixed-order candidate ledger
CALL,full_j4_fixed,0xA400000000000003,19,none,singleton,24,55,-,-,384,NO,1270,pass,raw fixed-order candidate ledger
CALL,full_j4_fixed,0xA400000000000003,19,none,singleton,25,56,-,-,384,NO,1270,pass,raw fixed-order candidate ledger
CALL,full_j4_fixed,0xA400000000000003,19,none,singleton,26,57,-,-,384,NO,1270,pass,raw fixed-order candidate ledger
CALL,full_j4_fixed,0xA400000000000003,19,none,singleton,27,58,-,-,384,NO,1270,pass,raw fixed-order candidate ledger
CALL,full_j4_fixed,0xA400000000000003,19,none,singleton,28,59,-,-,384,NO,1270,pass,raw fixed-order candidate ledger
CALL,full_j4_fixed,0xA400000000000003,19,none,singleton,29,60,-,-,384,NO,1270,pass,raw fixed-order candidate ledger
CALL,full_j4_fixed,0xA400000000000003,19,none,singleton,30,61,-,-,384,NO,1270,pass,raw fixed-order candidate ledger
CALL,full_j4_fixed,0xA400000000000003,19,none,singleton,31,62,-,-,384,NO,1270,pass,raw fixed-order candidate ledger
CALL,full_j4_fixed,0xA400000000000003,19,none,singleton,32,63,-,-,384,NO,1270,pass,raw fixed-order candidate ledger
CALL,full_j4_fixed,0xA400000000000003,19,none,singleton,33,64,-,-,384,NO,1270,pass,raw fixed-order candidate ledger
CALL,full_j4_fixed,0xA400000000000003,19,none,singleton,34,65,-,-,384,NO,1270,pass,raw fixed-order candidate ledger
CALL,full_j4_fixed,0xA400000000000003,19,none,singleton,35,66,-,-,384,NO,1270,pass,raw fixed-order candidate ledger
CALL,full_j4_fixed,0xA400000000000003,19,none,singleton,36,67,-,-,384,NO,1270,pass,raw fixed-order candidate ledger
CALL,full_j4_fixed,0xA400000000000003,19,none,singleton,37,68,-,-,384,NO,1270,pass,raw fixed-order candidate ledger
CALL,full_j4_fixed,0xA400000000000003,19,none,singleton,38,69,-,-,384,NO,1270,pass,raw fixed-order candidate ledger
CALL,full_j4_fixed,0xA400000000000003,19,none,singleton,39,70,-,-,384,NO,1270,pass,raw fixed-order candidate ledger
CALL,full_j4_fixed,0xA400000000000003,19,none,singleton,40,71,-,-,384,NO,1270,pass,raw fixed-order candidate ledger
CALL,full_j4_fixed,0xA400000000000003,19,none,singleton,41,72,-,-,384,NO,1270,pass,raw fixed-order candidate ledger
CALL,full_j4_fixed,0xA400000000000003,19,none,singleton,42,73,-,-,384,NO,1270,pass,raw fixed-order candidate ledger
CALL,full_j4_fixed,0xA400000000000003,19,none,singleton,43,74,-,-,384,NO,1270,pass,raw fixed-order candidate ledger
CALL,full_j4_fixed,0xA400000000000003,19,none,singleton,44,75,-,-,384,NO,1270,pass,raw fixed-order candidate ledger
CALL,full_j4_fixed,0xA400000000000003,19,none,singleton,45,76,-,-,384,NO,1270,pass,raw fixed-order candidate ledger
CALL,full_j4_fixed,0xA400000000000003,19,none,singleton,46,77,-,-,384,NO,1270,pass,raw fixed-order candidate ledger
CALL,full_j4_fixed,0xA400000000000003,19,none,singleton,47,78,-,-,384,NO,1270,pass,raw fixed-order candidate ledger
CALL,full_j4_fixed,0xA400000000000003,19,none,none,0,79,-,-,384,YES,1270,pass,raw fixed-order candidate ledger
CALL,full_j4_fixed,0xA400000000000003,19,none,none,1,80,-,-,384,NO,1270,pass,raw fixed-order candidate ledger
CALL,full_j4_fixed,0xA400000000000003,19,none,none,2,81,-,-,384,NO,1270,pass,raw fixed-order candidate ledger
CALL,full_j4_fixed,0xA400000000000003,19,none,none,3,82,-,-,384,NO,1270,pass,raw fixed-order candidate ledger
CALL,full_j4_fixed,0xA400000000000003,19,none,none,4,83,-,-,384,NO,1270,pass,raw fixed-order candidate ledger
ATTRIBUTION,full_j4_fixed,0xA400000000000003,19,none,none,0,- ,79,1,384,YES,1270,pass,first exact inside J4 frozen bank order
CALL,full_j4_fixed,0xA400000000000003,19,none,directed,0,84,-,-,384,NO,1270,pass,raw fixed-order candidate ledger
CALL,full_j4_fixed,0xA400000000000003,19,none,directed,1,85,-,-,384,NO,1270,pass,raw fixed-order candidate ledger
CALL,full_j4_fixed,0xA400000000000003,19,none,directed,2,86,-,-,384,NO,1270,pass,raw fixed-order candidate ledger
CALL,full_j4_fixed,0xA400000000000003,19,none,directed,3,87,-,-,384,NO,1270,pass,raw fixed-order candidate ledger
CALL,full_j4_fixed,0xA400000000000003,19,none,directed,4,88,-,-,384,NO,1270,pass,raw fixed-order candidate ledger
CALL,full_j4_fixed,0xA400000000000003,19,none,directed,5,89,-,-,384,NO,1270,pass,raw fixed-order candidate ledger
CALL,full_j4_fixed,0xA400000000000003,19,none,directed,6,90,-,-,384,NO,1270,pass,raw fixed-order candidate ledger
CALL,full_j4_fixed,0xA400000000000003,19,none,directed,7,91,-,-,384,NO,1270,pass,raw fixed-order candidate ledger
CALL,full_j4_fixed,0xA400000000000003,19,none,directed,8,92,-,-,384,NO,1270,pass,raw fixed-order candidate ledger
CALL,full_j4_fixed,0xA400000000000003,19,none,directed,9,93,-,-,384,NO,1270,pass,raw fixed-order candidate ledger
CALL,full_j4_fixed,0xA400000000000003,19,none,directed,10,94,-,-,384,NO,1270,pass,raw fixed-order candidate ledger
CALL,full_j4_fixed,0xA400000000000003,19,none,directed,11,95,-,-,384,NO,1270,pass,raw fixed-order candidate ledger
CALL,full_j4_fixed,0xA400000000000003,19,none,directed,12,96,-,-,384,NO,1270,pass,raw fixed-order candidate ledger
CALL,full_j4_fixed,0xA400000000000003,19,none,directed,13,97,-,-,384,NO,1270,pass,raw fixed-order candidate ledger
CALL,full_j4_fixed,0xA400000000000003,19,none,directed,14,98,-,-,384,NO,1270,pass,raw fixed-order candidate ledger
CALL,full_j4_fixed,0xA400000000000003,19,none,directed,15,99,-,-,384,NO,1270,pass,raw fixed-order candidate ledger
CALL,full_j4_fixed,0xA400000000000003,19,none,directed,16,100,-,-,384,NO,1270,pass,raw fixed-order candidate ledger
CALL,full_j4_fixed,0xA400000000000003,19,none,directed,17,101,-,-,384,NO,1270,pass,raw fixed-order candidate ledger
CALL,full_j4_fixed,0xA400000000000003,19,none,directed,18,102,-,-,384,NO,1270,pass,raw fixed-order candidate ledger
CALL,full_j4_fixed,0xA400000000000003,19,none,directed,19,103,-,-,384,NO,1270,pass,raw fixed-order candidate ledger
CALL,full_j4_fixed,0xA400000000000003,19,none,directed,20,104,-,-,384,NO,1270,pass,raw fixed-order candidate ledger
CALL,full_j4_fixed,0xA400000000000003,19,none,directed,21,105,-,-,384,NO,1270,pass,raw fixed-order candidate ledger
CALL,full_j4_fixed,0xA400000000000003,19,none,directed,22,106,-,-,384,NO,1270,pass,raw fixed-order candidate ledger
CALL,full_j4_fixed,0xA400000000000003,19,none,directed,23,107,-,-,384,NO,1270,pass,raw fixed-order candidate ledger
CALL,full_j4_fixed,0xA400000000000003,19,none,directed,24,108,-,-,384,NO,1270,pass,raw fixed-order candidate ledger
CALL,full_j4_fixed,0xA400000000000003,19,none,directed,25,109,-,-,384,NO,1270,pass,raw fixed-order candidate ledger
CALL,full_j4_fixed,0xA400000000000003,19,none,directed,26,110,-,-,384,NO,1270,pass,raw fixed-order candidate ledger
CALL,full_j4_fixed,0xA400000000000003,19,none,directed,27,111,-,-,384,NO,1270,pass,raw fixed-order candidate ledger
CALL,full_j4_fixed,0xA400000000000003,19,none,directed,28,112,-,-,384,NO,1270,pass,raw fixed-order candidate ledger
CALL,full_j4_fixed,0xA400000000000003,19,none,directed,29,113,-,-,384,NO,1270,pass,raw fixed-order candidate ledger
CALL,full_j4_fixed,0xA400000000000003,19,none,directed,30,114,-,-,384,NO,1270,pass,raw fixed-order candidate ledger
CALL,full_j4_fixed,0xA400000000000003,19,none,directed,31,115,-,-,384,NO,1270,pass,raw fixed-order candidate ledger
CALL,full_j4_fixed,0xA400000000000003,19,none,directed,32,116,-,-,384,NO,1270,pass,raw fixed-order candidate ledger
CALL,full_j4_fixed,0xA400000000000003,19,none,directed,33,117,-,-,384,NO,1270,pass,raw fixed-order candidate ledger
CALL,full_j4_fixed,0xA400000000000003,19,none,directed,34,118,-,-,384,NO,1270,pass,raw fixed-order candidate ledger
CALL,full_j4_fixed,0xA400000000000003,19,none,directed,35,119,-,-,384,NO,1270,pass,raw fixed-order candidate ledger
CALL,full_j4_fixed,0xA400000000000003,19,none,directed,36,120,-,-,384,NO,1270,pass,raw fixed-order candidate ledger
CALL,full_j4_fixed,0xA400000000000003,19,none,directed,37,121,-,-,384,NO,1270,pass,raw fixed-order candidate ledger
CALL,full_j4_fixed,0xA400000000000003,19,none,directed,38,122,-,-,384,NO,1270,pass,raw fixed-order candidate ledger
CALL,full_j4_fixed,0xA400000000000003,19,none,directed,39,123,-,-,384,NO,1270,pass,raw fixed-order candidate ledger
CALL,full_j4_fixed,0xA400000000000003,19,none,directed,40,124,-,-,384,NO,1270,pass,raw fixed-order candidate ledger
CALL,full_j4_fixed,0xA400000000000003,19,none,directed,41,125,-,-,384,NO,1270,pass,raw fixed-order candidate ledger
CALL,full_j4_fixed,0xA400000000000003,19,none,directed,42,126,-,-,384,NO,1270,pass,raw fixed-order candidate ledger
CALL,full_j4_fixed,0xA400000000000003,19,none,directed,43,127,-,-,384,NO,1270,pass,raw fixed-order candidate ledger
CALL,full_j4_fixed,0xA400000000000003,19,none,directed,44,128,-,-,384,NO,1270,pass,raw fixed-order candidate ledger
CALL,full_j4_fixed,0xA400000000000003,19,none,directed,45,129,-,-,384,NO,1270,pass,raw fixed-order candidate ledger
CALL,full_j4_fixed,0xA400000000000003,19,none,directed,46,130,-,-,384,NO,1270,pass,raw fixed-order candidate ledger
CALL,full_j4_fixed,0xA400000000000003,19,none,directed,47,131,-,-,384,NO,1270,pass,raw fixed-order candidate ledger
CALL,full_j4_fixed,0xA400000000000003,19,none,directed,48,132,-,-,384,NO,1270,pass,raw fixed-order candidate ledger
CALL,full_j4_fixed,0xA400000000000003,19,none,directed,49,133,-,-,384,NO,1270,pass,raw fixed-order candidate ledger
CALL,full_j4_fixed,0xA400000000000003,19,none,directed,50,134,-,-,384,NO,1270,pass,raw fixed-order candidate ledger
CALL,full_j4_fixed,0xA400000000000003,19,none,directed,51,135,-,-,384,NO,1270,pass,raw fixed-order candidate ledger
CALL,full_j4_fixed,0xA400000000000003,19,none,directed,52,136,-,-,384,NO,1270,pass,raw fixed-order candidate ledger
CALL,full_j4_fixed,0xA400000000000003,19,none,directed,53,137,-,-,384,NO,1270,pass,raw fixed-order candidate ledger
CALL,full_j4_fixed,0xA400000000000003,19,none,directed,54,138,-,-,384,NO,1270,pass,raw fixed-order candidate ledger
CALL,full_j4_fixed,0xA400000000000003,19,none,directed,55,139,-,-,384,NO,1270,pass,raw fixed-order candidate ledger
CALL,full_j4_fixed,0xA400000000000003,19,none,directed,56,140,-,-,384,NO,1270,pass,raw fixed-order candidate ledger
CALL,full_j4_fixed,0xA400000000000003,19,none,directed,57,141,-,-,384,NO,1270,pass,raw fixed-order candidate ledger
CALL,full_j4_fixed,0xA400000000000003,19,none,directed,58,142,-,-,384,NO,1270,pass,raw fixed-order candidate ledger
CALL,full_j4_fixed,0xA400000000000003,19,none,directed,59,143,-,-,384,NO,1270,pass,raw fixed-order candidate ledger
CALL,full_j4_fixed,0xA400000000000003,19,none,directed,60,144,-,-,384,NO,1270,pass,raw fixed-order candidate ledger
CALL,full_j4_fixed,0xA400000000000003,19,none,directed,61,145,-,-,384,NO,1270,pass,raw fixed-order candidate ledger
CALL,full_j4_fixed,0xA400000000000003,19,none,directed,62,146,-,-,384,NO,1270,pass,raw fixed-order candidate ledger
CALL,full_j4_fixed,0xA400000000000003,19,none,directed,63,147,-,-,384,NO,1270,pass,raw fixed-order candidate ledger
CALL,full_j4_fixed,0xA400000000000003,19,none,directed,64,148,-,-,384,NO,1270,pass,raw fixed-order candidate ledger
CALL,full_j4_fixed,0xA400000000000003,19,none,directed,65,149,-,-,384,NO,1270,pass,raw fixed-order candidate ledger
CALL,full_j4_fixed,0xA400000000000003,19,none,directed,66,150,-,-,384,NO,1270,pass,raw fixed-order candidate ledger
CALL,full_j4_fixed,0xA400000000000003,19,none,directed,67,151,-,-,384,NO,1270,pass,raw fixed-order candidate ledger
CALL,full_j4_fixed,0xA400000000000003,19,none,directed,68,152,-,-,384,NO,1270,pass,raw fixed-order candidate ledger
CALL,full_j4_fixed,0xA400000000000003,19,none,directed,69,153,-,-,384,NO,1270,pass,raw fixed-order candidate ledger
CALL,full_j4_fixed,0xA400000000000003,19,none,directed,70,154,-,-,384,NO,1270,pass,raw fixed-order candidate ledger
CALL,full_j4_fixed,0xA400000000000003,19,none,directed,71,155,-,-,384,NO,1270,pass,raw fixed-order candidate ledger
CALL,full_j4_fixed,0xA400000000000003,19,none,directed,72,156,-,-,384,NO,1270,pass,raw fixed-order candidate ledger
CALL,full_j4_fixed,0xA400000000000003,19,none,directed,73,157,-,-,384,NO,1270,pass,raw fixed-order candidate ledger
CALL,full_j4_fixed,0xA400000000000003,19,none,directed,74,158,-,-,384,NO,1270,pass,raw fixed-order candidate ledger
CALL,full_j4_fixed,0xA400000000000003,19,none,directed,75,159,-,-,384,NO,1270,pass,raw fixed-order candidate ledger
CALL,full_j4_fixed,0xA400000000000003,19,none,directed,76,160,-,-,384,NO,1270,pass,raw fixed-order candidate ledger
CALL,full_j4_fixed,0xA400000000000003,19,none,directed,77,161,-,-,384,NO,1270,pass,raw fixed-order candidate ledger
CALL,full_j4_fixed,0xA400000000000003,19,none,directed,78,162,-,-,384,NO,1270,pass,raw fixed-order candidate ledger
CALL,full_j4_fixed,0xA400000000000003,19,none,directed,79,163,-,-,384,NO,1270,pass,raw fixed-order candidate ledger
CALL,full_j4_fixed,0xA400000000000003,19,none,directed,80,164,-,-,384,NO,1270,pass,raw fixed-order candidate ledger
CALL,full_j4_fixed,0xA400000000000003,19,none,directed,81,165,-,-,384,NO,1270,pass,raw fixed-order candidate ledger
CALL,full_j4_fixed,0xA400000000000003,19,none,directed,82,166,-,-,384,NO,1270,pass,raw fixed-order candidate ledger
CALL,full_j4_fixed,0xA400000000000003,19,none,directed,83,167,-,-,384,NO,1270,pass,raw fixed-order candidate ledger
CALL,full_j4_fixed,0xA400000000000003,19,none,directed,84,168,-,-,384,NO,1270,pass,raw fixed-order candidate ledger
CALL,full_j4_fixed,0xA400000000000003,19,none,directed,85,169,-,-,384,NO,1270,pass,raw fixed-order candidate ledger
CALL,full_j4_fixed,0xA400000000000003,19,none,directed,86,170,-,-,384,NO,1270,pass,raw fixed-order candidate ledger
CALL,full_j4_fixed,0xA400000000000003,19,none,directed,87,171,-,-,384,NO,1270,pass,raw fixed-order candidate ledger
CALL,full_j4_fixed,0xA400000000000003,19,none,directed,88,172,-,-,384,NO,1270,pass,raw fixed-order candidate ledger
CALL,full_j4_fixed,0xA400000000000003,19,none,directed,89,173,-,-,384,NO,1270,pass,raw fixed-order candidate ledger
CALL,full_j4_fixed,0xA400000000000003,19,none,directed,90,174,-,-,384,NO,1270,pass,raw fixed-order candidate ledger
CALL,full_j4_fixed,0xA400000000000003,19,none,directed,91,175,-,-,384,NO,1270,pass,raw fixed-order candidate ledger
CALL,full_j4_fixed,0xA400000000000003,19,none,directed,92,176,-,-,384,NO,1270,pass,raw fixed-order candidate ledger
CALL,full_j4_fixed,0xA400000000000003,19,none,directed,93,177,-,-,384,NO,1270,pass,raw fixed-order candidate ledger
CALL,full_j4_fixed,0xA400000000000003,19,none,directed,94,178,-,-,384,NO,1270,pass,raw fixed-order candidate ledger
CALL,full_j4_fixed,0xA400000000000003,19,none,directed,95,179,-,-,384,NO,1270,pass,raw fixed-order candidate ledger
CALL,full_j4_fixed,0xA400000000000003,19,none,directed,96,180,-,-,384,NO,1270,pass,raw fixed-order candidate ledger
CALL,full_j4_fixed,0xA400000000000003,19,none,directed,97,181,-,-,384,NO,1270,pass,raw fixed-order candidate ledger
CALL,full_j4_fixed,0xA400000000000003,19,none,directed,98,182,-,-,384,NO,1270,pass,raw fixed-order candidate ledger
CALL,full_j4_fixed,0xA400000000000003,19,none,directed,99,183,-,-,384,NO,1270,pass,raw fixed-order candidate ledger
CALL,full_j4_fixed,0xA400000000000003,19,none,directed,100,184,-,-,384,NO,1270,pass,raw fixed-order candidate ledger
CALL,full_j4_fixed,0xA400000000000003,19,none,directed,101,185,-,-,384,NO,1270,pass,raw fixed-order candidate ledger
CALL,full_j4_fixed,0xA400000000000003,19,none,directed,102,186,-,-,384,NO,1270,pass,raw fixed-order candidate ledger
CALL,full_j4_fixed,0xA400000000000003,19,none,directed,103,187,-,-,384,NO,1270,pass,raw fixed-order candidate ledger
CALL,full_j4_fixed,0xA400000000000003,19,none,directed,104,188,-,-,384,NO,1270,pass,raw fixed-order candidate ledger
CALL,full_j4_fixed,0xA400000000000003,19,none,directed,105,189,-,-,384,NO,1270,pass,raw fixed-order candidate ledger
CALL,full_j4_fixed,0xA400000000000003,19,none,directed,106,190,-,-,384,NO,1270,pass,raw fixed-order candidate ledger
CALL,full_j4_fixed,0xA400000000000003,19,none,directed,107,191,-,-,384,NO,1270,pass,raw fixed-order candidate ledger
CALL,full_j4_fixed,0xA400000000000003,19,none,directed,108,192,-,-,384,NO,1270,pass,raw fixed-order candidate ledger
CALL,full_j4_fixed,0xA400000000000003,19,none,directed,109,193,-,-,384,NO,1270,pass,raw fixed-order candidate ledger
CALL,full_j4_fixed,0xA400000000000003,19,none,directed,110,194,-,-,384,NO,1270,pass,raw fixed-order candidate ledger
CALL,full_j4_fixed,0xA400000000000003,19,none,directed,111,195,-,-,384,NO,1270,pass,raw fixed-order candidate ledger
CALL,full_j4_fixed,0xA400000000000003,19,none,directed,112,196,-,-,384,NO,1270,pass,raw fixed-order candidate ledger
CALL,full_j4_fixed,0xA400000000000003,19,none,directed,113,197,-,-,384,NO,1270,pass,raw fixed-order candidate ledger
CALL,full_j4_fixed,0xA400000000000003,19,none,directed,114,198,-,-,384,NO,1270,pass,raw fixed-order candidate ledger
CALL,full_j4_fixed,0xA400000000000003,19,none,directed,115,199,-,-,384,NO,1270,pass,raw fixed-order candidate ledger
CALL,full_j4_fixed,0xA400000000000003,19,none,directed,116,200,-,-,384,NO,1270,pass,raw fixed-order candidate ledger
CALL,full_j4_fixed,0xA400000000000003,19,none,directed,117,201,-,-,384,NO,1270,pass,raw fixed-order candidate ledger
CALL,full_j4_fixed,0xA400000000000003,19,none,directed,118,202,-,-,384,NO,1270,pass,raw fixed-order candidate ledger
CALL,full_j4_fixed,0xA400000000000003,19,none,directed,119,203,-,-,384,NO,1270,pass,raw fixed-order candidate ledger
CALL,full_j4_fixed,0xA400000000000003,19,none,directed,120,204,-,-,384,NO,1270,pass,raw fixed-order candidate ledger
CALL,full_j4_fixed,0xA400000000000003,19,none,directed,121,205,-,-,384,NO,1270,pass,raw fixed-order candidate ledger
CALL,full_j4_fixed,0xA400000000000003,19,none,directed,122,206,-,-,384,NO,1270,pass,raw fixed-order candidate ledger
CALL,full_j4_fixed,0xA400000000000003,19,none,directed,123,207,-,-,384,NO,1270,pass,raw fixed-order candidate ledger
CALL,full_j4_fixed,0xA400000000000003,19,none,directed,124,208,-,-,384,NO,1270,pass,raw fixed-order candidate ledger
CALL,full_j4_fixed,0xA400000000000003,19,none,directed,125,209,-,-,384,NO,1270,pass,raw fixed-order candidate ledger
CALL,full_j4_fixed,0xA400000000000003,19,none,directed,126,210,-,-,384,NO,1270,pass,raw fixed-order candidate ledger
CALL,full_j4_fixed,0xA400000000000003,19,none,directed,127,211,-,-,384,NO,1270,pass,raw fixed-order candidate ledger
CALL,full_j4_fixed,0xA400000000000003,19,none,directed,128,212,-,-,384,NO,1270,pass,raw fixed-order candidate ledger
CALL,full_j4_fixed,0xA400000000000003,19,none,directed,129,213,-,-,384,NO,1270,pass,raw fixed-order candidate ledger
CALL,full_j4_fixed,0xA400000000000003,19,none,directed,130,214,-,-,384,NO,1270,pass,raw fixed-order candidate ledger
CALL,full_j4_fixed,0xA400000000000003,19,none,directed,131,215,-,-,384,NO,1270,pass,raw fixed-order candidate ledger
CALL,full_j4_fixed,0xA400000000000003,19,none,directed,132,216,-,-,384,NO,1270,pass,raw fixed-order candidate ledger
CALL,full_j4_fixed,0xA400000000000003,19,none,directed,133,217,-,-,384,NO,1270,pass,raw fixed-order candidate ledger
CALL,full_j4_fixed,0xA400000000000003,19,none,directed,134,218,-,-,384,NO,1270,pass,raw fixed-order candidate ledger
CALL,full_j4_fixed,0xA400000000000003,19,none,directed,135,219,-,-,384,NO,1270,pass,raw fixed-order candidate ledger
CALL,full_j4_fixed,0xA400000000000003,19,none,directed,136,220,-,-,384,NO,1270,pass,raw fixed-order candidate ledger
CALL,full_j4_fixed,0xA400000000000003,19,none,directed,137,221,-,-,384,NO,1270,pass,raw fixed-order candidate ledger
CALL,full_j4_fixed,0xA400000000000003,19,none,directed,138,222,-,-,384,NO,1270,pass,raw fixed-order candidate ledger
CALL,full_j4_fixed,0xA400000000000003,19,none,directed,139,223,-,-,384,NO,1270,pass,raw fixed-order candidate ledger
CALL,full_j4_fixed,0xA400000000000003,19,none,directed,140,224,-,-,384,NO,1270,pass,raw fixed-order candidate ledger
CALL,full_j4_fixed,0xA400000000000003,19,none,directed,141,225,-,-,384,NO,1270,pass,raw fixed-order candidate ledger
CALL,full_j4_fixed,0xA400000000000003,19,none,directed,142,226,-,-,384,NO,1270,pass,raw fixed-order candidate ledger
CALL,full_j4_fixed,0xA400000000000003,19,none,directed,143,227,-,-,384,NO,1270,pass,raw fixed-order candidate ledger
CALL,full_j4_fixed,0xA400000000000003,19,none,directed,144,228,-,-,384,NO,1270,pass,raw fixed-order candidate ledger
CALL,full_j4_fixed,0xA400000000000003,19,none,directed,145,229,-,-,384,NO,1270,pass,raw fixed-order candidate ledger
CALL,full_j4_fixed,0xA400000000000003,19,none,directed,146,230,-,-,384,NO,1270,pass,raw fixed-order candidate ledger
CALL,full_j4_fixed,0xA400000000000003,19,none,directed,147,231,-,-,384,NO,1270,pass,raw fixed-order candidate ledger
CALL,full_j4_fixed,0xA400000000000003,19,none,directed,148,232,-,-,384,NO,1270,pass,raw fixed-order candidate ledger
CALL,full_j4_fixed,0xA400000000000003,19,none,directed,149,233,-,-,384,NO,1270,pass,raw fixed-order candidate ledger
CALL,full_j4_fixed,0xA400000000000003,19,none,directed,150,234,-,-,384,NO,1270,pass,raw fixed-order candidate ledger
CALL,full_j4_fixed,0xA400000000000003,19,none,directed,151,235,-,-,384,NO,1270,pass,raw fixed-order candidate ledger
CALL,full_j4_fixed,0xA400000000000003,19,none,directed,152,236,-,-,384,NO,1270,pass,raw fixed-order candidate ledger
CALL,full_j4_fixed,0xA400000000000003,19,none,directed,153,237,-,-,384,NO,1270,pass,raw fixed-order candidate ledger
CALL,full_j4_fixed,0xA400000000000003,19,none,directed,154,238,-,-,384,NO,1270,pass,raw fixed-order candidate ledger
CALL,full_j4_fixed,0xA400000000000003,19,none,directed,155,239,-,-,384,NO,1270,pass,raw fixed-order candidate ledger
CALL,full_j4_fixed,0xA400000000000003,19,none,directed,156,240,-,-,384,NO,1270,pass,raw fixed-order candidate ledger
CALL,full_j4_fixed,0xA400000000000003,19,none,directed,157,241,-,-,384,NO,1270,pass,raw fixed-order candidate ledger
CALL,full_j4_fixed,0xA400000000000003,19,none,directed,158,242,-,-,384,NO,1270,pass,raw fixed-order candidate ledger
CALL,full_j4_fixed,0xA400000000000003,19,none,directed,159,243,-,-,384,NO,1270,pass,raw fixed-order candidate ledger
CALL,full_j4_fixed,0xA400000000000003,19,none,directed,160,244,-,-,384,NO,1270,pass,raw fixed-order candidate ledger
CALL,full_j4_fixed,0xA400000000000003,19,none,directed,161,245,-,-,384,NO,1270,pass,raw fixed-order candidate ledger
CALL,full_j4_fixed,0xA400000000000003,19,none,directed,162,246,-,-,384,NO,1270,pass,raw fixed-order candidate ledger
CALL,full_j4_fixed,0xA400000000000003,19,none,directed,163,247,-,-,384,NO,1270,pass,raw fixed-order candidate ledger
CALL,full_j4_fixed,0xA400000000000003,19,none,directed,164,248,-,-,384,NO,1270,pass,raw fixed-order candidate ledger
CALL,full_j4_fixed,0xA400000000000003,19,none,directed,165,249,-,-,384,NO,1270,pass,raw fixed-order candidate ledger
CALL,full_j4_fixed,0xA400000000000003,19,none,directed,166,250,-,-,384,NO,1270,pass,raw fixed-order candidate ledger
CALL,full_j4_fixed,0xA400000000000003,19,none,directed,167,251,-,-,384,NO,1270,pass,raw fixed-order candidate ledger
CALL,full_j4_fixed,0xA400000000000003,19,none,directed,168,252,-,-,384,NO,1270,pass,raw fixed-order candidate ledger
CALL,full_j4_fixed,0xA400000000000003,19,none,directed,169,253,-,-,384,NO,1270,pass,raw fixed-order candidate ledger
CALL,full_j4_fixed,0xA400000000000003,19,none,directed,170,254,-,-,384,NO,1270,pass,raw fixed-order candidate ledger
CALL,full_j4_fixed,0xA400000000000003,19,none,directed,171,255,-,-,384,NO,1270,pass,raw fixed-order candidate ledger
CALL,full_j4_fixed,0xA400000000000003,19,none,directed,172,256,-,-,384,NO,1270,pass,raw fixed-order candidate ledger
CALL,full_j4_fixed,0xA400000000000003,19,none,directed,173,257,-,-,384,NO,1270,pass,raw fixed-order candidate ledger
CALL,full_j4_fixed,0xA400000000000003,19,none,directed,174,258,-,-,384,NO,1270,pass,raw fixed-order candidate ledger
CALL,full_j4_fixed,0xA400000000000003,19,none,directed,175,259,-,-,384,NO,1270,pass,raw fixed-order candidate ledger
CALL,full_j4_fixed,0xA400000000000003,19,none,directed,176,260,-,-,384,NO,1270,pass,raw fixed-order candidate ledger
CALL,full_j4_fixed,0xA400000000000003,19,none,directed,177,261,-,-,384,NO,1270,pass,raw fixed-order candidate ledger
CALL,full_j4_fixed,0xA400000000000003,19,none,directed,178,262,-,-,384,NO,1270,pass,raw fixed-order candidate ledger
CALL,full_j4_fixed,0xA400000000000003,19,none,directed,179,263,-,-,384,NO,1270,pass,raw fixed-order candidate ledger
CALL,full_j4_fixed,0xA400000000000003,19,none,directed,180,264,-,-,384,NO,1270,pass,raw fixed-order candidate ledger
CALL,full_j4_fixed,0xA400000000000003,19,none,directed,181,265,-,-,384,NO,1270,pass,raw fixed-order candidate ledger
CALL,full_j4_fixed,0xA400000000000003,19,none,directed,182,266,-,-,384,NO,1270,pass,raw fixed-order candidate ledger
CALL,full_j4_fixed,0xA400000000000003,19,none,directed,183,267,-,-,384,NO,1270,pass,raw fixed-order candidate ledger
CALL,full_j4_fixed,0xA400000000000003,19,none,directed,184,268,-,-,384,NO,1270,pass,raw fixed-order candidate ledger
CALL,full_j4_fixed,0xA400000000000003,19,none,directed,185,269,-,-,384,NO,1270,pass,raw fixed-order candidate ledger
CALL,full_j4_fixed,0xA400000000000003,19,none,directed,186,270,-,-,384,NO,1270,pass,raw fixed-order candidate ledger
CALL,full_j4_fixed,0xA400000000000003,19,none,directed,187,271,-,-,384,NO,1270,pass,raw fixed-order candidate ledger
CALL,full_j4_fixed,0xA400000000000003,19,none,directed,188,272,-,-,384,NO,1270,pass,raw fixed-order candidate ledger
CALL,full_j4_fixed,0xA400000000000003,19,none,directed,189,273,-,-,384,NO,1270,pass,raw fixed-order candidate ledger
CALL,full_j4_fixed,0xA400000000000003,19,none,directed,190,274,-,-,384,NO,1270,pass,raw fixed-order candidate ledger
CALL,full_j4_fixed,0xA400000000000003,19,none,directed,191,275,-,-,384,NO,1270,pass,raw fixed-order candidate ledger
CALL,full_j4_fixed,0xA400000000000003,19,none,directed,192,276,-,-,384,NO,1270,pass,raw fixed-order candidate ledger
CALL,full_j4_fixed,0xA400000000000003,19,none,directed,193,277,-,-,384,NO,1270,pass,raw fixed-order candidate ledger
CALL,full_j4_fixed,0xA400000000000003,19,none,directed,194,278,-,-,384,NO,1270,pass,raw fixed-order candidate ledger
CALL,full_j4_fixed,0xA400000000000003,19,none,directed,195,279,-,-,384,NO,1270,pass,raw fixed-order candidate ledger
CALL,full_j4_fixed,0xA400000000000003,19,none,directed,196,280,-,-,384,NO,1270,pass,raw fixed-order candidate ledger
CALL,full_j4_fixed,0xA400000000000003,19,none,directed,197,281,-,-,384,NO,1270,pass,raw fixed-order candidate ledger
CALL,full_j4_fixed,0xA400000000000003,19,none,directed,198,282,-,-,384,NO,1270,pass,raw fixed-order candidate ledger
CALL,full_j4_fixed,0xA400000000000003,19,none,directed,199,283,-,-,384,NO,1270,pass,raw fixed-order candidate ledger
CALL,full_j4_fixed,0xA400000000000003,19,none,directed,200,284,-,-,384,NO,1270,pass,raw fixed-order candidate ledger
CALL,full_j4_fixed,0xA400000000000003,19,none,directed,201,285,-,-,384,NO,1270,pass,raw fixed-order candidate ledger
CALL,full_j4_fixed,0xA400000000000003,19,none,directed,202,286,-,-,384,NO,1270,pass,raw fixed-order candidate ledger
CALL,full_j4_fixed,0xA400000000000003,19,none,directed,203,287,-,-,384,NO,1270,pass,raw fixed-order candidate ledger
CALL,full_j4_fixed,0xA400000000000003,19,none,directed,204,288,-,-,384,NO,1270,pass,raw fixed-order candidate ledger
CALL,full_j4_fixed,0xA400000000000003,19,none,directed,205,289,-,-,384,NO,1270,pass,raw fixed-order candidate ledger
CALL,full_j4_fixed,0xA400000000000003,19,none,directed,206,290,-,-,384,NO,1270,pass,raw fixed-order candidate ledger
CALL,full_j4_fixed,0xA400000000000003,19,none,directed,207,291,-,-,384,NO,1270,pass,raw fixed-order candidate ledger
CALL,full_j4_fixed,0xA400000000000003,19,none,directed,208,292,-,-,384,NO,1270,pass,raw fixed-order candidate ledger
CALL,full_j4_fixed,0xA400000000000003,19,none,directed,209,293,-,-,384,NO,1270,pass,raw fixed-order candidate ledger
CALL,full_j4_fixed,0xA400000000000003,19,none,directed,210,294,-,-,384,NO,1270,pass,raw fixed-order candidate ledger
CALL,full_j4_fixed,0xA400000000000003,19,none,directed,211,295,-,-,384,NO,1270,pass,raw fixed-order candidate ledger
CALL,full_j4_fixed,0xA400000000000003,19,none,directed,212,296,-,-,384,NO,1270,pass,raw fixed-order candidate ledger
CALL,full_j4_fixed,0xA400000000000003,19,none,directed,213,297,-,-,384,NO,1270,pass,raw fixed-order candidate ledger
CALL,full_j4_fixed,0xA400000000000003,19,none,directed,214,298,-,-,384,NO,1270,pass,raw fixed-order candidate ledger
CALL,full_j4_fixed,0xA400000000000003,19,none,directed,215,299,-,-,384,NO,1270,pass,raw fixed-order candidate ledger
CALL,full_j4_fixed,0xA400000000000003,19,none,directed,216,300,-,-,384,NO,1270,pass,raw fixed-order candidate ledger
CALL,full_j4_fixed,0xA400000000000003,19,none,directed,217,301,-,-,384,NO,1270,pass,raw fixed-order candidate ledger
CALL,full_j4_fixed,0xA400000000000003,19,none,directed,218,302,-,-,384,NO,1270,pass,raw fixed-order candidate ledger
CALL,full_j4_fixed,0xA400000000000003,19,none,directed,219,303,-,-,384,NO,1270,pass,raw fixed-order candidate ledger
CALL,full_j4_fixed,0xA400000000000003,19,none,directed,220,304,-,-,384,NO,1270,pass,raw fixed-order candidate ledger
CALL,full_j4_fixed,0xA400000000000003,19,none,directed,221,305,-,-,384,NO,1270,pass,raw fixed-order candidate ledger
CALL,full_j4_fixed,0xA400000000000003,19,none,directed,222,306,-,-,384,NO,1270,pass,raw fixed-order candidate ledger
CALL,full_j4_fixed,0xA400000000000003,19,none,directed,223,307,-,-,384,NO,1270,pass,raw fixed-order candidate ledger
CALL,full_j4_fixed,0xA400000000000003,19,none,directed,224,308,-,-,384,NO,1270,pass,raw fixed-order candidate ledger
CALL,full_j4_fixed,0xA400000000000003,19,none,directed,225,309,-,-,384,NO,1270,pass,raw fixed-order candidate ledger
CALL,full_j4_fixed,0xA400000000000003,19,none,directed,226,310,-,-,384,NO,1270,pass,raw fixed-order candidate ledger
CALL,full_j4_fixed,0xA400000000000003,19,none,directed,227,311,-,-,384,NO,1270,pass,raw fixed-order candidate ledger
CALL,full_j4_fixed,0xA400000000000003,19,none,directed,228,312,-,-,384,NO,1270,pass,raw fixed-order candidate ledger
CALL,full_j4_fixed,0xA400000000000003,19,none,directed,229,313,-,-,384,NO,1270,pass,raw fixed-order candidate ledger
CALL,full_j4_fixed,0xA400000000000003,19,none,directed,230,314,-,-,384,NO,1270,pass,raw fixed-order candidate ledger
CALL,full_j4_fixed,0xA400000000000003,19,none,directed,231,315,-,-,384,NO,1270,pass,raw fixed-order candidate ledger
CALL,full_j4_fixed,0xA400000000000003,19,none,directed,232,316,-,-,384,NO,1270,pass,raw fixed-order candidate ledger
CALL,full_j4_fixed,0xA400000000000003,19,none,directed,233,317,-,-,384,NO,1270,pass,raw fixed-order candidate ledger
CALL,full_j4_fixed,0xA400000000000003,19,none,directed,234,318,-,-,384,NO,1270,pass,raw fixed-order candidate ledger
CALL,full_j4_fixed,0xA400000000000003,19,none,directed,235,319,-,-,384,NO,1270,pass,raw fixed-order candidate ledger
CALL,full_j4_fixed,0xA400000000000003,19,none,directed,236,320,-,-,384,NO,1270,pass,raw fixed-order candidate ledger
CALL,full_j4_fixed,0xA400000000000003,19,none,directed,237,321,-,-,384,NO,1270,pass,raw fixed-order candidate ledger
CALL,full_j4_fixed,0xA400000000000003,19,none,directed,238,322,-,-,384,NO,1270,pass,raw fixed-order candidate ledger
CALL,full_j4_fixed,0xA400000000000003,19,none,directed,239,323,-,-,384,NO,1270,pass,raw fixed-order candidate ledger
CALL,full_j4_fixed,0xA400000000000003,19,none,directed,240,324,-,-,384,NO,1270,pass,raw fixed-order candidate ledger
CALL,full_j4_fixed,0xA400000000000003,19,none,directed,241,325,-,-,384,NO,1270,pass,raw fixed-order candidate ledger
CALL,full_j4_fixed,0xA400000000000003,19,none,directed,242,326,-,-,384,NO,1270,pass,raw fixed-order candidate ledger
CALL,full_j4_fixed,0xA400000000000003,19,none,directed,243,327,-,-,384,NO,1270,pass,raw fixed-order candidate ledger
CALL,full_j4_fixed,0xA400000000000003,19,none,directed,244,328,-,-,384,NO,1270,pass,raw fixed-order candidate ledger
CALL,full_j4_fixed,0xA400000000000003,19,none,directed,245,329,-,-,384,NO,1270,pass,raw fixed-order candidate ledger
CALL,full_j4_fixed,0xA400000000000003,19,none,directed,246,330,-,-,384,NO,1270,pass,raw fixed-order candidate ledger
CALL,full_j4_fixed,0xA400000000000003,19,none,directed,247,331,-,-,384,NO,1270,pass,raw fixed-order candidate ledger
CALL,full_j4_fixed,0xA400000000000003,19,none,directed,248,332,-,-,384,NO,1270,pass,raw fixed-order candidate ledger
CALL,full_j4_fixed,0xA400000000000003,19,none,directed,249,333,-,-,384,NO,1270,pass,raw fixed-order candidate ledger
CALL,full_j4_fixed,0xA400000000000003,19,none,directed,250,334,-,-,384,NO,1270,pass,raw fixed-order candidate ledger
CALL,full_j4_fixed,0xA400000000000003,19,none,directed,251,335,-,-,384,NO,1270,pass,raw fixed-order candidate ledger
CALL,full_j4_fixed,0xA400000000000003,19,none,directed,252,336,-,-,384,NO,1270,pass,raw fixed-order candidate ledger
CALL,full_j4_fixed,0xA400000000000003,19,none,directed,253,337,-,-,384,NO,1270,pass,raw fixed-order candidate ledger
CALL,full_j4_fixed,0xA400000000000003,19,none,directed,254,338,-,-,384,NO,1270,pass,raw fixed-order candidate ledger
CALL,full_j4_fixed,0xA400000000000003,19,none,directed,255,339,-,-,384,NO,1270,pass,raw fixed-order candidate ledger
CALL,full_j4_fixed,0xA400000000000003,19,none,directed,256,340,-,-,384,NO,1270,pass,raw fixed-order candidate ledger
CALL,full_j4_fixed,0xA400000000000003,19,none,directed,257,341,-,-,384,NO,1270,pass,raw fixed-order candidate ledger
CALL,full_j4_fixed,0xA400000000000003,19,none,directed,258,342,-,-,384,NO,1270,pass,raw fixed-order candidate ledger
CALL,full_j4_fixed,0xA400000000000003,19,none,directed,259,343,-,-,384,NO,1270,pass,raw fixed-order candidate ledger
CALL,full_j4_fixed,0xA400000000000003,19,none,directed,260,344,-,-,384,NO,1270,pass,raw fixed-order candidate ledger
CALL,full_j4_fixed,0xA400000000000003,19,none,directed,261,345,-,-,384,NO,1270,pass,raw fixed-order candidate ledger
CALL,full_j4_fixed,0xA400000000000003,19,none,directed,262,346,-,-,384,NO,1270,pass,raw fixed-order candidate ledger
CALL,full_j4_fixed,0xA400000000000003,19,none,directed,263,347,-,-,384,NO,1270,pass,raw fixed-order candidate ledger
CALL,full_j4_fixed,0xA400000000000003,19,none,directed,264,348,-,-,384,NO,1270,pass,raw fixed-order candidate ledger
CALL,full_j4_fixed,0xA400000000000003,19,none,directed,265,349,-,-,384,NO,1270,pass,raw fixed-order candidate ledger
CALL,full_j4_fixed,0xA400000000000003,19,none,directed,266,350,-,-,384,NO,1270,pass,raw fixed-order candidate ledger
CALL,full_j4_fixed,0xA400000000000003,19,none,directed,267,351,-,-,384,NO,1270,pass,raw fixed-order candidate ledger
CALL,full_j4_fixed,0xA400000000000003,19,none,directed,268,352,-,-,384,NO,1270,pass,raw fixed-order candidate ledger
CALL,full_j4_fixed,0xA400000000000003,19,none,directed,269,353,-,-,384,NO,1270,pass,raw fixed-order candidate ledger
CALL,full_j4_fixed,0xA400000000000003,19,none,directed,270,354,-,-,384,NO,1270,pass,raw fixed-order candidate ledger
CALL,full_j4_fixed,0xA400000000000003,19,none,directed,271,355,-,-,384,NO,1270,pass,raw fixed-order candidate ledger
CALL,full_j4_fixed,0xA400000000000003,19,none,directed,272,356,-,-,384,NO,1270,pass,raw fixed-order candidate ledger
CALL,full_j4_fixed,0xA400000000000003,19,none,directed,273,357,-,-,384,NO,1270,pass,raw fixed-order candidate ledger
CALL,full_j4_fixed,0xA400000000000003,19,none,directed,274,358,-,-,384,NO,1270,pass,raw fixed-order candidate ledger
CALL,full_j4_fixed,0xA400000000000003,19,none,directed,275,359,-,-,384,NO,1270,pass,raw fixed-order candidate ledger
CALL,full_j4_fixed,0xA400000000000003,19,none,directed,276,360,-,-,384,NO,1270,pass,raw fixed-order candidate ledger
CALL,full_j4_fixed,0xA400000000000003,19,none,directed,277,361,-,-,384,NO,1270,pass,raw fixed-order candidate ledger
CALL,full_j4_fixed,0xA400000000000003,19,none,directed,278,362,-,-,384,NO,1270,pass,raw fixed-order candidate ledger
CALL,full_j4_fixed,0xA400000000000003,19,none,directed,279,363,-,-,384,NO,1270,pass,raw fixed-order candidate ledger
CALL,full_j4_fixed,0xA400000000000003,19,none,directed,280,364,-,-,384,NO,1270,pass,raw fixed-order candidate ledger
CALL,full_j4_fixed,0xA400000000000003,19,none,directed,281,365,-,-,384,NO,1270,pass,raw fixed-order candidate ledger
CALL,full_j4_fixed,0xA400000000000003,19,none,directed,282,366,-,-,384,NO,1270,pass,raw fixed-order candidate ledger
CALL,full_j4_fixed,0xA400000000000003,19,none,directed,283,367,-,-,384,NO,1270,pass,raw fixed-order candidate ledger
CALL,full_j4_fixed,0xA400000000000003,19,none,directed,284,368,-,-,384,NO,1270,pass,raw fixed-order candidate ledger
CALL,full_j4_fixed,0xA400000000000003,19,none,directed,285,369,-,-,384,NO,1270,pass,raw fixed-order candidate ledger
CALL,full_j4_fixed,0xA400000000000003,19,none,directed,286,370,-,-,384,NO,1270,pass,raw fixed-order candidate ledger
CALL,full_j4_fixed,0xA400000000000003,19,none,directed,287,371,-,-,384,NO,1270,pass,raw fixed-order candidate ledger
CALL,full_j4_fixed,0xA400000000000003,19,none,directed,288,372,-,-,384,NO,1270,pass,raw fixed-order candidate ledger
CALL,full_j4_fixed,0xA400000000000003,19,none,directed,289,373,-,-,384,NO,1270,pass,raw fixed-order candidate ledger
CALL,full_j4_fixed,0xA400000000000003,19,none,directed,290,374,-,-,384,NO,1270,pass,raw fixed-order candidate ledger
CALL,full_j4_fixed,0xA400000000000003,19,none,directed,291,375,-,-,384,NO,1270,pass,raw fixed-order candidate ledger
CALL,full_j4_fixed,0xA400000000000003,19,none,directed,292,376,-,-,384,NO,1270,pass,raw fixed-order candidate ledger
CALL,full_j4_fixed,0xA400000000000003,19,none,directed,293,377,-,-,384,NO,1270,pass,raw fixed-order candidate ledger
CALL,full_j4_fixed,0xA400000000000003,19,none,directed,294,378,-,-,384,NO,1270,pass,raw fixed-order candidate ledger
CALL,full_j4_fixed,0xA400000000000003,19,none,directed,295,379,-,-,384,NO,1270,pass,raw fixed-order candidate ledger
CALL,full_j4_fixed,0xA400000000000003,19,none,directed,296,380,-,-,384,NO,1270,pass,raw fixed-order candidate ledger
CALL,full_j4_fixed,0xA400000000000003,19,none,directed,297,381,-,-,384,NO,1270,pass,raw fixed-order candidate ledger
CALL,full_j4_fixed,0xA400000000000003,19,none,directed,298,382,-,-,384,NO,1270,pass,raw fixed-order candidate ledger
CALL,full_j4_fixed,0xA400000000000003,19,none,directed,299,383,-,-,384,NO,1270,pass,raw fixed-order candidate ledger
CALL,full_j4_fixed,0xA400000000000003,19,none,directed,300,384,-,-,384,NO,1270,pass,raw fixed-order candidate ledger
ABLATION,full_j4_fixed,0xA400000000000003,19,none,-,-,-,-,-,384,YES,1270,pass,predeclared bank ablation
ABLATION,no_global,0xA400000000000003,19,none,-,-,-,-,-,354,YES,1270,pass,predeclared bank ablation
ABLATION,no_singleton,0xA400000000000003,19,none,-,-,-,-,-,336,YES,1270,pass,predeclared bank ablation
ABLATION,no_none,0xA400000000000003,19,none,-,-,-,-,-,379,NO,1270,pass,predeclared bank ablation
ABLATION,no_directed,0xA400000000000003,19,none,-,-,-,-,-,83,YES,1270,pass,predeclared bank ablation
ABLATION,directed_100,0xA400000000000003,19,none,-,-,-,-,-,183,YES,1270,pass,predeclared bank ablation
ABLATION,directed_200,0xA400000000000003,19,none,-,-,-,-,-,283,YES,1270,pass,predeclared bank ablation
ABLATION,small_banks_only,0xA400000000000003,19,none,-,-,-,-,-,83,YES,1270,pass,predeclared bank ablation
ABLATION,derived_minimal_prefix,0xA400000000000003,19,none,-,-,-,-,-,127,YES,1270,pass,predeclared bank ablation
SUMMARY,full_j4_fixed,-, -, -, -, -, -, -,-,384,12/12,1270,pass,frozen seeds and exact J4 order
SUMMARY,no_global,-, -, -, -, -, -, -,-,354,9/12,1270,pass,frozen seeds and exact J4 order
SUMMARY,no_singleton,-, -, -, -, -, -, -,-,336,12/12,1270,pass,frozen seeds and exact J4 order
SUMMARY,no_none,-, -, -, -, -, -, -,-,379,9/12,1270,pass,frozen seeds and exact J4 order
SUMMARY,no_directed,-, -, -, -, -, -, -,-,83,9/12,1270,pass,frozen seeds and exact J4 order
SUMMARY,directed_100,-, -, -, -, -, -, -,-,183,9/12,1270,pass,frozen seeds and exact J4 order
SUMMARY,directed_200,-, -, -, -, -, -, -,-,283,12/12,1270,pass,frozen seeds and exact J4 order
SUMMARY,small_banks_only,-, -, -, -, -, -, -,-,83,9/12,1270,pass,frozen seeds and exact J4 order
SUMMARY,derived_minimal_prefix,-, -, -, -, -, -, -,-,127,12/12,1270,pass,frozen seeds and exact J4 order
