row,policy,opaque_id,phase,tool_hash,program_hash,payload_hash,schema_hash,builds,actions,probes,status,detail
typed_witness,fixed_ax_complete,b62c2b66ec35b8ae,develop,2513f85d64cb1bda,5bafd6bd981fedf8,7881cbcfeadf54bd,d53bd3a187721a8,1,1,1,accepted,summary=3;witness_hex=3237362c3531322c373938
receipt,fixed_ax_complete,b62c2b66ec35b8ae,develop,2513f85d64cb1bda,5bafd6bd981fedf8,7881cbcfeadf54bd,d53bd3a187721a8,1,1,1,accepted,typed_canonical
receipt,fixed_ax_complete,b62c2b66ec35b8ae,develop,4e9640b247c85a05,58967315222620f1,7881cbcfeadf54bd,10aaebf672bc000a,2,2,2,rejected,typed_canonical
receipt,fixed_ax_complete,b62c2b66ec35b8ae,develop,e0ff2587dbccd344,1bc903704d0b2b1a,7881cbcfeadf54bd,cd0b57c3d461cc32,3,3,3,rejected,typed_canonical
receipt,fixed_ax_complete,b62c2b66ec35b8ae,develop,2513f85d64cb1bda,95d55634c06adf62,7881cbcfeadf54bd,cd0b57c3d461cc32,3,4,4,rejected,typed_canonical
budget,fixed_ax_complete,b62c2b66ec35b8ae,develop,-,-,7881cbcfeadf54bd,-,2048,2048,2048,charged_exact,active_builds=3;active_actions=4;active_probes=4
receipt,fixed_ax_complete,fd47f0af6d39a405,develop,2513f85d64cb1bda,5bafd6bd981fedf8,33ea10066bd34815,d53bd3a187721a8,1,1,1,rejected,typed_canonical
typed_witness,fixed_ax_complete,fd47f0af6d39a405,develop,4e9640b247c85a05,58967315222620f1,33ea10066bd34815,10aaebf672bc000a,2,2,2,accepted,summary=0;witness_hex=72393a6e6f6e65
receipt,fixed_ax_complete,fd47f0af6d39a405,develop,4e9640b247c85a05,58967315222620f1,33ea10066bd34815,10aaebf672bc000a,2,2,2,accepted,typed_canonical
receipt,fixed_ax_complete,fd47f0af6d39a405,develop,e0ff2587dbccd344,1bc903704d0b2b1a,33ea10066bd34815,cd0b57c3d461cc32,3,3,3,rejected,typed_canonical
receipt,fixed_ax_complete,fd47f0af6d39a405,develop,2513f85d64cb1bda,95d55634c06adf62,33ea10066bd34815,cd0b57c3d461cc32,3,4,4,rejected,typed_canonical
budget,fixed_ax_complete,fd47f0af6d39a405,develop,-,-,33ea10066bd34815,-,2048,2048,2048,charged_exact,active_builds=3;active_actions=4;active_probes=4
receipt,fixed_ax_complete,f9fa9278eb3d737d,develop,2513f85d64cb1bda,5bafd6bd981fedf8,375772d1edd79f6c,d53bd3a187721a8,1,1,1,rejected,typed_canonical
receipt,fixed_ax_complete,f9fa9278eb3d737d,develop,4e9640b247c85a05,58967315222620f1,375772d1edd79f6c,10aaebf672bc000a,2,2,2,rejected,typed_canonical
receipt,fixed_ax_complete,f9fa9278eb3d737d,develop,e0ff2587dbccd344,1bc903704d0b2b1a,375772d1edd79f6c,cd0b57c3d461cc32,3,3,3,rejected,typed_canonical
receipt,fixed_ax_complete,f9fa9278eb3d737d,develop,2513f85d64cb1bda,95d55634c06adf62,375772d1edd79f6c,cd0b57c3d461cc32,3,4,4,rejected,typed_canonical
budget,fixed_ax_complete,f9fa9278eb3d737d,develop,-,-,375772d1edd79f6c,-,2048,2048,2048,charged_exact,active_builds=3;active_actions=4;active_probes=4
receipt,fixed_ax_complete,f1f15b2967c34b3,holdout,2513f85d64cb1bda,5bafd6bd981fedf8,44409cdd879ab88,d53bd3a187721a8,1,1,1,rejected,typed_canonical
receipt,fixed_ax_complete,f1f15b2967c34b3,holdout,4e9640b247c85a05,58967315222620f1,44409cdd879ab88,10aaebf672bc000a,2,2,2,rejected,typed_canonical
typed_witness,fixed_ax_complete,f1f15b2967c34b3,holdout,e0ff2587dbccd344,1bc903704d0b2b1a,44409cdd879ab88,cd0b57c3d461cc32,3,3,3,accepted,summary=1;witness_hex=313237383a3738393a31333234
receipt,fixed_ax_complete,f1f15b2967c34b3,holdout,e0ff2587dbccd344,1bc903704d0b2b1a,44409cdd879ab88,cd0b57c3d461cc32,3,3,3,accepted,typed_canonical
receipt,fixed_ax_complete,f1f15b2967c34b3,holdout,2513f85d64cb1bda,95d55634c06adf62,44409cdd879ab88,cd0b57c3d461cc32,3,4,4,rejected,typed_canonical
budget,fixed_ax_complete,f1f15b2967c34b3,holdout,-,-,44409cdd879ab88,-,2048,2048,2048,charged_exact,active_builds=3;active_actions=4;active_probes=4
receipt,fixed_ax_complete,d13917d0f504513,holdout,2513f85d64cb1bda,5bafd6bd981fedf8,6488d024155da2b,d53bd3a187721a8,1,1,1,rejected,typed_canonical
receipt,fixed_ax_complete,d13917d0f504513,holdout,4e9640b247c85a05,58967315222620f1,6488d024155da2b,10aaebf672bc000a,2,2,2,rejected,typed_canonical
receipt,fixed_ax_complete,d13917d0f504513,holdout,e0ff2587dbccd344,1bc903704d0b2b1a,6488d024155da2b,cd0b57c3d461cc32,3,3,3,rejected,typed_canonical
typed_witness,fixed_ax_complete,d13917d0f504513,holdout,2513f85d64cb1bda,95d55634c06adf62,6488d024155da2b,cd0b57c3d461cc32,3,4,4,accepted,summary=1;witness_hex=363438303a363437323a36353034
receipt,fixed_ax_complete,d13917d0f504513,holdout,2513f85d64cb1bda,95d55634c06adf62,6488d024155da2b,cd0b57c3d461cc32,3,4,4,accepted,typed_canonical
budget,fixed_ax_complete,d13917d0f504513,holdout,-,-,6488d024155da2b,-,2048,2048,2048,charged_exact,active_builds=3;active_actions=4;active_probes=4
receipt,fixed_ax_complete,e65cb01ba33cd72a,holdout,2513f85d64cb1bda,5bafd6bd981fedf8,ed07ac64ed394813,d53bd3a187721a8,1,1,1,rejected,typed_canonical
receipt,fixed_ax_complete,e65cb01ba33cd72a,holdout,4e9640b247c85a05,58967315222620f1,ed07ac64ed394813,10aaebf672bc000a,2,2,2,rejected,typed_canonical
receipt,fixed_ax_complete,e65cb01ba33cd72a,holdout,e0ff2587dbccd344,1bc903704d0b2b1a,ed07ac64ed394813,cd0b57c3d461cc32,3,3,3,rejected,typed_canonical
receipt,fixed_ax_complete,e65cb01ba33cd72a,holdout,2513f85d64cb1bda,95d55634c06adf62,ed07ac64ed394813,cd0b57c3d461cc32,3,4,4,rejected,typed_canonical
budget,fixed_ax_complete,e65cb01ba33cd72a,holdout,-,-,ed07ac64ed394813,-,2048,2048,2048,charged_exact,active_builds=3;active_actions=4;active_probes=4
receipt,fixed_ax_complete,848aa5bfd2ce8b86,holdout,2513f85d64cb1bda,5bafd6bd981fedf8,8fd1b9c09ccb14b8,d53bd3a187721a8,1,1,1,rejected,typed_canonical
receipt,fixed_ax_complete,848aa5bfd2ce8b86,holdout,4e9640b247c85a05,58967315222620f1,8fd1b9c09ccb14b8,10aaebf672bc000a,2,2,2,rejected,typed_canonical
receipt,fixed_ax_complete,848aa5bfd2ce8b86,holdout,e0ff2587dbccd344,1bc903704d0b2b1a,8fd1b9c09ccb14b8,cd0b57c3d461cc32,3,3,3,rejected,typed_canonical
receipt,fixed_ax_complete,848aa5bfd2ce8b86,holdout,2513f85d64cb1bda,95d55634c06adf62,8fd1b9c09ccb14b8,cd0b57c3d461cc32,3,4,4,rejected,typed_canonical
budget,fixed_ax_complete,848aa5bfd2ce8b86,holdout,-,-,8fd1b9c09ccb14b8,-,2048,2048,2048,charged_exact,active_builds=3;active_actions=4;active_probes=4
receipt,fixed_ax_complete,68dd9a739da2fe,holdout,2513f85d64cb1bda,5bafd6bd981fedf8,b33c1e53d983dc1,d53bd3a187721a8,1,1,1,rejected,typed_canonical
receipt,fixed_ax_complete,68dd9a739da2fe,holdout,4e9640b247c85a05,58967315222620f1,b33c1e53d983dc1,10aaebf672bc000a,2,2,2,rejected,typed_canonical
receipt,fixed_ax_complete,68dd9a739da2fe,holdout,e0ff2587dbccd344,1bc903704d0b2b1a,b33c1e53d983dc1,cd0b57c3d461cc32,3,3,3,rejected,typed_canonical
receipt,fixed_ax_complete,68dd9a739da2fe,holdout,2513f85d64cb1bda,95d55634c06adf62,b33c1e53d983dc1,cd0b57c3d461cc32,3,4,4,rejected,typed_canonical
budget,fixed_ax_complete,68dd9a739da2fe,holdout,-,-,b33c1e53d983dc1,-,2048,2048,2048,charged_exact,active_builds=3;active_actions=4;active_probes=4
receipt,fixed_ax_complete,a26f14f027946b87,holdout,2513f85d64cb1bda,5bafd6bd981fedf8,a934088f6991f4bb,d53bd3a187721a8,1,1,1,rejected,typed_canonical
receipt,fixed_ax_complete,a26f14f027946b87,holdout,4e9640b247c85a05,58967315222620f1,a934088f6991f4bb,10aaebf672bc000a,2,2,2,rejected,typed_canonical
receipt,fixed_ax_complete,a26f14f027946b87,holdout,e0ff2587dbccd344,1bc903704d0b2b1a,a934088f6991f4bb,cd0b57c3d461cc32,3,3,3,rejected,typed_canonical
receipt,fixed_ax_complete,a26f14f027946b87,holdout,2513f85d64cb1bda,95d55634c06adf62,a934088f6991f4bb,cd0b57c3d461cc32,3,4,4,rejected,typed_canonical
budget,fixed_ax_complete,a26f14f027946b87,holdout,-,-,a934088f6991f4bb,-,2048,2048,2048,charged_exact,active_builds=3;active_actions=4;active_probes=4
receipt,broad_fixed,b62c2b66ec35b8ae,develop,4e9640b247c85a05,58967315222620f1,7881cbcfeadf54bd,10aaebf672bc000a,1,1,1,rejected,typed_canonical
receipt,broad_fixed,b62c2b66ec35b8ae,develop,2513f85d64cb1bda,95d55634c06adf62,7881cbcfeadf54bd,cd0b57c3d461cc32,2,2,2,rejected,typed_canonical
typed_witness,broad_fixed,b62c2b66ec35b8ae,develop,2513f85d64cb1bda,5bafd6bd981fedf8,7881cbcfeadf54bd,d53bd3a187721a8,2,3,3,accepted,summary=3;witness_hex=3237362c3531322c373938
receipt,broad_fixed,b62c2b66ec35b8ae,develop,2513f85d64cb1bda,5bafd6bd981fedf8,7881cbcfeadf54bd,d53bd3a187721a8,2,3,3,accepted,typed_canonical
receipt,broad_fixed,b62c2b66ec35b8ae,develop,e0ff2587dbccd344,1bc903704d0b2b1a,7881cbcfeadf54bd,cd0b57c3d461cc32,3,4,4,rejected,typed_canonical
budget,broad_fixed,b62c2b66ec35b8ae,develop,-,-,7881cbcfeadf54bd,-,2048,2048,2048,charged_exact,active_builds=3;active_actions=4;active_probes=4
typed_witness,broad_fixed,fd47f0af6d39a405,develop,4e9640b247c85a05,58967315222620f1,33ea10066bd34815,10aaebf672bc000a,1,1,1,accepted,summary=0;witness_hex=72393a6e6f6e65
receipt,broad_fixed,fd47f0af6d39a405,develop,4e9640b247c85a05,58967315222620f1,33ea10066bd34815,10aaebf672bc000a,1,1,1,accepted,typed_canonical
receipt,broad_fixed,fd47f0af6d39a405,develop,2513f85d64cb1bda,95d55634c06adf62,33ea10066bd34815,cd0b57c3d461cc32,2,2,2,rejected,typed_canonical
receipt,broad_fixed,fd47f0af6d39a405,develop,2513f85d64cb1bda,5bafd6bd981fedf8,33ea10066bd34815,d53bd3a187721a8,2,3,3,rejected,typed_canonical
receipt,broad_fixed,fd47f0af6d39a405,develop,e0ff2587dbccd344,1bc903704d0b2b1a,33ea10066bd34815,cd0b57c3d461cc32,3,4,4,rejected,typed_canonical
budget,broad_fixed,fd47f0af6d39a405,develop,-,-,33ea10066bd34815,-,2048,2048,2048,charged_exact,active_builds=3;active_actions=4;active_probes=4
receipt,broad_fixed,f9fa9278eb3d737d,develop,4e9640b247c85a05,58967315222620f1,375772d1edd79f6c,10aaebf672bc000a,1,1,1,rejected,typed_canonical
receipt,broad_fixed,f9fa9278eb3d737d,develop,2513f85d64cb1bda,95d55634c06adf62,375772d1edd79f6c,cd0b57c3d461cc32,2,2,2,rejected,typed_canonical
receipt,broad_fixed,f9fa9278eb3d737d,develop,2513f85d64cb1bda,5bafd6bd981fedf8,375772d1edd79f6c,d53bd3a187721a8,2,3,3,rejected,typed_canonical
receipt,broad_fixed,f9fa9278eb3d737d,develop,e0ff2587dbccd344,1bc903704d0b2b1a,375772d1edd79f6c,cd0b57c3d461cc32,3,4,4,rejected,typed_canonical
budget,broad_fixed,f9fa9278eb3d737d,develop,-,-,375772d1edd79f6c,-,2048,2048,2048,charged_exact,active_builds=3;active_actions=4;active_probes=4
receipt,broad_fixed,f1f15b2967c34b3,holdout,4e9640b247c85a05,58967315222620f1,44409cdd879ab88,10aaebf672bc000a,1,1,1,rejected,typed_canonical
receipt,broad_fixed,f1f15b2967c34b3,holdout,2513f85d64cb1bda,95d55634c06adf62,44409cdd879ab88,cd0b57c3d461cc32,2,2,2,rejected,typed_canonical
receipt,broad_fixed,f1f15b2967c34b3,holdout,2513f85d64cb1bda,5bafd6bd981fedf8,44409cdd879ab88,d53bd3a187721a8,2,3,3,rejected,typed_canonical
typed_witness,broad_fixed,f1f15b2967c34b3,holdout,e0ff2587dbccd344,1bc903704d0b2b1a,44409cdd879ab88,cd0b57c3d461cc32,3,4,4,accepted,summary=1;witness_hex=313237383a3738393a31333234
receipt,broad_fixed,f1f15b2967c34b3,holdout,e0ff2587dbccd344,1bc903704d0b2b1a,44409cdd879ab88,cd0b57c3d461cc32,3,4,4,accepted,typed_canonical
budget,broad_fixed,f1f15b2967c34b3,holdout,-,-,44409cdd879ab88,-,2048,2048,2048,charged_exact,active_builds=3;active_actions=4;active_probes=4
receipt,broad_fixed,d13917d0f504513,holdout,4e9640b247c85a05,58967315222620f1,6488d024155da2b,10aaebf672bc000a,1,1,1,rejected,typed_canonical
typed_witness,broad_fixed,d13917d0f504513,holdout,2513f85d64cb1bda,95d55634c06adf62,6488d024155da2b,cd0b57c3d461cc32,2,2,2,accepted,summary=1;witness_hex=363438303a363437323a36353034
receipt,broad_fixed,d13917d0f504513,holdout,2513f85d64cb1bda,95d55634c06adf62,6488d024155da2b,cd0b57c3d461cc32,2,2,2,accepted,typed_canonical
receipt,broad_fixed,d13917d0f504513,holdout,2513f85d64cb1bda,5bafd6bd981fedf8,6488d024155da2b,d53bd3a187721a8,2,3,3,rejected,typed_canonical
receipt,broad_fixed,d13917d0f504513,holdout,e0ff2587dbccd344,1bc903704d0b2b1a,6488d024155da2b,cd0b57c3d461cc32,3,4,4,rejected,typed_canonical
budget,broad_fixed,d13917d0f504513,holdout,-,-,6488d024155da2b,-,2048,2048,2048,charged_exact,active_builds=3;active_actions=4;active_probes=4
receipt,broad_fixed,e65cb01ba33cd72a,holdout,4e9640b247c85a05,58967315222620f1,ed07ac64ed394813,10aaebf672bc000a,1,1,1,rejected,typed_canonical
receipt,broad_fixed,e65cb01ba33cd72a,holdout,2513f85d64cb1bda,95d55634c06adf62,ed07ac64ed394813,cd0b57c3d461cc32,2,2,2,rejected,typed_canonical
receipt,broad_fixed,e65cb01ba33cd72a,holdout,2513f85d64cb1bda,5bafd6bd981fedf8,ed07ac64ed394813,d53bd3a187721a8,2,3,3,rejected,typed_canonical
receipt,broad_fixed,e65cb01ba33cd72a,holdout,e0ff2587dbccd344,1bc903704d0b2b1a,ed07ac64ed394813,cd0b57c3d461cc32,3,4,4,rejected,typed_canonical
budget,broad_fixed,e65cb01ba33cd72a,holdout,-,-,ed07ac64ed394813,-,2048,2048,2048,charged_exact,active_builds=3;active_actions=4;active_probes=4
receipt,broad_fixed,848aa5bfd2ce8b86,holdout,4e9640b247c85a05,58967315222620f1,8fd1b9c09ccb14b8,10aaebf672bc000a,1,1,1,rejected,typed_canonical
receipt,broad_fixed,848aa5bfd2ce8b86,holdout,2513f85d64cb1bda,95d55634c06adf62,8fd1b9c09ccb14b8,cd0b57c3d461cc32,2,2,2,rejected,typed_canonical
receipt,broad_fixed,848aa5bfd2ce8b86,holdout,2513f85d64cb1bda,5bafd6bd981fedf8,8fd1b9c09ccb14b8,d53bd3a187721a8,2,3,3,rejected,typed_canonical
receipt,broad_fixed,848aa5bfd2ce8b86,holdout,e0ff2587dbccd344,1bc903704d0b2b1a,8fd1b9c09ccb14b8,cd0b57c3d461cc32,3,4,4,rejected,typed_canonical
budget,broad_fixed,848aa5bfd2ce8b86,holdout,-,-,8fd1b9c09ccb14b8,-,2048,2048,2048,charged_exact,active_builds=3;active_actions=4;active_probes=4
receipt,broad_fixed,68dd9a739da2fe,holdout,4e9640b247c85a05,58967315222620f1,b33c1e53d983dc1,10aaebf672bc000a,1,1,1,rejected,typed_canonical
receipt,broad_fixed,68dd9a739da2fe,holdout,2513f85d64cb1bda,95d55634c06adf62,b33c1e53d983dc1,cd0b57c3d461cc32,2,2,2,rejected,typed_canonical
receipt,broad_fixed,68dd9a739da2fe,holdout,2513f85d64cb1bda,5bafd6bd981fedf8,b33c1e53d983dc1,d53bd3a187721a8,2,3,3,rejected,typed_canonical
receipt,broad_fixed,68dd9a739da2fe,holdout,e0ff2587dbccd344,1bc903704d0b2b1a,b33c1e53d983dc1,cd0b57c3d461cc32,3,4,4,rejected,typed_canonical
budget,broad_fixed,68dd9a739da2fe,holdout,-,-,b33c1e53d983dc1,-,2048,2048,2048,charged_exact,active_builds=3;active_actions=4;active_probes=4
receipt,broad_fixed,a26f14f027946b87,holdout,4e9640b247c85a05,58967315222620f1,a934088f6991f4bb,10aaebf672bc000a,1,1,1,rejected,typed_canonical
receipt,broad_fixed,a26f14f027946b87,holdout,2513f85d64cb1bda,95d55634c06adf62,a934088f6991f4bb,cd0b57c3d461cc32,2,2,2,rejected,typed_canonical
receipt,broad_fixed,a26f14f027946b87,holdout,2513f85d64cb1bda,5bafd6bd981fedf8,a934088f6991f4bb,d53bd3a187721a8,2,3,3,rejected,typed_canonical
receipt,broad_fixed,a26f14f027946b87,holdout,e0ff2587dbccd344,1bc903704d0b2b1a,a934088f6991f4bb,cd0b57c3d461cc32,3,4,4,rejected,typed_canonical
budget,broad_fixed,a26f14f027946b87,holdout,-,-,a934088f6991f4bb,-,2048,2048,2048,charged_exact,active_builds=3;active_actions=4;active_probes=4
receipt,random_ax_choice,b62c2b66ec35b8ae,develop,e0ff2587dbccd344,1bc903704d0b2b1a,7881cbcfeadf54bd,cd0b57c3d461cc32,1,1,1,rejected,typed_canonical
budget,random_ax_choice,b62c2b66ec35b8ae,develop,-,-,7881cbcfeadf54bd,-,2048,2048,2048,charged_exact,active_builds=1;active_actions=1;active_probes=1
typed_witness,random_ax_choice,fd47f0af6d39a405,develop,4e9640b247c85a05,58967315222620f1,33ea10066bd34815,10aaebf672bc000a,1,1,1,accepted,summary=0;witness_hex=72393a6e6f6e65
receipt,random_ax_choice,fd47f0af6d39a405,develop,4e9640b247c85a05,58967315222620f1,33ea10066bd34815,10aaebf672bc000a,1,1,1,accepted,typed_canonical
budget,random_ax_choice,fd47f0af6d39a405,develop,-,-,33ea10066bd34815,-,2048,2048,2048,charged_exact,active_builds=1;active_actions=1;active_probes=1
receipt,random_ax_choice,f9fa9278eb3d737d,develop,e0ff2587dbccd344,1bc903704d0b2b1a,375772d1edd79f6c,cd0b57c3d461cc32,1,1,1,rejected,typed_canonical
budget,random_ax_choice,f9fa9278eb3d737d,develop,-,-,375772d1edd79f6c,-,2048,2048,2048,charged_exact,active_builds=1;active_actions=1;active_probes=1
receipt,random_ax_choice,f1f15b2967c34b3,holdout,2513f85d64cb1bda,95d55634c06adf62,44409cdd879ab88,cd0b57c3d461cc32,1,1,1,rejected,typed_canonical
budget,random_ax_choice,f1f15b2967c34b3,holdout,-,-,44409cdd879ab88,-,2048,2048,2048,charged_exact,active_builds=1;active_actions=1;active_probes=1
typed_witness,random_ax_choice,d13917d0f504513,holdout,2513f85d64cb1bda,95d55634c06adf62,6488d024155da2b,cd0b57c3d461cc32,1,1,1,accepted,summary=1;witness_hex=363438303a363437323a36353034
receipt,random_ax_choice,d13917d0f504513,holdout,2513f85d64cb1bda,95d55634c06adf62,6488d024155da2b,cd0b57c3d461cc32,1,1,1,accepted,typed_canonical
budget,random_ax_choice,d13917d0f504513,holdout,-,-,6488d024155da2b,-,2048,2048,2048,charged_exact,active_builds=1;active_actions=1;active_probes=1
receipt,random_ax_choice,e65cb01ba33cd72a,holdout,e0ff2587dbccd344,1bc903704d0b2b1a,ed07ac64ed394813,cd0b57c3d461cc32,1,1,1,rejected,typed_canonical
budget,random_ax_choice,e65cb01ba33cd72a,holdout,-,-,ed07ac64ed394813,-,2048,2048,2048,charged_exact,active_builds=1;active_actions=1;active_probes=1
receipt,random_ax_choice,848aa5bfd2ce8b86,holdout,2513f85d64cb1bda,5bafd6bd981fedf8,8fd1b9c09ccb14b8,d53bd3a187721a8,1,1,1,rejected,typed_canonical
budget,random_ax_choice,848aa5bfd2ce8b86,holdout,-,-,8fd1b9c09ccb14b8,-,2048,2048,2048,charged_exact,active_builds=1;active_actions=1;active_probes=1
receipt,random_ax_choice,68dd9a739da2fe,holdout,e0ff2587dbccd344,1bc903704d0b2b1a,b33c1e53d983dc1,cd0b57c3d461cc32,1,1,1,rejected,typed_canonical
budget,random_ax_choice,68dd9a739da2fe,holdout,-,-,b33c1e53d983dc1,-,2048,2048,2048,charged_exact,active_builds=1;active_actions=1;active_probes=1
receipt,random_ax_choice,a26f14f027946b87,holdout,2513f85d64cb1bda,95d55634c06adf62,a934088f6991f4bb,cd0b57c3d461cc32,1,1,1,rejected,typed_canonical
budget,random_ax_choice,a26f14f027946b87,holdout,-,-,a934088f6991f4bb,-,2048,2048,2048,charged_exact,active_builds=1;active_actions=1;active_probes=1
typed_witness,replay,b62c2b66ec35b8ae,develop,2513f85d64cb1bda,5bafd6bd981fedf8,7881cbcfeadf54bd,d53bd3a187721a8,1,1,1,accepted,summary=3;witness_hex=3237362c3531322c373938
receipt,replay,b62c2b66ec35b8ae,develop,2513f85d64cb1bda,5bafd6bd981fedf8,7881cbcfeadf54bd,d53bd3a187721a8,1,1,1,accepted,typed_canonical
budget,replay,b62c2b66ec35b8ae,develop,-,-,7881cbcfeadf54bd,-,2048,2048,2048,charged_exact,active_builds=1;active_actions=1;active_probes=1
receipt,replay,fd47f0af6d39a405,develop,2513f85d64cb1bda,5bafd6bd981fedf8,33ea10066bd34815,d53bd3a187721a8,1,1,1,rejected,typed_canonical
budget,replay,fd47f0af6d39a405,develop,-,-,33ea10066bd34815,-,2048,2048,2048,charged_exact,active_builds=1;active_actions=1;active_probes=1
receipt,replay,f9fa9278eb3d737d,develop,2513f85d64cb1bda,5bafd6bd981fedf8,375772d1edd79f6c,d53bd3a187721a8,1,1,1,rejected,typed_canonical
budget,replay,f9fa9278eb3d737d,develop,-,-,375772d1edd79f6c,-,2048,2048,2048,charged_exact,active_builds=1;active_actions=1;active_probes=1
receipt,replay,f1f15b2967c34b3,holdout,2513f85d64cb1bda,5bafd6bd981fedf8,44409cdd879ab88,d53bd3a187721a8,1,1,1,rejected,typed_canonical
budget,replay,f1f15b2967c34b3,holdout,-,-,44409cdd879ab88,-,2048,2048,2048,charged_exact,active_builds=1;active_actions=1;active_probes=1
receipt,replay,d13917d0f504513,holdout,2513f85d64cb1bda,5bafd6bd981fedf8,6488d024155da2b,d53bd3a187721a8,1,1,1,rejected,typed_canonical
budget,replay,d13917d0f504513,holdout,-,-,6488d024155da2b,-,2048,2048,2048,charged_exact,active_builds=1;active_actions=1;active_probes=1
receipt,replay,e65cb01ba33cd72a,holdout,2513f85d64cb1bda,5bafd6bd981fedf8,ed07ac64ed394813,d53bd3a187721a8,1,1,1,rejected,typed_canonical
budget,replay,e65cb01ba33cd72a,holdout,-,-,ed07ac64ed394813,-,2048,2048,2048,charged_exact,active_builds=1;active_actions=1;active_probes=1
receipt,replay,848aa5bfd2ce8b86,holdout,2513f85d64cb1bda,5bafd6bd981fedf8,8fd1b9c09ccb14b8,d53bd3a187721a8,1,1,1,rejected,typed_canonical
budget,replay,848aa5bfd2ce8b86,holdout,-,-,8fd1b9c09ccb14b8,-,2048,2048,2048,charged_exact,active_builds=1;active_actions=1;active_probes=1
receipt,replay,68dd9a739da2fe,holdout,2513f85d64cb1bda,5bafd6bd981fedf8,b33c1e53d983dc1,d53bd3a187721a8,1,1,1,rejected,typed_canonical
budget,replay,68dd9a739da2fe,holdout,-,-,b33c1e53d983dc1,-,2048,2048,2048,charged_exact,active_builds=1;active_actions=1;active_probes=1
receipt,replay,a26f14f027946b87,holdout,2513f85d64cb1bda,5bafd6bd981fedf8,a934088f6991f4bb,d53bd3a187721a8,1,1,1,rejected,typed_canonical
budget,replay,a26f14f027946b87,holdout,-,-,a934088f6991f4bb,-,2048,2048,2048,charged_exact,active_builds=1;active_actions=1;active_probes=1
typed_witness,adaptive_candidate,b62c2b66ec35b8ae,develop,2513f85d64cb1bda,5bafd6bd981fedf8,7881cbcfeadf54bd,d53bd3a187721a8,1,1,1,accepted,summary=3;witness_hex=3237362c3531322c373938
receipt,adaptive_candidate,b62c2b66ec35b8ae,develop,2513f85d64cb1bda,5bafd6bd981fedf8,7881cbcfeadf54bd,d53bd3a187721a8,1,1,1,accepted,inherited_ax_program
receipt,adaptive_candidate,b62c2b66ec35b8ae,develop,4e9640b247c85a05,58967315222620f1,7881cbcfeadf54bd,10aaebf672bc000a,2,2,2,rejected,inherited_ax_program
receipt,adaptive_candidate,b62c2b66ec35b8ae,develop,e0ff2587dbccd344,1bc903704d0b2b1a,7881cbcfeadf54bd,cd0b57c3d461cc32,3,3,3,rejected,inherited_ax_program
receipt,adaptive_candidate,b62c2b66ec35b8ae,develop,2513f85d64cb1bda,95d55634c06adf62,7881cbcfeadf54bd,cd0b57c3d461cc32,3,4,4,rejected,inherited_ax_program
budget,adaptive_candidate,b62c2b66ec35b8ae,develop,-,-,7881cbcfeadf54bd,-,2048,2048,2048,charged_exact,active_builds=3;active_actions=4;active_probes=4;heldout_feedback=opaque_only
receipt,adaptive_candidate,fd47f0af6d39a405,develop,2513f85d64cb1bda,5bafd6bd981fedf8,33ea10066bd34815,d53bd3a187721a8,1,1,1,rejected,inherited_ax_program
typed_witness,adaptive_candidate,fd47f0af6d39a405,develop,4e9640b247c85a05,58967315222620f1,33ea10066bd34815,10aaebf672bc000a,2,2,2,accepted,summary=0;witness_hex=72393a6e6f6e65
receipt,adaptive_candidate,fd47f0af6d39a405,develop,4e9640b247c85a05,58967315222620f1,33ea10066bd34815,10aaebf672bc000a,2,2,2,accepted,inherited_ax_program
receipt,adaptive_candidate,fd47f0af6d39a405,develop,e0ff2587dbccd344,1bc903704d0b2b1a,33ea10066bd34815,cd0b57c3d461cc32,3,3,3,rejected,inherited_ax_program
receipt,adaptive_candidate,fd47f0af6d39a405,develop,2513f85d64cb1bda,95d55634c06adf62,33ea10066bd34815,cd0b57c3d461cc32,3,4,4,rejected,inherited_ax_program
budget,adaptive_candidate,fd47f0af6d39a405,develop,-,-,33ea10066bd34815,-,2048,2048,2048,charged_exact,active_builds=3;active_actions=4;active_probes=4;heldout_feedback=opaque_only
receipt,adaptive_candidate,f9fa9278eb3d737d,develop,2513f85d64cb1bda,5bafd6bd981fedf8,375772d1edd79f6c,d53bd3a187721a8,1,1,1,rejected,inherited_ax_program
receipt,adaptive_candidate,f9fa9278eb3d737d,develop,4e9640b247c85a05,58967315222620f1,375772d1edd79f6c,10aaebf672bc000a,2,2,2,rejected,inherited_ax_program
receipt,adaptive_candidate,f9fa9278eb3d737d,develop,e0ff2587dbccd344,1bc903704d0b2b1a,375772d1edd79f6c,cd0b57c3d461cc32,3,3,3,rejected,inherited_ax_program
receipt,adaptive_candidate,f9fa9278eb3d737d,develop,2513f85d64cb1bda,95d55634c06adf62,375772d1edd79f6c,cd0b57c3d461cc32,3,4,4,rejected,inherited_ax_program
precommit,adaptive_candidate,f9fa9278eb3d737d,develop,-,375772d1edd79f6c,fe0339d4c46780e9,-,0,0,0,precommitted,programs=2331;reduction_cap=2044;sequence_hash=fe0339d4c46780e9;input=GHOST_CANDIDATE_V1_only
constructor_attempt,adaptive_candidate,f9fa9278eb3d737d,develop,3c2c06049117bb85,29bbeff8a3a151cb,375772d1edd79f6c,10aaebf672bc000a,4,5,5,rejected,attempt=1;opaque_receipt=658d9a3b29dbc44d;full_sequence_hash=fe0339d4c46780e9
constructor_attempt,adaptive_candidate,f9fa9278eb3d737d,develop,15df9c3c249f70d7,51de5df9934ddb41,375772d1edd79f6c,10aaebf672bc000a,5,6,6,rejected,attempt=2;opaque_receipt=d8000f70e24d7bf9;full_sequence_hash=fe0339d4c46780e9
constructor_attempt,adaptive_candidate,f9fa9278eb3d737d,develop,46461462c2c96910,a5a074f268e9fdd,375772d1edd79f6c,10aaebf672bc000a,6,7,7,rejected,attempt=3;opaque_receipt=bedb01bfc4589d58;full_sequence_hash=fe0339d4c46780e9
constructor_attempt,adaptive_candidate,f9fa9278eb3d737d,develop,ce7efea0e5b15079,ad06b42a023ae2aa,375772d1edd79f6c,d53bd3a187721a8,7,8,8,rejected,attempt=4;opaque_receipt=1f421190693d4bd4;full_sequence_hash=fe0339d4c46780e9
constructor_attempt,adaptive_candidate,f9fa9278eb3d737d,develop,9fcb54ad683eb4aa,372ff6a973355b2c,375772d1edd79f6c,d53bd3a187721a8,8,9,9,rejected,attempt=5;opaque_receipt=44e41c15f700e220;full_sequence_hash=fe0339d4c46780e9
constructor_attempt,adaptive_candidate,f9fa9278eb3d737d,develop,c1bf308edbfa129c,f3a9155a7107ee5a,375772d1edd79f6c,cd0b57c3d461cc32,9,10,10,rejected,attempt=6;opaque_receipt=92cc31e997395a23;full_sequence_hash=fe0339d4c46780e9
constructor_attempt,adaptive_candidate,f9fa9278eb3d737d,develop,7cda55c871cc05db,28b247ffe98f5d28,375772d1edd79f6c,d53bd3a187721a8,10,11,11,rejected,attempt=7;opaque_receipt=700acb5c767090f2;full_sequence_hash=fe0339d4c46780e9
constructor_attempt,adaptive_candidate,f9fa9278eb3d737d,develop,399b54feed66dfd5,f5a278e7a72e628c,375772d1edd79f6c,d53bd3a187721a8,11,12,12,rejected,attempt=8;opaque_receipt=6a1c72c9811e6d59;full_sequence_hash=fe0339d4c46780e9
constructor_attempt,adaptive_candidate,f9fa9278eb3d737d,develop,37fad72757ed3040,c8d315385982766e,375772d1edd79f6c,cd0b57c3d461cc32,12,13,13,rejected,attempt=9;opaque_receipt=dc0ef6d8815b2686;full_sequence_hash=fe0339d4c46780e9
constructor_attempt,adaptive_candidate,f9fa9278eb3d737d,develop,d642a8a3c8711444,f08527773254ee97,375772d1edd79f6c,d53bd3a187721a8,13,14,14,rejected,attempt=10;opaque_receipt=fc0efb1f5c3880f3;full_sequence_hash=fe0339d4c46780e9
constructor_attempt,adaptive_candidate,f9fa9278eb3d737d,develop,a7c38946ebb425b7,663cffa5d5b11651,375772d1edd79f6c,d53bd3a187721a8,14,15,15,rejected,attempt=11;opaque_receipt=13a39b84a226280c;full_sequence_hash=fe0339d4c46780e9
constructor_attempt,adaptive_candidate,f9fa9278eb3d737d,develop,acd49d7fe49cae73,48f1fc3b6308de32,375772d1edd79f6c,cd0b57c3d461cc32,15,16,16,rejected,attempt=12;opaque_receipt=a731e7b20a682662;full_sequence_hash=fe0339d4c46780e9
constructor_attempt,adaptive_candidate,f9fa9278eb3d737d,develop,b27c9c9ec90a63e2,d7e9c8d1d1b038f8,375772d1edd79f6c,d53bd3a187721a8,16,17,17,rejected,attempt=13;opaque_receipt=37a10e12de124d2d;full_sequence_hash=fe0339d4c46780e9
constructor_attempt,adaptive_candidate,f9fa9278eb3d737d,develop,ce8516d96a6277dc,434fb5cb48a7edad,375772d1edd79f6c,d53bd3a187721a8,17,18,18,rejected,attempt=14;opaque_receipt=594efd5bc00f03cc;full_sequence_hash=fe0339d4c46780e9
constructor_attempt,adaptive_candidate,f9fa9278eb3d737d,develop,f3d7d6b7b4ae8874,af8c15938f3a77da,375772d1edd79f6c,cd0b57c3d461cc32,18,19,19,rejected,attempt=15;opaque_receipt=9302517ea8eeb07;full_sequence_hash=fe0339d4c46780e9
constructor_attempt,adaptive_candidate,f9fa9278eb3d737d,develop,b9206805ed1e5ed6,300482e2e2d405ba,375772d1edd79f6c,d53bd3a187721a8,19,20,20,rejected,attempt=16;opaque_receipt=2df210ce43898b1;full_sequence_hash=fe0339d4c46780e9
constructor_attempt,adaptive_candidate,f9fa9278eb3d737d,develop,e5a24b836143f7a,1dd7e008baaa5802,375772d1edd79f6c,d53bd3a187721a8,20,21,21,rejected,attempt=17;opaque_receipt=2a1b417547736617;full_sequence_hash=fe0339d4c46780e9
constructor_attempt,adaptive_candidate,f9fa9278eb3d737d,develop,d0d9a23d94a0f35d,2e23fa19e6ea370c,375772d1edd79f6c,cd0b57c3d461cc32,21,22,22,rejected,attempt=18;opaque_receipt=2237839ad7f94dac;full_sequence_hash=fe0339d4c46780e9
constructor_attempt,adaptive_candidate,f9fa9278eb3d737d,develop,bb941c8d9aef3ff5,13dd57a47e5f6577,375772d1edd79f6c,d53bd3a187721a8,22,23,23,rejected,attempt=19;opaque_receipt=a3e6dc235bf059f8;full_sequence_hash=fe0339d4c46780e9
constructor_attempt,adaptive_candidate,f9fa9278eb3d737d,develop,bc41ac5345cff57f,996506ec4b82605b,375772d1edd79f6c,d53bd3a187721a8,23,24,24,rejected,attempt=20;opaque_receipt=b5525b9a4a124758;full_sequence_hash=fe0339d4c46780e9
constructor_attempt,adaptive_candidate,f9fa9278eb3d737d,develop,42689561ff85334c,c71c267abab5511,375772d1edd79f6c,cd0b57c3d461cc32,24,25,25,rejected,attempt=21;opaque_receipt=51c71acb1b9e1916;full_sequence_hash=fe0339d4c46780e9
constructor_attempt,adaptive_candidate,f9fa9278eb3d737d,develop,99606952487408a4,1f19524f8441f88f,375772d1edd79f6c,d53bd3a187721a8,25,26,26,rejected,attempt=22;opaque_receipt=2e27779bd555ec4b;full_sequence_hash=fe0339d4c46780e9
constructor_attempt,adaptive_candidate,f9fa9278eb3d737d,develop,a8b3b391e55b136c,f38b2208b9a8995a,375772d1edd79f6c,d53bd3a187721a8,26,27,27,rejected,attempt=23;opaque_receipt=1ec2c835e7e8269b;full_sequence_hash=fe0339d4c46780e9
constructor_attempt,adaptive_candidate,f9fa9278eb3d737d,develop,9006d4f65bb34924,ff66a2c7714011ad,375772d1edd79f6c,cd0b57c3d461cc32,27,28,28,rejected,attempt=24;opaque_receipt=e7abee2383b9d5da;full_sequence_hash=fe0339d4c46780e9
constructor_attempt,adaptive_candidate,f9fa9278eb3d737d,develop,17d9e6c15252aca7,f2db713069ce5fa,375772d1edd79f6c,d53bd3a187721a8,28,29,29,rejected,attempt=25;opaque_receipt=8cdc265323a2a3b4;full_sequence_hash=fe0339d4c46780e9
constructor_attempt,adaptive_candidate,f9fa9278eb3d737d,develop,5061919f78f3829d,ef8e77ff6fce317e,375772d1edd79f6c,d53bd3a187721a8,29,30,30,rejected,attempt=26;opaque_receipt=4bea4c411f441a4e;full_sequence_hash=fe0339d4c46780e9
constructor_attempt,adaptive_candidate,f9fa9278eb3d737d,develop,2175a3abaf2be5f9,73c69ce0800d2c47,375772d1edd79f6c,cd0b57c3d461cc32,30,31,31,rejected,attempt=27;opaque_receipt=dfbe78a6fcaf529a;full_sequence_hash=fe0339d4c46780e9
constructor_attempt,adaptive_candidate,f9fa9278eb3d737d,develop,813563ac959ba1c5,33d68ccfd79f8655,375772d1edd79f6c,d53bd3a187721a8,31,32,32,rejected,attempt=28;opaque_receipt=ba5b03657a13779e;full_sequence_hash=fe0339d4c46780e9
constructor_attempt,adaptive_candidate,f9fa9278eb3d737d,develop,9ceba0a564c52565,33ed79e0c2e262aa,375772d1edd79f6c,d53bd3a187721a8,32,33,33,rejected,attempt=29;opaque_receipt=667695463a8a372a;full_sequence_hash=fe0339d4c46780e9
constructor_attempt,adaptive_candidate,f9fa9278eb3d737d,develop,23daecb971e318be,4834528d0ef6b9ea,375772d1edd79f6c,cd0b57c3d461cc32,33,34,34,rejected,attempt=30;opaque_receipt=5ed3847a2a2d8532;full_sequence_hash=fe0339d4c46780e9
constructor_attempt,adaptive_candidate,f9fa9278eb3d737d,develop,2c44c1de1045cacb,6743b26c0bb73e62,375772d1edd79f6c,d53bd3a187721a8,34,35,35,rejected,attempt=31;opaque_receipt=ecd8a54c9a881845;full_sequence_hash=fe0339d4c46780e9
constructor_attempt,adaptive_candidate,f9fa9278eb3d737d,develop,39be6d30ae1607bb,86bfac7b32af871c,375772d1edd79f6c,d53bd3a187721a8,35,36,36,rejected,attempt=32;opaque_receipt=2a494cac1ff90cd3;full_sequence_hash=fe0339d4c46780e9
constructor_attempt,adaptive_candidate,f9fa9278eb3d737d,develop,a5f6432d97398a8,b04be7168ee6fa62,375772d1edd79f6c,cd0b57c3d461cc32,36,37,37,rejected,attempt=33;opaque_receipt=68e18db0d976dc66;full_sequence_hash=fe0339d4c46780e9
constructor_attempt,adaptive_candidate,f9fa9278eb3d737d,develop,c0f2fe1eea5d8d69,36cf0873f1002e9d,375772d1edd79f6c,d53bd3a187721a8,37,38,38,rejected,attempt=34;opaque_receipt=1af5885f82e9f6fc;full_sequence_hash=fe0339d4c46780e9
constructor_attempt,adaptive_candidate,f9fa9278eb3d737d,develop,4a4d0e9bb8400dab,26c85085e59bbfcb,375772d1edd79f6c,d53bd3a187721a8,38,39,39,rejected,attempt=35;opaque_receipt=1ab81b69cda00db0;full_sequence_hash=fe0339d4c46780e9
constructor_attempt,adaptive_candidate,f9fa9278eb3d737d,develop,b7ded9296249be34,cc43343c547e632e,375772d1edd79f6c,cd0b57c3d461cc32,39,40,40,rejected,attempt=36;opaque_receipt=be99e16247b7e655;full_sequence_hash=fe0339d4c46780e9
constructor_attempt,adaptive_candidate,f9fa9278eb3d737d,develop,fa315b6225873971,fbf4a6cb2137063,375772d1edd79f6c,d53bd3a187721a8,40,41,41,rejected,attempt=37;opaque_receipt=e5485783e6b50cd5;full_sequence_hash=fe0339d4c46780e9
constructor_attempt,adaptive_candidate,f9fa9278eb3d737d,develop,da8243ae374c1d85,3e60885075232b64,375772d1edd79f6c,d53bd3a187721a8,41,42,42,rejected,attempt=38;opaque_receipt=6de2c0a4fe874de3;full_sequence_hash=fe0339d4c46780e9
constructor_attempt,adaptive_candidate,f9fa9278eb3d737d,develop,f6a960b530d5b055,92b1527966bf8de,375772d1edd79f6c,cd0b57c3d461cc32,42,43,43,rejected,attempt=39;opaque_receipt=64fa6ee9ae1dd8b;full_sequence_hash=fe0339d4c46780e9
constructor_attempt,adaptive_candidate,f9fa9278eb3d737d,develop,7e14678bc2817808,64ed90686cd8215f,375772d1edd79f6c,d53bd3a187721a8,43,44,44,rejected,attempt=40;opaque_receipt=ea01c045f0a42728;full_sequence_hash=fe0339d4c46780e9
constructor_attempt,adaptive_candidate,f9fa9278eb3d737d,develop,a33fa661cd566b29,726321773b61b1ff,375772d1edd79f6c,d53bd3a187721a8,44,45,45,rejected,attempt=41;opaque_receipt=9b7296eb789b27f9;full_sequence_hash=fe0339d4c46780e9
constructor_attempt,adaptive_candidate,f9fa9278eb3d737d,develop,c1b2b422a9de2b58,fc456841817416cf,375772d1edd79f6c,cd0b57c3d461cc32,45,46,46,rejected,attempt=42;opaque_receipt=3dba3689e51da52d;full_sequence_hash=fe0339d4c46780e9
constructor_attempt,adaptive_candidate,f9fa9278eb3d737d,develop,28baab00514f8602,a67eb5bfdd81f952,375772d1edd79f6c,d53bd3a187721a8,46,47,47,rejected,attempt=43;opaque_receipt=61938a1ea12962ce;full_sequence_hash=fe0339d4c46780e9
constructor_attempt,adaptive_candidate,f9fa9278eb3d737d,develop,7de9f8cb3e9aeff8,fc2b9c6ce003c10a,375772d1edd79f6c,d53bd3a187721a8,47,48,48,rejected,attempt=44;opaque_receipt=907a49a70848d43b;full_sequence_hash=fe0339d4c46780e9
constructor_attempt,adaptive_candidate,f9fa9278eb3d737d,develop,cc2b42857b4411fe,cd66283ed82656d1,375772d1edd79f6c,cd0b57c3d461cc32,48,49,49,rejected,attempt=45;opaque_receipt=af2dac752c7fc22b;full_sequence_hash=fe0339d4c46780e9
constructor_attempt,adaptive_candidate,f9fa9278eb3d737d,develop,385ac4ab07320d1c,6492533d5ca11326,375772d1edd79f6c,d53bd3a187721a8,49,50,50,rejected,attempt=46;opaque_receipt=27fbdc29a85ff7f2;full_sequence_hash=fe0339d4c46780e9
constructor_attempt,adaptive_candidate,f9fa9278eb3d737d,develop,2ce3c7c29dbc4da4,f1a0e81a2e86a72e,375772d1edd79f6c,d53bd3a187721a8,50,51,51,rejected,attempt=47;opaque_receipt=369c67083e7bc35f;full_sequence_hash=fe0339d4c46780e9
constructor_attempt,adaptive_candidate,f9fa9278eb3d737d,develop,8d2009bcc5dea2b7,84608a9bb9f274b9,375772d1edd79f6c,cd0b57c3d461cc32,51,52,52,rejected,attempt=48;opaque_receipt=e2e27f6494149de5;full_sequence_hash=fe0339d4c46780e9
constructor_attempt,adaptive_candidate,f9fa9278eb3d737d,develop,9827143261ceab25,25a01ae8a8668f9c,375772d1edd79f6c,d53bd3a187721a8,52,53,53,rejected,attempt=49;opaque_receipt=7c99b6872d47e307;full_sequence_hash=fe0339d4c46780e9
constructor_attempt,adaptive_candidate,f9fa9278eb3d737d,develop,f704337ad26b4611,5062832f4ff48702,375772d1edd79f6c,d53bd3a187721a8,53,54,54,rejected,attempt=50;opaque_receipt=589820c12748b008;full_sequence_hash=fe0339d4c46780e9
constructor_attempt,adaptive_candidate,f9fa9278eb3d737d,develop,771eb63b89853079,c893411477ad0261,375772d1edd79f6c,cd0b57c3d461cc32,54,55,55,rejected,attempt=51;opaque_receipt=ad5adf067769b2b3;full_sequence_hash=fe0339d4c46780e9
constructor_attempt,adaptive_candidate,f9fa9278eb3d737d,develop,53126c7cd8882de1,39a5fdbd1826d982,375772d1edd79f6c,d53bd3a187721a8,55,56,56,rejected,attempt=52;opaque_receipt=fdef547e8c4a7e77;full_sequence_hash=fe0339d4c46780e9
constructor_attempt,adaptive_candidate,f9fa9278eb3d737d,develop,bfcd88ce6727e340,dc0bc9176db0692a,375772d1edd79f6c,d53bd3a187721a8,56,57,57,rejected,attempt=53;opaque_receipt=ba0646480e5d2aaf;full_sequence_hash=fe0339d4c46780e9
constructor_attempt,adaptive_candidate,f9fa9278eb3d737d,develop,b807f8767f80dc39,c195885a00be0315,375772d1edd79f6c,cd0b57c3d461cc32,57,58,58,rejected,attempt=54;opaque_receipt=884ba94121ad6273;full_sequence_hash=fe0339d4c46780e9
constructor_attempt,adaptive_candidate,f9fa9278eb3d737d,develop,2d1b4c05ef318672,7f1f62455d11739e,375772d1edd79f6c,d53bd3a187721a8,58,59,59,rejected,attempt=55;opaque_receipt=aedbd628b78e03c;full_sequence_hash=fe0339d4c46780e9
constructor_attempt,adaptive_candidate,f9fa9278eb3d737d,develop,df4683462626b14e,357785d7313981f5,375772d1edd79f6c,d53bd3a187721a8,59,60,60,rejected,attempt=56;opaque_receipt=501fd58ac3bc5baf;full_sequence_hash=fe0339d4c46780e9
constructor_attempt,adaptive_candidate,f9fa9278eb3d737d,develop,9319b796de5b427,b53c2caee74e54b0,375772d1edd79f6c,cd0b57c3d461cc32,60,61,61,rejected,attempt=57;opaque_receipt=15bdc6e180b0378e;full_sequence_hash=fe0339d4c46780e9
constructor_attempt,adaptive_candidate,f9fa9278eb3d737d,develop,31302896726ebd98,bfd4609b036ca418,375772d1edd79f6c,d53bd3a187721a8,61,62,62,rejected,attempt=58;opaque_receipt=9a86d11eec55948e;full_sequence_hash=fe0339d4c46780e9
constructor_attempt,adaptive_candidate,f9fa9278eb3d737d,develop,a2a105f35e0cea05,242c17b32b1a1c34,375772d1edd79f6c,d53bd3a187721a8,62,63,63,rejected,attempt=59;opaque_receipt=c4a8ffd5887a561d;full_sequence_hash=fe0339d4c46780e9
constructor_attempt,adaptive_candidate,f9fa9278eb3d737d,develop,e34a292dee5d51b,46ba0aba0e26aa4c,375772d1edd79f6c,cd0b57c3d461cc32,63,64,64,rejected,attempt=60;opaque_receipt=bb5194ba81db9598;full_sequence_hash=fe0339d4c46780e9
constructor_attempt,adaptive_candidate,f9fa9278eb3d737d,develop,39954d16f4a687cf,886fc05a99e02b09,375772d1edd79f6c,d53bd3a187721a8,64,65,65,rejected,attempt=61;opaque_receipt=4285eb35d705dcce;full_sequence_hash=fe0339d4c46780e9
constructor_attempt,adaptive_candidate,f9fa9278eb3d737d,develop,c338c1acc6abd8fe,3cef513cec0d434f,375772d1edd79f6c,d53bd3a187721a8,65,66,66,rejected,attempt=62;opaque_receipt=a79d81444c7cb856;full_sequence_hash=fe0339d4c46780e9
constructor_attempt,adaptive_candidate,f9fa9278eb3d737d,develop,4e2a286115b2c9cb,415db86efab7225,375772d1edd79f6c,cd0b57c3d461cc32,66,67,67,rejected,attempt=63;opaque_receipt=de63f43571a23122;full_sequence_hash=fe0339d4c46780e9
constructor_attempt,adaptive_candidate,f9fa9278eb3d737d,develop,cd18a610ef0909f7,fae37ba130ae0ac5,375772d1edd79f6c,d53bd3a187721a8,67,68,68,rejected,attempt=64;opaque_receipt=594db9e829fc1bd5;full_sequence_hash=fe0339d4c46780e9
constructor_attempt,adaptive_candidate,f9fa9278eb3d737d,develop,884e9d9c21483853,4619eec4fc287dee,375772d1edd79f6c,d53bd3a187721a8,68,69,69,rejected,attempt=65;opaque_receipt=6df8a22daa22cbb7;full_sequence_hash=fe0339d4c46780e9
constructor_attempt,adaptive_candidate,f9fa9278eb3d737d,develop,ad63fb4033a22103,cd60e1c315c949aa,375772d1edd79f6c,cd0b57c3d461cc32,69,70,70,rejected,attempt=66;opaque_receipt=bd45d9bbbffc240b;full_sequence_hash=fe0339d4c46780e9
constructor_attempt,adaptive_candidate,f9fa9278eb3d737d,develop,6620b5cab48ba109,797f2ce830521f03,375772d1edd79f6c,d53bd3a187721a8,70,71,71,rejected,attempt=67;opaque_receipt=6b9e5a009d6dbb7b;full_sequence_hash=fe0339d4c46780e9
constructor_attempt,adaptive_candidate,f9fa9278eb3d737d,develop,97223af6c756378,78155815a19128e8,375772d1edd79f6c,d53bd3a187721a8,71,72,72,rejected,attempt=68;opaque_receipt=add4dca448923e90;full_sequence_hash=fe0339d4c46780e9
constructor_attempt,adaptive_candidate,f9fa9278eb3d737d,develop,62fa6d6fe82472c5,120405d0413b187a,375772d1edd79f6c,cd0b57c3d461cc32,72,73,73,rejected,attempt=69;opaque_receipt=1bc89a6e2f9bfeab;full_sequence_hash=fe0339d4c46780e9
constructor_attempt,adaptive_candidate,f9fa9278eb3d737d,develop,b2a79d05aec39c0c,e5b636babcefc4c5,375772d1edd79f6c,d53bd3a187721a8,73,74,74,rejected,attempt=70;opaque_receipt=18c0e19e790d46ce;full_sequence_hash=fe0339d4c46780e9
constructor_attempt,adaptive_candidate,f9fa9278eb3d737d,develop,c1b4b239bf56fbd9,5bff3bbbaa60dffb,375772d1edd79f6c,d53bd3a187721a8,74,75,75,rejected,attempt=71;opaque_receipt=90cb940172d420fb;full_sequence_hash=fe0339d4c46780e9
constructor_attempt,adaptive_candidate,f9fa9278eb3d737d,develop,bf65a63e599d57c0,487e5798b1453cbc,375772d1edd79f6c,cd0b57c3d461cc32,75,76,76,rejected,attempt=72;opaque_receipt=957226bf9eca5fe5;full_sequence_hash=fe0339d4c46780e9
constructor_attempt,adaptive_candidate,f9fa9278eb3d737d,develop,a55479aabe4b4151,5d3600c996bb5110,375772d1edd79f6c,d53bd3a187721a8,76,77,77,rejected,attempt=73;opaque_receipt=560a4998f0e9c8ac;full_sequence_hash=fe0339d4c46780e9
constructor_attempt,adaptive_candidate,f9fa9278eb3d737d,develop,223f36776dd3609a,42dd676dcb458129,375772d1edd79f6c,d53bd3a187721a8,77,78,78,rejected,attempt=74;opaque_receipt=dcad1939ea719a1e;full_sequence_hash=fe0339d4c46780e9
constructor_attempt,adaptive_candidate,f9fa9278eb3d737d,develop,2cdc6d0a12d1ce32,64e964260b3cf3e9,375772d1edd79f6c,cd0b57c3d461cc32,78,79,79,rejected,attempt=75;opaque_receipt=c8de25a0714de149;full_sequence_hash=fe0339d4c46780e9
constructor_attempt,adaptive_candidate,f9fa9278eb3d737d,develop,7a1a45dfe4071f16,5dd01e8716ad2c16,375772d1edd79f6c,d53bd3a187721a8,79,80,80,rejected,attempt=76;opaque_receipt=3b09cab10caddfc2;full_sequence_hash=fe0339d4c46780e9
constructor_attempt,adaptive_candidate,f9fa9278eb3d737d,develop,e51ff183215ddc7f,55cd01533a3f156b,375772d1edd79f6c,d53bd3a187721a8,80,81,81,rejected,attempt=77;opaque_receipt=4ed6e8c88adc66f2;full_sequence_hash=fe0339d4c46780e9
constructor_attempt,adaptive_candidate,f9fa9278eb3d737d,develop,72d9811d84bb90c3,edec68cd662423fe,375772d1edd79f6c,cd0b57c3d461cc32,81,82,82,rejected,attempt=78;opaque_receipt=cc544d1d792c546c;full_sequence_hash=fe0339d4c46780e9
constructor_attempt,adaptive_candidate,f9fa9278eb3d737d,develop,4d107ac613887df5,5cac8e6fc8ad0fb6,375772d1edd79f6c,d53bd3a187721a8,82,83,83,rejected,attempt=79;opaque_receipt=5f0d67a7b2eb55c6;full_sequence_hash=fe0339d4c46780e9
constructor_attempt,adaptive_candidate,f9fa9278eb3d737d,develop,b8c6bd7514d05a2f,c28afc9d737a2c25,375772d1edd79f6c,d53bd3a187721a8,83,84,84,rejected,attempt=80;opaque_receipt=3d00a3e474b74f7c;full_sequence_hash=fe0339d4c46780e9
constructor_attempt,adaptive_candidate,f9fa9278eb3d737d,develop,d14fc58fa5fd41c7,452175155ba5f40,375772d1edd79f6c,cd0b57c3d461cc32,84,85,85,rejected,attempt=81;opaque_receipt=4e1088c98669d778;full_sequence_hash=fe0339d4c46780e9
constructor_attempt,adaptive_candidate,f9fa9278eb3d737d,develop,93aee87e277641a4,368832ea6ac3183a,375772d1edd79f6c,d53bd3a187721a8,85,86,86,rejected,attempt=82;opaque_receipt=8a64a28fa5f99182;full_sequence_hash=fe0339d4c46780e9
constructor_attempt,adaptive_candidate,f9fa9278eb3d737d,develop,d11d64d52ef11eb6,724812ca55e5de69,375772d1edd79f6c,d53bd3a187721a8,86,87,87,rejected,attempt=83;opaque_receipt=6383ab9e348c0299;full_sequence_hash=fe0339d4c46780e9
constructor_attempt,adaptive_candidate,f9fa9278eb3d737d,develop,3f596d1d7c5ba54f,384d74dcd377a4b4,375772d1edd79f6c,cd0b57c3d461cc32,87,88,88,rejected,attempt=84;opaque_receipt=334ff16857a708ff;full_sequence_hash=fe0339d4c46780e9
constructor_attempt,adaptive_candidate,f9fa9278eb3d737d,develop,ba89a311c3663fb8,4c1587af75477037,375772d1edd79f6c,d53bd3a187721a8,88,89,89,rejected,attempt=85;opaque_receipt=46ea28077c9c0440;full_sequence_hash=fe0339d4c46780e9
constructor_attempt,adaptive_candidate,f9fa9278eb3d737d,develop,e1d1c1de5dcf75d7,b0f7b5c1634fff3f,375772d1edd79f6c,d53bd3a187721a8,89,90,90,rejected,attempt=86;opaque_receipt=9b92d5c070ac78cf;full_sequence_hash=fe0339d4c46780e9
constructor_attempt,adaptive_candidate,f9fa9278eb3d737d,develop,bf526afbca8a818d,42fff5aa38e3cd16,375772d1edd79f6c,cd0b57c3d461cc32,90,91,91,rejected,attempt=87;opaque_receipt=d620404c2508f583;full_sequence_hash=fe0339d4c46780e9
constructor_attempt,adaptive_candidate,f9fa9278eb3d737d,develop,44fb8067789ade7a,74db46a45dc59818,375772d1edd79f6c,d53bd3a187721a8,91,92,92,rejected,attempt=88;opaque_receipt=83807bc66b40e645;full_sequence_hash=fe0339d4c46780e9
constructor_attempt,adaptive_candidate,f9fa9278eb3d737d,develop,dcec05e724d54363,86881ce44353e0d7,375772d1edd79f6c,d53bd3a187721a8,92,93,93,rejected,attempt=89;opaque_receipt=b90f633d03cebd9e;full_sequence_hash=fe0339d4c46780e9
constructor_attempt,adaptive_candidate,f9fa9278eb3d737d,develop,6420de53f04fb8ea,56ccc3549682a9d6,375772d1edd79f6c,cd0b57c3d461cc32,93,94,94,rejected,attempt=90;opaque_receipt=de8057116542df57;full_sequence_hash=fe0339d4c46780e9
constructor_attempt,adaptive_candidate,f9fa9278eb3d737d,develop,cb962f7570ae4ea9,619e6aec3417af31,375772d1edd79f6c,d53bd3a187721a8,94,95,95,rejected,attempt=91;opaque_receipt=4874717cf9cdee86;full_sequence_hash=fe0339d4c46780e9
constructor_attempt,adaptive_candidate,f9fa9278eb3d737d,develop,235a75be7d7f28e7,7a87c8c0db3e58c2,375772d1edd79f6c,d53bd3a187721a8,95,96,96,rejected,attempt=92;opaque_receipt=61c055d14a8168ef;full_sequence_hash=fe0339d4c46780e9
constructor_attempt,adaptive_candidate,f9fa9278eb3d737d,develop,67a4de86e41765fa,a1097c712c1c6bd1,375772d1edd79f6c,cd0b57c3d461cc32,96,97,97,rejected,attempt=93;opaque_receipt=3a76289510b3d216;full_sequence_hash=fe0339d4c46780e9
constructor_attempt,adaptive_candidate,f9fa9278eb3d737d,develop,763cc42418260882,9b17a314076202ea,375772d1edd79f6c,d53bd3a187721a8,97,98,98,rejected,attempt=94;opaque_receipt=a66540265d7dc13e;full_sequence_hash=fe0339d4c46780e9
constructor_attempt,adaptive_candidate,f9fa9278eb3d737d,develop,a163253378b20236,d64e3c75ed516caa,375772d1edd79f6c,d53bd3a187721a8,98,99,99,rejected,attempt=95;opaque_receipt=d4e69ca6efdac860;full_sequence_hash=fe0339d4c46780e9
constructor_attempt,adaptive_candidate,f9fa9278eb3d737d,develop,e72e7721ca80d4c0,b0cf0e5681626ae9,375772d1edd79f6c,cd0b57c3d461cc32,99,100,100,rejected,attempt=96;opaque_receipt=55a7f30dc921a9c;full_sequence_hash=fe0339d4c46780e9
constructor_attempt,adaptive_candidate,f9fa9278eb3d737d,develop,d0a2e919d5c1fd4a,972470afa7c4e1b0,375772d1edd79f6c,d53bd3a187721a8,100,101,101,rejected,attempt=97;opaque_receipt=f11186ef9dba0c71;full_sequence_hash=fe0339d4c46780e9
constructor_attempt,adaptive_candidate,f9fa9278eb3d737d,develop,a08c38c7092d5c98,d0855ca501434b51,375772d1edd79f6c,d53bd3a187721a8,101,102,102,rejected,attempt=98;opaque_receipt=62138540edba865d;full_sequence_hash=fe0339d4c46780e9
constructor_attempt,adaptive_candidate,f9fa9278eb3d737d,develop,11f8f9705dd2808f,5b80850133c2bae2,375772d1edd79f6c,cd0b57c3d461cc32,102,103,103,rejected,attempt=99;opaque_receipt=606fe8b646f9cd6a;full_sequence_hash=fe0339d4c46780e9
constructor_attempt,adaptive_candidate,f9fa9278eb3d737d,develop,64312b95fd4b5d0c,162ee6a84cc09f46,375772d1edd79f6c,d53bd3a187721a8,103,104,104,rejected,attempt=100;opaque_receipt=76e8fd9f450c2628;full_sequence_hash=fe0339d4c46780e9
constructor_attempt,adaptive_candidate,f9fa9278eb3d737d,develop,d09e1e124efc1a7d,1bee4f5954df10e4,375772d1edd79f6c,d53bd3a187721a8,104,105,105,tentative_accept,attempt=101;opaque_receipt=39b45eeb26b90fd8;full_sequence_hash=fe0339d4c46780e9
constructor_attempt,adaptive_candidate,f9fa9278eb3d737d,develop,d09e1e124efc1a7d,1bee4f5954df10e4,375772d1edd79f6c,d53bd3a187721a8,104,106,106,accepted,attempt=102;mutation=irrelevant_comment;feedback=opaque
constructor_attempt,adaptive_candidate,f9fa9278eb3d737d,develop,d09e1e124efc1a7d,1bee4f5954df10e4,375772d1edd79f6c,d53bd3a187721a8,104,107,107,accepted,attempt=103;mutation=relevant_active_try_bytes;feedback=opaque
typed_witness,adaptive_candidate,f9fa9278eb3d737d,develop,d09e1e124efc1a7d,1bee4f5954df10e4,375772d1edd79f6c,d53bd3a187721a8,104,105,105,accepted,summary=14;witness_hex=333430312c333634312c343032332c343136352c343432372c343633392c343735372c343932352c353035322c353230382c353333382c353436382c353539392c35373239
receipt,adaptive_candidate,f9fa9278eb3d737d,develop,d09e1e124efc1a7d,1bee4f5954df10e4,375772d1edd79f6c,d53bd3a187721a8,104,107,107,accepted,first_accept_index=101;opaque_receipt_chain=ba38638c3475bd44;mutation_audits=2
budget,adaptive_candidate,f9fa9278eb3d737d,develop,-,-,375772d1edd79f6c,-,2048,2048,2048,charged_exact,active_builds=104;active_actions=107;active_probes=107;heldout_feedback=opaque_only
receipt,adaptive_candidate,f1f15b2967c34b3,holdout,2513f85d64cb1bda,5bafd6bd981fedf8,44409cdd879ab88,d53bd3a187721a8,1,1,1,rejected,inherited_ax_program
receipt,adaptive_candidate,f1f15b2967c34b3,holdout,4e9640b247c85a05,58967315222620f1,44409cdd879ab88,10aaebf672bc000a,2,2,2,rejected,inherited_ax_program
typed_witness,adaptive_candidate,f1f15b2967c34b3,holdout,e0ff2587dbccd344,1bc903704d0b2b1a,44409cdd879ab88,cd0b57c3d461cc32,3,3,3,accepted,summary=1;witness_hex=313237383a3738393a31333234
receipt,adaptive_candidate,f1f15b2967c34b3,holdout,e0ff2587dbccd344,1bc903704d0b2b1a,44409cdd879ab88,cd0b57c3d461cc32,3,3,3,accepted,inherited_ax_program
receipt,adaptive_candidate,f1f15b2967c34b3,holdout,2513f85d64cb1bda,95d55634c06adf62,44409cdd879ab88,cd0b57c3d461cc32,3,4,4,rejected,inherited_ax_program
receipt,adaptive_candidate,f1f15b2967c34b3,holdout,d09e1e124efc1a7d,1bee4f5954df10e4,44409cdd879ab88,d53bd3a187721a8,3,5,5,rejected,learned_signature_nonempty=true;heldout_feedback=withheld
budget,adaptive_candidate,f1f15b2967c34b3,holdout,-,-,44409cdd879ab88,-,2048,2048,2048,charged_exact,active_builds=3;active_actions=5;active_probes=5;heldout_feedback=withheld
receipt,adaptive_candidate,d13917d0f504513,holdout,2513f85d64cb1bda,5bafd6bd981fedf8,6488d024155da2b,d53bd3a187721a8,1,1,1,rejected,inherited_ax_program
receipt,adaptive_candidate,d13917d0f504513,holdout,4e9640b247c85a05,58967315222620f1,6488d024155da2b,10aaebf672bc000a,2,2,2,rejected,inherited_ax_program
receipt,adaptive_candidate,d13917d0f504513,holdout,e0ff2587dbccd344,1bc903704d0b2b1a,6488d024155da2b,cd0b57c3d461cc32,3,3,3,rejected,inherited_ax_program
typed_witness,adaptive_candidate,d13917d0f504513,holdout,2513f85d64cb1bda,95d55634c06adf62,6488d024155da2b,cd0b57c3d461cc32,3,4,4,accepted,summary=1;witness_hex=363438303a363437323a36353034
receipt,adaptive_candidate,d13917d0f504513,holdout,2513f85d64cb1bda,95d55634c06adf62,6488d024155da2b,cd0b57c3d461cc32,3,4,4,accepted,inherited_ax_program
receipt,adaptive_candidate,d13917d0f504513,holdout,d09e1e124efc1a7d,1bee4f5954df10e4,6488d024155da2b,d53bd3a187721a8,3,5,5,rejected,learned_signature_nonempty=true;heldout_feedback=withheld
budget,adaptive_candidate,d13917d0f504513,holdout,-,-,6488d024155da2b,-,2048,2048,2048,charged_exact,active_builds=3;active_actions=5;active_probes=5;heldout_feedback=withheld
receipt,adaptive_candidate,e65cb01ba33cd72a,holdout,2513f85d64cb1bda,5bafd6bd981fedf8,ed07ac64ed394813,d53bd3a187721a8,1,1,1,rejected,inherited_ax_program
receipt,adaptive_candidate,e65cb01ba33cd72a,holdout,4e9640b247c85a05,58967315222620f1,ed07ac64ed394813,10aaebf672bc000a,2,2,2,rejected,inherited_ax_program
receipt,adaptive_candidate,e65cb01ba33cd72a,holdout,e0ff2587dbccd344,1bc903704d0b2b1a,ed07ac64ed394813,cd0b57c3d461cc32,3,3,3,rejected,inherited_ax_program
receipt,adaptive_candidate,e65cb01ba33cd72a,holdout,2513f85d64cb1bda,95d55634c06adf62,ed07ac64ed394813,cd0b57c3d461cc32,3,4,4,rejected,inherited_ax_program
typed_witness,adaptive_candidate,e65cb01ba33cd72a,holdout,d09e1e124efc1a7d,1bee4f5954df10e4,ed07ac64ed394813,d53bd3a187721a8,3,5,5,accepted,summary=30;witness_hex=313936392c323030322c323532322c333635302c343235332c353138362c353639372c363331372c363633302c363939332c373132312c373235312c373532382c373732342c373832322c373838322c383037352c383339322c383530382c383637322c383830312c393030382c393136372c393330362c393339372c393434382c393537392c393731302c393833352c39393633
receipt,adaptive_candidate,e65cb01ba33cd72a,holdout,d09e1e124efc1a7d,1bee4f5954df10e4,ed07ac64ed394813,d53bd3a187721a8,3,5,5,accepted,learned_signature_nonempty=true;heldout_feedback=withheld
budget,adaptive_candidate,e65cb01ba33cd72a,holdout,-,-,ed07ac64ed394813,-,2048,2048,2048,charged_exact,active_builds=3;active_actions=5;active_probes=5;heldout_feedback=withheld
receipt,adaptive_candidate,848aa5bfd2ce8b86,holdout,2513f85d64cb1bda,5bafd6bd981fedf8,8fd1b9c09ccb14b8,d53bd3a187721a8,1,1,1,rejected,inherited_ax_program
receipt,adaptive_candidate,848aa5bfd2ce8b86,holdout,4e9640b247c85a05,58967315222620f1,8fd1b9c09ccb14b8,10aaebf672bc000a,2,2,2,rejected,inherited_ax_program
receipt,adaptive_candidate,848aa5bfd2ce8b86,holdout,e0ff2587dbccd344,1bc903704d0b2b1a,8fd1b9c09ccb14b8,cd0b57c3d461cc32,3,3,3,rejected,inherited_ax_program
receipt,adaptive_candidate,848aa5bfd2ce8b86,holdout,2513f85d64cb1bda,95d55634c06adf62,8fd1b9c09ccb14b8,cd0b57c3d461cc32,3,4,4,rejected,inherited_ax_program
typed_witness,adaptive_candidate,848aa5bfd2ce8b86,holdout,d09e1e124efc1a7d,1bee4f5954df10e4,8fd1b9c09ccb14b8,d53bd3a187721a8,3,5,5,accepted,summary=51;witness_hex=313330302c313337332c313338332c323630362c323731332c323736382c323831342c323932382c333130392c333235352c333635322c333832392c343031332c343132392c343138302c343831312c343930382c353039302c353136322c353235312c353336312c353530382c353537352c363734322c363738322c373038382c373933352c373936332c383331362c383437342c383534362c383835392c393832382c393934352c393939392c31303035382c31303136392c31303733342c31303937312c31313239302c31313339382c31313535372c31313639332c31313738382c31313832392c31313939332c31323133332c31323237332c31323431302c31323534352c3132363830
receipt,adaptive_candidate,848aa5bfd2ce8b86,holdout,d09e1e124efc1a7d,1bee4f5954df10e4,8fd1b9c09ccb14b8,d53bd3a187721a8,3,5,5,accepted,learned_signature_nonempty=true;heldout_feedback=withheld
budget,adaptive_candidate,848aa5bfd2ce8b86,holdout,-,-,8fd1b9c09ccb14b8,-,2048,2048,2048,charged_exact,active_builds=3;active_actions=5;active_probes=5;heldout_feedback=withheld
receipt,adaptive_candidate,68dd9a739da2fe,holdout,2513f85d64cb1bda,5bafd6bd981fedf8,b33c1e53d983dc1,d53bd3a187721a8,1,1,1,rejected,inherited_ax_program
receipt,adaptive_candidate,68dd9a739da2fe,holdout,4e9640b247c85a05,58967315222620f1,b33c1e53d983dc1,10aaebf672bc000a,2,2,2,rejected,inherited_ax_program
receipt,adaptive_candidate,68dd9a739da2fe,holdout,e0ff2587dbccd344,1bc903704d0b2b1a,b33c1e53d983dc1,cd0b57c3d461cc32,3,3,3,rejected,inherited_ax_program
receipt,adaptive_candidate,68dd9a739da2fe,holdout,2513f85d64cb1bda,95d55634c06adf62,b33c1e53d983dc1,cd0b57c3d461cc32,3,4,4,rejected,inherited_ax_program
typed_witness,adaptive_candidate,68dd9a739da2fe,holdout,d09e1e124efc1a7d,1bee4f5954df10e4,b33c1e53d983dc1,d53bd3a187721a8,3,5,5,accepted,summary=37;witness_hex=313839322c313934312c313935352c313939362c323930322c333930362c333934322c343733322c343937352c353130362c353330342c363237392c363439362c373039392c373139372c373334312c373634392c373838322c373931392c373935392c373938392c383032302c383035322c383837362c393333382c393531382c393533322c393537362c393639332c393830382c393937322c31303039382c31303235352c31303430382c31303535342c31303638362c3130383134
receipt,adaptive_candidate,68dd9a739da2fe,holdout,d09e1e124efc1a7d,1bee4f5954df10e4,b33c1e53d983dc1,d53bd3a187721a8,3,5,5,accepted,learned_signature_nonempty=true;heldout_feedback=withheld
budget,adaptive_candidate,68dd9a739da2fe,holdout,-,-,b33c1e53d983dc1,-,2048,2048,2048,charged_exact,active_builds=3;active_actions=5;active_probes=5;heldout_feedback=withheld
receipt,adaptive_candidate,a26f14f027946b87,holdout,2513f85d64cb1bda,5bafd6bd981fedf8,a934088f6991f4bb,d53bd3a187721a8,1,1,1,rejected,inherited_ax_program
receipt,adaptive_candidate,a26f14f027946b87,holdout,4e9640b247c85a05,58967315222620f1,a934088f6991f4bb,10aaebf672bc000a,2,2,2,rejected,inherited_ax_program
receipt,adaptive_candidate,a26f14f027946b87,holdout,e0ff2587dbccd344,1bc903704d0b2b1a,a934088f6991f4bb,cd0b57c3d461cc32,3,3,3,rejected,inherited_ax_program
receipt,adaptive_candidate,a26f14f027946b87,holdout,2513f85d64cb1bda,95d55634c06adf62,a934088f6991f4bb,cd0b57c3d461cc32,3,4,4,rejected,inherited_ax_program
typed_witness,adaptive_candidate,a26f14f027946b87,holdout,d09e1e124efc1a7d,1bee4f5954df10e4,a934088f6991f4bb,d53bd3a187721a8,3,5,5,accepted,summary=37;witness_hex=383934312c393030382c393234392c393333332c393531372c393632312c393733332c393837312c31303031352c31303036342c31303738312c31303836302c31313434372c31313731302c31323035392c31323135312c31323138322c31323431392c31323539332c31323735342c31323932372c31333039372c31333139302c31333239382c31333433322c31333535372c31333637352c31333831312c31333837322c31343030362c31343134312c31343237342c31343334312c31343438302c31343631302c31343734332c3134383735
receipt,adaptive_candidate,a26f14f027946b87,holdout,d09e1e124efc1a7d,1bee4f5954df10e4,a934088f6991f4bb,d53bd3a187721a8,3,5,5,accepted,learned_signature_nonempty=true;heldout_feedback=withheld
budget,adaptive_candidate,a26f14f027946b87,holdout,-,-,a934088f6991f4bb,-,2048,2048,2048,charged_exact,active_builds=3;active_actions=5;active_probes=5;heldout_feedback=withheld
typed_witness,random_constructor,b62c2b66ec35b8ae,develop,2513f85d64cb1bda,5bafd6bd981fedf8,7881cbcfeadf54bd,d53bd3a187721a8,1,1,1,accepted,summary=3;witness_hex=3237362c3531322c373938
receipt,random_constructor,b62c2b66ec35b8ae,develop,2513f85d64cb1bda,5bafd6bd981fedf8,7881cbcfeadf54bd,d53bd3a187721a8,1,1,1,accepted,inherited_ax_program
receipt,random_constructor,b62c2b66ec35b8ae,develop,4e9640b247c85a05,58967315222620f1,7881cbcfeadf54bd,10aaebf672bc000a,2,2,2,rejected,inherited_ax_program
receipt,random_constructor,b62c2b66ec35b8ae,develop,e0ff2587dbccd344,1bc903704d0b2b1a,7881cbcfeadf54bd,cd0b57c3d461cc32,3,3,3,rejected,inherited_ax_program
receipt,random_constructor,b62c2b66ec35b8ae,develop,2513f85d64cb1bda,95d55634c06adf62,7881cbcfeadf54bd,cd0b57c3d461cc32,3,4,4,rejected,inherited_ax_program
budget,random_constructor,b62c2b66ec35b8ae,develop,-,-,7881cbcfeadf54bd,-,2048,2048,2048,charged_exact,active_builds=3;active_actions=4;active_probes=4;heldout_feedback=withheld
receipt,random_constructor,fd47f0af6d39a405,develop,2513f85d64cb1bda,5bafd6bd981fedf8,33ea10066bd34815,d53bd3a187721a8,1,1,1,rejected,inherited_ax_program
typed_witness,random_constructor,fd47f0af6d39a405,develop,4e9640b247c85a05,58967315222620f1,33ea10066bd34815,10aaebf672bc000a,2,2,2,accepted,summary=0;witness_hex=72393a6e6f6e65
receipt,random_constructor,fd47f0af6d39a405,develop,4e9640b247c85a05,58967315222620f1,33ea10066bd34815,10aaebf672bc000a,2,2,2,accepted,inherited_ax_program
receipt,random_constructor,fd47f0af6d39a405,develop,e0ff2587dbccd344,1bc903704d0b2b1a,33ea10066bd34815,cd0b57c3d461cc32,3,3,3,rejected,inherited_ax_program
receipt,random_constructor,fd47f0af6d39a405,develop,2513f85d64cb1bda,95d55634c06adf62,33ea10066bd34815,cd0b57c3d461cc32,3,4,4,rejected,inherited_ax_program
budget,random_constructor,fd47f0af6d39a405,develop,-,-,33ea10066bd34815,-,2048,2048,2048,charged_exact,active_builds=3;active_actions=4;active_probes=4;heldout_feedback=withheld
receipt,random_constructor,f9fa9278eb3d737d,develop,2513f85d64cb1bda,5bafd6bd981fedf8,375772d1edd79f6c,d53bd3a187721a8,1,1,1,rejected,inherited_ax_program
receipt,random_constructor,f9fa9278eb3d737d,develop,4e9640b247c85a05,58967315222620f1,375772d1edd79f6c,10aaebf672bc000a,2,2,2,rejected,inherited_ax_program
receipt,random_constructor,f9fa9278eb3d737d,develop,e0ff2587dbccd344,1bc903704d0b2b1a,375772d1edd79f6c,cd0b57c3d461cc32,3,3,3,rejected,inherited_ax_program
receipt,random_constructor,f9fa9278eb3d737d,develop,2513f85d64cb1bda,95d55634c06adf62,375772d1edd79f6c,cd0b57c3d461cc32,3,4,4,rejected,inherited_ax_program
precommit,random_constructor,f9fa9278eb3d737d,develop,-,375772d1edd79f6c,c92556ead4425e15,-,0,0,0,precommitted,programs=2331;reduction_cap=101;sequence_hash=c92556ead4425e15;shuffle_seed=opaque_id_only
constructor_attempt,random_constructor,f9fa9278eb3d737d,develop,4b3184f7be147f70,c25d6459f348eb7,375772d1edd79f6c,cd0b57c3d461cc32,4,5,5,rejected,attempt=1;opaque_receipt=e62e9c7026688b84;full_sequence_hash=c92556ead4425e15
constructor_attempt,random_constructor,f9fa9278eb3d737d,develop,6713ccbb93d89196,cf1cfcccc78574b7,375772d1edd79f6c,cd0b57c3d461cc32,5,6,6,rejected,attempt=2;opaque_receipt=d04afeb1495c495d;full_sequence_hash=c92556ead4425e15
constructor_attempt,random_constructor,f9fa9278eb3d737d,develop,629f5fed2f7aeb31,cb291a5d2bd33a49,375772d1edd79f6c,d53bd3a187721a8,6,7,7,rejected,attempt=3;opaque_receipt=a3c2259b595458e8;full_sequence_hash=c92556ead4425e15
constructor_attempt,random_constructor,f9fa9278eb3d737d,develop,35375e6d307d722f,d6d0c448f22aca7f,375772d1edd79f6c,d53bd3a187721a8,7,8,8,rejected,attempt=4;opaque_receipt=b8efc91fe32af96;full_sequence_hash=c92556ead4425e15
constructor_attempt,random_constructor,f9fa9278eb3d737d,develop,17bf825455455868,7fdc3795399ce805,375772d1edd79f6c,d53bd3a187721a8,8,9,9,rejected,attempt=5;opaque_receipt=ce6c51465d1ba20c;full_sequence_hash=c92556ead4425e15
constructor_attempt,random_constructor,f9fa9278eb3d737d,develop,61d28a901fec2bed,84887a72a270f4d5,375772d1edd79f6c,cd0b57c3d461cc32,9,10,10,rejected,attempt=6;opaque_receipt=45e8ecae0b2ffdd1;full_sequence_hash=c92556ead4425e15
constructor_attempt,random_constructor,f9fa9278eb3d737d,develop,33adaedf71d25dd0,282b6388afe446d7,375772d1edd79f6c,cd0b57c3d461cc32,10,11,11,rejected,attempt=7;opaque_receipt=43f9527ea4ec628d;full_sequence_hash=c92556ead4425e15
constructor_attempt,random_constructor,f9fa9278eb3d737d,develop,1a813a7ded2c38f0,17d5226e83535ef0,375772d1edd79f6c,cd0b57c3d461cc32,11,12,12,rejected,attempt=8;opaque_receipt=a36adfc0c27cc02c;full_sequence_hash=c92556ead4425e15
constructor_attempt,random_constructor,f9fa9278eb3d737d,develop,db7ab8231e8aded6,96dc2baa6f4f7200,375772d1edd79f6c,d53bd3a187721a8,12,13,13,rejected,attempt=9;opaque_receipt=c8ebd3ae3ac7172e;full_sequence_hash=c92556ead4425e15
constructor_attempt,random_constructor,f9fa9278eb3d737d,develop,f6a762c7a2e61de9,38b5d0ac2f8dd9df,375772d1edd79f6c,d53bd3a187721a8,13,14,14,rejected,attempt=10;opaque_receipt=acf7b43f19e8a2a1;full_sequence_hash=c92556ead4425e15
constructor_attempt,random_constructor,f9fa9278eb3d737d,develop,cecf8b163fd0b4de,e945d540bf5d6938,375772d1edd79f6c,cd0b57c3d461cc32,14,15,15,rejected,attempt=11;opaque_receipt=d7c00b06092c3088;full_sequence_hash=c92556ead4425e15
constructor_attempt,random_constructor,f9fa9278eb3d737d,develop,e435ef6c6dee43a0,832c78df4ca1c960,375772d1edd79f6c,d53bd3a187721a8,15,16,16,rejected,attempt=12;opaque_receipt=29df29e7b29e2062;full_sequence_hash=c92556ead4425e15
constructor_attempt,random_constructor,f9fa9278eb3d737d,develop,a208bc50420cad43,5982981efb1acb07,375772d1edd79f6c,d53bd3a187721a8,16,17,17,rejected,attempt=13;opaque_receipt=e3d717a3830566e9;full_sequence_hash=c92556ead4425e15
constructor_attempt,random_constructor,f9fa9278eb3d737d,develop,5af5f0fc848374aa,dcf482b9918acca9,375772d1edd79f6c,d53bd3a187721a8,17,18,18,rejected,attempt=14;opaque_receipt=d402622519bd296;full_sequence_hash=c92556ead4425e15
constructor_attempt,random_constructor,f9fa9278eb3d737d,develop,b0485cfdc6c1998a,c93ddc63b6c61f5e,375772d1edd79f6c,cd0b57c3d461cc32,18,19,19,rejected,attempt=15;opaque_receipt=758180bc2be839ea;full_sequence_hash=c92556ead4425e15
constructor_attempt,random_constructor,f9fa9278eb3d737d,develop,ff2168f77e1bb3e3,a64a4da419127e44,375772d1edd79f6c,cd0b57c3d461cc32,19,20,20,rejected,attempt=16;opaque_receipt=fab509b4c5549b30;full_sequence_hash=c92556ead4425e15
constructor_attempt,random_constructor,f9fa9278eb3d737d,develop,45e6565f383cae2,938534af22684f80,375772d1edd79f6c,d53bd3a187721a8,20,21,21,rejected,attempt=17;opaque_receipt=df9449821357840b;full_sequence_hash=c92556ead4425e15
constructor_attempt,random_constructor,f9fa9278eb3d737d,develop,c0c1ece7ba62b869,bf1d2651fcd17a80,375772d1edd79f6c,d53bd3a187721a8,21,22,22,rejected,attempt=18;opaque_receipt=a9276d6ae4f30b22;full_sequence_hash=c92556ead4425e15
constructor_attempt,random_constructor,f9fa9278eb3d737d,develop,7997c1e064a6836a,213d1fccca8001ff,375772d1edd79f6c,d53bd3a187721a8,22,23,23,rejected,attempt=19;opaque_receipt=f7568afd4843c662;full_sequence_hash=c92556ead4425e15
constructor_attempt,random_constructor,f9fa9278eb3d737d,develop,73a3ff20d7fc3eee,7fc0be766d05745d,375772d1edd79f6c,cd0b57c3d461cc32,23,24,24,rejected,attempt=20;opaque_receipt=1337979d223015e1;full_sequence_hash=c92556ead4425e15
constructor_attempt,random_constructor,f9fa9278eb3d737d,develop,2596dd19e591b4f4,7be3c4e339dfc8ff,375772d1edd79f6c,cd0b57c3d461cc32,24,25,25,rejected,attempt=21;opaque_receipt=fb840b1edfdf51ba;full_sequence_hash=c92556ead4425e15
constructor_attempt,random_constructor,f9fa9278eb3d737d,develop,c2d5221296642b22,e6aa83c66b53d0f,375772d1edd79f6c,cd0b57c3d461cc32,25,26,26,rejected,attempt=22;opaque_receipt=18421339a75456f5;full_sequence_hash=c92556ead4425e15
constructor_attempt,random_constructor,f9fa9278eb3d737d,develop,a568c6f50e7be49e,108c335cb072d42b,375772d1edd79f6c,cd0b57c3d461cc32,26,27,27,rejected,attempt=23;opaque_receipt=4e455c45a47702f2;full_sequence_hash=c92556ead4425e15
constructor_attempt,random_constructor,f9fa9278eb3d737d,develop,4c0a9ef26863e6cc,19e1fef1f4aa342a,375772d1edd79f6c,cd0b57c3d461cc32,27,28,28,rejected,attempt=24;opaque_receipt=abdd654d5fedf029;full_sequence_hash=c92556ead4425e15
constructor_attempt,random_constructor,f9fa9278eb3d737d,develop,d263b1e0378711c9,4376cc8098f8c6b7,375772d1edd79f6c,cd0b57c3d461cc32,28,29,29,rejected,attempt=25;opaque_receipt=59e7b2b73db85b0a;full_sequence_hash=c92556ead4425e15
constructor_attempt,random_constructor,f9fa9278eb3d737d,develop,e77306585a9490c1,c5d4a02268468c43,375772d1edd79f6c,cd0b57c3d461cc32,29,30,30,rejected,attempt=26;opaque_receipt=37c7468a1f5493b6;full_sequence_hash=c92556ead4425e15
constructor_attempt,random_constructor,f9fa9278eb3d737d,develop,f8d706c15a8adfda,9d11147bc8758ae,375772d1edd79f6c,d53bd3a187721a8,30,31,31,rejected,attempt=27;opaque_receipt=c169d29f55eff003;full_sequence_hash=c92556ead4425e15
constructor_attempt,random_constructor,f9fa9278eb3d737d,develop,b02e02053b1a9d6e,ffaf1277f965a960,375772d1edd79f6c,d53bd3a187721a8,31,32,32,rejected,attempt=28;opaque_receipt=580e64b857847aef;full_sequence_hash=c92556ead4425e15
constructor_attempt,random_constructor,f9fa9278eb3d737d,develop,46e74738257027a4,a82a129d8dfab0a7,375772d1edd79f6c,d53bd3a187721a8,32,33,33,rejected,attempt=29;opaque_receipt=6c88e82e85a99411;full_sequence_hash=c92556ead4425e15
constructor_attempt,random_constructor,f9fa9278eb3d737d,develop,e24b1dbbe534daf1,750d31a7f3aa2210,375772d1edd79f6c,d53bd3a187721a8,33,34,34,rejected,attempt=30;opaque_receipt=c651b483b9b3a8e4;full_sequence_hash=c92556ead4425e15
constructor_attempt,random_constructor,f9fa9278eb3d737d,develop,5072ff3d26d4edbe,a3f7e487bb86fb65,375772d1edd79f6c,cd0b57c3d461cc32,34,35,35,rejected,attempt=31;opaque_receipt=96fb07fb7f73c5d9;full_sequence_hash=c92556ead4425e15
constructor_attempt,random_constructor,f9fa9278eb3d737d,develop,177d7623f7f8f997,af03c50cacbc1596,375772d1edd79f6c,cd0b57c3d461cc32,35,36,36,rejected,attempt=32;opaque_receipt=dd5361a1a42d40f1;full_sequence_hash=c92556ead4425e15
constructor_attempt,random_constructor,f9fa9278eb3d737d,develop,587732cba3c06ee6,4d23704c5fee5b62,375772d1edd79f6c,cd0b57c3d461cc32,36,37,37,rejected,attempt=33;opaque_receipt=9dc9246e730c2240;full_sequence_hash=c92556ead4425e15
constructor_attempt,random_constructor,f9fa9278eb3d737d,develop,42e2e9f8bfca8957,c74dde10dcd89c95,375772d1edd79f6c,cd0b57c3d461cc32,37,38,38,rejected,attempt=34;opaque_receipt=64f6628490a734bf;full_sequence_hash=c92556ead4425e15
constructor_attempt,random_constructor,f9fa9278eb3d737d,develop,a9be7400402530ae,7f7e49a359c25b1,375772d1edd79f6c,cd0b57c3d461cc32,38,39,39,rejected,attempt=35;opaque_receipt=1d91fc6e86bfc61f;full_sequence_hash=c92556ead4425e15
constructor_attempt,random_constructor,f9fa9278eb3d737d,develop,2f236c336f408c08,51a559d9a8501dc4,375772d1edd79f6c,d53bd3a187721a8,39,40,40,rejected,attempt=36;opaque_receipt=75ed9d8d0de6b574;full_sequence_hash=c92556ead4425e15
constructor_attempt,random_constructor,f9fa9278eb3d737d,develop,b5517f11a2e125d8,e7e03b2f04b5fe1d,375772d1edd79f6c,d53bd3a187721a8,40,41,41,rejected,attempt=37;opaque_receipt=362b24107dfbb7a6;full_sequence_hash=c92556ead4425e15
constructor_attempt,random_constructor,f9fa9278eb3d737d,develop,7fa23dac9d0a4c2e,2f4490140d81d416,375772d1edd79f6c,d53bd3a187721a8,41,42,42,rejected,attempt=38;opaque_receipt=7dd93abb83b5674d;full_sequence_hash=c92556ead4425e15
constructor_attempt,random_constructor,f9fa9278eb3d737d,develop,cdf81a2406641f6e,f3aa9c20493f74b6,375772d1edd79f6c,cd0b57c3d461cc32,42,43,43,rejected,attempt=39;opaque_receipt=61c27f36be2c6898;full_sequence_hash=c92556ead4425e15
constructor_attempt,random_constructor,f9fa9278eb3d737d,develop,9dd5f2ec49629d1c,3403992f5061d694,375772d1edd79f6c,d53bd3a187721a8,43,44,44,rejected,attempt=40;opaque_receipt=bae7c9afe0c1df2b;full_sequence_hash=c92556ead4425e15
constructor_attempt,random_constructor,f9fa9278eb3d737d,develop,8dfe4c0ada0277d3,3468e9562000ffae,375772d1edd79f6c,d53bd3a187721a8,44,45,45,rejected,attempt=41;opaque_receipt=1171f87c3cd2dd38;full_sequence_hash=c92556ead4425e15
constructor_attempt,random_constructor,f9fa9278eb3d737d,develop,4497030d109827cf,579890b1e8977cf,375772d1edd79f6c,d53bd3a187721a8,45,46,46,rejected,attempt=42;opaque_receipt=e2d5a9bcd3084f4d;full_sequence_hash=c92556ead4425e15
constructor_attempt,random_constructor,f9fa9278eb3d737d,develop,37a28e4e6cdde05b,38fa452f0f948010,375772d1edd79f6c,cd0b57c3d461cc32,46,47,47,rejected,attempt=43;opaque_receipt=8dd1bf879c4b1c60;full_sequence_hash=c92556ead4425e15
constructor_attempt,random_constructor,f9fa9278eb3d737d,develop,64c46d7bf2aeb988,a79ed6714ee0b88d,375772d1edd79f6c,d53bd3a187721a8,47,48,48,rejected,attempt=44;opaque_receipt=4e1c9e70837043f2;full_sequence_hash=c92556ead4425e15
constructor_attempt,random_constructor,f9fa9278eb3d737d,develop,f30e25cde5b822e2,1a14ebaa2fd45bb7,375772d1edd79f6c,d53bd3a187721a8,48,49,49,rejected,attempt=45;opaque_receipt=b7bca9bd9d1949ce;full_sequence_hash=c92556ead4425e15
constructor_attempt,random_constructor,f9fa9278eb3d737d,develop,955f479c723899ab,3e59fb14ff874b04,375772d1edd79f6c,d53bd3a187721a8,49,50,50,rejected,attempt=46;opaque_receipt=4590c260e68e861b;full_sequence_hash=c92556ead4425e15
constructor_attempt,random_constructor,f9fa9278eb3d737d,develop,69e6fcb7e2ac9025,a2b1798831629ae,375772d1edd79f6c,d53bd3a187721a8,50,51,51,rejected,attempt=47;opaque_receipt=43dde32ed2f5eb6f;full_sequence_hash=c92556ead4425e15
constructor_attempt,random_constructor,f9fa9278eb3d737d,develop,538539c828758769,73d24283d256a3fd,375772d1edd79f6c,cd0b57c3d461cc32,51,52,52,rejected,attempt=48;opaque_receipt=b66872ecf8400ef0;full_sequence_hash=c92556ead4425e15
constructor_attempt,random_constructor,f9fa9278eb3d737d,develop,ff715008ebcf8c70,de228cba7488ea8b,375772d1edd79f6c,d53bd3a187721a8,52,53,53,rejected,attempt=49;opaque_receipt=c40913bde439be6c;full_sequence_hash=c92556ead4425e15
constructor_attempt,random_constructor,f9fa9278eb3d737d,develop,4d4914ca7220772e,b564d83539552213,375772d1edd79f6c,d53bd3a187721a8,53,54,54,rejected,attempt=50;opaque_receipt=1b5d7c180cf74f73;full_sequence_hash=c92556ead4425e15
constructor_attempt,random_constructor,f9fa9278eb3d737d,develop,79421bb9ec0a4e4f,4f4ac0c0e8bb61fb,375772d1edd79f6c,d53bd3a187721a8,54,55,55,rejected,attempt=51;opaque_receipt=ab4748e8097c4326;full_sequence_hash=c92556ead4425e15
constructor_attempt,random_constructor,f9fa9278eb3d737d,develop,feba0327fd46ca25,52101e17132a2547,375772d1edd79f6c,cd0b57c3d461cc32,55,56,56,rejected,attempt=52;opaque_receipt=58a35a7811661654;full_sequence_hash=c92556ead4425e15
constructor_attempt,random_constructor,f9fa9278eb3d737d,develop,bb0545e51df0990f,51ed89ec99972356,375772d1edd79f6c,d53bd3a187721a8,56,57,57,rejected,attempt=53;opaque_receipt=dcf145f583cbb607;full_sequence_hash=c92556ead4425e15
constructor_attempt,random_constructor,f9fa9278eb3d737d,develop,221011150f6d7010,4ccfade5d233f5f8,375772d1edd79f6c,cd0b57c3d461cc32,57,58,58,rejected,attempt=54;opaque_receipt=cc36c0a59bf7a716;full_sequence_hash=c92556ead4425e15
constructor_attempt,random_constructor,f9fa9278eb3d737d,develop,3eaa6937fb5893f4,9f545a95a81dfb2c,375772d1edd79f6c,d53bd3a187721a8,58,59,59,rejected,attempt=55;opaque_receipt=377be2ab5ba6ee72;full_sequence_hash=c92556ead4425e15
constructor_attempt,random_constructor,f9fa9278eb3d737d,develop,7abc20462cd8b321,6ee8760b6972e80,375772d1edd79f6c,d53bd3a187721a8,59,60,60,rejected,attempt=56;opaque_receipt=8772e126637b4685;full_sequence_hash=c92556ead4425e15
constructor_attempt,random_constructor,f9fa9278eb3d737d,develop,23002ce31ead5935,c8b4bf9630b2c73b,375772d1edd79f6c,cd0b57c3d461cc32,60,61,61,rejected,attempt=57;opaque_receipt=24495c0b91d01d07;full_sequence_hash=c92556ead4425e15
constructor_attempt,random_constructor,f9fa9278eb3d737d,develop,10926adf1a69c4d2,47e1f1c7ae3aa822,375772d1edd79f6c,cd0b57c3d461cc32,61,62,62,rejected,attempt=58;opaque_receipt=ff5ad2827e4ad88e;full_sequence_hash=c92556ead4425e15
constructor_attempt,random_constructor,f9fa9278eb3d737d,develop,e3177473a020b285,88eb3d80547e9fe7,375772d1edd79f6c,d53bd3a187721a8,62,63,63,rejected,attempt=59;opaque_receipt=6416139b48e53ba;full_sequence_hash=c92556ead4425e15
constructor_attempt,random_constructor,f9fa9278eb3d737d,develop,b76ed6d18bbbb3cb,8681fc581dffce4,375772d1edd79f6c,cd0b57c3d461cc32,63,64,64,rejected,attempt=60;opaque_receipt=10b2e2369a9e1f16;full_sequence_hash=c92556ead4425e15
constructor_attempt,random_constructor,f9fa9278eb3d737d,develop,302624f5e4678d5e,7f0fc24b32a506c8,375772d1edd79f6c,d53bd3a187721a8,64,65,65,rejected,attempt=61;opaque_receipt=f2525e0db95a728d;full_sequence_hash=c92556ead4425e15
constructor_attempt,random_constructor,f9fa9278eb3d737d,develop,b7e2eabe09b17079,3868c80082258da0,375772d1edd79f6c,d53bd3a187721a8,65,66,66,rejected,attempt=62;opaque_receipt=d136aa9d797dfec1;full_sequence_hash=c92556ead4425e15
constructor_attempt,random_constructor,f9fa9278eb3d737d,develop,c961fe916096716d,ec410357e8d97e23,375772d1edd79f6c,cd0b57c3d461cc32,66,67,67,rejected,attempt=63;opaque_receipt=91a59f78a95f2cc;full_sequence_hash=c92556ead4425e15
constructor_attempt,random_constructor,f9fa9278eb3d737d,develop,f799564c067f58ae,e538ec0cbe5d3081,375772d1edd79f6c,d53bd3a187721a8,67,68,68,rejected,attempt=64;opaque_receipt=7421c3a688b0eede;full_sequence_hash=c92556ead4425e15
constructor_attempt,random_constructor,f9fa9278eb3d737d,develop,bf17faf42aacb6da,3f4365c20abf78a9,375772d1edd79f6c,d53bd3a187721a8,68,69,69,rejected,attempt=65;opaque_receipt=bc27f750a675c39a;full_sequence_hash=c92556ead4425e15
constructor_attempt,random_constructor,f9fa9278eb3d737d,develop,b59dca66a0602641,3c8466b8cda9ceae,375772d1edd79f6c,cd0b57c3d461cc32,69,70,70,rejected,attempt=66;opaque_receipt=86a3dfcc7b7a779;full_sequence_hash=c92556ead4425e15
constructor_attempt,random_constructor,f9fa9278eb3d737d,develop,2f0ed09d9863d869,5abf8d9cc9c321b9,375772d1edd79f6c,d53bd3a187721a8,70,71,71,rejected,attempt=67;opaque_receipt=e1df75fcf30a9e06;full_sequence_hash=c92556ead4425e15
constructor_attempt,random_constructor,f9fa9278eb3d737d,develop,79d9f371c0872dda,939e085a6ba499d4,375772d1edd79f6c,cd0b57c3d461cc32,71,72,72,rejected,attempt=68;opaque_receipt=b0ba17c976b5ebf7;full_sequence_hash=c92556ead4425e15
constructor_attempt,random_constructor,f9fa9278eb3d737d,develop,71db77f02fcf0f65,79860f66a0fd958b,375772d1edd79f6c,d53bd3a187721a8,72,73,73,rejected,attempt=69;opaque_receipt=2d9c87e45e74ded2;full_sequence_hash=c92556ead4425e15
constructor_attempt,random_constructor,f9fa9278eb3d737d,develop,5c0ffce9cb68f962,339c50531073458f,375772d1edd79f6c,d53bd3a187721a8,73,74,74,rejected,attempt=70;opaque_receipt=a5afa6fd35a2cd4b;full_sequence_hash=c92556ead4425e15
constructor_attempt,random_constructor,f9fa9278eb3d737d,develop,1a9c3de3a76a47f5,c2d95236a047d9af,375772d1edd79f6c,d53bd3a187721a8,74,75,75,rejected,attempt=71;opaque_receipt=1ab935dc0f7a7d14;full_sequence_hash=c92556ead4425e15
constructor_attempt,random_constructor,f9fa9278eb3d737d,develop,c810f0694417c4ac,670aec7e4d2efcc8,375772d1edd79f6c,cd0b57c3d461cc32,75,76,76,rejected,attempt=72;opaque_receipt=9a3073c182cd429d;full_sequence_hash=c92556ead4425e15
constructor_attempt,random_constructor,f9fa9278eb3d737d,develop,720f45cd984e4ba1,b2dc923bc2ab784f,375772d1edd79f6c,cd0b57c3d461cc32,76,77,77,rejected,attempt=73;opaque_receipt=d92cc3a6ab1100;full_sequence_hash=c92556ead4425e15
constructor_attempt,random_constructor,f9fa9278eb3d737d,develop,124d60fec2f0425,d776c56ef6356b17,375772d1edd79f6c,d53bd3a187721a8,77,78,78,rejected,attempt=74;opaque_receipt=8055606164f6b372;full_sequence_hash=c92556ead4425e15
constructor_attempt,random_constructor,f9fa9278eb3d737d,develop,dbd15003bf38cb34,e84979809611c4ef,375772d1edd79f6c,d53bd3a187721a8,78,79,79,rejected,attempt=75;opaque_receipt=b4f8040a3d96190d;full_sequence_hash=c92556ead4425e15
constructor_attempt,random_constructor,f9fa9278eb3d737d,develop,d83635978a2412ce,7e848a7d116bd4e1,375772d1edd79f6c,cd0b57c3d461cc32,79,80,80,rejected,attempt=76;opaque_receipt=9586d97c805d2bb7;full_sequence_hash=c92556ead4425e15
constructor_attempt,random_constructor,f9fa9278eb3d737d,develop,5acc467fd95ccda4,b19172e70fbb4ac6,375772d1edd79f6c,d53bd3a187721a8,80,81,81,rejected,attempt=77;opaque_receipt=71d44855a3b74f60;full_sequence_hash=c92556ead4425e15
constructor_attempt,random_constructor,f9fa9278eb3d737d,develop,1a179f3803d3059f,cc77b7195bd51c80,375772d1edd79f6c,cd0b57c3d461cc32,81,82,82,rejected,attempt=78;opaque_receipt=89241764414d0c5c;full_sequence_hash=c92556ead4425e15
constructor_attempt,random_constructor,f9fa9278eb3d737d,develop,6a786db8ff9f77f7,6acd1b791524bc3c,375772d1edd79f6c,d53bd3a187721a8,82,83,83,rejected,attempt=79;opaque_receipt=a68396ed835f49f1;full_sequence_hash=c92556ead4425e15
constructor_attempt,random_constructor,f9fa9278eb3d737d,develop,6f57b8c3c2c0986,12ba1dde1389ad43,375772d1edd79f6c,d53bd3a187721a8,83,84,84,rejected,attempt=80;opaque_receipt=feb375d5050fba1;full_sequence_hash=c92556ead4425e15
constructor_attempt,random_constructor,f9fa9278eb3d737d,develop,39da5fb75c0b7dc9,a4ffe22aa6f930bf,375772d1edd79f6c,d53bd3a187721a8,84,85,85,rejected,attempt=81;opaque_receipt=8714759b23385074;full_sequence_hash=c92556ead4425e15
constructor_attempt,random_constructor,f9fa9278eb3d737d,develop,fc2e79d8faecece7,d8338bd0bacb5a19,375772d1edd79f6c,d53bd3a187721a8,85,86,86,rejected,attempt=82;opaque_receipt=754753fe85280216;full_sequence_hash=c92556ead4425e15
constructor_attempt,random_constructor,f9fa9278eb3d737d,develop,e1bfec9fe75b3c87,dbe25ca3477e9f2c,375772d1edd79f6c,cd0b57c3d461cc32,86,87,87,rejected,attempt=83;opaque_receipt=2ded744d7f98c214;full_sequence_hash=c92556ead4425e15
constructor_attempt,random_constructor,f9fa9278eb3d737d,develop,9dfce37935a82964,4c9df1c15a73b4e,375772d1edd79f6c,d53bd3a187721a8,87,88,88,rejected,attempt=84;opaque_receipt=1a5cf636201f9400;full_sequence_hash=c92556ead4425e15
constructor_attempt,random_constructor,f9fa9278eb3d737d,develop,490969f45ad51d56,a275144dc933275a,375772d1edd79f6c,d53bd3a187721a8,88,89,89,rejected,attempt=85;opaque_receipt=36c5cc19beb3a2e3;full_sequence_hash=c92556ead4425e15
constructor_attempt,random_constructor,f9fa9278eb3d737d,develop,87d41b23a2ebdea3,cdc1c664c1008a59,375772d1edd79f6c,cd0b57c3d461cc32,89,90,90,rejected,attempt=86;opaque_receipt=e84221e9c863d840;full_sequence_hash=c92556ead4425e15
constructor_attempt,random_constructor,f9fa9278eb3d737d,develop,51f0b7f6398d374c,d0444a5e57d65b4c,375772d1edd79f6c,d53bd3a187721a8,90,91,91,rejected,attempt=87;opaque_receipt=ecb9005efae4abb8;full_sequence_hash=c92556ead4425e15
constructor_attempt,random_constructor,f9fa9278eb3d737d,develop,458361fbc3ea6288,ecd4fe9718d7dd8,375772d1edd79f6c,d53bd3a187721a8,91,92,92,rejected,attempt=88;opaque_receipt=108ec1ef89ccdb68;full_sequence_hash=c92556ead4425e15
constructor_attempt,random_constructor,f9fa9278eb3d737d,develop,faca0e5ddbf1f243,237e4c19d4fe3193,375772d1edd79f6c,cd0b57c3d461cc32,92,93,93,rejected,attempt=89;opaque_receipt=9d79676e9b97afac;full_sequence_hash=c92556ead4425e15
constructor_attempt,random_constructor,f9fa9278eb3d737d,develop,fac38cde3926f9f8,1d942b97eca55f8a,375772d1edd79f6c,d53bd3a187721a8,93,94,94,rejected,attempt=90;opaque_receipt=d5379b85a589b75c;full_sequence_hash=c92556ead4425e15
constructor_attempt,random_constructor,f9fa9278eb3d737d,develop,1a1c7aa24e59d250,3ac275c4d2aa9557,375772d1edd79f6c,d53bd3a187721a8,94,95,95,rejected,attempt=91;opaque_receipt=2910a3d9f7d01a03;full_sequence_hash=c92556ead4425e15
constructor_attempt,random_constructor,f9fa9278eb3d737d,develop,74aaaeb92128bd89,e06ef4cf5d14450f,375772d1edd79f6c,d53bd3a187721a8,95,96,96,rejected,attempt=92;opaque_receipt=397bc079ae511f34;full_sequence_hash=c92556ead4425e15
constructor_attempt,random_constructor,f9fa9278eb3d737d,develop,57132b3b76023454,56cf697e7ebe9c46,375772d1edd79f6c,d53bd3a187721a8,96,97,97,rejected,attempt=93;opaque_receipt=10a778c31a9bb5a0;full_sequence_hash=c92556ead4425e15
constructor_attempt,random_constructor,f9fa9278eb3d737d,develop,eddb899646b1aa1f,93ffa887aeed41f5,375772d1edd79f6c,d53bd3a187721a8,97,98,98,rejected,attempt=94;opaque_receipt=ae73cf5d4b36c21;full_sequence_hash=c92556ead4425e15
constructor_attempt,random_constructor,f9fa9278eb3d737d,develop,b6d147c5a6ddd871,d1d4a0b89d4f1c97,375772d1edd79f6c,d53bd3a187721a8,98,99,99,rejected,attempt=95;opaque_receipt=635d71742cd1ea3;full_sequence_hash=c92556ead4425e15
constructor_attempt,random_constructor,f9fa9278eb3d737d,develop,f1510a8eea67bdd2,f2cf0ea7c40442e9,375772d1edd79f6c,d53bd3a187721a8,99,100,100,rejected,attempt=96;opaque_receipt=56dc7c08fb09e032;full_sequence_hash=c92556ead4425e15
constructor_attempt,random_constructor,f9fa9278eb3d737d,develop,f53b85f34802e96e,66d17b243c23f763,375772d1edd79f6c,cd0b57c3d461cc32,100,101,101,rejected,attempt=97;opaque_receipt=a1541a6c9f0b99ab;full_sequence_hash=c92556ead4425e15
constructor_attempt,random_constructor,f9fa9278eb3d737d,develop,ca6bafeb457dae3c,932d55450abbbf03,375772d1edd79f6c,cd0b57c3d461cc32,101,102,102,rejected,attempt=98;opaque_receipt=1f79a5b8a736871b;full_sequence_hash=c92556ead4425e15
constructor_attempt,random_constructor,f9fa9278eb3d737d,develop,f5c769c3278b655,9f85c7fcb253ba44,375772d1edd79f6c,cd0b57c3d461cc32,102,103,103,rejected,attempt=99;opaque_receipt=b5f8db91aa4969e1;full_sequence_hash=c92556ead4425e15
constructor_attempt,random_constructor,f9fa9278eb3d737d,develop,835080673fa9a2ca,31c3cb1a0b081e25,375772d1edd79f6c,d53bd3a187721a8,103,104,104,rejected,attempt=100;opaque_receipt=ac47c338be2435c5;full_sequence_hash=c92556ead4425e15
constructor_attempt,random_constructor,f9fa9278eb3d737d,develop,21c0b9ccdcefed86,2ee08b7cd66abbf4,375772d1edd79f6c,cd0b57c3d461cc32,104,105,105,rejected,attempt=101;opaque_receipt=47808e1cabd297de;full_sequence_hash=c92556ead4425e15
budget,random_constructor,f9fa9278eb3d737d,develop,-,-,375772d1edd79f6c,-,2048,2048,2048,charged_exact,active_builds=104;active_actions=105;active_probes=105;heldout_feedback=withheld
receipt,random_constructor,f1f15b2967c34b3,holdout,2513f85d64cb1bda,5bafd6bd981fedf8,44409cdd879ab88,d53bd3a187721a8,1,1,1,rejected,inherited_ax_program
receipt,random_constructor,f1f15b2967c34b3,holdout,4e9640b247c85a05,58967315222620f1,44409cdd879ab88,10aaebf672bc000a,2,2,2,rejected,inherited_ax_program
typed_witness,random_constructor,f1f15b2967c34b3,holdout,e0ff2587dbccd344,1bc903704d0b2b1a,44409cdd879ab88,cd0b57c3d461cc32,3,3,3,accepted,summary=1;witness_hex=313237383a3738393a31333234
receipt,random_constructor,f1f15b2967c34b3,holdout,e0ff2587dbccd344,1bc903704d0b2b1a,44409cdd879ab88,cd0b57c3d461cc32,3,3,3,accepted,inherited_ax_program
receipt,random_constructor,f1f15b2967c34b3,holdout,2513f85d64cb1bda,95d55634c06adf62,44409cdd879ab88,cd0b57c3d461cc32,3,4,4,rejected,inherited_ax_program
budget,random_constructor,f1f15b2967c34b3,holdout,-,-,44409cdd879ab88,-,2048,2048,2048,charged_exact,active_builds=3;active_actions=4;active_probes=4;heldout_feedback=withheld
receipt,random_constructor,d13917d0f504513,holdout,2513f85d64cb1bda,5bafd6bd981fedf8,6488d024155da2b,d53bd3a187721a8,1,1,1,rejected,inherited_ax_program
receipt,random_constructor,d13917d0f504513,holdout,4e9640b247c85a05,58967315222620f1,6488d024155da2b,10aaebf672bc000a,2,2,2,rejected,inherited_ax_program
receipt,random_constructor,d13917d0f504513,holdout,e0ff2587dbccd344,1bc903704d0b2b1a,6488d024155da2b,cd0b57c3d461cc32,3,3,3,rejected,inherited_ax_program
typed_witness,random_constructor,d13917d0f504513,holdout,2513f85d64cb1bda,95d55634c06adf62,6488d024155da2b,cd0b57c3d461cc32,3,4,4,accepted,summary=1;witness_hex=363438303a363437323a36353034
receipt,random_constructor,d13917d0f504513,holdout,2513f85d64cb1bda,95d55634c06adf62,6488d024155da2b,cd0b57c3d461cc32,3,4,4,accepted,inherited_ax_program
budget,random_constructor,d13917d0f504513,holdout,-,-,6488d024155da2b,-,2048,2048,2048,charged_exact,active_builds=3;active_actions=4;active_probes=4;heldout_feedback=withheld
receipt,random_constructor,e65cb01ba33cd72a,holdout,2513f85d64cb1bda,5bafd6bd981fedf8,ed07ac64ed394813,d53bd3a187721a8,1,1,1,rejected,inherited_ax_program
receipt,random_constructor,e65cb01ba33cd72a,holdout,4e9640b247c85a05,58967315222620f1,ed07ac64ed394813,10aaebf672bc000a,2,2,2,rejected,inherited_ax_program
receipt,random_constructor,e65cb01ba33cd72a,holdout,e0ff2587dbccd344,1bc903704d0b2b1a,ed07ac64ed394813,cd0b57c3d461cc32,3,3,3,rejected,inherited_ax_program
receipt,random_constructor,e65cb01ba33cd72a,holdout,2513f85d64cb1bda,95d55634c06adf62,ed07ac64ed394813,cd0b57c3d461cc32,3,4,4,rejected,inherited_ax_program
budget,random_constructor,e65cb01ba33cd72a,holdout,-,-,ed07ac64ed394813,-,2048,2048,2048,charged_exact,active_builds=3;active_actions=4;active_probes=4;heldout_feedback=withheld
receipt,random_constructor,848aa5bfd2ce8b86,holdout,2513f85d64cb1bda,5bafd6bd981fedf8,8fd1b9c09ccb14b8,d53bd3a187721a8,1,1,1,rejected,inherited_ax_program
receipt,random_constructor,848aa5bfd2ce8b86,holdout,4e9640b247c85a05,58967315222620f1,8fd1b9c09ccb14b8,10aaebf672bc000a,2,2,2,rejected,inherited_ax_program
receipt,random_constructor,848aa5bfd2ce8b86,holdout,e0ff2587dbccd344,1bc903704d0b2b1a,8fd1b9c09ccb14b8,cd0b57c3d461cc32,3,3,3,rejected,inherited_ax_program
receipt,random_constructor,848aa5bfd2ce8b86,holdout,2513f85d64cb1bda,95d55634c06adf62,8fd1b9c09ccb14b8,cd0b57c3d461cc32,3,4,4,rejected,inherited_ax_program
budget,random_constructor,848aa5bfd2ce8b86,holdout,-,-,8fd1b9c09ccb14b8,-,2048,2048,2048,charged_exact,active_builds=3;active_actions=4;active_probes=4;heldout_feedback=withheld
receipt,random_constructor,68dd9a739da2fe,holdout,2513f85d64cb1bda,5bafd6bd981fedf8,b33c1e53d983dc1,d53bd3a187721a8,1,1,1,rejected,inherited_ax_program
receipt,random_constructor,68dd9a739da2fe,holdout,4e9640b247c85a05,58967315222620f1,b33c1e53d983dc1,10aaebf672bc000a,2,2,2,rejected,inherited_ax_program
receipt,random_constructor,68dd9a739da2fe,holdout,e0ff2587dbccd344,1bc903704d0b2b1a,b33c1e53d983dc1,cd0b57c3d461cc32,3,3,3,rejected,inherited_ax_program
receipt,random_constructor,68dd9a739da2fe,holdout,2513f85d64cb1bda,95d55634c06adf62,b33c1e53d983dc1,cd0b57c3d461cc32,3,4,4,rejected,inherited_ax_program
budget,random_constructor,68dd9a739da2fe,holdout,-,-,b33c1e53d983dc1,-,2048,2048,2048,charged_exact,active_builds=3;active_actions=4;active_probes=4;heldout_feedback=withheld
receipt,random_constructor,a26f14f027946b87,holdout,2513f85d64cb1bda,5bafd6bd981fedf8,a934088f6991f4bb,d53bd3a187721a8,1,1,1,rejected,inherited_ax_program
receipt,random_constructor,a26f14f027946b87,holdout,4e9640b247c85a05,58967315222620f1,a934088f6991f4bb,10aaebf672bc000a,2,2,2,rejected,inherited_ax_program
receipt,random_constructor,a26f14f027946b87,holdout,e0ff2587dbccd344,1bc903704d0b2b1a,a934088f6991f4bb,cd0b57c3d461cc32,3,3,3,rejected,inherited_ax_program
receipt,random_constructor,a26f14f027946b87,holdout,2513f85d64cb1bda,95d55634c06adf62,a934088f6991f4bb,cd0b57c3d461cc32,3,4,4,rejected,inherited_ax_program
budget,random_constructor,a26f14f027946b87,holdout,-,-,a934088f6991f4bb,-,2048,2048,2048,charged_exact,active_builds=3;active_actions=4;active_probes=4;heldout_feedback=withheld
typed_witness,no_memory,b62c2b66ec35b8ae,develop,2513f85d64cb1bda,5bafd6bd981fedf8,7881cbcfeadf54bd,d53bd3a187721a8,1,1,1,accepted,summary=3;witness_hex=3237362c3531322c373938
receipt,no_memory,b62c2b66ec35b8ae,develop,2513f85d64cb1bda,5bafd6bd981fedf8,7881cbcfeadf54bd,d53bd3a187721a8,1,1,1,accepted,inherited_ax_program
receipt,no_memory,b62c2b66ec35b8ae,develop,4e9640b247c85a05,58967315222620f1,7881cbcfeadf54bd,10aaebf672bc000a,2,2,2,rejected,inherited_ax_program
receipt,no_memory,b62c2b66ec35b8ae,develop,e0ff2587dbccd344,1bc903704d0b2b1a,7881cbcfeadf54bd,cd0b57c3d461cc32,3,3,3,rejected,inherited_ax_program
receipt,no_memory,b62c2b66ec35b8ae,develop,2513f85d64cb1bda,95d55634c06adf62,7881cbcfeadf54bd,cd0b57c3d461cc32,3,4,4,rejected,inherited_ax_program
budget,no_memory,b62c2b66ec35b8ae,develop,-,-,7881cbcfeadf54bd,-,2048,2048,2048,charged_exact,active_builds=3;active_actions=4;active_probes=4;earned_memory=discarded
receipt,no_memory,fd47f0af6d39a405,develop,2513f85d64cb1bda,5bafd6bd981fedf8,33ea10066bd34815,d53bd3a187721a8,1,1,1,rejected,inherited_ax_program
typed_witness,no_memory,fd47f0af6d39a405,develop,4e9640b247c85a05,58967315222620f1,33ea10066bd34815,10aaebf672bc000a,2,2,2,accepted,summary=0;witness_hex=72393a6e6f6e65
receipt,no_memory,fd47f0af6d39a405,develop,4e9640b247c85a05,58967315222620f1,33ea10066bd34815,10aaebf672bc000a,2,2,2,accepted,inherited_ax_program
receipt,no_memory,fd47f0af6d39a405,develop,e0ff2587dbccd344,1bc903704d0b2b1a,33ea10066bd34815,cd0b57c3d461cc32,3,3,3,rejected,inherited_ax_program
receipt,no_memory,fd47f0af6d39a405,develop,2513f85d64cb1bda,95d55634c06adf62,33ea10066bd34815,cd0b57c3d461cc32,3,4,4,rejected,inherited_ax_program
budget,no_memory,fd47f0af6d39a405,develop,-,-,33ea10066bd34815,-,2048,2048,2048,charged_exact,active_builds=3;active_actions=4;active_probes=4;earned_memory=discarded
receipt,no_memory,f9fa9278eb3d737d,develop,2513f85d64cb1bda,5bafd6bd981fedf8,375772d1edd79f6c,d53bd3a187721a8,1,1,1,rejected,inherited_ax_program
receipt,no_memory,f9fa9278eb3d737d,develop,4e9640b247c85a05,58967315222620f1,375772d1edd79f6c,10aaebf672bc000a,2,2,2,rejected,inherited_ax_program
receipt,no_memory,f9fa9278eb3d737d,develop,e0ff2587dbccd344,1bc903704d0b2b1a,375772d1edd79f6c,cd0b57c3d461cc32,3,3,3,rejected,inherited_ax_program
receipt,no_memory,f9fa9278eb3d737d,develop,2513f85d64cb1bda,95d55634c06adf62,375772d1edd79f6c,cd0b57c3d461cc32,3,4,4,rejected,inherited_ax_program
precommit,no_memory,f9fa9278eb3d737d,develop,-,375772d1edd79f6c,fe0339d4c46780e9,-,0,0,0,precommitted,programs=2331;reduction_cap=2044;sequence_hash=fe0339d4c46780e9;input=GHOST_CANDIDATE_V1_only
constructor_attempt,no_memory,f9fa9278eb3d737d,develop,3c2c06049117bb85,29bbeff8a3a151cb,375772d1edd79f6c,10aaebf672bc000a,4,5,5,rejected,attempt=1;opaque_receipt=658d9a3b29dbc44d;full_sequence_hash=fe0339d4c46780e9
constructor_attempt,no_memory,f9fa9278eb3d737d,develop,15df9c3c249f70d7,51de5df9934ddb41,375772d1edd79f6c,10aaebf672bc000a,5,6,6,rejected,attempt=2;opaque_receipt=d8000f70e24d7bf9;full_sequence_hash=fe0339d4c46780e9
constructor_attempt,no_memory,f9fa9278eb3d737d,develop,46461462c2c96910,a5a074f268e9fdd,375772d1edd79f6c,10aaebf672bc000a,6,7,7,rejected,attempt=3;opaque_receipt=bedb01bfc4589d58;full_sequence_hash=fe0339d4c46780e9
constructor_attempt,no_memory,f9fa9278eb3d737d,develop,ce7efea0e5b15079,ad06b42a023ae2aa,375772d1edd79f6c,d53bd3a187721a8,7,8,8,rejected,attempt=4;opaque_receipt=1f421190693d4bd4;full_sequence_hash=fe0339d4c46780e9
constructor_attempt,no_memory,f9fa9278eb3d737d,develop,9fcb54ad683eb4aa,372ff6a973355b2c,375772d1edd79f6c,d53bd3a187721a8,8,9,9,rejected,attempt=5;opaque_receipt=44e41c15f700e220;full_sequence_hash=fe0339d4c46780e9
constructor_attempt,no_memory,f9fa9278eb3d737d,develop,c1bf308edbfa129c,f3a9155a7107ee5a,375772d1edd79f6c,cd0b57c3d461cc32,9,10,10,rejected,attempt=6;opaque_receipt=92cc31e997395a23;full_sequence_hash=fe0339d4c46780e9
constructor_attempt,no_memory,f9fa9278eb3d737d,develop,7cda55c871cc05db,28b247ffe98f5d28,375772d1edd79f6c,d53bd3a187721a8,10,11,11,rejected,attempt=7;opaque_receipt=700acb5c767090f2;full_sequence_hash=fe0339d4c46780e9
constructor_attempt,no_memory,f9fa9278eb3d737d,develop,399b54feed66dfd5,f5a278e7a72e628c,375772d1edd79f6c,d53bd3a187721a8,11,12,12,rejected,attempt=8;opaque_receipt=6a1c72c9811e6d59;full_sequence_hash=fe0339d4c46780e9
constructor_attempt,no_memory,f9fa9278eb3d737d,develop,37fad72757ed3040,c8d315385982766e,375772d1edd79f6c,cd0b57c3d461cc32,12,13,13,rejected,attempt=9;opaque_receipt=dc0ef6d8815b2686;full_sequence_hash=fe0339d4c46780e9
constructor_attempt,no_memory,f9fa9278eb3d737d,develop,d642a8a3c8711444,f08527773254ee97,375772d1edd79f6c,d53bd3a187721a8,13,14,14,rejected,attempt=10;opaque_receipt=fc0efb1f5c3880f3;full_sequence_hash=fe0339d4c46780e9
constructor_attempt,no_memory,f9fa9278eb3d737d,develop,a7c38946ebb425b7,663cffa5d5b11651,375772d1edd79f6c,d53bd3a187721a8,14,15,15,rejected,attempt=11;opaque_receipt=13a39b84a226280c;full_sequence_hash=fe0339d4c46780e9
constructor_attempt,no_memory,f9fa9278eb3d737d,develop,acd49d7fe49cae73,48f1fc3b6308de32,375772d1edd79f6c,cd0b57c3d461cc32,15,16,16,rejected,attempt=12;opaque_receipt=a731e7b20a682662;full_sequence_hash=fe0339d4c46780e9
constructor_attempt,no_memory,f9fa9278eb3d737d,develop,b27c9c9ec90a63e2,d7e9c8d1d1b038f8,375772d1edd79f6c,d53bd3a187721a8,16,17,17,rejected,attempt=13;opaque_receipt=37a10e12de124d2d;full_sequence_hash=fe0339d4c46780e9
constructor_attempt,no_memory,f9fa9278eb3d737d,develop,ce8516d96a6277dc,434fb5cb48a7edad,375772d1edd79f6c,d53bd3a187721a8,17,18,18,rejected,attempt=14;opaque_receipt=594efd5bc00f03cc;full_sequence_hash=fe0339d4c46780e9
constructor_attempt,no_memory,f9fa9278eb3d737d,develop,f3d7d6b7b4ae8874,af8c15938f3a77da,375772d1edd79f6c,cd0b57c3d461cc32,18,19,19,rejected,attempt=15;opaque_receipt=9302517ea8eeb07;full_sequence_hash=fe0339d4c46780e9
constructor_attempt,no_memory,f9fa9278eb3d737d,develop,b9206805ed1e5ed6,300482e2e2d405ba,375772d1edd79f6c,d53bd3a187721a8,19,20,20,rejected,attempt=16;opaque_receipt=2df210ce43898b1;full_sequence_hash=fe0339d4c46780e9
constructor_attempt,no_memory,f9fa9278eb3d737d,develop,e5a24b836143f7a,1dd7e008baaa5802,375772d1edd79f6c,d53bd3a187721a8,20,21,21,rejected,attempt=17;opaque_receipt=2a1b417547736617;full_sequence_hash=fe0339d4c46780e9
constructor_attempt,no_memory,f9fa9278eb3d737d,develop,d0d9a23d94a0f35d,2e23fa19e6ea370c,375772d1edd79f6c,cd0b57c3d461cc32,21,22,22,rejected,attempt=18;opaque_receipt=2237839ad7f94dac;full_sequence_hash=fe0339d4c46780e9
constructor_attempt,no_memory,f9fa9278eb3d737d,develop,bb941c8d9aef3ff5,13dd57a47e5f6577,375772d1edd79f6c,d53bd3a187721a8,22,23,23,rejected,attempt=19;opaque_receipt=a3e6dc235bf059f8;full_sequence_hash=fe0339d4c46780e9
constructor_attempt,no_memory,f9fa9278eb3d737d,develop,bc41ac5345cff57f,996506ec4b82605b,375772d1edd79f6c,d53bd3a187721a8,23,24,24,rejected,attempt=20;opaque_receipt=b5525b9a4a124758;full_sequence_hash=fe0339d4c46780e9
constructor_attempt,no_memory,f9fa9278eb3d737d,develop,42689561ff85334c,c71c267abab5511,375772d1edd79f6c,cd0b57c3d461cc32,24,25,25,rejected,attempt=21;opaque_receipt=51c71acb1b9e1916;full_sequence_hash=fe0339d4c46780e9
constructor_attempt,no_memory,f9fa9278eb3d737d,develop,99606952487408a4,1f19524f8441f88f,375772d1edd79f6c,d53bd3a187721a8,25,26,26,rejected,attempt=22;opaque_receipt=2e27779bd555ec4b;full_sequence_hash=fe0339d4c46780e9
constructor_attempt,no_memory,f9fa9278eb3d737d,develop,a8b3b391e55b136c,f38b2208b9a8995a,375772d1edd79f6c,d53bd3a187721a8,26,27,27,rejected,attempt=23;opaque_receipt=1ec2c835e7e8269b;full_sequence_hash=fe0339d4c46780e9
constructor_attempt,no_memory,f9fa9278eb3d737d,develop,9006d4f65bb34924,ff66a2c7714011ad,375772d1edd79f6c,cd0b57c3d461cc32,27,28,28,rejected,attempt=24;opaque_receipt=e7abee2383b9d5da;full_sequence_hash=fe0339d4c46780e9
constructor_attempt,no_memory,f9fa9278eb3d737d,develop,17d9e6c15252aca7,f2db713069ce5fa,375772d1edd79f6c,d53bd3a187721a8,28,29,29,rejected,attempt=25;opaque_receipt=8cdc265323a2a3b4;full_sequence_hash=fe0339d4c46780e9
constructor_attempt,no_memory,f9fa9278eb3d737d,develop,5061919f78f3829d,ef8e77ff6fce317e,375772d1edd79f6c,d53bd3a187721a8,29,30,30,rejected,attempt=26;opaque_receipt=4bea4c411f441a4e;full_sequence_hash=fe0339d4c46780e9
constructor_attempt,no_memory,f9fa9278eb3d737d,develop,2175a3abaf2be5f9,73c69ce0800d2c47,375772d1edd79f6c,cd0b57c3d461cc32,30,31,31,rejected,attempt=27;opaque_receipt=dfbe78a6fcaf529a;full_sequence_hash=fe0339d4c46780e9
constructor_attempt,no_memory,f9fa9278eb3d737d,develop,813563ac959ba1c5,33d68ccfd79f8655,375772d1edd79f6c,d53bd3a187721a8,31,32,32,rejected,attempt=28;opaque_receipt=ba5b03657a13779e;full_sequence_hash=fe0339d4c46780e9
constructor_attempt,no_memory,f9fa9278eb3d737d,develop,9ceba0a564c52565,33ed79e0c2e262aa,375772d1edd79f6c,d53bd3a187721a8,32,33,33,rejected,attempt=29;opaque_receipt=667695463a8a372a;full_sequence_hash=fe0339d4c46780e9
constructor_attempt,no_memory,f9fa9278eb3d737d,develop,23daecb971e318be,4834528d0ef6b9ea,375772d1edd79f6c,cd0b57c3d461cc32,33,34,34,rejected,attempt=30;opaque_receipt=5ed3847a2a2d8532;full_sequence_hash=fe0339d4c46780e9
constructor_attempt,no_memory,f9fa9278eb3d737d,develop,2c44c1de1045cacb,6743b26c0bb73e62,375772d1edd79f6c,d53bd3a187721a8,34,35,35,rejected,attempt=31;opaque_receipt=ecd8a54c9a881845;full_sequence_hash=fe0339d4c46780e9
constructor_attempt,no_memory,f9fa9278eb3d737d,develop,39be6d30ae1607bb,86bfac7b32af871c,375772d1edd79f6c,d53bd3a187721a8,35,36,36,rejected,attempt=32;opaque_receipt=2a494cac1ff90cd3;full_sequence_hash=fe0339d4c46780e9
constructor_attempt,no_memory,f9fa9278eb3d737d,develop,a5f6432d97398a8,b04be7168ee6fa62,375772d1edd79f6c,cd0b57c3d461cc32,36,37,37,rejected,attempt=33;opaque_receipt=68e18db0d976dc66;full_sequence_hash=fe0339d4c46780e9
constructor_attempt,no_memory,f9fa9278eb3d737d,develop,c0f2fe1eea5d8d69,36cf0873f1002e9d,375772d1edd79f6c,d53bd3a187721a8,37,38,38,rejected,attempt=34;opaque_receipt=1af5885f82e9f6fc;full_sequence_hash=fe0339d4c46780e9
constructor_attempt,no_memory,f9fa9278eb3d737d,develop,4a4d0e9bb8400dab,26c85085e59bbfcb,375772d1edd79f6c,d53bd3a187721a8,38,39,39,rejected,attempt=35;opaque_receipt=1ab81b69cda00db0;full_sequence_hash=fe0339d4c46780e9
constructor_attempt,no_memory,f9fa9278eb3d737d,develop,b7ded9296249be34,cc43343c547e632e,375772d1edd79f6c,cd0b57c3d461cc32,39,40,40,rejected,attempt=36;opaque_receipt=be99e16247b7e655;full_sequence_hash=fe0339d4c46780e9
constructor_attempt,no_memory,f9fa9278eb3d737d,develop,fa315b6225873971,fbf4a6cb2137063,375772d1edd79f6c,d53bd3a187721a8,40,41,41,rejected,attempt=37;opaque_receipt=e5485783e6b50cd5;full_sequence_hash=fe0339d4c46780e9
constructor_attempt,no_memory,f9fa9278eb3d737d,develop,da8243ae374c1d85,3e60885075232b64,375772d1edd79f6c,d53bd3a187721a8,41,42,42,rejected,attempt=38;opaque_receipt=6de2c0a4fe874de3;full_sequence_hash=fe0339d4c46780e9
constructor_attempt,no_memory,f9fa9278eb3d737d,develop,f6a960b530d5b055,92b1527966bf8de,375772d1edd79f6c,cd0b57c3d461cc32,42,43,43,rejected,attempt=39;opaque_receipt=64fa6ee9ae1dd8b;full_sequence_hash=fe0339d4c46780e9
constructor_attempt,no_memory,f9fa9278eb3d737d,develop,7e14678bc2817808,64ed90686cd8215f,375772d1edd79f6c,d53bd3a187721a8,43,44,44,rejected,attempt=40;opaque_receipt=ea01c045f0a42728;full_sequence_hash=fe0339d4c46780e9
constructor_attempt,no_memory,f9fa9278eb3d737d,develop,a33fa661cd566b29,726321773b61b1ff,375772d1edd79f6c,d53bd3a187721a8,44,45,45,rejected,attempt=41;opaque_receipt=9b7296eb789b27f9;full_sequence_hash=fe0339d4c46780e9
constructor_attempt,no_memory,f9fa9278eb3d737d,develop,c1b2b422a9de2b58,fc456841817416cf,375772d1edd79f6c,cd0b57c3d461cc32,45,46,46,rejected,attempt=42;opaque_receipt=3dba3689e51da52d;full_sequence_hash=fe0339d4c46780e9
constructor_attempt,no_memory,f9fa9278eb3d737d,develop,28baab00514f8602,a67eb5bfdd81f952,375772d1edd79f6c,d53bd3a187721a8,46,47,47,rejected,attempt=43;opaque_receipt=61938a1ea12962ce;full_sequence_hash=fe0339d4c46780e9
constructor_attempt,no_memory,f9fa9278eb3d737d,develop,7de9f8cb3e9aeff8,fc2b9c6ce003c10a,375772d1edd79f6c,d53bd3a187721a8,47,48,48,rejected,attempt=44;opaque_receipt=907a49a70848d43b;full_sequence_hash=fe0339d4c46780e9
constructor_attempt,no_memory,f9fa9278eb3d737d,develop,cc2b42857b4411fe,cd66283ed82656d1,375772d1edd79f6c,cd0b57c3d461cc32,48,49,49,rejected,attempt=45;opaque_receipt=af2dac752c7fc22b;full_sequence_hash=fe0339d4c46780e9
constructor_attempt,no_memory,f9fa9278eb3d737d,develop,385ac4ab07320d1c,6492533d5ca11326,375772d1edd79f6c,d53bd3a187721a8,49,50,50,rejected,attempt=46;opaque_receipt=27fbdc29a85ff7f2;full_sequence_hash=fe0339d4c46780e9
constructor_attempt,no_memory,f9fa9278eb3d737d,develop,2ce3c7c29dbc4da4,f1a0e81a2e86a72e,375772d1edd79f6c,d53bd3a187721a8,50,51,51,rejected,attempt=47;opaque_receipt=369c67083e7bc35f;full_sequence_hash=fe0339d4c46780e9
constructor_attempt,no_memory,f9fa9278eb3d737d,develop,8d2009bcc5dea2b7,84608a9bb9f274b9,375772d1edd79f6c,cd0b57c3d461cc32,51,52,52,rejected,attempt=48;opaque_receipt=e2e27f6494149de5;full_sequence_hash=fe0339d4c46780e9
constructor_attempt,no_memory,f9fa9278eb3d737d,develop,9827143261ceab25,25a01ae8a8668f9c,375772d1edd79f6c,d53bd3a187721a8,52,53,53,rejected,attempt=49;opaque_receipt=7c99b6872d47e307;full_sequence_hash=fe0339d4c46780e9
constructor_attempt,no_memory,f9fa9278eb3d737d,develop,f704337ad26b4611,5062832f4ff48702,375772d1edd79f6c,d53bd3a187721a8,53,54,54,rejected,attempt=50;opaque_receipt=589820c12748b008;full_sequence_hash=fe0339d4c46780e9
constructor_attempt,no_memory,f9fa9278eb3d737d,develop,771eb63b89853079,c893411477ad0261,375772d1edd79f6c,cd0b57c3d461cc32,54,55,55,rejected,attempt=51;opaque_receipt=ad5adf067769b2b3;full_sequence_hash=fe0339d4c46780e9
constructor_attempt,no_memory,f9fa9278eb3d737d,develop,53126c7cd8882de1,39a5fdbd1826d982,375772d1edd79f6c,d53bd3a187721a8,55,56,56,rejected,attempt=52;opaque_receipt=fdef547e8c4a7e77;full_sequence_hash=fe0339d4c46780e9
constructor_attempt,no_memory,f9fa9278eb3d737d,develop,bfcd88ce6727e340,dc0bc9176db0692a,375772d1edd79f6c,d53bd3a187721a8,56,57,57,rejected,attempt=53;opaque_receipt=ba0646480e5d2aaf;full_sequence_hash=fe0339d4c46780e9
constructor_attempt,no_memory,f9fa9278eb3d737d,develop,b807f8767f80dc39,c195885a00be0315,375772d1edd79f6c,cd0b57c3d461cc32,57,58,58,rejected,attempt=54;opaque_receipt=884ba94121ad6273;full_sequence_hash=fe0339d4c46780e9
constructor_attempt,no_memory,f9fa9278eb3d737d,develop,2d1b4c05ef318672,7f1f62455d11739e,375772d1edd79f6c,d53bd3a187721a8,58,59,59,rejected,attempt=55;opaque_receipt=aedbd628b78e03c;full_sequence_hash=fe0339d4c46780e9
constructor_attempt,no_memory,f9fa9278eb3d737d,develop,df4683462626b14e,357785d7313981f5,375772d1edd79f6c,d53bd3a187721a8,59,60,60,rejected,attempt=56;opaque_receipt=501fd58ac3bc5baf;full_sequence_hash=fe0339d4c46780e9
constructor_attempt,no_memory,f9fa9278eb3d737d,develop,9319b796de5b427,b53c2caee74e54b0,375772d1edd79f6c,cd0b57c3d461cc32,60,61,61,rejected,attempt=57;opaque_receipt=15bdc6e180b0378e;full_sequence_hash=fe0339d4c46780e9
constructor_attempt,no_memory,f9fa9278eb3d737d,develop,31302896726ebd98,bfd4609b036ca418,375772d1edd79f6c,d53bd3a187721a8,61,62,62,rejected,attempt=58;opaque_receipt=9a86d11eec55948e;full_sequence_hash=fe0339d4c46780e9
constructor_attempt,no_memory,f9fa9278eb3d737d,develop,a2a105f35e0cea05,242c17b32b1a1c34,375772d1edd79f6c,d53bd3a187721a8,62,63,63,rejected,attempt=59;opaque_receipt=c4a8ffd5887a561d;full_sequence_hash=fe0339d4c46780e9
constructor_attempt,no_memory,f9fa9278eb3d737d,develop,e34a292dee5d51b,46ba0aba0e26aa4c,375772d1edd79f6c,cd0b57c3d461cc32,63,64,64,rejected,attempt=60;opaque_receipt=bb5194ba81db9598;full_sequence_hash=fe0339d4c46780e9
constructor_attempt,no_memory,f9fa9278eb3d737d,develop,39954d16f4a687cf,886fc05a99e02b09,375772d1edd79f6c,d53bd3a187721a8,64,65,65,rejected,attempt=61;opaque_receipt=4285eb35d705dcce;full_sequence_hash=fe0339d4c46780e9
constructor_attempt,no_memory,f9fa9278eb3d737d,develop,c338c1acc6abd8fe,3cef513cec0d434f,375772d1edd79f6c,d53bd3a187721a8,65,66,66,rejected,attempt=62;opaque_receipt=a79d81444c7cb856;full_sequence_hash=fe0339d4c46780e9
constructor_attempt,no_memory,f9fa9278eb3d737d,develop,4e2a286115b2c9cb,415db86efab7225,375772d1edd79f6c,cd0b57c3d461cc32,66,67,67,rejected,attempt=63;opaque_receipt=de63f43571a23122;full_sequence_hash=fe0339d4c46780e9
constructor_attempt,no_memory,f9fa9278eb3d737d,develop,cd18a610ef0909f7,fae37ba130ae0ac5,375772d1edd79f6c,d53bd3a187721a8,67,68,68,rejected,attempt=64;opaque_receipt=594db9e829fc1bd5;full_sequence_hash=fe0339d4c46780e9
constructor_attempt,no_memory,f9fa9278eb3d737d,develop,884e9d9c21483853,4619eec4fc287dee,375772d1edd79f6c,d53bd3a187721a8,68,69,69,rejected,attempt=65;opaque_receipt=6df8a22daa22cbb7;full_sequence_hash=fe0339d4c46780e9
constructor_attempt,no_memory,f9fa9278eb3d737d,develop,ad63fb4033a22103,cd60e1c315c949aa,375772d1edd79f6c,cd0b57c3d461cc32,69,70,70,rejected,attempt=66;opaque_receipt=bd45d9bbbffc240b;full_sequence_hash=fe0339d4c46780e9
constructor_attempt,no_memory,f9fa9278eb3d737d,develop,6620b5cab48ba109,797f2ce830521f03,375772d1edd79f6c,d53bd3a187721a8,70,71,71,rejected,attempt=67;opaque_receipt=6b9e5a009d6dbb7b;full_sequence_hash=fe0339d4c46780e9
constructor_attempt,no_memory,f9fa9278eb3d737d,develop,97223af6c756378,78155815a19128e8,375772d1edd79f6c,d53bd3a187721a8,71,72,72,rejected,attempt=68;opaque_receipt=add4dca448923e90;full_sequence_hash=fe0339d4c46780e9
constructor_attempt,no_memory,f9fa9278eb3d737d,develop,62fa6d6fe82472c5,120405d0413b187a,375772d1edd79f6c,cd0b57c3d461cc32,72,73,73,rejected,attempt=69;opaque_receipt=1bc89a6e2f9bfeab;full_sequence_hash=fe0339d4c46780e9
constructor_attempt,no_memory,f9fa9278eb3d737d,develop,b2a79d05aec39c0c,e5b636babcefc4c5,375772d1edd79f6c,d53bd3a187721a8,73,74,74,rejected,attempt=70;opaque_receipt=18c0e19e790d46ce;full_sequence_hash=fe0339d4c46780e9
constructor_attempt,no_memory,f9fa9278eb3d737d,develop,c1b4b239bf56fbd9,5bff3bbbaa60dffb,375772d1edd79f6c,d53bd3a187721a8,74,75,75,rejected,attempt=71;opaque_receipt=90cb940172d420fb;full_sequence_hash=fe0339d4c46780e9
constructor_attempt,no_memory,f9fa9278eb3d737d,develop,bf65a63e599d57c0,487e5798b1453cbc,375772d1edd79f6c,cd0b57c3d461cc32,75,76,76,rejected,attempt=72;opaque_receipt=957226bf9eca5fe5;full_sequence_hash=fe0339d4c46780e9
constructor_attempt,no_memory,f9fa9278eb3d737d,develop,a55479aabe4b4151,5d3600c996bb5110,375772d1edd79f6c,d53bd3a187721a8,76,77,77,rejected,attempt=73;opaque_receipt=560a4998f0e9c8ac;full_sequence_hash=fe0339d4c46780e9
constructor_attempt,no_memory,f9fa9278eb3d737d,develop,223f36776dd3609a,42dd676dcb458129,375772d1edd79f6c,d53bd3a187721a8,77,78,78,rejected,attempt=74;opaque_receipt=dcad1939ea719a1e;full_sequence_hash=fe0339d4c46780e9
constructor_attempt,no_memory,f9fa9278eb3d737d,develop,2cdc6d0a12d1ce32,64e964260b3cf3e9,375772d1edd79f6c,cd0b57c3d461cc32,78,79,79,rejected,attempt=75;opaque_receipt=c8de25a0714de149;full_sequence_hash=fe0339d4c46780e9
constructor_attempt,no_memory,f9fa9278eb3d737d,develop,7a1a45dfe4071f16,5dd01e8716ad2c16,375772d1edd79f6c,d53bd3a187721a8,79,80,80,rejected,attempt=76;opaque_receipt=3b09cab10caddfc2;full_sequence_hash=fe0339d4c46780e9
constructor_attempt,no_memory,f9fa9278eb3d737d,develop,e51ff183215ddc7f,55cd01533a3f156b,375772d1edd79f6c,d53bd3a187721a8,80,81,81,rejected,attempt=77;opaque_receipt=4ed6e8c88adc66f2;full_sequence_hash=fe0339d4c46780e9
constructor_attempt,no_memory,f9fa9278eb3d737d,develop,72d9811d84bb90c3,edec68cd662423fe,375772d1edd79f6c,cd0b57c3d461cc32,81,82,82,rejected,attempt=78;opaque_receipt=cc544d1d792c546c;full_sequence_hash=fe0339d4c46780e9
constructor_attempt,no_memory,f9fa9278eb3d737d,develop,4d107ac613887df5,5cac8e6fc8ad0fb6,375772d1edd79f6c,d53bd3a187721a8,82,83,83,rejected,attempt=79;opaque_receipt=5f0d67a7b2eb55c6;full_sequence_hash=fe0339d4c46780e9
constructor_attempt,no_memory,f9fa9278eb3d737d,develop,b8c6bd7514d05a2f,c28afc9d737a2c25,375772d1edd79f6c,d53bd3a187721a8,83,84,84,rejected,attempt=80;opaque_receipt=3d00a3e474b74f7c;full_sequence_hash=fe0339d4c46780e9
constructor_attempt,no_memory,f9fa9278eb3d737d,develop,d14fc58fa5fd41c7,452175155ba5f40,375772d1edd79f6c,cd0b57c3d461cc32,84,85,85,rejected,attempt=81;opaque_receipt=4e1088c98669d778;full_sequence_hash=fe0339d4c46780e9
constructor_attempt,no_memory,f9fa9278eb3d737d,develop,93aee87e277641a4,368832ea6ac3183a,375772d1edd79f6c,d53bd3a187721a8,85,86,86,rejected,attempt=82;opaque_receipt=8a64a28fa5f99182;full_sequence_hash=fe0339d4c46780e9
constructor_attempt,no_memory,f9fa9278eb3d737d,develop,d11d64d52ef11eb6,724812ca55e5de69,375772d1edd79f6c,d53bd3a187721a8,86,87,87,rejected,attempt=83;opaque_receipt=6383ab9e348c0299;full_sequence_hash=fe0339d4c46780e9
constructor_attempt,no_memory,f9fa9278eb3d737d,develop,3f596d1d7c5ba54f,384d74dcd377a4b4,375772d1edd79f6c,cd0b57c3d461cc32,87,88,88,rejected,attempt=84;opaque_receipt=334ff16857a708ff;full_sequence_hash=fe0339d4c46780e9
constructor_attempt,no_memory,f9fa9278eb3d737d,develop,ba89a311c3663fb8,4c1587af75477037,375772d1edd79f6c,d53bd3a187721a8,88,89,89,rejected,attempt=85;opaque_receipt=46ea28077c9c0440;full_sequence_hash=fe0339d4c46780e9
constructor_attempt,no_memory,f9fa9278eb3d737d,develop,e1d1c1de5dcf75d7,b0f7b5c1634fff3f,375772d1edd79f6c,d53bd3a187721a8,89,90,90,rejected,attempt=86;opaque_receipt=9b92d5c070ac78cf;full_sequence_hash=fe0339d4c46780e9
constructor_attempt,no_memory,f9fa9278eb3d737d,develop,bf526afbca8a818d,42fff5aa38e3cd16,375772d1edd79f6c,cd0b57c3d461cc32,90,91,91,rejected,attempt=87;opaque_receipt=d620404c2508f583;full_sequence_hash=fe0339d4c46780e9
constructor_attempt,no_memory,f9fa9278eb3d737d,develop,44fb8067789ade7a,74db46a45dc59818,375772d1edd79f6c,d53bd3a187721a8,91,92,92,rejected,attempt=88;opaque_receipt=83807bc66b40e645;full_sequence_hash=fe0339d4c46780e9
constructor_attempt,no_memory,f9fa9278eb3d737d,develop,dcec05e724d54363,86881ce44353e0d7,375772d1edd79f6c,d53bd3a187721a8,92,93,93,rejected,attempt=89;opaque_receipt=b90f633d03cebd9e;full_sequence_hash=fe0339d4c46780e9
constructor_attempt,no_memory,f9fa9278eb3d737d,develop,6420de53f04fb8ea,56ccc3549682a9d6,375772d1edd79f6c,cd0b57c3d461cc32,93,94,94,rejected,attempt=90;opaque_receipt=de8057116542df57;full_sequence_hash=fe0339d4c46780e9
constructor_attempt,no_memory,f9fa9278eb3d737d,develop,cb962f7570ae4ea9,619e6aec3417af31,375772d1edd79f6c,d53bd3a187721a8,94,95,95,rejected,attempt=91;opaque_receipt=4874717cf9cdee86;full_sequence_hash=fe0339d4c46780e9
constructor_attempt,no_memory,f9fa9278eb3d737d,develop,235a75be7d7f28e7,7a87c8c0db3e58c2,375772d1edd79f6c,d53bd3a187721a8,95,96,96,rejected,attempt=92;opaque_receipt=61c055d14a8168ef;full_sequence_hash=fe0339d4c46780e9
constructor_attempt,no_memory,f9fa9278eb3d737d,develop,67a4de86e41765fa,a1097c712c1c6bd1,375772d1edd79f6c,cd0b57c3d461cc32,96,97,97,rejected,attempt=93;opaque_receipt=3a76289510b3d216;full_sequence_hash=fe0339d4c46780e9
constructor_attempt,no_memory,f9fa9278eb3d737d,develop,763cc42418260882,9b17a314076202ea,375772d1edd79f6c,d53bd3a187721a8,97,98,98,rejected,attempt=94;opaque_receipt=a66540265d7dc13e;full_sequence_hash=fe0339d4c46780e9
constructor_attempt,no_memory,f9fa9278eb3d737d,develop,a163253378b20236,d64e3c75ed516caa,375772d1edd79f6c,d53bd3a187721a8,98,99,99,rejected,attempt=95;opaque_receipt=d4e69ca6efdac860;full_sequence_hash=fe0339d4c46780e9
constructor_attempt,no_memory,f9fa9278eb3d737d,develop,e72e7721ca80d4c0,b0cf0e5681626ae9,375772d1edd79f6c,cd0b57c3d461cc32,99,100,100,rejected,attempt=96;opaque_receipt=55a7f30dc921a9c;full_sequence_hash=fe0339d4c46780e9
constructor_attempt,no_memory,f9fa9278eb3d737d,develop,d0a2e919d5c1fd4a,972470afa7c4e1b0,375772d1edd79f6c,d53bd3a187721a8,100,101,101,rejected,attempt=97;opaque_receipt=f11186ef9dba0c71;full_sequence_hash=fe0339d4c46780e9
constructor_attempt,no_memory,f9fa9278eb3d737d,develop,a08c38c7092d5c98,d0855ca501434b51,375772d1edd79f6c,d53bd3a187721a8,101,102,102,rejected,attempt=98;opaque_receipt=62138540edba865d;full_sequence_hash=fe0339d4c46780e9
constructor_attempt,no_memory,f9fa9278eb3d737d,develop,11f8f9705dd2808f,5b80850133c2bae2,375772d1edd79f6c,cd0b57c3d461cc32,102,103,103,rejected,attempt=99;opaque_receipt=606fe8b646f9cd6a;full_sequence_hash=fe0339d4c46780e9
constructor_attempt,no_memory,f9fa9278eb3d737d,develop,64312b95fd4b5d0c,162ee6a84cc09f46,375772d1edd79f6c,d53bd3a187721a8,103,104,104,rejected,attempt=100;opaque_receipt=76e8fd9f450c2628;full_sequence_hash=fe0339d4c46780e9
constructor_attempt,no_memory,f9fa9278eb3d737d,develop,d09e1e124efc1a7d,1bee4f5954df10e4,375772d1edd79f6c,d53bd3a187721a8,104,105,105,tentative_accept,attempt=101;opaque_receipt=39b45eeb26b90fd8;full_sequence_hash=fe0339d4c46780e9
constructor_attempt,no_memory,f9fa9278eb3d737d,develop,d09e1e124efc1a7d,1bee4f5954df10e4,375772d1edd79f6c,d53bd3a187721a8,104,106,106,accepted,attempt=102;mutation=irrelevant_comment;feedback=opaque
constructor_attempt,no_memory,f9fa9278eb3d737d,develop,d09e1e124efc1a7d,1bee4f5954df10e4,375772d1edd79f6c,d53bd3a187721a8,104,107,107,accepted,attempt=103;mutation=relevant_active_try_bytes;feedback=opaque
typed_witness,no_memory,f9fa9278eb3d737d,develop,d09e1e124efc1a7d,1bee4f5954df10e4,375772d1edd79f6c,d53bd3a187721a8,104,105,105,accepted,summary=14;witness_hex=333430312c333634312c343032332c343136352c343432372c343633392c343735372c343932352c353035322c353230382c353333382c353436382c353539392c35373239
receipt,no_memory,f9fa9278eb3d737d,develop,d09e1e124efc1a7d,1bee4f5954df10e4,375772d1edd79f6c,d53bd3a187721a8,104,107,107,accepted,first_accept_index=101;opaque_receipt_chain=ba38638c3475bd44;mutation_audits=2
ablation,no_memory,f9fa9278eb3d737d,develop,1bee4f5954df10e4,fe0339d4c46780e9,375772d1edd79f6c,-,104,107,107,discarded,earned_program_not_available_to_holdout
budget,no_memory,f9fa9278eb3d737d,develop,-,-,375772d1edd79f6c,-,2048,2048,2048,charged_exact,active_builds=104;active_actions=107;active_probes=107;earned_memory=discarded
receipt,no_memory,f1f15b2967c34b3,holdout,2513f85d64cb1bda,5bafd6bd981fedf8,44409cdd879ab88,d53bd3a187721a8,1,1,1,rejected,inherited_ax_program
receipt,no_memory,f1f15b2967c34b3,holdout,4e9640b247c85a05,58967315222620f1,44409cdd879ab88,10aaebf672bc000a,2,2,2,rejected,inherited_ax_program
typed_witness,no_memory,f1f15b2967c34b3,holdout,e0ff2587dbccd344,1bc903704d0b2b1a,44409cdd879ab88,cd0b57c3d461cc32,3,3,3,accepted,summary=1;witness_hex=313237383a3738393a31333234
receipt,no_memory,f1f15b2967c34b3,holdout,e0ff2587dbccd344,1bc903704d0b2b1a,44409cdd879ab88,cd0b57c3d461cc32,3,3,3,accepted,inherited_ax_program
receipt,no_memory,f1f15b2967c34b3,holdout,2513f85d64cb1bda,95d55634c06adf62,44409cdd879ab88,cd0b57c3d461cc32,3,4,4,rejected,inherited_ax_program
budget,no_memory,f1f15b2967c34b3,holdout,-,-,44409cdd879ab88,-,2048,2048,2048,charged_exact,active_builds=3;active_actions=4;active_probes=4;earned_memory=discarded
receipt,no_memory,d13917d0f504513,holdout,2513f85d64cb1bda,5bafd6bd981fedf8,6488d024155da2b,d53bd3a187721a8,1,1,1,rejected,inherited_ax_program
receipt,no_memory,d13917d0f504513,holdout,4e9640b247c85a05,58967315222620f1,6488d024155da2b,10aaebf672bc000a,2,2,2,rejected,inherited_ax_program
receipt,no_memory,d13917d0f504513,holdout,e0ff2587dbccd344,1bc903704d0b2b1a,6488d024155da2b,cd0b57c3d461cc32,3,3,3,rejected,inherited_ax_program
typed_witness,no_memory,d13917d0f504513,holdout,2513f85d64cb1bda,95d55634c06adf62,6488d024155da2b,cd0b57c3d461cc32,3,4,4,accepted,summary=1;witness_hex=363438303a363437323a36353034
receipt,no_memory,d13917d0f504513,holdout,2513f85d64cb1bda,95d55634c06adf62,6488d024155da2b,cd0b57c3d461cc32,3,4,4,accepted,inherited_ax_program
budget,no_memory,d13917d0f504513,holdout,-,-,6488d024155da2b,-,2048,2048,2048,charged_exact,active_builds=3;active_actions=4;active_probes=4;earned_memory=discarded
receipt,no_memory,e65cb01ba33cd72a,holdout,2513f85d64cb1bda,5bafd6bd981fedf8,ed07ac64ed394813,d53bd3a187721a8,1,1,1,rejected,inherited_ax_program
receipt,no_memory,e65cb01ba33cd72a,holdout,4e9640b247c85a05,58967315222620f1,ed07ac64ed394813,10aaebf672bc000a,2,2,2,rejected,inherited_ax_program
receipt,no_memory,e65cb01ba33cd72a,holdout,e0ff2587dbccd344,1bc903704d0b2b1a,ed07ac64ed394813,cd0b57c3d461cc32,3,3,3,rejected,inherited_ax_program
receipt,no_memory,e65cb01ba33cd72a,holdout,2513f85d64cb1bda,95d55634c06adf62,ed07ac64ed394813,cd0b57c3d461cc32,3,4,4,rejected,inherited_ax_program
budget,no_memory,e65cb01ba33cd72a,holdout,-,-,ed07ac64ed394813,-,2048,2048,2048,charged_exact,active_builds=3;active_actions=4;active_probes=4;earned_memory=discarded
receipt,no_memory,848aa5bfd2ce8b86,holdout,2513f85d64cb1bda,5bafd6bd981fedf8,8fd1b9c09ccb14b8,d53bd3a187721a8,1,1,1,rejected,inherited_ax_program
receipt,no_memory,848aa5bfd2ce8b86,holdout,4e9640b247c85a05,58967315222620f1,8fd1b9c09ccb14b8,10aaebf672bc000a,2,2,2,rejected,inherited_ax_program
receipt,no_memory,848aa5bfd2ce8b86,holdout,e0ff2587dbccd344,1bc903704d0b2b1a,8fd1b9c09ccb14b8,cd0b57c3d461cc32,3,3,3,rejected,inherited_ax_program
receipt,no_memory,848aa5bfd2ce8b86,holdout,2513f85d64cb1bda,95d55634c06adf62,8fd1b9c09ccb14b8,cd0b57c3d461cc32,3,4,4,rejected,inherited_ax_program
budget,no_memory,848aa5bfd2ce8b86,holdout,-,-,8fd1b9c09ccb14b8,-,2048,2048,2048,charged_exact,active_builds=3;active_actions=4;active_probes=4;earned_memory=discarded
receipt,no_memory,68dd9a739da2fe,holdout,2513f85d64cb1bda,5bafd6bd981fedf8,b33c1e53d983dc1,d53bd3a187721a8,1,1,1,rejected,inherited_ax_program
receipt,no_memory,68dd9a739da2fe,holdout,4e9640b247c85a05,58967315222620f1,b33c1e53d983dc1,10aaebf672bc000a,2,2,2,rejected,inherited_ax_program
receipt,no_memory,68dd9a739da2fe,holdout,e0ff2587dbccd344,1bc903704d0b2b1a,b33c1e53d983dc1,cd0b57c3d461cc32,3,3,3,rejected,inherited_ax_program
receipt,no_memory,68dd9a739da2fe,holdout,2513f85d64cb1bda,95d55634c06adf62,b33c1e53d983dc1,cd0b57c3d461cc32,3,4,4,rejected,inherited_ax_program
budget,no_memory,68dd9a739da2fe,holdout,-,-,b33c1e53d983dc1,-,2048,2048,2048,charged_exact,active_builds=3;active_actions=4;active_probes=4;earned_memory=discarded
receipt,no_memory,a26f14f027946b87,holdout,2513f85d64cb1bda,5bafd6bd981fedf8,a934088f6991f4bb,d53bd3a187721a8,1,1,1,rejected,inherited_ax_program
receipt,no_memory,a26f14f027946b87,holdout,4e9640b247c85a05,58967315222620f1,a934088f6991f4bb,10aaebf672bc000a,2,2,2,rejected,inherited_ax_program
receipt,no_memory,a26f14f027946b87,holdout,e0ff2587dbccd344,1bc903704d0b2b1a,a934088f6991f4bb,cd0b57c3d461cc32,3,3,3,rejected,inherited_ax_program
receipt,no_memory,a26f14f027946b87,holdout,2513f85d64cb1bda,95d55634c06adf62,a934088f6991f4bb,cd0b57c3d461cc32,3,4,4,rejected,inherited_ax_program
budget,no_memory,a26f14f027946b87,holdout,-,-,a934088f6991f4bb,-,2048,2048,2048,charged_exact,active_builds=3;active_actions=4;active_probes=4;earned_memory=discarded
typed_witness,no_probe,b62c2b66ec35b8ae,develop,2513f85d64cb1bda,5bafd6bd981fedf8,7881cbcfeadf54bd,d53bd3a187721a8,1,1,1,accepted,summary=3;witness_hex=3237362c3531322c373938
receipt,no_probe,b62c2b66ec35b8ae,develop,2513f85d64cb1bda,5bafd6bd981fedf8,7881cbcfeadf54bd,d53bd3a187721a8,1,1,1,accepted,inherited_ax_program
receipt,no_probe,b62c2b66ec35b8ae,develop,4e9640b247c85a05,58967315222620f1,7881cbcfeadf54bd,10aaebf672bc000a,2,2,2,rejected,inherited_ax_program
receipt,no_probe,b62c2b66ec35b8ae,develop,e0ff2587dbccd344,1bc903704d0b2b1a,7881cbcfeadf54bd,cd0b57c3d461cc32,3,3,3,rejected,inherited_ax_program
receipt,no_probe,b62c2b66ec35b8ae,develop,2513f85d64cb1bda,95d55634c06adf62,7881cbcfeadf54bd,cd0b57c3d461cc32,3,4,4,rejected,inherited_ax_program
budget,no_probe,b62c2b66ec35b8ae,develop,-,-,7881cbcfeadf54bd,-,2048,2048,2048,charged_exact,active_builds=3;active_actions=4;active_probes=4;earned_memory=never_promoted
receipt,no_probe,fd47f0af6d39a405,develop,2513f85d64cb1bda,5bafd6bd981fedf8,33ea10066bd34815,d53bd3a187721a8,1,1,1,rejected,inherited_ax_program
typed_witness,no_probe,fd47f0af6d39a405,develop,4e9640b247c85a05,58967315222620f1,33ea10066bd34815,10aaebf672bc000a,2,2,2,accepted,summary=0;witness_hex=72393a6e6f6e65
receipt,no_probe,fd47f0af6d39a405,develop,4e9640b247c85a05,58967315222620f1,33ea10066bd34815,10aaebf672bc000a,2,2,2,accepted,inherited_ax_program
receipt,no_probe,fd47f0af6d39a405,develop,e0ff2587dbccd344,1bc903704d0b2b1a,33ea10066bd34815,cd0b57c3d461cc32,3,3,3,rejected,inherited_ax_program
receipt,no_probe,fd47f0af6d39a405,develop,2513f85d64cb1bda,95d55634c06adf62,33ea10066bd34815,cd0b57c3d461cc32,3,4,4,rejected,inherited_ax_program
budget,no_probe,fd47f0af6d39a405,develop,-,-,33ea10066bd34815,-,2048,2048,2048,charged_exact,active_builds=3;active_actions=4;active_probes=4;earned_memory=never_promoted
receipt,no_probe,f9fa9278eb3d737d,develop,2513f85d64cb1bda,5bafd6bd981fedf8,375772d1edd79f6c,d53bd3a187721a8,1,1,1,rejected,inherited_ax_program
receipt,no_probe,f9fa9278eb3d737d,develop,4e9640b247c85a05,58967315222620f1,375772d1edd79f6c,10aaebf672bc000a,2,2,2,rejected,inherited_ax_program
receipt,no_probe,f9fa9278eb3d737d,develop,e0ff2587dbccd344,1bc903704d0b2b1a,375772d1edd79f6c,cd0b57c3d461cc32,3,3,3,rejected,inherited_ax_program
receipt,no_probe,f9fa9278eb3d737d,develop,2513f85d64cb1bda,95d55634c06adf62,375772d1edd79f6c,cd0b57c3d461cc32,3,4,4,rejected,inherited_ax_program
precommit,no_probe,f9fa9278eb3d737d,develop,-,375772d1edd79f6c,fe0339d4c46780e9,-,0,0,0,precommitted,programs=2331;reduction_cap=0;sequence_hash=fe0339d4c46780e9;dev_accept_receipts=withheld
budget,no_probe,f9fa9278eb3d737d,develop,-,-,375772d1edd79f6c,-,2048,2048,2048,charged_exact,active_builds=3;active_actions=4;active_probes=4;earned_memory=never_promoted
receipt,no_probe,f1f15b2967c34b3,holdout,2513f85d64cb1bda,5bafd6bd981fedf8,44409cdd879ab88,d53bd3a187721a8,1,1,1,rejected,inherited_ax_program
receipt,no_probe,f1f15b2967c34b3,holdout,4e9640b247c85a05,58967315222620f1,44409cdd879ab88,10aaebf672bc000a,2,2,2,rejected,inherited_ax_program
typed_witness,no_probe,f1f15b2967c34b3,holdout,e0ff2587dbccd344,1bc903704d0b2b1a,44409cdd879ab88,cd0b57c3d461cc32,3,3,3,accepted,summary=1;witness_hex=313237383a3738393a31333234
receipt,no_probe,f1f15b2967c34b3,holdout,e0ff2587dbccd344,1bc903704d0b2b1a,44409cdd879ab88,cd0b57c3d461cc32,3,3,3,accepted,inherited_ax_program
receipt,no_probe,f1f15b2967c34b3,holdout,2513f85d64cb1bda,95d55634c06adf62,44409cdd879ab88,cd0b57c3d461cc32,3,4,4,rejected,inherited_ax_program
budget,no_probe,f1f15b2967c34b3,holdout,-,-,44409cdd879ab88,-,2048,2048,2048,charged_exact,active_builds=3;active_actions=4;active_probes=4;earned_memory=never_promoted
receipt,no_probe,d13917d0f504513,holdout,2513f85d64cb1bda,5bafd6bd981fedf8,6488d024155da2b,d53bd3a187721a8,1,1,1,rejected,inherited_ax_program
receipt,no_probe,d13917d0f504513,holdout,4e9640b247c85a05,58967315222620f1,6488d024155da2b,10aaebf672bc000a,2,2,2,rejected,inherited_ax_program
receipt,no_probe,d13917d0f504513,holdout,e0ff2587dbccd344,1bc903704d0b2b1a,6488d024155da2b,cd0b57c3d461cc32,3,3,3,rejected,inherited_ax_program
typed_witness,no_probe,d13917d0f504513,holdout,2513f85d64cb1bda,95d55634c06adf62,6488d024155da2b,cd0b57c3d461cc32,3,4,4,accepted,summary=1;witness_hex=363438303a363437323a36353034
receipt,no_probe,d13917d0f504513,holdout,2513f85d64cb1bda,95d55634c06adf62,6488d024155da2b,cd0b57c3d461cc32,3,4,4,accepted,inherited_ax_program
budget,no_probe,d13917d0f504513,holdout,-,-,6488d024155da2b,-,2048,2048,2048,charged_exact,active_builds=3;active_actions=4;active_probes=4;earned_memory=never_promoted
receipt,no_probe,e65cb01ba33cd72a,holdout,2513f85d64cb1bda,5bafd6bd981fedf8,ed07ac64ed394813,d53bd3a187721a8,1,1,1,rejected,inherited_ax_program
receipt,no_probe,e65cb01ba33cd72a,holdout,4e9640b247c85a05,58967315222620f1,ed07ac64ed394813,10aaebf672bc000a,2,2,2,rejected,inherited_ax_program
receipt,no_probe,e65cb01ba33cd72a,holdout,e0ff2587dbccd344,1bc903704d0b2b1a,ed07ac64ed394813,cd0b57c3d461cc32,3,3,3,rejected,inherited_ax_program
receipt,no_probe,e65cb01ba33cd72a,holdout,2513f85d64cb1bda,95d55634c06adf62,ed07ac64ed394813,cd0b57c3d461cc32,3,4,4,rejected,inherited_ax_program
budget,no_probe,e65cb01ba33cd72a,holdout,-,-,ed07ac64ed394813,-,2048,2048,2048,charged_exact,active_builds=3;active_actions=4;active_probes=4;earned_memory=never_promoted
receipt,no_probe,848aa5bfd2ce8b86,holdout,2513f85d64cb1bda,5bafd6bd981fedf8,8fd1b9c09ccb14b8,d53bd3a187721a8,1,1,1,rejected,inherited_ax_program
receipt,no_probe,848aa5bfd2ce8b86,holdout,4e9640b247c85a05,58967315222620f1,8fd1b9c09ccb14b8,10aaebf672bc000a,2,2,2,rejected,inherited_ax_program
receipt,no_probe,848aa5bfd2ce8b86,holdout,e0ff2587dbccd344,1bc903704d0b2b1a,8fd1b9c09ccb14b8,cd0b57c3d461cc32,3,3,3,rejected,inherited_ax_program
receipt,no_probe,848aa5bfd2ce8b86,holdout,2513f85d64cb1bda,95d55634c06adf62,8fd1b9c09ccb14b8,cd0b57c3d461cc32,3,4,4,rejected,inherited_ax_program
budget,no_probe,848aa5bfd2ce8b86,holdout,-,-,8fd1b9c09ccb14b8,-,2048,2048,2048,charged_exact,active_builds=3;active_actions=4;active_probes=4;earned_memory=never_promoted
receipt,no_probe,68dd9a739da2fe,holdout,2513f85d64cb1bda,5bafd6bd981fedf8,b33c1e53d983dc1,d53bd3a187721a8,1,1,1,rejected,inherited_ax_program
receipt,no_probe,68dd9a739da2fe,holdout,4e9640b247c85a05,58967315222620f1,b33c1e53d983dc1,10aaebf672bc000a,2,2,2,rejected,inherited_ax_program
receipt,no_probe,68dd9a739da2fe,holdout,e0ff2587dbccd344,1bc903704d0b2b1a,b33c1e53d983dc1,cd0b57c3d461cc32,3,3,3,rejected,inherited_ax_program
receipt,no_probe,68dd9a739da2fe,holdout,2513f85d64cb1bda,95d55634c06adf62,b33c1e53d983dc1,cd0b57c3d461cc32,3,4,4,rejected,inherited_ax_program
budget,no_probe,68dd9a739da2fe,holdout,-,-,b33c1e53d983dc1,-,2048,2048,2048,charged_exact,active_builds=3;active_actions=4;active_probes=4;earned_memory=never_promoted
receipt,no_probe,a26f14f027946b87,holdout,2513f85d64cb1bda,5bafd6bd981fedf8,a934088f6991f4bb,d53bd3a187721a8,1,1,1,rejected,inherited_ax_program
receipt,no_probe,a26f14f027946b87,holdout,4e9640b247c85a05,58967315222620f1,a934088f6991f4bb,10aaebf672bc000a,2,2,2,rejected,inherited_ax_program
receipt,no_probe,a26f14f027946b87,holdout,e0ff2587dbccd344,1bc903704d0b2b1a,a934088f6991f4bb,cd0b57c3d461cc32,3,3,3,rejected,inherited_ax_program
receipt,no_probe,a26f14f027946b87,holdout,2513f85d64cb1bda,95d55634c06adf62,a934088f6991f4bb,cd0b57c3d461cc32,3,4,4,rejected,inherited_ax_program
budget,no_probe,a26f14f027946b87,holdout,-,-,a934088f6991f4bb,-,2048,2048,2048,charged_exact,active_builds=3;active_actions=4;active_probes=4;earned_memory=never_promoted
row,policy,total,develop,holdout,accepted_claims,active_builds,active_actions,active_probes,charged_builds,charged_actions,charged_probes,beats_fixed
summary,fixed_ax_complete,4,2,2,4,27,36,36,18432,18432,18432,false
summary,broad_fixed,4,2,2,4,27,36,36,18432,18432,18432,false
summary,random_ax_choice,2,1,1,2,9,9,9,18432,18432,18432,false
summary,replay,1,1,0,1,9,9,9,18432,18432,18432,false
summary,random_constructor,4,2,2,4,128,137,137,18432,18432,18432,false
summary,no_memory,5,3,2,5,128,139,139,18432,18432,18432,false
summary,no_probe,4,2,2,4,27,36,36,18432,18432,18432,false
summary,adaptive_candidate,9,3,6,9,128,145,145,18432,18432,18432,true
audit,fixed_ax_complete,all,all,-,-,-,-,0,0,0,verified,canonical_programs=4;underlying_tool_forms=3
audit,adaptive_candidate,all,all,d09e1e124efc1a7d,1bee4f5954df10e4,-,d53bd3a187721a8,0,0,0,verified,learned_program_hash=1bee4f5954df10e4;candidate_tool_forms=4;heldout_feedback=withheld
