phase,seed,lens_or_arm,target,family,deg,attempt,hit,accepted,false_accept,alias,ev_lb,ev_tb,ev_cmp,ev_k0,stat,true_stat,val_stat,consistent,rank,cov_before,cov_after,r2,tax,tax_corr,evals,note
lab,0xF0235A11CE0FF1CE,L0_tb_argmax,"C01 XOR 0x0F",xor_popcount,4,0,0,0,0,0,0x00,0x63,0x0000000,0,0.0623,0.0069,0.0000,0,0,,,,,,162,
lab,0xF0235A11CE0FF1CE,L1_single_up,"C01 XOR 0x0F",xor_popcount,4,0,0,0,0,0,0x80,0x7C,0x0000000,0,0.0663,0.0337,0.0000,0,0,,,,,,1016,
lab,0xF0235A11CE0FF1CE,L2_pair_up,"C01 XOR 0x0F",xor_popcount,4,0,1,0,0,0,0x09,0x06,0x0000000,0,0.1269,0.1034,0.0000,0,0,,,,,,1792,
lab,0xF0235A11CE0FF1CE,L3_gibbs,"C01 XOR 0x0F",xor_popcount,4,0,1,1,0,0,0x0F,0x00,0x0000000,0,1.0000,0.0000,1.0000,0,0,,,,,,29,
lab,0xF0235A11CE0FF1CE,LW_mod2_wht,"C01 XOR 0x0F",xor_popcount,4,0,1,1,0,0,0x0F,0x00,0x0000000,0,1.0000,1.0000,1.0000,0,0,,,,,,511,
lab,0xF0235A11CE0FF1CE,LG_gf2,"C01 XOR 0x0F",xor_popcount,4,0,1,1,0,0,0x0F,0x00,0x0000000,0,1.0000,1.0000,1.0000,1,45,,,,,,1,
lab,0xF0235A11CE0FF1CE,L0_tb_argmax,"C01 XOR 0x0F",xor_popcount,4,1,0,0,0,0,0x00,0x32,0x0000000,0,0.0531,0.0120,0.0000,0,0,,,,,,162,
lab,0xF0235A11CE0FF1CE,L1_single_up,"C01 XOR 0x0F",xor_popcount,4,1,0,0,0,0,0x80,0x7C,0x0000000,0,0.0629,0.0253,0.0000,0,0,,,,,,1016,
lab,0xF0235A11CE0FF1CE,L2_pair_up,"C01 XOR 0x0F",xor_popcount,4,1,1,0,0,0,0x09,0x06,0x0000000,0,0.1269,0.1022,0.0000,0,0,,,,,,1792,
lab,0xF0235A11CE0FF1CE,L3_gibbs,"C01 XOR 0x0F",xor_popcount,4,1,1,1,0,0,0x0F,0x00,0x0000000,0,1.0000,0.0000,1.0000,0,0,,,,,,29,
lab,0xF0235A11CE0FF1CE,LW_mod2_wht,"C01 XOR 0x0F",xor_popcount,4,1,1,1,0,0,0x0F,0x00,0x0000000,0,1.0000,1.0000,1.0000,0,0,,,,,,511,
lab,0xF0235A11CE0FF1CE,LG_gf2,"C01 XOR 0x0F",xor_popcount,4,1,1,1,0,0,0x0F,0x00,0x0000000,0,1.0000,1.0000,1.0000,1,45,,,,,,1,
lab,0xF0235A11CE0FF1CE,L0_tb_argmax,"C01 XOR 0x0F",xor_popcount,4,2,0,0,0,0,0x00,0x63,0x0000000,0,0.0634,0.0023,0.0000,0,0,,,,,,162,
lab,0xF0235A11CE0FF1CE,L1_single_up,"C01 XOR 0x0F",xor_popcount,4,2,0,0,0,0,0x20,0x14,0x0000000,0,0.0560,0.0226,0.0000,0,0,,,,,,1016,
lab,0xF0235A11CE0FF1CE,L2_pair_up,"C01 XOR 0x0F",xor_popcount,4,2,1,0,0,0,0x09,0x06,0x0000000,0,0.1211,0.0973,0.0000,0,0,,,,,,1792,
lab,0xF0235A11CE0FF1CE,L3_gibbs,"C01 XOR 0x0F",xor_popcount,4,2,1,1,0,0,0x0F,0x00,0x0000000,0,1.0000,0.0000,1.0000,0,0,,,,,,29,
lab,0xF0235A11CE0FF1CE,LW_mod2_wht,"C01 XOR 0x0F",xor_popcount,4,2,1,1,0,0,0x0F,0x00,0x0000000,0,1.0000,1.0000,1.0000,0,0,,,,,,511,
lab,0xF0235A11CE0FF1CE,LG_gf2,"C01 XOR 0x0F",xor_popcount,4,2,1,1,0,0,0x0F,0x00,0x0000000,0,1.0000,1.0000,1.0000,1,45,,,,,,1,
lab,0xF0235A11CE0FF1CE,L0_tb_argmax,"C01 XOR 0x0F",xor_popcount,4,3,0,0,0,0,0x00,0x63,0x0000000,0,0.0457,0.0126,0.0000,0,0,,,,,,162,
lab,0xF0235A11CE0FF1CE,L1_single_up,"C01 XOR 0x0F",xor_popcount,4,3,0,0,0,0,0x40,0x20,0x0000000,0,0.0543,0.0309,0.0000,0,0,,,,,,1016,
lab,0xF0235A11CE0FF1CE,L2_pair_up,"C01 XOR 0x0F",xor_popcount,4,3,1,0,0,0,0x0A,0x05,0x0000000,0,0.1269,0.1040,0.0000,0,0,,,,,,1792,
lab,0xF0235A11CE0FF1CE,L3_gibbs,"C01 XOR 0x0F",xor_popcount,4,3,1,1,0,0,0x0F,0x00,0x0000000,0,1.0000,0.0000,1.0000,0,0,,,,,,29,
lab,0xF0235A11CE0FF1CE,LW_mod2_wht,"C01 XOR 0x0F",xor_popcount,4,3,1,1,0,0,0x0F,0x00,0x0000000,0,1.0000,1.0000,1.0000,0,0,,,,,,511,
lab,0xF0235A11CE0FF1CE,LG_gf2,"C01 XOR 0x0F",xor_popcount,4,3,1,1,0,0,0x0F,0x00,0x0000000,0,1.0000,1.0000,1.0000,1,45,,,,,,1,
lab,0xF0235A11CE0FF1CE,L0_tb_argmax,"C01 XOR 0x0F",xor_popcount,4,4,0,0,0,0,0x00,0x63,0x0000000,0,0.0600,-0.0057,0.0000,0,0,,,,,,162,
lab,0xF0235A11CE0FF1CE,L1_single_up,"C01 XOR 0x0F",xor_popcount,4,4,0,0,0,0,0x80,0x7C,0x0000000,0,0.0594,0.0306,0.0000,0,0,,,,,,1016,
lab,0xF0235A11CE0FF1CE,L2_pair_up,"C01 XOR 0x0F",xor_popcount,4,4,1,0,0,0,0x09,0x06,0x0000000,0,0.1234,0.1055,0.0000,0,0,,,,,,1792,
lab,0xF0235A11CE0FF1CE,L3_gibbs,"C01 XOR 0x0F",xor_popcount,4,4,1,1,0,0,0x0F,0x00,0x0000000,0,1.0000,0.0000,1.0000,0,0,,,,,,29,
lab,0xF0235A11CE0FF1CE,LW_mod2_wht,"C01 XOR 0x0F",xor_popcount,4,4,1,1,0,0,0x0F,0x00,0x0000000,0,1.0000,1.0000,1.0000,0,0,,,,,,511,
lab,0xF0235A11CE0FF1CE,LG_gf2,"C01 XOR 0x0F",xor_popcount,4,4,1,1,0,0,0x0F,0x00,0x0000000,0,1.0000,1.0000,1.0000,1,45,,,,,,1,
lab,0xF0235A11CE0FF1CE,L0_tb_argmax,"C01 XOR 0x0F",xor_popcount,4,5,0,0,0,0,0x00,0xC3,0x0000000,0,0.0537,-0.0069,0.0000,0,0,,,,,,162,
lab,0xF0235A11CE0FF1CE,L1_single_up,"C01 XOR 0x0F",xor_popcount,4,5,0,0,0,0,0x20,0x14,0x0000000,0,0.0537,0.0257,0.0000,0,0,,,,,,1016,
lab,0xF0235A11CE0FF1CE,L2_pair_up,"C01 XOR 0x0F",xor_popcount,4,5,1,0,0,0,0x09,0x06,0x0000000,0,0.1206,0.1046,0.0000,0,0,,,,,,1792,
lab,0xF0235A11CE0FF1CE,L3_gibbs,"C01 XOR 0x0F",xor_popcount,4,5,1,1,0,0,0x0F,0x00,0x0000000,0,1.0000,0.0000,1.0000,0,0,,,,,,29,
lab,0xF0235A11CE0FF1CE,LW_mod2_wht,"C01 XOR 0x0F",xor_popcount,4,5,1,1,0,0,0x0F,0x00,0x0000000,0,1.0000,1.0000,1.0000,0,0,,,,,,511,
lab,0xF0235A11CE0FF1CE,LG_gf2,"C01 XOR 0x0F",xor_popcount,4,5,1,1,0,0,0x0F,0x00,0x0000000,0,1.0000,1.0000,1.0000,1,45,,,,,,1,
lab,0xF0235A11CE0FF1CE,L0_tb_argmax,"C01 XOR 0x0F",xor_popcount,4,6,0,0,0,0,0x00,0x63,0x0000000,0,0.0560,0.0091,0.0000,0,0,,,,,,162,
lab,0xF0235A11CE0FF1CE,L1_single_up,"C01 XOR 0x0F",xor_popcount,4,6,0,0,0,0,0x80,0x0E,0x0000000,0,0.0571,0.0343,0.0000,0,0,,,,,,1016,
lab,0xF0235A11CE0FF1CE,L2_pair_up,"C01 XOR 0x0F",xor_popcount,4,6,1,0,0,0,0x0A,0x05,0x0000000,0,0.1423,0.1145,0.0000,0,0,,,,,,1792,
lab,0xF0235A11CE0FF1CE,L3_gibbs,"C01 XOR 0x0F",xor_popcount,4,6,1,1,0,0,0x0F,0x00,0x0000000,0,1.0000,0.0000,1.0000,0,0,,,,,,29,
lab,0xF0235A11CE0FF1CE,LW_mod2_wht,"C01 XOR 0x0F",xor_popcount,4,6,1,1,0,0,0x0F,0x00,0x0000000,0,1.0000,1.0000,1.0000,0,0,,,,,,511,
lab,0xF0235A11CE0FF1CE,LG_gf2,"C01 XOR 0x0F",xor_popcount,4,6,1,1,0,0,0x0F,0x00,0x0000000,0,1.0000,1.0000,1.0000,1,45,,,,,,1,
lab,0xF0235A11CE0FF1CE,L0_tb_argmax,"C01 XOR 0x0F",xor_popcount,4,7,0,0,0,0,0x00,0x63,0x0000000,0,0.0583,-0.0080,0.0000,0,0,,,,,,162,
lab,0xF0235A11CE0FF1CE,L1_single_up,"C01 XOR 0x0F",xor_popcount,4,7,0,0,0,0,0x80,0x50,0x0000000,0,0.0526,0.0271,0.0000,0,0,,,,,,1016,
lab,0xF0235A11CE0FF1CE,L2_pair_up,"C01 XOR 0x0F",xor_popcount,4,7,1,0,0,0,0x03,0x0C,0x0000000,0,0.1280,0.1086,0.0000,0,0,,,,,,1792,
lab,0xF0235A11CE0FF1CE,L3_gibbs,"C01 XOR 0x0F",xor_popcount,4,7,1,1,0,0,0x0F,0x00,0x0000000,0,1.0000,0.0000,1.0000,0,0,,,,,,29,
lab,0xF0235A11CE0FF1CE,LW_mod2_wht,"C01 XOR 0x0F",xor_popcount,4,7,1,1,0,0,0x0F,0x00,0x0000000,0,1.0000,1.0000,1.0000,0,0,,,,,,511,
lab,0xF0235A11CE0FF1CE,LG_gf2,"C01 XOR 0x0F",xor_popcount,4,7,1,1,0,0,0x0F,0x00,0x0000000,0,1.0000,1.0000,1.0000,1,45,,,,,,1,
lab,0xF0235A11CE0FF1CE,L0_tb_argmax,"C01 XOR 0x0F",xor_popcount,4,8,0,0,0,0,0x00,0x63,0x0000000,0,0.0663,0.0171,0.0000,0,0,,,,,,162,
lab,0xF0235A11CE0FF1CE,L1_single_up,"C01 XOR 0x0F",xor_popcount,4,8,0,0,0,0,0x20,0x14,0x0000000,0,0.0549,0.0337,0.0000,0,0,,,,,,1016,
lab,0xF0235A11CE0FF1CE,L2_pair_up,"C01 XOR 0x0F",xor_popcount,4,8,1,0,0,0,0x09,0x06,0x0000000,0,0.1240,0.1101,0.0000,0,0,,,,,,1792,
lab,0xF0235A11CE0FF1CE,L3_gibbs,"C01 XOR 0x0F",xor_popcount,4,8,1,1,0,0,0x0F,0x00,0x0000000,0,1.0000,0.0000,1.0000,0,0,,,,,,29,
lab,0xF0235A11CE0FF1CE,LW_mod2_wht,"C01 XOR 0x0F",xor_popcount,4,8,1,1,0,0,0x0F,0x00,0x0000000,0,1.0000,1.0000,1.0000,0,0,,,,,,511,
lab,0xF0235A11CE0FF1CE,LG_gf2,"C01 XOR 0x0F",xor_popcount,4,8,1,1,0,0,0x0F,0x00,0x0000000,0,1.0000,1.0000,1.0000,1,45,,,,,,1,
lab,0xF0235A11CE0FF1CE,L0_tb_argmax,"C01 XOR 0x0F",xor_popcount,4,9,0,0,0,0,0x00,0x63,0x0000000,0,0.0537,0.0040,0.0000,0,0,,,,,,162,
lab,0xF0235A11CE0FF1CE,L1_single_up,"C01 XOR 0x0F",xor_popcount,4,9,0,0,0,0,0x20,0x14,0x0000000,0,0.0577,0.0316,0.0000,0,0,,,,,,1016,
lab,0xF0235A11CE0FF1CE,L2_pair_up,"C01 XOR 0x0F",xor_popcount,4,9,1,0,0,0,0x0A,0x05,0x0000000,0,0.1183,0.1050,0.0000,0,0,,,,,,1792,
lab,0xF0235A11CE0FF1CE,L3_gibbs,"C01 XOR 0x0F",xor_popcount,4,9,1,1,0,0,0x0F,0x00,0x0000000,0,1.0000,0.0000,1.0000,0,0,,,,,,29,
lab,0xF0235A11CE0FF1CE,LW_mod2_wht,"C01 XOR 0x0F",xor_popcount,4,9,1,1,0,0,0x0F,0x00,0x0000000,0,1.0000,1.0000,1.0000,0,0,,,,,,511,
lab,0xF0235A11CE0FF1CE,LG_gf2,"C01 XOR 0x0F",xor_popcount,4,9,1,1,0,0,0x0F,0x00,0x0000000,0,1.0000,1.0000,1.0000,1,45,,,,,,1,
lab,0xF0235A11CE0FF1CE,L0_tb_argmax,"C01 XOR 0x0F",xor_popcount,4,10,0,0,0,0,0x00,0x63,0x0000000,0,0.0531,0.0126,0.0000,0,0,,,,,,162,
lab,0xF0235A11CE0FF1CE,L1_single_up,"C01 XOR 0x0F",xor_popcount,4,10,0,0,0,0,0x20,0x14,0x0000000,0,0.0663,0.0314,0.0000,0,0,,,,,,1016,
lab,0xF0235A11CE0FF1CE,L2_pair_up,"C01 XOR 0x0F",xor_popcount,4,10,1,0,0,0,0x09,0x06,0x0000000,0,0.1223,0.1120,0.0000,0,0,,,,,,1792,
lab,0xF0235A11CE0FF1CE,L3_gibbs,"C01 XOR 0x0F",xor_popcount,4,10,1,1,0,0,0x0F,0x00,0x0000000,0,1.0000,0.0000,1.0000,0,0,,,,,,29,
lab,0xF0235A11CE0FF1CE,LW_mod2_wht,"C01 XOR 0x0F",xor_popcount,4,10,1,1,0,0,0x0F,0x00,0x0000000,0,1.0000,1.0000,1.0000,0,0,,,,,,511,
lab,0xF0235A11CE0FF1CE,LG_gf2,"C01 XOR 0x0F",xor_popcount,4,10,1,1,0,0,0x0F,0x00,0x0000000,0,1.0000,1.0000,1.0000,1,45,,,,,,1,
lab,0xF0235A11CE0FF1CE,L0_tb_argmax,"C01 XOR 0x0F",xor_popcount,4,11,0,0,0,0,0x00,0xA8,0x0000000,0,0.0514,-0.0160,0.0000,0,0,,,,,,162,
lab,0xF0235A11CE0FF1CE,L1_single_up,"C01 XOR 0x0F",xor_popcount,4,11,0,0,0,0,0x80,0x7C,0x0000000,0,0.0549,0.0263,0.0000,0,0,,,,,,1016,
lab,0xF0235A11CE0FF1CE,L2_pair_up,"C01 XOR 0x0F",xor_popcount,4,11,1,0,0,0,0x0A,0x05,0x0000000,0,0.1206,0.1015,0.0000,0,0,,,,,,1792,
lab,0xF0235A11CE0FF1CE,L3_gibbs,"C01 XOR 0x0F",xor_popcount,4,11,1,1,0,0,0x0F,0x00,0x0000000,0,1.0000,0.0000,1.0000,0,0,,,,,,29,
lab,0xF0235A11CE0FF1CE,LW_mod2_wht,"C01 XOR 0x0F",xor_popcount,4,11,1,1,0,0,0x0F,0x00,0x0000000,0,1.0000,1.0000,1.0000,0,0,,,,,,511,
lab,0xF0235A11CE0FF1CE,LG_gf2,"C01 XOR 0x0F",xor_popcount,4,11,1,1,0,0,0x0F,0x00,0x0000000,0,1.0000,1.0000,1.0000,1,45,,,,,,1,
lab,0xF0235A11CE0FF1CE,L0_tb_argmax,"C01 XOR 0x0F",xor_popcount,4,12,0,0,0,0,0x00,0x68,0x0000000,0,0.0486,0.0103,0.0000,0,0,,,,,,162,
lab,0xF0235A11CE0FF1CE,L1_single_up,"C01 XOR 0x0F",xor_popcount,4,12,0,0,0,0,0x01,0x44,0x0000000,0,0.0571,0.0360,0.0000,0,0,,,,,,1016,
lab,0xF0235A11CE0FF1CE,L2_pair_up,"C01 XOR 0x0F",xor_popcount,4,12,1,0,0,0,0x03,0x0C,0x0000000,0,0.1286,0.1101,0.0000,0,0,,,,,,1792,
lab,0xF0235A11CE0FF1CE,L3_gibbs,"C01 XOR 0x0F",xor_popcount,4,12,1,1,0,0,0x0F,0x00,0x0000000,0,1.0000,0.0000,1.0000,0,0,,,,,,29,
lab,0xF0235A11CE0FF1CE,LW_mod2_wht,"C01 XOR 0x0F",xor_popcount,4,12,1,1,0,0,0x0F,0x00,0x0000000,0,1.0000,1.0000,1.0000,0,0,,,,,,511,
lab,0xF0235A11CE0FF1CE,LG_gf2,"C01 XOR 0x0F",xor_popcount,4,12,1,1,0,0,0x0F,0x00,0x0000000,0,1.0000,1.0000,1.0000,1,45,,,,,,1,
lab,0xF0235A11CE0FF1CE,L0_tb_argmax,"C01 XOR 0x0F",xor_popcount,4,13,0,0,0,0,0x00,0x45,0x0000000,0,0.0491,0.0223,0.0000,0,0,,,,,,162,
lab,0xF0235A11CE0FF1CE,L1_single_up,"C01 XOR 0x0F",xor_popcount,4,13,0,0,0,0,0x80,0x62,0x0000000,0,0.0577,0.0401,0.0000,0,0,,,,,,1016,
lab,0xF0235A11CE0FF1CE,L2_pair_up,"C01 XOR 0x0F",xor_popcount,4,13,1,0,0,0,0x09,0x06,0x0000000,0,0.1257,0.1100,0.0000,0,0,,,,,,1792,
lab,0xF0235A11CE0FF1CE,L3_gibbs,"C01 XOR 0x0F",xor_popcount,4,13,1,1,0,0,0x0F,0x00,0x0000000,0,1.0000,0.0000,1.0000,0,0,,,,,,29,
lab,0xF0235A11CE0FF1CE,LW_mod2_wht,"C01 XOR 0x0F",xor_popcount,4,13,1,1,0,0,0x0F,0x00,0x0000000,0,1.0000,1.0000,1.0000,0,0,,,,,,511,
lab,0xF0235A11CE0FF1CE,LG_gf2,"C01 XOR 0x0F",xor_popcount,4,13,1,1,0,0,0x0F,0x00,0x0000000,0,1.0000,1.0000,1.0000,1,45,,,,,,1,
lab,0xF0235A11CE0FF1CE,L0_tb_argmax,"C01 XOR 0x0F",xor_popcount,4,14,0,0,0,0,0x00,0x63,0x0000000,0,0.0531,0.0126,0.0000,0,0,,,,,,162,
lab,0xF0235A11CE0FF1CE,L1_single_up,"C01 XOR 0x0F",xor_popcount,4,14,0,0,0,0,0x10,0x46,0x0000000,0,0.0634,0.0403,0.0000,0,0,,,,,,1016,
lab,0xF0235A11CE0FF1CE,L2_pair_up,"C01 XOR 0x0F",xor_popcount,4,14,1,0,0,0,0x0A,0x05,0x0000000,0,0.1257,0.1090,0.0000,0,0,,,,,,1792,
lab,0xF0235A11CE0FF1CE,L3_gibbs,"C01 XOR 0x0F",xor_popcount,4,14,1,1,0,0,0x0F,0x00,0x0000000,0,1.0000,0.0000,1.0000,0,0,,,,,,29,
lab,0xF0235A11CE0FF1CE,LW_mod2_wht,"C01 XOR 0x0F",xor_popcount,4,14,1,1,0,0,0x0F,0x00,0x0000000,0,1.0000,1.0000,1.0000,0,0,,,,,,511,
lab,0xF0235A11CE0FF1CE,LG_gf2,"C01 XOR 0x0F",xor_popcount,4,14,1,1,0,0,0x0F,0x00,0x0000000,0,1.0000,1.0000,1.0000,1,45,,,,,,1,
lab,0xF0235A11CE0FF1CE,L0_tb_argmax,"C01 XOR 0x0F",xor_popcount,4,15,0,0,0,0,0x00,0x63,0x0000000,0,0.0634,0.0080,0.0000,0,0,,,,,,162,
lab,0xF0235A11CE0FF1CE,L1_single_up,"C01 XOR 0x0F",xor_popcount,4,15,0,0,0,0,0x20,0x14,0x0000000,0,0.0640,0.0329,0.0000,0,0,,,,,,1016,
lab,0xF0235A11CE0FF1CE,L2_pair_up,"C01 XOR 0x0F",xor_popcount,4,15,1,0,0,0,0x09,0x06,0x0000000,0,0.1303,0.1078,0.0000,0,0,,,,,,1792,
lab,0xF0235A11CE0FF1CE,L3_gibbs,"C01 XOR 0x0F",xor_popcount,4,15,1,1,0,0,0x0F,0x00,0x0000000,0,1.0000,0.0000,1.0000,0,0,,,,,,29,
lab,0xF0235A11CE0FF1CE,LW_mod2_wht,"C01 XOR 0x0F",xor_popcount,4,15,1,1,0,0,0x0F,0x00,0x0000000,0,1.0000,1.0000,1.0000,0,0,,,,,,511,
lab,0xF0235A11CE0FF1CE,LG_gf2,"C01 XOR 0x0F",xor_popcount,4,15,1,1,0,0,0x0F,0x00,0x0000000,0,1.0000,1.0000,1.0000,1,45,,,,,,1,
lab,0xF0235A11CE0FF1CE,L0_tb_argmax,"C01 XOR 0x0F",xor_popcount,4,16,0,0,0,0,0x00,0x63,0x0000000,0,0.0531,0.0206,0.0000,0,0,,,,,,162,
lab,0xF0235A11CE0FF1CE,L1_single_up,"C01 XOR 0x0F",xor_popcount,4,16,0,0,0,0,0x02,0x30,0x0000000,0,0.0577,0.0374,0.0000,0,0,,,,,,1016,
lab,0xF0235A11CE0FF1CE,L2_pair_up,"C01 XOR 0x0F",xor_popcount,4,16,1,0,0,0,0x0A,0x05,0x0000000,0,0.1343,0.1053,0.0000,0,0,,,,,,1792,
lab,0xF0235A11CE0FF1CE,L3_gibbs,"C01 XOR 0x0F",xor_popcount,4,16,1,1,0,0,0x0F,0x00,0x0000000,0,1.0000,0.0000,1.0000,0,0,,,,,,29,
lab,0xF0235A11CE0FF1CE,LW_mod2_wht,"C01 XOR 0x0F",xor_popcount,4,16,1,1,0,0,0x0F,0x00,0x0000000,0,1.0000,1.0000,1.0000,0,0,,,,,,511,
lab,0xF0235A11CE0FF1CE,LG_gf2,"C01 XOR 0x0F",xor_popcount,4,16,1,1,0,0,0x0F,0x00,0x0000000,0,1.0000,1.0000,1.0000,1,45,,,,,,1,
lab,0xF0235A11CE0FF1CE,L0_tb_argmax,"C01 XOR 0x0F",xor_popcount,4,17,0,0,0,0,0x00,0x63,0x0000000,0,0.0526,0.0023,0.0000,0,0,,,,,,162,
lab,0xF0235A11CE0FF1CE,L1_single_up,"C01 XOR 0x0F",xor_popcount,4,17,0,0,0,0,0x20,0x14,0x0000000,0,0.0611,0.0251,0.0000,0,0,,,,,,1016,
lab,0xF0235A11CE0FF1CE,L2_pair_up,"C01 XOR 0x0F",xor_popcount,4,17,1,0,0,0,0x09,0x06,0x0000000,0,0.1194,0.1015,0.0000,0,0,,,,,,1792,
lab,0xF0235A11CE0FF1CE,L3_gibbs,"C01 XOR 0x0F",xor_popcount,4,17,1,1,0,0,0x0F,0x00,0x0000000,0,1.0000,0.0000,1.0000,0,0,,,,,,29,
lab,0xF0235A11CE0FF1CE,LW_mod2_wht,"C01 XOR 0x0F",xor_popcount,4,17,1,1,0,0,0x0F,0x00,0x0000000,0,1.0000,1.0000,1.0000,0,0,,,,,,511,
lab,0xF0235A11CE0FF1CE,LG_gf2,"C01 XOR 0x0F",xor_popcount,4,17,1,1,0,0,0x0F,0x00,0x0000000,0,1.0000,1.0000,1.0000,1,45,,,,,,1,
lab,0xF0235A11CE0FF1CE,L0_tb_argmax,"C01 XOR 0x0F",xor_popcount,4,18,0,0,0,0,0x00,0x63,0x0000000,0,0.0543,0.0074,0.0000,0,0,,,,,,162,
lab,0xF0235A11CE0FF1CE,L1_single_up,"C01 XOR 0x0F",xor_popcount,4,18,1,0,0,0,0x04,0x0B,0x0000000,0,0.0549,0.0384,0.0000,0,0,,,,,,1016,
lab,0xF0235A11CE0FF1CE,L2_pair_up,"C01 XOR 0x0F",xor_popcount,4,18,1,0,0,0,0x0A,0x05,0x0000000,0,0.1200,0.1079,0.0000,0,0,,,,,,1792,
lab,0xF0235A11CE0FF1CE,L3_gibbs,"C01 XOR 0x0F",xor_popcount,4,18,1,1,0,0,0x0F,0x00,0x0000000,0,1.0000,0.0000,1.0000,0,0,,,,,,29,
lab,0xF0235A11CE0FF1CE,LW_mod2_wht,"C01 XOR 0x0F",xor_popcount,4,18,1,1,0,0,0x0F,0x00,0x0000000,0,1.0000,1.0000,1.0000,0,0,,,,,,511,
lab,0xF0235A11CE0FF1CE,LG_gf2,"C01 XOR 0x0F",xor_popcount,4,18,1,1,0,0,0x0F,0x00,0x0000000,0,1.0000,1.0000,1.0000,1,45,,,,,,1,
lab,0xF0235A11CE0FF1CE,L0_tb_argmax,"C01 XOR 0x0F",xor_popcount,4,19,0,0,0,0,0x00,0x63,0x0000000,0,0.0709,0.0029,0.0000,0,0,,,,,,162,
lab,0xF0235A11CE0FF1CE,L1_single_up,"C01 XOR 0x0F",xor_popcount,4,19,0,0,0,0,0x01,0xC2,0x0000000,0,0.0611,0.0330,0.0000,0,0,,,,,,1016,
lab,0xF0235A11CE0FF1CE,L2_pair_up,"C01 XOR 0x0F",xor_popcount,4,19,1,0,0,0,0x09,0x06,0x0000000,0,0.1371,0.1068,0.0000,0,0,,,,,,1792,
lab,0xF0235A11CE0FF1CE,L3_gibbs,"C01 XOR 0x0F",xor_popcount,4,19,1,1,0,0,0x0F,0x00,0x0000000,0,1.0000,0.0000,1.0000,0,0,,,,,,29,
lab,0xF0235A11CE0FF1CE,LW_mod2_wht,"C01 XOR 0x0F",xor_popcount,4,19,1,1,0,0,0x0F,0x00,0x0000000,0,1.0000,1.0000,1.0000,0,0,,,,,,511,
lab,0xF0235A11CE0FF1CE,LG_gf2,"C01 XOR 0x0F",xor_popcount,4,19,1,1,0,0,0x0F,0x00,0x0000000,0,1.0000,1.0000,1.0000,1,45,,,,,,1,
lab,0xF0235A11CE0FF1CE,L0_tb_argmax,"C02 parity XOR 0x33",xor_popcount,4,0,0,0,0,0,0x00,0x96,0x0000000,0,0.0486,-0.0137,0.0000,0,0,,,,,,162,
lab,0xF0235A11CE0FF1CE,L1_single_up,"C02 parity XOR 0x33",xor_popcount,4,0,0,0,0,0,0x20,0x95,0x0000000,0,0.0549,0.0174,0.0000,0,0,,,,,,1016,
lab,0xF0235A11CE0FF1CE,L2_pair_up,"C02 parity XOR 0x33",xor_popcount,4,0,1,0,0,0,0x11,0x22,0x0000000,0,0.1171,0.0996,0.0000,0,0,,,,,,1792,
lab,0xF0235A11CE0FF1CE,L3_gibbs,"C02 parity XOR 0x33",xor_popcount,4,0,1,1,0,0,0x33,0x00,0x0000000,0,1.0000,0.0000,1.0000,0,0,,,,,,29,
lab,0xF0235A11CE0FF1CE,LW_mod2_wht,"C02 parity XOR 0x33",xor_popcount,4,0,1,1,0,0,0x33,0x00,0x0000000,0,1.0000,1.0000,1.0000,0,0,,,,,,511,
lab,0xF0235A11CE0FF1CE,LG_gf2,"C02 parity XOR 0x33",xor_popcount,4,0,1,1,0,0,0x33,0x00,0x0000000,0,1.0000,1.0000,1.0000,1,45,,,,,,1,
lab,0xF0235A11CE0FF1CE,L0_tb_argmax,"C02 parity XOR 0x33",xor_popcount,4,1,0,0,0,0,0x00,0x6C,0x0000000,0,0.0514,-0.0057,0.0000,0,0,,,,,,162,
lab,0xF0235A11CE0FF1CE,L1_single_up,"C02 parity XOR 0x33",xor_popcount,4,1,0,0,0,0,0x04,0x39,0x0000000,0,0.0594,0.0171,0.0000,0,0,,,,,,1016,
lab,0xF0235A11CE0FF1CE,L2_pair_up,"C02 parity XOR 0x33",xor_popcount,4,1,1,0,0,0,0x11,0x22,0x0000000,0,0.1223,0.1036,0.0000,0,0,,,,,,1792,
lab,0xF0235A11CE0FF1CE,L3_gibbs,"C02 parity XOR 0x33",xor_popcount,4,1,1,1,0,0,0x33,0x00,0x0000000,0,1.0000,0.0000,1.0000,0,0,,,,,,29,
lab,0xF0235A11CE0FF1CE,LW_mod2_wht,"C02 parity XOR 0x33",xor_popcount,4,1,1,1,0,0,0x33,0x00,0x0000000,0,1.0000,1.0000,1.0000,0,0,,,,,,511,
lab,0xF0235A11CE0FF1CE,LG_gf2,"C02 parity XOR 0x33",xor_popcount,4,1,1,1,0,0,0x33,0x00,0x0000000,0,1.0000,1.0000,1.0000,1,45,,,,,,1,
lab,0xF0235A11CE0FF1CE,L0_tb_argmax,"C02 parity XOR 0x33",xor_popcount,4,2,0,0,0,0,0x00,0x28,0x0000000,0,0.0663,-0.0086,0.0000,0,0,,,,,,162,
lab,0xF0235A11CE0FF1CE,L1_single_up,"C02 parity XOR 0x33",xor_popcount,4,2,0,0,0,0,0x40,0xAD,0x0000000,0,0.0543,0.0181,0.0000,0,0,,,,,,1016,
lab,0xF0235A11CE0FF1CE,L2_pair_up,"C02 parity XOR 0x33",xor_popcount,4,2,1,0,0,0,0x12,0x21,0x0000000,0,0.1194,0.1037,0.0000,0,0,,,,,,1792,
lab,0xF0235A11CE0FF1CE,L3_gibbs,"C02 parity XOR 0x33",xor_popcount,4,2,1,1,0,0,0x33,0x00,0x0000000,0,1.0000,0.0000,1.0000,0,0,,,,,,29,
lab,0xF0235A11CE0FF1CE,LW_mod2_wht,"C02 parity XOR 0x33",xor_popcount,4,2,1,1,0,0,0x33,0x00,0x0000000,0,1.0000,1.0000,1.0000,0,0,,,,,,511,
lab,0xF0235A11CE0FF1CE,LG_gf2,"C02 parity XOR 0x33",xor_popcount,4,2,1,1,0,0,0x33,0x00,0x0000000,0,1.0000,1.0000,1.0000,1,45,,,,,,1,
lab,0xF0235A11CE0FF1CE,L0_tb_argmax,"C02 parity XOR 0x33",xor_popcount,4,3,0,0,0,0,0x00,0x17,0x0000000,0,0.0463,-0.0154,0.0000,0,0,,,,,,162,
lab,0xF0235A11CE0FF1CE,L1_single_up,"C02 parity XOR 0x33",xor_popcount,4,3,0,0,0,0,0x01,0x54,0x0000000,0,0.0594,0.0201,0.0000,0,0,,,,,,1016,
lab,0xF0235A11CE0FF1CE,L2_pair_up,"C02 parity XOR 0x33",xor_popcount,4,3,1,0,0,0,0x11,0x22,0x0000000,0,0.1177,0.1041,0.0000,0,0,,,,,,1792,
lab,0xF0235A11CE0FF1CE,L3_gibbs,"C02 parity XOR 0x33",xor_popcount,4,3,1,1,0,0,0x33,0x00,0x0000000,0,1.0000,0.0000,1.0000,0,0,,,,,,29,
lab,0xF0235A11CE0FF1CE,LW_mod2_wht,"C02 parity XOR 0x33",xor_popcount,4,3,1,1,0,0,0x33,0x00,0x0000000,0,1.0000,1.0000,1.0000,0,0,,,,,,511,
lab,0xF0235A11CE0FF1CE,LG_gf2,"C02 parity XOR 0x33",xor_popcount,4,3,1,1,0,0,0x33,0x00,0x0000000,0,1.0000,1.0000,1.0000,1,45,,,,,,1,
lab,0xF0235A11CE0FF1CE,L0_tb_argmax,"C02 parity XOR 0x33",xor_popcount,4,4,0,0,0,0,0x00,0xD4,0x0000000,0,0.0503,-0.0017,0.0000,0,0,,,,,,162,
lab,0xF0235A11CE0FF1CE,L1_single_up,"C02 parity XOR 0x33",xor_popcount,4,4,0,0,0,0,0x40,0xAD,0x0000000,0,0.0617,0.0327,0.0000,0,0,,,,,,1016,
lab,0xF0235A11CE0FF1CE,L2_pair_up,"C02 parity XOR 0x33",xor_popcount,4,4,1,0,0,0,0x12,0x21,0x0000000,0,0.1240,0.1136,0.0000,0,0,,,,,,1792,
lab,0xF0235A11CE0FF1CE,L3_gibbs,"C02 parity XOR 0x33",xor_popcount,4,4,1,1,0,0,0x33,0x00,0x0000000,0,1.0000,0.0000,1.0000,0,0,,,,,,29,
lab,0xF0235A11CE0FF1CE,LW_mod2_wht,"C02 parity XOR 0x33",xor_popcount,4,4,1,1,0,0,0x33,0x00,0x0000000,0,1.0000,1.0000,1.0000,0,0,,,,,,511,
lab,0xF0235A11CE0FF1CE,LG_gf2,"C02 parity XOR 0x33",xor_popcount,4,4,1,1,0,0,0x33,0x00,0x0000000,0,1.0000,1.0000,1.0000,1,45,,,,,,1,
lab,0xF0235A11CE0FF1CE,L0_tb_argmax,"C02 parity XOR 0x33",xor_popcount,4,5,0,0,0,0,0x00,0x96,0x0000000,0,0.0526,-0.0160,0.0000,0,0,,,,,,162,
lab,0xF0235A11CE0FF1CE,L1_single_up,"C02 parity XOR 0x33",xor_popcount,4,5,0,0,0,0,0x01,0x36,0x0000000,0,0.0669,0.0229,0.0000,0,0,,,,,,1016,
lab,0xF0235A11CE0FF1CE,L2_pair_up,"C02 parity XOR 0x33",xor_popcount,4,5,1,0,0,0,0x11,0x22,0x0000000,0,0.1234,0.1080,0.0000,0,0,,,,,,1792,
lab,0xF0235A11CE0FF1CE,L3_gibbs,"C02 parity XOR 0x33",xor_popcount,4,5,1,1,0,0,0x33,0x00,0x0000000,0,1.0000,0.0000,1.0000,0,0,,,,,,29,
lab,0xF0235A11CE0FF1CE,LW_mod2_wht,"C02 parity XOR 0x33",xor_popcount,4,5,1,1,0,0,0x33,0x00,0x0000000,0,1.0000,1.0000,1.0000,0,0,,,,,,511,
lab,0xF0235A11CE0FF1CE,LG_gf2,"C02 parity XOR 0x33",xor_popcount,4,5,1,1,0,0,0x33,0x00,0x0000000,0,1.0000,1.0000,1.0000,1,45,,,,,,1,
lab,0xF0235A11CE0FF1CE,L0_tb_argmax,"C02 parity XOR 0x33",xor_popcount,4,6,0,0,0,0,0x00,0x2C,0x0000000,0,0.0543,-0.0063,0.0000,0,0,,,,,,162,
lab,0xF0235A11CE0FF1CE,L1_single_up,"C02 parity XOR 0x33",xor_popcount,4,6,0,0,0,0,0x01,0x28,0x0000000,0,0.0577,0.0210,0.0000,0,0,,,,,,1016,
lab,0xF0235A11CE0FF1CE,L2_pair_up,"C02 parity XOR 0x33",xor_popcount,4,6,1,0,0,0,0x11,0x22,0x0000000,0,0.1189,0.1049,0.0000,0,0,,,,,,1792,
lab,0xF0235A11CE0FF1CE,L3_gibbs,"C02 parity XOR 0x33",xor_popcount,4,6,1,1,0,0,0x33,0x00,0x0000000,0,1.0000,0.0000,1.0000,0,0,,,,,,29,
lab,0xF0235A11CE0FF1CE,LW_mod2_wht,"C02 parity XOR 0x33",xor_popcount,4,6,1,1,0,0,0x33,0x00,0x0000000,0,1.0000,1.0000,1.0000,0,0,,,,,,511,
lab,0xF0235A11CE0FF1CE,LG_gf2,"C02 parity XOR 0x33",xor_popcount,4,6,1,1,0,0,0x33,0x00,0x0000000,0,1.0000,1.0000,1.0000,1,45,,,,,,1,
lab,0xF0235A11CE0FF1CE,L0_tb_argmax,"C02 parity XOR 0x33",xor_popcount,4,7,0,0,0,0,0x00,0x28,0x0000000,0,0.0571,-0.0349,0.0000,0,0,,,,,,162,
lab,0xF0235A11CE0FF1CE,L1_single_up,"C02 parity XOR 0x33",xor_popcount,4,7,0,0,0,0,0x08,0xE0,0x0000000,0,0.0640,0.0121,0.0000,0,0,,,,,,1016,
lab,0xF0235A11CE0FF1CE,L2_pair_up,"C02 parity XOR 0x33",xor_popcount,4,7,1,0,0,0,0x12,0x21,0x0000000,0,0.1057,0.0959,0.0000,0,0,,,,,,1792,
lab,0xF0235A11CE0FF1CE,L3_gibbs,"C02 parity XOR 0x33",xor_popcount,4,7,1,1,0,0,0x33,0x00,0x0000000,0,1.0000,0.0000,1.0000,0,0,,,,,,29,
lab,0xF0235A11CE0FF1CE,LW_mod2_wht,"C02 parity XOR 0x33",xor_popcount,4,7,1,1,0,0,0x33,0x00,0x0000000,0,1.0000,1.0000,1.0000,0,0,,,,,,511,
lab,0xF0235A11CE0FF1CE,LG_gf2,"C02 parity XOR 0x33",xor_popcount,4,7,1,1,0,0,0x33,0x00,0x0000000,0,1.0000,1.0000,1.0000,1,45,,,,,,1,
lab,0xF0235A11CE0FF1CE,L0_tb_argmax,"C02 parity XOR 0x33",xor_popcount,4,8,0,0,0,0,0x00,0x61,0x0000000,0,0.0429,-0.0086,0.0000,0,0,,,,,,162,
lab,0xF0235A11CE0FF1CE,L1_single_up,"C02 parity XOR 0x33",xor_popcount,4,8,0,0,0,0,0x01,0x28,0x0000000,0,0.0583,0.0241,0.0000,0,0,,,,,,1016,
lab,0xF0235A11CE0FF1CE,L2_pair_up,"C02 parity XOR 0x33",xor_popcount,4,8,1,0,0,0,0x03,0x30,0x0000000,0,0.1263,0.1037,0.0000,0,0,,,,,,1792,
lab,0xF0235A11CE0FF1CE,L3_gibbs,"C02 parity XOR 0x33",xor_popcount,4,8,1,1,0,0,0x33,0x00,0x0000000,0,1.0000,0.0000,1.0000,0,0,,,,,,29,
lab,0xF0235A11CE0FF1CE,LW_mod2_wht,"C02 parity XOR 0x33",xor_popcount,4,8,1,1,0,0,0x33,0x00,0x0000000,0,1.0000,1.0000,1.0000,0,0,,,,,,511,
lab,0xF0235A11CE0FF1CE,LG_gf2,"C02 parity XOR 0x33",xor_popcount,4,8,1,1,0,0,0x33,0x00,0x0000000,0,1.0000,1.0000,1.0000,1,45,,,,,,1,
lab,0xF0235A11CE0FF1CE,L0_tb_argmax,"C02 parity XOR 0x33",xor_popcount,4,9,0,0,0,0,0x00,0x2C,0x0000000,0,0.0514,-0.0297,0.0000,0,0,,,,,,162,
lab,0xF0235A11CE0FF1CE,L1_single_up,"C02 parity XOR 0x33",xor_popcount,4,9,0,0,0,0,0x04,0x62,0x0000000,0,0.0560,0.0229,0.0000,0,0,,,,,,1016,
lab,0xF0235A11CE0FF1CE,L2_pair_up,"C02 parity XOR 0x33",xor_popcount,4,9,1,0,0,0,0x22,0x11,0x0000000,0,0.1171,0.1042,0.0000,0,0,,,,,,1792,
lab,0xF0235A11CE0FF1CE,L3_gibbs,"C02 parity XOR 0x33",xor_popcount,4,9,1,1,0,0,0x33,0x00,0x0000000,0,1.0000,0.0000,1.0000,0,0,,,,,,29,
lab,0xF0235A11CE0FF1CE,LW_mod2_wht,"C02 parity XOR 0x33",xor_popcount,4,9,1,1,0,0,0x33,0x00,0x0000000,0,1.0000,1.0000,1.0000,0,0,,,,,,511,
lab,0xF0235A11CE0FF1CE,LG_gf2,"C02 parity XOR 0x33",xor_popcount,4,9,1,1,0,0,0x33,0x00,0x0000000,0,1.0000,1.0000,1.0000,1,45,,,,,,1,
lab,0xF0235A11CE0FF1CE,L0_tb_argmax,"C02 parity XOR 0x33",xor_popcount,4,10,0,0,0,0,0x00,0x07,0x0000000,0,0.0509,-0.0109,0.0000,0,0,,,,,,162,
lab,0xF0235A11CE0FF1CE,L1_single_up,"C02 parity XOR 0x33",xor_popcount,4,10,0,0,0,0,0x10,0x45,0x0000000,0,0.0691,0.0164,0.0000,0,0,,,,,,1016,
lab,0xF0235A11CE0FF1CE,L2_pair_up,"C02 parity XOR 0x33",xor_popcount,4,10,1,0,0,0,0x03,0x30,0x0000000,0,0.1143,0.0942,0.0000,0,0,,,,,,1792,
lab,0xF0235A11CE0FF1CE,L3_gibbs,"C02 parity XOR 0x33",xor_popcount,4,10,1,1,0,0,0x33,0x00,0x0000000,0,1.0000,0.0000,1.0000,0,0,,,,,,29,
lab,0xF0235A11CE0FF1CE,LW_mod2_wht,"C02 parity XOR 0x33",xor_popcount,4,10,1,1,0,0,0x33,0x00,0x0000000,0,1.0000,1.0000,1.0000,0,0,,,,,,511,
lab,0xF0235A11CE0FF1CE,LG_gf2,"C02 parity XOR 0x33",xor_popcount,4,10,1,1,0,0,0x33,0x00,0x0000000,0,1.0000,1.0000,1.0000,1,45,,,,,,1,
lab,0xF0235A11CE0FF1CE,L0_tb_argmax,"C02 parity XOR 0x33",xor_popcount,4,11,0,0,0,0,0x00,0x17,0x0000000,0,0.0463,-0.0223,0.0000,0,0,,,,,,162,
lab,0xF0235A11CE0FF1CE,L1_single_up,"C02 parity XOR 0x33",xor_popcount,4,11,0,0,0,0,0x08,0xE6,0x0000000,0,0.0629,0.0107,0.0000,0,0,,,,,,1016,
lab,0xF0235A11CE0FF1CE,L2_pair_up,"C02 parity XOR 0x33",xor_popcount,4,11,1,0,0,0,0x03,0x30,0x0000000,0,0.1086,0.0980,0.0000,0,0,,,,,,1792,
lab,0xF0235A11CE0FF1CE,L3_gibbs,"C02 parity XOR 0x33",xor_popcount,4,11,1,1,0,0,0x33,0x00,0x0000000,0,1.0000,0.0000,1.0000,0,0,,,,,,29,
lab,0xF0235A11CE0FF1CE,LW_mod2_wht,"C02 parity XOR 0x33",xor_popcount,4,11,1,1,0,0,0x33,0x00,0x0000000,0,1.0000,1.0000,1.0000,0,0,,,,,,511,
lab,0xF0235A11CE0FF1CE,LG_gf2,"C02 parity XOR 0x33",xor_popcount,4,11,1,1,0,0,0x33,0x00,0x0000000,0,1.0000,1.0000,1.0000,1,45,,,,,,1,
lab,0xF0235A11CE0FF1CE,L0_tb_argmax,"C02 parity XOR 0x33",xor_popcount,4,12,0,0,0,0,0x00,0x28,0x0000000,0,0.0451,0.0109,0.0000,0,0,,,,,,162,
lab,0xF0235A11CE0FF1CE,L1_single_up,"C02 parity XOR 0x33",xor_popcount,4,12,0,0,0,0,0x40,0xAD,0x0000000,0,0.0617,0.0290,0.0000,0,0,,,,,,1016,
lab,0xF0235A11CE0FF1CE,L2_pair_up,"C02 parity XOR 0x33",xor_popcount,4,12,1,0,0,0,0x11,0x22,0x0000000,0,0.1217,0.1043,0.0000,0,0,,,,,,1792,
lab,0xF0235A11CE0FF1CE,L3_gibbs,"C02 parity XOR 0x33",xor_popcount,4,12,1,1,0,0,0x33,0x00,0x0000000,0,1.0000,0.0000,1.0000,0,0,,,,,,29,
lab,0xF0235A11CE0FF1CE,LW_mod2_wht,"C02 parity XOR 0x33",xor_popcount,4,12,1,1,0,0,0x33,0x00,0x0000000,0,1.0000,1.0000,1.0000,0,0,,,,,,511,
lab,0xF0235A11CE0FF1CE,LG_gf2,"C02 parity XOR 0x33",xor_popcount,4,12,1,1,0,0,0x33,0x00,0x0000000,0,1.0000,1.0000,1.0000,1,45,,,,,,1,
lab,0xF0235A11CE0FF1CE,L0_tb_argmax,"C02 parity XOR 0x33",xor_popcount,4,13,0,0,0,0,0x00,0x28,0x0000000,0,0.0611,-0.0189,0.0000,0,0,,,,,,162,
lab,0xF0235A11CE0FF1CE,L1_single_up,"C02 parity XOR 0x33",xor_popcount,4,13,0,0,0,0,0x08,0xE6,0x0000000,0,0.0531,0.0159,0.0000,0,0,,,,,,1016,
lab,0xF0235A11CE0FF1CE,L2_pair_up,"C02 parity XOR 0x33",xor_popcount,4,13,1,0,0,0,0x21,0x12,0x0000000,0,0.1080,0.1016,0.0000,0,0,,,,,,1792,
lab,0xF0235A11CE0FF1CE,L3_gibbs,"C02 parity XOR 0x33",xor_popcount,4,13,1,1,0,0,0x33,0x00,0x0000000,0,1.0000,0.0000,1.0000,0,0,,,,,,29,
lab,0xF0235A11CE0FF1CE,LW_mod2_wht,"C02 parity XOR 0x33",xor_popcount,4,13,1,1,0,0,0x33,0x00,0x0000000,0,1.0000,1.0000,1.0000,0,0,,,,,,511,
lab,0xF0235A11CE0FF1CE,LG_gf2,"C02 parity XOR 0x33",xor_popcount,4,13,1,1,0,0,0x33,0x00,0x0000000,0,1.0000,1.0000,1.0000,1,45,,,,,,1,
lab,0xF0235A11CE0FF1CE,L0_tb_argmax,"C02 parity XOR 0x33",xor_popcount,4,14,0,0,0,0,0x00,0x95,0x0000000,0,0.0463,-0.0160,0.0000,0,0,,,,,,162,
lab,0xF0235A11CE0FF1CE,L1_single_up,"C02 parity XOR 0x33",xor_popcount,4,14,0,0,0,0,0x08,0xE6,0x0000000,0,0.0611,0.0203,0.0000,0,0,,,,,,1016,
lab,0xF0235A11CE0FF1CE,L2_pair_up,"C02 parity XOR 0x33",xor_popcount,4,14,1,0,0,0,0x11,0x22,0x0000000,0,0.1171,0.1023,0.0000,0,0,,,,,,1792,
lab,0xF0235A11CE0FF1CE,L3_gibbs,"C02 parity XOR 0x33",xor_popcount,4,14,1,1,0,0,0x33,0x00,0x0000000,0,1.0000,0.0000,1.0000,0,0,,,,,,29,
lab,0xF0235A11CE0FF1CE,LW_mod2_wht,"C02 parity XOR 0x33",xor_popcount,4,14,1,1,0,0,0x33,0x00,0x0000000,0,1.0000,1.0000,1.0000,0,0,,,,,,511,
lab,0xF0235A11CE0FF1CE,LG_gf2,"C02 parity XOR 0x33",xor_popcount,4,14,1,1,0,0,0x33,0x00,0x0000000,0,1.0000,1.0000,1.0000,1,45,,,,,,1,
lab,0xF0235A11CE0FF1CE,L0_tb_argmax,"C02 parity XOR 0x33",xor_popcount,4,15,0,0,0,0,0x00,0x96,0x0000000,0,0.0480,-0.0177,0.0000,0,0,,,,,,162,
lab,0xF0235A11CE0FF1CE,L1_single_up,"C02 parity XOR 0x33",xor_popcount,4,15,0,0,0,0,0x01,0x28,0x0000000,0,0.0583,0.0130,0.0000,0,0,,,,,,1016,
lab,0xF0235A11CE0FF1CE,L2_pair_up,"C02 parity XOR 0x33",xor_popcount,4,15,1,0,0,0,0x03,0x30,0x0000000,0,0.1103,0.0965,0.0000,0,0,,,,,,1792,
lab,0xF0235A11CE0FF1CE,L3_gibbs,"C02 parity XOR 0x33",xor_popcount,4,15,1,1,0,0,0x33,0x00,0x0000000,0,1.0000,0.0000,1.0000,0,0,,,,,,29,
lab,0xF0235A11CE0FF1CE,LW_mod2_wht,"C02 parity XOR 0x33",xor_popcount,4,15,1,1,0,0,0x33,0x00,0x0000000,0,1.0000,1.0000,1.0000,0,0,,,,,,511,
lab,0xF0235A11CE0FF1CE,LG_gf2,"C02 parity XOR 0x33",xor_popcount,4,15,1,1,0,0,0x33,0x00,0x0000000,0,1.0000,1.0000,1.0000,1,45,,,,,,1,
lab,0xF0235A11CE0FF1CE,L0_tb_argmax,"C02 parity XOR 0x33",xor_popcount,4,16,0,0,0,0,0x00,0x28,0x0000000,0,0.0634,-0.0160,0.0000,0,0,,,,,,162,
lab,0xF0235A11CE0FF1CE,L1_single_up,"C02 parity XOR 0x33",xor_popcount,4,16,0,0,0,0,0x02,0xD4,0x0000000,0,0.0611,0.0194,0.0000,0,0,,,,,,1016,
lab,0xF0235A11CE0FF1CE,L2_pair_up,"C02 parity XOR 0x33",xor_popcount,4,16,1,0,0,0,0x30,0x03,0x0000000,0,0.1063,0.0985,0.0000,0,0,,,,,,1792,
lab,0xF0235A11CE0FF1CE,L3_gibbs,"C02 parity XOR 0x33",xor_popcount,4,16,1,1,0,0,0x33,0x00,0x0000000,0,1.0000,0.0000,1.0000,0,0,,,,,,29,
lab,0xF0235A11CE0FF1CE,LW_mod2_wht,"C02 parity XOR 0x33",xor_popcount,4,16,1,1,0,0,0x33,0x00,0x0000000,0,1.0000,1.0000,1.0000,0,0,,,,,,511,
lab,0xF0235A11CE0FF1CE,LG_gf2,"C02 parity XOR 0x33",xor_popcount,4,16,1,1,0,0,0x33,0x00,0x0000000,0,1.0000,1.0000,1.0000,1,45,,,,,,1,
lab,0xF0235A11CE0FF1CE,L0_tb_argmax,"C02 parity XOR 0x33",xor_popcount,4,17,0,0,0,0,0x00,0x96,0x0000000,0,0.0526,-0.0217,0.0000,0,0,,,,,,162,
lab,0xF0235A11CE0FF1CE,L1_single_up,"C02 parity XOR 0x33",xor_popcount,4,17,0,0,0,0,0x04,0x39,0x0000000,0,0.0560,0.0183,0.0000,0,0,,,,,,1016,
lab,0xF0235A11CE0FF1CE,L2_pair_up,"C02 parity XOR 0x33",xor_popcount,4,17,1,0,0,0,0x22,0x11,0x0000000,0,0.1057,0.0956,0.0000,0,0,,,,,,1792,
lab,0xF0235A11CE0FF1CE,L3_gibbs,"C02 parity XOR 0x33",xor_popcount,4,17,1,1,0,0,0x33,0x00,0x0000000,0,1.0000,0.0000,1.0000,0,0,,,,,,29,
lab,0xF0235A11CE0FF1CE,LW_mod2_wht,"C02 parity XOR 0x33",xor_popcount,4,17,1,1,0,0,0x33,0x00,0x0000000,0,1.0000,1.0000,1.0000,0,0,,,,,,511,
lab,0xF0235A11CE0FF1CE,LG_gf2,"C02 parity XOR 0x33",xor_popcount,4,17,1,1,0,0,0x33,0x00,0x0000000,0,1.0000,1.0000,1.0000,1,45,,,,,,1,
lab,0xF0235A11CE0FF1CE,L0_tb_argmax,"C02 parity XOR 0x33",xor_popcount,4,18,0,0,0,0,0x00,0x28,0x0000000,0,0.0486,-0.0383,0.0000,0,0,,,,,,162,
lab,0xF0235A11CE0FF1CE,L1_single_up,"C02 parity XOR 0x33",xor_popcount,4,18,0,0,0,0,0x20,0x8C,0x0000000,0,0.0577,0.0153,0.0000,0,0,,,,,,1016,
lab,0xF0235A11CE0FF1CE,L2_pair_up,"C02 parity XOR 0x33",xor_popcount,4,18,1,0,0,0,0x11,0x22,0x0000000,0,0.1360,0.1064,0.0000,0,0,,,,,,1792,
lab,0xF0235A11CE0FF1CE,L3_gibbs,"C02 parity XOR 0x33",xor_popcount,4,18,1,1,0,0,0x33,0x00,0x0000000,0,1.0000,0.0000,1.0000,0,0,,,,,,29,
lab,0xF0235A11CE0FF1CE,LW_mod2_wht,"C02 parity XOR 0x33",xor_popcount,4,18,1,1,0,0,0x33,0x00,0x0000000,0,1.0000,1.0000,1.0000,0,0,,,,,,511,
lab,0xF0235A11CE0FF1CE,LG_gf2,"C02 parity XOR 0x33",xor_popcount,4,18,1,1,0,0,0x33,0x00,0x0000000,0,1.0000,1.0000,1.0000,1,45,,,,,,1,
lab,0xF0235A11CE0FF1CE,L0_tb_argmax,"C02 parity XOR 0x33",xor_popcount,4,19,0,0,0,0,0x00,0xE8,0x0000000,0,0.0549,-0.0200,0.0000,0,0,,,,,,162,
lab,0xF0235A11CE0FF1CE,L1_single_up,"C02 parity XOR 0x33",xor_popcount,4,19,0,0,0,0,0x10,0x45,0x0000000,0,0.0594,0.0233,0.0000,0,0,,,,,,1016,
lab,0xF0235A11CE0FF1CE,L2_pair_up,"C02 parity XOR 0x33",xor_popcount,4,19,1,0,0,0,0x11,0x22,0x0000000,0,0.1297,0.1094,0.0000,0,0,,,,,,1792,
lab,0xF0235A11CE0FF1CE,L3_gibbs,"C02 parity XOR 0x33",xor_popcount,4,19,1,1,0,0,0x33,0x00,0x0000000,0,1.0000,0.0000,1.0000,0,0,,,,,,29,
lab,0xF0235A11CE0FF1CE,LW_mod2_wht,"C02 parity XOR 0x33",xor_popcount,4,19,1,1,0,0,0x33,0x00,0x0000000,0,1.0000,1.0000,1.0000,0,0,,,,,,511,
lab,0xF0235A11CE0FF1CE,LG_gf2,"C02 parity XOR 0x33",xor_popcount,4,19,1,1,0,0,0x33,0x00,0x0000000,0,1.0000,1.0000,1.0000,1,45,,,,,,1,
lab,0xF0235A11CE0FF1CE,L0_tb_argmax,"C03 XOR 0x55",xor_popcount,4,0,0,0,0,0,0x00,0x1E,0x0000000,0,0.0520,-0.0011,0.0000,0,0,,,,,,162,
lab,0xF0235A11CE0FF1CE,L1_single_up,"C03 XOR 0x55",xor_popcount,4,0,0,0,0,0,0x08,0x30,0x0000000,0,0.0634,0.0297,0.0000,0,0,,,,,,1016,
lab,0xF0235A11CE0FF1CE,L2_pair_up,"C03 XOR 0x55",xor_popcount,4,0,1,0,0,0,0x11,0x44,0x0000000,0,0.1354,0.1147,0.0000,0,0,,,,,,1792,
lab,0xF0235A11CE0FF1CE,L3_gibbs,"C03 XOR 0x55",xor_popcount,4,0,1,1,0,0,0x55,0x00,0x0000000,0,1.0000,0.0000,1.0000,0,0,,,,,,29,
lab,0xF0235A11CE0FF1CE,LW_mod2_wht,"C03 XOR 0x55",xor_popcount,4,0,1,1,0,0,0x55,0x00,0x0000000,0,1.0000,1.0000,1.0000,0,0,,,,,,511,
lab,0xF0235A11CE0FF1CE,LG_gf2,"C03 XOR 0x55",xor_popcount,4,0,1,1,0,0,0x55,0x00,0x0000000,0,1.0000,1.0000,1.0000,1,45,,,,,,1,
lab,0xF0235A11CE0FF1CE,L0_tb_argmax,"C03 XOR 0x55",xor_popcount,4,1,0,0,0,0,0x00,0xE0,0x0000000,0,0.0474,-0.0029,0.0000,0,0,,,,,,162,
lab,0xF0235A11CE0FF1CE,L1_single_up,"C03 XOR 0x55",xor_popcount,4,1,0,0,0,0,0x80,0x40,0x0000000,0,0.0566,0.0196,0.0000,0,0,,,,,,1016,
lab,0xF0235A11CE0FF1CE,L2_pair_up,"C03 XOR 0x55",xor_popcount,4,1,1,0,0,0,0x11,0x44,0x0000000,0,0.1234,0.1100,0.0000,0,0,,,,,,1792,
lab,0xF0235A11CE0FF1CE,L3_gibbs,"C03 XOR 0x55",xor_popcount,4,1,1,1,0,0,0x55,0x00,0x0000000,0,1.0000,0.0000,1.0000,0,0,,,,,,29,
lab,0xF0235A11CE0FF1CE,LW_mod2_wht,"C03 XOR 0x55",xor_popcount,4,1,1,1,0,0,0x55,0x00,0x0000000,0,1.0000,1.0000,1.0000,0,0,,,,,,511,
lab,0xF0235A11CE0FF1CE,LG_gf2,"C03 XOR 0x55",xor_popcount,4,1,1,1,0,0,0x55,0x00,0x0000000,0,1.0000,1.0000,1.0000,1,45,,,,,,1,
lab,0xF0235A11CE0FF1CE,L0_tb_argmax,"C03 XOR 0x55",xor_popcount,4,2,0,0,0,0,0x00,0xD0,0x0000000,0,0.0400,-0.0211,0.0000,0,0,,,,,,162,
lab,0xF0235A11CE0FF1CE,L1_single_up,"C03 XOR 0x55",xor_popcount,4,2,0,0,0,0,0x04,0x7A,0x0000000,0,0.0520,0.0190,0.0000,0,0,,,,,,1016,
lab,0xF0235A11CE0FF1CE,L2_pair_up,"C03 XOR 0x55",xor_popcount,4,2,1,0,0,0,0x41,0x14,0x0000000,0,0.1206,0.1089,0.0000,0,0,,,,,,1792,
lab,0xF0235A11CE0FF1CE,L3_gibbs,"C03 XOR 0x55",xor_popcount,4,2,1,1,0,0,0x55,0x00,0x0000000,0,1.0000,0.0000,1.0000,0,0,,,,,,29,
lab,0xF0235A11CE0FF1CE,LW_mod2_wht,"C03 XOR 0x55",xor_popcount,4,2,1,1,0,0,0x55,0x00,0x0000000,0,1.0000,1.0000,1.0000,0,0,,,,,,511,
lab,0xF0235A11CE0FF1CE,LG_gf2,"C03 XOR 0x55",xor_popcount,4,2,1,1,0,0,0x55,0x00,0x0000000,0,1.0000,1.0000,1.0000,1,45,,,,,,1,
lab,0xF0235A11CE0FF1CE,L0_tb_argmax,"C03 XOR 0x55",xor_popcount,4,3,0,0,0,0,0x00,0x51,0x0000000,0,0.0537,-0.0200,0.0000,0,0,,,,,,162,
lab,0xF0235A11CE0FF1CE,L1_single_up,"C03 XOR 0x55",xor_popcount,4,3,0,0,0,0,0x20,0x0D,0x0000000,0,0.0611,0.0241,0.0000,0,0,,,,,,1016,
lab,0xF0235A11CE0FF1CE,L2_pair_up,"C03 XOR 0x55",xor_popcount,4,3,1,0,0,0,0x11,0x44,0x0000000,0,0.1337,0.1148,0.0000,0,0,,,,,,1792,
lab,0xF0235A11CE0FF1CE,L3_gibbs,"C03 XOR 0x55",xor_popcount,4,3,1,1,0,0,0x55,0x00,0x0000000,0,1.0000,0.0000,1.0000,0,0,,,,,,29,
lab,0xF0235A11CE0FF1CE,LW_mod2_wht,"C03 XOR 0x55",xor_popcount,4,3,1,1,0,0,0x55,0x00,0x0000000,0,1.0000,1.0000,1.0000,0,0,,,,,,511,
lab,0xF0235A11CE0FF1CE,LG_gf2,"C03 XOR 0x55",xor_popcount,4,3,1,1,0,0,0x55,0x00,0x0000000,0,1.0000,1.0000,1.0000,1,45,,,,,,1,
lab,0xF0235A11CE0FF1CE,L0_tb_argmax,"C03 XOR 0x55",xor_popcount,4,4,0,0,0,0,0x00,0x01,0x0000000,0,0.0526,-0.0269,0.0000,0,0,,,,,,162,
lab,0xF0235A11CE0FF1CE,L1_single_up,"C03 XOR 0x55",xor_popcount,4,4,0,0,0,0,0x80,0x26,0x0000000,0,0.0560,0.0150,0.0000,0,0,,,,,,1016,
lab,0xF0235A11CE0FF1CE,L2_pair_up,"C03 XOR 0x55",xor_popcount,4,4,1,0,0,0,0x05,0x50,0x0000000,0,0.1251,0.1129,0.0000,0,0,,,,,,1792,
lab,0xF0235A11CE0FF1CE,L3_gibbs,"C03 XOR 0x55",xor_popcount,4,4,1,1,0,0,0x55,0x00,0x0000000,0,1.0000,0.0000,1.0000,0,0,,,,,,29,
lab,0xF0235A11CE0FF1CE,LW_mod2_wht,"C03 XOR 0x55",xor_popcount,4,4,1,1,0,0,0x55,0x00,0x0000000,0,1.0000,1.0000,1.0000,0,0,,,,,,511,
lab,0xF0235A11CE0FF1CE,LG_gf2,"C03 XOR 0x55",xor_popcount,4,4,1,1,0,0,0x55,0x00,0x0000000,0,1.0000,1.0000,1.0000,1,45,,,,,,1,
lab,0xF0235A11CE0FF1CE,L0_tb_argmax,"C03 XOR 0x55",xor_popcount,4,5,0,0,0,0,0x00,0x92,0x0000000,0,0.0434,-0.0166,0.0000,0,0,,,,,,162,
lab,0xF0235A11CE0FF1CE,L1_single_up,"C03 XOR 0x55",xor_popcount,4,5,0,0,0,0,0x01,0xDA,0x0000000,0,0.0577,0.0239,0.0000,0,0,,,,,,1016,
lab,0xF0235A11CE0FF1CE,L2_pair_up,"C03 XOR 0x55",xor_popcount,4,5,1,0,0,0,0x14,0x41,0x0000000,0,0.1360,0.1180,0.0000,0,0,,,,,,1792,
lab,0xF0235A11CE0FF1CE,L3_gibbs,"C03 XOR 0x55",xor_popcount,4,5,1,1,0,0,0x55,0x00,0x0000000,0,1.0000,0.0000,1.0000,0,0,,,,,,29,
lab,0xF0235A11CE0FF1CE,LW_mod2_wht,"C03 XOR 0x55",xor_popcount,4,5,1,1,0,0,0x55,0x00,0x0000000,0,1.0000,1.0000,1.0000,0,0,,,,,,511,
lab,0xF0235A11CE0FF1CE,LG_gf2,"C03 XOR 0x55",xor_popcount,4,5,1,1,0,0,0x55,0x00,0x0000000,0,1.0000,1.0000,1.0000,1,45,,,,,,1,
lab,0xF0235A11CE0FF1CE,L0_tb_argmax,"C03 XOR 0x55",xor_popcount,4,6,0,0,0,0,0x00,0x95,0x0000000,0,0.0429,-0.0120,0.0000,0,0,,,,,,162,
lab,0xF0235A11CE0FF1CE,L1_single_up,"C03 XOR 0x55",xor_popcount,4,6,0,0,0,0,0x80,0x30,0x0000000,0,0.0589,0.0187,0.0000,0,0,,,,,,1016,
lab,0xF0235A11CE0FF1CE,L2_pair_up,"C03 XOR 0x55",xor_popcount,4,6,1,0,0,0,0x11,0x44,0x0000000,0,0.1337,0.1127,0.0000,0,0,,,,,,1792,
lab,0xF0235A11CE0FF1CE,L3_gibbs,"C03 XOR 0x55",xor_popcount,4,6,1,1,0,0,0x55,0x00,0x0000000,0,1.0000,0.0000,1.0000,0,0,,,,,,29,
lab,0xF0235A11CE0FF1CE,LW_mod2_wht,"C03 XOR 0x55",xor_popcount,4,6,1,1,0,0,0x55,0x00,0x0000000,0,1.0000,1.0000,1.0000,0,0,,,,,,511,
lab,0xF0235A11CE0FF1CE,LG_gf2,"C03 XOR 0x55",xor_popcount,4,6,1,1,0,0,0x55,0x00,0x0000000,0,1.0000,1.0000,1.0000,1,45,,,,,,1,
lab,0xF0235A11CE0FF1CE,L0_tb_argmax,"C03 XOR 0x55",xor_popcount,4,7,0,0,0,0,0x00,0x51,0x0000000,0,0.0463,-0.0051,0.0000,0,0,,,,,,162,
lab,0xF0235A11CE0FF1CE,L1_single_up,"C03 XOR 0x55",xor_popcount,4,7,0,0,0,0,0x80,0x30,0x0000000,0,0.0560,0.0199,0.0000,0,0,,,,,,1016,
lab,0xF0235A11CE0FF1CE,L2_pair_up,"C03 XOR 0x55",xor_popcount,4,7,1,0,0,0,0x11,0x44,0x0000000,0,0.1366,0.1130,0.0000,0,0,,,,,,1792,
lab,0xF0235A11CE0FF1CE,L3_gibbs,"C03 XOR 0x55",xor_popcount,4,7,1,1,0,0,0x55,0x00,0x0000000,0,1.0000,0.0000,1.0000,0,0,,,,,,29,
lab,0xF0235A11CE0FF1CE,LW_mod2_wht,"C03 XOR 0x55",xor_popcount,4,7,1,1,0,0,0x55,0x00,0x0000000,0,1.0000,1.0000,1.0000,0,0,,,,,,511,
lab,0xF0235A11CE0FF1CE,LG_gf2,"C03 XOR 0x55",xor_popcount,4,7,1,1,0,0,0x55,0x00,0x0000000,0,1.0000,1.0000,1.0000,1,45,,,,,,1,
lab,0xF0235A11CE0FF1CE,L0_tb_argmax,"C03 XOR 0x55",xor_popcount,4,8,0,0,0,0,0x00,0xC4,0x0000000,0,0.0560,-0.0126,0.0000,0,0,,,,,,162,
lab,0xF0235A11CE0FF1CE,L1_single_up,"C03 XOR 0x55",xor_popcount,4,8,0,0,0,0,0x80,0x26,0x0000000,0,0.0634,0.0191,0.0000,0,0,,,,,,1016,
lab,0xF0235A11CE0FF1CE,L2_pair_up,"C03 XOR 0x55",xor_popcount,4,8,1,0,0,0,0x11,0x44,0x0000000,0,0.1206,0.1147,0.0000,0,0,,,,,,1792,
lab,0xF0235A11CE0FF1CE,L3_gibbs,"C03 XOR 0x55",xor_popcount,4,8,1,1,0,0,0x55,0x00,0x0000000,0,1.0000,0.0000,1.0000,0,0,,,,,,29,
lab,0xF0235A11CE0FF1CE,LW_mod2_wht,"C03 XOR 0x55",xor_popcount,4,8,1,1,0,0,0x55,0x00,0x0000000,0,1.0000,1.0000,1.0000,0,0,,,,,,511,
lab,0xF0235A11CE0FF1CE,LG_gf2,"C03 XOR 0x55",xor_popcount,4,8,1,1,0,0,0x55,0x00,0x0000000,0,1.0000,1.0000,1.0000,1,45,,,,,,1,
lab,0xF0235A11CE0FF1CE,L0_tb_argmax,"C03 XOR 0x55",xor_popcount,4,9,0,0,0,0,0x00,0xE2,0x0000000,0,0.0434,-0.0097,0.0000,0,0,,,,,,162,
lab,0xF0235A11CE0FF1CE,L1_single_up,"C03 XOR 0x55",xor_popcount,4,9,0,0,0,0,0x02,0xD5,0x0000000,0,0.0589,0.0230,0.0000,0,0,,,,,,1016,
lab,0xF0235A11CE0FF1CE,L2_pair_up,"C03 XOR 0x55",xor_popcount,4,9,1,0,0,0,0x11,0x44,0x0000000,0,0.1417,0.1165,0.0000,0,0,,,,,,1792,
lab,0xF0235A11CE0FF1CE,L3_gibbs,"C03 XOR 0x55",xor_popcount,4,9,1,1,0,0,0x55,0x00,0x0000000,0,1.0000,0.0000,1.0000,0,0,,,,,,29,
lab,0xF0235A11CE0FF1CE,LW_mod2_wht,"C03 XOR 0x55",xor_popcount,4,9,1,1,0,0,0x55,0x00,0x0000000,0,1.0000,1.0000,1.0000,0,0,,,,,,511,
lab,0xF0235A11CE0FF1CE,LG_gf2,"C03 XOR 0x55",xor_popcount,4,9,1,1,0,0,0x55,0x00,0x0000000,0,1.0000,1.0000,1.0000,1,45,,,,,,1,
lab,0xF0235A11CE0FF1CE,L0_tb_argmax,"C03 XOR 0x55",xor_popcount,4,10,0,0,0,0,0x00,0xA8,0x0000000,0,0.0480,-0.0137,0.0000,0,0,,,,,,162,
lab,0xF0235A11CE0FF1CE,L1_single_up,"C03 XOR 0x55",xor_popcount,4,10,0,0,0,0,0x08,0x30,0x0000000,0,0.0509,0.0189,0.0000,0,0,,,,,,1016,
lab,0xF0235A11CE0FF1CE,L2_pair_up,"C03 XOR 0x55",xor_popcount,4,10,1,0,0,0,0x05,0x50,0x0000000,0,0.1263,0.1156,0.0000,0,0,,,,,,1792,
lab,0xF0235A11CE0FF1CE,L3_gibbs,"C03 XOR 0x55",xor_popcount,4,10,1,1,0,0,0x55,0x00,0x0000000,0,1.0000,0.0000,1.0000,0,0,,,,,,29,
lab,0xF0235A11CE0FF1CE,LW_mod2_wht,"C03 XOR 0x55",xor_popcount,4,10,1,1,0,0,0x55,0x00,0x0000000,0,1.0000,1.0000,1.0000,0,0,,,,,,511,
lab,0xF0235A11CE0FF1CE,LG_gf2,"C03 XOR 0x55",xor_popcount,4,10,1,1,0,0,0x55,0x00,0x0000000,0,1.0000,1.0000,1.0000,1,45,,,,,,1,
lab,0xF0235A11CE0FF1CE,L0_tb_argmax,"C03 XOR 0x55",xor_popcount,4,11,0,0,0,0,0x00,0xC4,0x0000000,0,0.0480,-0.0131,0.0000,0,0,,,,,,162,
lab,0xF0235A11CE0FF1CE,L1_single_up,"C03 XOR 0x55",xor_popcount,4,11,0,0,0,0,0x80,0x43,0x0000000,0,0.0509,0.0281,0.0000,0,0,,,,,,1016,
lab,0xF0235A11CE0FF1CE,L2_pair_up,"C03 XOR 0x55",xor_popcount,4,11,1,0,0,0,0x14,0x41,0x0000000,0,0.1371,0.1167,0.0000,0,0,,,,,,1792,
lab,0xF0235A11CE0FF1CE,L3_gibbs,"C03 XOR 0x55",xor_popcount,4,11,1,1,0,0,0x55,0x00,0x0000000,0,1.0000,0.0000,1.0000,0,0,,,,,,29,
lab,0xF0235A11CE0FF1CE,LW_mod2_wht,"C03 XOR 0x55",xor_popcount,4,11,1,1,0,0,0x55,0x00,0x0000000,0,1.0000,1.0000,1.0000,0,0,,,,,,511,
lab,0xF0235A11CE0FF1CE,LG_gf2,"C03 XOR 0x55",xor_popcount,4,11,1,1,0,0,0x55,0x00,0x0000000,0,1.0000,1.0000,1.0000,1,45,,,,,,1,
lab,0xF0235A11CE0FF1CE,L0_tb_argmax,"C03 XOR 0x55",xor_popcount,4,12,0,0,0,0,0x00,0x0A,0x0000000,0,0.0474,-0.0160,0.0000,0,0,,,,,,162,
lab,0xF0235A11CE0FF1CE,L1_single_up,"C03 XOR 0x55",xor_popcount,4,12,0,0,0,0,0x01,0x2A,0x0000000,0,0.0726,0.0226,0.0000,0,0,,,,,,1016,
lab,0xF0235A11CE0FF1CE,L2_pair_up,"C03 XOR 0x55",xor_popcount,4,12,1,0,0,0,0x11,0x44,0x0000000,0,0.1371,0.1171,0.0000,0,0,,,,,,1792,
lab,0xF0235A11CE0FF1CE,L3_gibbs,"C03 XOR 0x55",xor_popcount,4,12,1,1,0,0,0x55,0x00,0x0000000,0,1.0000,0.0000,1.0000,0,0,,,,,,29,
lab,0xF0235A11CE0FF1CE,LW_mod2_wht,"C03 XOR 0x55",xor_popcount,4,12,1,1,0,0,0x55,0x00,0x0000000,0,1.0000,1.0000,1.0000,0,0,,,,,,511,
lab,0xF0235A11CE0FF1CE,LG_gf2,"C03 XOR 0x55",xor_popcount,4,12,1,1,0,0,0x55,0x00,0x0000000,0,1.0000,1.0000,1.0000,1,45,,,,,,1,
lab,0xF0235A11CE0FF1CE,L0_tb_argmax,"C03 XOR 0x55",xor_popcount,4,13,0,0,0,0,0x00,0x01,0x0000000,0,0.0446,-0.0023,0.0000,0,0,,,,,,162,
lab,0xF0235A11CE0FF1CE,L1_single_up,"C03 XOR 0x55",xor_popcount,4,13,0,0,0,0,0x08,0x63,0x0000000,0,0.0606,0.0240,0.0000,0,0,,,,,,1016,
lab,0xF0235A11CE0FF1CE,L2_pair_up,"C03 XOR 0x55",xor_popcount,4,13,1,0,0,0,0x50,0x05,0x0000000,0,0.1400,0.1171,0.0000,0,0,,,,,,1792,
lab,0xF0235A11CE0FF1CE,L3_gibbs,"C03 XOR 0x55",xor_popcount,4,13,1,1,0,0,0x55,0x00,0x0000000,0,1.0000,0.0000,1.0000,0,0,,,,,,29,
lab,0xF0235A11CE0FF1CE,LW_mod2_wht,"C03 XOR 0x55",xor_popcount,4,13,1,1,0,0,0x55,0x00,0x0000000,0,1.0000,1.0000,1.0000,0,0,,,,,,511,
lab,0xF0235A11CE0FF1CE,LG_gf2,"C03 XOR 0x55",xor_popcount,4,13,1,1,0,0,0x55,0x00,0x0000000,0,1.0000,1.0000,1.0000,1,45,,,,,,1,
lab,0xF0235A11CE0FF1CE,L0_tb_argmax,"C03 XOR 0x55",xor_popcount,4,14,0,0,0,0,0x00,0xD0,0x0000000,0,0.0554,-0.0137,0.0000,0,0,,,,,,162,
lab,0xF0235A11CE0FF1CE,L1_single_up,"C03 XOR 0x55",xor_popcount,4,14,0,0,0,0,0x02,0xE0,0x0000000,0,0.0520,0.0249,0.0000,0,0,,,,,,1016,
lab,0xF0235A11CE0FF1CE,L2_pair_up,"C03 XOR 0x55",xor_popcount,4,14,1,0,0,0,0x11,0x44,0x0000000,0,0.1274,0.1183,0.0000,0,0,,,,,,1792,
lab,0xF0235A11CE0FF1CE,L3_gibbs,"C03 XOR 0x55",xor_popcount,4,14,1,1,0,0,0x55,0x00,0x0000000,0,1.0000,0.0000,1.0000,0,0,,,,,,29,
lab,0xF0235A11CE0FF1CE,LW_mod2_wht,"C03 XOR 0x55",xor_popcount,4,14,1,1,0,0,0x55,0x00,0x0000000,0,1.0000,1.0000,1.0000,0,0,,,,,,511,
lab,0xF0235A11CE0FF1CE,LG_gf2,"C03 XOR 0x55",xor_popcount,4,14,1,1,0,0,0x55,0x00,0x0000000,0,1.0000,1.0000,1.0000,1,45,,,,,,1,
lab,0xF0235A11CE0FF1CE,L0_tb_argmax,"C03 XOR 0x55",xor_popcount,4,15,0,0,0,0,0x00,0xC4,0x0000000,0,0.0577,-0.0097,0.0000,0,0,,,,,,162,
lab,0xF0235A11CE0FF1CE,L1_single_up,"C03 XOR 0x55",xor_popcount,4,15,0,0,0,0,0x02,0xE0,0x0000000,0,0.0549,0.0304,0.0000,0,0,,,,,,1016,
lab,0xF0235A11CE0FF1CE,L2_pair_up,"C03 XOR 0x55",xor_popcount,4,15,1,0,0,0,0x11,0x44,0x0000000,0,0.1234,0.1146,0.0000,0,0,,,,,,1792,
lab,0xF0235A11CE0FF1CE,L3_gibbs,"C03 XOR 0x55",xor_popcount,4,15,1,1,0,0,0x55,0x00,0x0000000,0,1.0000,0.0000,1.0000,0,0,,,,,,29,
lab,0xF0235A11CE0FF1CE,LW_mod2_wht,"C03 XOR 0x55",xor_popcount,4,15,1,1,0,0,0x55,0x00,0x0000000,0,1.0000,1.0000,1.0000,0,0,,,,,,511,
lab,0xF0235A11CE0FF1CE,LG_gf2,"C03 XOR 0x55",xor_popcount,4,15,1,1,0,0,0x55,0x00,0x0000000,0,1.0000,1.0000,1.0000,1,45,,,,,,1,
lab,0xF0235A11CE0FF1CE,L0_tb_argmax,"C03 XOR 0x55",xor_popcount,4,16,0,0,0,0,0x00,0x05,0x0000000,0,0.0440,-0.0034,0.0000,0,0,,,,,,162,
lab,0xF0235A11CE0FF1CE,L1_single_up,"C03 XOR 0x55",xor_popcount,4,16,0,0,0,0,0x01,0xAE,0x0000000,0,0.0577,0.0200,0.0000,0,0,,,,,,1016,
lab,0xF0235A11CE0FF1CE,L2_pair_up,"C03 XOR 0x55",xor_popcount,4,16,1,0,0,0,0x11,0x44,0x0000000,0,0.1211,0.1059,0.0000,0,0,,,,,,1792,
lab,0xF0235A11CE0FF1CE,L3_gibbs,"C03 XOR 0x55",xor_popcount,4,16,1,1,0,0,0x55,0x00,0x0000000,0,1.0000,0.0000,1.0000,0,0,,,,,,29,
lab,0xF0235A11CE0FF1CE,LW_mod2_wht,"C03 XOR 0x55",xor_popcount,4,16,1,1,0,0,0x55,0x00,0x0000000,0,1.0000,1.0000,1.0000,0,0,,,,,,511,
lab,0xF0235A11CE0FF1CE,LG_gf2,"C03 XOR 0x55",xor_popcount,4,16,1,1,0,0,0x55,0x00,0x0000000,0,1.0000,1.0000,1.0000,1,45,,,,,,1,
lab,0xF0235A11CE0FF1CE,L0_tb_argmax,"C03 XOR 0x55",xor_popcount,4,17,0,0,0,0,0x00,0xB4,0x0000000,0,0.0463,-0.0011,0.0000,0,0,,,,,,162,
lab,0xF0235A11CE0FF1CE,L1_single_up,"C03 XOR 0x55",xor_popcount,4,17,0,0,0,0,0x80,0x26,0x0000000,0,0.0554,0.0246,0.0000,0,0,,,,,,1016,
lab,0xF0235A11CE0FF1CE,L2_pair_up,"C03 XOR 0x55",xor_popcount,4,17,1,0,0,0,0x50,0x05,0x0000000,0,0.1257,0.1166,0.0000,0,0,,,,,,1792,
lab,0xF0235A11CE0FF1CE,L3_gibbs,"C03 XOR 0x55",xor_popcount,4,17,1,1,0,0,0x55,0x00,0x0000000,0,1.0000,0.0000,1.0000,0,0,,,,,,29,
lab,0xF0235A11CE0FF1CE,LW_mod2_wht,"C03 XOR 0x55",xor_popcount,4,17,1,1,0,0,0x55,0x00,0x0000000,0,1.0000,1.0000,1.0000,0,0,,,,,,511,
lab,0xF0235A11CE0FF1CE,LG_gf2,"C03 XOR 0x55",xor_popcount,4,17,1,1,0,0,0x55,0x00,0x0000000,0,1.0000,1.0000,1.0000,1,45,,,,,,1,
lab,0xF0235A11CE0FF1CE,L0_tb_argmax,"C03 XOR 0x55",xor_popcount,4,18,0,0,0,0,0x00,0x44,0x0000000,0,0.0417,-0.0109,0.0000,0,0,,,,,,162,
lab,0xF0235A11CE0FF1CE,L1_single_up,"C03 XOR 0x55",xor_popcount,4,18,0,0,0,0,0x02,0x84,0x0000000,0,0.0549,0.0261,0.0000,0,0,,,,,,1016,
lab,0xF0235A11CE0FF1CE,L2_pair_up,"C03 XOR 0x55",xor_popcount,4,18,1,0,0,0,0x50,0x05,0x0000000,0,0.1309,0.1121,0.0000,0,0,,,,,,1792,
lab,0xF0235A11CE0FF1CE,L3_gibbs,"C03 XOR 0x55",xor_popcount,4,18,1,1,0,0,0x55,0x00,0x0000000,0,1.0000,0.0000,1.0000,0,0,,,,,,29,
lab,0xF0235A11CE0FF1CE,LW_mod2_wht,"C03 XOR 0x55",xor_popcount,4,18,1,1,0,0,0x55,0x00,0x0000000,0,1.0000,1.0000,1.0000,0,0,,,,,,511,
lab,0xF0235A11CE0FF1CE,LG_gf2,"C03 XOR 0x55",xor_popcount,4,18,1,1,0,0,0x55,0x00,0x0000000,0,1.0000,1.0000,1.0000,1,45,,,,,,1,
lab,0xF0235A11CE0FF1CE,L0_tb_argmax,"C03 XOR 0x55",xor_popcount,4,19,0,0,0,0,0x00,0xC4,0x0000000,0,0.0554,-0.0046,0.0000,0,0,,,,,,162,
lab,0xF0235A11CE0FF1CE,L1_single_up,"C03 XOR 0x55",xor_popcount,4,19,0,0,0,0,0x10,0xEB,0x0000000,0,0.0686,0.0223,0.0000,0,0,,,,,,1016,
lab,0xF0235A11CE0FF1CE,L2_pair_up,"C03 XOR 0x55",xor_popcount,4,19,1,0,0,0,0x50,0x05,0x0000000,0,0.1257,0.1118,0.0000,0,0,,,,,,1792,
lab,0xF0235A11CE0FF1CE,L3_gibbs,"C03 XOR 0x55",xor_popcount,4,19,1,1,0,0,0x55,0x00,0x0000000,0,1.0000,0.0000,1.0000,0,0,,,,,,29,
lab,0xF0235A11CE0FF1CE,LW_mod2_wht,"C03 XOR 0x55",xor_popcount,4,19,1,1,0,0,0x55,0x00,0x0000000,0,1.0000,1.0000,1.0000,0,0,,,,,,511,
lab,0xF0235A11CE0FF1CE,LG_gf2,"C03 XOR 0x55",xor_popcount,4,19,1,1,0,0,0x55,0x00,0x0000000,0,1.0000,1.0000,1.0000,1,45,,,,,,1,
lab,0xF0235A11CE0FF1CE,L0_tb_argmax,"C04 XOR 0xAA",xor_popcount,4,0,0,0,0,0,0x00,0xE1,0x0000000,0,0.0463,0.0149,0.0000,0,0,,,,,,162,
lab,0xF0235A11CE0FF1CE,L1_single_up,"C04 XOR 0xAA",xor_popcount,4,0,0,0,0,0,0x04,0x88,0x0000000,0,0.0611,0.0377,0.0000,0,0,,,,,,1016,
lab,0xF0235A11CE0FF1CE,L2_pair_up,"C04 XOR 0xAA",xor_popcount,4,0,1,0,0,0,0x88,0x22,0x0000000,0,0.1349,0.1150,0.0000,0,0,,,,,,1792,
lab,0xF0235A11CE0FF1CE,L3_gibbs,"C04 XOR 0xAA",xor_popcount,4,0,1,1,0,0,0xAA,0x00,0x0000000,0,1.0000,0.0000,1.0000,0,0,,,,,,29,
lab,0xF0235A11CE0FF1CE,LW_mod2_wht,"C04 XOR 0xAA",xor_popcount,4,0,1,1,0,0,0xAA,0x00,0x0000000,0,1.0000,1.0000,1.0000,0,0,,,,,,511,
lab,0xF0235A11CE0FF1CE,LG_gf2,"C04 XOR 0xAA",xor_popcount,4,0,1,1,0,0,0xAA,0x00,0x0000000,0,1.0000,1.0000,1.0000,1,45,,,,,,1,
lab,0xF0235A11CE0FF1CE,L0_tb_argmax,"C04 XOR 0xAA",xor_popcount,4,1,0,0,0,0,0x00,0xCA,0x0000000,0,0.0491,0.0091,0.0000,0,0,,,,,,162,
lab,0xF0235A11CE0FF1CE,L1_single_up,"C04 XOR 0xAA",xor_popcount,4,1,0,0,0,0,0x01,0x0A,0x0000000,0,0.0646,0.0354,0.0000,0,0,,,,,,1016,
lab,0xF0235A11CE0FF1CE,L2_pair_up,"C04 XOR 0xAA",xor_popcount,4,1,1,0,0,0,0x28,0x82,0x0000000,0,0.1217,0.1122,0.0000,0,0,,,,,,1792,
lab,0xF0235A11CE0FF1CE,L3_gibbs,"C04 XOR 0xAA",xor_popcount,4,1,1,1,0,0,0xAA,0x00,0x0000000,0,1.0000,0.0000,1.0000,0,0,,,,,,29,
lab,0xF0235A11CE0FF1CE,LW_mod2_wht,"C04 XOR 0xAA",xor_popcount,4,1,1,1,0,0,0xAA,0x00,0x0000000,0,1.0000,1.0000,1.0000,0,0,,,,,,511,
lab,0xF0235A11CE0FF1CE,LG_gf2,"C04 XOR 0xAA",xor_popcount,4,1,1,1,0,0,0xAA,0x00,0x0000000,0,1.0000,1.0000,1.0000,1,45,,,,,,1,
lab,0xF0235A11CE0FF1CE,L0_tb_argmax,"C04 XOR 0xAA",xor_popcount,4,2,0,0,0,0,0x00,0x54,0x0000000,0,0.0434,0.0149,0.0000,0,0,,,,,,162,
lab,0xF0235A11CE0FF1CE,L1_single_up,"C04 XOR 0xAA",xor_popcount,4,2,1,0,0,0,0x80,0x2A,0x0000000,0,0.0583,0.0320,0.0000,0,0,,,,,,1016,
lab,0xF0235A11CE0FF1CE,L2_pair_up,"C04 XOR 0xAA",xor_popcount,4,2,1,0,0,0,0x88,0x22,0x0000000,0,0.1257,0.1082,0.0000,0,0,,,,,,1792,
lab,0xF0235A11CE0FF1CE,L3_gibbs,"C04 XOR 0xAA",xor_popcount,4,2,1,1,0,0,0xAA,0x00,0x0000000,0,1.0000,0.0000,1.0000,0,0,,,,,,29,
lab,0xF0235A11CE0FF1CE,LW_mod2_wht,"C04 XOR 0xAA",xor_popcount,4,2,1,1,0,0,0xAA,0x00,0x0000000,0,1.0000,1.0000,1.0000,0,0,,,,,,511,
lab,0xF0235A11CE0FF1CE,LG_gf2,"C04 XOR 0xAA",xor_popcount,4,2,1,1,0,0,0xAA,0x00,0x0000000,0,1.0000,1.0000,1.0000,1,45,,,,,,1,
lab,0xF0235A11CE0FF1CE,L0_tb_argmax,"C04 XOR 0xAA",xor_popcount,4,3,0,0,0,0,0x00,0xCA,0x0000000,0,0.0646,0.0149,0.0000,0,0,,,,,,162,
lab,0xF0235A11CE0FF1CE,L1_single_up,"C04 XOR 0xAA",xor_popcount,4,3,1,0,0,0,0x80,0x2A,0x0000000,0,0.0531,0.0363,0.0000,0,0,,,,,,1016,
lab,0xF0235A11CE0FF1CE,L2_pair_up,"C04 XOR 0xAA",xor_popcount,4,3,1,0,0,0,0x28,0x82,0x0000000,0,0.1194,0.1044,0.0000,0,0,,,,,,1792,
lab,0xF0235A11CE0FF1CE,L3_gibbs,"C04 XOR 0xAA",xor_popcount,4,3,1,1,0,0,0xAA,0x00,0x0000000,0,1.0000,0.0000,1.0000,0,0,,,,,,29,
lab,0xF0235A11CE0FF1CE,LW_mod2_wht,"C04 XOR 0xAA",xor_popcount,4,3,1,1,0,0,0xAA,0x00,0x0000000,0,1.0000,1.0000,1.0000,0,0,,,,,,511,
lab,0xF0235A11CE0FF1CE,LG_gf2,"C04 XOR 0xAA",xor_popcount,4,3,1,1,0,0,0xAA,0x00,0x0000000,0,1.0000,1.0000,1.0000,1,45,,,,,,1,
lab,0xF0235A11CE0FF1CE,L0_tb_argmax,"C04 XOR 0xAA",xor_popcount,4,4,0,0,0,0,0x00,0xCA,0x0000000,0,0.0589,-0.0114,0.0000,0,0,,,,,,162,
lab,0xF0235A11CE0FF1CE,L1_single_up,"C04 XOR 0xAA",xor_popcount,4,4,0,0,0,0,0x04,0x71,0x0000000,0,0.0600,0.0271,0.0000,0,0,,,,,,1016,
lab,0xF0235A11CE0FF1CE,L2_pair_up,"C04 XOR 0xAA",xor_popcount,4,4,1,0,0,0,0x22,0x88,0x0000000,0,0.1211,0.1008,0.0000,0,0,,,,,,1792,
lab,0xF0235A11CE0FF1CE,L3_gibbs,"C04 XOR 0xAA",xor_popcount,4,4,1,1,0,0,0xAA,0x00,0x0000000,0,1.0000,0.0000,1.0000,0,0,,,,,,29,
lab,0xF0235A11CE0FF1CE,LW_mod2_wht,"C04 XOR 0xAA",xor_popcount,4,4,1,1,0,0,0xAA,0x00,0x0000000,0,1.0000,1.0000,1.0000,0,0,,,,,,511,
lab,0xF0235A11CE0FF1CE,LG_gf2,"C04 XOR 0xAA",xor_popcount,4,4,1,1,0,0,0xAA,0x00,0x0000000,0,1.0000,1.0000,1.0000,1,45,,,,,,1,
lab,0xF0235A11CE0FF1CE,L0_tb_argmax,"C04 XOR 0xAA",xor_popcount,4,5,0,0,0,0,0x00,0x24,0x0000000,0,0.0554,0.0126,0.0000,0,0,,,,,,162,
lab,0xF0235A11CE0FF1CE,L1_single_up,"C04 XOR 0xAA",xor_popcount,4,5,1,0,0,0,0x80,0x2A,0x0000000,0,0.0549,0.0283,0.0000,0,0,,,,,,1016,
lab,0xF0235A11CE0FF1CE,L2_pair_up,"C04 XOR 0xAA",xor_popcount,4,5,1,0,0,0,0x0A,0xA0,0x0000000,0,0.1263,0.1025,0.0000,0,0,,,,,,1792,
lab,0xF0235A11CE0FF1CE,L3_gibbs,"C04 XOR 0xAA",xor_popcount,4,5,1,1,0,0,0xAA,0x00,0x0000000,0,1.0000,0.0000,1.0000,0,0,,,,,,29,
lab,0xF0235A11CE0FF1CE,LW_mod2_wht,"C04 XOR 0xAA",xor_popcount,4,5,1,1,0,0,0xAA,0x00,0x0000000,0,1.0000,1.0000,1.0000,0,0,,,,,,511,
lab,0xF0235A11CE0FF1CE,LG_gf2,"C04 XOR 0xAA",xor_popcount,4,5,1,1,0,0,0xAA,0x00,0x0000000,0,1.0000,1.0000,1.0000,1,45,,,,,,1,
lab,0xF0235A11CE0FF1CE,L0_tb_argmax,"C04 XOR 0xAA",xor_popcount,4,6,0,0,0,0,0x00,0xCA,0x0000000,0,0.0583,0.0063,0.0000,0,0,,,,,,162,
lab,0xF0235A11CE0FF1CE,L1_single_up,"C04 XOR 0xAA",xor_popcount,4,6,0,0,0,0,0x08,0x43,0x0000000,0,0.0560,0.0399,0.0000,0,0,,,,,,1016,
lab,0xF0235A11CE0FF1CE,L2_pair_up,"C04 XOR 0xAA",xor_popcount,4,6,1,0,0,0,0x88,0x22,0x0000000,0,0.1211,0.1100,0.0000,0,0,,,,,,1792,
lab,0xF0235A11CE0FF1CE,L3_gibbs,"C04 XOR 0xAA",xor_popcount,4,6,1,1,0,0,0xAA,0x00,0x0000000,0,1.0000,0.0000,1.0000,0,0,,,,,,29,
lab,0xF0235A11CE0FF1CE,LW_mod2_wht,"C04 XOR 0xAA",xor_popcount,4,6,1,1,0,0,0xAA,0x00,0x0000000,0,1.0000,1.0000,1.0000,0,0,,,,,,511,
lab,0xF0235A11CE0FF1CE,LG_gf2,"C04 XOR 0xAA",xor_popcount,4,6,1,1,0,0,0xAA,0x00,0x0000000,0,1.0000,1.0000,1.0000,1,45,,,,,,1,
lab,0xF0235A11CE0FF1CE,L0_tb_argmax,"C04 XOR 0xAA",xor_popcount,4,7,0,0,0,0,0x00,0x0E,0x0000000,0,0.0520,0.0103,0.0000,0,0,,,,,,162,
lab,0xF0235A11CE0FF1CE,L1_single_up,"C04 XOR 0xAA",xor_popcount,4,7,0,0,0,0,0x01,0x0A,0x0000000,0,0.0543,0.0294,0.0000,0,0,,,,,,1016,
lab,0xF0235A11CE0FF1CE,L2_pair_up,"C04 XOR 0xAA",xor_popcount,4,7,1,0,0,0,0x22,0x88,0x0000000,0,0.1229,0.1021,0.0000,0,0,,,,,,1792,
lab,0xF0235A11CE0FF1CE,L3_gibbs,"C04 XOR 0xAA",xor_popcount,4,7,1,1,0,0,0xAA,0x00,0x0000000,0,1.0000,0.0000,1.0000,0,0,,,,,,29,
lab,0xF0235A11CE0FF1CE,LW_mod2_wht,"C04 XOR 0xAA",xor_popcount,4,7,1,1,0,0,0xAA,0x00,0x0000000,0,1.0000,1.0000,1.0000,0,0,,,,,,511,
lab,0xF0235A11CE0FF1CE,LG_gf2,"C04 XOR 0xAA",xor_popcount,4,7,1,1,0,0,0xAA,0x00,0x0000000,0,1.0000,1.0000,1.0000,1,45,,,,,,1,
lab,0xF0235A11CE0FF1CE,L0_tb_argmax,"C04 XOR 0xAA",xor_popcount,4,8,0,0,0,0,0x00,0x24,0x0000000,0,0.0480,-0.0029,0.0000,0,0,,,,,,162,
lab,0xF0235A11CE0FF1CE,L1_single_up,"C04 XOR 0xAA",xor_popcount,4,8,0,0,0,0,0x80,0x28,0x0000000,0,0.0600,0.0250,0.0000,0,0,,,,,,1016,
lab,0xF0235A11CE0FF1CE,L2_pair_up,"C04 XOR 0xAA",xor_popcount,4,8,1,0,0,0,0x28,0x82,0x0000000,0,0.1137,0.1062,0.0000,0,0,,,,,,1792,
lab,0xF0235A11CE0FF1CE,L3_gibbs,"C04 XOR 0xAA",xor_popcount,4,8,1,1,0,0,0xAA,0x00,0x0000000,0,1.0000,0.0000,1.0000,0,0,,,,,,29,
lab,0xF0235A11CE0FF1CE,LW_mod2_wht,"C04 XOR 0xAA",xor_popcount,4,8,1,1,0,0,0xAA,0x00,0x0000000,0,1.0000,1.0000,1.0000,0,0,,,,,,511,
lab,0xF0235A11CE0FF1CE,LG_gf2,"C04 XOR 0xAA",xor_popcount,4,8,1,1,0,0,0xAA,0x00,0x0000000,0,1.0000,1.0000,1.0000,1,45,,,,,,1,
lab,0xF0235A11CE0FF1CE,L0_tb_argmax,"C04 XOR 0xAA",xor_popcount,4,9,0,0,0,0,0x00,0xCA,0x0000000,0,0.0651,0.0126,0.0000,0,0,,,,,,162,
lab,0xF0235A11CE0FF1CE,L1_single_up,"C04 XOR 0xAA",xor_popcount,4,9,1,0,0,0,0x80,0x2A,0x0000000,0,0.0697,0.0294,0.0000,0,0,,,,,,1016,
lab,0xF0235A11CE0FF1CE,L2_pair_up,"C04 XOR 0xAA",xor_popcount,4,9,1,0,0,0,0x88,0x22,0x0000000,0,0.1280,0.1002,0.0000,0,0,,,,,,1792,
lab,0xF0235A11CE0FF1CE,L3_gibbs,"C04 XOR 0xAA",xor_popcount,4,9,1,1,0,0,0xAA,0x00,0x0000000,0,1.0000,0.0000,1.0000,0,0,,,,,,29,
lab,0xF0235A11CE0FF1CE,LW_mod2_wht,"C04 XOR 0xAA",xor_popcount,4,9,1,1,0,0,0xAA,0x00,0x0000000,0,1.0000,1.0000,1.0000,0,0,,,,,,511,
lab,0xF0235A11CE0FF1CE,LG_gf2,"C04 XOR 0xAA",xor_popcount,4,9,1,1,0,0,0xAA,0x00,0x0000000,0,1.0000,1.0000,1.0000,1,45,,,,,,1,
lab,0xF0235A11CE0FF1CE,L0_tb_argmax,"C04 XOR 0xAA",xor_popcount,4,10,0,0,0,0,0x00,0xCA,0x0000000,0,0.0634,0.0120,0.0000,0,0,,,,,,162,
lab,0xF0235A11CE0FF1CE,L1_single_up,"C04 XOR 0xAA",xor_popcount,4,10,1,0,0,0,0x80,0x2A,0x0000000,0,0.0646,0.0427,0.0000,0,0,,,,,,1016,
lab,0xF0235A11CE0FF1CE,L2_pair_up,"C04 XOR 0xAA",xor_popcount,4,10,1,0,0,0,0x22,0x88,0x0000000,0,0.1217,0.1129,0.0000,0,0,,,,,,1792,
lab,0xF0235A11CE0FF1CE,L3_gibbs,"C04 XOR 0xAA",xor_popcount,4,10,1,1,0,0,0xAA,0x00,0x0000000,0,1.0000,0.0000,1.0000,0,0,,,,,,29,
lab,0xF0235A11CE0FF1CE,LW_mod2_wht,"C04 XOR 0xAA",xor_popcount,4,10,1,1,0,0,0xAA,0x00,0x0000000,0,1.0000,1.0000,1.0000,0,0,,,,,,511,
lab,0xF0235A11CE0FF1CE,LG_gf2,"C04 XOR 0xAA",xor_popcount,4,10,1,1,0,0,0xAA,0x00,0x0000000,0,1.0000,1.0000,1.0000,1,45,,,,,,1,
lab,0xF0235A11CE0FF1CE,L0_tb_argmax,"C04 XOR 0xAA",xor_popcount,4,11,0,0,0,0,0x00,0xCA,0x0000000,0,0.0703,0.0160,0.0000,0,0,,,,,,162,
lab,0xF0235A11CE0FF1CE,L1_single_up,"C04 XOR 0xAA",xor_popcount,4,11,1,0,0,0,0x80,0x2A,0x0000000,0,0.0674,0.0343,0.0000,0,0,,,,,,1016,
lab,0xF0235A11CE0FF1CE,L2_pair_up,"C04 XOR 0xAA",xor_popcount,4,11,1,0,0,0,0x0A,0xA0,0x0000000,0,0.1177,0.1080,0.0000,0,0,,,,,,1792,
lab,0xF0235A11CE0FF1CE,L3_gibbs,"C04 XOR 0xAA",xor_popcount,4,11,1,1,0,0,0xAA,0x00,0x0000000,0,1.0000,0.0000,1.0000,0,0,,,,,,29,
lab,0xF0235A11CE0FF1CE,LW_mod2_wht,"C04 XOR 0xAA",xor_popcount,4,11,1,1,0,0,0xAA,0x00,0x0000000,0,1.0000,1.0000,1.0000,0,0,,,,,,511,
lab,0xF0235A11CE0FF1CE,LG_gf2,"C04 XOR 0xAA",xor_popcount,4,11,1,1,0,0,0xAA,0x00,0x0000000,0,1.0000,1.0000,1.0000,1,45,,,,,,1,
lab,0xF0235A11CE0FF1CE,L0_tb_argmax,"C04 XOR 0xAA",xor_popcount,4,12,0,0,0,0,0x00,0x59,0x0000000,0,0.0509,0.0160,0.0000,0,0,,,,,,162,
lab,0xF0235A11CE0FF1CE,L1_single_up,"C04 XOR 0xAA",xor_popcount,4,12,0,0,0,0,0x20,0xD3,0x0000000,0,0.0566,0.0334,0.0000,0,0,,,,,,1016,
lab,0xF0235A11CE0FF1CE,L2_pair_up,"C04 XOR 0xAA",xor_popcount,4,12,1,0,0,0,0x88,0x22,0x0000000,0,0.1217,0.1069,0.0000,0,0,,,,,,1792,
lab,0xF0235A11CE0FF1CE,L3_gibbs,"C04 XOR 0xAA",xor_popcount,4,12,1,1,0,0,0xAA,0x00,0x0000000,0,1.0000,0.0000,1.0000,0,0,,,,,,29,
lab,0xF0235A11CE0FF1CE,LW_mod2_wht,"C04 XOR 0xAA",xor_popcount,4,12,1,1,0,0,0xAA,0x00,0x0000000,0,1.0000,1.0000,1.0000,0,0,,,,,,511,
lab,0xF0235A11CE0FF1CE,LG_gf2,"C04 XOR 0xAA",xor_popcount,4,12,1,1,0,0,0xAA,0x00,0x0000000,0,1.0000,1.0000,1.0000,1,45,,,,,,1,
lab,0xF0235A11CE0FF1CE,L0_tb_argmax,"C04 XOR 0xAA",xor_popcount,4,13,0,0,0,0,0x00,0x54,0x0000000,0,0.0566,0.0120,0.0000,0,0,,,,,,162,
lab,0xF0235A11CE0FF1CE,L1_single_up,"C04 XOR 0xAA",xor_popcount,4,13,0,0,0,0,0x01,0x0A,0x0000000,0,0.0680,0.0321,0.0000,0,0,,,,,,1016,
lab,0xF0235A11CE0FF1CE,L2_pair_up,"C04 XOR 0xAA",xor_popcount,4,13,1,0,0,0,0x22,0x88,0x0000000,0,0.1274,0.1071,0.0000,0,0,,,,,,1792,
lab,0xF0235A11CE0FF1CE,L3_gibbs,"C04 XOR 0xAA",xor_popcount,4,13,1,1,0,0,0xAA,0x00,0x0000000,0,1.0000,0.0000,1.0000,0,0,,,,,,29,
lab,0xF0235A11CE0FF1CE,LW_mod2_wht,"C04 XOR 0xAA",xor_popcount,4,13,1,1,0,0,0xAA,0x00,0x0000000,0,1.0000,1.0000,1.0000,0,0,,,,,,511,
lab,0xF0235A11CE0FF1CE,LG_gf2,"C04 XOR 0xAA",xor_popcount,4,13,1,1,0,0,0xAA,0x00,0x0000000,0,1.0000,1.0000,1.0000,1,45,,,,,,1,
lab,0xF0235A11CE0FF1CE,L0_tb_argmax,"C04 XOR 0xAA",xor_popcount,4,14,0,0,0,0,0x00,0xCA,0x0000000,0,0.0674,0.0086,0.0000,0,0,,,,,,162,
lab,0xF0235A11CE0FF1CE,L1_single_up,"C04 XOR 0xAA",xor_popcount,4,14,0,0,0,0,0x80,0x4E,0x0000000,0,0.0560,0.0267,0.0000,0,0,,,,,,1016,
lab,0xF0235A11CE0FF1CE,L2_pair_up,"C04 XOR 0xAA",xor_popcount,4,14,1,0,0,0,0x88,0x22,0x0000000,0,0.1069,0.1016,0.0000,0,0,,,,,,1792,
lab,0xF0235A11CE0FF1CE,L3_gibbs,"C04 XOR 0xAA",xor_popcount,4,14,1,1,0,0,0xAA,0x00,0x0000000,0,1.0000,0.0000,1.0000,0,0,,,,,,29,
lab,0xF0235A11CE0FF1CE,LW_mod2_wht,"C04 XOR 0xAA",xor_popcount,4,14,1,1,0,0,0xAA,0x00,0x0000000,0,1.0000,1.0000,1.0000,0,0,,,,,,511,
lab,0xF0235A11CE0FF1CE,LG_gf2,"C04 XOR 0xAA",xor_popcount,4,14,1,1,0,0,0xAA,0x00,0x0000000,0,1.0000,1.0000,1.0000,1,45,,,,,,1,
lab,0xF0235A11CE0FF1CE,L0_tb_argmax,"C04 XOR 0xAA",xor_popcount,4,15,0,0,0,0,0x00,0x24,0x0000000,0,0.0571,0.0166,0.0000,0,0,,,,,,162,
lab,0xF0235A11CE0FF1CE,L1_single_up,"C04 XOR 0xAA",xor_popcount,4,15,1,0,0,0,0x80,0x2A,0x0000000,0,0.0589,0.0341,0.0000,0,0,,,,,,1016,
lab,0xF0235A11CE0FF1CE,L2_pair_up,"C04 XOR 0xAA",xor_popcount,4,15,1,0,0,0,0x88,0x22,0x0000000,0,0.1229,0.1068,0.0000,0,0,,,,,,1792,
lab,0xF0235A11CE0FF1CE,L3_gibbs,"C04 XOR 0xAA",xor_popcount,4,15,1,1,0,0,0xAA,0x00,0x0000000,0,1.0000,0.0000,1.0000,0,0,,,,,,29,
lab,0xF0235A11CE0FF1CE,LW_mod2_wht,"C04 XOR 0xAA",xor_popcount,4,15,1,1,0,0,0xAA,0x00,0x0000000,0,1.0000,1.0000,1.0000,0,0,,,,,,511,
lab,0xF0235A11CE0FF1CE,LG_gf2,"C04 XOR 0xAA",xor_popcount,4,15,1,1,0,0,0xAA,0x00,0x0000000,0,1.0000,1.0000,1.0000,1,45,,,,,,1,
lab,0xF0235A11CE0FF1CE,L0_tb_argmax,"C04 XOR 0xAA",xor_popcount,4,16,0,0,0,0,0x00,0xCA,0x0000000,0,0.0531,0.0137,0.0000,0,0,,,,,,162,
lab,0xF0235A11CE0FF1CE,L1_single_up,"C04 XOR 0xAA",xor_popcount,4,16,0,0,0,0,0x04,0x88,0x0000000,0,0.0646,0.0269,0.0000,0,0,,,,,,1016,
lab,0xF0235A11CE0FF1CE,L2_pair_up,"C04 XOR 0xAA",xor_popcount,4,16,1,0,0,0,0x0A,0xA0,0x0000000,0,0.1114,0.1027,0.0000,0,0,,,,,,1792,
lab,0xF0235A11CE0FF1CE,L3_gibbs,"C04 XOR 0xAA",xor_popcount,4,16,1,1,0,0,0xAA,0x00,0x0000000,0,1.0000,0.0000,1.0000,0,0,,,,,,29,
lab,0xF0235A11CE0FF1CE,LW_mod2_wht,"C04 XOR 0xAA",xor_popcount,4,16,1,1,0,0,0xAA,0x00,0x0000000,0,1.0000,1.0000,1.0000,0,0,,,,,,511,
lab,0xF0235A11CE0FF1CE,LG_gf2,"C04 XOR 0xAA",xor_popcount,4,16,1,1,0,0,0xAA,0x00,0x0000000,0,1.0000,1.0000,1.0000,1,45,,,,,,1,
lab,0xF0235A11CE0FF1CE,L0_tb_argmax,"C04 XOR 0xAA",xor_popcount,4,17,0,0,0,0,0x00,0xCA,0x0000000,0,0.0577,0.0131,0.0000,0,0,,,,,,162,
lab,0xF0235A11CE0FF1CE,L1_single_up,"C04 XOR 0xAA",xor_popcount,4,17,0,0,0,0,0x01,0x0A,0x0000000,0,0.0606,0.0324,0.0000,0,0,,,,,,1016,
lab,0xF0235A11CE0FF1CE,L2_pair_up,"C04 XOR 0xAA",xor_popcount,4,17,1,0,0,0,0x0A,0xA0,0x0000000,0,0.1177,0.1058,0.0000,0,0,,,,,,1792,
lab,0xF0235A11CE0FF1CE,L3_gibbs,"C04 XOR 0xAA",xor_popcount,4,17,1,1,0,0,0xAA,0x00,0x0000000,0,1.0000,0.0000,1.0000,0,0,,,,,,29,
lab,0xF0235A11CE0FF1CE,LW_mod2_wht,"C04 XOR 0xAA",xor_popcount,4,17,1,1,0,0,0xAA,0x00,0x0000000,0,1.0000,1.0000,1.0000,0,0,,,,,,511,
lab,0xF0235A11CE0FF1CE,LG_gf2,"C04 XOR 0xAA",xor_popcount,4,17,1,1,0,0,0xAA,0x00,0x0000000,0,1.0000,1.0000,1.0000,1,45,,,,,,1,
lab,0xF0235A11CE0FF1CE,L0_tb_argmax,"C04 XOR 0xAA",xor_popcount,4,18,0,0,0,0,0x00,0xCA,0x0000000,0,0.0531,0.0074,0.0000,0,0,,,,,,162,
lab,0xF0235A11CE0FF1CE,L1_single_up,"C04 XOR 0xAA",xor_popcount,4,18,0,0,0,0,0x80,0x7F,0x0000000,0,0.0589,0.0353,0.0000,0,0,,,,,,1016,
lab,0xF0235A11CE0FF1CE,L2_pair_up,"C04 XOR 0xAA",xor_popcount,4,18,1,0,0,0,0x88,0x22,0x0000000,0,0.1206,0.1056,0.0000,0,0,,,,,,1792,
lab,0xF0235A11CE0FF1CE,L3_gibbs,"C04 XOR 0xAA",xor_popcount,4,18,1,1,0,0,0xAA,0x00,0x0000000,0,1.0000,0.0000,1.0000,0,0,,,,,,29,
lab,0xF0235A11CE0FF1CE,LW_mod2_wht,"C04 XOR 0xAA",xor_popcount,4,18,1,1,0,0,0xAA,0x00,0x0000000,0,1.0000,1.0000,1.0000,0,0,,,,,,511,
lab,0xF0235A11CE0FF1CE,LG_gf2,"C04 XOR 0xAA",xor_popcount,4,18,1,1,0,0,0xAA,0x00,0x0000000,0,1.0000,1.0000,1.0000,1,45,,,,,,1,
lab,0xF0235A11CE0FF1CE,L0_tb_argmax,"C04 XOR 0xAA",xor_popcount,4,19,0,0,0,0,0x00,0xCA,0x0000000,0,0.0549,0.0109,0.0000,0,0,,,,,,162,
lab,0xF0235A11CE0FF1CE,L1_single_up,"C04 XOR 0xAA",xor_popcount,4,19,1,0,0,0,0x80,0x2A,0x0000000,0,0.0554,0.0267,0.0000,0,0,,,,,,1016,
lab,0xF0235A11CE0FF1CE,L2_pair_up,"C04 XOR 0xAA",xor_popcount,4,19,1,0,0,0,0x22,0x88,0x0000000,0,0.1269,0.1039,0.0000,0,0,,,,,,1792,
lab,0xF0235A11CE0FF1CE,L3_gibbs,"C04 XOR 0xAA",xor_popcount,4,19,1,1,0,0,0xAA,0x00,0x0000000,0,1.0000,0.0000,1.0000,0,0,,,,,,29,
lab,0xF0235A11CE0FF1CE,LW_mod2_wht,"C04 XOR 0xAA",xor_popcount,4,19,1,1,0,0,0xAA,0x00,0x0000000,0,1.0000,1.0000,1.0000,0,0,,,,,,511,
lab,0xF0235A11CE0FF1CE,LG_gf2,"C04 XOR 0xAA",xor_popcount,4,19,1,1,0,0,0xAA,0x00,0x0000000,0,1.0000,1.0000,1.0000,1,45,,,,,,1,
lab,0xF0235A11CE0FF1CE,L0_tb_argmax,"C05 XOR 0x3C",xor_popcount,4,0,0,0,0,0,0x00,0x5C,0x0000000,0,0.0669,-0.0114,0.0000,0,0,,,,,,162,
lab,0xF0235A11CE0FF1CE,L1_single_up,"C05 XOR 0x3C",xor_popcount,4,0,0,0,0,0,0x08,0xF5,0x0000000,0,0.0634,0.0260,0.0000,0,0,,,,,,1016,
lab,0xF0235A11CE0FF1CE,L2_pair_up,"C05 XOR 0x3C",xor_popcount,4,0,1,0,0,0,0x24,0x18,0x0000000,0,0.1251,0.1080,0.0000,0,0,,,,,,1792,
lab,0xF0235A11CE0FF1CE,L3_gibbs,"C05 XOR 0x3C",xor_popcount,4,0,1,1,0,0,0x3C,0x00,0x0000000,0,1.0000,0.0000,1.0000,0,0,,,,,,29,
lab,0xF0235A11CE0FF1CE,LW_mod2_wht,"C05 XOR 0x3C",xor_popcount,4,0,1,1,0,0,0x3C,0x00,0x0000000,0,1.0000,1.0000,1.0000,0,0,,,,,,511,
lab,0xF0235A11CE0FF1CE,LG_gf2,"C05 XOR 0x3C",xor_popcount,4,0,1,1,0,0,0x3C,0x00,0x0000000,0,1.0000,1.0000,1.0000,1,45,,,,,,1,
lab,0xF0235A11CE0FF1CE,L0_tb_argmax,"C05 XOR 0x3C",xor_popcount,4,1,0,0,0,0,0x00,0x72,0x0000000,0,0.0423,0.0040,0.0000,0,0,,,,,,162,
lab,0xF0235A11CE0FF1CE,L1_single_up,"C05 XOR 0x3C",xor_popcount,4,1,0,0,0,0,0x01,0xA2,0x0000000,0,0.0646,0.0316,0.0000,0,0,,,,,,1016,
lab,0xF0235A11CE0FF1CE,L2_pair_up,"C05 XOR 0x3C",xor_popcount,4,1,1,0,0,0,0x0C,0x30,0x0000000,0,0.1269,0.1134,0.0000,0,0,,,,,,1792,
lab,0xF0235A11CE0FF1CE,L3_gibbs,"C05 XOR 0x3C",xor_popcount,4,1,1,1,0,0,0x3C,0x00,0x0000000,0,1.0000,0.0000,1.0000,0,0,,,,,,29,
lab,0xF0235A11CE0FF1CE,LW_mod2_wht,"C05 XOR 0x3C",xor_popcount,4,1,1,1,0,0,0x3C,0x00,0x0000000,0,1.0000,1.0000,1.0000,0,0,,,,,,511,
lab,0xF0235A11CE0FF1CE,LG_gf2,"C05 XOR 0x3C",xor_popcount,4,1,1,1,0,0,0x3C,0x00,0x0000000,0,1.0000,1.0000,1.0000,1,45,,,,,,1,
lab,0xF0235A11CE0FF1CE,L0_tb_argmax,"C05 XOR 0x3C",xor_popcount,4,2,0,0,0,0,0x00,0x5C,0x0000000,0,0.0429,-0.0029,0.0000,0,0,,,,,,162,
lab,0xF0235A11CE0FF1CE,L1_single_up,"C05 XOR 0x3C",xor_popcount,4,2,0,0,0,0,0x08,0x70,0x0000000,0,0.0583,0.0287,0.0000,0,0,,,,,,1016,
lab,0xF0235A11CE0FF1CE,L2_pair_up,"C05 XOR 0x3C",xor_popcount,4,2,1,0,0,0,0x24,0x18,0x0000000,0,0.1320,0.1150,0.0000,0,0,,,,,,1792,
lab,0xF0235A11CE0FF1CE,L3_gibbs,"C05 XOR 0x3C",xor_popcount,4,2,1,1,0,0,0x3C,0x00,0x0000000,0,1.0000,0.0000,1.0000,0,0,,,,,,29,
lab,0xF0235A11CE0FF1CE,LW_mod2_wht,"C05 XOR 0x3C",xor_popcount,4,2,1,1,0,0,0x3C,0x00,0x0000000,0,1.0000,1.0000,1.0000,0,0,,,,,,511,
lab,0xF0235A11CE0FF1CE,LG_gf2,"C05 XOR 0x3C",xor_popcount,4,2,1,1,0,0,0x3C,0x00,0x0000000,0,1.0000,1.0000,1.0000,1,45,,,,,,1,
lab,0xF0235A11CE0FF1CE,L0_tb_argmax,"C05 XOR 0x3C",xor_popcount,4,3,0,0,0,0,0x00,0x5C,0x0000000,0,0.0440,0.0177,0.0000,0,0,,,,,,162,
lab,0xF0235A11CE0FF1CE,L1_single_up,"C05 XOR 0x3C",xor_popcount,4,3,0,0,0,0,0x08,0x70,0x0000000,0,0.0731,0.0387,0.0000,0,0,,,,,,1016,
lab,0xF0235A11CE0FF1CE,L2_pair_up,"C05 XOR 0x3C",xor_popcount,4,3,1,0,0,0,0x24,0x18,0x0000000,0,0.1360,0.1134,0.0000,0,0,,,,,,1792,
lab,0xF0235A11CE0FF1CE,L3_gibbs,"C05 XOR 0x3C",xor_popcount,4,3,1,1,0,0,0x3C,0x00,0x0000000,0,1.0000,0.0000,1.0000,0,0,,,,,,29,
lab,0xF0235A11CE0FF1CE,LW_mod2_wht,"C05 XOR 0x3C",xor_popcount,4,3,1,1,0,0,0x3C,0x00,0x0000000,0,1.0000,1.0000,1.0000,0,0,,,,,,511,
lab,0xF0235A11CE0FF1CE,LG_gf2,"C05 XOR 0x3C",xor_popcount,4,3,1,1,0,0,0x3C,0x00,0x0000000,0,1.0000,1.0000,1.0000,1,45,,,,,,1,
lab,0xF0235A11CE0FF1CE,L0_tb_argmax,"C05 XOR 0x3C",xor_popcount,4,4,0,0,0,0,0x00,0x56,0x0000000,0,0.0549,0.0097,0.0000,0,0,,,,,,162,
lab,0xF0235A11CE0FF1CE,L1_single_up,"C05 XOR 0x3C",xor_popcount,4,4,0,0,0,0,0x08,0xF5,0x0000000,0,0.0611,0.0364,0.0000,0,0,,,,,,1016,
lab,0xF0235A11CE0FF1CE,L2_pair_up,"C05 XOR 0x3C",xor_popcount,4,4,1,0,0,0,0x24,0x18,0x0000000,0,0.1286,0.1117,0.0000,0,0,,,,,,1792,
lab,0xF0235A11CE0FF1CE,L3_gibbs,"C05 XOR 0x3C",xor_popcount,4,4,1,1,0,0,0x3C,0x00,0x0000000,0,1.0000,0.0000,1.0000,0,0,,,,,,29,
lab,0xF0235A11CE0FF1CE,LW_mod2_wht,"C05 XOR 0x3C",xor_popcount,4,4,1,1,0,0,0x3C,0x00,0x0000000,0,1.0000,1.0000,1.0000,0,0,,,,,,511,
lab,0xF0235A11CE0FF1CE,LG_gf2,"C05 XOR 0x3C",xor_popcount,4,4,1,1,0,0,0x3C,0x00,0x0000000,0,1.0000,1.0000,1.0000,1,45,,,,,,1,
lab,0xF0235A11CE0FF1CE,L0_tb_argmax,"C05 XOR 0x3C",xor_popcount,4,5,0,0,0,0,0x00,0xB8,0x0000000,0,0.0543,0.0034,0.0000,0,0,,,,,,162,
lab,0xF0235A11CE0FF1CE,L1_single_up,"C05 XOR 0x3C",xor_popcount,4,5,0,0,0,0,0x40,0x36,0x0000000,0,0.0577,0.0260,0.0000,0,0,,,,,,1016,
lab,0xF0235A11CE0FF1CE,L2_pair_up,"C05 XOR 0x3C",xor_popcount,4,5,1,0,0,0,0x24,0x18,0x0000000,0,0.1257,0.1002,0.0000,0,0,,,,,,1792,
lab,0xF0235A11CE0FF1CE,L3_gibbs,"C05 XOR 0x3C",xor_popcount,4,5,1,1,0,0,0x3C,0x00,0x0000000,0,1.0000,0.0000,1.0000,0,0,,,,,,29,
lab,0xF0235A11CE0FF1CE,LW_mod2_wht,"C05 XOR 0x3C",xor_popcount,4,5,1,1,0,0,0x3C,0x00,0x0000000,0,1.0000,1.0000,1.0000,0,0,,,,,,511,
lab,0xF0235A11CE0FF1CE,LG_gf2,"C05 XOR 0x3C",xor_popcount,4,5,1,1,0,0,0x3C,0x00,0x0000000,0,1.0000,1.0000,1.0000,1,45,,,,,,1,
lab,0xF0235A11CE0FF1CE,L0_tb_argmax,"C05 XOR 0x3C",xor_popcount,4,6,0,0,0,0,0x00,0xC2,0x0000000,0,0.0429,0.0040,0.0000,0,0,,,,,,162,
lab,0xF0235A11CE0FF1CE,L1_single_up,"C05 XOR 0x3C",xor_popcount,4,6,0,0,0,0,0x08,0xF5,0x0000000,0,0.0617,0.0373,0.0000,0,0,,,,,,1016,
lab,0xF0235A11CE0FF1CE,L2_pair_up,"C05 XOR 0x3C",xor_popcount,4,6,1,0,0,0,0x28,0x14,0x0000000,0,0.1246,0.1100,0.0000,0,0,,,,,,1792,
lab,0xF0235A11CE0FF1CE,L3_gibbs,"C05 XOR 0x3C",xor_popcount,4,6,1,1,0,0,0x3C,0x00,0x0000000,0,1.0000,0.0000,1.0000,0,0,,,,,,29,
lab,0xF0235A11CE0FF1CE,LW_mod2_wht,"C05 XOR 0x3C",xor_popcount,4,6,1,1,0,0,0x3C,0x00,0x0000000,0,1.0000,1.0000,1.0000,0,0,,,,,,511,
lab,0xF0235A11CE0FF1CE,LG_gf2,"C05 XOR 0x3C",xor_popcount,4,6,1,1,0,0,0x3C,0x00,0x0000000,0,1.0000,1.0000,1.0000,1,45,,,,,,1,
lab,0xF0235A11CE0FF1CE,L0_tb_argmax,"C05 XOR 0x3C",xor_popcount,4,7,0,0,0,0,0x00,0x5C,0x0000000,0,0.0429,0.0091,0.0000,0,0,,,,,,162,
lab,0xF0235A11CE0FF1CE,L1_single_up,"C05 XOR 0x3C",xor_popcount,4,7,0,0,0,0,0x08,0xF5,0x0000000,0,0.0634,0.0309,0.0000,0,0,,,,,,1016,
lab,0xF0235A11CE0FF1CE,L2_pair_up,"C05 XOR 0x3C",xor_popcount,4,7,1,0,0,0,0x24,0x18,0x0000000,0,0.1286,0.1027,0.0000,0,0,,,,,,1792,
lab,0xF0235A11CE0FF1CE,L3_gibbs,"C05 XOR 0x3C",xor_popcount,4,7,1,1,0,0,0x3C,0x00,0x0000000,0,1.0000,0.0000,1.0000,0,0,,,,,,29,
lab,0xF0235A11CE0FF1CE,LW_mod2_wht,"C05 XOR 0x3C",xor_popcount,4,7,1,1,0,0,0x3C,0x00,0x0000000,0,1.0000,1.0000,1.0000,0,0,,,,,,511,
lab,0xF0235A11CE0FF1CE,LG_gf2,"C05 XOR 0x3C",xor_popcount,4,7,1,1,0,0,0x3C,0x00,0x0000000,0,1.0000,1.0000,1.0000,1,45,,,,,,1,
lab,0xF0235A11CE0FF1CE,L0_tb_argmax,"C05 XOR 0x3C",xor_popcount,4,8,0,0,0,0,0x00,0x85,0x0000000,0,0.0446,0.0051,0.0000,0,0,,,,,,162,
lab,0xF0235A11CE0FF1CE,L1_single_up,"C05 XOR 0x3C",xor_popcount,4,8,0,0,0,0,0x20,0x42,0x0000000,0,0.0589,0.0279,0.0000,0,0,,,,,,1016,
lab,0xF0235A11CE0FF1CE,L2_pair_up,"C05 XOR 0x3C",xor_popcount,4,8,1,0,0,0,0x30,0x0C,0x0000000,0,0.1229,0.1049,0.0000,0,0,,,,,,1792,
lab,0xF0235A11CE0FF1CE,L3_gibbs,"C05 XOR 0x3C",xor_popcount,4,8,1,1,0,0,0x3C,0x00,0x0000000,0,1.0000,0.0000,1.0000,0,0,,,,,,29,
lab,0xF0235A11CE0FF1CE,LW_mod2_wht,"C05 XOR 0x3C",xor_popcount,4,8,1,1,0,0,0x3C,0x00,0x0000000,0,1.0000,1.0000,1.0000,0,0,,,,,,511,
lab,0xF0235A11CE0FF1CE,LG_gf2,"C05 XOR 0x3C",xor_popcount,4,8,1,1,0,0,0x3C,0x00,0x0000000,0,1.0000,1.0000,1.0000,1,45,,,,,,1,
lab,0xF0235A11CE0FF1CE,L0_tb_argmax,"C05 XOR 0x3C",xor_popcount,4,9,0,0,0,0,0x00,0xE2,0x0000000,0,0.0520,-0.0240,0.0000,0,0,,,,,,162,
lab,0xF0235A11CE0FF1CE,L1_single_up,"C05 XOR 0x3C",xor_popcount,4,9,0,0,0,0,0x08,0xF5,0x0000000,0,0.0531,0.0294,0.0000,0,0,,,,,,1016,
lab,0xF0235A11CE0FF1CE,L2_pair_up,"C05 XOR 0x3C",xor_popcount,4,9,1,0,0,0,0x24,0x18,0x0000000,0,0.1114,0.0975,0.0000,0,0,,,,,,1792,
lab,0xF0235A11CE0FF1CE,L3_gibbs,"C05 XOR 0x3C",xor_popcount,4,9,1,1,0,0,0x3C,0x00,0x0000000,0,1.0000,0.0000,1.0000,0,0,,,,,,29,
lab,0xF0235A11CE0FF1CE,LW_mod2_wht,"C05 XOR 0x3C",xor_popcount,4,9,1,1,0,0,0x3C,0x00,0x0000000,0,1.0000,1.0000,1.0000,0,0,,,,,,511,
lab,0xF0235A11CE0FF1CE,LG_gf2,"C05 XOR 0x3C",xor_popcount,4,9,1,1,0,0,0x3C,0x00,0x0000000,0,1.0000,1.0000,1.0000,1,45,,,,,,1,
lab,0xF0235A11CE0FF1CE,L0_tb_argmax,"C05 XOR 0x3C",xor_popcount,4,10,0,0,0,0,0x00,0x5C,0x0000000,0,0.0514,0.0137,0.0000,0,0,,,,,,162,
lab,0xF0235A11CE0FF1CE,L1_single_up,"C05 XOR 0x3C",xor_popcount,4,10,0,0,0,0,0x08,0x70,0x0000000,0,0.0634,0.0266,0.0000,0,0,,,,,,1016,
lab,0xF0235A11CE0FF1CE,L2_pair_up,"C05 XOR 0x3C",xor_popcount,4,10,1,0,0,0,0x24,0x18,0x0000000,0,0.1120,0.1076,0.0000,0,0,,,,,,1792,
lab,0xF0235A11CE0FF1CE,L3_gibbs,"C05 XOR 0x3C",xor_popcount,4,10,1,1,0,0,0x3C,0x00,0x0000000,0,1.0000,0.0000,1.0000,0,0,,,,,,29,
lab,0xF0235A11CE0FF1CE,LW_mod2_wht,"C05 XOR 0x3C",xor_popcount,4,10,1,1,0,0,0x3C,0x00,0x0000000,0,1.0000,1.0000,1.0000,0,0,,,,,,511,
lab,0xF0235A11CE0FF1CE,LG_gf2,"C05 XOR 0x3C",xor_popcount,4,10,1,1,0,0,0x3C,0x00,0x0000000,0,1.0000,1.0000,1.0000,1,45,,,,,,1,
lab,0xF0235A11CE0FF1CE,L0_tb_argmax,"C05 XOR 0x3C",xor_popcount,4,11,0,0,0,0,0x00,0x5C,0x0000000,0,0.0491,-0.0034,0.0000,0,0,,,,,,162,
lab,0xF0235A11CE0FF1CE,L1_single_up,"C05 XOR 0x3C",xor_popcount,4,11,0,0,0,0,0x08,0xF5,0x0000000,0,0.0686,0.0346,0.0000,0,0,,,,,,1016,
lab,0xF0235A11CE0FF1CE,L2_pair_up,"C05 XOR 0x3C",xor_popcount,4,11,1,0,0,0,0x24,0x18,0x0000000,0,0.1314,0.1101,0.0000,0,0,,,,,,1792,
lab,0xF0235A11CE0FF1CE,L3_gibbs,"C05 XOR 0x3C",xor_popcount,4,11,1,1,0,0,0x3C,0x00,0x0000000,0,1.0000,0.0000,1.0000,0,0,,,,,,29,
lab,0xF0235A11CE0FF1CE,LW_mod2_wht,"C05 XOR 0x3C",xor_popcount,4,11,1,1,0,0,0x3C,0x00,0x0000000,0,1.0000,1.0000,1.0000,0,0,,,,,,511,
lab,0xF0235A11CE0FF1CE,LG_gf2,"C05 XOR 0x3C",xor_popcount,4,11,1,1,0,0,0x3C,0x00,0x0000000,0,1.0000,1.0000,1.0000,1,45,,,,,,1,
lab,0xF0235A11CE0FF1CE,L0_tb_argmax,"C05 XOR 0x3C",xor_popcount,4,12,0,0,0,0,0x00,0x42,0x0000000,0,0.0463,0.0063,0.0000,0,0,,,,,,162,
lab,0xF0235A11CE0FF1CE,L1_single_up,"C05 XOR 0x3C",xor_popcount,4,12,0,0,0,0,0x08,0xF5,0x0000000,0,0.0657,0.0324,0.0000,0,0,,,,,,1016,
lab,0xF0235A11CE0FF1CE,L2_pair_up,"C05 XOR 0x3C",xor_popcount,4,12,1,0,0,0,0x0C,0x30,0x0000000,0,0.1171,0.1062,0.0000,0,0,,,,,,1792,
lab,0xF0235A11CE0FF1CE,L3_gibbs,"C05 XOR 0x3C",xor_popcount,4,12,1,1,0,0,0x3C,0x00,0x0000000,0,1.0000,0.0000,1.0000,0,0,,,,,,29,
lab,0xF0235A11CE0FF1CE,LW_mod2_wht,"C05 XOR 0x3C",xor_popcount,4,12,1,1,0,0,0x3C,0x00,0x0000000,0,1.0000,1.0000,1.0000,0,0,,,,,,511,
lab,0xF0235A11CE0FF1CE,LG_gf2,"C05 XOR 0x3C",xor_popcount,4,12,1,1,0,0,0x3C,0x00,0x0000000,0,1.0000,1.0000,1.0000,1,45,,,,,,1,
lab,0xF0235A11CE0FF1CE,L0_tb_argmax,"C05 XOR 0x3C",xor_popcount,4,13,0,0,0,0,0x00,0x5C,0x0000000,0,0.0560,0.0006,0.0000,0,0,,,,,,162,
lab,0xF0235A11CE0FF1CE,L1_single_up,"C05 XOR 0x3C",xor_popcount,4,13,0,0,0,0,0x08,0xF5,0x0000000,0,0.0680,0.0267,0.0000,0,0,,,,,,1016,
lab,0xF0235A11CE0FF1CE,L2_pair_up,"C05 XOR 0x3C",xor_popcount,4,13,1,0,0,0,0x24,0x18,0x0000000,0,0.1280,0.1041,0.0000,0,0,,,,,,1792,
lab,0xF0235A11CE0FF1CE,L3_gibbs,"C05 XOR 0x3C",xor_popcount,4,13,1,1,0,0,0x3C,0x00,0x0000000,0,1.0000,0.0000,1.0000,0,0,,,,,,29,
lab,0xF0235A11CE0FF1CE,LW_mod2_wht,"C05 XOR 0x3C",xor_popcount,4,13,1,1,0,0,0x3C,0x00,0x0000000,0,1.0000,1.0000,1.0000,0,0,,,,,,511,
lab,0xF0235A11CE0FF1CE,LG_gf2,"C05 XOR 0x3C",xor_popcount,4,13,1,1,0,0,0x3C,0x00,0x0000000,0,1.0000,1.0000,1.0000,1,45,,,,,,1,
lab,0xF0235A11CE0FF1CE,L0_tb_argmax,"C05 XOR 0x3C",xor_popcount,4,14,0,0,0,0,0x00,0x5C,0x0000000,0,0.0469,-0.0057,0.0000,0,0,,,,,,162,
lab,0xF0235A11CE0FF1CE,L1_single_up,"C05 XOR 0x3C",xor_popcount,4,14,0,0,0,0,0x08,0xF5,0x0000000,0,0.0663,0.0263,0.0000,0,0,,,,,,1016,
lab,0xF0235A11CE0FF1CE,L2_pair_up,"C05 XOR 0x3C",xor_popcount,4,14,1,0,0,0,0x24,0x18,0x0000000,0,0.1229,0.1055,0.0000,0,0,,,,,,1792,
lab,0xF0235A11CE0FF1CE,L3_gibbs,"C05 XOR 0x3C",xor_popcount,4,14,1,1,0,0,0x3C,0x00,0x0000000,0,1.0000,0.0000,1.0000,0,0,,,,,,29,
lab,0xF0235A11CE0FF1CE,LW_mod2_wht,"C05 XOR 0x3C",xor_popcount,4,14,1,1,0,0,0x3C,0x00,0x0000000,0,1.0000,1.0000,1.0000,0,0,,,,,,511,
lab,0xF0235A11CE0FF1CE,LG_gf2,"C05 XOR 0x3C",xor_popcount,4,14,1,1,0,0,0x3C,0x00,0x0000000,0,1.0000,1.0000,1.0000,1,45,,,,,,1,
lab,0xF0235A11CE0FF1CE,L0_tb_argmax,"C05 XOR 0x3C",xor_popcount,4,15,0,0,0,0,0x00,0x5C,0x0000000,0,0.0417,0.0006,0.0000,0,0,,,,,,162,
lab,0xF0235A11CE0FF1CE,L1_single_up,"C05 XOR 0x3C",xor_popcount,4,15,0,0,0,0,0x08,0xF5,0x0000000,0,0.0754,0.0327,0.0000,0,0,,,,,,1016,
lab,0xF0235A11CE0FF1CE,L2_pair_up,"C05 XOR 0x3C",xor_popcount,4,15,1,0,0,0,0x24,0x18,0x0000000,0,0.1263,0.1110,0.0000,0,0,,,,,,1792,
lab,0xF0235A11CE0FF1CE,L3_gibbs,"C05 XOR 0x3C",xor_popcount,4,15,1,1,0,0,0x3C,0x00,0x0000000,0,1.0000,0.0000,1.0000,0,0,,,,,,29,
lab,0xF0235A11CE0FF1CE,LW_mod2_wht,"C05 XOR 0x3C",xor_popcount,4,15,1,1,0,0,0x3C,0x00,0x0000000,0,1.0000,1.0000,1.0000,0,0,,,,,,511,
lab,0xF0235A11CE0FF1CE,LG_gf2,"C05 XOR 0x3C",xor_popcount,4,15,1,1,0,0,0x3C,0x00,0x0000000,0,1.0000,1.0000,1.0000,1,45,,,,,,1,
lab,0xF0235A11CE0FF1CE,L0_tb_argmax,"C05 XOR 0x3C",xor_popcount,4,16,0,0,0,0,0x00,0xA9,0x0000000,0,0.0457,0.0069,0.0000,0,0,,,,,,162,
lab,0xF0235A11CE0FF1CE,L1_single_up,"C05 XOR 0x3C",xor_popcount,4,16,0,0,0,0,0x20,0x42,0x0000000,0,0.0606,0.0243,0.0000,0,0,,,,,,1016,
lab,0xF0235A11CE0FF1CE,L2_pair_up,"C05 XOR 0x3C",xor_popcount,4,16,1,0,0,0,0x0C,0x30,0x0000000,0,0.1114,0.1008,0.0000,0,0,,,,,,1792,
lab,0xF0235A11CE0FF1CE,L3_gibbs,"C05 XOR 0x3C",xor_popcount,4,16,1,1,0,0,0x3C,0x00,0x0000000,0,1.0000,0.0000,1.0000,0,0,,,,,,29,
lab,0xF0235A11CE0FF1CE,LW_mod2_wht,"C05 XOR 0x3C",xor_popcount,4,16,1,1,0,0,0x3C,0x00,0x0000000,0,1.0000,1.0000,1.0000,0,0,,,,,,511,
lab,0xF0235A11CE0FF1CE,LG_gf2,"C05 XOR 0x3C",xor_popcount,4,16,1,1,0,0,0x3C,0x00,0x0000000,0,1.0000,1.0000,1.0000,1,45,,,,,,1,
lab,0xF0235A11CE0FF1CE,L0_tb_argmax,"C05 XOR 0x3C",xor_popcount,4,17,0,0,0,0,0x00,0x42,0x0000000,0,0.0451,0.0080,0.0000,0,0,,,,,,162,
lab,0xF0235A11CE0FF1CE,L1_single_up,"C05 XOR 0x3C",xor_popcount,4,17,0,0,0,0,0x08,0xF5,0x0000000,0,0.0674,0.0280,0.0000,0,0,,,,,,1016,
lab,0xF0235A11CE0FF1CE,L2_pair_up,"C05 XOR 0x3C",xor_popcount,4,17,1,0,0,0,0x0C,0x30,0x0000000,0,0.1091,0.0994,0.0000,0,0,,,,,,1792,
lab,0xF0235A11CE0FF1CE,L3_gibbs,"C05 XOR 0x3C",xor_popcount,4,17,1,1,0,0,0x3C,0x00,0x0000000,0,1.0000,0.0000,1.0000,0,0,,,,,,29,
lab,0xF0235A11CE0FF1CE,LW_mod2_wht,"C05 XOR 0x3C",xor_popcount,4,17,1,1,0,0,0x3C,0x00,0x0000000,0,1.0000,1.0000,1.0000,0,0,,,,,,511,
lab,0xF0235A11CE0FF1CE,LG_gf2,"C05 XOR 0x3C",xor_popcount,4,17,1,1,0,0,0x3C,0x00,0x0000000,0,1.0000,1.0000,1.0000,1,45,,,,,,1,
lab,0xF0235A11CE0FF1CE,L0_tb_argmax,"C05 XOR 0x3C",xor_popcount,4,18,0,0,0,0,0x00,0x56,0x0000000,0,0.0491,-0.0006,0.0000,0,0,,,,,,162,
lab,0xF0235A11CE0FF1CE,L1_single_up,"C05 XOR 0x3C",xor_popcount,4,18,0,0,0,0,0x08,0xF5,0x0000000,0,0.0611,0.0347,0.0000,0,0,,,,,,1016,
lab,0xF0235A11CE0FF1CE,L2_pair_up,"C05 XOR 0x3C",xor_popcount,4,18,1,0,0,0,0x18,0x24,0x0000000,0,0.1251,0.1130,0.0000,0,0,,,,,,1792,
lab,0xF0235A11CE0FF1CE,L3_gibbs,"C05 XOR 0x3C",xor_popcount,4,18,1,1,0,0,0x3C,0x00,0x0000000,0,1.0000,0.0000,1.0000,0,0,,,,,,29,
lab,0xF0235A11CE0FF1CE,LW_mod2_wht,"C05 XOR 0x3C",xor_popcount,4,18,1,1,0,0,0x3C,0x00,0x0000000,0,1.0000,1.0000,1.0000,0,0,,,,,,511,
lab,0xF0235A11CE0FF1CE,LG_gf2,"C05 XOR 0x3C",xor_popcount,4,18,1,1,0,0,0x3C,0x00,0x0000000,0,1.0000,1.0000,1.0000,1,45,,,,,,1,
lab,0xF0235A11CE0FF1CE,L0_tb_argmax,"C05 XOR 0x3C",xor_popcount,4,19,0,0,0,0,0x00,0x5C,0x0000000,0,0.0680,0.0023,0.0000,0,0,,,,,,162,
lab,0xF0235A11CE0FF1CE,L1_single_up,"C05 XOR 0x3C",xor_popcount,4,19,0,0,0,0,0x08,0xF5,0x0000000,0,0.0697,0.0206,0.0000,0,0,,,,,,1016,
lab,0xF0235A11CE0FF1CE,L2_pair_up,"C05 XOR 0x3C",xor_popcount,4,19,1,0,0,0,0x30,0x0C,0x0000000,0,0.1274,0.1057,0.0000,0,0,,,,,,1792,
lab,0xF0235A11CE0FF1CE,L3_gibbs,"C05 XOR 0x3C",xor_popcount,4,19,1,1,0,0,0x3C,0x00,0x0000000,0,1.0000,0.0000,1.0000,0,0,,,,,,29,
lab,0xF0235A11CE0FF1CE,LW_mod2_wht,"C05 XOR 0x3C",xor_popcount,4,19,1,1,0,0,0x3C,0x00,0x0000000,0,1.0000,1.0000,1.0000,0,0,,,,,,511,
lab,0xF0235A11CE0FF1CE,LG_gf2,"C05 XOR 0x3C",xor_popcount,4,19,1,1,0,0,0x3C,0x00,0x0000000,0,1.0000,1.0000,1.0000,1,45,,,,,,1,
lab,0xF0235A11CE0FF1CE,L0_tb_argmax,"C06 XOR 0x66",xor_popcount,4,0,0,0,0,0,0x00,0xD1,0x0000000,0,0.0520,0.0183,0.0000,0,0,,,,,,162,
lab,0xF0235A11CE0FF1CE,L1_single_up,"C06 XOR 0x66",xor_popcount,4,0,0,0,0,0,0x80,0x3D,0x0000000,0,0.0531,0.0406,0.0000,0,0,,,,,,1016,
lab,0xF0235A11CE0FF1CE,L2_pair_up,"C06 XOR 0x66",xor_popcount,4,0,1,0,0,0,0x22,0x44,0x0000000,0,0.1337,0.1118,0.0000,0,0,,,,,,1792,
lab,0xF0235A11CE0FF1CE,L3_gibbs,"C06 XOR 0x66",xor_popcount,4,0,1,1,0,0,0x66,0x00,0x0000000,0,1.0000,0.0000,1.0000,0,0,,,,,,29,
lab,0xF0235A11CE0FF1CE,LW_mod2_wht,"C06 XOR 0x66",xor_popcount,4,0,1,1,0,0,0x66,0x00,0x0000000,0,1.0000,1.0000,1.0000,0,0,,,,,,511,
lab,0xF0235A11CE0FF1CE,LG_gf2,"C06 XOR 0x66",xor_popcount,4,0,1,1,0,0,0x66,0x00,0x0000000,0,1.0000,1.0000,1.0000,1,45,,,,,,1,
lab,0xF0235A11CE0FF1CE,L0_tb_argmax,"C06 XOR 0x66",xor_popcount,4,1,0,0,0,0,0x00,0x09,0x0000000,0,0.0520,0.0103,0.0000,0,0,,,,,,162,
lab,0xF0235A11CE0FF1CE,L1_single_up,"C06 XOR 0x66",xor_popcount,4,1,0,0,0,0,0x20,0x11,0x0000000,0,0.0669,0.0360,0.0000,0,0,,,,,,1016,
lab,0xF0235A11CE0FF1CE,L2_pair_up,"C06 XOR 0x66",xor_popcount,4,1,1,0,0,0,0x44,0x22,0x0000000,0,0.1269,0.1150,0.0000,0,0,,,,,,1792,
lab,0xF0235A11CE0FF1CE,L3_gibbs,"C06 XOR 0x66",xor_popcount,4,1,1,1,0,0,0x66,0x00,0x0000000,0,1.0000,0.0000,1.0000,0,0,,,,,,29,
lab,0xF0235A11CE0FF1CE,LW_mod2_wht,"C06 XOR 0x66",xor_popcount,4,1,1,1,0,0,0x66,0x00,0x0000000,0,1.0000,1.0000,1.0000,0,0,,,,,,511,
lab,0xF0235A11CE0FF1CE,LG_gf2,"C06 XOR 0x66",xor_popcount,4,1,1,1,0,0,0x66,0x00,0x0000000,0,1.0000,1.0000,1.0000,1,45,,,,,,1,
lab,0xF0235A11CE0FF1CE,L0_tb_argmax,"C06 XOR 0x66",xor_popcount,4,2,0,0,0,0,0x00,0x82,0x0000000,0,0.0446,0.0040,0.0000,0,0,,,,,,162,
lab,0xF0235A11CE0FF1CE,L1_single_up,"C06 XOR 0x66",xor_popcount,4,2,0,0,0,0,0x20,0x4A,0x0000000,0,0.0509,0.0370,0.0000,0,0,,,,,,1016,
lab,0xF0235A11CE0FF1CE,L2_pair_up,"C06 XOR 0x66",xor_popcount,4,2,1,0,0,0,0x22,0x44,0x0000000,0,0.1257,0.1111,0.0000,0,0,,,,,,1792,
lab,0xF0235A11CE0FF1CE,L3_gibbs,"C06 XOR 0x66",xor_popcount,4,2,1,1,0,0,0x66,0x00,0x0000000,0,1.0000,0.0000,1.0000,0,0,,,,,,29,
lab,0xF0235A11CE0FF1CE,LW_mod2_wht,"C06 XOR 0x66",xor_popcount,4,2,1,1,0,0,0x66,0x00,0x0000000,0,1.0000,1.0000,1.0000,0,0,,,,,,511,
lab,0xF0235A11CE0FF1CE,LG_gf2,"C06 XOR 0x66",xor_popcount,4,2,1,1,0,0,0x66,0x00,0x0000000,0,1.0000,1.0000,1.0000,1,45,,,,,,1,
lab,0xF0235A11CE0FF1CE,L0_tb_argmax,"C06 XOR 0x66",xor_popcount,4,3,0,0,0,0,0x00,0xAA,0x0000000,0,0.0531,0.0240,0.0000,0,0,,,,,,162,
lab,0xF0235A11CE0FF1CE,L1_single_up,"C06 XOR 0x66",xor_popcount,4,3,1,0,0,0,0x40,0x26,0x0000000,0,0.0571,0.0369,0.0000,0,0,,,,,,1016,
lab,0xF0235A11CE0FF1CE,L2_pair_up,"C06 XOR 0x66",xor_popcount,4,3,1,0,0,0,0x60,0x06,0x0000000,0,0.1366,0.1154,0.0000,0,0,,,,,,1792,
lab,0xF0235A11CE0FF1CE,L3_gibbs,"C06 XOR 0x66",xor_popcount,4,3,1,1,0,0,0x66,0x00,0x0000000,0,1.0000,0.0000,1.0000,0,0,,,,,,29,
lab,0xF0235A11CE0FF1CE,LW_mod2_wht,"C06 XOR 0x66",xor_popcount,4,3,1,1,0,0,0x66,0x00,0x0000000,0,1.0000,1.0000,1.0000,0,0,,,,,,511,
lab,0xF0235A11CE0FF1CE,LG_gf2,"C06 XOR 0x66",xor_popcount,4,3,1,1,0,0,0x66,0x00,0x0000000,0,1.0000,1.0000,1.0000,1,45,,,,,,1,
lab,0xF0235A11CE0FF1CE,L0_tb_argmax,"C06 XOR 0x66",xor_popcount,4,4,0,0,0,0,0x00,0x8C,0x0000000,0,0.0537,0.0171,0.0000,0,0,,,,,,162,
lab,0xF0235A11CE0FF1CE,L1_single_up,"C06 XOR 0x66",xor_popcount,4,4,1,0,0,0,0x40,0x26,0x0000000,0,0.0583,0.0369,0.0000,0,0,,,,,,1016,
lab,0xF0235A11CE0FF1CE,L2_pair_up,"C06 XOR 0x66",xor_popcount,4,4,1,0,0,0,0x60,0x06,0x0000000,0,0.1309,0.1082,0.0000,0,0,,,,,,1792,
lab,0xF0235A11CE0FF1CE,L3_gibbs,"C06 XOR 0x66",xor_popcount,4,4,1,1,0,0,0x66,0x00,0x0000000,0,1.0000,0.0000,1.0000,0,0,,,,,,29,
lab,0xF0235A11CE0FF1CE,LW_mod2_wht,"C06 XOR 0x66",xor_popcount,4,4,1,1,0,0,0x66,0x00,0x0000000,0,1.0000,1.0000,1.0000,0,0,,,,,,511,
lab,0xF0235A11CE0FF1CE,LG_gf2,"C06 XOR 0x66",xor_popcount,4,4,1,1,0,0,0x66,0x00,0x0000000,0,1.0000,1.0000,1.0000,1,45,,,,,,1,
lab,0xF0235A11CE0FF1CE,L0_tb_argmax,"C06 XOR 0x66",xor_popcount,4,5,0,0,0,0,0x00,0x35,0x0000000,0,0.0486,0.0160,0.0000,0,0,,,,,,162,
lab,0xF0235A11CE0FF1CE,L1_single_up,"C06 XOR 0x66",xor_popcount,4,5,0,0,0,0,0x02,0x9D,0x0000000,0,0.0646,0.0383,0.0000,0,0,,,,,,1016,
lab,0xF0235A11CE0FF1CE,L2_pair_up,"C06 XOR 0x66",xor_popcount,4,5,1,0,0,0,0x44,0x22,0x0000000,0,0.1303,0.1114,0.0000,0,0,,,,,,1792,
lab,0xF0235A11CE0FF1CE,L3_gibbs,"C06 XOR 0x66",xor_popcount,4,5,1,1,0,0,0x66,0x00,0x0000000,0,1.0000,0.0000,1.0000,0,0,,,,,,29,
lab,0xF0235A11CE0FF1CE,LW_mod2_wht,"C06 XOR 0x66",xor_popcount,4,5,1,1,0,0,0x66,0x00,0x0000000,0,1.0000,1.0000,1.0000,0,0,,,,,,511,
lab,0xF0235A11CE0FF1CE,LG_gf2,"C06 XOR 0x66",xor_popcount,4,5,1,1,0,0,0x66,0x00,0x0000000,0,1.0000,1.0000,1.0000,1,45,,,,,,1,
lab,0xF0235A11CE0FF1CE,L0_tb_argmax,"C06 XOR 0x66",xor_popcount,4,6,0,0,0,0,0x00,0xE8,0x0000000,0,0.0463,0.0137,0.0000,0,0,,,,,,162,
lab,0xF0235A11CE0FF1CE,L1_single_up,"C06 XOR 0x66",xor_popcount,4,6,0,0,0,0,0x80,0x3D,0x0000000,0,0.0571,0.0366,0.0000,0,0,,,,,,1016,
lab,0xF0235A11CE0FF1CE,L2_pair_up,"C06 XOR 0x66",xor_popcount,4,6,1,0,0,0,0x22,0x44,0x0000000,0,0.1229,0.1137,0.0000,0,0,,,,,,1792,
lab,0xF0235A11CE0FF1CE,L3_gibbs,"C06 XOR 0x66",xor_popcount,4,6,1,1,0,0,0x66,0x00,0x0000000,0,1.0000,0.0000,1.0000,0,0,,,,,,29,
lab,0xF0235A11CE0FF1CE,LW_mod2_wht,"C06 XOR 0x66",xor_popcount,4,6,1,1,0,0,0x66,0x00,0x0000000,0,1.0000,1.0000,1.0000,0,0,,,,,,511,
lab,0xF0235A11CE0FF1CE,LG_gf2,"C06 XOR 0x66",xor_popcount,4,6,1,1,0,0,0x66,0x00,0x0000000,0,1.0000,1.0000,1.0000,1,45,,,,,,1,
lab,0xF0235A11CE0FF1CE,L0_tb_argmax,"C06 XOR 0x66",xor_popcount,4,7,0,0,0,0,0x00,0x1E,0x0000000,0,0.0469,0.0006,0.0000,0,0,,,,,,162,
lab,0xF0235A11CE0FF1CE,L1_single_up,"C06 XOR 0x66",xor_popcount,4,7,0,0,0,0,0x80,0x05,0x0000000,0,0.0583,0.0264,0.0000,0,0,,,,,,1016,
lab,0xF0235A11CE0FF1CE,L2_pair_up,"C06 XOR 0x66",xor_popcount,4,7,1,0,0,0,0x22,0x44,0x0000000,0,0.1331,0.1052,0.0000,0,0,,,,,,1792,
lab,0xF0235A11CE0FF1CE,L3_gibbs,"C06 XOR 0x66",xor_popcount,4,7,1,1,0,0,0x66,0x00,0x0000000,0,1.0000,0.0000,1.0000,0,0,,,,,,29,
lab,0xF0235A11CE0FF1CE,LW_mod2_wht,"C06 XOR 0x66",xor_popcount,4,7,1,1,0,0,0x66,0x00,0x0000000,0,1.0000,1.0000,1.0000,0,0,,,,,,511,
lab,0xF0235A11CE0FF1CE,LG_gf2,"C06 XOR 0x66",xor_popcount,4,7,1,1,0,0,0x66,0x00,0x0000000,0,1.0000,1.0000,1.0000,1,45,,,,,,1,
lab,0xF0235A11CE0FF1CE,L0_tb_argmax,"C06 XOR 0x66",xor_popcount,4,8,0,0,0,0,0x00,0xAA,0x0000000,0,0.0543,0.0114,0.0000,0,0,,,,,,162,
lab,0xF0235A11CE0FF1CE,L1_single_up,"C06 XOR 0x66",xor_popcount,4,8,1,0,0,0,0x20,0x46,0x0000000,0,0.0623,0.0431,0.0000,0,0,,,,,,1016,
lab,0xF0235A11CE0FF1CE,L2_pair_up,"C06 XOR 0x66",xor_popcount,4,8,1,0,0,0,0x60,0x06,0x0000000,0,0.1360,0.1122,0.0000,0,0,,,,,,1792,
lab,0xF0235A11CE0FF1CE,L3_gibbs,"C06 XOR 0x66",xor_popcount,4,8,1,1,0,0,0x66,0x00,0x0000000,0,1.0000,0.0000,1.0000,0,0,,,,,,29,
lab,0xF0235A11CE0FF1CE,LW_mod2_wht,"C06 XOR 0x66",xor_popcount,4,8,1,1,0,0,0x66,0x00,0x0000000,0,1.0000,1.0000,1.0000,0,0,,,,,,511,
lab,0xF0235A11CE0FF1CE,LG_gf2,"C06 XOR 0x66",xor_popcount,4,8,1,1,0,0,0x66,0x00,0x0000000,0,1.0000,1.0000,1.0000,1,45,,,,,,1,
lab,0xF0235A11CE0FF1CE,L0_tb_argmax,"C06 XOR 0x66",xor_popcount,4,9,0,0,0,0,0x00,0x82,0x0000000,0,0.0554,0.0097,0.0000,0,0,,,,,,162,
lab,0xF0235A11CE0FF1CE,L1_single_up,"C06 XOR 0x66",xor_popcount,4,9,0,0,0,0,0x20,0x9B,0x0000000,0,0.0549,0.0379,0.0000,0,0,,,,,,1016,
lab,0xF0235A11CE0FF1CE,L2_pair_up,"C06 XOR 0x66",xor_popcount,4,9,1,0,0,0,0x24,0x42,0x0000000,0,0.1309,0.1159,0.0000,0,0,,,,,,1792,
lab,0xF0235A11CE0FF1CE,L3_gibbs,"C06 XOR 0x66",xor_popcount,4,9,1,1,0,0,0x66,0x00,0x0000000,0,1.0000,0.0000,1.0000,0,0,,,,,,29,
lab,0xF0235A11CE0FF1CE,LW_mod2_wht,"C06 XOR 0x66",xor_popcount,4,9,1,1,0,0,0x66,0x00,0x0000000,0,1.0000,1.0000,1.0000,0,0,,,,,,511,
lab,0xF0235A11CE0FF1CE,LG_gf2,"C06 XOR 0x66",xor_popcount,4,9,1,1,0,0,0x66,0x00,0x0000000,0,1.0000,1.0000,1.0000,1,45,,,,,,1,
lab,0xF0235A11CE0FF1CE,L0_tb_argmax,"C06 XOR 0x66",xor_popcount,4,10,0,0,0,0,0x00,0x1E,0x0000000,0,0.0634,0.0223,0.0000,0,0,,,,,,162,
lab,0xF0235A11CE0FF1CE,L1_single_up,"C06 XOR 0x66",xor_popcount,4,10,0,0,0,0,0x20,0x9B,0x0000000,0,0.0629,0.0356,0.0000,0,0,,,,,,1016,
lab,0xF0235A11CE0FF1CE,L2_pair_up,"C06 XOR 0x66",xor_popcount,4,10,1,0,0,0,0x24,0x42,0x0000000,0,0.1291,0.1134,0.0000,0,0,,,,,,1792,
lab,0xF0235A11CE0FF1CE,L3_gibbs,"C06 XOR 0x66",xor_popcount,4,10,1,1,0,0,0x66,0x00,0x0000000,0,1.0000,0.0000,1.0000,0,0,,,,,,29,
lab,0xF0235A11CE0FF1CE,LW_mod2_wht,"C06 XOR 0x66",xor_popcount,4,10,1,1,0,0,0x66,0x00,0x0000000,0,1.0000,1.0000,1.0000,0,0,,,,,,511,
lab,0xF0235A11CE0FF1CE,LG_gf2,"C06 XOR 0x66",xor_popcount,4,10,1,1,0,0,0x66,0x00,0x0000000,0,1.0000,1.0000,1.0000,1,45,,,,,,1,
lab,0xF0235A11CE0FF1CE,L0_tb_argmax,"C06 XOR 0x66",xor_popcount,4,11,0,0,0,0,0x00,0x35,0x0000000,0,0.0526,0.0149,0.0000,0,0,,,,,,162,
lab,0xF0235A11CE0FF1CE,L1_single_up,"C06 XOR 0x66",xor_popcount,4,11,1,0,0,0,0x40,0x26,0x0000000,0,0.0589,0.0386,0.0000,0,0,,,,,,1016,
lab,0xF0235A11CE0FF1CE,L2_pair_up,"C06 XOR 0x66",xor_popcount,4,11,1,0,0,0,0x22,0x44,0x0000000,0,0.1286,0.1150,0.0000,0,0,,,,,,1792,
lab,0xF0235A11CE0FF1CE,L3_gibbs,"C06 XOR 0x66",xor_popcount,4,11,1,1,0,0,0x66,0x00,0x0000000,0,1.0000,0.0000,1.0000,0,0,,,,,,29,
lab,0xF0235A11CE0FF1CE,LW_mod2_wht,"C06 XOR 0x66",xor_popcount,4,11,1,1,0,0,0x66,0x00,0x0000000,0,1.0000,1.0000,1.0000,0,0,,,,,,511,
lab,0xF0235A11CE0FF1CE,LG_gf2,"C06 XOR 0x66",xor_popcount,4,11,1,1,0,0,0x66,0x00,0x0000000,0,1.0000,1.0000,1.0000,1,45,,,,,,1,
lab,0xF0235A11CE0FF1CE,L0_tb_argmax,"C06 XOR 0x66",xor_popcount,4,12,0,0,0,0,0x00,0x35,0x0000000,0,0.0423,0.0143,0.0000,0,0,,,,,,162,
lab,0xF0235A11CE0FF1CE,L1_single_up,"C06 XOR 0x66",xor_popcount,4,12,0,0,0,0,0x20,0x9B,0x0000000,0,0.0526,0.0316,0.0000,0,0,,,,,,1016,
lab,0xF0235A11CE0FF1CE,L2_pair_up,"C06 XOR 0x66",xor_popcount,4,12,1,0,0,0,0x24,0x42,0x0000000,0,0.1217,0.1030,0.0000,0,0,,,,,,1792,
lab,0xF0235A11CE0FF1CE,L3_gibbs,"C06 XOR 0x66",xor_popcount,4,12,1,1,0,0,0x66,0x00,0x0000000,0,1.0000,0.0000,1.0000,0,0,,,,,,29,
lab,0xF0235A11CE0FF1CE,LW_mod2_wht,"C06 XOR 0x66",xor_popcount,4,12,1,1,0,0,0x66,0x00,0x0000000,0,1.0000,1.0000,1.0000,0,0,,,,,,511,
lab,0xF0235A11CE0FF1CE,LG_gf2,"C06 XOR 0x66",xor_popcount,4,12,1,1,0,0,0x66,0x00,0x0000000,0,1.0000,1.0000,1.0000,1,45,,,,,,1,
lab,0xF0235A11CE0FF1CE,L0_tb_argmax,"C06 XOR 0x66",xor_popcount,4,13,0,0,0,0,0x00,0x1E,0x0000000,0,0.0531,0.0160,0.0000,0,0,,,,,,162,
lab,0xF0235A11CE0FF1CE,L1_single_up,"C06 XOR 0x66",xor_popcount,4,13,1,0,0,0,0x40,0x26,0x0000000,0,0.0640,0.0391,0.0000,0,0,,,,,,1016,
lab,0xF0235A11CE0FF1CE,L2_pair_up,"C06 XOR 0x66",xor_popcount,4,13,1,0,0,0,0x24,0x42,0x0000000,0,0.1303,0.1126,0.0000,0,0,,,,,,1792,
lab,0xF0235A11CE0FF1CE,L3_gibbs,"C06 XOR 0x66",xor_popcount,4,13,1,1,0,0,0x66,0x00,0x0000000,0,1.0000,0.0000,1.0000,0,0,,,,,,29,
lab,0xF0235A11CE0FF1CE,LW_mod2_wht,"C06 XOR 0x66",xor_popcount,4,13,1,1,0,0,0x66,0x00,0x0000000,0,1.0000,1.0000,1.0000,0,0,,,,,,511,
lab,0xF0235A11CE0FF1CE,LG_gf2,"C06 XOR 0x66",xor_popcount,4,13,1,1,0,0,0x66,0x00,0x0000000,0,1.0000,1.0000,1.0000,1,45,,,,,,1,
lab,0xF0235A11CE0FF1CE,L0_tb_argmax,"C06 XOR 0x66",xor_popcount,4,14,0,0,0,0,0x00,0x1E,0x0000000,0,0.0571,0.0017,0.0000,0,0,,,,,,162,
lab,0xF0235A11CE0FF1CE,L1_single_up,"C06 XOR 0x66",xor_popcount,4,14,1,0,0,0,0x40,0x26,0x0000000,0,0.0560,0.0390,0.0000,0,0,,,,,,1016,
lab,0xF0235A11CE0FF1CE,L2_pair_up,"C06 XOR 0x66",xor_popcount,4,14,1,0,0,0,0x24,0x42,0x0000000,0,0.1280,0.1157,0.0000,0,0,,,,,,1792,
lab,0xF0235A11CE0FF1CE,L3_gibbs,"C06 XOR 0x66",xor_popcount,4,14,1,1,0,0,0x66,0x00,0x0000000,0,1.0000,0.0000,1.0000,0,0,,,,,,29,
lab,0xF0235A11CE0FF1CE,LW_mod2_wht,"C06 XOR 0x66",xor_popcount,4,14,1,1,0,0,0x66,0x00,0x0000000,0,1.0000,1.0000,1.0000,0,0,,,,,,511,
lab,0xF0235A11CE0FF1CE,LG_gf2,"C06 XOR 0x66",xor_popcount,4,14,1,1,0,0,0x66,0x00,0x0000000,0,1.0000,1.0000,1.0000,1,45,,,,,,1,
lab,0xF0235A11CE0FF1CE,L0_tb_argmax,"C06 XOR 0x66",xor_popcount,4,15,0,0,0,0,0x00,0xCA,0x0000000,0,0.0497,0.0040,0.0000,0,0,,,,,,162,
lab,0xF0235A11CE0FF1CE,L1_single_up,"C06 XOR 0x66",xor_popcount,4,15,0,0,0,0,0x02,0x74,0x0000000,0,0.0514,0.0347,0.0000,0,0,,,,,,1016,
lab,0xF0235A11CE0FF1CE,L2_pair_up,"C06 XOR 0x66",xor_popcount,4,15,1,0,0,0,0x24,0x42,0x0000000,0,0.1211,0.1092,0.0000,0,0,,,,,,1792,
lab,0xF0235A11CE0FF1CE,L3_gibbs,"C06 XOR 0x66",xor_popcount,4,15,1,1,0,0,0x66,0x00,0x0000000,0,1.0000,0.0000,1.0000,0,0,,,,,,29,
lab,0xF0235A11CE0FF1CE,LW_mod2_wht,"C06 XOR 0x66",xor_popcount,4,15,1,1,0,0,0x66,0x00,0x0000000,0,1.0000,1.0000,1.0000,0,0,,,,,,511,
lab,0xF0235A11CE0FF1CE,LG_gf2,"C06 XOR 0x66",xor_popcount,4,15,1,1,0,0,0x66,0x00,0x0000000,0,1.0000,1.0000,1.0000,1,45,,,,,,1,
lab,0xF0235A11CE0FF1CE,L0_tb_argmax,"C06 XOR 0x66",xor_popcount,4,16,0,0,0,0,0x00,0xAA,0x0000000,0,0.0514,0.0080,0.0000,0,0,,,,,,162,
lab,0xF0235A11CE0FF1CE,L1_single_up,"C06 XOR 0x66",xor_popcount,4,16,0,0,0,0,0x10,0x83,0x0000000,0,0.0537,0.0331,0.0000,0,0,,,,,,1016,
lab,0xF0235A11CE0FF1CE,L2_pair_up,"C06 XOR 0x66",xor_popcount,4,16,1,0,0,0,0x60,0x06,0x0000000,0,0.1286,0.1097,0.0000,0,0,,,,,,1792,
lab,0xF0235A11CE0FF1CE,L3_gibbs,"C06 XOR 0x66",xor_popcount,4,16,1,1,0,0,0x66,0x00,0x0000000,0,1.0000,0.0000,1.0000,0,0,,,,,,29,
lab,0xF0235A11CE0FF1CE,LW_mod2_wht,"C06 XOR 0x66",xor_popcount,4,16,1,1,0,0,0x66,0x00,0x0000000,0,1.0000,1.0000,1.0000,0,0,,,,,,511,
lab,0xF0235A11CE0FF1CE,LG_gf2,"C06 XOR 0x66",xor_popcount,4,16,1,1,0,0,0x66,0x00,0x0000000,0,1.0000,1.0000,1.0000,1,45,,,,,,1,
lab,0xF0235A11CE0FF1CE,L0_tb_argmax,"C06 XOR 0x66",xor_popcount,4,17,0,0,0,0,0x00,0x82,0x0000000,0,0.0526,0.0154,0.0000,0,0,,,,,,162,
lab,0xF0235A11CE0FF1CE,L1_single_up,"C06 XOR 0x66",xor_popcount,4,17,0,0,0,0,0x08,0x87,0x0000000,0,0.0509,0.0404,0.0000,0,0,,,,,,1016,
lab,0xF0235A11CE0FF1CE,L2_pair_up,"C06 XOR 0x66",xor_popcount,4,17,1,0,0,0,0x24,0x42,0x0000000,0,0.1497,0.1218,0.0000,0,0,,,,,,1792,
lab,0xF0235A11CE0FF1CE,L3_gibbs,"C06 XOR 0x66",xor_popcount,4,17,1,1,0,0,0x66,0x00,0x0000000,0,1.0000,0.0000,1.0000,0,0,,,,,,29,
lab,0xF0235A11CE0FF1CE,LW_mod2_wht,"C06 XOR 0x66",xor_popcount,4,17,1,1,0,0,0x66,0x00,0x0000000,0,1.0000,1.0000,1.0000,0,0,,,,,,511,
lab,0xF0235A11CE0FF1CE,LG_gf2,"C06 XOR 0x66",xor_popcount,4,17,1,1,0,0,0x66,0x00,0x0000000,0,1.0000,1.0000,1.0000,1,45,,,,,,1,
lab,0xF0235A11CE0FF1CE,L0_tb_argmax,"C06 XOR 0x66",xor_popcount,4,18,0,0,0,0,0x00,0x48,0x0000000,0,0.0497,-0.0029,0.0000,0,0,,,,,,162,
lab,0xF0235A11CE0FF1CE,L1_single_up,"C06 XOR 0x66",xor_popcount,4,18,0,0,0,0,0x10,0x83,0x0000000,0,0.0554,0.0324,0.0000,0,0,,,,,,1016,
lab,0xF0235A11CE0FF1CE,L2_pair_up,"C06 XOR 0x66",xor_popcount,4,18,1,0,0,0,0x60,0x06,0x0000000,0,0.1331,0.1130,0.0000,0,0,,,,,,1792,
lab,0xF0235A11CE0FF1CE,L3_gibbs,"C06 XOR 0x66",xor_popcount,4,18,1,1,0,0,0x66,0x00,0x0000000,0,1.0000,0.0000,1.0000,0,0,,,,,,29,
lab,0xF0235A11CE0FF1CE,LW_mod2_wht,"C06 XOR 0x66",xor_popcount,4,18,1,1,0,0,0x66,0x00,0x0000000,0,1.0000,1.0000,1.0000,0,0,,,,,,511,
lab,0xF0235A11CE0FF1CE,LG_gf2,"C06 XOR 0x66",xor_popcount,4,18,1,1,0,0,0x66,0x00,0x0000000,0,1.0000,1.0000,1.0000,1,45,,,,,,1,
lab,0xF0235A11CE0FF1CE,L0_tb_argmax,"C06 XOR 0x66",xor_popcount,4,19,0,0,0,0,0x00,0x6C,0x0000000,0,0.0520,0.0269,0.0000,0,0,,,,,,162,
lab,0xF0235A11CE0FF1CE,L1_single_up,"C06 XOR 0x66",xor_popcount,4,19,1,0,0,0,0x40,0x26,0x0000000,0,0.0560,0.0464,0.0000,0,0,,,,,,1016,
lab,0xF0235A11CE0FF1CE,L2_pair_up,"C06 XOR 0x66",xor_popcount,4,19,1,0,0,0,0x22,0x44,0x0000000,0,0.1257,0.1153,0.0000,0,0,,,,,,1792,
lab,0xF0235A11CE0FF1CE,L3_gibbs,"C06 XOR 0x66",xor_popcount,4,19,1,1,0,0,0x66,0x00,0x0000000,0,1.0000,0.0000,1.0000,0,0,,,,,,29,
lab,0xF0235A11CE0FF1CE,LW_mod2_wht,"C06 XOR 0x66",xor_popcount,4,19,1,1,0,0,0x66,0x00,0x0000000,0,1.0000,1.0000,1.0000,0,0,,,,,,511,
lab,0xF0235A11CE0FF1CE,LG_gf2,"C06 XOR 0x66",xor_popcount,4,19,1,1,0,0,0x66,0x00,0x0000000,0,1.0000,1.0000,1.0000,1,45,,,,,,1,
lab,0xF0235A11CE0FF1CE,L0_tb_argmax,"C07 XOR 0x99",xor_popcount,4,0,0,0,0,0,0x00,0x12,0x0000000,0,0.0646,0.0086,0.0000,0,0,,,,,,162,
lab,0xF0235A11CE0FF1CE,L1_single_up,"C07 XOR 0x99",xor_popcount,4,0,0,0,0,0,0x08,0x87,0x0000000,0,0.0554,0.0239,0.0000,0,0,,,,,,1016,
lab,0xF0235A11CE0FF1CE,L2_pair_up,"C07 XOR 0x99",xor_popcount,4,0,1,0,0,0,0x81,0x18,0x0000000,0,0.1154,0.1070,0.0000,0,0,,,,,,1792,
lab,0xF0235A11CE0FF1CE,L3_gibbs,"C07 XOR 0x99",xor_popcount,4,0,1,1,0,0,0x99,0x00,0x0000000,0,1.0000,0.0000,1.0000,0,0,,,,,,29,
lab,0xF0235A11CE0FF1CE,LW_mod2_wht,"C07 XOR 0x99",xor_popcount,4,0,1,1,0,0,0x99,0x00,0x0000000,0,1.0000,1.0000,1.0000,0,0,,,,,,511,
lab,0xF0235A11CE0FF1CE,LG_gf2,"C07 XOR 0x99",xor_popcount,4,0,1,1,0,0,0x99,0x00,0x0000000,0,1.0000,1.0000,1.0000,1,45,,,,,,1,
lab,0xF0235A11CE0FF1CE,L0_tb_argmax,"C07 XOR 0x99",xor_popcount,4,1,0,0,0,0,0x00,0x12,0x0000000,0,0.0446,0.0097,0.0000,0,0,,,,,,162,
lab,0xF0235A11CE0FF1CE,L1_single_up,"C07 XOR 0x99",xor_popcount,4,1,0,0,0,0,0x40,0x98,0x0000000,0,0.0577,0.0224,0.0000,0,0,,,,,,1016,
lab,0xF0235A11CE0FF1CE,L2_pair_up,"C07 XOR 0x99",xor_popcount,4,1,1,0,0,0,0x09,0x90,0x0000000,0,0.1211,0.1068,0.0000,0,0,,,,,,1792,
lab,0xF0235A11CE0FF1CE,L3_gibbs,"C07 XOR 0x99",xor_popcount,4,1,1,1,0,0,0x99,0x00,0x0000000,0,1.0000,0.0000,1.0000,0,0,,,,,,29,
lab,0xF0235A11CE0FF1CE,LW_mod2_wht,"C07 XOR 0x99",xor_popcount,4,1,1,1,0,0,0x99,0x00,0x0000000,0,1.0000,1.0000,1.0000,0,0,,,,,,511,
lab,0xF0235A11CE0FF1CE,LG_gf2,"C07 XOR 0x99",xor_popcount,4,1,1,1,0,0,0x99,0x00,0x0000000,0,1.0000,1.0000,1.0000,1,45,,,,,,1,
lab,0xF0235A11CE0FF1CE,L0_tb_argmax,"C07 XOR 0x99",xor_popcount,4,2,0,0,0,0,0x00,0x12,0x0000000,0,0.0457,0.0103,0.0000,0,0,,,,,,162,
lab,0xF0235A11CE0FF1CE,L1_single_up,"C07 XOR 0x99",xor_popcount,4,2,0,0,0,0,0x80,0x01,0x0000000,0,0.0520,0.0254,0.0000,0,0,,,,,,1016,
lab,0xF0235A11CE0FF1CE,L2_pair_up,"C07 XOR 0x99",xor_popcount,4,2,1,0,0,0,0x18,0x81,0x0000000,0,0.1303,0.1112,0.0000,0,0,,,,,,1792,
lab,0xF0235A11CE0FF1CE,L3_gibbs,"C07 XOR 0x99",xor_popcount,4,2,1,1,0,0,0x99,0x00,0x0000000,0,1.0000,0.0000,1.0000,0,0,,,,,,29,
lab,0xF0235A11CE0FF1CE,LW_mod2_wht,"C07 XOR 0x99",xor_popcount,4,2,1,1,0,0,0x99,0x00,0x0000000,0,1.0000,1.0000,1.0000,0,0,,,,,,511,
lab,0xF0235A11CE0FF1CE,LG_gf2,"C07 XOR 0x99",xor_popcount,4,2,1,1,0,0,0x99,0x00,0x0000000,0,1.0000,1.0000,1.0000,1,45,,,,,,1,
lab,0xF0235A11CE0FF1CE,L0_tb_argmax,"C07 XOR 0x99",xor_popcount,4,3,0,0,0,0,0x00,0x35,0x0000000,0,0.0457,0.0171,0.0000,0,0,,,,,,162,
lab,0xF0235A11CE0FF1CE,L1_single_up,"C07 XOR 0x99",xor_popcount,4,3,1,0,0,0,0x01,0x98,0x0000000,0,0.0543,0.0351,0.0000,0,0,,,,,,1016,
lab,0xF0235A11CE0FF1CE,L2_pair_up,"C07 XOR 0x99",xor_popcount,4,3,1,0,0,0,0x81,0x18,0x0000000,0,0.1269,0.1135,0.0000,0,0,,,,,,1792,
lab,0xF0235A11CE0FF1CE,L3_gibbs,"C07 XOR 0x99",xor_popcount,4,3,1,1,0,0,0x99,0x00,0x0000000,0,1.0000,0.0000,1.0000,0,0,,,,,,29,
lab,0xF0235A11CE0FF1CE,LW_mod2_wht,"C07 XOR 0x99",xor_popcount,4,3,1,1,0,0,0x99,0x00,0x0000000,0,1.0000,1.0000,1.0000,0,0,,,,,,511,
lab,0xF0235A11CE0FF1CE,LG_gf2,"C07 XOR 0x99",xor_popcount,4,3,1,1,0,0,0x99,0x00,0x0000000,0,1.0000,1.0000,1.0000,1,45,,,,,,1,
lab,0xF0235A11CE0FF1CE,L0_tb_argmax,"C07 XOR 0x99",xor_popcount,4,4,0,0,0,0,0x00,0x56,0x0000000,0,0.0560,-0.0080,0.0000,0,0,,,,,,162,
lab,0xF0235A11CE0FF1CE,L1_single_up,"C07 XOR 0x99",xor_popcount,4,4,0,0,0,0,0x08,0x51,0x0000000,0,0.0531,0.0251,0.0000,0,0,,,,,,1016,
lab,0xF0235A11CE0FF1CE,L2_pair_up,"C07 XOR 0x99",xor_popcount,4,4,1,0,0,0,0x18,0x81,0x0000000,0,0.1229,0.1078,0.0000,0,0,,,,,,1792,
lab,0xF0235A11CE0FF1CE,L3_gibbs,"C07 XOR 0x99",xor_popcount,4,4,1,1,0,0,0x99,0x00,0x0000000,0,1.0000,0.0000,1.0000,0,0,,,,,,29,
lab,0xF0235A11CE0FF1CE,LW_mod2_wht,"C07 XOR 0x99",xor_popcount,4,4,1,1,0,0,0x99,0x00,0x0000000,0,1.0000,1.0000,1.0000,0,0,,,,,,511,
lab,0xF0235A11CE0FF1CE,LG_gf2,"C07 XOR 0x99",xor_popcount,4,4,1,1,0,0,0x99,0x00,0x0000000,0,1.0000,1.0000,1.0000,1,45,,,,,,1,
lab,0xF0235A11CE0FF1CE,L0_tb_argmax,"C07 XOR 0x99",xor_popcount,4,5,0,0,0,0,0x00,0x12,0x0000000,0,0.0731,0.0109,0.0000,0,0,,,,,,162,
lab,0xF0235A11CE0FF1CE,L1_single_up,"C07 XOR 0x99",xor_popcount,4,5,0,0,0,0,0x01,0xF2,0x0000000,0,0.0549,0.0281,0.0000,0,0,,,,,,1016,
lab,0xF0235A11CE0FF1CE,L2_pair_up,"C07 XOR 0x99",xor_popcount,4,5,1,0,0,0,0x88,0x11,0x0000000,0,0.1303,0.1066,0.0000,0,0,,,,,,1792,
lab,0xF0235A11CE0FF1CE,L3_gibbs,"C07 XOR 0x99",xor_popcount,4,5,1,1,0,0,0x99,0x00,0x0000000,0,1.0000,0.0000,1.0000,0,0,,,,,,29,
lab,0xF0235A11CE0FF1CE,LW_mod2_wht,"C07 XOR 0x99",xor_popcount,4,5,1,1,0,0,0x99,0x00,0x0000000,0,1.0000,1.0000,1.0000,0,0,,,,,,511,
lab,0xF0235A11CE0FF1CE,LG_gf2,"C07 XOR 0x99",xor_popcount,4,5,1,1,0,0,0x99,0x00,0x0000000,0,1.0000,1.0000,1.0000,1,45,,,,,,1,
lab,0xF0235A11CE0FF1CE,L0_tb_argmax,"C07 XOR 0x99",xor_popcount,4,6,0,0,0,0,0x00,0x40,0x0000000,0,0.0520,0.0177,0.0000,0,0,,,,,,162,
lab,0xF0235A11CE0FF1CE,L1_single_up,"C07 XOR 0x99",xor_popcount,4,6,0,0,0,0,0x20,0x4D,0x0000000,0,0.0537,0.0290,0.0000,0,0,,,,,,1016,
lab,0xF0235A11CE0FF1CE,L2_pair_up,"C07 XOR 0x99",xor_popcount,4,6,1,0,0,0,0x81,0x18,0x0000000,0,0.1223,0.1062,0.0000,0,0,,,,,,1792,
lab,0xF0235A11CE0FF1CE,L3_gibbs,"C07 XOR 0x99",xor_popcount,4,6,1,1,0,0,0x99,0x00,0x0000000,0,1.0000,0.0000,1.0000,0,0,,,,,,29,
lab,0xF0235A11CE0FF1CE,LW_mod2_wht,"C07 XOR 0x99",xor_popcount,4,6,1,1,0,0,0x99,0x00,0x0000000,0,1.0000,1.0000,1.0000,0,0,,,,,,511,
lab,0xF0235A11CE0FF1CE,LG_gf2,"C07 XOR 0x99",xor_popcount,4,6,1,1,0,0,0x99,0x00,0x0000000,0,1.0000,1.0000,1.0000,1,45,,,,,,1,
lab,0xF0235A11CE0FF1CE,L0_tb_argmax,"C07 XOR 0x99",xor_popcount,4,7,0,0,0,0,0x00,0x12,0x0000000,0,0.0520,0.0171,0.0000,0,0,,,,,,162,
lab,0xF0235A11CE0FF1CE,L1_single_up,"C07 XOR 0x99",xor_popcount,4,7,0,0,0,0,0x10,0x60,0x0000000,0,0.0554,0.0283,0.0000,0,0,,,,,,1016,
lab,0xF0235A11CE0FF1CE,L2_pair_up,"C07 XOR 0x99",xor_popcount,4,7,1,0,0,0,0x81,0x18,0x0000000,0,0.1206,0.1051,0.0000,0,0,,,,,,1792,
lab,0xF0235A11CE0FF1CE,L3_gibbs,"C07 XOR 0x99",xor_popcount,4,7,1,1,0,0,0x99,0x00,0x0000000,0,1.0000,0.0000,1.0000,0,0,,,,,,29,
lab,0xF0235A11CE0FF1CE,LW_mod2_wht,"C07 XOR 0x99",xor_popcount,4,7,1,1,0,0,0x99,0x00,0x0000000,0,1.0000,1.0000,1.0000,0,0,,,,,,511,
lab,0xF0235A11CE0FF1CE,LG_gf2,"C07 XOR 0x99",xor_popcount,4,7,1,1,0,0,0x99,0x00,0x0000000,0,1.0000,1.0000,1.0000,1,45,,,,,,1,
lab,0xF0235A11CE0FF1CE,L0_tb_argmax,"C07 XOR 0x99",xor_popcount,4,8,0,0,0,0,0x00,0x56,0x0000000,0,0.0537,0.0069,0.0000,0,0,,,,,,162,
lab,0xF0235A11CE0FF1CE,L1_single_up,"C07 XOR 0x99",xor_popcount,4,8,0,0,0,0,0x02,0x84,0x0000000,0,0.0526,0.0303,0.0000,0,0,,,,,,1016,
lab,0xF0235A11CE0FF1CE,L2_pair_up,"C07 XOR 0x99",xor_popcount,4,8,1,0,0,0,0x18,0x81,0x0000000,0,0.1171,0.1053,0.0000,0,0,,,,,,1792,
lab,0xF0235A11CE0FF1CE,L3_gibbs,"C07 XOR 0x99",xor_popcount,4,8,1,1,0,0,0x99,0x00,0x0000000,0,1.0000,0.0000,1.0000,0,0,,,,,,29,
lab,0xF0235A11CE0FF1CE,LW_mod2_wht,"C07 XOR 0x99",xor_popcount,4,8,1,1,0,0,0x99,0x00,0x0000000,0,1.0000,1.0000,1.0000,0,0,,,,,,511,
lab,0xF0235A11CE0FF1CE,LG_gf2,"C07 XOR 0x99",xor_popcount,4,8,1,1,0,0,0x99,0x00,0x0000000,0,1.0000,1.0000,1.0000,1,45,,,,,,1,
lab,0xF0235A11CE0FF1CE,L0_tb_argmax,"C07 XOR 0x99",xor_popcount,4,9,0,0,0,0,0x00,0x12,0x0000000,0,0.0646,0.0029,0.0000,0,0,,,,,,162,
lab,0xF0235A11CE0FF1CE,L1_single_up,"C07 XOR 0x99",xor_popcount,4,9,0,0,0,0,0x08,0xE3,0x0000000,0,0.0520,0.0161,0.0000,0,0,,,,,,1016,
lab,0xF0235A11CE0FF1CE,L2_pair_up,"C07 XOR 0x99",xor_popcount,4,9,1,0,0,0,0x18,0x81,0x0000000,0,0.1183,0.1007,0.0000,0,0,,,,,,1792,
lab,0xF0235A11CE0FF1CE,L3_gibbs,"C07 XOR 0x99",xor_popcount,4,9,1,1,0,0,0x99,0x00,0x0000000,0,1.0000,0.0000,1.0000,0,0,,,,,,29,
lab,0xF0235A11CE0FF1CE,LW_mod2_wht,"C07 XOR 0x99",xor_popcount,4,9,1,1,0,0,0x99,0x00,0x0000000,0,1.0000,1.0000,1.0000,0,0,,,,,,511,
lab,0xF0235A11CE0FF1CE,LG_gf2,"C07 XOR 0x99",xor_popcount,4,9,1,1,0,0,0x99,0x00,0x0000000,0,1.0000,1.0000,1.0000,1,45,,,,,,1,
lab,0xF0235A11CE0FF1CE,L0_tb_argmax,"C07 XOR 0x99",xor_popcount,4,10,0,0,0,0,0x00,0x12,0x0000000,0,0.0566,0.0029,0.0000,0,0,,,,,,162,
lab,0xF0235A11CE0FF1CE,L1_single_up,"C07 XOR 0x99",xor_popcount,4,10,0,0,0,0,0x40,0xA2,0x0000000,0,0.0503,0.0276,0.0000,0,0,,,,,,1016,
lab,0xF0235A11CE0FF1CE,L2_pair_up,"C07 XOR 0x99",xor_popcount,4,10,1,0,0,0,0x11,0x88,0x0000000,0,0.1251,0.1090,0.0000,0,0,,,,,,1792,
lab,0xF0235A11CE0FF1CE,L3_gibbs,"C07 XOR 0x99",xor_popcount,4,10,1,1,0,0,0x99,0x00,0x0000000,0,1.0000,0.0000,1.0000,0,0,,,,,,29,
lab,0xF0235A11CE0FF1CE,LW_mod2_wht,"C07 XOR 0x99",xor_popcount,4,10,1,1,0,0,0x99,0x00,0x0000000,0,1.0000,1.0000,1.0000,0,0,,,,,,511,
lab,0xF0235A11CE0FF1CE,LG_gf2,"C07 XOR 0x99",xor_popcount,4,10,1,1,0,0,0x99,0x00,0x0000000,0,1.0000,1.0000,1.0000,1,45,,,,,,1,
lab,0xF0235A11CE0FF1CE,L0_tb_argmax,"C07 XOR 0x99",xor_popcount,4,11,0,0,0,0,0x00,0x56,0x0000000,0,0.0629,0.0143,0.0000,0,0,,,,,,162,
lab,0xF0235A11CE0FF1CE,L1_single_up,"C07 XOR 0x99",xor_popcount,4,11,0,0,0,0,0x10,0x2E,0x0000000,0,0.0571,0.0301,0.0000,0,0,,,,,,1016,
lab,0xF0235A11CE0FF1CE,L2_pair_up,"C07 XOR 0x99",xor_popcount,4,11,1,0,0,0,0x11,0x88,0x0000000,0,0.1206,0.1033,0.0000,0,0,,,,,,1792,
lab,0xF0235A11CE0FF1CE,L3_gibbs,"C07 XOR 0x99",xor_popcount,4,11,1,1,0,0,0x99,0x00,0x0000000,0,1.0000,0.0000,1.0000,0,0,,,,,,29,
lab,0xF0235A11CE0FF1CE,LW_mod2_wht,"C07 XOR 0x99",xor_popcount,4,11,1,1,0,0,0x99,0x00,0x0000000,0,1.0000,1.0000,1.0000,0,0,,,,,,511,
lab,0xF0235A11CE0FF1CE,LG_gf2,"C07 XOR 0x99",xor_popcount,4,11,1,1,0,0,0x99,0x00,0x0000000,0,1.0000,1.0000,1.0000,1,45,,,,,,1,
lab,0xF0235A11CE0FF1CE,L0_tb_argmax,"C07 XOR 0x99",xor_popcount,4,12,0,0,0,0,0x00,0x6C,0x0000000,0,0.0611,0.0126,0.0000,0,0,,,,,,162,
lab,0xF0235A11CE0FF1CE,L1_single_up,"C07 XOR 0x99",xor_popcount,4,12,0,0,0,0,0x20,0x4D,0x0000000,0,0.0543,0.0351,0.0000,0,0,,,,,,1016,
lab,0xF0235A11CE0FF1CE,L2_pair_up,"C07 XOR 0x99",xor_popcount,4,12,1,0,0,0,0x11,0x88,0x0000000,0,0.1246,0.1067,0.0000,0,0,,,,,,1792,
lab,0xF0235A11CE0FF1CE,L3_gibbs,"C07 XOR 0x99",xor_popcount,4,12,1,1,0,0,0x99,0x00,0x0000000,0,1.0000,0.0000,1.0000,0,0,,,,,,29,
lab,0xF0235A11CE0FF1CE,LW_mod2_wht,"C07 XOR 0x99",xor_popcount,4,12,1,1,0,0,0x99,0x00,0x0000000,0,1.0000,1.0000,1.0000,0,0,,,,,,511,
lab,0xF0235A11CE0FF1CE,LG_gf2,"C07 XOR 0x99",xor_popcount,4,12,1,1,0,0,0x99,0x00,0x0000000,0,1.0000,1.0000,1.0000,1,45,,,,,,1,
lab,0xF0235A11CE0FF1CE,L0_tb_argmax,"C07 XOR 0x99",xor_popcount,4,13,0,0,0,0,0x00,0x12,0x0000000,0,0.0754,0.0023,0.0000,0,0,,,,,,162,
lab,0xF0235A11CE0FF1CE,L1_single_up,"C07 XOR 0x99",xor_popcount,4,13,0,0,0,0,0x20,0x55,0x0000000,0,0.0526,0.0194,0.0000,0,0,,,,,,1016,
lab,0xF0235A11CE0FF1CE,L2_pair_up,"C07 XOR 0x99",xor_popcount,4,13,1,0,0,0,0x18,0x81,0x0000000,0,0.1183,0.0996,0.0000,0,0,,,,,,1792,
lab,0xF0235A11CE0FF1CE,L3_gibbs,"C07 XOR 0x99",xor_popcount,4,13,1,1,0,0,0x99,0x00,0x0000000,0,1.0000,0.0000,1.0000,0,0,,,,,,29,
lab,0xF0235A11CE0FF1CE,LW_mod2_wht,"C07 XOR 0x99",xor_popcount,4,13,1,1,0,0,0x99,0x00,0x0000000,0,1.0000,1.0000,1.0000,0,0,,,,,,511,
lab,0xF0235A11CE0FF1CE,LG_gf2,"C07 XOR 0x99",xor_popcount,4,13,1,1,0,0,0x99,0x00,0x0000000,0,1.0000,1.0000,1.0000,1,45,,,,,,1,
lab,0xF0235A11CE0FF1CE,L0_tb_argmax,"C07 XOR 0x99",xor_popcount,4,14,0,0,0,0,0x00,0x12,0x0000000,0,0.0703,0.0069,0.0000,0,0,,,,,,162,
lab,0xF0235A11CE0FF1CE,L1_single_up,"C07 XOR 0x99",xor_popcount,4,14,0,0,0,0,0x10,0x2E,0x0000000,0,0.0537,0.0263,0.0000,0,0,,,,,,1016,
lab,0xF0235A11CE0FF1CE,L2_pair_up,"C07 XOR 0x99",xor_popcount,4,14,1,0,0,0,0x18,0x81,0x0000000,0,0.1383,0.1084,0.0000,0,0,,,,,,1792,
lab,0xF0235A11CE0FF1CE,L3_gibbs,"C07 XOR 0x99",xor_popcount,4,14,1,1,0,0,0x99,0x00,0x0000000,0,1.0000,0.0000,1.0000,0,0,,,,,,29,
lab,0xF0235A11CE0FF1CE,LW_mod2_wht,"C07 XOR 0x99",xor_popcount,4,14,1,1,0,0,0x99,0x00,0x0000000,0,1.0000,1.0000,1.0000,0,0,,,,,,511,
lab,0xF0235A11CE0FF1CE,LG_gf2,"C07 XOR 0x99",xor_popcount,4,14,1,1,0,0,0x99,0x00,0x0000000,0,1.0000,1.0000,1.0000,1,45,,,,,,1,
lab,0xF0235A11CE0FF1CE,L0_tb_argmax,"C07 XOR 0x99",xor_popcount,4,15,0,0,0,0,0x00,0x12,0x0000000,0,0.0446,0.0177,0.0000,0,0,,,,,,162,
lab,0xF0235A11CE0FF1CE,L1_single_up,"C07 XOR 0x99",xor_popcount,4,15,0,0,0,0,0x08,0x51,0x0000000,0,0.0520,0.0339,0.0000,0,0,,,,,,1016,
lab,0xF0235A11CE0FF1CE,L2_pair_up,"C07 XOR 0x99",xor_popcount,4,15,1,0,0,0,0x81,0x18,0x0000000,0,0.1194,0.1073,0.0000,0,0,,,,,,1792,
lab,0xF0235A11CE0FF1CE,L3_gibbs,"C07 XOR 0x99",xor_popcount,4,15,1,1,0,0,0x99,0x00,0x0000000,0,1.0000,0.0000,1.0000,0,0,,,,,,29,
lab,0xF0235A11CE0FF1CE,LW_mod2_wht,"C07 XOR 0x99",xor_popcount,4,15,1,1,0,0,0x99,0x00,0x0000000,0,1.0000,1.0000,1.0000,0,0,,,,,,511,
lab,0xF0235A11CE0FF1CE,LG_gf2,"C07 XOR 0x99",xor_popcount,4,15,1,1,0,0,0x99,0x00,0x0000000,0,1.0000,1.0000,1.0000,1,45,,,,,,1,
lab,0xF0235A11CE0FF1CE,L0_tb_argmax,"C07 XOR 0x99",xor_popcount,4,16,0,0,0,0,0x00,0x12,0x0000000,0,0.0589,0.0131,0.0000,0,0,,,,,,162,
lab,0xF0235A11CE0FF1CE,L1_single_up,"C07 XOR 0x99",xor_popcount,4,16,0,0,0,0,0x20,0x4B,0x0000000,0,0.0577,0.0321,0.0000,0,0,,,,,,1016,
lab,0xF0235A11CE0FF1CE,L2_pair_up,"C07 XOR 0x99",xor_popcount,4,16,1,0,0,0,0x18,0x81,0x0000000,0,0.1126,0.1005,0.0000,0,0,,,,,,1792,
lab,0xF0235A11CE0FF1CE,L3_gibbs,"C07 XOR 0x99",xor_popcount,4,16,1,1,0,0,0x99,0x00,0x0000000,0,1.0000,0.0000,1.0000,0,0,,,,,,29,
lab,0xF0235A11CE0FF1CE,LW_mod2_wht,"C07 XOR 0x99",xor_popcount,4,16,1,1,0,0,0x99,0x00,0x0000000,0,1.0000,1.0000,1.0000,0,0,,,,,,511,
lab,0xF0235A11CE0FF1CE,LG_gf2,"C07 XOR 0x99",xor_popcount,4,16,1,1,0,0,0x99,0x00,0x0000000,0,1.0000,1.0000,1.0000,1,45,,,,,,1,
lab,0xF0235A11CE0FF1CE,L0_tb_argmax,"C07 XOR 0x99",xor_popcount,4,17,0,0,0,0,0x00,0x56,0x0000000,0,0.0583,0.0126,0.0000,0,0,,,,,,162,
lab,0xF0235A11CE0FF1CE,L1_single_up,"C07 XOR 0x99",xor_popcount,4,17,0,0,0,0,0x80,0x71,0x0000000,0,0.0531,0.0289,0.0000,0,0,,,,,,1016,
lab,0xF0235A11CE0FF1CE,L2_pair_up,"C07 XOR 0x99",xor_popcount,4,17,1,0,0,0,0x81,0x18,0x0000000,0,0.1160,0.1040,0.0000,0,0,,,,,,1792,
lab,0xF0235A11CE0FF1CE,L3_gibbs,"C07 XOR 0x99",xor_popcount,4,17,1,1,0,0,0x99,0x00,0x0000000,0,1.0000,0.0000,1.0000,0,0,,,,,,29,
lab,0xF0235A11CE0FF1CE,LW_mod2_wht,"C07 XOR 0x99",xor_popcount,4,17,1,1,0,0,0x99,0x00,0x0000000,0,1.0000,1.0000,1.0000,0,0,,,,,,511,
lab,0xF0235A11CE0FF1CE,LG_gf2,"C07 XOR 0x99",xor_popcount,4,17,1,1,0,0,0x99,0x00,0x0000000,0,1.0000,1.0000,1.0000,1,45,,,,,,1,
lab,0xF0235A11CE0FF1CE,L0_tb_argmax,"C07 XOR 0x99",xor_popcount,4,18,0,0,0,0,0x00,0x12,0x0000000,0,0.0554,0.0103,0.0000,0,0,,,,,,162,
lab,0xF0235A11CE0FF1CE,L1_single_up,"C07 XOR 0x99",xor_popcount,4,18,0,0,0,0,0x04,0x32,0x0000000,0,0.0537,0.0269,0.0000,0,0,,,,,,1016,
lab,0xF0235A11CE0FF1CE,L2_pair_up,"C07 XOR 0x99",xor_popcount,4,18,1,0,0,0,0x18,0x81,0x0000000,0,0.1211,0.1070,0.0000,0,0,,,,,,1792,
lab,0xF0235A11CE0FF1CE,L3_gibbs,"C07 XOR 0x99",xor_popcount,4,18,1,1,0,0,0x99,0x00,0x0000000,0,1.0000,0.0000,1.0000,0,0,,,,,,29,
lab,0xF0235A11CE0FF1CE,LW_mod2_wht,"C07 XOR 0x99",xor_popcount,4,18,1,1,0,0,0x99,0x00,0x0000000,0,1.0000,1.0000,1.0000,0,0,,,,,,511,
lab,0xF0235A11CE0FF1CE,LG_gf2,"C07 XOR 0x99",xor_popcount,4,18,1,1,0,0,0x99,0x00,0x0000000,0,1.0000,1.0000,1.0000,1,45,,,,,,1,
lab,0xF0235A11CE0FF1CE,L0_tb_argmax,"C07 XOR 0x99",xor_popcount,4,19,0,0,0,0,0x00,0x35,0x0000000,0,0.0526,0.0126,0.0000,0,0,,,,,,162,
lab,0xF0235A11CE0FF1CE,L1_single_up,"C07 XOR 0x99",xor_popcount,4,19,0,0,0,0,0x10,0xA3,0x0000000,0,0.0531,0.0283,0.0000,0,0,,,,,,1016,
lab,0xF0235A11CE0FF1CE,L2_pair_up,"C07 XOR 0x99",xor_popcount,4,19,1,0,0,0,0x18,0x81,0x0000000,0,0.1291,0.1082,0.0000,0,0,,,,,,1792,
lab,0xF0235A11CE0FF1CE,L3_gibbs,"C07 XOR 0x99",xor_popcount,4,19,1,1,0,0,0x99,0x00,0x0000000,0,1.0000,0.0000,1.0000,0,0,,,,,,29,
lab,0xF0235A11CE0FF1CE,LW_mod2_wht,"C07 XOR 0x99",xor_popcount,4,19,1,1,0,0,0x99,0x00,0x0000000,0,1.0000,1.0000,1.0000,0,0,,,,,,511,
lab,0xF0235A11CE0FF1CE,LG_gf2,"C07 XOR 0x99",xor_popcount,4,19,1,1,0,0,0x99,0x00,0x0000000,0,1.0000,1.0000,1.0000,1,45,,,,,,1,
lab,0xF0235A11CE0FF1CE,L0_tb_argmax,"C08 parity count",mod_synthesis,8,0,0,0,0,0,0x00,0xA6,0x0000000,0,0.0537,1.0000,0.0000,0,0,,,,,,162,
lab,0xF0235A11CE0FF1CE,L1_single_up,"C08 parity count",mod_synthesis,8,0,0,0,0,0,0x10,0xEF,0x0000000,0,0.3480,0.3294,0.0000,0,0,,,,,,1016,
lab,0xF0235A11CE0FF1CE,L2_pair_up,"C08 parity count",mod_synthesis,8,0,0,0,0,0,0xC0,0x3F,0x0000000,0,0.1291,0.1042,0.0000,0,0,,,,,,1792,
lab,0xF0235A11CE0FF1CE,L3_gibbs,"C08 parity count",mod_synthesis,8,0,0,0,0,0,0xFF,0x00,0x0000000,0,0.0074,0.0000,0.0091,0,0,,,,,,228,
lab,0xF0235A11CE0FF1CE,LW_mod2_wht,"C08 parity count",mod_synthesis,8,0,1,1,0,0,0x00,0xFF,0x0000000,0,1.0000,1.0000,1.0000,0,0,,,,,,511,
lab,0xF0235A11CE0FF1CE,LG_gf2,"C08 parity count",mod_synthesis,8,0,1,1,0,0,0x00,0xFF,0x0000000,0,1.0000,1.0000,1.0000,1,45,,,,,,1,
lab,0xF0235A11CE0FF1CE,L0_tb_argmax,"C08 parity count",mod_synthesis,8,1,0,0,0,0,0x00,0x08,0x0000000,0,0.0440,1.0000,0.0000,0,0,,,,,,162,
lab,0xF0235A11CE0FF1CE,L1_single_up,"C08 parity count",mod_synthesis,8,1,0,0,0,0,0x10,0xEF,0x0000000,0,0.3823,0.3351,0.0000,0,0,,,,,,1016,
lab,0xF0235A11CE0FF1CE,L2_pair_up,"C08 parity count",mod_synthesis,8,1,0,0,0,0,0x50,0xAF,0x0000000,0,0.1349,0.1054,0.0000,0,0,,,,,,1792,
lab,0xF0235A11CE0FF1CE,L3_gibbs,"C08 parity count",mod_synthesis,8,1,0,0,0,0,0xFF,0x00,0x0000000,0,0.0023,0.0000,0.0011,0,0,,,,,,228,
lab,0xF0235A11CE0FF1CE,LW_mod2_wht,"C08 parity count",mod_synthesis,8,1,1,1,0,0,0x00,0xFF,0x0000000,0,1.0000,1.0000,1.0000,0,0,,,,,,511,
lab,0xF0235A11CE0FF1CE,LG_gf2,"C08 parity count",mod_synthesis,8,1,1,1,0,0,0x00,0xFF,0x0000000,0,1.0000,1.0000,1.0000,1,45,,,,,,1,
lab,0xF0235A11CE0FF1CE,L0_tb_argmax,"C08 parity count",mod_synthesis,8,2,0,0,0,0,0x00,0x08,0x0000000,0,0.0480,1.0000,0.0000,0,0,,,,,,162,
lab,0xF0235A11CE0FF1CE,L1_single_up,"C08 parity count",mod_synthesis,8,2,0,0,0,0,0x10,0xEF,0x0000000,0,0.3566,0.3330,0.0000,0,0,,,,,,1016,
lab,0xF0235A11CE0FF1CE,L2_pair_up,"C08 parity count",mod_synthesis,8,2,0,0,0,0,0x05,0xFA,0x0000000,0,0.1337,0.1052,0.0000,0,0,,,,,,1792,
lab,0xF0235A11CE0FF1CE,L3_gibbs,"C08 parity count",mod_synthesis,8,2,0,0,0,0,0xFF,0x00,0x0000000,0,0.0034,0.0000,0.0011,0,0,,,,,,228,
lab,0xF0235A11CE0FF1CE,LW_mod2_wht,"C08 parity count",mod_synthesis,8,2,1,1,0,0,0x00,0xFF,0x0000000,0,1.0000,1.0000,1.0000,0,0,,,,,,511,
lab,0xF0235A11CE0FF1CE,LG_gf2,"C08 parity count",mod_synthesis,8,2,1,1,0,0,0x00,0xFF,0x0000000,0,1.0000,1.0000,1.0000,1,45,,,,,,1,
lab,0xF0235A11CE0FF1CE,L0_tb_argmax,"C08 parity count",mod_synthesis,8,3,0,0,0,0,0x00,0x89,0x0000000,0,0.0457,1.0000,0.0000,0,0,,,,,,162,
lab,0xF0235A11CE0FF1CE,L1_single_up,"C08 parity count",mod_synthesis,8,3,0,0,0,0,0x40,0xBF,0x0000000,0,0.3623,0.3374,0.0000,0,0,,,,,,1016,
lab,0xF0235A11CE0FF1CE,L2_pair_up,"C08 parity count",mod_synthesis,8,3,0,0,0,0,0x05,0xFA,0x0000000,0,0.1326,0.1090,0.0000,0,0,,,,,,1792,
lab,0xF0235A11CE0FF1CE,L3_gibbs,"C08 parity count",mod_synthesis,8,3,0,0,0,0,0xFF,0x00,0x0000000,0,0.0131,0.0000,0.0320,0,0,,,,,,228,
lab,0xF0235A11CE0FF1CE,LW_mod2_wht,"C08 parity count",mod_synthesis,8,3,1,1,0,0,0x00,0xFF,0x0000000,0,1.0000,1.0000,1.0000,0,0,,,,,,511,
lab,0xF0235A11CE0FF1CE,LG_gf2,"C08 parity count",mod_synthesis,8,3,1,1,0,0,0x00,0xFF,0x0000000,0,1.0000,1.0000,1.0000,1,45,,,,,,1,
lab,0xF0235A11CE0FF1CE,L0_tb_argmax,"C08 parity count",mod_synthesis,8,4,0,0,0,0,0x00,0x08,0x0000000,0,0.0457,1.0000,0.0000,0,0,,,,,,162,
lab,0xF0235A11CE0FF1CE,L1_single_up,"C08 parity count",mod_synthesis,8,4,0,0,0,0,0x10,0xEF,0x0000000,0,0.3731,0.3394,0.0000,0,0,,,,,,1016,
lab,0xF0235A11CE0FF1CE,L2_pair_up,"C08 parity count",mod_synthesis,8,4,0,0,0,0,0x42,0xBD,0x0000000,0,0.1320,0.1109,0.0000,0,0,,,,,,1792,
lab,0xF0235A11CE0FF1CE,L3_gibbs,"C08 parity count",mod_synthesis,8,4,0,0,0,0,0xFF,0x00,0x0000000,0,0.0074,0.0000,0.0091,0,0,,,,,,228,
lab,0xF0235A11CE0FF1CE,LW_mod2_wht,"C08 parity count",mod_synthesis,8,4,1,1,0,0,0x00,0xFF,0x0000000,0,1.0000,1.0000,1.0000,0,0,,,,,,511,
lab,0xF0235A11CE0FF1CE,LG_gf2,"C08 parity count",mod_synthesis,8,4,1,1,0,0,0x00,0xFF,0x0000000,0,1.0000,1.0000,1.0000,1,45,,,,,,1,
lab,0xF0235A11CE0FF1CE,L0_tb_argmax,"C08 parity count",mod_synthesis,8,5,0,0,0,0,0x00,0x08,0x0000000,0,0.0549,1.0000,0.0000,0,0,,,,,,162,
lab,0xF0235A11CE0FF1CE,L1_single_up,"C08 parity count",mod_synthesis,8,5,0,0,0,0,0x10,0xEF,0x0000000,0,0.3577,0.3404,0.0000,0,0,,,,,,1016,
lab,0xF0235A11CE0FF1CE,L2_pair_up,"C08 parity count",mod_synthesis,8,5,0,0,0,0,0xC0,0x3F,0x0000000,0,0.1429,0.1131,0.0000,0,0,,,,,,1792,
lab,0xF0235A11CE0FF1CE,L3_gibbs,"C08 parity count",mod_synthesis,8,5,0,0,0,0,0xFF,0x00,0x0000000,0,0.0034,0.0000,0.0126,0,0,,,,,,228,
lab,0xF0235A11CE0FF1CE,LW_mod2_wht,"C08 parity count",mod_synthesis,8,5,1,1,0,0,0x00,0xFF,0x0000000,0,1.0000,1.0000,1.0000,0,0,,,,,,511,
lab,0xF0235A11CE0FF1CE,LG_gf2,"C08 parity count",mod_synthesis,8,5,1,1,0,0,0x00,0xFF,0x0000000,0,1.0000,1.0000,1.0000,1,45,,,,,,1,
lab,0xF0235A11CE0FF1CE,L0_tb_argmax,"C08 parity count",mod_synthesis,8,6,0,0,0,0,0x00,0x87,0x0000000,0,0.0377,1.0000,0.0000,0,0,,,,,,162,
lab,0xF0235A11CE0FF1CE,L1_single_up,"C08 parity count",mod_synthesis,8,6,0,0,0,0,0x10,0xEF,0x0000000,0,0.3686,0.3373,0.0000,0,0,,,,,,1016,
lab,0xF0235A11CE0FF1CE,L2_pair_up,"C08 parity count",mod_synthesis,8,6,0,0,0,0,0x50,0xAF,0x0000000,0,0.1366,0.1101,0.0000,0,0,,,,,,1792,
lab,0xF0235A11CE0FF1CE,L3_gibbs,"C08 parity count",mod_synthesis,8,6,0,0,0,0,0xFF,0x00,0x0000000,0,0.0137,0.0000,0.0217,0,0,,,,,,228,
lab,0xF0235A11CE0FF1CE,LW_mod2_wht,"C08 parity count",mod_synthesis,8,6,1,1,0,0,0x00,0xFF,0x0000000,0,1.0000,1.0000,1.0000,0,0,,,,,,511,
lab,0xF0235A11CE0FF1CE,LG_gf2,"C08 parity count",mod_synthesis,8,6,1,1,0,0,0x00,0xFF,0x0000000,0,1.0000,1.0000,1.0000,1,45,,,,,,1,
lab,0xF0235A11CE0FF1CE,L0_tb_argmax,"C08 parity count",mod_synthesis,8,7,0,0,0,0,0x00,0x8C,0x0000000,0,0.0354,1.0000,0.0000,0,0,,,,,,162,
lab,0xF0235A11CE0FF1CE,L1_single_up,"C08 parity count",mod_synthesis,8,7,0,0,0,0,0x10,0xEF,0x0000000,0,0.3629,0.3429,0.0000,0,0,,,,,,1016,
lab,0xF0235A11CE0FF1CE,L2_pair_up,"C08 parity count",mod_synthesis,8,7,0,0,0,0,0xC0,0x3F,0x0000000,0,0.1400,0.1133,0.0000,0,0,,,,,,1792,
lab,0xF0235A11CE0FF1CE,L3_gibbs,"C08 parity count",mod_synthesis,8,7,0,0,0,0,0xFF,0x00,0x0000000,0,0.0011,0.0000,0.0034,0,0,,,,,,228,
lab,0xF0235A11CE0FF1CE,LW_mod2_wht,"C08 parity count",mod_synthesis,8,7,1,1,0,0,0x00,0xFF,0x0000000,0,1.0000,1.0000,1.0000,0,0,,,,,,511,
lab,0xF0235A11CE0FF1CE,LG_gf2,"C08 parity count",mod_synthesis,8,7,1,1,0,0,0x00,0xFF,0x0000000,0,1.0000,1.0000,1.0000,1,45,,,,,,1,
lab,0xF0235A11CE0FF1CE,L0_tb_argmax,"C08 parity count",mod_synthesis,8,8,0,0,0,0,0x00,0xC1,0x0000000,0,0.0463,1.0000,0.0000,0,0,,,,,,162,
lab,0xF0235A11CE0FF1CE,L1_single_up,"C08 parity count",mod_synthesis,8,8,0,0,0,0,0x10,0xEF,0x0000000,0,0.3606,0.3395,0.0000,0,0,,,,,,1016,
lab,0xF0235A11CE0FF1CE,L2_pair_up,"C08 parity count",mod_synthesis,8,8,0,0,0,0,0x44,0xBB,0x0000000,0,0.1343,0.1138,0.0000,0,0,,,,,,1792,
lab,0xF0235A11CE0FF1CE,L3_gibbs,"C08 parity count",mod_synthesis,8,8,0,0,0,0,0xFF,0x00,0x0000000,0,0.0143,0.0000,0.0229,0,0,,,,,,228,
lab,0xF0235A11CE0FF1CE,LW_mod2_wht,"C08 parity count",mod_synthesis,8,8,1,1,0,0,0x00,0xFF,0x0000000,0,1.0000,1.0000,1.0000,0,0,,,,,,511,
lab,0xF0235A11CE0FF1CE,LG_gf2,"C08 parity count",mod_synthesis,8,8,1,1,0,0,0x00,0xFF,0x0000000,0,1.0000,1.0000,1.0000,1,45,,,,,,1,
lab,0xF0235A11CE0FF1CE,L0_tb_argmax,"C08 parity count",mod_synthesis,8,9,0,0,0,0,0x00,0x2A,0x0000000,0,0.0434,1.0000,0.0000,0,0,,,,,,162,
lab,0xF0235A11CE0FF1CE,L1_single_up,"C08 parity count",mod_synthesis,8,9,0,0,0,0,0x10,0xEF,0x0000000,0,0.3617,0.3376,0.0000,0,0,,,,,,1016,
lab,0xF0235A11CE0FF1CE,L2_pair_up,"C08 parity count",mod_synthesis,8,9,0,0,0,0,0x50,0xAF,0x0000000,0,0.1354,0.1093,0.0000,0,0,,,,,,1792,
lab,0xF0235A11CE0FF1CE,L3_gibbs,"C08 parity count",mod_synthesis,8,9,0,0,0,0,0xFF,0x00,0x0000000,0,0.0240,0.0000,0.0423,0,0,,,,,,228,
lab,0xF0235A11CE0FF1CE,LW_mod2_wht,"C08 parity count",mod_synthesis,8,9,1,1,0,0,0x00,0xFF,0x0000000,0,1.0000,1.0000,1.0000,0,0,,,,,,511,
lab,0xF0235A11CE0FF1CE,LG_gf2,"C08 parity count",mod_synthesis,8,9,1,1,0,0,0x00,0xFF,0x0000000,0,1.0000,1.0000,1.0000,1,45,,,,,,1,
lab,0xF0235A11CE0FF1CE,L0_tb_argmax,"C08 parity count",mod_synthesis,8,10,0,0,0,0,0x00,0x08,0x0000000,0,0.0480,1.0000,0.0000,0,0,,,,,,162,
lab,0xF0235A11CE0FF1CE,L1_single_up,"C08 parity count",mod_synthesis,8,10,0,0,0,0,0x10,0xEF,0x0000000,0,0.3589,0.3326,0.0000,0,0,,,,,,1016,
lab,0xF0235A11CE0FF1CE,L2_pair_up,"C08 parity count",mod_synthesis,8,10,0,0,0,0,0x06,0xF9,0x0000000,0,0.1240,0.1051,0.0000,0,0,,,,,,1792,
lab,0xF0235A11CE0FF1CE,L3_gibbs,"C08 parity count",mod_synthesis,8,10,0,0,0,0,0xFF,0x00,0x0000000,0,0.0126,0.0000,0.0194,0,0,,,,,,228,
lab,0xF0235A11CE0FF1CE,LW_mod2_wht,"C08 parity count",mod_synthesis,8,10,1,1,0,0,0x00,0xFF,0x0000000,0,1.0000,1.0000,1.0000,0,0,,,,,,511,
lab,0xF0235A11CE0FF1CE,LG_gf2,"C08 parity count",mod_synthesis,8,10,1,1,0,0,0x00,0xFF,0x0000000,0,1.0000,1.0000,1.0000,1,45,,,,,,1,
lab,0xF0235A11CE0FF1CE,L0_tb_argmax,"C08 parity count",mod_synthesis,8,11,0,0,0,0,0x00,0xA6,0x0000000,0,0.0434,1.0000,0.0000,0,0,,,,,,162,
lab,0xF0235A11CE0FF1CE,L1_single_up,"C08 parity count",mod_synthesis,8,11,0,0,0,0,0x10,0xEF,0x0000000,0,0.3611,0.3347,0.0000,0,0,,,,,,1016,
lab,0xF0235A11CE0FF1CE,L2_pair_up,"C08 parity count",mod_synthesis,8,11,0,0,0,0,0x22,0xDD,0x0000000,0,0.1217,0.1070,0.0000,0,0,,,,,,1792,
lab,0xF0235A11CE0FF1CE,L3_gibbs,"C08 parity count",mod_synthesis,8,11,0,0,0,0,0xFF,0x00,0x0000000,0,0.0080,0.0000,0.0103,0,0,,,,,,228,
lab,0xF0235A11CE0FF1CE,LW_mod2_wht,"C08 parity count",mod_synthesis,8,11,1,1,0,0,0x00,0xFF,0x0000000,0,1.0000,1.0000,1.0000,0,0,,,,,,511,
lab,0xF0235A11CE0FF1CE,LG_gf2,"C08 parity count",mod_synthesis,8,11,1,1,0,0,0x00,0xFF,0x0000000,0,1.0000,1.0000,1.0000,1,45,,,,,,1,
lab,0xF0235A11CE0FF1CE,L0_tb_argmax,"C08 parity count",mod_synthesis,8,12,0,0,0,0,0x00,0x89,0x0000000,0,0.0451,1.0000,0.0000,0,0,,,,,,162,
lab,0xF0235A11CE0FF1CE,L1_single_up,"C08 parity count",mod_synthesis,8,12,0,0,0,0,0x10,0xEF,0x0000000,0,0.3549,0.3319,0.0000,0,0,,,,,,1016,
lab,0xF0235A11CE0FF1CE,L2_pair_up,"C08 parity count",mod_synthesis,8,12,0,0,0,0,0x81,0x7E,0x0000000,0,0.1354,0.1060,0.0000,0,0,,,,,,1792,
lab,0xF0235A11CE0FF1CE,L3_gibbs,"C08 parity count",mod_synthesis,8,12,0,0,0,0,0xFF,0x00,0x0000000,0,0.0097,0.0000,0.0137,0,0,,,,,,228,
lab,0xF0235A11CE0FF1CE,LW_mod2_wht,"C08 parity count",mod_synthesis,8,12,1,1,0,0,0x00,0xFF,0x0000000,0,1.0000,1.0000,1.0000,0,0,,,,,,511,
lab,0xF0235A11CE0FF1CE,LG_gf2,"C08 parity count",mod_synthesis,8,12,1,1,0,0,0x00,0xFF,0x0000000,0,1.0000,1.0000,1.0000,1,45,,,,,,1,
lab,0xF0235A11CE0FF1CE,L0_tb_argmax,"C08 parity count",mod_synthesis,8,13,0,0,0,0,0x00,0xE8,0x0000000,0,0.0411,1.0000,0.0000,0,0,,,,,,162,
lab,0xF0235A11CE0FF1CE,L1_single_up,"C08 parity count",mod_synthesis,8,13,0,0,0,0,0x10,0xEF,0x0000000,0,0.3714,0.3420,0.0000,0,0,,,,,,1016,
lab,0xF0235A11CE0FF1CE,L2_pair_up,"C08 parity count",mod_synthesis,8,13,0,0,0,0,0xC0,0x3F,0x0000000,0,0.1366,0.1107,0.0000,0,0,,,,,,1792,
lab,0xF0235A11CE0FF1CE,L3_gibbs,"C08 parity count",mod_synthesis,8,13,0,0,0,0,0xFF,0x00,0x0000000,0,0.0023,0.0000,0.0103,0,0,,,,,,228,
lab,0xF0235A11CE0FF1CE,LW_mod2_wht,"C08 parity count",mod_synthesis,8,13,1,1,0,0,0x00,0xFF,0x0000000,0,1.0000,1.0000,1.0000,0,0,,,,,,511,
lab,0xF0235A11CE0FF1CE,LG_gf2,"C08 parity count",mod_synthesis,8,13,1,1,0,0,0x00,0xFF,0x0000000,0,1.0000,1.0000,1.0000,1,45,,,,,,1,
lab,0xF0235A11CE0FF1CE,L0_tb_argmax,"C08 parity count",mod_synthesis,8,14,0,0,0,0,0x00,0x27,0x0000000,0,0.0400,1.0000,0.0000,0,0,,,,,,162,
lab,0xF0235A11CE0FF1CE,L1_single_up,"C08 parity count",mod_synthesis,8,14,0,0,0,0,0x10,0xEF,0x0000000,0,0.3571,0.3358,0.0000,0,0,,,,,,1016,
lab,0xF0235A11CE0FF1CE,L2_pair_up,"C08 parity count",mod_synthesis,8,14,0,0,0,0,0x06,0xF9,0x0000000,0,0.1383,0.1081,0.0000,0,0,,,,,,1792,
lab,0xF0235A11CE0FF1CE,L3_gibbs,"C08 parity count",mod_synthesis,8,14,0,0,0,0,0xFF,0x00,0x0000000,0,0.0120,0.0000,0.0183,0,0,,,,,,228,
lab,0xF0235A11CE0FF1CE,LW_mod2_wht,"C08 parity count",mod_synthesis,8,14,1,1,0,0,0x00,0xFF,0x0000000,0,1.0000,1.0000,1.0000,0,0,,,,,,511,
lab,0xF0235A11CE0FF1CE,LG_gf2,"C08 parity count",mod_synthesis,8,14,1,1,0,0,0x00,0xFF,0x0000000,0,1.0000,1.0000,1.0000,1,45,,,,,,1,
lab,0xF0235A11CE0FF1CE,L0_tb_argmax,"C08 parity count",mod_synthesis,8,15,0,0,0,0,0x00,0x74,0x0000000,0,0.0389,1.0000,0.0000,0,0,,,,,,162,
lab,0xF0235A11CE0FF1CE,L1_single_up,"C08 parity count",mod_synthesis,8,15,0,0,0,0,0x40,0xBF,0x0000000,0,0.3480,0.3369,0.0000,0,0,,,,,,1016,
lab,0xF0235A11CE0FF1CE,L2_pair_up,"C08 parity count",mod_synthesis,8,15,0,0,0,0,0x06,0xF9,0x0000000,0,0.1320,0.1072,0.0000,0,0,,,,,,1792,
lab,0xF0235A11CE0FF1CE,L3_gibbs,"C08 parity count",mod_synthesis,8,15,0,0,0,0,0xFF,0x00,0x0000000,0,0.0109,0.0000,0.0274,0,0,,,,,,228,
lab,0xF0235A11CE0FF1CE,LW_mod2_wht,"C08 parity count",mod_synthesis,8,15,1,1,0,0,0x00,0xFF,0x0000000,0,1.0000,1.0000,1.0000,0,0,,,,,,511,
lab,0xF0235A11CE0FF1CE,LG_gf2,"C08 parity count",mod_synthesis,8,15,1,1,0,0,0x00,0xFF,0x0000000,0,1.0000,1.0000,1.0000,1,45,,,,,,1,
lab,0xF0235A11CE0FF1CE,L0_tb_argmax,"C08 parity count",mod_synthesis,8,16,0,0,0,0,0x00,0xB2,0x0000000,0,0.0411,1.0000,0.0000,0,0,,,,,,162,
lab,0xF0235A11CE0FF1CE,L1_single_up,"C08 parity count",mod_synthesis,8,16,0,0,0,0,0x40,0xBF,0x0000000,0,0.3509,0.3361,0.0000,0,0,,,,,,1016,
lab,0xF0235A11CE0FF1CE,L2_pair_up,"C08 parity count",mod_synthesis,8,16,0,0,0,0,0x05,0xFA,0x0000000,0,0.1383,0.1090,0.0000,0,0,,,,,,1792,
lab,0xF0235A11CE0FF1CE,L3_gibbs,"C08 parity count",mod_synthesis,8,16,0,0,0,0,0xFF,0x00,0x0000000,0,0.0080,0.0000,0.0103,0,0,,,,,,228,
lab,0xF0235A11CE0FF1CE,LW_mod2_wht,"C08 parity count",mod_synthesis,8,16,1,1,0,0,0x00,0xFF,0x0000000,0,1.0000,1.0000,1.0000,0,0,,,,,,511,
lab,0xF0235A11CE0FF1CE,LG_gf2,"C08 parity count",mod_synthesis,8,16,1,1,0,0,0x00,0xFF,0x0000000,0,1.0000,1.0000,1.0000,1,45,,,,,,1,
lab,0xF0235A11CE0FF1CE,L0_tb_argmax,"C08 parity count",mod_synthesis,8,17,0,0,0,0,0x00,0x1E,0x0000000,0,0.0429,1.0000,0.0000,0,0,,,,,,162,
lab,0xF0235A11CE0FF1CE,L1_single_up,"C08 parity count",mod_synthesis,8,17,0,0,0,0,0x10,0xEF,0x0000000,0,0.3611,0.3381,0.0000,0,0,,,,,,1016,
lab,0xF0235A11CE0FF1CE,L2_pair_up,"C08 parity count",mod_synthesis,8,17,0,0,0,0,0x42,0xBD,0x0000000,0,0.1440,0.1090,0.0000,0,0,,,,,,1792,
lab,0xF0235A11CE0FF1CE,L3_gibbs,"C08 parity count",mod_synthesis,8,17,0,0,0,0,0xFF,0x00,0x0000000,0,0.0114,0.0000,0.0171,0,0,,,,,,228,
lab,0xF0235A11CE0FF1CE,LW_mod2_wht,"C08 parity count",mod_synthesis,8,17,1,1,0,0,0x00,0xFF,0x0000000,0,1.0000,1.0000,1.0000,0,0,,,,,,511,
lab,0xF0235A11CE0FF1CE,LG_gf2,"C08 parity count",mod_synthesis,8,17,1,1,0,0,0x00,0xFF,0x0000000,0,1.0000,1.0000,1.0000,1,45,,,,,,1,
lab,0xF0235A11CE0FF1CE,L0_tb_argmax,"C08 parity count",mod_synthesis,8,18,0,0,0,0,0x00,0x08,0x0000000,0,0.0411,1.0000,0.0000,0,0,,,,,,162,
lab,0xF0235A11CE0FF1CE,L1_single_up,"C08 parity count",mod_synthesis,8,18,0,0,0,0,0x10,0xEF,0x0000000,0,0.3531,0.3350,0.0000,0,0,,,,,,1016,
lab,0xF0235A11CE0FF1CE,L2_pair_up,"C08 parity count",mod_synthesis,8,18,0,0,0,0,0x42,0xBD,0x0000000,0,0.1474,0.1109,0.0000,0,0,,,,,,1792,
lab,0xF0235A11CE0FF1CE,L3_gibbs,"C08 parity count",mod_synthesis,8,18,0,0,0,0,0xFF,0x00,0x0000000,0,0.0057,0.0000,0.0057,0,0,,,,,,228,
lab,0xF0235A11CE0FF1CE,LW_mod2_wht,"C08 parity count",mod_synthesis,8,18,1,1,0,0,0x00,0xFF,0x0000000,0,1.0000,1.0000,1.0000,0,0,,,,,,511,
lab,0xF0235A11CE0FF1CE,LG_gf2,"C08 parity count",mod_synthesis,8,18,1,1,0,0,0x00,0xFF,0x0000000,0,1.0000,1.0000,1.0000,1,45,,,,,,1,
lab,0xF0235A11CE0FF1CE,L0_tb_argmax,"C08 parity count",mod_synthesis,8,19,0,0,0,0,0x00,0x45,0x0000000,0,0.0469,1.0000,0.0000,0,0,,,,,,162,
lab,0xF0235A11CE0FF1CE,L1_single_up,"C08 parity count",mod_synthesis,8,19,0,0,0,0,0x10,0xEF,0x0000000,0,0.3629,0.3427,0.0000,0,0,,,,,,1016,
lab,0xF0235A11CE0FF1CE,L2_pair_up,"C08 parity count",mod_synthesis,8,19,0,0,0,0,0xC0,0x3F,0x0000000,0,0.1411,0.1129,0.0000,0,0,,,,,,1792,
lab,0xF0235A11CE0FF1CE,L3_gibbs,"C08 parity count",mod_synthesis,8,19,0,0,0,0,0xFF,0x00,0x0000000,0,0.0069,0.0000,0.0080,0,0,,,,,,228,
lab,0xF0235A11CE0FF1CE,LW_mod2_wht,"C08 parity count",mod_synthesis,8,19,1,1,0,0,0x00,0xFF,0x0000000,0,1.0000,1.0000,1.0000,0,0,,,,,,511,
lab,0xF0235A11CE0FF1CE,LG_gf2,"C08 parity count",mod_synthesis,8,19,1,1,0,0,0x00,0xFF,0x0000000,0,1.0000,1.0000,1.0000,1,45,,,,,,1,
lab,0xF0235A11CE0FF1CE,L0_tb_argmax,"C09 inv parity",pipeline,28,0,0,0,0,0,0x00,0xC1,0x0000000,0,0.0463,0.0000,0.0000,0,0,,,,,,162,
lab,0xF0235A11CE0FF1CE,L1_single_up,"C09 inv parity",pipeline,28,0,0,0,0,0,0x04,0x0B,0x0000000,0,0.0554,0.0000,0.0000,0,0,,,,,,1016,
lab,0xF0235A11CE0FF1CE,L2_pair_up,"C09 inv parity",pipeline,28,0,0,0,0,0,0xC0,0x32,0x0000000,0,0.0623,0.0000,0.0000,0,0,,,,,,1792,
lab,0xF0235A11CE0FF1CE,L3_gibbs,"C09 inv parity",pipeline,28,0,0,0,0,0,0x0F,0x00,0x0000000,0,0.0109,0.0000,0.0377,0,0,,,,,,187,
lab,0xF0235A11CE0FF1CE,LW_mod2_wht,"C09 inv parity",pipeline,28,0,0,0,0,0,0x00,0xC1,0x0000000,0,0.0463,0.0000,0.0183,0,0,,,,,,511,
lab,0xF0235A11CE0FF1CE,LG_gf2,"C09 inv parity",pipeline,28,0,1,1,0,0,0x00,0x00,0xFFFFFFF,0,1.0000,1.0000,1.0000,1,45,,,,,,1,
lab,0xF0235A11CE0FF1CE,c09_probes,"C09 inv parity",pipeline,28,0,0,0,0,0,0x00,0x00,0x0000100,0,0.0389,0.1017,0.0274,0,0,,,,,,428,"single=0.0389;subset=0.1017;gibbs_end=0.0274"
lab,0xF0235A11CE0FF1CE,L0_tb_argmax,"C09 inv parity",pipeline,28,1,0,0,0,0,0x00,0xC2,0x0000000,0,0.0491,0.0000,0.0000,0,0,,,,,,162,
lab,0xF0235A11CE0FF1CE,L1_single_up,"C09 inv parity",pipeline,28,1,0,0,0,0,0x02,0x15,0x0000000,0,0.0497,0.0000,0.0000,0,0,,,,,,1016,
lab,0xF0235A11CE0FF1CE,L2_pair_up,"C09 inv parity",pipeline,28,1,0,0,0,0,0x50,0x84,0x0000000,0,0.0680,0.0000,0.0000,0,0,,,,,,1792,
lab,0xF0235A11CE0FF1CE,L3_gibbs,"C09 inv parity",pipeline,28,1,0,0,0,0,0xCE,0x00,0x0000000,0,0.0080,0.0000,0.0571,0,0,,,,,,183,
lab,0xF0235A11CE0FF1CE,LW_mod2_wht,"C09 inv parity",pipeline,28,1,0,0,0,0,0x62,0x00,0x0000000,0,0.0549,0.0000,0.0000,0,0,,,,,,511,
lab,0xF0235A11CE0FF1CE,LG_gf2,"C09 inv parity",pipeline,28,1,1,1,0,0,0x00,0x00,0xFFFFFFF,0,1.0000,1.0000,1.0000,1,45,,,,,,1,
lab,0xF0235A11CE0FF1CE,c09_probes,"C09 inv parity",pipeline,28,1,0,0,0,0,0x00,0x00,0x0000122,0,0.0331,0.0589,0.0343,0,0,,,,,,568,"single=0.0331;subset=0.0589;gibbs_end=0.0343"
lab,0xF0235A11CE0FF1CE,L0_tb_argmax,"C09 inv parity",pipeline,28,2,0,0,0,0,0x00,0xB0,0x0000000,0,0.0434,0.0000,0.0000,0,0,,,,,,162,
lab,0xF0235A11CE0FF1CE,L1_single_up,"C09 inv parity",pipeline,28,2,0,0,0,0,0x10,0xA9,0x0000000,0,0.0606,0.0000,0.0000,0,0,,,,,,1016,
lab,0xF0235A11CE0FF1CE,L2_pair_up,"C09 inv parity",pipeline,28,2,0,0,0,0,0x90,0x62,0x0000000,0,0.0543,0.0000,0.0000,0,0,,,,,,1792,
lab,0xF0235A11CE0FF1CE,L3_gibbs,"C09 inv parity",pipeline,28,2,0,0,0,0,0xC3,0x00,0x0000000,0,0.0183,0.0000,0.0640,0,0,,,,,,205,
lab,0xF0235A11CE0FF1CE,LW_mod2_wht,"C09 inv parity",pipeline,28,2,0,0,0,0,0x49,0x00,0x0000000,0,0.0554,0.0000,0.0274,0,0,,,,,,511,
lab,0xF0235A11CE0FF1CE,LG_gf2,"C09 inv parity",pipeline,28,2,1,1,0,0,0x00,0x00,0xFFFFFFF,0,1.0000,1.0000,1.0000,1,45,,,,,,1,
lab,0xF0235A11CE0FF1CE,c09_probes,"C09 inv parity",pipeline,28,2,0,0,0,0,0x00,0x00,0x0000800,0,0.0400,0.0537,0.0240,0,0,,,,,,372,"single=0.0400;subset=0.0537;gibbs_end=0.0240"
lab,0xF0235A11CE0FF1CE,L0_tb_argmax,"C09 inv parity",pipeline,28,3,0,0,0,0,0x00,0xB4,0x0000000,0,0.0543,0.0000,0.0000,0,0,,,,,,162,
lab,0xF0235A11CE0FF1CE,L1_single_up,"C09 inv parity",pipeline,28,3,0,0,0,0,0x10,0x67,0x0000000,0,0.0531,0.0000,0.0000,0,0,,,,,,1016,
lab,0xF0235A11CE0FF1CE,L2_pair_up,"C09 inv parity",pipeline,28,3,0,0,0,0,0x24,0x58,0x0000000,0,0.0611,0.0000,0.0000,0,0,,,,,,1792,
lab,0xF0235A11CE0FF1CE,L3_gibbs,"C09 inv parity",pipeline,28,3,0,0,0,0,0xBD,0x00,0x0000000,0,0.0149,0.0000,0.0423,0,0,,,,,,204,
lab,0xF0235A11CE0FF1CE,LW_mod2_wht,"C09 inv parity",pipeline,28,3,0,0,0,0,0x2D,0x00,0x0000000,0,0.0549,0.0000,0.0171,0,0,,,,,,511,
lab,0xF0235A11CE0FF1CE,LG_gf2,"C09 inv parity",pipeline,28,3,1,1,0,0,0x00,0x00,0xFFFFFFF,0,1.0000,1.0000,1.0000,1,45,,,,,,1,
lab,0xF0235A11CE0FF1CE,c09_probes,"C09 inv parity",pipeline,28,3,0,0,0,0,0x00,0x00,0x0040102,0,0.0274,0.0937,0.0389,0,0,,,,,,680,"single=0.0274;subset=0.0937;gibbs_end=0.0389"
lab,0xF0235A11CE0FF1CE,L0_tb_argmax,"C09 inv parity",pipeline,28,4,0,0,0,0,0x00,0xC2,0x0000000,0,0.0503,0.0000,0.0000,0,0,,,,,,162,
lab,0xF0235A11CE0FF1CE,L1_single_up,"C09 inv parity",pipeline,28,4,0,0,0,0,0x10,0x4F,0x0000000,0,0.0600,0.0000,0.0000,0,0,,,,,,1016,
lab,0xF0235A11CE0FF1CE,L2_pair_up,"C09 inv parity",pipeline,28,4,0,0,0,0,0x44,0x11,0x0000000,0,0.0543,0.0000,0.0000,0,0,,,,,,1792,
lab,0xF0235A11CE0FF1CE,L3_gibbs,"C09 inv parity",pipeline,28,4,0,0,0,0,0xC1,0x00,0x0000000,0,0.0057,0.0000,0.0503,0,0,,,,,,176,
lab,0xF0235A11CE0FF1CE,LW_mod2_wht,"C09 inv parity",pipeline,28,4,0,0,0,0,0xC0,0x00,0x0000000,0,0.0514,0.0000,0.0011,0,0,,,,,,511,
lab,0xF0235A11CE0FF1CE,LG_gf2,"C09 inv parity",pipeline,28,4,1,1,0,0,0x00,0x00,0xFFFFFFF,0,1.0000,1.0000,1.0000,1,45,,,,,,1,
lab,0xF0235A11CE0FF1CE,c09_probes,"C09 inv parity",pipeline,28,4,0,0,0,0,0x00,0x00,0x0400088,0,0.0343,0.0617,0.0217,0,0,,,,,,484,"single=0.0343;subset=0.0617;gibbs_end=0.0217"
lab,0xF0235A11CE0FF1CE,L0_tb_argmax,"C09 inv parity",pipeline,28,5,0,0,0,0,0x00,0xC2,0x0000000,0,0.0583,0.0000,0.0000,0,0,,,,,,162,
lab,0xF0235A11CE0FF1CE,L1_single_up,"C09 inv parity",pipeline,28,5,0,0,0,0,0x10,0x0B,0x0000000,0,0.0491,0.0000,0.0000,0,0,,,,,,1016,
lab,0xF0235A11CE0FF1CE,L2_pair_up,"C09 inv parity",pipeline,28,5,0,0,0,0,0x21,0x04,0x0000000,0,0.0646,0.0000,0.0000,0,0,,,,,,1792,
lab,0xF0235A11CE0FF1CE,L3_gibbs,"C09 inv parity",pipeline,28,5,0,0,0,0,0x1B,0x00,0x0000000,0,0.0126,0.0000,0.0549,0,0,,,,,,185,
lab,0xF0235A11CE0FF1CE,LW_mod2_wht,"C09 inv parity",pipeline,28,5,0,0,0,0,0x00,0xC2,0x0000000,0,0.0583,0.0000,0.0114,0,0,,,,,,511,
lab,0xF0235A11CE0FF1CE,LG_gf2,"C09 inv parity",pipeline,28,5,1,1,0,0,0x00,0x00,0xFFFFFFF,0,1.0000,1.0000,1.0000,1,45,,,,,,1,
lab,0xF0235A11CE0FF1CE,c09_probes,"C09 inv parity",pipeline,28,5,0,0,0,0,0x00,0x00,0x0044090,0,0.0320,0.0617,0.0400,0,0,,,,,,568,"single=0.0320;subset=0.0617;gibbs_end=0.0400"
lab,0xF0235A11CE0FF1CE,L0_tb_argmax,"C09 inv parity",pipeline,28,6,0,0,0,0,0x00,0xB4,0x0000000,0,0.0463,0.0000,0.0000,0,0,,,,,,162,
lab,0xF0235A11CE0FF1CE,L1_single_up,"C09 inv parity",pipeline,28,6,0,0,0,0,0x10,0xAC,0x0000000,0,0.0726,0.0000,0.0000,0,0,,,,,,1016,
lab,0xF0235A11CE0FF1CE,L2_pair_up,"C09 inv parity",pipeline,28,6,0,0,0,0,0x30,0xC2,0x0000000,0,0.0640,0.0000,0.0000,0,0,,,,,,1792,
lab,0xF0235A11CE0FF1CE,L3_gibbs,"C09 inv parity",pipeline,28,6,0,0,0,0,0x3B,0x00,0x0000000,0,0.0074,0.0000,0.0389,0,0,,,,,,181,
lab,0xF0235A11CE0FF1CE,LW_mod2_wht,"C09 inv parity",pipeline,28,6,0,0,0,0,0x2E,0x00,0x0000000,0,0.0503,0.0000,0.0091,0,0,,,,,,511,
lab,0xF0235A11CE0FF1CE,LG_gf2,"C09 inv parity",pipeline,28,6,1,1,0,0,0x00,0x00,0xFFFFFFF,0,1.0000,1.0000,1.0000,1,45,,,,,,1,
lab,0xF0235A11CE0FF1CE,c09_probes,"C09 inv parity",pipeline,28,6,0,0,0,0,0x00,0x00,0x0000800,0,0.0349,0.0663,0.0343,0,0,,,,,,456,"single=0.0349;subset=0.0663;gibbs_end=0.0343"
lab,0xF0235A11CE0FF1CE,L0_tb_argmax,"C09 inv parity",pipeline,28,7,0,0,0,0,0x00,0xCA,0x0000000,0,0.0520,0.0000,0.0000,0,0,,,,,,162,
lab,0xF0235A11CE0FF1CE,L1_single_up,"C09 inv parity",pipeline,28,7,0,0,0,0,0x10,0xA2,0x0000000,0,0.0589,0.0000,0.0000,0,0,,,,,,1016,
lab,0xF0235A11CE0FF1CE,L2_pair_up,"C09 inv parity",pipeline,28,7,0,0,0,0,0x90,0x62,0x0000000,0,0.0526,0.0000,0.0000,0,0,,,,,,1792,
lab,0xF0235A11CE0FF1CE,L3_gibbs,"C09 inv parity",pipeline,28,7,0,0,0,0,0xBA,0x00,0x0000000,0,0.0080,0.0000,0.0571,0,0,,,,,,196,
lab,0xF0235A11CE0FF1CE,LW_mod2_wht,"C09 inv parity",pipeline,28,7,0,0,0,0,0x00,0xCA,0x0000000,0,0.0520,0.0000,0.0011,0,0,,,,,,511,
lab,0xF0235A11CE0FF1CE,LG_gf2,"C09 inv parity",pipeline,28,7,1,1,0,0,0x00,0x00,0xFFFFFFF,0,1.0000,1.0000,1.0000,1,45,,,,,,1,
lab,0xF0235A11CE0FF1CE,c09_probes,"C09 inv parity",pipeline,28,7,0,0,0,0,0x00,0x00,0x0000800,0,0.0486,0.0709,0.0183,0,0,,,,,,372,"single=0.0486;subset=0.0709;gibbs_end=0.0183"
lab,0xF0235A11CE0FF1CE,L0_tb_argmax,"C09 inv parity",pipeline,28,8,0,0,0,0,0x00,0xB4,0x0000000,0,0.0594,0.0000,0.0000,0,0,,,,,,162,
lab,0xF0235A11CE0FF1CE,L1_single_up,"C09 inv parity",pipeline,28,8,0,0,0,0,0x20,0x99,0x0000000,0,0.0543,0.0000,0.0000,0,0,,,,,,1016,
lab,0xF0235A11CE0FF1CE,L2_pair_up,"C09 inv parity",pipeline,28,8,0,0,0,0,0x21,0x90,0x0000000,0,0.0583,0.0000,0.0000,0,0,,,,,,1792,
lab,0xF0235A11CE0FF1CE,L3_gibbs,"C09 inv parity",pipeline,28,8,0,0,0,0,0x70,0x00,0x0000000,0,0.0131,0.0000,0.0446,0,0,,,,,,186,
lab,0xF0235A11CE0FF1CE,LW_mod2_wht,"C09 inv parity",pipeline,28,8,0,0,0,0,0x00,0xB4,0x0000000,0,0.0594,0.0000,0.0034,0,0,,,,,,511,
lab,0xF0235A11CE0FF1CE,LG_gf2,"C09 inv parity",pipeline,28,8,1,1,0,0,0x00,0x00,0xFFFFFFF,0,1.0000,1.0000,1.0000,1,45,,,,,,1,
lab,0xF0235A11CE0FF1CE,c09_probes,"C09 inv parity",pipeline,28,8,0,0,0,0,0x00,0x00,0x0000080,0,0.0554,0.0503,0.0309,0,0,,,,,,344,"single=0.0554;subset=0.0503;gibbs_end=0.0309"
lab,0xF0235A11CE0FF1CE,L0_tb_argmax,"C09 inv parity",pipeline,28,9,0,0,0,0,0x00,0x6C,0x0000000,0,0.0486,0.0000,0.0000,0,0,,,,,,162,
lab,0xF0235A11CE0FF1CE,L1_single_up,"C09 inv parity",pipeline,28,9,0,0,0,0,0x10,0x0B,0x0000000,0,0.0611,0.0000,0.0000,0,0,,,,,,1016,
lab,0xF0235A11CE0FF1CE,L2_pair_up,"C09 inv parity",pipeline,28,9,0,0,0,0,0x50,0x84,0x0000000,0,0.0697,0.0000,0.0000,0,0,,,,,,1792,
lab,0xF0235A11CE0FF1CE,L3_gibbs,"C09 inv parity",pipeline,28,9,0,0,0,0,0x7D,0x00,0x0000000,0,0.0023,0.0000,0.0457,0,0,,,,,,192,
lab,0xF0235A11CE0FF1CE,LW_mod2_wht,"C09 inv parity",pipeline,28,9,0,0,0,0,0x00,0x6C,0x0000000,0,0.0486,0.0000,0.0686,0,0,,,,,,511,
lab,0xF0235A11CE0FF1CE,LG_gf2,"C09 inv parity",pipeline,28,9,1,1,0,0,0x00,0x00,0xFFFFFFF,0,1.0000,1.0000,1.0000,1,45,,,,,,1,
lab,0xF0235A11CE0FF1CE,c09_probes,"C09 inv parity",pipeline,28,9,0,0,0,0,0x00,0x00,0x0000800,0,0.0389,0.0617,0.0354,0,0,,,,,,456,"single=0.0389;subset=0.0617;gibbs_end=0.0354"
lab,0xF0235A11CE0FF1CE,L0_tb_argmax,"C09 inv parity",pipeline,28,10,0,0,0,0,0x00,0x23,0x0000000,0,0.0537,0.0000,0.0000,0,0,,,,,,162,
lab,0xF0235A11CE0FF1CE,L1_single_up,"C09 inv parity",pipeline,28,10,0,0,0,0,0x08,0x40,0x0000000,0,0.0566,0.0000,0.0000,0,0,,,,,,1016,
lab,0xF0235A11CE0FF1CE,L2_pair_up,"C09 inv parity",pipeline,28,10,0,0,0,0,0x90,0x62,0x0000000,0,0.0651,0.0000,0.0000,0,0,,,,,,1792,
lab,0xF0235A11CE0FF1CE,L3_gibbs,"C09 inv parity",pipeline,28,10,0,0,0,0,0x48,0x00,0x0000000,0,0.0274,0.0000,0.0411,0,0,,,,,,185,
lab,0xF0235A11CE0FF1CE,LW_mod2_wht,"C09 inv parity",pipeline,28,10,0,0,0,0,0x00,0x23,0x0000000,0,0.0537,0.0000,0.0080,0,0,,,,,,511,
lab,0xF0235A11CE0FF1CE,LG_gf2,"C09 inv parity",pipeline,28,10,1,1,0,0,0x00,0x00,0xFFFFFFF,0,1.0000,1.0000,1.0000,1,45,,,,,,1,
lab,0xF0235A11CE0FF1CE,c09_probes,"C09 inv parity",pipeline,28,10,0,0,0,0,0x00,0x00,0x0020108,0,0.0326,0.0486,0.0160,0,0,,,,,,568,"single=0.0326;subset=0.0486;gibbs_end=0.0160"
lab,0xF0235A11CE0FF1CE,L0_tb_argmax,"C09 inv parity",pipeline,28,11,0,0,0,0,0x00,0xB4,0x0000000,0,0.0503,0.0000,0.0000,0,0,,,,,,162,
lab,0xF0235A11CE0FF1CE,L1_single_up,"C09 inv parity",pipeline,28,11,0,0,0,0,0x20,0x99,0x0000000,0,0.0549,0.0000,0.0000,0,0,,,,,,1016,
lab,0xF0235A11CE0FF1CE,L2_pair_up,"C09 inv parity",pipeline,28,11,0,0,0,0,0x30,0x89,0x0000000,0,0.0623,0.0000,0.0000,0,0,,,,,,1792,
lab,0xF0235A11CE0FF1CE,L3_gibbs,"C09 inv parity",pipeline,28,11,0,0,0,0,0x49,0x00,0x0000000,0,0.0194,0.0000,0.0446,0,0,,,,,,225,
lab,0xF0235A11CE0FF1CE,LW_mod2_wht,"C09 inv parity",pipeline,28,11,0,0,0,0,0x4C,0x00,0x0000000,0,0.0571,0.0000,0.0297,0,0,,,,,,511,
lab,0xF0235A11CE0FF1CE,LG_gf2,"C09 inv parity",pipeline,28,11,1,1,0,0,0x00,0x00,0xFFFFFFF,0,1.0000,1.0000,1.0000,1,45,,,,,,1,
lab,0xF0235A11CE0FF1CE,c09_probes,"C09 inv parity",pipeline,28,11,0,0,0,0,0x00,0x00,0x4100000,0,0.0320,0.0600,0.0274,0,0,,,,,,484,"single=0.0320;subset=0.0600;gibbs_end=0.0274"
lab,0xF0235A11CE0FF1CE,L0_tb_argmax,"C09 inv parity",pipeline,28,12,0,0,0,0,0x00,0xB4,0x0000000,0,0.0526,0.0000,0.0000,0,0,,,,,,162,
lab,0xF0235A11CE0FF1CE,L1_single_up,"C09 inv parity",pipeline,28,12,0,0,0,0,0x20,0x99,0x0000000,0,0.0566,0.0000,0.0000,0,0,,,,,,1016,
lab,0xF0235A11CE0FF1CE,L2_pair_up,"C09 inv parity",pipeline,28,12,0,0,0,0,0x24,0x58,0x0000000,0,0.0589,0.0000,0.0000,0,0,,,,,,1792,
lab,0xF0235A11CE0FF1CE,L3_gibbs,"C09 inv parity",pipeline,28,12,0,0,0,0,0x49,0x00,0x0000000,0,0.0171,0.0000,0.0491,0,0,,,,,,182,
lab,0xF0235A11CE0FF1CE,LW_mod2_wht,"C09 inv parity",pipeline,28,12,0,0,0,0,0xC0,0x00,0x0000000,0,0.0571,0.0000,0.0126,0,0,,,,,,511,
lab,0xF0235A11CE0FF1CE,LG_gf2,"C09 inv parity",pipeline,28,12,1,1,0,0,0x00,0x00,0xFFFFFFF,0,1.0000,1.0000,1.0000,1,45,,,,,,1,
lab,0xF0235A11CE0FF1CE,c09_probes,"C09 inv parity",pipeline,28,12,0,0,0,0,0x00,0x00,0x0000400,0,0.0486,0.0566,0.0137,0,0,,,,,,484,"single=0.0486;subset=0.0566;gibbs_end=0.0137"
lab,0xF0235A11CE0FF1CE,L0_tb_argmax,"C09 inv parity",pipeline,28,13,0,0,0,0,0x00,0x53,0x0000000,0,0.0520,0.0000,0.0000,0,0,,,,,,162,
lab,0xF0235A11CE0FF1CE,L1_single_up,"C09 inv parity",pipeline,28,13,0,0,0,0,0x80,0x15,0x0000000,0,0.0606,0.0000,0.0000,0,0,,,,,,1016,
lab,0xF0235A11CE0FF1CE,L2_pair_up,"C09 inv parity",pipeline,28,13,0,0,0,0,0x24,0x58,0x0000000,0,0.0623,0.0000,0.0000,0,0,,,,,,1792,
lab,0xF0235A11CE0FF1CE,L3_gibbs,"C09 inv parity",pipeline,28,13,0,0,0,0,0x73,0x00,0x0000000,0,0.0320,0.0000,0.0400,0,0,,,,,,180,
lab,0xF0235A11CE0FF1CE,LW_mod2_wht,"C09 inv parity",pipeline,28,13,0,0,0,0,0x00,0x53,0x0000000,0,0.0520,0.0000,0.0057,0,0,,,,,,511,
lab,0xF0235A11CE0FF1CE,LG_gf2,"C09 inv parity",pipeline,28,13,1,1,0,0,0x00,0x00,0xFFFFFFF,0,1.0000,1.0000,1.0000,1,45,,,,,,1,
lab,0xF0235A11CE0FF1CE,c09_probes,"C09 inv parity",pipeline,28,13,0,0,0,0,0x00,0x00,0x0000100,0,0.0366,0.0623,0.0320,0,0,,,,,,456,"single=0.0366;subset=0.0623;gibbs_end=0.0320"
lab,0xF0235A11CE0FF1CE,L0_tb_argmax,"C09 inv parity",pipeline,28,14,0,0,0,0,0x00,0x4B,0x0000000,0,0.0491,0.0000,0.0000,0,0,,,,,,162,
lab,0xF0235A11CE0FF1CE,L1_single_up,"C09 inv parity",pipeline,28,14,0,0,0,0,0x04,0xE8,0x0000000,0,0.0503,0.0000,0.0000,0,0,,,,,,1016,
lab,0xF0235A11CE0FF1CE,L2_pair_up,"C09 inv parity",pipeline,28,14,0,0,0,0,0x21,0x44,0x0000000,0,0.0617,0.0000,0.0000,0,0,,,,,,1792,
lab,0xF0235A11CE0FF1CE,L3_gibbs,"C09 inv parity",pipeline,28,14,0,0,0,0,0x43,0x00,0x0000000,0,0.0006,0.0000,0.0377,0,0,,,,,,188,
lab,0xF0235A11CE0FF1CE,LW_mod2_wht,"C09 inv parity",pipeline,28,14,0,0,0,0,0x81,0x00,0x0000000,0,0.0583,0.0000,0.0286,0,0,,,,,,511,
lab,0xF0235A11CE0FF1CE,LG_gf2,"C09 inv parity",pipeline,28,14,1,1,0,0,0x00,0x00,0xFFFFFFF,0,1.0000,1.0000,1.0000,1,45,,,,,,1,
lab,0xF0235A11CE0FF1CE,c09_probes,"C09 inv parity",pipeline,28,14,0,0,0,0,0x00,0x00,0x0800000,0,0.0423,0.0640,0.0229,0,0,,,,,,400,"single=0.0423;subset=0.0640;gibbs_end=0.0229"
lab,0xF0235A11CE0FF1CE,L0_tb_argmax,"C09 inv parity",pipeline,28,15,0,0,0,0,0x00,0x23,0x0000000,0,0.0520,0.0000,0.0000,0,0,,,,,,162,
lab,0xF0235A11CE0FF1CE,L1_single_up,"C09 inv parity",pipeline,28,15,0,0,0,0,0x02,0xF5,0x0000000,0,0.0623,0.0000,0.0000,0,0,,,,,,1016,
lab,0xF0235A11CE0FF1CE,L2_pair_up,"C09 inv parity",pipeline,28,15,0,0,0,0,0x12,0x05,0x0000000,0,0.0571,0.0000,0.0000,0,0,,,,,,1792,
lab,0xF0235A11CE0FF1CE,L3_gibbs,"C09 inv parity",pipeline,28,15,0,0,0,0,0x65,0x00,0x0000000,0,0.0006,0.0000,0.0411,0,0,,,,,,193,
lab,0xF0235A11CE0FF1CE,LW_mod2_wht,"C09 inv parity",pipeline,28,15,0,0,0,0,0x00,0x23,0x0000000,0,0.0520,0.0000,0.0046,0,0,,,,,,511,
lab,0xF0235A11CE0FF1CE,LG_gf2,"C09 inv parity",pipeline,28,15,1,1,0,0,0x00,0x00,0xFFFFFFF,0,1.0000,1.0000,1.0000,1,45,,,,,,1,
lab,0xF0235A11CE0FF1CE,c09_probes,"C09 inv parity",pipeline,28,15,0,0,0,0,0x00,0x00,0x0000100,0,0.0491,0.0509,0.0103,0,0,,,,,,344,"single=0.0491;subset=0.0509;gibbs_end=0.0103"
lab,0xF0235A11CE0FF1CE,L0_tb_argmax,"C09 inv parity",pipeline,28,16,0,0,0,0,0x00,0x95,0x0000000,0,0.0469,0.0000,0.0000,0,0,,,,,,162,
lab,0xF0235A11CE0FF1CE,L1_single_up,"C09 inv parity",pipeline,28,16,0,0,0,0,0x02,0x15,0x0000000,0,0.0543,0.0000,0.0000,0,0,,,,,,1016,
lab,0xF0235A11CE0FF1CE,L2_pair_up,"C09 inv parity",pipeline,28,16,0,0,0,0,0x03,0xE0,0x0000000,0,0.0594,0.0000,0.0000,0,0,,,,,,1792,
lab,0xF0235A11CE0FF1CE,L3_gibbs,"C09 inv parity",pipeline,28,16,0,0,0,0,0x49,0x00,0x0000000,0,0.0177,0.0000,0.0480,0,0,,,,,,180,
lab,0xF0235A11CE0FF1CE,LW_mod2_wht,"C09 inv parity",pipeline,28,16,0,0,0,0,0x95,0x00,0x0000000,0,0.0566,0.0000,0.0274,0,0,,,,,,511,
lab,0xF0235A11CE0FF1CE,LG_gf2,"C09 inv parity",pipeline,28,16,1,1,0,0,0x00,0x00,0xFFFFFFF,0,1.0000,1.0000,1.0000,1,45,,,,,,1,
lab,0xF0235A11CE0FF1CE,c09_probes,"C09 inv parity",pipeline,28,16,0,0,0,0,0x00,0x00,0x0000800,0,0.0411,0.0509,0.0354,0,0,,,,,,400,"single=0.0411;subset=0.0509;gibbs_end=0.0354"
lab,0xF0235A11CE0FF1CE,L0_tb_argmax,"C09 inv parity",pipeline,28,17,0,0,0,0,0x00,0xB4,0x0000000,0,0.0440,0.0000,0.0000,0,0,,,,,,162,
lab,0xF0235A11CE0FF1CE,L1_single_up,"C09 inv parity",pipeline,28,17,0,0,0,0,0x20,0x99,0x0000000,0,0.0674,0.0000,0.0000,0,0,,,,,,1016,
lab,0xF0235A11CE0FF1CE,L2_pair_up,"C09 inv parity",pipeline,28,17,0,0,0,0,0x30,0x89,0x0000000,0,0.0657,0.0000,0.0000,0,0,,,,,,1792,
lab,0xF0235A11CE0FF1CE,L3_gibbs,"C09 inv parity",pipeline,28,17,0,0,0,0,0xFD,0x00,0x0000000,0,0.0006,0.0000,0.0423,0,0,,,,,,196,
lab,0xF0235A11CE0FF1CE,LW_mod2_wht,"C09 inv parity",pipeline,28,17,0,0,0,0,0xAF,0x00,0x0000000,0,0.0451,0.0000,0.0251,0,0,,,,,,511,
lab,0xF0235A11CE0FF1CE,LG_gf2,"C09 inv parity",pipeline,28,17,1,1,0,0,0x00,0x00,0xFFFFFFF,0,1.0000,1.0000,1.0000,1,45,,,,,,1,
lab,0xF0235A11CE0FF1CE,c09_probes,"C09 inv parity",pipeline,28,17,0,0,0,0,0x00,0x00,0x0000C01,0,0.0503,0.0503,0.0149,0,0,,,,,,512,"single=0.0503;subset=0.0503;gibbs_end=0.0149"
lab,0xF0235A11CE0FF1CE,L0_tb_argmax,"C09 inv parity",pipeline,28,18,0,0,0,0,0x00,0x53,0x0000000,0,0.0514,0.0000,0.0000,0,0,,,,,,162,
lab,0xF0235A11CE0FF1CE,L1_single_up,"C09 inv parity",pipeline,28,18,0,0,0,0,0x04,0x28,0x0000000,0,0.0480,0.0000,0.0000,0,0,,,,,,1016,
lab,0xF0235A11CE0FF1CE,L2_pair_up,"C09 inv parity",pipeline,28,18,0,0,0,0,0x30,0xC2,0x0000000,0,0.0531,0.0000,0.0000,0,0,,,,,,1792,
lab,0xF0235A11CE0FF1CE,L3_gibbs,"C09 inv parity",pipeline,28,18,0,0,0,0,0x0E,0x00,0x0000000,0,0.0080,0.0000,0.0491,0,0,,,,,,188,
lab,0xF0235A11CE0FF1CE,LW_mod2_wht,"C09 inv parity",pipeline,28,18,0,0,0,0,0xFA,0x00,0x0000000,0,0.0594,0.0000,0.0377,0,0,,,,,,511,
lab,0xF0235A11CE0FF1CE,LG_gf2,"C09 inv parity",pipeline,28,18,1,1,0,0,0x00,0x00,0xFFFFFFF,0,1.0000,1.0000,1.0000,1,45,,,,,,1,
lab,0xF0235A11CE0FF1CE,c09_probes,"C09 inv parity",pipeline,28,18,0,0,0,0,0x00,0x00,0x0000800,0,0.0457,0.0554,0.0366,0,0,,,,,,400,"single=0.0457;subset=0.0554;gibbs_end=0.0366"
lab,0xF0235A11CE0FF1CE,L0_tb_argmax,"C09 inv parity",pipeline,28,19,0,0,0,0,0x00,0x23,0x0000000,0,0.0429,0.0000,0.0000,0,0,,,,,,162,
lab,0xF0235A11CE0FF1CE,L1_single_up,"C09 inv parity",pipeline,28,19,0,0,0,0,0x02,0x21,0x0000000,0,0.0577,0.0000,0.0000,0,0,,,,,,1016,
lab,0xF0235A11CE0FF1CE,L2_pair_up,"C09 inv parity",pipeline,28,19,0,0,0,0,0x21,0x04,0x0000000,0,0.0623,0.0000,0.0000,0,0,,,,,,1792,
lab,0xF0235A11CE0FF1CE,L3_gibbs,"C09 inv parity",pipeline,28,19,0,0,0,0,0x57,0x00,0x0000000,0,0.0040,0.0000,0.0469,0,0,,,,,,184,
lab,0xF0235A11CE0FF1CE,LW_mod2_wht,"C09 inv parity",pipeline,28,19,0,0,0,0,0x00,0x67,0x0000000,0,0.0440,0.0000,0.0240,0,0,,,,,,511,
lab,0xF0235A11CE0FF1CE,LG_gf2,"C09 inv parity",pipeline,28,19,1,1,0,0,0x00,0x00,0xFFFFFFF,0,1.0000,1.0000,1.0000,1,45,,,,,,1,
lab,0xF0235A11CE0FF1CE,c09_probes,"C09 inv parity",pipeline,28,19,0,0,0,0,0x00,0x00,0x0000122,0,0.0383,0.0543,0.0411,0,0,,,,,,512,"single=0.0383;subset=0.0543;gibbs_end=0.0411"
lab,0xF0235A11CE0FF1CE,L0_tb_argmax,"C10 parity XOR 0x0F",xor_popcount,4,0,0,0,0,0,0x00,0x63,0x0000000,0,0.0543,-0.0029,0.0000,0,0,,,,,,162,
lab,0xF0235A11CE0FF1CE,L1_single_up,"C10 parity XOR 0x0F",xor_popcount,4,0,0,0,0,0,0x80,0x7C,0x0000000,0,0.0634,0.0356,0.0000,0,0,,,,,,1016,
lab,0xF0235A11CE0FF1CE,L2_pair_up,"C10 parity XOR 0x0F",xor_popcount,4,0,1,0,0,0,0x09,0x06,0x0000000,0,0.1531,0.1142,0.0000,0,0,,,,,,1792,
lab,0xF0235A11CE0FF1CE,L3_gibbs,"C10 parity XOR 0x0F",xor_popcount,4,0,1,1,0,0,0x0F,0x00,0x0000000,0,1.0000,0.0000,1.0000,0,0,,,,,,29,
lab,0xF0235A11CE0FF1CE,LW_mod2_wht,"C10 parity XOR 0x0F",xor_popcount,4,0,1,1,0,0,0x0F,0x00,0x0000000,0,1.0000,1.0000,1.0000,0,0,,,,,,511,
lab,0xF0235A11CE0FF1CE,LG_gf2,"C10 parity XOR 0x0F",xor_popcount,4,0,1,1,0,0,0x0F,0x00,0x0000000,0,1.0000,1.0000,1.0000,1,45,,,,,,1,
lab,0xF0235A11CE0FF1CE,L0_tb_argmax,"C10 parity XOR 0x0F",xor_popcount,4,1,0,0,0,0,0x00,0x0B,0x0000000,0,0.0697,0.0069,0.0000,0,0,,,,,,162,
lab,0xF0235A11CE0FF1CE,L1_single_up,"C10 parity XOR 0x0F",xor_popcount,4,1,0,0,0,0,0x80,0x50,0x0000000,0,0.0554,0.0320,0.0000,0,0,,,,,,1016,
lab,0xF0235A11CE0FF1CE,L2_pair_up,"C10 parity XOR 0x0F",xor_popcount,4,1,1,0,0,0,0x09,0x06,0x0000000,0,0.1360,0.1072,0.0000,0,0,,,,,,1792,
lab,0xF0235A11CE0FF1CE,L3_gibbs,"C10 parity XOR 0x0F",xor_popcount,4,1,1,1,0,0,0x0F,0x00,0x0000000,0,1.0000,0.0000,1.0000,0,0,,,,,,29,
lab,0xF0235A11CE0FF1CE,LW_mod2_wht,"C10 parity XOR 0x0F",xor_popcount,4,1,1,1,0,0,0x0F,0x00,0x0000000,0,1.0000,1.0000,1.0000,0,0,,,,,,511,
lab,0xF0235A11CE0FF1CE,LG_gf2,"C10 parity XOR 0x0F",xor_popcount,4,1,1,1,0,0,0x0F,0x00,0x0000000,0,1.0000,1.0000,1.0000,1,45,,,,,,1,
lab,0xF0235A11CE0FF1CE,L0_tb_argmax,"C10 parity XOR 0x0F",xor_popcount,4,2,0,0,0,0,0x00,0x63,0x0000000,0,0.0640,0.0131,0.0000,0,0,,,,,,162,
lab,0xF0235A11CE0FF1CE,L1_single_up,"C10 parity XOR 0x0F",xor_popcount,4,2,0,0,0,0,0x10,0x46,0x0000000,0,0.0674,0.0370,0.0000,0,0,,,,,,1016,
lab,0xF0235A11CE0FF1CE,L2_pair_up,"C10 parity XOR 0x0F",xor_popcount,4,2,1,0,0,0,0x09,0x06,0x0000000,0,0.1280,0.1089,0.0000,0,0,,,,,,1792,
lab,0xF0235A11CE0FF1CE,L3_gibbs,"C10 parity XOR 0x0F",xor_popcount,4,2,1,1,0,0,0x0F,0x00,0x0000000,0,1.0000,0.0000,1.0000,0,0,,,,,,29,
lab,0xF0235A11CE0FF1CE,LW_mod2_wht,"C10 parity XOR 0x0F",xor_popcount,4,2,1,1,0,0,0x0F,0x00,0x0000000,0,1.0000,1.0000,1.0000,0,0,,,,,,511,
lab,0xF0235A11CE0FF1CE,LG_gf2,"C10 parity XOR 0x0F",xor_popcount,4,2,1,1,0,0,0x0F,0x00,0x0000000,0,1.0000,1.0000,1.0000,1,45,,,,,,1,
lab,0xF0235A11CE0FF1CE,L0_tb_argmax,"C10 parity XOR 0x0F",xor_popcount,4,3,0,0,0,0,0x00,0x63,0x0000000,0,0.0617,0.0023,0.0000,0,0,,,,,,162,
lab,0xF0235A11CE0FF1CE,L1_single_up,"C10 parity XOR 0x0F",xor_popcount,4,3,0,0,0,0,0x08,0x01,0x0000000,0,0.0571,0.0323,0.0000,0,0,,,,,,1016,
lab,0xF0235A11CE0FF1CE,L2_pair_up,"C10 parity XOR 0x0F",xor_popcount,4,3,1,0,0,0,0x0A,0x05,0x0000000,0,0.1291,0.1061,0.0000,0,0,,,,,,1792,
lab,0xF0235A11CE0FF1CE,L3_gibbs,"C10 parity XOR 0x0F",xor_popcount,4,3,1,1,0,0,0x0F,0x00,0x0000000,0,1.0000,0.0000,1.0000,0,0,,,,,,29,
lab,0xF0235A11CE0FF1CE,LW_mod2_wht,"C10 parity XOR 0x0F",xor_popcount,4,3,1,1,0,0,0x0F,0x00,0x0000000,0,1.0000,1.0000,1.0000,0,0,,,,,,511,
lab,0xF0235A11CE0FF1CE,LG_gf2,"C10 parity XOR 0x0F",xor_popcount,4,3,1,1,0,0,0x0F,0x00,0x0000000,0,1.0000,1.0000,1.0000,1,45,,,,,,1,
lab,0xF0235A11CE0FF1CE,L0_tb_argmax,"C10 parity XOR 0x0F",xor_popcount,4,4,0,0,0,0,0x00,0x63,0x0000000,0,0.0606,0.0091,0.0000,0,0,,,,,,162,
lab,0xF0235A11CE0FF1CE,L1_single_up,"C10 parity XOR 0x0F",xor_popcount,4,4,0,0,0,0,0x04,0x92,0x0000000,0,0.0583,0.0323,0.0000,0,0,,,,,,1016,
lab,0xF0235A11CE0FF1CE,L2_pair_up,"C10 parity XOR 0x0F",xor_popcount,4,4,1,0,0,0,0x03,0x0C,0x0000000,0,0.1286,0.1103,0.0000,0,0,,,,,,1792,
lab,0xF0235A11CE0FF1CE,L3_gibbs,"C10 parity XOR 0x0F",xor_popcount,4,4,1,1,0,0,0x0F,0x00,0x0000000,0,1.0000,0.0000,1.0000,0,0,,,,,,29,
lab,0xF0235A11CE0FF1CE,LW_mod2_wht,"C10 parity XOR 0x0F",xor_popcount,4,4,1,1,0,0,0x0F,0x00,0x0000000,0,1.0000,1.0000,1.0000,0,0,,,,,,511,
lab,0xF0235A11CE0FF1CE,LG_gf2,"C10 parity XOR 0x0F",xor_popcount,4,4,1,1,0,0,0x0F,0x00,0x0000000,0,1.0000,1.0000,1.0000,1,45,,,,,,1,
lab,0xF0235A11CE0FF1CE,L0_tb_argmax,"C10 parity XOR 0x0F",xor_popcount,4,5,0,0,0,0,0x00,0x63,0x0000000,0,0.0583,0.0137,0.0000,0,0,,,,,,162,
lab,0xF0235A11CE0FF1CE,L1_single_up,"C10 parity XOR 0x0F",xor_popcount,4,5,0,0,0,0,0x20,0x14,0x0000000,0,0.0714,0.0320,0.0000,0,0,,,,,,1016,
lab,0xF0235A11CE0FF1CE,L2_pair_up,"C10 parity XOR 0x0F",xor_popcount,4,5,1,0,0,0,0x0A,0x05,0x0000000,0,0.1297,0.1046,0.0000,0,0,,,,,,1792,
lab,0xF0235A11CE0FF1CE,L3_gibbs,"C10 parity XOR 0x0F",xor_popcount,4,5,1,1,0,0,0x0F,0x00,0x0000000,0,1.0000,0.0000,1.0000,0,0,,,,,,29,
lab,0xF0235A11CE0FF1CE,LW_mod2_wht,"C10 parity XOR 0x0F",xor_popcount,4,5,1,1,0,0,0x0F,0x00,0x0000000,0,1.0000,1.0000,1.0000,0,0,,,,,,511,
lab,0xF0235A11CE0FF1CE,LG_gf2,"C10 parity XOR 0x0F",xor_popcount,4,5,1,1,0,0,0x0F,0x00,0x0000000,0,1.0000,1.0000,1.0000,1,45,,,,,,1,
lab,0xF0235A11CE0FF1CE,L0_tb_argmax,"C10 parity XOR 0x0F",xor_popcount,4,6,0,0,0,0,0x00,0x63,0x0000000,0,0.0531,0.0086,0.0000,0,0,,,,,,162,
lab,0xF0235A11CE0FF1CE,L1_single_up,"C10 parity XOR 0x0F",xor_popcount,4,6,0,0,0,0,0x40,0x20,0x0000000,0,0.0629,0.0290,0.0000,0,0,,,,,,1016,
lab,0xF0235A11CE0FF1CE,L2_pair_up,"C10 parity XOR 0x0F",xor_popcount,4,6,1,0,0,0,0x0A,0x05,0x0000000,0,0.1251,0.0944,0.0000,0,0,,,,,,1792,
lab,0xF0235A11CE0FF1CE,L3_gibbs,"C10 parity XOR 0x0F",xor_popcount,4,6,1,1,0,0,0x0F,0x00,0x0000000,0,1.0000,0.0000,1.0000,0,0,,,,,,29,
lab,0xF0235A11CE0FF1CE,LW_mod2_wht,"C10 parity XOR 0x0F",xor_popcount,4,6,1,1,0,0,0x0F,0x00,0x0000000,0,1.0000,1.0000,1.0000,0,0,,,,,,511,
lab,0xF0235A11CE0FF1CE,LG_gf2,"C10 parity XOR 0x0F",xor_popcount,4,6,1,1,0,0,0x0F,0x00,0x0000000,0,1.0000,1.0000,1.0000,1,45,,,,,,1,
lab,0xF0235A11CE0FF1CE,L0_tb_argmax,"C10 parity XOR 0x0F",xor_popcount,4,7,0,0,0,0,0x00,0x63,0x0000000,0,0.0714,0.0160,0.0000,0,0,,,,,,162,
lab,0xF0235A11CE0FF1CE,L1_single_up,"C10 parity XOR 0x0F",xor_popcount,4,7,0,0,0,0,0x80,0x2F,0x0000000,0,0.0531,0.0434,0.0000,0,0,,,,,,1016,
lab,0xF0235A11CE0FF1CE,L2_pair_up,"C10 parity XOR 0x0F",xor_popcount,4,7,1,0,0,0,0x0A,0x05,0x0000000,0,0.1366,0.1126,0.0000,0,0,,,,,,1792,
lab,0xF0235A11CE0FF1CE,L3_gibbs,"C10 parity XOR 0x0F",xor_popcount,4,7,1,1,0,0,0x0F,0x00,0x0000000,0,1.0000,0.0000,1.0000,0,0,,,,,,29,
lab,0xF0235A11CE0FF1CE,LW_mod2_wht,"C10 parity XOR 0x0F",xor_popcount,4,7,1,1,0,0,0x0F,0x00,0x0000000,0,1.0000,1.0000,1.0000,0,0,,,,,,511,
lab,0xF0235A11CE0FF1CE,LG_gf2,"C10 parity XOR 0x0F",xor_popcount,4,7,1,1,0,0,0x0F,0x00,0x0000000,0,1.0000,1.0000,1.0000,1,45,,,,,,1,
lab,0xF0235A11CE0FF1CE,L0_tb_argmax,"C10 parity XOR 0x0F",xor_popcount,4,8,0,0,0,0,0x00,0x63,0x0000000,0,0.0663,0.0097,0.0000,0,0,,,,,,162,
lab,0xF0235A11CE0FF1CE,L1_single_up,"C10 parity XOR 0x0F",xor_popcount,4,8,0,0,0,0,0x20,0x14,0x0000000,0,0.0503,0.0310,0.0000,0,0,,,,,,1016,
lab,0xF0235A11CE0FF1CE,L2_pair_up,"C10 parity XOR 0x0F",xor_popcount,4,8,1,0,0,0,0x0A,0x05,0x0000000,0,0.1154,0.1022,0.0000,0,0,,,,,,1792,
lab,0xF0235A11CE0FF1CE,L3_gibbs,"C10 parity XOR 0x0F",xor_popcount,4,8,1,1,0,0,0x0F,0x00,0x0000000,0,1.0000,0.0000,1.0000,0,0,,,,,,29,
lab,0xF0235A11CE0FF1CE,LW_mod2_wht,"C10 parity XOR 0x0F",xor_popcount,4,8,1,1,0,0,0x0F,0x00,0x0000000,0,1.0000,1.0000,1.0000,0,0,,,,,,511,
lab,0xF0235A11CE0FF1CE,LG_gf2,"C10 parity XOR 0x0F",xor_popcount,4,8,1,1,0,0,0x0F,0x00,0x0000000,0,1.0000,1.0000,1.0000,1,45,,,,,,1,
lab,0xF0235A11CE0FF1CE,L0_tb_argmax,"C10 parity XOR 0x0F",xor_popcount,4,9,0,0,0,0,0x00,0xC3,0x0000000,0,0.0571,0.0040,0.0000,0,0,,,,,,162,
lab,0xF0235A11CE0FF1CE,L1_single_up,"C10 parity XOR 0x0F",xor_popcount,4,9,0,0,0,0,0x10,0x46,0x0000000,0,0.0623,0.0399,0.0000,0,0,,,,,,1016,
lab,0xF0235A11CE0FF1CE,L2_pair_up,"C10 parity XOR 0x0F",xor_popcount,4,9,1,0,0,0,0x0A,0x05,0x0000000,0,0.1360,0.1100,0.0000,0,0,,,,,,1792,
lab,0xF0235A11CE0FF1CE,L3_gibbs,"C10 parity XOR 0x0F",xor_popcount,4,9,1,1,0,0,0x0F,0x00,0x0000000,0,1.0000,0.0000,1.0000,0,0,,,,,,29,
lab,0xF0235A11CE0FF1CE,LW_mod2_wht,"C10 parity XOR 0x0F",xor_popcount,4,9,1,1,0,0,0x0F,0x00,0x0000000,0,1.0000,1.0000,1.0000,0,0,,,,,,511,
lab,0xF0235A11CE0FF1CE,LG_gf2,"C10 parity XOR 0x0F",xor_popcount,4,9,1,1,0,0,0x0F,0x00,0x0000000,0,1.0000,1.0000,1.0000,1,45,,,,,,1,
lab,0xF0235A11CE0FF1CE,L0_tb_argmax,"C10 parity XOR 0x0F",xor_popcount,4,10,0,0,0,0,0x00,0x63,0x0000000,0,0.0657,0.0006,0.0000,0,0,,,,,,162,
lab,0xF0235A11CE0FF1CE,L1_single_up,"C10 parity XOR 0x0F",xor_popcount,4,10,0,0,0,0,0x20,0x14,0x0000000,0,0.0571,0.0367,0.0000,0,0,,,,,,1016,
lab,0xF0235A11CE0FF1CE,L2_pair_up,"C10 parity XOR 0x0F",xor_popcount,4,10,1,0,0,0,0x09,0x06,0x0000000,0,0.1331,0.1064,0.0000,0,0,,,,,,1792,
lab,0xF0235A11CE0FF1CE,L3_gibbs,"C10 parity XOR 0x0F",xor_popcount,4,10,1,1,0,0,0x0F,0x00,0x0000000,0,1.0000,0.0000,1.0000,0,0,,,,,,29,
lab,0xF0235A11CE0FF1CE,LW_mod2_wht,"C10 parity XOR 0x0F",xor_popcount,4,10,1,1,0,0,0x0F,0x00,0x0000000,0,1.0000,1.0000,1.0000,0,0,,,,,,511,
lab,0xF0235A11CE0FF1CE,LG_gf2,"C10 parity XOR 0x0F",xor_popcount,4,10,1,1,0,0,0x0F,0x00,0x0000000,0,1.0000,1.0000,1.0000,1,45,,,,,,1,
lab,0xF0235A11CE0FF1CE,L0_tb_argmax,"C10 parity XOR 0x0F",xor_popcount,4,11,0,0,0,0,0x00,0x63,0x0000000,0,0.0577,0.0080,0.0000,0,0,,,,,,162,
lab,0xF0235A11CE0FF1CE,L1_single_up,"C10 parity XOR 0x0F",xor_popcount,4,11,0,0,0,0,0x01,0x3C,0x0000000,0,0.0491,0.0246,0.0000,0,0,,,,,,1016,
lab,0xF0235A11CE0FF1CE,L2_pair_up,"C10 parity XOR 0x0F",xor_popcount,4,11,1,0,0,0,0x0A,0x05,0x0000000,0,0.1269,0.1063,0.0000,0,0,,,,,,1792,
lab,0xF0235A11CE0FF1CE,L3_gibbs,"C10 parity XOR 0x0F",xor_popcount,4,11,1,1,0,0,0x0F,0x00,0x0000000,0,1.0000,0.0000,1.0000,0,0,,,,,,29,
lab,0xF0235A11CE0FF1CE,LW_mod2_wht,"C10 parity XOR 0x0F",xor_popcount,4,11,1,1,0,0,0x0F,0x00,0x0000000,0,1.0000,1.0000,1.0000,0,0,,,,,,511,
lab,0xF0235A11CE0FF1CE,LG_gf2,"C10 parity XOR 0x0F",xor_popcount,4,11,1,1,0,0,0x0F,0x00,0x0000000,0,1.0000,1.0000,1.0000,1,45,,,,,,1,
lab,0xF0235A11CE0FF1CE,L0_tb_argmax,"C10 parity XOR 0x0F",xor_popcount,4,12,0,0,0,0,0x00,0x63,0x0000000,0,0.0714,0.0160,0.0000,0,0,,,,,,162,
lab,0xF0235A11CE0FF1CE,L1_single_up,"C10 parity XOR 0x0F",xor_popcount,4,12,1,0,0,0,0x04,0x0B,0x0000000,0,0.0571,0.0443,0.0000,0,0,,,,,,1016,
lab,0xF0235A11CE0FF1CE,L2_pair_up,"C10 parity XOR 0x0F",xor_popcount,4,12,1,0,0,0,0x09,0x06,0x0000000,0,0.1326,0.1149,0.0000,0,0,,,,,,1792,
lab,0xF0235A11CE0FF1CE,L3_gibbs,"C10 parity XOR 0x0F",xor_popcount,4,12,1,1,0,0,0x0F,0x00,0x0000000,0,1.0000,0.0000,1.0000,0,0,,,,,,29,
lab,0xF0235A11CE0FF1CE,LW_mod2_wht,"C10 parity XOR 0x0F",xor_popcount,4,12,1,1,0,0,0x0F,0x00,0x0000000,0,1.0000,1.0000,1.0000,0,0,,,,,,511,
lab,0xF0235A11CE0FF1CE,LG_gf2,"C10 parity XOR 0x0F",xor_popcount,4,12,1,1,0,0,0x0F,0x00,0x0000000,0,1.0000,1.0000,1.0000,1,45,,,,,,1,
lab,0xF0235A11CE0FF1CE,L0_tb_argmax,"C10 parity XOR 0x0F",xor_popcount,4,13,0,0,0,0,0x00,0x12,0x0000000,0,0.0486,0.0040,0.0000,0,0,,,,,,162,
lab,0xF0235A11CE0FF1CE,L1_single_up,"C10 parity XOR 0x0F",xor_popcount,4,13,0,0,0,0,0x20,0x50,0x0000000,0,0.0686,0.0341,0.0000,0,0,,,,,,1016,
lab,0xF0235A11CE0FF1CE,L2_pair_up,"C10 parity XOR 0x0F",xor_popcount,4,13,1,0,0,0,0x0A,0x05,0x0000000,0,0.1280,0.1050,0.0000,0,0,,,,,,1792,
lab,0xF0235A11CE0FF1CE,L3_gibbs,"C10 parity XOR 0x0F",xor_popcount,4,13,1,1,0,0,0x0F,0x00,0x0000000,0,1.0000,0.0000,1.0000,0,0,,,,,,29,
lab,0xF0235A11CE0FF1CE,LW_mod2_wht,"C10 parity XOR 0x0F",xor_popcount,4,13,1,1,0,0,0x0F,0x00,0x0000000,0,1.0000,1.0000,1.0000,0,0,,,,,,511,
lab,0xF0235A11CE0FF1CE,LG_gf2,"C10 parity XOR 0x0F",xor_popcount,4,13,1,1,0,0,0x0F,0x00,0x0000000,0,1.0000,1.0000,1.0000,1,45,,,,,,1,
lab,0xF0235A11CE0FF1CE,L0_tb_argmax,"C10 parity XOR 0x0F",xor_popcount,4,14,0,0,0,0,0x00,0x63,0x0000000,0,0.0583,0.0189,0.0000,0,0,,,,,,162,
lab,0xF0235A11CE0FF1CE,L1_single_up,"C10 parity XOR 0x0F",xor_popcount,4,14,1,0,0,0,0x01,0x0E,0x0000000,0,0.0691,0.0470,0.0000,0,0,,,,,,1016,
lab,0xF0235A11CE0FF1CE,L2_pair_up,"C10 parity XOR 0x0F",xor_popcount,4,14,1,0,0,0,0x09,0x06,0x0000000,0,0.1274,0.1151,0.0000,0,0,,,,,,1792,
lab,0xF0235A11CE0FF1CE,L3_gibbs,"C10 parity XOR 0x0F",xor_popcount,4,14,1,1,0,0,0x0F,0x00,0x0000000,0,1.0000,0.0000,1.0000,0,0,,,,,,29,
lab,0xF0235A11CE0FF1CE,LW_mod2_wht,"C10 parity XOR 0x0F",xor_popcount,4,14,1,1,0,0,0x0F,0x00,0x0000000,0,1.0000,1.0000,1.0000,0,0,,,,,,511,
lab,0xF0235A11CE0FF1CE,LG_gf2,"C10 parity XOR 0x0F",xor_popcount,4,14,1,1,0,0,0x0F,0x00,0x0000000,0,1.0000,1.0000,1.0000,1,45,,,,,,1,
lab,0xF0235A11CE0FF1CE,L0_tb_argmax,"C10 parity XOR 0x0F",xor_popcount,4,15,0,0,0,0,0x00,0xA8,0x0000000,0,0.0606,0.0063,0.0000,0,0,,,,,,162,
lab,0xF0235A11CE0FF1CE,L1_single_up,"C10 parity XOR 0x0F",xor_popcount,4,15,0,0,0,0,0x08,0x95,0x0000000,0,0.0629,0.0333,0.0000,0,0,,,,,,1016,
lab,0xF0235A11CE0FF1CE,L2_pair_up,"C10 parity XOR 0x0F",xor_popcount,4,15,1,0,0,0,0x0A,0x05,0x0000000,0,0.1320,0.1096,0.0000,0,0,,,,,,1792,
lab,0xF0235A11CE0FF1CE,L3_gibbs,"C10 parity XOR 0x0F",xor_popcount,4,15,1,1,0,0,0x0F,0x00,0x0000000,0,1.0000,0.0000,1.0000,0,0,,,,,,29,
lab,0xF0235A11CE0FF1CE,LW_mod2_wht,"C10 parity XOR 0x0F",xor_popcount,4,15,1,1,0,0,0x0F,0x00,0x0000000,0,1.0000,1.0000,1.0000,0,0,,,,,,511,
lab,0xF0235A11CE0FF1CE,LG_gf2,"C10 parity XOR 0x0F",xor_popcount,4,15,1,1,0,0,0x0F,0x00,0x0000000,0,1.0000,1.0000,1.0000,1,45,,,,,,1,
lab,0xF0235A11CE0FF1CE,L0_tb_argmax,"C10 parity XOR 0x0F",xor_popcount,4,16,0,0,0,0,0x00,0x63,0x0000000,0,0.0566,-0.0011,0.0000,0,0,,,,,,162,
lab,0xF0235A11CE0FF1CE,L1_single_up,"C10 parity XOR 0x0F",xor_popcount,4,16,0,0,0,0,0x10,0x43,0x0000000,0,0.0520,0.0289,0.0000,0,0,,,,,,1016,
lab,0xF0235A11CE0FF1CE,L2_pair_up,"C10 parity XOR 0x0F",xor_popcount,4,16,1,0,0,0,0x09,0x06,0x0000000,0,0.1314,0.1070,0.0000,0,0,,,,,,1792,
lab,0xF0235A11CE0FF1CE,L3_gibbs,"C10 parity XOR 0x0F",xor_popcount,4,16,1,1,0,0,0x0F,0x00,0x0000000,0,1.0000,0.0000,1.0000,0,0,,,,,,29,
lab,0xF0235A11CE0FF1CE,LW_mod2_wht,"C10 parity XOR 0x0F",xor_popcount,4,16,1,1,0,0,0x0F,0x00,0x0000000,0,1.0000,1.0000,1.0000,0,0,,,,,,511,
lab,0xF0235A11CE0FF1CE,LG_gf2,"C10 parity XOR 0x0F",xor_popcount,4,16,1,1,0,0,0x0F,0x00,0x0000000,0,1.0000,1.0000,1.0000,1,45,,,,,,1,
lab,0xF0235A11CE0FF1CE,L0_tb_argmax,"C10 parity XOR 0x0F",xor_popcount,4,17,0,0,0,0,0x00,0x63,0x0000000,0,0.0531,0.0120,0.0000,0,0,,,,,,162,
lab,0xF0235A11CE0FF1CE,L1_single_up,"C10 parity XOR 0x0F",xor_popcount,4,17,0,0,0,0,0x80,0x7C,0x0000000,0,0.0600,0.0316,0.0000,0,0,,,,,,1016,
lab,0xF0235A11CE0FF1CE,L2_pair_up,"C10 parity XOR 0x0F",xor_popcount,4,17,1,0,0,0,0x0A,0x05,0x0000000,0,0.1246,0.1045,0.0000,0,0,,,,,,1792,
lab,0xF0235A11CE0FF1CE,L3_gibbs,"C10 parity XOR 0x0F",xor_popcount,4,17,1,1,0,0,0x0F,0x00,0x0000000,0,1.0000,0.0000,1.0000,0,0,,,,,,29,
lab,0xF0235A11CE0FF1CE,LW_mod2_wht,"C10 parity XOR 0x0F",xor_popcount,4,17,1,1,0,0,0x0F,0x00,0x0000000,0,1.0000,1.0000,1.0000,0,0,,,,,,511,
lab,0xF0235A11CE0FF1CE,LG_gf2,"C10 parity XOR 0x0F",xor_popcount,4,17,1,1,0,0,0x0F,0x00,0x0000000,0,1.0000,1.0000,1.0000,1,45,,,,,,1,
lab,0xF0235A11CE0FF1CE,L0_tb_argmax,"C10 parity XOR 0x0F",xor_popcount,4,18,0,0,0,0,0x00,0x63,0x0000000,0,0.0674,0.0069,0.0000,0,0,,,,,,162,
lab,0xF0235A11CE0FF1CE,L1_single_up,"C10 parity XOR 0x0F",xor_popcount,4,18,0,0,0,0,0x02,0xBD,0x0000000,0,0.0651,0.0366,0.0000,0,0,,,,,,1016,
lab,0xF0235A11CE0FF1CE,L2_pair_up,"C10 parity XOR 0x0F",xor_popcount,4,18,1,0,0,0,0x09,0x06,0x0000000,0,0.1223,0.1057,0.0000,0,0,,,,,,1792,
lab,0xF0235A11CE0FF1CE,L3_gibbs,"C10 parity XOR 0x0F",xor_popcount,4,18,1,1,0,0,0x0F,0x00,0x0000000,0,1.0000,0.0000,1.0000,0,0,,,,,,29,
lab,0xF0235A11CE0FF1CE,LW_mod2_wht,"C10 parity XOR 0x0F",xor_popcount,4,18,1,1,0,0,0x0F,0x00,0x0000000,0,1.0000,1.0000,1.0000,0,0,,,,,,511,
lab,0xF0235A11CE0FF1CE,LG_gf2,"C10 parity XOR 0x0F",xor_popcount,4,18,1,1,0,0,0x0F,0x00,0x0000000,0,1.0000,1.0000,1.0000,1,45,,,,,,1,
lab,0xF0235A11CE0FF1CE,L0_tb_argmax,"C10 parity XOR 0x0F",xor_popcount,4,19,0,0,0,0,0x00,0x45,0x0000000,0,0.0486,0.0143,0.0000,0,0,,,,,,162,
lab,0xF0235A11CE0FF1CE,L1_single_up,"C10 parity XOR 0x0F",xor_popcount,4,19,0,0,0,0,0x08,0x01,0x0000000,0,0.0611,0.0427,0.0000,0,0,,,,,,1016,
lab,0xF0235A11CE0FF1CE,L2_pair_up,"C10 parity XOR 0x0F",xor_popcount,4,19,1,0,0,0,0x0A,0x05,0x0000000,0,0.1286,0.1113,0.0000,0,0,,,,,,1792,
lab,0xF0235A11CE0FF1CE,L3_gibbs,"C10 parity XOR 0x0F",xor_popcount,4,19,1,1,0,0,0x0F,0x00,0x0000000,0,1.0000,0.0000,1.0000,0,0,,,,,,29,
lab,0xF0235A11CE0FF1CE,LW_mod2_wht,"C10 parity XOR 0x0F",xor_popcount,4,19,1,1,0,0,0x0F,0x00,0x0000000,0,1.0000,1.0000,1.0000,0,0,,,,,,511,
lab,0xF0235A11CE0FF1CE,LG_gf2,"C10 parity XOR 0x0F",xor_popcount,4,19,1,1,0,0,0x0F,0x00,0x0000000,0,1.0000,1.0000,1.0000,1,45,,,,,,1,
lab,0xF0235A11CE0FF1CE,L0_tb_argmax,"C11 XOR 0x37",xor_popcount,5,0,0,0,0,0,0x00,0x58,0x0000000,0,0.0406,-0.0143,0.0000,0,0,,,,,,162,
lab,0xF0235A11CE0FF1CE,L1_single_up,"C11 XOR 0x37",xor_popcount,5,0,0,0,0,0,0x40,0x9F,0x0000000,0,0.0640,-0.0005,0.0000,0,0,,,,,,1016,
lab,0xF0235A11CE0FF1CE,L2_pair_up,"C11 XOR 0x37",xor_popcount,5,0,0,0,0,0,0x11,0xA8,0x0000000,0,0.0623,0.0299,0.0000,0,0,,,,,,1792,
lab,0xF0235A11CE0FF1CE,L3_gibbs,"C11 XOR 0x37",xor_popcount,5,0,1,1,0,0,0x37,0x00,0x0000000,0,1.0000,0.0000,1.0000,0,0,,,,,,53,
lab,0xF0235A11CE0FF1CE,LW_mod2_wht,"C11 XOR 0x37",xor_popcount,5,0,1,1,0,0,0x37,0x00,0x0000000,0,1.0000,1.0000,1.0000,0,0,,,,,,511,
lab,0xF0235A11CE0FF1CE,LG_gf2,"C11 XOR 0x37",xor_popcount,5,0,1,1,0,0,0x37,0x00,0x0000000,0,1.0000,1.0000,1.0000,1,45,,,,,,1,
lab,0xF0235A11CE0FF1CE,L0_tb_argmax,"C11 XOR 0x37",xor_popcount,5,1,0,0,0,0,0x00,0x62,0x0000000,0,0.0543,-0.0200,0.0000,0,0,,,,,,162,
lab,0xF0235A11CE0FF1CE,L1_single_up,"C11 XOR 0x37",xor_popcount,5,1,0,0,0,0,0x40,0x9F,0x0000000,0,0.0571,-0.0002,0.0000,0,0,,,,,,1016,
lab,0xF0235A11CE0FF1CE,L2_pair_up,"C11 XOR 0x37",xor_popcount,5,1,1,0,0,0,0x11,0x26,0x0000000,0,0.0674,0.0321,0.0000,0,0,,,,,,1792,
lab,0xF0235A11CE0FF1CE,L3_gibbs,"C11 XOR 0x37",xor_popcount,5,1,1,1,0,0,0x37,0x00,0x0000000,0,1.0000,0.0000,1.0000,0,0,,,,,,40,
lab,0xF0235A11CE0FF1CE,LW_mod2_wht,"C11 XOR 0x37",xor_popcount,5,1,1,1,0,0,0x37,0x00,0x0000000,0,1.0000,1.0000,1.0000,0,0,,,,,,511,
lab,0xF0235A11CE0FF1CE,LG_gf2,"C11 XOR 0x37",xor_popcount,5,1,1,1,0,0,0x37,0x00,0x0000000,0,1.0000,1.0000,1.0000,1,45,,,,,,1,
lab,0xF0235A11CE0FF1CE,L0_tb_argmax,"C11 XOR 0x37",xor_popcount,5,2,0,0,0,0,0x00,0x88,0x0000000,0,0.0451,-0.0069,0.0000,0,0,,,,,,162,
lab,0xF0235A11CE0FF1CE,L1_single_up,"C11 XOR 0x37",xor_popcount,5,2,0,0,0,0,0x20,0x9F,0x0000000,0,0.0537,0.0037,0.0000,0,0,,,,,,1016,
lab,0xF0235A11CE0FF1CE,L2_pair_up,"C11 XOR 0x37",xor_popcount,5,2,1,0,0,0,0x11,0x26,0x0000000,0,0.0629,0.0280,0.0000,0,0,,,,,,1792,
lab,0xF0235A11CE0FF1CE,L3_gibbs,"C11 XOR 0x37",xor_popcount,5,2,1,1,0,0,0x37,0x00,0x0000000,0,1.0000,0.0000,1.0000,0,0,,,,,,40,
lab,0xF0235A11CE0FF1CE,LW_mod2_wht,"C11 XOR 0x37",xor_popcount,5,2,1,1,0,0,0x37,0x00,0x0000000,0,1.0000,1.0000,1.0000,0,0,,,,,,511,
lab,0xF0235A11CE0FF1CE,LG_gf2,"C11 XOR 0x37",xor_popcount,5,2,1,1,0,0,0x37,0x00,0x0000000,0,1.0000,1.0000,1.0000,1,45,,,,,,1,
lab,0xF0235A11CE0FF1CE,L0_tb_argmax,"C11 XOR 0x37",xor_popcount,5,3,0,0,0,0,0x00,0x56,0x0000000,0,0.0411,-0.0263,0.0000,0,0,,,,,,162,
lab,0xF0235A11CE0FF1CE,L1_single_up,"C11 XOR 0x37",xor_popcount,5,3,0,0,0,0,0x40,0x9F,0x0000000,0,0.0491,-0.0091,0.0000,0,0,,,,,,1016,
lab,0xF0235A11CE0FF1CE,L2_pair_up,"C11 XOR 0x37",xor_popcount,5,3,0,0,0,0,0x84,0x0A,0x0000000,0,0.0646,0.0223,0.0000,0,0,,,,,,1792,
lab,0xF0235A11CE0FF1CE,L3_gibbs,"C11 XOR 0x37",xor_popcount,5,3,0,0,0,0,0xDF,0x00,0x0000000,0,0.0166,0.0000,0.0629,0,0,,,,,,192,
lab,0xF0235A11CE0FF1CE,LW_mod2_wht,"C11 XOR 0x37",xor_popcount,5,3,1,1,0,0,0x37,0x00,0x0000000,0,1.0000,1.0000,1.0000,0,0,,,,,,511,
lab,0xF0235A11CE0FF1CE,LG_gf2,"C11 XOR 0x37",xor_popcount,5,3,1,1,0,0,0x37,0x00,0x0000000,0,1.0000,1.0000,1.0000,1,45,,,,,,1,
lab,0xF0235A11CE0FF1CE,L0_tb_argmax,"C11 XOR 0x37",xor_popcount,5,4,0,0,0,0,0x00,0x39,0x0000000,0,0.0594,0.0006,0.0000,0,0,,,,,,162,
lab,0xF0235A11CE0FF1CE,L1_single_up,"C11 XOR 0x37",xor_popcount,5,4,0,0,0,0,0x20,0x06,0x0000000,0,0.0623,0.0037,0.0000,0,0,,,,,,1016,
lab,0xF0235A11CE0FF1CE,L2_pair_up,"C11 XOR 0x37",xor_popcount,5,4,0,0,0,0,0x09,0x56,0x0000000,0,0.0646,0.0251,0.0000,0,0,,,,,,1792,
lab,0xF0235A11CE0FF1CE,L3_gibbs,"C11 XOR 0x37",xor_popcount,5,4,1,1,0,0,0x37,0x00,0x0000000,0,1.0000,0.0000,1.0000,0,0,,,,,,66,
lab,0xF0235A11CE0FF1CE,LW_mod2_wht,"C11 XOR 0x37",xor_popcount,5,4,1,1,0,0,0x37,0x00,0x0000000,0,1.0000,1.0000,1.0000,0,0,,,,,,511,
lab,0xF0235A11CE0FF1CE,LG_gf2,"C11 XOR 0x37",xor_popcount,5,4,1,1,0,0,0x37,0x00,0x0000000,0,1.0000,1.0000,1.0000,1,45,,,,,,1,
lab,0xF0235A11CE0FF1CE,L0_tb_argmax,"C11 XOR 0x37",xor_popcount,5,5,0,0,0,0,0x00,0x39,0x0000000,0,0.0543,-0.0217,0.0000,0,0,,,,,,162,
lab,0xF0235A11CE0FF1CE,L1_single_up,"C11 XOR 0x37",xor_popcount,5,5,0,0,0,0,0x40,0x9F,0x0000000,0,0.0537,-0.0032,0.0000,0,0,,,,,,1016,
lab,0xF0235A11CE0FF1CE,L2_pair_up,"C11 XOR 0x37",xor_popcount,5,5,0,0,0,0,0x60,0x1E,0x0000000,0,0.0629,0.0225,0.0000,0,0,,,,,,1792,
lab,0xF0235A11CE0FF1CE,L3_gibbs,"C11 XOR 0x37",xor_popcount,5,5,1,1,0,0,0x37,0x00,0x0000000,0,1.0000,0.0000,1.0000,0,0,,,,,,78,
lab,0xF0235A11CE0FF1CE,LW_mod2_wht,"C11 XOR 0x37",xor_popcount,5,5,1,1,0,0,0x37,0x00,0x0000000,0,1.0000,1.0000,1.0000,0,0,,,,,,511,
lab,0xF0235A11CE0FF1CE,LG_gf2,"C11 XOR 0x37",xor_popcount,5,5,1,1,0,0,0x37,0x00,0x0000000,0,1.0000,1.0000,1.0000,1,45,,,,,,1,
lab,0xF0235A11CE0FF1CE,L0_tb_argmax,"C11 XOR 0x37",xor_popcount,5,6,0,0,0,0,0x00,0x39,0x0000000,0,0.0514,-0.0114,0.0000,0,0,,,,,,162,
lab,0xF0235A11CE0FF1CE,L1_single_up,"C11 XOR 0x37",xor_popcount,5,6,0,0,0,0,0x40,0x9F,0x0000000,0,0.0554,-0.0002,0.0000,0,0,,,,,,1016,
lab,0xF0235A11CE0FF1CE,L2_pair_up,"C11 XOR 0x37",xor_popcount,5,6,0,0,0,0,0x09,0x56,0x0000000,0,0.0606,0.0240,0.0000,0,0,,,,,,1792,
lab,0xF0235A11CE0FF1CE,L3_gibbs,"C11 XOR 0x37",xor_popcount,5,6,1,1,0,0,0x37,0x00,0x0000000,0,1.0000,0.0000,1.0000,0,0,,,,,,54,
lab,0xF0235A11CE0FF1CE,LW_mod2_wht,"C11 XOR 0x37",xor_popcount,5,6,1,1,0,0,0x37,0x00,0x0000000,0,1.0000,1.0000,1.0000,0,0,,,,,,511,
lab,0xF0235A11CE0FF1CE,LG_gf2,"C11 XOR 0x37",xor_popcount,5,6,1,1,0,0,0x37,0x00,0x0000000,0,1.0000,1.0000,1.0000,1,45,,,,,,1,
lab,0xF0235A11CE0FF1CE,L0_tb_argmax,"C11 XOR 0x37",xor_popcount,5,7,0,0,0,0,0x00,0x39,0x0000000,0,0.0554,-0.0206,0.0000,0,0,,,,,,162,
lab,0xF0235A11CE0FF1CE,L1_single_up,"C11 XOR 0x37",xor_popcount,5,7,0,0,0,0,0x40,0x9F,0x0000000,0,0.0514,-0.0053,0.0000,0,0,,,,,,1016,
lab,0xF0235A11CE0FF1CE,L2_pair_up,"C11 XOR 0x37",xor_popcount,5,7,1,0,0,0,0x11,0x26,0x0000000,0,0.0629,0.0309,0.0000,0,0,,,,,,1792,
lab,0xF0235A11CE0FF1CE,L3_gibbs,"C11 XOR 0x37",xor_popcount,5,7,1,1,0,0,0x37,0x00,0x0000000,0,1.0000,0.0000,1.0000,0,0,,,,,,40,
lab,0xF0235A11CE0FF1CE,LW_mod2_wht,"C11 XOR 0x37",xor_popcount,5,7,1,1,0,0,0x37,0x00,0x0000000,0,1.0000,1.0000,1.0000,0,0,,,,,,511,
lab,0xF0235A11CE0FF1CE,LG_gf2,"C11 XOR 0x37",xor_popcount,5,7,1,1,0,0,0x37,0x00,0x0000000,0,1.0000,1.0000,1.0000,1,45,,,,,,1,
lab,0xF0235A11CE0FF1CE,L0_tb_argmax,"C11 XOR 0x37",xor_popcount,5,8,0,0,0,0,0x00,0x62,0x0000000,0,0.0469,-0.0046,0.0000,0,0,,,,,,162,
lab,0xF0235A11CE0FF1CE,L1_single_up,"C11 XOR 0x37",xor_popcount,5,8,0,0,0,0,0x40,0x9F,0x0000000,0,0.0634,0.0032,0.0000,0,0,,,,,,1016,
lab,0xF0235A11CE0FF1CE,L2_pair_up,"C11 XOR 0x37",xor_popcount,5,8,0,0,0,0,0x50,0xA5,0x0000000,0,0.0651,0.0266,0.0000,0,0,,,,,,1792,
lab,0xF0235A11CE0FF1CE,L3_gibbs,"C11 XOR 0x37",xor_popcount,5,8,1,1,0,0,0x37,0x00,0x0000000,0,1.0000,0.0000,1.0000,0,0,,,,,,67,
lab,0xF0235A11CE0FF1CE,LW_mod2_wht,"C11 XOR 0x37",xor_popcount,5,8,1,1,0,0,0x37,0x00,0x0000000,0,1.0000,1.0000,1.0000,0,0,,,,,,511,
lab,0xF0235A11CE0FF1CE,LG_gf2,"C11 XOR 0x37",xor_popcount,5,8,1,1,0,0,0x37,0x00,0x0000000,0,1.0000,1.0000,1.0000,1,45,,,,,,1,
lab,0xF0235A11CE0FF1CE,L0_tb_argmax,"C11 XOR 0x37",xor_popcount,5,9,0,0,0,0,0x00,0x39,0x0000000,0,0.0491,-0.0160,0.0000,0,0,,,,,,162,
lab,0xF0235A11CE0FF1CE,L1_single_up,"C11 XOR 0x37",xor_popcount,5,9,0,0,0,0,0x40,0x9F,0x0000000,0,0.0646,0.0094,0.0000,0,0,,,,,,1016,
lab,0xF0235A11CE0FF1CE,L2_pair_up,"C11 XOR 0x37",xor_popcount,5,9,1,0,0,0,0x21,0x16,0x0000000,0,0.0651,0.0318,0.0000,0,0,,,,,,1792,
lab,0xF0235A11CE0FF1CE,L3_gibbs,"C11 XOR 0x37",xor_popcount,5,9,1,1,0,0,0x37,0x00,0x0000000,0,1.0000,0.0000,1.0000,0,0,,,,,,40,
lab,0xF0235A11CE0FF1CE,LW_mod2_wht,"C11 XOR 0x37",xor_popcount,5,9,1,1,0,0,0x37,0x00,0x0000000,0,1.0000,1.0000,1.0000,0,0,,,,,,511,
lab,0xF0235A11CE0FF1CE,LG_gf2,"C11 XOR 0x37",xor_popcount,5,9,1,1,0,0,0x37,0x00,0x0000000,0,1.0000,1.0000,1.0000,1,45,,,,,,1,
lab,0xF0235A11CE0FF1CE,L0_tb_argmax,"C11 XOR 0x37",xor_popcount,5,10,0,0,0,0,0x00,0x39,0x0000000,0,0.0549,-0.0269,0.0000,0,0,,,,,,162,
lab,0xF0235A11CE0FF1CE,L1_single_up,"C11 XOR 0x37",xor_popcount,5,10,0,0,0,0,0x40,0x9F,0x0000000,0,0.0634,-0.0027,0.0000,0,0,,,,,,1016,
lab,0xF0235A11CE0FF1CE,L2_pair_up,"C11 XOR 0x37",xor_popcount,5,10,0,0,0,0,0x82,0x19,0x0000000,0,0.0714,0.0249,0.0000,0,0,,,,,,1792,
lab,0xF0235A11CE0FF1CE,L3_gibbs,"C11 XOR 0x37",xor_popcount,5,10,1,1,0,0,0x37,0x00,0x0000000,0,1.0000,0.0000,1.0000,0,0,,,,,,53,
lab,0xF0235A11CE0FF1CE,LW_mod2_wht,"C11 XOR 0x37",xor_popcount,5,10,1,1,0,0,0x37,0x00,0x0000000,0,1.0000,1.0000,1.0000,0,0,,,,,,511,
lab,0xF0235A11CE0FF1CE,LG_gf2,"C11 XOR 0x37",xor_popcount,5,10,1,1,0,0,0x37,0x00,0x0000000,0,1.0000,1.0000,1.0000,1,45,,,,,,1,
lab,0xF0235A11CE0FF1CE,L0_tb_argmax,"C11 XOR 0x37",xor_popcount,5,11,0,0,0,0,0x00,0x39,0x0000000,0,0.0651,-0.0126,0.0000,0,0,,,,,,162,
lab,0xF0235A11CE0FF1CE,L1_single_up,"C11 XOR 0x37",xor_popcount,5,11,0,0,0,0,0x40,0x9F,0x0000000,0,0.0583,0.0066,0.0000,0,0,,,,,,1016,
lab,0xF0235A11CE0FF1CE,L2_pair_up,"C11 XOR 0x37",xor_popcount,5,11,1,0,0,0,0x21,0x16,0x0000000,0,0.0623,0.0331,0.0000,0,0,,,,,,1792,
lab,0xF0235A11CE0FF1CE,L3_gibbs,"C11 XOR 0x37",xor_popcount,5,11,1,1,0,0,0x37,0x00,0x0000000,0,1.0000,0.0000,1.0000,0,0,,,,,,40,
lab,0xF0235A11CE0FF1CE,LW_mod2_wht,"C11 XOR 0x37",xor_popcount,5,11,1,1,0,0,0x37,0x00,0x0000000,0,1.0000,1.0000,1.0000,0,0,,,,,,511,
lab,0xF0235A11CE0FF1CE,LG_gf2,"C11 XOR 0x37",xor_popcount,5,11,1,1,0,0,0x37,0x00,0x0000000,0,1.0000,1.0000,1.0000,1,45,,,,,,1,
lab,0xF0235A11CE0FF1CE,L0_tb_argmax,"C11 XOR 0x37",xor_popcount,5,12,0,0,0,0,0x00,0x39,0x0000000,0,0.0594,-0.0291,0.0000,0,0,,,,,,162,
lab,0xF0235A11CE0FF1CE,L1_single_up,"C11 XOR 0x37",xor_popcount,5,12,0,0,0,0,0x10,0x8B,0x0000000,0,0.0594,-0.0133,0.0000,0,0,,,,,,1016,
lab,0xF0235A11CE0FF1CE,L2_pair_up,"C11 XOR 0x37",xor_popcount,5,12,0,0,0,0,0x12,0x21,0x0000000,0,0.0549,0.0137,0.0000,0,0,,,,,,1792,
lab,0xF0235A11CE0FF1CE,L3_gibbs,"C11 XOR 0x37",xor_popcount,5,12,0,0,0,0,0xF3,0x00,0x0000000,0,0.0097,0.0000,0.0377,0,0,,,,,,199,
lab,0xF0235A11CE0FF1CE,LW_mod2_wht,"C11 XOR 0x37",xor_popcount,5,12,1,1,0,0,0x37,0x00,0x0000000,0,1.0000,1.0000,1.0000,0,0,,,,,,511,
lab,0xF0235A11CE0FF1CE,LG_gf2,"C11 XOR 0x37",xor_popcount,5,12,1,1,0,0,0x37,0x00,0x0000000,0,1.0000,1.0000,1.0000,1,45,,,,,,1,
lab,0xF0235A11CE0FF1CE,L0_tb_argmax,"C11 XOR 0x37",xor_popcount,5,13,0,0,0,0,0x00,0x62,0x0000000,0,0.0600,-0.0011,0.0000,0,0,,,,,,162,
lab,0xF0235A11CE0FF1CE,L1_single_up,"C11 XOR 0x37",xor_popcount,5,13,0,0,0,0,0x40,0x9F,0x0000000,0,0.0606,0.0048,0.0000,0,0,,,,,,1016,
lab,0xF0235A11CE0FF1CE,L2_pair_up,"C11 XOR 0x37",xor_popcount,5,13,0,0,0,0,0x84,0x0A,0x0000000,0,0.0520,0.0258,0.0000,0,0,,,,,,1792,
lab,0xF0235A11CE0FF1CE,L3_gibbs,"C11 XOR 0x37",xor_popcount,5,13,1,1,0,0,0x37,0x00,0x0000000,0,1.0000,0.0000,1.0000,0,0,,,,,,52,
lab,0xF0235A11CE0FF1CE,LW_mod2_wht,"C11 XOR 0x37",xor_popcount,5,13,1,1,0,0,0x37,0x00,0x0000000,0,1.0000,1.0000,1.0000,0,0,,,,,,511,
lab,0xF0235A11CE0FF1CE,LG_gf2,"C11 XOR 0x37",xor_popcount,5,13,1,1,0,0,0x37,0x00,0x0000000,0,1.0000,1.0000,1.0000,1,45,,,,,,1,
lab,0xF0235A11CE0FF1CE,L0_tb_argmax,"C11 XOR 0x37",xor_popcount,5,14,0,0,0,0,0x00,0x21,0x0000000,0,0.0543,0.0017,0.0000,0,0,,,,,,162,
lab,0xF0235A11CE0FF1CE,L1_single_up,"C11 XOR 0x37",xor_popcount,5,14,0,0,0,0,0x40,0x9F,0x0000000,0,0.0669,0.0075,0.0000,0,0,,,,,,1016,
lab,0xF0235A11CE0FF1CE,L2_pair_up,"C11 XOR 0x37",xor_popcount,5,14,1,0,0,0,0x11,0x26,0x0000000,0,0.0663,0.0358,0.0000,0,0,,,,,,1792,
lab,0xF0235A11CE0FF1CE,L3_gibbs,"C11 XOR 0x37",xor_popcount,5,14,1,1,0,0,0x37,0x00,0x0000000,0,1.0000,0.0000,1.0000,0,0,,,,,,40,
lab,0xF0235A11CE0FF1CE,LW_mod2_wht,"C11 XOR 0x37",xor_popcount,5,14,1,1,0,0,0x37,0x00,0x0000000,0,1.0000,1.0000,1.0000,0,0,,,,,,511,
lab,0xF0235A11CE0FF1CE,LG_gf2,"C11 XOR 0x37",xor_popcount,5,14,1,1,0,0,0x37,0x00,0x0000000,0,1.0000,1.0000,1.0000,1,45,,,,,,1,
lab,0xF0235A11CE0FF1CE,L0_tb_argmax,"C11 XOR 0x37",xor_popcount,5,15,0,0,0,0,0x00,0x39,0x0000000,0,0.0440,-0.0177,0.0000,0,0,,,,,,162,
lab,0xF0235A11CE0FF1CE,L1_single_up,"C11 XOR 0x37",xor_popcount,5,15,0,0,0,0,0x02,0x4C,0x0000000,0,0.0594,-0.0030,0.0000,0,0,,,,,,1016,
lab,0xF0235A11CE0FF1CE,L2_pair_up,"C11 XOR 0x37",xor_popcount,5,15,0,0,0,0,0x30,0xCB,0x0000000,0,0.0583,0.0253,0.0000,0,0,,,,,,1792,
lab,0xF0235A11CE0FF1CE,L3_gibbs,"C11 XOR 0x37",xor_popcount,5,15,0,0,0,0,0x55,0x00,0x0000000,0,0.0091,0.0000,0.0583,0,0,,,,,,188,
lab,0xF0235A11CE0FF1CE,LW_mod2_wht,"C11 XOR 0x37",xor_popcount,5,15,1,1,0,0,0x37,0x00,0x0000000,0,1.0000,1.0000,1.0000,0,0,,,,,,511,
lab,0xF0235A11CE0FF1CE,LG_gf2,"C11 XOR 0x37",xor_popcount,5,15,1,1,0,0,0x37,0x00,0x0000000,0,1.0000,1.0000,1.0000,1,45,,,,,,1,
lab,0xF0235A11CE0FF1CE,L0_tb_argmax,"C11 XOR 0x37",xor_popcount,5,16,0,0,0,0,0x00,0x39,0x0000000,0,0.0469,-0.0251,0.0000,0,0,,,,,,162,
lab,0xF0235A11CE0FF1CE,L1_single_up,"C11 XOR 0x37",xor_popcount,5,16,0,0,0,0,0x04,0xBA,0x0000000,0,0.0571,-0.0071,0.0000,0,0,,,,,,1016,
lab,0xF0235A11CE0FF1CE,L2_pair_up,"C11 XOR 0x37",xor_popcount,5,16,0,0,0,0,0x82,0x19,0x0000000,0,0.0594,0.0256,0.0000,0,0,,,,,,1792,
lab,0xF0235A11CE0FF1CE,L3_gibbs,"C11 XOR 0x37",xor_popcount,5,16,1,1,0,0,0x37,0x00,0x0000000,0,1.0000,0.0000,1.0000,0,0,,,,,,67,
lab,0xF0235A11CE0FF1CE,LW_mod2_wht,"C11 XOR 0x37",xor_popcount,5,16,1,1,0,0,0x37,0x00,0x0000000,0,1.0000,1.0000,1.0000,0,0,,,,,,511,
lab,0xF0235A11CE0FF1CE,LG_gf2,"C11 XOR 0x37",xor_popcount,5,16,1,1,0,0,0x37,0x00,0x0000000,0,1.0000,1.0000,1.0000,1,45,,,,,,1,
lab,0xF0235A11CE0FF1CE,L0_tb_argmax,"C11 XOR 0x37",xor_popcount,5,17,0,0,0,0,0x00,0x62,0x0000000,0,0.0549,-0.0120,0.0000,0,0,,,,,,162,
lab,0xF0235A11CE0FF1CE,L1_single_up,"C11 XOR 0x37",xor_popcount,5,17,0,0,0,0,0x08,0xC2,0x0000000,0,0.0577,-0.0009,0.0000,0,0,,,,,,1016,
lab,0xF0235A11CE0FF1CE,L2_pair_up,"C11 XOR 0x37",xor_popcount,5,17,0,0,0,0,0x84,0x0A,0x0000000,0,0.0646,0.0235,0.0000,0,0,,,,,,1792,
lab,0xF0235A11CE0FF1CE,L3_gibbs,"C11 XOR 0x37",xor_popcount,5,17,0,0,0,0,0x6E,0x00,0x0000000,0,0.0057,0.0000,0.0526,0,0,,,,,,188,
lab,0xF0235A11CE0FF1CE,LW_mod2_wht,"C11 XOR 0x37",xor_popcount,5,17,1,1,0,0,0x37,0x00,0x0000000,0,1.0000,1.0000,1.0000,0,0,,,,,,511,
lab,0xF0235A11CE0FF1CE,LG_gf2,"C11 XOR 0x37",xor_popcount,5,17,1,1,0,0,0x37,0x00,0x0000000,0,1.0000,1.0000,1.0000,1,45,,,,,,1,
lab,0xF0235A11CE0FF1CE,L0_tb_argmax,"C11 XOR 0x37",xor_popcount,5,18,0,0,0,0,0x00,0x09,0x0000000,0,0.0417,-0.0171,0.0000,0,0,,,,,,162,
lab,0xF0235A11CE0FF1CE,L1_single_up,"C11 XOR 0x37",xor_popcount,5,18,0,0,0,0,0x02,0x2C,0x0000000,0,0.0554,-0.0053,0.0000,0,0,,,,,,1016,
lab,0xF0235A11CE0FF1CE,L2_pair_up,"C11 XOR 0x37",xor_popcount,5,18,0,0,0,0,0x21,0x1C,0x0000000,0,0.0594,0.0224,0.0000,0,0,,,,,,1792,
lab,0xF0235A11CE0FF1CE,L3_gibbs,"C11 XOR 0x37",xor_popcount,5,18,0,0,0,0,0xB7,0x00,0x0000000,0,0.0211,0.0000,0.0480,0,0,,,,,,198,
lab,0xF0235A11CE0FF1CE,LW_mod2_wht,"C11 XOR 0x37",xor_popcount,5,18,1,1,0,0,0x37,0x00,0x0000000,0,1.0000,1.0000,1.0000,0,0,,,,,,511,
lab,0xF0235A11CE0FF1CE,LG_gf2,"C11 XOR 0x37",xor_popcount,5,18,1,1,0,0,0x37,0x00,0x0000000,0,1.0000,1.0000,1.0000,1,45,,,,,,1,
lab,0xF0235A11CE0FF1CE,L0_tb_argmax,"C11 XOR 0x37",xor_popcount,5,19,0,0,0,0,0x00,0x39,0x0000000,0,0.0589,-0.0217,0.0000,0,0,,,,,,162,
lab,0xF0235A11CE0FF1CE,L1_single_up,"C11 XOR 0x37",xor_popcount,5,19,0,0,0,0,0x08,0xC2,0x0000000,0,0.0571,-0.0075,0.0000,0,0,,,,,,1016,
lab,0xF0235A11CE0FF1CE,L2_pair_up,"C11 XOR 0x37",xor_popcount,5,19,0,0,0,0,0x11,0x42,0x0000000,0,0.0640,0.0210,0.0000,0,0,,,,,,1792,
lab,0xF0235A11CE0FF1CE,L3_gibbs,"C11 XOR 0x37",xor_popcount,5,19,1,1,0,0,0x37,0x00,0x0000000,0,1.0000,0.0000,1.0000,0,0,,,,,,78,
lab,0xF0235A11CE0FF1CE,LW_mod2_wht,"C11 XOR 0x37",xor_popcount,5,19,1,1,0,0,0x37,0x00,0x0000000,0,1.0000,1.0000,1.0000,0,0,,,,,,511,
lab,0xF0235A11CE0FF1CE,LG_gf2,"C11 XOR 0x37",xor_popcount,5,19,1,1,0,0,0x37,0x00,0x0000000,0,1.0000,1.0000,1.0000,1,45,,,,,,1,
lab,0xF0235A11CE0FF1CE,L0_tb_argmax,"X01 product_bind",control,0,0,0,0,0,0,0x00,0x02,0x0000000,0,0.3337,0.0000,0.0000,0,0,,,,,,162,
lab,0xF0235A11CE0FF1CE,L1_single_up,"X01 product_bind",control,0,0,0,0,0,0,0x01,0x02,0x0000000,0,0.1154,0.0000,0.0000,0,0,,,,,,1016,
lab,0xF0235A11CE0FF1CE,L2_pair_up,"X01 product_bind",control,0,0,0,0,0,0,0x03,0x00,0x0000000,0,0.1229,0.0000,0.0000,0,0,,,,,,1792,
lab,0xF0235A11CE0FF1CE,L3_gibbs,"X01 product_bind",control,0,0,0,0,0,0,0x02,0x00,0x0000000,0,0.1034,0.0000,0.1223,0,0,,,,,,206,
lab,0xF0235A11CE0FF1CE,LW_mod2_wht,"X01 product_bind",control,0,0,0,0,0,0,0x00,0x02,0x0000000,0,0.3337,0.0000,0.3509,0,0,,,,,,511,
lab,0xF0235A11CE0FF1CE,LG_gf2,"X01 product_bind",control,0,0,0,0,0,0,0x13,0x46,0xB2CA504,1,0.5034,1.0000,0.5109,0,45,,,,,,1,
lab,0xF0235A11CE0FF1CE,L0_tb_argmax,"X01 product_bind",control,0,1,0,0,0,0,0x00,0x02,0x0000000,0,0.3651,0.0000,0.0000,0,0,,,,,,162,
lab,0xF0235A11CE0FF1CE,L1_single_up,"X01 product_bind",control,0,1,0,0,0,0,0x01,0x02,0x0000000,0,0.1171,0.0000,0.0000,0,0,,,,,,1016,
lab,0xF0235A11CE0FF1CE,L2_pair_up,"X01 product_bind",control,0,1,0,0,0,0,0x03,0x00,0x0000000,0,0.1274,0.0000,0.0000,0,0,,,,,,1792,
lab,0xF0235A11CE0FF1CE,L3_gibbs,"X01 product_bind",control,0,1,0,0,0,0,0x03,0x00,0x0000000,0,0.1274,0.0000,0.1051,0,0,,,,,,228,
lab,0xF0235A11CE0FF1CE,LW_mod2_wht,"X01 product_bind",control,0,1,0,0,0,0,0x00,0x02,0x0000000,0,0.3651,0.0000,0.2880,0,0,,,,,,511,
lab,0xF0235A11CE0FF1CE,LG_gf2,"X01 product_bind",control,0,1,0,0,0,0,0x1A,0x11,0x19C63B3,0,0.5146,1.0000,0.5051,0,45,,,,,,1,
lab,0xF0235A11CE0FF1CE,L0_tb_argmax,"X01 product_bind",control,0,2,0,0,0,0,0x00,0x03,0x0000000,0,0.3411,0.0000,0.0000,0,0,,,,,,162,
lab,0xF0235A11CE0FF1CE,L1_single_up,"X01 product_bind",control,0,2,0,0,0,0,0x01,0x02,0x0000000,0,0.1166,0.0000,0.0000,0,0,,,,,,1016,
lab,0xF0235A11CE0FF1CE,L2_pair_up,"X01 product_bind",control,0,2,0,0,0,0,0x03,0x00,0x0000000,0,0.1171,0.0000,0.0000,0,0,,,,,,1792,
lab,0xF0235A11CE0FF1CE,L3_gibbs,"X01 product_bind",control,0,2,0,0,0,0,0x03,0x00,0x0000000,0,0.1171,0.0000,0.1257,0,0,,,,,,213,
lab,0xF0235A11CE0FF1CE,LW_mod2_wht,"X01 product_bind",control,0,2,0,0,0,0,0x00,0x03,0x0000000,0,0.3411,0.0000,0.3131,0,0,,,,,,511,
lab,0xF0235A11CE0FF1CE,LG_gf2,"X01 product_bind",control,0,2,0,0,0,0,0x87,0x3A,0x8136453,1,0.5197,1.0000,0.4937,0,45,,,,,,1,
lab,0xF0235A11CE0FF1CE,L0_tb_argmax,"X01 product_bind",control,0,3,0,0,0,0,0x00,0x02,0x0000000,0,0.3394,0.0000,0.0000,0,0,,,,,,162,
lab,0xF0235A11CE0FF1CE,L1_single_up,"X01 product_bind",control,0,3,0,0,0,0,0x01,0x02,0x0000000,0,0.1280,0.0000,0.0000,0,0,,,,,,1016,
lab,0xF0235A11CE0FF1CE,L2_pair_up,"X01 product_bind",control,0,3,0,0,0,0,0x03,0x00,0x0000000,0,0.1183,0.0000,0.0000,0,0,,,,,,1792,
lab,0xF0235A11CE0FF1CE,L3_gibbs,"X01 product_bind",control,0,3,0,0,0,0,0x02,0x00,0x0000000,0,0.1206,0.0000,0.0880,0,0,,,,,,219,
lab,0xF0235A11CE0FF1CE,LW_mod2_wht,"X01 product_bind",control,0,3,0,0,0,0,0x00,0x02,0x0000000,0,0.3394,0.0000,0.3394,0,0,,,,,,511,
lab,0xF0235A11CE0FF1CE,LG_gf2,"X01 product_bind",control,0,3,0,0,0,0,0xC6,0x9E,0x4E3EEF1,0,0.5006,1.0000,0.4943,0,45,,,,,,1,
lab,0xF0235A11CE0FF1CE,L0_tb_argmax,"X01 product_bind",control,0,4,0,0,0,0,0x00,0x03,0x0000000,0,0.3337,0.0000,0.0000,0,0,,,,,,162,
lab,0xF0235A11CE0FF1CE,L1_single_up,"X01 product_bind",control,0,4,0,0,0,0,0x02,0x01,0x0000000,0,0.1149,0.0000,0.0000,0,0,,,,,,1016,
lab,0xF0235A11CE0FF1CE,L2_pair_up,"X01 product_bind",control,0,4,0,0,0,0,0x03,0x00,0x0000000,0,0.1103,0.0000,0.0000,0,0,,,,,,1792,
lab,0xF0235A11CE0FF1CE,L3_gibbs,"X01 product_bind",control,0,4,0,0,0,0,0x03,0x00,0x0000000,0,0.1103,0.0000,0.1394,0,0,,,,,,210,
lab,0xF0235A11CE0FF1CE,LW_mod2_wht,"X01 product_bind",control,0,4,0,0,0,0,0x00,0x03,0x0000000,0,0.3337,0.0000,0.3280,0,0,,,,,,511,
lab,0xF0235A11CE0FF1CE,LG_gf2,"X01 product_bind",control,0,4,0,0,0,0,0x13,0x3D,0x2FA6487,1,0.5243,1.0000,0.4977,0,45,,,,,,1,
lab,0xF0235A11CE0FF1CE,L0_tb_argmax,"X01 product_bind",control,0,5,0,0,0,0,0x00,0x02,0x0000000,0,0.3520,0.0000,0.0000,0,0,,,,,,162,
lab,0xF0235A11CE0FF1CE,L1_single_up,"X01 product_bind",control,0,5,0,0,0,0,0x01,0x02,0x0000000,0,0.1109,0.0000,0.0000,0,0,,,,,,1016,
lab,0xF0235A11CE0FF1CE,L2_pair_up,"X01 product_bind",control,0,5,0,0,0,0,0x03,0x00,0x0000000,0,0.1217,0.0000,0.0000,0,0,,,,,,1792,
lab,0xF0235A11CE0FF1CE,L3_gibbs,"X01 product_bind",control,0,5,0,0,0,0,0x03,0x00,0x0000000,0,0.1217,0.0000,0.1166,0,0,,,,,,207,
lab,0xF0235A11CE0FF1CE,LW_mod2_wht,"X01 product_bind",control,0,5,0,0,0,0,0x00,0x02,0x0000000,0,0.3520,0.0000,0.3143,0,0,,,,,,511,
lab,0xF0235A11CE0FF1CE,LG_gf2,"X01 product_bind",control,0,5,0,0,0,0,0x3F,0x6C,0x2236797,0,0.5074,1.0000,0.4886,0,45,,,,,,1,
lab,0xF0235A11CE0FF1CE,L0_tb_argmax,"X01 product_bind",control,0,6,0,0,0,0,0x00,0x02,0x0000000,0,0.3469,0.0000,0.0000,0,0,,,,,,162,
lab,0xF0235A11CE0FF1CE,L1_single_up,"X01 product_bind",control,0,6,0,0,0,0,0x02,0x01,0x0000000,0,0.1114,0.0000,0.0000,0,0,,,,,,1016,
lab,0xF0235A11CE0FF1CE,L2_pair_up,"X01 product_bind",control,0,6,0,0,0,0,0x03,0x00,0x0000000,0,0.1131,0.0000,0.0000,0,0,,,,,,1792,
lab,0xF0235A11CE0FF1CE,L3_gibbs,"X01 product_bind",control,0,6,0,0,0,0,0x02,0x00,0x0000000,0,0.1303,0.0000,0.0686,0,0,,,,,,244,
lab,0xF0235A11CE0FF1CE,LW_mod2_wht,"X01 product_bind",control,0,6,0,0,0,0,0x00,0x02,0x0000000,0,0.3469,0.0000,0.3246,0,0,,,,,,511,
lab,0xF0235A11CE0FF1CE,LG_gf2,"X01 product_bind",control,0,6,0,0,0,0,0xFA,0xC1,0xB1380E3,0,0.4949,1.0000,0.4903,0,45,,,,,,1,
lab,0xF0235A11CE0FF1CE,L0_tb_argmax,"X01 product_bind",control,0,7,0,0,0,0,0x00,0x02,0x0000000,0,0.3383,0.0000,0.0000,0,0,,,,,,162,
lab,0xF0235A11CE0FF1CE,L1_single_up,"X01 product_bind",control,0,7,0,0,0,0,0x02,0x01,0x0000000,0,0.1091,0.0000,0.0000,0,0,,,,,,1016,
lab,0xF0235A11CE0FF1CE,L2_pair_up,"X01 product_bind",control,0,7,0,0,0,0,0x03,0x00,0x0000000,0,0.1120,0.0000,0.0000,0,0,,,,,,1792,
lab,0xF0235A11CE0FF1CE,L3_gibbs,"X01 product_bind",control,0,7,0,0,0,0,0x03,0x00,0x0000000,0,0.1120,0.0000,0.1360,0,0,,,,,,204,
lab,0xF0235A11CE0FF1CE,LW_mod2_wht,"X01 product_bind",control,0,7,0,0,0,0,0x00,0x02,0x0000000,0,0.3383,0.0000,0.3417,0,0,,,,,,511,
lab,0xF0235A11CE0FF1CE,LG_gf2,"X01 product_bind",control,0,7,0,0,0,0,0xAE,0x8A,0x2569A45,1,0.5106,1.0000,0.4937,0,45,,,,,,1,
lab,0xF0235A11CE0FF1CE,L0_tb_argmax,"X01 product_bind",control,0,8,0,0,0,0,0x00,0x02,0x0000000,0,0.3480,0.0000,0.0000,0,0,,,,,,162,
lab,0xF0235A11CE0FF1CE,L1_single_up,"X01 product_bind",control,0,8,0,0,0,0,0x01,0x02,0x0000000,0,0.1314,0.0000,0.0000,0,0,,,,,,1016,
lab,0xF0235A11CE0FF1CE,L2_pair_up,"X01 product_bind",control,0,8,0,0,0,0,0x03,0x00,0x0000000,0,0.1314,0.0000,0.0000,0,0,,,,,,1792,
lab,0xF0235A11CE0FF1CE,L3_gibbs,"X01 product_bind",control,0,8,0,0,0,0,0x02,0x00,0x0000000,0,0.1091,0.0000,0.1109,0,0,,,,,,233,
lab,0xF0235A11CE0FF1CE,LW_mod2_wht,"X01 product_bind",control,0,8,0,0,0,0,0x00,0x02,0x0000000,0,0.3480,0.0000,0.3223,0,0,,,,,,511,
lab,0xF0235A11CE0FF1CE,LG_gf2,"X01 product_bind",control,0,8,0,0,0,0,0x54,0x12,0xEF3E3D1,1,0.5146,1.0000,0.5126,0,45,,,,,,1,
lab,0xF0235A11CE0FF1CE,L0_tb_argmax,"X01 product_bind",control,0,9,0,0,0,0,0x00,0x03,0x0000000,0,0.3297,0.0000,0.0000,0,0,,,,,,162,
lab,0xF0235A11CE0FF1CE,L1_single_up,"X01 product_bind",control,0,9,0,0,0,0,0x01,0x02,0x0000000,0,0.1217,0.0000,0.0000,0,0,,,,,,1016,
lab,0xF0235A11CE0FF1CE,L2_pair_up,"X01 product_bind",control,0,9,0,0,0,0,0x03,0x00,0x0000000,0,0.1320,0.0000,0.0000,0,0,,,,,,1792,
lab,0xF0235A11CE0FF1CE,L3_gibbs,"X01 product_bind",control,0,9,0,0,0,0,0x03,0x00,0x0000000,0,0.1320,0.0000,0.0960,0,0,,,,,,231,
lab,0xF0235A11CE0FF1CE,LW_mod2_wht,"X01 product_bind",control,0,9,0,0,0,0,0x00,0x03,0x0000000,0,0.3297,0.0000,0.3360,0,0,,,,,,511,
lab,0xF0235A11CE0FF1CE,LG_gf2,"X01 product_bind",control,0,9,0,0,0,0,0x4E,0xDA,0x6768D1C,1,0.5174,1.0000,0.5063,0,45,,,,,,1,
lab,0xF0235A11CE0FF1CE,L0_tb_argmax,"X01 product_bind",control,0,10,0,0,0,0,0x00,0x02,0x0000000,0,0.3451,0.0000,0.0000,0,0,,,,,,162,
lab,0xF0235A11CE0FF1CE,L1_single_up,"X01 product_bind",control,0,10,0,0,0,0,0x01,0x02,0x0000000,0,0.1154,0.0000,0.0000,0,0,,,,,,1016,
lab,0xF0235A11CE0FF1CE,L2_pair_up,"X01 product_bind",control,0,10,0,0,0,0,0x03,0x00,0x0000000,0,0.1246,0.0000,0.0000,0,0,,,,,,1792,
lab,0xF0235A11CE0FF1CE,L3_gibbs,"X01 product_bind",control,0,10,0,0,0,0,0x02,0x00,0x0000000,0,0.1051,0.0000,0.1189,0,0,,,,,,217,
lab,0xF0235A11CE0FF1CE,LW_mod2_wht,"X01 product_bind",control,0,10,0,0,0,0,0x00,0x02,0x0000000,0,0.3451,0.0000,0.3280,0,0,,,,,,511,
lab,0xF0235A11CE0FF1CE,LG_gf2,"X01 product_bind",control,0,10,0,0,0,0,0x62,0x49,0x9C5351B,0,0.5074,1.0000,0.5109,0,45,,,,,,1,
lab,0xF0235A11CE0FF1CE,L0_tb_argmax,"X01 product_bind",control,0,11,0,0,0,0,0x00,0x02,0x0000000,0,0.3383,0.0000,0.0000,0,0,,,,,,162,
lab,0xF0235A11CE0FF1CE,L1_single_up,"X01 product_bind",control,0,11,0,0,0,0,0x01,0x02,0x0000000,0,0.1200,0.0000,0.0000,0,0,,,,,,1016,
lab,0xF0235A11CE0FF1CE,L2_pair_up,"X01 product_bind",control,0,11,0,0,0,0,0x03,0x00,0x0000000,0,0.1269,0.0000,0.0000,0,0,,,,,,1792,
lab,0xF0235A11CE0FF1CE,L3_gibbs,"X01 product_bind",control,0,11,0,0,0,0,0x03,0x00,0x0000000,0,0.1269,0.0000,0.1063,0,0,,,,,,212,
lab,0xF0235A11CE0FF1CE,LW_mod2_wht,"X01 product_bind",control,0,11,0,0,0,0,0x00,0x02,0x0000000,0,0.3383,0.0000,0.3417,0,0,,,,,,511,
lab,0xF0235A11CE0FF1CE,LG_gf2,"X01 product_bind",control,0,11,0,0,0,0,0x02,0x15,0x4CCFA6A,0,0.5063,1.0000,0.4829,0,45,,,,,,1,
lab,0xF0235A11CE0FF1CE,L0_tb_argmax,"X01 product_bind",control,0,12,0,0,0,0,0x00,0x02,0x0000000,0,0.3577,0.0000,0.0000,0,0,,,,,,162,
lab,0xF0235A11CE0FF1CE,L1_single_up,"X01 product_bind",control,0,12,0,0,0,0,0x01,0x02,0x0000000,0,0.0960,0.0000,0.0000,0,0,,,,,,1016,
lab,0xF0235A11CE0FF1CE,L2_pair_up,"X01 product_bind",control,0,12,0,0,0,0,0x03,0x00,0x0000000,0,0.1131,0.0000,0.0000,0,0,,,,,,1792,
lab,0xF0235A11CE0FF1CE,L3_gibbs,"X01 product_bind",control,0,12,0,0,0,0,0x02,0x00,0x0000000,0,0.1143,0.0000,0.1006,0,0,,,,,,209,
lab,0xF0235A11CE0FF1CE,LW_mod2_wht,"X01 product_bind",control,0,12,0,0,0,0,0x00,0x02,0x0000000,0,0.3577,0.0000,0.3029,0,0,,,,,,511,
lab,0xF0235A11CE0FF1CE,LG_gf2,"X01 product_bind",control,0,12,0,0,0,0,0xF5,0x3D,0xF6DDB40,0,0.5094,1.0000,0.5103,0,45,,,,,,1,
lab,0xF0235A11CE0FF1CE,L0_tb_argmax,"X01 product_bind",control,0,13,0,0,0,0,0x00,0x03,0x0000000,0,0.3469,0.0000,0.0000,0,0,,,,,,162,
lab,0xF0235A11CE0FF1CE,L1_single_up,"X01 product_bind",control,0,13,0,0,0,0,0x02,0x01,0x0000000,0,0.1131,0.0000,0.0000,0,0,,,,,,1016,
lab,0xF0235A11CE0FF1CE,L2_pair_up,"X01 product_bind",control,0,13,0,0,0,0,0x03,0x00,0x0000000,0,0.1126,0.0000,0.0000,0,0,,,,,,1792,
lab,0xF0235A11CE0FF1CE,L3_gibbs,"X01 product_bind",control,0,13,0,0,0,0,0x03,0x00,0x0000000,0,0.1126,0.0000,0.1349,0,0,,,,,,203,
lab,0xF0235A11CE0FF1CE,LW_mod2_wht,"X01 product_bind",control,0,13,0,0,0,0,0x00,0x03,0x0000000,0,0.3469,0.0000,0.3017,0,0,,,,,,511,
lab,0xF0235A11CE0FF1CE,LG_gf2,"X01 product_bind",control,0,13,0,0,0,0,0x26,0x13,0xAF89333,1,0.5026,1.0000,0.4817,0,45,,,,,,1,
lab,0xF0235A11CE0FF1CE,L0_tb_argmax,"X01 product_bind",control,0,14,0,0,0,0,0x00,0x02,0x0000000,0,0.3503,0.0000,0.0000,0,0,,,,,,162,
lab,0xF0235A11CE0FF1CE,L1_single_up,"X01 product_bind",control,0,14,0,0,0,0,0x02,0x01,0x0000000,0,0.1183,0.0000,0.0000,0,0,,,,,,1016,
lab,0xF0235A11CE0FF1CE,L2_pair_up,"X01 product_bind",control,0,14,0,0,0,0,0x03,0x00,0x0000000,0,0.1229,0.0000,0.0000,0,0,,,,,,1792,
lab,0xF0235A11CE0FF1CE,L3_gibbs,"X01 product_bind",control,0,14,0,0,0,0,0x03,0x00,0x0000000,0,0.1229,0.0000,0.1143,0,0,,,,,,219,
lab,0xF0235A11CE0FF1CE,LW_mod2_wht,"X01 product_bind",control,0,14,0,0,0,0,0x00,0x02,0x0000000,0,0.3503,0.0000,0.3177,0,0,,,,,,511,
lab,0xF0235A11CE0FF1CE,LG_gf2,"X01 product_bind",control,0,14,0,0,0,0,0x0F,0x64,0xC344C72,0,0.5066,1.0000,0.4966,0,45,,,,,,1,
lab,0xF0235A11CE0FF1CE,L0_tb_argmax,"X01 product_bind",control,0,15,0,0,0,0,0x00,0x02,0x0000000,0,0.3531,0.0000,0.0000,0,0,,,,,,162,
lab,0xF0235A11CE0FF1CE,L1_single_up,"X01 product_bind",control,0,15,0,0,0,0,0x02,0x01,0x0000000,0,0.1234,0.0000,0.0000,0,0,,,,,,1016,
lab,0xF0235A11CE0FF1CE,L2_pair_up,"X01 product_bind",control,0,15,0,0,0,0,0x03,0x00,0x0000000,0,0.1269,0.0000,0.0000,0,0,,,,,,1792,
lab,0xF0235A11CE0FF1CE,L3_gibbs,"X01 product_bind",control,0,15,0,0,0,0,0x03,0x00,0x0000000,0,0.1269,0.0000,0.1063,0,0,,,,,,246,
lab,0xF0235A11CE0FF1CE,LW_mod2_wht,"X01 product_bind",control,0,15,0,0,0,0,0x00,0x02,0x0000000,0,0.3531,0.0000,0.3120,0,0,,,,,,511,
lab,0xF0235A11CE0FF1CE,LG_gf2,"X01 product_bind",control,0,15,0,0,0,0,0xD2,0xE2,0x9A2A4CE,0,0.5020,1.0000,0.4943,0,45,,,,,,1,
lab,0xF0235A11CE0FF1CE,L0_tb_argmax,"X01 product_bind",control,0,16,0,0,0,0,0x00,0x03,0x0000000,0,0.3463,0.0000,0.0000,0,0,,,,,,162,
lab,0xF0235A11CE0FF1CE,L1_single_up,"X01 product_bind",control,0,16,0,0,0,0,0x01,0x02,0x0000000,0,0.1263,0.0000,0.0000,0,0,,,,,,1016,
lab,0xF0235A11CE0FF1CE,L2_pair_up,"X01 product_bind",control,0,16,0,0,0,0,0x03,0x00,0x0000000,0,0.1126,0.0000,0.0000,0,0,,,,,,1792,
lab,0xF0235A11CE0FF1CE,L3_gibbs,"X01 product_bind",control,0,16,0,0,0,0,0x03,0x00,0x0000000,0,0.1126,0.0000,0.1349,0,0,,,,,,219,
lab,0xF0235A11CE0FF1CE,LW_mod2_wht,"X01 product_bind",control,0,16,0,0,0,0,0x00,0x03,0x0000000,0,0.3463,0.0000,0.3029,0,0,,,,,,511,
lab,0xF0235A11CE0FF1CE,LG_gf2,"X01 product_bind",control,0,16,0,0,0,0,0x96,0x61,0x90C7392,0,0.5166,1.0000,0.5131,0,45,,,,,,1,
lab,0xF0235A11CE0FF1CE,L0_tb_argmax,"X01 product_bind",control,0,17,0,0,0,0,0x00,0x02,0x0000000,0,0.3709,0.0000,0.0000,0,0,,,,,,162,
lab,0xF0235A11CE0FF1CE,L1_single_up,"X01 product_bind",control,0,17,0,0,0,0,0x01,0x02,0x0000000,0,0.1103,0.0000,0.0000,0,0,,,,,,1016,
lab,0xF0235A11CE0FF1CE,L2_pair_up,"X01 product_bind",control,0,17,0,0,0,0,0x03,0x00,0x0000000,0,0.1097,0.0000,0.0000,0,0,,,,,,1792,
lab,0xF0235A11CE0FF1CE,L3_gibbs,"X01 product_bind",control,0,17,0,0,0,0,0x02,0x00,0x0000000,0,0.1269,0.0000,0.0754,0,0,,,,,,219,
lab,0xF0235A11CE0FF1CE,LW_mod2_wht,"X01 product_bind",control,0,17,0,0,0,0,0x00,0x02,0x0000000,0,0.3709,0.0000,0.2766,0,0,,,,,,511,
lab,0xF0235A11CE0FF1CE,LG_gf2,"X01 product_bind",control,0,17,0,0,0,0,0x80,0x82,0x019CEEC,0,0.5137,1.0000,0.4909,0,45,,,,,,1,
lab,0xF0235A11CE0FF1CE,L0_tb_argmax,"X01 product_bind",control,0,18,0,0,0,0,0x00,0x02,0x0000000,0,0.3537,0.0000,0.0000,0,0,,,,,,162,
lab,0xF0235A11CE0FF1CE,L1_single_up,"X01 product_bind",control,0,18,0,0,0,0,0x02,0x01,0x0000000,0,0.0989,0.0000,0.0000,0,0,,,,,,1016,
lab,0xF0235A11CE0FF1CE,L2_pair_up,"X01 product_bind",control,0,18,0,0,0,0,0x03,0x00,0x0000000,0,0.1291,0.0000,0.0000,0,0,,,,,,1792,
lab,0xF0235A11CE0FF1CE,L3_gibbs,"X01 product_bind",control,0,18,0,0,0,0,0x02,0x00,0x0000000,0,0.1034,0.0000,0.1223,0,0,,,,,,212,
lab,0xF0235A11CE0FF1CE,LW_mod2_wht,"X01 product_bind",control,0,18,0,0,0,0,0x00,0x02,0x0000000,0,0.3537,0.0000,0.3109,0,0,,,,,,511,
lab,0xF0235A11CE0FF1CE,LG_gf2,"X01 product_bind",control,0,18,0,0,0,0,0xA3,0x40,0x9C0AD22,1,0.5057,1.0000,0.5006,0,45,,,,,,1,
lab,0xF0235A11CE0FF1CE,L0_tb_argmax,"X01 product_bind",control,0,19,0,0,0,0,0x00,0x02,0x0000000,0,0.3383,0.0000,0.0000,0,0,,,,,,162,
lab,0xF0235A11CE0FF1CE,L1_single_up,"X01 product_bind",control,0,19,0,0,0,0,0x02,0x01,0x0000000,0,0.1149,0.0000,0.0000,0,0,,,,,,1016,
lab,0xF0235A11CE0FF1CE,L2_pair_up,"X01 product_bind",control,0,19,0,0,0,0,0x03,0x00,0x0000000,0,0.1223,0.0000,0.0000,0,0,,,,,,1792,
lab,0xF0235A11CE0FF1CE,L3_gibbs,"X01 product_bind",control,0,19,0,0,0,0,0x02,0x00,0x0000000,0,0.1057,0.0000,0.1177,0,0,,,,,,221,
lab,0xF0235A11CE0FF1CE,LW_mod2_wht,"X01 product_bind",control,0,19,0,0,0,0,0x00,0x02,0x0000000,0,0.3383,0.0000,0.3417,0,0,,,,,,511,
lab,0xF0235A11CE0FF1CE,LG_gf2,"X01 product_bind",control,0,19,0,0,0,0,0xCB,0x78,0xDB29A15,1,0.5194,1.0000,0.5257,0,45,,,,,,1,
lab,0xF0235A11CE0FF1CE,L0_tb_argmax,"X02 max_parity",control,0,0,0,0,0,0,0x00,0x20,0x0000000,0,0.0851,0.0000,0.0000,0,0,,,,,,162,
lab,0xF0235A11CE0FF1CE,L1_single_up,"X02 max_parity",control,0,0,0,0,0,0,0x40,0x08,0x0000000,0,0.0611,0.0000,0.0000,0,0,,,,,,1016,
lab,0xF0235A11CE0FF1CE,L2_pair_up,"X02 max_parity",control,0,0,0,0,0,0,0x48,0x00,0x0000000,0,0.0697,0.0000,0.0000,0,0,,,,,,1792,
lab,0xF0235A11CE0FF1CE,L3_gibbs,"X02 max_parity",control,0,0,0,0,0,0,0x40,0x00,0x0000000,0,0.0891,0.0000,0.1566,0,0,,,,,,203,
lab,0xF0235A11CE0FF1CE,LW_mod2_wht,"X02 max_parity",control,0,0,0,0,0,0,0x80,0x00,0x0000000,0,0.1286,0.0000,0.1017,0,0,,,,,,511,
lab,0xF0235A11CE0FF1CE,LG_gf2,"X02 max_parity",control,0,0,0,0,0,0,0xD2,0x64,0x8EEBFBD,1,0.4940,1.0000,0.5029,0,45,,,,,,1,
lab,0xF0235A11CE0FF1CE,L0_tb_argmax,"X02 max_parity",control,0,1,0,0,0,0,0x00,0x80,0x0000000,0,0.0834,0.0000,0.0000,0,0,,,,,,162,
lab,0xF0235A11CE0FF1CE,L1_single_up,"X02 max_parity",control,0,1,0,0,0,0,0x08,0x20,0x0000000,0,0.0686,0.0000,0.0000,0,0,,,,,,1016,
lab,0xF0235A11CE0FF1CE,L2_pair_up,"X02 max_parity",control,0,1,0,0,0,0,0x48,0x00,0x0000000,0,0.0606,0.0000,0.0000,0,0,,,,,,1792,
lab,0xF0235A11CE0FF1CE,L3_gibbs,"X02 max_parity",control,0,1,0,0,0,0,0x40,0x00,0x0000000,0,0.1063,0.0000,0.1223,0,0,,,,,,214,
lab,0xF0235A11CE0FF1CE,LW_mod2_wht,"X02 max_parity",control,0,1,0,0,0,0,0x80,0x00,0x0000000,0,0.1183,0.0000,0.1223,0,0,,,,,,511,
lab,0xF0235A11CE0FF1CE,LG_gf2,"X02 max_parity",control,0,1,0,0,0,0,0xAC,0xAF,0xB78E25B,1,0.5034,1.0000,0.4937,0,45,,,,,,1,
lab,0xF0235A11CE0FF1CE,L0_tb_argmax,"X02 max_parity",control,0,2,0,0,0,0,0x00,0x20,0x0000000,0,0.0863,0.0000,0.0000,0,0,,,,,,162,
lab,0xF0235A11CE0FF1CE,L1_single_up,"X02 max_parity",control,0,2,0,0,0,0,0x01,0x8A,0x0000000,0,0.0549,0.0000,0.0000,0,0,,,,,,1016,
lab,0xF0235A11CE0FF1CE,L2_pair_up,"X02 max_parity",control,0,2,0,0,0,0,0x48,0x00,0x0000000,0,0.0674,0.0000,0.0000,0,0,,,,,,1792,
lab,0xF0235A11CE0FF1CE,L3_gibbs,"X02 max_parity",control,0,2,0,0,0,0,0x40,0x00,0x0000000,0,0.1149,0.0000,0.1051,0,0,,,,,,196,
lab,0xF0235A11CE0FF1CE,LW_mod2_wht,"X02 max_parity",control,0,2,0,0,0,0,0x20,0x00,0x0000000,0,0.1189,0.0000,0.0811,0,0,,,,,,511,
lab,0xF0235A11CE0FF1CE,LG_gf2,"X02 max_parity",control,0,2,0,0,0,0,0x4F,0xF8,0x0B86CCC,1,0.5157,1.0000,0.4949,0,45,,,,,,1,
lab,0xF0235A11CE0FF1CE,L0_tb_argmax,"X02 max_parity",control,0,3,0,0,0,0,0x00,0x20,0x0000000,0,0.0914,0.0000,0.0000,0,0,,,,,,162,
lab,0xF0235A11CE0FF1CE,L1_single_up,"X02 max_parity",control,0,3,0,0,0,0,0x08,0x20,0x0000000,0,0.0594,0.0000,0.0000,0,0,,,,,,1016,
lab,0xF0235A11CE0FF1CE,L2_pair_up,"X02 max_parity",control,0,3,0,0,0,0,0x48,0x00,0x0000000,0,0.0554,0.0000,0.0000,0,0,,,,,,1792,
lab,0xF0235A11CE0FF1CE,L3_gibbs,"X02 max_parity",control,0,3,0,0,0,0,0x40,0x00,0x0000000,0,0.1126,0.0000,0.1097,0,0,,,,,,252,
lab,0xF0235A11CE0FF1CE,LW_mod2_wht,"X02 max_parity",control,0,3,0,0,0,0,0x80,0x00,0x0000000,0,0.1234,0.0000,0.1120,0,0,,,,,,511,
lab,0xF0235A11CE0FF1CE,LG_gf2,"X02 max_parity",control,0,3,0,0,0,0,0xDD,0x9D,0xC7A97A0,1,0.5060,1.0000,0.5046,0,45,,,,,,1,
lab,0xF0235A11CE0FF1CE,L0_tb_argmax,"X02 max_parity",control,0,4,0,0,0,0,0x00,0x80,0x0000000,0,0.0846,0.0000,0.0000,0,0,,,,,,162,
lab,0xF0235A11CE0FF1CE,L1_single_up,"X02 max_parity",control,0,4,0,0,0,0,0x40,0x11,0x0000000,0,0.0594,0.0000,0.0000,0,0,,,,,,1016,
lab,0xF0235A11CE0FF1CE,L2_pair_up,"X02 max_parity",control,0,4,0,0,0,0,0x82,0x75,0x0000000,0,0.0731,0.0000,0.0000,0,0,,,,,,1792,
lab,0xF0235A11CE0FF1CE,L3_gibbs,"X02 max_parity",control,0,4,0,0,0,0,0x01,0x00,0x0000000,0,0.0846,0.0000,0.1177,0,0,,,,,,201,
lab,0xF0235A11CE0FF1CE,LW_mod2_wht,"X02 max_parity",control,0,4,0,0,0,0,0x40,0x00,0x0000000,0,0.1200,0.0000,0.0949,0,0,,,,,,511,
lab,0xF0235A11CE0FF1CE,LG_gf2,"X02 max_parity",control,0,4,0,0,0,0,0xC3,0xC5,0x06E62DF,1,0.5026,1.0000,0.5023,0,45,,,,,,1,
lab,0xF0235A11CE0FF1CE,L0_tb_argmax,"X02 max_parity",control,0,5,0,0,0,0,0x00,0x80,0x0000000,0,0.0846,0.0000,0.0000,0,0,,,,,,162,
lab,0xF0235A11CE0FF1CE,L1_single_up,"X02 max_parity",control,0,5,0,0,0,0,0x08,0x20,0x0000000,0,0.0600,0.0000,0.0000,0,0,,,,,,1016,
lab,0xF0235A11CE0FF1CE,L2_pair_up,"X02 max_parity",control,0,5,0,0,0,0,0x48,0x00,0x0000000,0,0.0600,0.0000,0.0000,0,0,,,,,,1792,
lab,0xF0235A11CE0FF1CE,L3_gibbs,"X02 max_parity",control,0,5,0,0,0,0,0x40,0x00,0x0000000,0,0.1206,0.0000,0.0937,0,0,,,,,,229,
lab,0xF0235A11CE0FF1CE,LW_mod2_wht,"X02 max_parity",control,0,5,0,0,0,0,0x80,0x00,0x0000000,0,0.1331,0.0000,0.0926,0,0,,,,,,511,
lab,0xF0235A11CE0FF1CE,LG_gf2,"X02 max_parity",control,0,5,0,0,0,0,0x78,0x64,0x58BDD43,0,0.4969,1.0000,0.4874,0,45,,,,,,1,
lab,0xF0235A11CE0FF1CE,L0_tb_argmax,"X02 max_parity",control,0,6,0,0,0,0,0x00,0x80,0x0000000,0,0.0869,0.0000,0.0000,0,0,,,,,,162,
lab,0xF0235A11CE0FF1CE,L1_single_up,"X02 max_parity",control,0,6,0,0,0,0,0x04,0xAB,0x0000000,0,0.0571,0.0000,0.0000,0,0,,,,,,1016,
lab,0xF0235A11CE0FF1CE,L2_pair_up,"X02 max_parity",control,0,6,0,0,0,0,0x50,0x00,0x0000000,0,0.0589,0.0000,0.0000,0,0,,,,,,1792,
lab,0xF0235A11CE0FF1CE,L3_gibbs,"X02 max_parity",control,0,6,0,0,0,0,0x20,0x00,0x0000000,0,0.1109,0.0000,0.0971,0,0,,,,,,223,
lab,0xF0235A11CE0FF1CE,LW_mod2_wht,"X02 max_parity",control,0,6,0,0,0,0,0x80,0x00,0x0000000,0,0.1309,0.0000,0.0971,0,0,,,,,,511,
lab,0xF0235A11CE0FF1CE,LG_gf2,"X02 max_parity",control,0,6,0,0,0,0,0x3A,0x88,0x500B7EC,1,0.5080,1.0000,0.5091,0,45,,,,,,1,
lab,0xF0235A11CE0FF1CE,L0_tb_argmax,"X02 max_parity",control,0,7,0,0,0,0,0x00,0x20,0x0000000,0,0.1109,0.0000,0.0000,0,0,,,,,,162,
lab,0xF0235A11CE0FF1CE,L1_single_up,"X02 max_parity",control,0,7,0,0,0,0,0x10,0x09,0x0000000,0,0.0583,0.0000,0.0000,0,0,,,,,,1016,
lab,0xF0235A11CE0FF1CE,L2_pair_up,"X02 max_parity",control,0,7,0,0,0,0,0x50,0x00,0x0000000,0,0.0646,0.0000,0.0000,0,0,,,,,,1792,
lab,0xF0235A11CE0FF1CE,L3_gibbs,"X02 max_parity",control,0,7,0,0,0,0,0x40,0x00,0x0000000,0,0.1114,0.0000,0.1120,0,0,,,,,,197,
lab,0xF0235A11CE0FF1CE,LW_mod2_wht,"X02 max_parity",control,0,7,0,0,0,0,0x80,0x00,0x0000000,0,0.1217,0.0000,0.1154,0,0,,,,,,511,
lab,0xF0235A11CE0FF1CE,LG_gf2,"X02 max_parity",control,0,7,0,0,0,0,0xA8,0xE3,0x72FD2A1,1,0.5071,1.0000,0.4834,0,45,,,,,,1,
lab,0xF0235A11CE0FF1CE,L0_tb_argmax,"X02 max_parity",control,0,8,0,0,0,0,0x00,0x20,0x0000000,0,0.1011,0.0000,0.0000,0,0,,,,,,162,
lab,0xF0235A11CE0FF1CE,L1_single_up,"X02 max_parity",control,0,8,0,0,0,0,0x08,0x40,0x0000000,0,0.0583,0.0000,0.0000,0,0,,,,,,1016,
lab,0xF0235A11CE0FF1CE,L2_pair_up,"X02 max_parity",control,0,8,0,0,0,0,0x48,0x00,0x0000000,0,0.0617,0.0000,0.0000,0,0,,,,,,1792,
lab,0xF0235A11CE0FF1CE,L3_gibbs,"X02 max_parity",control,0,8,0,0,0,0,0x40,0x00,0x0000000,0,0.1126,0.0000,0.1097,0,0,,,,,,207,
lab,0xF0235A11CE0FF1CE,LW_mod2_wht,"X02 max_parity",control,0,8,0,0,0,0,0x80,0x00,0x0000000,0,0.1269,0.0000,0.1051,0,0,,,,,,511,
lab,0xF0235A11CE0FF1CE,LG_gf2,"X02 max_parity",control,0,8,0,0,0,0,0x00,0xF0,0x0650CE1,0,0.4974,1.0000,0.5131,0,45,,,,,,1,
lab,0xF0235A11CE0FF1CE,L0_tb_argmax,"X02 max_parity",control,0,9,0,0,0,0,0x00,0x20,0x0000000,0,0.1097,0.0000,0.0000,0,0,,,,,,162,
lab,0xF0235A11CE0FF1CE,L1_single_up,"X02 max_parity",control,0,9,0,0,0,0,0x20,0x10,0x0000000,0,0.0520,0.0000,0.0000,0,0,,,,,,1016,
lab,0xF0235A11CE0FF1CE,L2_pair_up,"X02 max_parity",control,0,9,0,0,0,0,0x48,0x00,0x0000000,0,0.0629,0.0000,0.0000,0,0,,,,,,1792,
lab,0xF0235A11CE0FF1CE,L3_gibbs,"X02 max_parity",control,0,9,0,0,0,0,0x04,0x00,0x0000000,0,0.0880,0.0000,0.1029,0,0,,,,,,218,
lab,0xF0235A11CE0FF1CE,LW_mod2_wht,"X02 max_parity",control,0,9,0,0,0,0,0x20,0x00,0x0000000,0,0.1400,0.0000,0.0389,0,0,,,,,,511,
lab,0xF0235A11CE0FF1CE,LG_gf2,"X02 max_parity",control,0,9,0,0,0,0,0xDD,0x78,0x4906334,0,0.5237,1.0000,0.4817,0,45,,,,,,1,
lab,0xF0235A11CE0FF1CE,L0_tb_argmax,"X02 max_parity",control,0,10,0,0,0,0,0x00,0x20,0x0000000,0,0.0903,0.0000,0.0000,0,0,,,,,,162,
lab,0xF0235A11CE0FF1CE,L1_single_up,"X02 max_parity",control,0,10,0,0,0,0,0x40,0x80,0x0000000,0,0.0600,0.0000,0.0000,0,0,,,,,,1016,
lab,0xF0235A11CE0FF1CE,L2_pair_up,"X02 max_parity",control,0,10,0,0,0,0,0x06,0x00,0x0000000,0,0.0634,0.0000,0.0000,0,0,,,,,,1792,
lab,0xF0235A11CE0FF1CE,L3_gibbs,"X02 max_parity",control,0,10,0,0,0,0,0x40,0x00,0x0000000,0,0.1149,0.0000,0.1051,0,0,,,,,,217,
lab,0xF0235A11CE0FF1CE,LW_mod2_wht,"X02 max_parity",control,0,10,0,0,0,0,0x80,0x00,0x0000000,0,0.1234,0.0000,0.1120,0,0,,,,,,511,
lab,0xF0235A11CE0FF1CE,LG_gf2,"X02 max_parity",control,0,10,0,0,0,0,0xD1,0x37,0xF7DE475,1,0.5020,1.0000,0.5029,0,45,,,,,,1,
lab,0xF0235A11CE0FF1CE,L0_tb_argmax,"X02 max_parity",control,0,11,0,0,0,0,0x00,0x20,0x0000000,0,0.0971,0.0000,0.0000,0,0,,,,,,162,
lab,0xF0235A11CE0FF1CE,L1_single_up,"X02 max_parity",control,0,11,0,0,0,0,0x04,0x1A,0x0000000,0,0.0663,0.0000,0.0000,0,0,,,,,,1016,
lab,0xF0235A11CE0FF1CE,L2_pair_up,"X02 max_parity",control,0,11,0,0,0,0,0x48,0x00,0x0000000,0,0.0680,0.0000,0.0000,0,0,,,,,,1792,
lab,0xF0235A11CE0FF1CE,L3_gibbs,"X02 max_parity",control,0,11,0,0,0,0,0x40,0x00,0x0000000,0,0.1006,0.0000,0.1337,0,0,,,,,,205,
lab,0xF0235A11CE0FF1CE,LW_mod2_wht,"X02 max_parity",control,0,11,0,0,0,0,0x80,0x00,0x0000000,0,0.1269,0.0000,0.1051,0,0,,,,,,511,
lab,0xF0235A11CE0FF1CE,LG_gf2,"X02 max_parity",control,0,11,0,0,0,0,0x29,0xBB,0x6174EA9,1,0.4986,1.0000,0.4571,0,45,,,,,,1,
lab,0xF0235A11CE0FF1CE,L0_tb_argmax,"X02 max_parity",control,0,12,0,0,0,0,0x00,0x01,0x0000000,0,0.0846,0.0000,0.0000,0,0,,,,,,162,
lab,0xF0235A11CE0FF1CE,L1_single_up,"X02 max_parity",control,0,12,0,0,0,0,0x40,0x2C,0x0000000,0,0.0583,0.0000,0.0000,0,0,,,,,,1016,
lab,0xF0235A11CE0FF1CE,L2_pair_up,"X02 max_parity",control,0,12,0,0,0,0,0x48,0x00,0x0000000,0,0.0771,0.0000,0.0000,0,0,,,,,,1792,
lab,0xF0235A11CE0FF1CE,L3_gibbs,"X02 max_parity",control,0,12,0,0,0,0,0xF2,0x00,0x0000000,0,0.0034,0.0000,0.0663,0,0,,,,,,189,
lab,0xF0235A11CE0FF1CE,LW_mod2_wht,"X02 max_parity",control,0,12,0,0,0,0,0x80,0x00,0x0000000,0,0.1206,0.0000,0.1177,0,0,,,,,,511,
lab,0xF0235A11CE0FF1CE,LG_gf2,"X02 max_parity",control,0,12,0,0,0,0,0x05,0xC5,0xF860052,1,0.5226,1.0000,0.4829,0,45,,,,,,1,
lab,0xF0235A11CE0FF1CE,L0_tb_argmax,"X02 max_parity",control,0,13,0,0,0,0,0x00,0x08,0x0000000,0,0.0846,0.0000,0.0000,0,0,,,,,,162,
lab,0xF0235A11CE0FF1CE,L1_single_up,"X02 max_parity",control,0,13,0,0,0,0,0x01,0x10,0x0000000,0,0.0594,0.0000,0.0000,0,0,,,,,,1016,
lab,0xF0235A11CE0FF1CE,L2_pair_up,"X02 max_parity",control,0,13,0,0,0,0,0x50,0x00,0x0000000,0,0.0634,0.0000,0.0000,0,0,,,,,,1792,
lab,0xF0235A11CE0FF1CE,L3_gibbs,"X02 max_parity",control,0,13,0,0,0,0,0x40,0x00,0x0000000,0,0.1074,0.0000,0.1200,0,0,,,,,,220,
lab,0xF0235A11CE0FF1CE,LW_mod2_wht,"X02 max_parity",control,0,13,0,0,0,0,0x80,0x00,0x0000000,0,0.1229,0.0000,0.1131,0,0,,,,,,511,
lab,0xF0235A11CE0FF1CE,LG_gf2,"X02 max_parity",control,0,13,0,0,0,0,0xE2,0x9D,0xCE7D460,1,0.5026,1.0000,0.4937,0,45,,,,,,1,
lab,0xF0235A11CE0FF1CE,L0_tb_argmax,"X02 max_parity",control,0,14,0,0,0,0,0x00,0x20,0x0000000,0,0.0880,0.0000,0.0000,0,0,,,,,,162,
lab,0xF0235A11CE0FF1CE,L1_single_up,"X02 max_parity",control,0,14,0,0,0,0,0x10,0x20,0x0000000,0,0.0726,0.0000,0.0000,0,0,,,,,,1016,
lab,0xF0235A11CE0FF1CE,L2_pair_up,"X02 max_parity",control,0,14,0,0,0,0,0x0C,0x50,0x0000000,0,0.0634,0.0000,0.0000,0,0,,,,,,1792,
lab,0xF0235A11CE0FF1CE,L3_gibbs,"X02 max_parity",control,0,14,0,0,0,0,0x20,0x00,0x0000000,0,0.1029,0.0000,0.1131,0,0,,,,,,225,
lab,0xF0235A11CE0FF1CE,LW_mod2_wht,"X02 max_parity",control,0,14,0,0,0,0,0x80,0x00,0x0000000,0,0.1234,0.0000,0.1120,0,0,,,,,,511,
lab,0xF0235A11CE0FF1CE,LG_gf2,"X02 max_parity",control,0,14,0,0,0,0,0xF7,0xD5,0xBD61A0E,0,0.4983,1.0000,0.5023,0,45,,,,,,1,
lab,0xF0235A11CE0FF1CE,L0_tb_argmax,"X02 max_parity",control,0,15,0,0,0,0,0x00,0x20,0x0000000,0,0.0966,0.0000,0.0000,0,0,,,,,,162,
lab,0xF0235A11CE0FF1CE,L1_single_up,"X02 max_parity",control,0,15,0,0,0,0,0x20,0xD2,0x0000000,0,0.0531,0.0000,0.0000,0,0,,,,,,1016,
lab,0xF0235A11CE0FF1CE,L2_pair_up,"X02 max_parity",control,0,15,0,0,0,0,0x11,0x8A,0x0000000,0,0.0617,0.0000,0.0000,0,0,,,,,,1792,
lab,0xF0235A11CE0FF1CE,L3_gibbs,"X02 max_parity",control,0,15,0,0,0,0,0x80,0x00,0x0000000,0,0.1097,0.0000,0.1394,0,0,,,,,,202,
lab,0xF0235A11CE0FF1CE,LW_mod2_wht,"X02 max_parity",control,0,15,0,0,0,0,0x01,0x00,0x0000000,0,0.1097,0.0000,0.0674,0,0,,,,,,511,
lab,0xF0235A11CE0FF1CE,LG_gf2,"X02 max_parity",control,0,15,0,0,0,0,0x14,0x30,0x2F6E785,1,0.5114,1.0000,0.5143,0,45,,,,,,1,
lab,0xF0235A11CE0FF1CE,L0_tb_argmax,"X02 max_parity",control,0,16,0,0,0,0,0x00,0x20,0x0000000,0,0.0914,0.0000,0.0000,0,0,,,,,,162,
lab,0xF0235A11CE0FF1CE,L1_single_up,"X02 max_parity",control,0,16,0,0,0,0,0x10,0x0E,0x0000000,0,0.0543,0.0000,0.0000,0,0,,,,,,1016,
lab,0xF0235A11CE0FF1CE,L2_pair_up,"X02 max_parity",control,0,16,0,0,0,0,0x50,0x00,0x0000000,0,0.0623,0.0000,0.0000,0,0,,,,,,1792,
lab,0xF0235A11CE0FF1CE,L3_gibbs,"X02 max_parity",control,0,16,0,0,0,0,0x40,0x00,0x0000000,0,0.1074,0.0000,0.1200,0,0,,,,,,210,
lab,0xF0235A11CE0FF1CE,LW_mod2_wht,"X02 max_parity",control,0,16,0,0,0,0,0x80,0x00,0x0000000,0,0.1223,0.0000,0.1143,0,0,,,,,,511,
lab,0xF0235A11CE0FF1CE,LG_gf2,"X02 max_parity",control,0,16,0,0,0,0,0xF8,0x5E,0x8D9F84F,0,0.5011,1.0000,0.5194,0,45,,,,,,1,
lab,0xF0235A11CE0FF1CE,L0_tb_argmax,"X02 max_parity",control,0,17,0,0,0,0,0x00,0x20,0x0000000,0,0.1000,0.0000,0.0000,0,0,,,,,,162,
lab,0xF0235A11CE0FF1CE,L1_single_up,"X02 max_parity",control,0,17,0,0,0,0,0x01,0x20,0x0000000,0,0.0634,0.0000,0.0000,0,0,,,,,,1016,
lab,0xF0235A11CE0FF1CE,L2_pair_up,"X02 max_parity",control,0,17,0,0,0,0,0x48,0x00,0x0000000,0,0.0806,0.0000,0.0000,0,0,,,,,,1792,
lab,0xF0235A11CE0FF1CE,L3_gibbs,"X02 max_parity",control,0,17,0,0,0,0,0x02,0x00,0x0000000,0,0.0903,0.0000,0.0891,0,0,,,,,,218,
lab,0xF0235A11CE0FF1CE,LW_mod2_wht,"X02 max_parity",control,0,17,0,0,0,0,0x40,0x00,0x0000000,0,0.1297,0.0000,0.0754,0,0,,,,,,511,
lab,0xF0235A11CE0FF1CE,LG_gf2,"X02 max_parity",control,0,17,0,0,0,0,0x4E,0xCF,0x36AFB95,1,0.4963,1.0000,0.5051,0,45,,,,,,1,
lab,0xF0235A11CE0FF1CE,L0_tb_argmax,"X02 max_parity",control,0,18,0,0,0,0,0x00,0x20,0x0000000,0,0.0766,0.0000,0.0000,0,0,,,,,,162,
lab,0xF0235A11CE0FF1CE,L1_single_up,"X02 max_parity",control,0,18,0,0,0,0,0x08,0x10,0x0000000,0,0.0594,0.0000,0.0000,0,0,,,,,,1016,
lab,0xF0235A11CE0FF1CE,L2_pair_up,"X02 max_parity",control,0,18,0,0,0,0,0x48,0x00,0x0000000,0,0.0731,0.0000,0.0000,0,0,,,,,,1792,
lab,0xF0235A11CE0FF1CE,L3_gibbs,"X02 max_parity",control,0,18,0,0,0,0,0x04,0x00,0x0000000,0,0.0886,0.0000,0.1017,0,0,,,,,,217,
lab,0xF0235A11CE0FF1CE,LW_mod2_wht,"X02 max_parity",control,0,18,0,0,0,0,0x40,0x00,0x0000000,0,0.1257,0.0000,0.0834,0,0,,,,,,511,
lab,0xF0235A11CE0FF1CE,LG_gf2,"X02 max_parity",control,0,18,0,0,0,0,0xCD,0x32,0x2647FA2,0,0.5009,1.0000,0.5017,0,45,,,,,,1,
lab,0xF0235A11CE0FF1CE,L0_tb_argmax,"X02 max_parity",control,0,19,0,0,0,0,0x00,0x80,0x0000000,0,0.0851,0.0000,0.0000,0,0,,,,,,162,
lab,0xF0235A11CE0FF1CE,L1_single_up,"X02 max_parity",control,0,19,0,0,0,0,0x40,0x2C,0x0000000,0,0.0600,0.0000,0.0000,0,0,,,,,,1016,
lab,0xF0235A11CE0FF1CE,L2_pair_up,"X02 max_parity",control,0,19,0,0,0,0,0x48,0x00,0x0000000,0,0.0714,0.0000,0.0000,0,0,,,,,,1792,
lab,0xF0235A11CE0FF1CE,L3_gibbs,"X02 max_parity",control,0,19,0,0,0,0,0x40,0x00,0x0000000,0,0.1057,0.0000,0.1234,0,0,,,,,,200,
lab,0xF0235A11CE0FF1CE,LW_mod2_wht,"X02 max_parity",control,0,19,0,0,0,0,0x80,0x00,0x0000000,0,0.1354,0.0000,0.0880,0,0,,,,,,511,
lab,0xF0235A11CE0FF1CE,LG_gf2,"X02 max_parity",control,0,19,0,0,0,0,0x8B,0x36,0x6731E8D,1,0.5131,1.0000,0.5080,0,45,,,,,,1,
lab,0xF0235A11CE0FF1CE,L0_tb_argmax,"X03 rank2_eq1",control,0,0,0,0,0,0,0x00,0x04,0x0000000,0,0.2171,0.0000,0.0000,0,0,,,,,,162,
lab,0xF0235A11CE0FF1CE,L1_single_up,"X03 rank2_eq1",control,0,0,0,0,0,0,0x04,0xAB,0x0000000,0,0.0657,0.0000,0.0000,0,0,,,,,,1016,
lab,0xF0235A11CE0FF1CE,L2_pair_up,"X03 rank2_eq1",control,0,0,0,0,0,0,0x24,0x9B,0x0000000,0,0.0554,0.0000,0.0000,0,0,,,,,,1792,
lab,0xF0235A11CE0FF1CE,L3_gibbs,"X03 rank2_eq1",control,0,0,0,0,0,0,0xF5,0x00,0x0000000,0,0.0017,0.0000,0.0526,0,0,,,,,,208,
lab,0xF0235A11CE0FF1CE,LW_mod2_wht,"X03 rank2_eq1",control,0,0,0,0,0,0,0x00,0x04,0x0000000,0,0.2171,0.0000,0.2251,0,0,,,,,,511,
lab,0xF0235A11CE0FF1CE,LG_gf2,"X03 rank2_eq1",control,0,0,0,0,0,0,0x85,0x02,0xA1E7E11,0,0.5123,1.0000,0.5074,0,45,,,,,,1,
lab,0xF0235A11CE0FF1CE,L0_tb_argmax,"X03 rank2_eq1",control,0,1,0,0,0,0,0x00,0x04,0x0000000,0,0.2080,0.0000,0.0000,0,0,,,,,,162,
lab,0xF0235A11CE0FF1CE,L1_single_up,"X03 rank2_eq1",control,0,1,0,0,0,0,0x10,0x0E,0x0000000,0,0.0651,0.0000,0.0000,0,0,,,,,,1016,
lab,0xF0235A11CE0FF1CE,L2_pair_up,"X03 rank2_eq1",control,0,1,0,0,0,0,0x05,0x00,0x0000000,0,0.0646,0.0000,0.0000,0,0,,,,,,1792,
lab,0xF0235A11CE0FF1CE,L3_gibbs,"X03 rank2_eq1",control,0,1,0,0,0,0,0xCF,0x00,0x0000000,0,0.0131,0.0000,0.0549,0,0,,,,,,186,
lab,0xF0235A11CE0FF1CE,LW_mod2_wht,"X03 rank2_eq1",control,0,1,0,0,0,0,0x00,0x04,0x0000000,0,0.2080,0.0000,0.2434,0,0,,,,,,511,
lab,0xF0235A11CE0FF1CE,LG_gf2,"X03 rank2_eq1",control,0,1,0,0,0,0,0xA9,0x2D,0x2D1A8F3,0,0.5269,1.0000,0.4954,0,45,,,,,,1,
lab,0xF0235A11CE0FF1CE,L0_tb_argmax,"X03 rank2_eq1",control,0,2,0,0,0,0,0x00,0x02,0x0000000,0,0.2131,0.0000,0.0000,0,0,,,,,,162,
lab,0xF0235A11CE0FF1CE,L1_single_up,"X03 rank2_eq1",control,0,2,0,0,0,0,0x40,0x1E,0x0000000,0,0.0600,0.0000,0.0000,0,0,,,,,,1016,
lab,0xF0235A11CE0FF1CE,L2_pair_up,"X03 rank2_eq1",control,0,2,0,0,0,0,0x09,0xC6,0x0000000,0,0.0549,0.0000,0.0000,0,0,,,,,,1792,
lab,0xF0235A11CE0FF1CE,L3_gibbs,"X03 rank2_eq1",control,0,2,0,0,0,0,0xB7,0x00,0x0000000,0,0.0011,0.0000,0.0617,0,0,,,,,,202,
lab,0xF0235A11CE0FF1CE,LW_mod2_wht,"X03 rank2_eq1",control,0,2,0,0,0,0,0x00,0x02,0x0000000,0,0.2131,0.0000,0.1760,0,0,,,,,,511,
lab,0xF0235A11CE0FF1CE,LG_gf2,"X03 rank2_eq1",control,0,2,0,0,0,0,0xE4,0x85,0x8BD354C,1,0.5200,1.0000,0.4823,0,45,,,,,,1,
lab,0xF0235A11CE0FF1CE,L0_tb_argmax,"X03 rank2_eq1",control,0,3,0,0,0,0,0x00,0x04,0x0000000,0,0.2223,0.0000,0.0000,0,0,,,,,,162,
lab,0xF0235A11CE0FF1CE,L1_single_up,"X03 rank2_eq1",control,0,3,0,0,0,0,0x10,0x0E,0x0000000,0,0.0726,0.0000,0.0000,0,0,,,,,,1016,
lab,0xF0235A11CE0FF1CE,L2_pair_up,"X03 rank2_eq1",control,0,3,0,0,0,0,0x09,0xA6,0x0000000,0,0.0583,0.0000,0.0000,0,0,,,,,,1792,
lab,0xF0235A11CE0FF1CE,L3_gibbs,"X03 rank2_eq1",control,0,3,0,0,0,0,0x04,0x00,0x0000000,0,0.0806,0.0000,0.0903,0,0,,,,,,204,
lab,0xF0235A11CE0FF1CE,LW_mod2_wht,"X03 rank2_eq1",control,0,3,0,0,0,0,0x00,0x04,0x0000000,0,0.2223,0.0000,0.2149,0,0,,,,,,511,
lab,0xF0235A11CE0FF1CE,LG_gf2,"X03 rank2_eq1",control,0,3,0,0,0,0,0x3E,0xD9,0xE8B28A4,0,0.5046,1.0000,0.5131,0,45,,,,,,1,
lab,0xF0235A11CE0FF1CE,L0_tb_argmax,"X03 rank2_eq1",control,0,4,0,0,0,0,0x00,0x01,0x0000000,0,0.2080,0.0000,0.0000,0,0,,,,,,162,
lab,0xF0235A11CE0FF1CE,L1_single_up,"X03 rank2_eq1",control,0,4,0,0,0,0,0x80,0x04,0x0000000,0,0.0703,0.0000,0.0000,0,0,,,,,,1016,
lab,0xF0235A11CE0FF1CE,L2_pair_up,"X03 rank2_eq1",control,0,4,0,0,0,0,0x05,0x00,0x0000000,0,0.0663,0.0000,0.0000,0,0,,,,,,1792,
lab,0xF0235A11CE0FF1CE,L3_gibbs,"X03 rank2_eq1",control,0,4,0,0,0,0,0x01,0x00,0x0000000,0,0.0800,0.0000,0.0903,0,0,,,,,,195,
lab,0xF0235A11CE0FF1CE,LW_mod2_wht,"X03 rank2_eq1",control,0,4,0,0,0,0,0x00,0x01,0x0000000,0,0.2080,0.0000,0.2011,0,0,,,,,,511,
lab,0xF0235A11CE0FF1CE,LG_gf2,"X03 rank2_eq1",control,0,4,0,0,0,0,0xFF,0xB6,0xF2C51E5,0,0.4954,1.0000,0.5183,0,45,,,,,,1,
lab,0xF0235A11CE0FF1CE,L0_tb_argmax,"X03 rank2_eq1",control,0,5,0,0,0,0,0x00,0x04,0x0000000,0,0.2234,0.0000,0.0000,0,0,,,,,,162,
lab,0xF0235A11CE0FF1CE,L1_single_up,"X03 rank2_eq1",control,0,5,0,0,0,0,0x10,0x6B,0x0000000,0,0.0606,0.0000,0.0000,0,0,,,,,,1016,
lab,0xF0235A11CE0FF1CE,L2_pair_up,"X03 rank2_eq1",control,0,5,0,0,0,0,0x05,0x00,0x0000000,0,0.0617,0.0000,0.0000,0,0,,,,,,1792,
lab,0xF0235A11CE0FF1CE,L3_gibbs,"X03 rank2_eq1",control,0,5,0,0,0,0,0x04,0x00,0x0000000,0,0.0891,0.0000,0.0731,0,0,,,,,,202,
lab,0xF0235A11CE0FF1CE,LW_mod2_wht,"X03 rank2_eq1",control,0,5,0,0,0,0,0x00,0x04,0x0000000,0,0.2234,0.0000,0.2126,0,0,,,,,,511,
lab,0xF0235A11CE0FF1CE,LG_gf2,"X03 rank2_eq1",control,0,5,0,0,0,0,0x64,0x3C,0x5EA663F,1,0.5137,1.0000,0.5109,0,45,,,,,,1,
lab,0xF0235A11CE0FF1CE,L0_tb_argmax,"X03 rank2_eq1",control,0,6,0,0,0,0,0x00,0x04,0x0000000,0,0.2297,0.0000,0.0000,0,0,,,,,,162,
lab,0xF0235A11CE0FF1CE,L1_single_up,"X03 rank2_eq1",control,0,6,0,0,0,0,0x04,0x03,0x0000000,0,0.0720,0.0000,0.0000,0,0,,,,,,1016,
lab,0xF0235A11CE0FF1CE,L2_pair_up,"X03 rank2_eq1",control,0,6,0,0,0,0,0x82,0x74,0x0000000,0,0.0617,0.0000,0.0000,0,0,,,,,,1792,
lab,0xF0235A11CE0FF1CE,L3_gibbs,"X03 rank2_eq1",control,0,6,0,0,0,0,0x04,0x00,0x0000000,0,0.0697,0.0000,0.1120,0,0,,,,,,201,
lab,0xF0235A11CE0FF1CE,LW_mod2_wht,"X03 rank2_eq1",control,0,6,0,0,0,0,0x00,0x04,0x0000000,0,0.2297,0.0000,0.2000,0,0,,,,,,511,
lab,0xF0235A11CE0FF1CE,LG_gf2,"X03 rank2_eq1",control,0,6,0,0,0,0,0x81,0x96,0xCD418AC,1,0.5151,1.0000,0.5086,0,45,,,,,,1,
lab,0xF0235A11CE0FF1CE,L0_tb_argmax,"X03 rank2_eq1",control,0,7,0,0,0,0,0x00,0x02,0x0000000,0,0.2120,0.0000,0.0000,0,0,,,,,,162,
lab,0xF0235A11CE0FF1CE,L1_single_up,"X03 rank2_eq1",control,0,7,0,0,0,0,0x10,0x0E,0x0000000,0,0.0640,0.0000,0.0000,0,0,,,,,,1016,
lab,0xF0235A11CE0FF1CE,L2_pair_up,"X03 rank2_eq1",control,0,7,0,0,0,0,0x05,0x00,0x0000000,0,0.0594,0.0000,0.0000,0,0,,,,,,1792,
lab,0xF0235A11CE0FF1CE,L3_gibbs,"X03 rank2_eq1",control,0,7,0,0,0,0,0x04,0x00,0x0000000,0,0.0857,0.0000,0.0800,0,0,,,,,,209,
lab,0xF0235A11CE0FF1CE,LW_mod2_wht,"X03 rank2_eq1",control,0,7,0,0,0,0,0x00,0x02,0x0000000,0,0.2120,0.0000,0.1783,0,0,,,,,,511,
lab,0xF0235A11CE0FF1CE,LG_gf2,"X03 rank2_eq1",control,0,7,0,0,0,0,0x3B,0xD8,0x0FECE87,0,0.5106,1.0000,0.4766,0,45,,,,,,1,
lab,0xF0235A11CE0FF1CE,L0_tb_argmax,"X03 rank2_eq1",control,0,8,0,0,0,0,0x00,0x04,0x0000000,0,0.2251,0.0000,0.0000,0,0,,,,,,162,
lab,0xF0235A11CE0FF1CE,L1_single_up,"X03 rank2_eq1",control,0,8,0,0,0,0,0x20,0x49,0x0000000,0,0.0577,0.0000,0.0000,0,0,,,,,,1016,
lab,0xF0235A11CE0FF1CE,L2_pair_up,"X03 rank2_eq1",control,0,8,0,0,0,0,0x14,0xA3,0x0000000,0,0.0611,0.0000,0.0000,0,0,,,,,,1792,
lab,0xF0235A11CE0FF1CE,L3_gibbs,"X03 rank2_eq1",control,0,8,0,0,0,0,0x4B,0x00,0x0000000,0,0.0080,0.0000,0.0583,0,0,,,,,,196,
lab,0xF0235A11CE0FF1CE,LW_mod2_wht,"X03 rank2_eq1",control,0,8,0,0,0,0,0x00,0x04,0x0000000,0,0.2251,0.0000,0.2091,0,0,,,,,,511,
lab,0xF0235A11CE0FF1CE,LG_gf2,"X03 rank2_eq1",control,0,8,0,0,0,0,0x06,0x79,0xABD4E88,1,0.5086,1.0000,0.5063,0,45,,,,,,1,
lab,0xF0235A11CE0FF1CE,L0_tb_argmax,"X03 rank2_eq1",control,0,9,0,0,0,0,0x00,0x04,0x0000000,0,0.2114,0.0000,0.0000,0,0,,,,,,162,
lab,0xF0235A11CE0FF1CE,L1_single_up,"X03 rank2_eq1",control,0,9,0,0,0,0,0x04,0xA3,0x0000000,0,0.0611,0.0000,0.0000,0,0,,,,,,1016,
lab,0xF0235A11CE0FF1CE,L2_pair_up,"X03 rank2_eq1",control,0,9,0,0,0,0,0x81,0x5C,0x0000000,0,0.0520,0.0000,0.0000,0,0,,,,,,1792,
lab,0xF0235A11CE0FF1CE,L3_gibbs,"X03 rank2_eq1",control,0,9,0,0,0,0,0x01,0x00,0x0000000,0,0.0794,0.0000,0.0914,0,0,,,,,,205,
lab,0xF0235A11CE0FF1CE,LW_mod2_wht,"X03 rank2_eq1",control,0,9,0,0,0,0,0x00,0x04,0x0000000,0,0.2114,0.0000,0.2366,0,0,,,,,,511,
lab,0xF0235A11CE0FF1CE,LG_gf2,"X03 rank2_eq1",control,0,9,0,0,0,0,0x48,0x86,0x698FF05,1,0.5234,1.0000,0.5126,0,45,,,,,,1,
lab,0xF0235A11CE0FF1CE,L0_tb_argmax,"X03 rank2_eq1",control,0,10,0,0,0,0,0x00,0x04,0x0000000,0,0.2229,0.0000,0.0000,0,0,,,,,,162,
lab,0xF0235A11CE0FF1CE,L1_single_up,"X03 rank2_eq1",control,0,10,0,0,0,0,0x10,0x0E,0x0000000,0,0.0611,0.0000,0.0000,0,0,,,,,,1016,
lab,0xF0235A11CE0FF1CE,L2_pair_up,"X03 rank2_eq1",control,0,10,0,0,0,0,0x05,0x00,0x0000000,0,0.0691,0.0000,0.0000,0,0,,,,,,1792,
lab,0xF0235A11CE0FF1CE,L3_gibbs,"X03 rank2_eq1",control,0,10,0,0,0,0,0x04,0x00,0x0000000,0,0.0777,0.0000,0.0960,0,0,,,,,,194,
lab,0xF0235A11CE0FF1CE,LW_mod2_wht,"X03 rank2_eq1",control,0,10,0,0,0,0,0x00,0x04,0x0000000,0,0.2229,0.0000,0.2137,0,0,,,,,,511,
lab,0xF0235A11CE0FF1CE,LG_gf2,"X03 rank2_eq1",control,0,10,0,0,0,0,0x31,0xF8,0xAB444BE,1,0.5103,1.0000,0.5126,0,45,,,,,,1,
lab,0xF0235A11CE0FF1CE,L0_tb_argmax,"X03 rank2_eq1",control,0,11,0,0,0,0,0x00,0x04,0x0000000,0,0.2131,0.0000,0.0000,0,0,,,,,,162,
lab,0xF0235A11CE0FF1CE,L1_single_up,"X03 rank2_eq1",control,0,11,0,0,0,0,0x10,0x0E,0x0000000,0,0.0537,0.0000,0.0000,0,0,,,,,,1016,
lab,0xF0235A11CE0FF1CE,L2_pair_up,"X03 rank2_eq1",control,0,11,0,0,0,0,0x09,0xC6,0x0000000,0,0.0583,0.0000,0.0000,0,0,,,,,,1792,
lab,0xF0235A11CE0FF1CE,L3_gibbs,"X03 rank2_eq1",control,0,11,0,0,0,0,0xA7,0x00,0x0000000,0,0.0023,0.0000,0.0457,0,0,,,,,,182,
lab,0xF0235A11CE0FF1CE,LW_mod2_wht,"X03 rank2_eq1",control,0,11,0,0,0,0,0x00,0x04,0x0000000,0,0.2131,0.0000,0.2331,0,0,,,,,,511,
lab,0xF0235A11CE0FF1CE,LG_gf2,"X03 rank2_eq1",control,0,11,0,0,0,0,0x01,0x23,0xBB3F113,0,0.5131,1.0000,0.4869,0,45,,,,,,1,
lab,0xF0235A11CE0FF1CE,L0_tb_argmax,"X03 rank2_eq1",control,0,12,0,0,0,0,0x00,0x04,0x0000000,0,0.2206,0.0000,0.0000,0,0,,,,,,162,
lab,0xF0235A11CE0FF1CE,L1_single_up,"X03 rank2_eq1",control,0,12,0,0,0,0,0x20,0x1F,0x0000000,0,0.0554,0.0000,0.0000,0,0,,,,,,1016,
lab,0xF0235A11CE0FF1CE,L2_pair_up,"X03 rank2_eq1",control,0,12,0,0,0,0,0x41,0x88,0x0000000,0,0.0651,0.0000,0.0000,0,0,,,,,,1792,
lab,0xF0235A11CE0FF1CE,L3_gibbs,"X03 rank2_eq1",control,0,12,0,0,0,0,0x01,0x00,0x0000000,0,0.0960,0.0000,0.0583,0,0,,,,,,194,
lab,0xF0235A11CE0FF1CE,LW_mod2_wht,"X03 rank2_eq1",control,0,12,0,0,0,0,0x00,0x04,0x0000000,0,0.2206,0.0000,0.2183,0,0,,,,,,511,
lab,0xF0235A11CE0FF1CE,LG_gf2,"X03 rank2_eq1",control,0,12,0,0,0,0,0x8B,0xF1,0x22C95FB,0,0.5000,1.0000,0.5109,0,45,,,,,,1,
lab,0xF0235A11CE0FF1CE,L0_tb_argmax,"X03 rank2_eq1",control,0,13,0,0,0,0,0x00,0x04,0x0000000,0,0.2086,0.0000,0.0000,0,0,,,,,,162,
lab,0xF0235A11CE0FF1CE,L1_single_up,"X03 rank2_eq1",control,0,13,0,0,0,0,0x10,0x0E,0x0000000,0,0.0657,0.0000,0.0000,0,0,,,,,,1016,
lab,0xF0235A11CE0FF1CE,L2_pair_up,"X03 rank2_eq1",control,0,13,0,0,0,0,0x41,0xA8,0x0000000,0,0.0606,0.0000,0.0000,0,0,,,,,,1792,
lab,0xF0235A11CE0FF1CE,L3_gibbs,"X03 rank2_eq1",control,0,13,0,0,0,0,0x01,0x00,0x0000000,0,0.0891,0.0000,0.0720,0,0,,,,,,261,
lab,0xF0235A11CE0FF1CE,LW_mod2_wht,"X03 rank2_eq1",control,0,13,0,0,0,0,0x00,0x04,0x0000000,0,0.2086,0.0000,0.2423,0,0,,,,,,511,
lab,0xF0235A11CE0FF1CE,LG_gf2,"X03 rank2_eq1",control,0,13,0,0,0,0,0xF1,0xD6,0x89DAD05,0,0.5020,1.0000,0.4937,0,45,,,,,,1,
lab,0xF0235A11CE0FF1CE,L0_tb_argmax,"X03 rank2_eq1",control,0,14,0,0,0,0,0x00,0x04,0x0000000,0,0.2143,0.0000,0.0000,0,0,,,,,,162,
lab,0xF0235A11CE0FF1CE,L1_single_up,"X03 rank2_eq1",control,0,14,0,0,0,0,0x10,0x0E,0x0000000,0,0.0634,0.0000,0.0000,0,0,,,,,,1016,
lab,0xF0235A11CE0FF1CE,L2_pair_up,"X03 rank2_eq1",control,0,14,0,0,0,0,0x81,0x5C,0x0000000,0,0.0543,0.0000,0.0000,0,0,,,,,,1792,
lab,0xF0235A11CE0FF1CE,L3_gibbs,"X03 rank2_eq1",control,0,14,0,0,0,0,0x74,0x00,0x0000000,0,0.0046,0.0000,0.0526,0,0,,,,,,199,
lab,0xF0235A11CE0FF1CE,LW_mod2_wht,"X03 rank2_eq1",control,0,14,0,0,0,0,0x00,0x04,0x0000000,0,0.2143,0.0000,0.2309,0,0,,,,,,511,
lab,0xF0235A11CE0FF1CE,LG_gf2,"X03 rank2_eq1",control,0,14,0,0,0,0,0x2C,0x17,0xFE5C243,0,0.5131,1.0000,0.5046,0,45,,,,,,1,
lab,0xF0235A11CE0FF1CE,L0_tb_argmax,"X03 rank2_eq1",control,0,15,0,0,0,0,0x00,0x04,0x0000000,0,0.2291,0.0000,0.0000,0,0,,,,,,162,
lab,0xF0235A11CE0FF1CE,L1_single_up,"X03 rank2_eq1",control,0,15,0,0,0,0,0x04,0xA3,0x0000000,0,0.0651,0.0000,0.0000,0,0,,,,,,1016,
lab,0xF0235A11CE0FF1CE,L2_pair_up,"X03 rank2_eq1",control,0,15,0,0,0,0,0x42,0x19,0x0000000,0,0.0583,0.0000,0.0000,0,0,,,,,,1792,
lab,0xF0235A11CE0FF1CE,L3_gibbs,"X03 rank2_eq1",control,0,15,0,0,0,0,0x5F,0x00,0x0000000,0,0.0006,0.0000,0.0320,0,0,,,,,,201,
lab,0xF0235A11CE0FF1CE,LW_mod2_wht,"X03 rank2_eq1",control,0,15,0,0,0,0,0x00,0x04,0x0000000,0,0.2291,0.0000,0.2011,0,0,,,,,,511,
lab,0xF0235A11CE0FF1CE,LG_gf2,"X03 rank2_eq1",control,0,15,0,0,0,0,0xA8,0x96,0x8E3A9C0,1,0.5051,1.0000,0.5103,0,45,,,,,,1,
lab,0xF0235A11CE0FF1CE,L0_tb_argmax,"X03 rank2_eq1",control,0,16,0,0,0,0,0x00,0x04,0x0000000,0,0.2229,0.0000,0.0000,0,0,,,,,,162,
lab,0xF0235A11CE0FF1CE,L1_single_up,"X03 rank2_eq1",control,0,16,0,0,0,0,0x10,0x6B,0x0000000,0,0.0623,0.0000,0.0000,0,0,,,,,,1016,
lab,0xF0235A11CE0FF1CE,L2_pair_up,"X03 rank2_eq1",control,0,16,0,0,0,0,0x05,0x00,0x0000000,0,0.0669,0.0000,0.0000,0,0,,,,,,1792,
lab,0xF0235A11CE0FF1CE,L3_gibbs,"X03 rank2_eq1",control,0,16,0,0,0,0,0x04,0x00,0x0000000,0,0.0891,0.0000,0.0731,0,0,,,,,,195,
lab,0xF0235A11CE0FF1CE,LW_mod2_wht,"X03 rank2_eq1",control,0,16,0,0,0,0,0x00,0x04,0x0000000,0,0.2229,0.0000,0.2137,0,0,,,,,,511,
lab,0xF0235A11CE0FF1CE,LG_gf2,"X03 rank2_eq1",control,0,16,0,0,0,0,0x78,0xA0,0xE186A05,1,0.5066,1.0000,0.4789,0,45,,,,,,1,
lab,0xF0235A11CE0FF1CE,L0_tb_argmax,"X03 rank2_eq1",control,0,17,0,0,0,0,0x00,0x04,0x0000000,0,0.2029,0.0000,0.0000,0,0,,,,,,162,
lab,0xF0235A11CE0FF1CE,L1_single_up,"X03 rank2_eq1",control,0,17,0,0,0,0,0x10,0x0E,0x0000000,0,0.0549,0.0000,0.0000,0,0,,,,,,1016,
lab,0xF0235A11CE0FF1CE,L2_pair_up,"X03 rank2_eq1",control,0,17,0,0,0,0,0x24,0x9B,0x0000000,0,0.0583,0.0000,0.0000,0,0,,,,,,1792,
lab,0xF0235A11CE0FF1CE,L3_gibbs,"X03 rank2_eq1",control,0,17,0,0,0,0,0x04,0x00,0x0000000,0,0.0891,0.0000,0.0731,0,0,,,,,,201,
lab,0xF0235A11CE0FF1CE,LW_mod2_wht,"X03 rank2_eq1",control,0,17,0,0,0,0,0x00,0x04,0x0000000,0,0.2029,0.0000,0.2537,0,0,,,,,,511,
lab,0xF0235A11CE0FF1CE,LG_gf2,"X03 rank2_eq1",control,0,17,0,0,0,0,0xE4,0x52,0x1FA17B8,0,0.5006,1.0000,0.5183,0,45,,,,,,1,
lab,0xF0235A11CE0FF1CE,L0_tb_argmax,"X03 rank2_eq1",control,0,18,0,0,0,0,0x00,0x04,0x0000000,0,0.2120,0.0000,0.0000,0,0,,,,,,162,
lab,0xF0235A11CE0FF1CE,L1_single_up,"X03 rank2_eq1",control,0,18,0,0,0,0,0x04,0xA3,0x0000000,0,0.0731,0.0000,0.0000,0,0,,,,,,1016,
lab,0xF0235A11CE0FF1CE,L2_pair_up,"X03 rank2_eq1",control,0,18,0,0,0,0,0x11,0x84,0x0000000,0,0.0566,0.0000,0.0000,0,0,,,,,,1792,
lab,0xF0235A11CE0FF1CE,L3_gibbs,"X03 rank2_eq1",control,0,18,0,0,0,0,0x04,0x00,0x0000000,0,0.0800,0.0000,0.0914,0,0,,,,,,198,
lab,0xF0235A11CE0FF1CE,LW_mod2_wht,"X03 rank2_eq1",control,0,18,0,0,0,0,0x00,0x04,0x0000000,0,0.2120,0.0000,0.2354,0,0,,,,,,511,
lab,0xF0235A11CE0FF1CE,LG_gf2,"X03 rank2_eq1",control,0,18,0,0,0,0,0xCA,0x7A,0x55057FA,1,0.5014,1.0000,0.4966,0,45,,,,,,1,
lab,0xF0235A11CE0FF1CE,L0_tb_argmax,"X03 rank2_eq1",control,0,19,0,0,0,0,0x00,0x04,0x0000000,0,0.2217,0.0000,0.0000,0,0,,,,,,162,
lab,0xF0235A11CE0FF1CE,L1_single_up,"X03 rank2_eq1",control,0,19,0,0,0,0,0x04,0xA3,0x0000000,0,0.0623,0.0000,0.0000,0,0,,,,,,1016,
lab,0xF0235A11CE0FF1CE,L2_pair_up,"X03 rank2_eq1",control,0,19,0,0,0,0,0x06,0x70,0x0000000,0,0.0583,0.0000,0.0000,0,0,,,,,,1792,
lab,0xF0235A11CE0FF1CE,L3_gibbs,"X03 rank2_eq1",control,0,19,0,0,0,0,0x01,0x00,0x0000000,0,0.0737,0.0000,0.1029,0,0,,,,,,210,
lab,0xF0235A11CE0FF1CE,LW_mod2_wht,"X03 rank2_eq1",control,0,19,0,0,0,0,0x00,0x04,0x0000000,0,0.2217,0.0000,0.2160,0,0,,,,,,511,
lab,0xF0235A11CE0FF1CE,LG_gf2,"X03 rank2_eq1",control,0,19,0,0,0,0,0xE6,0x5C,0x3085C7E,0,0.5080,1.0000,0.5091,0,45,,,,,,1,
pipeline,0xF0235A11CE0FF1CE,revision,"C01 XOR 0x0F",xor_popcount,4,0,0,,,,,,,,0.4851,,,,,,,,,,,
pipeline,0xF0235A11CE0FF1CE,revision,"C02 parity XOR 0x33",xor_popcount,4,0,0,,,,,,,,0.5023,,,,,,,,,,,
pipeline,0xF0235A11CE0FF1CE,revision,"C03 XOR 0x55",xor_popcount,4,0,0,,,,,,,,0.5029,,,,,,,,,,,
pipeline,0xF0235A11CE0FF1CE,revision,"C04 XOR 0xAA",xor_popcount,4,0,0,,,,,,,,0.5120,,,,,,,,,,,
pipeline,0xF0235A11CE0FF1CE,revision,"C05 XOR 0x3C",xor_popcount,4,0,0,,,,,,,,0.4971,,,,,,,,,,,
pipeline,0xF0235A11CE0FF1CE,revision,"C06 XOR 0x66",xor_popcount,4,0,0,,,,,,,,0.5086,,,,,,,,,,,
pipeline,0xF0235A11CE0FF1CE,revision,"C07 XOR 0x99",xor_popcount,4,0,0,,,,,,,,0.5040,,,,,,,,,,,
pipeline,0xF0235A11CE0FF1CE,revision,"C08 parity count",mod_synthesis,8,0,1,,,,,,,,1.0000,,,,,,,,,,,
pipeline,0xF0235A11CE0FF1CE,revision,"C09 inv parity",pipeline,28,0,0,,,,,,,,0.4766,,,,,,,,,,,
pipeline,0xF0235A11CE0FF1CE,revision,"C10 parity XOR 0x0F",xor_popcount,4,0,0,,,,,,,,0.4851,,,,,,,,,,,
pipeline,0xF0235A11CE0FF1CE,revision,"C11 XOR 0x37",xor_popcount,5,0,0,,,,,,,,0.5074,,,,,,,,,,,
pipeline,0xF0235A11CE0FF1CE,aimed_v1,"C01 XOR 0x0F",xor_popcount,4,0,0,,,,0x14,,,,0.5297,,,,,0.4851,0.4931,-0.0505,novel,0.7746,436,"mono=0x14@0.530;walsh=0x33@0.534;lens=th3;grown=0x14@0.529"
pipeline,0xF0235A11CE0FF1CE,aimed_v1,"C02 parity XOR 0x33",xor_popcount,4,0,1,,,,0x33,,,,0.5434,,,,,0.5023,1.0000,-0.0632,novel,0.0346,436,"mono=0x33@0.543;walsh=0x17@0.526;lens=mod2;grown=0x33@1.000"
pipeline,0xF0235A11CE0FF1CE,aimed_v1,"C03 XOR 0x55",xor_popcount,4,0,0,,,,0x0D,,,,0.5286,,,,,0.5029,0.5029,-0.0693,novel,0.0615,436,"mono=0x0D@0.529;walsh=0x52@0.527;lens=mod2;grown=0x0D@0.526"
pipeline,0xF0235A11CE0FF1CE,aimed_v1,"C04 XOR 0xAA",xor_popcount,4,0,0,,,,0x8C,,,,0.5274,,,,,0.5120,0.5109,0.0498,novel,0.2612,436,"mono=0x8C@0.527;walsh=0xCD@0.525;lens=th1;grown=0x8C@0.517"
pipeline,0xF0235A11CE0FF1CE,aimed_v1,"C05 XOR 0x3C",xor_popcount,4,0,0,,,,0x34,,,,0.5223,,,,,0.4971,0.4977,0.1224,novel,0.2755,436,"mono=0x34@0.522;walsh=0x5D@0.522;lens=th1;grown=0x34@0.493"
pipeline,0xF0235A11CE0FF1CE,aimed_v1,"C06 XOR 0x66",xor_popcount,4,0,1,,,,0x66,,,,0.5486,,,,,0.5086,1.0000,-0.0400,novel,0.0453,436,"mono=0x66@0.549;walsh=0xD1@0.533;lens=mod2;grown=0x66@1.000"
pipeline,0xF0235A11CE0FF1CE,aimed_v1,"C07 XOR 0x99",xor_popcount,4,0,0,,,,0x2C,,,,0.5280,,,,,0.5040,0.4943,-0.1113,novel,0.6787,436,"mono=0x2C@0.528;walsh=0x35@0.543;lens=th3;grown=0x2C@0.528"
pipeline,0xF0235A11CE0FF1CE,aimed_v1,"C09 inv parity",pipeline,28,0,0,,,,0xA5,,,,0.5291,,,,,0.4766,0.4886,0.0681,novel,0.1566,436,"mono=0xA5@0.529;walsh=0x40@0.522;lens=th1;grown=0xA5@0.503"
pipeline,0xF0235A11CE0FF1CE,aimed_v1,"C10 parity XOR 0x0F",xor_popcount,4,0,0,,,,0x14,,,,0.5297,,,,,0.4851,0.4931,-0.0505,novel,0.7746,436,"mono=0x14@0.530;walsh=0x33@0.534;lens=th3;grown=0x14@0.529"
pipeline,0xF0235A11CE0FF1CE,aimed_v1,"C11 XOR 0x37",xor_popcount,5,0,0,,,,0x9A,,,,0.5280,,,,,0.5074,0.5120,0.0194,novel,0.1693,444,"mono=0x98@0.528;walsh=0x62@0.519;lens=th1;grown=0x9A@0.523"
pipeline,0xF0235A11CE0FF1CE,aimed_v2,"C01 XOR 0x0F",xor_popcount,4,0,1,1,,,0x0F,0x00,0x0000000,0,,,1.0000,1,45,0.4851,1.0000,-0.0795,novel,0.0633,421,"route=gf2;exact=1"
pipeline,0xF0235A11CE0FF1CE,aimed_v2,"C02 parity XOR 0x33",xor_popcount,4,0,1,1,,,0x33,0x00,0x0000000,0,,,1.0000,1,45,0.5023,1.0000,-0.0632,novel,0.0435,421,"route=gf2;exact=1"
pipeline,0xF0235A11CE0FF1CE,aimed_v2,"C03 XOR 0x55",xor_popcount,4,0,1,1,,,0x55,0x00,0x0000000,0,,,1.0000,1,45,0.5029,1.0000,-0.0899,novel,0.0251,421,"route=gf2;exact=1"
pipeline,0xF0235A11CE0FF1CE,aimed_v2,"C04 XOR 0xAA",xor_popcount,4,0,1,1,,,0xAA,0x00,0x0000000,0,,,1.0000,1,45,0.5120,1.0000,-0.0794,novel,0.0413,421,"route=gf2;exact=1"
pipeline,0xF0235A11CE0FF1CE,aimed_v2,"C05 XOR 0x3C",xor_popcount,4,0,1,1,,,0x3C,0x00,0x0000000,0,,,1.0000,1,45,0.4971,1.0000,-0.0951,novel,0.0731,421,"route=gf2;exact=1"
pipeline,0xF0235A11CE0FF1CE,aimed_v2,"C06 XOR 0x66",xor_popcount,4,0,1,1,,,0x66,0x00,0x0000000,0,,,1.0000,1,45,0.5086,1.0000,-0.0400,novel,0.0441,421,"route=gf2;exact=1"
pipeline,0xF0235A11CE0FF1CE,aimed_v2,"C07 XOR 0x99",xor_popcount,4,0,1,1,,,0x99,0x00,0x0000000,0,,,1.0000,1,45,0.5040,1.0000,-0.0495,novel,0.0385,421,"route=gf2;exact=1"
pipeline,0xF0235A11CE0FF1CE,aimed_v2,"C09 inv parity",pipeline,28,0,1,1,,,0x00,0x00,0xFFFFFFF,0,,,1.0000,1,45,0.4766,1.0000,-0.0713,novel,0.0517,421,"route=gf2;exact=1"
pipeline,0xF0235A11CE0FF1CE,aimed_v2,"C10 parity XOR 0x0F",xor_popcount,4,0,1,1,,,0x0F,0x00,0x0000000,0,,,1.0000,1,45,0.4851,1.0000,-0.0795,novel,0.0633,421,"route=gf2;exact=1"
pipeline,0xF0235A11CE0FF1CE,aimed_v2,"C11 XOR 0x37",xor_popcount,5,0,1,1,,,0x37,0x00,0x0000000,0,,,1.0000,1,45,0.5074,1.0000,-0.0544,novel,0.0519,421,"route=gf2;exact=1"
lab,0x00C1B10D20260706,L0_tb_argmax,"C01 XOR 0x0F",xor_popcount,4,0,0,0,0,0,0x00,0x71,0x0000000,0,0.0423,-0.0177,0.0000,0,0,,,,,,162,
lab,0x00C1B10D20260706,L1_single_up,"C01 XOR 0x0F",xor_popcount,4,0,0,0,0,0,0x08,0x22,0x0000000,0,0.0583,0.0259,0.0000,0,0,,,,,,1016,
lab,0x00C1B10D20260706,L2_pair_up,"C01 XOR 0x0F",xor_popcount,4,0,1,0,0,0,0x0A,0x05,0x0000000,0,0.1223,0.1037,0.0000,0,0,,,,,,1792,
lab,0x00C1B10D20260706,L3_gibbs,"C01 XOR 0x0F",xor_popcount,4,0,1,1,0,0,0x0F,0x00,0x0000000,0,1.0000,0.0000,1.0000,0,0,,,,,,29,
lab,0x00C1B10D20260706,LW_mod2_wht,"C01 XOR 0x0F",xor_popcount,4,0,1,1,0,0,0x0F,0x00,0x0000000,0,1.0000,1.0000,1.0000,0,0,,,,,,511,
lab,0x00C1B10D20260706,LG_gf2,"C01 XOR 0x0F",xor_popcount,4,0,1,1,0,0,0x0F,0x00,0x0000000,0,1.0000,1.0000,1.0000,1,45,,,,,,1,
lab,0x00C1B10D20260706,L0_tb_argmax,"C01 XOR 0x0F",xor_popcount,4,1,0,0,0,0,0x00,0x81,0x0000000,0,0.0434,-0.0109,0.0000,0,0,,,,,,162,
lab,0x00C1B10D20260706,L1_single_up,"C01 XOR 0x0F",xor_popcount,4,1,0,0,0,0,0x04,0x78,0x0000000,0,0.0520,0.0224,0.0000,0,0,,,,,,1016,
lab,0x00C1B10D20260706,L2_pair_up,"C01 XOR 0x0F",xor_popcount,4,1,1,0,0,0,0x0A,0x05,0x0000000,0,0.1274,0.1007,0.0000,0,0,,,,,,1792,
lab,0x00C1B10D20260706,L3_gibbs,"C01 XOR 0x0F",xor_popcount,4,1,1,1,0,0,0x0F,0x00,0x0000000,0,1.0000,0.0000,1.0000,0,0,,,,,,29,
lab,0x00C1B10D20260706,LW_mod2_wht,"C01 XOR 0x0F",xor_popcount,4,1,1,1,0,0,0x0F,0x00,0x0000000,0,1.0000,1.0000,1.0000,0,0,,,,,,511,
lab,0x00C1B10D20260706,LG_gf2,"C01 XOR 0x0F",xor_popcount,4,1,1,1,0,0,0x0F,0x00,0x0000000,0,1.0000,1.0000,1.0000,1,45,,,,,,1,
lab,0x00C1B10D20260706,L0_tb_argmax,"C01 XOR 0x0F",xor_popcount,4,2,0,0,0,0,0x00,0x0E,0x0000000,0,0.0446,-0.0109,0.0000,0,0,,,,,,162,
lab,0x00C1B10D20260706,L1_single_up,"C01 XOR 0x0F",xor_popcount,4,2,0,0,0,0,0x02,0x5D,0x0000000,0,0.0566,0.0247,0.0000,0,0,,,,,,1016,
lab,0x00C1B10D20260706,L2_pair_up,"C01 XOR 0x0F",xor_popcount,4,2,1,0,0,0,0x0C,0x03,0x0000000,0,0.1234,0.1037,0.0000,0,0,,,,,,1792,
lab,0x00C1B10D20260706,L3_gibbs,"C01 XOR 0x0F",xor_popcount,4,2,1,1,0,0,0x0F,0x00,0x0000000,0,1.0000,0.0000,1.0000,0,0,,,,,,29,
lab,0x00C1B10D20260706,LW_mod2_wht,"C01 XOR 0x0F",xor_popcount,4,2,1,1,0,0,0x0F,0x00,0x0000000,0,1.0000,1.0000,1.0000,0,0,,,,,,511,
lab,0x00C1B10D20260706,LG_gf2,"C01 XOR 0x0F",xor_popcount,4,2,1,1,0,0,0x0F,0x00,0x0000000,0,1.0000,1.0000,1.0000,1,45,,,,,,1,
lab,0x00C1B10D20260706,L0_tb_argmax,"C01 XOR 0x0F",xor_popcount,4,3,0,0,0,0,0x00,0x8D,0x0000000,0,0.0480,-0.0194,0.0000,0,0,,,,,,162,
lab,0x00C1B10D20260706,L1_single_up,"C01 XOR 0x0F",xor_popcount,4,3,0,0,0,0,0x20,0x56,0x0000000,0,0.0543,0.0194,0.0000,0,0,,,,,,1016,
lab,0x00C1B10D20260706,L2_pair_up,"C01 XOR 0x0F",xor_popcount,4,3,1,0,0,0,0x0A,0x05,0x0000000,0,0.1177,0.1040,0.0000,0,0,,,,,,1792,
lab,0x00C1B10D20260706,L3_gibbs,"C01 XOR 0x0F",xor_popcount,4,3,1,1,0,0,0x0F,0x00,0x0000000,0,1.0000,0.0000,1.0000,0,0,,,,,,29,
lab,0x00C1B10D20260706,LW_mod2_wht,"C01 XOR 0x0F",xor_popcount,4,3,1,1,0,0,0x0F,0x00,0x0000000,0,1.0000,1.0000,1.0000,0,0,,,,,,511,
lab,0x00C1B10D20260706,LG_gf2,"C01 XOR 0x0F",xor_popcount,4,3,1,1,0,0,0x0F,0x00,0x0000000,0,1.0000,1.0000,1.0000,1,45,,,,,,1,
lab,0x00C1B10D20260706,L0_tb_argmax,"C01 XOR 0x0F",xor_popcount,4,4,0,0,0,0,0x00,0xC6,0x0000000,0,0.0543,-0.0006,0.0000,0,0,,,,,,162,
lab,0x00C1B10D20260706,L1_single_up,"C01 XOR 0x0F",xor_popcount,4,4,0,0,0,0,0x04,0x78,0x0000000,0,0.0640,0.0290,0.0000,0,0,,,,,,1016,
lab,0x00C1B10D20260706,L2_pair_up,"C01 XOR 0x0F",xor_popcount,4,4,1,0,0,0,0x0A,0x05,0x0000000,0,0.1291,0.1108,0.0000,0,0,,,,,,1792,
lab,0x00C1B10D20260706,L3_gibbs,"C01 XOR 0x0F",xor_popcount,4,4,1,1,0,0,0x0F,0x00,0x0000000,0,1.0000,0.0000,1.0000,0,0,,,,,,29,
lab,0x00C1B10D20260706,LW_mod2_wht,"C01 XOR 0x0F",xor_popcount,4,4,1,1,0,0,0x0F,0x00,0x0000000,0,1.0000,1.0000,1.0000,0,0,,,,,,511,
lab,0x00C1B10D20260706,LG_gf2,"C01 XOR 0x0F",xor_popcount,4,4,1,1,0,0,0x0F,0x00,0x0000000,0,1.0000,1.0000,1.0000,1,45,,,,,,1,
lab,0x00C1B10D20260706,L0_tb_argmax,"C01 XOR 0x0F",xor_popcount,4,5,0,0,0,0,0x00,0x81,0x0000000,0,0.0503,-0.0109,0.0000,0,0,,,,,,162,
lab,0x00C1B10D20260706,L1_single_up,"C01 XOR 0x0F",xor_popcount,4,5,0,0,0,0,0x10,0x2B,0x0000000,0,0.0509,0.0344,0.0000,0,0,,,,,,1016,
lab,0x00C1B10D20260706,L2_pair_up,"C01 XOR 0x0F",xor_popcount,4,5,1,0,0,0,0x0C,0x03,0x0000000,0,0.1240,0.1060,0.0000,0,0,,,,,,1792,
lab,0x00C1B10D20260706,L3_gibbs,"C01 XOR 0x0F",xor_popcount,4,5,1,1,0,0,0x0F,0x00,0x0000000,0,1.0000,0.0000,1.0000,0,0,,,,,,29,
lab,0x00C1B10D20260706,LW_mod2_wht,"C01 XOR 0x0F",xor_popcount,4,5,1,1,0,0,0x0F,0x00,0x0000000,0,1.0000,1.0000,1.0000,0,0,,,,,,511,
lab,0x00C1B10D20260706,LG_gf2,"C01 XOR 0x0F",xor_popcount,4,5,1,1,0,0,0x0F,0x00,0x0000000,0,1.0000,1.0000,1.0000,1,45,,,,,,1,
lab,0x00C1B10D20260706,L0_tb_argmax,"C01 XOR 0x0F",xor_popcount,4,6,0,0,0,0,0x00,0xD0,0x0000000,0,0.0446,-0.0057,0.0000,0,0,,,,,,162,
lab,0x00C1B10D20260706,L1_single_up,"C01 XOR 0x0F",xor_popcount,4,6,1,0,0,0,0x01,0x0E,0x0000000,0,0.0594,0.0320,0.0000,0,0,,,,,,1016,
lab,0x00C1B10D20260706,L2_pair_up,"C01 XOR 0x0F",xor_popcount,4,6,1,0,0,0,0x05,0x0A,0x0000000,0,0.1189,0.1051,0.0000,0,0,,,,,,1792,
lab,0x00C1B10D20260706,L3_gibbs,"C01 XOR 0x0F",xor_popcount,4,6,1,1,0,0,0x0F,0x00,0x0000000,0,1.0000,0.0000,1.0000,0,0,,,,,,29,
lab,0x00C1B10D20260706,LW_mod2_wht,"C01 XOR 0x0F",xor_popcount,4,6,1,1,0,0,0x0F,0x00,0x0000000,0,1.0000,1.0000,1.0000,0,0,,,,,,511,
lab,0x00C1B10D20260706,LG_gf2,"C01 XOR 0x0F",xor_popcount,4,6,1,1,0,0,0x0F,0x00,0x0000000,0,1.0000,1.0000,1.0000,1,45,,,,,,1,
lab,0x00C1B10D20260706,L0_tb_argmax,"C01 XOR 0x0F",xor_popcount,4,7,0,0,0,0,0x00,0xC6,0x0000000,0,0.0469,-0.0069,0.0000,0,0,,,,,,162,
lab,0x00C1B10D20260706,L1_single_up,"C01 XOR 0x0F",xor_popcount,4,7,0,0,0,0,0x08,0x22,0x0000000,0,0.0554,0.0369,0.0000,0,0,,,,,,1016,
lab,0x00C1B10D20260706,L2_pair_up,"C01 XOR 0x0F",xor_popcount,4,7,1,0,0,0,0x0A,0x05,0x0000000,0,0.1326,0.1107,0.0000,0,0,,,,,,1792,
lab,0x00C1B10D20260706,L3_gibbs,"C01 XOR 0x0F",xor_popcount,4,7,1,1,0,0,0x0F,0x00,0x0000000,0,1.0000,0.0000,1.0000,0,0,,,,,,29,
lab,0x00C1B10D20260706,LW_mod2_wht,"C01 XOR 0x0F",xor_popcount,4,7,1,1,0,0,0x0F,0x00,0x0000000,0,1.0000,1.0000,1.0000,0,0,,,,,,511,
lab,0x00C1B10D20260706,LG_gf2,"C01 XOR 0x0F",xor_popcount,4,7,1,1,0,0,0x0F,0x00,0x0000000,0,1.0000,1.0000,1.0000,1,45,,,,,,1,
lab,0x00C1B10D20260706,L0_tb_argmax,"C01 XOR 0x0F",xor_popcount,4,8,0,0,0,0,0x00,0x33,0x0000000,0,0.0451,-0.0166,0.0000,0,0,,,,,,162,
lab,0x00C1B10D20260706,L1_single_up,"C01 XOR 0x0F",xor_popcount,4,8,0,0,0,0,0x04,0x78,0x0000000,0,0.0549,0.0250,0.0000,0,0,,,,,,1016,
lab,0x00C1B10D20260706,L2_pair_up,"C01 XOR 0x0F",xor_popcount,4,8,1,0,0,0,0x0A,0x05,0x0000000,0,0.1171,0.1031,0.0000,0,0,,,,,,1792,
lab,0x00C1B10D20260706,L3_gibbs,"C01 XOR 0x0F",xor_popcount,4,8,1,1,0,0,0x0F,0x00,0x0000000,0,1.0000,0.0000,1.0000,0,0,,,,,,29,
lab,0x00C1B10D20260706,LW_mod2_wht,"C01 XOR 0x0F",xor_popcount,4,8,1,1,0,0,0x0F,0x00,0x0000000,0,1.0000,1.0000,1.0000,0,0,,,,,,511,
lab,0x00C1B10D20260706,LG_gf2,"C01 XOR 0x0F",xor_popcount,4,8,1,1,0,0,0x0F,0x00,0x0000000,0,1.0000,1.0000,1.0000,1,45,,,,,,1,
lab,0x00C1B10D20260706,L0_tb_argmax,"C01 XOR 0x0F",xor_popcount,4,9,0,0,0,0,0x00,0x0E,0x0000000,0,0.0440,-0.0280,0.0000,0,0,,,,,,162,
lab,0x00C1B10D20260706,L1_single_up,"C01 XOR 0x0F",xor_popcount,4,9,0,0,0,0,0x80,0x08,0x0000000,0,0.0543,0.0184,0.0000,0,0,,,,,,1016,
lab,0x00C1B10D20260706,L2_pair_up,"C01 XOR 0x0F",xor_popcount,4,9,1,0,0,0,0x0C,0x03,0x0000000,0,0.1109,0.0986,0.0000,0,0,,,,,,1792,
lab,0x00C1B10D20260706,L3_gibbs,"C01 XOR 0x0F",xor_popcount,4,9,1,1,0,0,0x0F,0x00,0x0000000,0,1.0000,0.0000,1.0000,0,0,,,,,,29,
lab,0x00C1B10D20260706,LW_mod2_wht,"C01 XOR 0x0F",xor_popcount,4,9,1,1,0,0,0x0F,0x00,0x0000000,0,1.0000,1.0000,1.0000,0,0,,,,,,511,
lab,0x00C1B10D20260706,LG_gf2,"C01 XOR 0x0F",xor_popcount,4,9,1,1,0,0,0x0F,0x00,0x0000000,0,1.0000,1.0000,1.0000,1,45,,,,,,1,
lab,0x00C1B10D20260706,L0_tb_argmax,"C01 XOR 0x0F",xor_popcount,4,10,0,0,0,0,0x00,0xD1,0x0000000,0,0.0440,-0.0223,0.0000,0,0,,,,,,162,
lab,0x00C1B10D20260706,L1_single_up,"C01 XOR 0x0F",xor_popcount,4,10,0,0,0,0,0x08,0x22,0x0000000,0,0.0589,0.0196,0.0000,0,0,,,,,,1016,
lab,0x00C1B10D20260706,L2_pair_up,"C01 XOR 0x0F",xor_popcount,4,10,1,0,0,0,0x0A,0x05,0x0000000,0,0.1286,0.1037,0.0000,0,0,,,,,,1792,
lab,0x00C1B10D20260706,L3_gibbs,"C01 XOR 0x0F",xor_popcount,4,10,1,1,0,0,0x0F,0x00,0x0000000,0,1.0000,0.0000,1.0000,0,0,,,,,,29,
lab,0x00C1B10D20260706,LW_mod2_wht,"C01 XOR 0x0F",xor_popcount,4,10,1,1,0,0,0x0F,0x00,0x0000000,0,1.0000,1.0000,1.0000,0,0,,,,,,511,
lab,0x00C1B10D20260706,LG_gf2,"C01 XOR 0x0F",xor_popcount,4,10,1,1,0,0,0x0F,0x00,0x0000000,0,1.0000,1.0000,1.0000,1,45,,,,,,1,
lab,0x00C1B10D20260706,L0_tb_argmax,"C01 XOR 0x0F",xor_popcount,4,11,0,0,0,0,0x00,0x81,0x0000000,0,0.0417,-0.0223,0.0000,0,0,,,,,,162,
lab,0x00C1B10D20260706,L1_single_up,"C01 XOR 0x0F",xor_popcount,4,11,0,0,0,0,0x04,0x78,0x0000000,0,0.0594,0.0236,0.0000,0,0,,,,,,1016,
lab,0x00C1B10D20260706,L2_pair_up,"C01 XOR 0x0F",xor_popcount,4,11,1,0,0,0,0x0C,0x03,0x0000000,0,0.1303,0.1068,0.0000,0,0,,,,,,1792,
lab,0x00C1B10D20260706,L3_gibbs,"C01 XOR 0x0F",xor_popcount,4,11,1,1,0,0,0x0F,0x00,0x0000000,0,1.0000,0.0000,1.0000,0,0,,,,,,29,
lab,0x00C1B10D20260706,LW_mod2_wht,"C01 XOR 0x0F",xor_popcount,4,11,1,1,0,0,0x0F,0x00,0x0000000,0,1.0000,1.0000,1.0000,0,0,,,,,,511,
lab,0x00C1B10D20260706,LG_gf2,"C01 XOR 0x0F",xor_popcount,4,11,1,1,0,0,0x0F,0x00,0x0000000,0,1.0000,1.0000,1.0000,1,45,,,,,,1,
lab,0x00C1B10D20260706,L0_tb_argmax,"C01 XOR 0x0F",xor_popcount,4,12,0,0,0,0,0x00,0x0E,0x0000000,0,0.0434,0.0011,0.0000,0,0,,,,,,162,
lab,0x00C1B10D20260706,L1_single_up,"C01 XOR 0x0F",xor_popcount,4,12,0,0,0,0,0x04,0x0A,0x0000000,0,0.0549,0.0251,0.0000,0,0,,,,,,1016,
lab,0x00C1B10D20260706,L2_pair_up,"C01 XOR 0x0F",xor_popcount,4,12,1,0,0,0,0x05,0x0A,0x0000000,0,0.1194,0.1067,0.0000,0,0,,,,,,1792,
lab,0x00C1B10D20260706,L3_gibbs,"C01 XOR 0x0F",xor_popcount,4,12,1,1,0,0,0x0F,0x00,0x0000000,0,1.0000,0.0000,1.0000,0,0,,,,,,29,
lab,0x00C1B10D20260706,LW_mod2_wht,"C01 XOR 0x0F",xor_popcount,4,12,1,1,0,0,0x0F,0x00,0x0000000,0,1.0000,1.0000,1.0000,0,0,,,,,,511,
lab,0x00C1B10D20260706,LG_gf2,"C01 XOR 0x0F",xor_popcount,4,12,1,1,0,0,0x0F,0x00,0x0000000,0,1.0000,1.0000,1.0000,1,45,,,,,,1,
lab,0x00C1B10D20260706,L0_tb_argmax,"C01 XOR 0x0F",xor_popcount,4,13,0,0,0,0,0x00,0xA3,0x0000000,0,0.0509,-0.0291,0.0000,0,0,,,,,,162,
lab,0x00C1B10D20260706,L1_single_up,"C01 XOR 0x0F",xor_popcount,4,13,0,0,0,0,0x20,0xD9,0x0000000,0,0.0509,0.0224,0.0000,0,0,,,,,,1016,
lab,0x00C1B10D20260706,L2_pair_up,"C01 XOR 0x0F",xor_popcount,4,13,1,0,0,0,0x0A,0x05,0x0000000,0,0.1263,0.1075,0.0000,0,0,,,,,,1792,
lab,0x00C1B10D20260706,L3_gibbs,"C01 XOR 0x0F",xor_popcount,4,13,1,1,0,0,0x0F,0x00,0x0000000,0,1.0000,0.0000,1.0000,0,0,,,,,,29,
lab,0x00C1B10D20260706,LW_mod2_wht,"C01 XOR 0x0F",xor_popcount,4,13,1,1,0,0,0x0F,0x00,0x0000000,0,1.0000,1.0000,1.0000,0,0,,,,,,511,
lab,0x00C1B10D20260706,LG_gf2,"C01 XOR 0x0F",xor_popcount,4,13,1,1,0,0,0x0F,0x00,0x0000000,0,1.0000,1.0000,1.0000,1,45,,,,,,1,
lab,0x00C1B10D20260706,L0_tb_argmax,"C01 XOR 0x0F",xor_popcount,4,14,0,0,0,0,0x00,0x23,0x0000000,0,0.0480,-0.0011,0.0000,0,0,,,,,,162,
lab,0x00C1B10D20260706,L1_single_up,"C01 XOR 0x0F",xor_popcount,4,14,1,0,0,0,0x01,0x0E,0x0000000,0,0.0651,0.0360,0.0000,0,0,,,,,,1016,
lab,0x00C1B10D20260706,L2_pair_up,"C01 XOR 0x0F",xor_popcount,4,14,1,0,0,0,0x05,0x0A,0x0000000,0,0.1280,0.1120,0.0000,0,0,,,,,,1792,
lab,0x00C1B10D20260706,L3_gibbs,"C01 XOR 0x0F",xor_popcount,4,14,1,1,0,0,0x0F,0x00,0x0000000,0,1.0000,0.0000,1.0000,0,0,,,,,,29,
lab,0x00C1B10D20260706,LW_mod2_wht,"C01 XOR 0x0F",xor_popcount,4,14,1,1,0,0,0x0F,0x00,0x0000000,0,1.0000,1.0000,1.0000,0,0,,,,,,511,
lab,0x00C1B10D20260706,LG_gf2,"C01 XOR 0x0F",xor_popcount,4,14,1,1,0,0,0x0F,0x00,0x0000000,0,1.0000,1.0000,1.0000,1,45,,,,,,1,
lab,0x00C1B10D20260706,L0_tb_argmax,"C01 XOR 0x0F",xor_popcount,4,15,0,0,0,0,0x00,0xB1,0x0000000,0,0.0526,-0.0240,0.0000,0,0,,,,,,162,
lab,0x00C1B10D20260706,L1_single_up,"C01 XOR 0x0F",xor_popcount,4,15,0,0,0,0,0x80,0x68,0x0000000,0,0.0531,0.0291,0.0000,0,0,,,,,,1016,
lab,0x00C1B10D20260706,L2_pair_up,"C01 XOR 0x0F",xor_popcount,4,15,1,0,0,0,0x0C,0x03,0x0000000,0,0.1326,0.1078,0.0000,0,0,,,,,,1792,
lab,0x00C1B10D20260706,L3_gibbs,"C01 XOR 0x0F",xor_popcount,4,15,1,1,0,0,0x0F,0x00,0x0000000,0,1.0000,0.0000,1.0000,0,0,,,,,,29,
lab,0x00C1B10D20260706,LW_mod2_wht,"C01 XOR 0x0F",xor_popcount,4,15,1,1,0,0,0x0F,0x00,0x0000000,0,1.0000,1.0000,1.0000,0,0,,,,,,511,
lab,0x00C1B10D20260706,LG_gf2,"C01 XOR 0x0F",xor_popcount,4,15,1,1,0,0,0x0F,0x00,0x0000000,0,1.0000,1.0000,1.0000,1,45,,,,,,1,
lab,0x00C1B10D20260706,L0_tb_argmax,"C01 XOR 0x0F",xor_popcount,4,16,0,0,0,0,0x00,0x23,0x0000000,0,0.0434,-0.0303,0.0000,0,0,,,,,,162,
lab,0x00C1B10D20260706,L1_single_up,"C01 XOR 0x0F",xor_popcount,4,16,0,0,0,0,0x10,0x4B,0x0000000,0,0.0577,0.0159,0.0000,0,0,,,,,,1016,
lab,0x00C1B10D20260706,L2_pair_up,"C01 XOR 0x0F",xor_popcount,4,16,1,0,0,0,0x0A,0x05,0x0000000,0,0.1257,0.1066,0.0000,0,0,,,,,,1792,
lab,0x00C1B10D20260706,L3_gibbs,"C01 XOR 0x0F",xor_popcount,4,16,1,1,0,0,0x0F,0x00,0x0000000,0,1.0000,0.0000,1.0000,0,0,,,,,,29,
lab,0x00C1B10D20260706,LW_mod2_wht,"C01 XOR 0x0F",xor_popcount,4,16,1,1,0,0,0x0F,0x00,0x0000000,0,1.0000,1.0000,1.0000,0,0,,,,,,511,
lab,0x00C1B10D20260706,LG_gf2,"C01 XOR 0x0F",xor_popcount,4,16,1,1,0,0,0x0F,0x00,0x0000000,0,1.0000,1.0000,1.0000,1,45,,,,,,1,
lab,0x00C1B10D20260706,L0_tb_argmax,"C01 XOR 0x0F",xor_popcount,4,17,0,0,0,0,0x00,0x81,0x0000000,0,0.0463,-0.0063,0.0000,0,0,,,,,,162,
lab,0x00C1B10D20260706,L1_single_up,"C01 XOR 0x0F",xor_popcount,4,17,0,0,0,0,0x10,0x2B,0x0000000,0,0.0606,0.0293,0.0000,0,0,,,,,,1016,
lab,0x00C1B10D20260706,L2_pair_up,"C01 XOR 0x0F",xor_popcount,4,17,1,0,0,0,0x05,0x0A,0x0000000,0,0.1223,0.1079,0.0000,0,0,,,,,,1792,
lab,0x00C1B10D20260706,L3_gibbs,"C01 XOR 0x0F",xor_popcount,4,17,1,1,0,0,0x0F,0x00,0x0000000,0,1.0000,0.0000,1.0000,0,0,,,,,,29,
lab,0x00C1B10D20260706,LW_mod2_wht,"C01 XOR 0x0F",xor_popcount,4,17,1,1,0,0,0x0F,0x00,0x0000000,0,1.0000,1.0000,1.0000,0,0,,,,,,511,
lab,0x00C1B10D20260706,LG_gf2,"C01 XOR 0x0F",xor_popcount,4,17,1,1,0,0,0x0F,0x00,0x0000000,0,1.0000,1.0000,1.0000,1,45,,,,,,1,
lab,0x00C1B10D20260706,L0_tb_argmax,"C01 XOR 0x0F",xor_popcount,4,18,0,0,0,0,0x00,0x1C,0x0000000,0,0.0526,-0.0189,0.0000,0,0,,,,,,162,
lab,0x00C1B10D20260706,L1_single_up,"C01 XOR 0x0F",xor_popcount,4,18,0,0,0,0,0x04,0x18,0x0000000,0,0.0709,0.0219,0.0000,0,0,,,,,,1016,
lab,0x00C1B10D20260706,L2_pair_up,"C01 XOR 0x0F",xor_popcount,4,18,1,0,0,0,0x0C,0x03,0x0000000,0,0.1080,0.1005,0.0000,0,0,,,,,,1792,
lab,0x00C1B10D20260706,L3_gibbs,"C01 XOR 0x0F",xor_popcount,4,18,1,1,0,0,0x0F,0x00,0x0000000,0,1.0000,0.0000,1.0000,0,0,,,,,,29,
lab,0x00C1B10D20260706,LW_mod2_wht,"C01 XOR 0x0F",xor_popcount,4,18,1,1,0,0,0x0F,0x00,0x0000000,0,1.0000,1.0000,1.0000,0,0,,,,,,511,
lab,0x00C1B10D20260706,LG_gf2,"C01 XOR 0x0F",xor_popcount,4,18,1,1,0,0,0x0F,0x00,0x0000000,0,1.0000,1.0000,1.0000,1,45,,,,,,1,
lab,0x00C1B10D20260706,L0_tb_argmax,"C01 XOR 0x0F",xor_popcount,4,19,0,0,0,0,0x00,0x96,0x0000000,0,0.0571,-0.0017,0.0000,0,0,,,,,,162,
lab,0x00C1B10D20260706,L1_single_up,"C01 XOR 0x0F",xor_popcount,4,19,0,0,0,0,0x10,0xAC,0x0000000,0,0.0520,0.0313,0.0000,0,0,,,,,,1016,
lab,0x00C1B10D20260706,L2_pair_up,"C01 XOR 0x0F",xor_popcount,4,19,1,0,0,0,0x0A,0x05,0x0000000,0,0.1291,0.1037,0.0000,0,0,,,,,,1792,
lab,0x00C1B10D20260706,L3_gibbs,"C01 XOR 0x0F",xor_popcount,4,19,1,1,0,0,0x0F,0x00,0x0000000,0,1.0000,0.0000,1.0000,0,0,,,,,,29,
lab,0x00C1B10D20260706,LW_mod2_wht,"C01 XOR 0x0F",xor_popcount,4,19,1,1,0,0,0x0F,0x00,0x0000000,0,1.0000,1.0000,1.0000,0,0,,,,,,511,
lab,0x00C1B10D20260706,LG_gf2,"C01 XOR 0x0F",xor_popcount,4,19,1,1,0,0,0x0F,0x00,0x0000000,0,1.0000,1.0000,1.0000,1,45,,,,,,1,
lab,0x00C1B10D20260706,L0_tb_argmax,"C02 parity XOR 0x33",xor_popcount,4,0,0,0,0,0,0x00,0x19,0x0000000,0,0.0463,0.0189,0.0000,0,0,,,,,,162,
lab,0x00C1B10D20260706,L1_single_up,"C02 parity XOR 0x33",xor_popcount,4,0,0,0,0,0,0x20,0x4D,0x0000000,0,0.0634,0.0359,0.0000,0,0,,,,,,1016,
lab,0x00C1B10D20260706,L2_pair_up,"C02 parity XOR 0x33",xor_popcount,4,0,1,0,0,0,0x30,0x03,0x0000000,0,0.1303,0.1167,0.0000,0,0,,,,,,1792,
lab,0x00C1B10D20260706,L3_gibbs,"C02 parity XOR 0x33",xor_popcount,4,0,1,1,0,0,0x33,0x00,0x0000000,0,1.0000,0.0000,1.0000,0,0,,,,,,29,
lab,0x00C1B10D20260706,LW_mod2_wht,"C02 parity XOR 0x33",xor_popcount,4,0,1,1,0,0,0x33,0x00,0x0000000,0,1.0000,1.0000,1.0000,0,0,,,,,,511,
lab,0x00C1B10D20260706,LG_gf2,"C02 parity XOR 0x33",xor_popcount,4,0,1,1,0,0,0x33,0x00,0x0000000,0,1.0000,1.0000,1.0000,1,45,,,,,,1,
lab,0x00C1B10D20260706,L0_tb_argmax,"C02 parity XOR 0x33",xor_popcount,4,1,0,0,0,0,0x00,0x8E,0x0000000,0,0.0469,0.0057,0.0000,0,0,,,,,,162,
lab,0x00C1B10D20260706,L1_single_up,"C02 parity XOR 0x33",xor_popcount,4,1,0,0,0,0,0x80,0x7C,0x0000000,0,0.0600,0.0343,0.0000,0,0,,,,,,1016,
lab,0x00C1B10D20260706,L2_pair_up,"C02 parity XOR 0x33",xor_popcount,4,1,1,0,0,0,0x22,0x11,0x0000000,0,0.1457,0.1105,0.0000,0,0,,,,,,1792,
lab,0x00C1B10D20260706,L3_gibbs,"C02 parity XOR 0x33",xor_popcount,4,1,1,1,0,0,0x33,0x00,0x0000000,0,1.0000,0.0000,1.0000,0,0,,,,,,29,
lab,0x00C1B10D20260706,LW_mod2_wht,"C02 parity XOR 0x33",xor_popcount,4,1,1,1,0,0,0x33,0x00,0x0000000,0,1.0000,1.0000,1.0000,0,0,,,,,,511,
lab,0x00C1B10D20260706,LG_gf2,"C02 parity XOR 0x33",xor_popcount,4,1,1,1,0,0,0x33,0x00,0x0000000,0,1.0000,1.0000,1.0000,1,45,,,,,,1,
lab,0x00C1B10D20260706,L0_tb_argmax,"C02 parity XOR 0x33",xor_popcount,4,2,0,0,0,0,0x00,0x70,0x0000000,0,0.0491,0.0171,0.0000,0,0,,,,,,162,
lab,0x00C1B10D20260706,L1_single_up,"C02 parity XOR 0x33",xor_popcount,4,2,0,0,0,0,0x20,0x4D,0x0000000,0,0.0509,0.0320,0.0000,0,0,,,,,,1016,
lab,0x00C1B10D20260706,L2_pair_up,"C02 parity XOR 0x33",xor_popcount,4,2,1,0,0,0,0x11,0x22,0x0000000,0,0.1251,0.1101,0.0000,0,0,,,,,,1792,
lab,0x00C1B10D20260706,L3_gibbs,"C02 parity XOR 0x33",xor_popcount,4,2,1,1,0,0,0x33,0x00,0x0000000,0,1.0000,0.0000,1.0000,0,0,,,,,,29,
lab,0x00C1B10D20260706,LW_mod2_wht,"C02 parity XOR 0x33",xor_popcount,4,2,1,1,0,0,0x33,0x00,0x0000000,0,1.0000,1.0000,1.0000,0,0,,,,,,511,
lab,0x00C1B10D20260706,LG_gf2,"C02 parity XOR 0x33",xor_popcount,4,2,1,1,0,0,0x33,0x00,0x0000000,0,1.0000,1.0000,1.0000,1,45,,,,,,1,
lab,0x00C1B10D20260706,L0_tb_argmax,"C02 parity XOR 0x33",xor_popcount,4,3,0,0,0,0,0x00,0x70,0x0000000,0,0.0503,0.0120,0.0000,0,0,,,,,,162,
lab,0x00C1B10D20260706,L1_single_up,"C02 parity XOR 0x33",xor_popcount,4,3,0,0,0,0,0x10,0x86,0x0000000,0,0.0577,0.0281,0.0000,0,0,,,,,,1016,
lab,0x00C1B10D20260706,L2_pair_up,"C02 parity XOR 0x33",xor_popcount,4,3,1,0,0,0,0x03,0x30,0x0000000,0,0.1183,0.1094,0.0000,0,0,,,,,,1792,
lab,0x00C1B10D20260706,L3_gibbs,"C02 parity XOR 0x33",xor_popcount,4,3,1,1,0,0,0x33,0x00,0x0000000,0,1.0000,0.0000,1.0000,0,0,,,,,,29,
lab,0x00C1B10D20260706,LW_mod2_wht,"C02 parity XOR 0x33",xor_popcount,4,3,1,1,0,0,0x33,0x00,0x0000000,0,1.0000,1.0000,1.0000,0,0,,,,,,511,
lab,0x00C1B10D20260706,LG_gf2,"C02 parity XOR 0x33",xor_popcount,4,3,1,1,0,0,0x33,0x00,0x0000000,0,1.0000,1.0000,1.0000,1,45,,,,,,1,
lab,0x00C1B10D20260706,L0_tb_argmax,"C02 parity XOR 0x33",xor_popcount,4,4,0,0,0,0,0x00,0x21,0x0000000,0,0.0474,0.0246,0.0000,0,0,,,,,,162,
lab,0x00C1B10D20260706,L1_single_up,"C02 parity XOR 0x33",xor_popcount,4,4,0,0,0,0,0x10,0xA9,0x0000000,0,0.0554,0.0401,0.0000,0,0,,,,,,1016,
lab,0x00C1B10D20260706,L2_pair_up,"C02 parity XOR 0x33",xor_popcount,4,4,1,0,0,0,0x22,0x11,0x0000000,0,0.1320,0.1089,0.0000,0,0,,,,,,1792,
lab,0x00C1B10D20260706,L3_gibbs,"C02 parity XOR 0x33",xor_popcount,4,4,1,1,0,0,0x33,0x00,0x0000000,0,1.0000,0.0000,1.0000,0,0,,,,,,29,
lab,0x00C1B10D20260706,LW_mod2_wht,"C02 parity XOR 0x33",xor_popcount,4,4,1,1,0,0,0x33,0x00,0x0000000,0,1.0000,1.0000,1.0000,0,0,,,,,,511,
lab,0x00C1B10D20260706,LG_gf2,"C02 parity XOR 0x33",xor_popcount,4,4,1,1,0,0,0x33,0x00,0x0000000,0,1.0000,1.0000,1.0000,1,45,,,,,,1,
lab,0x00C1B10D20260706,L0_tb_argmax,"C02 parity XOR 0x33",xor_popcount,4,5,0,0,0,0,0x00,0x19,0x0000000,0,0.0554,0.0206,0.0000,0,0,,,,,,162,
lab,0x00C1B10D20260706,L1_single_up,"C02 parity XOR 0x33",xor_popcount,4,5,1,0,0,0,0x01,0x32,0x0000000,0,0.0771,0.0443,0.0000,0,0,,,,,,1016,
lab,0x00C1B10D20260706,L2_pair_up,"C02 parity XOR 0x33",xor_popcount,4,5,1,0,0,0,0x03,0x30,0x0000000,0,0.1326,0.1103,0.0000,0,0,,,,,,1792,
lab,0x00C1B10D20260706,L3_gibbs,"C02 parity XOR 0x33",xor_popcount,4,5,1,1,0,0,0x33,0x00,0x0000000,0,1.0000,0.0000,1.0000,0,0,,,,,,29,
lab,0x00C1B10D20260706,LW_mod2_wht,"C02 parity XOR 0x33",xor_popcount,4,5,1,1,0,0,0x33,0x00,0x0000000,0,1.0000,1.0000,1.0000,0,0,,,,,,511,
lab,0x00C1B10D20260706,LG_gf2,"C02 parity XOR 0x33",xor_popcount,4,5,1,1,0,0,0x33,0x00,0x0000000,0,1.0000,1.0000,1.0000,1,45,,,,,,1,
lab,0x00C1B10D20260706,L0_tb_argmax,"C02 parity XOR 0x33",xor_popcount,4,6,0,0,0,0,0x00,0x19,0x0000000,0,0.0474,0.0246,0.0000,0,0,,,,,,162,
lab,0x00C1B10D20260706,L1_single_up,"C02 parity XOR 0x33",xor_popcount,4,6,1,0,0,0,0x01,0x32,0x0000000,0,0.0754,0.0467,0.0000,0,0,,,,,,1016,
lab,0x00C1B10D20260706,L2_pair_up,"C02 parity XOR 0x33",xor_popcount,4,6,1,0,0,0,0x11,0x22,0x0000000,0,0.1389,0.1222,0.0000,0,0,,,,,,1792,
lab,0x00C1B10D20260706,L3_gibbs,"C02 parity XOR 0x33",xor_popcount,4,6,1,1,0,0,0x33,0x00,0x0000000,0,1.0000,0.0000,1.0000,0,0,,,,,,29,
lab,0x00C1B10D20260706,LW_mod2_wht,"C02 parity XOR 0x33",xor_popcount,4,6,1,1,0,0,0x33,0x00,0x0000000,0,1.0000,1.0000,1.0000,0,0,,,,,,511,
lab,0x00C1B10D20260706,LG_gf2,"C02 parity XOR 0x33",xor_popcount,4,6,1,1,0,0,0x33,0x00,0x0000000,0,1.0000,1.0000,1.0000,1,45,,,,,,1,
lab,0x00C1B10D20260706,L0_tb_argmax,"C02 parity XOR 0x33",xor_popcount,4,7,0,0,0,0,0x00,0x2C,0x0000000,0,0.0503,0.0154,0.0000,0,0,,,,,,162,
lab,0x00C1B10D20260706,L1_single_up,"C02 parity XOR 0x33",xor_popcount,4,7,1,0,0,0,0x01,0x32,0x0000000,0,0.0623,0.0353,0.0000,0,0,,,,,,1016,
lab,0x00C1B10D20260706,L2_pair_up,"C02 parity XOR 0x33",xor_popcount,4,7,1,0,0,0,0x03,0x30,0x0000000,0,0.1400,0.1123,0.0000,0,0,,,,,,1792,
lab,0x00C1B10D20260706,L3_gibbs,"C02 parity XOR 0x33",xor_popcount,4,7,1,1,0,0,0x33,0x00,0x0000000,0,1.0000,0.0000,1.0000,0,0,,,,,,29,
lab,0x00C1B10D20260706,LW_mod2_wht,"C02 parity XOR 0x33",xor_popcount,4,7,1,1,0,0,0x33,0x00,0x0000000,0,1.0000,1.0000,1.0000,0,0,,,,,,511,
lab,0x00C1B10D20260706,LG_gf2,"C02 parity XOR 0x33",xor_popcount,4,7,1,1,0,0,0x33,0x00,0x0000000,0,1.0000,1.0000,1.0000,1,45,,,,,,1,
lab,0x00C1B10D20260706,L0_tb_argmax,"C02 parity XOR 0x33",xor_popcount,4,8,0,0,0,0,0x00,0x82,0x0000000,0,0.0463,0.0109,0.0000,0,0,,,,,,162,
lab,0x00C1B10D20260706,L1_single_up,"C02 parity XOR 0x33",xor_popcount,4,8,0,0,0,0,0x10,0x02,0x0000000,0,0.0509,0.0333,0.0000,0,0,,,,,,1016,
lab,0x00C1B10D20260706,L2_pair_up,"C02 parity XOR 0x33",xor_popcount,4,8,1,0,0,0,0x03,0x30,0x0000000,0,0.1257,0.1050,0.0000,0,0,,,,,,1792,
lab,0x00C1B10D20260706,L3_gibbs,"C02 parity XOR 0x33",xor_popcount,4,8,1,1,0,0,0x33,0x00,0x0000000,0,1.0000,0.0000,1.0000,0,0,,,,,,29,
lab,0x00C1B10D20260706,LW_mod2_wht,"C02 parity XOR 0x33",xor_popcount,4,8,1,1,0,0,0x33,0x00,0x0000000,0,1.0000,1.0000,1.0000,0,0,,,,,,511,
lab,0x00C1B10D20260706,LG_gf2,"C02 parity XOR 0x33",xor_popcount,4,8,1,1,0,0,0x33,0x00,0x0000000,0,1.0000,1.0000,1.0000,1,45,,,,,,1,
lab,0x00C1B10D20260706,L0_tb_argmax,"C02 parity XOR 0x33",xor_popcount,4,9,0,0,0,0,0x00,0x11,0x0000000,0,0.0503,0.0046,0.0000,0,0,,,,,,162,
lab,0x00C1B10D20260706,L1_single_up,"C02 parity XOR 0x33",xor_popcount,4,9,1,0,0,0,0x01,0x32,0x0000000,0,0.0606,0.0320,0.0000,0,0,,,,,,1016,
lab,0x00C1B10D20260706,L2_pair_up,"C02 parity XOR 0x33",xor_popcount,4,9,1,0,0,0,0x30,0x03,0x0000000,0,0.1246,0.1126,0.0000,0,0,,,,,,1792,
lab,0x00C1B10D20260706,L3_gibbs,"C02 parity XOR 0x33",xor_popcount,4,9,1,1,0,0,0x33,0x00,0x0000000,0,1.0000,0.0000,1.0000,0,0,,,,,,29,
lab,0x00C1B10D20260706,LW_mod2_wht,"C02 parity XOR 0x33",xor_popcount,4,9,1,1,0,0,0x33,0x00,0x0000000,0,1.0000,1.0000,1.0000,0,0,,,,,,511,
lab,0x00C1B10D20260706,LG_gf2,"C02 parity XOR 0x33",xor_popcount,4,9,1,1,0,0,0x33,0x00,0x0000000,0,1.0000,1.0000,1.0000,1,45,,,,,,1,
lab,0x00C1B10D20260706,L0_tb_argmax,"C02 parity XOR 0x33",xor_popcount,4,10,0,0,0,0,0x00,0x91,0x0000000,0,0.0486,0.0069,0.0000,0,0,,,,,,162,
lab,0x00C1B10D20260706,L1_single_up,"C02 parity XOR 0x33",xor_popcount,4,10,0,0,0,0,0x40,0x94,0x0000000,0,0.0606,0.0297,0.0000,0,0,,,,,,1016,
lab,0x00C1B10D20260706,L2_pair_up,"C02 parity XOR 0x33",xor_popcount,4,10,1,0,0,0,0x22,0x11,0x0000000,0,0.1291,0.1122,0.0000,0,0,,,,,,1792,
lab,0x00C1B10D20260706,L3_gibbs,"C02 parity XOR 0x33",xor_popcount,4,10,1,1,0,0,0x33,0x00,0x0000000,0,1.0000,0.0000,1.0000,0,0,,,,,,29,
lab,0x00C1B10D20260706,LW_mod2_wht,"C02 parity XOR 0x33",xor_popcount,4,10,1,1,0,0,0x33,0x00,0x0000000,0,1.0000,1.0000,1.0000,0,0,,,,,,511,
lab,0x00C1B10D20260706,LG_gf2,"C02 parity XOR 0x33",xor_popcount,4,10,1,1,0,0,0x33,0x00,0x0000000,0,1.0000,1.0000,1.0000,1,45,,,,,,1,
lab,0x00C1B10D20260706,L0_tb_argmax,"C02 parity XOR 0x33",xor_popcount,4,11,0,0,0,0,0x00,0x25,0x0000000,0,0.0411,0.0154,0.0000,0,0,,,,,,162,
lab,0x00C1B10D20260706,L1_single_up,"C02 parity XOR 0x33",xor_popcount,4,11,1,0,0,0,0x01,0x32,0x0000000,0,0.0617,0.0407,0.0000,0,0,,,,,,1016,
lab,0x00C1B10D20260706,L2_pair_up,"C02 parity XOR 0x33",xor_popcount,4,11,1,0,0,0,0x22,0x11,0x0000000,0,0.1274,0.1138,0.0000,0,0,,,,,,1792,
lab,0x00C1B10D20260706,L3_gibbs,"C02 parity XOR 0x33",xor_popcount,4,11,1,1,0,0,0x33,0x00,0x0000000,0,1.0000,0.0000,1.0000,0,0,,,,,,29,
lab,0x00C1B10D20260706,LW_mod2_wht,"C02 parity XOR 0x33",xor_popcount,4,11,1,1,0,0,0x33,0x00,0x0000000,0,1.0000,1.0000,1.0000,0,0,,,,,,511,
lab,0x00C1B10D20260706,LG_gf2,"C02 parity XOR 0x33",xor_popcount,4,11,1,1,0,0,0x33,0x00,0x0000000,0,1.0000,1.0000,1.0000,1,45,,,,,,1,
lab,0x00C1B10D20260706,L0_tb_argmax,"C02 parity XOR 0x33",xor_popcount,4,12,0,0,0,0,0x00,0x91,0x0000000,0,0.0457,0.0183,0.0000,0,0,,,,,,162,
lab,0x00C1B10D20260706,L1_single_up,"C02 parity XOR 0x33",xor_popcount,4,12,1,0,0,0,0x01,0x32,0x0000000,0,0.0560,0.0431,0.0000,0,0,,,,,,1016,
lab,0x00C1B10D20260706,L2_pair_up,"C02 parity XOR 0x33",xor_popcount,4,12,1,0,0,0,0x03,0x30,0x0000000,0,0.1383,0.1225,0.0000,0,0,,,,,,1792,
lab,0x00C1B10D20260706,L3_gibbs,"C02 parity XOR 0x33",xor_popcount,4,12,1,1,0,0,0x33,0x00,0x0000000,0,1.0000,0.0000,1.0000,0,0,,,,,,29,
lab,0x00C1B10D20260706,LW_mod2_wht,"C02 parity XOR 0x33",xor_popcount,4,12,1,1,0,0,0x33,0x00,0x0000000,0,1.0000,1.0000,1.0000,0,0,,,,,,511,
lab,0x00C1B10D20260706,LG_gf2,"C02 parity XOR 0x33",xor_popcount,4,12,1,1,0,0,0x33,0x00,0x0000000,0,1.0000,1.0000,1.0000,1,45,,,,,,1,
lab,0x00C1B10D20260706,L0_tb_argmax,"C02 parity XOR 0x33",xor_popcount,4,13,0,0,0,0,0x00,0x70,0x0000000,0,0.0503,0.0286,0.0000,0,0,,,,,,162,
lab,0x00C1B10D20260706,L1_single_up,"C02 parity XOR 0x33",xor_popcount,4,13,0,0,0,0,0x02,0x08,0x0000000,0,0.0583,0.0371,0.0000,0,0,,,,,,1016,
lab,0x00C1B10D20260706,L2_pair_up,"C02 parity XOR 0x33",xor_popcount,4,13,1,0,0,0,0x30,0x03,0x0000000,0,0.1337,0.1150,0.0000,0,0,,,,,,1792,
lab,0x00C1B10D20260706,L3_gibbs,"C02 parity XOR 0x33",xor_popcount,4,13,1,1,0,0,0x33,0x00,0x0000000,0,1.0000,0.0000,1.0000,0,0,,,,,,29,
lab,0x00C1B10D20260706,LW_mod2_wht,"C02 parity XOR 0x33",xor_popcount,4,13,1,1,0,0,0x33,0x00,0x0000000,0,1.0000,1.0000,1.0000,0,0,,,,,,511,
lab,0x00C1B10D20260706,LG_gf2,"C02 parity XOR 0x33",xor_popcount,4,13,1,1,0,0,0x33,0x00,0x0000000,0,1.0000,1.0000,1.0000,1,45,,,,,,1,
lab,0x00C1B10D20260706,L0_tb_argmax,"C02 parity XOR 0x33",xor_popcount,4,14,0,0,0,0,0x00,0xF0,0x0000000,0,0.0394,0.0274,0.0000,0,0,,,,,,162,
lab,0x00C1B10D20260706,L1_single_up,"C02 parity XOR 0x33",xor_popcount,4,14,1,0,0,0,0x01,0x32,0x0000000,0,0.0543,0.0420,0.0000,0,0,,,,,,1016,
lab,0x00C1B10D20260706,L2_pair_up,"C02 parity XOR 0x33",xor_popcount,4,14,1,0,0,0,0x03,0x30,0x0000000,0,0.1389,0.1164,0.0000,0,0,,,,,,1792,
lab,0x00C1B10D20260706,L3_gibbs,"C02 parity XOR 0x33",xor_popcount,4,14,1,1,0,0,0x33,0x00,0x0000000,0,1.0000,0.0000,1.0000,0,0,,,,,,29,
lab,0x00C1B10D20260706,LW_mod2_wht,"C02 parity XOR 0x33",xor_popcount,4,14,1,1,0,0,0x33,0x00,0x0000000,0,1.0000,1.0000,1.0000,0,0,,,,,,511,
lab,0x00C1B10D20260706,LG_gf2,"C02 parity XOR 0x33",xor_popcount,4,14,1,1,0,0,0x33,0x00,0x0000000,0,1.0000,1.0000,1.0000,1,45,,,,,,1,
lab,0x00C1B10D20260706,L0_tb_argmax,"C02 parity XOR 0x33",xor_popcount,4,15,0,0,0,0,0x00,0xF0,0x0000000,0,0.0480,0.0297,0.0000,0,0,,,,,,162,
lab,0x00C1B10D20260706,L1_single_up,"C02 parity XOR 0x33",xor_popcount,4,15,0,0,0,0,0x20,0x4D,0x0000000,0,0.0731,0.0469,0.0000,0,0,,,,,,1016,
lab,0x00C1B10D20260706,L2_pair_up,"C02 parity XOR 0x33",xor_popcount,4,15,1,0,0,0,0x22,0x11,0x0000000,0,0.1371,0.1194,0.0000,0,0,,,,,,1792,
lab,0x00C1B10D20260706,L3_gibbs,"C02 parity XOR 0x33",xor_popcount,4,15,1,1,0,0,0x33,0x00,0x0000000,0,1.0000,0.0000,1.0000,0,0,,,,,,29,
lab,0x00C1B10D20260706,LW_mod2_wht,"C02 parity XOR 0x33",xor_popcount,4,15,1,1,0,0,0x33,0x00,0x0000000,0,1.0000,1.0000,1.0000,0,0,,,,,,511,
lab,0x00C1B10D20260706,LG_gf2,"C02 parity XOR 0x33",xor_popcount,4,15,1,1,0,0,0x33,0x00,0x0000000,0,1.0000,1.0000,1.0000,1,45,,,,,,1,
lab,0x00C1B10D20260706,L0_tb_argmax,"C02 parity XOR 0x33",xor_popcount,4,16,0,0,0,0,0x00,0x8E,0x0000000,0,0.0480,0.0006,0.0000,0,0,,,,,,162,
lab,0x00C1B10D20260706,L1_single_up,"C02 parity XOR 0x33",xor_popcount,4,16,0,0,0,0,0x20,0x4D,0x0000000,0,0.0623,0.0307,0.0000,0,0,,,,,,1016,
lab,0x00C1B10D20260706,L2_pair_up,"C02 parity XOR 0x33",xor_popcount,4,16,1,0,0,0,0x03,0x30,0x0000000,0,0.1251,0.1129,0.0000,0,0,,,,,,1792,
lab,0x00C1B10D20260706,L3_gibbs,"C02 parity XOR 0x33",xor_popcount,4,16,1,1,0,0,0x33,0x00,0x0000000,0,1.0000,0.0000,1.0000,0,0,,,,,,29,
lab,0x00C1B10D20260706,LW_mod2_wht,"C02 parity XOR 0x33",xor_popcount,4,16,1,1,0,0,0x33,0x00,0x0000000,0,1.0000,1.0000,1.0000,0,0,,,,,,511,
lab,0x00C1B10D20260706,LG_gf2,"C02 parity XOR 0x33",xor_popcount,4,16,1,1,0,0,0x33,0x00,0x0000000,0,1.0000,1.0000,1.0000,1,45,,,,,,1,
lab,0x00C1B10D20260706,L0_tb_argmax,"C02 parity XOR 0x33",xor_popcount,4,17,0,0,0,0,0x00,0x91,0x0000000,0,0.0417,0.0103,0.0000,0,0,,,,,,162,
lab,0x00C1B10D20260706,L1_single_up,"C02 parity XOR 0x33",xor_popcount,4,17,0,0,0,0,0x01,0x10,0x0000000,0,0.0554,0.0354,0.0000,0,0,,,,,,1016,
lab,0x00C1B10D20260706,L2_pair_up,"C02 parity XOR 0x33",xor_popcount,4,17,1,0,0,0,0x30,0x03,0x0000000,0,0.1257,0.1078,0.0000,0,0,,,,,,1792,
lab,0x00C1B10D20260706,L3_gibbs,"C02 parity XOR 0x33",xor_popcount,4,17,1,1,0,0,0x33,0x00,0x0000000,0,1.0000,0.0000,1.0000,0,0,,,,,,29,
lab,0x00C1B10D20260706,LW_mod2_wht,"C02 parity XOR 0x33",xor_popcount,4,17,1,1,0,0,0x33,0x00,0x0000000,0,1.0000,1.0000,1.0000,0,0,,,,,,511,
lab,0x00C1B10D20260706,LG_gf2,"C02 parity XOR 0x33",xor_popcount,4,17,1,1,0,0,0x33,0x00,0x0000000,0,1.0000,1.0000,1.0000,1,45,,,,,,1,
lab,0x00C1B10D20260706,L0_tb_argmax,"C02 parity XOR 0x33",xor_popcount,4,18,0,0,0,0,0x00,0x21,0x0000000,0,0.0497,0.0309,0.0000,0,0,,,,,,162,
lab,0x00C1B10D20260706,L1_single_up,"C02 parity XOR 0x33",xor_popcount,4,18,1,0,0,0,0x01,0x32,0x0000000,0,0.0663,0.0451,0.0000,0,0,,,,,,1016,
lab,0x00C1B10D20260706,L2_pair_up,"C02 parity XOR 0x33",xor_popcount,4,18,1,0,0,0,0x03,0x30,0x0000000,0,0.1349,0.1143,0.0000,0,0,,,,,,1792,
lab,0x00C1B10D20260706,L3_gibbs,"C02 parity XOR 0x33",xor_popcount,4,18,1,1,0,0,0x33,0x00,0x0000000,0,1.0000,0.0000,1.0000,0,0,,,,,,29,
lab,0x00C1B10D20260706,LW_mod2_wht,"C02 parity XOR 0x33",xor_popcount,4,18,1,1,0,0,0x33,0x00,0x0000000,0,1.0000,1.0000,1.0000,0,0,,,,,,511,
lab,0x00C1B10D20260706,LG_gf2,"C02 parity XOR 0x33",xor_popcount,4,18,1,1,0,0,0x33,0x00,0x0000000,0,1.0000,1.0000,1.0000,1,45,,,,,,1,
lab,0x00C1B10D20260706,L0_tb_argmax,"C02 parity XOR 0x33",xor_popcount,4,19,0,0,0,0,0x00,0xD4,0x0000000,0,0.0497,0.0211,0.0000,0,0,,,,,,162,
lab,0x00C1B10D20260706,L1_single_up,"C02 parity XOR 0x33",xor_popcount,4,19,0,0,0,0,0x04,0x92,0x0000000,0,0.0560,0.0456,0.0000,0,0,,,,,,1016,
lab,0x00C1B10D20260706,L2_pair_up,"C02 parity XOR 0x33",xor_popcount,4,19,1,0,0,0,0x30,0x03,0x0000000,0,0.1314,0.1190,0.0000,0,0,,,,,,1792,
lab,0x00C1B10D20260706,L3_gibbs,"C02 parity XOR 0x33",xor_popcount,4,19,1,1,0,0,0x33,0x00,0x0000000,0,1.0000,0.0000,1.0000,0,0,,,,,,29,
lab,0x00C1B10D20260706,LW_mod2_wht,"C02 parity XOR 0x33",xor_popcount,4,19,1,1,0,0,0x33,0x00,0x0000000,0,1.0000,1.0000,1.0000,0,0,,,,,,511,
lab,0x00C1B10D20260706,LG_gf2,"C02 parity XOR 0x33",xor_popcount,4,19,1,1,0,0,0x33,0x00,0x0000000,0,1.0000,1.0000,1.0000,1,45,,,,,,1,
lab,0x00C1B10D20260706,L0_tb_argmax,"C03 XOR 0x55",xor_popcount,4,0,0,0,0,0,0x00,0x23,0x0000000,0,0.0486,0.0286,0.0000,0,0,,,,,,162,
lab,0x00C1B10D20260706,L1_single_up,"C03 XOR 0x55",xor_popcount,4,0,0,0,0,0,0x80,0x3F,0x0000000,0,0.0554,0.0343,0.0000,0,0,,,,,,1016,
lab,0x00C1B10D20260706,L2_pair_up,"C03 XOR 0x55",xor_popcount,4,0,1,0,0,0,0x14,0x41,0x0000000,0,0.1331,0.1112,0.0000,0,0,,,,,,1792,
lab,0x00C1B10D20260706,L3_gibbs,"C03 XOR 0x55",xor_popcount,4,0,1,1,0,0,0x55,0x00,0x0000000,0,1.0000,0.0000,1.0000,0,0,,,,,,29,
lab,0x00C1B10D20260706,LW_mod2_wht,"C03 XOR 0x55",xor_popcount,4,0,1,1,0,0,0x55,0x00,0x0000000,0,1.0000,1.0000,1.0000,0,0,,,,,,511,
lab,0x00C1B10D20260706,LG_gf2,"C03 XOR 0x55",xor_popcount,4,0,1,1,0,0,0x55,0x00,0x0000000,0,1.0000,1.0000,1.0000,1,45,,,,,,1,
lab,0x00C1B10D20260706,L0_tb_argmax,"C03 XOR 0x55",xor_popcount,4,1,0,0,0,0,0x00,0x23,0x0000000,0,0.0486,0.0394,0.0000,0,0,,,,,,162,
lab,0x00C1B10D20260706,L1_single_up,"C03 XOR 0x55",xor_popcount,4,1,1,0,0,0,0x40,0x15,0x0000000,0,0.0566,0.0441,0.0000,0,0,,,,,,1016,
lab,0x00C1B10D20260706,L2_pair_up,"C03 XOR 0x55",xor_popcount,4,1,1,0,0,0,0x44,0x11,0x0000000,0,0.1400,0.1159,0.0000,0,0,,,,,,1792,
lab,0x00C1B10D20260706,L3_gibbs,"C03 XOR 0x55",xor_popcount,4,1,1,1,0,0,0x55,0x00,0x0000000,0,1.0000,0.0000,1.0000,0,0,,,,,,29,
lab,0x00C1B10D20260706,LW_mod2_wht,"C03 XOR 0x55",xor_popcount,4,1,1,1,0,0,0x55,0x00,0x0000000,0,1.0000,1.0000,1.0000,0,0,,,,,,511,
lab,0x00C1B10D20260706,LG_gf2,"C03 XOR 0x55",xor_popcount,4,1,1,1,0,0,0x55,0x00,0x0000000,0,1.0000,1.0000,1.0000,1,45,,,,,,1,
lab,0x00C1B10D20260706,L0_tb_argmax,"C03 XOR 0x55",xor_popcount,4,2,0,0,0,0,0x00,0x23,0x0000000,0,0.0509,0.0446,0.0000,0,0,,,,,,162,
lab,0x00C1B10D20260706,L1_single_up,"C03 XOR 0x55",xor_popcount,4,2,0,0,0,0,0x80,0x07,0x0000000,0,0.0600,0.0383,0.0000,0,0,,,,,,1016,
lab,0x00C1B10D20260706,L2_pair_up,"C03 XOR 0x55",xor_popcount,4,2,1,0,0,0,0x44,0x11,0x0000000,0,0.1240,0.1086,0.0000,0,0,,,,,,1792,
lab,0x00C1B10D20260706,L3_gibbs,"C03 XOR 0x55",xor_popcount,4,2,1,1,0,0,0x55,0x00,0x0000000,0,1.0000,0.0000,1.0000,0,0,,,,,,29,
lab,0x00C1B10D20260706,LW_mod2_wht,"C03 XOR 0x55",xor_popcount,4,2,1,1,0,0,0x55,0x00,0x0000000,0,1.0000,1.0000,1.0000,0,0,,,,,,511,
lab,0x00C1B10D20260706,LG_gf2,"C03 XOR 0x55",xor_popcount,4,2,1,1,0,0,0x55,0x00,0x0000000,0,1.0000,1.0000,1.0000,1,45,,,,,,1,
lab,0x00C1B10D20260706,L0_tb_argmax,"C03 XOR 0x55",xor_popcount,4,3,0,0,0,0,0x00,0x23,0x0000000,0,0.0497,0.0303,0.0000,0,0,,,,,,162,
lab,0x00C1B10D20260706,L1_single_up,"C03 XOR 0x55",xor_popcount,4,3,0,0,0,0,0x80,0x3A,0x0000000,0,0.0646,0.0307,0.0000,0,0,,,,,,1016,
lab,0x00C1B10D20260706,L2_pair_up,"C03 XOR 0x55",xor_popcount,4,3,1,0,0,0,0x50,0x05,0x0000000,0,0.1166,0.1056,0.0000,0,0,,,,,,1792,
lab,0x00C1B10D20260706,L3_gibbs,"C03 XOR 0x55",xor_popcount,4,3,1,1,0,0,0x55,0x00,0x0000000,0,1.0000,0.0000,1.0000,0,0,,,,,,29,
lab,0x00C1B10D20260706,LW_mod2_wht,"C03 XOR 0x55",xor_popcount,4,3,1,1,0,0,0x55,0x00,0x0000000,0,1.0000,1.0000,1.0000,0,0,,,,,,511,
lab,0x00C1B10D20260706,LG_gf2,"C03 XOR 0x55",xor_popcount,4,3,1,1,0,0,0x55,0x00,0x0000000,0,1.0000,1.0000,1.0000,1,45,,,,,,1,
lab,0x00C1B10D20260706,L0_tb_argmax,"C03 XOR 0x55",xor_popcount,4,4,0,0,0,0,0x00,0x39,0x0000000,0,0.0474,0.0211,0.0000,0,0,,,,,,162,
lab,0x00C1B10D20260706,L1_single_up,"C03 XOR 0x55",xor_popcount,4,4,0,0,0,0,0x80,0x3A,0x0000000,0,0.0543,0.0356,0.0000,0,0,,,,,,1016,
lab,0x00C1B10D20260706,L2_pair_up,"C03 XOR 0x55",xor_popcount,4,4,1,0,0,0,0x50,0x05,0x0000000,0,0.1286,0.1113,0.0000,0,0,,,,,,1792,
lab,0x00C1B10D20260706,L3_gibbs,"C03 XOR 0x55",xor_popcount,4,4,1,1,0,0,0x55,0x00,0x0000000,0,1.0000,0.0000,1.0000,0,0,,,,,,29,
lab,0x00C1B10D20260706,LW_mod2_wht,"C03 XOR 0x55",xor_popcount,4,4,1,1,0,0,0x55,0x00,0x0000000,0,1.0000,1.0000,1.0000,0,0,,,,,,511,
lab,0x00C1B10D20260706,LG_gf2,"C03 XOR 0x55",xor_popcount,4,4,1,1,0,0,0x55,0x00,0x0000000,0,1.0000,1.0000,1.0000,1,45,,,,,,1,
lab,0x00C1B10D20260706,L0_tb_argmax,"C03 XOR 0x55",xor_popcount,4,5,0,0,0,0,0x00,0x23,0x0000000,0,0.0474,0.0423,0.0000,0,0,,,,,,162,
lab,0x00C1B10D20260706,L1_single_up,"C03 XOR 0x55",xor_popcount,4,5,1,0,0,0,0x40,0x15,0x0000000,0,0.0691,0.0369,0.0000,0,0,,,,,,1016,
lab,0x00C1B10D20260706,L2_pair_up,"C03 XOR 0x55",xor_popcount,4,5,1,0,0,0,0x44,0x11,0x0000000,0,0.1223,0.1032,0.0000,0,0,,,,,,1792,
lab,0x00C1B10D20260706,L3_gibbs,"C03 XOR 0x55",xor_popcount,4,5,1,1,0,0,0x55,0x00,0x0000000,0,1.0000,0.0000,1.0000,0,0,,,,,,29,
lab,0x00C1B10D20260706,LW_mod2_wht,"C03 XOR 0x55",xor_popcount,4,5,1,1,0,0,0x55,0x00,0x0000000,0,1.0000,1.0000,1.0000,0,0,,,,,,511,
lab,0x00C1B10D20260706,LG_gf2,"C03 XOR 0x55",xor_popcount,4,5,1,1,0,0,0x55,0x00,0x0000000,0,1.0000,1.0000,1.0000,1,45,,,,,,1,
lab,0x00C1B10D20260706,L0_tb_argmax,"C03 XOR 0x55",xor_popcount,4,6,0,0,0,0,0x00,0x6A,0x0000000,0,0.0469,0.0400,0.0000,0,0,,,,,,162,
lab,0x00C1B10D20260706,L1_single_up,"C03 XOR 0x55",xor_popcount,4,6,0,0,0,0,0x04,0x12,0x0000000,0,0.0531,0.0314,0.0000,0,0,,,,,,1016,
lab,0x00C1B10D20260706,L2_pair_up,"C03 XOR 0x55",xor_popcount,4,6,1,0,0,0,0x14,0x41,0x0000000,0,0.1120,0.1010,0.0000,0,0,,,,,,1792,
lab,0x00C1B10D20260706,L3_gibbs,"C03 XOR 0x55",xor_popcount,4,6,1,1,0,0,0x55,0x00,0x0000000,0,1.0000,0.0000,1.0000,0,0,,,,,,29,
lab,0x00C1B10D20260706,LW_mod2_wht,"C03 XOR 0x55",xor_popcount,4,6,1,1,0,0,0x55,0x00,0x0000000,0,1.0000,1.0000,1.0000,0,0,,,,,,511,
lab,0x00C1B10D20260706,LG_gf2,"C03 XOR 0x55",xor_popcount,4,6,1,1,0,0,0x55,0x00,0x0000000,0,1.0000,1.0000,1.0000,1,45,,,,,,1,
lab,0x00C1B10D20260706,L0_tb_argmax,"C03 XOR 0x55",xor_popcount,4,7,0,0,0,0,0x00,0x0A,0x0000000,0,0.0480,0.0337,0.0000,0,0,,,,,,162,
lab,0x00C1B10D20260706,L1_single_up,"C03 XOR 0x55",xor_popcount,4,7,1,0,0,0,0x40,0x15,0x0000000,0,0.0674,0.0361,0.0000,0,0,,,,,,1016,
lab,0x00C1B10D20260706,L2_pair_up,"C03 XOR 0x55",xor_popcount,4,7,1,0,0,0,0x44,0x11,0x0000000,0,0.1309,0.1085,0.0000,0,0,,,,,,1792,
lab,0x00C1B10D20260706,L3_gibbs,"C03 XOR 0x55",xor_popcount,4,7,1,1,0,0,0x55,0x00,0x0000000,0,1.0000,0.0000,1.0000,0,0,,,,,,29,
lab,0x00C1B10D20260706,LW_mod2_wht,"C03 XOR 0x55",xor_popcount,4,7,1,1,0,0,0x55,0x00,0x0000000,0,1.0000,1.0000,1.0000,0,0,,,,,,511,
lab,0x00C1B10D20260706,LG_gf2,"C03 XOR 0x55",xor_popcount,4,7,1,1,0,0,0x55,0x00,0x0000000,0,1.0000,1.0000,1.0000,1,45,,,,,,1,
lab,0x00C1B10D20260706,L0_tb_argmax,"C03 XOR 0x55",xor_popcount,4,8,0,0,0,0,0x00,0x23,0x0000000,0,0.0400,0.0343,0.0000,0,0,,,,,,162,
lab,0x00C1B10D20260706,L1_single_up,"C03 XOR 0x55",xor_popcount,4,8,1,0,0,0,0x40,0x15,0x0000000,0,0.0606,0.0403,0.0000,0,0,,,,,,1016,
lab,0x00C1B10D20260706,L2_pair_up,"C03 XOR 0x55",xor_popcount,4,8,1,0,0,0,0x50,0x05,0x0000000,0,0.1291,0.1149,0.0000,0,0,,,,,,1792,
lab,0x00C1B10D20260706,L3_gibbs,"C03 XOR 0x55",xor_popcount,4,8,1,1,0,0,0x55,0x00,0x0000000,0,1.0000,0.0000,1.0000,0,0,,,,,,29,
lab,0x00C1B10D20260706,LW_mod2_wht,"C03 XOR 0x55",xor_popcount,4,8,1,1,0,0,0x55,0x00,0x0000000,0,1.0000,1.0000,1.0000,0,0,,,,,,511,
lab,0x00C1B10D20260706,LG_gf2,"C03 XOR 0x55",xor_popcount,4,8,1,1,0,0,0x55,0x00,0x0000000,0,1.0000,1.0000,1.0000,1,45,,,,,,1,
lab,0x00C1B10D20260706,L0_tb_argmax,"C03 XOR 0x55",xor_popcount,4,9,0,0,0,0,0x00,0x6A,0x0000000,0,0.0463,0.0423,0.0000,0,0,,,,,,162,
lab,0x00C1B10D20260706,L1_single_up,"C03 XOR 0x55",xor_popcount,4,9,1,0,0,0,0x40,0x15,0x0000000,0,0.0531,0.0420,0.0000,0,0,,,,,,1016,
lab,0x00C1B10D20260706,L2_pair_up,"C03 XOR 0x55",xor_popcount,4,9,1,0,0,0,0x44,0x11,0x0000000,0,0.1331,0.1189,0.0000,0,0,,,,,,1792,
lab,0x00C1B10D20260706,L3_gibbs,"C03 XOR 0x55",xor_popcount,4,9,1,1,0,0,0x55,0x00,0x0000000,0,1.0000,0.0000,1.0000,0,0,,,,,,29,
lab,0x00C1B10D20260706,LW_mod2_wht,"C03 XOR 0x55",xor_popcount,4,9,1,1,0,0,0x55,0x00,0x0000000,0,1.0000,1.0000,1.0000,0,0,,,,,,511,
lab,0x00C1B10D20260706,LG_gf2,"C03 XOR 0x55",xor_popcount,4,9,1,1,0,0,0x55,0x00,0x0000000,0,1.0000,1.0000,1.0000,1,45,,,,,,1,
lab,0x00C1B10D20260706,L0_tb_argmax,"C03 XOR 0x55",xor_popcount,4,10,0,0,0,0,0x00,0x43,0x0000000,0,0.0543,0.0280,0.0000,0,0,,,,,,162,
lab,0x00C1B10D20260706,L1_single_up,"C03 XOR 0x55",xor_popcount,4,10,0,0,0,0,0x08,0x72,0x0000000,0,0.0531,0.0381,0.0000,0,0,,,,,,1016,
lab,0x00C1B10D20260706,L2_pair_up,"C03 XOR 0x55",xor_popcount,4,10,1,0,0,0,0x44,0x11,0x0000000,0,0.1171,0.1087,0.0000,0,0,,,,,,1792,
lab,0x00C1B10D20260706,L3_gibbs,"C03 XOR 0x55",xor_popcount,4,10,1,1,0,0,0x55,0x00,0x0000000,0,1.0000,0.0000,1.0000,0,0,,,,,,29,
lab,0x00C1B10D20260706,LW_mod2_wht,"C03 XOR 0x55",xor_popcount,4,10,1,1,0,0,0x55,0x00,0x0000000,0,1.0000,1.0000,1.0000,0,0,,,,,,511,
lab,0x00C1B10D20260706,LG_gf2,"C03 XOR 0x55",xor_popcount,4,10,1,1,0,0,0x55,0x00,0x0000000,0,1.0000,1.0000,1.0000,1,45,,,,,,1,
lab,0x00C1B10D20260706,L0_tb_argmax,"C03 XOR 0x55",xor_popcount,4,11,0,0,0,0,0x00,0x02,0x0000000,0,0.0423,0.0331,0.0000,0,0,,,,,,162,
lab,0x00C1B10D20260706,L1_single_up,"C03 XOR 0x55",xor_popcount,4,11,0,0,0,0,0x80,0x3A,0x0000000,0,0.0566,0.0334,0.0000,0,0,,,,,,1016,
lab,0x00C1B10D20260706,L2_pair_up,"C03 XOR 0x55",xor_popcount,4,11,1,0,0,0,0x44,0x11,0x0000000,0,0.1240,0.1093,0.0000,0,0,,,,,,1792,
lab,0x00C1B10D20260706,L3_gibbs,"C03 XOR 0x55",xor_popcount,4,11,1,1,0,0,0x55,0x00,0x0000000,0,1.0000,0.0000,1.0000,0,0,,,,,,29,
lab,0x00C1B10D20260706,LW_mod2_wht,"C03 XOR 0x55",xor_popcount,4,11,1,1,0,0,0x55,0x00,0x0000000,0,1.0000,1.0000,1.0000,0,0,,,,,,511,
lab,0x00C1B10D20260706,LG_gf2,"C03 XOR 0x55",xor_popcount,4,11,1,1,0,0,0x55,0x00,0x0000000,0,1.0000,1.0000,1.0000,1,45,,,,,,1,
lab,0x00C1B10D20260706,L0_tb_argmax,"C03 XOR 0x55",xor_popcount,4,12,1,0,0,0,0x00,0x55,0x0000000,0,0.0514,0.0514,0.0000,0,0,,,,,,162,
lab,0x00C1B10D20260706,L1_single_up,"C03 XOR 0x55",xor_popcount,4,12,1,0,0,0,0x40,0x15,0x0000000,0,0.0657,0.0446,0.0000,0,0,,,,,,1016,
lab,0x00C1B10D20260706,L2_pair_up,"C03 XOR 0x55",xor_popcount,4,12,1,0,0,0,0x50,0x05,0x0000000,0,0.1429,0.1166,0.0000,0,0,,,,,,1792,
lab,0x00C1B10D20260706,L3_gibbs,"C03 XOR 0x55",xor_popcount,4,12,1,1,0,0,0x55,0x00,0x0000000,0,1.0000,0.0000,1.0000,0,0,,,,,,29,
lab,0x00C1B10D20260706,LW_mod2_wht,"C03 XOR 0x55",xor_popcount,4,12,1,1,0,0,0x55,0x00,0x0000000,0,1.0000,1.0000,1.0000,0,0,,,,,,511,
lab,0x00C1B10D20260706,LG_gf2,"C03 XOR 0x55",xor_popcount,4,12,1,1,0,0,0x55,0x00,0x0000000,0,1.0000,1.0000,1.0000,1,45,,,,,,1,
lab,0x00C1B10D20260706,L0_tb_argmax,"C03 XOR 0x55",xor_popcount,4,13,0,0,0,0,0x00,0x23,0x0000000,0,0.0537,0.0326,0.0000,0,0,,,,,,162,
lab,0x00C1B10D20260706,L1_single_up,"C03 XOR 0x55",xor_popcount,4,13,0,0,0,0,0x80,0x3A,0x0000000,0,0.0543,0.0307,0.0000,0,0,,,,,,1016,
lab,0x00C1B10D20260706,L2_pair_up,"C03 XOR 0x55",xor_popcount,4,13,1,0,0,0,0x50,0x05,0x0000000,0,0.1349,0.1117,0.0000,0,0,,,,,,1792,
lab,0x00C1B10D20260706,L3_gibbs,"C03 XOR 0x55",xor_popcount,4,13,1,1,0,0,0x55,0x00,0x0000000,0,1.0000,0.0000,1.0000,0,0,,,,,,29,
lab,0x00C1B10D20260706,LW_mod2_wht,"C03 XOR 0x55",xor_popcount,4,13,1,1,0,0,0x55,0x00,0x0000000,0,1.0000,1.0000,1.0000,0,0,,,,,,511,
lab,0x00C1B10D20260706,LG_gf2,"C03 XOR 0x55",xor_popcount,4,13,1,1,0,0,0x55,0x00,0x0000000,0,1.0000,1.0000,1.0000,1,45,,,,,,1,
lab,0x00C1B10D20260706,L0_tb_argmax,"C03 XOR 0x55",xor_popcount,4,14,0,0,0,0,0x00,0xE2,0x0000000,0,0.0514,0.0406,0.0000,0,0,,,,,,162,
lab,0x00C1B10D20260706,L1_single_up,"C03 XOR 0x55",xor_popcount,4,14,1,0,0,0,0x04,0x51,0x0000000,0,0.0554,0.0450,0.0000,0,0,,,,,,1016,
lab,0x00C1B10D20260706,L2_pair_up,"C03 XOR 0x55",xor_popcount,4,14,1,0,0,0,0x44,0x11,0x0000000,0,0.1377,0.1184,0.0000,0,0,,,,,,1792,
lab,0x00C1B10D20260706,L3_gibbs,"C03 XOR 0x55",xor_popcount,4,14,1,1,0,0,0x55,0x00,0x0000000,0,1.0000,0.0000,1.0000,0,0,,,,,,29,
lab,0x00C1B10D20260706,LW_mod2_wht,"C03 XOR 0x55",xor_popcount,4,14,1,1,0,0,0x55,0x00,0x0000000,0,1.0000,1.0000,1.0000,0,0,,,,,,511,
lab,0x00C1B10D20260706,LG_gf2,"C03 XOR 0x55",xor_popcount,4,14,1,1,0,0,0x55,0x00,0x0000000,0,1.0000,1.0000,1.0000,1,45,,,,,,1,
lab,0x00C1B10D20260706,L0_tb_argmax,"C03 XOR 0x55",xor_popcount,4,15,0,0,0,0,0x00,0xE2,0x0000000,0,0.0520,0.0331,0.0000,0,0,,,,,,162,
lab,0x00C1B10D20260706,L1_single_up,"C03 XOR 0x55",xor_popcount,4,15,0,0,0,0,0x10,0xE1,0x0000000,0,0.0503,0.0354,0.0000,0,0,,,,,,1016,
lab,0x00C1B10D20260706,L2_pair_up,"C03 XOR 0x55",xor_popcount,4,15,1,0,0,0,0x44,0x11,0x0000000,0,0.1211,0.1051,0.0000,0,0,,,,,,1792,
lab,0x00C1B10D20260706,L3_gibbs,"C03 XOR 0x55",xor_popcount,4,15,1,1,0,0,0x55,0x00,0x0000000,0,1.0000,0.0000,1.0000,0,0,,,,,,29,
lab,0x00C1B10D20260706,LW_mod2_wht,"C03 XOR 0x55",xor_popcount,4,15,1,1,0,0,0x55,0x00,0x0000000,0,1.0000,1.0000,1.0000,0,0,,,,,,511,
lab,0x00C1B10D20260706,LG_gf2,"C03 XOR 0x55",xor_popcount,4,15,1,1,0,0,0x55,0x00,0x0000000,0,1.0000,1.0000,1.0000,1,45,,,,,,1,
lab,0x00C1B10D20260706,L0_tb_argmax,"C03 XOR 0x55",xor_popcount,4,16,0,0,0,0,0x00,0x23,0x0000000,0,0.0554,0.0371,0.0000,0,0,,,,,,162,
lab,0x00C1B10D20260706,L1_single_up,"C03 XOR 0x55",xor_popcount,4,16,1,0,0,0,0x40,0x15,0x0000000,0,0.0577,0.0430,0.0000,0,0,,,,,,1016,
lab,0x00C1B10D20260706,L2_pair_up,"C03 XOR 0x55",xor_popcount,4,16,1,0,0,0,0x50,0x05,0x0000000,0,0.1343,0.1125,0.0000,0,0,,,,,,1792,
lab,0x00C1B10D20260706,L3_gibbs,"C03 XOR 0x55",xor_popcount,4,16,1,1,0,0,0x55,0x00,0x0000000,0,1.0000,0.0000,1.0000,0,0,,,,,,29,
lab,0x00C1B10D20260706,LW_mod2_wht,"C03 XOR 0x55",xor_popcount,4,16,1,1,0,0,0x55,0x00,0x0000000,0,1.0000,1.0000,1.0000,0,0,,,,,,511,
lab,0x00C1B10D20260706,LG_gf2,"C03 XOR 0x55",xor_popcount,4,16,1,1,0,0,0x55,0x00,0x0000000,0,1.0000,1.0000,1.0000,1,45,,,,,,1,
lab,0x00C1B10D20260706,L0_tb_argmax,"C03 XOR 0x55",xor_popcount,4,17,0,0,0,0,0x00,0x02,0x0000000,0,0.0429,0.0429,0.0000,0,0,,,,,,162,
lab,0x00C1B10D20260706,L1_single_up,"C03 XOR 0x55",xor_popcount,4,17,1,0,0,0,0x40,0x15,0x0000000,0,0.0686,0.0390,0.0000,0,0,,,,,,1016,
lab,0x00C1B10D20260706,L2_pair_up,"C03 XOR 0x55",xor_popcount,4,17,1,0,0,0,0x50,0x05,0x0000000,0,0.1183,0.1058,0.0000,0,0,,,,,,1792,
lab,0x00C1B10D20260706,L3_gibbs,"C03 XOR 0x55",xor_popcount,4,17,1,1,0,0,0x55,0x00,0x0000000,0,1.0000,0.0000,1.0000,0,0,,,,,,29,
lab,0x00C1B10D20260706,LW_mod2_wht,"C03 XOR 0x55",xor_popcount,4,17,1,1,0,0,0x55,0x00,0x0000000,0,1.0000,1.0000,1.0000,0,0,,,,,,511,
lab,0x00C1B10D20260706,LG_gf2,"C03 XOR 0x55",xor_popcount,4,17,1,1,0,0,0x55,0x00,0x0000000,0,1.0000,1.0000,1.0000,1,45,,,,,,1,
lab,0x00C1B10D20260706,L0_tb_argmax,"C03 XOR 0x55",xor_popcount,4,18,0,0,0,0,0x00,0xF0,0x0000000,0,0.0486,0.0480,0.0000,0,0,,,,,,162,
lab,0x00C1B10D20260706,L1_single_up,"C03 XOR 0x55",xor_popcount,4,18,1,0,0,0,0x40,0x15,0x0000000,0,0.0566,0.0417,0.0000,0,0,,,,,,1016,
lab,0x00C1B10D20260706,L2_pair_up,"C03 XOR 0x55",xor_popcount,4,18,1,0,0,0,0x44,0x11,0x0000000,0,0.1263,0.1137,0.0000,0,0,,,,,,1792,
lab,0x00C1B10D20260706,L3_gibbs,"C03 XOR 0x55",xor_popcount,4,18,1,1,0,0,0x55,0x00,0x0000000,0,1.0000,0.0000,1.0000,0,0,,,,,,29,
lab,0x00C1B10D20260706,LW_mod2_wht,"C03 XOR 0x55",xor_popcount,4,18,1,1,0,0,0x55,0x00,0x0000000,0,1.0000,1.0000,1.0000,0,0,,,,,,511,
lab,0x00C1B10D20260706,LG_gf2,"C03 XOR 0x55",xor_popcount,4,18,1,1,0,0,0x55,0x00,0x0000000,0,1.0000,1.0000,1.0000,1,45,,,,,,1,
lab,0x00C1B10D20260706,L0_tb_argmax,"C03 XOR 0x55",xor_popcount,4,19,0,0,0,0,0x00,0x23,0x0000000,0,0.0440,0.0309,0.0000,0,0,,,,,,162,
lab,0x00C1B10D20260706,L1_single_up,"C03 XOR 0x55",xor_popcount,4,19,0,0,0,0,0x80,0x3A,0x0000000,0,0.0509,0.0406,0.0000,0,0,,,,,,1016,
lab,0x00C1B10D20260706,L2_pair_up,"C03 XOR 0x55",xor_popcount,4,19,1,0,0,0,0x14,0x41,0x0000000,0,0.1257,0.1147,0.0000,0,0,,,,,,1792,
lab,0x00C1B10D20260706,L3_gibbs,"C03 XOR 0x55",xor_popcount,4,19,1,1,0,0,0x55,0x00,0x0000000,0,1.0000,0.0000,1.0000,0,0,,,,,,29,
lab,0x00C1B10D20260706,LW_mod2_wht,"C03 XOR 0x55",xor_popcount,4,19,1,1,0,0,0x55,0x00,0x0000000,0,1.0000,1.0000,1.0000,0,0,,,,,,511,
lab,0x00C1B10D20260706,LG_gf2,"C03 XOR 0x55",xor_popcount,4,19,1,1,0,0,0x55,0x00,0x0000000,0,1.0000,1.0000,1.0000,1,45,,,,,,1,
lab,0x00C1B10D20260706,L0_tb_argmax,"C04 XOR 0xAA",xor_popcount,4,0,0,0,0,0,0x00,0xD0,0x0000000,0,0.0451,0.0051,0.0000,0,0,,,,,,162,
lab,0x00C1B10D20260706,L1_single_up,"C04 XOR 0xAA",xor_popcount,4,0,0,0,0,0,0x80,0x6C,0x0000000,0,0.0554,0.0467,0.0000,0,0,,,,,,1016,
lab,0x00C1B10D20260706,L2_pair_up,"C04 XOR 0xAA",xor_popcount,4,0,1,0,0,0,0x28,0x82,0x0000000,0,0.1337,0.1182,0.0000,0,0,,,,,,1792,
lab,0x00C1B10D20260706,L3_gibbs,"C04 XOR 0xAA",xor_popcount,4,0,1,1,0,0,0xAA,0x00,0x0000000,0,1.0000,0.0000,1.0000,0,0,,,,,,29,
lab,0x00C1B10D20260706,LW_mod2_wht,"C04 XOR 0xAA",xor_popcount,4,0,1,1,0,0,0xAA,0x00,0x0000000,0,1.0000,1.0000,1.0000,0,0,,,,,,511,
lab,0x00C1B10D20260706,LG_gf2,"C04 XOR 0xAA",xor_popcount,4,0,1,1,0,0,0xAA,0x00,0x0000000,0,1.0000,1.0000,1.0000,1,45,,,,,,1,
lab,0x00C1B10D20260706,L0_tb_argmax,"C04 XOR 0xAA",xor_popcount,4,1,0,0,0,0,0x00,0xA5,0x0000000,0,0.0463,0.0246,0.0000,0,0,,,,,,162,
lab,0x00C1B10D20260706,L1_single_up,"C04 XOR 0xAA",xor_popcount,4,1,0,0,0,0,0x02,0x85,0x0000000,0,0.0589,0.0367,0.0000,0,0,,,,,,1016,
lab,0x00C1B10D20260706,L2_pair_up,"C04 XOR 0xAA",xor_popcount,4,1,1,0,0,0,0x28,0x82,0x0000000,0,0.1200,0.1031,0.0000,0,0,,,,,,1792,
lab,0x00C1B10D20260706,L3_gibbs,"C04 XOR 0xAA",xor_popcount,4,1,1,1,0,0,0xAA,0x00,0x0000000,0,1.0000,0.0000,1.0000,0,0,,,,,,29,
lab,0x00C1B10D20260706,LW_mod2_wht,"C04 XOR 0xAA",xor_popcount,4,1,1,1,0,0,0xAA,0x00,0x0000000,0,1.0000,1.0000,1.0000,0,0,,,,,,511,
lab,0x00C1B10D20260706,LG_gf2,"C04 XOR 0xAA",xor_popcount,4,1,1,1,0,0,0xAA,0x00,0x0000000,0,1.0000,1.0000,1.0000,1,45,,,,,,1,
lab,0x00C1B10D20260706,L0_tb_argmax,"C04 XOR 0xAA",xor_popcount,4,2,0,0,0,0,0x00,0x2E,0x0000000,0,0.0423,0.0154,0.0000,0,0,,,,,,162,
lab,0x00C1B10D20260706,L1_single_up,"C04 XOR 0xAA",xor_popcount,4,2,0,0,0,0,0x80,0x6C,0x0000000,0,0.0714,0.0353,0.0000,0,0,,,,,,1016,
lab,0x00C1B10D20260706,L2_pair_up,"C04 XOR 0xAA",xor_popcount,4,2,1,0,0,0,0x22,0x88,0x0000000,0,0.1246,0.1050,0.0000,0,0,,,,,,1792,
lab,0x00C1B10D20260706,L3_gibbs,"C04 XOR 0xAA",xor_popcount,4,2,1,1,0,0,0xAA,0x00,0x0000000,0,1.0000,0.0000,1.0000,0,0,,,,,,29,
lab,0x00C1B10D20260706,LW_mod2_wht,"C04 XOR 0xAA",xor_popcount,4,2,1,1,0,0,0xAA,0x00,0x0000000,0,1.0000,1.0000,1.0000,0,0,,,,,,511,
lab,0x00C1B10D20260706,LG_gf2,"C04 XOR 0xAA",xor_popcount,4,2,1,1,0,0,0xAA,0x00,0x0000000,0,1.0000,1.0000,1.0000,1,45,,,,,,1,
lab,0x00C1B10D20260706,L0_tb_argmax,"C04 XOR 0xAA",xor_popcount,4,3,0,0,0,0,0x00,0xD0,0x0000000,0,0.0406,0.0166,0.0000,0,0,,,,,,162,
lab,0x00C1B10D20260706,L1_single_up,"C04 XOR 0xAA",xor_popcount,4,3,0,0,0,0,0x08,0x40,0x0000000,0,0.0691,0.0456,0.0000,0,0,,,,,,1016,
lab,0x00C1B10D20260706,L2_pair_up,"C04 XOR 0xAA",xor_popcount,4,3,1,0,0,0,0x0A,0xA0,0x0000000,0,0.1097,0.1056,0.0000,0,0,,,,,,1792,
lab,0x00C1B10D20260706,L3_gibbs,"C04 XOR 0xAA",xor_popcount,4,3,1,1,0,0,0xAA,0x00,0x0000000,0,1.0000,0.0000,1.0000,0,0,,,,,,29,
lab,0x00C1B10D20260706,LW_mod2_wht,"C04 XOR 0xAA",xor_popcount,4,3,1,1,0,0,0xAA,0x00,0x0000000,0,1.0000,1.0000,1.0000,0,0,,,,,,511,
lab,0x00C1B10D20260706,LG_gf2,"C04 XOR 0xAA",xor_popcount,4,3,1,1,0,0,0xAA,0x00,0x0000000,0,1.0000,1.0000,1.0000,1,45,,,,,,1,
lab,0x00C1B10D20260706,L0_tb_argmax,"C04 XOR 0xAA",xor_popcount,4,4,0,0,0,0,0x00,0xE0,0x0000000,0,0.0474,0.0171,0.0000,0,0,,,,,,162,
lab,0x00C1B10D20260706,L1_single_up,"C04 XOR 0xAA",xor_popcount,4,4,0,0,0,0,0x20,0x1E,0x0000000,0,0.0583,0.0366,0.0000,0,0,,,,,,1016,
lab,0x00C1B10D20260706,L2_pair_up,"C04 XOR 0xAA",xor_popcount,4,4,1,0,0,0,0x28,0x82,0x0000000,0,0.1280,0.1101,0.0000,0,0,,,,,,1792,
lab,0x00C1B10D20260706,L3_gibbs,"C04 XOR 0xAA",xor_popcount,4,4,1,1,0,0,0xAA,0x00,0x0000000,0,1.0000,0.0000,1.0000,0,0,,,,,,29,
lab,0x00C1B10D20260706,LW_mod2_wht,"C04 XOR 0xAA",xor_popcount,4,4,1,1,0,0,0xAA,0x00,0x0000000,0,1.0000,1.0000,1.0000,0,0,,,,,,511,
lab,0x00C1B10D20260706,LG_gf2,"C04 XOR 0xAA",xor_popcount,4,4,1,1,0,0,0xAA,0x00,0x0000000,0,1.0000,1.0000,1.0000,1,45,,,,,,1,
lab,0x00C1B10D20260706,L0_tb_argmax,"C04 XOR 0xAA",xor_popcount,4,5,0,0,0,0,0x00,0xD0,0x0000000,0,0.0434,0.0251,0.0000,0,0,,,,,,162,
lab,0x00C1B10D20260706,L1_single_up,"C04 XOR 0xAA",xor_popcount,4,5,0,0,0,0,0x02,0x4D,0x0000000,0,0.0640,0.0449,0.0000,0,0,,,,,,1016,
lab,0x00C1B10D20260706,L2_pair_up,"C04 XOR 0xAA",xor_popcount,4,5,1,0,0,0,0x22,0x88,0x0000000,0,0.1366,0.1152,0.0000,0,0,,,,,,1792,
lab,0x00C1B10D20260706,L3_gibbs,"C04 XOR 0xAA",xor_popcount,4,5,1,1,0,0,0xAA,0x00,0x0000000,0,1.0000,0.0000,1.0000,0,0,,,,,,29,
lab,0x00C1B10D20260706,LW_mod2_wht,"C04 XOR 0xAA",xor_popcount,4,5,1,1,0,0,0xAA,0x00,0x0000000,0,1.0000,1.0000,1.0000,0,0,,,,,,511,
lab,0x00C1B10D20260706,LG_gf2,"C04 XOR 0xAA",xor_popcount,4,5,1,1,0,0,0xAA,0x00,0x0000000,0,1.0000,1.0000,1.0000,1,45,,,,,,1,
lab,0x00C1B10D20260706,L0_tb_argmax,"C04 XOR 0xAA",xor_popcount,4,6,0,0,0,0,0x00,0xB2,0x0000000,0,0.0611,0.0206,0.0000,0,0,,,,,,162,
lab,0x00C1B10D20260706,L1_single_up,"C04 XOR 0xAA",xor_popcount,4,6,1,0,0,0,0x20,0x8A,0x0000000,0,0.0566,0.0511,0.0000,0,0,,,,,,1016,
lab,0x00C1B10D20260706,L2_pair_up,"C04 XOR 0xAA",xor_popcount,4,6,1,0,0,0,0x28,0x82,0x0000000,0,0.1240,0.1179,0.0000,0,0,,,,,,1792,
lab,0x00C1B10D20260706,L3_gibbs,"C04 XOR 0xAA",xor_popcount,4,6,1,1,0,0,0xAA,0x00,0x0000000,0,1.0000,0.0000,1.0000,0,0,,,,,,29,
lab,0x00C1B10D20260706,LW_mod2_wht,"C04 XOR 0xAA",xor_popcount,4,6,1,1,0,0,0xAA,0x00,0x0000000,0,1.0000,1.0000,1.0000,0,0,,,,,,511,
lab,0x00C1B10D20260706,LG_gf2,"C04 XOR 0xAA",xor_popcount,4,6,1,1,0,0,0xAA,0x00,0x0000000,0,1.0000,1.0000,1.0000,1,45,,,,,,1,
lab,0x00C1B10D20260706,L0_tb_argmax,"C04 XOR 0xAA",xor_popcount,4,7,0,0,0,0,0x00,0xB8,0x0000000,0,0.0451,0.0160,0.0000,0,0,,,,,,162,
lab,0x00C1B10D20260706,L1_single_up,"C04 XOR 0xAA",xor_popcount,4,7,0,0,0,0,0x40,0x8F,0x0000000,0,0.0720,0.0389,0.0000,0,0,,,,,,1016,
lab,0x00C1B10D20260706,L2_pair_up,"C04 XOR 0xAA",xor_popcount,4,7,1,0,0,0,0x22,0x88,0x0000000,0,0.1171,0.1076,0.0000,0,0,,,,,,1792,
lab,0x00C1B10D20260706,L3_gibbs,"C04 XOR 0xAA",xor_popcount,4,7,1,1,0,0,0xAA,0x00,0x0000000,0,1.0000,0.0000,1.0000,0,0,,,,,,29,
lab,0x00C1B10D20260706,LW_mod2_wht,"C04 XOR 0xAA",xor_popcount,4,7,1,1,0,0,0xAA,0x00,0x0000000,0,1.0000,1.0000,1.0000,0,0,,,,,,511,
lab,0x00C1B10D20260706,LG_gf2,"C04 XOR 0xAA",xor_popcount,4,7,1,1,0,0,0xAA,0x00,0x0000000,0,1.0000,1.0000,1.0000,1,45,,,,,,1,
lab,0x00C1B10D20260706,L0_tb_argmax,"C04 XOR 0xAA",xor_popcount,4,8,0,0,0,0,0x00,0x54,0x0000000,0,0.0440,0.0069,0.0000,0,0,,,,,,162,
lab,0x00C1B10D20260706,L1_single_up,"C04 XOR 0xAA",xor_popcount,4,8,0,0,0,0,0x02,0x4D,0x0000000,0,0.0634,0.0363,0.0000,0,0,,,,,,1016,
lab,0x00C1B10D20260706,L2_pair_up,"C04 XOR 0xAA",xor_popcount,4,8,1,0,0,0,0x22,0x88,0x0000000,0,0.1160,0.1042,0.0000,0,0,,,,,,1792,
lab,0x00C1B10D20260706,L3_gibbs,"C04 XOR 0xAA",xor_popcount,4,8,1,1,0,0,0xAA,0x00,0x0000000,0,1.0000,0.0000,1.0000,0,0,,,,,,29,
lab,0x00C1B10D20260706,LW_mod2_wht,"C04 XOR 0xAA",xor_popcount,4,8,1,1,0,0,0xAA,0x00,0x0000000,0,1.0000,1.0000,1.0000,0,0,,,,,,511,
lab,0x00C1B10D20260706,LG_gf2,"C04 XOR 0xAA",xor_popcount,4,8,1,1,0,0,0xAA,0x00,0x0000000,0,1.0000,1.0000,1.0000,1,45,,,,,,1,
lab,0x00C1B10D20260706,L0_tb_argmax,"C04 XOR 0xAA",xor_popcount,4,9,0,0,0,0,0x00,0x8D,0x0000000,0,0.0486,0.0183,0.0000,0,0,,,,,,162,
lab,0x00C1B10D20260706,L1_single_up,"C04 XOR 0xAA",xor_popcount,4,9,0,0,0,0,0x20,0x51,0x0000000,0,0.0600,0.0400,0.0000,0,0,,,,,,1016,
lab,0x00C1B10D20260706,L2_pair_up,"C04 XOR 0xAA",xor_popcount,4,9,1,0,0,0,0x28,0x82,0x0000000,0,0.1257,0.1061,0.0000,0,0,,,,,,1792,
lab,0x00C1B10D20260706,L3_gibbs,"C04 XOR 0xAA",xor_popcount,4,9,1,1,0,0,0xAA,0x00,0x0000000,0,1.0000,0.0000,1.0000,0,0,,,,,,29,
lab,0x00C1B10D20260706,LW_mod2_wht,"C04 XOR 0xAA",xor_popcount,4,9,1,1,0,0,0xAA,0x00,0x0000000,0,1.0000,1.0000,1.0000,0,0,,,,,,511,
lab,0x00C1B10D20260706,LG_gf2,"C04 XOR 0xAA",xor_popcount,4,9,1,1,0,0,0xAA,0x00,0x0000000,0,1.0000,1.0000,1.0000,1,45,,,,,,1,
lab,0x00C1B10D20260706,L0_tb_argmax,"C04 XOR 0xAA",xor_popcount,4,10,0,0,0,0,0x00,0x58,0x0000000,0,0.0377,0.0143,0.0000,0,0,,,,,,162,
lab,0x00C1B10D20260706,L1_single_up,"C04 XOR 0xAA",xor_popcount,4,10,1,0,0,0,0x20,0x8A,0x0000000,0,0.0617,0.0481,0.0000,0,0,,,,,,1016,
lab,0x00C1B10D20260706,L2_pair_up,"C04 XOR 0xAA",xor_popcount,4,10,1,0,0,0,0x88,0x22,0x0000000,0,0.1337,0.1193,0.0000,0,0,,,,,,1792,
lab,0x00C1B10D20260706,L3_gibbs,"C04 XOR 0xAA",xor_popcount,4,10,1,1,0,0,0xAA,0x00,0x0000000,0,1.0000,0.0000,1.0000,0,0,,,,,,29,
lab,0x00C1B10D20260706,LW_mod2_wht,"C04 XOR 0xAA",xor_popcount,4,10,1,1,0,0,0xAA,0x00,0x0000000,0,1.0000,1.0000,1.0000,0,0,,,,,,511,
lab,0x00C1B10D20260706,LG_gf2,"C04 XOR 0xAA",xor_popcount,4,10,1,1,0,0,0xAA,0x00,0x0000000,0,1.0000,1.0000,1.0000,1,45,,,,,,1,
lab,0x00C1B10D20260706,L0_tb_argmax,"C04 XOR 0xAA",xor_popcount,4,11,0,0,0,0,0x00,0xE0,0x0000000,0,0.0383,0.0034,0.0000,0,0,,,,,,162,
lab,0x00C1B10D20260706,L1_single_up,"C04 XOR 0xAA",xor_popcount,4,11,1,0,0,0,0x20,0x8A,0x0000000,0,0.0760,0.0531,0.0000,0,0,,,,,,1016,
lab,0x00C1B10D20260706,L2_pair_up,"C04 XOR 0xAA",xor_popcount,4,11,1,0,0,0,0x28,0x82,0x0000000,0,0.1406,0.1170,0.0000,0,0,,,,,,1792,
lab,0x00C1B10D20260706,L3_gibbs,"C04 XOR 0xAA",xor_popcount,4,11,1,1,0,0,0xAA,0x00,0x0000000,0,1.0000,0.0000,1.0000,0,0,,,,,,29,
lab,0x00C1B10D20260706,LW_mod2_wht,"C04 XOR 0xAA",xor_popcount,4,11,1,1,0,0,0xAA,0x00,0x0000000,0,1.0000,1.0000,1.0000,0,0,,,,,,511,
lab,0x00C1B10D20260706,LG_gf2,"C04 XOR 0xAA",xor_popcount,4,11,1,1,0,0,0xAA,0x00,0x0000000,0,1.0000,1.0000,1.0000,1,45,,,,,,1,
lab,0x00C1B10D20260706,L0_tb_argmax,"C04 XOR 0xAA",xor_popcount,4,12,0,0,0,0,0x00,0xC8,0x0000000,0,0.0343,0.0240,0.0000,0,0,,,,,,162,
lab,0x00C1B10D20260706,L1_single_up,"C04 XOR 0xAA",xor_popcount,4,12,0,0,0,0,0x20,0xDC,0x0000000,0,0.0606,0.0429,0.0000,0,0,,,,,,1016,
lab,0x00C1B10D20260706,L2_pair_up,"C04 XOR 0xAA",xor_popcount,4,12,1,0,0,0,0x28,0x82,0x0000000,0,0.1354,0.1097,0.0000,0,0,,,,,,1792,
lab,0x00C1B10D20260706,L3_gibbs,"C04 XOR 0xAA",xor_popcount,4,12,1,1,0,0,0xAA,0x00,0x0000000,0,1.0000,0.0000,1.0000,0,0,,,,,,29,
lab,0x00C1B10D20260706,LW_mod2_wht,"C04 XOR 0xAA",xor_popcount,4,12,1,1,0,0,0xAA,0x00,0x0000000,0,1.0000,1.0000,1.0000,0,0,,,,,,511,
lab,0x00C1B10D20260706,LG_gf2,"C04 XOR 0xAA",xor_popcount,4,12,1,1,0,0,0xAA,0x00,0x0000000,0,1.0000,1.0000,1.0000,1,45,,,,,,1,
lab,0x00C1B10D20260706,L0_tb_argmax,"C04 XOR 0xAA",xor_popcount,4,13,0,0,0,0,0x00,0xD0,0x0000000,0,0.0497,-0.0029,0.0000,0,0,,,,,,162,
lab,0x00C1B10D20260706,L1_single_up,"C04 XOR 0xAA",xor_popcount,4,13,0,0,0,0,0x10,0x28,0x0000000,0,0.0611,0.0441,0.0000,0,0,,,,,,1016,
lab,0x00C1B10D20260706,L2_pair_up,"C04 XOR 0xAA",xor_popcount,4,13,1,0,0,0,0x22,0x88,0x0000000,0,0.1251,0.1108,0.0000,0,0,,,,,,1792,
lab,0x00C1B10D20260706,L3_gibbs,"C04 XOR 0xAA",xor_popcount,4,13,1,1,0,0,0xAA,0x00,0x0000000,0,1.0000,0.0000,1.0000,0,0,,,,,,29,
lab,0x00C1B10D20260706,LW_mod2_wht,"C04 XOR 0xAA",xor_popcount,4,13,1,1,0,0,0xAA,0x00,0x0000000,0,1.0000,1.0000,1.0000,0,0,,,,,,511,
lab,0x00C1B10D20260706,LG_gf2,"C04 XOR 0xAA",xor_popcount,4,13,1,1,0,0,0xAA,0x00,0x0000000,0,1.0000,1.0000,1.0000,1,45,,,,,,1,
lab,0x00C1B10D20260706,L0_tb_argmax,"C04 XOR 0xAA",xor_popcount,4,14,0,0,0,0,0x00,0x58,0x0000000,0,0.0331,0.0114,0.0000,0,0,,,,,,162,
lab,0x00C1B10D20260706,L1_single_up,"C04 XOR 0xAA",xor_popcount,4,14,0,0,0,0,0x08,0xB3,0x0000000,0,0.0651,0.0400,0.0000,0,0,,,,,,1016,
lab,0x00C1B10D20260706,L2_pair_up,"C04 XOR 0xAA",xor_popcount,4,14,1,0,0,0,0x88,0x22,0x0000000,0,0.1286,0.1084,0.0000,0,0,,,,,,1792,
lab,0x00C1B10D20260706,L3_gibbs,"C04 XOR 0xAA",xor_popcount,4,14,1,1,0,0,0xAA,0x00,0x0000000,0,1.0000,0.0000,1.0000,0,0,,,,,,29,
lab,0x00C1B10D20260706,LW_mod2_wht,"C04 XOR 0xAA",xor_popcount,4,14,1,1,0,0,0xAA,0x00,0x0000000,0,1.0000,1.0000,1.0000,0,0,,,,,,511,
lab,0x00C1B10D20260706,LG_gf2,"C04 XOR 0xAA",xor_popcount,4,14,1,1,0,0,0xAA,0x00,0x0000000,0,1.0000,1.0000,1.0000,1,45,,,,,,1,
lab,0x00C1B10D20260706,L0_tb_argmax,"C04 XOR 0xAA",xor_popcount,4,15,0,0,0,0,0x00,0x4A,0x0000000,0,0.0411,0.0206,0.0000,0,0,,,,,,162,
lab,0x00C1B10D20260706,L1_single_up,"C04 XOR 0xAA",xor_popcount,4,15,1,0,0,0,0x02,0xA8,0x0000000,0,0.0611,0.0446,0.0000,0,0,,,,,,1016,
lab,0x00C1B10D20260706,L2_pair_up,"C04 XOR 0xAA",xor_popcount,4,15,1,0,0,0,0x28,0x82,0x0000000,0,0.1211,0.1126,0.0000,0,0,,,,,,1792,
lab,0x00C1B10D20260706,L3_gibbs,"C04 XOR 0xAA",xor_popcount,4,15,1,1,0,0,0xAA,0x00,0x0000000,0,1.0000,0.0000,1.0000,0,0,,,,,,29,
lab,0x00C1B10D20260706,LW_mod2_wht,"C04 XOR 0xAA",xor_popcount,4,15,1,1,0,0,0xAA,0x00,0x0000000,0,1.0000,1.0000,1.0000,0,0,,,,,,511,
lab,0x00C1B10D20260706,LG_gf2,"C04 XOR 0xAA",xor_popcount,4,15,1,1,0,0,0xAA,0x00,0x0000000,0,1.0000,1.0000,1.0000,1,45,,,,,,1,
lab,0x00C1B10D20260706,L0_tb_argmax,"C04 XOR 0xAA",xor_popcount,4,16,0,0,0,0,0x00,0x2E,0x0000000,0,0.0451,0.0143,0.0000,0,0,,,,,,162,
lab,0x00C1B10D20260706,L1_single_up,"C04 XOR 0xAA",xor_popcount,4,16,0,0,0,0,0x01,0x8E,0x0000000,0,0.0577,0.0430,0.0000,0,0,,,,,,1016,
lab,0x00C1B10D20260706,L2_pair_up,"C04 XOR 0xAA",xor_popcount,4,16,1,0,0,0,0x22,0x88,0x0000000,0,0.1229,0.1110,0.0000,0,0,,,,,,1792,
lab,0x00C1B10D20260706,L3_gibbs,"C04 XOR 0xAA",xor_popcount,4,16,1,1,0,0,0xAA,0x00,0x0000000,0,1.0000,0.0000,1.0000,0,0,,,,,,29,
lab,0x00C1B10D20260706,LW_mod2_wht,"C04 XOR 0xAA",xor_popcount,4,16,1,1,0,0,0xAA,0x00,0x0000000,0,1.0000,1.0000,1.0000,0,0,,,,,,511,
lab,0x00C1B10D20260706,LG_gf2,"C04 XOR 0xAA",xor_popcount,4,16,1,1,0,0,0xAA,0x00,0x0000000,0,1.0000,1.0000,1.0000,1,45,,,,,,1,
lab,0x00C1B10D20260706,L0_tb_argmax,"C04 XOR 0xAA",xor_popcount,4,17,0,0,0,0,0x00,0x95,0x0000000,0,0.0406,0.0200,0.0000,0,0,,,,,,162,
lab,0x00C1B10D20260706,L1_single_up,"C04 XOR 0xAA",xor_popcount,4,17,1,0,0,0,0x02,0xA8,0x0000000,0,0.0611,0.0421,0.0000,0,0,,,,,,1016,
lab,0x00C1B10D20260706,L2_pair_up,"C04 XOR 0xAA",xor_popcount,4,17,1,0,0,0,0x28,0x82,0x0000000,0,0.1189,0.1024,0.0000,0,0,,,,,,1792,
lab,0x00C1B10D20260706,L3_gibbs,"C04 XOR 0xAA",xor_popcount,4,17,1,1,0,0,0xAA,0x00,0x0000000,0,1.0000,0.0000,1.0000,0,0,,,,,,29,
lab,0x00C1B10D20260706,LW_mod2_wht,"C04 XOR 0xAA",xor_popcount,4,17,1,1,0,0,0xAA,0x00,0x0000000,0,1.0000,1.0000,1.0000,0,0,,,,,,511,
lab,0x00C1B10D20260706,LG_gf2,"C04 XOR 0xAA",xor_popcount,4,17,1,1,0,0,0xAA,0x00,0x0000000,0,1.0000,1.0000,1.0000,1,45,,,,,,1,
lab,0x00C1B10D20260706,L0_tb_argmax,"C04 XOR 0xAA",xor_popcount,4,18,0,0,0,0,0x00,0xD0,0x0000000,0,0.0486,0.0097,0.0000,0,0,,,,,,162,
lab,0x00C1B10D20260706,L1_single_up,"C04 XOR 0xAA",xor_popcount,4,18,0,0,0,0,0x04,0x81,0x0000000,0,0.0520,0.0336,0.0000,0,0,,,,,,1016,
lab,0x00C1B10D20260706,L2_pair_up,"C04 XOR 0xAA",xor_popcount,4,18,1,0,0,0,0x28,0x82,0x0000000,0,0.1297,0.1037,0.0000,0,0,,,,,,1792,
lab,0x00C1B10D20260706,L3_gibbs,"C04 XOR 0xAA",xor_popcount,4,18,1,1,0,0,0xAA,0x00,0x0000000,0,1.0000,0.0000,1.0000,0,0,,,,,,29,
lab,0x00C1B10D20260706,LW_mod2_wht,"C04 XOR 0xAA",xor_popcount,4,18,1,1,0,0,0xAA,0x00,0x0000000,0,1.0000,1.0000,1.0000,0,0,,,,,,511,
lab,0x00C1B10D20260706,LG_gf2,"C04 XOR 0xAA",xor_popcount,4,18,1,1,0,0,0xAA,0x00,0x0000000,0,1.0000,1.0000,1.0000,1,45,,,,,,1,
lab,0x00C1B10D20260706,L0_tb_argmax,"C04 XOR 0xAA",xor_popcount,4,19,0,0,0,0,0x00,0xE0,0x0000000,0,0.0480,0.0154,0.0000,0,0,,,,,,162,
lab,0x00C1B10D20260706,L1_single_up,"C04 XOR 0xAA",xor_popcount,4,19,0,0,0,0,0x80,0x10,0x0000000,0,0.0583,0.0373,0.0000,0,0,,,,,,1016,
lab,0x00C1B10D20260706,L2_pair_up,"C04 XOR 0xAA",xor_popcount,4,19,1,0,0,0,0x22,0x88,0x0000000,0,0.1314,0.1104,0.0000,0,0,,,,,,1792,
lab,0x00C1B10D20260706,L3_gibbs,"C04 XOR 0xAA",xor_popcount,4,19,1,1,0,0,0xAA,0x00,0x0000000,0,1.0000,0.0000,1.0000,0,0,,,,,,29,
lab,0x00C1B10D20260706,LW_mod2_wht,"C04 XOR 0xAA",xor_popcount,4,19,1,1,0,0,0xAA,0x00,0x0000000,0,1.0000,1.0000,1.0000,0,0,,,,,,511,
lab,0x00C1B10D20260706,LG_gf2,"C04 XOR 0xAA",xor_popcount,4,19,1,1,0,0,0xAA,0x00,0x0000000,0,1.0000,1.0000,1.0000,1,45,,,,,,1,
lab,0x00C1B10D20260706,L0_tb_argmax,"C05 XOR 0x3C",xor_popcount,4,0,0,0,0,0,0x00,0xE4,0x0000000,0,0.0411,0.0103,0.0000,0,0,,,,,,162,
lab,0x00C1B10D20260706,L1_single_up,"C05 XOR 0x3C",xor_popcount,4,0,0,0,0,0,0x40,0xAB,0x0000000,0,0.0623,0.0269,0.0000,0,0,,,,,,1016,
lab,0x00C1B10D20260706,L2_pair_up,"C05 XOR 0x3C",xor_popcount,4,0,1,0,0,0,0x28,0x14,0x0000000,0,0.1171,0.1067,0.0000,0,0,,,,,,1792,
lab,0x00C1B10D20260706,L3_gibbs,"C05 XOR 0x3C",xor_popcount,4,0,1,1,0,0,0x3C,0x00,0x0000000,0,1.0000,0.0000,1.0000,0,0,,,,,,29,
lab,0x00C1B10D20260706,LW_mod2_wht,"C05 XOR 0x3C",xor_popcount,4,0,1,1,0,0,0x3C,0x00,0x0000000,0,1.0000,1.0000,1.0000,0,0,,,,,,511,
lab,0x00C1B10D20260706,LG_gf2,"C05 XOR 0x3C",xor_popcount,4,0,1,1,0,0,0x3C,0x00,0x0000000,0,1.0000,1.0000,1.0000,1,45,,,,,,1,
lab,0x00C1B10D20260706,L0_tb_argmax,"C05 XOR 0x3C",xor_popcount,4,1,0,0,0,0,0x00,0x36,0x0000000,0,0.0497,0.0234,0.0000,0,0,,,,,,162,
lab,0x00C1B10D20260706,L1_single_up,"C05 XOR 0x3C",xor_popcount,4,1,1,0,0,0,0x20,0x1C,0x0000000,0,0.0634,0.0401,0.0000,0,0,,,,,,1016,
lab,0x00C1B10D20260706,L2_pair_up,"C05 XOR 0x3C",xor_popcount,4,1,1,0,0,0,0x0C,0x30,0x0000000,0,0.1263,0.1129,0.0000,0,0,,,,,,1792,
lab,0x00C1B10D20260706,L3_gibbs,"C05 XOR 0x3C",xor_popcount,4,1,1,1,0,0,0x3C,0x00,0x0000000,0,1.0000,0.0000,1.0000,0,0,,,,,,29,
lab,0x00C1B10D20260706,LW_mod2_wht,"C05 XOR 0x3C",xor_popcount,4,1,1,1,0,0,0x3C,0x00,0x0000000,0,1.0000,1.0000,1.0000,0,0,,,,,,511,
lab,0x00C1B10D20260706,LG_gf2,"C05 XOR 0x3C",xor_popcount,4,1,1,1,0,0,0x3C,0x00,0x0000000,0,1.0000,1.0000,1.0000,1,45,,,,,,1,
lab,0x00C1B10D20260706,L0_tb_argmax,"C05 XOR 0x3C",xor_popcount,4,2,0,0,0,0,0x00,0x88,0x0000000,0,0.0486,0.0069,0.0000,0,0,,,,,,162,
lab,0x00C1B10D20260706,L1_single_up,"C05 XOR 0x3C",xor_popcount,4,2,0,0,0,0,0x10,0xA9,0x0000000,0,0.0571,0.0214,0.0000,0,0,,,,,,1016,
lab,0x00C1B10D20260706,L2_pair_up,"C05 XOR 0x3C",xor_popcount,4,2,1,0,0,0,0x0C,0x30,0x0000000,0,0.1137,0.0981,0.0000,0,0,,,,,,1792,
lab,0x00C1B10D20260706,L3_gibbs,"C05 XOR 0x3C",xor_popcount,4,2,1,1,0,0,0x3C,0x00,0x0000000,0,1.0000,0.0000,1.0000,0,0,,,,,,29,
lab,0x00C1B10D20260706,LW_mod2_wht,"C05 XOR 0x3C",xor_popcount,4,2,1,1,0,0,0x3C,0x00,0x0000000,0,1.0000,1.0000,1.0000,0,0,,,,,,511,
lab,0x00C1B10D20260706,LG_gf2,"C05 XOR 0x3C",xor_popcount,4,2,1,1,0,0,0x3C,0x00,0x0000000,0,1.0000,1.0000,1.0000,1,45,,,,,,1,
lab,0x00C1B10D20260706,L0_tb_argmax,"C05 XOR 0x3C",xor_popcount,4,3,0,0,0,0,0x00,0x88,0x0000000,0,0.0531,0.0126,0.0000,0,0,,,,,,162,
lab,0x00C1B10D20260706,L1_single_up,"C05 XOR 0x3C",xor_popcount,4,3,0,0,0,0,0x08,0x40,0x0000000,0,0.0583,0.0309,0.0000,0,0,,,,,,1016,
lab,0x00C1B10D20260706,L2_pair_up,"C05 XOR 0x3C",xor_popcount,4,3,1,0,0,0,0x28,0x14,0x0000000,0,0.1269,0.1120,0.0000,0,0,,,,,,1792,
lab,0x00C1B10D20260706,L3_gibbs,"C05 XOR 0x3C",xor_popcount,4,3,1,1,0,0,0x3C,0x00,0x0000000,0,1.0000,0.0000,1.0000,0,0,,,,,,29,
lab,0x00C1B10D20260706,LW_mod2_wht,"C05 XOR 0x3C",xor_popcount,4,3,1,1,0,0,0x3C,0x00,0x0000000,0,1.0000,1.0000,1.0000,0,0,,,,,,511,
lab,0x00C1B10D20260706,LG_gf2,"C05 XOR 0x3C",xor_popcount,4,3,1,1,0,0,0x3C,0x00,0x0000000,0,1.0000,1.0000,1.0000,1,45,,,,,,1,
lab,0x00C1B10D20260706,L0_tb_argmax,"C05 XOR 0x3C",xor_popcount,4,4,0,0,0,0,0x00,0x88,0x0000000,0,0.0423,0.0183,0.0000,0,0,,,,,,162,
lab,0x00C1B10D20260706,L1_single_up,"C05 XOR 0x3C",xor_popcount,4,4,0,0,0,0,0x80,0x2D,0x0000000,0,0.0617,0.0231,0.0000,0,0,,,,,,1016,
lab,0x00C1B10D20260706,L2_pair_up,"C05 XOR 0x3C",xor_popcount,4,4,1,0,0,0,0x0C,0x30,0x0000000,0,0.1189,0.1038,0.0000,0,0,,,,,,1792,
lab,0x00C1B10D20260706,L3_gibbs,"C05 XOR 0x3C",xor_popcount,4,4,1,1,0,0,0x3C,0x00,0x0000000,0,1.0000,0.0000,1.0000,0,0,,,,,,29,
lab,0x00C1B10D20260706,LW_mod2_wht,"C05 XOR 0x3C",xor_popcount,4,4,1,1,0,0,0x3C,0x00,0x0000000,0,1.0000,1.0000,1.0000,0,0,,,,,,511,
lab,0x00C1B10D20260706,LG_gf2,"C05 XOR 0x3C",xor_popcount,4,4,1,1,0,0,0x3C,0x00,0x0000000,0,1.0000,1.0000,1.0000,1,45,,,,,,1,
lab,0x00C1B10D20260706,L0_tb_argmax,"C05 XOR 0x3C",xor_popcount,4,5,0,0,0,0,0x00,0x58,0x0000000,0,0.0434,0.0011,0.0000,0,0,,,,,,162,
lab,0x00C1B10D20260706,L1_single_up,"C05 XOR 0x3C",xor_popcount,4,5,0,0,0,0,0x02,0x91,0x0000000,0,0.0577,0.0294,0.0000,0,0,,,,,,1016,
lab,0x00C1B10D20260706,L2_pair_up,"C05 XOR 0x3C",xor_popcount,4,5,1,0,0,0,0x0C,0x30,0x0000000,0,0.1189,0.1029,0.0000,0,0,,,,,,1792,
lab,0x00C1B10D20260706,L3_gibbs,"C05 XOR 0x3C",xor_popcount,4,5,1,1,0,0,0x3C,0x00,0x0000000,0,1.0000,0.0000,1.0000,0,0,,,,,,29,
lab,0x00C1B10D20260706,LW_mod2_wht,"C05 XOR 0x3C",xor_popcount,4,5,1,1,0,0,0x3C,0x00,0x0000000,0,1.0000,1.0000,1.0000,0,0,,,,,,511,
lab,0x00C1B10D20260706,LG_gf2,"C05 XOR 0x3C",xor_popcount,4,5,1,1,0,0,0x3C,0x00,0x0000000,0,1.0000,1.0000,1.0000,1,45,,,,,,1,
lab,0x00C1B10D20260706,L0_tb_argmax,"C05 XOR 0x3C",xor_popcount,4,6,0,0,0,0,0x00,0x0A,0x0000000,0,0.0400,0.0240,0.0000,0,0,,,,,,162,
lab,0x00C1B10D20260706,L1_single_up,"C05 XOR 0x3C",xor_popcount,4,6,1,0,0,0,0x20,0x1C,0x0000000,0,0.0554,0.0374,0.0000,0,0,,,,,,1016,
lab,0x00C1B10D20260706,L2_pair_up,"C05 XOR 0x3C",xor_popcount,4,6,1,0,0,0,0x0C,0x30,0x0000000,0,0.1337,0.1109,0.0000,0,0,,,,,,1792,
lab,0x00C1B10D20260706,L3_gibbs,"C05 XOR 0x3C",xor_popcount,4,6,1,1,0,0,0x3C,0x00,0x0000000,0,1.0000,0.0000,1.0000,0,0,,,,,,29,
lab,0x00C1B10D20260706,LW_mod2_wht,"C05 XOR 0x3C",xor_popcount,4,6,1,1,0,0,0x3C,0x00,0x0000000,0,1.0000,1.0000,1.0000,0,0,,,,,,511,
lab,0x00C1B10D20260706,LG_gf2,"C05 XOR 0x3C",xor_popcount,4,6,1,1,0,0,0x3C,0x00,0x0000000,0,1.0000,1.0000,1.0000,1,45,,,,,,1,
lab,0x00C1B10D20260706,L0_tb_argmax,"C05 XOR 0x3C",xor_popcount,4,7,0,0,0,0,0x00,0x02,0x0000000,0,0.0429,0.0103,0.0000,0,0,,,,,,162,
lab,0x00C1B10D20260706,L1_single_up,"C05 XOR 0x3C",xor_popcount,4,7,0,0,0,0,0x04,0x50,0x0000000,0,0.0640,0.0266,0.0000,0,0,,,,,,1016,
lab,0x00C1B10D20260706,L2_pair_up,"C05 XOR 0x3C",xor_popcount,4,7,1,0,0,0,0x0C,0x30,0x0000000,0,0.1200,0.0983,0.0000,0,0,,,,,,1792,
lab,0x00C1B10D20260706,L3_gibbs,"C05 XOR 0x3C",xor_popcount,4,7,1,1,0,0,0x3C,0x00,0x0000000,0,1.0000,0.0000,1.0000,0,0,,,,,,29,
lab,0x00C1B10D20260706,LW_mod2_wht,"C05 XOR 0x3C",xor_popcount,4,7,1,1,0,0,0x3C,0x00,0x0000000,0,1.0000,1.0000,1.0000,0,0,,,,,,511,
lab,0x00C1B10D20260706,LG_gf2,"C05 XOR 0x3C",xor_popcount,4,7,1,1,0,0,0x3C,0x00,0x0000000,0,1.0000,1.0000,1.0000,1,45,,,,,,1,
lab,0x00C1B10D20260706,L0_tb_argmax,"C05 XOR 0x3C",xor_popcount,4,8,0,0,0,0,0x00,0xE4,0x0000000,0,0.0434,0.0120,0.0000,0,0,,,,,,162,
lab,0x00C1B10D20260706,L1_single_up,"C05 XOR 0x3C",xor_popcount,4,8,0,0,0,0,0x10,0xEC,0x0000000,0,0.0617,0.0221,0.0000,0,0,,,,,,1016,
lab,0x00C1B10D20260706,L2_pair_up,"C05 XOR 0x3C",xor_popcount,4,8,1,0,0,0,0x30,0x0C,0x0000000,0,0.1149,0.1037,0.0000,0,0,,,,,,1792,
lab,0x00C1B10D20260706,L3_gibbs,"C05 XOR 0x3C",xor_popcount,4,8,1,1,0,0,0x3C,0x00,0x0000000,0,1.0000,0.0000,1.0000,0,0,,,,,,29,
lab,0x00C1B10D20260706,LW_mod2_wht,"C05 XOR 0x3C",xor_popcount,4,8,1,1,0,0,0x3C,0x00,0x0000000,0,1.0000,1.0000,1.0000,0,0,,,,,,511,
lab,0x00C1B10D20260706,LG_gf2,"C05 XOR 0x3C",xor_popcount,4,8,1,1,0,0,0x3C,0x00,0x0000000,0,1.0000,1.0000,1.0000,1,45,,,,,,1,
lab,0x00C1B10D20260706,L0_tb_argmax,"C05 XOR 0x3C",xor_popcount,4,9,0,0,0,0,0x00,0x0A,0x0000000,0,0.0394,0.0137,0.0000,0,0,,,,,,162,
lab,0x00C1B10D20260706,L1_single_up,"C05 XOR 0x3C",xor_popcount,4,9,0,0,0,0,0x10,0xA9,0x0000000,0,0.0651,0.0303,0.0000,0,0,,,,,,1016,
lab,0x00C1B10D20260706,L2_pair_up,"C05 XOR 0x3C",xor_popcount,4,9,1,0,0,0,0x28,0x14,0x0000000,0,0.1223,0.1076,0.0000,0,0,,,,,,1792,
lab,0x00C1B10D20260706,L3_gibbs,"C05 XOR 0x3C",xor_popcount,4,9,1,1,0,0,0x3C,0x00,0x0000000,0,1.0000,0.0000,1.0000,0,0,,,,,,29,
lab,0x00C1B10D20260706,LW_mod2_wht,"C05 XOR 0x3C",xor_popcount,4,9,1,1,0,0,0x3C,0x00,0x0000000,0,1.0000,1.0000,1.0000,0,0,,,,,,511,
lab,0x00C1B10D20260706,LG_gf2,"C05 XOR 0x3C",xor_popcount,4,9,1,1,0,0,0x3C,0x00,0x0000000,0,1.0000,1.0000,1.0000,1,45,,,,,,1,
lab,0x00C1B10D20260706,L0_tb_argmax,"C05 XOR 0x3C",xor_popcount,4,10,0,0,0,0,0x00,0x02,0x0000000,0,0.0463,0.0131,0.0000,0,0,,,,,,162,
lab,0x00C1B10D20260706,L1_single_up,"C05 XOR 0x3C",xor_popcount,4,10,0,0,0,0,0x04,0xF3,0x0000000,0,0.0554,0.0321,0.0000,0,0,,,,,,1016,
lab,0x00C1B10D20260706,L2_pair_up,"C05 XOR 0x3C",xor_popcount,4,10,1,0,0,0,0x0C,0x30,0x0000000,0,0.1400,0.1138,0.0000,0,0,,,,,,1792,
lab,0x00C1B10D20260706,L3_gibbs,"C05 XOR 0x3C",xor_popcount,4,10,1,1,0,0,0x3C,0x00,0x0000000,0,1.0000,0.0000,1.0000,0,0,,,,,,29,
lab,0x00C1B10D20260706,LW_mod2_wht,"C05 XOR 0x3C",xor_popcount,4,10,1,1,0,0,0x3C,0x00,0x0000000,0,1.0000,1.0000,1.0000,0,0,,,,,,511,
lab,0x00C1B10D20260706,LG_gf2,"C05 XOR 0x3C",xor_popcount,4,10,1,1,0,0,0x3C,0x00,0x0000000,0,1.0000,1.0000,1.0000,1,45,,,,,,1,
lab,0x00C1B10D20260706,L0_tb_argmax,"C05 XOR 0x3C",xor_popcount,4,11,0,0,0,0,0x00,0x36,0x0000000,0,0.0520,0.0006,0.0000,0,0,,,,,,162,
lab,0x00C1B10D20260706,L1_single_up,"C05 XOR 0x3C",xor_popcount,4,11,0,0,0,0,0x08,0xA2,0x0000000,0,0.0537,0.0259,0.0000,0,0,,,,,,1016,
lab,0x00C1B10D20260706,L2_pair_up,"C05 XOR 0x3C",xor_popcount,4,11,1,0,0,0,0x0C,0x30,0x0000000,0,0.1200,0.1056,0.0000,0,0,,,,,,1792,
lab,0x00C1B10D20260706,L3_gibbs,"C05 XOR 0x3C",xor_popcount,4,11,1,1,0,0,0x3C,0x00,0x0000000,0,1.0000,0.0000,1.0000,0,0,,,,,,29,
lab,0x00C1B10D20260706,LW_mod2_wht,"C05 XOR 0x3C",xor_popcount,4,11,1,1,0,0,0x3C,0x00,0x0000000,0,1.0000,1.0000,1.0000,0,0,,,,,,511,
lab,0x00C1B10D20260706,LG_gf2,"C05 XOR 0x3C",xor_popcount,4,11,1,1,0,0,0x3C,0x00,0x0000000,0,1.0000,1.0000,1.0000,1,45,,,,,,1,
lab,0x00C1B10D20260706,L0_tb_argmax,"C05 XOR 0x3C",xor_popcount,4,12,0,0,0,0,0x00,0x36,0x0000000,0,0.0451,0.0137,0.0000,0,0,,,,,,162,
lab,0x00C1B10D20260706,L1_single_up,"C05 XOR 0x3C",xor_popcount,4,12,0,0,0,0,0x20,0x99,0x0000000,0,0.0526,0.0283,0.0000,0,0,,,,,,1016,
lab,0x00C1B10D20260706,L2_pair_up,"C05 XOR 0x3C",xor_popcount,4,12,1,0,0,0,0x28,0x14,0x0000000,0,0.1229,0.1065,0.0000,0,0,,,,,,1792,
lab,0x00C1B10D20260706,L3_gibbs,"C05 XOR 0x3C",xor_popcount,4,12,1,1,0,0,0x3C,0x00,0x0000000,0,1.0000,0.0000,1.0000,0,0,,,,,,29,
lab,0x00C1B10D20260706,LW_mod2_wht,"C05 XOR 0x3C",xor_popcount,4,12,1,1,0,0,0x3C,0x00,0x0000000,0,1.0000,1.0000,1.0000,0,0,,,,,,511,
lab,0x00C1B10D20260706,LG_gf2,"C05 XOR 0x3C",xor_popcount,4,12,1,1,0,0,0x3C,0x00,0x0000000,0,1.0000,1.0000,1.0000,1,45,,,,,,1,
lab,0x00C1B10D20260706,L0_tb_argmax,"C05 XOR 0x3C",xor_popcount,4,13,0,0,0,0,0x00,0x66,0x0000000,0,0.0503,0.0006,0.0000,0,0,,,,,,162,
lab,0x00C1B10D20260706,L1_single_up,"C05 XOR 0x3C",xor_popcount,4,13,0,0,0,0,0x10,0xA9,0x0000000,0,0.0709,0.0219,0.0000,0,0,,,,,,1016,
lab,0x00C1B10D20260706,L2_pair_up,"C05 XOR 0x3C",xor_popcount,4,13,1,0,0,0,0x0C,0x30,0x0000000,0,0.1229,0.1090,0.0000,0,0,,,,,,1792,
lab,0x00C1B10D20260706,L3_gibbs,"C05 XOR 0x3C",xor_popcount,4,13,1,1,0,0,0x3C,0x00,0x0000000,0,1.0000,0.0000,1.0000,0,0,,,,,,29,
lab,0x00C1B10D20260706,LW_mod2_wht,"C05 XOR 0x3C",xor_popcount,4,13,1,1,0,0,0x3C,0x00,0x0000000,0,1.0000,1.0000,1.0000,0,0,,,,,,511,
lab,0x00C1B10D20260706,LG_gf2,"C05 XOR 0x3C",xor_popcount,4,13,1,1,0,0,0x3C,0x00,0x0000000,0,1.0000,1.0000,1.0000,1,45,,,,,,1,
lab,0x00C1B10D20260706,L0_tb_argmax,"C05 XOR 0x3C",xor_popcount,4,14,0,0,0,0,0x00,0x55,0x0000000,0,0.0509,0.0069,0.0000,0,0,,,,,,162,
lab,0x00C1B10D20260706,L1_single_up,"C05 XOR 0x3C",xor_popcount,4,14,0,0,0,0,0x20,0x03,0x0000000,0,0.0549,0.0243,0.0000,0,0,,,,,,1016,
lab,0x00C1B10D20260706,L2_pair_up,"C05 XOR 0x3C",xor_popcount,4,14,1,0,0,0,0x0C,0x30,0x0000000,0,0.1337,0.0992,0.0000,0,0,,,,,,1792,
lab,0x00C1B10D20260706,L3_gibbs,"C05 XOR 0x3C",xor_popcount,4,14,1,1,0,0,0x3C,0x00,0x0000000,0,1.0000,0.0000,1.0000,0,0,,,,,,29,
lab,0x00C1B10D20260706,LW_mod2_wht,"C05 XOR 0x3C",xor_popcount,4,14,1,1,0,0,0x3C,0x00,0x0000000,0,1.0000,1.0000,1.0000,0,0,,,,,,511,
lab,0x00C1B10D20260706,LG_gf2,"C05 XOR 0x3C",xor_popcount,4,14,1,1,0,0,0x3C,0x00,0x0000000,0,1.0000,1.0000,1.0000,1,45,,,,,,1,
lab,0x00C1B10D20260706,L0_tb_argmax,"C05 XOR 0x3C",xor_popcount,4,15,0,0,0,0,0x00,0x58,0x0000000,0,0.0400,-0.0069,0.0000,0,0,,,,,,162,
lab,0x00C1B10D20260706,L1_single_up,"C05 XOR 0x3C",xor_popcount,4,15,0,0,0,0,0x08,0x07,0x0000000,0,0.0543,0.0171,0.0000,0,0,,,,,,1016,
lab,0x00C1B10D20260706,L2_pair_up,"C05 XOR 0x3C",xor_popcount,4,15,1,0,0,0,0x0C,0x30,0x0000000,0,0.1160,0.1008,0.0000,0,0,,,,,,1792,
lab,0x00C1B10D20260706,L3_gibbs,"C05 XOR 0x3C",xor_popcount,4,15,1,1,0,0,0x3C,0x00,0x0000000,0,1.0000,0.0000,1.0000,0,0,,,,,,29,
lab,0x00C1B10D20260706,LW_mod2_wht,"C05 XOR 0x3C",xor_popcount,4,15,1,1,0,0,0x3C,0x00,0x0000000,0,1.0000,1.0000,1.0000,0,0,,,,,,511,
lab,0x00C1B10D20260706,LG_gf2,"C05 XOR 0x3C",xor_popcount,4,15,1,1,0,0,0x3C,0x00,0x0000000,0,1.0000,1.0000,1.0000,1,45,,,,,,1,
lab,0x00C1B10D20260706,L0_tb_argmax,"C05 XOR 0x3C",xor_popcount,4,16,0,0,0,0,0x00,0x4C,0x0000000,0,0.0434,0.0040,0.0000,0,0,,,,,,162,
lab,0x00C1B10D20260706,L1_single_up,"C05 XOR 0x3C",xor_popcount,4,16,0,0,0,0,0x08,0xA2,0x0000000,0,0.0669,0.0201,0.0000,0,0,,,,,,1016,
lab,0x00C1B10D20260706,L2_pair_up,"C05 XOR 0x3C",xor_popcount,4,16,1,0,0,0,0x28,0x14,0x0000000,0,0.1194,0.1005,0.0000,0,0,,,,,,1792,
lab,0x00C1B10D20260706,L3_gibbs,"C05 XOR 0x3C",xor_popcount,4,16,1,1,0,0,0x3C,0x00,0x0000000,0,1.0000,0.0000,1.0000,0,0,,,,,,29,
lab,0x00C1B10D20260706,LW_mod2_wht,"C05 XOR 0x3C",xor_popcount,4,16,1,1,0,0,0x3C,0x00,0x0000000,0,1.0000,1.0000,1.0000,0,0,,,,,,511,
lab,0x00C1B10D20260706,LG_gf2,"C05 XOR 0x3C",xor_popcount,4,16,1,1,0,0,0x3C,0x00,0x0000000,0,1.0000,1.0000,1.0000,1,45,,,,,,1,
lab,0x00C1B10D20260706,L0_tb_argmax,"C05 XOR 0x3C",xor_popcount,4,17,0,0,0,0,0x00,0x55,0x0000000,0,0.0480,0.0160,0.0000,0,0,,,,,,162,
lab,0x00C1B10D20260706,L1_single_up,"C05 XOR 0x3C",xor_popcount,4,17,1,0,0,0,0x20,0x1C,0x0000000,0,0.0554,0.0323,0.0000,0,0,,,,,,1016,
lab,0x00C1B10D20260706,L2_pair_up,"C05 XOR 0x3C",xor_popcount,4,17,1,0,0,0,0x0C,0x30,0x0000000,0,0.1314,0.1095,0.0000,0,0,,,,,,1792,
lab,0x00C1B10D20260706,L3_gibbs,"C05 XOR 0x3C",xor_popcount,4,17,1,1,0,0,0x3C,0x00,0x0000000,0,1.0000,0.0000,1.0000,0,0,,,,,,29,
lab,0x00C1B10D20260706,LW_mod2_wht,"C05 XOR 0x3C",xor_popcount,4,17,1,1,0,0,0x3C,0x00,0x0000000,0,1.0000,1.0000,1.0000,0,0,,,,,,511,
lab,0x00C1B10D20260706,LG_gf2,"C05 XOR 0x3C",xor_popcount,4,17,1,1,0,0,0x3C,0x00,0x0000000,0,1.0000,1.0000,1.0000,1,45,,,,,,1,
lab,0x00C1B10D20260706,L0_tb_argmax,"C05 XOR 0x3C",xor_popcount,4,18,0,0,0,0,0x00,0x02,0x0000000,0,0.0366,0.0143,0.0000,0,0,,,,,,162,
lab,0x00C1B10D20260706,L1_single_up,"C05 XOR 0x3C",xor_popcount,4,18,1,0,0,0,0x20,0x1C,0x0000000,0,0.0549,0.0287,0.0000,0,0,,,,,,1016,
lab,0x00C1B10D20260706,L2_pair_up,"C05 XOR 0x3C",xor_popcount,4,18,1,0,0,0,0x0C,0x30,0x0000000,0,0.1269,0.1098,0.0000,0,0,,,,,,1792,
lab,0x00C1B10D20260706,L3_gibbs,"C05 XOR 0x3C",xor_popcount,4,18,1,1,0,0,0x3C,0x00,0x0000000,0,1.0000,0.0000,1.0000,0,0,,,,,,29,
lab,0x00C1B10D20260706,LW_mod2_wht,"C05 XOR 0x3C",xor_popcount,4,18,1,1,0,0,0x3C,0x00,0x0000000,0,1.0000,1.0000,1.0000,0,0,,,,,,511,
lab,0x00C1B10D20260706,LG_gf2,"C05 XOR 0x3C",xor_popcount,4,18,1,1,0,0,0x3C,0x00,0x0000000,0,1.0000,1.0000,1.0000,1,45,,,,,,1,
lab,0x00C1B10D20260706,L0_tb_argmax,"C05 XOR 0x3C",xor_popcount,4,19,0,0,0,0,0x00,0x88,0x0000000,0,0.0440,0.0120,0.0000,0,0,,,,,,162,
lab,0x00C1B10D20260706,L1_single_up,"C05 XOR 0x3C",xor_popcount,4,19,0,0,0,0,0x10,0xA9,0x0000000,0,0.0629,0.0333,0.0000,0,0,,,,,,1016,
lab,0x00C1B10D20260706,L2_pair_up,"C05 XOR 0x3C",xor_popcount,4,19,1,0,0,0,0x0C,0x30,0x0000000,0,0.1206,0.1068,0.0000,0,0,,,,,,1792,
lab,0x00C1B10D20260706,L3_gibbs,"C05 XOR 0x3C",xor_popcount,4,19,1,1,0,0,0x3C,0x00,0x0000000,0,1.0000,0.0000,1.0000,0,0,,,,,,29,
lab,0x00C1B10D20260706,LW_mod2_wht,"C05 XOR 0x3C",xor_popcount,4,19,1,1,0,0,0x3C,0x00,0x0000000,0,1.0000,1.0000,1.0000,0,0,,,,,,511,
lab,0x00C1B10D20260706,LG_gf2,"C05 XOR 0x3C",xor_popcount,4,19,1,1,0,0,0x3C,0x00,0x0000000,0,1.0000,1.0000,1.0000,1,45,,,,,,1,
lab,0x00C1B10D20260706,L0_tb_argmax,"C06 XOR 0x66",xor_popcount,4,0,0,0,0,0,0x00,0x32,0x0000000,0,0.0400,-0.0006,0.0000,0,0,,,,,,162,
lab,0x00C1B10D20260706,L1_single_up,"C06 XOR 0x66",xor_popcount,4,0,0,0,0,0,0x80,0x33,0x0000000,0,0.0589,0.0247,0.0000,0,0,,,,,,1016,
lab,0x00C1B10D20260706,L2_pair_up,"C06 XOR 0x66",xor_popcount,4,0,1,0,0,0,0x06,0x60,0x0000000,0,0.1074,0.0970,0.0000,0,0,,,,,,1792,
lab,0x00C1B10D20260706,L3_gibbs,"C06 XOR 0x66",xor_popcount,4,0,1,1,0,0,0x66,0x00,0x0000000,0,1.0000,0.0000,1.0000,0,0,,,,,,29,
lab,0x00C1B10D20260706,LW_mod2_wht,"C06 XOR 0x66",xor_popcount,4,0,1,1,0,0,0x66,0x00,0x0000000,0,1.0000,1.0000,1.0000,0,0,,,,,,511,
lab,0x00C1B10D20260706,LG_gf2,"C06 XOR 0x66",xor_popcount,4,0,1,1,0,0,0x66,0x00,0x0000000,0,1.0000,1.0000,1.0000,1,45,,,,,,1,
lab,0x00C1B10D20260706,L0_tb_argmax,"C06 XOR 0x66",xor_popcount,4,1,0,0,0,0,0x00,0x85,0x0000000,0,0.0457,0.0029,0.0000,0,0,,,,,,162,
lab,0x00C1B10D20260706,L1_single_up,"C06 XOR 0x66",xor_popcount,4,1,0,0,0,0,0x01,0xC8,0x0000000,0,0.0577,0.0319,0.0000,0,0,,,,,,1016,
lab,0x00C1B10D20260706,L2_pair_up,"C06 XOR 0x66",xor_popcount,4,1,1,0,0,0,0x06,0x60,0x0000000,0,0.1251,0.1113,0.0000,0,0,,,,,,1792,
lab,0x00C1B10D20260706,L3_gibbs,"C06 XOR 0x66",xor_popcount,4,1,1,1,0,0,0x66,0x00,0x0000000,0,1.0000,0.0000,1.0000,0,0,,,,,,29,
lab,0x00C1B10D20260706,LW_mod2_wht,"C06 XOR 0x66",xor_popcount,4,1,1,1,0,0,0x66,0x00,0x0000000,0,1.0000,1.0000,1.0000,0,0,,,,,,511,
lab,0x00C1B10D20260706,LG_gf2,"C06 XOR 0x66",xor_popcount,4,1,1,1,0,0,0x66,0x00,0x0000000,0,1.0000,1.0000,1.0000,1,45,,,,,,1,
lab,0x00C1B10D20260706,L0_tb_argmax,"C06 XOR 0x66",xor_popcount,4,2,0,0,0,0,0x00,0xC8,0x0000000,0,0.0469,-0.0006,0.0000,0,0,,,,,,162,
lab,0x00C1B10D20260706,L1_single_up,"C06 XOR 0x66",xor_popcount,4,2,0,0,0,0,0x08,0xE3,0x0000000,0,0.0640,0.0324,0.0000,0,0,,,,,,1016,
lab,0x00C1B10D20260706,L2_pair_up,"C06 XOR 0x66",xor_popcount,4,2,1,0,0,0,0x06,0x60,0x0000000,0,0.1400,0.1081,0.0000,0,0,,,,,,1792,
lab,0x00C1B10D20260706,L3_gibbs,"C06 XOR 0x66",xor_popcount,4,2,1,1,0,0,0x66,0x00,0x0000000,0,1.0000,0.0000,1.0000,0,0,,,,,,29,
lab,0x00C1B10D20260706,LW_mod2_wht,"C06 XOR 0x66",xor_popcount,4,2,1,1,0,0,0x66,0x00,0x0000000,0,1.0000,1.0000,1.0000,0,0,,,,,,511,
lab,0x00C1B10D20260706,LG_gf2,"C06 XOR 0x66",xor_popcount,4,2,1,1,0,0,0x66,0x00,0x0000000,0,1.0000,1.0000,1.0000,1,45,,,,,,1,
lab,0x00C1B10D20260706,L0_tb_argmax,"C06 XOR 0x66",xor_popcount,4,3,0,0,0,0,0x00,0x85,0x0000000,0,0.0531,0.0160,0.0000,0,0,,,,,,162,
lab,0x00C1B10D20260706,L1_single_up,"C06 XOR 0x66",xor_popcount,4,3,1,0,0,0,0x20,0x46,0x0000000,0,0.0537,0.0306,0.0000,0,0,,,,,,1016,
lab,0x00C1B10D20260706,L2_pair_up,"C06 XOR 0x66",xor_popcount,4,3,1,0,0,0,0x44,0x22,0x0000000,0,0.1223,0.1076,0.0000,0,0,,,,,,1792,
lab,0x00C1B10D20260706,L3_gibbs,"C06 XOR 0x66",xor_popcount,4,3,1,1,0,0,0x66,0x00,0x0000000,0,1.0000,0.0000,1.0000,0,0,,,,,,29,
lab,0x00C1B10D20260706,LW_mod2_wht,"C06 XOR 0x66",xor_popcount,4,3,1,1,0,0,0x66,0x00,0x0000000,0,1.0000,1.0000,1.0000,0,0,,,,,,511,
lab,0x00C1B10D20260706,LG_gf2,"C06 XOR 0x66",xor_popcount,4,3,1,1,0,0,0x66,0x00,0x0000000,0,1.0000,1.0000,1.0000,1,45,,,,,,1,
lab,0x00C1B10D20260706,L0_tb_argmax,"C06 XOR 0x66",xor_popcount,4,4,0,0,0,0,0x00,0x53,0x0000000,0,0.0423,0.0040,0.0000,0,0,,,,,,162,
lab,0x00C1B10D20260706,L1_single_up,"C06 XOR 0x66",xor_popcount,4,4,0,0,0,0,0x02,0x10,0x0000000,0,0.0549,0.0296,0.0000,0,0,,,,,,1016,
lab,0x00C1B10D20260706,L2_pair_up,"C06 XOR 0x66",xor_popcount,4,4,1,0,0,0,0x06,0x60,0x0000000,0,0.1263,0.1039,0.0000,0,0,,,,,,1792,
lab,0x00C1B10D20260706,L3_gibbs,"C06 XOR 0x66",xor_popcount,4,4,1,1,0,0,0x66,0x00,0x0000000,0,1.0000,0.0000,1.0000,0,0,,,,,,29,
lab,0x00C1B10D20260706,LW_mod2_wht,"C06 XOR 0x66",xor_popcount,4,4,1,1,0,0,0x66,0x00,0x0000000,0,1.0000,1.0000,1.0000,0,0,,,,,,511,
lab,0x00C1B10D20260706,LG_gf2,"C06 XOR 0x66",xor_popcount,4,4,1,1,0,0,0x66,0x00,0x0000000,0,1.0000,1.0000,1.0000,1,45,,,,,,1,
lab,0x00C1B10D20260706,L0_tb_argmax,"C06 XOR 0x66",xor_popcount,4,5,0,0,0,0,0x00,0x53,0x0000000,0,0.0503,0.0120,0.0000,0,0,,,,,,162,
lab,0x00C1B10D20260706,L1_single_up,"C06 XOR 0x66",xor_popcount,4,5,0,0,0,0,0x80,0x25,0x0000000,0,0.0577,0.0201,0.0000,0,0,,,,,,1016,
lab,0x00C1B10D20260706,L2_pair_up,"C06 XOR 0x66",xor_popcount,4,5,1,0,0,0,0x06,0x60,0x0000000,0,0.1189,0.1014,0.0000,0,0,,,,,,1792,
lab,0x00C1B10D20260706,L3_gibbs,"C06 XOR 0x66",xor_popcount,4,5,1,1,0,0,0x66,0x00,0x0000000,0,1.0000,0.0000,1.0000,0,0,,,,,,29,
lab,0x00C1B10D20260706,LW_mod2_wht,"C06 XOR 0x66",xor_popcount,4,5,1,1,0,0,0x66,0x00,0x0000000,0,1.0000,1.0000,1.0000,0,0,,,,,,511,
lab,0x00C1B10D20260706,LG_gf2,"C06 XOR 0x66",xor_popcount,4,5,1,1,0,0,0x66,0x00,0x0000000,0,1.0000,1.0000,1.0000,1,45,,,,,,1,
lab,0x00C1B10D20260706,L0_tb_argmax,"C06 XOR 0x66",xor_popcount,4,6,0,0,0,0,0x00,0x53,0x0000000,0,0.0491,-0.0017,0.0000,0,0,,,,,,162,
lab,0x00C1B10D20260706,L1_single_up,"C06 XOR 0x66",xor_popcount,4,6,0,0,0,0,0x80,0x66,0x0000000,0,0.0554,0.0267,0.0000,0,0,,,,,,1016,
lab,0x00C1B10D20260706,L2_pair_up,"C06 XOR 0x66",xor_popcount,4,6,1,0,0,0,0x06,0x60,0x0000000,0,0.1257,0.1052,0.0000,0,0,,,,,,1792,
lab,0x00C1B10D20260706,L3_gibbs,"C06 XOR 0x66",xor_popcount,4,6,1,1,0,0,0x66,0x00,0x0000000,0,1.0000,0.0000,1.0000,0,0,,,,,,29,
lab,0x00C1B10D20260706,LW_mod2_wht,"C06 XOR 0x66",xor_popcount,4,6,1,1,0,0,0x66,0x00,0x0000000,0,1.0000,1.0000,1.0000,0,0,,,,,,511,
lab,0x00C1B10D20260706,LG_gf2,"C06 XOR 0x66",xor_popcount,4,6,1,1,0,0,0x66,0x00,0x0000000,0,1.0000,1.0000,1.0000,1,45,,,,,,1,
lab,0x00C1B10D20260706,L0_tb_argmax,"C06 XOR 0x66",xor_popcount,4,7,0,0,0,0,0x00,0x53,0x0000000,0,0.0486,-0.0137,0.0000,0,0,,,,,,162,
lab,0x00C1B10D20260706,L1_single_up,"C06 XOR 0x66",xor_popcount,4,7,0,0,0,0,0x02,0x10,0x0000000,0,0.0600,0.0220,0.0000,0,0,,,,,,1016,
lab,0x00C1B10D20260706,L2_pair_up,"C06 XOR 0x66",xor_popcount,4,7,1,0,0,0,0x06,0x60,0x0000000,0,0.1280,0.1076,0.0000,0,0,,,,,,1792,
lab,0x00C1B10D20260706,L3_gibbs,"C06 XOR 0x66",xor_popcount,4,7,1,1,0,0,0x66,0x00,0x0000000,0,1.0000,0.0000,1.0000,0,0,,,,,,29,
lab,0x00C1B10D20260706,LW_mod2_wht,"C06 XOR 0x66",xor_popcount,4,7,1,1,0,0,0x66,0x00,0x0000000,0,1.0000,1.0000,1.0000,0,0,,,,,,511,
lab,0x00C1B10D20260706,LG_gf2,"C06 XOR 0x66",xor_popcount,4,7,1,1,0,0,0x66,0x00,0x0000000,0,1.0000,1.0000,1.0000,1,45,,,,,,1,
lab,0x00C1B10D20260706,L0_tb_argmax,"C06 XOR 0x66",xor_popcount,4,8,0,0,0,0,0x00,0x91,0x0000000,0,0.0480,-0.0040,0.0000,0,0,,,,,,162,
lab,0x00C1B10D20260706,L1_single_up,"C06 XOR 0x66",xor_popcount,4,8,0,0,0,0,0x02,0x10,0x0000000,0,0.0543,0.0310,0.0000,0,0,,,,,,1016,
lab,0x00C1B10D20260706,L2_pair_up,"C06 XOR 0x66",xor_popcount,4,8,1,0,0,0,0x06,0x60,0x0000000,0,0.1211,0.1079,0.0000,0,0,,,,,,1792,
lab,0x00C1B10D20260706,L3_gibbs,"C06 XOR 0x66",xor_popcount,4,8,1,1,0,0,0x66,0x00,0x0000000,0,1.0000,0.0000,1.0000,0,0,,,,,,29,
lab,0x00C1B10D20260706,LW_mod2_wht,"C06 XOR 0x66",xor_popcount,4,8,1,1,0,0,0x66,0x00,0x0000000,0,1.0000,1.0000,1.0000,0,0,,,,,,511,
lab,0x00C1B10D20260706,LG_gf2,"C06 XOR 0x66",xor_popcount,4,8,1,1,0,0,0x66,0x00,0x0000000,0,1.0000,1.0000,1.0000,1,45,,,,,,1,
lab,0x00C1B10D20260706,L0_tb_argmax,"C06 XOR 0x66",xor_popcount,4,9,0,0,0,0,0x00,0x15,0x0000000,0,0.0429,-0.0040,0.0000,0,0,,,,,,162,
lab,0x00C1B10D20260706,L1_single_up,"C06 XOR 0x66",xor_popcount,4,9,0,0,0,0,0x01,0xF2,0x0000000,0,0.0497,0.0230,0.0000,0,0,,,,,,1016,
lab,0x00C1B10D20260706,L2_pair_up,"C06 XOR 0x66",xor_popcount,4,9,1,0,0,0,0x44,0x22,0x0000000,0,0.1223,0.1014,0.0000,0,0,,,,,,1792,
lab,0x00C1B10D20260706,L3_gibbs,"C06 XOR 0x66",xor_popcount,4,9,1,1,0,0,0x66,0x00,0x0000000,0,1.0000,0.0000,1.0000,0,0,,,,,,29,
lab,0x00C1B10D20260706,LW_mod2_wht,"C06 XOR 0x66",xor_popcount,4,9,1,1,0,0,0x66,0x00,0x0000000,0,1.0000,1.0000,1.0000,0,0,,,,,,511,
lab,0x00C1B10D20260706,LG_gf2,"C06 XOR 0x66",xor_popcount,4,9,1,1,0,0,0x66,0x00,0x0000000,0,1.0000,1.0000,1.0000,1,45,,,,,,1,
lab,0x00C1B10D20260706,L0_tb_argmax,"C06 XOR 0x66",xor_popcount,4,10,0,0,0,0,0x00,0x1C,0x0000000,0,0.0531,0.0171,0.0000,0,0,,,,,,162,
lab,0x00C1B10D20260706,L1_single_up,"C06 XOR 0x66",xor_popcount,4,10,0,0,0,0,0x10,0xE3,0x0000000,0,0.0549,0.0346,0.0000,0,0,,,,,,1016,
lab,0x00C1B10D20260706,L2_pair_up,"C06 XOR 0x66",xor_popcount,4,10,1,0,0,0,0x44,0x22,0x0000000,0,0.1269,0.1143,0.0000,0,0,,,,,,1792,
lab,0x00C1B10D20260706,L3_gibbs,"C06 XOR 0x66",xor_popcount,4,10,1,1,0,0,0x66,0x00,0x0000000,0,1.0000,0.0000,1.0000,0,0,,,,,,29,
lab,0x00C1B10D20260706,LW_mod2_wht,"C06 XOR 0x66",xor_popcount,4,10,1,1,0,0,0x66,0x00,0x0000000,0,1.0000,1.0000,1.0000,0,0,,,,,,511,
lab,0x00C1B10D20260706,LG_gf2,"C06 XOR 0x66",xor_popcount,4,10,1,1,0,0,0x66,0x00,0x0000000,0,1.0000,1.0000,1.0000,1,45,,,,,,1,
lab,0x00C1B10D20260706,L0_tb_argmax,"C06 XOR 0x66",xor_popcount,4,11,0,0,0,0,0x00,0x53,0x0000000,0,0.0577,0.0006,0.0000,0,0,,,,,,162,
lab,0x00C1B10D20260706,L1_single_up,"C06 XOR 0x66",xor_popcount,4,11,0,0,0,0,0x20,0x91,0x0000000,0,0.0583,0.0276,0.0000,0,0,,,,,,1016,
lab,0x00C1B10D20260706,L2_pair_up,"C06 XOR 0x66",xor_popcount,4,11,1,0,0,0,0x24,0x42,0x0000000,0,0.1274,0.1056,0.0000,0,0,,,,,,1792,
lab,0x00C1B10D20260706,L3_gibbs,"C06 XOR 0x66",xor_popcount,4,11,1,1,0,0,0x66,0x00,0x0000000,0,1.0000,0.0000,1.0000,0,0,,,,,,29,
lab,0x00C1B10D20260706,LW_mod2_wht,"C06 XOR 0x66",xor_popcount,4,11,1,1,0,0,0x66,0x00,0x0000000,0,1.0000,1.0000,1.0000,0,0,,,,,,511,
lab,0x00C1B10D20260706,LG_gf2,"C06 XOR 0x66",xor_popcount,4,11,1,1,0,0,0x66,0x00,0x0000000,0,1.0000,1.0000,1.0000,1,45,,,,,,1,
lab,0x00C1B10D20260706,L0_tb_argmax,"C06 XOR 0x66",xor_popcount,4,12,0,0,0,0,0x00,0x32,0x0000000,0,0.0480,0.0160,0.0000,0,0,,,,,,162,
lab,0x00C1B10D20260706,L1_single_up,"C06 XOR 0x66",xor_popcount,4,12,1,0,0,0,0x02,0x64,0x0000000,0,0.0549,0.0369,0.0000,0,0,,,,,,1016,
lab,0x00C1B10D20260706,L2_pair_up,"C06 XOR 0x66",xor_popcount,4,12,1,0,0,0,0x06,0x60,0x0000000,0,0.1160,0.1057,0.0000,0,0,,,,,,1792,
lab,0x00C1B10D20260706,L3_gibbs,"C06 XOR 0x66",xor_popcount,4,12,1,1,0,0,0x66,0x00,0x0000000,0,1.0000,0.0000,1.0000,0,0,,,,,,29,
lab,0x00C1B10D20260706,LW_mod2_wht,"C06 XOR 0x66",xor_popcount,4,12,1,1,0,0,0x66,0x00,0x0000000,0,1.0000,1.0000,1.0000,0,0,,,,,,511,
lab,0x00C1B10D20260706,LG_gf2,"C06 XOR 0x66",xor_popcount,4,12,1,1,0,0,0x66,0x00,0x0000000,0,1.0000,1.0000,1.0000,1,45,,,,,,1,
lab,0x00C1B10D20260706,L0_tb_argmax,"C06 XOR 0x66",xor_popcount,4,13,0,0,0,0,0x00,0x53,0x0000000,0,0.0491,-0.0046,0.0000,0,0,,,,,,162,
lab,0x00C1B10D20260706,L1_single_up,"C06 XOR 0x66",xor_popcount,4,13,1,0,0,0,0x02,0x64,0x0000000,0,0.0640,0.0291,0.0000,0,0,,,,,,1016,
lab,0x00C1B10D20260706,L2_pair_up,"C06 XOR 0x66",xor_popcount,4,13,1,0,0,0,0x06,0x60,0x0000000,0,0.1274,0.1065,0.0000,0,0,,,,,,1792,
lab,0x00C1B10D20260706,L3_gibbs,"C06 XOR 0x66",xor_popcount,4,13,1,1,0,0,0x66,0x00,0x0000000,0,1.0000,0.0000,1.0000,0,0,,,,,,29,
lab,0x00C1B10D20260706,LW_mod2_wht,"C06 XOR 0x66",xor_popcount,4,13,1,1,0,0,0x66,0x00,0x0000000,0,1.0000,1.0000,1.0000,0,0,,,,,,511,
lab,0x00C1B10D20260706,LG_gf2,"C06 XOR 0x66",xor_popcount,4,13,1,1,0,0,0x66,0x00,0x0000000,0,1.0000,1.0000,1.0000,1,45,,,,,,1,
lab,0x00C1B10D20260706,L0_tb_argmax,"C06 XOR 0x66",xor_popcount,4,14,0,0,0,0,0x00,0x53,0x0000000,0,0.0691,0.0063,0.0000,0,0,,,,,,162,
lab,0x00C1B10D20260706,L1_single_up,"C06 XOR 0x66",xor_popcount,4,14,0,0,0,0,0x04,0x32,0x0000000,0,0.0537,0.0367,0.0000,0,0,,,,,,1016,
lab,0x00C1B10D20260706,L2_pair_up,"C06 XOR 0x66",xor_popcount,4,14,1,0,0,0,0x06,0x60,0x0000000,0,0.1217,0.1073,0.0000,0,0,,,,,,1792,
lab,0x00C1B10D20260706,L3_gibbs,"C06 XOR 0x66",xor_popcount,4,14,1,1,0,0,0x66,0x00,0x0000000,0,1.0000,0.0000,1.0000,0,0,,,,,,29,
lab,0x00C1B10D20260706,LW_mod2_wht,"C06 XOR 0x66",xor_popcount,4,14,1,1,0,0,0x66,0x00,0x0000000,0,1.0000,1.0000,1.0000,0,0,,,,,,511,
lab,0x00C1B10D20260706,LG_gf2,"C06 XOR 0x66",xor_popcount,4,14,1,1,0,0,0x66,0x00,0x0000000,0,1.0000,1.0000,1.0000,1,45,,,,,,1,
lab,0x00C1B10D20260706,L0_tb_argmax,"C06 XOR 0x66",xor_popcount,4,15,0,0,0,0,0x00,0x68,0x0000000,0,0.0497,0.0023,0.0000,0,0,,,,,,162,
lab,0x00C1B10D20260706,L1_single_up,"C06 XOR 0x66",xor_popcount,4,15,1,0,0,0,0x02,0x64,0x0000000,0,0.0560,0.0286,0.0000,0,0,,,,,,1016,
lab,0x00C1B10D20260706,L2_pair_up,"C06 XOR 0x66",xor_popcount,4,15,1,0,0,0,0x24,0x42,0x0000000,0,0.1103,0.0981,0.0000,0,0,,,,,,1792,
lab,0x00C1B10D20260706,L3_gibbs,"C06 XOR 0x66",xor_popcount,4,15,1,1,0,0,0x66,0x00,0x0000000,0,1.0000,0.0000,1.0000,0,0,,,,,,29,
lab,0x00C1B10D20260706,LW_mod2_wht,"C06 XOR 0x66",xor_popcount,4,15,1,1,0,0,0x66,0x00,0x0000000,0,1.0000,1.0000,1.0000,0,0,,,,,,511,
lab,0x00C1B10D20260706,LG_gf2,"C06 XOR 0x66",xor_popcount,4,15,1,1,0,0,0x66,0x00,0x0000000,0,1.0000,1.0000,1.0000,1,45,,,,,,1,
lab,0x00C1B10D20260706,L0_tb_argmax,"C06 XOR 0x66",xor_popcount,4,16,0,0,0,0,0x00,0x53,0x0000000,0,0.0543,0.0006,0.0000,0,0,,,,,,162,
lab,0x00C1B10D20260706,L1_single_up,"C06 XOR 0x66",xor_popcount,4,16,1,0,0,0,0x02,0x64,0x0000000,0,0.0606,0.0307,0.0000,0,0,,,,,,1016,
lab,0x00C1B10D20260706,L2_pair_up,"C06 XOR 0x66",xor_popcount,4,16,1,0,0,0,0x06,0x60,0x0000000,0,0.1183,0.1045,0.0000,0,0,,,,,,1792,
lab,0x00C1B10D20260706,L3_gibbs,"C06 XOR 0x66",xor_popcount,4,16,1,1,0,0,0x66,0x00,0x0000000,0,1.0000,0.0000,1.0000,0,0,,,,,,29,
lab,0x00C1B10D20260706,LW_mod2_wht,"C06 XOR 0x66",xor_popcount,4,16,1,1,0,0,0x66,0x00,0x0000000,0,1.0000,1.0000,1.0000,0,0,,,,,,511,
lab,0x00C1B10D20260706,LG_gf2,"C06 XOR 0x66",xor_popcount,4,16,1,1,0,0,0x66,0x00,0x0000000,0,1.0000,1.0000,1.0000,1,45,,,,,,1,
lab,0x00C1B10D20260706,L0_tb_argmax,"C06 XOR 0x66",xor_popcount,4,17,0,0,0,0,0x00,0x53,0x0000000,0,0.0714,-0.0011,0.0000,0,0,,,,,,162,
lab,0x00C1B10D20260706,L1_single_up,"C06 XOR 0x66",xor_popcount,4,17,0,0,0,0,0x40,0x99,0x0000000,0,0.0571,0.0274,0.0000,0,0,,,,,,1016,
lab,0x00C1B10D20260706,L2_pair_up,"C06 XOR 0x66",xor_popcount,4,17,1,0,0,0,0x06,0x60,0x0000000,0,0.1371,0.1048,0.0000,0,0,,,,,,1792,
lab,0x00C1B10D20260706,L3_gibbs,"C06 XOR 0x66",xor_popcount,4,17,1,1,0,0,0x66,0x00,0x0000000,0,1.0000,0.0000,1.0000,0,0,,,,,,29,
lab,0x00C1B10D20260706,LW_mod2_wht,"C06 XOR 0x66",xor_popcount,4,17,1,1,0,0,0x66,0x00,0x0000000,0,1.0000,1.0000,1.0000,0,0,,,,,,511,
lab,0x00C1B10D20260706,LG_gf2,"C06 XOR 0x66",xor_popcount,4,17,1,1,0,0,0x66,0x00,0x0000000,0,1.0000,1.0000,1.0000,1,45,,,,,,1,
lab,0x00C1B10D20260706,L0_tb_argmax,"C06 XOR 0x66",xor_popcount,4,18,0,0,0,0,0x00,0x53,0x0000000,0,0.0514,-0.0080,0.0000,0,0,,,,,,162,
lab,0x00C1B10D20260706,L1_single_up,"C06 XOR 0x66",xor_popcount,4,18,0,0,0,0,0x80,0x66,0x0000000,0,0.0577,0.0197,0.0000,0,0,,,,,,1016,
lab,0x00C1B10D20260706,L2_pair_up,"C06 XOR 0x66",xor_popcount,4,18,1,0,0,0,0x06,0x60,0x0000000,0,0.1189,0.1040,0.0000,0,0,,,,,,1792,
lab,0x00C1B10D20260706,L3_gibbs,"C06 XOR 0x66",xor_popcount,4,18,1,1,0,0,0x66,0x00,0x0000000,0,1.0000,0.0000,1.0000,0,0,,,,,,29,
lab,0x00C1B10D20260706,LW_mod2_wht,"C06 XOR 0x66",xor_popcount,4,18,1,1,0,0,0x66,0x00,0x0000000,0,1.0000,1.0000,1.0000,0,0,,,,,,511,
lab,0x00C1B10D20260706,LG_gf2,"C06 XOR 0x66",xor_popcount,4,18,1,1,0,0,0x66,0x00,0x0000000,0,1.0000,1.0000,1.0000,1,45,,,,,,1,
lab,0x00C1B10D20260706,L0_tb_argmax,"C06 XOR 0x66",xor_popcount,4,19,0,0,0,0,0x00,0x53,0x0000000,0,0.0514,-0.0034,0.0000,0,0,,,,,,162,
lab,0x00C1B10D20260706,L1_single_up,"C06 XOR 0x66",xor_popcount,4,19,1,0,0,0,0x02,0x64,0x0000000,0,0.0577,0.0294,0.0000,0,0,,,,,,1016,
lab,0x00C1B10D20260706,L2_pair_up,"C06 XOR 0x66",xor_popcount,4,19,1,0,0,0,0x06,0x60,0x0000000,0,0.1286,0.1059,0.0000,0,0,,,,,,1792,
lab,0x00C1B10D20260706,L3_gibbs,"C06 XOR 0x66",xor_popcount,4,19,1,1,0,0,0x66,0x00,0x0000000,0,1.0000,0.0000,1.0000,0,0,,,,,,29,
lab,0x00C1B10D20260706,LW_mod2_wht,"C06 XOR 0x66",xor_popcount,4,19,1,1,0,0,0x66,0x00,0x0000000,0,1.0000,1.0000,1.0000,0,0,,,,,,511,
lab,0x00C1B10D20260706,LG_gf2,"C06 XOR 0x66",xor_popcount,4,19,1,1,0,0,0x66,0x00,0x0000000,0,1.0000,1.0000,1.0000,1,45,,,,,,1,
lab,0x00C1B10D20260706,L0_tb_argmax,"C07 XOR 0x99",xor_popcount,4,0,0,0,0,0,0x00,0xA9,0x0000000,0,0.0486,0.0223,0.0000,0,0,,,,,,162,
lab,0x00C1B10D20260706,L1_single_up,"C07 XOR 0x99",xor_popcount,4,0,1,0,0,0,0x08,0x91,0x0000000,0,0.0674,0.0433,0.0000,0,0,,,,,,1016,
lab,0x00C1B10D20260706,L2_pair_up,"C07 XOR 0x99",xor_popcount,4,0,1,0,0,0,0x88,0x11,0x0000000,0,0.1366,0.1130,0.0000,0,0,,,,,,1792,
lab,0x00C1B10D20260706,L3_gibbs,"C07 XOR 0x99",xor_popcount,4,0,1,1,0,0,0x99,0x00,0x0000000,0,1.0000,0.0000,1.0000,0,0,,,,,,29,
lab,0x00C1B10D20260706,LW_mod2_wht,"C07 XOR 0x99",xor_popcount,4,0,1,1,0,0,0x99,0x00,0x0000000,0,1.0000,1.0000,1.0000,0,0,,,,,,511,
lab,0x00C1B10D20260706,LG_gf2,"C07 XOR 0x99",xor_popcount,4,0,1,1,0,0,0x99,0x00,0x0000000,0,1.0000,1.0000,1.0000,1,45,,,,,,1,
lab,0x00C1B10D20260706,L0_tb_argmax,"C07 XOR 0x99",xor_popcount,4,1,0,0,0,0,0x00,0x39,0x0000000,0,0.0497,0.0189,0.0000,0,0,,,,,,162,
lab,0x00C1B10D20260706,L1_single_up,"C07 XOR 0x99",xor_popcount,4,1,1,0,0,0,0x08,0x91,0x0000000,0,0.0589,0.0439,0.0000,0,0,,,,,,1016,
lab,0x00C1B10D20260706,L2_pair_up,"C07 XOR 0x99",xor_popcount,4,1,1,0,0,0,0x11,0x88,0x0000000,0,0.1297,0.1151,0.0000,0,0,,,,,,1792,
lab,0x00C1B10D20260706,L3_gibbs,"C07 XOR 0x99",xor_popcount,4,1,1,1,0,0,0x99,0x00,0x0000000,0,1.0000,0.0000,1.0000,0,0,,,,,,29,
lab,0x00C1B10D20260706,LW_mod2_wht,"C07 XOR 0x99",xor_popcount,4,1,1,1,0,0,0x99,0x00,0x0000000,0,1.0000,1.0000,1.0000,0,0,,,,,,511,
lab,0x00C1B10D20260706,LG_gf2,"C07 XOR 0x99",xor_popcount,4,1,1,1,0,0,0x99,0x00,0x0000000,0,1.0000,1.0000,1.0000,1,45,,,,,,1,
lab,0x00C1B10D20260706,L0_tb_argmax,"C07 XOR 0x99",xor_popcount,4,2,0,0,0,0,0x00,0x66,0x0000000,0,0.0526,0.0280,0.0000,0,0,,,,,,162,
lab,0x00C1B10D20260706,L1_single_up,"C07 XOR 0x99",xor_popcount,4,2,0,0,0,0,0x20,0x96,0x0000000,0,0.0594,0.0424,0.0000,0,0,,,,,,1016,
lab,0x00C1B10D20260706,L2_pair_up,"C07 XOR 0x99",xor_popcount,4,2,1,0,0,0,0x11,0x88,0x0000000,0,0.1257,0.1102,0.0000,0,0,,,,,,1792,
lab,0x00C1B10D20260706,L3_gibbs,"C07 XOR 0x99",xor_popcount,4,2,1,1,0,0,0x99,0x00,0x0000000,0,1.0000,0.0000,1.0000,0,0,,,,,,29,
lab,0x00C1B10D20260706,LW_mod2_wht,"C07 XOR 0x99",xor_popcount,4,2,1,1,0,0,0x99,0x00,0x0000000,0,1.0000,1.0000,1.0000,0,0,,,,,,511,
lab,0x00C1B10D20260706,LG_gf2,"C07 XOR 0x99",xor_popcount,4,2,1,1,0,0,0x99,0x00,0x0000000,0,1.0000,1.0000,1.0000,1,45,,,,,,1,
lab,0x00C1B10D20260706,L0_tb_argmax,"C07 XOR 0x99",xor_popcount,4,3,0,0,0,0,0x00,0x66,0x0000000,0,0.0457,0.0034,0.0000,0,0,,,,,,162,
lab,0x00C1B10D20260706,L1_single_up,"C07 XOR 0x99",xor_popcount,4,3,0,0,0,0,0x40,0xBC,0x0000000,0,0.0669,0.0306,0.0000,0,0,,,,,,1016,
lab,0x00C1B10D20260706,L2_pair_up,"C07 XOR 0x99",xor_popcount,4,3,1,0,0,0,0x88,0x11,0x0000000,0,0.1240,0.1067,0.0000,0,0,,,,,,1792,
lab,0x00C1B10D20260706,L3_gibbs,"C07 XOR 0x99",xor_popcount,4,3,1,1,0,0,0x99,0x00,0x0000000,0,1.0000,0.0000,1.0000,0,0,,,,,,29,
lab,0x00C1B10D20260706,LW_mod2_wht,"C07 XOR 0x99",xor_popcount,4,3,1,1,0,0,0x99,0x00,0x0000000,0,1.0000,1.0000,1.0000,0,0,,,,,,511,
lab,0x00C1B10D20260706,LG_gf2,"C07 XOR 0x99",xor_popcount,4,3,1,1,0,0,0x99,0x00,0x0000000,0,1.0000,1.0000,1.0000,1,45,,,,,,1,
lab,0x00C1B10D20260706,L0_tb_argmax,"C07 XOR 0x99",xor_popcount,4,4,0,0,0,0,0x00,0x66,0x0000000,0,0.0474,0.0257,0.0000,0,0,,,,,,162,
lab,0x00C1B10D20260706,L1_single_up,"C07 XOR 0x99",xor_popcount,4,4,1,0,0,0,0x08,0x91,0x0000000,0,0.0623,0.0396,0.0000,0,0,,,,,,1016,
lab,0x00C1B10D20260706,L2_pair_up,"C07 XOR 0x99",xor_popcount,4,4,1,0,0,0,0x09,0x90,0x0000000,0,0.1349,0.1170,0.0000,0,0,,,,,,1792,
lab,0x00C1B10D20260706,L3_gibbs,"C07 XOR 0x99",xor_popcount,4,4,1,1,0,0,0x99,0x00,0x0000000,0,1.0000,0.0000,1.0000,0,0,,,,,,29,
lab,0x00C1B10D20260706,LW_mod2_wht,"C07 XOR 0x99",xor_popcount,4,4,1,1,0,0,0x99,0x00,0x0000000,0,1.0000,1.0000,1.0000,0,0,,,,,,511,
lab,0x00C1B10D20260706,LG_gf2,"C07 XOR 0x99",xor_popcount,4,4,1,1,0,0,0x99,0x00,0x0000000,0,1.0000,1.0000,1.0000,1,45,,,,,,1,
lab,0x00C1B10D20260706,L0_tb_argmax,"C07 XOR 0x99",xor_popcount,4,5,0,0,0,0,0x00,0xA4,0x0000000,0,0.0446,0.0234,0.0000,0,0,,,,,,162,
lab,0x00C1B10D20260706,L1_single_up,"C07 XOR 0x99",xor_popcount,4,5,1,0,0,0,0x08,0x91,0x0000000,0,0.0543,0.0413,0.0000,0,0,,,,,,1016,
lab,0x00C1B10D20260706,L2_pair_up,"C07 XOR 0x99",xor_popcount,4,5,1,0,0,0,0x09,0x90,0x0000000,0,0.1240,0.1090,0.0000,0,0,,,,,,1792,
lab,0x00C1B10D20260706,L3_gibbs,"C07 XOR 0x99",xor_popcount,4,5,1,1,0,0,0x99,0x00,0x0000000,0,1.0000,0.0000,1.0000,0,0,,,,,,29,
lab,0x00C1B10D20260706,LW_mod2_wht,"C07 XOR 0x99",xor_popcount,4,5,1,1,0,0,0x99,0x00,0x0000000,0,1.0000,1.0000,1.0000,0,0,,,,,,511,
lab,0x00C1B10D20260706,LG_gf2,"C07 XOR 0x99",xor_popcount,4,5,1,1,0,0,0x99,0x00,0x0000000,0,1.0000,1.0000,1.0000,1,45,,,,,,1,
lab,0x00C1B10D20260706,L0_tb_argmax,"C07 XOR 0x99",xor_popcount,4,6,0,0,0,0,0x00,0x39,0x0000000,0,0.0429,0.0120,0.0000,0,0,,,,,,162,
lab,0x00C1B10D20260706,L1_single_up,"C07 XOR 0x99",xor_popcount,4,6,1,0,0,0,0x08,0x91,0x0000000,0,0.0617,0.0353,0.0000,0,0,,,,,,1016,
lab,0x00C1B10D20260706,L2_pair_up,"C07 XOR 0x99",xor_popcount,4,6,1,0,0,0,0x88,0x11,0x0000000,0,0.1366,0.1106,0.0000,0,0,,,,,,1792,
lab,0x00C1B10D20260706,L3_gibbs,"C07 XOR 0x99",xor_popcount,4,6,1,1,0,0,0x99,0x00,0x0000000,0,1.0000,0.0000,1.0000,0,0,,,,,,29,
lab,0x00C1B10D20260706,LW_mod2_wht,"C07 XOR 0x99",xor_popcount,4,6,1,1,0,0,0x99,0x00,0x0000000,0,1.0000,1.0000,1.0000,0,0,,,,,,511,
lab,0x00C1B10D20260706,LG_gf2,"C07 XOR 0x99",xor_popcount,4,6,1,1,0,0,0x99,0x00,0x0000000,0,1.0000,1.0000,1.0000,1,45,,,,,,1,
lab,0x00C1B10D20260706,L0_tb_argmax,"C07 XOR 0x99",xor_popcount,4,7,0,0,0,0,0x00,0x90,0x0000000,0,0.0411,0.0126,0.0000,0,0,,,,,,162,
lab,0x00C1B10D20260706,L1_single_up,"C07 XOR 0x99",xor_popcount,4,7,0,0,0,0,0x20,0x8E,0x0000000,0,0.0531,0.0314,0.0000,0,0,,,,,,1016,
lab,0x00C1B10D20260706,L2_pair_up,"C07 XOR 0x99",xor_popcount,4,7,1,0,0,0,0x09,0x90,0x0000000,0,0.1257,0.1055,0.0000,0,0,,,,,,1792,
lab,0x00C1B10D20260706,L3_gibbs,"C07 XOR 0x99",xor_popcount,4,7,1,1,0,0,0x99,0x00,0x0000000,0,1.0000,0.0000,1.0000,0,0,,,,,,29,
lab,0x00C1B10D20260706,LW_mod2_wht,"C07 XOR 0x99",xor_popcount,4,7,1,1,0,0,0x99,0x00,0x0000000,0,1.0000,1.0000,1.0000,0,0,,,,,,511,
lab,0x00C1B10D20260706,LG_gf2,"C07 XOR 0x99",xor_popcount,4,7,1,1,0,0,0x99,0x00,0x0000000,0,1.0000,1.0000,1.0000,1,45,,,,,,1,
lab,0x00C1B10D20260706,L0_tb_argmax,"C07 XOR 0x99",xor_popcount,4,8,0,0,0,0,0x00,0xA9,0x0000000,0,0.0497,0.0211,0.0000,0,0,,,,,,162,
lab,0x00C1B10D20260706,L1_single_up,"C07 XOR 0x99",xor_popcount,4,8,0,0,0,0,0x40,0xBC,0x0000000,0,0.0720,0.0427,0.0000,0,0,,,,,,1016,
lab,0x00C1B10D20260706,L2_pair_up,"C07 XOR 0x99",xor_popcount,4,8,1,0,0,0,0x88,0x11,0x0000000,0,0.1246,0.1056,0.0000,0,0,,,,,,1792,
lab,0x00C1B10D20260706,L3_gibbs,"C07 XOR 0x99",xor_popcount,4,8,1,1,0,0,0x99,0x00,0x0000000,0,1.0000,0.0000,1.0000,0,0,,,,,,29,
lab,0x00C1B10D20260706,LW_mod2_wht,"C07 XOR 0x99",xor_popcount,4,8,1,1,0,0,0x99,0x00,0x0000000,0,1.0000,1.0000,1.0000,0,0,,,,,,511,
lab,0x00C1B10D20260706,LG_gf2,"C07 XOR 0x99",xor_popcount,4,8,1,1,0,0,0x99,0x00,0x0000000,0,1.0000,1.0000,1.0000,1,45,,,,,,1,
lab,0x00C1B10D20260706,L0_tb_argmax,"C07 XOR 0x99",xor_popcount,4,9,0,0,0,0,0x00,0x90,0x0000000,0,0.0549,0.0149,0.0000,0,0,,,,,,162,
lab,0x00C1B10D20260706,L1_single_up,"C07 XOR 0x99",xor_popcount,4,9,0,0,0,0,0x10,0xE5,0x0000000,0,0.0549,0.0397,0.0000,0,0,,,,,,1016,
lab,0x00C1B10D20260706,L2_pair_up,"C07 XOR 0x99",xor_popcount,4,9,1,0,0,0,0x09,0x90,0x0000000,0,0.1303,0.1150,0.0000,0,0,,,,,,1792,
lab,0x00C1B10D20260706,L3_gibbs,"C07 XOR 0x99",xor_popcount,4,9,1,1,0,0,0x99,0x00,0x0000000,0,1.0000,0.0000,1.0000,0,0,,,,,,29,
lab,0x00C1B10D20260706,LW_mod2_wht,"C07 XOR 0x99",xor_popcount,4,9,1,1,0,0,0x99,0x00,0x0000000,0,1.0000,1.0000,1.0000,0,0,,,,,,511,
lab,0x00C1B10D20260706,LG_gf2,"C07 XOR 0x99",xor_popcount,4,9,1,1,0,0,0x99,0x00,0x0000000,0,1.0000,1.0000,1.0000,1,45,,,,,,1,
lab,0x00C1B10D20260706,L0_tb_argmax,"C07 XOR 0x99",xor_popcount,4,10,0,0,0,0,0x00,0x13,0x0000000,0,0.0411,0.0286,0.0000,0,0,,,,,,162,
lab,0x00C1B10D20260706,L1_single_up,"C07 XOR 0x99",xor_popcount,4,10,1,0,0,0,0x08,0x91,0x0000000,0,0.0634,0.0417,0.0000,0,0,,,,,,1016,
lab,0x00C1B10D20260706,L2_pair_up,"C07 XOR 0x99",xor_popcount,4,10,1,0,0,0,0x11,0x88,0x0000000,0,0.1451,0.1128,0.0000,0,0,,,,,,1792,
lab,0x00C1B10D20260706,L3_gibbs,"C07 XOR 0x99",xor_popcount,4,10,1,1,0,0,0x99,0x00,0x0000000,0,1.0000,0.0000,1.0000,0,0,,,,,,29,
lab,0x00C1B10D20260706,LW_mod2_wht,"C07 XOR 0x99",xor_popcount,4,10,1,1,0,0,0x99,0x00,0x0000000,0,1.0000,1.0000,1.0000,0,0,,,,,,511,
lab,0x00C1B10D20260706,LG_gf2,"C07 XOR 0x99",xor_popcount,4,10,1,1,0,0,0x99,0x00,0x0000000,0,1.0000,1.0000,1.0000,1,45,,,,,,1,
lab,0x00C1B10D20260706,L0_tb_argmax,"C07 XOR 0x99",xor_popcount,4,11,0,0,0,0,0x00,0x66,0x0000000,0,0.0611,0.0246,0.0000,0,0,,,,,,162,
lab,0x00C1B10D20260706,L1_single_up,"C07 XOR 0x99",xor_popcount,4,11,1,0,0,0,0x08,0x91,0x0000000,0,0.0634,0.0376,0.0000,0,0,,,,,,1016,
lab,0x00C1B10D20260706,L2_pair_up,"C07 XOR 0x99",xor_popcount,4,11,1,0,0,0,0x09,0x90,0x0000000,0,0.1274,0.1081,0.0000,0,0,,,,,,1792,
lab,0x00C1B10D20260706,L3_gibbs,"C07 XOR 0x99",xor_popcount,4,11,1,1,0,0,0x99,0x00,0x0000000,0,1.0000,0.0000,1.0000,0,0,,,,,,29,
lab,0x00C1B10D20260706,LW_mod2_wht,"C07 XOR 0x99",xor_popcount,4,11,1,1,0,0,0x99,0x00,0x0000000,0,1.0000,1.0000,1.0000,0,0,,,,,,511,
lab,0x00C1B10D20260706,LG_gf2,"C07 XOR 0x99",xor_popcount,4,11,1,1,0,0,0x99,0x00,0x0000000,0,1.0000,1.0000,1.0000,1,45,,,,,,1,
lab,0x00C1B10D20260706,L0_tb_argmax,"C07 XOR 0x99",xor_popcount,4,12,0,0,0,0,0x00,0x46,0x0000000,0,0.0417,0.0274,0.0000,0,0,,,,,,162,
lab,0x00C1B10D20260706,L1_single_up,"C07 XOR 0x99",xor_popcount,4,12,1,0,0,0,0x08,0x91,0x0000000,0,0.0600,0.0406,0.0000,0,0,,,,,,1016,
lab,0x00C1B10D20260706,L2_pair_up,"C07 XOR 0x99",xor_popcount,4,12,1,0,0,0,0x11,0x88,0x0000000,0,0.1251,0.1084,0.0000,0,0,,,,,,1792,
lab,0x00C1B10D20260706,L3_gibbs,"C07 XOR 0x99",xor_popcount,4,12,1,1,0,0,0x99,0x00,0x0000000,0,1.0000,0.0000,1.0000,0,0,,,,,,29,
lab,0x00C1B10D20260706,LW_mod2_wht,"C07 XOR 0x99",xor_popcount,4,12,1,1,0,0,0x99,0x00,0x0000000,0,1.0000,1.0000,1.0000,0,0,,,,,,511,
lab,0x00C1B10D20260706,LG_gf2,"C07 XOR 0x99",xor_popcount,4,12,1,1,0,0,0x99,0x00,0x0000000,0,1.0000,1.0000,1.0000,1,45,,,,,,1,
lab,0x00C1B10D20260706,L0_tb_argmax,"C07 XOR 0x99",xor_popcount,4,13,0,0,0,0,0x00,0x66,0x0000000,0,0.0417,-0.0109,0.0000,0,0,,,,,,162,
lab,0x00C1B10D20260706,L1_single_up,"C07 XOR 0x99",xor_popcount,4,13,0,0,0,0,0x80,0x6C,0x0000000,0,0.0617,0.0236,0.0000,0,0,,,,,,1016,
lab,0x00C1B10D20260706,L2_pair_up,"C07 XOR 0x99",xor_popcount,4,13,1,0,0,0,0x11,0x88,0x0000000,0,0.1309,0.1030,0.0000,0,0,,,,,,1792,
lab,0x00C1B10D20260706,L3_gibbs,"C07 XOR 0x99",xor_popcount,4,13,1,1,0,0,0x99,0x00,0x0000000,0,1.0000,0.0000,1.0000,0,0,,,,,,29,
lab,0x00C1B10D20260706,LW_mod2_wht,"C07 XOR 0x99",xor_popcount,4,13,1,1,0,0,0x99,0x00,0x0000000,0,1.0000,1.0000,1.0000,0,0,,,,,,511,
lab,0x00C1B10D20260706,LG_gf2,"C07 XOR 0x99",xor_popcount,4,13,1,1,0,0,0x99,0x00,0x0000000,0,1.0000,1.0000,1.0000,1,45,,,,,,1,
lab,0x00C1B10D20260706,L0_tb_argmax,"C07 XOR 0x99",xor_popcount,4,14,0,0,0,0,0x00,0x66,0x0000000,0,0.0571,0.0217,0.0000,0,0,,,,,,162,
lab,0x00C1B10D20260706,L1_single_up,"C07 XOR 0x99",xor_popcount,4,14,0,0,0,0,0x40,0x8B,0x0000000,0,0.0526,0.0377,0.0000,0,0,,,,,,1016,
lab,0x00C1B10D20260706,L2_pair_up,"C07 XOR 0x99",xor_popcount,4,14,1,0,0,0,0x11,0x88,0x0000000,0,0.1269,0.1090,0.0000,0,0,,,,,,1792,
lab,0x00C1B10D20260706,L3_gibbs,"C07 XOR 0x99",xor_popcount,4,14,1,1,0,0,0x99,0x00,0x0000000,0,1.0000,0.0000,1.0000,0,0,,,,,,29,
lab,0x00C1B10D20260706,LW_mod2_wht,"C07 XOR 0x99",xor_popcount,4,14,1,1,0,0,0x99,0x00,0x0000000,0,1.0000,1.0000,1.0000,0,0,,,,,,511,
lab,0x00C1B10D20260706,LG_gf2,"C07 XOR 0x99",xor_popcount,4,14,1,1,0,0,0x99,0x00,0x0000000,0,1.0000,1.0000,1.0000,1,45,,,,,,1,
lab,0x00C1B10D20260706,L0_tb_argmax,"C07 XOR 0x99",xor_popcount,4,15,0,0,0,0,0x00,0xA3,0x0000000,0,0.0411,0.0263,0.0000,0,0,,,,,,162,
lab,0x00C1B10D20260706,L1_single_up,"C07 XOR 0x99",xor_popcount,4,15,0,0,0,0,0x20,0x86,0x0000000,0,0.0560,0.0406,0.0000,0,0,,,,,,1016,
lab,0x00C1B10D20260706,L2_pair_up,"C07 XOR 0x99",xor_popcount,4,15,1,0,0,0,0x09,0x90,0x0000000,0,0.1343,0.1109,0.0000,0,0,,,,,,1792,
lab,0x00C1B10D20260706,L3_gibbs,"C07 XOR 0x99",xor_popcount,4,15,1,1,0,0,0x99,0x00,0x0000000,0,1.0000,0.0000,1.0000,0,0,,,,,,29,
lab,0x00C1B10D20260706,LW_mod2_wht,"C07 XOR 0x99",xor_popcount,4,15,1,1,0,0,0x99,0x00,0x0000000,0,1.0000,1.0000,1.0000,0,0,,,,,,511,
lab,0x00C1B10D20260706,LG_gf2,"C07 XOR 0x99",xor_popcount,4,15,1,1,0,0,0x99,0x00,0x0000000,0,1.0000,1.0000,1.0000,1,45,,,,,,1,
lab,0x00C1B10D20260706,L0_tb_argmax,"C07 XOR 0x99",xor_popcount,4,16,0,0,0,0,0x00,0x66,0x0000000,0,0.0703,0.0217,0.0000,0,0,,,,,,162,
lab,0x00C1B10D20260706,L1_single_up,"C07 XOR 0x99",xor_popcount,4,16,0,0,0,0,0x40,0xBC,0x0000000,0,0.0600,0.0349,0.0000,0,0,,,,,,1016,
lab,0x00C1B10D20260706,L2_pair_up,"C07 XOR 0x99",xor_popcount,4,16,1,0,0,0,0x09,0x90,0x0000000,0,0.1223,0.1048,0.0000,0,0,,,,,,1792,
lab,0x00C1B10D20260706,L3_gibbs,"C07 XOR 0x99",xor_popcount,4,16,1,1,0,0,0x99,0x00,0x0000000,0,1.0000,0.0000,1.0000,0,0,,,,,,29,
lab,0x00C1B10D20260706,LW_mod2_wht,"C07 XOR 0x99",xor_popcount,4,16,1,1,0,0,0x99,0x00,0x0000000,0,1.0000,1.0000,1.0000,0,0,,,,,,511,
lab,0x00C1B10D20260706,LG_gf2,"C07 XOR 0x99",xor_popcount,4,16,1,1,0,0,0x99,0x00,0x0000000,0,1.0000,1.0000,1.0000,1,45,,,,,,1,
lab,0x00C1B10D20260706,L0_tb_argmax,"C07 XOR 0x99",xor_popcount,4,17,0,0,0,0,0x00,0xF0,0x0000000,0,0.0486,0.0200,0.0000,0,0,,,,,,162,
lab,0x00C1B10D20260706,L1_single_up,"C07 XOR 0x99",xor_popcount,4,17,1,0,0,0,0x08,0x91,0x0000000,0,0.0691,0.0427,0.0000,0,0,,,,,,1016,
lab,0x00C1B10D20260706,L2_pair_up,"C07 XOR 0x99",xor_popcount,4,17,1,0,0,0,0x88,0x11,0x0000000,0,0.1417,0.1104,0.0000,0,0,,,,,,1792,
lab,0x00C1B10D20260706,L3_gibbs,"C07 XOR 0x99",xor_popcount,4,17,1,1,0,0,0x99,0x00,0x0000000,0,1.0000,0.0000,1.0000,0,0,,,,,,29,
lab,0x00C1B10D20260706,LW_mod2_wht,"C07 XOR 0x99",xor_popcount,4,17,1,1,0,0,0x99,0x00,0x0000000,0,1.0000,1.0000,1.0000,0,0,,,,,,511,
lab,0x00C1B10D20260706,LG_gf2,"C07 XOR 0x99",xor_popcount,4,17,1,1,0,0,0x99,0x00,0x0000000,0,1.0000,1.0000,1.0000,1,45,,,,,,1,
lab,0x00C1B10D20260706,L0_tb_argmax,"C07 XOR 0x99",xor_popcount,4,18,0,0,0,0,0x00,0xA9,0x0000000,0,0.0503,0.0166,0.0000,0,0,,,,,,162,
lab,0x00C1B10D20260706,L1_single_up,"C07 XOR 0x99",xor_popcount,4,18,0,0,0,0,0x40,0xBC,0x0000000,0,0.0651,0.0221,0.0000,0,0,,,,,,1016,
lab,0x00C1B10D20260706,L2_pair_up,"C07 XOR 0x99",xor_popcount,4,18,1,0,0,0,0x09,0x90,0x0000000,0,0.1154,0.0938,0.0000,0,0,,,,,,1792,
lab,0x00C1B10D20260706,L3_gibbs,"C07 XOR 0x99",xor_popcount,4,18,1,1,0,0,0x99,0x00,0x0000000,0,1.0000,0.0000,1.0000,0,0,,,,,,29,
lab,0x00C1B10D20260706,LW_mod2_wht,"C07 XOR 0x99",xor_popcount,4,18,1,1,0,0,0x99,0x00,0x0000000,0,1.0000,1.0000,1.0000,0,0,,,,,,511,
lab,0x00C1B10D20260706,LG_gf2,"C07 XOR 0x99",xor_popcount,4,18,1,1,0,0,0x99,0x00,0x0000000,0,1.0000,1.0000,1.0000,1,45,,,,,,1,
lab,0x00C1B10D20260706,L0_tb_argmax,"C07 XOR 0x99",xor_popcount,4,19,0,0,0,0,0x00,0x39,0x0000000,0,0.0583,0.0080,0.0000,0,0,,,,,,162,
lab,0x00C1B10D20260706,L1_single_up,"C07 XOR 0x99",xor_popcount,4,19,1,0,0,0,0x08,0x91,0x0000000,0,0.0566,0.0306,0.0000,0,0,,,,,,1016,
lab,0x00C1B10D20260706,L2_pair_up,"C07 XOR 0x99",xor_popcount,4,19,1,0,0,0,0x88,0x11,0x0000000,0,0.1194,0.1021,0.0000,0,0,,,,,,1792,
lab,0x00C1B10D20260706,L3_gibbs,"C07 XOR 0x99",xor_popcount,4,19,1,1,0,0,0x99,0x00,0x0000000,0,1.0000,0.0000,1.0000,0,0,,,,,,29,
lab,0x00C1B10D20260706,LW_mod2_wht,"C07 XOR 0x99",xor_popcount,4,19,1,1,0,0,0x99,0x00,0x0000000,0,1.0000,1.0000,1.0000,0,0,,,,,,511,
lab,0x00C1B10D20260706,LG_gf2,"C07 XOR 0x99",xor_popcount,4,19,1,1,0,0,0x99,0x00,0x0000000,0,1.0000,1.0000,1.0000,1,45,,,,,,1,
lab,0x00C1B10D20260706,L0_tb_argmax,"C08 parity count",mod_synthesis,8,0,0,0,0,0,0x00,0x0F,0x0000000,0,0.0497,1.0000,0.0000,0,0,,,,,,162,
lab,0x00C1B10D20260706,L1_single_up,"C08 parity count",mod_synthesis,8,0,0,0,0,0,0x02,0xFD,0x0000000,0,0.3566,0.3280,0.0000,0,0,,,,,,1016,
lab,0x00C1B10D20260706,L2_pair_up,"C08 parity count",mod_synthesis,8,0,0,0,0,0,0x88,0x77,0x0000000,0,0.1371,0.1043,0.0000,0,0,,,,,,1792,
lab,0x00C1B10D20260706,L3_gibbs,"C08 parity count",mod_synthesis,8,0,0,0,0,0,0xFF,0x00,0x0000000,0,0.0411,0.0000,0.0057,0,0,,,,,,228,
lab,0x00C1B10D20260706,LW_mod2_wht,"C08 parity count",mod_synthesis,8,0,1,1,0,0,0x00,0xFF,0x0000000,0,1.0000,1.0000,1.0000,0,0,,,,,,511,
lab,0x00C1B10D20260706,LG_gf2,"C08 parity count",mod_synthesis,8,0,1,1,0,0,0x00,0xFF,0x0000000,0,1.0000,1.0000,1.0000,1,45,,,,,,1,
lab,0x00C1B10D20260706,L0_tb_argmax,"C08 parity count",mod_synthesis,8,1,0,0,0,0,0x00,0x4B,0x0000000,0,0.0526,1.0000,0.0000,0,0,,,,,,162,
lab,0x00C1B10D20260706,L1_single_up,"C08 parity count",mod_synthesis,8,1,0,0,0,0,0x01,0xFE,0x0000000,0,0.3440,0.3305,0.0000,0,0,,,,,,1016,
lab,0x00C1B10D20260706,L2_pair_up,"C08 parity count",mod_synthesis,8,1,0,0,0,0,0x82,0x7D,0x0000000,0,0.1331,0.1041,0.0000,0,0,,,,,,1792,
lab,0x00C1B10D20260706,L3_gibbs,"C08 parity count",mod_synthesis,8,1,0,0,0,0,0xFF,0x00,0x0000000,0,0.0246,0.0000,0.0274,0,0,,,,,,228,
lab,0x00C1B10D20260706,LW_mod2_wht,"C08 parity count",mod_synthesis,8,1,1,1,0,0,0x00,0xFF,0x0000000,0,1.0000,1.0000,1.0000,0,0,,,,,,511,
lab,0x00C1B10D20260706,LG_gf2,"C08 parity count",mod_synthesis,8,1,1,1,0,0,0x00,0xFF,0x0000000,0,1.0000,1.0000,1.0000,1,45,,,,,,1,
lab,0x00C1B10D20260706,L0_tb_argmax,"C08 parity count",mod_synthesis,8,2,0,0,0,0,0x00,0x78,0x0000000,0,0.0611,1.0000,0.0000,0,0,,,,,,162,
lab,0x00C1B10D20260706,L1_single_up,"C08 parity count",mod_synthesis,8,2,0,0,0,0,0x01,0xFE,0x0000000,0,0.3474,0.3342,0.0000,0,0,,,,,,1016,
lab,0x00C1B10D20260706,L2_pair_up,"C08 parity count",mod_synthesis,8,2,0,0,0,0,0x90,0x6F,0x0000000,0,0.1309,0.1066,0.0000,0,0,,,,,,1792,
lab,0x00C1B10D20260706,L3_gibbs,"C08 parity count",mod_synthesis,8,2,0,0,0,0,0xFF,0x00,0x0000000,0,0.0177,0.0000,0.0411,0,0,,,,,,228,
lab,0x00C1B10D20260706,LW_mod2_wht,"C08 parity count",mod_synthesis,8,2,1,1,0,0,0x00,0xFF,0x0000000,0,1.0000,1.0000,1.0000,0,0,,,,,,511,
lab,0x00C1B10D20260706,LG_gf2,"C08 parity count",mod_synthesis,8,2,1,1,0,0,0x00,0xFF,0x0000000,0,1.0000,1.0000,1.0000,1,45,,,,,,1,
lab,0x00C1B10D20260706,L0_tb_argmax,"C08 parity count",mod_synthesis,8,3,0,0,0,0,0x00,0x62,0x0000000,0,0.0423,1.0000,0.0000,0,0,,,,,,162,
lab,0x00C1B10D20260706,L1_single_up,"C08 parity count",mod_synthesis,8,3,0,0,0,0,0x02,0xFD,0x0000000,0,0.3411,0.3292,0.0000,0,0,,,,,,1016,
lab,0x00C1B10D20260706,L2_pair_up,"C08 parity count",mod_synthesis,8,3,0,0,0,0,0x90,0x6F,0x0000000,0,0.1274,0.1037,0.0000,0,0,,,,,,1792,
lab,0x00C1B10D20260706,L3_gibbs,"C08 parity count",mod_synthesis,8,3,0,0,0,0,0xFF,0x00,0x0000000,0,0.0166,0.0000,0.0434,0,0,,,,,,228,
lab,0x00C1B10D20260706,LW_mod2_wht,"C08 parity count",mod_synthesis,8,3,1,1,0,0,0x00,0xFF,0x0000000,0,1.0000,1.0000,1.0000,0,0,,,,,,511,
lab,0x00C1B10D20260706,LG_gf2,"C08 parity count",mod_synthesis,8,3,1,1,0,0,0x00,0xFF,0x0000000,0,1.0000,1.0000,1.0000,1,45,,,,,,1,
lab,0x00C1B10D20260706,L0_tb_argmax,"C08 parity count",mod_synthesis,8,4,0,0,0,0,0x00,0x78,0x0000000,0,0.0474,1.0000,0.0000,0,0,,,,,,162,
lab,0x00C1B10D20260706,L1_single_up,"C08 parity count",mod_synthesis,8,4,0,0,0,0,0x10,0xEF,0x0000000,0,0.3451,0.3329,0.0000,0,0,,,,,,1016,
lab,0x00C1B10D20260706,L2_pair_up,"C08 parity count",mod_synthesis,8,4,0,0,0,0,0x05,0xFA,0x0000000,0,0.1371,0.1072,0.0000,0,0,,,,,,1792,
lab,0x00C1B10D20260706,L3_gibbs,"C08 parity count",mod_synthesis,8,4,0,0,0,0,0xFF,0x00,0x0000000,0,0.0086,0.0000,0.0594,0,0,,,,,,228,
lab,0x00C1B10D20260706,LW_mod2_wht,"C08 parity count",mod_synthesis,8,4,1,1,0,0,0x00,0xFF,0x0000000,0,1.0000,1.0000,1.0000,0,0,,,,,,511,
lab,0x00C1B10D20260706,LG_gf2,"C08 parity count",mod_synthesis,8,4,1,1,0,0,0x00,0xFF,0x0000000,0,1.0000,1.0000,1.0000,1,45,,,,,,1,
lab,0x00C1B10D20260706,L0_tb_argmax,"C08 parity count",mod_synthesis,8,5,0,0,0,0,0x00,0x4B,0x0000000,0,0.0531,1.0000,0.0000,0,0,,,,,,162,
lab,0x00C1B10D20260706,L1_single_up,"C08 parity count",mod_synthesis,8,5,0,0,0,0,0x01,0xFE,0x0000000,0,0.3520,0.3361,0.0000,0,0,,,,,,1016,
lab,0x00C1B10D20260706,L2_pair_up,"C08 parity count",mod_synthesis,8,5,0,0,0,0,0x05,0xFA,0x0000000,0,0.1417,0.1140,0.0000,0,0,,,,,,1792,
lab,0x00C1B10D20260706,L3_gibbs,"C08 parity count",mod_synthesis,8,5,0,0,0,0,0xFF,0x00,0x0000000,0,0.0160,0.0000,0.0446,0,0,,,,,,228,
lab,0x00C1B10D20260706,LW_mod2_wht,"C08 parity count",mod_synthesis,8,5,1,1,0,0,0x00,0xFF,0x0000000,0,1.0000,1.0000,1.0000,0,0,,,,,,511,
lab,0x00C1B10D20260706,LG_gf2,"C08 parity count",mod_synthesis,8,5,1,1,0,0,0x00,0xFF,0x0000000,0,1.0000,1.0000,1.0000,1,45,,,,,,1,
lab,0x00C1B10D20260706,L0_tb_argmax,"C08 parity count",mod_synthesis,8,6,0,0,0,0,0x00,0x4B,0x0000000,0,0.0503,1.0000,0.0000,0,0,,,,,,162,
lab,0x00C1B10D20260706,L1_single_up,"C08 parity count",mod_synthesis,8,6,0,0,0,0,0x10,0xEF,0x0000000,0,0.3537,0.3334,0.0000,0,0,,,,,,1016,
lab,0x00C1B10D20260706,L2_pair_up,"C08 parity count",mod_synthesis,8,6,0,0,0,0,0x03,0xFC,0x0000000,0,0.1371,0.1074,0.0000,0,0,,,,,,1792,
lab,0x00C1B10D20260706,L3_gibbs,"C08 parity count",mod_synthesis,8,6,0,0,0,0,0xFF,0x00,0x0000000,0,0.0474,0.0000,0.0183,0,0,,,,,,228,
lab,0x00C1B10D20260706,LW_mod2_wht,"C08 parity count",mod_synthesis,8,6,1,1,0,0,0x00,0xFF,0x0000000,0,1.0000,1.0000,1.0000,0,0,,,,,,511,
lab,0x00C1B10D20260706,LG_gf2,"C08 parity count",mod_synthesis,8,6,1,1,0,0,0x00,0xFF,0x0000000,0,1.0000,1.0000,1.0000,1,45,,,,,,1,
lab,0x00C1B10D20260706,L0_tb_argmax,"C08 parity count",mod_synthesis,8,7,0,0,0,0,0x00,0x32,0x0000000,0,0.0514,1.0000,0.0000,0,0,,,,,,162,
lab,0x00C1B10D20260706,L1_single_up,"C08 parity count",mod_synthesis,8,7,0,0,0,0,0x02,0xFD,0x0000000,0,0.3400,0.3304,0.0000,0,0,,,,,,1016,
lab,0x00C1B10D20260706,L2_pair_up,"C08 parity count",mod_synthesis,8,7,0,0,0,0,0x11,0xEE,0x0000000,0,0.1371,0.1079,0.0000,0,0,,,,,,1792,
lab,0x00C1B10D20260706,L3_gibbs,"C08 parity count",mod_synthesis,8,7,0,0,0,0,0xFF,0x00,0x0000000,0,0.0211,0.0000,0.0343,0,0,,,,,,228,
lab,0x00C1B10D20260706,LW_mod2_wht,"C08 parity count",mod_synthesis,8,7,1,1,0,0,0x00,0xFF,0x0000000,0,1.0000,1.0000,1.0000,0,0,,,,,,511,
lab,0x00C1B10D20260706,LG_gf2,"C08 parity count",mod_synthesis,8,7,1,1,0,0,0x00,0xFF,0x0000000,0,1.0000,1.0000,1.0000,1,45,,,,,,1,
lab,0x00C1B10D20260706,L0_tb_argmax,"C08 parity count",mod_synthesis,8,8,0,0,0,0,0x00,0x62,0x0000000,0,0.0543,1.0000,0.0000,0,0,,,,,,162,
lab,0x00C1B10D20260706,L1_single_up,"C08 parity count",mod_synthesis,8,8,0,0,0,0,0x02,0xFD,0x0000000,0,0.3434,0.3274,0.0000,0,0,,,,,,1016,
lab,0x00C1B10D20260706,L2_pair_up,"C08 parity count",mod_synthesis,8,8,0,0,0,0,0x88,0x77,0x0000000,0,0.1286,0.1029,0.0000,0,0,,,,,,1792,
lab,0x00C1B10D20260706,L3_gibbs,"C08 parity count",mod_synthesis,8,8,0,0,0,0,0xFF,0x00,0x0000000,0,0.0149,0.0000,0.0469,0,0,,,,,,228,
lab,0x00C1B10D20260706,LW_mod2_wht,"C08 parity count",mod_synthesis,8,8,1,1,0,0,0x00,0xFF,0x0000000,0,1.0000,1.0000,1.0000,0,0,,,,,,511,
lab,0x00C1B10D20260706,LG_gf2,"C08 parity count",mod_synthesis,8,8,1,1,0,0,0x00,0xFF,0x0000000,0,1.0000,1.0000,1.0000,1,45,,,,,,1,
lab,0x00C1B10D20260706,L0_tb_argmax,"C08 parity count",mod_synthesis,8,9,0,0,0,0,0x00,0x78,0x0000000,0,0.0537,1.0000,0.0000,0,0,,,,,,162,
lab,0x00C1B10D20260706,L1_single_up,"C08 parity count",mod_synthesis,8,9,0,0,0,0,0x02,0xFD,0x0000000,0,0.3446,0.3279,0.0000,0,0,,,,,,1016,
lab,0x00C1B10D20260706,L2_pair_up,"C08 parity count",mod_synthesis,8,9,0,0,0,0,0x11,0xEE,0x0000000,0,0.1291,0.1032,0.0000,0,0,,,,,,1792,
lab,0x00C1B10D20260706,L3_gibbs,"C08 parity count",mod_synthesis,8,9,0,0,0,0,0xFF,0x00,0x0000000,0,0.0303,0.0000,0.0160,0,0,,,,,,228,
lab,0x00C1B10D20260706,LW_mod2_wht,"C08 parity count",mod_synthesis,8,9,1,1,0,0,0x00,0xFF,0x0000000,0,1.0000,1.0000,1.0000,0,0,,,,,,511,
lab,0x00C1B10D20260706,LG_gf2,"C08 parity count",mod_synthesis,8,9,1,1,0,0,0x00,0xFF,0x0000000,0,1.0000,1.0000,1.0000,1,45,,,,,,1,
lab,0x00C1B10D20260706,L0_tb_argmax,"C08 parity count",mod_synthesis,8,10,0,0,0,0,0x00,0x78,0x0000000,0,0.0583,1.0000,0.0000,0,0,,,,,,162,
lab,0x00C1B10D20260706,L1_single_up,"C08 parity count",mod_synthesis,8,10,0,0,0,0,0x10,0xEF,0x0000000,0,0.3491,0.3329,0.0000,0,0,,,,,,1016,
lab,0x00C1B10D20260706,L2_pair_up,"C08 parity count",mod_synthesis,8,10,0,0,0,0,0x30,0xCF,0x0000000,0,0.1429,0.1056,0.0000,0,0,,,,,,1792,
lab,0x00C1B10D20260706,L3_gibbs,"C08 parity count",mod_synthesis,8,10,0,0,0,0,0xFF,0x00,0x0000000,0,0.0257,0.0000,0.0251,0,0,,,,,,228,
lab,0x00C1B10D20260706,LW_mod2_wht,"C08 parity count",mod_synthesis,8,10,1,1,0,0,0x00,0xFF,0x0000000,0,1.0000,1.0000,1.0000,0,0,,,,,,511,
lab,0x00C1B10D20260706,LG_gf2,"C08 parity count",mod_synthesis,8,10,1,1,0,0,0x00,0xFF,0x0000000,0,1.0000,1.0000,1.0000,1,45,,,,,,1,
lab,0x00C1B10D20260706,L0_tb_argmax,"C08 parity count",mod_synthesis,8,11,0,0,0,0,0x00,0x78,0x0000000,0,0.0451,1.0000,0.0000,0,0,,,,,,162,
lab,0x00C1B10D20260706,L1_single_up,"C08 parity count",mod_synthesis,8,11,0,0,0,0,0x01,0xFE,0x0000000,0,0.3549,0.3335,0.0000,0,0,,,,,,1016,
lab,0x00C1B10D20260706,L2_pair_up,"C08 parity count",mod_synthesis,8,11,0,0,0,0,0x05,0xFA,0x0000000,0,0.1331,0.1059,0.0000,0,0,,,,,,1792,
lab,0x00C1B10D20260706,L3_gibbs,"C08 parity count",mod_synthesis,8,11,0,0,0,0,0xFF,0x00,0x0000000,0,0.0200,0.0000,0.0366,0,0,,,,,,228,
lab,0x00C1B10D20260706,LW_mod2_wht,"C08 parity count",mod_synthesis,8,11,1,1,0,0,0x00,0xFF,0x0000000,0,1.0000,1.0000,1.0000,0,0,,,,,,511,
lab,0x00C1B10D20260706,LG_gf2,"C08 parity count",mod_synthesis,8,11,1,1,0,0,0x00,0xFF,0x0000000,0,1.0000,1.0000,1.0000,1,45,,,,,,1,
lab,0x00C1B10D20260706,L0_tb_argmax,"C08 parity count",mod_synthesis,8,12,0,0,0,0,0x00,0x78,0x0000000,0,0.0429,1.0000,0.0000,0,0,,,,,,162,
lab,0x00C1B10D20260706,L1_single_up,"C08 parity count",mod_synthesis,8,12,0,0,0,0,0x10,0xEF,0x0000000,0,0.3491,0.3328,0.0000,0,0,,,,,,1016,
lab,0x00C1B10D20260706,L2_pair_up,"C08 parity count",mod_synthesis,8,12,0,0,0,0,0x11,0xEE,0x0000000,0,0.1343,0.1066,0.0000,0,0,,,,,,1792,
lab,0x00C1B10D20260706,L3_gibbs,"C08 parity count",mod_synthesis,8,12,0,0,0,0,0xFF,0x00,0x0000000,0,0.0451,0.0000,0.0137,0,0,,,,,,228,
lab,0x00C1B10D20260706,LW_mod2_wht,"C08 parity count",mod_synthesis,8,12,1,1,0,0,0x00,0xFF,0x0000000,0,1.0000,1.0000,1.0000,0,0,,,,,,511,
lab,0x00C1B10D20260706,LG_gf2,"C08 parity count",mod_synthesis,8,12,1,1,0,0,0x00,0xFF,0x0000000,0,1.0000,1.0000,1.0000,1,45,,,,,,1,
lab,0x00C1B10D20260706,L0_tb_argmax,"C08 parity count",mod_synthesis,8,13,0,0,0,0,0x00,0x78,0x0000000,0,0.0491,1.0000,0.0000,0,0,,,,,,162,
lab,0x00C1B10D20260706,L1_single_up,"C08 parity count",mod_synthesis,8,13,0,0,0,0,0x01,0xFE,0x0000000,0,0.3514,0.3316,0.0000,0,0,,,,,,1016,
lab,0x00C1B10D20260706,L2_pair_up,"C08 parity count",mod_synthesis,8,13,0,0,0,0,0x81,0x7E,0x0000000,0,0.1320,0.1092,0.0000,0,0,,,,,,1792,
lab,0x00C1B10D20260706,L3_gibbs,"C08 parity count",mod_synthesis,8,13,0,0,0,0,0xFF,0x00,0x0000000,0,0.0211,0.0000,0.0343,0,0,,,,,,228,
lab,0x00C1B10D20260706,LW_mod2_wht,"C08 parity count",mod_synthesis,8,13,1,1,0,0,0x00,0xFF,0x0000000,0,1.0000,1.0000,1.0000,0,0,,,,,,511,
lab,0x00C1B10D20260706,LG_gf2,"C08 parity count",mod_synthesis,8,13,1,1,0,0,0x00,0xFF,0x0000000,0,1.0000,1.0000,1.0000,1,45,,,,,,1,
lab,0x00C1B10D20260706,L0_tb_argmax,"C08 parity count",mod_synthesis,8,14,0,0,0,0,0x00,0x64,0x0000000,0,0.0549,1.0000,0.0000,0,0,,,,,,162,
lab,0x00C1B10D20260706,L1_single_up,"C08 parity count",mod_synthesis,8,14,0,0,0,0,0x01,0xFE,0x0000000,0,0.3537,0.3385,0.0000,0,0,,,,,,1016,
lab,0x00C1B10D20260706,L2_pair_up,"C08 parity count",mod_synthesis,8,14,0,0,0,0,0x11,0xEE,0x0000000,0,0.1389,0.1118,0.0000,0,0,,,,,,1792,
lab,0x00C1B10D20260706,L3_gibbs,"C08 parity count",mod_synthesis,8,14,0,0,0,0,0xFF,0x00,0x0000000,0,0.0131,0.0000,0.0503,0,0,,,,,,228,
lab,0x00C1B10D20260706,LW_mod2_wht,"C08 parity count",mod_synthesis,8,14,1,1,0,0,0x00,0xFF,0x0000000,0,1.0000,1.0000,1.0000,0,0,,,,,,511,
lab,0x00C1B10D20260706,LG_gf2,"C08 parity count",mod_synthesis,8,14,1,1,0,0,0x00,0xFF,0x0000000,0,1.0000,1.0000,1.0000,1,45,,,,,,1,
lab,0x00C1B10D20260706,L0_tb_argmax,"C08 parity count",mod_synthesis,8,15,0,0,0,0,0x00,0x64,0x0000000,0,0.0554,1.0000,0.0000,0,0,,,,,,162,
lab,0x00C1B10D20260706,L1_single_up,"C08 parity count",mod_synthesis,8,15,0,0,0,0,0x10,0xEF,0x0000000,0,0.3469,0.3321,0.0000,0,0,,,,,,1016,
lab,0x00C1B10D20260706,L2_pair_up,"C08 parity count",mod_synthesis,8,15,0,0,0,0,0x11,0xEE,0x0000000,0,0.1354,0.1060,0.0000,0,0,,,,,,1792,
lab,0x00C1B10D20260706,L3_gibbs,"C08 parity count",mod_synthesis,8,15,0,0,0,0,0xFF,0x00,0x0000000,0,0.0194,0.0000,0.0377,0,0,,,,,,228,
lab,0x00C1B10D20260706,LW_mod2_wht,"C08 parity count",mod_synthesis,8,15,1,1,0,0,0x00,0xFF,0x0000000,0,1.0000,1.0000,1.0000,0,0,,,,,,511,
lab,0x00C1B10D20260706,LG_gf2,"C08 parity count",mod_synthesis,8,15,1,1,0,0,0x00,0xFF,0x0000000,0,1.0000,1.0000,1.0000,1,45,,,,,,1,
lab,0x00C1B10D20260706,L0_tb_argmax,"C08 parity count",mod_synthesis,8,16,0,0,0,0,0x00,0x61,0x0000000,0,0.0503,1.0000,0.0000,0,0,,,,,,162,
lab,0x00C1B10D20260706,L1_single_up,"C08 parity count",mod_synthesis,8,16,0,0,0,0,0x10,0xEF,0x0000000,0,0.3537,0.3321,0.0000,0,0,,,,,,1016,
lab,0x00C1B10D20260706,L2_pair_up,"C08 parity count",mod_synthesis,8,16,0,0,0,0,0x30,0xCF,0x0000000,0,0.1354,0.1049,0.0000,0,0,,,,,,1792,
lab,0x00C1B10D20260706,L3_gibbs,"C08 parity count",mod_synthesis,8,16,0,0,0,0,0xFF,0x00,0x0000000,0,0.0229,0.0000,0.0309,0,0,,,,,,228,
lab,0x00C1B10D20260706,LW_mod2_wht,"C08 parity count",mod_synthesis,8,16,1,1,0,0,0x00,0xFF,0x0000000,0,1.0000,1.0000,1.0000,0,0,,,,,,511,
lab,0x00C1B10D20260706,LG_gf2,"C08 parity count",mod_synthesis,8,16,1,1,0,0,0x00,0xFF,0x0000000,0,1.0000,1.0000,1.0000,1,45,,,,,,1,
lab,0x00C1B10D20260706,L0_tb_argmax,"C08 parity count",mod_synthesis,8,17,0,0,0,0,0x00,0xC1,0x0000000,0,0.0537,1.0000,0.0000,0,0,,,,,,162,
lab,0x00C1B10D20260706,L1_single_up,"C08 parity count",mod_synthesis,8,17,0,0,0,0,0x01,0xFE,0x0000000,0,0.3463,0.3306,0.0000,0,0,,,,,,1016,
lab,0x00C1B10D20260706,L2_pair_up,"C08 parity count",mod_synthesis,8,17,0,0,0,0,0x41,0xBE,0x0000000,0,0.1280,0.1044,0.0000,0,0,,,,,,1792,
lab,0x00C1B10D20260706,L3_gibbs,"C08 parity count",mod_synthesis,8,17,0,0,0,0,0xFF,0x00,0x0000000,0,0.0274,0.0000,0.0217,0,0,,,,,,228,
lab,0x00C1B10D20260706,LW_mod2_wht,"C08 parity count",mod_synthesis,8,17,1,1,0,0,0x00,0xFF,0x0000000,0,1.0000,1.0000,1.0000,0,0,,,,,,511,
lab,0x00C1B10D20260706,LG_gf2,"C08 parity count",mod_synthesis,8,17,1,1,0,0,0x00,0xFF,0x0000000,0,1.0000,1.0000,1.0000,1,45,,,,,,1,
lab,0x00C1B10D20260706,L0_tb_argmax,"C08 parity count",mod_synthesis,8,18,0,0,0,0,0x00,0x4B,0x0000000,0,0.0509,1.0000,0.0000,0,0,,,,,,162,
lab,0x00C1B10D20260706,L1_single_up,"C08 parity count",mod_synthesis,8,18,0,0,0,0,0x01,0xFE,0x0000000,0,0.3440,0.3295,0.0000,0,0,,,,,,1016,
lab,0x00C1B10D20260706,L2_pair_up,"C08 parity count",mod_synthesis,8,18,0,0,0,0,0x11,0xEE,0x0000000,0,0.1377,0.1063,0.0000,0,0,,,,,,1792,
lab,0x00C1B10D20260706,L3_gibbs,"C08 parity count",mod_synthesis,8,18,0,0,0,0,0xFF,0x00,0x0000000,0,0.0211,0.0000,0.0343,0,0,,,,,,228,
lab,0x00C1B10D20260706,LW_mod2_wht,"C08 parity count",mod_synthesis,8,18,1,1,0,0,0x00,0xFF,0x0000000,0,1.0000,1.0000,1.0000,0,0,,,,,,511,
lab,0x00C1B10D20260706,LG_gf2,"C08 parity count",mod_synthesis,8,18,1,1,0,0,0x00,0xFF,0x0000000,0,1.0000,1.0000,1.0000,1,45,,,,,,1,
lab,0x00C1B10D20260706,L0_tb_argmax,"C08 parity count",mod_synthesis,8,19,0,0,0,0,0x00,0x78,0x0000000,0,0.0549,1.0000,0.0000,0,0,,,,,,162,
lab,0x00C1B10D20260706,L1_single_up,"C08 parity count",mod_synthesis,8,19,0,0,0,0,0x02,0xFD,0x0000000,0,0.3571,0.3299,0.0000,0,0,,,,,,1016,
lab,0x00C1B10D20260706,L2_pair_up,"C08 parity count",mod_synthesis,8,19,0,0,0,0,0x82,0x7D,0x0000000,0,0.1526,0.1046,0.0000,0,0,,,,,,1792,
lab,0x00C1B10D20260706,L3_gibbs,"C08 parity count",mod_synthesis,8,19,0,0,0,0,0xFF,0x00,0x0000000,0,0.0280,0.0000,0.0206,0,0,,,,,,228,
lab,0x00C1B10D20260706,LW_mod2_wht,"C08 parity count",mod_synthesis,8,19,1,1,0,0,0x00,0xFF,0x0000000,0,1.0000,1.0000,1.0000,0,0,,,,,,511,
lab,0x00C1B10D20260706,LG_gf2,"C08 parity count",mod_synthesis,8,19,1,1,0,0,0x00,0xFF,0x0000000,0,1.0000,1.0000,1.0000,1,45,,,,,,1,
lab,0x00C1B10D20260706,L0_tb_argmax,"C09 inv parity",pipeline,28,0,0,0,0,0,0x00,0x82,0x0000000,0,0.0486,0.0000,0.0000,0,0,,,,,,162,
lab,0x00C1B10D20260706,L1_single_up,"C09 inv parity",pipeline,28,0,0,0,0,0,0x80,0x03,0x0000000,0,0.0571,0.0000,0.0000,0,0,,,,,,1016,
lab,0x00C1B10D20260706,L2_pair_up,"C09 inv parity",pipeline,28,0,0,0,0,0,0x84,0x72,0x0000000,0,0.0560,0.0000,0.0000,0,0,,,,,,1792,
lab,0x00C1B10D20260706,L3_gibbs,"C09 inv parity",pipeline,28,0,0,0,0,0,0x85,0x00,0x0000000,0,0.0480,0.0000,0.0583,0,0,,,,,,179,
lab,0x00C1B10D20260706,LW_mod2_wht,"C09 inv parity",pipeline,28,0,0,0,0,0,0x00,0xEF,0x0000000,0,0.0514,0.0000,0.0217,0,0,,,,,,511,
lab,0x00C1B10D20260706,LG_gf2,"C09 inv parity",pipeline,28,0,1,1,0,0,0x00,0x00,0xFFFFFFF,0,1.0000,1.0000,1.0000,1,45,,,,,,1,
lab,0x00C1B10D20260706,c09_probes,"C09 inv parity",pipeline,28,0,0,0,0,0,0x00,0x00,0x0000002,0,0.0411,0.0691,0.0366,0,0,,,,,,400,"single=0.0411;subset=0.0691;gibbs_end=0.0366"
lab,0x00C1B10D20260706,L0_tb_argmax,"C09 inv parity",pipeline,28,1,0,0,0,0,0x00,0x93,0x0000000,0,0.0440,0.0000,0.0000,0,0,,,,,,162,
lab,0x00C1B10D20260706,L1_single_up,"C09 inv parity",pipeline,28,1,0,0,0,0,0x20,0xD4,0x0000000,0,0.0549,0.0000,0.0000,0,0,,,,,,1016,
lab,0x00C1B10D20260706,L2_pair_up,"C09 inv parity",pipeline,28,1,0,0,0,0,0x30,0x87,0x0000000,0,0.0646,0.0000,0.0000,0,0,,,,,,1792,
lab,0x00C1B10D20260706,L3_gibbs,"C09 inv parity",pipeline,28,1,0,0,0,0,0x8C,0x00,0x0000000,0,0.0229,0.0000,0.0526,0,0,,,,,,195,
lab,0x00C1B10D20260706,LW_mod2_wht,"C09 inv parity",pipeline,28,1,0,0,0,0,0x1F,0x00,0x0000000,0,0.0480,0.0000,0.0160,0,0,,,,,,511,
lab,0x00C1B10D20260706,LG_gf2,"C09 inv parity",pipeline,28,1,1,1,0,0,0x00,0x00,0xFFFFFFF,0,1.0000,1.0000,1.0000,1,45,,,,,,1,
lab,0x00C1B10D20260706,c09_probes,"C09 inv parity",pipeline,28,1,0,0,0,0,0x00,0x00,0x0004000,0,0.0480,0.0594,0.0343,0,0,,,,,,456,"single=0.0480;subset=0.0594;gibbs_end=0.0343"
lab,0x00C1B10D20260706,L0_tb_argmax,"C09 inv parity",pipeline,28,2,0,0,0,0,0x00,0x1C,0x0000000,0,0.0446,0.0000,0.0000,0,0,,,,,,162,
lab,0x00C1B10D20260706,L1_single_up,"C09 inv parity",pipeline,28,2,0,0,0,0,0x08,0xA7,0x0000000,0,0.0537,0.0000,0.0000,0,0,,,,,,1016,
lab,0x00C1B10D20260706,L2_pair_up,"C09 inv parity",pipeline,28,2,0,0,0,0,0x28,0x16,0x0000000,0,0.0589,0.0000,0.0000,0,0,,,,,,1792,
lab,0x00C1B10D20260706,L3_gibbs,"C09 inv parity",pipeline,28,2,0,0,0,0,0xAF,0x00,0x0000000,0,0.0269,0.0000,0.0503,0,0,,,,,,218,
lab,0x00C1B10D20260706,LW_mod2_wht,"C09 inv parity",pipeline,28,2,0,0,0,0,0x3B,0x00,0x0000000,0,0.0457,0.0000,0.0137,0,0,,,,,,511,
lab,0x00C1B10D20260706,LG_gf2,"C09 inv parity",pipeline,28,2,1,1,0,0,0x00,0x00,0xFFFFFFF,0,1.0000,1.0000,1.0000,1,45,,,,,,1,
lab,0x00C1B10D20260706,c09_probes,"C09 inv parity",pipeline,28,2,0,0,0,0,0x00,0x00,0x4000402,0,0.0234,0.0589,0.0400,0,0,,,,,,596,"single=0.0234;subset=0.0589;gibbs_end=0.0400"
lab,0x00C1B10D20260706,L0_tb_argmax,"C09 inv parity",pipeline,28,3,0,0,0,0,0x00,0x45,0x0000000,0,0.0446,0.0000,0.0000,0,0,,,,,,162,
lab,0x00C1B10D20260706,L1_single_up,"C09 inv parity",pipeline,28,3,0,0,0,0,0x20,0xD3,0x0000000,0,0.0509,0.0000,0.0000,0,0,,,,,,1016,
lab,0x00C1B10D20260706,L2_pair_up,"C09 inv parity",pipeline,28,3,0,0,0,0,0x60,0x17,0x0000000,0,0.0606,0.0000,0.0000,0,0,,,,,,1792,
lab,0x00C1B10D20260706,L3_gibbs,"C09 inv parity",pipeline,28,3,0,0,0,0,0xF3,0x00,0x0000000,0,0.0291,0.0000,0.0274,0,0,,,,,,218,
lab,0x00C1B10D20260706,LW_mod2_wht,"C09 inv parity",pipeline,28,3,0,0,0,0,0x00,0x76,0x0000000,0,0.0457,0.0000,0.0149,0,0,,,,,,511,
lab,0x00C1B10D20260706,LG_gf2,"C09 inv parity",pipeline,28,3,1,1,0,0,0x00,0x00,0xFFFFFFF,0,1.0000,1.0000,1.0000,1,45,,,,,,1,
lab,0x00C1B10D20260706,c09_probes,"C09 inv parity",pipeline,28,3,0,0,0,0,0x00,0x00,0x0080408,0,0.0343,0.0589,0.0514,0,0,,,,,,512,"single=0.0343;subset=0.0589;gibbs_end=0.0514"
lab,0x00C1B10D20260706,L0_tb_argmax,"C09 inv parity",pipeline,28,4,0,0,0,0,0x00,0x9A,0x0000000,0,0.0503,0.0000,0.0000,0,0,,,,,,162,
lab,0x00C1B10D20260706,L1_single_up,"C09 inv parity",pipeline,28,4,0,0,0,0,0x02,0x6C,0x0000000,0,0.0566,0.0000,0.0000,0,0,,,,,,1016,
lab,0x00C1B10D20260706,L2_pair_up,"C09 inv parity",pipeline,28,4,0,0,0,0,0x03,0x30,0x0000000,0,0.0611,0.0000,0.0000,0,0,,,,,,1792,
lab,0x00C1B10D20260706,L3_gibbs,"C09 inv parity",pipeline,28,4,0,0,0,0,0x6E,0x00,0x0000000,0,0.0097,0.0000,0.0526,0,0,,,,,,204,
lab,0x00C1B10D20260706,LW_mod2_wht,"C09 inv parity",pipeline,28,4,0,0,0,0,0x00,0x9A,0x0000000,0,0.0503,0.0000,0.0126,0,0,,,,,,511,
lab,0x00C1B10D20260706,LG_gf2,"C09 inv parity",pipeline,28,4,1,1,0,0,0x00,0x00,0xFFFFFFF,0,1.0000,1.0000,1.0000,1,45,,,,,,1,
lab,0x00C1B10D20260706,c09_probes,"C09 inv parity",pipeline,28,4,0,0,0,0,0x00,0x00,0x0000008,0,0.0343,0.0486,0.0377,0,0,,,,,,484,"single=0.0343;subset=0.0486;gibbs_end=0.0377"
lab,0x00C1B10D20260706,L0_tb_argmax,"C09 inv parity",pipeline,28,5,0,0,0,0,0x00,0x16,0x0000000,0,0.0354,0.0000,0.0000,0,0,,,,,,162,
lab,0x00C1B10D20260706,L1_single_up,"C09 inv parity",pipeline,28,5,0,0,0,0,0x40,0x12,0x0000000,0,0.0554,0.0000,0.0000,0,0,,,,,,1016,
lab,0x00C1B10D20260706,L2_pair_up,"C09 inv parity",pipeline,28,5,0,0,0,0,0x90,0x68,0x0000000,0,0.0560,0.0000,0.0000,0,0,,,,,,1792,
lab,0x00C1B10D20260706,L3_gibbs,"C09 inv parity",pipeline,28,5,0,0,0,0,0xEA,0x00,0x0000000,0,0.0034,0.0000,0.0377,0,0,,,,,,204,
lab,0x00C1B10D20260706,LW_mod2_wht,"C09 inv parity",pipeline,28,5,0,0,0,0,0x00,0x6B,0x0000000,0,0.0583,0.0000,0.0297,0,0,,,,,,511,
lab,0x00C1B10D20260706,LG_gf2,"C09 inv parity",pipeline,28,5,1,1,0,0,0x00,0x00,0xFFFFFFF,0,1.0000,1.0000,1.0000,1,45,,,,,,1,
lab,0x00C1B10D20260706,c09_probes,"C09 inv parity",pipeline,28,5,0,0,0,0,0x00,0x00,0x2000000,0,0.0394,0.0731,0.0217,0,0,,,,,,456,"single=0.0394;subset=0.0731;gibbs_end=0.0217"
lab,0x00C1B10D20260706,L0_tb_argmax,"C09 inv parity",pipeline,28,6,0,0,0,0,0x00,0x4C,0x0000000,0,0.0469,0.0000,0.0000,0,0,,,,,,162,
lab,0x00C1B10D20260706,L1_single_up,"C09 inv parity",pipeline,28,6,0,0,0,0,0x40,0x0A,0x0000000,0,0.0514,0.0000,0.0000,0,0,,,,,,1016,
lab,0x00C1B10D20260706,L2_pair_up,"C09 inv parity",pipeline,28,6,0,0,0,0,0x42,0x01,0x0000000,0,0.0543,0.0000,0.0000,0,0,,,,,,1792,
lab,0x00C1B10D20260706,L3_gibbs,"C09 inv parity",pipeline,28,6,0,0,0,0,0x43,0x00,0x0000000,0,0.0229,0.0000,0.0366,0,0,,,,,,198,
lab,0x00C1B10D20260706,LW_mod2_wht,"C09 inv parity",pipeline,28,6,0,0,0,0,0x00,0xEF,0x0000000,0,0.0531,0.0000,0.0183,0,0,,,,,,511,
lab,0x00C1B10D20260706,LG_gf2,"C09 inv parity",pipeline,28,6,1,1,0,0,0x00,0x00,0xFFFFFFF,0,1.0000,1.0000,1.0000,1,45,,,,,,1,
lab,0x00C1B10D20260706,c09_probes,"C09 inv parity",pipeline,28,6,0,0,0,0,0x00,0x00,0x08000A0,0,0.0263,0.0480,0.0309,0,0,,,,,,596,"single=0.0263;subset=0.0480;gibbs_end=0.0309"
lab,0x00C1B10D20260706,L0_tb_argmax,"C09 inv parity",pipeline,28,7,0,0,0,0,0x00,0x1C,0x0000000,0,0.0520,0.0000,0.0000,0,0,,,,,,162,
lab,0x00C1B10D20260706,L1_single_up,"C09 inv parity",pipeline,28,7,0,0,0,0,0x40,0xB9,0x0000000,0,0.0554,0.0000,0.0000,0,0,,,,,,1016,
lab,0x00C1B10D20260706,L2_pair_up,"C09 inv parity",pipeline,28,7,0,0,0,0,0x84,0x72,0x0000000,0,0.0571,0.0000,0.0000,0,0,,,,,,1792,
lab,0x00C1B10D20260706,L3_gibbs,"C09 inv parity",pipeline,28,7,0,0,0,0,0x7B,0x00,0x0000000,0,0.0086,0.0000,0.0354,0,0,,,,,,224,
lab,0x00C1B10D20260706,LW_mod2_wht,"C09 inv parity",pipeline,28,7,0,0,0,0,0x00,0x1C,0x0000000,0,0.0520,0.0000,0.0366,0,0,,,,,,511,
lab,0x00C1B10D20260706,LG_gf2,"C09 inv parity",pipeline,28,7,1,1,0,0,0x00,0x00,0xFFFFFFF,0,1.0000,1.0000,1.0000,1,45,,,,,,1,
lab,0x00C1B10D20260706,c09_probes,"C09 inv parity",pipeline,28,7,0,0,0,0,0x00,0x00,0x0041810,0,0.0343,0.0680,0.0251,0,0,,,,,,568,"single=0.0343;subset=0.0680;gibbs_end=0.0251"
lab,0x00C1B10D20260706,L0_tb_argmax,"C09 inv parity",pipeline,28,8,0,0,0,0,0x00,0x82,0x0000000,0,0.0451,0.0000,0.0000,0,0,,,,,,162,
lab,0x00C1B10D20260706,L1_single_up,"C09 inv parity",pipeline,28,8,0,0,0,0,0x20,0x94,0x0000000,0,0.0520,0.0000,0.0000,0,0,,,,,,1016,
lab,0x00C1B10D20260706,L2_pair_up,"C09 inv parity",pipeline,28,8,0,0,0,0,0x88,0x25,0x0000000,0,0.0594,0.0000,0.0000,0,0,,,,,,1792,
lab,0x00C1B10D20260706,L3_gibbs,"C09 inv parity",pipeline,28,8,0,0,0,0,0x3E,0x00,0x0000000,0,0.0366,0.0000,0.0434,0,0,,,,,,205,
lab,0x00C1B10D20260706,LW_mod2_wht,"C09 inv parity",pipeline,28,8,0,0,0,0,0x1F,0x00,0x0000000,0,0.0503,0.0000,0.0206,0,0,,,,,,511,
lab,0x00C1B10D20260706,LG_gf2,"C09 inv parity",pipeline,28,8,1,1,0,0,0x00,0x00,0xFFFFFFF,0,1.0000,1.0000,1.0000,1,45,,,,,,1,
lab,0x00C1B10D20260706,c09_probes,"C09 inv parity",pipeline,28,8,0,0,0,0,0x00,0x00,0x1000000,0,0.0291,0.0571,0.0571,0,0,,,,,,512,"single=0.0291;subset=0.0571;gibbs_end=0.0571"
lab,0x00C1B10D20260706,L0_tb_argmax,"C09 inv parity",pipeline,28,9,0,0,0,0,0x00,0x45,0x0000000,0,0.0354,0.0000,0.0000,0,0,,,,,,162,
lab,0x00C1B10D20260706,L1_single_up,"C09 inv parity",pipeline,28,9,0,0,0,0,0x04,0x88,0x0000000,0,0.0560,0.0000,0.0000,0,0,,,,,,1016,
lab,0x00C1B10D20260706,L2_pair_up,"C09 inv parity",pipeline,28,9,0,0,0,0,0x81,0x0A,0x0000000,0,0.0646,0.0000,0.0000,0,0,,,,,,1792,
lab,0x00C1B10D20260706,L3_gibbs,"C09 inv parity",pipeline,28,9,0,0,0,0,0x8C,0x00,0x0000000,0,0.0149,0.0000,0.0686,0,0,,,,,,184,
lab,0x00C1B10D20260706,LW_mod2_wht,"C09 inv parity",pipeline,28,9,0,0,0,0,0x00,0xEF,0x0000000,0,0.0600,0.0000,0.0046,0,0,,,,,,511,
lab,0x00C1B10D20260706,LG_gf2,"C09 inv parity",pipeline,28,9,1,1,0,0,0x00,0x00,0xFFFFFFF,0,1.0000,1.0000,1.0000,1,45,,,,,,1,
lab,0x00C1B10D20260706,c09_probes,"C09 inv parity",pipeline,28,9,0,0,0,0,0x00,0x00,0x0002840,0,0.0337,0.0423,0.0537,0,0,,,,,,456,"single=0.0337;subset=0.0423;gibbs_end=0.0537"
lab,0x00C1B10D20260706,L0_tb_argmax,"C09 inv parity",pipeline,28,10,0,0,0,0,0x00,0x45,0x0000000,0,0.0446,0.0000,0.0000,0,0,,,,,,162,
lab,0x00C1B10D20260706,L1_single_up,"C09 inv parity",pipeline,28,10,0,0,0,0,0x80,0x03,0x0000000,0,0.0554,0.0000,0.0000,0,0,,,,,,1016,
lab,0x00C1B10D20260706,L2_pair_up,"C09 inv parity",pipeline,28,10,0,0,0,0,0x88,0x25,0x0000000,0,0.0611,0.0000,0.0000,0,0,,,,,,1792,
lab,0x00C1B10D20260706,L3_gibbs,"C09 inv parity",pipeline,28,10,0,0,0,0,0xFA,0x00,0x0000000,0,0.0109,0.0000,0.0423,0,0,,,,,,209,
lab,0x00C1B10D20260706,LW_mod2_wht,"C09 inv parity",pipeline,28,10,0,0,0,0,0x00,0xBD,0x0000000,0,0.0480,0.0000,0.0114,0,0,,,,,,511,
lab,0x00C1B10D20260706,LG_gf2,"C09 inv parity",pipeline,28,10,1,1,0,0,0x00,0x00,0xFFFFFFF,0,1.0000,1.0000,1.0000,1,45,,,,,,1,
lab,0x00C1B10D20260706,c09_probes,"C09 inv parity",pipeline,28,10,0,0,0,0,0x00,0x00,0x0044000,0,0.0297,0.0886,0.0286,0,0,,,,,,484,"single=0.0297;subset=0.0886;gibbs_end=0.0286"
lab,0x00C1B10D20260706,L0_tb_argmax,"C09 inv parity",pipeline,28,11,0,0,0,0,0x00,0x27,0x0000000,0,0.0434,0.0000,0.0000,0,0,,,,,,162,
lab,0x00C1B10D20260706,L1_single_up,"C09 inv parity",pipeline,28,11,0,0,0,0,0x40,0x84,0x0000000,0,0.0600,0.0000,0.0000,0,0,,,,,,1016,
lab,0x00C1B10D20260706,L2_pair_up,"C09 inv parity",pipeline,28,11,0,0,0,0,0x09,0x02,0x0000000,0,0.0566,0.0000,0.0000,0,0,,,,,,1792,
lab,0x00C1B10D20260706,L3_gibbs,"C09 inv parity",pipeline,28,11,0,0,0,0,0x1C,0x00,0x0000000,0,0.0040,0.0000,0.0526,0,0,,,,,,198,
lab,0x00C1B10D20260706,LW_mod2_wht,"C09 inv parity",pipeline,28,11,0,0,0,0,0x00,0x5F,0x0000000,0,0.0686,0.0000,0.0366,0,0,,,,,,511,
lab,0x00C1B10D20260706,LG_gf2,"C09 inv parity",pipeline,28,11,1,1,0,0,0x00,0x00,0xFFFFFFF,0,1.0000,1.0000,1.0000,1,45,,,,,,1,
lab,0x00C1B10D20260706,c09_probes,"C09 inv parity",pipeline,28,11,0,0,0,0,0x00,0x00,0x0040014,0,0.0423,0.0771,0.0331,0,0,,,,,,568,"single=0.0423;subset=0.0771;gibbs_end=0.0331"
lab,0x00C1B10D20260706,L0_tb_argmax,"C09 inv parity",pipeline,28,12,0,0,0,0,0x00,0x0C,0x0000000,0,0.0451,0.0000,0.0000,0,0,,,,,,162,
lab,0x00C1B10D20260706,L1_single_up,"C09 inv parity",pipeline,28,12,0,0,0,0,0x40,0xBF,0x0000000,0,0.0520,0.0000,0.0000,0,0,,,,,,1016,
lab,0x00C1B10D20260706,L2_pair_up,"C09 inv parity",pipeline,28,12,0,0,0,0,0x48,0x87,0x0000000,0,0.0606,0.0000,0.0000,0,0,,,,,,1792,
lab,0x00C1B10D20260706,L3_gibbs,"C09 inv parity",pipeline,28,12,0,0,0,0,0x7D,0x00,0x0000000,0,0.0131,0.0000,0.0503,0,0,,,,,,215,
lab,0x00C1B10D20260706,LW_mod2_wht,"C09 inv parity",pipeline,28,12,0,0,0,0,0x00,0xBD,0x0000000,0,0.0514,0.0000,0.0183,0,0,,,,,,511,
lab,0x00C1B10D20260706,LG_gf2,"C09 inv parity",pipeline,28,12,1,1,0,0,0x00,0x00,0xFFFFFFF,0,1.0000,1.0000,1.0000,1,45,,,,,,1,
lab,0x00C1B10D20260706,c09_probes,"C09 inv parity",pipeline,28,12,0,0,0,0,0x00,0x00,0x0040000,0,0.0383,0.0486,0.0183,0,0,,,,,,456,"single=0.0383;subset=0.0486;gibbs_end=0.0183"
lab,0x00C1B10D20260706,L0_tb_argmax,"C09 inv parity",pipeline,28,13,0,0,0,0,0x00,0x82,0x0000000,0,0.0417,0.0000,0.0000,0,0,,,,,,162,
lab,0x00C1B10D20260706,L1_single_up,"C09 inv parity",pipeline,28,13,0,0,0,0,0x10,0xA5,0x0000000,0,0.0554,0.0000,0.0000,0,0,,,,,,1016,
lab,0x00C1B10D20260706,L2_pair_up,"C09 inv parity",pipeline,28,13,0,0,0,0,0x0C,0x10,0x0000000,0,0.0617,0.0000,0.0000,0,0,,,,,,1792,
lab,0x00C1B10D20260706,L3_gibbs,"C09 inv parity",pipeline,28,13,0,0,0,0,0xCD,0x00,0x0000000,0,0.0223,0.0000,0.0491,0,0,,,,,,222,
lab,0x00C1B10D20260706,LW_mod2_wht,"C09 inv parity",pipeline,28,13,0,0,0,0,0xB0,0x00,0x0000000,0,0.0543,0.0000,0.0194,0,0,,,,,,511,
lab,0x00C1B10D20260706,LG_gf2,"C09 inv parity",pipeline,28,13,1,1,0,0,0x00,0x00,0xFFFFFFF,0,1.0000,1.0000,1.0000,1,45,,,,,,1,
lab,0x00C1B10D20260706,c09_probes,"C09 inv parity",pipeline,28,13,0,0,0,0,0x00,0x00,0x010000C,0,0.0331,0.0554,0.0297,0,0,,,,,,512,"single=0.0331;subset=0.0554;gibbs_end=0.0297"
lab,0x00C1B10D20260706,L0_tb_argmax,"C09 inv parity",pipeline,28,14,0,0,0,0,0x00,0x4C,0x0000000,0,0.0514,0.0000,0.0000,0,0,,,,,,162,
lab,0x00C1B10D20260706,L1_single_up,"C09 inv parity",pipeline,28,14,0,0,0,0,0x04,0x88,0x0000000,0,0.0543,0.0000,0.0000,0,0,,,,,,1016,
lab,0x00C1B10D20260706,L2_pair_up,"C09 inv parity",pipeline,28,14,0,0,0,0,0x60,0x92,0x0000000,0,0.0680,0.0000,0.0000,0,0,,,,,,1792,
lab,0x00C1B10D20260706,L3_gibbs,"C09 inv parity",pipeline,28,14,0,0,0,0,0x6C,0x00,0x0000000,0,0.0143,0.0000,0.0491,0,0,,,,,,186,
lab,0x00C1B10D20260706,LW_mod2_wht,"C09 inv parity",pipeline,28,14,0,0,0,0,0x3B,0x00,0x0000000,0,0.0577,0.0000,0.0103,0,0,,,,,,511,
lab,0x00C1B10D20260706,LG_gf2,"C09 inv parity",pipeline,28,14,1,1,0,0,0x00,0x00,0xFFFFFFF,0,1.0000,1.0000,1.0000,1,45,,,,,,1,
lab,0x00C1B10D20260706,c09_probes,"C09 inv parity",pipeline,28,14,0,0,0,0,0x00,0x00,0x2200000,0,0.0429,0.0789,0.0263,0,0,,,,,,484,"single=0.0429;subset=0.0789;gibbs_end=0.0263"
lab,0x00C1B10D20260706,L0_tb_argmax,"C09 inv parity",pipeline,28,15,0,0,0,0,0x00,0xB1,0x0000000,0,0.0360,0.0000,0.0000,0,0,,,,,,162,
lab,0x00C1B10D20260706,L1_single_up,"C09 inv parity",pipeline,28,15,0,0,0,0,0x02,0x69,0x0000000,0,0.0566,0.0000,0.0000,0,0,,,,,,1016,
lab,0x00C1B10D20260706,L2_pair_up,"C09 inv parity",pipeline,28,15,0,0,0,0,0x05,0x70,0x0000000,0,0.0623,0.0000,0.0000,0,0,,,,,,1792,
lab,0x00C1B10D20260706,L3_gibbs,"C09 inv parity",pipeline,28,15,0,0,0,0,0x0B,0x00,0x0000000,0,0.0320,0.0000,0.0491,0,0,,,,,,202,
lab,0x00C1B10D20260706,LW_mod2_wht,"C09 inv parity",pipeline,28,15,0,0,0,0,0x3B,0x00,0x0000000,0,0.0520,0.0000,0.0011,0,0,,,,,,511,
lab,0x00C1B10D20260706,LG_gf2,"C09 inv parity",pipeline,28,15,1,1,0,0,0x00,0x00,0xFFFFFFF,0,1.0000,1.0000,1.0000,1,45,,,,,,1,
lab,0x00C1B10D20260706,c09_probes,"C09 inv parity",pipeline,28,15,0,0,0,0,0x00,0x00,0x0000209,0,0.0383,0.0520,0.0297,0,0,,,,,,456,"single=0.0383;subset=0.0520;gibbs_end=0.0297"
lab,0x00C1B10D20260706,L0_tb_argmax,"C09 inv parity",pipeline,28,16,0,0,0,0,0x00,0x58,0x0000000,0,0.0371,0.0000,0.0000,0,0,,,,,,162,
lab,0x00C1B10D20260706,L1_single_up,"C09 inv parity",pipeline,28,16,0,0,0,0,0x40,0xBF,0x0000000,0,0.0451,0.0000,0.0000,0,0,,,,,,1016,
lab,0x00C1B10D20260706,L2_pair_up,"C09 inv parity",pipeline,28,16,0,0,0,0,0x0C,0x10,0x0000000,0,0.0709,0.0000,0.0000,0,0,,,,,,1792,
lab,0x00C1B10D20260706,L3_gibbs,"C09 inv parity",pipeline,28,16,0,0,0,0,0xDD,0x00,0x0000000,0,0.0034,0.0000,0.0514,0,0,,,,,,194,
lab,0x00C1B10D20260706,LW_mod2_wht,"C09 inv parity",pipeline,28,16,0,0,0,0,0x16,0x00,0x0000000,0,0.0423,0.0000,0.0217,0,0,,,,,,511,
lab,0x00C1B10D20260706,LG_gf2,"C09 inv parity",pipeline,28,16,1,1,0,0,0x00,0x00,0xFFFFFFF,0,1.0000,1.0000,1.0000,1,45,,,,,,1,
lab,0x00C1B10D20260706,c09_probes,"C09 inv parity",pipeline,28,16,0,0,0,0,0x00,0x00,0x0104004,0,0.0371,0.0526,0.0320,0,0,,,,,,456,"single=0.0371;subset=0.0526;gibbs_end=0.0320"
lab,0x00C1B10D20260706,L0_tb_argmax,"C09 inv parity",pipeline,28,17,0,0,0,0,0x00,0x8C,0x0000000,0,0.0497,0.0000,0.0000,0,0,,,,,,162,
lab,0x00C1B10D20260706,L1_single_up,"C09 inv parity",pipeline,28,17,0,0,0,0,0x01,0x4E,0x0000000,0,0.0560,0.0000,0.0000,0,0,,,,,,1016,
lab,0x00C1B10D20260706,L2_pair_up,"C09 inv parity",pipeline,28,17,0,0,0,0,0x28,0x16,0x0000000,0,0.0617,0.0000,0.0000,0,0,,,,,,1792,
lab,0x00C1B10D20260706,L3_gibbs,"C09 inv parity",pipeline,28,17,0,0,0,0,0x1C,0x00,0x0000000,0,0.0074,0.0000,0.0457,0,0,,,,,,196,
lab,0x00C1B10D20260706,LW_mod2_wht,"C09 inv parity",pipeline,28,17,0,0,0,0,0x00,0x5F,0x0000000,0,0.0526,0.0000,0.0046,0,0,,,,,,511,
lab,0x00C1B10D20260706,LG_gf2,"C09 inv parity",pipeline,28,17,1,1,0,0,0x00,0x00,0xFFFFFFF,0,1.0000,1.0000,1.0000,1,45,,,,,,1,
lab,0x00C1B10D20260706,c09_probes,"C09 inv parity",pipeline,28,17,0,0,0,0,0x00,0x00,0x20C0000,0,0.0354,0.0583,0.0057,0,0,,,,,,540,"single=0.0354;subset=0.0583;gibbs_end=0.0057"
lab,0x00C1B10D20260706,L0_tb_argmax,"C09 inv parity",pipeline,28,18,0,0,0,0,0x00,0x11,0x0000000,0,0.0366,0.0000,0.0000,0,0,,,,,,162,
lab,0x00C1B10D20260706,L1_single_up,"C09 inv parity",pipeline,28,18,0,0,0,0,0x40,0xB9,0x0000000,0,0.0514,0.0000,0.0000,0,0,,,,,,1016,
lab,0x00C1B10D20260706,L2_pair_up,"C09 inv parity",pipeline,28,18,0,0,0,0,0x84,0x72,0x0000000,0,0.0554,0.0000,0.0000,0,0,,,,,,1792,
lab,0x00C1B10D20260706,L3_gibbs,"C09 inv parity",pipeline,28,18,0,0,0,0,0xFE,0x00,0x0000000,0,0.0206,0.0000,0.0571,0,0,,,,,,199,
lab,0x00C1B10D20260706,LW_mod2_wht,"C09 inv parity",pipeline,28,18,0,0,0,0,0x00,0xEF,0x0000000,0,0.0651,0.0000,0.0057,0,0,,,,,,511,
lab,0x00C1B10D20260706,LG_gf2,"C09 inv parity",pipeline,28,18,1,1,0,0,0x00,0x00,0xFFFFFFF,0,1.0000,1.0000,1.0000,1,45,,,,,,1,
lab,0x00C1B10D20260706,c09_probes,"C09 inv parity",pipeline,28,18,0,0,0,0,0x00,0x00,0x0800200,0,0.0406,0.0537,0.0263,0,0,,,,,,484,"single=0.0406;subset=0.0537;gibbs_end=0.0263"
lab,0x00C1B10D20260706,L0_tb_argmax,"C09 inv parity",pipeline,28,19,0,0,0,0,0x00,0x45,0x0000000,0,0.0360,0.0000,0.0000,0,0,,,,,,162,
lab,0x00C1B10D20260706,L1_single_up,"C09 inv parity",pipeline,28,19,0,0,0,0,0x10,0xAA,0x0000000,0,0.0560,0.0000,0.0000,0,0,,,,,,1016,
lab,0x00C1B10D20260706,L2_pair_up,"C09 inv parity",pipeline,28,19,0,0,0,0,0x84,0x31,0x0000000,0,0.0583,0.0000,0.0000,0,0,,,,,,1792,
lab,0x00C1B10D20260706,L3_gibbs,"C09 inv parity",pipeline,28,19,0,0,0,0,0x75,0x00,0x0000000,0,0.0206,0.0000,0.0503,0,0,,,,,,186,
lab,0x00C1B10D20260706,LW_mod2_wht,"C09 inv parity",pipeline,28,19,0,0,0,0,0x3B,0x00,0x0000000,0,0.0514,0.0000,0.0023,0,0,,,,,,511,
lab,0x00C1B10D20260706,LG_gf2,"C09 inv parity",pipeline,28,19,1,1,0,0,0x00,0x00,0xFFFFFFF,0,1.0000,1.0000,1.0000,1,45,,,,,,1,
lab,0x00C1B10D20260706,c09_probes,"C09 inv parity",pipeline,28,19,0,0,0,0,0x00,0x00,0x0000214,0,0.0411,0.0503,0.0217,0,0,,,,,,512,"single=0.0411;subset=0.0503;gibbs_end=0.0217"
lab,0x00C1B10D20260706,L0_tb_argmax,"C10 parity XOR 0x0F",xor_popcount,4,0,0,0,0,0,0x00,0x0E,0x0000000,0,0.0440,-0.0314,0.0000,0,0,,,,,,162,
lab,0x00C1B10D20260706,L1_single_up,"C10 parity XOR 0x0F",xor_popcount,4,0,0,0,0,0,0x10,0x63,0x0000000,0,0.0549,0.0236,0.0000,0,0,,,,,,1016,
lab,0x00C1B10D20260706,L2_pair_up,"C10 parity XOR 0x0F",xor_popcount,4,0,1,0,0,0,0x0A,0x05,0x0000000,0,0.1309,0.1041,0.0000,0,0,,,,,,1792,
lab,0x00C1B10D20260706,L3_gibbs,"C10 parity XOR 0x0F",xor_popcount,4,0,1,1,0,0,0x0F,0x00,0x0000000,0,1.0000,0.0000,1.0000,0,0,,,,,,29,
lab,0x00C1B10D20260706,LW_mod2_wht,"C10 parity XOR 0x0F",xor_popcount,4,0,1,1,0,0,0x0F,0x00,0x0000000,0,1.0000,1.0000,1.0000,0,0,,,,,,511,
lab,0x00C1B10D20260706,LG_gf2,"C10 parity XOR 0x0F",xor_popcount,4,0,1,1,0,0,0x0F,0x00,0x0000000,0,1.0000,1.0000,1.0000,1,45,,,,,,1,
lab,0x00C1B10D20260706,L0_tb_argmax,"C10 parity XOR 0x0F",xor_popcount,4,1,0,0,0,0,0x00,0xA3,0x0000000,0,0.0474,-0.0057,0.0000,0,0,,,,,,162,
lab,0x00C1B10D20260706,L1_single_up,"C10 parity XOR 0x0F",xor_popcount,4,1,1,0,0,0,0x01,0x0E,0x0000000,0,0.0583,0.0323,0.0000,0,0,,,,,,1016,
lab,0x00C1B10D20260706,L2_pair_up,"C10 parity XOR 0x0F",xor_popcount,4,1,1,0,0,0,0x05,0x0A,0x0000000,0,0.1211,0.1059,0.0000,0,0,,,,,,1792,
lab,0x00C1B10D20260706,L3_gibbs,"C10 parity XOR 0x0F",xor_popcount,4,1,1,1,0,0,0x0F,0x00,0x0000000,0,1.0000,0.0000,1.0000,0,0,,,,,,29,
lab,0x00C1B10D20260706,LW_mod2_wht,"C10 parity XOR 0x0F",xor_popcount,4,1,1,1,0,0,0x0F,0x00,0x0000000,0,1.0000,1.0000,1.0000,0,0,,,,,,511,
lab,0x00C1B10D20260706,LG_gf2,"C10 parity XOR 0x0F",xor_popcount,4,1,1,1,0,0,0x0F,0x00,0x0000000,0,1.0000,1.0000,1.0000,1,45,,,,,,1,
lab,0x00C1B10D20260706,L0_tb_argmax,"C10 parity XOR 0x0F",xor_popcount,4,2,0,0,0,0,0x00,0x0E,0x0000000,0,0.0474,-0.0240,0.0000,0,0,,,,,,162,
lab,0x00C1B10D20260706,L1_single_up,"C10 parity XOR 0x0F",xor_popcount,4,2,0,0,0,0,0x10,0x63,0x0000000,0,0.0583,0.0226,0.0000,0,0,,,,,,1016,
lab,0x00C1B10D20260706,L2_pair_up,"C10 parity XOR 0x0F",xor_popcount,4,2,1,0,0,0,0x0C,0x03,0x0000000,0,0.1291,0.1032,0.0000,0,0,,,,,,1792,
lab,0x00C1B10D20260706,L3_gibbs,"C10 parity XOR 0x0F",xor_popcount,4,2,1,1,0,0,0x0F,0x00,0x0000000,0,1.0000,0.0000,1.0000,0,0,,,,,,29,
lab,0x00C1B10D20260706,LW_mod2_wht,"C10 parity XOR 0x0F",xor_popcount,4,2,1,1,0,0,0x0F,0x00,0x0000000,0,1.0000,1.0000,1.0000,0,0,,,,,,511,
lab,0x00C1B10D20260706,LG_gf2,"C10 parity XOR 0x0F",xor_popcount,4,2,1,1,0,0,0x0F,0x00,0x0000000,0,1.0000,1.0000,1.0000,1,45,,,,,,1,
lab,0x00C1B10D20260706,L0_tb_argmax,"C10 parity XOR 0x0F",xor_popcount,4,3,0,0,0,0,0x00,0x59,0x0000000,0,0.0486,0.0154,0.0000,0,0,,,,,,162,
lab,0x00C1B10D20260706,L1_single_up,"C10 parity XOR 0x0F",xor_popcount,4,3,1,0,0,0,0x01,0x0E,0x0000000,0,0.0594,0.0433,0.0000,0,0,,,,,,1016,
lab,0x00C1B10D20260706,L2_pair_up,"C10 parity XOR 0x0F",xor_popcount,4,3,1,0,0,0,0x0A,0x05,0x0000000,0,0.1314,0.1123,0.0000,0,0,,,,,,1792,
lab,0x00C1B10D20260706,L3_gibbs,"C10 parity XOR 0x0F",xor_popcount,4,3,1,1,0,0,0x0F,0x00,0x0000000,0,1.0000,0.0000,1.0000,0,0,,,,,,29,
lab,0x00C1B10D20260706,LW_mod2_wht,"C10 parity XOR 0x0F",xor_popcount,4,3,1,1,0,0,0x0F,0x00,0x0000000,0,1.0000,1.0000,1.0000,0,0,,,,,,511,
lab,0x00C1B10D20260706,LG_gf2,"C10 parity XOR 0x0F",xor_popcount,4,3,1,1,0,0,0x0F,0x00,0x0000000,0,1.0000,1.0000,1.0000,1,45,,,,,,1,
lab,0x00C1B10D20260706,L0_tb_argmax,"C10 parity XOR 0x0F",xor_popcount,4,4,0,0,0,0,0x00,0x23,0x0000000,0,0.0497,-0.0194,0.0000,0,0,,,,,,162,
lab,0x00C1B10D20260706,L1_single_up,"C10 parity XOR 0x0F",xor_popcount,4,4,0,0,0,0,0x40,0x36,0x0000000,0,0.0560,0.0200,0.0000,0,0,,,,,,1016,
lab,0x00C1B10D20260706,L2_pair_up,"C10 parity XOR 0x0F",xor_popcount,4,4,1,0,0,0,0x0C,0x03,0x0000000,0,0.1154,0.1044,0.0000,0,0,,,,,,1792,
lab,0x00C1B10D20260706,L3_gibbs,"C10 parity XOR 0x0F",xor_popcount,4,4,1,1,0,0,0x0F,0x00,0x0000000,0,1.0000,0.0000,1.0000,0,0,,,,,,29,
lab,0x00C1B10D20260706,LW_mod2_wht,"C10 parity XOR 0x0F",xor_popcount,4,4,1,1,0,0,0x0F,0x00,0x0000000,0,1.0000,1.0000,1.0000,0,0,,,,,,511,
lab,0x00C1B10D20260706,LG_gf2,"C10 parity XOR 0x0F",xor_popcount,4,4,1,1,0,0,0x0F,0x00,0x0000000,0,1.0000,1.0000,1.0000,1,45,,,,,,1,
lab,0x00C1B10D20260706,L0_tb_argmax,"C10 parity XOR 0x0F",xor_popcount,4,5,0,0,0,0,0x00,0x23,0x0000000,0,0.0480,-0.0217,0.0000,0,0,,,,,,162,
lab,0x00C1B10D20260706,L1_single_up,"C10 parity XOR 0x0F",xor_popcount,4,5,0,0,0,0,0x10,0x63,0x0000000,0,0.0566,0.0231,0.0000,0,0,,,,,,1016,
lab,0x00C1B10D20260706,L2_pair_up,"C10 parity XOR 0x0F",xor_popcount,4,5,1,0,0,0,0x0A,0x05,0x0000000,0,0.1269,0.1063,0.0000,0,0,,,,,,1792,
lab,0x00C1B10D20260706,L3_gibbs,"C10 parity XOR 0x0F",xor_popcount,4,5,1,1,0,0,0x0F,0x00,0x0000000,0,1.0000,0.0000,1.0000,0,0,,,,,,29,
lab,0x00C1B10D20260706,LW_mod2_wht,"C10 parity XOR 0x0F",xor_popcount,4,5,1,1,0,0,0x0F,0x00,0x0000000,0,1.0000,1.0000,1.0000,0,0,,,,,,511,
lab,0x00C1B10D20260706,LG_gf2,"C10 parity XOR 0x0F",xor_popcount,4,5,1,1,0,0,0x0F,0x00,0x0000000,0,1.0000,1.0000,1.0000,1,45,,,,,,1,
lab,0x00C1B10D20260706,L0_tb_argmax,"C10 parity XOR 0x0F",xor_popcount,4,6,0,0,0,0,0x00,0xD8,0x0000000,0,0.0451,-0.0137,0.0000,0,0,,,,,,162,
lab,0x00C1B10D20260706,L1_single_up,"C10 parity XOR 0x0F",xor_popcount,4,6,0,0,0,0,0x40,0xBB,0x0000000,0,0.0537,0.0246,0.0000,0,0,,,,,,1016,
lab,0x00C1B10D20260706,L2_pair_up,"C10 parity XOR 0x0F",xor_popcount,4,6,1,0,0,0,0x0C,0x03,0x0000000,0,0.1166,0.1030,0.0000,0,0,,,,,,1792,
lab,0x00C1B10D20260706,L3_gibbs,"C10 parity XOR 0x0F",xor_popcount,4,6,1,1,0,0,0x0F,0x00,0x0000000,0,1.0000,0.0000,1.0000,0,0,,,,,,29,
lab,0x00C1B10D20260706,LW_mod2_wht,"C10 parity XOR 0x0F",xor_popcount,4,6,1,1,0,0,0x0F,0x00,0x0000000,0,1.0000,1.0000,1.0000,0,0,,,,,,511,
lab,0x00C1B10D20260706,LG_gf2,"C10 parity XOR 0x0F",xor_popcount,4,6,1,1,0,0,0x0F,0x00,0x0000000,0,1.0000,1.0000,1.0000,1,45,,,,,,1,
lab,0x00C1B10D20260706,L0_tb_argmax,"C10 parity XOR 0x0F",xor_popcount,4,7,0,0,0,0,0x00,0x55,0x0000000,0,0.0354,-0.0171,0.0000,0,0,,,,,,162,
lab,0x00C1B10D20260706,L1_single_up,"C10 parity XOR 0x0F",xor_popcount,4,7,0,0,0,0,0x04,0x78,0x0000000,0,0.0589,0.0271,0.0000,0,0,,,,,,1016,
lab,0x00C1B10D20260706,L2_pair_up,"C10 parity XOR 0x0F",xor_popcount,4,7,1,0,0,0,0x0A,0x05,0x0000000,0,0.1246,0.1029,0.0000,0,0,,,,,,1792,
lab,0x00C1B10D20260706,L3_gibbs,"C10 parity XOR 0x0F",xor_popcount,4,7,1,1,0,0,0x0F,0x00,0x0000000,0,1.0000,0.0000,1.0000,0,0,,,,,,29,
lab,0x00C1B10D20260706,LW_mod2_wht,"C10 parity XOR 0x0F",xor_popcount,4,7,1,1,0,0,0x0F,0x00,0x0000000,0,1.0000,1.0000,1.0000,0,0,,,,,,511,
lab,0x00C1B10D20260706,LG_gf2,"C10 parity XOR 0x0F",xor_popcount,4,7,1,1,0,0,0x0F,0x00,0x0000000,0,1.0000,1.0000,1.0000,1,45,,,,,,1,
lab,0x00C1B10D20260706,L0_tb_argmax,"C10 parity XOR 0x0F",xor_popcount,4,8,0,0,0,0,0x00,0x59,0x0000000,0,0.0497,0.0011,0.0000,0,0,,,,,,162,
lab,0x00C1B10D20260706,L1_single_up,"C10 parity XOR 0x0F",xor_popcount,4,8,0,0,0,0,0x80,0x3F,0x0000000,0,0.0583,0.0289,0.0000,0,0,,,,,,1016,
lab,0x00C1B10D20260706,L2_pair_up,"C10 parity XOR 0x0F",xor_popcount,4,8,1,0,0,0,0x0A,0x05,0x0000000,0,0.1229,0.1078,0.0000,0,0,,,,,,1792,
lab,0x00C1B10D20260706,L3_gibbs,"C10 parity XOR 0x0F",xor_popcount,4,8,1,1,0,0,0x0F,0x00,0x0000000,0,1.0000,0.0000,1.0000,0,0,,,,,,29,
lab,0x00C1B10D20260706,LW_mod2_wht,"C10 parity XOR 0x0F",xor_popcount,4,8,1,1,0,0,0x0F,0x00,0x0000000,0,1.0000,1.0000,1.0000,0,0,,,,,,511,
lab,0x00C1B10D20260706,LG_gf2,"C10 parity XOR 0x0F",xor_popcount,4,8,1,1,0,0,0x0F,0x00,0x0000000,0,1.0000,1.0000,1.0000,1,45,,,,,,1,
lab,0x00C1B10D20260706,L0_tb_argmax,"C10 parity XOR 0x0F",xor_popcount,4,9,0,0,0,0,0x00,0xD0,0x0000000,0,0.0549,-0.0251,0.0000,0,0,,,,,,162,
lab,0x00C1B10D20260706,L1_single_up,"C10 parity XOR 0x0F",xor_popcount,4,9,0,0,0,0,0x20,0x17,0x0000000,0,0.0537,0.0257,0.0000,0,0,,,,,,1016,
lab,0x00C1B10D20260706,L2_pair_up,"C10 parity XOR 0x0F",xor_popcount,4,9,1,0,0,0,0x0C,0x03,0x0000000,0,0.1126,0.1023,0.0000,0,0,,,,,,1792,
lab,0x00C1B10D20260706,L3_gibbs,"C10 parity XOR 0x0F",xor_popcount,4,9,1,1,0,0,0x0F,0x00,0x0000000,0,1.0000,0.0000,1.0000,0,0,,,,,,29,
lab,0x00C1B10D20260706,LW_mod2_wht,"C10 parity XOR 0x0F",xor_popcount,4,9,1,1,0,0,0x0F,0x00,0x0000000,0,1.0000,1.0000,1.0000,0,0,,,,,,511,
lab,0x00C1B10D20260706,LG_gf2,"C10 parity XOR 0x0F",xor_popcount,4,9,1,1,0,0,0x0F,0x00,0x0000000,0,1.0000,1.0000,1.0000,1,45,,,,,,1,
lab,0x00C1B10D20260706,L0_tb_argmax,"C10 parity XOR 0x0F",xor_popcount,4,10,0,0,0,0,0x00,0xA3,0x0000000,0,0.0497,-0.0154,0.0000,0,0,,,,,,162,
lab,0x00C1B10D20260706,L1_single_up,"C10 parity XOR 0x0F",xor_popcount,4,10,0,0,0,0,0x10,0x2B,0x0000000,0,0.0657,0.0224,0.0000,0,0,,,,,,1016,
lab,0x00C1B10D20260706,L2_pair_up,"C10 parity XOR 0x0F",xor_popcount,4,10,1,0,0,0,0x0C,0x03,0x0000000,0,0.1149,0.1007,0.0000,0,0,,,,,,1792,
lab,0x00C1B10D20260706,L3_gibbs,"C10 parity XOR 0x0F",xor_popcount,4,10,1,1,0,0,0x0F,0x00,0x0000000,0,1.0000,0.0000,1.0000,0,0,,,,,,29,
lab,0x00C1B10D20260706,LW_mod2_wht,"C10 parity XOR 0x0F",xor_popcount,4,10,1,1,0,0,0x0F,0x00,0x0000000,0,1.0000,1.0000,1.0000,0,0,,,,,,511,
lab,0x00C1B10D20260706,LG_gf2,"C10 parity XOR 0x0F",xor_popcount,4,10,1,1,0,0,0x0F,0x00,0x0000000,0,1.0000,1.0000,1.0000,1,45,,,,,,1,
lab,0x00C1B10D20260706,L0_tb_argmax,"C10 parity XOR 0x0F",xor_popcount,4,11,0,0,0,0,0x00,0xA3,0x0000000,0,0.0549,-0.0269,0.0000,0,0,,,,,,162,
lab,0x00C1B10D20260706,L1_single_up,"C10 parity XOR 0x0F",xor_popcount,4,11,0,0,0,0,0x04,0x78,0x0000000,0,0.0594,0.0247,0.0000,0,0,,,,,,1016,
lab,0x00C1B10D20260706,L2_pair_up,"C10 parity XOR 0x0F",xor_popcount,4,11,1,0,0,0,0x0C,0x03,0x0000000,0,0.1371,0.1045,0.0000,0,0,,,,,,1792,
lab,0x00C1B10D20260706,L3_gibbs,"C10 parity XOR 0x0F",xor_popcount,4,11,1,1,0,0,0x0F,0x00,0x0000000,0,1.0000,0.0000,1.0000,0,0,,,,,,29,
lab,0x00C1B10D20260706,LW_mod2_wht,"C10 parity XOR 0x0F",xor_popcount,4,11,1,1,0,0,0x0F,0x00,0x0000000,0,1.0000,1.0000,1.0000,0,0,,,,,,511,
lab,0x00C1B10D20260706,LG_gf2,"C10 parity XOR 0x0F",xor_popcount,4,11,1,1,0,0,0x0F,0x00,0x0000000,0,1.0000,1.0000,1.0000,1,45,,,,,,1,
lab,0x00C1B10D20260706,L0_tb_argmax,"C10 parity XOR 0x0F",xor_popcount,4,12,0,0,0,0,0x00,0x2E,0x0000000,0,0.0503,0.0046,0.0000,0,0,,,,,,162,
lab,0x00C1B10D20260706,L1_single_up,"C10 parity XOR 0x0F",xor_popcount,4,12,0,0,0,0,0x20,0x17,0x0000000,0,0.0589,0.0329,0.0000,0,0,,,,,,1016,
lab,0x00C1B10D20260706,L2_pair_up,"C10 parity XOR 0x0F",xor_popcount,4,12,1,0,0,0,0x0C,0x03,0x0000000,0,0.1326,0.1103,0.0000,0,0,,,,,,1792,
lab,0x00C1B10D20260706,L3_gibbs,"C10 parity XOR 0x0F",xor_popcount,4,12,1,1,0,0,0x0F,0x00,0x0000000,0,1.0000,0.0000,1.0000,0,0,,,,,,29,
lab,0x00C1B10D20260706,LW_mod2_wht,"C10 parity XOR 0x0F",xor_popcount,4,12,1,1,0,0,0x0F,0x00,0x0000000,0,1.0000,1.0000,1.0000,0,0,,,,,,511,
lab,0x00C1B10D20260706,LG_gf2,"C10 parity XOR 0x0F",xor_popcount,4,12,1,1,0,0,0x0F,0x00,0x0000000,0,1.0000,1.0000,1.0000,1,45,,,,,,1,
lab,0x00C1B10D20260706,L0_tb_argmax,"C10 parity XOR 0x0F",xor_popcount,4,13,0,0,0,0,0x00,0x81,0x0000000,0,0.0503,-0.0240,0.0000,0,0,,,,,,162,
lab,0x00C1B10D20260706,L1_single_up,"C10 parity XOR 0x0F",xor_popcount,4,13,0,0,0,0,0x10,0x0A,0x0000000,0,0.0497,0.0326,0.0000,0,0,,,,,,1016,
lab,0x00C1B10D20260706,L2_pair_up,"C10 parity XOR 0x0F",xor_popcount,4,13,1,0,0,0,0x0A,0x05,0x0000000,0,0.1406,0.1139,0.0000,0,0,,,,,,1792,
lab,0x00C1B10D20260706,L3_gibbs,"C10 parity XOR 0x0F",xor_popcount,4,13,1,1,0,0,0x0F,0x00,0x0000000,0,1.0000,0.0000,1.0000,0,0,,,,,,29,
lab,0x00C1B10D20260706,LW_mod2_wht,"C10 parity XOR 0x0F",xor_popcount,4,13,1,1,0,0,0x0F,0x00,0x0000000,0,1.0000,1.0000,1.0000,0,0,,,,,,511,
lab,0x00C1B10D20260706,LG_gf2,"C10 parity XOR 0x0F",xor_popcount,4,13,1,1,0,0,0x0F,0x00,0x0000000,0,1.0000,1.0000,1.0000,1,45,,,,,,1,
lab,0x00C1B10D20260706,L0_tb_argmax,"C10 parity XOR 0x0F",xor_popcount,4,14,0,0,0,0,0x00,0x59,0x0000000,0,0.0474,-0.0229,0.0000,0,0,,,,,,162,
lab,0x00C1B10D20260706,L1_single_up,"C10 parity XOR 0x0F",xor_popcount,4,14,0,0,0,0,0x10,0x2B,0x0000000,0,0.0537,0.0257,0.0000,0,0,,,,,,1016,
lab,0x00C1B10D20260706,L2_pair_up,"C10 parity XOR 0x0F",xor_popcount,4,14,1,0,0,0,0x0C,0x03,0x0000000,0,0.1274,0.1008,0.0000,0,0,,,,,,1792,
lab,0x00C1B10D20260706,L3_gibbs,"C10 parity XOR 0x0F",xor_popcount,4,14,1,1,0,0,0x0F,0x00,0x0000000,0,1.0000,0.0000,1.0000,0,0,,,,,,29,
lab,0x00C1B10D20260706,LW_mod2_wht,"C10 parity XOR 0x0F",xor_popcount,4,14,1,1,0,0,0x0F,0x00,0x0000000,0,1.0000,1.0000,1.0000,0,0,,,,,,511,
lab,0x00C1B10D20260706,LG_gf2,"C10 parity XOR 0x0F",xor_popcount,4,14,1,1,0,0,0x0F,0x00,0x0000000,0,1.0000,1.0000,1.0000,1,45,,,,,,1,
lab,0x00C1B10D20260706,L0_tb_argmax,"C10 parity XOR 0x0F",xor_popcount,4,15,0,0,0,0,0x00,0x23,0x0000000,0,0.0394,-0.0074,0.0000,0,0,,,,,,162,
lab,0x00C1B10D20260706,L1_single_up,"C10 parity XOR 0x0F",xor_popcount,4,15,0,0,0,0,0x40,0x0D,0x0000000,0,0.0537,0.0313,0.0000,0,0,,,,,,1016,
lab,0x00C1B10D20260706,L2_pair_up,"C10 parity XOR 0x0F",xor_popcount,4,15,1,0,0,0,0x0A,0x05,0x0000000,0,0.1223,0.1089,0.0000,0,0,,,,,,1792,
lab,0x00C1B10D20260706,L3_gibbs,"C10 parity XOR 0x0F",xor_popcount,4,15,1,1,0,0,0x0F,0x00,0x0000000,0,1.0000,0.0000,1.0000,0,0,,,,,,29,
lab,0x00C1B10D20260706,LW_mod2_wht,"C10 parity XOR 0x0F",xor_popcount,4,15,1,1,0,0,0x0F,0x00,0x0000000,0,1.0000,1.0000,1.0000,0,0,,,,,,511,
lab,0x00C1B10D20260706,LG_gf2,"C10 parity XOR 0x0F",xor_popcount,4,15,1,1,0,0,0x0F,0x00,0x0000000,0,1.0000,1.0000,1.0000,1,45,,,,,,1,
lab,0x00C1B10D20260706,L0_tb_argmax,"C10 parity XOR 0x0F",xor_popcount,4,16,0,0,0,0,0x00,0x71,0x0000000,0,0.0514,0.0143,0.0000,0,0,,,,,,162,
lab,0x00C1B10D20260706,L1_single_up,"C10 parity XOR 0x0F",xor_popcount,4,16,0,0,0,0,0x08,0x22,0x0000000,0,0.0571,0.0379,0.0000,0,0,,,,,,1016,
lab,0x00C1B10D20260706,L2_pair_up,"C10 parity XOR 0x0F",xor_popcount,4,16,1,0,0,0,0x03,0x0C,0x0000000,0,0.1269,0.1117,0.0000,0,0,,,,,,1792,
lab,0x00C1B10D20260706,L3_gibbs,"C10 parity XOR 0x0F",xor_popcount,4,16,1,1,0,0,0x0F,0x00,0x0000000,0,1.0000,0.0000,1.0000,0,0,,,,,,29,
lab,0x00C1B10D20260706,LW_mod2_wht,"C10 parity XOR 0x0F",xor_popcount,4,16,1,1,0,0,0x0F,0x00,0x0000000,0,1.0000,1.0000,1.0000,0,0,,,,,,511,
lab,0x00C1B10D20260706,LG_gf2,"C10 parity XOR 0x0F",xor_popcount,4,16,1,1,0,0,0x0F,0x00,0x0000000,0,1.0000,1.0000,1.0000,1,45,,,,,,1,
lab,0x00C1B10D20260706,L0_tb_argmax,"C10 parity XOR 0x0F",xor_popcount,4,17,0,0,0,0,0x00,0x8D,0x0000000,0,0.0509,-0.0069,0.0000,0,0,,,,,,162,
lab,0x00C1B10D20260706,L1_single_up,"C10 parity XOR 0x0F",xor_popcount,4,17,0,0,0,0,0x40,0x33,0x0000000,0,0.0583,0.0383,0.0000,0,0,,,,,,1016,
lab,0x00C1B10D20260706,L2_pair_up,"C10 parity XOR 0x0F",xor_popcount,4,17,1,0,0,0,0x0A,0x05,0x0000000,0,0.1469,0.1179,0.0000,0,0,,,,,,1792,
lab,0x00C1B10D20260706,L3_gibbs,"C10 parity XOR 0x0F",xor_popcount,4,17,1,1,0,0,0x0F,0x00,0x0000000,0,1.0000,0.0000,1.0000,0,0,,,,,,29,
lab,0x00C1B10D20260706,LW_mod2_wht,"C10 parity XOR 0x0F",xor_popcount,4,17,1,1,0,0,0x0F,0x00,0x0000000,0,1.0000,1.0000,1.0000,0,0,,,,,,511,
lab,0x00C1B10D20260706,LG_gf2,"C10 parity XOR 0x0F",xor_popcount,4,17,1,1,0,0,0x0F,0x00,0x0000000,0,1.0000,1.0000,1.0000,1,45,,,,,,1,
lab,0x00C1B10D20260706,L0_tb_argmax,"C10 parity XOR 0x0F",xor_popcount,4,18,0,0,0,0,0x00,0x07,0x0000000,0,0.0497,-0.0091,0.0000,0,0,,,,,,162,
lab,0x00C1B10D20260706,L1_single_up,"C10 parity XOR 0x0F",xor_popcount,4,18,0,0,0,0,0x08,0x25,0x0000000,0,0.0509,0.0269,0.0000,0,0,,,,,,1016,
lab,0x00C1B10D20260706,L2_pair_up,"C10 parity XOR 0x0F",xor_popcount,4,18,1,0,0,0,0x0A,0x05,0x0000000,0,0.1183,0.1050,0.0000,0,0,,,,,,1792,
lab,0x00C1B10D20260706,L3_gibbs,"C10 parity XOR 0x0F",xor_popcount,4,18,1,1,0,0,0x0F,0x00,0x0000000,0,1.0000,0.0000,1.0000,0,0,,,,,,29,
lab,0x00C1B10D20260706,LW_mod2_wht,"C10 parity XOR 0x0F",xor_popcount,4,18,1,1,0,0,0x0F,0x00,0x0000000,0,1.0000,1.0000,1.0000,0,0,,,,,,511,
lab,0x00C1B10D20260706,LG_gf2,"C10 parity XOR 0x0F",xor_popcount,4,18,1,1,0,0,0x0F,0x00,0x0000000,0,1.0000,1.0000,1.0000,1,45,,,,,,1,
lab,0x00C1B10D20260706,L0_tb_argmax,"C10 parity XOR 0x0F",xor_popcount,4,19,0,0,0,0,0x00,0xB1,0x0000000,0,0.0463,-0.0171,0.0000,0,0,,,,,,162,
lab,0x00C1B10D20260706,L1_single_up,"C10 parity XOR 0x0F",xor_popcount,4,19,0,0,0,0,0x04,0x78,0x0000000,0,0.0600,0.0297,0.0000,0,0,,,,,,1016,
lab,0x00C1B10D20260706,L2_pair_up,"C10 parity XOR 0x0F",xor_popcount,4,19,1,0,0,0,0x0A,0x05,0x0000000,0,0.1257,0.1010,0.0000,0,0,,,,,,1792,
lab,0x00C1B10D20260706,L3_gibbs,"C10 parity XOR 0x0F",xor_popcount,4,19,1,1,0,0,0x0F,0x00,0x0000000,0,1.0000,0.0000,1.0000,0,0,,,,,,29,
lab,0x00C1B10D20260706,LW_mod2_wht,"C10 parity XOR 0x0F",xor_popcount,4,19,1,1,0,0,0x0F,0x00,0x0000000,0,1.0000,1.0000,1.0000,0,0,,,,,,511,
lab,0x00C1B10D20260706,LG_gf2,"C10 parity XOR 0x0F",xor_popcount,4,19,1,1,0,0,0x0F,0x00,0x0000000,0,1.0000,1.0000,1.0000,1,45,,,,,,1,
lab,0x00C1B10D20260706,L0_tb_argmax,"C11 XOR 0x37",xor_popcount,5,0,0,0,0,0,0x00,0x93,0x0000000,0,0.0423,0.0074,0.0000,0,0,,,,,,162,
lab,0x00C1B10D20260706,L1_single_up,"C11 XOR 0x37",xor_popcount,5,0,0,0,0,0,0x80,0x75,0x0000000,0,0.0623,0.0117,0.0000,0,0,,,,,,1016,
lab,0x00C1B10D20260706,L2_pair_up,"C11 XOR 0x37",xor_popcount,5,0,1,0,0,0,0x22,0x15,0x0000000,0,0.0669,0.0376,0.0000,0,0,,,,,,1792,
lab,0x00C1B10D20260706,L3_gibbs,"C11 XOR 0x37",xor_popcount,5,0,1,1,0,0,0x37,0x00,0x0000000,0,1.0000,0.0000,1.0000,0,0,,,,,,40,
lab,0x00C1B10D20260706,LW_mod2_wht,"C11 XOR 0x37",xor_popcount,5,0,1,1,0,0,0x37,0x00,0x0000000,0,1.0000,1.0000,1.0000,0,0,,,,,,511,
lab,0x00C1B10D20260706,LG_gf2,"C11 XOR 0x37",xor_popcount,5,0,1,1,0,0,0x37,0x00,0x0000000,0,1.0000,1.0000,1.0000,1,45,,,,,,1,
lab,0x00C1B10D20260706,L0_tb_argmax,"C11 XOR 0x37",xor_popcount,5,1,0,0,0,0,0x00,0x92,0x0000000,0,0.0560,0.0211,0.0000,0,0,,,,,,162,
lab,0x00C1B10D20260706,L1_single_up,"C11 XOR 0x37",xor_popcount,5,1,0,0,0,0,0x80,0x30,0x0000000,0,0.0531,0.0043,0.0000,0,0,,,,,,1016,
lab,0x00C1B10D20260706,L2_pair_up,"C11 XOR 0x37",xor_popcount,5,1,0,0,0,0,0x12,0xE5,0x0000000,0,0.0617,0.0257,0.0000,0,0,,,,,,1792,
lab,0x00C1B10D20260706,L3_gibbs,"C11 XOR 0x37",xor_popcount,5,1,1,1,0,0,0x37,0x00,0x0000000,0,1.0000,0.0000,1.0000,0,0,,,,,,117,
lab,0x00C1B10D20260706,LW_mod2_wht,"C11 XOR 0x37",xor_popcount,5,1,1,1,0,0,0x37,0x00,0x0000000,0,1.0000,1.0000,1.0000,0,0,,,,,,511,
lab,0x00C1B10D20260706,LG_gf2,"C11 XOR 0x37",xor_popcount,5,1,1,1,0,0,0x37,0x00,0x0000000,0,1.0000,1.0000,1.0000,1,45,,,,,,1,
lab,0x00C1B10D20260706,L0_tb_argmax,"C11 XOR 0x37",xor_popcount,5,2,0,0,0,0,0x00,0xB1,0x0000000,0,0.0531,-0.0017,0.0000,0,0,,,,,,162,
lab,0x00C1B10D20260706,L1_single_up,"C11 XOR 0x37",xor_popcount,5,2,0,0,0,0,0x08,0x90,0x0000000,0,0.0497,0.0002,0.0000,0,0,,,,,,1016,
lab,0x00C1B10D20260706,L2_pair_up,"C11 XOR 0x37",xor_popcount,5,2,0,0,0,0,0x12,0x41,0x0000000,0,0.0520,0.0291,0.0000,0,0,,,,,,1792,
lab,0x00C1B10D20260706,L3_gibbs,"C11 XOR 0x37",xor_popcount,5,2,1,1,0,0,0x37,0x00,0x0000000,0,1.0000,0.0000,1.0000,0,0,,,,,,144,
lab,0x00C1B10D20260706,LW_mod2_wht,"C11 XOR 0x37",xor_popcount,5,2,1,1,0,0,0x37,0x00,0x0000000,0,1.0000,1.0000,1.0000,0,0,,,,,,511,
lab,0x00C1B10D20260706,LG_gf2,"C11 XOR 0x37",xor_popcount,5,2,1,1,0,0,0x37,0x00,0x0000000,0,1.0000,1.0000,1.0000,1,45,,,,,,1,
lab,0x00C1B10D20260706,L0_tb_argmax,"C11 XOR 0x37",xor_popcount,5,3,0,0,0,0,0x00,0x46,0x0000000,0,0.0457,0.0274,0.0000,0,0,,,,,,162,
lab,0x00C1B10D20260706,L1_single_up,"C11 XOR 0x37",xor_popcount,5,3,0,0,0,0,0x04,0x91,0x0000000,0,0.0503,0.0139,0.0000,0,0,,,,,,1016,
lab,0x00C1B10D20260706,L2_pair_up,"C11 XOR 0x37",xor_popcount,5,3,0,0,0,0,0x21,0xD8,0x0000000,0,0.0623,0.0341,0.0000,0,0,,,,,,1792,
lab,0x00C1B10D20260706,L3_gibbs,"C11 XOR 0x37",xor_popcount,5,3,1,1,0,0,0x37,0x00,0x0000000,0,1.0000,0.0000,1.0000,0,0,,,,,,68,
lab,0x00C1B10D20260706,LW_mod2_wht,"C11 XOR 0x37",xor_popcount,5,3,1,1,0,0,0x37,0x00,0x0000000,0,1.0000,1.0000,1.0000,0,0,,,,,,511,
lab,0x00C1B10D20260706,LG_gf2,"C11 XOR 0x37",xor_popcount,5,3,1,1,0,0,0x37,0x00,0x0000000,0,1.0000,1.0000,1.0000,1,45,,,,,,1,
lab,0x00C1B10D20260706,L0_tb_argmax,"C11 XOR 0x37",xor_popcount,5,4,0,0,0,0,0x00,0x0D,0x0000000,0,0.0389,0.0126,0.0000,0,0,,,,,,162,
lab,0x00C1B10D20260706,L1_single_up,"C11 XOR 0x37",xor_popcount,5,4,0,0,0,0,0x08,0x07,0x0000000,0,0.0583,0.0105,0.0000,0,0,,,,,,1016,
lab,0x00C1B10D20260706,L2_pair_up,"C11 XOR 0x37",xor_popcount,5,4,0,0,0,0,0x14,0x4B,0x0000000,0,0.0560,0.0330,0.0000,0,0,,,,,,1792,
lab,0x00C1B10D20260706,L3_gibbs,"C11 XOR 0x37",xor_popcount,5,4,1,1,0,0,0x37,0x00,0x0000000,0,1.0000,0.0000,1.0000,0,0,,,,,,68,
lab,0x00C1B10D20260706,LW_mod2_wht,"C11 XOR 0x37",xor_popcount,5,4,1,1,0,0,0x37,0x00,0x0000000,0,1.0000,1.0000,1.0000,0,0,,,,,,511,
lab,0x00C1B10D20260706,LG_gf2,"C11 XOR 0x37",xor_popcount,5,4,1,1,0,0,0x37,0x00,0x0000000,0,1.0000,1.0000,1.0000,1,45,,,,,,1,
lab,0x00C1B10D20260706,L0_tb_argmax,"C11 XOR 0x37",xor_popcount,5,5,0,0,0,0,0x00,0x74,0x0000000,0,0.0394,0.0229,0.0000,0,0,,,,,,162,
lab,0x00C1B10D20260706,L1_single_up,"C11 XOR 0x37",xor_popcount,5,5,0,0,0,0,0x80,0x75,0x0000000,0,0.0571,0.0110,0.0000,0,0,,,,,,1016,
lab,0x00C1B10D20260706,L2_pair_up,"C11 XOR 0x37",xor_popcount,5,5,0,0,0,0,0x11,0x8A,0x0000000,0,0.0566,0.0287,0.0000,0,0,,,,,,1792,
lab,0x00C1B10D20260706,L3_gibbs,"C11 XOR 0x37",xor_popcount,5,5,1,1,0,0,0x37,0x00,0x0000000,0,1.0000,0.0000,1.0000,0,0,,,,,,66,
lab,0x00C1B10D20260706,LW_mod2_wht,"C11 XOR 0x37",xor_popcount,5,5,1,1,0,0,0x37,0x00,0x0000000,0,1.0000,1.0000,1.0000,0,0,,,,,,511,
lab,0x00C1B10D20260706,LG_gf2,"C11 XOR 0x37",xor_popcount,5,5,1,1,0,0,0x37,0x00,0x0000000,0,1.0000,1.0000,1.0000,1,45,,,,,,1,
lab,0x00C1B10D20260706,L0_tb_argmax,"C11 XOR 0x37",xor_popcount,5,6,0,0,0,0,0x00,0x4E,0x0000000,0,0.0566,0.0006,0.0000,0,0,,,,,,162,
lab,0x00C1B10D20260706,L1_single_up,"C11 XOR 0x37",xor_popcount,5,6,0,0,0,0,0x40,0x9A,0x0000000,0,0.0480,0.0096,0.0000,0,0,,,,,,1016,
lab,0x00C1B10D20260706,L2_pair_up,"C11 XOR 0x37",xor_popcount,5,6,0,0,0,0,0x90,0x63,0x0000000,0,0.0594,0.0354,0.0000,0,0,,,,,,1792,
lab,0x00C1B10D20260706,L3_gibbs,"C11 XOR 0x37",xor_popcount,5,6,1,1,0,0,0x37,0x00,0x0000000,0,1.0000,0.0000,1.0000,0,0,,,,,,67,
lab,0x00C1B10D20260706,LW_mod2_wht,"C11 XOR 0x37",xor_popcount,5,6,1,1,0,0,0x37,0x00,0x0000000,0,1.0000,1.0000,1.0000,0,0,,,,,,511,
lab,0x00C1B10D20260706,LG_gf2,"C11 XOR 0x37",xor_popcount,5,6,1,1,0,0,0x37,0x00,0x0000000,0,1.0000,1.0000,1.0000,1,45,,,,,,1,
lab,0x00C1B10D20260706,L0_tb_argmax,"C11 XOR 0x37",xor_popcount,5,7,0,0,0,0,0x00,0x92,0x0000000,0,0.0457,0.0189,0.0000,0,0,,,,,,162,
lab,0x00C1B10D20260706,L1_single_up,"C11 XOR 0x37",xor_popcount,5,7,0,0,0,0,0x04,0x48,0x0000000,0,0.0497,0.0160,0.0000,0,0,,,,,,1016,
lab,0x00C1B10D20260706,L2_pair_up,"C11 XOR 0x37",xor_popcount,5,7,1,0,0,0,0x05,0x32,0x0000000,0,0.0589,0.0347,0.0000,0,0,,,,,,1792,
lab,0x00C1B10D20260706,L3_gibbs,"C11 XOR 0x37",xor_popcount,5,7,1,1,0,0,0x37,0x00,0x0000000,0,1.0000,0.0000,1.0000,0,0,,,,,,40,
lab,0x00C1B10D20260706,LW_mod2_wht,"C11 XOR 0x37",xor_popcount,5,7,1,1,0,0,0x37,0x00,0x0000000,0,1.0000,1.0000,1.0000,0,0,,,,,,511,
lab,0x00C1B10D20260706,LG_gf2,"C11 XOR 0x37",xor_popcount,5,7,1,1,0,0,0x37,0x00,0x0000000,0,1.0000,1.0000,1.0000,1,45,,,,,,1,
lab,0x00C1B10D20260706,L0_tb_argmax,"C11 XOR 0x37",xor_popcount,5,8,0,0,0,0,0x00,0xB1,0x0000000,0,0.0377,0.0086,0.0000,0,0,,,,,,162,
lab,0x00C1B10D20260706,L1_single_up,"C11 XOR 0x37",xor_popcount,5,8,0,0,0,0,0x04,0x70,0x0000000,0,0.0651,0.0110,0.0000,0,0,,,,,,1016,
lab,0x00C1B10D20260706,L2_pair_up,"C11 XOR 0x37",xor_popcount,5,8,1,0,0,0,0x22,0x15,0x0000000,0,0.0651,0.0375,0.0000,0,0,,,,,,1792,
lab,0x00C1B10D20260706,L3_gibbs,"C11 XOR 0x37",xor_popcount,5,8,1,1,0,0,0x37,0x00,0x0000000,0,1.0000,0.0000,1.0000,0,0,,,,,,40,
lab,0x00C1B10D20260706,LW_mod2_wht,"C11 XOR 0x37",xor_popcount,5,8,1,1,0,0,0x37,0x00,0x0000000,0,1.0000,1.0000,1.0000,0,0,,,,,,511,
lab,0x00C1B10D20260706,LG_gf2,"C11 XOR 0x37",xor_popcount,5,8,1,1,0,0,0x37,0x00,0x0000000,0,1.0000,1.0000,1.0000,1,45,,,,,,1,
lab,0x00C1B10D20260706,L0_tb_argmax,"C11 XOR 0x37",xor_popcount,5,9,0,0,0,0,0x00,0x53,0x0000000,0,0.0526,0.0029,0.0000,0,0,,,,,,162,
lab,0x00C1B10D20260706,L1_single_up,"C11 XOR 0x37",xor_popcount,5,9,0,0,0,0,0x40,0x90,0x0000000,0,0.0571,0.0027,0.0000,0,0,,,,,,1016,
lab,0x00C1B10D20260706,L2_pair_up,"C11 XOR 0x37",xor_popcount,5,9,1,0,0,0,0x22,0x15,0x0000000,0,0.0617,0.0320,0.0000,0,0,,,,,,1792,
lab,0x00C1B10D20260706,L3_gibbs,"C11 XOR 0x37",xor_popcount,5,9,1,1,0,0,0x37,0x00,0x0000000,0,1.0000,0.0000,1.0000,0,0,,,,,,40,
lab,0x00C1B10D20260706,LW_mod2_wht,"C11 XOR 0x37",xor_popcount,5,9,1,1,0,0,0x37,0x00,0x0000000,0,1.0000,1.0000,1.0000,0,0,,,,,,511,
lab,0x00C1B10D20260706,LG_gf2,"C11 XOR 0x37",xor_popcount,5,9,1,1,0,0,0x37,0x00,0x0000000,0,1.0000,1.0000,1.0000,1,45,,,,,,1,
lab,0x00C1B10D20260706,L0_tb_argmax,"C11 XOR 0x37",xor_popcount,5,10,0,0,0,0,0x00,0x87,0x0000000,0,0.0429,0.0114,0.0000,0,0,,,,,,162,
lab,0x00C1B10D20260706,L1_single_up,"C11 XOR 0x37",xor_popcount,5,10,0,0,0,0,0x01,0xF4,0x0000000,0,0.0554,0.0149,0.0000,0,0,,,,,,1016,
lab,0x00C1B10D20260706,L2_pair_up,"C11 XOR 0x37",xor_popcount,5,10,1,0,0,0,0x22,0x15,0x0000000,0,0.0691,0.0407,0.0000,0,0,,,,,,1792,
lab,0x00C1B10D20260706,L3_gibbs,"C11 XOR 0x37",xor_popcount,5,10,1,1,0,0,0x37,0x00,0x0000000,0,1.0000,0.0000,1.0000,0,0,,,,,,40,
lab,0x00C1B10D20260706,LW_mod2_wht,"C11 XOR 0x37",xor_popcount,5,10,1,1,0,0,0x37,0x00,0x0000000,0,1.0000,1.0000,1.0000,0,0,,,,,,511,
lab,0x00C1B10D20260706,LG_gf2,"C11 XOR 0x37",xor_popcount,5,10,1,1,0,0,0x37,0x00,0x0000000,0,1.0000,1.0000,1.0000,1,45,,,,,,1,
lab,0x00C1B10D20260706,L0_tb_argmax,"C11 XOR 0x37",xor_popcount,5,11,0,0,0,0,0x00,0x09,0x0000000,0,0.0423,0.0200,0.0000,0,0,,,,,,162,
lab,0x00C1B10D20260706,L1_single_up,"C11 XOR 0x37",xor_popcount,5,11,0,0,0,0,0x08,0x90,0x0000000,0,0.0554,0.0103,0.0000,0,0,,,,,,1016,
lab,0x00C1B10D20260706,L2_pair_up,"C11 XOR 0x37",xor_popcount,5,11,1,0,0,0,0x22,0x15,0x0000000,0,0.0640,0.0310,0.0000,0,0,,,,,,1792,
lab,0x00C1B10D20260706,L3_gibbs,"C11 XOR 0x37",xor_popcount,5,11,1,1,0,0,0x37,0x00,0x0000000,0,1.0000,0.0000,1.0000,0,0,,,,,,40,
lab,0x00C1B10D20260706,LW_mod2_wht,"C11 XOR 0x37",xor_popcount,5,11,1,1,0,0,0x37,0x00,0x0000000,0,1.0000,1.0000,1.0000,0,0,,,,,,511,
lab,0x00C1B10D20260706,LG_gf2,"C11 XOR 0x37",xor_popcount,5,11,1,1,0,0,0x37,0x00,0x0000000,0,1.0000,1.0000,1.0000,1,45,,,,,,1,
lab,0x00C1B10D20260706,L0_tb_argmax,"C11 XOR 0x37",xor_popcount,5,12,0,0,0,0,0x00,0x5C,0x0000000,0,0.0486,-0.0051,0.0000,0,0,,,,,,162,
lab,0x00C1B10D20260706,L1_single_up,"C11 XOR 0x37",xor_popcount,5,12,0,0,0,0,0x01,0xE8,0x0000000,0,0.0520,0.0041,0.0000,0,0,,,,,,1016,
lab,0x00C1B10D20260706,L2_pair_up,"C11 XOR 0x37",xor_popcount,5,12,0,0,0,0,0x81,0x2A,0x0000000,0,0.0629,0.0325,0.0000,0,0,,,,,,1792,
lab,0x00C1B10D20260706,L3_gibbs,"C11 XOR 0x37",xor_popcount,5,12,1,1,0,0,0x37,0x00,0x0000000,0,1.0000,0.0000,1.0000,0,0,,,,,,53,
lab,0x00C1B10D20260706,LW_mod2_wht,"C11 XOR 0x37",xor_popcount,5,12,1,1,0,0,0x37,0x00,0x0000000,0,1.0000,1.0000,1.0000,0,0,,,,,,511,
lab,0x00C1B10D20260706,LG_gf2,"C11 XOR 0x37",xor_popcount,5,12,1,1,0,0,0x37,0x00,0x0000000,0,1.0000,1.0000,1.0000,1,45,,,,,,1,
lab,0x00C1B10D20260706,L0_tb_argmax,"C11 XOR 0x37",xor_popcount,5,13,0,0,0,0,0x00,0x92,0x0000000,0,0.0503,0.0017,0.0000,0,0,,,,,,162,
lab,0x00C1B10D20260706,L1_single_up,"C11 XOR 0x37",xor_popcount,5,13,0,0,0,0,0x80,0x30,0x0000000,0,0.0537,0.0021,0.0000,0,0,,,,,,1016,
lab,0x00C1B10D20260706,L2_pair_up,"C11 XOR 0x37",xor_popcount,5,13,0,0,0,0,0x81,0x2A,0x0000000,0,0.0640,0.0248,0.0000,0,0,,,,,,1792,
lab,0x00C1B10D20260706,L3_gibbs,"C11 XOR 0x37",xor_popcount,5,13,1,1,0,0,0x37,0x00,0x0000000,0,1.0000,0.0000,1.0000,0,0,,,,,,130,
lab,0x00C1B10D20260706,LW_mod2_wht,"C11 XOR 0x37",xor_popcount,5,13,1,1,0,0,0x37,0x00,0x0000000,0,1.0000,1.0000,1.0000,0,0,,,,,,511,
lab,0x00C1B10D20260706,LG_gf2,"C11 XOR 0x37",xor_popcount,5,13,1,1,0,0,0x37,0x00,0x0000000,0,1.0000,1.0000,1.0000,1,45,,,,,,1,
lab,0x00C1B10D20260706,L0_tb_argmax,"C11 XOR 0x37",xor_popcount,5,14,0,0,0,0,0x00,0x87,0x0000000,0,0.0383,0.0160,0.0000,0,0,,,,,,162,
lab,0x00C1B10D20260706,L1_single_up,"C11 XOR 0x37",xor_popcount,5,14,0,0,0,0,0x20,0xC8,0x0000000,0,0.0531,0.0094,0.0000,0,0,,,,,,1016,
lab,0x00C1B10D20260706,L2_pair_up,"C11 XOR 0x37",xor_popcount,5,14,1,0,0,0,0x05,0x32,0x0000000,0,0.0623,0.0313,0.0000,0,0,,,,,,1792,
lab,0x00C1B10D20260706,L3_gibbs,"C11 XOR 0x37",xor_popcount,5,14,1,1,0,0,0x37,0x00,0x0000000,0,1.0000,0.0000,1.0000,0,0,,,,,,40,
lab,0x00C1B10D20260706,LW_mod2_wht,"C11 XOR 0x37",xor_popcount,5,14,1,1,0,0,0x37,0x00,0x0000000,0,1.0000,1.0000,1.0000,0,0,,,,,,511,
lab,0x00C1B10D20260706,LG_gf2,"C11 XOR 0x37",xor_popcount,5,14,1,1,0,0,0x37,0x00,0x0000000,0,1.0000,1.0000,1.0000,1,45,,,,,,1,
lab,0x00C1B10D20260706,L0_tb_argmax,"C11 XOR 0x37",xor_popcount,5,15,0,0,0,0,0x00,0x08,0x0000000,0,0.0429,-0.0017,0.0000,0,0,,,,,,162,
lab,0x00C1B10D20260706,L1_single_up,"C11 XOR 0x37",xor_popcount,5,15,0,0,0,0,0x10,0x4D,0x0000000,0,0.0651,0.0073,0.0000,0,0,,,,,,1016,
lab,0x00C1B10D20260706,L2_pair_up,"C11 XOR 0x37",xor_popcount,5,15,1,0,0,0,0x22,0x15,0x0000000,0,0.0606,0.0334,0.0000,0,0,,,,,,1792,
lab,0x00C1B10D20260706,L3_gibbs,"C11 XOR 0x37",xor_popcount,5,15,1,1,0,0,0x37,0x00,0x0000000,0,1.0000,0.0000,1.0000,0,0,,,,,,40,
lab,0x00C1B10D20260706,LW_mod2_wht,"C11 XOR 0x37",xor_popcount,5,15,1,1,0,0,0x37,0x00,0x0000000,0,1.0000,1.0000,1.0000,0,0,,,,,,511,
lab,0x00C1B10D20260706,LG_gf2,"C11 XOR 0x37",xor_popcount,5,15,1,1,0,0,0x37,0x00,0x0000000,0,1.0000,1.0000,1.0000,1,45,,,,,,1,
lab,0x00C1B10D20260706,L0_tb_argmax,"C11 XOR 0x37",xor_popcount,5,16,0,0,0,0,0x00,0xB1,0x0000000,0,0.0531,0.0171,0.0000,0,0,,,,,,162,
lab,0x00C1B10D20260706,L1_single_up,"C11 XOR 0x37",xor_popcount,5,16,0,0,0,0,0x20,0x49,0x0000000,0,0.0497,0.0130,0.0000,0,0,,,,,,1016,
lab,0x00C1B10D20260706,L2_pair_up,"C11 XOR 0x37",xor_popcount,5,16,1,0,0,0,0x05,0x32,0x0000000,0,0.0663,0.0329,0.0000,0,0,,,,,,1792,
lab,0x00C1B10D20260706,L3_gibbs,"C11 XOR 0x37",xor_popcount,5,16,1,1,0,0,0x37,0x00,0x0000000,0,1.0000,0.0000,1.0000,0,0,,,,,,40,
lab,0x00C1B10D20260706,LW_mod2_wht,"C11 XOR 0x37",xor_popcount,5,16,1,1,0,0,0x37,0x00,0x0000000,0,1.0000,1.0000,1.0000,0,0,,,,,,511,
lab,0x00C1B10D20260706,LG_gf2,"C11 XOR 0x37",xor_popcount,5,16,1,1,0,0,0x37,0x00,0x0000000,0,1.0000,1.0000,1.0000,1,45,,,,,,1,
lab,0x00C1B10D20260706,L0_tb_argmax,"C11 XOR 0x37",xor_popcount,5,17,0,0,0,0,0x00,0x29,0x0000000,0,0.0423,0.0149,0.0000,0,0,,,,,,162,
lab,0x00C1B10D20260706,L1_single_up,"C11 XOR 0x37",xor_popcount,5,17,0,0,0,0,0x01,0xFA,0x0000000,0,0.0537,0.0098,0.0000,0,0,,,,,,1016,
lab,0x00C1B10D20260706,L2_pair_up,"C11 XOR 0x37",xor_popcount,5,17,0,0,0,0,0x81,0x2A,0x0000000,0,0.0686,0.0343,0.0000,0,0,,,,,,1792,
lab,0x00C1B10D20260706,L3_gibbs,"C11 XOR 0x37",xor_popcount,5,17,1,1,0,0,0x37,0x00,0x0000000,0,1.0000,0.0000,1.0000,0,0,,,,,,117,
lab,0x00C1B10D20260706,LW_mod2_wht,"C11 XOR 0x37",xor_popcount,5,17,1,1,0,0,0x37,0x00,0x0000000,0,1.0000,1.0000,1.0000,0,0,,,,,,511,
lab,0x00C1B10D20260706,LG_gf2,"C11 XOR 0x37",xor_popcount,5,17,1,1,0,0,0x37,0x00,0x0000000,0,1.0000,1.0000,1.0000,1,45,,,,,,1,
lab,0x00C1B10D20260706,L0_tb_argmax,"C11 XOR 0x37",xor_popcount,5,18,0,0,0,0,0x00,0x0D,0x0000000,0,0.0520,0.0069,0.0000,0,0,,,,,,162,
lab,0x00C1B10D20260706,L1_single_up,"C11 XOR 0x37",xor_popcount,5,18,0,0,0,0,0x80,0x30,0x0000000,0,0.0583,0.0082,0.0000,0,0,,,,,,1016,
lab,0x00C1B10D20260706,L2_pair_up,"C11 XOR 0x37",xor_popcount,5,18,0,0,0,0,0xA0,0x44,0x0000000,0,0.0646,0.0326,0.0000,0,0,,,,,,1792,
lab,0x00C1B10D20260706,L3_gibbs,"C11 XOR 0x37",xor_popcount,5,18,1,1,0,0,0x37,0x00,0x0000000,0,1.0000,0.0000,1.0000,0,0,,,,,,156,
lab,0x00C1B10D20260706,LW_mod2_wht,"C11 XOR 0x37",xor_popcount,5,18,1,1,0,0,0x37,0x00,0x0000000,0,1.0000,1.0000,1.0000,0,0,,,,,,511,
lab,0x00C1B10D20260706,LG_gf2,"C11 XOR 0x37",xor_popcount,5,18,1,1,0,0,0x37,0x00,0x0000000,0,1.0000,1.0000,1.0000,1,45,,,,,,1,
lab,0x00C1B10D20260706,L0_tb_argmax,"C11 XOR 0x37",xor_popcount,5,19,0,0,0,0,0x00,0x4E,0x0000000,0,0.0537,0.0149,0.0000,0,0,,,,,,162,
lab,0x00C1B10D20260706,L1_single_up,"C11 XOR 0x37",xor_popcount,5,19,0,0,0,0,0x04,0x21,0x0000000,0,0.0474,0.0130,0.0000,0,0,,,,,,1016,
lab,0x00C1B10D20260706,L2_pair_up,"C11 XOR 0x37",xor_popcount,5,19,1,0,0,0,0x22,0x15,0x0000000,0,0.0646,0.0361,0.0000,0,0,,,,,,1792,
lab,0x00C1B10D20260706,L3_gibbs,"C11 XOR 0x37",xor_popcount,5,19,1,1,0,0,0x37,0x00,0x0000000,0,1.0000,0.0000,1.0000,0,0,,,,,,40,
lab,0x00C1B10D20260706,LW_mod2_wht,"C11 XOR 0x37",xor_popcount,5,19,1,1,0,0,0x37,0x00,0x0000000,0,1.0000,1.0000,1.0000,0,0,,,,,,511,
lab,0x00C1B10D20260706,LG_gf2,"C11 XOR 0x37",xor_popcount,5,19,1,1,0,0,0x37,0x00,0x0000000,0,1.0000,1.0000,1.0000,1,45,,,,,,1,
lab,0x00C1B10D20260706,L0_tb_argmax,"X01 product_bind",control,0,0,0,0,0,0,0x00,0x02,0x0000000,0,0.3446,0.0000,0.0000,0,0,,,,,,162,
lab,0x00C1B10D20260706,L1_single_up,"X01 product_bind",control,0,0,0,0,0,0,0x01,0x02,0x0000000,0,0.1354,0.0000,0.0000,0,0,,,,,,1016,
lab,0x00C1B10D20260706,L2_pair_up,"X01 product_bind",control,0,0,0,0,0,0,0x03,0x00,0x0000000,0,0.1046,0.0000,0.0000,0,0,,,,,,1792,
lab,0x00C1B10D20260706,L3_gibbs,"X01 product_bind",control,0,0,0,0,0,0,0x01,0x00,0x0000000,0,0.1394,0.0000,0.1154,0,0,,,,,,205,
lab,0x00C1B10D20260706,LW_mod2_wht,"X01 product_bind",control,0,0,0,0,0,0,0x00,0x02,0x0000000,0,0.3446,0.0000,0.3074,0,0,,,,,,511,
lab,0x00C1B10D20260706,LG_gf2,"X01 product_bind",control,0,0,0,0,0,0,0x84,0x91,0x0632E93,1,0.5100,1.0000,0.5017,0,45,,,,,,1,
lab,0x00C1B10D20260706,L0_tb_argmax,"X01 product_bind",control,0,1,0,0,0,0,0x00,0x01,0x0000000,0,0.3377,0.0000,0.0000,0,0,,,,,,162,
lab,0x00C1B10D20260706,L1_single_up,"X01 product_bind",control,0,1,0,0,0,0,0x01,0x02,0x0000000,0,0.1246,0.0000,0.0000,0,0,,,,,,1016,
lab,0x00C1B10D20260706,L2_pair_up,"X01 product_bind",control,0,1,0,0,0,0,0x03,0x00,0x0000000,0,0.0931,0.0000,0.0000,0,0,,,,,,1792,
lab,0x00C1B10D20260706,L3_gibbs,"X01 product_bind",control,0,1,0,0,0,0,0x02,0x00,0x0000000,0,0.1211,0.0000,0.1486,0,0,,,,,,217,
lab,0x00C1B10D20260706,LW_mod2_wht,"X01 product_bind",control,0,1,0,0,0,0,0x00,0x01,0x0000000,0,0.3377,0.0000,0.3006,0,0,,,,,,511,
lab,0x00C1B10D20260706,LG_gf2,"X01 product_bind",control,0,1,0,0,0,0,0x19,0x76,0xF823FF5,1,0.4997,1.0000,0.4920,0,45,,,,,,1,
lab,0x00C1B10D20260706,L0_tb_argmax,"X01 product_bind",control,0,2,0,0,0,0,0x00,0x03,0x0000000,0,0.3423,0.0000,0.0000,0,0,,,,,,162,
lab,0x00C1B10D20260706,L1_single_up,"X01 product_bind",control,0,2,0,0,0,0,0x01,0x02,0x0000000,0,0.1109,0.0000,0.0000,0,0,,,,,,1016,
lab,0x00C1B10D20260706,L2_pair_up,"X01 product_bind",control,0,2,0,0,0,0,0x03,0x00,0x0000000,0,0.0971,0.0000,0.0000,0,0,,,,,,1792,
lab,0x00C1B10D20260706,L3_gibbs,"X01 product_bind",control,0,2,0,0,0,0,0x01,0x00,0x0000000,0,0.1337,0.0000,0.1269,0,0,,,,,,217,
lab,0x00C1B10D20260706,LW_mod2_wht,"X01 product_bind",control,0,2,0,0,0,0,0x00,0x03,0x0000000,0,0.3423,0.0000,0.3246,0,0,,,,,,511,
lab,0x00C1B10D20260706,LG_gf2,"X01 product_bind",control,0,2,0,0,0,0,0xAA,0xC2,0x9BCC108,1,0.4980,1.0000,0.5069,0,45,,,,,,1,
lab,0x00C1B10D20260706,L0_tb_argmax,"X01 product_bind",control,0,3,0,0,0,0,0x00,0x02,0x0000000,0,0.3354,0.0000,0.0000,0,0,,,,,,162,
lab,0x00C1B10D20260706,L1_single_up,"X01 product_bind",control,0,3,0,0,0,0,0x01,0x02,0x0000000,0,0.1257,0.0000,0.0000,0,0,,,,,,1016,
lab,0x00C1B10D20260706,L2_pair_up,"X01 product_bind",control,0,3,0,0,0,0,0x03,0x00,0x0000000,0,0.1057,0.0000,0.0000,0,0,,,,,,1792,
lab,0x00C1B10D20260706,L3_gibbs,"X01 product_bind",control,0,3,0,0,0,0,0x02,0x00,0x0000000,0,0.1040,0.0000,0.1829,0,0,,,,,,232,
lab,0x00C1B10D20260706,LW_mod2_wht,"X01 product_bind",control,0,3,0,0,0,0,0x00,0x02,0x0000000,0,0.3354,0.0000,0.3257,0,0,,,,,,511,
lab,0x00C1B10D20260706,LG_gf2,"X01 product_bind",control,0,3,0,0,0,0,0x53,0xFC,0xFF1EEB6,0,0.5037,1.0000,0.5257,0,45,,,,,,1,
lab,0x00C1B10D20260706,L0_tb_argmax,"X01 product_bind",control,0,4,0,0,0,0,0x00,0x03,0x0000000,0,0.3383,0.0000,0.0000,0,0,,,,,,162,
lab,0x00C1B10D20260706,L1_single_up,"X01 product_bind",control,0,4,0,0,0,0,0x01,0x02,0x0000000,0,0.1246,0.0000,0.0000,0,0,,,,,,1016,
lab,0x00C1B10D20260706,L2_pair_up,"X01 product_bind",control,0,4,0,0,0,0,0x03,0x00,0x0000000,0,0.0863,0.0000,0.0000,0,0,,,,,,1792,
lab,0x00C1B10D20260706,L3_gibbs,"X01 product_bind",control,0,4,0,0,0,0,0x03,0x00,0x0000000,0,0.0863,0.0000,0.1429,0,0,,,,,,249,
lab,0x00C1B10D20260706,LW_mod2_wht,"X01 product_bind",control,0,4,0,0,0,0,0x00,0x03,0x0000000,0,0.3383,0.0000,0.3326,0,0,,,,,,511,
lab,0x00C1B10D20260706,LG_gf2,"X01 product_bind",control,0,4,0,0,0,0,0xC8,0xCF,0xE9484B4,0,0.5209,1.0000,0.4914,0,45,,,,,,1,
lab,0x00C1B10D20260706,L0_tb_argmax,"X01 product_bind",control,0,5,0,0,0,0,0x00,0x03,0x0000000,0,0.3440,0.0000,0.0000,0,0,,,,,,162,
lab,0x00C1B10D20260706,L1_single_up,"X01 product_bind",control,0,5,0,0,0,0,0x01,0x02,0x0000000,0,0.1154,0.0000,0.0000,0,0,,,,,,1016,
lab,0x00C1B10D20260706,L2_pair_up,"X01 product_bind",control,0,5,0,0,0,0,0x03,0x00,0x0000000,0,0.0977,0.0000,0.0000,0,0,,,,,,1792,
lab,0x00C1B10D20260706,L3_gibbs,"X01 product_bind",control,0,5,0,0,0,0,0x01,0x00,0x0000000,0,0.1349,0.0000,0.1246,0,0,,,,,,221,
lab,0x00C1B10D20260706,LW_mod2_wht,"X01 product_bind",control,0,5,0,0,0,0,0x00,0x03,0x0000000,0,0.3440,0.0000,0.3211,0,0,,,,,,511,
lab,0x00C1B10D20260706,LG_gf2,"X01 product_bind",control,0,5,0,0,0,0,0xA1,0xBE,0x50F2FDD,0,0.5214,1.0000,0.5194,0,45,,,,,,1,
lab,0x00C1B10D20260706,L0_tb_argmax,"X01 product_bind",control,0,6,0,0,0,0,0x00,0x03,0x0000000,0,0.3377,0.0000,0.0000,0,0,,,,,,162,
lab,0x00C1B10D20260706,L1_single_up,"X01 product_bind",control,0,6,0,0,0,0,0x01,0x02,0x0000000,0,0.1257,0.0000,0.0000,0,0,,,,,,1016,
lab,0x00C1B10D20260706,L2_pair_up,"X01 product_bind",control,0,6,0,0,0,0,0x03,0x00,0x0000000,0,0.1149,0.0000,0.0000,0,0,,,,,,1792,
lab,0x00C1B10D20260706,L3_gibbs,"X01 product_bind",control,0,6,0,0,0,0,0x01,0x00,0x0000000,0,0.1463,0.0000,0.1017,0,0,,,,,,221,
lab,0x00C1B10D20260706,LW_mod2_wht,"X01 product_bind",control,0,6,0,0,0,0,0x00,0x03,0x0000000,0,0.3377,0.0000,0.3337,0,0,,,,,,511,
lab,0x00C1B10D20260706,LG_gf2,"X01 product_bind",control,0,6,0,0,0,0,0xA3,0xD7,0xF9E9789,1,0.4983,1.0000,0.5109,0,45,,,,,,1,
lab,0x00C1B10D20260706,L0_tb_argmax,"X01 product_bind",control,0,7,0,0,0,0,0x00,0x03,0x0000000,0,0.3343,0.0000,0.0000,0,0,,,,,,162,
lab,0x00C1B10D20260706,L1_single_up,"X01 product_bind",control,0,7,0,0,0,0,0x01,0x02,0x0000000,0,0.1234,0.0000,0.0000,0,0,,,,,,1016,
lab,0x00C1B10D20260706,L2_pair_up,"X01 product_bind",control,0,7,0,0,0,0,0x03,0x00,0x0000000,0,0.0880,0.0000,0.0000,0,0,,,,,,1792,
lab,0x00C1B10D20260706,L3_gibbs,"X01 product_bind",control,0,7,0,0,0,0,0x03,0x00,0x0000000,0,0.0880,0.0000,0.1394,0,0,,,,,,249,
lab,0x00C1B10D20260706,LW_mod2_wht,"X01 product_bind",control,0,7,0,0,0,0,0x00,0x03,0x0000000,0,0.3343,0.0000,0.3406,0,0,,,,,,511,
lab,0x00C1B10D20260706,LG_gf2,"X01 product_bind",control,0,7,0,0,0,0,0x1A,0xE5,0x458C3A5,1,0.5183,1.0000,0.4869,0,45,,,,,,1,
lab,0x00C1B10D20260706,L0_tb_argmax,"X01 product_bind",control,0,8,0,0,0,0,0x00,0x03,0x0000000,0,0.3526,0.0000,0.0000,0,0,,,,,,162,
lab,0x00C1B10D20260706,L1_single_up,"X01 product_bind",control,0,8,0,0,0,0,0x01,0x02,0x0000000,0,0.1371,0.0000,0.0000,0,0,,,,,,1016,
lab,0x00C1B10D20260706,L2_pair_up,"X01 product_bind",control,0,8,0,0,0,0,0x03,0x00,0x0000000,0,0.1051,0.0000,0.0000,0,0,,,,,,1792,
lab,0x00C1B10D20260706,L3_gibbs,"X01 product_bind",control,0,8,0,0,0,0,0x03,0x00,0x0000000,0,0.1051,0.0000,0.1051,0,0,,,,,,227,
lab,0x00C1B10D20260706,LW_mod2_wht,"X01 product_bind",control,0,8,0,0,0,0,0x00,0x03,0x0000000,0,0.3526,0.0000,0.3040,0,0,,,,,,511,
lab,0x00C1B10D20260706,LG_gf2,"X01 product_bind",control,0,8,0,0,0,0,0xF3,0xD1,0x671E8AF,1,0.4997,1.0000,0.5194,0,45,,,,,,1,
lab,0x00C1B10D20260706,L0_tb_argmax,"X01 product_bind",control,0,9,0,0,0,0,0x00,0x03,0x0000000,0,0.3257,0.0000,0.0000,0,0,,,,,,162,
lab,0x00C1B10D20260706,L1_single_up,"X01 product_bind",control,0,9,0,0,0,0,0x01,0x02,0x0000000,0,0.1291,0.0000,0.0000,0,0,,,,,,1016,
lab,0x00C1B10D20260706,L2_pair_up,"X01 product_bind",control,0,9,0,0,0,0,0x03,0x00,0x0000000,0,0.1091,0.0000,0.0000,0,0,,,,,,1792,
lab,0x00C1B10D20260706,L3_gibbs,"X01 product_bind",control,0,9,0,0,0,0,0x02,0x00,0x0000000,0,0.1280,0.0000,0.1349,0,0,,,,,,228,
lab,0x00C1B10D20260706,LW_mod2_wht,"X01 product_bind",control,0,9,0,0,0,0,0x00,0x03,0x0000000,0,0.3257,0.0000,0.3577,0,0,,,,,,511,
lab,0x00C1B10D20260706,LG_gf2,"X01 product_bind",control,0,9,0,0,0,0,0xCF,0xC6,0x2302322,0,0.4989,1.0000,0.4903,0,45,,,,,,1,
lab,0x00C1B10D20260706,L0_tb_argmax,"X01 product_bind",control,0,10,0,0,0,0,0x00,0x03,0x0000000,0,0.3320,0.0000,0.0000,0,0,,,,,,162,
lab,0x00C1B10D20260706,L1_single_up,"X01 product_bind",control,0,10,0,0,0,0,0x01,0x02,0x0000000,0,0.1274,0.0000,0.0000,0,0,,,,,,1016,
lab,0x00C1B10D20260706,L2_pair_up,"X01 product_bind",control,0,10,0,0,0,0,0x03,0x00,0x0000000,0,0.1011,0.0000,0.0000,0,0,,,,,,1792,
lab,0x00C1B10D20260706,L3_gibbs,"X01 product_bind",control,0,10,0,0,0,0,0x03,0x00,0x0000000,0,0.1011,0.0000,0.1131,0,0,,,,,,278,
lab,0x00C1B10D20260706,LW_mod2_wht,"X01 product_bind",control,0,10,0,0,0,0,0x00,0x03,0x0000000,0,0.3320,0.0000,0.3451,0,0,,,,,,511,
lab,0x00C1B10D20260706,LG_gf2,"X01 product_bind",control,0,10,0,0,0,0,0x6D,0xB2,0xFB43A79,0,0.5089,1.0000,0.5109,0,45,,,,,,1,
lab,0x00C1B10D20260706,L0_tb_argmax,"X01 product_bind",control,0,11,0,0,0,0,0x00,0x03,0x0000000,0,0.3406,0.0000,0.0000,0,0,,,,,,162,
lab,0x00C1B10D20260706,L1_single_up,"X01 product_bind",control,0,11,0,0,0,0,0x01,0x02,0x0000000,0,0.1337,0.0000,0.0000,0,0,,,,,,1016,
lab,0x00C1B10D20260706,L2_pair_up,"X01 product_bind",control,0,11,0,0,0,0,0x03,0x00,0x0000000,0,0.1114,0.0000,0.0000,0,0,,,,,,1792,
lab,0x00C1B10D20260706,L3_gibbs,"X01 product_bind",control,0,11,0,0,0,0,0x02,0x00,0x0000000,0,0.1400,0.0000,0.1109,0,0,,,,,,225,
lab,0x00C1B10D20260706,LW_mod2_wht,"X01 product_bind",control,0,11,0,0,0,0,0x00,0x03,0x0000000,0,0.3406,0.0000,0.3280,0,0,,,,,,511,
lab,0x00C1B10D20260706,LG_gf2,"X01 product_bind",control,0,11,0,0,0,0,0x37,0xFB,0xC2B6624,0,0.5080,1.0000,0.4811,0,45,,,,,,1,
lab,0x00C1B10D20260706,L0_tb_argmax,"X01 product_bind",control,0,12,0,0,0,0,0x00,0x03,0x0000000,0,0.3366,0.0000,0.0000,0,0,,,,,,162,
lab,0x00C1B10D20260706,L1_single_up,"X01 product_bind",control,0,12,0,0,0,0,0x01,0x02,0x0000000,0,0.1274,0.0000,0.0000,0,0,,,,,,1016,
lab,0x00C1B10D20260706,L2_pair_up,"X01 product_bind",control,0,12,0,0,0,0,0x03,0x00,0x0000000,0,0.0994,0.0000,0.0000,0,0,,,,,,1792,
lab,0x00C1B10D20260706,L3_gibbs,"X01 product_bind",control,0,12,0,0,0,0,0x01,0x00,0x0000000,0,0.1383,0.0000,0.1177,0,0,,,,,,231,
lab,0x00C1B10D20260706,LW_mod2_wht,"X01 product_bind",control,0,12,0,0,0,0,0x00,0x03,0x0000000,0,0.3366,0.0000,0.3360,0,0,,,,,,511,
lab,0x00C1B10D20260706,LG_gf2,"X01 product_bind",control,0,12,0,0,0,0,0xBC,0x6A,0x7BEE2D7,0,0.5126,1.0000,0.4903,0,45,,,,,,1,
lab,0x00C1B10D20260706,L0_tb_argmax,"X01 product_bind",control,0,13,0,0,0,0,0x00,0x02,0x0000000,0,0.3394,0.0000,0.0000,0,0,,,,,,162,
lab,0x00C1B10D20260706,L1_single_up,"X01 product_bind",control,0,13,0,0,0,0,0x01,0x02,0x0000000,0,0.1211,0.0000,0.0000,0,0,,,,,,1016,
lab,0x00C1B10D20260706,L2_pair_up,"X01 product_bind",control,0,13,0,0,0,0,0x03,0x00,0x0000000,0,0.0874,0.0000,0.0000,0,0,,,,,,1792,
lab,0x00C1B10D20260706,L3_gibbs,"X01 product_bind",control,0,13,0,0,0,0,0x02,0x00,0x0000000,0,0.1217,0.0000,0.1474,0,0,,,,,,220,
lab,0x00C1B10D20260706,LW_mod2_wht,"X01 product_bind",control,0,13,0,0,0,0,0x00,0x02,0x0000000,0,0.3394,0.0000,0.3177,0,0,,,,,,511,
lab,0x00C1B10D20260706,LG_gf2,"X01 product_bind",control,0,13,0,0,0,0,0xCD,0x0E,0x0071A88,1,0.5126,1.0000,0.5011,0,45,,,,,,1,
lab,0x00C1B10D20260706,L0_tb_argmax,"X01 product_bind",control,0,14,0,0,0,0,0x00,0x03,0x0000000,0,0.3349,0.0000,0.0000,0,0,,,,,,162,
lab,0x00C1B10D20260706,L1_single_up,"X01 product_bind",control,0,14,0,0,0,0,0x01,0x02,0x0000000,0,0.1103,0.0000,0.0000,0,0,,,,,,1016,
lab,0x00C1B10D20260706,L2_pair_up,"X01 product_bind",control,0,14,0,0,0,0,0x03,0x00,0x0000000,0,0.1017,0.0000,0.0000,0,0,,,,,,1792,
lab,0x00C1B10D20260706,L3_gibbs,"X01 product_bind",control,0,14,0,0,0,0,0x01,0x00,0x0000000,0,0.1360,0.0000,0.1223,0,0,,,,,,234,
lab,0x00C1B10D20260706,LW_mod2_wht,"X01 product_bind",control,0,14,0,0,0,0,0x00,0x03,0x0000000,0,0.3349,0.0000,0.3394,0,0,,,,,,511,
lab,0x00C1B10D20260706,LG_gf2,"X01 product_bind",control,0,14,0,0,0,0,0x94,0xFC,0x3BA5232,1,0.5091,1.0000,0.4983,0,45,,,,,,1,
lab,0x00C1B10D20260706,L0_tb_argmax,"X01 product_bind",control,0,15,0,0,0,0,0x00,0x02,0x0000000,0,0.3389,0.0000,0.0000,0,0,,,,,,162,
lab,0x00C1B10D20260706,L1_single_up,"X01 product_bind",control,0,15,0,0,0,0,0x01,0x02,0x0000000,0,0.1274,0.0000,0.0000,0,0,,,,,,1016,
lab,0x00C1B10D20260706,L2_pair_up,"X01 product_bind",control,0,15,0,0,0,0,0x03,0x00,0x0000000,0,0.1046,0.0000,0.0000,0,0,,,,,,1792,
lab,0x00C1B10D20260706,L3_gibbs,"X01 product_bind",control,0,15,0,0,0,0,0x02,0x00,0x0000000,0,0.1377,0.0000,0.1154,0,0,,,,,,244,
lab,0x00C1B10D20260706,LW_mod2_wht,"X01 product_bind",control,0,15,0,0,0,0,0x00,0x02,0x0000000,0,0.3389,0.0000,0.3189,0,0,,,,,,511,
lab,0x00C1B10D20260706,LG_gf2,"X01 product_bind",control,0,15,0,0,0,0,0xA7,0xE2,0x42D4001,0,0.4991,1.0000,0.5000,0,45,,,,,,1,
lab,0x00C1B10D20260706,L0_tb_argmax,"X01 product_bind",control,0,16,0,0,0,0,0x00,0x02,0x0000000,0,0.3383,0.0000,0.0000,0,0,,,,,,162,
lab,0x00C1B10D20260706,L1_single_up,"X01 product_bind",control,0,16,0,0,0,0,0x01,0x02,0x0000000,0,0.1400,0.0000,0.0000,0,0,,,,,,1016,
lab,0x00C1B10D20260706,L2_pair_up,"X01 product_bind",control,0,16,0,0,0,0,0x03,0x00,0x0000000,0,0.0943,0.0000,0.0000,0,0,,,,,,1792,
lab,0x00C1B10D20260706,L3_gibbs,"X01 product_bind",control,0,16,0,0,0,0,0x02,0x00,0x0000000,0,0.1326,0.0000,0.1257,0,0,,,,,,236,
lab,0x00C1B10D20260706,LW_mod2_wht,"X01 product_bind",control,0,16,0,0,0,0,0x00,0x02,0x0000000,0,0.3383,0.0000,0.3200,0,0,,,,,,511,
lab,0x00C1B10D20260706,LG_gf2,"X01 product_bind",control,0,16,0,0,0,0,0x5B,0x88,0xD969B94,1,0.5103,1.0000,0.5086,0,45,,,,,,1,
lab,0x00C1B10D20260706,L0_tb_argmax,"X01 product_bind",control,0,17,0,0,0,0,0x00,0x03,0x0000000,0,0.3446,0.0000,0.0000,0,0,,,,,,162,
lab,0x00C1B10D20260706,L1_single_up,"X01 product_bind",control,0,17,0,0,0,0,0x01,0x02,0x0000000,0,0.1223,0.0000,0.0000,0,0,,,,,,1016,
lab,0x00C1B10D20260706,L2_pair_up,"X01 product_bind",control,0,17,0,0,0,0,0x03,0x00,0x0000000,0,0.0931,0.0000,0.0000,0,0,,,,,,1792,
lab,0x00C1B10D20260706,L3_gibbs,"X01 product_bind",control,0,17,0,0,0,0,0x03,0x00,0x0000000,0,0.0931,0.0000,0.1291,0,0,,,,,,222,
lab,0x00C1B10D20260706,LW_mod2_wht,"X01 product_bind",control,0,17,0,0,0,0,0x00,0x03,0x0000000,0,0.3446,0.0000,0.3200,0,0,,,,,,511,
lab,0x00C1B10D20260706,LG_gf2,"X01 product_bind",control,0,17,0,0,0,0,0xAF,0x5B,0x3A779C4,1,0.5014,1.0000,0.4909,0,45,,,,,,1,
lab,0x00C1B10D20260706,L0_tb_argmax,"X01 product_bind",control,0,18,0,0,0,0,0x00,0x02,0x0000000,0,0.3360,0.0000,0.0000,0,0,,,,,,162,
lab,0x00C1B10D20260706,L1_single_up,"X01 product_bind",control,0,18,0,0,0,0,0x01,0x02,0x0000000,0,0.1377,0.0000,0.0000,0,0,,,,,,1016,
lab,0x00C1B10D20260706,L2_pair_up,"X01 product_bind",control,0,18,0,0,0,0,0x03,0x00,0x0000000,0,0.1097,0.0000,0.0000,0,0,,,,,,1792,
lab,0x00C1B10D20260706,L3_gibbs,"X01 product_bind",control,0,18,0,0,0,0,0x02,0x00,0x0000000,0,0.1194,0.0000,0.1520,0,0,,,,,,219,
lab,0x00C1B10D20260706,LW_mod2_wht,"X01 product_bind",control,0,18,0,0,0,0,0x00,0x02,0x0000000,0,0.3360,0.0000,0.3246,0,0,,,,,,511,
lab,0x00C1B10D20260706,LG_gf2,"X01 product_bind",control,0,18,0,0,0,0,0x5E,0x46,0x9EACCE5,0,0.4969,1.0000,0.5006,0,45,,,,,,1,
lab,0x00C1B10D20260706,L0_tb_argmax,"X01 product_bind",control,0,19,0,0,0,0,0x00,0x02,0x0000000,0,0.3377,0.0000,0.0000,0,0,,,,,,162,
lab,0x00C1B10D20260706,L1_single_up,"X01 product_bind",control,0,19,0,0,0,0,0x01,0x02,0x0000000,0,0.1411,0.0000,0.0000,0,0,,,,,,1016,
lab,0x00C1B10D20260706,L2_pair_up,"X01 product_bind",control,0,19,0,0,0,0,0x03,0x00,0x0000000,0,0.1154,0.0000,0.0000,0,0,,,,,,1792,
lab,0x00C1B10D20260706,L3_gibbs,"X01 product_bind",control,0,19,0,0,0,0,0x02,0x00,0x0000000,0,0.1360,0.0000,0.1189,0,0,,,,,,230,
lab,0x00C1B10D20260706,LW_mod2_wht,"X01 product_bind",control,0,19,0,0,0,0,0x00,0x02,0x0000000,0,0.3377,0.0000,0.3211,0,0,,,,,,511,
lab,0x00C1B10D20260706,LG_gf2,"X01 product_bind",control,0,19,0,0,0,0,0x49,0x99,0xDFF60F0,0,0.5054,1.0000,0.4834,0,45,,,,,,1,
lab,0x00C1B10D20260706,L0_tb_argmax,"X02 max_parity",control,0,0,0,0,0,0,0x00,0x10,0x0000000,0,0.0691,0.0000,0.0000,0,0,,,,,,162,
lab,0x00C1B10D20260706,L1_single_up,"X02 max_parity",control,0,0,0,0,0,0,0x02,0x40,0x0000000,0,0.0640,0.0000,0.0000,0,0,,,,,,1016,
lab,0x00C1B10D20260706,L2_pair_up,"X02 max_parity",control,0,0,0,0,0,0,0x60,0x87,0x0000000,0,0.0600,0.0000,0.0000,0,0,,,,,,1792,
lab,0x00C1B10D20260706,L3_gibbs,"X02 max_parity",control,0,0,0,0,0,0,0x40,0x00,0x0000000,0,0.0909,0.0000,0.1280,0,0,,,,,,227,
lab,0x00C1B10D20260706,LW_mod2_wht,"X02 max_parity",control,0,0,0,0,0,0,0x20,0x00,0x0000000,0,0.1223,0.0000,0.0994,0,0,,,,,,511,
lab,0x00C1B10D20260706,LG_gf2,"X02 max_parity",control,0,0,0,0,0,0,0x21,0x91,0x5B85EED,1,0.5017,1.0000,0.4943,0,45,,,,,,1,
lab,0x00C1B10D20260706,L0_tb_argmax,"X02 max_parity",control,0,1,0,0,0,0,0x00,0x80,0x0000000,0,0.0811,0.0000,0.0000,0,0,,,,,,162,
lab,0x00C1B10D20260706,L1_single_up,"X02 max_parity",control,0,1,0,0,0,0,0x04,0x01,0x0000000,0,0.0640,0.0000,0.0000,0,0,,,,,,1016,
lab,0x00C1B10D20260706,L2_pair_up,"X02 max_parity",control,0,1,0,0,0,0,0x90,0x63,0x0000000,0,0.0594,0.0000,0.0000,0,0,,,,,,1792,
lab,0x00C1B10D20260706,L3_gibbs,"X02 max_parity",control,0,1,0,0,0,0,0x40,0x00,0x0000000,0,0.1023,0.0000,0.1051,0,0,,,,,,199,
lab,0x00C1B10D20260706,LW_mod2_wht,"X02 max_parity",control,0,1,0,0,0,0,0x20,0x00,0x0000000,0,0.1137,0.0000,0.1166,0,0,,,,,,511,
lab,0x00C1B10D20260706,LG_gf2,"X02 max_parity",control,0,1,0,0,0,0,0xA7,0x40,0x3036E08,1,0.5183,1.0000,0.4834,0,45,,,,,,1,
lab,0x00C1B10D20260706,L0_tb_argmax,"X02 max_parity",control,0,2,0,0,0,0,0x00,0x10,0x0000000,0,0.0709,0.0000,0.0000,0,0,,,,,,162,
lab,0x00C1B10D20260706,L1_single_up,"X02 max_parity",control,0,2,0,0,0,0,0x02,0x40,0x0000000,0,0.0760,0.0000,0.0000,0,0,,,,,,1016,
lab,0x00C1B10D20260706,L2_pair_up,"X02 max_parity",control,0,2,0,0,0,0,0x28,0x93,0x0000000,0,0.0623,0.0000,0.0000,0,0,,,,,,1792,
lab,0x00C1B10D20260706,L3_gibbs,"X02 max_parity",control,0,2,0,0,0,0,0x80,0x00,0x0000000,0,0.0903,0.0000,0.1017,0,0,,,,,,204,
lab,0x00C1B10D20260706,LW_mod2_wht,"X02 max_parity",control,0,2,0,0,0,0,0x01,0x00,0x0000000,0,0.1154,0.0000,0.0766,0,0,,,,,,511,
lab,0x00C1B10D20260706,LG_gf2,"X02 max_parity",control,0,2,0,0,0,0,0x94,0x5C,0x2FED193,0,0.5094,1.0000,0.5074,0,45,,,,,,1,
lab,0x00C1B10D20260706,L0_tb_argmax,"X02 max_parity",control,0,3,0,0,0,0,0x00,0x01,0x0000000,0,0.0754,0.0000,0.0000,0,0,,,,,,162,
lab,0x00C1B10D20260706,L1_single_up,"X02 max_parity",control,0,3,0,0,0,0,0x02,0xC1,0x0000000,0,0.0583,0.0000,0.0000,0,0,,,,,,1016,
lab,0x00C1B10D20260706,L2_pair_up,"X02 max_parity",control,0,3,0,0,0,0,0x82,0x2D,0x0000000,0,0.0606,0.0000,0.0000,0,0,,,,,,1792,
lab,0x00C1B10D20260706,L3_gibbs,"X02 max_parity",control,0,3,0,0,0,0,0x01,0x00,0x0000000,0,0.0829,0.0000,0.1417,0,0,,,,,,244,
lab,0x00C1B10D20260706,LW_mod2_wht,"X02 max_parity",control,0,3,0,0,0,0,0x20,0x00,0x0000000,0,0.1177,0.0000,0.1086,0,0,,,,,,511,
lab,0x00C1B10D20260706,LG_gf2,"X02 max_parity",control,0,3,0,0,0,0,0xE1,0x13,0x7E2308D,1,0.5017,1.0000,0.5034,0,45,,,,,,1,
lab,0x00C1B10D20260706,L0_tb_argmax,"X02 max_parity",control,0,4,0,0,0,0,0x00,0x10,0x0000000,0,0.0771,0.0000,0.0000,0,0,,,,,,162,
lab,0x00C1B10D20260706,L1_single_up,"X02 max_parity",control,0,4,0,0,0,0,0x80,0x02,0x0000000,0,0.0657,0.0000,0.0000,0,0,,,,,,1016,
lab,0x00C1B10D20260706,L2_pair_up,"X02 max_parity",control,0,4,0,0,0,0,0x90,0x63,0x0000000,0,0.0526,0.0000,0.0000,0,0,,,,,,1792,
lab,0x00C1B10D20260706,L3_gibbs,"X02 max_parity",control,0,4,0,0,0,0,0x80,0x00,0x0000000,0,0.0914,0.0000,0.0994,0,0,,,,,,210,
lab,0x00C1B10D20260706,LW_mod2_wht,"X02 max_parity",control,0,4,0,0,0,0,0x10,0x00,0x0000000,0,0.1240,0.0000,0.0629,0,0,,,,,,511,
lab,0x00C1B10D20260706,LG_gf2,"X02 max_parity",control,0,4,0,0,0,0,0xC9,0xD9,0x954A28E,1,0.5086,1.0000,0.4989,0,45,,,,,,1,
lab,0x00C1B10D20260706,L0_tb_argmax,"X02 max_parity",control,0,5,0,0,0,0,0x00,0x40,0x0000000,0,0.0726,0.0000,0.0000,0,0,,,,,,162,
lab,0x00C1B10D20260706,L1_single_up,"X02 max_parity",control,0,5,0,0,0,0,0x80,0x02,0x0000000,0,0.0651,0.0000,0.0000,0,0,,,,,,1016,
lab,0x00C1B10D20260706,L2_pair_up,"X02 max_parity",control,0,5,0,0,0,0,0x09,0x62,0x0000000,0,0.0600,0.0000,0.0000,0,0,,,,,,1792,
lab,0x00C1B10D20260706,L3_gibbs,"X02 max_parity",control,0,5,0,0,0,0,0x01,0x00,0x0000000,0,0.0949,0.0000,0.1177,0,0,,,,,,206,
lab,0x00C1B10D20260706,LW_mod2_wht,"X02 max_parity",control,0,5,0,0,0,0,0x40,0x00,0x0000000,0,0.1131,0.0000,0.0834,0,0,,,,,,511,
lab,0x00C1B10D20260706,LG_gf2,"X02 max_parity",control,0,5,0,0,0,0,0x6D,0x2C,0x64F24CF,0,0.5169,1.0000,0.5046,0,45,,,,,,1,
lab,0x00C1B10D20260706,L0_tb_argmax,"X02 max_parity",control,0,6,0,0,0,0,0x00,0x40,0x0000000,0,0.0880,0.0000,0.0000,0,0,,,,,,162,
lab,0x00C1B10D20260706,L1_single_up,"X02 max_parity",control,0,6,0,0,0,0,0x02,0x7D,0x0000000,0,0.0594,0.0000,0.0000,0,0,,,,,,1016,
lab,0x00C1B10D20260706,L2_pair_up,"X02 max_parity",control,0,6,0,0,0,0,0x90,0x29,0x0000000,0,0.0543,0.0000,0.0000,0,0,,,,,,1792,
lab,0x00C1B10D20260706,L3_gibbs,"X02 max_parity",control,0,6,0,0,0,0,0x80,0x00,0x0000000,0,0.0857,0.0000,0.1109,0,0,,,,,,210,
lab,0x00C1B10D20260706,LW_mod2_wht,"X02 max_parity",control,0,6,0,0,0,0,0x20,0x00,0x0000000,0,0.1234,0.0000,0.0971,0,0,,,,,,511,
lab,0x00C1B10D20260706,LG_gf2,"X02 max_parity",control,0,6,0,0,0,0,0xBF,0x72,0xF583ED8,0,0.5040,1.0000,0.4851,0,45,,,,,,1,
lab,0x00C1B10D20260706,L0_tb_argmax,"X02 max_parity",control,0,7,0,0,0,0,0x00,0x40,0x0000000,0,0.0726,0.0000,0.0000,0,0,,,,,,162,
lab,0x00C1B10D20260706,L1_single_up,"X02 max_parity",control,0,7,0,0,0,0,0x01,0xBE,0x0000000,0,0.0577,0.0000,0.0000,0,0,,,,,,1016,
lab,0x00C1B10D20260706,L2_pair_up,"X02 max_parity",control,0,7,0,0,0,0,0x42,0x3D,0x0000000,0,0.0577,0.0000,0.0000,0,0,,,,,,1792,
lab,0x00C1B10D20260706,L3_gibbs,"X02 max_parity",control,0,7,0,0,0,0,0x04,0x00,0x0000000,0,0.0897,0.0000,0.0663,0,0,,,,,,204,
lab,0x00C1B10D20260706,LW_mod2_wht,"X02 max_parity",control,0,7,0,0,0,0,0x20,0x00,0x0000000,0,0.1069,0.0000,0.1303,0,0,,,,,,511,
lab,0x00C1B10D20260706,LG_gf2,"X02 max_parity",control,0,7,0,0,0,0,0xEE,0x29,0xD1E9FEE,0,0.5160,1.0000,0.4863,0,45,,,,,,1,
lab,0x00C1B10D20260706,L0_tb_argmax,"X02 max_parity",control,0,8,0,0,0,0,0x00,0x40,0x0000000,0,0.0891,0.0000,0.0000,0,0,,,,,,162,
lab,0x00C1B10D20260706,L1_single_up,"X02 max_parity",control,0,8,0,0,0,0,0x02,0xC1,0x0000000,0,0.0549,0.0000,0.0000,0,0,,,,,,1016,
lab,0x00C1B10D20260706,L2_pair_up,"X02 max_parity",control,0,8,0,0,0,0,0x09,0xF2,0x0000000,0,0.0577,0.0000,0.0000,0,0,,,,,,1792,
lab,0x00C1B10D20260706,L3_gibbs,"X02 max_parity",control,0,8,0,0,0,0,0x80,0x00,0x0000000,0,0.0863,0.0000,0.1097,0,0,,,,,,195,
lab,0x00C1B10D20260706,LW_mod2_wht,"X02 max_parity",control,0,8,0,0,0,0,0x01,0x00,0x0000000,0,0.1131,0.0000,0.0811,0,0,,,,,,511,
lab,0x00C1B10D20260706,LG_gf2,"X02 max_parity",control,0,8,0,0,0,0,0x38,0x0D,0x2EC1663,1,0.5006,1.0000,0.5131,0,45,,,,,,1,
lab,0x00C1B10D20260706,L0_tb_argmax,"X02 max_parity",control,0,9,0,0,0,0,0x00,0x40,0x0000000,0,0.0823,0.0000,0.0000,0,0,,,,,,162,
lab,0x00C1B10D20260706,L1_single_up,"X02 max_parity",control,0,9,0,0,0,0,0x02,0xC1,0x0000000,0,0.0594,0.0000,0.0000,0,0,,,,,,1016,
lab,0x00C1B10D20260706,L2_pair_up,"X02 max_parity",control,0,9,0,0,0,0,0xC0,0x3B,0x0000000,0,0.0634,0.0000,0.0000,0,0,,,,,,1792,
lab,0x00C1B10D20260706,L3_gibbs,"X02 max_parity",control,0,9,0,0,0,0,0x01,0x00,0x0000000,0,0.1131,0.0000,0.0811,0,0,,,,,,199,
lab,0x00C1B10D20260706,LW_mod2_wht,"X02 max_parity",control,0,9,0,0,0,0,0x40,0x00,0x0000000,0,0.1137,0.0000,0.0823,0,0,,,,,,511,
lab,0x00C1B10D20260706,LG_gf2,"X02 max_parity",control,0,9,0,0,0,0,0xA3,0x5B,0xBDF8D18,1,0.5011,1.0000,0.5103,0,45,,,,,,1,
lab,0x00C1B10D20260706,L0_tb_argmax,"X02 max_parity",control,0,10,0,0,0,0,0x00,0x80,0x0000000,0,0.0800,0.0000,0.0000,0,0,,,,,,162,
lab,0x00C1B10D20260706,L1_single_up,"X02 max_parity",control,0,10,0,0,0,0,0x04,0x01,0x0000000,0,0.0577,0.0000,0.0000,0,0,,,,,,1016,
lab,0x00C1B10D20260706,L2_pair_up,"X02 max_parity",control,0,10,0,0,0,0,0x44,0x99,0x0000000,0,0.0703,0.0000,0.0000,0,0,,,,,,1792,
lab,0x00C1B10D20260706,L3_gibbs,"X02 max_parity",control,0,10,0,0,0,0,0x40,0x00,0x0000000,0,0.1051,0.0000,0.0994,0,0,,,,,,208,
lab,0x00C1B10D20260706,LW_mod2_wht,"X02 max_parity",control,0,10,0,0,0,0,0x20,0x00,0x0000000,0,0.1137,0.0000,0.1166,0,0,,,,,,511,
lab,0x00C1B10D20260706,LG_gf2,"X02 max_parity",control,0,10,0,0,0,0,0xF6,0xFB,0x214B2FE,0,0.4986,1.0000,0.5234,0,45,,,,,,1,
lab,0x00C1B10D20260706,L0_tb_argmax,"X02 max_parity",control,0,11,0,0,0,0,0x00,0x40,0x0000000,0,0.0714,0.0000,0.0000,0,0,,,,,,162,
lab,0x00C1B10D20260706,L1_single_up,"X02 max_parity",control,0,11,0,0,0,0,0x01,0x26,0x0000000,0,0.0634,0.0000,0.0000,0,0,,,,,,1016,
lab,0x00C1B10D20260706,L2_pair_up,"X02 max_parity",control,0,11,0,0,0,0,0x90,0x63,0x0000000,0,0.0577,0.0000,0.0000,0,0,,,,,,1792,
lab,0x00C1B10D20260706,L3_gibbs,"X02 max_parity",control,0,11,0,0,0,0,0xFD,0x00,0x0000000,0,0.0120,0.0000,0.0457,0,0,,,,,,186,
lab,0x00C1B10D20260706,LW_mod2_wht,"X02 max_parity",control,0,11,0,0,0,0,0x20,0x00,0x0000000,0,0.1206,0.0000,0.1029,0,0,,,,,,511,
lab,0x00C1B10D20260706,LG_gf2,"X02 max_parity",control,0,11,0,0,0,0,0x5C,0x9B,0xE2A451A,0,0.4960,1.0000,0.5046,0,45,,,,,,1,
lab,0x00C1B10D20260706,L0_tb_argmax,"X02 max_parity",control,0,12,0,0,0,0,0x00,0x80,0x0000000,0,0.0726,0.0000,0.0000,0,0,,,,,,162,
lab,0x00C1B10D20260706,L1_single_up,"X02 max_parity",control,0,12,0,0,0,0,0x04,0x40,0x0000000,0,0.0606,0.0000,0.0000,0,0,,,,,,1016,
lab,0x00C1B10D20260706,L2_pair_up,"X02 max_parity",control,0,12,0,0,0,0,0x60,0x87,0x0000000,0,0.0646,0.0000,0.0000,0,0,,,,,,1792,
lab,0x00C1B10D20260706,L3_gibbs,"X02 max_parity",control,0,12,0,0,0,0,0x01,0x00,0x0000000,0,0.0851,0.0000,0.1371,0,0,,,,,,210,
lab,0x00C1B10D20260706,LW_mod2_wht,"X02 max_parity",control,0,12,0,0,0,0,0x20,0x00,0x0000000,0,0.1109,0.0000,0.1223,0,0,,,,,,511,
lab,0x00C1B10D20260706,LG_gf2,"X02 max_parity",control,0,12,0,0,0,0,0xE2,0x7E,0xDBD5649,0,0.4983,1.0000,0.5086,0,45,,,,,,1,
lab,0x00C1B10D20260706,L0_tb_argmax,"X02 max_parity",control,0,13,0,0,0,0,0x00,0x10,0x0000000,0,0.0834,0.0000,0.0000,0,0,,,,,,162,
lab,0x00C1B10D20260706,L1_single_up,"X02 max_parity",control,0,13,0,0,0,0,0x80,0x60,0x0000000,0,0.0606,0.0000,0.0000,0,0,,,,,,1016,
lab,0x00C1B10D20260706,L2_pair_up,"X02 max_parity",control,0,13,0,0,0,0,0x09,0xD6,0x0000000,0,0.0537,0.0000,0.0000,0,0,,,,,,1792,
lab,0x00C1B10D20260706,L3_gibbs,"X02 max_parity",control,0,13,0,0,0,0,0x40,0x00,0x0000000,0,0.1051,0.0000,0.0994,0,0,,,,,,203,
lab,0x00C1B10D20260706,LW_mod2_wht,"X02 max_parity",control,0,13,0,0,0,0,0x20,0x00,0x0000000,0,0.1389,0.0000,0.0663,0,0,,,,,,511,
lab,0x00C1B10D20260706,LG_gf2,"X02 max_parity",control,0,13,0,0,0,0,0x86,0x57,0xB08FEDB,1,0.5091,1.0000,0.4949,0,45,,,,,,1,
lab,0x00C1B10D20260706,L0_tb_argmax,"X02 max_parity",control,0,14,0,0,0,0,0x00,0x40,0x0000000,0,0.0920,0.0000,0.0000,0,0,,,,,,162,
lab,0x00C1B10D20260706,L1_single_up,"X02 max_parity",control,0,14,0,0,0,0,0x80,0x02,0x0000000,0,0.0663,0.0000,0.0000,0,0,,,,,,1016,
lab,0x00C1B10D20260706,L2_pair_up,"X02 max_parity",control,0,14,0,0,0,0,0x0C,0xA0,0x0000000,0,0.0549,0.0000,0.0000,0,0,,,,,,1792,
lab,0x00C1B10D20260706,L3_gibbs,"X02 max_parity",control,0,14,0,0,0,0,0x80,0x00,0x0000000,0,0.0931,0.0000,0.0960,0,0,,,,,,218,
lab,0x00C1B10D20260706,LW_mod2_wht,"X02 max_parity",control,0,14,0,0,0,0,0x20,0x00,0x0000000,0,0.1229,0.0000,0.0983,0,0,,,,,,511,
lab,0x00C1B10D20260706,LG_gf2,"X02 max_parity",control,0,14,0,0,0,0,0x05,0x66,0x9C49E01,1,0.5014,1.0000,0.4914,0,45,,,,,,1,
lab,0x00C1B10D20260706,L0_tb_argmax,"X02 max_parity",control,0,15,0,0,0,0,0x00,0x10,0x0000000,0,0.0800,0.0000,0.0000,0,0,,,,,,162,
lab,0x00C1B10D20260706,L1_single_up,"X02 max_parity",control,0,15,0,0,0,0,0x80,0x02,0x0000000,0,0.0651,0.0000,0.0000,0,0,,,,,,1016,
lab,0x00C1B10D20260706,L2_pair_up,"X02 max_parity",control,0,15,0,0,0,0,0x90,0x60,0x0000000,0,0.0606,0.0000,0.0000,0,0,,,,,,1792,
lab,0x00C1B10D20260706,L3_gibbs,"X02 max_parity",control,0,15,0,0,0,0,0x80,0x00,0x0000000,0,0.0857,0.0000,0.1109,0,0,,,,,,200,
lab,0x00C1B10D20260706,LW_mod2_wht,"X02 max_parity",control,0,15,0,0,0,0,0x20,0x00,0x0000000,0,0.1171,0.0000,0.1097,0,0,,,,,,511,
lab,0x00C1B10D20260706,LG_gf2,"X02 max_parity",control,0,15,0,0,0,0,0x29,0x59,0x309435A,1,0.4960,1.0000,0.4766,0,45,,,,,,1,
lab,0x00C1B10D20260706,L0_tb_argmax,"X02 max_parity",control,0,16,0,0,0,0,0x00,0x40,0x0000000,0,0.0720,0.0000,0.0000,0,0,,,,,,162,
lab,0x00C1B10D20260706,L1_single_up,"X02 max_parity",control,0,16,0,0,0,0,0x01,0x26,0x0000000,0,0.0560,0.0000,0.0000,0,0,,,,,,1016,
lab,0x00C1B10D20260706,L2_pair_up,"X02 max_parity",control,0,16,0,0,0,0,0x22,0x5D,0x0000000,0,0.0623,0.0000,0.0000,0,0,,,,,,1792,
lab,0x00C1B10D20260706,L3_gibbs,"X02 max_parity",control,0,16,0,0,0,0,0x01,0x00,0x0000000,0,0.0931,0.0000,0.1211,0,0,,,,,,212,
lab,0x00C1B10D20260706,LW_mod2_wht,"X02 max_parity",control,0,16,0,0,0,0,0x20,0x00,0x0000000,0,0.1206,0.0000,0.1029,0,0,,,,,,511,
lab,0x00C1B10D20260706,LG_gf2,"X02 max_parity",control,0,16,0,0,0,0,0x00,0x9B,0x88918B6,0,0.5006,1.0000,0.4994,0,45,,,,,,1,
lab,0x00C1B10D20260706,L0_tb_argmax,"X02 max_parity",control,0,17,0,0,0,0,0x00,0x10,0x0000000,0,0.0806,0.0000,0.0000,0,0,,,,,,162,
lab,0x00C1B10D20260706,L1_single_up,"X02 max_parity",control,0,17,0,0,0,0,0x80,0x7F,0x0000000,0,0.0600,0.0000,0.0000,0,0,,,,,,1016,
lab,0x00C1B10D20260706,L2_pair_up,"X02 max_parity",control,0,17,0,0,0,0,0x44,0x99,0x0000000,0,0.0571,0.0000,0.0000,0,0,,,,,,1792,
lab,0x00C1B10D20260706,L3_gibbs,"X02 max_parity",control,0,17,0,0,0,0,0x02,0x00,0x0000000,0,0.0766,0.0000,0.0823,0,0,,,,,,209,
lab,0x00C1B10D20260706,LW_mod2_wht,"X02 max_parity",control,0,17,0,0,0,0,0x20,0x00,0x0000000,0,0.1200,0.0000,0.1040,0,0,,,,,,511,
lab,0x00C1B10D20260706,LG_gf2,"X02 max_parity",control,0,17,0,0,0,0,0x8F,0x5E,0xBBDF344,0,0.5049,1.0000,0.4960,0,45,,,,,,1,
lab,0x00C1B10D20260706,L0_tb_argmax,"X02 max_parity",control,0,18,0,0,0,0,0x00,0x20,0x0000000,0,0.0680,0.0000,0.0000,0,0,,,,,,162,
lab,0x00C1B10D20260706,L1_single_up,"X02 max_parity",control,0,18,0,0,0,0,0x04,0x01,0x0000000,0,0.0634,0.0000,0.0000,0,0,,,,,,1016,
lab,0x00C1B10D20260706,L2_pair_up,"X02 max_parity",control,0,18,0,0,0,0,0x44,0x99,0x0000000,0,0.0697,0.0000,0.0000,0,0,,,,,,1792,
lab,0x00C1B10D20260706,L3_gibbs,"X02 max_parity",control,0,18,0,0,0,0,0x01,0x00,0x0000000,0,0.0994,0.0000,0.1086,0,0,,,,,,202,
lab,0x00C1B10D20260706,LW_mod2_wht,"X02 max_parity",control,0,18,0,0,0,0,0x20,0x00,0x0000000,0,0.1263,0.0000,0.0914,0,0,,,,,,511,
lab,0x00C1B10D20260706,LG_gf2,"X02 max_parity",control,0,18,0,0,0,0,0x16,0xF0,0x9EFD8B7,1,0.5040,1.0000,0.5046,0,45,,,,,,1,
lab,0x00C1B10D20260706,L0_tb_argmax,"X02 max_parity",control,0,19,0,0,0,0,0x00,0x10,0x0000000,0,0.0680,0.0000,0.0000,0,0,,,,,,162,
lab,0x00C1B10D20260706,L1_single_up,"X02 max_parity",control,0,19,0,0,0,0,0x02,0xC1,0x0000000,0,0.0657,0.0000,0.0000,0,0,,,,,,1016,
lab,0x00C1B10D20260706,L2_pair_up,"X02 max_parity",control,0,19,0,0,0,0,0x09,0x32,0x0000000,0,0.0640,0.0000,0.0000,0,0,,,,,,1792,
lab,0x00C1B10D20260706,L3_gibbs,"X02 max_parity",control,0,19,0,0,0,0,0x04,0x00,0x0000000,0,0.0806,0.0000,0.0846,0,0,,,,,,193,
lab,0x00C1B10D20260706,LW_mod2_wht,"X02 max_parity",control,0,19,0,0,0,0,0x01,0x00,0x0000000,0,0.1171,0.0000,0.0731,0,0,,,,,,511,
lab,0x00C1B10D20260706,LG_gf2,"X02 max_parity",control,0,19,0,0,0,0,0x8A,0x24,0x11DA5BB,1,0.5197,1.0000,0.5160,0,45,,,,,,1,
lab,0x00C1B10D20260706,L0_tb_argmax,"X03 rank2_eq1",control,0,0,0,0,0,0,0x00,0x01,0x0000000,0,0.1960,0.0000,0.0000,0,0,,,,,,162,
lab,0x00C1B10D20260706,L1_single_up,"X03 rank2_eq1",control,0,0,0,0,0,0,0x80,0x2F,0x0000000,0,0.0566,0.0000,0.0000,0,0,,,,,,1016,
lab,0x00C1B10D20260706,L2_pair_up,"X03 rank2_eq1",control,0,0,0,0,0,0,0x42,0x15,0x0000000,0,0.0577,0.0000,0.0000,0,0,,,,,,1792,
lab,0x00C1B10D20260706,L3_gibbs,"X03 rank2_eq1",control,0,0,0,0,0,0,0x04,0x00,0x0000000,0,0.1360,0.0000,0.1040,0,0,,,,,,206,
lab,0x00C1B10D20260706,LW_mod2_wht,"X03 rank2_eq1",control,0,0,0,0,0,0,0x00,0x01,0x0000000,0,0.1960,0.0000,0.1909,0,0,,,,,,511,
lab,0x00C1B10D20260706,LG_gf2,"X03 rank2_eq1",control,0,0,0,0,0,0,0x72,0x8A,0x2CBEE57,1,0.5009,1.0000,0.5023,0,45,,,,,,1,
lab,0x00C1B10D20260706,L0_tb_argmax,"X03 rank2_eq1",control,0,1,0,0,0,0,0x00,0x01,0x0000000,0,0.2017,0.0000,0.0000,0,0,,,,,,162,
lab,0x00C1B10D20260706,L1_single_up,"X03 rank2_eq1",control,0,1,0,0,0,0,0x04,0x93,0x0000000,0,0.0657,0.0000,0.0000,0,0,,,,,,1016,
lab,0x00C1B10D20260706,L2_pair_up,"X03 rank2_eq1",control,0,1,0,0,0,0,0x48,0x35,0x0000000,0,0.0566,0.0000,0.0000,0,0,,,,,,1792,
lab,0x00C1B10D20260706,L3_gibbs,"X03 rank2_eq1",control,0,1,0,0,0,0,0x04,0x00,0x0000000,0,0.1183,0.0000,0.1394,0,0,,,,,,203,
lab,0x00C1B10D20260706,LW_mod2_wht,"X03 rank2_eq1",control,0,1,0,0,0,0,0x00,0x01,0x0000000,0,0.2017,0.0000,0.1794,0,0,,,,,,511,
lab,0x00C1B10D20260706,LG_gf2,"X03 rank2_eq1",control,0,1,0,0,0,0,0x8C,0xC1,0xFD8BCEF,0,0.5029,1.0000,0.5160,0,45,,,,,,1,
lab,0x00C1B10D20260706,L0_tb_argmax,"X03 rank2_eq1",control,0,2,0,0,0,0,0x00,0x01,0x0000000,0,0.1937,0.0000,0.0000,0,0,,,,,,162,
lab,0x00C1B10D20260706,L1_single_up,"X03 rank2_eq1",control,0,2,0,0,0,0,0x01,0x70,0x0000000,0,0.0680,0.0000,0.0000,0,0,,,,,,1016,
lab,0x00C1B10D20260706,L2_pair_up,"X03 rank2_eq1",control,0,2,0,0,0,0,0x48,0x35,0x0000000,0,0.0640,0.0000,0.0000,0,0,,,,,,1792,
lab,0x00C1B10D20260706,L3_gibbs,"X03 rank2_eq1",control,0,2,0,0,0,0,0x01,0x00,0x0000000,0,0.0806,0.0000,0.1371,0,0,,,,,,213,
lab,0x00C1B10D20260706,LW_mod2_wht,"X03 rank2_eq1",control,0,2,0,0,0,0,0x00,0x01,0x0000000,0,0.1937,0.0000,0.1954,0,0,,,,,,511,
lab,0x00C1B10D20260706,LG_gf2,"X03 rank2_eq1",control,0,2,0,0,0,0,0xF4,0x96,0x0B077AE,1,0.4997,1.0000,0.4903,0,45,,,,,,1,
lab,0x00C1B10D20260706,L0_tb_argmax,"X03 rank2_eq1",control,0,3,0,0,0,0,0x00,0x01,0x0000000,0,0.2097,0.0000,0.0000,0,0,,,,,,162,
lab,0x00C1B10D20260706,L1_single_up,"X03 rank2_eq1",control,0,3,0,0,0,0,0x40,0x9B,0x0000000,0,0.0549,0.0000,0.0000,0,0,,,,,,1016,
lab,0x00C1B10D20260706,L2_pair_up,"X03 rank2_eq1",control,0,3,0,0,0,0,0x03,0x00,0x0000000,0,0.0657,0.0000,0.0000,0,0,,,,,,1792,
lab,0x00C1B10D20260706,L3_gibbs,"X03 rank2_eq1",control,0,3,0,0,0,0,0x01,0x00,0x0000000,0,0.0869,0.0000,0.1246,0,0,,,,,,258,
lab,0x00C1B10D20260706,LW_mod2_wht,"X03 rank2_eq1",control,0,3,0,0,0,0,0x00,0x01,0x0000000,0,0.2097,0.0000,0.1634,0,0,,,,,,511,
lab,0x00C1B10D20260706,LG_gf2,"X03 rank2_eq1",control,0,3,0,0,0,0,0xD6,0x1E,0x94F9F1F,0,0.5103,1.0000,0.5046,0,45,,,,,,1,
lab,0x00C1B10D20260706,L0_tb_argmax,"X03 rank2_eq1",control,0,4,0,0,0,0,0x00,0x02,0x0000000,0,0.2034,0.0000,0.0000,0,0,,,,,,162,
lab,0x00C1B10D20260706,L1_single_up,"X03 rank2_eq1",control,0,4,0,0,0,0,0x04,0xC3,0x0000000,0,0.0600,0.0000,0.0000,0,0,,,,,,1016,
lab,0x00C1B10D20260706,L2_pair_up,"X03 rank2_eq1",control,0,4,0,0,0,0,0x48,0x35,0x0000000,0,0.0709,0.0000,0.0000,0,0,,,,,,1792,
lab,0x00C1B10D20260706,L3_gibbs,"X03 rank2_eq1",control,0,4,0,0,0,0,0x7F,0x00,0x0000000,0,0.0171,0.0000,0.0457,0,0,,,,,,191,
lab,0x00C1B10D20260706,LW_mod2_wht,"X03 rank2_eq1",control,0,4,0,0,0,0,0x00,0x02,0x0000000,0,0.2034,0.0000,0.1646,0,0,,,,,,511,
lab,0x00C1B10D20260706,LG_gf2,"X03 rank2_eq1",control,0,4,0,0,0,0,0x1E,0x29,0x94E4CB9,1,0.5183,1.0000,0.4937,0,45,,,,,,1,
lab,0x00C1B10D20260706,L0_tb_argmax,"X03 rank2_eq1",control,0,5,0,0,0,0,0x00,0x01,0x0000000,0,0.1949,0.0000,0.0000,0,0,,,,,,162,
lab,0x00C1B10D20260706,L1_single_up,"X03 rank2_eq1",control,0,5,0,0,0,0,0x80,0x2F,0x0000000,0,0.0583,0.0000,0.0000,0,0,,,,,,1016,
lab,0x00C1B10D20260706,L2_pair_up,"X03 rank2_eq1",control,0,5,0,0,0,0,0x03,0x00,0x0000000,0,0.0743,0.0000,0.0000,0,0,,,,,,1792,
lab,0x00C1B10D20260706,L3_gibbs,"X03 rank2_eq1",control,0,5,0,0,0,0,0x02,0x00,0x0000000,0,0.1280,0.0000,0.1029,0,0,,,,,,206,
lab,0x00C1B10D20260706,LW_mod2_wht,"X03 rank2_eq1",control,0,5,0,0,0,0,0x00,0x01,0x0000000,0,0.1949,0.0000,0.1931,0,0,,,,,,511,
lab,0x00C1B10D20260706,LG_gf2,"X03 rank2_eq1",control,0,5,0,0,0,0,0xF9,0xF0,0x8150E17,1,0.5003,1.0000,0.5023,0,45,,,,,,1,
lab,0x00C1B10D20260706,L0_tb_argmax,"X03 rank2_eq1",control,0,6,0,0,0,0,0x00,0x04,0x0000000,0,0.1954,0.0000,0.0000,0,0,,,,,,162,
lab,0x00C1B10D20260706,L1_single_up,"X03 rank2_eq1",control,0,6,0,0,0,0,0x04,0x01,0x0000000,0,0.0651,0.0000,0.0000,0,0,,,,,,1016,
lab,0x00C1B10D20260706,L2_pair_up,"X03 rank2_eq1",control,0,6,0,0,0,0,0x03,0x00,0x0000000,0,0.0583,0.0000,0.0000,0,0,,,,,,1792,
lab,0x00C1B10D20260706,L3_gibbs,"X03 rank2_eq1",control,0,6,0,0,0,0,0x02,0x00,0x0000000,0,0.1366,0.0000,0.0857,0,0,,,,,,200,
lab,0x00C1B10D20260706,LW_mod2_wht,"X03 rank2_eq1",control,0,6,0,0,0,0,0x00,0x04,0x0000000,0,0.1954,0.0000,0.1371,0,0,,,,,,511,
lab,0x00C1B10D20260706,LG_gf2,"X03 rank2_eq1",control,0,6,0,0,0,0,0x7F,0xCC,0x947F9AD,0,0.5069,1.0000,0.4983,0,45,,,,,,1,
lab,0x00C1B10D20260706,L0_tb_argmax,"X03 rank2_eq1",control,0,7,0,0,0,0,0x00,0x01,0x0000000,0,0.1931,0.0000,0.0000,0,0,,,,,,162,
lab,0x00C1B10D20260706,L1_single_up,"X03 rank2_eq1",control,0,7,0,0,0,0,0x04,0xF9,0x0000000,0,0.0611,0.0000,0.0000,0,0,,,,,,1016,
lab,0x00C1B10D20260706,L2_pair_up,"X03 rank2_eq1",control,0,7,0,0,0,0,0x03,0x00,0x0000000,0,0.0566,0.0000,0.0000,0,0,,,,,,1792,
lab,0x00C1B10D20260706,L3_gibbs,"X03 rank2_eq1",control,0,7,0,0,0,0,0x02,0x00,0x0000000,0,0.1046,0.0000,0.1497,0,0,,,,,,220,
lab,0x00C1B10D20260706,LW_mod2_wht,"X03 rank2_eq1",control,0,7,0,0,0,0,0x00,0x01,0x0000000,0,0.1931,0.0000,0.1966,0,0,,,,,,511,
lab,0x00C1B10D20260706,LG_gf2,"X03 rank2_eq1",control,0,7,0,0,0,0,0xE5,0x09,0x470427A,1,0.5120,1.0000,0.5069,0,45,,,,,,1,
lab,0x00C1B10D20260706,L0_tb_argmax,"X03 rank2_eq1",control,0,8,0,0,0,0,0x00,0x02,0x0000000,0,0.1926,0.0000,0.0000,0,0,,,,,,162,
lab,0x00C1B10D20260706,L1_single_up,"X03 rank2_eq1",control,0,8,0,0,0,0,0x10,0xE0,0x0000000,0,0.0549,0.0000,0.0000,0,0,,,,,,1016,
lab,0x00C1B10D20260706,L2_pair_up,"X03 rank2_eq1",control,0,8,0,0,0,0,0x03,0x00,0x0000000,0,0.0663,0.0000,0.0000,0,0,,,,,,1792,
lab,0x00C1B10D20260706,L3_gibbs,"X03 rank2_eq1",control,0,8,0,0,0,0,0x02,0x00,0x0000000,0,0.1137,0.0000,0.1314,0,0,,,,,,203,
lab,0x00C1B10D20260706,LW_mod2_wht,"X03 rank2_eq1",control,0,8,0,0,0,0,0x00,0x02,0x0000000,0,0.1926,0.0000,0.1863,0,0,,,,,,511,
lab,0x00C1B10D20260706,LG_gf2,"X03 rank2_eq1",control,0,8,0,0,0,0,0x34,0x23,0x81479F3,1,0.5057,1.0000,0.5017,0,45,,,,,,1,
lab,0x00C1B10D20260706,L0_tb_argmax,"X03 rank2_eq1",control,0,9,0,0,0,0,0x00,0x01,0x0000000,0,0.1909,0.0000,0.0000,0,0,,,,,,162,
lab,0x00C1B10D20260706,L1_single_up,"X03 rank2_eq1",control,0,9,0,0,0,0,0x01,0x02,0x0000000,0,0.0611,0.0000,0.0000,0,0,,,,,,1016,
lab,0x00C1B10D20260706,L2_pair_up,"X03 rank2_eq1",control,0,9,0,0,0,0,0x03,0x00,0x0000000,0,0.0606,0.0000,0.0000,0,0,,,,,,1792,
lab,0x00C1B10D20260706,L3_gibbs,"X03 rank2_eq1",control,0,9,0,0,0,0,0x02,0x00,0x0000000,0,0.1194,0.0000,0.1200,0,0,,,,,,210,
lab,0x00C1B10D20260706,LW_mod2_wht,"X03 rank2_eq1",control,0,9,0,0,0,0,0x00,0x01,0x0000000,0,0.1909,0.0000,0.2011,0,0,,,,,,511,
lab,0x00C1B10D20260706,LG_gf2,"X03 rank2_eq1",control,0,9,0,0,0,0,0x33,0x8F,0x162EDAC,0,0.5146,1.0000,0.5011,0,45,,,,,,1,
lab,0x00C1B10D20260706,L0_tb_argmax,"X03 rank2_eq1",control,0,10,0,0,0,0,0x00,0x01,0x0000000,0,0.1983,0.0000,0.0000,0,0,,,,,,162,
lab,0x00C1B10D20260706,L1_single_up,"X03 rank2_eq1",control,0,10,0,0,0,0,0x04,0x01,0x0000000,0,0.0594,0.0000,0.0000,0,0,,,,,,1016,
lab,0x00C1B10D20260706,L2_pair_up,"X03 rank2_eq1",control,0,10,0,0,0,0,0x48,0x35,0x0000000,0,0.0611,0.0000,0.0000,0,0,,,,,,1792,
lab,0x00C1B10D20260706,L3_gibbs,"X03 rank2_eq1",control,0,10,0,0,0,0,0x01,0x00,0x0000000,0,0.0851,0.0000,0.1280,0,0,,,,,,201,
lab,0x00C1B10D20260706,LW_mod2_wht,"X03 rank2_eq1",control,0,10,0,0,0,0,0x00,0x01,0x0000000,0,0.1983,0.0000,0.1863,0,0,,,,,,511,
lab,0x00C1B10D20260706,LG_gf2,"X03 rank2_eq1",control,0,10,0,0,0,0,0xCE,0xAD,0xC37DB11,0,0.4923,1.0000,0.4994,0,45,,,,,,1,
lab,0x00C1B10D20260706,L0_tb_argmax,"X03 rank2_eq1",control,0,11,0,0,0,0,0x00,0x02,0x0000000,0,0.2046,0.0000,0.0000,0,0,,,,,,162,
lab,0x00C1B10D20260706,L1_single_up,"X03 rank2_eq1",control,0,11,0,0,0,0,0x80,0x2F,0x0000000,0,0.0640,0.0000,0.0000,0,0,,,,,,1016,
lab,0x00C1B10D20260706,L2_pair_up,"X03 rank2_eq1",control,0,11,0,0,0,0,0x22,0xC0,0x0000000,0,0.0623,0.0000,0.0000,0,0,,,,,,1792,
lab,0x00C1B10D20260706,L3_gibbs,"X03 rank2_eq1",control,0,11,0,0,0,0,0x02,0x00,0x0000000,0,0.1063,0.0000,0.1463,0,0,,,,,,200,
lab,0x00C1B10D20260706,LW_mod2_wht,"X03 rank2_eq1",control,0,11,0,0,0,0,0x00,0x02,0x0000000,0,0.2046,0.0000,0.1623,0,0,,,,,,511,
lab,0x00C1B10D20260706,LG_gf2,"X03 rank2_eq1",control,0,11,0,0,0,0,0x88,0x20,0x416BE1F,1,0.5034,1.0000,0.5023,0,45,,,,,,1,
lab,0x00C1B10D20260706,L0_tb_argmax,"X03 rank2_eq1",control,0,12,0,0,0,0,0x00,0x01,0x0000000,0,0.1914,0.0000,0.0000,0,0,,,,,,162,
lab,0x00C1B10D20260706,L1_single_up,"X03 rank2_eq1",control,0,12,0,0,0,0,0x01,0xF6,0x0000000,0,0.0571,0.0000,0.0000,0,0,,,,,,1016,
lab,0x00C1B10D20260706,L2_pair_up,"X03 rank2_eq1",control,0,12,0,0,0,0,0x21,0x8E,0x0000000,0,0.0651,0.0000,0.0000,0,0,,,,,,1792,
lab,0x00C1B10D20260706,L3_gibbs,"X03 rank2_eq1",control,0,12,0,0,0,0,0x04,0x00,0x0000000,0,0.1131,0.0000,0.1497,0,0,,,,,,200,
lab,0x00C1B10D20260706,LW_mod2_wht,"X03 rank2_eq1",control,0,12,0,0,0,0,0x00,0x01,0x0000000,0,0.1914,0.0000,0.2000,0,0,,,,,,511,
lab,0x00C1B10D20260706,LG_gf2,"X03 rank2_eq1",control,0,12,0,0,0,0,0xD8,0xBE,0x906E8A9,1,0.5023,1.0000,0.5160,0,45,,,,,,1,
lab,0x00C1B10D20260706,L0_tb_argmax,"X03 rank2_eq1",control,0,13,0,0,0,0,0x00,0x02,0x0000000,0,0.1966,0.0000,0.0000,0,0,,,,,,162,
lab,0x00C1B10D20260706,L1_single_up,"X03 rank2_eq1",control,0,13,0,0,0,0,0x40,0x3A,0x0000000,0,0.0703,0.0000,0.0000,0,0,,,,,,1016,
lab,0x00C1B10D20260706,L2_pair_up,"X03 rank2_eq1",control,0,13,0,0,0,0,0x03,0x00,0x0000000,0,0.0709,0.0000,0.0000,0,0,,,,,,1792,
lab,0x00C1B10D20260706,L3_gibbs,"X03 rank2_eq1",control,0,13,0,0,0,0,0x02,0x00,0x0000000,0,0.1103,0.0000,0.1383,0,0,,,,,,215,
lab,0x00C1B10D20260706,LW_mod2_wht,"X03 rank2_eq1",control,0,13,0,0,0,0,0x00,0x02,0x0000000,0,0.1966,0.0000,0.1783,0,0,,,,,,511,
lab,0x00C1B10D20260706,LG_gf2,"X03 rank2_eq1",control,0,13,0,0,0,0,0x8B,0x8A,0xC83644D,0,0.4969,1.0000,0.4697,0,45,,,,,,1,
lab,0x00C1B10D20260706,L0_tb_argmax,"X03 rank2_eq1",control,0,14,0,0,0,0,0x00,0x02,0x0000000,0,0.1777,0.0000,0.0000,0,0,,,,,,162,
lab,0x00C1B10D20260706,L1_single_up,"X03 rank2_eq1",control,0,14,0,0,0,0,0x04,0x01,0x0000000,0,0.0651,0.0000,0.0000,0,0,,,,,,1016,
lab,0x00C1B10D20260706,L2_pair_up,"X03 rank2_eq1",control,0,14,0,0,0,0,0x60,0x14,0x0000000,0,0.0617,0.0000,0.0000,0,0,,,,,,1792,
lab,0x00C1B10D20260706,L3_gibbs,"X03 rank2_eq1",control,0,14,0,0,0,0,0x02,0x00,0x0000000,0,0.1331,0.0000,0.0926,0,0,,,,,,200,
lab,0x00C1B10D20260706,LW_mod2_wht,"X03 rank2_eq1",control,0,14,0,0,0,0,0x00,0x02,0x0000000,0,0.1777,0.0000,0.2160,0,0,,,,,,511,
lab,0x00C1B10D20260706,LG_gf2,"X03 rank2_eq1",control,0,14,0,0,0,0,0xB9,0x23,0xA498212,0,0.5006,1.0000,0.5183,0,45,,,,,,1,
lab,0x00C1B10D20260706,L0_tb_argmax,"X03 rank2_eq1",control,0,15,0,0,0,0,0x00,0x02,0x0000000,0,0.2051,0.0000,0.0000,0,0,,,,,,162,
lab,0x00C1B10D20260706,L1_single_up,"X03 rank2_eq1",control,0,15,0,0,0,0,0x04,0x8A,0x0000000,0,0.0554,0.0000,0.0000,0,0,,,,,,1016,
lab,0x00C1B10D20260706,L2_pair_up,"X03 rank2_eq1",control,0,15,0,0,0,0,0x82,0x6C,0x0000000,0,0.0611,0.0000,0.0000,0,0,,,,,,1792,
lab,0x00C1B10D20260706,L3_gibbs,"X03 rank2_eq1",control,0,15,0,0,0,0,0x02,0x00,0x0000000,0,0.1314,0.0000,0.0960,0,0,,,,,,190,
lab,0x00C1B10D20260706,LW_mod2_wht,"X03 rank2_eq1",control,0,15,0,0,0,0,0x00,0x02,0x0000000,0,0.2051,0.0000,0.1611,0,0,,,,,,511,
lab,0x00C1B10D20260706,LG_gf2,"X03 rank2_eq1",control,0,15,0,0,0,0,0x45,0x26,0x467CF4A,1,0.5183,1.0000,0.4886,0,45,,,,,,1,
lab,0x00C1B10D20260706,L0_tb_argmax,"X03 rank2_eq1",control,0,16,0,0,0,0,0x00,0x04,0x0000000,0,0.1903,0.0000,0.0000,0,0,,,,,,162,
lab,0x00C1B10D20260706,L1_single_up,"X03 rank2_eq1",control,0,16,0,0,0,0,0x04,0x01,0x0000000,0,0.0686,0.0000,0.0000,0,0,,,,,,1016,
lab,0x00C1B10D20260706,L2_pair_up,"X03 rank2_eq1",control,0,16,0,0,0,0,0x21,0x8E,0x0000000,0,0.0623,0.0000,0.0000,0,0,,,,,,1792,
lab,0x00C1B10D20260706,L3_gibbs,"X03 rank2_eq1",control,0,16,0,0,0,0,0x01,0x00,0x0000000,0,0.0943,0.0000,0.1097,0,0,,,,,,197,
lab,0x00C1B10D20260706,LW_mod2_wht,"X03 rank2_eq1",control,0,16,0,0,0,0,0x00,0x04,0x0000000,0,0.1903,0.0000,0.1474,0,0,,,,,,511,
lab,0x00C1B10D20260706,LG_gf2,"X03 rank2_eq1",control,0,16,0,0,0,0,0xFA,0xE8,0xA7DF2FE,0,0.5006,1.0000,0.5029,0,45,,,,,,1,
lab,0x00C1B10D20260706,L0_tb_argmax,"X03 rank2_eq1",control,0,17,0,0,0,0,0x00,0x02,0x0000000,0,0.1931,0.0000,0.0000,0,0,,,,,,162,
lab,0x00C1B10D20260706,L1_single_up,"X03 rank2_eq1",control,0,17,0,0,0,0,0x01,0x92,0x0000000,0,0.0611,0.0000,0.0000,0,0,,,,,,1016,
lab,0x00C1B10D20260706,L2_pair_up,"X03 rank2_eq1",control,0,17,0,0,0,0,0x50,0xA0,0x0000000,0,0.0634,0.0000,0.0000,0,0,,,,,,1792,
lab,0x00C1B10D20260706,L3_gibbs,"X03 rank2_eq1",control,0,17,0,0,0,0,0x04,0x00,0x0000000,0,0.1240,0.0000,0.1280,0,0,,,,,,199,
lab,0x00C1B10D20260706,LW_mod2_wht,"X03 rank2_eq1",control,0,17,0,0,0,0,0x00,0x02,0x0000000,0,0.1931,0.0000,0.1851,0,0,,,,,,511,
lab,0x00C1B10D20260706,LG_gf2,"X03 rank2_eq1",control,0,17,0,0,0,0,0xF9,0x50,0x3BA3822,1,0.5120,1.0000,0.4874,0,45,,,,,,1,
lab,0x00C1B10D20260706,L0_tb_argmax,"X03 rank2_eq1",control,0,18,0,0,0,0,0x00,0x02,0x0000000,0,0.1817,0.0000,0.0000,0,0,,,,,,162,
lab,0x00C1B10D20260706,L1_single_up,"X03 rank2_eq1",control,0,18,0,0,0,0,0x04,0x01,0x0000000,0,0.0611,0.0000,0.0000,0,0,,,,,,1016,
lab,0x00C1B10D20260706,L2_pair_up,"X03 rank2_eq1",control,0,18,0,0,0,0,0x03,0x00,0x0000000,0,0.0697,0.0000,0.0000,0,0,,,,,,1792,
lab,0x00C1B10D20260706,L3_gibbs,"X03 rank2_eq1",control,0,18,0,0,0,0,0x02,0x00,0x0000000,0,0.1234,0.0000,0.1120,0,0,,,,,,212,
lab,0x00C1B10D20260706,LW_mod2_wht,"X03 rank2_eq1",control,0,18,0,0,0,0,0x00,0x02,0x0000000,0,0.1817,0.0000,0.2080,0,0,,,,,,511,
lab,0x00C1B10D20260706,LG_gf2,"X03 rank2_eq1",control,0,18,0,0,0,0,0xEC,0x16,0xBD14BFD,0,0.5074,1.0000,0.4869,0,45,,,,,,1,
lab,0x00C1B10D20260706,L0_tb_argmax,"X03 rank2_eq1",control,0,19,0,0,0,0,0x00,0x02,0x0000000,0,0.1874,0.0000,0.0000,0,0,,,,,,162,
lab,0x00C1B10D20260706,L1_single_up,"X03 rank2_eq1",control,0,19,0,0,0,0,0x04,0x01,0x0000000,0,0.0629,0.0000,0.0000,0,0,,,,,,1016,
lab,0x00C1B10D20260706,L2_pair_up,"X03 rank2_eq1",control,0,19,0,0,0,0,0x03,0x00,0x0000000,0,0.0640,0.0000,0.0000,0,0,,,,,,1792,
lab,0x00C1B10D20260706,L3_gibbs,"X03 rank2_eq1",control,0,19,0,0,0,0,0x04,0x00,0x0000000,0,0.1160,0.0000,0.1440,0,0,,,,,,208,
lab,0x00C1B10D20260706,LW_mod2_wht,"X03 rank2_eq1",control,0,19,0,0,0,0,0x00,0x02,0x0000000,0,0.1874,0.0000,0.1966,0,0,,,,,,511,
lab,0x00C1B10D20260706,LG_gf2,"X03 rank2_eq1",control,0,19,0,0,0,0,0x83,0xDB,0x805C56E,0,0.5143,1.0000,0.5057,0,45,,,,,,1,
pipeline,0x00C1B10D20260706,revision,"C01 XOR 0x0F",xor_popcount,4,0,0,,,,,,,,0.5023,,,,,,,,,,,
pipeline,0x00C1B10D20260706,revision,"C02 parity XOR 0x33",xor_popcount,4,0,0,,,,,,,,0.4989,,,,,,,,,,,
pipeline,0x00C1B10D20260706,revision,"C03 XOR 0x55",xor_popcount,4,0,0,,,,,,,,0.5097,,,,,,,,,,,
pipeline,0x00C1B10D20260706,revision,"C04 XOR 0xAA",xor_popcount,4,0,0,,,,,,,,0.4846,,,,,,,,,,,
pipeline,0x00C1B10D20260706,revision,"C05 XOR 0x3C",xor_popcount,4,0,0,,,,,,,,0.4897,,,,,,,,,,,
pipeline,0x00C1B10D20260706,revision,"C06 XOR 0x66",xor_popcount,4,0,0,,,,,,,,0.5091,,,,,,,,,,,
pipeline,0x00C1B10D20260706,revision,"C07 XOR 0x99",xor_popcount,4,0,0,,,,,,,,0.5183,,,,,,,,,,,
pipeline,0x00C1B10D20260706,revision,"C08 parity count",mod_synthesis,8,0,1,,,,,,,,1.0000,,,,,,,,,,,
pipeline,0x00C1B10D20260706,revision,"C09 inv parity",pipeline,28,0,0,,,,,,,,0.4954,,,,,,,,,,,
pipeline,0x00C1B10D20260706,revision,"C10 parity XOR 0x0F",xor_popcount,4,0,0,,,,,,,,0.5023,,,,,,,,,,,
pipeline,0x00C1B10D20260706,revision,"C11 XOR 0x37",xor_popcount,5,0,0,,,,,,,,0.4880,,,,,,,,,,,
pipeline,0x00C1B10D20260706,aimed_v1,"C01 XOR 0x0F",xor_popcount,4,0,0,,,,0x47,,,,0.5257,,,,,0.5023,0.5120,-0.0373,novel,0.5925,436,"mono=0x47@0.526;walsh=0x9B@0.527;lens=th3;grown=0x47@0.523"
pipeline,0x00C1B10D20260706,aimed_v1,"C02 parity XOR 0x33",xor_popcount,4,0,0,,,,0xEC,,,,0.5206,,,,,0.4989,0.5069,0.0238,novel,0.1268,452,"mono=0x68@0.521;walsh=0x9D@0.529;lens=th1;grown=0xEC@0.513"
pipeline,0x00C1B10D20260706,aimed_v1,"C03 XOR 0x55",xor_popcount,4,0,0,,,,0x39,,,,0.5371,,,,,0.5097,0.5069,-0.0761,novel,0.6009,436,"mono=0x39@0.537;walsh=0xCC@0.537;lens=th3;grown=0x39@0.527"
pipeline,0x00C1B10D20260706,aimed_v1,"C04 XOR 0xAA",xor_popcount,4,0,0,,,,0xE8,,,,0.5349,,,,,0.4846,0.4829,0.0493,novel,0.1785,460,"mono=0x61@0.535;walsh=0xC6@0.526;lens=th5;grown=0xE8@0.527"
pipeline,0x00C1B10D20260706,aimed_v1,"C05 XOR 0x3C",xor_popcount,4,0,1,,,,0x3C,,,,0.5617,,,,,0.4897,1.0000,-0.0689,novel,0.0450,436,"mono=0x3C@0.562;walsh=0x35@0.545;lens=mod2;grown=0x3C@1.000"
pipeline,0x00C1B10D20260706,aimed_v1,"C06 XOR 0x66",xor_popcount,4,0,0,,,,0x94,,,,0.5343,,,,,0.5091,0.5126,-0.0276,novel,0.1144,444,"mono=0x9C@0.534;walsh=0x15@0.528;lens=th4;grown=0x94@0.506"
pipeline,0x00C1B10D20260706,aimed_v1,"C07 XOR 0x99",xor_popcount,4,0,0,,,,0x1D,,,,0.5400,,,,,0.5183,0.5149,-0.0942,novel,0.0381,436,"mono=0x1D@0.540;walsh=0xF6@0.539;lens=mod2;grown=0x1D@0.517"
pipeline,0x00C1B10D20260706,aimed_v1,"C09 inv parity",pipeline,28,0,0,,,,0xB4,,,,0.5246,,,,,0.4954,0.4909,-0.0268,novel,0.3981,436,"mono=0xB4@0.525;walsh=0x5F@0.534;lens=th4;grown=0xB4@0.529"
pipeline,0x00C1B10D20260706,aimed_v1,"C10 parity XOR 0x0F",xor_popcount,4,0,0,,,,0x47,,,,0.5257,,,,,0.5023,0.5120,-0.0373,novel,0.5925,436,"mono=0x47@0.526;walsh=0x9B@0.527;lens=th3;grown=0x47@0.523"
pipeline,0x00C1B10D20260706,aimed_v1,"C11 XOR 0x37",xor_popcount,5,0,0,,,,0x58,,,,0.5309,,,,,0.4880,0.4851,0.1143,novel,0.2398,444,"mono=0xD8@0.531;walsh=0x29@0.531;lens=th1;grown=0x58@0.519"
pipeline,0x00C1B10D20260706,aimed_v2,"C01 XOR 0x0F",xor_popcount,4,0,1,1,,,0x0F,0x00,0x0000000,0,,,1.0000,1,45,0.5023,1.0000,-0.0475,novel,0.0404,421,"route=gf2;exact=1"
pipeline,0x00C1B10D20260706,aimed_v2,"C02 parity XOR 0x33",xor_popcount,4,0,1,1,,,0x33,0x00,0x0000000,0,,,1.0000,1,45,0.4989,1.0000,-0.0479,novel,0.0545,421,"route=gf2;exact=1"
pipeline,0x00C1B10D20260706,aimed_v2,"C03 XOR 0x55",xor_popcount,4,0,1,1,,,0x55,0x00,0x0000000,0,,,1.0000,1,45,0.5097,1.0000,-0.0722,novel,0.0461,421,"route=gf2;exact=1"
pipeline,0x00C1B10D20260706,aimed_v2,"C04 XOR 0xAA",xor_popcount,4,0,1,1,,,0xAA,0x00,0x0000000,0,,,1.0000,1,45,0.4846,1.0000,-0.0838,novel,0.0461,421,"route=gf2;exact=1"
pipeline,0x00C1B10D20260706,aimed_v2,"C05 XOR 0x3C",xor_popcount,4,0,1,1,,,0x3C,0x00,0x0000000,0,,,1.0000,1,45,0.4897,1.0000,-0.0689,novel,0.0450,421,"route=gf2;exact=1"
pipeline,0x00C1B10D20260706,aimed_v2,"C06 XOR 0x66",xor_popcount,4,0,1,1,,,0x66,0x00,0x0000000,0,,,1.0000,1,45,0.5091,1.0000,-0.0898,novel,0.0490,421,"route=gf2;exact=1"
pipeline,0x00C1B10D20260706,aimed_v2,"C07 XOR 0x99",xor_popcount,4,0,1,1,,,0x99,0x00,0x0000000,0,,,1.0000,1,45,0.5183,1.0000,-0.0995,novel,0.0344,421,"route=gf2;exact=1"
pipeline,0x00C1B10D20260706,aimed_v2,"C09 inv parity",pipeline,28,0,1,1,,,0x00,0x00,0xFFFFFFF,0,,,1.0000,1,45,0.4954,1.0000,-0.0556,novel,0.0412,421,"route=gf2;exact=1"
pipeline,0x00C1B10D20260706,aimed_v2,"C10 parity XOR 0x0F",xor_popcount,4,0,1,1,,,0x0F,0x00,0x0000000,0,,,1.0000,1,45,0.5023,1.0000,-0.0475,novel,0.0404,421,"route=gf2;exact=1"
pipeline,0x00C1B10D20260706,aimed_v2,"C11 XOR 0x37",xor_popcount,5,0,1,1,,,0x37,0x00,0x0000000,0,,,1.0000,1,45,0.4880,1.0000,-0.1047,novel,0.0479,421,"route=gf2;exact=1"
lab,0x00C2B10D20260707,L0_tb_argmax,"C01 XOR 0x0F",xor_popcount,4,0,0,0,0,0,0x00,0x35,0x0000000,0,0.0451,0.0240,0.0000,0,0,,,,,,162,
lab,0x00C2B10D20260707,L1_single_up,"C01 XOR 0x0F",xor_popcount,4,0,0,0,0,0,0x08,0xA4,0x0000000,0,0.0600,0.0369,0.0000,0,0,,,,,,1016,
lab,0x00C2B10D20260707,L2_pair_up,"C01 XOR 0x0F",xor_popcount,4,0,1,0,0,0,0x0C,0x03,0x0000000,0,0.1326,0.1021,0.0000,0,0,,,,,,1792,
lab,0x00C2B10D20260707,L3_gibbs,"C01 XOR 0x0F",xor_popcount,4,0,1,1,0,0,0x0F,0x00,0x0000000,0,1.0000,0.0000,1.0000,0,0,,,,,,29,
lab,0x00C2B10D20260707,LW_mod2_wht,"C01 XOR 0x0F",xor_popcount,4,0,1,1,0,0,0x0F,0x00,0x0000000,0,1.0000,1.0000,1.0000,0,0,,,,,,511,
lab,0x00C2B10D20260707,LG_gf2,"C01 XOR 0x0F",xor_popcount,4,0,1,1,0,0,0x0F,0x00,0x0000000,0,1.0000,1.0000,1.0000,1,45,,,,,,1,
lab,0x00C2B10D20260707,L0_tb_argmax,"C01 XOR 0x0F",xor_popcount,4,1,0,0,0,0,0x00,0x2B,0x0000000,0,0.0434,-0.0069,0.0000,0,0,,,,,,162,
lab,0x00C2B10D20260707,L1_single_up,"C01 XOR 0x0F",xor_popcount,4,1,0,0,0,0,0x20,0xD3,0x0000000,0,0.0651,0.0260,0.0000,0,0,,,,,,1016,
lab,0x00C2B10D20260707,L2_pair_up,"C01 XOR 0x0F",xor_popcount,4,1,1,0,0,0,0x0C,0x03,0x0000000,0,0.1343,0.1023,0.0000,0,0,,,,,,1792,
lab,0x00C2B10D20260707,L3_gibbs,"C01 XOR 0x0F",xor_popcount,4,1,1,1,0,0,0x0F,0x00,0x0000000,0,1.0000,0.0000,1.0000,0,0,,,,,,29,
lab,0x00C2B10D20260707,LW_mod2_wht,"C01 XOR 0x0F",xor_popcount,4,1,1,1,0,0,0x0F,0x00,0x0000000,0,1.0000,1.0000,1.0000,0,0,,,,,,511,
lab,0x00C2B10D20260707,LG_gf2,"C01 XOR 0x0F",xor_popcount,4,1,1,1,0,0,0x0F,0x00,0x0000000,0,1.0000,1.0000,1.0000,1,45,,,,,,1,
lab,0x00C2B10D20260707,L0_tb_argmax,"C01 XOR 0x0F",xor_popcount,4,2,0,0,0,0,0x00,0x35,0x0000000,0,0.0514,-0.0269,0.0000,0,0,,,,,,162,
lab,0x00C2B10D20260707,L1_single_up,"C01 XOR 0x0F",xor_popcount,4,2,0,0,0,0,0x04,0x51,0x0000000,0,0.0543,0.0301,0.0000,0,0,,,,,,1016,
lab,0x00C2B10D20260707,L2_pair_up,"C01 XOR 0x0F",xor_popcount,4,2,1,0,0,0,0x0C,0x03,0x0000000,0,0.1234,0.1007,0.0000,0,0,,,,,,1792,
lab,0x00C2B10D20260707,L3_gibbs,"C01 XOR 0x0F",xor_popcount,4,2,1,1,0,0,0x0F,0x00,0x0000000,0,1.0000,0.0000,1.0000,0,0,,,,,,29,
lab,0x00C2B10D20260707,LW_mod2_wht,"C01 XOR 0x0F",xor_popcount,4,2,1,1,0,0,0x0F,0x00,0x0000000,0,1.0000,1.0000,1.0000,0,0,,,,,,511,
lab,0x00C2B10D20260707,LG_gf2,"C01 XOR 0x0F",xor_popcount,4,2,1,1,0,0,0x0F,0x00,0x0000000,0,1.0000,1.0000,1.0000,1,45,,,,,,1,
lab,0x00C2B10D20260707,L0_tb_argmax,"C01 XOR 0x0F",xor_popcount,4,3,0,0,0,0,0x00,0x35,0x0000000,0,0.0589,0.0011,0.0000,0,0,,,,,,162,
lab,0x00C2B10D20260707,L1_single_up,"C01 XOR 0x0F",xor_popcount,4,3,0,0,0,0,0x20,0x1E,0x0000000,0,0.0606,0.0254,0.0000,0,0,,,,,,1016,
lab,0x00C2B10D20260707,L2_pair_up,"C01 XOR 0x0F",xor_popcount,4,3,1,0,0,0,0x0C,0x03,0x0000000,0,0.1280,0.0930,0.0000,0,0,,,,,,1792,
lab,0x00C2B10D20260707,L3_gibbs,"C01 XOR 0x0F",xor_popcount,4,3,1,1,0,0,0x0F,0x00,0x0000000,0,1.0000,0.0000,1.0000,0,0,,,,,,29,
lab,0x00C2B10D20260707,LW_mod2_wht,"C01 XOR 0x0F",xor_popcount,4,3,1,1,0,0,0x0F,0x00,0x0000000,0,1.0000,1.0000,1.0000,0,0,,,,,,511,
lab,0x00C2B10D20260707,LG_gf2,"C01 XOR 0x0F",xor_popcount,4,3,1,1,0,0,0x0F,0x00,0x0000000,0,1.0000,1.0000,1.0000,1,45,,,,,,1,
lab,0x00C2B10D20260707,L0_tb_argmax,"C01 XOR 0x0F",xor_popcount,4,4,0,0,0,0,0x00,0x84,0x0000000,0,0.0531,0.0029,0.0000,0,0,,,,,,162,
lab,0x00C2B10D20260707,L1_single_up,"C01 XOR 0x0F",xor_popcount,4,4,0,0,0,0,0x20,0x1E,0x0000000,0,0.0617,0.0410,0.0000,0,0,,,,,,1016,
lab,0x00C2B10D20260707,L2_pair_up,"C01 XOR 0x0F",xor_popcount,4,4,1,0,0,0,0x0C,0x03,0x0000000,0,0.1154,0.1037,0.0000,0,0,,,,,,1792,
lab,0x00C2B10D20260707,L3_gibbs,"C01 XOR 0x0F",xor_popcount,4,4,1,1,0,0,0x0F,0x00,0x0000000,0,1.0000,0.0000,1.0000,0,0,,,,,,29,
lab,0x00C2B10D20260707,LW_mod2_wht,"C01 XOR 0x0F",xor_popcount,4,4,1,1,0,0,0x0F,0x00,0x0000000,0,1.0000,1.0000,1.0000,0,0,,,,,,511,
lab,0x00C2B10D20260707,LG_gf2,"C01 XOR 0x0F",xor_popcount,4,4,1,1,0,0,0x0F,0x00,0x0000000,0,1.0000,1.0000,1.0000,1,45,,,,,,1,
lab,0x00C2B10D20260707,L0_tb_argmax,"C01 XOR 0x0F",xor_popcount,4,5,0,0,0,0,0x00,0x64,0x0000000,0,0.0446,0.0017,0.0000,0,0,,,,,,162,
lab,0x00C2B10D20260707,L1_single_up,"C01 XOR 0x0F",xor_popcount,4,5,0,0,0,0,0x20,0x1E,0x0000000,0,0.0589,0.0407,0.0000,0,0,,,,,,1016,
lab,0x00C2B10D20260707,L2_pair_up,"C01 XOR 0x0F",xor_popcount,4,5,1,0,0,0,0x0C,0x03,0x0000000,0,0.1229,0.1047,0.0000,0,0,,,,,,1792,
lab,0x00C2B10D20260707,L3_gibbs,"C01 XOR 0x0F",xor_popcount,4,5,1,1,0,0,0x0F,0x00,0x0000000,0,1.0000,0.0000,1.0000,0,0,,,,,,29,
lab,0x00C2B10D20260707,LW_mod2_wht,"C01 XOR 0x0F",xor_popcount,4,5,1,1,0,0,0x0F,0x00,0x0000000,0,1.0000,1.0000,1.0000,0,0,,,,,,511,
lab,0x00C2B10D20260707,LG_gf2,"C01 XOR 0x0F",xor_popcount,4,5,1,1,0,0,0x0F,0x00,0x0000000,0,1.0000,1.0000,1.0000,1,45,,,,,,1,
lab,0x00C2B10D20260707,L0_tb_argmax,"C01 XOR 0x0F",xor_popcount,4,6,0,0,0,0,0x00,0x84,0x0000000,0,0.0451,-0.0126,0.0000,0,0,,,,,,162,
lab,0x00C2B10D20260707,L1_single_up,"C01 XOR 0x0F",xor_popcount,4,6,0,0,0,0,0x08,0xA4,0x0000000,0,0.0566,0.0274,0.0000,0,0,,,,,,1016,
lab,0x00C2B10D20260707,L2_pair_up,"C01 XOR 0x0F",xor_popcount,4,6,1,0,0,0,0x0C,0x03,0x0000000,0,0.1149,0.1036,0.0000,0,0,,,,,,1792,
lab,0x00C2B10D20260707,L3_gibbs,"C01 XOR 0x0F",xor_popcount,4,6,1,1,0,0,0x0F,0x00,0x0000000,0,1.0000,0.0000,1.0000,0,0,,,,,,29,
lab,0x00C2B10D20260707,LW_mod2_wht,"C01 XOR 0x0F",xor_popcount,4,6,1,1,0,0,0x0F,0x00,0x0000000,0,1.0000,1.0000,1.0000,0,0,,,,,,511,
lab,0x00C2B10D20260707,LG_gf2,"C01 XOR 0x0F",xor_popcount,4,6,1,1,0,0,0x0F,0x00,0x0000000,0,1.0000,1.0000,1.0000,1,45,,,,,,1,
lab,0x00C2B10D20260707,L0_tb_argmax,"C01 XOR 0x0F",xor_popcount,4,7,0,0,0,0,0x00,0xC3,0x0000000,0,0.0440,0.0057,0.0000,0,0,,,,,,162,
lab,0x00C2B10D20260707,L1_single_up,"C01 XOR 0x0F",xor_popcount,4,7,0,0,0,0,0x20,0x1E,0x0000000,0,0.0646,0.0243,0.0000,0,0,,,,,,1016,
lab,0x00C2B10D20260707,L2_pair_up,"C01 XOR 0x0F",xor_popcount,4,7,1,0,0,0,0x0C,0x03,0x0000000,0,0.1120,0.0937,0.0000,0,0,,,,,,1792,
lab,0x00C2B10D20260707,L3_gibbs,"C01 XOR 0x0F",xor_popcount,4,7,1,1,0,0,0x0F,0x00,0x0000000,0,1.0000,0.0000,1.0000,0,0,,,,,,29,
lab,0x00C2B10D20260707,LW_mod2_wht,"C01 XOR 0x0F",xor_popcount,4,7,1,1,0,0,0x0F,0x00,0x0000000,0,1.0000,1.0000,1.0000,0,0,,,,,,511,
lab,0x00C2B10D20260707,LG_gf2,"C01 XOR 0x0F",xor_popcount,4,7,1,1,0,0,0x0F,0x00,0x0000000,0,1.0000,1.0000,1.0000,1,45,,,,,,1,
lab,0x00C2B10D20260707,L0_tb_argmax,"C01 XOR 0x0F",xor_popcount,4,8,0,0,0,0,0x00,0x84,0x0000000,0,0.0566,0.0040,0.0000,0,0,,,,,,162,
lab,0x00C2B10D20260707,L1_single_up,"C01 XOR 0x0F",xor_popcount,4,8,0,0,0,0,0x20,0x1E,0x0000000,0,0.0771,0.0281,0.0000,0,0,,,,,,1016,
lab,0x00C2B10D20260707,L2_pair_up,"C01 XOR 0x0F",xor_popcount,4,8,1,0,0,0,0x0C,0x03,0x0000000,0,0.1229,0.0986,0.0000,0,0,,,,,,1792,
lab,0x00C2B10D20260707,L3_gibbs,"C01 XOR 0x0F",xor_popcount,4,8,1,1,0,0,0x0F,0x00,0x0000000,0,1.0000,0.0000,1.0000,0,0,,,,,,29,
lab,0x00C2B10D20260707,LW_mod2_wht,"C01 XOR 0x0F",xor_popcount,4,8,1,1,0,0,0x0F,0x00,0x0000000,0,1.0000,1.0000,1.0000,0,0,,,,,,511,
lab,0x00C2B10D20260707,LG_gf2,"C01 XOR 0x0F",xor_popcount,4,8,1,1,0,0,0x0F,0x00,0x0000000,0,1.0000,1.0000,1.0000,1,45,,,,,,1,
lab,0x00C2B10D20260707,L0_tb_argmax,"C01 XOR 0x0F",xor_popcount,4,9,0,0,0,0,0x00,0x35,0x0000000,0,0.0520,-0.0074,0.0000,0,0,,,,,,162,
lab,0x00C2B10D20260707,L1_single_up,"C01 XOR 0x0F",xor_popcount,4,9,0,0,0,0,0x20,0x1E,0x0000000,0,0.0629,0.0259,0.0000,0,0,,,,,,1016,
lab,0x00C2B10D20260707,L2_pair_up,"C01 XOR 0x0F",xor_popcount,4,9,1,0,0,0,0x0C,0x03,0x0000000,0,0.1257,0.1012,0.0000,0,0,,,,,,1792,
lab,0x00C2B10D20260707,L3_gibbs,"C01 XOR 0x0F",xor_popcount,4,9,1,1,0,0,0x0F,0x00,0x0000000,0,1.0000,0.0000,1.0000,0,0,,,,,,29,
lab,0x00C2B10D20260707,LW_mod2_wht,"C01 XOR 0x0F",xor_popcount,4,9,1,1,0,0,0x0F,0x00,0x0000000,0,1.0000,1.0000,1.0000,0,0,,,,,,511,
lab,0x00C2B10D20260707,LG_gf2,"C01 XOR 0x0F",xor_popcount,4,9,1,1,0,0,0x0F,0x00,0x0000000,0,1.0000,1.0000,1.0000,1,45,,,,,,1,
lab,0x00C2B10D20260707,L0_tb_argmax,"C01 XOR 0x0F",xor_popcount,4,10,0,0,0,0,0x00,0x64,0x0000000,0,0.0514,0.0080,0.0000,0,0,,,,,,162,
lab,0x00C2B10D20260707,L1_single_up,"C01 XOR 0x0F",xor_popcount,4,10,0,0,0,0,0x01,0x04,0x0000000,0,0.0600,0.0257,0.0000,0,0,,,,,,1016,
lab,0x00C2B10D20260707,L2_pair_up,"C01 XOR 0x0F",xor_popcount,4,10,1,0,0,0,0x0C,0x03,0x0000000,0,0.1343,0.0971,0.0000,0,0,,,,,,1792,
lab,0x00C2B10D20260707,L3_gibbs,"C01 XOR 0x0F",xor_popcount,4,10,1,1,0,0,0x0F,0x00,0x0000000,0,1.0000,0.0000,1.0000,0,0,,,,,,29,
lab,0x00C2B10D20260707,LW_mod2_wht,"C01 XOR 0x0F",xor_popcount,4,10,1,1,0,0,0x0F,0x00,0x0000000,0,1.0000,1.0000,1.0000,0,0,,,,,,511,
lab,0x00C2B10D20260707,LG_gf2,"C01 XOR 0x0F",xor_popcount,4,10,1,1,0,0,0x0F,0x00,0x0000000,0,1.0000,1.0000,1.0000,1,45,,,,,,1,
lab,0x00C2B10D20260707,L0_tb_argmax,"C01 XOR 0x0F",xor_popcount,4,11,0,0,0,0,0x00,0x64,0x0000000,0,0.0543,0.0063,0.0000,0,0,,,,,,162,
lab,0x00C2B10D20260707,L1_single_up,"C01 XOR 0x0F",xor_popcount,4,11,0,0,0,0,0x20,0x1E,0x0000000,0,0.0731,0.0341,0.0000,0,0,,,,,,1016,
lab,0x00C2B10D20260707,L2_pair_up,"C01 XOR 0x0F",xor_popcount,4,11,1,0,0,0,0x0C,0x03,0x0000000,0,0.1309,0.1001,0.0000,0,0,,,,,,1792,
lab,0x00C2B10D20260707,L3_gibbs,"C01 XOR 0x0F",xor_popcount,4,11,1,1,0,0,0x0F,0x00,0x0000000,0,1.0000,0.0000,1.0000,0,0,,,,,,29,
lab,0x00C2B10D20260707,LW_mod2_wht,"C01 XOR 0x0F",xor_popcount,4,11,1,1,0,0,0x0F,0x00,0x0000000,0,1.0000,1.0000,1.0000,0,0,,,,,,511,
lab,0x00C2B10D20260707,LG_gf2,"C01 XOR 0x0F",xor_popcount,4,11,1,1,0,0,0x0F,0x00,0x0000000,0,1.0000,1.0000,1.0000,1,45,,,,,,1,
lab,0x00C2B10D20260707,L0_tb_argmax,"C01 XOR 0x0F",xor_popcount,4,12,0,0,0,0,0x00,0x20,0x0000000,0,0.0474,-0.0109,0.0000,0,0,,,,,,162,
lab,0x00C2B10D20260707,L1_single_up,"C01 XOR 0x0F",xor_popcount,4,12,0,0,0,0,0x10,0x67,0x0000000,0,0.0594,0.0316,0.0000,0,0,,,,,,1016,
lab,0x00C2B10D20260707,L2_pair_up,"C01 XOR 0x0F",xor_popcount,4,12,1,0,0,0,0x03,0x0C,0x0000000,0,0.1229,0.1041,0.0000,0,0,,,,,,1792,
lab,0x00C2B10D20260707,L3_gibbs,"C01 XOR 0x0F",xor_popcount,4,12,1,1,0,0,0x0F,0x00,0x0000000,0,1.0000,0.0000,1.0000,0,0,,,,,,29,
lab,0x00C2B10D20260707,LW_mod2_wht,"C01 XOR 0x0F",xor_popcount,4,12,1,1,0,0,0x0F,0x00,0x0000000,0,1.0000,1.0000,1.0000,0,0,,,,,,511,
lab,0x00C2B10D20260707,LG_gf2,"C01 XOR 0x0F",xor_popcount,4,12,1,1,0,0,0x0F,0x00,0x0000000,0,1.0000,1.0000,1.0000,1,45,,,,,,1,
lab,0x00C2B10D20260707,L0_tb_argmax,"C01 XOR 0x0F",xor_popcount,4,13,0,0,0,0,0x00,0x84,0x0000000,0,0.0497,0.0120,0.0000,0,0,,,,,,162,
lab,0x00C2B10D20260707,L1_single_up,"C01 XOR 0x0F",xor_popcount,4,13,0,0,0,0,0x20,0x1E,0x0000000,0,0.0794,0.0310,0.0000,0,0,,,,,,1016,
lab,0x00C2B10D20260707,L2_pair_up,"C01 XOR 0x0F",xor_popcount,4,13,1,0,0,0,0x0C,0x03,0x0000000,0,0.1194,0.1022,0.0000,0,0,,,,,,1792,
lab,0x00C2B10D20260707,L3_gibbs,"C01 XOR 0x0F",xor_popcount,4,13,1,1,0,0,0x0F,0x00,0x0000000,0,1.0000,0.0000,1.0000,0,0,,,,,,29,
lab,0x00C2B10D20260707,LW_mod2_wht,"C01 XOR 0x0F",xor_popcount,4,13,1,1,0,0,0x0F,0x00,0x0000000,0,1.0000,1.0000,1.0000,0,0,,,,,,511,
lab,0x00C2B10D20260707,LG_gf2,"C01 XOR 0x0F",xor_popcount,4,13,1,1,0,0,0x0F,0x00,0x0000000,0,1.0000,1.0000,1.0000,1,45,,,,,,1,
lab,0x00C2B10D20260707,L0_tb_argmax,"C01 XOR 0x0F",xor_popcount,4,14,0,0,0,0,0x00,0x34,0x0000000,0,0.0417,0.0263,0.0000,0,0,,,,,,162,
lab,0x00C2B10D20260707,L1_single_up,"C01 XOR 0x0F",xor_popcount,4,14,0,0,0,0,0x20,0x1A,0x0000000,0,0.0526,0.0371,0.0000,0,0,,,,,,1016,
lab,0x00C2B10D20260707,L2_pair_up,"C01 XOR 0x0F",xor_popcount,4,14,1,0,0,0,0x06,0x09,0x0000000,0,0.1046,0.0968,0.0000,0,0,,,,,,1792,
lab,0x00C2B10D20260707,L3_gibbs,"C01 XOR 0x0F",xor_popcount,4,14,1,1,0,0,0x0F,0x00,0x0000000,0,1.0000,0.0000,1.0000,0,0,,,,,,29,
lab,0x00C2B10D20260707,LW_mod2_wht,"C01 XOR 0x0F",xor_popcount,4,14,1,1,0,0,0x0F,0x00,0x0000000,0,1.0000,1.0000,1.0000,0,0,,,,,,511,
lab,0x00C2B10D20260707,LG_gf2,"C01 XOR 0x0F",xor_popcount,4,14,1,1,0,0,0x0F,0x00,0x0000000,0,1.0000,1.0000,1.0000,1,45,,,,,,1,
lab,0x00C2B10D20260707,L0_tb_argmax,"C01 XOR 0x0F",xor_popcount,4,15,0,0,0,0,0x00,0x2B,0x0000000,0,0.0469,0.0006,0.0000,0,0,,,,,,162,
lab,0x00C2B10D20260707,L1_single_up,"C01 XOR 0x0F",xor_popcount,4,15,0,0,0,0,0x20,0x1E,0x0000000,0,0.0566,0.0216,0.0000,0,0,,,,,,1016,
lab,0x00C2B10D20260707,L2_pair_up,"C01 XOR 0x0F",xor_popcount,4,15,1,0,0,0,0x0C,0x03,0x0000000,0,0.1171,0.0934,0.0000,0,0,,,,,,1792,
lab,0x00C2B10D20260707,L3_gibbs,"C01 XOR 0x0F",xor_popcount,4,15,1,1,0,0,0x0F,0x00,0x0000000,0,1.0000,0.0000,1.0000,0,0,,,,,,29,
lab,0x00C2B10D20260707,LW_mod2_wht,"C01 XOR 0x0F",xor_popcount,4,15,1,1,0,0,0x0F,0x00,0x0000000,0,1.0000,1.0000,1.0000,0,0,,,,,,511,
lab,0x00C2B10D20260707,LG_gf2,"C01 XOR 0x0F",xor_popcount,4,15,1,1,0,0,0x0F,0x00,0x0000000,0,1.0000,1.0000,1.0000,1,45,,,,,,1,
lab,0x00C2B10D20260707,L0_tb_argmax,"C01 XOR 0x0F",xor_popcount,4,16,0,0,0,0,0x00,0x35,0x0000000,0,0.0474,0.0046,0.0000,0,0,,,,,,162,
lab,0x00C2B10D20260707,L1_single_up,"C01 XOR 0x0F",xor_popcount,4,16,0,0,0,0,0x20,0xD9,0x0000000,0,0.0646,0.0294,0.0000,0,0,,,,,,1016,
lab,0x00C2B10D20260707,L2_pair_up,"C01 XOR 0x0F",xor_popcount,4,16,1,0,0,0,0x0C,0x03,0x0000000,0,0.1166,0.1000,0.0000,0,0,,,,,,1792,
lab,0x00C2B10D20260707,L3_gibbs,"C01 XOR 0x0F",xor_popcount,4,16,1,1,0,0,0x0F,0x00,0x0000000,0,1.0000,0.0000,1.0000,0,0,,,,,,29,
lab,0x00C2B10D20260707,LW_mod2_wht,"C01 XOR 0x0F",xor_popcount,4,16,1,1,0,0,0x0F,0x00,0x0000000,0,1.0000,1.0000,1.0000,0,0,,,,,,511,
lab,0x00C2B10D20260707,LG_gf2,"C01 XOR 0x0F",xor_popcount,4,16,1,1,0,0,0x0F,0x00,0x0000000,0,1.0000,1.0000,1.0000,1,45,,,,,,1,
lab,0x00C2B10D20260707,L0_tb_argmax,"C01 XOR 0x0F",xor_popcount,4,17,0,0,0,0,0x00,0x64,0x0000000,0,0.0509,-0.0217,0.0000,0,0,,,,,,162,
lab,0x00C2B10D20260707,L1_single_up,"C01 XOR 0x0F",xor_popcount,4,17,0,0,0,0,0x02,0x2C,0x0000000,0,0.0657,0.0220,0.0000,0,0,,,,,,1016,
lab,0x00C2B10D20260707,L2_pair_up,"C01 XOR 0x0F",xor_popcount,4,17,1,0,0,0,0x0C,0x03,0x0000000,0,0.1229,0.0941,0.0000,0,0,,,,,,1792,
lab,0x00C2B10D20260707,L3_gibbs,"C01 XOR 0x0F",xor_popcount,4,17,1,1,0,0,0x0F,0x00,0x0000000,0,1.0000,0.0000,1.0000,0,0,,,,,,29,
lab,0x00C2B10D20260707,LW_mod2_wht,"C01 XOR 0x0F",xor_popcount,4,17,1,1,0,0,0x0F,0x00,0x0000000,0,1.0000,1.0000,1.0000,0,0,,,,,,511,
lab,0x00C2B10D20260707,LG_gf2,"C01 XOR 0x0F",xor_popcount,4,17,1,1,0,0,0x0F,0x00,0x0000000,0,1.0000,1.0000,1.0000,1,45,,,,,,1,
lab,0x00C2B10D20260707,L0_tb_argmax,"C01 XOR 0x0F",xor_popcount,4,18,0,0,0,0,0x00,0x64,0x0000000,0,0.0577,-0.0057,0.0000,0,0,,,,,,162,
lab,0x00C2B10D20260707,L1_single_up,"C01 XOR 0x0F",xor_popcount,4,18,0,0,0,0,0x02,0x1D,0x0000000,0,0.0766,0.0277,0.0000,0,0,,,,,,1016,
lab,0x00C2B10D20260707,L2_pair_up,"C01 XOR 0x0F",xor_popcount,4,18,1,0,0,0,0x03,0x0C,0x0000000,0,0.1131,0.0994,0.0000,0,0,,,,,,1792,
lab,0x00C2B10D20260707,L3_gibbs,"C01 XOR 0x0F",xor_popcount,4,18,1,1,0,0,0x0F,0x00,0x0000000,0,1.0000,0.0000,1.0000,0,0,,,,,,29,
lab,0x00C2B10D20260707,LW_mod2_wht,"C01 XOR 0x0F",xor_popcount,4,18,1,1,0,0,0x0F,0x00,0x0000000,0,1.0000,1.0000,1.0000,0,0,,,,,,511,
lab,0x00C2B10D20260707,LG_gf2,"C01 XOR 0x0F",xor_popcount,4,18,1,1,0,0,0x0F,0x00,0x0000000,0,1.0000,1.0000,1.0000,1,45,,,,,,1,
lab,0x00C2B10D20260707,L0_tb_argmax,"C01 XOR 0x0F",xor_popcount,4,19,0,0,0,0,0x00,0x82,0x0000000,0,0.0480,0.0091,0.0000,0,0,,,,,,162,
lab,0x00C2B10D20260707,L1_single_up,"C01 XOR 0x0F",xor_popcount,4,19,0,0,0,0,0x20,0x1E,0x0000000,0,0.0571,0.0363,0.0000,0,0,,,,,,1016,
lab,0x00C2B10D20260707,L2_pair_up,"C01 XOR 0x0F",xor_popcount,4,19,1,0,0,0,0x0C,0x03,0x0000000,0,0.1406,0.1099,0.0000,0,0,,,,,,1792,
lab,0x00C2B10D20260707,L3_gibbs,"C01 XOR 0x0F",xor_popcount,4,19,1,1,0,0,0x0F,0x00,0x0000000,0,1.0000,0.0000,1.0000,0,0,,,,,,29,
lab,0x00C2B10D20260707,LW_mod2_wht,"C01 XOR 0x0F",xor_popcount,4,19,1,1,0,0,0x0F,0x00,0x0000000,0,1.0000,1.0000,1.0000,0,0,,,,,,511,
lab,0x00C2B10D20260707,LG_gf2,"C01 XOR 0x0F",xor_popcount,4,19,1,1,0,0,0x0F,0x00,0x0000000,0,1.0000,1.0000,1.0000,1,45,,,,,,1,
lab,0x00C2B10D20260707,L0_tb_argmax,"C02 parity XOR 0x33",xor_popcount,4,0,0,0,0,0,0x00,0x40,0x0000000,0,0.0491,0.0046,0.0000,0,0,,,,,,162,
lab,0x00C2B10D20260707,L1_single_up,"C02 parity XOR 0x33",xor_popcount,4,0,0,0,0,0,0x40,0x04,0x0000000,0,0.0549,0.0374,0.0000,0,0,,,,,,1016,
lab,0x00C2B10D20260707,L2_pair_up,"C02 parity XOR 0x33",xor_popcount,4,0,1,0,0,0,0x30,0x03,0x0000000,0,0.1377,0.1091,0.0000,0,0,,,,,,1792,
lab,0x00C2B10D20260707,L3_gibbs,"C02 parity XOR 0x33",xor_popcount,4,0,1,1,0,0,0x33,0x00,0x0000000,0,1.0000,0.0000,1.0000,0,0,,,,,,29,
lab,0x00C2B10D20260707,LW_mod2_wht,"C02 parity XOR 0x33",xor_popcount,4,0,1,1,0,0,0x33,0x00,0x0000000,0,1.0000,1.0000,1.0000,0,0,,,,,,511,
lab,0x00C2B10D20260707,LG_gf2,"C02 parity XOR 0x33",xor_popcount,4,0,1,1,0,0,0x33,0x00,0x0000000,0,1.0000,1.0000,1.0000,1,45,,,,,,1,
lab,0x00C2B10D20260707,L0_tb_argmax,"C02 parity XOR 0x33",xor_popcount,4,1,0,0,0,0,0x00,0x8B,0x0000000,0,0.0474,0.0126,0.0000,0,0,,,,,,162,
lab,0x00C2B10D20260707,L1_single_up,"C02 parity XOR 0x33",xor_popcount,4,1,0,0,0,0,0x40,0x04,0x0000000,0,0.0583,0.0397,0.0000,0,0,,,,,,1016,
lab,0x00C2B10D20260707,L2_pair_up,"C02 parity XOR 0x33",xor_popcount,4,1,1,0,0,0,0x30,0x03,0x0000000,0,0.1263,0.1109,0.0000,0,0,,,,,,1792,
lab,0x00C2B10D20260707,L3_gibbs,"C02 parity XOR 0x33",xor_popcount,4,1,1,1,0,0,0x33,0x00,0x0000000,0,1.0000,0.0000,1.0000,0,0,,,,,,29,
lab,0x00C2B10D20260707,LW_mod2_wht,"C02 parity XOR 0x33",xor_popcount,4,1,1,1,0,0,0x33,0x00,0x0000000,0,1.0000,1.0000,1.0000,0,0,,,,,,511,
lab,0x00C2B10D20260707,LG_gf2,"C02 parity XOR 0x33",xor_popcount,4,1,1,1,0,0,0x33,0x00,0x0000000,0,1.0000,1.0000,1.0000,1,45,,,,,,1,
lab,0x00C2B10D20260707,L0_tb_argmax,"C02 parity XOR 0x33",xor_popcount,4,2,0,0,0,0,0x00,0x8B,0x0000000,0,0.0571,0.0154,0.0000,0,0,,,,,,162,
lab,0x00C2B10D20260707,L1_single_up,"C02 parity XOR 0x33",xor_popcount,4,2,0,0,0,0,0x20,0x44,0x0000000,0,0.0629,0.0327,0.0000,0,0,,,,,,1016,
lab,0x00C2B10D20260707,L2_pair_up,"C02 parity XOR 0x33",xor_popcount,4,2,1,0,0,0,0x30,0x03,0x0000000,0,0.1257,0.1016,0.0000,0,0,,,,,,1792,
lab,0x00C2B10D20260707,L3_gibbs,"C02 parity XOR 0x33",xor_popcount,4,2,1,1,0,0,0x33,0x00,0x0000000,0,1.0000,0.0000,1.0000,0,0,,,,,,29,
lab,0x00C2B10D20260707,LW_mod2_wht,"C02 parity XOR 0x33",xor_popcount,4,2,1,1,0,0,0x33,0x00,0x0000000,0,1.0000,1.0000,1.0000,0,0,,,,,,511,
lab,0x00C2B10D20260707,LG_gf2,"C02 parity XOR 0x33",xor_popcount,4,2,1,1,0,0,0x33,0x00,0x0000000,0,1.0000,1.0000,1.0000,1,45,,,,,,1,
lab,0x00C2B10D20260707,L0_tb_argmax,"C02 parity XOR 0x33",xor_popcount,4,3,0,0,0,0,0x00,0x3C,0x0000000,0,0.0634,-0.0046,0.0000,0,0,,,,,,162,
lab,0x00C2B10D20260707,L1_single_up,"C02 parity XOR 0x33",xor_popcount,4,3,0,0,0,0,0x01,0x3C,0x0000000,0,0.0543,0.0354,0.0000,0,0,,,,,,1016,
lab,0x00C2B10D20260707,L2_pair_up,"C02 parity XOR 0x33",xor_popcount,4,3,1,0,0,0,0x30,0x03,0x0000000,0,0.1343,0.1145,0.0000,0,0,,,,,,1792,
lab,0x00C2B10D20260707,L3_gibbs,"C02 parity XOR 0x33",xor_popcount,4,3,1,1,0,0,0x33,0x00,0x0000000,0,1.0000,0.0000,1.0000,0,0,,,,,,29,
lab,0x00C2B10D20260707,LW_mod2_wht,"C02 parity XOR 0x33",xor_popcount,4,3,1,1,0,0,0x33,0x00,0x0000000,0,1.0000,1.0000,1.0000,0,0,,,,,,511,
lab,0x00C2B10D20260707,LG_gf2,"C02 parity XOR 0x33",xor_popcount,4,3,1,1,0,0,0x33,0x00,0x0000000,0,1.0000,1.0000,1.0000,1,45,,,,,,1,
lab,0x00C2B10D20260707,L0_tb_argmax,"C02 parity XOR 0x33",xor_popcount,4,4,0,0,0,0,0x00,0x13,0x0000000,0,0.0457,0.0000,0.0000,0,0,,,,,,162,
lab,0x00C2B10D20260707,L1_single_up,"C02 parity XOR 0x33",xor_popcount,4,4,0,0,0,0,0x02,0x11,0x0000000,0,0.0600,0.0383,0.0000,0,0,,,,,,1016,
lab,0x00C2B10D20260707,L2_pair_up,"C02 parity XOR 0x33",xor_popcount,4,4,1,0,0,0,0x30,0x03,0x0000000,0,0.1251,0.1130,0.0000,0,0,,,,,,1792,
lab,0x00C2B10D20260707,L3_gibbs,"C02 parity XOR 0x33",xor_popcount,4,4,1,1,0,0,0x33,0x00,0x0000000,0,1.0000,0.0000,1.0000,0,0,,,,,,29,
lab,0x00C2B10D20260707,LW_mod2_wht,"C02 parity XOR 0x33",xor_popcount,4,4,1,1,0,0,0x33,0x00,0x0000000,0,1.0000,1.0000,1.0000,0,0,,,,,,511,
lab,0x00C2B10D20260707,LG_gf2,"C02 parity XOR 0x33",xor_popcount,4,4,1,1,0,0,0x33,0x00,0x0000000,0,1.0000,1.0000,1.0000,1,45,,,,,,1,
lab,0x00C2B10D20260707,L0_tb_argmax,"C02 parity XOR 0x33",xor_popcount,4,5,0,0,0,0,0x00,0x40,0x0000000,0,0.0497,0.0229,0.0000,0,0,,,,,,162,
lab,0x00C2B10D20260707,L1_single_up,"C02 parity XOR 0x33",xor_popcount,4,5,0,0,0,0,0x08,0x41,0x0000000,0,0.0600,0.0431,0.0000,0,0,,,,,,1016,
lab,0x00C2B10D20260707,L2_pair_up,"C02 parity XOR 0x33",xor_popcount,4,5,1,0,0,0,0x30,0x03,0x0000000,0,0.1389,0.1110,0.0000,0,0,,,,,,1792,
lab,0x00C2B10D20260707,L3_gibbs,"C02 parity XOR 0x33",xor_popcount,4,5,1,1,0,0,0x33,0x00,0x0000000,0,1.0000,0.0000,1.0000,0,0,,,,,,29,
lab,0x00C2B10D20260707,LW_mod2_wht,"C02 parity XOR 0x33",xor_popcount,4,5,1,1,0,0,0x33,0x00,0x0000000,0,1.0000,1.0000,1.0000,0,0,,,,,,511,
lab,0x00C2B10D20260707,LG_gf2,"C02 parity XOR 0x33",xor_popcount,4,5,1,1,0,0,0x33,0x00,0x0000000,0,1.0000,1.0000,1.0000,1,45,,,,,,1,
lab,0x00C2B10D20260707,L0_tb_argmax,"C02 parity XOR 0x33",xor_popcount,4,6,0,0,0,0,0x00,0x8B,0x0000000,0,0.0503,0.0000,0.0000,0,0,,,,,,162,
lab,0x00C2B10D20260707,L1_single_up,"C02 parity XOR 0x33",xor_popcount,4,6,0,0,0,0,0x08,0x11,0x0000000,0,0.0520,0.0274,0.0000,0,0,,,,,,1016,
lab,0x00C2B10D20260707,L2_pair_up,"C02 parity XOR 0x33",xor_popcount,4,6,1,0,0,0,0x03,0x30,0x0000000,0,0.1189,0.1069,0.0000,0,0,,,,,,1792,
lab,0x00C2B10D20260707,L3_gibbs,"C02 parity XOR 0x33",xor_popcount,4,6,1,1,0,0,0x33,0x00,0x0000000,0,1.0000,0.0000,1.0000,0,0,,,,,,29,
lab,0x00C2B10D20260707,LW_mod2_wht,"C02 parity XOR 0x33",xor_popcount,4,6,1,1,0,0,0x33,0x00,0x0000000,0,1.0000,1.0000,1.0000,0,0,,,,,,511,
lab,0x00C2B10D20260707,LG_gf2,"C02 parity XOR 0x33",xor_popcount,4,6,1,1,0,0,0x33,0x00,0x0000000,0,1.0000,1.0000,1.0000,1,45,,,,,,1,
lab,0x00C2B10D20260707,L0_tb_argmax,"C02 parity XOR 0x33",xor_popcount,4,7,0,0,0,0,0x00,0x3C,0x0000000,0,0.0549,0.0023,0.0000,0,0,,,,,,162,
lab,0x00C2B10D20260707,L1_single_up,"C02 parity XOR 0x33",xor_popcount,4,7,0,0,0,0,0x20,0x44,0x0000000,0,0.0766,0.0351,0.0000,0,0,,,,,,1016,
lab,0x00C2B10D20260707,L2_pair_up,"C02 parity XOR 0x33",xor_popcount,4,7,1,0,0,0,0x30,0x03,0x0000000,0,0.1354,0.1053,0.0000,0,0,,,,,,1792,
lab,0x00C2B10D20260707,L3_gibbs,"C02 parity XOR 0x33",xor_popcount,4,7,1,1,0,0,0x33,0x00,0x0000000,0,1.0000,0.0000,1.0000,0,0,,,,,,29,
lab,0x00C2B10D20260707,LW_mod2_wht,"C02 parity XOR 0x33",xor_popcount,4,7,1,1,0,0,0x33,0x00,0x0000000,0,1.0000,1.0000,1.0000,0,0,,,,,,511,
lab,0x00C2B10D20260707,LG_gf2,"C02 parity XOR 0x33",xor_popcount,4,7,1,1,0,0,0x33,0x00,0x0000000,0,1.0000,1.0000,1.0000,1,45,,,,,,1,
lab,0x00C2B10D20260707,L0_tb_argmax,"C02 parity XOR 0x33",xor_popcount,4,8,0,0,0,0,0x00,0x40,0x0000000,0,0.0531,0.0069,0.0000,0,0,,,,,,162,
lab,0x00C2B10D20260707,L1_single_up,"C02 parity XOR 0x33",xor_popcount,4,8,0,0,0,0,0x20,0x44,0x0000000,0,0.0606,0.0446,0.0000,0,0,,,,,,1016,
lab,0x00C2B10D20260707,L2_pair_up,"C02 parity XOR 0x33",xor_popcount,4,8,1,0,0,0,0x30,0x03,0x0000000,0,0.1309,0.1145,0.0000,0,0,,,,,,1792,
lab,0x00C2B10D20260707,L3_gibbs,"C02 parity XOR 0x33",xor_popcount,4,8,1,1,0,0,0x33,0x00,0x0000000,0,1.0000,0.0000,1.0000,0,0,,,,,,29,
lab,0x00C2B10D20260707,LW_mod2_wht,"C02 parity XOR 0x33",xor_popcount,4,8,1,1,0,0,0x33,0x00,0x0000000,0,1.0000,1.0000,1.0000,0,0,,,,,,511,
lab,0x00C2B10D20260707,LG_gf2,"C02 parity XOR 0x33",xor_popcount,4,8,1,1,0,0,0x33,0x00,0x0000000,0,1.0000,1.0000,1.0000,1,45,,,,,,1,
lab,0x00C2B10D20260707,L0_tb_argmax,"C02 parity XOR 0x33",xor_popcount,4,9,0,0,0,0,0x00,0x2E,0x0000000,0,0.0514,0.0200,0.0000,0,0,,,,,,162,
lab,0x00C2B10D20260707,L1_single_up,"C02 parity XOR 0x33",xor_popcount,4,9,0,0,0,0,0x40,0x04,0x0000000,0,0.0577,0.0319,0.0000,0,0,,,,,,1016,
lab,0x00C2B10D20260707,L2_pair_up,"C02 parity XOR 0x33",xor_popcount,4,9,1,0,0,0,0x30,0x03,0x0000000,0,0.1349,0.1066,0.0000,0,0,,,,,,1792,
lab,0x00C2B10D20260707,L3_gibbs,"C02 parity XOR 0x33",xor_popcount,4,9,1,1,0,0,0x33,0x00,0x0000000,0,1.0000,0.0000,1.0000,0,0,,,,,,29,
lab,0x00C2B10D20260707,LW_mod2_wht,"C02 parity XOR 0x33",xor_popcount,4,9,1,1,0,0,0x33,0x00,0x0000000,0,1.0000,1.0000,1.0000,0,0,,,,,,511,
lab,0x00C2B10D20260707,LG_gf2,"C02 parity XOR 0x33",xor_popcount,4,9,1,1,0,0,0x33,0x00,0x0000000,0,1.0000,1.0000,1.0000,1,45,,,,,,1,
lab,0x00C2B10D20260707,L0_tb_argmax,"C02 parity XOR 0x33",xor_popcount,4,10,0,0,0,0,0x00,0x60,0x0000000,0,0.0571,-0.0006,0.0000,0,0,,,,,,162,
lab,0x00C2B10D20260707,L1_single_up,"C02 parity XOR 0x33",xor_popcount,4,10,0,0,0,0,0x20,0x44,0x0000000,0,0.0623,0.0441,0.0000,0,0,,,,,,1016,
lab,0x00C2B10D20260707,L2_pair_up,"C02 parity XOR 0x33",xor_popcount,4,10,1,0,0,0,0x30,0x03,0x0000000,0,0.1274,0.1150,0.0000,0,0,,,,,,1792,
lab,0x00C2B10D20260707,L3_gibbs,"C02 parity XOR 0x33",xor_popcount,4,10,1,1,0,0,0x33,0x00,0x0000000,0,1.0000,0.0000,1.0000,0,0,,,,,,29,
lab,0x00C2B10D20260707,LW_mod2_wht,"C02 parity XOR 0x33",xor_popcount,4,10,1,1,0,0,0x33,0x00,0x0000000,0,1.0000,1.0000,1.0000,0,0,,,,,,511,
lab,0x00C2B10D20260707,LG_gf2,"C02 parity XOR 0x33",xor_popcount,4,10,1,1,0,0,0x33,0x00,0x0000000,0,1.0000,1.0000,1.0000,1,45,,,,,,1,
lab,0x00C2B10D20260707,L0_tb_argmax,"C02 parity XOR 0x33",xor_popcount,4,11,0,0,0,0,0x00,0x3C,0x0000000,0,0.0480,-0.0080,0.0000,0,0,,,,,,162,
lab,0x00C2B10D20260707,L1_single_up,"C02 parity XOR 0x33",xor_popcount,4,11,0,0,0,0,0x40,0x86,0x0000000,0,0.0577,0.0369,0.0000,0,0,,,,,,1016,
lab,0x00C2B10D20260707,L2_pair_up,"C02 parity XOR 0x33",xor_popcount,4,11,1,0,0,0,0x30,0x03,0x0000000,0,0.1303,0.1070,0.0000,0,0,,,,,,1792,
lab,0x00C2B10D20260707,L3_gibbs,"C02 parity XOR 0x33",xor_popcount,4,11,1,1,0,0,0x33,0x00,0x0000000,0,1.0000,0.0000,1.0000,0,0,,,,,,29,
lab,0x00C2B10D20260707,LW_mod2_wht,"C02 parity XOR 0x33",xor_popcount,4,11,1,1,0,0,0x33,0x00,0x0000000,0,1.0000,1.0000,1.0000,0,0,,,,,,511,
lab,0x00C2B10D20260707,LG_gf2,"C02 parity XOR 0x33",xor_popcount,4,11,1,1,0,0,0x33,0x00,0x0000000,0,1.0000,1.0000,1.0000,1,45,,,,,,1,
lab,0x00C2B10D20260707,L0_tb_argmax,"C02 parity XOR 0x33",xor_popcount,4,12,0,0,0,0,0x00,0xAC,0x0000000,0,0.0411,-0.0046,0.0000,0,0,,,,,,162,
lab,0x00C2B10D20260707,L1_single_up,"C02 parity XOR 0x33",xor_popcount,4,12,0,0,0,0,0x01,0x46,0x0000000,0,0.0651,0.0391,0.0000,0,0,,,,,,1016,
lab,0x00C2B10D20260707,L2_pair_up,"C02 parity XOR 0x33",xor_popcount,4,12,1,0,0,0,0x30,0x03,0x0000000,0,0.1257,0.1084,0.0000,0,0,,,,,,1792,
lab,0x00C2B10D20260707,L3_gibbs,"C02 parity XOR 0x33",xor_popcount,4,12,1,1,0,0,0x33,0x00,0x0000000,0,1.0000,0.0000,1.0000,0,0,,,,,,29,
lab,0x00C2B10D20260707,LW_mod2_wht,"C02 parity XOR 0x33",xor_popcount,4,12,1,1,0,0,0x33,0x00,0x0000000,0,1.0000,1.0000,1.0000,0,0,,,,,,511,
lab,0x00C2B10D20260707,LG_gf2,"C02 parity XOR 0x33",xor_popcount,4,12,1,1,0,0,0x33,0x00,0x0000000,0,1.0000,1.0000,1.0000,1,45,,,,,,1,
lab,0x00C2B10D20260707,L0_tb_argmax,"C02 parity XOR 0x33",xor_popcount,4,13,0,0,0,0,0x00,0x13,0x0000000,0,0.0503,-0.0086,0.0000,0,0,,,,,,162,
lab,0x00C2B10D20260707,L1_single_up,"C02 parity XOR 0x33",xor_popcount,4,13,0,0,0,0,0x20,0x44,0x0000000,0,0.0623,0.0376,0.0000,0,0,,,,,,1016,
lab,0x00C2B10D20260707,L2_pair_up,"C02 parity XOR 0x33",xor_popcount,4,13,1,0,0,0,0x12,0x21,0x0000000,0,0.1263,0.1071,0.0000,0,0,,,,,,1792,
lab,0x00C2B10D20260707,L3_gibbs,"C02 parity XOR 0x33",xor_popcount,4,13,1,1,0,0,0x33,0x00,0x0000000,0,1.0000,0.0000,1.0000,0,0,,,,,,29,
lab,0x00C2B10D20260707,LW_mod2_wht,"C02 parity XOR 0x33",xor_popcount,4,13,1,1,0,0,0x33,0x00,0x0000000,0,1.0000,1.0000,1.0000,0,0,,,,,,511,
lab,0x00C2B10D20260707,LG_gf2,"C02 parity XOR 0x33",xor_popcount,4,13,1,1,0,0,0x33,0x00,0x0000000,0,1.0000,1.0000,1.0000,1,45,,,,,,1,
lab,0x00C2B10D20260707,L0_tb_argmax,"C02 parity XOR 0x33",xor_popcount,4,14,0,0,0,0,0x00,0x60,0x0000000,0,0.0554,0.0046,0.0000,0,0,,,,,,162,
lab,0x00C2B10D20260707,L1_single_up,"C02 parity XOR 0x33",xor_popcount,4,14,0,0,0,0,0x40,0x04,0x0000000,0,0.0606,0.0400,0.0000,0,0,,,,,,1016,
lab,0x00C2B10D20260707,L2_pair_up,"C02 parity XOR 0x33",xor_popcount,4,14,1,0,0,0,0x22,0x11,0x0000000,0,0.1297,0.1130,0.0000,0,0,,,,,,1792,
lab,0x00C2B10D20260707,L3_gibbs,"C02 parity XOR 0x33",xor_popcount,4,14,1,1,0,0,0x33,0x00,0x0000000,0,1.0000,0.0000,1.0000,0,0,,,,,,29,
lab,0x00C2B10D20260707,LW_mod2_wht,"C02 parity XOR 0x33",xor_popcount,4,14,1,1,0,0,0x33,0x00,0x0000000,0,1.0000,1.0000,1.0000,0,0,,,,,,511,
lab,0x00C2B10D20260707,LG_gf2,"C02 parity XOR 0x33",xor_popcount,4,14,1,1,0,0,0x33,0x00,0x0000000,0,1.0000,1.0000,1.0000,1,45,,,,,,1,
lab,0x00C2B10D20260707,L0_tb_argmax,"C02 parity XOR 0x33",xor_popcount,4,15,0,0,0,0,0x00,0x13,0x0000000,0,0.0577,0.0103,0.0000,0,0,,,,,,162,
lab,0x00C2B10D20260707,L1_single_up,"C02 parity XOR 0x33",xor_popcount,4,15,0,0,0,0,0x20,0x4D,0x0000000,0,0.0531,0.0403,0.0000,0,0,,,,,,1016,
lab,0x00C2B10D20260707,L2_pair_up,"C02 parity XOR 0x33",xor_popcount,4,15,1,0,0,0,0x12,0x21,0x0000000,0,0.1263,0.1051,0.0000,0,0,,,,,,1792,
lab,0x00C2B10D20260707,L3_gibbs,"C02 parity XOR 0x33",xor_popcount,4,15,1,1,0,0,0x33,0x00,0x0000000,0,1.0000,0.0000,1.0000,0,0,,,,,,29,
lab,0x00C2B10D20260707,LW_mod2_wht,"C02 parity XOR 0x33",xor_popcount,4,15,1,1,0,0,0x33,0x00,0x0000000,0,1.0000,1.0000,1.0000,0,0,,,,,,511,
lab,0x00C2B10D20260707,LG_gf2,"C02 parity XOR 0x33",xor_popcount,4,15,1,1,0,0,0x33,0x00,0x0000000,0,1.0000,1.0000,1.0000,1,45,,,,,,1,
lab,0x00C2B10D20260707,L0_tb_argmax,"C02 parity XOR 0x33",xor_popcount,4,16,0,0,0,0,0x00,0xC5,0x0000000,0,0.0434,-0.0069,0.0000,0,0,,,,,,162,
lab,0x00C2B10D20260707,L1_single_up,"C02 parity XOR 0x33",xor_popcount,4,16,0,0,0,0,0x02,0x49,0x0000000,0,0.0514,0.0334,0.0000,0,0,,,,,,1016,
lab,0x00C2B10D20260707,L2_pair_up,"C02 parity XOR 0x33",xor_popcount,4,16,1,0,0,0,0x11,0x22,0x0000000,0,0.1211,0.1103,0.0000,0,0,,,,,,1792,
lab,0x00C2B10D20260707,L3_gibbs,"C02 parity XOR 0x33",xor_popcount,4,16,1,1,0,0,0x33,0x00,0x0000000,0,1.0000,0.0000,1.0000,0,0,,,,,,29,
lab,0x00C2B10D20260707,LW_mod2_wht,"C02 parity XOR 0x33",xor_popcount,4,16,1,1,0,0,0x33,0x00,0x0000000,0,1.0000,1.0000,1.0000,0,0,,,,,,511,
lab,0x00C2B10D20260707,LG_gf2,"C02 parity XOR 0x33",xor_popcount,4,16,1,1,0,0,0x33,0x00,0x0000000,0,1.0000,1.0000,1.0000,1,45,,,,,,1,
lab,0x00C2B10D20260707,L0_tb_argmax,"C02 parity XOR 0x33",xor_popcount,4,17,0,0,0,0,0x00,0x05,0x0000000,0,0.0549,-0.0029,0.0000,0,0,,,,,,162,
lab,0x00C2B10D20260707,L1_single_up,"C02 parity XOR 0x33",xor_popcount,4,17,0,0,0,0,0x20,0x44,0x0000000,0,0.0674,0.0433,0.0000,0,0,,,,,,1016,
lab,0x00C2B10D20260707,L2_pair_up,"C02 parity XOR 0x33",xor_popcount,4,17,1,0,0,0,0x30,0x03,0x0000000,0,0.1417,0.1180,0.0000,0,0,,,,,,1792,
lab,0x00C2B10D20260707,L3_gibbs,"C02 parity XOR 0x33",xor_popcount,4,17,1,1,0,0,0x33,0x00,0x0000000,0,1.0000,0.0000,1.0000,0,0,,,,,,29,
lab,0x00C2B10D20260707,LW_mod2_wht,"C02 parity XOR 0x33",xor_popcount,4,17,1,1,0,0,0x33,0x00,0x0000000,0,1.0000,1.0000,1.0000,0,0,,,,,,511,
lab,0x00C2B10D20260707,LG_gf2,"C02 parity XOR 0x33",xor_popcount,4,17,1,1,0,0,0x33,0x00,0x0000000,0,1.0000,1.0000,1.0000,1,45,,,,,,1,
lab,0x00C2B10D20260707,L0_tb_argmax,"C02 parity XOR 0x33",xor_popcount,4,18,0,0,0,0,0x00,0x62,0x0000000,0,0.0469,0.0114,0.0000,0,0,,,,,,162,
lab,0x00C2B10D20260707,L1_single_up,"C02 parity XOR 0x33",xor_popcount,4,18,0,0,0,0,0x40,0x04,0x0000000,0,0.0583,0.0346,0.0000,0,0,,,,,,1016,
lab,0x00C2B10D20260707,L2_pair_up,"C02 parity XOR 0x33",xor_popcount,4,18,1,0,0,0,0x30,0x03,0x0000000,0,0.1309,0.1137,0.0000,0,0,,,,,,1792,
lab,0x00C2B10D20260707,L3_gibbs,"C02 parity XOR 0x33",xor_popcount,4,18,1,1,0,0,0x33,0x00,0x0000000,0,1.0000,0.0000,1.0000,0,0,,,,,,29,
lab,0x00C2B10D20260707,LW_mod2_wht,"C02 parity XOR 0x33",xor_popcount,4,18,1,1,0,0,0x33,0x00,0x0000000,0,1.0000,1.0000,1.0000,0,0,,,,,,511,
lab,0x00C2B10D20260707,LG_gf2,"C02 parity XOR 0x33",xor_popcount,4,18,1,1,0,0,0x33,0x00,0x0000000,0,1.0000,1.0000,1.0000,1,45,,,,,,1,
lab,0x00C2B10D20260707,L0_tb_argmax,"C02 parity XOR 0x33",xor_popcount,4,19,0,0,0,0,0x00,0x60,0x0000000,0,0.0446,0.0103,0.0000,0,0,,,,,,162,
lab,0x00C2B10D20260707,L1_single_up,"C02 parity XOR 0x33",xor_popcount,4,19,0,0,0,0,0x20,0x44,0x0000000,0,0.0566,0.0403,0.0000,0,0,,,,,,1016,
lab,0x00C2B10D20260707,L2_pair_up,"C02 parity XOR 0x33",xor_popcount,4,19,1,0,0,0,0x30,0x03,0x0000000,0,0.1309,0.1147,0.0000,0,0,,,,,,1792,
lab,0x00C2B10D20260707,L3_gibbs,"C02 parity XOR 0x33",xor_popcount,4,19,1,1,0,0,0x33,0x00,0x0000000,0,1.0000,0.0000,1.0000,0,0,,,,,,29,
lab,0x00C2B10D20260707,LW_mod2_wht,"C02 parity XOR 0x33",xor_popcount,4,19,1,1,0,0,0x33,0x00,0x0000000,0,1.0000,1.0000,1.0000,0,0,,,,,,511,
lab,0x00C2B10D20260707,LG_gf2,"C02 parity XOR 0x33",xor_popcount,4,19,1,1,0,0,0x33,0x00,0x0000000,0,1.0000,1.0000,1.0000,1,45,,,,,,1,
lab,0x00C2B10D20260707,L0_tb_argmax,"C03 XOR 0x55",xor_popcount,4,0,0,0,0,0,0x00,0x64,0x0000000,0,0.0429,0.0354,0.0000,0,0,,,,,,162,
lab,0x00C2B10D20260707,L1_single_up,"C03 XOR 0x55",xor_popcount,4,0,0,0,0,0,0x08,0xD4,0x0000000,0,0.0629,0.0314,0.0000,0,0,,,,,,1016,
lab,0x00C2B10D20260707,L2_pair_up,"C03 XOR 0x55",xor_popcount,4,0,1,0,0,0,0x41,0x14,0x0000000,0,0.1069,0.0987,0.0000,0,0,,,,,,1792,
lab,0x00C2B10D20260707,L3_gibbs,"C03 XOR 0x55",xor_popcount,4,0,1,1,0,0,0x55,0x00,0x0000000,0,1.0000,0.0000,1.0000,0,0,,,,,,29,
lab,0x00C2B10D20260707,LW_mod2_wht,"C03 XOR 0x55",xor_popcount,4,0,1,1,0,0,0x55,0x00,0x0000000,0,1.0000,1.0000,1.0000,0,0,,,,,,511,
lab,0x00C2B10D20260707,LG_gf2,"C03 XOR 0x55",xor_popcount,4,0,1,1,0,0,0x55,0x00,0x0000000,0,1.0000,1.0000,1.0000,1,45,,,,,,1,
lab,0x00C2B10D20260707,L0_tb_argmax,"C03 XOR 0x55",xor_popcount,4,1,1,0,0,0,0x00,0x55,0x0000000,0,0.0463,0.0463,0.0000,0,0,,,,,,162,
lab,0x00C2B10D20260707,L1_single_up,"C03 XOR 0x55",xor_popcount,4,1,0,0,0,0,0x04,0xEB,0x0000000,0,0.0583,0.0384,0.0000,0,0,,,,,,1016,
lab,0x00C2B10D20260707,L2_pair_up,"C03 XOR 0x55",xor_popcount,4,1,1,0,0,0,0x14,0x41,0x0000000,0,0.1126,0.0988,0.0000,0,0,,,,,,1792,
lab,0x00C2B10D20260707,L3_gibbs,"C03 XOR 0x55",xor_popcount,4,1,1,1,0,0,0x55,0x00,0x0000000,0,1.0000,0.0000,1.0000,0,0,,,,,,29,
lab,0x00C2B10D20260707,LW_mod2_wht,"C03 XOR 0x55",xor_popcount,4,1,1,1,0,0,0x55,0x00,0x0000000,0,1.0000,1.0000,1.0000,0,0,,,,,,511,
lab,0x00C2B10D20260707,LG_gf2,"C03 XOR 0x55",xor_popcount,4,1,1,1,0,0,0x55,0x00,0x0000000,0,1.0000,1.0000,1.0000,1,45,,,,,,1,
lab,0x00C2B10D20260707,L0_tb_argmax,"C03 XOR 0x55",xor_popcount,4,2,0,0,0,0,0x00,0x61,0x0000000,0,0.0503,0.0274,0.0000,0,0,,,,,,162,
lab,0x00C2B10D20260707,L1_single_up,"C03 XOR 0x55",xor_popcount,4,2,0,0,0,0,0x02,0xB4,0x0000000,0,0.0514,0.0331,0.0000,0,0,,,,,,1016,
lab,0x00C2B10D20260707,L2_pair_up,"C03 XOR 0x55",xor_popcount,4,2,1,0,0,0,0x44,0x11,0x0000000,0,0.1034,0.0939,0.0000,0,0,,,,,,1792,
lab,0x00C2B10D20260707,L3_gibbs,"C03 XOR 0x55",xor_popcount,4,2,1,1,0,0,0x55,0x00,0x0000000,0,1.0000,0.0000,1.0000,0,0,,,,,,29,
lab,0x00C2B10D20260707,LW_mod2_wht,"C03 XOR 0x55",xor_popcount,4,2,1,1,0,0,0x55,0x00,0x0000000,0,1.0000,1.0000,1.0000,0,0,,,,,,511,
lab,0x00C2B10D20260707,LG_gf2,"C03 XOR 0x55",xor_popcount,4,2,1,1,0,0,0x55,0x00,0x0000000,0,1.0000,1.0000,1.0000,1,45,,,,,,1,
lab,0x00C2B10D20260707,L0_tb_argmax,"C03 XOR 0x55",xor_popcount,4,3,0,0,0,0,0x00,0xA9,0x0000000,0,0.0463,0.0343,0.0000,0,0,,,,,,162,
lab,0x00C2B10D20260707,L1_single_up,"C03 XOR 0x55",xor_popcount,4,3,1,0,0,0,0x04,0x51,0x0000000,0,0.0623,0.0409,0.0000,0,0,,,,,,1016,
lab,0x00C2B10D20260707,L2_pair_up,"C03 XOR 0x55",xor_popcount,4,3,1,0,0,0,0x44,0x11,0x0000000,0,0.1240,0.1057,0.0000,0,0,,,,,,1792,
lab,0x00C2B10D20260707,L3_gibbs,"C03 XOR 0x55",xor_popcount,4,3,1,1,0,0,0x55,0x00,0x0000000,0,1.0000,0.0000,1.0000,0,0,,,,,,29,
lab,0x00C2B10D20260707,LW_mod2_wht,"C03 XOR 0x55",xor_popcount,4,3,1,1,0,0,0x55,0x00,0x0000000,0,1.0000,1.0000,1.0000,0,0,,,,,,511,
lab,0x00C2B10D20260707,LG_gf2,"C03 XOR 0x55",xor_popcount,4,3,1,1,0,0,0x55,0x00,0x0000000,0,1.0000,1.0000,1.0000,1,45,,,,,,1,
lab,0x00C2B10D20260707,L0_tb_argmax,"C03 XOR 0x55",xor_popcount,4,4,0,0,0,0,0x00,0xB8,0x0000000,0,0.0469,0.0126,0.0000,0,0,,,,,,162,
lab,0x00C2B10D20260707,L1_single_up,"C03 XOR 0x55",xor_popcount,4,4,0,0,0,0,0x02,0x68,0x0000000,0,0.0571,0.0291,0.0000,0,0,,,,,,1016,
lab,0x00C2B10D20260707,L2_pair_up,"C03 XOR 0x55",xor_popcount,4,4,1,0,0,0,0x14,0x41,0x0000000,0,0.1149,0.0998,0.0000,0,0,,,,,,1792,
lab,0x00C2B10D20260707,L3_gibbs,"C03 XOR 0x55",xor_popcount,4,4,1,1,0,0,0x55,0x00,0x0000000,0,1.0000,0.0000,1.0000,0,0,,,,,,29,
lab,0x00C2B10D20260707,LW_mod2_wht,"C03 XOR 0x55",xor_popcount,4,4,1,1,0,0,0x55,0x00,0x0000000,0,1.0000,1.0000,1.0000,0,0,,,,,,511,
lab,0x00C2B10D20260707,LG_gf2,"C03 XOR 0x55",xor_popcount,4,4,1,1,0,0,0x55,0x00,0x0000000,0,1.0000,1.0000,1.0000,1,45,,,,,,1,
lab,0x00C2B10D20260707,L0_tb_argmax,"C03 XOR 0x55",xor_popcount,4,5,0,0,0,0,0x00,0x64,0x0000000,0,0.0451,0.0149,0.0000,0,0,,,,,,162,
lab,0x00C2B10D20260707,L1_single_up,"C03 XOR 0x55",xor_popcount,4,5,1,0,0,0,0x01,0x54,0x0000000,0,0.0629,0.0320,0.0000,0,0,,,,,,1016,
lab,0x00C2B10D20260707,L2_pair_up,"C03 XOR 0x55",xor_popcount,4,5,1,0,0,0,0x44,0x11,0x0000000,0,0.1154,0.0971,0.0000,0,0,,,,,,1792,
lab,0x00C2B10D20260707,L3_gibbs,"C03 XOR 0x55",xor_popcount,4,5,1,1,0,0,0x55,0x00,0x0000000,0,1.0000,0.0000,1.0000,0,0,,,,,,29,
lab,0x00C2B10D20260707,LW_mod2_wht,"C03 XOR 0x55",xor_popcount,4,5,1,1,0,0,0x55,0x00,0x0000000,0,1.0000,1.0000,1.0000,0,0,,,,,,511,
lab,0x00C2B10D20260707,LG_gf2,"C03 XOR 0x55",xor_popcount,4,5,1,1,0,0,0x55,0x00,0x0000000,0,1.0000,1.0000,1.0000,1,45,,,,,,1,
lab,0x00C2B10D20260707,L0_tb_argmax,"C03 XOR 0x55",xor_popcount,4,6,0,0,0,0,0x00,0xB8,0x0000000,0,0.0537,0.0206,0.0000,0,0,,,,,,162,
lab,0x00C2B10D20260707,L1_single_up,"C03 XOR 0x55",xor_popcount,4,6,0,0,0,0,0x04,0xEB,0x0000000,0,0.0560,0.0300,0.0000,0,0,,,,,,1016,
lab,0x00C2B10D20260707,L2_pair_up,"C03 XOR 0x55",xor_popcount,4,6,1,0,0,0,0x44,0x11,0x0000000,0,0.1069,0.0935,0.0000,0,0,,,,,,1792,
lab,0x00C2B10D20260707,L3_gibbs,"C03 XOR 0x55",xor_popcount,4,6,1,1,0,0,0x55,0x00,0x0000000,0,1.0000,0.0000,1.0000,0,0,,,,,,29,
lab,0x00C2B10D20260707,LW_mod2_wht,"C03 XOR 0x55",xor_popcount,4,6,1,1,0,0,0x55,0x00,0x0000000,0,1.0000,1.0000,1.0000,0,0,,,,,,511,
lab,0x00C2B10D20260707,LG_gf2,"C03 XOR 0x55",xor_popcount,4,6,1,1,0,0,0x55,0x00,0x0000000,0,1.0000,1.0000,1.0000,1,45,,,,,,1,
lab,0x00C2B10D20260707,L0_tb_argmax,"C03 XOR 0x55",xor_popcount,4,7,0,0,0,0,0x00,0x6A,0x0000000,0,0.0514,0.0177,0.0000,0,0,,,,,,162,
lab,0x00C2B10D20260707,L1_single_up,"C03 XOR 0x55",xor_popcount,4,7,0,0,0,0,0x08,0xB0,0x0000000,0,0.0560,0.0327,0.0000,0,0,,,,,,1016,
lab,0x00C2B10D20260707,L2_pair_up,"C03 XOR 0x55",xor_popcount,4,7,1,0,0,0,0x14,0x41,0x0000000,0,0.1029,0.0978,0.0000,0,0,,,,,,1792,
lab,0x00C2B10D20260707,L3_gibbs,"C03 XOR 0x55",xor_popcount,4,7,1,1,0,0,0x55,0x00,0x0000000,0,1.0000,0.0000,1.0000,0,0,,,,,,29,
lab,0x00C2B10D20260707,LW_mod2_wht,"C03 XOR 0x55",xor_popcount,4,7,1,1,0,0,0x55,0x00,0x0000000,0,1.0000,1.0000,1.0000,0,0,,,,,,511,
lab,0x00C2B10D20260707,LG_gf2,"C03 XOR 0x55",xor_popcount,4,7,1,1,0,0,0x55,0x00,0x0000000,0,1.0000,1.0000,1.0000,1,45,,,,,,1,
lab,0x00C2B10D20260707,L0_tb_argmax,"C03 XOR 0x55",xor_popcount,4,8,0,0,0,0,0x00,0x64,0x0000000,0,0.0509,0.0229,0.0000,0,0,,,,,,162,
lab,0x00C2B10D20260707,L1_single_up,"C03 XOR 0x55",xor_popcount,4,8,1,0,0,0,0x04,0x51,0x0000000,0,0.0674,0.0437,0.0000,0,0,,,,,,1016,
lab,0x00C2B10D20260707,L2_pair_up,"C03 XOR 0x55",xor_popcount,4,8,1,0,0,0,0x44,0x11,0x0000000,0,0.1434,0.1072,0.0000,0,0,,,,,,1792,
lab,0x00C2B10D20260707,L3_gibbs,"C03 XOR 0x55",xor_popcount,4,8,1,1,0,0,0x55,0x00,0x0000000,0,1.0000,0.0000,1.0000,0,0,,,,,,29,
lab,0x00C2B10D20260707,LW_mod2_wht,"C03 XOR 0x55",xor_popcount,4,8,1,1,0,0,0x55,0x00,0x0000000,0,1.0000,1.0000,1.0000,0,0,,,,,,511,
lab,0x00C2B10D20260707,LG_gf2,"C03 XOR 0x55",xor_popcount,4,8,1,1,0,0,0x55,0x00,0x0000000,0,1.0000,1.0000,1.0000,1,45,,,,,,1,
lab,0x00C2B10D20260707,L0_tb_argmax,"C03 XOR 0x55",xor_popcount,4,9,0,0,0,0,0x00,0x64,0x0000000,0,0.0617,0.0023,0.0000,0,0,,,,,,162,
lab,0x00C2B10D20260707,L1_single_up,"C03 XOR 0x55",xor_popcount,4,9,0,0,0,0,0x02,0xB4,0x0000000,0,0.0537,0.0223,0.0000,0,0,,,,,,1016,
lab,0x00C2B10D20260707,L2_pair_up,"C03 XOR 0x55",xor_popcount,4,9,1,0,0,0,0x05,0x50,0x0000000,0,0.0994,0.0882,0.0000,0,0,,,,,,1792,
lab,0x00C2B10D20260707,L3_gibbs,"C03 XOR 0x55",xor_popcount,4,9,1,1,0,0,0x55,0x00,0x0000000,0,1.0000,0.0000,1.0000,0,0,,,,,,29,
lab,0x00C2B10D20260707,LW_mod2_wht,"C03 XOR 0x55",xor_popcount,4,9,1,1,0,0,0x55,0x00,0x0000000,0,1.0000,1.0000,1.0000,0,0,,,,,,511,
lab,0x00C2B10D20260707,LG_gf2,"C03 XOR 0x55",xor_popcount,4,9,1,1,0,0,0x55,0x00,0x0000000,0,1.0000,1.0000,1.0000,1,45,,,,,,1,
lab,0x00C2B10D20260707,L0_tb_argmax,"C03 XOR 0x55",xor_popcount,4,10,0,0,0,0,0x00,0xC6,0x0000000,0,0.0434,0.0131,0.0000,0,0,,,,,,162,
lab,0x00C2B10D20260707,L1_single_up,"C03 XOR 0x55",xor_popcount,4,10,0,0,0,0,0x04,0xA9,0x0000000,0,0.0526,0.0299,0.0000,0,0,,,,,,1016,
lab,0x00C2B10D20260707,L2_pair_up,"C03 XOR 0x55",xor_popcount,4,10,1,0,0,0,0x14,0x41,0x0000000,0,0.1160,0.0951,0.0000,0,0,,,,,,1792,
lab,0x00C2B10D20260707,L3_gibbs,"C03 XOR 0x55",xor_popcount,4,10,1,1,0,0,0x55,0x00,0x0000000,0,1.0000,0.0000,1.0000,0,0,,,,,,29,
lab,0x00C2B10D20260707,LW_mod2_wht,"C03 XOR 0x55",xor_popcount,4,10,1,1,0,0,0x55,0x00,0x0000000,0,1.0000,1.0000,1.0000,0,0,,,,,,511,
lab,0x00C2B10D20260707,LG_gf2,"C03 XOR 0x55",xor_popcount,4,10,1,1,0,0,0x55,0x00,0x0000000,0,1.0000,1.0000,1.0000,1,45,,,,,,1,
lab,0x00C2B10D20260707,L0_tb_argmax,"C03 XOR 0x55",xor_popcount,4,11,0,0,0,0,0x00,0xB8,0x0000000,0,0.0463,0.0166,0.0000,0,0,,,,,,162,
lab,0x00C2B10D20260707,L1_single_up,"C03 XOR 0x55",xor_popcount,4,11,0,0,0,0,0x10,0xEE,0x0000000,0,0.0589,0.0290,0.0000,0,0,,,,,,1016,
lab,0x00C2B10D20260707,L2_pair_up,"C03 XOR 0x55",xor_popcount,4,11,1,0,0,0,0x44,0x11,0x0000000,0,0.1240,0.0999,0.0000,0,0,,,,,,1792,
lab,0x00C2B10D20260707,L3_gibbs,"C03 XOR 0x55",xor_popcount,4,11,1,1,0,0,0x55,0x00,0x0000000,0,1.0000,0.0000,1.0000,0,0,,,,,,29,
lab,0x00C2B10D20260707,LW_mod2_wht,"C03 XOR 0x55",xor_popcount,4,11,1,1,0,0,0x55,0x00,0x0000000,0,1.0000,1.0000,1.0000,0,0,,,,,,511,
lab,0x00C2B10D20260707,LG_gf2,"C03 XOR 0x55",xor_popcount,4,11,1,1,0,0,0x55,0x00,0x0000000,0,1.0000,1.0000,1.0000,1,45,,,,,,1,
lab,0x00C2B10D20260707,L0_tb_argmax,"C03 XOR 0x55",xor_popcount,4,12,0,0,0,0,0x00,0x39,0x0000000,0,0.0400,0.0383,0.0000,0,0,,,,,,162,
lab,0x00C2B10D20260707,L1_single_up,"C03 XOR 0x55",xor_popcount,4,12,1,0,0,0,0x01,0x54,0x0000000,0,0.0657,0.0390,0.0000,0,0,,,,,,1016,
lab,0x00C2B10D20260707,L2_pair_up,"C03 XOR 0x55",xor_popcount,4,12,1,0,0,0,0x14,0x41,0x0000000,0,0.1137,0.1028,0.0000,0,0,,,,,,1792,
lab,0x00C2B10D20260707,L3_gibbs,"C03 XOR 0x55",xor_popcount,4,12,1,1,0,0,0x55,0x00,0x0000000,0,1.0000,0.0000,1.0000,0,0,,,,,,29,
lab,0x00C2B10D20260707,LW_mod2_wht,"C03 XOR 0x55",xor_popcount,4,12,1,1,0,0,0x55,0x00,0x0000000,0,1.0000,1.0000,1.0000,0,0,,,,,,511,
lab,0x00C2B10D20260707,LG_gf2,"C03 XOR 0x55",xor_popcount,4,12,1,1,0,0,0x55,0x00,0x0000000,0,1.0000,1.0000,1.0000,1,45,,,,,,1,
lab,0x00C2B10D20260707,L0_tb_argmax,"C03 XOR 0x55",xor_popcount,4,13,0,0,0,0,0x00,0x64,0x0000000,0,0.0491,0.0097,0.0000,0,0,,,,,,162,
lab,0x00C2B10D20260707,L1_single_up,"C03 XOR 0x55",xor_popcount,4,13,0,0,0,0,0x10,0xEE,0x0000000,0,0.0623,0.0304,0.0000,0,0,,,,,,1016,
lab,0x00C2B10D20260707,L2_pair_up,"C03 XOR 0x55",xor_popcount,4,13,1,0,0,0,0x44,0x11,0x0000000,0,0.1240,0.0988,0.0000,0,0,,,,,,1792,
lab,0x00C2B10D20260707,L3_gibbs,"C03 XOR 0x55",xor_popcount,4,13,1,1,0,0,0x55,0x00,0x0000000,0,1.0000,0.0000,1.0000,0,0,,,,,,29,
lab,0x00C2B10D20260707,LW_mod2_wht,"C03 XOR 0x55",xor_popcount,4,13,1,1,0,0,0x55,0x00,0x0000000,0,1.0000,1.0000,1.0000,0,0,,,,,,511,
lab,0x00C2B10D20260707,LG_gf2,"C03 XOR 0x55",xor_popcount,4,13,1,1,0,0,0x55,0x00,0x0000000,0,1.0000,1.0000,1.0000,1,45,,,,,,1,
lab,0x00C2B10D20260707,L0_tb_argmax,"C03 XOR 0x55",xor_popcount,4,14,0,0,0,0,0x00,0xB4,0x0000000,0,0.0491,0.0069,0.0000,0,0,,,,,,162,
lab,0x00C2B10D20260707,L1_single_up,"C03 XOR 0x55",xor_popcount,4,14,0,0,0,0,0x08,0xB0,0x0000000,0,0.0537,0.0283,0.0000,0,0,,,,,,1016,
lab,0x00C2B10D20260707,L2_pair_up,"C03 XOR 0x55",xor_popcount,4,14,1,0,0,0,0x14,0x41,0x0000000,0,0.1131,0.0985,0.0000,0,0,,,,,,1792,
lab,0x00C2B10D20260707,L3_gibbs,"C03 XOR 0x55",xor_popcount,4,14,1,1,0,0,0x55,0x00,0x0000000,0,1.0000,0.0000,1.0000,0,0,,,,,,29,
lab,0x00C2B10D20260707,LW_mod2_wht,"C03 XOR 0x55",xor_popcount,4,14,1,1,0,0,0x55,0x00,0x0000000,0,1.0000,1.0000,1.0000,0,0,,,,,,511,
lab,0x00C2B10D20260707,LG_gf2,"C03 XOR 0x55",xor_popcount,4,14,1,1,0,0,0x55,0x00,0x0000000,0,1.0000,1.0000,1.0000,1,45,,,,,,1,
lab,0x00C2B10D20260707,L0_tb_argmax,"C03 XOR 0x55",xor_popcount,4,15,0,0,0,0,0x00,0x61,0x0000000,0,0.0491,0.0171,0.0000,0,0,,,,,,162,
lab,0x00C2B10D20260707,L1_single_up,"C03 XOR 0x55",xor_popcount,4,15,0,0,0,0,0x02,0xB4,0x0000000,0,0.0634,0.0289,0.0000,0,0,,,,,,1016,
lab,0x00C2B10D20260707,L2_pair_up,"C03 XOR 0x55",xor_popcount,4,15,1,0,0,0,0x44,0x11,0x0000000,0,0.1160,0.0952,0.0000,0,0,,,,,,1792,
lab,0x00C2B10D20260707,L3_gibbs,"C03 XOR 0x55",xor_popcount,4,15,1,1,0,0,0x55,0x00,0x0000000,0,1.0000,0.0000,1.0000,0,0,,,,,,29,
lab,0x00C2B10D20260707,LW_mod2_wht,"C03 XOR 0x55",xor_popcount,4,15,1,1,0,0,0x55,0x00,0x0000000,0,1.0000,1.0000,1.0000,0,0,,,,,,511,
lab,0x00C2B10D20260707,LG_gf2,"C03 XOR 0x55",xor_popcount,4,15,1,1,0,0,0x55,0x00,0x0000000,0,1.0000,1.0000,1.0000,1,45,,,,,,1,
lab,0x00C2B10D20260707,L0_tb_argmax,"C03 XOR 0x55",xor_popcount,4,16,0,0,0,0,0x00,0x64,0x0000000,0,0.0480,0.0286,0.0000,0,0,,,,,,162,
lab,0x00C2B10D20260707,L1_single_up,"C03 XOR 0x55",xor_popcount,4,16,0,0,0,0,0x10,0xEE,0x0000000,0,0.0651,0.0311,0.0000,0,0,,,,,,1016,
lab,0x00C2B10D20260707,L2_pair_up,"C03 XOR 0x55",xor_popcount,4,16,1,0,0,0,0x44,0x11,0x0000000,0,0.1189,0.1002,0.0000,0,0,,,,,,1792,
lab,0x00C2B10D20260707,L3_gibbs,"C03 XOR 0x55",xor_popcount,4,16,1,1,0,0,0x55,0x00,0x0000000,0,1.0000,0.0000,1.0000,0,0,,,,,,29,
lab,0x00C2B10D20260707,LW_mod2_wht,"C03 XOR 0x55",xor_popcount,4,16,1,1,0,0,0x55,0x00,0x0000000,0,1.0000,1.0000,1.0000,0,0,,,,,,511,
lab,0x00C2B10D20260707,LG_gf2,"C03 XOR 0x55",xor_popcount,4,16,1,1,0,0,0x55,0x00,0x0000000,0,1.0000,1.0000,1.0000,1,45,,,,,,1,
lab,0x00C2B10D20260707,L0_tb_argmax,"C03 XOR 0x55",xor_popcount,4,17,0,0,0,0,0x00,0xB8,0x0000000,0,0.0526,0.0274,0.0000,0,0,,,,,,162,
lab,0x00C2B10D20260707,L1_single_up,"C03 XOR 0x55",xor_popcount,4,17,0,0,0,0,0x08,0xB0,0x0000000,0,0.0646,0.0371,0.0000,0,0,,,,,,1016,
lab,0x00C2B10D20260707,L2_pair_up,"C03 XOR 0x55",xor_popcount,4,17,1,0,0,0,0x44,0x11,0x0000000,0,0.1069,0.0962,0.0000,0,0,,,,,,1792,
lab,0x00C2B10D20260707,L3_gibbs,"C03 XOR 0x55",xor_popcount,4,17,1,1,0,0,0x55,0x00,0x0000000,0,1.0000,0.0000,1.0000,0,0,,,,,,29,
lab,0x00C2B10D20260707,LW_mod2_wht,"C03 XOR 0x55",xor_popcount,4,17,1,1,0,0,0x55,0x00,0x0000000,0,1.0000,1.0000,1.0000,0,0,,,,,,511,
lab,0x00C2B10D20260707,LG_gf2,"C03 XOR 0x55",xor_popcount,4,17,1,1,0,0,0x55,0x00,0x0000000,0,1.0000,1.0000,1.0000,1,45,,,,,,1,
lab,0x00C2B10D20260707,L0_tb_argmax,"C03 XOR 0x55",xor_popcount,4,18,0,0,0,0,0x00,0xB8,0x0000000,0,0.0611,0.0309,0.0000,0,0,,,,,,162,
lab,0x00C2B10D20260707,L1_single_up,"C03 XOR 0x55",xor_popcount,4,18,0,0,0,0,0x10,0xEE,0x0000000,0,0.0640,0.0380,0.0000,0,0,,,,,,1016,
lab,0x00C2B10D20260707,L2_pair_up,"C03 XOR 0x55",xor_popcount,4,18,1,0,0,0,0x14,0x41,0x0000000,0,0.1149,0.1006,0.0000,0,0,,,,,,1792,
lab,0x00C2B10D20260707,L3_gibbs,"C03 XOR 0x55",xor_popcount,4,18,1,1,0,0,0x55,0x00,0x0000000,0,1.0000,0.0000,1.0000,0,0,,,,,,29,
lab,0x00C2B10D20260707,LW_mod2_wht,"C03 XOR 0x55",xor_popcount,4,18,1,1,0,0,0x55,0x00,0x0000000,0,1.0000,1.0000,1.0000,0,0,,,,,,511,
lab,0x00C2B10D20260707,LG_gf2,"C03 XOR 0x55",xor_popcount,4,18,1,1,0,0,0x55,0x00,0x0000000,0,1.0000,1.0000,1.0000,1,45,,,,,,1,
lab,0x00C2B10D20260707,L0_tb_argmax,"C03 XOR 0x55",xor_popcount,4,19,0,0,0,0,0x00,0x1B,0x0000000,0,0.0434,0.0194,0.0000,0,0,,,,,,162,
lab,0x00C2B10D20260707,L1_single_up,"C03 XOR 0x55",xor_popcount,4,19,0,0,0,0,0x10,0xEE,0x0000000,0,0.0629,0.0271,0.0000,0,0,,,,,,1016,
lab,0x00C2B10D20260707,L2_pair_up,"C03 XOR 0x55",xor_popcount,4,19,1,0,0,0,0x44,0x11,0x0000000,0,0.1091,0.0926,0.0000,0,0,,,,,,1792,
lab,0x00C2B10D20260707,L3_gibbs,"C03 XOR 0x55",xor_popcount,4,19,1,1,0,0,0x55,0x00,0x0000000,0,1.0000,0.0000,1.0000,0,0,,,,,,29,
lab,0x00C2B10D20260707,LW_mod2_wht,"C03 XOR 0x55",xor_popcount,4,19,1,1,0,0,0x55,0x00,0x0000000,0,1.0000,1.0000,1.0000,0,0,,,,,,511,
lab,0x00C2B10D20260707,LG_gf2,"C03 XOR 0x55",xor_popcount,4,19,1,1,0,0,0x55,0x00,0x0000000,0,1.0000,1.0000,1.0000,1,45,,,,,,1,
lab,0x00C2B10D20260707,L0_tb_argmax,"C04 XOR 0xAA",xor_popcount,4,0,0,0,0,0,0x00,0x8B,0x0000000,0,0.0469,0.0040,0.0000,0,0,,,,,,162,
lab,0x00C2B10D20260707,L1_single_up,"C04 XOR 0xAA",xor_popcount,4,0,1,0,0,0,0x08,0xA2,0x0000000,0,0.0531,0.0279,0.0000,0,0,,,,,,1016,
lab,0x00C2B10D20260707,L2_pair_up,"C04 XOR 0xAA",xor_popcount,4,0,1,0,0,0,0x88,0x22,0x0000000,0,0.1097,0.0990,0.0000,0,0,,,,,,1792,
lab,0x00C2B10D20260707,L3_gibbs,"C04 XOR 0xAA",xor_popcount,4,0,1,1,0,0,0xAA,0x00,0x0000000,0,1.0000,0.0000,1.0000,0,0,,,,,,29,
lab,0x00C2B10D20260707,LW_mod2_wht,"C04 XOR 0xAA",xor_popcount,4,0,1,1,0,0,0xAA,0x00,0x0000000,0,1.0000,1.0000,1.0000,0,0,,,,,,511,
lab,0x00C2B10D20260707,LG_gf2,"C04 XOR 0xAA",xor_popcount,4,0,1,1,0,0,0xAA,0x00,0x0000000,0,1.0000,1.0000,1.0000,1,45,,,,,,1,
lab,0x00C2B10D20260707,L0_tb_argmax,"C04 XOR 0xAA",xor_popcount,4,1,0,0,0,0,0x00,0x0B,0x0000000,0,0.0429,0.0154,0.0000,0,0,,,,,,162,
lab,0x00C2B10D20260707,L1_single_up,"C04 XOR 0xAA",xor_popcount,4,1,0,0,0,0,0x10,0x6B,0x0000000,0,0.0571,0.0364,0.0000,0,0,,,,,,1016,
lab,0x00C2B10D20260707,L2_pair_up,"C04 XOR 0xAA",xor_popcount,4,1,1,0,0,0,0x82,0x28,0x0000000,0,0.1143,0.1047,0.0000,0,0,,,,,,1792,
lab,0x00C2B10D20260707,L3_gibbs,"C04 XOR 0xAA",xor_popcount,4,1,1,1,0,0,0xAA,0x00,0x0000000,0,1.0000,0.0000,1.0000,0,0,,,,,,29,
lab,0x00C2B10D20260707,LW_mod2_wht,"C04 XOR 0xAA",xor_popcount,4,1,1,1,0,0,0xAA,0x00,0x0000000,0,1.0000,1.0000,1.0000,0,0,,,,,,511,
lab,0x00C2B10D20260707,LG_gf2,"C04 XOR 0xAA",xor_popcount,4,1,1,1,0,0,0xAA,0x00,0x0000000,0,1.0000,1.0000,1.0000,1,45,,,,,,1,
lab,0x00C2B10D20260707,L0_tb_argmax,"C04 XOR 0xAA",xor_popcount,4,2,0,0,0,0,0x00,0x6A,0x0000000,0,0.0423,0.0029,0.0000,0,0,,,,,,162,
lab,0x00C2B10D20260707,L1_single_up,"C04 XOR 0xAA",xor_popcount,4,2,0,0,0,0,0x02,0x65,0x0000000,0,0.0651,0.0227,0.0000,0,0,,,,,,1016,
lab,0x00C2B10D20260707,L2_pair_up,"C04 XOR 0xAA",xor_popcount,4,2,1,0,0,0,0x0A,0xA0,0x0000000,0,0.1120,0.0946,0.0000,0,0,,,,,,1792,
lab,0x00C2B10D20260707,L3_gibbs,"C04 XOR 0xAA",xor_popcount,4,2,1,1,0,0,0xAA,0x00,0x0000000,0,1.0000,0.0000,1.0000,0,0,,,,,,29,
lab,0x00C2B10D20260707,LW_mod2_wht,"C04 XOR 0xAA",xor_popcount,4,2,1,1,0,0,0xAA,0x00,0x0000000,0,1.0000,1.0000,1.0000,0,0,,,,,,511,
lab,0x00C2B10D20260707,LG_gf2,"C04 XOR 0xAA",xor_popcount,4,2,1,1,0,0,0xAA,0x00,0x0000000,0,1.0000,1.0000,1.0000,1,45,,,,,,1,
lab,0x00C2B10D20260707,L0_tb_argmax,"C04 XOR 0xAA",xor_popcount,4,3,0,0,0,0,0x00,0x36,0x0000000,0,0.0554,0.0029,0.0000,0,0,,,,,,162,
lab,0x00C2B10D20260707,L1_single_up,"C04 XOR 0xAA",xor_popcount,4,3,0,0,0,0,0x02,0x65,0x0000000,0,0.0646,0.0276,0.0000,0,0,,,,,,1016,
lab,0x00C2B10D20260707,L2_pair_up,"C04 XOR 0xAA",xor_popcount,4,3,1,0,0,0,0x88,0x22,0x0000000,0,0.1080,0.0953,0.0000,0,0,,,,,,1792,
lab,0x00C2B10D20260707,L3_gibbs,"C04 XOR 0xAA",xor_popcount,4,3,1,1,0,0,0xAA,0x00,0x0000000,0,1.0000,0.0000,1.0000,0,0,,,,,,29,
lab,0x00C2B10D20260707,LW_mod2_wht,"C04 XOR 0xAA",xor_popcount,4,3,1,1,0,0,0xAA,0x00,0x0000000,0,1.0000,1.0000,1.0000,0,0,,,,,,511,
lab,0x00C2B10D20260707,LG_gf2,"C04 XOR 0xAA",xor_popcount,4,3,1,1,0,0,0xAA,0x00,0x0000000,0,1.0000,1.0000,1.0000,1,45,,,,,,1,
lab,0x00C2B10D20260707,L0_tb_argmax,"C04 XOR 0xAA",xor_popcount,4,4,0,0,0,0,0x00,0x0B,0x0000000,0,0.0491,0.0080,0.0000,0,0,,,,,,162,
lab,0x00C2B10D20260707,L1_single_up,"C04 XOR 0xAA",xor_popcount,4,4,0,0,0,0,0x08,0x51,0x0000000,0,0.0560,0.0251,0.0000,0,0,,,,,,1016,
lab,0x00C2B10D20260707,L2_pair_up,"C04 XOR 0xAA",xor_popcount,4,4,1,0,0,0,0x82,0x28,0x0000000,0,0.1109,0.0990,0.0000,0,0,,,,,,1792,
lab,0x00C2B10D20260707,L3_gibbs,"C04 XOR 0xAA",xor_popcount,4,4,1,1,0,0,0xAA,0x00,0x0000000,0,1.0000,0.0000,1.0000,0,0,,,,,,29,
lab,0x00C2B10D20260707,LW_mod2_wht,"C04 XOR 0xAA",xor_popcount,4,4,1,1,0,0,0xAA,0x00,0x0000000,0,1.0000,1.0000,1.0000,0,0,,,,,,511,
lab,0x00C2B10D20260707,LG_gf2,"C04 XOR 0xAA",xor_popcount,4,4,1,1,0,0,0xAA,0x00,0x0000000,0,1.0000,1.0000,1.0000,1,45,,,,,,1,
lab,0x00C2B10D20260707,L0_tb_argmax,"C04 XOR 0xAA",xor_popcount,4,5,0,0,0,0,0x00,0x11,0x0000000,0,0.0446,0.0006,0.0000,0,0,,,,,,162,
lab,0x00C2B10D20260707,L1_single_up,"C04 XOR 0xAA",xor_popcount,4,5,0,0,0,0,0x02,0x8C,0x0000000,0,0.0674,0.0236,0.0000,0,0,,,,,,1016,
lab,0x00C2B10D20260707,L2_pair_up,"C04 XOR 0xAA",xor_popcount,4,5,1,0,0,0,0x22,0x88,0x0000000,0,0.1109,0.1003,0.0000,0,0,,,,,,1792,
lab,0x00C2B10D20260707,L3_gibbs,"C04 XOR 0xAA",xor_popcount,4,5,1,1,0,0,0xAA,0x00,0x0000000,0,1.0000,0.0000,1.0000,0,0,,,,,,29,
lab,0x00C2B10D20260707,LW_mod2_wht,"C04 XOR 0xAA",xor_popcount,4,5,1,1,0,0,0xAA,0x00,0x0000000,0,1.0000,1.0000,1.0000,0,0,,,,,,511,
lab,0x00C2B10D20260707,LG_gf2,"C04 XOR 0xAA",xor_popcount,4,5,1,1,0,0,0xAA,0x00,0x0000000,0,1.0000,1.0000,1.0000,1,45,,,,,,1,
lab,0x00C2B10D20260707,L0_tb_argmax,"C04 XOR 0xAA",xor_popcount,4,6,0,0,0,0,0x00,0x19,0x0000000,0,0.0577,0.0000,0.0000,0,0,,,,,,162,
lab,0x00C2B10D20260707,L1_single_up,"C04 XOR 0xAA",xor_popcount,4,6,0,0,0,0,0x02,0x65,0x0000000,0,0.0714,0.0134,0.0000,0,0,,,,,,1016,
lab,0x00C2B10D20260707,L2_pair_up,"C04 XOR 0xAA",xor_popcount,4,6,1,0,0,0,0xA0,0x0A,0x0000000,0,0.1000,0.0909,0.0000,0,0,,,,,,1792,
lab,0x00C2B10D20260707,L3_gibbs,"C04 XOR 0xAA",xor_popcount,4,6,1,1,0,0,0xAA,0x00,0x0000000,0,1.0000,0.0000,1.0000,0,0,,,,,,29,
lab,0x00C2B10D20260707,LW_mod2_wht,"C04 XOR 0xAA",xor_popcount,4,6,1,1,0,0,0xAA,0x00,0x0000000,0,1.0000,1.0000,1.0000,0,0,,,,,,511,
lab,0x00C2B10D20260707,LG_gf2,"C04 XOR 0xAA",xor_popcount,4,6,1,1,0,0,0xAA,0x00,0x0000000,0,1.0000,1.0000,1.0000,1,45,,,,,,1,
lab,0x00C2B10D20260707,L0_tb_argmax,"C04 XOR 0xAA",xor_popcount,4,7,0,0,0,0,0x00,0x8B,0x0000000,0,0.0503,-0.0177,0.0000,0,0,,,,,,162,
lab,0x00C2B10D20260707,L1_single_up,"C04 XOR 0xAA",xor_popcount,4,7,0,0,0,0,0x02,0x65,0x0000000,0,0.0583,0.0190,0.0000,0,0,,,,,,1016,
lab,0x00C2B10D20260707,L2_pair_up,"C04 XOR 0xAA",xor_popcount,4,7,1,0,0,0,0x88,0x22,0x0000000,0,0.1051,0.0957,0.0000,0,0,,,,,,1792,
lab,0x00C2B10D20260707,L3_gibbs,"C04 XOR 0xAA",xor_popcount,4,7,1,1,0,0,0xAA,0x00,0x0000000,0,1.0000,0.0000,1.0000,0,0,,,,,,29,
lab,0x00C2B10D20260707,LW_mod2_wht,"C04 XOR 0xAA",xor_popcount,4,7,1,1,0,0,0xAA,0x00,0x0000000,0,1.0000,1.0000,1.0000,0,0,,,,,,511,
lab,0x00C2B10D20260707,LG_gf2,"C04 XOR 0xAA",xor_popcount,4,7,1,1,0,0,0xAA,0x00,0x0000000,0,1.0000,1.0000,1.0000,1,45,,,,,,1,
lab,0x00C2B10D20260707,L0_tb_argmax,"C04 XOR 0xAA",xor_popcount,4,8,0,0,0,0,0x00,0x36,0x0000000,0,0.0526,0.0023,0.0000,0,0,,,,,,162,
lab,0x00C2B10D20260707,L1_single_up,"C04 XOR 0xAA",xor_popcount,4,8,0,0,0,0,0x02,0x11,0x0000000,0,0.0560,0.0231,0.0000,0,0,,,,,,1016,
lab,0x00C2B10D20260707,L2_pair_up,"C04 XOR 0xAA",xor_popcount,4,8,1,0,0,0,0x22,0x88,0x0000000,0,0.1131,0.0973,0.0000,0,0,,,,,,1792,
lab,0x00C2B10D20260707,L3_gibbs,"C04 XOR 0xAA",xor_popcount,4,8,1,1,0,0,0xAA,0x00,0x0000000,0,1.0000,0.0000,1.0000,0,0,,,,,,29,
lab,0x00C2B10D20260707,LW_mod2_wht,"C04 XOR 0xAA",xor_popcount,4,8,1,1,0,0,0xAA,0x00,0x0000000,0,1.0000,1.0000,1.0000,0,0,,,,,,511,
lab,0x00C2B10D20260707,LG_gf2,"C04 XOR 0xAA",xor_popcount,4,8,1,1,0,0,0xAA,0x00,0x0000000,0,1.0000,1.0000,1.0000,1,45,,,,,,1,
lab,0x00C2B10D20260707,L0_tb_argmax,"C04 XOR 0xAA",xor_popcount,4,9,0,0,0,0,0x00,0x11,0x0000000,0,0.0434,0.0006,0.0000,0,0,,,,,,162,
lab,0x00C2B10D20260707,L1_single_up,"C04 XOR 0xAA",xor_popcount,4,9,0,0,0,0,0x02,0x65,0x0000000,0,0.0834,0.0267,0.0000,0,0,,,,,,1016,
lab,0x00C2B10D20260707,L2_pair_up,"C04 XOR 0xAA",xor_popcount,4,9,1,0,0,0,0x0A,0xA0,0x0000000,0,0.1023,0.0934,0.0000,0,0,,,,,,1792,
lab,0x00C2B10D20260707,L3_gibbs,"C04 XOR 0xAA",xor_popcount,4,9,1,1,0,0,0xAA,0x00,0x0000000,0,1.0000,0.0000,1.0000,0,0,,,,,,29,
lab,0x00C2B10D20260707,LW_mod2_wht,"C04 XOR 0xAA",xor_popcount,4,9,1,1,0,0,0xAA,0x00,0x0000000,0,1.0000,1.0000,1.0000,0,0,,,,,,511,
lab,0x00C2B10D20260707,LG_gf2,"C04 XOR 0xAA",xor_popcount,4,9,1,1,0,0,0xAA,0x00,0x0000000,0,1.0000,1.0000,1.0000,1,45,,,,,,1,
lab,0x00C2B10D20260707,L0_tb_argmax,"C04 XOR 0xAA",xor_popcount,4,10,0,0,0,0,0x00,0x13,0x0000000,0,0.0554,0.0051,0.0000,0,0,,,,,,162,
lab,0x00C2B10D20260707,L1_single_up,"C04 XOR 0xAA",xor_popcount,4,10,1,0,0,0,0x02,0xA8,0x0000000,0,0.0531,0.0296,0.0000,0,0,,,,,,1016,
lab,0x00C2B10D20260707,L2_pair_up,"C04 XOR 0xAA",xor_popcount,4,10,1,0,0,0,0x0A,0xA0,0x0000000,0,0.1211,0.1045,0.0000,0,0,,,,,,1792,
lab,0x00C2B10D20260707,L3_gibbs,"C04 XOR 0xAA",xor_popcount,4,10,1,1,0,0,0xAA,0x00,0x0000000,0,1.0000,0.0000,1.0000,0,0,,,,,,29,
lab,0x00C2B10D20260707,LW_mod2_wht,"C04 XOR 0xAA",xor_popcount,4,10,1,1,0,0,0xAA,0x00,0x0000000,0,1.0000,1.0000,1.0000,0,0,,,,,,511,
lab,0x00C2B10D20260707,LG_gf2,"C04 XOR 0xAA",xor_popcount,4,10,1,1,0,0,0xAA,0x00,0x0000000,0,1.0000,1.0000,1.0000,1,45,,,,,,1,
lab,0x00C2B10D20260707,L0_tb_argmax,"C04 XOR 0xAA",xor_popcount,4,11,0,0,0,0,0x00,0x0B,0x0000000,0,0.0417,-0.0034,0.0000,0,0,,,,,,162,
lab,0x00C2B10D20260707,L1_single_up,"C04 XOR 0xAA",xor_popcount,4,11,0,0,0,0,0x40,0x1A,0x0000000,0,0.0606,0.0326,0.0000,0,0,,,,,,1016,
lab,0x00C2B10D20260707,L2_pair_up,"C04 XOR 0xAA",xor_popcount,4,11,1,0,0,0,0x28,0x82,0x0000000,0,0.1154,0.1040,0.0000,0,0,,,,,,1792,
lab,0x00C2B10D20260707,L3_gibbs,"C04 XOR 0xAA",xor_popcount,4,11,1,1,0,0,0xAA,0x00,0x0000000,0,1.0000,0.0000,1.0000,0,0,,,,,,29,
lab,0x00C2B10D20260707,LW_mod2_wht,"C04 XOR 0xAA",xor_popcount,4,11,1,1,0,0,0xAA,0x00,0x0000000,0,1.0000,1.0000,1.0000,0,0,,,,,,511,
lab,0x00C2B10D20260707,LG_gf2,"C04 XOR 0xAA",xor_popcount,4,11,1,1,0,0,0xAA,0x00,0x0000000,0,1.0000,1.0000,1.0000,1,45,,,,,,1,
lab,0x00C2B10D20260707,L0_tb_argmax,"C04 XOR 0xAA",xor_popcount,4,12,0,0,0,0,0x00,0x8B,0x0000000,0,0.0549,0.0091,0.0000,0,0,,,,,,162,
lab,0x00C2B10D20260707,L1_single_up,"C04 XOR 0xAA",xor_popcount,4,12,0,0,0,0,0x01,0xBE,0x0000000,0,0.0537,0.0340,0.0000,0,0,,,,,,1016,
lab,0x00C2B10D20260707,L2_pair_up,"C04 XOR 0xAA",xor_popcount,4,12,1,0,0,0,0x0A,0xA0,0x0000000,0,0.1063,0.1004,0.0000,0,0,,,,,,1792,
lab,0x00C2B10D20260707,L3_gibbs,"C04 XOR 0xAA",xor_popcount,4,12,1,1,0,0,0xAA,0x00,0x0000000,0,1.0000,0.0000,1.0000,0,0,,,,,,29,
lab,0x00C2B10D20260707,LW_mod2_wht,"C04 XOR 0xAA",xor_popcount,4,12,1,1,0,0,0xAA,0x00,0x0000000,0,1.0000,1.0000,1.0000,0,0,,,,,,511,
lab,0x00C2B10D20260707,LG_gf2,"C04 XOR 0xAA",xor_popcount,4,12,1,1,0,0,0xAA,0x00,0x0000000,0,1.0000,1.0000,1.0000,1,45,,,,,,1,
lab,0x00C2B10D20260707,L0_tb_argmax,"C04 XOR 0xAA",xor_popcount,4,13,0,0,0,0,0x00,0x8B,0x0000000,0,0.0520,-0.0006,0.0000,0,0,,,,,,162,
lab,0x00C2B10D20260707,L1_single_up,"C04 XOR 0xAA",xor_popcount,4,13,1,0,0,0,0x08,0xA2,0x0000000,0,0.0577,0.0310,0.0000,0,0,,,,,,1016,
lab,0x00C2B10D20260707,L2_pair_up,"C04 XOR 0xAA",xor_popcount,4,13,1,0,0,0,0x0A,0xA0,0x0000000,0,0.1103,0.1009,0.0000,0,0,,,,,,1792,
lab,0x00C2B10D20260707,L3_gibbs,"C04 XOR 0xAA",xor_popcount,4,13,1,1,0,0,0xAA,0x00,0x0000000,0,1.0000,0.0000,1.0000,0,0,,,,,,29,
lab,0x00C2B10D20260707,LW_mod2_wht,"C04 XOR 0xAA",xor_popcount,4,13,1,1,0,0,0xAA,0x00,0x0000000,0,1.0000,1.0000,1.0000,0,0,,,,,,511,
lab,0x00C2B10D20260707,LG_gf2,"C04 XOR 0xAA",xor_popcount,4,13,1,1,0,0,0xAA,0x00,0x0000000,0,1.0000,1.0000,1.0000,1,45,,,,,,1,
lab,0x00C2B10D20260707,L0_tb_argmax,"C04 XOR 0xAA",xor_popcount,4,14,0,0,0,0,0x00,0x19,0x0000000,0,0.0549,0.0143,0.0000,0,0,,,,,,162,
lab,0x00C2B10D20260707,L1_single_up,"C04 XOR 0xAA",xor_popcount,4,14,0,0,0,0,0x02,0x8C,0x0000000,0,0.0571,0.0364,0.0000,0,0,,,,,,1016,
lab,0x00C2B10D20260707,L2_pair_up,"C04 XOR 0xAA",xor_popcount,4,14,1,0,0,0,0x82,0x28,0x0000000,0,0.1183,0.1060,0.0000,0,0,,,,,,1792,
lab,0x00C2B10D20260707,L3_gibbs,"C04 XOR 0xAA",xor_popcount,4,14,1,1,0,0,0xAA,0x00,0x0000000,0,1.0000,0.0000,1.0000,0,0,,,,,,29,
lab,0x00C2B10D20260707,LW_mod2_wht,"C04 XOR 0xAA",xor_popcount,4,14,1,1,0,0,0xAA,0x00,0x0000000,0,1.0000,1.0000,1.0000,0,0,,,,,,511,
lab,0x00C2B10D20260707,LG_gf2,"C04 XOR 0xAA",xor_popcount,4,14,1,1,0,0,0xAA,0x00,0x0000000,0,1.0000,1.0000,1.0000,1,45,,,,,,1,
lab,0x00C2B10D20260707,L0_tb_argmax,"C04 XOR 0xAA",xor_popcount,4,15,0,0,0,0,0x00,0x8B,0x0000000,0,0.0663,0.0274,0.0000,0,0,,,,,,162,
lab,0x00C2B10D20260707,L1_single_up,"C04 XOR 0xAA",xor_popcount,4,15,1,0,0,0,0x02,0xA8,0x0000000,0,0.0674,0.0391,0.0000,0,0,,,,,,1016,
lab,0x00C2B10D20260707,L2_pair_up,"C04 XOR 0xAA",xor_popcount,4,15,1,0,0,0,0x82,0x28,0x0000000,0,0.1189,0.1065,0.0000,0,0,,,,,,1792,
lab,0x00C2B10D20260707,L3_gibbs,"C04 XOR 0xAA",xor_popcount,4,15,1,1,0,0,0xAA,0x00,0x0000000,0,1.0000,0.0000,1.0000,0,0,,,,,,29,
lab,0x00C2B10D20260707,LW_mod2_wht,"C04 XOR 0xAA",xor_popcount,4,15,1,1,0,0,0xAA,0x00,0x0000000,0,1.0000,1.0000,1.0000,0,0,,,,,,511,
lab,0x00C2B10D20260707,LG_gf2,"C04 XOR 0xAA",xor_popcount,4,15,1,1,0,0,0xAA,0x00,0x0000000,0,1.0000,1.0000,1.0000,1,45,,,,,,1,
lab,0x00C2B10D20260707,L0_tb_argmax,"C04 XOR 0xAA",xor_popcount,4,16,0,0,0,0,0x00,0x8B,0x0000000,0,0.0417,0.0063,0.0000,0,0,,,,,,162,
lab,0x00C2B10D20260707,L1_single_up,"C04 XOR 0xAA",xor_popcount,4,16,0,0,0,0,0x04,0xF1,0x0000000,0,0.0623,0.0179,0.0000,0,0,,,,,,1016,
lab,0x00C2B10D20260707,L2_pair_up,"C04 XOR 0xAA",xor_popcount,4,16,1,0,0,0,0x88,0x22,0x0000000,0,0.1131,0.0982,0.0000,0,0,,,,,,1792,
lab,0x00C2B10D20260707,L3_gibbs,"C04 XOR 0xAA",xor_popcount,4,16,1,1,0,0,0xAA,0x00,0x0000000,0,1.0000,0.0000,1.0000,0,0,,,,,,29,
lab,0x00C2B10D20260707,LW_mod2_wht,"C04 XOR 0xAA",xor_popcount,4,16,1,1,0,0,0xAA,0x00,0x0000000,0,1.0000,1.0000,1.0000,0,0,,,,,,511,
lab,0x00C2B10D20260707,LG_gf2,"C04 XOR 0xAA",xor_popcount,4,16,1,1,0,0,0xAA,0x00,0x0000000,0,1.0000,1.0000,1.0000,1,45,,,,,,1,
lab,0x00C2B10D20260707,L0_tb_argmax,"C04 XOR 0xAA",xor_popcount,4,17,0,0,0,0,0x00,0x96,0x0000000,0,0.0520,0.0011,0.0000,0,0,,,,,,162,
lab,0x00C2B10D20260707,L1_single_up,"C04 XOR 0xAA",xor_popcount,4,17,0,0,0,0,0x02,0x65,0x0000000,0,0.0583,0.0306,0.0000,0,0,,,,,,1016,
lab,0x00C2B10D20260707,L2_pair_up,"C04 XOR 0xAA",xor_popcount,4,17,1,0,0,0,0x88,0x22,0x0000000,0,0.1189,0.1055,0.0000,0,0,,,,,,1792,
lab,0x00C2B10D20260707,L3_gibbs,"C04 XOR 0xAA",xor_popcount,4,17,1,1,0,0,0xAA,0x00,0x0000000,0,1.0000,0.0000,1.0000,0,0,,,,,,29,
lab,0x00C2B10D20260707,LW_mod2_wht,"C04 XOR 0xAA",xor_popcount,4,17,1,1,0,0,0xAA,0x00,0x0000000,0,1.0000,1.0000,1.0000,0,0,,,,,,511,
lab,0x00C2B10D20260707,LG_gf2,"C04 XOR 0xAA",xor_popcount,4,17,1,1,0,0,0xAA,0x00,0x0000000,0,1.0000,1.0000,1.0000,1,45,,,,,,1,
lab,0x00C2B10D20260707,L0_tb_argmax,"C04 XOR 0xAA",xor_popcount,4,18,0,0,0,0,0x00,0x19,0x0000000,0,0.0537,-0.0126,0.0000,0,0,,,,,,162,
lab,0x00C2B10D20260707,L1_single_up,"C04 XOR 0xAA",xor_popcount,4,18,0,0,0,0,0x02,0xA0,0x0000000,0,0.0577,0.0183,0.0000,0,0,,,,,,1016,
lab,0x00C2B10D20260707,L2_pair_up,"C04 XOR 0xAA",xor_popcount,4,18,1,0,0,0,0x0A,0xA0,0x0000000,0,0.1069,0.0971,0.0000,0,0,,,,,,1792,
lab,0x00C2B10D20260707,L3_gibbs,"C04 XOR 0xAA",xor_popcount,4,18,1,1,0,0,0xAA,0x00,0x0000000,0,1.0000,0.0000,1.0000,0,0,,,,,,29,
lab,0x00C2B10D20260707,LW_mod2_wht,"C04 XOR 0xAA",xor_popcount,4,18,1,1,0,0,0xAA,0x00,0x0000000,0,1.0000,1.0000,1.0000,0,0,,,,,,511,
lab,0x00C2B10D20260707,LG_gf2,"C04 XOR 0xAA",xor_popcount,4,18,1,1,0,0,0xAA,0x00,0x0000000,0,1.0000,1.0000,1.0000,1,45,,,,,,1,
lab,0x00C2B10D20260707,L0_tb_argmax,"C04 XOR 0xAA",xor_popcount,4,19,0,0,0,0,0x00,0xCA,0x0000000,0,0.0434,0.0200,0.0000,0,0,,,,,,162,
lab,0x00C2B10D20260707,L1_single_up,"C04 XOR 0xAA",xor_popcount,4,19,1,0,0,0,0x02,0xA8,0x0000000,0,0.0600,0.0347,0.0000,0,0,,,,,,1016,
lab,0x00C2B10D20260707,L2_pair_up,"C04 XOR 0xAA",xor_popcount,4,19,1,0,0,0,0x22,0x88,0x0000000,0,0.1137,0.1009,0.0000,0,0,,,,,,1792,
lab,0x00C2B10D20260707,L3_gibbs,"C04 XOR 0xAA",xor_popcount,4,19,1,1,0,0,0xAA,0x00,0x0000000,0,1.0000,0.0000,1.0000,0,0,,,,,,29,
lab,0x00C2B10D20260707,LW_mod2_wht,"C04 XOR 0xAA",xor_popcount,4,19,1,1,0,0,0xAA,0x00,0x0000000,0,1.0000,1.0000,1.0000,0,0,,,,,,511,
lab,0x00C2B10D20260707,LG_gf2,"C04 XOR 0xAA",xor_popcount,4,19,1,1,0,0,0xAA,0x00,0x0000000,0,1.0000,1.0000,1.0000,1,45,,,,,,1,
lab,0x00C2B10D20260707,L0_tb_argmax,"C05 XOR 0x3C",xor_popcount,4,0,0,0,0,0,0x00,0x84,0x0000000,0,0.0503,0.0154,0.0000,0,0,,,,,,162,
lab,0x00C2B10D20260707,L1_single_up,"C05 XOR 0x3C",xor_popcount,4,0,0,0,0,0,0x80,0x7C,0x0000000,0,0.0617,0.0310,0.0000,0,0,,,,,,1016,
lab,0x00C2B10D20260707,L2_pair_up,"C05 XOR 0x3C",xor_popcount,4,0,1,0,0,0,0x0C,0x30,0x0000000,0,0.1217,0.1035,0.0000,0,0,,,,,,1792,
lab,0x00C2B10D20260707,L3_gibbs,"C05 XOR 0x3C",xor_popcount,4,0,1,1,0,0,0x3C,0x00,0x0000000,0,1.0000,0.0000,1.0000,0,0,,,,,,29,
lab,0x00C2B10D20260707,LW_mod2_wht,"C05 XOR 0x3C",xor_popcount,4,0,1,1,0,0,0x3C,0x00,0x0000000,0,1.0000,1.0000,1.0000,0,0,,,,,,511,
lab,0x00C2B10D20260707,LG_gf2,"C05 XOR 0x3C",xor_popcount,4,0,1,1,0,0,0x3C,0x00,0x0000000,0,1.0000,1.0000,1.0000,1,45,,,,,,1,
lab,0x00C2B10D20260707,L0_tb_argmax,"C05 XOR 0x3C",xor_popcount,4,1,0,0,0,0,0x00,0x04,0x0000000,0,0.0491,0.0149,0.0000,0,0,,,,,,162,
lab,0x00C2B10D20260707,L1_single_up,"C05 XOR 0x3C",xor_popcount,4,1,0,0,0,0,0x01,0x3C,0x0000000,0,0.0526,0.0251,0.0000,0,0,,,,,,1016,
lab,0x00C2B10D20260707,L2_pair_up,"C05 XOR 0x3C",xor_popcount,4,1,1,0,0,0,0x30,0x0C,0x0000000,0,0.1126,0.1051,0.0000,0,0,,,,,,1792,
lab,0x00C2B10D20260707,L3_gibbs,"C05 XOR 0x3C",xor_popcount,4,1,1,1,0,0,0x3C,0x00,0x0000000,0,1.0000,0.0000,1.0000,0,0,,,,,,29,
lab,0x00C2B10D20260707,LW_mod2_wht,"C05 XOR 0x3C",xor_popcount,4,1,1,1,0,0,0x3C,0x00,0x0000000,0,1.0000,1.0000,1.0000,0,0,,,,,,511,
lab,0x00C2B10D20260707,LG_gf2,"C05 XOR 0x3C",xor_popcount,4,1,1,1,0,0,0x3C,0x00,0x0000000,0,1.0000,1.0000,1.0000,1,45,,,,,,1,
lab,0x00C2B10D20260707,L0_tb_argmax,"C05 XOR 0x3C",xor_popcount,4,2,0,0,0,0,0x00,0x24,0x0000000,0,0.0566,-0.0143,0.0000,0,0,,,,,,162,
lab,0x00C2B10D20260707,L1_single_up,"C05 XOR 0x3C",xor_popcount,4,2,0,0,0,0,0x80,0x70,0x0000000,0,0.0560,0.0224,0.0000,0,0,,,,,,1016,
lab,0x00C2B10D20260707,L2_pair_up,"C05 XOR 0x3C",xor_popcount,4,2,1,0,0,0,0x24,0x18,0x0000000,0,0.1229,0.1016,0.0000,0,0,,,,,,1792,
lab,0x00C2B10D20260707,L3_gibbs,"C05 XOR 0x3C",xor_popcount,4,2,1,1,0,0,0x3C,0x00,0x0000000,0,1.0000,0.0000,1.0000,0,0,,,,,,29,
lab,0x00C2B10D20260707,LW_mod2_wht,"C05 XOR 0x3C",xor_popcount,4,2,1,1,0,0,0x3C,0x00,0x0000000,0,1.0000,1.0000,1.0000,0,0,,,,,,511,
lab,0x00C2B10D20260707,LG_gf2,"C05 XOR 0x3C",xor_popcount,4,2,1,1,0,0,0x3C,0x00,0x0000000,0,1.0000,1.0000,1.0000,1,45,,,,,,1,
lab,0x00C2B10D20260707,L0_tb_argmax,"C05 XOR 0x3C",xor_popcount,4,3,0,0,0,0,0x00,0x91,0x0000000,0,0.0440,0.0240,0.0000,0,0,,,,,,162,
lab,0x00C2B10D20260707,L1_single_up,"C05 XOR 0x3C",xor_popcount,4,3,0,0,0,0,0x80,0x17,0x0000000,0,0.0583,0.0340,0.0000,0,0,,,,,,1016,
lab,0x00C2B10D20260707,L2_pair_up,"C05 XOR 0x3C",xor_popcount,4,3,1,0,0,0,0x24,0x18,0x0000000,0,0.1303,0.1120,0.0000,0,0,,,,,,1792,
lab,0x00C2B10D20260707,L3_gibbs,"C05 XOR 0x3C",xor_popcount,4,3,1,1,0,0,0x3C,0x00,0x0000000,0,1.0000,0.0000,1.0000,0,0,,,,,,29,
lab,0x00C2B10D20260707,LW_mod2_wht,"C05 XOR 0x3C",xor_popcount,4,3,1,1,0,0,0x3C,0x00,0x0000000,0,1.0000,1.0000,1.0000,0,0,,,,,,511,
lab,0x00C2B10D20260707,LG_gf2,"C05 XOR 0x3C",xor_popcount,4,3,1,1,0,0,0x3C,0x00,0x0000000,0,1.0000,1.0000,1.0000,1,45,,,,,,1,
lab,0x00C2B10D20260707,L0_tb_argmax,"C05 XOR 0x3C",xor_popcount,4,4,0,0,0,0,0x00,0x24,0x0000000,0,0.0497,0.0137,0.0000,0,0,,,,,,162,
lab,0x00C2B10D20260707,L1_single_up,"C05 XOR 0x3C",xor_popcount,4,4,0,0,0,0,0x01,0x22,0x0000000,0,0.0634,0.0294,0.0000,0,0,,,,,,1016,
lab,0x00C2B10D20260707,L2_pair_up,"C05 XOR 0x3C",xor_popcount,4,4,1,0,0,0,0x24,0x18,0x0000000,0,0.1211,0.1088,0.0000,0,0,,,,,,1792,
lab,0x00C2B10D20260707,L3_gibbs,"C05 XOR 0x3C",xor_popcount,4,4,1,1,0,0,0x3C,0x00,0x0000000,0,1.0000,0.0000,1.0000,0,0,,,,,,29,
lab,0x00C2B10D20260707,LW_mod2_wht,"C05 XOR 0x3C",xor_popcount,4,4,1,1,0,0,0x3C,0x00,0x0000000,0,1.0000,1.0000,1.0000,0,0,,,,,,511,
lab,0x00C2B10D20260707,LG_gf2,"C05 XOR 0x3C",xor_popcount,4,4,1,1,0,0,0x3C,0x00,0x0000000,0,1.0000,1.0000,1.0000,1,45,,,,,,1,
lab,0x00C2B10D20260707,L0_tb_argmax,"C05 XOR 0x3C",xor_popcount,4,5,0,0,0,0,0x00,0x24,0x0000000,0,0.0491,0.0034,0.0000,0,0,,,,,,162,
lab,0x00C2B10D20260707,L1_single_up,"C05 XOR 0x3C",xor_popcount,4,5,0,0,0,0,0x08,0x41,0x0000000,0,0.0589,0.0226,0.0000,0,0,,,,,,1016,
lab,0x00C2B10D20260707,L2_pair_up,"C05 XOR 0x3C",xor_popcount,4,5,1,0,0,0,0x24,0x18,0x0000000,0,0.1211,0.0998,0.0000,0,0,,,,,,1792,
lab,0x00C2B10D20260707,L3_gibbs,"C05 XOR 0x3C",xor_popcount,4,5,1,1,0,0,0x3C,0x00,0x0000000,0,1.0000,0.0000,1.0000,0,0,,,,,,29,
lab,0x00C2B10D20260707,LW_mod2_wht,"C05 XOR 0x3C",xor_popcount,4,5,1,1,0,0,0x3C,0x00,0x0000000,0,1.0000,1.0000,1.0000,0,0,,,,,,511,
lab,0x00C2B10D20260707,LG_gf2,"C05 XOR 0x3C",xor_popcount,4,5,1,1,0,0,0x3C,0x00,0x0000000,0,1.0000,1.0000,1.0000,1,45,,,,,,1,
lab,0x00C2B10D20260707,L0_tb_argmax,"C05 XOR 0x3C",xor_popcount,4,6,0,0,0,0,0x00,0x58,0x0000000,0,0.0474,0.0206,0.0000,0,0,,,,,,162,
lab,0x00C2B10D20260707,L1_single_up,"C05 XOR 0x3C",xor_popcount,4,6,0,0,0,0,0x02,0xEC,0x0000000,0,0.0549,0.0303,0.0000,0,0,,,,,,1016,
lab,0x00C2B10D20260707,L2_pair_up,"C05 XOR 0x3C",xor_popcount,4,6,1,0,0,0,0x24,0x18,0x0000000,0,0.1251,0.1061,0.0000,0,0,,,,,,1792,
lab,0x00C2B10D20260707,L3_gibbs,"C05 XOR 0x3C",xor_popcount,4,6,1,1,0,0,0x3C,0x00,0x0000000,0,1.0000,0.0000,1.0000,0,0,,,,,,29,
lab,0x00C2B10D20260707,LW_mod2_wht,"C05 XOR 0x3C",xor_popcount,4,6,1,1,0,0,0x3C,0x00,0x0000000,0,1.0000,1.0000,1.0000,0,0,,,,,,511,
lab,0x00C2B10D20260707,LG_gf2,"C05 XOR 0x3C",xor_popcount,4,6,1,1,0,0,0x3C,0x00,0x0000000,0,1.0000,1.0000,1.0000,1,45,,,,,,1,
lab,0x00C2B10D20260707,L0_tb_argmax,"C05 XOR 0x3C",xor_popcount,4,7,0,0,0,0,0x00,0x91,0x0000000,0,0.0497,-0.0109,0.0000,0,0,,,,,,162,
lab,0x00C2B10D20260707,L1_single_up,"C05 XOR 0x3C",xor_popcount,4,7,0,0,0,0,0x08,0x67,0x0000000,0,0.0600,0.0179,0.0000,0,0,,,,,,1016,
lab,0x00C2B10D20260707,L2_pair_up,"C05 XOR 0x3C",xor_popcount,4,7,1,0,0,0,0x24,0x18,0x0000000,0,0.1211,0.0980,0.0000,0,0,,,,,,1792,
lab,0x00C2B10D20260707,L3_gibbs,"C05 XOR 0x3C",xor_popcount,4,7,1,1,0,0,0x3C,0x00,0x0000000,0,1.0000,0.0000,1.0000,0,0,,,,,,29,
lab,0x00C2B10D20260707,LW_mod2_wht,"C05 XOR 0x3C",xor_popcount,4,7,1,1,0,0,0x3C,0x00,0x0000000,0,1.0000,1.0000,1.0000,0,0,,,,,,511,
lab,0x00C2B10D20260707,LG_gf2,"C05 XOR 0x3C",xor_popcount,4,7,1,1,0,0,0x3C,0x00,0x0000000,0,1.0000,1.0000,1.0000,1,45,,,,,,1,
lab,0x00C2B10D20260707,L0_tb_argmax,"C05 XOR 0x3C",xor_popcount,4,8,0,0,0,0,0x00,0x02,0x0000000,0,0.0480,0.0337,0.0000,0,0,,,,,,162,
lab,0x00C2B10D20260707,L1_single_up,"C05 XOR 0x3C",xor_popcount,4,8,1,0,0,0,0x08,0x34,0x0000000,0,0.0754,0.0487,0.0000,0,0,,,,,,1016,
lab,0x00C2B10D20260707,L2_pair_up,"C05 XOR 0x3C",xor_popcount,4,8,1,0,0,0,0x0C,0x30,0x0000000,0,0.1269,0.1138,0.0000,0,0,,,,,,1792,
lab,0x00C2B10D20260707,L3_gibbs,"C05 XOR 0x3C",xor_popcount,4,8,1,1,0,0,0x3C,0x00,0x0000000,0,1.0000,0.0000,1.0000,0,0,,,,,,29,
lab,0x00C2B10D20260707,LW_mod2_wht,"C05 XOR 0x3C",xor_popcount,4,8,1,1,0,0,0x3C,0x00,0x0000000,0,1.0000,1.0000,1.0000,0,0,,,,,,511,
lab,0x00C2B10D20260707,LG_gf2,"C05 XOR 0x3C",xor_popcount,4,8,1,1,0,0,0x3C,0x00,0x0000000,0,1.0000,1.0000,1.0000,1,45,,,,,,1,
lab,0x00C2B10D20260707,L0_tb_argmax,"C05 XOR 0x3C",xor_popcount,4,9,0,0,0,0,0x00,0x24,0x0000000,0,0.0446,0.0086,0.0000,0,0,,,,,,162,
lab,0x00C2B10D20260707,L1_single_up,"C05 XOR 0x3C",xor_popcount,4,9,0,0,0,0,0x20,0x96,0x0000000,0,0.0486,0.0321,0.0000,0,0,,,,,,1016,
lab,0x00C2B10D20260707,L2_pair_up,"C05 XOR 0x3C",xor_popcount,4,9,1,0,0,0,0x24,0x18,0x0000000,0,0.1349,0.1138,0.0000,0,0,,,,,,1792,
lab,0x00C2B10D20260707,L3_gibbs,"C05 XOR 0x3C",xor_popcount,4,9,1,1,0,0,0x3C,0x00,0x0000000,0,1.0000,0.0000,1.0000,0,0,,,,,,29,
lab,0x00C2B10D20260707,LW_mod2_wht,"C05 XOR 0x3C",xor_popcount,4,9,1,1,0,0,0x3C,0x00,0x0000000,0,1.0000,1.0000,1.0000,0,0,,,,,,511,
lab,0x00C2B10D20260707,LG_gf2,"C05 XOR 0x3C",xor_popcount,4,9,1,1,0,0,0x3C,0x00,0x0000000,0,1.0000,1.0000,1.0000,1,45,,,,,,1,
lab,0x00C2B10D20260707,L0_tb_argmax,"C05 XOR 0x3C",xor_popcount,4,10,0,0,0,0,0x00,0x23,0x0000000,0,0.0503,0.0103,0.0000,0,0,,,,,,162,
lab,0x00C2B10D20260707,L1_single_up,"C05 XOR 0x3C",xor_popcount,4,10,0,0,0,0,0x20,0x81,0x0000000,0,0.0611,0.0360,0.0000,0,0,,,,,,1016,
lab,0x00C2B10D20260707,L2_pair_up,"C05 XOR 0x3C",xor_popcount,4,10,1,0,0,0,0x24,0x18,0x0000000,0,0.1229,0.1078,0.0000,0,0,,,,,,1792,
lab,0x00C2B10D20260707,L3_gibbs,"C05 XOR 0x3C",xor_popcount,4,10,1,1,0,0,0x3C,0x00,0x0000000,0,1.0000,0.0000,1.0000,0,0,,,,,,29,
lab,0x00C2B10D20260707,LW_mod2_wht,"C05 XOR 0x3C",xor_popcount,4,10,1,1,0,0,0x3C,0x00,0x0000000,0,1.0000,1.0000,1.0000,0,0,,,,,,511,
lab,0x00C2B10D20260707,LG_gf2,"C05 XOR 0x3C",xor_popcount,4,10,1,1,0,0,0x3C,0x00,0x0000000,0,1.0000,1.0000,1.0000,1,45,,,,,,1,
lab,0x00C2B10D20260707,L0_tb_argmax,"C05 XOR 0x3C",xor_popcount,4,11,0,0,0,0,0x00,0x24,0x0000000,0,0.0566,0.0183,0.0000,0,0,,,,,,162,
lab,0x00C2B10D20260707,L1_single_up,"C05 XOR 0x3C",xor_popcount,4,11,0,0,0,0,0x04,0x3A,0x0000000,0,0.0526,0.0331,0.0000,0,0,,,,,,1016,
lab,0x00C2B10D20260707,L2_pair_up,"C05 XOR 0x3C",xor_popcount,4,11,1,0,0,0,0x24,0x18,0x0000000,0,0.1246,0.1046,0.0000,0,0,,,,,,1792,
lab,0x00C2B10D20260707,L3_gibbs,"C05 XOR 0x3C",xor_popcount,4,11,1,1,0,0,0x3C,0x00,0x0000000,0,1.0000,0.0000,1.0000,0,0,,,,,,29,
lab,0x00C2B10D20260707,LW_mod2_wht,"C05 XOR 0x3C",xor_popcount,4,11,1,1,0,0,0x3C,0x00,0x0000000,0,1.0000,1.0000,1.0000,0,0,,,,,,511,
lab,0x00C2B10D20260707,LG_gf2,"C05 XOR 0x3C",xor_popcount,4,11,1,1,0,0,0x3C,0x00,0x0000000,0,1.0000,1.0000,1.0000,1,45,,,,,,1,
lab,0x00C2B10D20260707,L0_tb_argmax,"C05 XOR 0x3C",xor_popcount,4,12,0,0,0,0,0x00,0x9A,0x0000000,0,0.0457,0.0303,0.0000,0,0,,,,,,162,
lab,0x00C2B10D20260707,L1_single_up,"C05 XOR 0x3C",xor_popcount,4,12,0,0,0,0,0x02,0x34,0x0000000,0,0.0560,0.0367,0.0000,0,0,,,,,,1016,
lab,0x00C2B10D20260707,L2_pair_up,"C05 XOR 0x3C",xor_popcount,4,12,1,0,0,0,0x28,0x14,0x0000000,0,0.1206,0.1049,0.0000,0,0,,,,,,1792,
lab,0x00C2B10D20260707,L3_gibbs,"C05 XOR 0x3C",xor_popcount,4,12,1,1,0,0,0x3C,0x00,0x0000000,0,1.0000,0.0000,1.0000,0,0,,,,,,29,
lab,0x00C2B10D20260707,LW_mod2_wht,"C05 XOR 0x3C",xor_popcount,4,12,1,1,0,0,0x3C,0x00,0x0000000,0,1.0000,1.0000,1.0000,0,0,,,,,,511,
lab,0x00C2B10D20260707,LG_gf2,"C05 XOR 0x3C",xor_popcount,4,12,1,1,0,0,0x3C,0x00,0x0000000,0,1.0000,1.0000,1.0000,1,45,,,,,,1,
lab,0x00C2B10D20260707,L0_tb_argmax,"C05 XOR 0x3C",xor_popcount,4,13,0,0,0,0,0x00,0x24,0x0000000,0,0.0531,0.0131,0.0000,0,0,,,,,,162,
lab,0x00C2B10D20260707,L1_single_up,"C05 XOR 0x3C",xor_popcount,4,13,0,0,0,0,0x08,0x41,0x0000000,0,0.0566,0.0267,0.0000,0,0,,,,,,1016,
lab,0x00C2B10D20260707,L2_pair_up,"C05 XOR 0x3C",xor_popcount,4,13,1,0,0,0,0x24,0x18,0x0000000,0,0.1160,0.1070,0.0000,0,0,,,,,,1792,
lab,0x00C2B10D20260707,L3_gibbs,"C05 XOR 0x3C",xor_popcount,4,13,1,1,0,0,0x3C,0x00,0x0000000,0,1.0000,0.0000,1.0000,0,0,,,,,,29,
lab,0x00C2B10D20260707,LW_mod2_wht,"C05 XOR 0x3C",xor_popcount,4,13,1,1,0,0,0x3C,0x00,0x0000000,0,1.0000,1.0000,1.0000,0,0,,,,,,511,
lab,0x00C2B10D20260707,LG_gf2,"C05 XOR 0x3C",xor_popcount,4,13,1,1,0,0,0x3C,0x00,0x0000000,0,1.0000,1.0000,1.0000,1,45,,,,,,1,
lab,0x00C2B10D20260707,L0_tb_argmax,"C05 XOR 0x3C",xor_popcount,4,14,0,0,0,0,0x00,0x02,0x0000000,0,0.0486,0.0034,0.0000,0,0,,,,,,162,
lab,0x00C2B10D20260707,L1_single_up,"C05 XOR 0x3C",xor_popcount,4,14,0,0,0,0,0x08,0x41,0x0000000,0,0.0577,0.0286,0.0000,0,0,,,,,,1016,
lab,0x00C2B10D20260707,L2_pair_up,"C05 XOR 0x3C",xor_popcount,4,14,1,0,0,0,0x24,0x18,0x0000000,0,0.1211,0.0998,0.0000,0,0,,,,,,1792,
lab,0x00C2B10D20260707,L3_gibbs,"C05 XOR 0x3C",xor_popcount,4,14,1,1,0,0,0x3C,0x00,0x0000000,0,1.0000,0.0000,1.0000,0,0,,,,,,29,
lab,0x00C2B10D20260707,LW_mod2_wht,"C05 XOR 0x3C",xor_popcount,4,14,1,1,0,0,0x3C,0x00,0x0000000,0,1.0000,1.0000,1.0000,0,0,,,,,,511,
lab,0x00C2B10D20260707,LG_gf2,"C05 XOR 0x3C",xor_popcount,4,14,1,1,0,0,0x3C,0x00,0x0000000,0,1.0000,1.0000,1.0000,1,45,,,,,,1,
lab,0x00C2B10D20260707,L0_tb_argmax,"C05 XOR 0x3C",xor_popcount,4,15,0,0,0,0,0x00,0x24,0x0000000,0,0.0429,0.0143,0.0000,0,0,,,,,,162,
lab,0x00C2B10D20260707,L1_single_up,"C05 XOR 0x3C",xor_popcount,4,15,0,0,0,0,0x01,0x22,0x0000000,0,0.0526,0.0296,0.0000,0,0,,,,,,1016,
lab,0x00C2B10D20260707,L2_pair_up,"C05 XOR 0x3C",xor_popcount,4,15,1,0,0,0,0x30,0x0C,0x0000000,0,0.1114,0.1037,0.0000,0,0,,,,,,1792,
lab,0x00C2B10D20260707,L3_gibbs,"C05 XOR 0x3C",xor_popcount,4,15,1,1,0,0,0x3C,0x00,0x0000000,0,1.0000,0.0000,1.0000,0,0,,,,,,29,
lab,0x00C2B10D20260707,LW_mod2_wht,"C05 XOR 0x3C",xor_popcount,4,15,1,1,0,0,0x3C,0x00,0x0000000,0,1.0000,1.0000,1.0000,0,0,,,,,,511,
lab,0x00C2B10D20260707,LG_gf2,"C05 XOR 0x3C",xor_popcount,4,15,1,1,0,0,0x3C,0x00,0x0000000,0,1.0000,1.0000,1.0000,1,45,,,,,,1,
lab,0x00C2B10D20260707,L0_tb_argmax,"C05 XOR 0x3C",xor_popcount,4,16,0,0,0,0,0x00,0x11,0x0000000,0,0.0463,0.0149,0.0000,0,0,,,,,,162,
lab,0x00C2B10D20260707,L1_single_up,"C05 XOR 0x3C",xor_popcount,4,16,0,0,0,0,0x40,0x12,0x0000000,0,0.0560,0.0240,0.0000,0,0,,,,,,1016,
lab,0x00C2B10D20260707,L2_pair_up,"C05 XOR 0x3C",xor_popcount,4,16,1,0,0,0,0x24,0x18,0x0000000,0,0.1154,0.0994,0.0000,0,0,,,,,,1792,
lab,0x00C2B10D20260707,L3_gibbs,"C05 XOR 0x3C",xor_popcount,4,16,1,1,0,0,0x3C,0x00,0x0000000,0,1.0000,0.0000,1.0000,0,0,,,,,,29,
lab,0x00C2B10D20260707,LW_mod2_wht,"C05 XOR 0x3C",xor_popcount,4,16,1,1,0,0,0x3C,0x00,0x0000000,0,1.0000,1.0000,1.0000,0,0,,,,,,511,
lab,0x00C2B10D20260707,LG_gf2,"C05 XOR 0x3C",xor_popcount,4,16,1,1,0,0,0x3C,0x00,0x0000000,0,1.0000,1.0000,1.0000,1,45,,,,,,1,
lab,0x00C2B10D20260707,L0_tb_argmax,"C05 XOR 0x3C",xor_popcount,4,17,0,0,0,0,0x00,0x24,0x0000000,0,0.0486,0.0109,0.0000,0,0,,,,,,162,
lab,0x00C2B10D20260707,L1_single_up,"C05 XOR 0x3C",xor_popcount,4,17,0,0,0,0,0x01,0xFC,0x0000000,0,0.0611,0.0310,0.0000,0,0,,,,,,1016,
lab,0x00C2B10D20260707,L2_pair_up,"C05 XOR 0x3C",xor_popcount,4,17,1,0,0,0,0x24,0x18,0x0000000,0,0.1309,0.1035,0.0000,0,0,,,,,,1792,
lab,0x00C2B10D20260707,L3_gibbs,"C05 XOR 0x3C",xor_popcount,4,17,1,1,0,0,0x3C,0x00,0x0000000,0,1.0000,0.0000,1.0000,0,0,,,,,,29,
lab,0x00C2B10D20260707,LW_mod2_wht,"C05 XOR 0x3C",xor_popcount,4,17,1,1,0,0,0x3C,0x00,0x0000000,0,1.0000,1.0000,1.0000,0,0,,,,,,511,
lab,0x00C2B10D20260707,LG_gf2,"C05 XOR 0x3C",xor_popcount,4,17,1,1,0,0,0x3C,0x00,0x0000000,0,1.0000,1.0000,1.0000,1,45,,,,,,1,
lab,0x00C2B10D20260707,L0_tb_argmax,"C05 XOR 0x3C",xor_popcount,4,18,0,0,0,0,0x00,0x02,0x0000000,0,0.0583,0.0120,0.0000,0,0,,,,,,162,
lab,0x00C2B10D20260707,L1_single_up,"C05 XOR 0x3C",xor_popcount,4,18,0,0,0,0,0x08,0x61,0x0000000,0,0.0514,0.0307,0.0000,0,0,,,,,,1016,
lab,0x00C2B10D20260707,L2_pair_up,"C05 XOR 0x3C",xor_popcount,4,18,1,0,0,0,0x24,0x18,0x0000000,0,0.1354,0.1068,0.0000,0,0,,,,,,1792,
lab,0x00C2B10D20260707,L3_gibbs,"C05 XOR 0x3C",xor_popcount,4,18,1,1,0,0,0x3C,0x00,0x0000000,0,1.0000,0.0000,1.0000,0,0,,,,,,29,
lab,0x00C2B10D20260707,LW_mod2_wht,"C05 XOR 0x3C",xor_popcount,4,18,1,1,0,0,0x3C,0x00,0x0000000,0,1.0000,1.0000,1.0000,0,0,,,,,,511,
lab,0x00C2B10D20260707,LG_gf2,"C05 XOR 0x3C",xor_popcount,4,18,1,1,0,0,0x3C,0x00,0x0000000,0,1.0000,1.0000,1.0000,1,45,,,,,,1,
lab,0x00C2B10D20260707,L0_tb_argmax,"C05 XOR 0x3C",xor_popcount,4,19,0,0,0,0,0x00,0x91,0x0000000,0,0.0440,-0.0034,0.0000,0,0,,,,,,162,
lab,0x00C2B10D20260707,L1_single_up,"C05 XOR 0x3C",xor_popcount,4,19,0,0,0,0,0x08,0x41,0x0000000,0,0.0686,0.0254,0.0000,0,0,,,,,,1016,
lab,0x00C2B10D20260707,L2_pair_up,"C05 XOR 0x3C",xor_popcount,4,19,1,0,0,0,0x24,0x18,0x0000000,0,0.1177,0.1010,0.0000,0,0,,,,,,1792,
lab,0x00C2B10D20260707,L3_gibbs,"C05 XOR 0x3C",xor_popcount,4,19,1,1,0,0,0x3C,0x00,0x0000000,0,1.0000,0.0000,1.0000,0,0,,,,,,29,
lab,0x00C2B10D20260707,LW_mod2_wht,"C05 XOR 0x3C",xor_popcount,4,19,1,1,0,0,0x3C,0x00,0x0000000,0,1.0000,1.0000,1.0000,0,0,,,,,,511,
lab,0x00C2B10D20260707,LG_gf2,"C05 XOR 0x3C",xor_popcount,4,19,1,1,0,0,0x3C,0x00,0x0000000,0,1.0000,1.0000,1.0000,1,45,,,,,,1,
lab,0x00C2B10D20260707,L0_tb_argmax,"C06 XOR 0x66",xor_popcount,4,0,0,0,0,0,0x00,0x1C,0x0000000,0,0.0457,0.0337,0.0000,0,0,,,,,,162,
lab,0x00C2B10D20260707,L1_single_up,"C06 XOR 0x66",xor_popcount,4,0,0,0,0,0,0x20,0x4F,0x0000000,0,0.0503,0.0299,0.0000,0,0,,,,,,1016,
lab,0x00C2B10D20260707,L2_pair_up,"C06 XOR 0x66",xor_popcount,4,0,1,0,0,0,0x24,0x42,0x0000000,0,0.1080,0.0887,0.0000,0,0,,,,,,1792,
lab,0x00C2B10D20260707,L3_gibbs,"C06 XOR 0x66",xor_popcount,4,0,1,1,0,0,0x66,0x00,0x0000000,0,1.0000,0.0000,1.0000,0,0,,,,,,29,
lab,0x00C2B10D20260707,LW_mod2_wht,"C06 XOR 0x66",xor_popcount,4,0,1,1,0,0,0x66,0x00,0x0000000,0,1.0000,1.0000,1.0000,0,0,,,,,,511,
lab,0x00C2B10D20260707,LG_gf2,"C06 XOR 0x66",xor_popcount,4,0,1,1,0,0,0x66,0x00,0x0000000,0,1.0000,1.0000,1.0000,1,45,,,,,,1,
lab,0x00C2B10D20260707,L0_tb_argmax,"C06 XOR 0x66",xor_popcount,4,1,0,0,0,0,0x00,0xD8,0x0000000,0,0.0480,0.0423,0.0000,0,0,,,,,,162,
lab,0x00C2B10D20260707,L1_single_up,"C06 XOR 0x66",xor_popcount,4,1,1,0,0,0,0x04,0x62,0x0000000,0,0.0629,0.0431,0.0000,0,0,,,,,,1016,
lab,0x00C2B10D20260707,L2_pair_up,"C06 XOR 0x66",xor_popcount,4,1,1,0,0,0,0x24,0x42,0x0000000,0,0.1280,0.1093,0.0000,0,0,,,,,,1792,
lab,0x00C2B10D20260707,L3_gibbs,"C06 XOR 0x66",xor_popcount,4,1,1,1,0,0,0x66,0x00,0x0000000,0,1.0000,0.0000,1.0000,0,0,,,,,,29,
lab,0x00C2B10D20260707,LW_mod2_wht,"C06 XOR 0x66",xor_popcount,4,1,1,1,0,0,0x66,0x00,0x0000000,0,1.0000,1.0000,1.0000,0,0,,,,,,511,
lab,0x00C2B10D20260707,LG_gf2,"C06 XOR 0x66",xor_popcount,4,1,1,1,0,0,0x66,0x00,0x0000000,0,1.0000,1.0000,1.0000,1,45,,,,,,1,
lab,0x00C2B10D20260707,L0_tb_argmax,"C06 XOR 0x66",xor_popcount,4,2,0,0,0,0,0x00,0x1C,0x0000000,0,0.0423,0.0240,0.0000,0,0,,,,,,162,
lab,0x00C2B10D20260707,L1_single_up,"C06 XOR 0x66",xor_popcount,4,2,0,0,0,0,0x10,0x8A,0x0000000,0,0.0520,0.0263,0.0000,0,0,,,,,,1016,
lab,0x00C2B10D20260707,L2_pair_up,"C06 XOR 0x66",xor_popcount,4,2,1,0,0,0,0x24,0x42,0x0000000,0,0.1417,0.0956,0.0000,0,0,,,,,,1792,
lab,0x00C2B10D20260707,L3_gibbs,"C06 XOR 0x66",xor_popcount,4,2,1,1,0,0,0x66,0x00,0x0000000,0,1.0000,0.0000,1.0000,0,0,,,,,,29,
lab,0x00C2B10D20260707,LW_mod2_wht,"C06 XOR 0x66",xor_popcount,4,2,1,1,0,0,0x66,0x00,0x0000000,0,1.0000,1.0000,1.0000,0,0,,,,,,511,
lab,0x00C2B10D20260707,LG_gf2,"C06 XOR 0x66",xor_popcount,4,2,1,1,0,0,0x66,0x00,0x0000000,0,1.0000,1.0000,1.0000,1,45,,,,,,1,
lab,0x00C2B10D20260707,L0_tb_argmax,"C06 XOR 0x66",xor_popcount,4,3,0,0,0,0,0x00,0x4D,0x0000000,0,0.0474,0.0349,0.0000,0,0,,,,,,162,
lab,0x00C2B10D20260707,L1_single_up,"C06 XOR 0x66",xor_popcount,4,3,0,0,0,0,0x10,0x26,0x0000000,0,0.0531,0.0381,0.0000,0,0,,,,,,1016,
lab,0x00C2B10D20260707,L2_pair_up,"C06 XOR 0x66",xor_popcount,4,3,1,0,0,0,0x24,0x42,0x0000000,0,0.1451,0.1022,0.0000,0,0,,,,,,1792,
lab,0x00C2B10D20260707,L3_gibbs,"C06 XOR 0x66",xor_popcount,4,3,1,1,0,0,0x66,0x00,0x0000000,0,1.0000,0.0000,1.0000,0,0,,,,,,29,
lab,0x00C2B10D20260707,LW_mod2_wht,"C06 XOR 0x66",xor_popcount,4,3,1,1,0,0,0x66,0x00,0x0000000,0,1.0000,1.0000,1.0000,0,0,,,,,,511,
lab,0x00C2B10D20260707,LG_gf2,"C06 XOR 0x66",xor_popcount,4,3,1,1,0,0,0x66,0x00,0x0000000,0,1.0000,1.0000,1.0000,1,45,,,,,,1,
lab,0x00C2B10D20260707,L0_tb_argmax,"C06 XOR 0x66",xor_popcount,4,4,0,0,0,0,0x00,0x21,0x0000000,0,0.0531,0.0354,0.0000,0,0,,,,,,162,
lab,0x00C2B10D20260707,L1_single_up,"C06 XOR 0x66",xor_popcount,4,4,0,0,0,0,0x08,0x31,0x0000000,0,0.0566,0.0377,0.0000,0,0,,,,,,1016,
lab,0x00C2B10D20260707,L2_pair_up,"C06 XOR 0x66",xor_popcount,4,4,1,0,0,0,0x24,0x42,0x0000000,0,0.1229,0.1044,0.0000,0,0,,,,,,1792,
lab,0x00C2B10D20260707,L3_gibbs,"C06 XOR 0x66",xor_popcount,4,4,1,1,0,0,0x66,0x00,0x0000000,0,1.0000,0.0000,1.0000,0,0,,,,,,29,
lab,0x00C2B10D20260707,LW_mod2_wht,"C06 XOR 0x66",xor_popcount,4,4,1,1,0,0,0x66,0x00,0x0000000,0,1.0000,1.0000,1.0000,0,0,,,,,,511,
lab,0x00C2B10D20260707,LG_gf2,"C06 XOR 0x66",xor_popcount,4,4,1,1,0,0,0x66,0x00,0x0000000,0,1.0000,1.0000,1.0000,1,45,,,,,,1,
lab,0x00C2B10D20260707,L0_tb_argmax,"C06 XOR 0x66",xor_popcount,4,5,0,0,0,0,0x00,0x20,0x0000000,0,0.0349,0.0240,0.0000,0,0,,,,,,162,
lab,0x00C2B10D20260707,L1_single_up,"C06 XOR 0x66",xor_popcount,4,5,0,0,0,0,0x20,0x1D,0x0000000,0,0.0629,0.0271,0.0000,0,0,,,,,,1016,
lab,0x00C2B10D20260707,L2_pair_up,"C06 XOR 0x66",xor_popcount,4,5,1,0,0,0,0x24,0x42,0x0000000,0,0.1200,0.0937,0.0000,0,0,,,,,,1792,
lab,0x00C2B10D20260707,L3_gibbs,"C06 XOR 0x66",xor_popcount,4,5,1,1,0,0,0x66,0x00,0x0000000,0,1.0000,0.0000,1.0000,0,0,,,,,,29,
lab,0x00C2B10D20260707,LW_mod2_wht,"C06 XOR 0x66",xor_popcount,4,5,1,1,0,0,0x66,0x00,0x0000000,0,1.0000,1.0000,1.0000,0,0,,,,,,511,
lab,0x00C2B10D20260707,LG_gf2,"C06 XOR 0x66",xor_popcount,4,5,1,1,0,0,0x66,0x00,0x0000000,0,1.0000,1.0000,1.0000,1,45,,,,,,1,
lab,0x00C2B10D20260707,L0_tb_argmax,"C06 XOR 0x66",xor_popcount,4,6,0,0,0,0,0x00,0x4D,0x0000000,0,0.0446,0.0314,0.0000,0,0,,,,,,162,
lab,0x00C2B10D20260707,L1_single_up,"C06 XOR 0x66",xor_popcount,4,6,0,0,0,0,0x02,0x7D,0x0000000,0,0.0531,0.0401,0.0000,0,0,,,,,,1016,
lab,0x00C2B10D20260707,L2_pair_up,"C06 XOR 0x66",xor_popcount,4,6,1,0,0,0,0x24,0x42,0x0000000,0,0.1326,0.1100,0.0000,0,0,,,,,,1792,
lab,0x00C2B10D20260707,L3_gibbs,"C06 XOR 0x66",xor_popcount,4,6,1,1,0,0,0x66,0x00,0x0000000,0,1.0000,0.0000,1.0000,0,0,,,,,,29,
lab,0x00C2B10D20260707,LW_mod2_wht,"C06 XOR 0x66",xor_popcount,4,6,1,1,0,0,0x66,0x00,0x0000000,0,1.0000,1.0000,1.0000,0,0,,,,,,511,
lab,0x00C2B10D20260707,LG_gf2,"C06 XOR 0x66",xor_popcount,4,6,1,1,0,0,0x66,0x00,0x0000000,0,1.0000,1.0000,1.0000,1,45,,,,,,1,
lab,0x00C2B10D20260707,L0_tb_argmax,"C06 XOR 0x66",xor_popcount,4,7,0,0,0,0,0x00,0x41,0x0000000,0,0.0446,0.0217,0.0000,0,0,,,,,,162,
lab,0x00C2B10D20260707,L1_single_up,"C06 XOR 0x66",xor_popcount,4,7,1,0,0,0,0x04,0x62,0x0000000,0,0.0543,0.0303,0.0000,0,0,,,,,,1016,
lab,0x00C2B10D20260707,L2_pair_up,"C06 XOR 0x66",xor_popcount,4,7,1,0,0,0,0x24,0x42,0x0000000,0,0.1303,0.1010,0.0000,0,0,,,,,,1792,
lab,0x00C2B10D20260707,L3_gibbs,"C06 XOR 0x66",xor_popcount,4,7,1,1,0,0,0x66,0x00,0x0000000,0,1.0000,0.0000,1.0000,0,0,,,,,,29,
lab,0x00C2B10D20260707,LW_mod2_wht,"C06 XOR 0x66",xor_popcount,4,7,1,1,0,0,0x66,0x00,0x0000000,0,1.0000,1.0000,1.0000,0,0,,,,,,511,
lab,0x00C2B10D20260707,LG_gf2,"C06 XOR 0x66",xor_popcount,4,7,1,1,0,0,0x66,0x00,0x0000000,0,1.0000,1.0000,1.0000,1,45,,,,,,1,
lab,0x00C2B10D20260707,L0_tb_argmax,"C06 XOR 0x66",xor_popcount,4,8,0,0,0,0,0x00,0x36,0x0000000,0,0.0509,0.0194,0.0000,0,0,,,,,,162,
lab,0x00C2B10D20260707,L1_single_up,"C06 XOR 0x66",xor_popcount,4,8,1,0,0,0,0x04,0x62,0x0000000,0,0.0594,0.0394,0.0000,0,0,,,,,,1016,
lab,0x00C2B10D20260707,L2_pair_up,"C06 XOR 0x66",xor_popcount,4,8,1,0,0,0,0x24,0x42,0x0000000,0,0.1223,0.1017,0.0000,0,0,,,,,,1792,
lab,0x00C2B10D20260707,L3_gibbs,"C06 XOR 0x66",xor_popcount,4,8,1,1,0,0,0x66,0x00,0x0000000,0,1.0000,0.0000,1.0000,0,0,,,,,,29,
lab,0x00C2B10D20260707,LW_mod2_wht,"C06 XOR 0x66",xor_popcount,4,8,1,1,0,0,0x66,0x00,0x0000000,0,1.0000,1.0000,1.0000,0,0,,,,,,511,
lab,0x00C2B10D20260707,LG_gf2,"C06 XOR 0x66",xor_popcount,4,8,1,1,0,0,0x66,0x00,0x0000000,0,1.0000,1.0000,1.0000,1,45,,,,,,1,
lab,0x00C2B10D20260707,L0_tb_argmax,"C06 XOR 0x66",xor_popcount,4,9,0,0,0,0,0x00,0x11,0x0000000,0,0.0423,0.0154,0.0000,0,0,,,,,,162,
lab,0x00C2B10D20260707,L1_single_up,"C06 XOR 0x66",xor_popcount,4,9,0,0,0,0,0x20,0x4F,0x0000000,0,0.0560,0.0281,0.0000,0,0,,,,,,1016,
lab,0x00C2B10D20260707,L2_pair_up,"C06 XOR 0x66",xor_popcount,4,9,1,0,0,0,0x24,0x42,0x0000000,0,0.1326,0.1001,0.0000,0,0,,,,,,1792,
lab,0x00C2B10D20260707,L3_gibbs,"C06 XOR 0x66",xor_popcount,4,9,1,1,0,0,0x66,0x00,0x0000000,0,1.0000,0.0000,1.0000,0,0,,,,,,29,
lab,0x00C2B10D20260707,LW_mod2_wht,"C06 XOR 0x66",xor_popcount,4,9,1,1,0,0,0x66,0x00,0x0000000,0,1.0000,1.0000,1.0000,0,0,,,,,,511,
lab,0x00C2B10D20260707,LG_gf2,"C06 XOR 0x66",xor_popcount,4,9,1,1,0,0,0x66,0x00,0x0000000,0,1.0000,1.0000,1.0000,1,45,,,,,,1,
lab,0x00C2B10D20260707,L0_tb_argmax,"C06 XOR 0x66",xor_popcount,4,10,0,0,0,0,0x00,0xC5,0x0000000,0,0.0509,0.0269,0.0000,0,0,,,,,,162,
lab,0x00C2B10D20260707,L1_single_up,"C06 XOR 0x66",xor_popcount,4,10,0,0,0,0,0x40,0x11,0x0000000,0,0.0531,0.0270,0.0000,0,0,,,,,,1016,
lab,0x00C2B10D20260707,L2_pair_up,"C06 XOR 0x66",xor_popcount,4,10,1,0,0,0,0x24,0x42,0x0000000,0,0.1154,0.1001,0.0000,0,0,,,,,,1792,
lab,0x00C2B10D20260707,L3_gibbs,"C06 XOR 0x66",xor_popcount,4,10,1,1,0,0,0x66,0x00,0x0000000,0,1.0000,0.0000,1.0000,0,0,,,,,,29,
lab,0x00C2B10D20260707,LW_mod2_wht,"C06 XOR 0x66",xor_popcount,4,10,1,1,0,0,0x66,0x00,0x0000000,0,1.0000,1.0000,1.0000,0,0,,,,,,511,
lab,0x00C2B10D20260707,LG_gf2,"C06 XOR 0x66",xor_popcount,4,10,1,1,0,0,0x66,0x00,0x0000000,0,1.0000,1.0000,1.0000,1,45,,,,,,1,
lab,0x00C2B10D20260707,L0_tb_argmax,"C06 XOR 0x66",xor_popcount,4,11,0,0,0,0,0x00,0xC5,0x0000000,0,0.0463,0.0263,0.0000,0,0,,,,,,162,
lab,0x00C2B10D20260707,L1_single_up,"C06 XOR 0x66",xor_popcount,4,11,0,0,0,0,0x20,0x05,0x0000000,0,0.0531,0.0277,0.0000,0,0,,,,,,1016,
lab,0x00C2B10D20260707,L2_pair_up,"C06 XOR 0x66",xor_popcount,4,11,1,0,0,0,0x24,0x42,0x0000000,0,0.1189,0.0979,0.0000,0,0,,,,,,1792,
lab,0x00C2B10D20260707,L3_gibbs,"C06 XOR 0x66",xor_popcount,4,11,1,1,0,0,0x66,0x00,0x0000000,0,1.0000,0.0000,1.0000,0,0,,,,,,29,
lab,0x00C2B10D20260707,LW_mod2_wht,"C06 XOR 0x66",xor_popcount,4,11,1,1,0,0,0x66,0x00,0x0000000,0,1.0000,1.0000,1.0000,0,0,,,,,,511,
lab,0x00C2B10D20260707,LG_gf2,"C06 XOR 0x66",xor_popcount,4,11,1,1,0,0,0x66,0x00,0x0000000,0,1.0000,1.0000,1.0000,1,45,,,,,,1,
lab,0x00C2B10D20260707,L0_tb_argmax,"C06 XOR 0x66",xor_popcount,4,12,0,0,0,0,0x00,0x1C,0x0000000,0,0.0446,0.0377,0.0000,0,0,,,,,,162,
lab,0x00C2B10D20260707,L1_single_up,"C06 XOR 0x66",xor_popcount,4,12,1,0,0,0,0x04,0x62,0x0000000,0,0.0589,0.0346,0.0000,0,0,,,,,,1016,
lab,0x00C2B10D20260707,L2_pair_up,"C06 XOR 0x66",xor_popcount,4,12,1,0,0,0,0x24,0x42,0x0000000,0,0.1137,0.0914,0.0000,0,0,,,,,,1792,
lab,0x00C2B10D20260707,L3_gibbs,"C06 XOR 0x66",xor_popcount,4,12,1,1,0,0,0x66,0x00,0x0000000,0,1.0000,0.0000,1.0000,0,0,,,,,,29,
lab,0x00C2B10D20260707,LW_mod2_wht,"C06 XOR 0x66",xor_popcount,4,12,1,1,0,0,0x66,0x00,0x0000000,0,1.0000,1.0000,1.0000,0,0,,,,,,511,
lab,0x00C2B10D20260707,LG_gf2,"C06 XOR 0x66",xor_popcount,4,12,1,1,0,0,0x66,0x00,0x0000000,0,1.0000,1.0000,1.0000,1,45,,,,,,1,
lab,0x00C2B10D20260707,L0_tb_argmax,"C06 XOR 0x66",xor_popcount,4,13,0,0,0,0,0x00,0xA1,0x0000000,0,0.0440,0.0354,0.0000,0,0,,,,,,162,
lab,0x00C2B10D20260707,L1_single_up,"C06 XOR 0x66",xor_popcount,4,13,1,0,0,0,0x02,0x64,0x0000000,0,0.0526,0.0360,0.0000,0,0,,,,,,1016,
lab,0x00C2B10D20260707,L2_pair_up,"C06 XOR 0x66",xor_popcount,4,13,1,0,0,0,0x24,0x42,0x0000000,0,0.1291,0.1032,0.0000,0,0,,,,,,1792,
lab,0x00C2B10D20260707,L3_gibbs,"C06 XOR 0x66",xor_popcount,4,13,1,1,0,0,0x66,0x00,0x0000000,0,1.0000,0.0000,1.0000,0,0,,,,,,29,
lab,0x00C2B10D20260707,LW_mod2_wht,"C06 XOR 0x66",xor_popcount,4,13,1,1,0,0,0x66,0x00,0x0000000,0,1.0000,1.0000,1.0000,0,0,,,,,,511,
lab,0x00C2B10D20260707,LG_gf2,"C06 XOR 0x66",xor_popcount,4,13,1,1,0,0,0x66,0x00,0x0000000,0,1.0000,1.0000,1.0000,1,45,,,,,,1,
lab,0x00C2B10D20260707,L0_tb_argmax,"C06 XOR 0x66",xor_popcount,4,14,0,0,0,0,0x00,0x47,0x0000000,0,0.0463,0.0166,0.0000,0,0,,,,,,162,
lab,0x00C2B10D20260707,L1_single_up,"C06 XOR 0x66",xor_popcount,4,14,0,0,0,0,0x80,0x42,0x0000000,0,0.0514,0.0279,0.0000,0,0,,,,,,1016,
lab,0x00C2B10D20260707,L2_pair_up,"C06 XOR 0x66",xor_popcount,4,14,1,0,0,0,0x24,0x42,0x0000000,0,0.1286,0.1022,0.0000,0,0,,,,,,1792,
lab,0x00C2B10D20260707,L3_gibbs,"C06 XOR 0x66",xor_popcount,4,14,1,1,0,0,0x66,0x00,0x0000000,0,1.0000,0.0000,1.0000,0,0,,,,,,29,
lab,0x00C2B10D20260707,LW_mod2_wht,"C06 XOR 0x66",xor_popcount,4,14,1,1,0,0,0x66,0x00,0x0000000,0,1.0000,1.0000,1.0000,0,0,,,,,,511,
lab,0x00C2B10D20260707,LG_gf2,"C06 XOR 0x66",xor_popcount,4,14,1,1,0,0,0x66,0x00,0x0000000,0,1.0000,1.0000,1.0000,1,45,,,,,,1,
lab,0x00C2B10D20260707,L0_tb_argmax,"C06 XOR 0x66",xor_popcount,4,15,0,0,0,0,0x00,0x52,0x0000000,0,0.0417,0.0120,0.0000,0,0,,,,,,162,
lab,0x00C2B10D20260707,L1_single_up,"C06 XOR 0x66",xor_popcount,4,15,0,0,0,0,0x20,0x44,0x0000000,0,0.0537,0.0236,0.0000,0,0,,,,,,1016,
lab,0x00C2B10D20260707,L2_pair_up,"C06 XOR 0x66",xor_popcount,4,15,1,0,0,0,0x24,0x42,0x0000000,0,0.1280,0.0984,0.0000,0,0,,,,,,1792,
lab,0x00C2B10D20260707,L3_gibbs,"C06 XOR 0x66",xor_popcount,4,15,1,1,0,0,0x66,0x00,0x0000000,0,1.0000,0.0000,1.0000,0,0,,,,,,29,
lab,0x00C2B10D20260707,LW_mod2_wht,"C06 XOR 0x66",xor_popcount,4,15,1,1,0,0,0x66,0x00,0x0000000,0,1.0000,1.0000,1.0000,0,0,,,,,,511,
lab,0x00C2B10D20260707,LG_gf2,"C06 XOR 0x66",xor_popcount,4,15,1,1,0,0,0x66,0x00,0x0000000,0,1.0000,1.0000,1.0000,1,45,,,,,,1,
lab,0x00C2B10D20260707,L0_tb_argmax,"C06 XOR 0x66",xor_popcount,4,16,1,0,0,0,0x00,0x66,0x0000000,0,0.0514,0.0514,0.0000,0,0,,,,,,162,
lab,0x00C2B10D20260707,L1_single_up,"C06 XOR 0x66",xor_popcount,4,16,0,0,0,0,0x80,0x18,0x0000000,0,0.0634,0.0354,0.0000,0,0,,,,,,1016,
lab,0x00C2B10D20260707,L2_pair_up,"C06 XOR 0x66",xor_popcount,4,16,1,0,0,0,0x24,0x42,0x0000000,0,0.1429,0.0960,0.0000,0,0,,,,,,1792,
lab,0x00C2B10D20260707,L3_gibbs,"C06 XOR 0x66",xor_popcount,4,16,1,1,0,0,0x66,0x00,0x0000000,0,1.0000,0.0000,1.0000,0,0,,,,,,29,
lab,0x00C2B10D20260707,LW_mod2_wht,"C06 XOR 0x66",xor_popcount,4,16,1,1,0,0,0x66,0x00,0x0000000,0,1.0000,1.0000,1.0000,0,0,,,,,,511,
lab,0x00C2B10D20260707,LG_gf2,"C06 XOR 0x66",xor_popcount,4,16,1,1,0,0,0x66,0x00,0x0000000,0,1.0000,1.0000,1.0000,1,45,,,,,,1,
lab,0x00C2B10D20260707,L0_tb_argmax,"C06 XOR 0x66",xor_popcount,4,17,0,0,0,0,0x00,0x03,0x0000000,0,0.0451,0.0274,0.0000,0,0,,,,,,162,
lab,0x00C2B10D20260707,L1_single_up,"C06 XOR 0x66",xor_popcount,4,17,0,0,0,0,0x80,0x23,0x0000000,0,0.0491,0.0354,0.0000,0,0,,,,,,1016,
lab,0x00C2B10D20260707,L2_pair_up,"C06 XOR 0x66",xor_popcount,4,17,1,0,0,0,0x24,0x42,0x0000000,0,0.1120,0.1027,0.0000,0,0,,,,,,1792,
lab,0x00C2B10D20260707,L3_gibbs,"C06 XOR 0x66",xor_popcount,4,17,1,1,0,0,0x66,0x00,0x0000000,0,1.0000,0.0000,1.0000,0,0,,,,,,29,
lab,0x00C2B10D20260707,LW_mod2_wht,"C06 XOR 0x66",xor_popcount,4,17,1,1,0,0,0x66,0x00,0x0000000,0,1.0000,1.0000,1.0000,0,0,,,,,,511,
lab,0x00C2B10D20260707,LG_gf2,"C06 XOR 0x66",xor_popcount,4,17,1,1,0,0,0x66,0x00,0x0000000,0,1.0000,1.0000,1.0000,1,45,,,,,,1,
lab,0x00C2B10D20260707,L0_tb_argmax,"C06 XOR 0x66",xor_popcount,4,18,0,0,0,0,0x00,0x99,0x0000000,0,0.0651,0.0217,0.0000,0,0,,,,,,162,
lab,0x00C2B10D20260707,L1_single_up,"C06 XOR 0x66",xor_popcount,4,18,0,0,0,0,0x20,0x44,0x0000000,0,0.0554,0.0306,0.0000,0,0,,,,,,1016,
lab,0x00C2B10D20260707,L2_pair_up,"C06 XOR 0x66",xor_popcount,4,18,1,0,0,0,0x24,0x42,0x0000000,0,0.1183,0.0930,0.0000,0,0,,,,,,1792,
lab,0x00C2B10D20260707,L3_gibbs,"C06 XOR 0x66",xor_popcount,4,18,1,1,0,0,0x66,0x00,0x0000000,0,1.0000,0.0000,1.0000,0,0,,,,,,29,
lab,0x00C2B10D20260707,LW_mod2_wht,"C06 XOR 0x66",xor_popcount,4,18,1,1,0,0,0x66,0x00,0x0000000,0,1.0000,1.0000,1.0000,0,0,,,,,,511,
lab,0x00C2B10D20260707,LG_gf2,"C06 XOR 0x66",xor_popcount,4,18,1,1,0,0,0x66,0x00,0x0000000,0,1.0000,1.0000,1.0000,1,45,,,,,,1,
lab,0x00C2B10D20260707,L0_tb_argmax,"C06 XOR 0x66",xor_popcount,4,19,0,0,0,0,0x00,0x1C,0x0000000,0,0.0486,0.0297,0.0000,0,0,,,,,,162,
lab,0x00C2B10D20260707,L1_single_up,"C06 XOR 0x66",xor_popcount,4,19,0,0,0,0,0x20,0x4F,0x0000000,0,0.0531,0.0251,0.0000,0,0,,,,,,1016,
lab,0x00C2B10D20260707,L2_pair_up,"C06 XOR 0x66",xor_popcount,4,19,1,0,0,0,0x24,0x42,0x0000000,0,0.1337,0.0954,0.0000,0,0,,,,,,1792,
lab,0x00C2B10D20260707,L3_gibbs,"C06 XOR 0x66",xor_popcount,4,19,1,1,0,0,0x66,0x00,0x0000000,0,1.0000,0.0000,1.0000,0,0,,,,,,29,
lab,0x00C2B10D20260707,LW_mod2_wht,"C06 XOR 0x66",xor_popcount,4,19,1,1,0,0,0x66,0x00,0x0000000,0,1.0000,1.0000,1.0000,0,0,,,,,,511,
lab,0x00C2B10D20260707,LG_gf2,"C06 XOR 0x66",xor_popcount,4,19,1,1,0,0,0x66,0x00,0x0000000,0,1.0000,1.0000,1.0000,1,45,,,,,,1,
lab,0x00C2B10D20260707,L0_tb_argmax,"C07 XOR 0x99",xor_popcount,4,0,0,0,0,0,0x00,0x8C,0x0000000,0,0.0543,0.0389,0.0000,0,0,,,,,,162,
lab,0x00C2B10D20260707,L1_single_up,"C07 XOR 0x99",xor_popcount,4,0,1,0,0,0,0x01,0x98,0x0000000,0,0.0703,0.0471,0.0000,0,0,,,,,,1016,
lab,0x00C2B10D20260707,L2_pair_up,"C07 XOR 0x99",xor_popcount,4,0,1,0,0,0,0x81,0x18,0x0000000,0,0.1297,0.1114,0.0000,0,0,,,,,,1792,
lab,0x00C2B10D20260707,L3_gibbs,"C07 XOR 0x99",xor_popcount,4,0,1,1,0,0,0x99,0x00,0x0000000,0,1.0000,0.0000,1.0000,0,0,,,,,,29,
lab,0x00C2B10D20260707,LW_mod2_wht,"C07 XOR 0x99",xor_popcount,4,0,1,1,0,0,0x99,0x00,0x0000000,0,1.0000,1.0000,1.0000,0,0,,,,,,511,
lab,0x00C2B10D20260707,LG_gf2,"C07 XOR 0x99",xor_popcount,4,0,1,1,0,0,0x99,0x00,0x0000000,0,1.0000,1.0000,1.0000,1,45,,,,,,1,
lab,0x00C2B10D20260707,L0_tb_argmax,"C07 XOR 0x99",xor_popcount,4,1,0,0,0,0,0x00,0x22,0x0000000,0,0.0480,0.0383,0.0000,0,0,,,,,,162,
lab,0x00C2B10D20260707,L1_single_up,"C07 XOR 0x99",xor_popcount,4,1,0,0,0,0,0x80,0x2A,0x0000000,0,0.0531,0.0339,0.0000,0,0,,,,,,1016,
lab,0x00C2B10D20260707,L2_pair_up,"C07 XOR 0x99",xor_popcount,4,1,1,0,0,0,0x81,0x18,0x0000000,0,0.1331,0.1066,0.0000,0,0,,,,,,1792,
lab,0x00C2B10D20260707,L3_gibbs,"C07 XOR 0x99",xor_popcount,4,1,1,1,0,0,0x99,0x00,0x0000000,0,1.0000,0.0000,1.0000,0,0,,,,,,29,
lab,0x00C2B10D20260707,LW_mod2_wht,"C07 XOR 0x99",xor_popcount,4,1,1,1,0,0,0x99,0x00,0x0000000,0,1.0000,1.0000,1.0000,0,0,,,,,,511,
lab,0x00C2B10D20260707,LG_gf2,"C07 XOR 0x99",xor_popcount,4,1,1,1,0,0,0x99,0x00,0x0000000,0,1.0000,1.0000,1.0000,1,45,,,,,,1,
lab,0x00C2B10D20260707,L0_tb_argmax,"C07 XOR 0x99",xor_popcount,4,2,0,0,0,0,0x00,0x54,0x0000000,0,0.0451,0.0269,0.0000,0,0,,,,,,162,
lab,0x00C2B10D20260707,L1_single_up,"C07 XOR 0x99",xor_popcount,4,2,1,0,0,0,0x01,0x98,0x0000000,0,0.0589,0.0436,0.0000,0,0,,,,,,1016,
lab,0x00C2B10D20260707,L2_pair_up,"C07 XOR 0x99",xor_popcount,4,2,1,0,0,0,0x81,0x18,0x0000000,0,0.1383,0.1142,0.0000,0,0,,,,,,1792,
lab,0x00C2B10D20260707,L3_gibbs,"C07 XOR 0x99",xor_popcount,4,2,1,1,0,0,0x99,0x00,0x0000000,0,1.0000,0.0000,1.0000,0,0,,,,,,29,
lab,0x00C2B10D20260707,LW_mod2_wht,"C07 XOR 0x99",xor_popcount,4,2,1,1,0,0,0x99,0x00,0x0000000,0,1.0000,1.0000,1.0000,0,0,,,,,,511,
lab,0x00C2B10D20260707,LG_gf2,"C07 XOR 0x99",xor_popcount,4,2,1,1,0,0,0x99,0x00,0x0000000,0,1.0000,1.0000,1.0000,1,45,,,,,,1,
lab,0x00C2B10D20260707,L0_tb_argmax,"C07 XOR 0x99",xor_popcount,4,3,1,0,0,0,0x00,0x99,0x0000000,0,0.0526,0.0526,0.0000,0,0,,,,,,162,
lab,0x00C2B10D20260707,L1_single_up,"C07 XOR 0x99",xor_popcount,4,3,1,0,0,0,0x01,0x98,0x0000000,0,0.0623,0.0494,0.0000,0,0,,,,,,1016,
lab,0x00C2B10D20260707,L2_pair_up,"C07 XOR 0x99",xor_popcount,4,3,1,0,0,0,0x81,0x18,0x0000000,0,0.1234,0.1141,0.0000,0,0,,,,,,1792,
lab,0x00C2B10D20260707,L3_gibbs,"C07 XOR 0x99",xor_popcount,4,3,1,1,0,0,0x99,0x00,0x0000000,0,1.0000,0.0000,1.0000,0,0,,,,,,29,
lab,0x00C2B10D20260707,LW_mod2_wht,"C07 XOR 0x99",xor_popcount,4,3,1,1,0,0,0x99,0x00,0x0000000,0,1.0000,1.0000,1.0000,0,0,,,,,,511,
lab,0x00C2B10D20260707,LG_gf2,"C07 XOR 0x99",xor_popcount,4,3,1,1,0,0,0x99,0x00,0x0000000,0,1.0000,1.0000,1.0000,1,45,,,,,,1,
lab,0x00C2B10D20260707,L0_tb_argmax,"C07 XOR 0x99",xor_popcount,4,4,0,0,0,0,0x00,0x43,0x0000000,0,0.0451,0.0349,0.0000,0,0,,,,,,162,
lab,0x00C2B10D20260707,L1_single_up,"C07 XOR 0x99",xor_popcount,4,4,1,0,0,0,0x01,0x98,0x0000000,0,0.0663,0.0447,0.0000,0,0,,,,,,1016,
lab,0x00C2B10D20260707,L2_pair_up,"C07 XOR 0x99",xor_popcount,4,4,1,0,0,0,0x81,0x18,0x0000000,0,0.1303,0.1129,0.0000,0,0,,,,,,1792,
lab,0x00C2B10D20260707,L3_gibbs,"C07 XOR 0x99",xor_popcount,4,4,1,1,0,0,0x99,0x00,0x0000000,0,1.0000,0.0000,1.0000,0,0,,,,,,29,
lab,0x00C2B10D20260707,LW_mod2_wht,"C07 XOR 0x99",xor_popcount,4,4,1,1,0,0,0x99,0x00,0x0000000,0,1.0000,1.0000,1.0000,0,0,,,,,,511,
lab,0x00C2B10D20260707,LG_gf2,"C07 XOR 0x99",xor_popcount,4,4,1,1,0,0,0x99,0x00,0x0000000,0,1.0000,1.0000,1.0000,1,45,,,,,,1,
lab,0x00C2B10D20260707,L0_tb_argmax,"C07 XOR 0x99",xor_popcount,4,5,0,0,0,0,0x00,0x54,0x0000000,0,0.0486,0.0423,0.0000,0,0,,,,,,162,
lab,0x00C2B10D20260707,L1_single_up,"C07 XOR 0x99",xor_popcount,4,5,1,0,0,0,0x01,0x98,0x0000000,0,0.0629,0.0440,0.0000,0,0,,,,,,1016,
lab,0x00C2B10D20260707,L2_pair_up,"C07 XOR 0x99",xor_popcount,4,5,1,0,0,0,0x18,0x81,0x0000000,0,0.1217,0.1063,0.0000,0,0,,,,,,1792,
lab,0x00C2B10D20260707,L3_gibbs,"C07 XOR 0x99",xor_popcount,4,5,1,1,0,0,0x99,0x00,0x0000000,0,1.0000,0.0000,1.0000,0,0,,,,,,29,
lab,0x00C2B10D20260707,LW_mod2_wht,"C07 XOR 0x99",xor_popcount,4,5,1,1,0,0,0x99,0x00,0x0000000,0,1.0000,1.0000,1.0000,0,0,,,,,,511,
lab,0x00C2B10D20260707,LG_gf2,"C07 XOR 0x99",xor_popcount,4,5,1,1,0,0,0x99,0x00,0x0000000,0,1.0000,1.0000,1.0000,1,45,,,,,,1,
lab,0x00C2B10D20260707,L0_tb_argmax,"C07 XOR 0x99",xor_popcount,4,6,0,0,0,0,0x00,0x01,0x0000000,0,0.0537,0.0354,0.0000,0,0,,,,,,162,
lab,0x00C2B10D20260707,L1_single_up,"C07 XOR 0x99",xor_popcount,4,6,0,0,0,0,0x80,0x2A,0x0000000,0,0.0560,0.0357,0.0000,0,0,,,,,,1016,
lab,0x00C2B10D20260707,L2_pair_up,"C07 XOR 0x99",xor_popcount,4,6,1,0,0,0,0x18,0x81,0x0000000,0,0.1246,0.1002,0.0000,0,0,,,,,,1792,
lab,0x00C2B10D20260707,L3_gibbs,"C07 XOR 0x99",xor_popcount,4,6,1,1,0,0,0x99,0x00,0x0000000,0,1.0000,0.0000,1.0000,0,0,,,,,,29,
lab,0x00C2B10D20260707,LW_mod2_wht,"C07 XOR 0x99",xor_popcount,4,6,1,1,0,0,0x99,0x00,0x0000000,0,1.0000,1.0000,1.0000,0,0,,,,,,511,
lab,0x00C2B10D20260707,LG_gf2,"C07 XOR 0x99",xor_popcount,4,6,1,1,0,0,0x99,0x00,0x0000000,0,1.0000,1.0000,1.0000,1,45,,,,,,1,
lab,0x00C2B10D20260707,L0_tb_argmax,"C07 XOR 0x99",xor_popcount,4,7,0,0,0,0,0x00,0x9A,0x0000000,0,0.0549,0.0377,0.0000,0,0,,,,,,162,
lab,0x00C2B10D20260707,L1_single_up,"C07 XOR 0x99",xor_popcount,4,7,1,0,0,0,0x01,0x98,0x0000000,0,0.0629,0.0463,0.0000,0,0,,,,,,1016,
lab,0x00C2B10D20260707,L2_pair_up,"C07 XOR 0x99",xor_popcount,4,7,1,0,0,0,0x18,0x81,0x0000000,0,0.1337,0.1143,0.0000,0,0,,,,,,1792,
lab,0x00C2B10D20260707,L3_gibbs,"C07 XOR 0x99",xor_popcount,4,7,1,1,0,0,0x99,0x00,0x0000000,0,1.0000,0.0000,1.0000,0,0,,,,,,29,
lab,0x00C2B10D20260707,LW_mod2_wht,"C07 XOR 0x99",xor_popcount,4,7,1,1,0,0,0x99,0x00,0x0000000,0,1.0000,1.0000,1.0000,0,0,,,,,,511,
lab,0x00C2B10D20260707,LG_gf2,"C07 XOR 0x99",xor_popcount,4,7,1,1,0,0,0x99,0x00,0x0000000,0,1.0000,1.0000,1.0000,1,45,,,,,,1,
lab,0x00C2B10D20260707,L0_tb_argmax,"C07 XOR 0x99",xor_popcount,4,8,0,0,0,0,0x00,0x22,0x0000000,0,0.0486,0.0394,0.0000,0,0,,,,,,162,
lab,0x00C2B10D20260707,L1_single_up,"C07 XOR 0x99",xor_popcount,4,8,0,0,0,0,0x80,0x14,0x0000000,0,0.0571,0.0430,0.0000,0,0,,,,,,1016,
lab,0x00C2B10D20260707,L2_pair_up,"C07 XOR 0x99",xor_popcount,4,8,1,0,0,0,0x18,0x81,0x0000000,0,0.1297,0.1148,0.0000,0,0,,,,,,1792,
lab,0x00C2B10D20260707,L3_gibbs,"C07 XOR 0x99",xor_popcount,4,8,1,1,0,0,0x99,0x00,0x0000000,0,1.0000,0.0000,1.0000,0,0,,,,,,29,
lab,0x00C2B10D20260707,LW_mod2_wht,"C07 XOR 0x99",xor_popcount,4,8,1,1,0,0,0x99,0x00,0x0000000,0,1.0000,1.0000,1.0000,0,0,,,,,,511,
lab,0x00C2B10D20260707,LG_gf2,"C07 XOR 0x99",xor_popcount,4,8,1,1,0,0,0x99,0x00,0x0000000,0,1.0000,1.0000,1.0000,1,45,,,,,,1,
lab,0x00C2B10D20260707,L0_tb_argmax,"C07 XOR 0x99",xor_popcount,4,9,0,0,0,0,0x00,0x9A,0x0000000,0,0.0526,0.0126,0.0000,0,0,,,,,,162,
lab,0x00C2B10D20260707,L1_single_up,"C07 XOR 0x99",xor_popcount,4,9,0,0,0,0,0x80,0x14,0x0000000,0,0.0594,0.0434,0.0000,0,0,,,,,,1016,
lab,0x00C2B10D20260707,L2_pair_up,"C07 XOR 0x99",xor_popcount,4,9,1,0,0,0,0x81,0x18,0x0000000,0,0.1303,0.1124,0.0000,0,0,,,,,,1792,
lab,0x00C2B10D20260707,L3_gibbs,"C07 XOR 0x99",xor_popcount,4,9,1,1,0,0,0x99,0x00,0x0000000,0,1.0000,0.0000,1.0000,0,0,,,,,,29,
lab,0x00C2B10D20260707,LW_mod2_wht,"C07 XOR 0x99",xor_popcount,4,9,1,1,0,0,0x99,0x00,0x0000000,0,1.0000,1.0000,1.0000,0,0,,,,,,511,
lab,0x00C2B10D20260707,LG_gf2,"C07 XOR 0x99",xor_popcount,4,9,1,1,0,0,0x99,0x00,0x0000000,0,1.0000,1.0000,1.0000,1,45,,,,,,1,
lab,0x00C2B10D20260707,L0_tb_argmax,"C07 XOR 0x99",xor_popcount,4,10,1,0,0,0,0x00,0x99,0x0000000,0,0.0623,0.0623,0.0000,0,0,,,,,,162,
lab,0x00C2B10D20260707,L1_single_up,"C07 XOR 0x99",xor_popcount,4,10,1,0,0,0,0x08,0x91,0x0000000,0,0.0577,0.0519,0.0000,0,0,,,,,,1016,
lab,0x00C2B10D20260707,L2_pair_up,"C07 XOR 0x99",xor_popcount,4,10,1,0,0,0,0x81,0x18,0x0000000,0,0.1360,0.1129,0.0000,0,0,,,,,,1792,
lab,0x00C2B10D20260707,L3_gibbs,"C07 XOR 0x99",xor_popcount,4,10,1,1,0,0,0x99,0x00,0x0000000,0,1.0000,0.0000,1.0000,0,0,,,,,,29,
lab,0x00C2B10D20260707,LW_mod2_wht,"C07 XOR 0x99",xor_popcount,4,10,1,1,0,0,0x99,0x00,0x0000000,0,1.0000,1.0000,1.0000,0,0,,,,,,511,
lab,0x00C2B10D20260707,LG_gf2,"C07 XOR 0x99",xor_popcount,4,10,1,1,0,0,0x99,0x00,0x0000000,0,1.0000,1.0000,1.0000,1,45,,,,,,1,
lab,0x00C2B10D20260707,L0_tb_argmax,"C07 XOR 0x99",xor_popcount,4,11,0,0,0,0,0x00,0x80,0x0000000,0,0.0480,0.0194,0.0000,0,0,,,,,,162,
lab,0x00C2B10D20260707,L1_single_up,"C07 XOR 0x99",xor_popcount,4,11,1,0,0,0,0x01,0x98,0x0000000,0,0.0566,0.0440,0.0000,0,0,,,,,,1016,
lab,0x00C2B10D20260707,L2_pair_up,"C07 XOR 0x99",xor_popcount,4,11,1,0,0,0,0x81,0x18,0x0000000,0,0.1320,0.1150,0.0000,0,0,,,,,,1792,
lab,0x00C2B10D20260707,L3_gibbs,"C07 XOR 0x99",xor_popcount,4,11,1,1,0,0,0x99,0x00,0x0000000,0,1.0000,0.0000,1.0000,0,0,,,,,,29,
lab,0x00C2B10D20260707,LW_mod2_wht,"C07 XOR 0x99",xor_popcount,4,11,1,1,0,0,0x99,0x00,0x0000000,0,1.0000,1.0000,1.0000,0,0,,,,,,511,
lab,0x00C2B10D20260707,LG_gf2,"C07 XOR 0x99",xor_popcount,4,11,1,1,0,0,0x99,0x00,0x0000000,0,1.0000,1.0000,1.0000,1,45,,,,,,1,
lab,0x00C2B10D20260707,L0_tb_argmax,"C07 XOR 0x99",xor_popcount,4,12,0,0,0,0,0x00,0x58,0x0000000,0,0.0434,0.0354,0.0000,0,0,,,,,,162,
lab,0x00C2B10D20260707,L1_single_up,"C07 XOR 0x99",xor_popcount,4,12,0,0,0,0,0x20,0x8C,0x0000000,0,0.0560,0.0414,0.0000,0,0,,,,,,1016,
lab,0x00C2B10D20260707,L2_pair_up,"C07 XOR 0x99",xor_popcount,4,12,1,0,0,0,0x81,0x18,0x0000000,0,0.1217,0.1040,0.0000,0,0,,,,,,1792,
lab,0x00C2B10D20260707,L3_gibbs,"C07 XOR 0x99",xor_popcount,4,12,1,1,0,0,0x99,0x00,0x0000000,0,1.0000,0.0000,1.0000,0,0,,,,,,29,
lab,0x00C2B10D20260707,LW_mod2_wht,"C07 XOR 0x99",xor_popcount,4,12,1,1,0,0,0x99,0x00,0x0000000,0,1.0000,1.0000,1.0000,0,0,,,,,,511,
lab,0x00C2B10D20260707,LG_gf2,"C07 XOR 0x99",xor_popcount,4,12,1,1,0,0,0x99,0x00,0x0000000,0,1.0000,1.0000,1.0000,1,45,,,,,,1,
lab,0x00C2B10D20260707,L0_tb_argmax,"C07 XOR 0x99",xor_popcount,4,13,0,0,0,0,0x00,0x54,0x0000000,0,0.0549,0.0354,0.0000,0,0,,,,,,162,
lab,0x00C2B10D20260707,L1_single_up,"C07 XOR 0x99",xor_popcount,4,13,0,0,0,0,0x40,0x9C,0x0000000,0,0.0531,0.0369,0.0000,0,0,,,,,,1016,
lab,0x00C2B10D20260707,L2_pair_up,"C07 XOR 0x99",xor_popcount,4,13,1,0,0,0,0x18,0x81,0x0000000,0,0.1229,0.1048,0.0000,0,0,,,,,,1792,
lab,0x00C2B10D20260707,L3_gibbs,"C07 XOR 0x99",xor_popcount,4,13,1,1,0,0,0x99,0x00,0x0000000,0,1.0000,0.0000,1.0000,0,0,,,,,,29,
lab,0x00C2B10D20260707,LW_mod2_wht,"C07 XOR 0x99",xor_popcount,4,13,1,1,0,0,0x99,0x00,0x0000000,0,1.0000,1.0000,1.0000,0,0,,,,,,511,
lab,0x00C2B10D20260707,LG_gf2,"C07 XOR 0x99",xor_popcount,4,13,1,1,0,0,0x99,0x00,0x0000000,0,1.0000,1.0000,1.0000,1,45,,,,,,1,
lab,0x00C2B10D20260707,L0_tb_argmax,"C07 XOR 0x99",xor_popcount,4,14,0,0,0,0,0x00,0x54,0x0000000,0,0.0474,0.0411,0.0000,0,0,,,,,,162,
lab,0x00C2B10D20260707,L1_single_up,"C07 XOR 0x99",xor_popcount,4,14,1,0,0,0,0x01,0x98,0x0000000,0,0.0674,0.0397,0.0000,0,0,,,,,,1016,
lab,0x00C2B10D20260707,L2_pair_up,"C07 XOR 0x99",xor_popcount,4,14,1,0,0,0,0x81,0x18,0x0000000,0,0.1274,0.1061,0.0000,0,0,,,,,,1792,
lab,0x00C2B10D20260707,L3_gibbs,"C07 XOR 0x99",xor_popcount,4,14,1,1,0,0,0x99,0x00,0x0000000,0,1.0000,0.0000,1.0000,0,0,,,,,,29,
lab,0x00C2B10D20260707,LW_mod2_wht,"C07 XOR 0x99",xor_popcount,4,14,1,1,0,0,0x99,0x00,0x0000000,0,1.0000,1.0000,1.0000,0,0,,,,,,511,
lab,0x00C2B10D20260707,LG_gf2,"C07 XOR 0x99",xor_popcount,4,14,1,1,0,0,0x99,0x00,0x0000000,0,1.0000,1.0000,1.0000,1,45,,,,,,1,
lab,0x00C2B10D20260707,L0_tb_argmax,"C07 XOR 0x99",xor_popcount,4,15,0,0,0,0,0x00,0x01,0x0000000,0,0.0474,0.0434,0.0000,0,0,,,,,,162,
lab,0x00C2B10D20260707,L1_single_up,"C07 XOR 0x99",xor_popcount,4,15,1,0,0,0,0x01,0x98,0x0000000,0,0.0806,0.0509,0.0000,0,0,,,,,,1016,
lab,0x00C2B10D20260707,L2_pair_up,"C07 XOR 0x99",xor_popcount,4,15,1,0,0,0,0x18,0x81,0x0000000,0,0.1326,0.1164,0.0000,0,0,,,,,,1792,
lab,0x00C2B10D20260707,L3_gibbs,"C07 XOR 0x99",xor_popcount,4,15,1,1,0,0,0x99,0x00,0x0000000,0,1.0000,0.0000,1.0000,0,0,,,,,,29,
lab,0x00C2B10D20260707,LW_mod2_wht,"C07 XOR 0x99",xor_popcount,4,15,1,1,0,0,0x99,0x00,0x0000000,0,1.0000,1.0000,1.0000,0,0,,,,,,511,
lab,0x00C2B10D20260707,LG_gf2,"C07 XOR 0x99",xor_popcount,4,15,1,1,0,0,0x99,0x00,0x0000000,0,1.0000,1.0000,1.0000,1,45,,,,,,1,
lab,0x00C2B10D20260707,L0_tb_argmax,"C07 XOR 0x99",xor_popcount,4,16,0,0,0,0,0x00,0x58,0x0000000,0,0.0469,0.0343,0.0000,0,0,,,,,,162,
lab,0x00C2B10D20260707,L1_single_up,"C07 XOR 0x99",xor_popcount,4,16,0,0,0,0,0x80,0x14,0x0000000,0,0.0640,0.0434,0.0000,0,0,,,,,,1016,
lab,0x00C2B10D20260707,L2_pair_up,"C07 XOR 0x99",xor_popcount,4,16,1,0,0,0,0x81,0x18,0x0000000,0,0.1217,0.1072,0.0000,0,0,,,,,,1792,
lab,0x00C2B10D20260707,L3_gibbs,"C07 XOR 0x99",xor_popcount,4,16,1,1,0,0,0x99,0x00,0x0000000,0,1.0000,0.0000,1.0000,0,0,,,,,,29,
lab,0x00C2B10D20260707,LW_mod2_wht,"C07 XOR 0x99",xor_popcount,4,16,1,1,0,0,0x99,0x00,0x0000000,0,1.0000,1.0000,1.0000,0,0,,,,,,511,
lab,0x00C2B10D20260707,LG_gf2,"C07 XOR 0x99",xor_popcount,4,16,1,1,0,0,0x99,0x00,0x0000000,0,1.0000,1.0000,1.0000,1,45,,,,,,1,
lab,0x00C2B10D20260707,L0_tb_argmax,"C07 XOR 0x99",xor_popcount,4,17,0,0,0,0,0x00,0x64,0x0000000,0,0.0440,0.0331,0.0000,0,0,,,,,,162,
lab,0x00C2B10D20260707,L1_single_up,"C07 XOR 0x99",xor_popcount,4,17,0,0,0,0,0x80,0x1A,0x0000000,0,0.0537,0.0377,0.0000,0,0,,,,,,1016,
lab,0x00C2B10D20260707,L2_pair_up,"C07 XOR 0x99",xor_popcount,4,17,1,0,0,0,0x88,0x11,0x0000000,0,0.1251,0.1067,0.0000,0,0,,,,,,1792,
lab,0x00C2B10D20260707,L3_gibbs,"C07 XOR 0x99",xor_popcount,4,17,1,1,0,0,0x99,0x00,0x0000000,0,1.0000,0.0000,1.0000,0,0,,,,,,29,
lab,0x00C2B10D20260707,LW_mod2_wht,"C07 XOR 0x99",xor_popcount,4,17,1,1,0,0,0x99,0x00,0x0000000,0,1.0000,1.0000,1.0000,0,0,,,,,,511,
lab,0x00C2B10D20260707,LG_gf2,"C07 XOR 0x99",xor_popcount,4,17,1,1,0,0,0x99,0x00,0x0000000,0,1.0000,1.0000,1.0000,1,45,,,,,,1,
lab,0x00C2B10D20260707,L0_tb_argmax,"C07 XOR 0x99",xor_popcount,4,18,0,0,0,0,0x00,0x54,0x0000000,0,0.0503,0.0371,0.0000,0,0,,,,,,162,
lab,0x00C2B10D20260707,L1_single_up,"C07 XOR 0x99",xor_popcount,4,18,1,0,0,0,0x01,0x98,0x0000000,0,0.0743,0.0484,0.0000,0,0,,,,,,1016,
lab,0x00C2B10D20260707,L2_pair_up,"C07 XOR 0x99",xor_popcount,4,18,1,0,0,0,0x81,0x18,0x0000000,0,0.1331,0.1102,0.0000,0,0,,,,,,1792,
lab,0x00C2B10D20260707,L3_gibbs,"C07 XOR 0x99",xor_popcount,4,18,1,1,0,0,0x99,0x00,0x0000000,0,1.0000,0.0000,1.0000,0,0,,,,,,29,
lab,0x00C2B10D20260707,LW_mod2_wht,"C07 XOR 0x99",xor_popcount,4,18,1,1,0,0,0x99,0x00,0x0000000,0,1.0000,1.0000,1.0000,0,0,,,,,,511,
lab,0x00C2B10D20260707,LG_gf2,"C07 XOR 0x99",xor_popcount,4,18,1,1,0,0,0x99,0x00,0x0000000,0,1.0000,1.0000,1.0000,1,45,,,,,,1,
lab,0x00C2B10D20260707,L0_tb_argmax,"C07 XOR 0x99",xor_popcount,4,19,1,0,0,0,0x00,0x99,0x0000000,0,0.0589,0.0589,0.0000,0,0,,,,,,162,
lab,0x00C2B10D20260707,L1_single_up,"C07 XOR 0x99",xor_popcount,4,19,1,0,0,0,0x10,0x89,0x0000000,0,0.0651,0.0521,0.0000,0,0,,,,,,1016,
lab,0x00C2B10D20260707,L2_pair_up,"C07 XOR 0x99",xor_popcount,4,19,1,0,0,0,0x88,0x11,0x0000000,0,0.1269,0.1111,0.0000,0,0,,,,,,1792,
lab,0x00C2B10D20260707,L3_gibbs,"C07 XOR 0x99",xor_popcount,4,19,1,1,0,0,0x99,0x00,0x0000000,0,1.0000,0.0000,1.0000,0,0,,,,,,29,
lab,0x00C2B10D20260707,LW_mod2_wht,"C07 XOR 0x99",xor_popcount,4,19,1,1,0,0,0x99,0x00,0x0000000,0,1.0000,1.0000,1.0000,0,0,,,,,,511,
lab,0x00C2B10D20260707,LG_gf2,"C07 XOR 0x99",xor_popcount,4,19,1,1,0,0,0x99,0x00,0x0000000,0,1.0000,1.0000,1.0000,1,45,,,,,,1,
lab,0x00C2B10D20260707,L0_tb_argmax,"C08 parity count",mod_synthesis,8,0,0,0,0,0,0x00,0x2D,0x0000000,0,0.0514,1.0000,0.0000,0,0,,,,,,162,
lab,0x00C2B10D20260707,L1_single_up,"C08 parity count",mod_synthesis,8,0,0,0,0,0,0x10,0xEF,0x0000000,0,0.3446,0.3256,0.0000,0,0,,,,,,1016,
lab,0x00C2B10D20260707,L2_pair_up,"C08 parity count",mod_synthesis,8,0,0,0,0,0,0x42,0xBD,0x0000000,0,0.1411,0.1041,0.0000,0,0,,,,,,1792,
lab,0x00C2B10D20260707,L3_gibbs,"C08 parity count",mod_synthesis,8,0,0,0,0,0,0xFF,0x00,0x0000000,0,0.0109,0.0000,0.0446,0,0,,,,,,228,
lab,0x00C2B10D20260707,LW_mod2_wht,"C08 parity count",mod_synthesis,8,0,1,1,0,0,0x00,0xFF,0x0000000,0,1.0000,1.0000,1.0000,0,0,,,,,,511,
lab,0x00C2B10D20260707,LG_gf2,"C08 parity count",mod_synthesis,8,0,1,1,0,0,0x00,0xFF,0x0000000,0,1.0000,1.0000,1.0000,1,45,,,,,,1,
lab,0x00C2B10D20260707,L0_tb_argmax,"C08 parity count",mod_synthesis,8,1,0,0,0,0,0x00,0x41,0x0000000,0,0.0537,1.0000,0.0000,0,0,,,,,,162,
lab,0x00C2B10D20260707,L1_single_up,"C08 parity count",mod_synthesis,8,1,0,0,0,0,0x10,0xEF,0x0000000,0,0.3457,0.3271,0.0000,0,0,,,,,,1016,
lab,0x00C2B10D20260707,L2_pair_up,"C08 parity count",mod_synthesis,8,1,0,0,0,0,0x42,0xBD,0x0000000,0,0.1383,0.1081,0.0000,0,0,,,,,,1792,
lab,0x00C2B10D20260707,L3_gibbs,"C08 parity count",mod_synthesis,8,1,0,0,0,0,0xFF,0x00,0x0000000,0,0.0223,0.0000,0.0217,0,0,,,,,,228,
lab,0x00C2B10D20260707,LW_mod2_wht,"C08 parity count",mod_synthesis,8,1,1,1,0,0,0x00,0xFF,0x0000000,0,1.0000,1.0000,1.0000,0,0,,,,,,511,
lab,0x00C2B10D20260707,LG_gf2,"C08 parity count",mod_synthesis,8,1,1,1,0,0,0x00,0xFF,0x0000000,0,1.0000,1.0000,1.0000,1,45,,,,,,1,
lab,0x00C2B10D20260707,L0_tb_argmax,"C08 parity count",mod_synthesis,8,2,0,0,0,0,0x00,0x42,0x0000000,0,0.0429,1.0000,0.0000,0,0,,,,,,162,
lab,0x00C2B10D20260707,L1_single_up,"C08 parity count",mod_synthesis,8,2,0,0,0,0,0x10,0xEF,0x0000000,0,0.3514,0.3265,0.0000,0,0,,,,,,1016,
lab,0x00C2B10D20260707,L2_pair_up,"C08 parity count",mod_synthesis,8,2,0,0,0,0,0x03,0xFC,0x0000000,0,0.1371,0.1030,0.0000,0,0,,,,,,1792,
lab,0x00C2B10D20260707,L3_gibbs,"C08 parity count",mod_synthesis,8,2,0,0,0,0,0xFF,0x00,0x0000000,0,0.0154,0.0000,0.0080,0,0,,,,,,228,
lab,0x00C2B10D20260707,LW_mod2_wht,"C08 parity count",mod_synthesis,8,2,1,1,0,0,0x00,0xFF,0x0000000,0,1.0000,1.0000,1.0000,0,0,,,,,,511,
lab,0x00C2B10D20260707,LG_gf2,"C08 parity count",mod_synthesis,8,2,1,1,0,0,0x00,0xFF,0x0000000,0,1.0000,1.0000,1.0000,1,45,,,,,,1,
lab,0x00C2B10D20260707,L0_tb_argmax,"C08 parity count",mod_synthesis,8,3,0,0,0,0,0x00,0x22,0x0000000,0,0.0543,1.0000,0.0000,0,0,,,,,,162,
lab,0x00C2B10D20260707,L1_single_up,"C08 parity count",mod_synthesis,8,3,0,0,0,0,0x10,0xEF,0x0000000,0,0.3486,0.3275,0.0000,0,0,,,,,,1016,
lab,0x00C2B10D20260707,L2_pair_up,"C08 parity count",mod_synthesis,8,3,0,0,0,0,0x42,0xBD,0x0000000,0,0.1457,0.1031,0.0000,0,0,,,,,,1792,
lab,0x00C2B10D20260707,L3_gibbs,"C08 parity count",mod_synthesis,8,3,0,0,0,0,0xFF,0x00,0x0000000,0,0.0211,0.0000,0.0194,0,0,,,,,,228,
lab,0x00C2B10D20260707,LW_mod2_wht,"C08 parity count",mod_synthesis,8,3,1,1,0,0,0x00,0xFF,0x0000000,0,1.0000,1.0000,1.0000,0,0,,,,,,511,
lab,0x00C2B10D20260707,LG_gf2,"C08 parity count",mod_synthesis,8,3,1,1,0,0,0x00,0xFF,0x0000000,0,1.0000,1.0000,1.0000,1,45,,,,,,1,
lab,0x00C2B10D20260707,L0_tb_argmax,"C08 parity count",mod_synthesis,8,4,0,0,0,0,0x00,0xE0,0x0000000,0,0.0446,1.0000,0.0000,0,0,,,,,,162,
lab,0x00C2B10D20260707,L1_single_up,"C08 parity count",mod_synthesis,8,4,0,0,0,0,0x08,0xF7,0x0000000,0,0.3400,0.3204,0.0000,0,0,,,,,,1016,
lab,0x00C2B10D20260707,L2_pair_up,"C08 parity count",mod_synthesis,8,4,0,0,0,0,0x18,0xE7,0x0000000,0,0.1371,0.1028,0.0000,0,0,,,,,,1792,
lab,0x00C2B10D20260707,L3_gibbs,"C08 parity count",mod_synthesis,8,4,0,0,0,0,0xFF,0x00,0x0000000,0,0.0069,0.0000,0.0091,0,0,,,,,,228,
lab,0x00C2B10D20260707,LW_mod2_wht,"C08 parity count",mod_synthesis,8,4,1,1,0,0,0x00,0xFF,0x0000000,0,1.0000,1.0000,1.0000,0,0,,,,,,511,
lab,0x00C2B10D20260707,LG_gf2,"C08 parity count",mod_synthesis,8,4,1,1,0,0,0x00,0xFF,0x0000000,0,1.0000,1.0000,1.0000,1,45,,,,,,1,
lab,0x00C2B10D20260707,L0_tb_argmax,"C08 parity count",mod_synthesis,8,5,0,0,0,0,0x00,0x41,0x0000000,0,0.0434,1.0000,0.0000,0,0,,,,,,162,
lab,0x00C2B10D20260707,L1_single_up,"C08 parity count",mod_synthesis,8,5,0,0,0,0,0x10,0xEF,0x0000000,0,0.3526,0.3239,0.0000,0,0,,,,,,1016,
lab,0x00C2B10D20260707,L2_pair_up,"C08 parity count",mod_synthesis,8,5,0,0,0,0,0x18,0xE7,0x0000000,0,0.1343,0.1074,0.0000,0,0,,,,,,1792,
lab,0x00C2B10D20260707,L3_gibbs,"C08 parity count",mod_synthesis,8,5,0,0,0,0,0xFF,0x00,0x0000000,0,0.0183,0.0000,0.0137,0,0,,,,,,228,
lab,0x00C2B10D20260707,LW_mod2_wht,"C08 parity count",mod_synthesis,8,5,1,1,0,0,0x00,0xFF,0x0000000,0,1.0000,1.0000,1.0000,0,0,,,,,,511,
lab,0x00C2B10D20260707,LG_gf2,"C08 parity count",mod_synthesis,8,5,1,1,0,0,0x00,0xFF,0x0000000,0,1.0000,1.0000,1.0000,1,45,,,,,,1,
lab,0x00C2B10D20260707,L0_tb_argmax,"C08 parity count",mod_synthesis,8,6,0,0,0,0,0x00,0x01,0x0000000,0,0.0577,1.0000,0.0000,0,0,,,,,,162,
lab,0x00C2B10D20260707,L1_single_up,"C08 parity count",mod_synthesis,8,6,0,0,0,0,0x01,0xFE,0x0000000,0,0.3371,0.3192,0.0000,0,0,,,,,,1016,
lab,0x00C2B10D20260707,L2_pair_up,"C08 parity count",mod_synthesis,8,6,0,0,0,0,0x42,0xBD,0x0000000,0,0.1337,0.0976,0.0000,0,0,,,,,,1792,
lab,0x00C2B10D20260707,L3_gibbs,"C08 parity count",mod_synthesis,8,6,0,0,0,0,0xFF,0x00,0x0000000,0,0.0189,0.0000,0.0149,0,0,,,,,,228,
lab,0x00C2B10D20260707,LW_mod2_wht,"C08 parity count",mod_synthesis,8,6,1,1,0,0,0x00,0xFF,0x0000000,0,1.0000,1.0000,1.0000,0,0,,,,,,511,
lab,0x00C2B10D20260707,LG_gf2,"C08 parity count",mod_synthesis,8,6,1,1,0,0,0x00,0xFF,0x0000000,0,1.0000,1.0000,1.0000,1,45,,,,,,1,
lab,0x00C2B10D20260707,L0_tb_argmax,"C08 parity count",mod_synthesis,8,7,0,0,0,0,0x00,0x41,0x0000000,0,0.0469,1.0000,0.0000,0,0,,,,,,162,
lab,0x00C2B10D20260707,L1_single_up,"C08 parity count",mod_synthesis,8,7,0,0,0,0,0x01,0xFE,0x0000000,0,0.3440,0.3236,0.0000,0,0,,,,,,1016,
lab,0x00C2B10D20260707,L2_pair_up,"C08 parity count",mod_synthesis,8,7,0,0,0,0,0x18,0xE7,0x0000000,0,0.1314,0.1022,0.0000,0,0,,,,,,1792,
lab,0x00C2B10D20260707,L3_gibbs,"C08 parity count",mod_synthesis,8,7,0,0,0,0,0xFF,0x00,0x0000000,0,0.0069,0.0000,0.0091,0,0,,,,,,228,
lab,0x00C2B10D20260707,LW_mod2_wht,"C08 parity count",mod_synthesis,8,7,1,1,0,0,0x00,0xFF,0x0000000,0,1.0000,1.0000,1.0000,0,0,,,,,,511,
lab,0x00C2B10D20260707,LG_gf2,"C08 parity count",mod_synthesis,8,7,1,1,0,0,0x00,0xFF,0x0000000,0,1.0000,1.0000,1.0000,1,45,,,,,,1,
lab,0x00C2B10D20260707,L0_tb_argmax,"C08 parity count",mod_synthesis,8,8,0,0,0,0,0x00,0xE0,0x0000000,0,0.0560,1.0000,0.0000,0,0,,,,,,162,
lab,0x00C2B10D20260707,L1_single_up,"C08 parity count",mod_synthesis,8,8,0,0,0,0,0x01,0xFE,0x0000000,0,0.3503,0.3231,0.0000,0,0,,,,,,1016,
lab,0x00C2B10D20260707,L2_pair_up,"C08 parity count",mod_synthesis,8,8,0,0,0,0,0x03,0xFC,0x0000000,0,0.1434,0.0998,0.0000,0,0,,,,,,1792,
lab,0x00C2B10D20260707,L3_gibbs,"C08 parity count",mod_synthesis,8,8,0,0,0,0,0xFF,0x00,0x0000000,0,0.0149,0.0000,0.0069,0,0,,,,,,228,
lab,0x00C2B10D20260707,LW_mod2_wht,"C08 parity count",mod_synthesis,8,8,1,1,0,0,0x00,0xFF,0x0000000,0,1.0000,1.0000,1.0000,0,0,,,,,,511,
lab,0x00C2B10D20260707,LG_gf2,"C08 parity count",mod_synthesis,8,8,1,1,0,0,0x00,0xFF,0x0000000,0,1.0000,1.0000,1.0000,1,45,,,,,,1,
lab,0x00C2B10D20260707,L0_tb_argmax,"C08 parity count",mod_synthesis,8,9,0,0,0,0,0x00,0x41,0x0000000,0,0.0497,1.0000,0.0000,0,0,,,,,,162,
lab,0x00C2B10D20260707,L1_single_up,"C08 parity count",mod_synthesis,8,9,0,0,0,0,0x01,0xFE,0x0000000,0,0.3463,0.3216,0.0000,0,0,,,,,,1016,
lab,0x00C2B10D20260707,L2_pair_up,"C08 parity count",mod_synthesis,8,9,0,0,0,0,0x81,0x7E,0x0000000,0,0.1309,0.0990,0.0000,0,0,,,,,,1792,
lab,0x00C2B10D20260707,L3_gibbs,"C08 parity count",mod_synthesis,8,9,0,0,0,0,0xFF,0x00,0x0000000,0,0.0006,0.0000,0.0217,0,0,,,,,,228,
lab,0x00C2B10D20260707,LW_mod2_wht,"C08 parity count",mod_synthesis,8,9,1,1,0,0,0x00,0xFF,0x0000000,0,1.0000,1.0000,1.0000,0,0,,,,,,511,
lab,0x00C2B10D20260707,LG_gf2,"C08 parity count",mod_synthesis,8,9,1,1,0,0,0x00,0xFF,0x0000000,0,1.0000,1.0000,1.0000,1,45,,,,,,1,
lab,0x00C2B10D20260707,L0_tb_argmax,"C08 parity count",mod_synthesis,8,10,0,0,0,0,0x00,0x41,0x0000000,0,0.0520,1.0000,0.0000,0,0,,,,,,162,
lab,0x00C2B10D20260707,L1_single_up,"C08 parity count",mod_synthesis,8,10,0,0,0,0,0x01,0xFE,0x0000000,0,0.3589,0.3251,0.0000,0,0,,,,,,1016,
lab,0x00C2B10D20260707,L2_pair_up,"C08 parity count",mod_synthesis,8,10,0,0,0,0,0x41,0xBE,0x0000000,0,0.1326,0.1031,0.0000,0,0,,,,,,1792,
lab,0x00C2B10D20260707,L3_gibbs,"C08 parity count",mod_synthesis,8,10,0,0,0,0,0xFF,0x00,0x0000000,0,0.0011,0.0000,0.0206,0,0,,,,,,228,
lab,0x00C2B10D20260707,LW_mod2_wht,"C08 parity count",mod_synthesis,8,10,1,1,0,0,0x00,0xFF,0x0000000,0,1.0000,1.0000,1.0000,0,0,,,,,,511,
lab,0x00C2B10D20260707,LG_gf2,"C08 parity count",mod_synthesis,8,10,1,1,0,0,0x00,0xFF,0x0000000,0,1.0000,1.0000,1.0000,1,45,,,,,,1,
lab,0x00C2B10D20260707,L0_tb_argmax,"C08 parity count",mod_synthesis,8,11,0,0,0,0,0x00,0x41,0x0000000,0,0.0657,1.0000,0.0000,0,0,,,,,,162,
lab,0x00C2B10D20260707,L1_single_up,"C08 parity count",mod_synthesis,8,11,0,0,0,0,0x08,0xF7,0x0000000,0,0.3371,0.3206,0.0000,0,0,,,,,,1016,
lab,0x00C2B10D20260707,L2_pair_up,"C08 parity count",mod_synthesis,8,11,0,0,0,0,0x42,0xBD,0x0000000,0,0.1291,0.1039,0.0000,0,0,,,,,,1792,
lab,0x00C2B10D20260707,L3_gibbs,"C08 parity count",mod_synthesis,8,11,0,0,0,0,0xFF,0x00,0x0000000,0,0.0063,0.0000,0.0354,0,0,,,,,,228,
lab,0x00C2B10D20260707,LW_mod2_wht,"C08 parity count",mod_synthesis,8,11,1,1,0,0,0x00,0xFF,0x0000000,0,1.0000,1.0000,1.0000,0,0,,,,,,511,
lab,0x00C2B10D20260707,LG_gf2,"C08 parity count",mod_synthesis,8,11,1,1,0,0,0x00,0xFF,0x0000000,0,1.0000,1.0000,1.0000,1,45,,,,,,1,
lab,0x00C2B10D20260707,L0_tb_argmax,"C08 parity count",mod_synthesis,8,12,0,0,0,0,0x00,0xB1,0x0000000,0,0.0474,1.0000,0.0000,0,0,,,,,,162,
lab,0x00C2B10D20260707,L1_single_up,"C08 parity count",mod_synthesis,8,12,0,0,0,0,0x01,0xFE,0x0000000,0,0.3411,0.3195,0.0000,0,0,,,,,,1016,
lab,0x00C2B10D20260707,L2_pair_up,"C08 parity count",mod_synthesis,8,12,0,0,0,0,0x81,0x7E,0x0000000,0,0.1326,0.0985,0.0000,0,0,,,,,,1792,
lab,0x00C2B10D20260707,L3_gibbs,"C08 parity count",mod_synthesis,8,12,0,0,0,0,0xFF,0x00,0x0000000,0,0.0086,0.0000,0.0400,0,0,,,,,,228,
lab,0x00C2B10D20260707,LW_mod2_wht,"C08 parity count",mod_synthesis,8,12,1,1,0,0,0x00,0xFF,0x0000000,0,1.0000,1.0000,1.0000,0,0,,,,,,511,
lab,0x00C2B10D20260707,LG_gf2,"C08 parity count",mod_synthesis,8,12,1,1,0,0,0x00,0xFF,0x0000000,0,1.0000,1.0000,1.0000,1,45,,,,,,1,
lab,0x00C2B10D20260707,L0_tb_argmax,"C08 parity count",mod_synthesis,8,13,0,0,0,0,0x00,0x33,0x0000000,0,0.0509,1.0000,0.0000,0,0,,,,,,162,
lab,0x00C2B10D20260707,L1_single_up,"C08 parity count",mod_synthesis,8,13,0,0,0,0,0x01,0xFE,0x0000000,0,0.3394,0.3254,0.0000,0,0,,,,,,1016,
lab,0x00C2B10D20260707,L2_pair_up,"C08 parity count",mod_synthesis,8,13,0,0,0,0,0x42,0xBD,0x0000000,0,0.1417,0.1007,0.0000,0,0,,,,,,1792,
lab,0x00C2B10D20260707,L3_gibbs,"C08 parity count",mod_synthesis,8,13,0,0,0,0,0xFF,0x00,0x0000000,0,0.0017,0.0000,0.0194,0,0,,,,,,228,
lab,0x00C2B10D20260707,LW_mod2_wht,"C08 parity count",mod_synthesis,8,13,1,1,0,0,0x00,0xFF,0x0000000,0,1.0000,1.0000,1.0000,0,0,,,,,,511,
lab,0x00C2B10D20260707,LG_gf2,"C08 parity count",mod_synthesis,8,13,1,1,0,0,0x00,0xFF,0x0000000,0,1.0000,1.0000,1.0000,1,45,,,,,,1,
lab,0x00C2B10D20260707,L0_tb_argmax,"C08 parity count",mod_synthesis,8,14,0,0,0,0,0x00,0x41,0x0000000,0,0.0400,1.0000,0.0000,0,0,,,,,,162,
lab,0x00C2B10D20260707,L1_single_up,"C08 parity count",mod_synthesis,8,14,0,0,0,0,0x01,0xFE,0x0000000,0,0.3434,0.3201,0.0000,0,0,,,,,,1016,
lab,0x00C2B10D20260707,L2_pair_up,"C08 parity count",mod_synthesis,8,14,0,0,0,0,0x81,0x7E,0x0000000,0,0.1446,0.1008,0.0000,0,0,,,,,,1792,
lab,0x00C2B10D20260707,L3_gibbs,"C08 parity count",mod_synthesis,8,14,0,0,0,0,0xFF,0x00,0x0000000,0,0.0097,0.0000,0.0034,0,0,,,,,,228,
lab,0x00C2B10D20260707,LW_mod2_wht,"C08 parity count",mod_synthesis,8,14,1,1,0,0,0x00,0xFF,0x0000000,0,1.0000,1.0000,1.0000,0,0,,,,,,511,
lab,0x00C2B10D20260707,LG_gf2,"C08 parity count",mod_synthesis,8,14,1,1,0,0,0x00,0xFF,0x0000000,0,1.0000,1.0000,1.0000,1,45,,,,,,1,
lab,0x00C2B10D20260707,L0_tb_argmax,"C08 parity count",mod_synthesis,8,15,0,0,0,0,0x00,0xE0,0x0000000,0,0.0611,1.0000,0.0000,0,0,,,,,,162,
lab,0x00C2B10D20260707,L1_single_up,"C08 parity count",mod_synthesis,8,15,0,0,0,0,0x08,0xF7,0x0000000,0,0.3394,0.3213,0.0000,0,0,,,,,,1016,
lab,0x00C2B10D20260707,L2_pair_up,"C08 parity count",mod_synthesis,8,15,0,0,0,0,0x0C,0xF3,0x0000000,0,0.1257,0.0980,0.0000,0,0,,,,,,1792,
lab,0x00C2B10D20260707,L3_gibbs,"C08 parity count",mod_synthesis,8,15,0,0,0,0,0xFF,0x00,0x0000000,0,0.0011,0.0000,0.0251,0,0,,,,,,228,
lab,0x00C2B10D20260707,LW_mod2_wht,"C08 parity count",mod_synthesis,8,15,1,1,0,0,0x00,0xFF,0x0000000,0,1.0000,1.0000,1.0000,0,0,,,,,,511,
lab,0x00C2B10D20260707,LG_gf2,"C08 parity count",mod_synthesis,8,15,1,1,0,0,0x00,0xFF,0x0000000,0,1.0000,1.0000,1.0000,1,45,,,,,,1,
lab,0x00C2B10D20260707,L0_tb_argmax,"C08 parity count",mod_synthesis,8,16,0,0,0,0,0x00,0x3C,0x0000000,0,0.0503,1.0000,0.0000,0,0,,,,,,162,
lab,0x00C2B10D20260707,L1_single_up,"C08 parity count",mod_synthesis,8,16,0,0,0,0,0x08,0xF7,0x0000000,0,0.3463,0.3267,0.0000,0,0,,,,,,1016,
lab,0x00C2B10D20260707,L2_pair_up,"C08 parity count",mod_synthesis,8,16,0,0,0,0,0x18,0xE7,0x0000000,0,0.1331,0.1049,0.0000,0,0,,,,,,1792,
lab,0x00C2B10D20260707,L3_gibbs,"C08 parity count",mod_synthesis,8,16,0,0,0,0,0xFF,0x00,0x0000000,0,0.0046,0.0000,0.0320,0,0,,,,,,228,
lab,0x00C2B10D20260707,LW_mod2_wht,"C08 parity count",mod_synthesis,8,16,1,1,0,0,0x00,0xFF,0x0000000,0,1.0000,1.0000,1.0000,0,0,,,,,,511,
lab,0x00C2B10D20260707,LG_gf2,"C08 parity count",mod_synthesis,8,16,1,1,0,0,0x00,0xFF,0x0000000,0,1.0000,1.0000,1.0000,1,45,,,,,,1,
lab,0x00C2B10D20260707,L0_tb_argmax,"C08 parity count",mod_synthesis,8,17,0,0,0,0,0x00,0x2D,0x0000000,0,0.0577,1.0000,0.0000,0,0,,,,,,162,
lab,0x00C2B10D20260707,L1_single_up,"C08 parity count",mod_synthesis,8,17,0,0,0,0,0x01,0xFE,0x0000000,0,0.3554,0.3249,0.0000,0,0,,,,,,1016,
lab,0x00C2B10D20260707,L2_pair_up,"C08 parity count",mod_synthesis,8,17,0,0,0,0,0x03,0xFC,0x0000000,0,0.1377,0.1027,0.0000,0,0,,,,,,1792,
lab,0x00C2B10D20260707,L3_gibbs,"C08 parity count",mod_synthesis,8,17,0,0,0,0,0xFF,0x00,0x0000000,0,0.0154,0.0000,0.0080,0,0,,,,,,228,
lab,0x00C2B10D20260707,LW_mod2_wht,"C08 parity count",mod_synthesis,8,17,1,1,0,0,0x00,0xFF,0x0000000,0,1.0000,1.0000,1.0000,0,0,,,,,,511,
lab,0x00C2B10D20260707,LG_gf2,"C08 parity count",mod_synthesis,8,17,1,1,0,0,0x00,0xFF,0x0000000,0,1.0000,1.0000,1.0000,1,45,,,,,,1,
lab,0x00C2B10D20260707,L0_tb_argmax,"C08 parity count",mod_synthesis,8,18,0,0,0,0,0x00,0x41,0x0000000,0,0.0474,1.0000,0.0000,0,0,,,,,,162,
lab,0x00C2B10D20260707,L1_single_up,"C08 parity count",mod_synthesis,8,18,0,0,0,0,0x01,0xFE,0x0000000,0,0.3463,0.3245,0.0000,0,0,,,,,,1016,
lab,0x00C2B10D20260707,L2_pair_up,"C08 parity count",mod_synthesis,8,18,0,0,0,0,0x03,0xFC,0x0000000,0,0.1331,0.1033,0.0000,0,0,,,,,,1792,
lab,0x00C2B10D20260707,L3_gibbs,"C08 parity count",mod_synthesis,8,18,0,0,0,0,0xFF,0x00,0x0000000,0,0.0074,0.0000,0.0080,0,0,,,,,,228,
lab,0x00C2B10D20260707,LW_mod2_wht,"C08 parity count",mod_synthesis,8,18,1,1,0,0,0x00,0xFF,0x0000000,0,1.0000,1.0000,1.0000,0,0,,,,,,511,
lab,0x00C2B10D20260707,LG_gf2,"C08 parity count",mod_synthesis,8,18,1,1,0,0,0x00,0xFF,0x0000000,0,1.0000,1.0000,1.0000,1,45,,,,,,1,
lab,0x00C2B10D20260707,L0_tb_argmax,"C08 parity count",mod_synthesis,8,19,0,0,0,0,0x00,0x51,0x0000000,0,0.0543,1.0000,0.0000,0,0,,,,,,162,
lab,0x00C2B10D20260707,L1_single_up,"C08 parity count",mod_synthesis,8,19,0,0,0,0,0x10,0xEF,0x0000000,0,0.3474,0.3271,0.0000,0,0,,,,,,1016,
lab,0x00C2B10D20260707,L2_pair_up,"C08 parity count",mod_synthesis,8,19,0,0,0,0,0x81,0x7E,0x0000000,0,0.1291,0.1019,0.0000,0,0,,,,,,1792,
lab,0x00C2B10D20260707,L3_gibbs,"C08 parity count",mod_synthesis,8,19,0,0,0,0,0xFF,0x00,0x0000000,0,0.0091,0.0000,0.0046,0,0,,,,,,228,
lab,0x00C2B10D20260707,LW_mod2_wht,"C08 parity count",mod_synthesis,8,19,1,1,0,0,0x00,0xFF,0x0000000,0,1.0000,1.0000,1.0000,0,0,,,,,,511,
lab,0x00C2B10D20260707,LG_gf2,"C08 parity count",mod_synthesis,8,19,1,1,0,0,0x00,0xFF,0x0000000,0,1.0000,1.0000,1.0000,1,45,,,,,,1,
lab,0x00C2B10D20260707,L0_tb_argmax,"C09 inv parity",pipeline,28,0,0,0,0,0,0x00,0x50,0x0000000,0,0.0554,0.0000,0.0000,0,0,,,,,,162,
lab,0x00C2B10D20260707,L1_single_up,"C09 inv parity",pipeline,28,0,0,0,0,0,0x80,0x31,0x0000000,0,0.0594,0.0000,0.0000,0,0,,,,,,1016,
lab,0x00C2B10D20260707,L2_pair_up,"C09 inv parity",pipeline,28,0,0,0,0,0,0x09,0x42,0x0000000,0,0.0589,0.0000,0.0000,0,0,,,,,,1792,
lab,0x00C2B10D20260707,L3_gibbs,"C09 inv parity",pipeline,28,0,0,0,0,0,0xB1,0x00,0x0000000,0,0.0154,0.0000,0.0503,0,0,,,,,,196,
lab,0x00C2B10D20260707,LW_mod2_wht,"C09 inv parity",pipeline,28,0,0,0,0,0,0x00,0x50,0x0000000,0,0.0554,0.0000,0.0103,0,0,,,,,,511,
lab,0x00C2B10D20260707,LG_gf2,"C09 inv parity",pipeline,28,0,1,1,0,0,0x00,0x00,0xFFFFFFF,0,1.0000,1.0000,1.0000,1,45,,,,,,1,
lab,0x00C2B10D20260707,c09_probes,"C09 inv parity",pipeline,28,0,0,0,0,0,0x00,0x00,0x4000001,0,0.0400,0.0634,0.0526,0,0,,,,,,484,"single=0.0400;subset=0.0634;gibbs_end=0.0526"
lab,0x00C2B10D20260707,L0_tb_argmax,"C09 inv parity",pipeline,28,1,0,0,0,0,0x00,0xB1,0x0000000,0,0.0474,0.0000,0.0000,0,0,,,,,,162,
lab,0x00C2B10D20260707,L1_single_up,"C09 inv parity",pipeline,28,1,0,0,0,0,0x01,0xEE,0x0000000,0,0.0577,0.0000,0.0000,0,0,,,,,,1016,
lab,0x00C2B10D20260707,L2_pair_up,"C09 inv parity",pipeline,28,1,0,0,0,0,0x44,0x93,0x0000000,0,0.0600,0.0000,0.0000,0,0,,,,,,1792,
lab,0x00C2B10D20260707,L3_gibbs,"C09 inv parity",pipeline,28,1,0,0,0,0,0xB6,0x00,0x0000000,0,0.0354,0.0000,0.0400,0,0,,,,,,197,
lab,0x00C2B10D20260707,LW_mod2_wht,"C09 inv parity",pipeline,28,1,0,0,0,0,0x83,0x00,0x0000000,0,0.0600,0.0000,0.0343,0,0,,,,,,511,
lab,0x00C2B10D20260707,LG_gf2,"C09 inv parity",pipeline,28,1,1,1,0,0,0x00,0x00,0xFFFFFFF,0,1.0000,1.0000,1.0000,1,45,,,,,,1,
lab,0x00C2B10D20260707,c09_probes,"C09 inv parity",pipeline,28,1,0,0,0,0,0x00,0x00,0x0044400,0,0.0331,0.0543,0.0389,0,0,,,,,,484,"single=0.0331;subset=0.0543;gibbs_end=0.0389"
lab,0x00C2B10D20260707,L0_tb_argmax,"C09 inv parity",pipeline,28,2,0,0,0,0,0x00,0x58,0x0000000,0,0.0577,0.0000,0.0000,0,0,,,,,,162,
lab,0x00C2B10D20260707,L1_single_up,"C09 inv parity",pipeline,28,2,0,0,0,0,0x20,0xC7,0x0000000,0,0.0589,0.0000,0.0000,0,0,,,,,,1016,
lab,0x00C2B10D20260707,L2_pair_up,"C09 inv parity",pipeline,28,2,0,0,0,0,0x44,0x93,0x0000000,0,0.0583,0.0000,0.0000,0,0,,,,,,1792,
lab,0x00C2B10D20260707,L3_gibbs,"C09 inv parity",pipeline,28,2,0,0,0,0,0x39,0x00,0x0000000,0,0.0006,0.0000,0.0274,0,0,,,,,,187,
lab,0x00C2B10D20260707,LW_mod2_wht,"C09 inv parity",pipeline,28,2,0,0,0,0,0x00,0x58,0x0000000,0,0.0577,0.0000,0.0046,0,0,,,,,,511,
lab,0x00C2B10D20260707,LG_gf2,"C09 inv parity",pipeline,28,2,1,1,0,0,0x00,0x00,0xFFFFFFF,0,1.0000,1.0000,1.0000,1,45,,,,,,1,
lab,0x00C2B10D20260707,c09_probes,"C09 inv parity",pipeline,28,2,0,0,0,0,0x00,0x00,0x0040004,0,0.0366,0.0611,0.0286,0,0,,,,,,428,"single=0.0366;subset=0.0611;gibbs_end=0.0286"
lab,0x00C2B10D20260707,L0_tb_argmax,"C09 inv parity",pipeline,28,3,0,0,0,0,0x00,0x50,0x0000000,0,0.0571,0.0000,0.0000,0,0,,,,,,162,
lab,0x00C2B10D20260707,L1_single_up,"C09 inv parity",pipeline,28,3,0,0,0,0,0x10,0xC4,0x0000000,0,0.0571,0.0000,0.0000,0,0,,,,,,1016,
lab,0x00C2B10D20260707,L2_pair_up,"C09 inv parity",pipeline,28,3,0,0,0,0,0x90,0x21,0x0000000,0,0.0720,0.0000,0.0000,0,0,,,,,,1792,
lab,0x00C2B10D20260707,L3_gibbs,"C09 inv parity",pipeline,28,3,0,0,0,0,0x98,0x00,0x0000000,0,0.0143,0.0000,0.0377,0,0,,,,,,189,
lab,0x00C2B10D20260707,LW_mod2_wht,"C09 inv parity",pipeline,28,3,0,0,0,0,0x00,0x50,0x0000000,0,0.0571,0.0000,0.0069,0,0,,,,,,511,
lab,0x00C2B10D20260707,LG_gf2,"C09 inv parity",pipeline,28,3,1,1,0,0,0x00,0x00,0xFFFFFFF,0,1.0000,1.0000,1.0000,1,45,,,,,,1,
lab,0x00C2B10D20260707,c09_probes,"C09 inv parity",pipeline,28,3,0,0,0,0,0x00,0x00,0x0804000,0,0.0406,0.0629,0.0240,0,0,,,,,,540,"single=0.0406;subset=0.0629;gibbs_end=0.0240"
lab,0x00C2B10D20260707,L0_tb_argmax,"C09 inv parity",pipeline,28,4,0,0,0,0,0x00,0xC1,0x0000000,0,0.0571,0.0000,0.0000,0,0,,,,,,162,
lab,0x00C2B10D20260707,L1_single_up,"C09 inv parity",pipeline,28,4,0,0,0,0,0x10,0xC4,0x0000000,0,0.0520,0.0000,0.0000,0,0,,,,,,1016,
lab,0x00C2B10D20260707,L2_pair_up,"C09 inv parity",pipeline,28,4,0,0,0,0,0x22,0x0D,0x0000000,0,0.0560,0.0000,0.0000,0,0,,,,,,1792,
lab,0x00C2B10D20260707,L3_gibbs,"C09 inv parity",pipeline,28,4,0,0,0,0,0xD4,0x00,0x0000000,0,0.0103,0.0000,0.0583,0,0,,,,,,190,
lab,0x00C2B10D20260707,LW_mod2_wht,"C09 inv parity",pipeline,28,4,0,0,0,0,0x00,0xC1,0x0000000,0,0.0571,0.0000,0.0434,0,0,,,,,,511,
lab,0x00C2B10D20260707,LG_gf2,"C09 inv parity",pipeline,28,4,1,1,0,0,0x00,0x00,0xFFFFFFF,0,1.0000,1.0000,1.0000,1,45,,,,,,1,
lab,0x00C2B10D20260707,c09_probes,"C09 inv parity",pipeline,28,4,0,0,0,0,0x00,0x00,0x8001000,0,0.0286,0.0634,0.0206,0,0,,,,,,540,"single=0.0286;subset=0.0634;gibbs_end=0.0206"
lab,0x00C2B10D20260707,L0_tb_argmax,"C09 inv parity",pipeline,28,5,0,0,0,0,0x00,0x50,0x0000000,0,0.0503,0.0000,0.0000,0,0,,,,,,162,
lab,0x00C2B10D20260707,L1_single_up,"C09 inv parity",pipeline,28,5,0,0,0,0,0x80,0x31,0x0000000,0,0.0531,0.0000,0.0000,0,0,,,,,,1016,
lab,0x00C2B10D20260707,L2_pair_up,"C09 inv parity",pipeline,28,5,0,0,0,0,0x44,0x93,0x0000000,0,0.0577,0.0000,0.0000,0,0,,,,,,1792,
lab,0x00C2B10D20260707,L3_gibbs,"C09 inv parity",pipeline,28,5,0,0,0,0,0x83,0x00,0x0000000,0,0.0549,0.0000,0.0446,0,0,,,,,,193,
lab,0x00C2B10D20260707,LW_mod2_wht,"C09 inv parity",pipeline,28,5,0,0,0,0,0x83,0x00,0x0000000,0,0.0549,0.0000,0.0446,0,0,,,,,,511,
lab,0x00C2B10D20260707,LG_gf2,"C09 inv parity",pipeline,28,5,1,1,0,0,0x00,0x00,0xFFFFFFF,0,1.0000,1.0000,1.0000,1,45,,,,,,1,
lab,0x00C2B10D20260707,c09_probes,"C09 inv parity",pipeline,28,5,0,0,0,0,0x00,0x00,0x4000001,0,0.0343,0.0903,0.0434,0,0,,,,,,484,"single=0.0343;subset=0.0903;gibbs_end=0.0434"
lab,0x00C2B10D20260707,L0_tb_argmax,"C09 inv parity",pipeline,28,6,0,0,0,0,0x00,0xC1,0x0000000,0,0.0577,0.0000,0.0000,0,0,,,,,,162,
lab,0x00C2B10D20260707,L1_single_up,"C09 inv parity",pipeline,28,6,0,0,0,0,0x20,0xC7,0x0000000,0,0.0629,0.0000,0.0000,0,0,,,,,,1016,
lab,0x00C2B10D20260707,L2_pair_up,"C09 inv parity",pipeline,28,6,0,0,0,0,0x12,0xEC,0x0000000,0,0.0651,0.0000,0.0000,0,0,,,,,,1792,
lab,0x00C2B10D20260707,L3_gibbs,"C09 inv parity",pipeline,28,6,0,0,0,0,0x83,0x00,0x0000000,0,0.0594,0.0000,0.0354,0,0,,,,,,200,
lab,0x00C2B10D20260707,LW_mod2_wht,"C09 inv parity",pipeline,28,6,0,0,0,0,0x00,0x5F,0x0000000,0,0.0594,0.0000,0.0080,0,0,,,,,,511,
lab,0x00C2B10D20260707,LG_gf2,"C09 inv parity",pipeline,28,6,1,1,0,0,0x00,0x00,0xFFFFFFF,0,1.0000,1.0000,1.0000,1,45,,,,,,1,
lab,0x00C2B10D20260707,c09_probes,"C09 inv parity",pipeline,28,6,0,0,0,0,0x00,0x00,0x213A000,0,0.0314,0.0543,0.0320,0,0,,,,,,596,"single=0.0314;subset=0.0543;gibbs_end=0.0320"
lab,0x00C2B10D20260707,L0_tb_argmax,"C09 inv parity",pipeline,28,7,0,0,0,0,0x00,0xC1,0x0000000,0,0.0577,0.0000,0.0000,0,0,,,,,,162,
lab,0x00C2B10D20260707,L1_single_up,"C09 inv parity",pipeline,28,7,0,0,0,0,0x80,0x58,0x0000000,0,0.0566,0.0000,0.0000,0,0,,,,,,1016,
lab,0x00C2B10D20260707,L2_pair_up,"C09 inv parity",pipeline,28,7,0,0,0,0,0x21,0xD4,0x0000000,0,0.0566,0.0000,0.0000,0,0,,,,,,1792,
lab,0x00C2B10D20260707,L3_gibbs,"C09 inv parity",pipeline,28,7,0,0,0,0,0x83,0x00,0x0000000,0,0.0503,0.0000,0.0537,0,0,,,,,,246,
lab,0x00C2B10D20260707,LW_mod2_wht,"C09 inv parity",pipeline,28,7,0,0,0,0,0x9D,0x00,0x0000000,0,0.0611,0.0000,0.0114,0,0,,,,,,511,
lab,0x00C2B10D20260707,LG_gf2,"C09 inv parity",pipeline,28,7,1,1,0,0,0x00,0x00,0xFFFFFFF,0,1.0000,1.0000,1.0000,1,45,,,,,,1,
lab,0x00C2B10D20260707,c09_probes,"C09 inv parity",pipeline,28,7,0,0,0,0,0x00,0x00,0x00A0008,0,0.0371,0.0543,0.0583,0,0,,,,,,484,"single=0.0371;subset=0.0543;gibbs_end=0.0583"
lab,0x00C2B10D20260707,L0_tb_argmax,"C09 inv parity",pipeline,28,8,0,0,0,0,0x00,0xC1,0x0000000,0,0.0566,0.0000,0.0000,0,0,,,,,,162,
lab,0x00C2B10D20260707,L1_single_up,"C09 inv parity",pipeline,28,8,0,0,0,0,0x80,0x31,0x0000000,0,0.0703,0.0000,0.0000,0,0,,,,,,1016,
lab,0x00C2B10D20260707,L2_pair_up,"C09 inv parity",pipeline,28,8,0,0,0,0,0x03,0x80,0x0000000,0,0.0634,0.0000,0.0000,0,0,,,,,,1792,
lab,0x00C2B10D20260707,L3_gibbs,"C09 inv parity",pipeline,28,8,0,0,0,0,0x83,0x00,0x0000000,0,0.0514,0.0000,0.0514,0,0,,,,,,194,
lab,0x00C2B10D20260707,LW_mod2_wht,"C09 inv parity",pipeline,28,8,0,0,0,0,0x00,0xC1,0x0000000,0,0.0566,0.0000,0.0446,0,0,,,,,,511,
lab,0x00C2B10D20260707,LG_gf2,"C09 inv parity",pipeline,28,8,1,1,0,0,0x00,0x00,0xFFFFFFF,0,1.0000,1.0000,1.0000,1,45,,,,,,1,
lab,0x00C2B10D20260707,c09_probes,"C09 inv parity",pipeline,28,8,0,0,0,0,0x00,0x00,0x8208020,0,0.0303,0.0560,0.0389,0,0,,,,,,568,"single=0.0303;subset=0.0560;gibbs_end=0.0389"
lab,0x00C2B10D20260707,L0_tb_argmax,"C09 inv parity",pipeline,28,9,0,0,0,0,0x00,0xC1,0x0000000,0,0.0594,0.0000,0.0000,0,0,,,,,,162,
lab,0x00C2B10D20260707,L1_single_up,"C09 inv parity",pipeline,28,9,0,0,0,0,0x80,0x31,0x0000000,0,0.0640,0.0000,0.0000,0,0,,,,,,1016,
lab,0x00C2B10D20260707,L2_pair_up,"C09 inv parity",pipeline,28,9,0,0,0,0,0x03,0x80,0x0000000,0,0.0554,0.0000,0.0000,0,0,,,,,,1792,
lab,0x00C2B10D20260707,L3_gibbs,"C09 inv parity",pipeline,28,9,0,0,0,0,0x89,0x00,0x0000000,0,0.0057,0.0000,0.0446,0,0,,,,,,191,
lab,0x00C2B10D20260707,LW_mod2_wht,"C09 inv parity",pipeline,28,9,0,0,0,0,0x00,0xEE,0x0000000,0,0.0623,0.0000,0.0149,0,0,,,,,,511,
lab,0x00C2B10D20260707,LG_gf2,"C09 inv parity",pipeline,28,9,1,1,0,0,0x00,0x00,0xFFFFFFF,0,1.0000,1.0000,1.0000,1,45,,,,,,1,
lab,0x00C2B10D20260707,c09_probes,"C09 inv parity",pipeline,28,9,0,0,0,0,0x00,0x00,0x1000704,0,0.0240,0.0823,0.0194,0,0,,,,,,596,"single=0.0240;subset=0.0823;gibbs_end=0.0194"
lab,0x00C2B10D20260707,L0_tb_argmax,"C09 inv parity",pipeline,28,10,0,0,0,0,0x00,0x50,0x0000000,0,0.0520,0.0000,0.0000,0,0,,,,,,162,
lab,0x00C2B10D20260707,L1_single_up,"C09 inv parity",pipeline,28,10,0,0,0,0,0x20,0xCD,0x0000000,0,0.0514,0.0000,0.0000,0,0,,,,,,1016,
lab,0x00C2B10D20260707,L2_pair_up,"C09 inv parity",pipeline,28,10,0,0,0,0,0x84,0x31,0x0000000,0,0.0589,0.0000,0.0000,0,0,,,,,,1792,
lab,0x00C2B10D20260707,L3_gibbs,"C09 inv parity",pipeline,28,10,0,0,0,0,0xB9,0x00,0x0000000,0,0.0217,0.0000,0.0709,0,0,,,,,,184,
lab,0x00C2B10D20260707,LW_mod2_wht,"C09 inv parity",pipeline,28,10,0,0,0,0,0x00,0x50,0x0000000,0,0.0520,0.0000,0.0171,0,0,,,,,,511,
lab,0x00C2B10D20260707,LG_gf2,"C09 inv parity",pipeline,28,10,1,1,0,0,0x00,0x00,0xFFFFFFF,0,1.0000,1.0000,1.0000,1,45,,,,,,1,
lab,0x00C2B10D20260707,c09_probes,"C09 inv parity",pipeline,28,10,0,0,0,0,0x00,0x00,0x0002010,0,0.0326,0.0446,0.0297,0,0,,,,,,428,"single=0.0326;subset=0.0446;gibbs_end=0.0297"
lab,0x00C2B10D20260707,L0_tb_argmax,"C09 inv parity",pipeline,28,11,0,0,0,0,0x00,0xC1,0x0000000,0,0.0634,0.0000,0.0000,0,0,,,,,,162,
lab,0x00C2B10D20260707,L1_single_up,"C09 inv parity",pipeline,28,11,0,0,0,0,0x40,0x1E,0x0000000,0,0.0549,0.0000,0.0000,0,0,,,,,,1016,
lab,0x00C2B10D20260707,L2_pair_up,"C09 inv parity",pipeline,28,11,0,0,0,0,0x50,0x07,0x0000000,0,0.0577,0.0000,0.0000,0,0,,,,,,1792,
lab,0x00C2B10D20260707,L3_gibbs,"C09 inv parity",pipeline,28,11,0,0,0,0,0x83,0x00,0x0000000,0,0.0537,0.0000,0.0469,0,0,,,,,,192,
lab,0x00C2B10D20260707,LW_mod2_wht,"C09 inv parity",pipeline,28,11,0,0,0,0,0x00,0xC1,0x0000000,0,0.0634,0.0000,0.0309,0,0,,,,,,511,
lab,0x00C2B10D20260707,LG_gf2,"C09 inv parity",pipeline,28,11,1,1,0,0,0x00,0x00,0xFFFFFFF,0,1.0000,1.0000,1.0000,1,45,,,,,,1,
lab,0x00C2B10D20260707,c09_probes,"C09 inv parity",pipeline,28,11,0,0,0,0,0x00,0x00,0x0003000,0,0.0286,0.0600,0.0354,0,0,,,,,,484,"single=0.0286;subset=0.0600;gibbs_end=0.0354"
lab,0x00C2B10D20260707,L0_tb_argmax,"C09 inv parity",pipeline,28,12,0,0,0,0,0x00,0xC1,0x0000000,0,0.0474,0.0000,0.0000,0,0,,,,,,162,
lab,0x00C2B10D20260707,L1_single_up,"C09 inv parity",pipeline,28,12,0,0,0,0,0x20,0xC7,0x0000000,0,0.0486,0.0000,0.0000,0,0,,,,,,1016,
lab,0x00C2B10D20260707,L2_pair_up,"C09 inv parity",pipeline,28,12,0,0,0,0,0x12,0xE0,0x0000000,0,0.0606,0.0000,0.0000,0,0,,,,,,1792,
lab,0x00C2B10D20260707,L3_gibbs,"C09 inv parity",pipeline,28,12,0,0,0,0,0xF9,0x00,0x0000000,0,0.0000,0.0000,0.0537,0,0,,,,,,218,
lab,0x00C2B10D20260707,LW_mod2_wht,"C09 inv parity",pipeline,28,12,0,0,0,0,0x00,0xEE,0x0000000,0,0.0531,0.0000,0.0034,0,0,,,,,,511,
lab,0x00C2B10D20260707,LG_gf2,"C09 inv parity",pipeline,28,12,1,1,0,0,0x00,0x00,0xFFFFFFF,0,1.0000,1.0000,1.0000,1,45,,,,,,1,
lab,0x00C2B10D20260707,c09_probes,"C09 inv parity",pipeline,28,12,0,0,0,0,0x00,0x00,0x0908060,0,0.0383,0.0566,0.0240,0,0,,,,,,540,"single=0.0383;subset=0.0566;gibbs_end=0.0240"
lab,0x00C2B10D20260707,L0_tb_argmax,"C09 inv parity",pipeline,28,13,0,0,0,0,0x00,0xC1,0x0000000,0,0.0474,0.0000,0.0000,0,0,,,,,,162,
lab,0x00C2B10D20260707,L1_single_up,"C09 inv parity",pipeline,28,13,0,0,0,0,0x20,0xC7,0x0000000,0,0.0600,0.0000,0.0000,0,0,,,,,,1016,
lab,0x00C2B10D20260707,L2_pair_up,"C09 inv parity",pipeline,28,13,0,0,0,0,0x03,0x80,0x0000000,0,0.0594,0.0000,0.0000,0,0,,,,,,1792,
lab,0x00C2B10D20260707,L3_gibbs,"C09 inv parity",pipeline,28,13,0,0,0,0,0x3F,0x00,0x0000000,0,0.0080,0.0000,0.0491,0,0,,,,,,193,
lab,0x00C2B10D20260707,LW_mod2_wht,"C09 inv parity",pipeline,28,13,0,0,0,0,0x83,0x00,0x0000000,0,0.0629,0.0000,0.0286,0,0,,,,,,511,
lab,0x00C2B10D20260707,LG_gf2,"C09 inv parity",pipeline,28,13,1,1,0,0,0x00,0x00,0xFFFFFFF,0,1.0000,1.0000,1.0000,1,45,,,,,,1,
lab,0x00C2B10D20260707,c09_probes,"C09 inv parity",pipeline,28,13,0,0,0,0,0x00,0x00,0x1008202,0,0.0286,0.1286,0.0366,0,0,,,,,,596,"single=0.0286;subset=0.1286;gibbs_end=0.0366"
lab,0x00C2B10D20260707,L0_tb_argmax,"C09 inv parity",pipeline,28,14,0,0,0,0,0x00,0x50,0x0000000,0,0.0503,0.0000,0.0000,0,0,,,,,,162,
lab,0x00C2B10D20260707,L1_single_up,"C09 inv parity",pipeline,28,14,0,0,0,0,0x80,0x31,0x0000000,0,0.0720,0.0000,0.0000,0,0,,,,,,1016,
lab,0x00C2B10D20260707,L2_pair_up,"C09 inv parity",pipeline,28,14,0,0,0,0,0x44,0x93,0x0000000,0,0.0611,0.0000,0.0000,0,0,,,,,,1792,
lab,0x00C2B10D20260707,L3_gibbs,"C09 inv parity",pipeline,28,14,0,0,0,0,0xEE,0x00,0x0000000,0,0.0383,0.0000,0.0400,0,0,,,,,,185,
lab,0x00C2B10D20260707,LW_mod2_wht,"C09 inv parity",pipeline,28,14,0,0,0,0,0x83,0x00,0x0000000,0,0.0657,0.0000,0.0229,0,0,,,,,,511,
lab,0x00C2B10D20260707,LG_gf2,"C09 inv parity",pipeline,28,14,1,1,0,0,0x00,0x00,0xFFFFFFF,0,1.0000,1.0000,1.0000,1,45,,,,,,1,
lab,0x00C2B10D20260707,c09_probes,"C09 inv parity",pipeline,28,14,0,0,0,0,0x00,0x00,0x0028020,0,0.0263,0.1074,0.0343,0,0,,,,,,512,"single=0.0263;subset=0.1074;gibbs_end=0.0343"
lab,0x00C2B10D20260707,L0_tb_argmax,"C09 inv parity",pipeline,28,15,0,0,0,0,0x00,0x0D,0x0000000,0,0.0469,0.0000,0.0000,0,0,,,,,,162,
lab,0x00C2B10D20260707,L1_single_up,"C09 inv parity",pipeline,28,15,0,0,0,0,0x80,0x31,0x0000000,0,0.0594,0.0000,0.0000,0,0,,,,,,1016,
lab,0x00C2B10D20260707,L2_pair_up,"C09 inv parity",pipeline,28,15,0,0,0,0,0x18,0x03,0x0000000,0,0.0617,0.0000,0.0000,0,0,,,,,,1792,
lab,0x00C2B10D20260707,L3_gibbs,"C09 inv parity",pipeline,28,15,0,0,0,0,0xFA,0x00,0x0000000,0,0.0194,0.0000,0.0434,0,0,,,,,,189,
lab,0x00C2B10D20260707,LW_mod2_wht,"C09 inv parity",pipeline,28,15,0,0,0,0,0x83,0x00,0x0000000,0,0.0606,0.0000,0.0331,0,0,,,,,,511,
lab,0x00C2B10D20260707,LG_gf2,"C09 inv parity",pipeline,28,15,1,1,0,0,0x00,0x00,0xFFFFFFF,0,1.0000,1.0000,1.0000,1,45,,,,,,1,
lab,0x00C2B10D20260707,c09_probes,"C09 inv parity",pipeline,28,15,0,0,0,0,0x00,0x00,0x0180000,0,0.0251,0.0611,0.0491,0,0,,,,,,512,"single=0.0251;subset=0.0611;gibbs_end=0.0491"
lab,0x00C2B10D20260707,L0_tb_argmax,"C09 inv parity",pipeline,28,16,0,0,0,0,0x00,0xC1,0x0000000,0,0.0509,0.0000,0.0000,0,0,,,,,,162,
lab,0x00C2B10D20260707,L1_single_up,"C09 inv parity",pipeline,28,16,0,0,0,0,0x01,0xC0,0x0000000,0,0.0531,0.0000,0.0000,0,0,,,,,,1016,
lab,0x00C2B10D20260707,L2_pair_up,"C09 inv parity",pipeline,28,16,0,0,0,0,0x05,0x68,0x0000000,0,0.0571,0.0000,0.0000,0,0,,,,,,1792,
lab,0x00C2B10D20260707,L3_gibbs,"C09 inv parity",pipeline,28,16,0,0,0,0,0xEE,0x00,0x0000000,0,0.0057,0.0000,0.0480,0,0,,,,,,200,
lab,0x00C2B10D20260707,LW_mod2_wht,"C09 inv parity",pipeline,28,16,0,0,0,0,0xE0,0x00,0x0000000,0,0.0560,0.0000,0.0469,0,0,,,,,,511,
lab,0x00C2B10D20260707,LG_gf2,"C09 inv parity",pipeline,28,16,1,1,0,0,0x00,0x00,0xFFFFFFF,0,1.0000,1.0000,1.0000,1,45,,,,,,1,
lab,0x00C2B10D20260707,c09_probes,"C09 inv parity",pipeline,28,16,0,0,0,0,0x00,0x00,0x0104000,0,0.0314,0.0714,0.0320,0,0,,,,,,512,"single=0.0314;subset=0.0714;gibbs_end=0.0320"
lab,0x00C2B10D20260707,L0_tb_argmax,"C09 inv parity",pipeline,28,17,0,0,0,0,0x00,0xC1,0x0000000,0,0.0440,0.0000,0.0000,0,0,,,,,,162,
lab,0x00C2B10D20260707,L1_single_up,"C09 inv parity",pipeline,28,17,0,0,0,0,0x40,0xA9,0x0000000,0,0.0549,0.0000,0.0000,0,0,,,,,,1016,
lab,0x00C2B10D20260707,L2_pair_up,"C09 inv parity",pipeline,28,17,0,0,0,0,0x03,0x9C,0x0000000,0,0.0594,0.0000,0.0000,0,0,,,,,,1792,
lab,0x00C2B10D20260707,L3_gibbs,"C09 inv parity",pipeline,28,17,0,0,0,0,0xAB,0x00,0x0000000,0,0.0057,0.0000,0.0503,0,0,,,,,,195,
lab,0x00C2B10D20260707,LW_mod2_wht,"C09 inv parity",pipeline,28,17,0,0,0,0,0x83,0x00,0x0000000,0,0.0554,0.0000,0.0434,0,0,,,,,,511,
lab,0x00C2B10D20260707,LG_gf2,"C09 inv parity",pipeline,28,17,1,1,0,0,0x00,0x00,0xFFFFFFF,0,1.0000,1.0000,1.0000,1,45,,,,,,1,
lab,0x00C2B10D20260707,c09_probes,"C09 inv parity",pipeline,28,17,0,0,0,0,0x00,0x00,0xC000078,0,0.0389,0.0543,0.0263,0,0,,,,,,540,"single=0.0389;subset=0.0543;gibbs_end=0.0263"
lab,0x00C2B10D20260707,L0_tb_argmax,"C09 inv parity",pipeline,28,18,0,0,0,0,0x00,0xC1,0x0000000,0,0.0497,0.0000,0.0000,0,0,,,,,,162,
lab,0x00C2B10D20260707,L1_single_up,"C09 inv parity",pipeline,28,18,0,0,0,0,0x80,0x31,0x0000000,0,0.0577,0.0000,0.0000,0,0,,,,,,1016,
lab,0x00C2B10D20260707,L2_pair_up,"C09 inv parity",pipeline,28,18,0,0,0,0,0x28,0x16,0x0000000,0,0.0577,0.0000,0.0000,0,0,,,,,,1792,
lab,0x00C2B10D20260707,L3_gibbs,"C09 inv parity",pipeline,28,18,0,0,0,0,0x83,0x00,0x0000000,0,0.0543,0.0000,0.0457,0,0,,,,,,191,
lab,0x00C2B10D20260707,LW_mod2_wht,"C09 inv parity",pipeline,28,18,0,0,0,0,0x93,0x00,0x0000000,0,0.0566,0.0000,0.0263,0,0,,,,,,511,
lab,0x00C2B10D20260707,LG_gf2,"C09 inv parity",pipeline,28,18,1,1,0,0,0x00,0x00,0xFFFFFFF,0,1.0000,1.0000,1.0000,1,45,,,,,,1,
lab,0x00C2B10D20260707,c09_probes,"C09 inv parity",pipeline,28,18,0,0,0,0,0x00,0x00,0x0001020,0,0.0349,0.0686,0.0354,0,0,,,,,,540,"single=0.0349;subset=0.0686;gibbs_end=0.0354"
lab,0x00C2B10D20260707,L0_tb_argmax,"C09 inv parity",pipeline,28,19,0,0,0,0,0x00,0x50,0x0000000,0,0.0531,0.0000,0.0000,0,0,,,,,,162,
lab,0x00C2B10D20260707,L1_single_up,"C09 inv parity",pipeline,28,19,0,0,0,0,0x01,0x24,0x0000000,0,0.0577,0.0000,0.0000,0,0,,,,,,1016,
lab,0x00C2B10D20260707,L2_pair_up,"C09 inv parity",pipeline,28,19,0,0,0,0,0x44,0x93,0x0000000,0,0.0846,0.0000,0.0000,0,0,,,,,,1792,
lab,0x00C2B10D20260707,L3_gibbs,"C09 inv parity",pipeline,28,19,0,0,0,0,0x3F,0x00,0x0000000,0,0.0103,0.0000,0.0537,0,0,,,,,,199,
lab,0x00C2B10D20260707,LW_mod2_wht,"C09 inv parity",pipeline,28,19,0,0,0,0,0x83,0x00,0x0000000,0,0.0657,0.0000,0.0229,0,0,,,,,,511,
lab,0x00C2B10D20260707,LG_gf2,"C09 inv parity",pipeline,28,19,1,1,0,0,0x00,0x00,0xFFFFFFF,0,1.0000,1.0000,1.0000,1,45,,,,,,1,
lab,0x00C2B10D20260707,c09_probes,"C09 inv parity",pipeline,28,19,0,0,0,0,0x00,0x00,0x0100080,0,0.0320,0.0566,0.0286,0,0,,,,,,428,"single=0.0320;subset=0.0566;gibbs_end=0.0286"
lab,0x00C2B10D20260707,L0_tb_argmax,"C10 parity XOR 0x0F",xor_popcount,4,0,0,0,0,0,0x00,0x35,0x0000000,0,0.0583,0.0069,0.0000,0,0,,,,,,162,
lab,0x00C2B10D20260707,L1_single_up,"C10 parity XOR 0x0F",xor_popcount,4,0,1,0,0,0,0x04,0x0B,0x0000000,0,0.0594,0.0343,0.0000,0,0,,,,,,1016,
lab,0x00C2B10D20260707,L2_pair_up,"C10 parity XOR 0x0F",xor_popcount,4,0,1,0,0,0,0x0C,0x03,0x0000000,0,0.1337,0.1004,0.0000,0,0,,,,,,1792,
lab,0x00C2B10D20260707,L3_gibbs,"C10 parity XOR 0x0F",xor_popcount,4,0,1,1,0,0,0x0F,0x00,0x0000000,0,1.0000,0.0000,1.0000,0,0,,,,,,29,
lab,0x00C2B10D20260707,LW_mod2_wht,"C10 parity XOR 0x0F",xor_popcount,4,0,1,1,0,0,0x0F,0x00,0x0000000,0,1.0000,1.0000,1.0000,0,0,,,,,,511,
lab,0x00C2B10D20260707,LG_gf2,"C10 parity XOR 0x0F",xor_popcount,4,0,1,1,0,0,0x0F,0x00,0x0000000,0,1.0000,1.0000,1.0000,1,45,,,,,,1,
lab,0x00C2B10D20260707,L0_tb_argmax,"C10 parity XOR 0x0F",xor_popcount,4,1,0,0,0,0,0x00,0x35,0x0000000,0,0.0651,0.0097,0.0000,0,0,,,,,,162,
lab,0x00C2B10D20260707,L1_single_up,"C10 parity XOR 0x0F",xor_popcount,4,1,0,0,0,0,0x01,0x8A,0x0000000,0,0.0606,0.0350,0.0000,0,0,,,,,,1016,
lab,0x00C2B10D20260707,L2_pair_up,"C10 parity XOR 0x0F",xor_popcount,4,1,1,0,0,0,0x03,0x0C,0x0000000,0,0.1166,0.1041,0.0000,0,0,,,,,,1792,
lab,0x00C2B10D20260707,L3_gibbs,"C10 parity XOR 0x0F",xor_popcount,4,1,1,1,0,0,0x0F,0x00,0x0000000,0,1.0000,0.0000,1.0000,0,0,,,,,,29,
lab,0x00C2B10D20260707,LW_mod2_wht,"C10 parity XOR 0x0F",xor_popcount,4,1,1,1,0,0,0x0F,0x00,0x0000000,0,1.0000,1.0000,1.0000,0,0,,,,,,511,
lab,0x00C2B10D20260707,LG_gf2,"C10 parity XOR 0x0F",xor_popcount,4,1,1,1,0,0,0x0F,0x00,0x0000000,0,1.0000,1.0000,1.0000,1,45,,,,,,1,
lab,0x00C2B10D20260707,L0_tb_argmax,"C10 parity XOR 0x0F",xor_popcount,4,2,0,0,0,0,0x00,0xC1,0x0000000,0,0.0480,-0.0046,0.0000,0,0,,,,,,162,
lab,0x00C2B10D20260707,L1_single_up,"C10 parity XOR 0x0F",xor_popcount,4,2,0,0,0,0,0x08,0xA4,0x0000000,0,0.0714,0.0266,0.0000,0,0,,,,,,1016,
lab,0x00C2B10D20260707,L2_pair_up,"C10 parity XOR 0x0F",xor_popcount,4,2,1,0,0,0,0x0C,0x03,0x0000000,0,0.1371,0.1030,0.0000,0,0,,,,,,1792,
lab,0x00C2B10D20260707,L3_gibbs,"C10 parity XOR 0x0F",xor_popcount,4,2,1,1,0,0,0x0F,0x00,0x0000000,0,1.0000,0.0000,1.0000,0,0,,,,,,29,
lab,0x00C2B10D20260707,LW_mod2_wht,"C10 parity XOR 0x0F",xor_popcount,4,2,1,1,0,0,0x0F,0x00,0x0000000,0,1.0000,1.0000,1.0000,0,0,,,,,,511,
lab,0x00C2B10D20260707,LG_gf2,"C10 parity XOR 0x0F",xor_popcount,4,2,1,1,0,0,0x0F,0x00,0x0000000,0,1.0000,1.0000,1.0000,1,45,,,,,,1,
lab,0x00C2B10D20260707,L0_tb_argmax,"C10 parity XOR 0x0F",xor_popcount,4,3,0,0,0,0,0x00,0x26,0x0000000,0,0.0589,0.0017,0.0000,0,0,,,,,,162,
lab,0x00C2B10D20260707,L1_single_up,"C10 parity XOR 0x0F",xor_popcount,4,3,0,0,0,0,0x20,0x1E,0x0000000,0,0.0737,0.0336,0.0000,0,0,,,,,,1016,
lab,0x00C2B10D20260707,L2_pair_up,"C10 parity XOR 0x0F",xor_popcount,4,3,1,0,0,0,0x0C,0x03,0x0000000,0,0.1486,0.1039,0.0000,0,0,,,,,,1792,
lab,0x00C2B10D20260707,L3_gibbs,"C10 parity XOR 0x0F",xor_popcount,4,3,1,1,0,0,0x0F,0x00,0x0000000,0,1.0000,0.0000,1.0000,0,0,,,,,,29,
lab,0x00C2B10D20260707,LW_mod2_wht,"C10 parity XOR 0x0F",xor_popcount,4,3,1,1,0,0,0x0F,0x00,0x0000000,0,1.0000,1.0000,1.0000,0,0,,,,,,511,
lab,0x00C2B10D20260707,LG_gf2,"C10 parity XOR 0x0F",xor_popcount,4,3,1,1,0,0,0x0F,0x00,0x0000000,0,1.0000,1.0000,1.0000,1,45,,,,,,1,
lab,0x00C2B10D20260707,L0_tb_argmax,"C10 parity XOR 0x0F",xor_popcount,4,4,0,0,0,0,0x00,0x35,0x0000000,0,0.0600,0.0011,0.0000,0,0,,,,,,162,
lab,0x00C2B10D20260707,L1_single_up,"C10 parity XOR 0x0F",xor_popcount,4,4,0,0,0,0,0x02,0x2C,0x0000000,0,0.0629,0.0334,0.0000,0,0,,,,,,1016,
lab,0x00C2B10D20260707,L2_pair_up,"C10 parity XOR 0x0F",xor_popcount,4,4,1,0,0,0,0x0C,0x03,0x0000000,0,0.1343,0.1048,0.0000,0,0,,,,,,1792,
lab,0x00C2B10D20260707,L3_gibbs,"C10 parity XOR 0x0F",xor_popcount,4,4,1,1,0,0,0x0F,0x00,0x0000000,0,1.0000,0.0000,1.0000,0,0,,,,,,29,
lab,0x00C2B10D20260707,LW_mod2_wht,"C10 parity XOR 0x0F",xor_popcount,4,4,1,1,0,0,0x0F,0x00,0x0000000,0,1.0000,1.0000,1.0000,0,0,,,,,,511,
lab,0x00C2B10D20260707,LG_gf2,"C10 parity XOR 0x0F",xor_popcount,4,4,1,1,0,0,0x0F,0x00,0x0000000,0,1.0000,1.0000,1.0000,1,45,,,,,,1,
lab,0x00C2B10D20260707,L0_tb_argmax,"C10 parity XOR 0x0F",xor_popcount,4,5,0,0,0,0,0x00,0x35,0x0000000,0,0.0589,0.0091,0.0000,0,0,,,,,,162,
lab,0x00C2B10D20260707,L1_single_up,"C10 parity XOR 0x0F",xor_popcount,4,5,0,0,0,0,0x04,0xA3,0x0000000,0,0.0606,0.0237,0.0000,0,0,,,,,,1016,
lab,0x00C2B10D20260707,L2_pair_up,"C10 parity XOR 0x0F",xor_popcount,4,5,1,0,0,0,0x0C,0x03,0x0000000,0,0.1303,0.0989,0.0000,0,0,,,,,,1792,
lab,0x00C2B10D20260707,L3_gibbs,"C10 parity XOR 0x0F",xor_popcount,4,5,1,1,0,0,0x0F,0x00,0x0000000,0,1.0000,0.0000,1.0000,0,0,,,,,,29,
lab,0x00C2B10D20260707,LW_mod2_wht,"C10 parity XOR 0x0F",xor_popcount,4,5,1,1,0,0,0x0F,0x00,0x0000000,0,1.0000,1.0000,1.0000,0,0,,,,,,511,
lab,0x00C2B10D20260707,LG_gf2,"C10 parity XOR 0x0F",xor_popcount,4,5,1,1,0,0,0x0F,0x00,0x0000000,0,1.0000,1.0000,1.0000,1,45,,,,,,1,
lab,0x00C2B10D20260707,L0_tb_argmax,"C10 parity XOR 0x0F",xor_popcount,4,6,0,0,0,0,0x00,0x35,0x0000000,0,0.0566,0.0040,0.0000,0,0,,,,,,162,
lab,0x00C2B10D20260707,L1_single_up,"C10 parity XOR 0x0F",xor_popcount,4,6,0,0,0,0,0x20,0x1E,0x0000000,0,0.0657,0.0339,0.0000,0,0,,,,,,1016,
lab,0x00C2B10D20260707,L2_pair_up,"C10 parity XOR 0x0F",xor_popcount,4,6,1,0,0,0,0x0C,0x03,0x0000000,0,0.1257,0.0974,0.0000,0,0,,,,,,1792,
lab,0x00C2B10D20260707,L3_gibbs,"C10 parity XOR 0x0F",xor_popcount,4,6,1,1,0,0,0x0F,0x00,0x0000000,0,1.0000,0.0000,1.0000,0,0,,,,,,29,
lab,0x00C2B10D20260707,LW_mod2_wht,"C10 parity XOR 0x0F",xor_popcount,4,6,1,1,0,0,0x0F,0x00,0x0000000,0,1.0000,1.0000,1.0000,0,0,,,,,,511,
lab,0x00C2B10D20260707,LG_gf2,"C10 parity XOR 0x0F",xor_popcount,4,6,1,1,0,0,0x0F,0x00,0x0000000,0,1.0000,1.0000,1.0000,1,45,,,,,,1,
lab,0x00C2B10D20260707,L0_tb_argmax,"C10 parity XOR 0x0F",xor_popcount,4,7,0,0,0,0,0x00,0x35,0x0000000,0,0.0571,0.0114,0.0000,0,0,,,,,,162,
lab,0x00C2B10D20260707,L1_single_up,"C10 parity XOR 0x0F",xor_popcount,4,7,0,0,0,0,0x20,0x1E,0x0000000,0,0.0566,0.0297,0.0000,0,0,,,,,,1016,
lab,0x00C2B10D20260707,L2_pair_up,"C10 parity XOR 0x0F",xor_popcount,4,7,1,0,0,0,0x0C,0x03,0x0000000,0,0.1349,0.0977,0.0000,0,0,,,,,,1792,
lab,0x00C2B10D20260707,L3_gibbs,"C10 parity XOR 0x0F",xor_popcount,4,7,1,1,0,0,0x0F,0x00,0x0000000,0,1.0000,0.0000,1.0000,0,0,,,,,,29,
lab,0x00C2B10D20260707,LW_mod2_wht,"C10 parity XOR 0x0F",xor_popcount,4,7,1,1,0,0,0x0F,0x00,0x0000000,0,1.0000,1.0000,1.0000,0,0,,,,,,511,
lab,0x00C2B10D20260707,LG_gf2,"C10 parity XOR 0x0F",xor_popcount,4,7,1,1,0,0,0x0F,0x00,0x0000000,0,1.0000,1.0000,1.0000,1,45,,,,,,1,
lab,0x00C2B10D20260707,L0_tb_argmax,"C10 parity XOR 0x0F",xor_popcount,4,8,0,0,0,0,0x00,0x35,0x0000000,0,0.0520,0.0120,0.0000,0,0,,,,,,162,
lab,0x00C2B10D20260707,L1_single_up,"C10 parity XOR 0x0F",xor_popcount,4,8,0,0,0,0,0x08,0xE5,0x0000000,0,0.0566,0.0459,0.0000,0,0,,,,,,1016,
lab,0x00C2B10D20260707,L2_pair_up,"C10 parity XOR 0x0F",xor_popcount,4,8,1,0,0,0,0x0C,0x03,0x0000000,0,0.1411,0.1090,0.0000,0,0,,,,,,1792,
lab,0x00C2B10D20260707,L3_gibbs,"C10 parity XOR 0x0F",xor_popcount,4,8,1,1,0,0,0x0F,0x00,0x0000000,0,1.0000,0.0000,1.0000,0,0,,,,,,29,
lab,0x00C2B10D20260707,LW_mod2_wht,"C10 parity XOR 0x0F",xor_popcount,4,8,1,1,0,0,0x0F,0x00,0x0000000,0,1.0000,1.0000,1.0000,0,0,,,,,,511,
lab,0x00C2B10D20260707,LG_gf2,"C10 parity XOR 0x0F",xor_popcount,4,8,1,1,0,0,0x0F,0x00,0x0000000,0,1.0000,1.0000,1.0000,1,45,,,,,,1,
lab,0x00C2B10D20260707,L0_tb_argmax,"C10 parity XOR 0x0F",xor_popcount,4,9,0,0,0,0,0x00,0x35,0x0000000,0,0.0486,0.0051,0.0000,0,0,,,,,,162,
lab,0x00C2B10D20260707,L1_single_up,"C10 parity XOR 0x0F",xor_popcount,4,9,0,0,0,0,0x20,0x1E,0x0000000,0,0.0674,0.0201,0.0000,0,0,,,,,,1016,
lab,0x00C2B10D20260707,L2_pair_up,"C10 parity XOR 0x0F",xor_popcount,4,9,1,0,0,0,0x0C,0x03,0x0000000,0,0.1171,0.0908,0.0000,0,0,,,,,,1792,
lab,0x00C2B10D20260707,L3_gibbs,"C10 parity XOR 0x0F",xor_popcount,4,9,1,1,0,0,0x0F,0x00,0x0000000,0,1.0000,0.0000,1.0000,0,0,,,,,,29,
lab,0x00C2B10D20260707,LW_mod2_wht,"C10 parity XOR 0x0F",xor_popcount,4,9,1,1,0,0,0x0F,0x00,0x0000000,0,1.0000,1.0000,1.0000,0,0,,,,,,511,
lab,0x00C2B10D20260707,LG_gf2,"C10 parity XOR 0x0F",xor_popcount,4,9,1,1,0,0,0x0F,0x00,0x0000000,0,1.0000,1.0000,1.0000,1,45,,,,,,1,
lab,0x00C2B10D20260707,L0_tb_argmax,"C10 parity XOR 0x0F",xor_popcount,4,10,0,0,0,0,0x00,0x35,0x0000000,0,0.0509,0.0080,0.0000,0,0,,,,,,162,
lab,0x00C2B10D20260707,L1_single_up,"C10 parity XOR 0x0F",xor_popcount,4,10,0,0,0,0,0x02,0x50,0x0000000,0,0.0589,0.0289,0.0000,0,0,,,,,,1016,
lab,0x00C2B10D20260707,L2_pair_up,"C10 parity XOR 0x0F",xor_popcount,4,10,1,0,0,0,0x0C,0x03,0x0000000,0,0.1229,0.1021,0.0000,0,0,,,,,,1792,
lab,0x00C2B10D20260707,L3_gibbs,"C10 parity XOR 0x0F",xor_popcount,4,10,1,1,0,0,0x0F,0x00,0x0000000,0,1.0000,0.0000,1.0000,0,0,,,,,,29,
lab,0x00C2B10D20260707,LW_mod2_wht,"C10 parity XOR 0x0F",xor_popcount,4,10,1,1,0,0,0x0F,0x00,0x0000000,0,1.0000,1.0000,1.0000,0,0,,,,,,511,
lab,0x00C2B10D20260707,LG_gf2,"C10 parity XOR 0x0F",xor_popcount,4,10,1,1,0,0,0x0F,0x00,0x0000000,0,1.0000,1.0000,1.0000,1,45,,,,,,1,
lab,0x00C2B10D20260707,L0_tb_argmax,"C10 parity XOR 0x0F",xor_popcount,4,11,0,0,0,0,0x00,0xB2,0x0000000,0,0.0503,-0.0063,0.0000,0,0,,,,,,162,
lab,0x00C2B10D20260707,L1_single_up,"C10 parity XOR 0x0F",xor_popcount,4,11,0,0,0,0,0x01,0xC4,0x0000000,0,0.0589,0.0299,0.0000,0,0,,,,,,1016,
lab,0x00C2B10D20260707,L2_pair_up,"C10 parity XOR 0x0F",xor_popcount,4,11,1,0,0,0,0x0C,0x03,0x0000000,0,0.1320,0.1018,0.0000,0,0,,,,,,1792,
lab,0x00C2B10D20260707,L3_gibbs,"C10 parity XOR 0x0F",xor_popcount,4,11,1,1,0,0,0x0F,0x00,0x0000000,0,1.0000,0.0000,1.0000,0,0,,,,,,29,
lab,0x00C2B10D20260707,LW_mod2_wht,"C10 parity XOR 0x0F",xor_popcount,4,11,1,1,0,0,0x0F,0x00,0x0000000,0,1.0000,1.0000,1.0000,0,0,,,,,,511,
lab,0x00C2B10D20260707,LG_gf2,"C10 parity XOR 0x0F",xor_popcount,4,11,1,1,0,0,0x0F,0x00,0x0000000,0,1.0000,1.0000,1.0000,1,45,,,,,,1,
lab,0x00C2B10D20260707,L0_tb_argmax,"C10 parity XOR 0x0F",xor_popcount,4,12,0,0,0,0,0x00,0x64,0x0000000,0,0.0589,0.0000,0.0000,0,0,,,,,,162,
lab,0x00C2B10D20260707,L1_single_up,"C10 parity XOR 0x0F",xor_popcount,4,12,0,0,0,0,0x20,0x1E,0x0000000,0,0.0669,0.0343,0.0000,0,0,,,,,,1016,
lab,0x00C2B10D20260707,L2_pair_up,"C10 parity XOR 0x0F",xor_popcount,4,12,1,0,0,0,0x0C,0x03,0x0000000,0,0.1183,0.1027,0.0000,0,0,,,,,,1792,
lab,0x00C2B10D20260707,L3_gibbs,"C10 parity XOR 0x0F",xor_popcount,4,12,1,1,0,0,0x0F,0x00,0x0000000,0,1.0000,0.0000,1.0000,0,0,,,,,,29,
lab,0x00C2B10D20260707,LW_mod2_wht,"C10 parity XOR 0x0F",xor_popcount,4,12,1,1,0,0,0x0F,0x00,0x0000000,0,1.0000,1.0000,1.0000,0,0,,,,,,511,
lab,0x00C2B10D20260707,LG_gf2,"C10 parity XOR 0x0F",xor_popcount,4,12,1,1,0,0,0x0F,0x00,0x0000000,0,1.0000,1.0000,1.0000,1,45,,,,,,1,
lab,0x00C2B10D20260707,L0_tb_argmax,"C10 parity XOR 0x0F",xor_popcount,4,13,0,0,0,0,0x00,0x35,0x0000000,0,0.0480,-0.0017,0.0000,0,0,,,,,,162,
lab,0x00C2B10D20260707,L1_single_up,"C10 parity XOR 0x0F",xor_popcount,4,13,0,0,0,0,0x20,0xD9,0x0000000,0,0.0600,0.0376,0.0000,0,0,,,,,,1016,
lab,0x00C2B10D20260707,L2_pair_up,"C10 parity XOR 0x0F",xor_popcount,4,13,1,0,0,0,0x0C,0x03,0x0000000,0,0.1383,0.1102,0.0000,0,0,,,,,,1792,
lab,0x00C2B10D20260707,L3_gibbs,"C10 parity XOR 0x0F",xor_popcount,4,13,1,1,0,0,0x0F,0x00,0x0000000,0,1.0000,0.0000,1.0000,0,0,,,,,,29,
lab,0x00C2B10D20260707,LW_mod2_wht,"C10 parity XOR 0x0F",xor_popcount,4,13,1,1,0,0,0x0F,0x00,0x0000000,0,1.0000,1.0000,1.0000,0,0,,,,,,511,
lab,0x00C2B10D20260707,LG_gf2,"C10 parity XOR 0x0F",xor_popcount,4,13,1,1,0,0,0x0F,0x00,0x0000000,0,1.0000,1.0000,1.0000,1,45,,,,,,1,
lab,0x00C2B10D20260707,L0_tb_argmax,"C10 parity XOR 0x0F",xor_popcount,4,14,0,0,0,0,0x00,0x8B,0x0000000,0,0.0491,0.0051,0.0000,0,0,,,,,,162,
lab,0x00C2B10D20260707,L1_single_up,"C10 parity XOR 0x0F",xor_popcount,4,14,0,0,0,0,0x40,0x86,0x0000000,0,0.0554,0.0304,0.0000,0,0,,,,,,1016,
lab,0x00C2B10D20260707,L2_pair_up,"C10 parity XOR 0x0F",xor_popcount,4,14,1,0,0,0,0x0C,0x03,0x0000000,0,0.1257,0.0980,0.0000,0,0,,,,,,1792,
lab,0x00C2B10D20260707,L3_gibbs,"C10 parity XOR 0x0F",xor_popcount,4,14,1,1,0,0,0x0F,0x00,0x0000000,0,1.0000,0.0000,1.0000,0,0,,,,,,29,
lab,0x00C2B10D20260707,LW_mod2_wht,"C10 parity XOR 0x0F",xor_popcount,4,14,1,1,0,0,0x0F,0x00,0x0000000,0,1.0000,1.0000,1.0000,0,0,,,,,,511,
lab,0x00C2B10D20260707,LG_gf2,"C10 parity XOR 0x0F",xor_popcount,4,14,1,1,0,0,0x0F,0x00,0x0000000,0,1.0000,1.0000,1.0000,1,45,,,,,,1,
lab,0x00C2B10D20260707,L0_tb_argmax,"C10 parity XOR 0x0F",xor_popcount,4,15,0,0,0,0,0x00,0x84,0x0000000,0,0.0566,0.0137,0.0000,0,0,,,,,,162,
lab,0x00C2B10D20260707,L1_single_up,"C10 parity XOR 0x0F",xor_popcount,4,15,0,0,0,0,0x01,0x04,0x0000000,0,0.0571,0.0357,0.0000,0,0,,,,,,1016,
lab,0x00C2B10D20260707,L2_pair_up,"C10 parity XOR 0x0F",xor_popcount,4,15,1,0,0,0,0x0C,0x03,0x0000000,0,0.1331,0.1042,0.0000,0,0,,,,,,1792,
lab,0x00C2B10D20260707,L3_gibbs,"C10 parity XOR 0x0F",xor_popcount,4,15,1,1,0,0,0x0F,0x00,0x0000000,0,1.0000,0.0000,1.0000,0,0,,,,,,29,
lab,0x00C2B10D20260707,LW_mod2_wht,"C10 parity XOR 0x0F",xor_popcount,4,15,1,1,0,0,0x0F,0x00,0x0000000,0,1.0000,1.0000,1.0000,0,0,,,,,,511,
lab,0x00C2B10D20260707,LG_gf2,"C10 parity XOR 0x0F",xor_popcount,4,15,1,1,0,0,0x0F,0x00,0x0000000,0,1.0000,1.0000,1.0000,1,45,,,,,,1,
lab,0x00C2B10D20260707,L0_tb_argmax,"C10 parity XOR 0x0F",xor_popcount,4,16,0,0,0,0,0x00,0x35,0x0000000,0,0.0503,0.0057,0.0000,0,0,,,,,,162,
lab,0x00C2B10D20260707,L1_single_up,"C10 parity XOR 0x0F",xor_popcount,4,16,0,0,0,0,0x02,0x1D,0x0000000,0,0.0566,0.0277,0.0000,0,0,,,,,,1016,
lab,0x00C2B10D20260707,L2_pair_up,"C10 parity XOR 0x0F",xor_popcount,4,16,1,0,0,0,0x03,0x0C,0x0000000,0,0.1217,0.0994,0.0000,0,0,,,,,,1792,
lab,0x00C2B10D20260707,L3_gibbs,"C10 parity XOR 0x0F",xor_popcount,4,16,1,1,0,0,0x0F,0x00,0x0000000,0,1.0000,0.0000,1.0000,0,0,,,,,,29,
lab,0x00C2B10D20260707,LW_mod2_wht,"C10 parity XOR 0x0F",xor_popcount,4,16,1,1,0,0,0x0F,0x00,0x0000000,0,1.0000,1.0000,1.0000,0,0,,,,,,511,
lab,0x00C2B10D20260707,LG_gf2,"C10 parity XOR 0x0F",xor_popcount,4,16,1,1,0,0,0x0F,0x00,0x0000000,0,1.0000,1.0000,1.0000,1,45,,,,,,1,
lab,0x00C2B10D20260707,L0_tb_argmax,"C10 parity XOR 0x0F",xor_popcount,4,17,0,0,0,0,0x00,0x35,0x0000000,0,0.0503,0.0080,0.0000,0,0,,,,,,162,
lab,0x00C2B10D20260707,L1_single_up,"C10 parity XOR 0x0F",xor_popcount,4,17,0,0,0,0,0x20,0x1E,0x0000000,0,0.0726,0.0303,0.0000,0,0,,,,,,1016,
lab,0x00C2B10D20260707,L2_pair_up,"C10 parity XOR 0x0F",xor_popcount,4,17,1,0,0,0,0x0C,0x03,0x0000000,0,0.1291,0.1040,0.0000,0,0,,,,,,1792,
lab,0x00C2B10D20260707,L3_gibbs,"C10 parity XOR 0x0F",xor_popcount,4,17,1,1,0,0,0x0F,0x00,0x0000000,0,1.0000,0.0000,1.0000,0,0,,,,,,29,
lab,0x00C2B10D20260707,LW_mod2_wht,"C10 parity XOR 0x0F",xor_popcount,4,17,1,1,0,0,0x0F,0x00,0x0000000,0,1.0000,1.0000,1.0000,0,0,,,,,,511,
lab,0x00C2B10D20260707,LG_gf2,"C10 parity XOR 0x0F",xor_popcount,4,17,1,1,0,0,0x0F,0x00,0x0000000,0,1.0000,1.0000,1.0000,1,45,,,,,,1,
lab,0x00C2B10D20260707,L0_tb_argmax,"C10 parity XOR 0x0F",xor_popcount,4,18,0,0,0,0,0x00,0xA2,0x0000000,0,0.0411,-0.0046,0.0000,0,0,,,,,,162,
lab,0x00C2B10D20260707,L1_single_up,"C10 parity XOR 0x0F",xor_popcount,4,18,0,0,0,0,0x01,0x04,0x0000000,0,0.0606,0.0283,0.0000,0,0,,,,,,1016,
lab,0x00C2B10D20260707,L2_pair_up,"C10 parity XOR 0x0F",xor_popcount,4,18,1,0,0,0,0x03,0x0C,0x0000000,0,0.1189,0.0912,0.0000,0,0,,,,,,1792,
lab,0x00C2B10D20260707,L3_gibbs,"C10 parity XOR 0x0F",xor_popcount,4,18,1,1,0,0,0x0F,0x00,0x0000000,0,1.0000,0.0000,1.0000,0,0,,,,,,29,
lab,0x00C2B10D20260707,LW_mod2_wht,"C10 parity XOR 0x0F",xor_popcount,4,18,1,1,0,0,0x0F,0x00,0x0000000,0,1.0000,1.0000,1.0000,0,0,,,,,,511,
lab,0x00C2B10D20260707,LG_gf2,"C10 parity XOR 0x0F",xor_popcount,4,18,1,1,0,0,0x0F,0x00,0x0000000,0,1.0000,1.0000,1.0000,1,45,,,,,,1,
lab,0x00C2B10D20260707,L0_tb_argmax,"C10 parity XOR 0x0F",xor_popcount,4,19,0,0,0,0,0x00,0xB2,0x0000000,0,0.0549,0.0006,0.0000,0,0,,,,,,162,
lab,0x00C2B10D20260707,L1_single_up,"C10 parity XOR 0x0F",xor_popcount,4,19,0,0,0,0,0x20,0x1E,0x0000000,0,0.0617,0.0324,0.0000,0,0,,,,,,1016,
lab,0x00C2B10D20260707,L2_pair_up,"C10 parity XOR 0x0F",xor_popcount,4,19,1,0,0,0,0x0C,0x03,0x0000000,0,0.1434,0.1083,0.0000,0,0,,,,,,1792,
lab,0x00C2B10D20260707,L3_gibbs,"C10 parity XOR 0x0F",xor_popcount,4,19,1,1,0,0,0x0F,0x00,0x0000000,0,1.0000,0.0000,1.0000,0,0,,,,,,29,
lab,0x00C2B10D20260707,LW_mod2_wht,"C10 parity XOR 0x0F",xor_popcount,4,19,1,1,0,0,0x0F,0x00,0x0000000,0,1.0000,1.0000,1.0000,0,0,,,,,,511,
lab,0x00C2B10D20260707,LG_gf2,"C10 parity XOR 0x0F",xor_popcount,4,19,1,1,0,0,0x0F,0x00,0x0000000,0,1.0000,1.0000,1.0000,1,45,,,,,,1,
lab,0x00C2B10D20260707,L0_tb_argmax,"C11 XOR 0x37",xor_popcount,5,0,0,0,0,0,0x00,0x55,0x0000000,0,0.0474,-0.0120,0.0000,0,0,,,,,,162,
lab,0x00C2B10D20260707,L1_single_up,"C11 XOR 0x37",xor_popcount,5,0,0,0,0,0,0x40,0x13,0x0000000,0,0.0657,0.0032,0.0000,0,0,,,,,,1016,
lab,0x00C2B10D20260707,L2_pair_up,"C11 XOR 0x37",xor_popcount,5,0,0,0,0,0,0x0A,0x25,0x0000000,0,0.0583,0.0295,0.0000,0,0,,,,,,1792,
lab,0x00C2B10D20260707,L3_gibbs,"C11 XOR 0x37",xor_popcount,5,0,0,0,0,0,0x85,0x00,0x0000000,0,0.0429,0.0000,0.0446,0,0,,,,,,202,
lab,0x00C2B10D20260707,LW_mod2_wht,"C11 XOR 0x37",xor_popcount,5,0,1,1,0,0,0x37,0x00,0x0000000,0,1.0000,1.0000,1.0000,0,0,,,,,,511,
lab,0x00C2B10D20260707,LG_gf2,"C11 XOR 0x37",xor_popcount,5,0,1,1,0,0,0x37,0x00,0x0000000,0,1.0000,1.0000,1.0000,1,45,,,,,,1,
lab,0x00C2B10D20260707,L0_tb_argmax,"C11 XOR 0x37",xor_popcount,5,1,0,0,0,0,0x00,0xB8,0x0000000,0,0.0520,0.0011,0.0000,0,0,,,,,,162,
lab,0x00C2B10D20260707,L1_single_up,"C11 XOR 0x37",xor_popcount,5,1,0,0,0,0,0x02,0xA1,0x0000000,0,0.0651,0.0107,0.0000,0,0,,,,,,1016,
lab,0x00C2B10D20260707,L2_pair_up,"C11 XOR 0x37",xor_popcount,5,1,0,0,0,0,0x21,0x1E,0x0000000,0,0.0737,0.0277,0.0000,0,0,,,,,,1792,
lab,0x00C2B10D20260707,L3_gibbs,"C11 XOR 0x37",xor_popcount,5,1,1,1,0,0,0x37,0x00,0x0000000,0,1.0000,0.0000,1.0000,0,0,,,,,,80,
lab,0x00C2B10D20260707,LW_mod2_wht,"C11 XOR 0x37",xor_popcount,5,1,1,1,0,0,0x37,0x00,0x0000000,0,1.0000,1.0000,1.0000,0,0,,,,,,511,
lab,0x00C2B10D20260707,LG_gf2,"C11 XOR 0x37",xor_popcount,5,1,1,1,0,0,0x37,0x00,0x0000000,0,1.0000,1.0000,1.0000,1,45,,,,,,1,
lab,0x00C2B10D20260707,L0_tb_argmax,"C11 XOR 0x37",xor_popcount,5,2,0,0,0,0,0x00,0x3A,0x0000000,0,0.0469,0.0063,0.0000,0,0,,,,,,162,
lab,0x00C2B10D20260707,L1_single_up,"C11 XOR 0x37",xor_popcount,5,2,0,0,0,0,0x10,0x26,0x0000000,0,0.0594,0.0094,0.0000,0,0,,,,,,1016,
lab,0x00C2B10D20260707,L2_pair_up,"C11 XOR 0x37",xor_popcount,5,2,0,0,0,0,0x88,0x62,0x0000000,0,0.0537,0.0291,0.0000,0,0,,,,,,1792,
lab,0x00C2B10D20260707,L3_gibbs,"C11 XOR 0x37",xor_popcount,5,2,1,1,0,0,0x37,0x00,0x0000000,0,1.0000,0.0000,1.0000,0,0,,,,,,130,
lab,0x00C2B10D20260707,LW_mod2_wht,"C11 XOR 0x37",xor_popcount,5,2,1,1,0,0,0x37,0x00,0x0000000,0,1.0000,1.0000,1.0000,0,0,,,,,,511,
lab,0x00C2B10D20260707,LG_gf2,"C11 XOR 0x37",xor_popcount,5,2,1,1,0,0,0x37,0x00,0x0000000,0,1.0000,1.0000,1.0000,1,45,,,,,,1,
lab,0x00C2B10D20260707,L0_tb_argmax,"C11 XOR 0x37",xor_popcount,5,3,0,0,0,0,0x00,0xB8,0x0000000,0,0.0463,-0.0143,0.0000,0,0,,,,,,162,
lab,0x00C2B10D20260707,L1_single_up,"C11 XOR 0x37",xor_popcount,5,3,0,0,0,0,0x08,0x54,0x0000000,0,0.0560,0.0025,0.0000,0,0,,,,,,1016,
lab,0x00C2B10D20260707,L2_pair_up,"C11 XOR 0x37",xor_popcount,5,3,0,0,0,0,0x30,0xCA,0x0000000,0,0.0549,0.0273,0.0000,0,0,,,,,,1792,
lab,0x00C2B10D20260707,L3_gibbs,"C11 XOR 0x37",xor_popcount,5,3,0,0,0,0,0xEF,0x00,0x0000000,0,0.0086,0.0000,0.0343,0,0,,,,,,204,
lab,0x00C2B10D20260707,LW_mod2_wht,"C11 XOR 0x37",xor_popcount,5,3,1,1,0,0,0x37,0x00,0x0000000,0,1.0000,1.0000,1.0000,0,0,,,,,,511,
lab,0x00C2B10D20260707,LG_gf2,"C11 XOR 0x37",xor_popcount,5,3,1,1,0,0,0x37,0x00,0x0000000,0,1.0000,1.0000,1.0000,1,45,,,,,,1,
lab,0x00C2B10D20260707,L0_tb_argmax,"C11 XOR 0x37",xor_popcount,5,4,0,0,0,0,0x00,0x55,0x0000000,0,0.0451,-0.0114,0.0000,0,0,,,,,,162,
lab,0x00C2B10D20260707,L1_single_up,"C11 XOR 0x37",xor_popcount,5,4,0,0,0,0,0x04,0x13,0x0000000,0,0.0600,0.0071,0.0000,0,0,,,,,,1016,
lab,0x00C2B10D20260707,L2_pair_up,"C11 XOR 0x37",xor_popcount,5,4,0,0,0,0,0x88,0x57,0x0000000,0,0.0560,0.0283,0.0000,0,0,,,,,,1792,
lab,0x00C2B10D20260707,L3_gibbs,"C11 XOR 0x37",xor_popcount,5,4,1,1,0,0,0x37,0x00,0x0000000,0,1.0000,0.0000,1.0000,0,0,,,,,,123,
lab,0x00C2B10D20260707,LW_mod2_wht,"C11 XOR 0x37",xor_popcount,5,4,1,1,0,0,0x37,0x00,0x0000000,0,1.0000,1.0000,1.0000,0,0,,,,,,511,
lab,0x00C2B10D20260707,LG_gf2,"C11 XOR 0x37",xor_popcount,5,4,1,1,0,0,0x37,0x00,0x0000000,0,1.0000,1.0000,1.0000,1,45,,,,,,1,
lab,0x00C2B10D20260707,L0_tb_argmax,"C11 XOR 0x37",xor_popcount,5,5,0,0,0,0,0x00,0x55,0x0000000,0,0.0474,-0.0097,0.0000,0,0,,,,,,162,
lab,0x00C2B10D20260707,L1_single_up,"C11 XOR 0x37",xor_popcount,5,5,0,0,0,0,0x02,0xA1,0x0000000,0,0.0600,0.0119,0.0000,0,0,,,,,,1016,
lab,0x00C2B10D20260707,L2_pair_up,"C11 XOR 0x37",xor_popcount,5,5,0,0,0,0,0x81,0x78,0x0000000,0,0.0651,0.0343,0.0000,0,0,,,,,,1792,
lab,0x00C2B10D20260707,L3_gibbs,"C11 XOR 0x37",xor_popcount,5,5,1,1,0,0,0x37,0x00,0x0000000,0,1.0000,0.0000,1.0000,0,0,,,,,,144,
lab,0x00C2B10D20260707,LW_mod2_wht,"C11 XOR 0x37",xor_popcount,5,5,1,1,0,0,0x37,0x00,0x0000000,0,1.0000,1.0000,1.0000,0,0,,,,,,511,
lab,0x00C2B10D20260707,LG_gf2,"C11 XOR 0x37",xor_popcount,5,5,1,1,0,0,0x37,0x00,0x0000000,0,1.0000,1.0000,1.0000,1,45,,,,,,1,
lab,0x00C2B10D20260707,L0_tb_argmax,"C11 XOR 0x37",xor_popcount,5,6,0,0,0,0,0x00,0x55,0x0000000,0,0.0451,-0.0046,0.0000,0,0,,,,,,162,
lab,0x00C2B10D20260707,L1_single_up,"C11 XOR 0x37",xor_popcount,5,6,0,0,0,0,0x10,0x2C,0x0000000,0,0.0651,0.0039,0.0000,0,0,,,,,,1016,
lab,0x00C2B10D20260707,L2_pair_up,"C11 XOR 0x37",xor_popcount,5,6,0,0,0,0,0x0C,0x41,0x0000000,0,0.0583,0.0311,0.0000,0,0,,,,,,1792,
lab,0x00C2B10D20260707,L3_gibbs,"C11 XOR 0x37",xor_popcount,5,6,1,1,0,0,0x37,0x00,0x0000000,0,1.0000,0.0000,1.0000,0,0,,,,,,52,
lab,0x00C2B10D20260707,LW_mod2_wht,"C11 XOR 0x37",xor_popcount,5,6,1,1,0,0,0x37,0x00,0x0000000,0,1.0000,1.0000,1.0000,0,0,,,,,,511,
lab,0x00C2B10D20260707,LG_gf2,"C11 XOR 0x37",xor_popcount,5,6,1,1,0,0,0x37,0x00,0x0000000,0,1.0000,1.0000,1.0000,1,45,,,,,,1,
lab,0x00C2B10D20260707,L0_tb_argmax,"C11 XOR 0x37",xor_popcount,5,7,0,0,0,0,0x00,0x04,0x0000000,0,0.0440,-0.0074,0.0000,0,0,,,,,,162,
lab,0x00C2B10D20260707,L1_single_up,"C11 XOR 0x37",xor_popcount,5,7,0,0,0,0,0x40,0x82,0x0000000,0,0.0623,0.0112,0.0000,0,0,,,,,,1016,
lab,0x00C2B10D20260707,L2_pair_up,"C11 XOR 0x37",xor_popcount,5,7,0,0,0,0,0x81,0x32,0x0000000,0,0.0577,0.0305,0.0000,0,0,,,,,,1792,
lab,0x00C2B10D20260707,L3_gibbs,"C11 XOR 0x37",xor_popcount,5,7,1,1,0,0,0x37,0x00,0x0000000,0,1.0000,0.0000,1.0000,0,0,,,,,,77,
lab,0x00C2B10D20260707,LW_mod2_wht,"C11 XOR 0x37",xor_popcount,5,7,1,1,0,0,0x37,0x00,0x0000000,0,1.0000,1.0000,1.0000,0,0,,,,,,511,
lab,0x00C2B10D20260707,LG_gf2,"C11 XOR 0x37",xor_popcount,5,7,1,1,0,0,0x37,0x00,0x0000000,0,1.0000,1.0000,1.0000,1,45,,,,,,1,
lab,0x00C2B10D20260707,L0_tb_argmax,"C11 XOR 0x37",xor_popcount,5,8,0,0,0,0,0x00,0x55,0x0000000,0,0.0554,0.0131,0.0000,0,0,,,,,,162,
lab,0x00C2B10D20260707,L1_single_up,"C11 XOR 0x37",xor_popcount,5,8,0,0,0,0,0x40,0x13,0x0000000,0,0.0600,0.0137,0.0000,0,0,,,,,,1016,
lab,0x00C2B10D20260707,L2_pair_up,"C11 XOR 0x37",xor_popcount,5,8,0,0,0,0,0x60,0x89,0x0000000,0,0.0554,0.0286,0.0000,0,0,,,,,,1792,
lab,0x00C2B10D20260707,L3_gibbs,"C11 XOR 0x37",xor_popcount,5,8,1,1,0,0,0x37,0x00,0x0000000,0,1.0000,0.0000,1.0000,0,0,,,,,,116,
lab,0x00C2B10D20260707,LW_mod2_wht,"C11 XOR 0x37",xor_popcount,5,8,1,1,0,0,0x37,0x00,0x0000000,0,1.0000,1.0000,1.0000,0,0,,,,,,511,
lab,0x00C2B10D20260707,LG_gf2,"C11 XOR 0x37",xor_popcount,5,8,1,1,0,0,0x37,0x00,0x0000000,0,1.0000,1.0000,1.0000,1,45,,,,,,1,
lab,0x00C2B10D20260707,L0_tb_argmax,"C11 XOR 0x37",xor_popcount,5,9,0,0,0,0,0x00,0x55,0x0000000,0,0.0520,0.0149,0.0000,0,0,,,,,,162,
lab,0x00C2B10D20260707,L1_single_up,"C11 XOR 0x37",xor_popcount,5,9,0,0,0,0,0x04,0x13,0x0000000,0,0.0526,0.0121,0.0000,0,0,,,,,,1016,
lab,0x00C2B10D20260707,L2_pair_up,"C11 XOR 0x37",xor_popcount,5,9,0,0,0,0,0x88,0x17,0x0000000,0,0.0526,0.0320,0.0000,0,0,,,,,,1792,
lab,0x00C2B10D20260707,L3_gibbs,"C11 XOR 0x37",xor_popcount,5,9,0,0,0,0,0x9F,0x00,0x0000000,0,0.0114,0.0000,0.0491,0,0,,,,,,207,
lab,0x00C2B10D20260707,LW_mod2_wht,"C11 XOR 0x37",xor_popcount,5,9,1,1,0,0,0x37,0x00,0x0000000,0,1.0000,1.0000,1.0000,0,0,,,,,,511,
lab,0x00C2B10D20260707,LG_gf2,"C11 XOR 0x37",xor_popcount,5,9,1,1,0,0,0x37,0x00,0x0000000,0,1.0000,1.0000,1.0000,1,45,,,,,,1,
lab,0x00C2B10D20260707,L0_tb_argmax,"C11 XOR 0x37",xor_popcount,5,10,0,0,0,0,0x00,0x49,0x0000000,0,0.0446,-0.0034,0.0000,0,0,,,,,,162,
lab,0x00C2B10D20260707,L1_single_up,"C11 XOR 0x37",xor_popcount,5,10,0,0,0,0,0x01,0xA0,0x0000000,0,0.0646,0.0078,0.0000,0,0,,,,,,1016,
lab,0x00C2B10D20260707,L2_pair_up,"C11 XOR 0x37",xor_popcount,5,10,1,0,0,0,0x14,0x23,0x0000000,0,0.0589,0.0312,0.0000,0,0,,,,,,1792,
lab,0x00C2B10D20260707,L3_gibbs,"C11 XOR 0x37",xor_popcount,5,10,1,1,0,0,0x37,0x00,0x0000000,0,1.0000,0.0000,1.0000,0,0,,,,,,40,
lab,0x00C2B10D20260707,LW_mod2_wht,"C11 XOR 0x37",xor_popcount,5,10,1,1,0,0,0x37,0x00,0x0000000,0,1.0000,1.0000,1.0000,0,0,,,,,,511,
lab,0x00C2B10D20260707,LG_gf2,"C11 XOR 0x37",xor_popcount,5,10,1,1,0,0,0x37,0x00,0x0000000,0,1.0000,1.0000,1.0000,1,45,,,,,,1,
lab,0x00C2B10D20260707,L0_tb_argmax,"C11 XOR 0x37",xor_popcount,5,11,0,0,0,0,0x00,0x21,0x0000000,0,0.0434,-0.0103,0.0000,0,0,,,,,,162,
lab,0x00C2B10D20260707,L1_single_up,"C11 XOR 0x37",xor_popcount,5,11,0,0,0,0,0x40,0x13,0x0000000,0,0.0560,0.0098,0.0000,0,0,,,,,,1016,
lab,0x00C2B10D20260707,L2_pair_up,"C11 XOR 0x37",xor_popcount,5,11,0,0,0,0,0x0C,0x92,0x0000000,0,0.0623,0.0299,0.0000,0,0,,,,,,1792,
lab,0x00C2B10D20260707,L3_gibbs,"C11 XOR 0x37",xor_popcount,5,11,1,1,0,0,0x37,0x00,0x0000000,0,1.0000,0.0000,1.0000,0,0,,,,,,92,
lab,0x00C2B10D20260707,LW_mod2_wht,"C11 XOR 0x37",xor_popcount,5,11,1,1,0,0,0x37,0x00,0x0000000,0,1.0000,1.0000,1.0000,0,0,,,,,,511,
lab,0x00C2B10D20260707,LG_gf2,"C11 XOR 0x37",xor_popcount,5,11,1,1,0,0,0x37,0x00,0x0000000,0,1.0000,1.0000,1.0000,1,45,,,,,,1,
lab,0x00C2B10D20260707,L0_tb_argmax,"C11 XOR 0x37",xor_popcount,5,12,0,0,0,0,0x00,0x70,0x0000000,0,0.0514,-0.0034,0.0000,0,0,,,,,,162,
lab,0x00C2B10D20260707,L1_single_up,"C11 XOR 0x37",xor_popcount,5,12,0,0,0,0,0x40,0x8B,0x0000000,0,0.0594,0.0085,0.0000,0,0,,,,,,1016,
lab,0x00C2B10D20260707,L2_pair_up,"C11 XOR 0x37",xor_popcount,5,12,0,0,0,0,0x24,0x10,0x0000000,0,0.0623,0.0272,0.0000,0,0,,,,,,1792,
lab,0x00C2B10D20260707,L3_gibbs,"C11 XOR 0x37",xor_popcount,5,12,1,1,0,0,0x37,0x00,0x0000000,0,1.0000,0.0000,1.0000,0,0,,,,,,51,
lab,0x00C2B10D20260707,LW_mod2_wht,"C11 XOR 0x37",xor_popcount,5,12,1,1,0,0,0x37,0x00,0x0000000,0,1.0000,1.0000,1.0000,0,0,,,,,,511,
lab,0x00C2B10D20260707,LG_gf2,"C11 XOR 0x37",xor_popcount,5,12,1,1,0,0,0x37,0x00,0x0000000,0,1.0000,1.0000,1.0000,1,45,,,,,,1,
lab,0x00C2B10D20260707,L0_tb_argmax,"C11 XOR 0x37",xor_popcount,5,13,0,0,0,0,0x00,0x44,0x0000000,0,0.0486,-0.0131,0.0000,0,0,,,,,,162,
lab,0x00C2B10D20260707,L1_single_up,"C11 XOR 0x37",xor_popcount,5,13,0,0,0,0,0x10,0x21,0x0000000,0,0.0594,0.0018,0.0000,0,0,,,,,,1016,
lab,0x00C2B10D20260707,L2_pair_up,"C11 XOR 0x37",xor_popcount,5,13,0,0,0,0,0x06,0x11,0x0000000,0,0.0669,0.0309,0.0000,0,0,,,,,,1792,
lab,0x00C2B10D20260707,L3_gibbs,"C11 XOR 0x37",xor_popcount,5,13,1,1,0,0,0x37,0x00,0x0000000,0,1.0000,0.0000,1.0000,0,0,,,,,,79,
lab,0x00C2B10D20260707,LW_mod2_wht,"C11 XOR 0x37",xor_popcount,5,13,1,1,0,0,0x37,0x00,0x0000000,0,1.0000,1.0000,1.0000,0,0,,,,,,511,
lab,0x00C2B10D20260707,LG_gf2,"C11 XOR 0x37",xor_popcount,5,13,1,1,0,0,0x37,0x00,0x0000000,0,1.0000,1.0000,1.0000,1,45,,,,,,1,
lab,0x00C2B10D20260707,L0_tb_argmax,"C11 XOR 0x37",xor_popcount,5,14,0,0,0,0,0x00,0x31,0x0000000,0,0.0457,-0.0120,0.0000,0,0,,,,,,162,
lab,0x00C2B10D20260707,L1_single_up,"C11 XOR 0x37",xor_popcount,5,14,0,0,0,0,0x10,0x2C,0x0000000,0,0.0657,0.0066,0.0000,0,0,,,,,,1016,
lab,0x00C2B10D20260707,L2_pair_up,"C11 XOR 0x37",xor_popcount,5,14,0,0,0,0,0x88,0x62,0x0000000,0,0.0594,0.0294,0.0000,0,0,,,,,,1792,
lab,0x00C2B10D20260707,L3_gibbs,"C11 XOR 0x37",xor_popcount,5,14,1,1,0,0,0x37,0x00,0x0000000,0,1.0000,0.0000,1.0000,0,0,,,,,,156,
lab,0x00C2B10D20260707,LW_mod2_wht,"C11 XOR 0x37",xor_popcount,5,14,1,1,0,0,0x37,0x00,0x0000000,0,1.0000,1.0000,1.0000,0,0,,,,,,511,
lab,0x00C2B10D20260707,LG_gf2,"C11 XOR 0x37",xor_popcount,5,14,1,1,0,0,0x37,0x00,0x0000000,0,1.0000,1.0000,1.0000,1,45,,,,,,1,
lab,0x00C2B10D20260707,L0_tb_argmax,"C11 XOR 0x37",xor_popcount,5,15,0,0,0,0,0x00,0x55,0x0000000,0,0.0554,-0.0126,0.0000,0,0,,,,,,162,
lab,0x00C2B10D20260707,L1_single_up,"C11 XOR 0x37",xor_popcount,5,15,0,0,0,0,0x10,0x2C,0x0000000,0,0.0651,0.0055,0.0000,0,0,,,,,,1016,
lab,0x00C2B10D20260707,L2_pair_up,"C11 XOR 0x37",xor_popcount,5,15,0,0,0,0,0x0C,0x11,0x0000000,0,0.0583,0.0257,0.0000,0,0,,,,,,1792,
lab,0x00C2B10D20260707,L3_gibbs,"C11 XOR 0x37",xor_popcount,5,15,1,1,0,0,0x37,0x00,0x0000000,0,1.0000,0.0000,1.0000,0,0,,,,,,117,
lab,0x00C2B10D20260707,LW_mod2_wht,"C11 XOR 0x37",xor_popcount,5,15,1,1,0,0,0x37,0x00,0x0000000,0,1.0000,1.0000,1.0000,0,0,,,,,,511,
lab,0x00C2B10D20260707,LG_gf2,"C11 XOR 0x37",xor_popcount,5,15,1,1,0,0,0x37,0x00,0x0000000,0,1.0000,1.0000,1.0000,1,45,,,,,,1,
lab,0x00C2B10D20260707,L0_tb_argmax,"C11 XOR 0x37",xor_popcount,5,16,0,0,0,0,0x00,0x70,0x0000000,0,0.0497,-0.0291,0.0000,0,0,,,,,,162,
lab,0x00C2B10D20260707,L1_single_up,"C11 XOR 0x37",xor_popcount,5,16,0,0,0,0,0x01,0xBC,0x0000000,0,0.0606,0.0050,0.0000,0,0,,,,,,1016,
lab,0x00C2B10D20260707,L2_pair_up,"C11 XOR 0x37",xor_popcount,5,16,0,0,0,0,0x60,0x07,0x0000000,0,0.0617,0.0306,0.0000,0,0,,,,,,1792,
lab,0x00C2B10D20260707,L3_gibbs,"C11 XOR 0x37",xor_popcount,5,16,1,1,0,0,0x37,0x00,0x0000000,0,1.0000,0.0000,1.0000,0,0,,,,,,121,
lab,0x00C2B10D20260707,LW_mod2_wht,"C11 XOR 0x37",xor_popcount,5,16,1,1,0,0,0x37,0x00,0x0000000,0,1.0000,1.0000,1.0000,0,0,,,,,,511,
lab,0x00C2B10D20260707,LG_gf2,"C11 XOR 0x37",xor_popcount,5,16,1,1,0,0,0x37,0x00,0x0000000,0,1.0000,1.0000,1.0000,1,45,,,,,,1,
lab,0x00C2B10D20260707,L0_tb_argmax,"C11 XOR 0x37",xor_popcount,5,17,0,0,0,0,0x00,0x55,0x0000000,0,0.0537,-0.0166,0.0000,0,0,,,,,,162,
lab,0x00C2B10D20260707,L1_single_up,"C11 XOR 0x37",xor_popcount,5,17,0,0,0,0,0x40,0x13,0x0000000,0,0.0646,0.0000,0.0000,0,0,,,,,,1016,
lab,0x00C2B10D20260707,L2_pair_up,"C11 XOR 0x37",xor_popcount,5,17,0,0,0,0,0x60,0x89,0x0000000,0,0.0623,0.0288,0.0000,0,0,,,,,,1792,
lab,0x00C2B10D20260707,L3_gibbs,"C11 XOR 0x37",xor_popcount,5,17,0,0,0,0,0x55,0x00,0x0000000,0,0.0120,0.0000,0.0366,0,0,,,,,,199,
lab,0x00C2B10D20260707,LW_mod2_wht,"C11 XOR 0x37",xor_popcount,5,17,1,1,0,0,0x37,0x00,0x0000000,0,1.0000,1.0000,1.0000,0,0,,,,,,511,
lab,0x00C2B10D20260707,LG_gf2,"C11 XOR 0x37",xor_popcount,5,17,1,1,0,0,0x37,0x00,0x0000000,0,1.0000,1.0000,1.0000,1,45,,,,,,1,
lab,0x00C2B10D20260707,L0_tb_argmax,"C11 XOR 0x37",xor_popcount,5,18,0,0,0,0,0x00,0x40,0x0000000,0,0.0491,-0.0080,0.0000,0,0,,,,,,162,
lab,0x00C2B10D20260707,L1_single_up,"C11 XOR 0x37",xor_popcount,5,18,0,0,0,0,0x08,0x54,0x0000000,0,0.0646,0.0130,0.0000,0,0,,,,,,1016,
lab,0x00C2B10D20260707,L2_pair_up,"C11 XOR 0x37",xor_popcount,5,18,1,0,0,0,0x06,0x31,0x0000000,0,0.0526,0.0363,0.0000,0,0,,,,,,1792,
lab,0x00C2B10D20260707,L3_gibbs,"C11 XOR 0x37",xor_popcount,5,18,1,1,0,0,0x37,0x00,0x0000000,0,1.0000,0.0000,1.0000,0,0,,,,,,40,
lab,0x00C2B10D20260707,LW_mod2_wht,"C11 XOR 0x37",xor_popcount,5,18,1,1,0,0,0x37,0x00,0x0000000,0,1.0000,1.0000,1.0000,0,0,,,,,,511,
lab,0x00C2B10D20260707,LG_gf2,"C11 XOR 0x37",xor_popcount,5,18,1,1,0,0,0x37,0x00,0x0000000,0,1.0000,1.0000,1.0000,1,45,,,,,,1,
lab,0x00C2B10D20260707,L0_tb_argmax,"C11 XOR 0x37",xor_popcount,5,19,0,0,0,0,0x00,0x55,0x0000000,0,0.0520,-0.0063,0.0000,0,0,,,,,,162,
lab,0x00C2B10D20260707,L1_single_up,"C11 XOR 0x37",xor_popcount,5,19,0,0,0,0,0x01,0xE4,0x0000000,0,0.0686,0.0032,0.0000,0,0,,,,,,1016,
lab,0x00C2B10D20260707,L2_pair_up,"C11 XOR 0x37",xor_popcount,5,19,0,0,0,0,0x81,0x32,0x0000000,0,0.0560,0.0322,0.0000,0,0,,,,,,1792,
lab,0x00C2B10D20260707,L3_gibbs,"C11 XOR 0x37",xor_popcount,5,19,1,1,0,0,0x37,0x00,0x0000000,0,1.0000,0.0000,1.0000,0,0,,,,,,53,
lab,0x00C2B10D20260707,LW_mod2_wht,"C11 XOR 0x37",xor_popcount,5,19,1,1,0,0,0x37,0x00,0x0000000,0,1.0000,1.0000,1.0000,0,0,,,,,,511,
lab,0x00C2B10D20260707,LG_gf2,"C11 XOR 0x37",xor_popcount,5,19,1,1,0,0,0x37,0x00,0x0000000,0,1.0000,1.0000,1.0000,1,45,,,,,,1,
lab,0x00C2B10D20260707,L0_tb_argmax,"X01 product_bind",control,0,0,0,0,0,0,0x00,0x03,0x0000000,0,0.3589,0.0000,0.0000,0,0,,,,,,162,
lab,0x00C2B10D20260707,L1_single_up,"X01 product_bind",control,0,0,0,0,0,0,0x01,0x02,0x0000000,0,0.1257,0.0000,0.0000,0,0,,,,,,1016,
lab,0x00C2B10D20260707,L2_pair_up,"X01 product_bind",control,0,0,0,0,0,0,0x03,0x00,0x0000000,0,0.0971,0.0000,0.0000,0,0,,,,,,1792,
lab,0x00C2B10D20260707,L3_gibbs,"X01 product_bind",control,0,0,0,0,0,0,0x01,0x00,0x0000000,0,0.1303,0.0000,0.1349,0,0,,,,,,224,
lab,0x00C2B10D20260707,LW_mod2_wht,"X01 product_bind",control,0,0,0,0,0,0,0x00,0x03,0x0000000,0,0.3589,0.0000,0.3394,0,0,,,,,,511,
lab,0x00C2B10D20260707,LG_gf2,"X01 product_bind",control,0,0,0,0,0,0,0x21,0xDD,0xEC83453,0,0.5000,1.0000,0.5040,0,45,,,,,,1,
lab,0x00C2B10D20260707,L0_tb_argmax,"X01 product_bind",control,0,1,0,0,0,0,0x00,0x02,0x0000000,0,0.3657,0.0000,0.0000,0,0,,,,,,162,
lab,0x00C2B10D20260707,L1_single_up,"X01 product_bind",control,0,1,0,0,0,0,0x01,0x02,0x0000000,0,0.1051,0.0000,0.0000,0,0,,,,,,1016,
lab,0x00C2B10D20260707,L2_pair_up,"X01 product_bind",control,0,1,0,0,0,0,0x03,0x00,0x0000000,0,0.0771,0.0000,0.0000,0,0,,,,,,1792,
lab,0x00C2B10D20260707,L3_gibbs,"X01 product_bind",control,0,1,0,0,0,0,0x01,0x00,0x0000000,0,0.1291,0.0000,0.1371,0,0,,,,,,227,
lab,0x00C2B10D20260707,LW_mod2_wht,"X01 product_bind",control,0,1,0,0,0,0,0x00,0x02,0x0000000,0,0.3657,0.0000,0.3257,0,0,,,,,,511,
lab,0x00C2B10D20260707,LG_gf2,"X01 product_bind",control,0,1,0,0,0,0,0x1C,0x2B,0xE38CBB0,1,0.5037,1.0000,0.5074,0,45,,,,,,1,
lab,0x00C2B10D20260707,L0_tb_argmax,"X01 product_bind",control,0,2,0,0,0,0,0x00,0x01,0x0000000,0,0.3503,0.0000,0.0000,0,0,,,,,,162,
lab,0x00C2B10D20260707,L1_single_up,"X01 product_bind",control,0,2,0,0,0,0,0x02,0x01,0x0000000,0,0.0994,0.0000,0.0000,0,0,,,,,,1016,
lab,0x00C2B10D20260707,L2_pair_up,"X01 product_bind",control,0,2,0,0,0,0,0x03,0x00,0x0000000,0,0.0914,0.0000,0.0000,0,0,,,,,,1792,
lab,0x00C2B10D20260707,L3_gibbs,"X01 product_bind",control,0,2,0,0,0,0,0x01,0x00,0x0000000,0,0.1274,0.0000,0.1406,0,0,,,,,,207,
lab,0x00C2B10D20260707,LW_mod2_wht,"X01 product_bind",control,0,2,0,0,0,0,0x00,0x01,0x0000000,0,0.3503,0.0000,0.3303,0,0,,,,,,511,
lab,0x00C2B10D20260707,LG_gf2,"X01 product_bind",control,0,2,0,0,0,0,0x10,0x2A,0xD445415,0,0.5083,1.0000,0.4840,0,45,,,,,,1,
lab,0x00C2B10D20260707,L0_tb_argmax,"X01 product_bind",control,0,3,0,0,0,0,0x00,0x03,0x0000000,0,0.3600,0.0000,0.0000,0,0,,,,,,162,
lab,0x00C2B10D20260707,L1_single_up,"X01 product_bind",control,0,3,0,0,0,0,0x01,0x02,0x0000000,0,0.1006,0.0000,0.0000,0,0,,,,,,1016,
lab,0x00C2B10D20260707,L2_pair_up,"X01 product_bind",control,0,3,0,0,0,0,0x03,0x00,0x0000000,0,0.0794,0.0000,0.0000,0,0,,,,,,1792,
lab,0x00C2B10D20260707,L3_gibbs,"X01 product_bind",control,0,3,0,0,0,0,0x02,0x00,0x0000000,0,0.1246,0.0000,0.1291,0,0,,,,,,234,
lab,0x00C2B10D20260707,LW_mod2_wht,"X01 product_bind",control,0,3,0,0,0,0,0x00,0x03,0x0000000,0,0.3600,0.0000,0.3371,0,0,,,,,,511,
lab,0x00C2B10D20260707,LG_gf2,"X01 product_bind",control,0,3,0,0,0,0,0xB7,0x56,0x6A4B5B5,0,0.5051,1.0000,0.4971,0,45,,,,,,1,
lab,0x00C2B10D20260707,L0_tb_argmax,"X01 product_bind",control,0,4,0,0,0,0,0x00,0x03,0x0000000,0,0.3549,0.0000,0.0000,0,0,,,,,,162,
lab,0x00C2B10D20260707,L1_single_up,"X01 product_bind",control,0,4,0,0,0,0,0x01,0x02,0x0000000,0,0.1126,0.0000,0.0000,0,0,,,,,,1016,
lab,0x00C2B10D20260707,L2_pair_up,"X01 product_bind",control,0,4,0,0,0,0,0x03,0x00,0x0000000,0,0.0926,0.0000,0.0000,0,0,,,,,,1792,
lab,0x00C2B10D20260707,L3_gibbs,"X01 product_bind",control,0,4,0,0,0,0,0x02,0x00,0x0000000,0,0.1389,0.0000,0.1006,0,0,,,,,,222,
lab,0x00C2B10D20260707,LW_mod2_wht,"X01 product_bind",control,0,4,0,0,0,0,0x00,0x03,0x0000000,0,0.3549,0.0000,0.3474,0,0,,,,,,511,
lab,0x00C2B10D20260707,LG_gf2,"X01 product_bind",control,0,4,0,0,0,0,0xC4,0x24,0x22D1AC0,1,0.5223,1.0000,0.4914,0,45,,,,,,1,
lab,0x00C2B10D20260707,L0_tb_argmax,"X01 product_bind",control,0,5,0,0,0,0,0x00,0x03,0x0000000,0,0.3571,0.0000,0.0000,0,0,,,,,,162,
lab,0x00C2B10D20260707,L1_single_up,"X01 product_bind",control,0,5,0,0,0,0,0x01,0x02,0x0000000,0,0.1160,0.0000,0.0000,0,0,,,,,,1016,
lab,0x00C2B10D20260707,L2_pair_up,"X01 product_bind",control,0,5,0,0,0,0,0x03,0x00,0x0000000,0,0.0794,0.0000,0.0000,0,0,,,,,,1792,
lab,0x00C2B10D20260707,L3_gibbs,"X01 product_bind",control,0,5,0,0,0,0,0x01,0x00,0x0000000,0,0.1400,0.0000,0.1154,0,0,,,,,,232,
lab,0x00C2B10D20260707,LW_mod2_wht,"X01 product_bind",control,0,5,0,0,0,0,0x00,0x03,0x0000000,0,0.3571,0.0000,0.3429,0,0,,,,,,511,
lab,0x00C2B10D20260707,LG_gf2,"X01 product_bind",control,0,5,0,0,0,0,0x64,0xE8,0x83F01EC,1,0.4943,1.0000,0.4726,0,45,,,,,,1,
lab,0x00C2B10D20260707,L0_tb_argmax,"X01 product_bind",control,0,6,0,0,0,0,0x00,0x03,0x0000000,0,0.3503,0.0000,0.0000,0,0,,,,,,162,
lab,0x00C2B10D20260707,L1_single_up,"X01 product_bind",control,0,6,0,0,0,0,0x01,0x02,0x0000000,0,0.0983,0.0000,0.0000,0,0,,,,,,1016,
lab,0x00C2B10D20260707,L2_pair_up,"X01 product_bind",control,0,6,0,0,0,0,0x03,0x00,0x0000000,0,0.0846,0.0000,0.0000,0,0,,,,,,1792,
lab,0x00C2B10D20260707,L3_gibbs,"X01 product_bind",control,0,6,0,0,0,0,0x01,0x00,0x0000000,0,0.1269,0.0000,0.1417,0,0,,,,,,219,
lab,0x00C2B10D20260707,LW_mod2_wht,"X01 product_bind",control,0,6,0,0,0,0,0x00,0x03,0x0000000,0,0.3503,0.0000,0.3566,0,0,,,,,,511,
lab,0x00C2B10D20260707,LG_gf2,"X01 product_bind",control,0,6,0,0,0,0,0x6A,0x77,0x4963508,0,0.5114,1.0000,0.5063,0,45,,,,,,1,
lab,0x00C2B10D20260707,L0_tb_argmax,"X01 product_bind",control,0,7,0,0,0,0,0x00,0x02,0x0000000,0,0.3509,0.0000,0.0000,0,0,,,,,,162,
lab,0x00C2B10D20260707,L1_single_up,"X01 product_bind",control,0,7,0,0,0,0,0x02,0x01,0x0000000,0,0.1000,0.0000,0.0000,0,0,,,,,,1016,
lab,0x00C2B10D20260707,L2_pair_up,"X01 product_bind",control,0,7,0,0,0,0,0x03,0x00,0x0000000,0,0.0743,0.0000,0.0000,0,0,,,,,,1792,
lab,0x00C2B10D20260707,L3_gibbs,"X01 product_bind",control,0,7,0,0,0,0,0x02,0x00,0x0000000,0,0.1446,0.0000,0.0891,0,0,,,,,,224,
lab,0x00C2B10D20260707,LW_mod2_wht,"X01 product_bind",control,0,7,0,0,0,0,0x00,0x02,0x0000000,0,0.3509,0.0000,0.3554,0,0,,,,,,511,
lab,0x00C2B10D20260707,LG_gf2,"X01 product_bind",control,0,7,0,0,0,0,0xB9,0xD3,0x97DE762,0,0.5080,1.0000,0.5223,0,45,,,,,,1,
lab,0x00C2B10D20260707,L0_tb_argmax,"X01 product_bind",control,0,8,0,0,0,0,0x00,0x02,0x0000000,0,0.3543,0.0000,0.0000,0,0,,,,,,162,
lab,0x00C2B10D20260707,L1_single_up,"X01 product_bind",control,0,8,0,0,0,0,0x01,0x02,0x0000000,0,0.1143,0.0000,0.0000,0,0,,,,,,1016,
lab,0x00C2B10D20260707,L2_pair_up,"X01 product_bind",control,0,8,0,0,0,0,0x03,0x00,0x0000000,0,0.0880,0.0000,0.0000,0,0,,,,,,1792,
lab,0x00C2B10D20260707,L3_gibbs,"X01 product_bind",control,0,8,0,0,0,0,0x02,0x00,0x0000000,0,0.1303,0.0000,0.1177,0,0,,,,,,213,
lab,0x00C2B10D20260707,LW_mod2_wht,"X01 product_bind",control,0,8,0,0,0,0,0x00,0x02,0x0000000,0,0.3543,0.0000,0.3486,0,0,,,,,,511,
lab,0x00C2B10D20260707,LG_gf2,"X01 product_bind",control,0,8,0,0,0,0,0xC1,0xAA,0x1D39ADC,0,0.5163,1.0000,0.4954,0,45,,,,,,1,
lab,0x00C2B10D20260707,L0_tb_argmax,"X01 product_bind",control,0,9,0,0,0,0,0x00,0x02,0x0000000,0,0.3577,0.0000,0.0000,0,0,,,,,,162,
lab,0x00C2B10D20260707,L1_single_up,"X01 product_bind",control,0,9,0,0,0,0,0x01,0x02,0x0000000,0,0.1251,0.0000,0.0000,0,0,,,,,,1016,
lab,0x00C2B10D20260707,L2_pair_up,"X01 product_bind",control,0,9,0,0,0,0,0x03,0x00,0x0000000,0,0.0857,0.0000,0.0000,0,0,,,,,,1792,
lab,0x00C2B10D20260707,L3_gibbs,"X01 product_bind",control,0,9,0,0,0,0,0x01,0x00,0x0000000,0,0.1423,0.0000,0.1109,0,0,,,,,,212,
lab,0x00C2B10D20260707,LW_mod2_wht,"X01 product_bind",control,0,9,0,0,0,0,0x00,0x02,0x0000000,0,0.3577,0.0000,0.3417,0,0,,,,,,511,
lab,0x00C2B10D20260707,LG_gf2,"X01 product_bind",control,0,9,0,0,0,0,0xDD,0x25,0x9BC1250,1,0.5023,1.0000,0.4989,0,45,,,,,,1,
lab,0x00C2B10D20260707,L0_tb_argmax,"X01 product_bind",control,0,10,0,0,0,0,0x00,0x03,0x0000000,0,0.3623,0.0000,0.0000,0,0,,,,,,162,
lab,0x00C2B10D20260707,L1_single_up,"X01 product_bind",control,0,10,0,0,0,0,0x01,0x02,0x0000000,0,0.1023,0.0000,0.0000,0,0,,,,,,1016,
lab,0x00C2B10D20260707,L2_pair_up,"X01 product_bind",control,0,10,0,0,0,0,0x03,0x00,0x0000000,0,0.0846,0.0000,0.0000,0,0,,,,,,1792,
lab,0x00C2B10D20260707,L3_gibbs,"X01 product_bind",control,0,10,0,0,0,0,0x01,0x00,0x0000000,0,0.1377,0.0000,0.1200,0,0,,,,,,212,
lab,0x00C2B10D20260707,LW_mod2_wht,"X01 product_bind",control,0,10,0,0,0,0,0x00,0x03,0x0000000,0,0.3623,0.0000,0.3326,0,0,,,,,,511,
lab,0x00C2B10D20260707,LG_gf2,"X01 product_bind",control,0,10,0,0,0,0,0xD6,0xB9,0x40EE4FB,0,0.5180,1.0000,0.5114,0,45,,,,,,1,
lab,0x00C2B10D20260707,L0_tb_argmax,"X01 product_bind",control,0,11,0,0,0,0,0x00,0x03,0x0000000,0,0.3691,0.0000,0.0000,0,0,,,,,,162,
lab,0x00C2B10D20260707,L1_single_up,"X01 product_bind",control,0,11,0,0,0,0,0x01,0x02,0x0000000,0,0.1034,0.0000,0.0000,0,0,,,,,,1016,
lab,0x00C2B10D20260707,L2_pair_up,"X01 product_bind",control,0,11,0,0,0,0,0x03,0x00,0x0000000,0,0.0943,0.0000,0.0000,0,0,,,,,,1792,
lab,0x00C2B10D20260707,L3_gibbs,"X01 product_bind",control,0,11,0,0,0,0,0x01,0x00,0x0000000,0,0.1383,0.0000,0.1189,0,0,,,,,,216,
lab,0x00C2B10D20260707,LW_mod2_wht,"X01 product_bind",control,0,11,0,0,0,0,0x00,0x03,0x0000000,0,0.3691,0.0000,0.3189,0,0,,,,,,511,
lab,0x00C2B10D20260707,LG_gf2,"X01 product_bind",control,0,11,0,0,0,0,0xCB,0xDC,0x04DED36,0,0.5120,1.0000,0.5051,0,45,,,,,,1,
lab,0x00C2B10D20260707,L0_tb_argmax,"X01 product_bind",control,0,12,0,0,0,0,0x00,0x03,0x0000000,0,0.3674,0.0000,0.0000,0,0,,,,,,162,
lab,0x00C2B10D20260707,L1_single_up,"X01 product_bind",control,0,12,0,0,0,0,0x01,0x02,0x0000000,0,0.1240,0.0000,0.0000,0,0,,,,,,1016,
lab,0x00C2B10D20260707,L2_pair_up,"X01 product_bind",control,0,12,0,0,0,0,0x03,0x00,0x0000000,0,0.0829,0.0000,0.0000,0,0,,,,,,1792,
lab,0x00C2B10D20260707,L3_gibbs,"X01 product_bind",control,0,12,0,0,0,0,0x02,0x00,0x0000000,0,0.1326,0.0000,0.1131,0,0,,,,,,238,
lab,0x00C2B10D20260707,LW_mod2_wht,"X01 product_bind",control,0,12,0,0,0,0,0x00,0x03,0x0000000,0,0.3674,0.0000,0.3223,0,0,,,,,,511,
lab,0x00C2B10D20260707,LG_gf2,"X01 product_bind",control,0,12,0,0,0,0,0xAE,0x39,0x843B7CB,1,0.5017,1.0000,0.5114,0,45,,,,,,1,
lab,0x00C2B10D20260707,L0_tb_argmax,"X01 product_bind",control,0,13,0,0,0,0,0x00,0x02,0x0000000,0,0.3566,0.0000,0.0000,0,0,,,,,,162,
lab,0x00C2B10D20260707,L1_single_up,"X01 product_bind",control,0,13,0,0,0,0,0x01,0x02,0x0000000,0,0.1394,0.0000,0.0000,0,0,,,,,,1016,
lab,0x00C2B10D20260707,L2_pair_up,"X01 product_bind",control,0,13,0,0,0,0,0x03,0x00,0x0000000,0,0.0914,0.0000,0.0000,0,0,,,,,,1792,
lab,0x00C2B10D20260707,L3_gibbs,"X01 product_bind",control,0,13,0,0,0,0,0x02,0x00,0x0000000,0,0.1269,0.0000,0.1246,0,0,,,,,,232,
lab,0x00C2B10D20260707,LW_mod2_wht,"X01 product_bind",control,0,13,0,0,0,0,0x00,0x02,0x0000000,0,0.3566,0.0000,0.3440,0,0,,,,,,511,
lab,0x00C2B10D20260707,LG_gf2,"X01 product_bind",control,0,13,0,0,0,0,0x77,0x3C,0x162E9C7,0,0.5194,1.0000,0.4914,0,45,,,,,,1,
lab,0x00C2B10D20260707,L0_tb_argmax,"X01 product_bind",control,0,14,0,0,0,0,0x00,0x02,0x0000000,0,0.3634,0.0000,0.0000,0,0,,,,,,162,
lab,0x00C2B10D20260707,L1_single_up,"X01 product_bind",control,0,14,0,0,0,0,0x01,0x02,0x0000000,0,0.1023,0.0000,0.0000,0,0,,,,,,1016,
lab,0x00C2B10D20260707,L2_pair_up,"X01 product_bind",control,0,14,0,0,0,0,0x03,0x00,0x0000000,0,0.0657,0.0000,0.0000,0,0,,,,,,1792,
lab,0x00C2B10D20260707,L3_gibbs,"X01 product_bind",control,0,14,0,0,0,0,0x02,0x00,0x0000000,0,0.1303,0.0000,0.1177,0,0,,,,,,227,
lab,0x00C2B10D20260707,LW_mod2_wht,"X01 product_bind",control,0,14,0,0,0,0,0x00,0x02,0x0000000,0,0.3634,0.0000,0.3303,0,0,,,,,,511,
lab,0x00C2B10D20260707,LG_gf2,"X01 product_bind",control,0,14,0,0,0,0,0x86,0xCC,0x4BAF874,0,0.4931,1.0000,0.5177,0,45,,,,,,1,
lab,0x00C2B10D20260707,L0_tb_argmax,"X01 product_bind",control,0,15,0,0,0,0,0x00,0x03,0x0000000,0,0.3537,0.0000,0.0000,0,0,,,,,,162,
lab,0x00C2B10D20260707,L1_single_up,"X01 product_bind",control,0,15,0,0,0,0,0x01,0x02,0x0000000,0,0.1303,0.0000,0.0000,0,0,,,,,,1016,
lab,0x00C2B10D20260707,L2_pair_up,"X01 product_bind",control,0,15,0,0,0,0,0x03,0x00,0x0000000,0,0.1051,0.0000,0.0000,0,0,,,,,,1792,
lab,0x00C2B10D20260707,L3_gibbs,"X01 product_bind",control,0,15,0,0,0,0,0x03,0x00,0x0000000,0,0.1051,0.0000,0.0560,0,0,,,,,,304,
lab,0x00C2B10D20260707,LW_mod2_wht,"X01 product_bind",control,0,15,0,0,0,0,0x00,0x03,0x0000000,0,0.3537,0.0000,0.3497,0,0,,,,,,511,
lab,0x00C2B10D20260707,LG_gf2,"X01 product_bind",control,0,15,0,0,0,0,0x89,0xAB,0xF3F2575,1,0.4997,1.0000,0.5063,0,45,,,,,,1,
lab,0x00C2B10D20260707,L0_tb_argmax,"X01 product_bind",control,0,16,0,0,0,0,0x00,0x03,0x0000000,0,0.3526,0.0000,0.0000,0,0,,,,,,162,
lab,0x00C2B10D20260707,L1_single_up,"X01 product_bind",control,0,16,0,0,0,0,0x01,0x02,0x0000000,0,0.1006,0.0000,0.0000,0,0,,,,,,1016,
lab,0x00C2B10D20260707,L2_pair_up,"X01 product_bind",control,0,16,0,0,0,0,0x03,0x00,0x0000000,0,0.0874,0.0000,0.0000,0,0,,,,,,1792,
lab,0x00C2B10D20260707,L3_gibbs,"X01 product_bind",control,0,16,0,0,0,0,0x02,0x00,0x0000000,0,0.1309,0.0000,0.1166,0,0,,,,,,226,
lab,0x00C2B10D20260707,LW_mod2_wht,"X01 product_bind",control,0,16,0,0,0,0,0x00,0x03,0x0000000,0,0.3526,0.0000,0.3520,0,0,,,,,,511,
lab,0x00C2B10D20260707,LG_gf2,"X01 product_bind",control,0,16,0,0,0,0,0x47,0x67,0x484D87F,1,0.4954,1.0000,0.5046,0,45,,,,,,1,
lab,0x00C2B10D20260707,L0_tb_argmax,"X01 product_bind",control,0,17,0,0,0,0,0x00,0x03,0x0000000,0,0.3680,0.0000,0.0000,0,0,,,,,,162,
lab,0x00C2B10D20260707,L1_single_up,"X01 product_bind",control,0,17,0,0,0,0,0x01,0x02,0x0000000,0,0.1326,0.0000,0.0000,0,0,,,,,,1016,
lab,0x00C2B10D20260707,L2_pair_up,"X01 product_bind",control,0,17,0,0,0,0,0x03,0x00,0x0000000,0,0.1120,0.0000,0.0000,0,0,,,,,,1792,
lab,0x00C2B10D20260707,L3_gibbs,"X01 product_bind",control,0,17,0,0,0,0,0xF0,0x00,0x0000000,0,0.0137,0.0000,0.0446,0,0,,,,,,259,
lab,0x00C2B10D20260707,LW_mod2_wht,"X01 product_bind",control,0,17,0,0,0,0,0x00,0x03,0x0000000,0,0.3680,0.0000,0.3211,0,0,,,,,,511,
lab,0x00C2B10D20260707,LG_gf2,"X01 product_bind",control,0,17,0,0,0,0,0x55,0x96,0xA2BA462,0,0.5086,1.0000,0.5051,0,45,,,,,,1,
lab,0x00C2B10D20260707,L0_tb_argmax,"X01 product_bind",control,0,18,0,0,0,0,0x00,0x02,0x0000000,0,0.3640,0.0000,0.0000,0,0,,,,,,162,
lab,0x00C2B10D20260707,L1_single_up,"X01 product_bind",control,0,18,0,0,0,0,0x01,0x02,0x0000000,0,0.1086,0.0000,0.0000,0,0,,,,,,1016,
lab,0x00C2B10D20260707,L2_pair_up,"X01 product_bind",control,0,18,0,0,0,0,0x03,0x00,0x0000000,0,0.0857,0.0000,0.0000,0,0,,,,,,1792,
lab,0x00C2B10D20260707,L3_gibbs,"X01 product_bind",control,0,18,0,0,0,0,0x01,0x00,0x0000000,0,0.1211,0.0000,0.1531,0,0,,,,,,228,
lab,0x00C2B10D20260707,LW_mod2_wht,"X01 product_bind",control,0,18,0,0,0,0,0x00,0x02,0x0000000,0,0.3640,0.0000,0.3291,0,0,,,,,,511,
lab,0x00C2B10D20260707,LG_gf2,"X01 product_bind",control,0,18,0,0,0,0,0x94,0xCB,0x3DB8113,1,0.4940,1.0000,0.5091,0,45,,,,,,1,
lab,0x00C2B10D20260707,L0_tb_argmax,"X01 product_bind",control,0,19,0,0,0,0,0x00,0x02,0x0000000,0,0.3606,0.0000,0.0000,0,0,,,,,,162,
lab,0x00C2B10D20260707,L1_single_up,"X01 product_bind",control,0,19,0,0,0,0,0x01,0x02,0x0000000,0,0.1137,0.0000,0.0000,0,0,,,,,,1016,
lab,0x00C2B10D20260707,L2_pair_up,"X01 product_bind",control,0,19,0,0,0,0,0x03,0x00,0x0000000,0,0.0960,0.0000,0.0000,0,0,,,,,,1792,
lab,0x00C2B10D20260707,L3_gibbs,"X01 product_bind",control,0,19,0,0,0,0,0x02,0x00,0x0000000,0,0.1269,0.0000,0.1246,0,0,,,,,,213,
lab,0x00C2B10D20260707,LW_mod2_wht,"X01 product_bind",control,0,19,0,0,0,0,0x00,0x02,0x0000000,0,0.3606,0.0000,0.3360,0,0,,,,,,511,
lab,0x00C2B10D20260707,LG_gf2,"X01 product_bind",control,0,19,0,0,0,0,0x5F,0x7B,0x3C3B6B1,1,0.5117,1.0000,0.5006,0,45,,,,,,1,
lab,0x00C2B10D20260707,L0_tb_argmax,"X02 max_parity",control,0,0,0,0,0,0,0x00,0x10,0x0000000,0,0.0863,0.0000,0.0000,0,0,,,,,,162,
lab,0x00C2B10D20260707,L1_single_up,"X02 max_parity",control,0,0,0,0,0,0,0x08,0x02,0x0000000,0,0.0754,0.0000,0.0000,0,0,,,,,,1016,
lab,0x00C2B10D20260707,L2_pair_up,"X02 max_parity",control,0,0,0,0,0,0,0x24,0x13,0x0000000,0,0.0583,0.0000,0.0000,0,0,,,,,,1792,
lab,0x00C2B10D20260707,L3_gibbs,"X02 max_parity",control,0,0,0,0,0,0,0x01,0x00,0x0000000,0,0.1160,0.0000,0.1063,0,0,,,,,,203,
lab,0x00C2B10D20260707,LW_mod2_wht,"X02 max_parity",control,0,0,0,0,0,0,0x01,0x00,0x0000000,0,0.1160,0.0000,0.1063,0,0,,,,,,511,
lab,0x00C2B10D20260707,LG_gf2,"X02 max_parity",control,0,0,0,0,0,0,0x87,0x3B,0x12B0391,1,0.5023,1.0000,0.5040,0,45,,,,,,1,
lab,0x00C2B10D20260707,L0_tb_argmax,"X02 max_parity",control,0,1,0,0,0,0,0x00,0x80,0x0000000,0,0.0891,0.0000,0.0000,0,0,,,,,,162,
lab,0x00C2B10D20260707,L1_single_up,"X02 max_parity",control,0,1,0,0,0,0,0x10,0x04,0x0000000,0,0.0634,0.0000,0.0000,0,0,,,,,,1016,
lab,0x00C2B10D20260707,L2_pair_up,"X02 max_parity",control,0,1,0,0,0,0,0x0C,0xB0,0x0000000,0,0.0646,0.0000,0.0000,0,0,,,,,,1792,
lab,0x00C2B10D20260707,L3_gibbs,"X02 max_parity",control,0,1,0,0,0,0,0x08,0x00,0x0000000,0,0.0891,0.0000,0.1474,0,0,,,,,,202,
lab,0x00C2B10D20260707,LW_mod2_wht,"X02 max_parity",control,0,1,0,0,0,0,0x02,0x00,0x0000000,0,0.1131,0.0000,0.0811,0,0,,,,,,511,
lab,0x00C2B10D20260707,LG_gf2,"X02 max_parity",control,0,1,0,0,0,0,0xA6,0x69,0x4890FC1,1,0.5057,1.0000,0.4823,0,45,,,,,,1,
lab,0x00C2B10D20260707,L0_tb_argmax,"X02 max_parity",control,0,2,0,0,0,0,0x00,0x40,0x0000000,0,0.1086,0.0000,0.0000,0,0,,,,,,162,
lab,0x00C2B10D20260707,L1_single_up,"X02 max_parity",control,0,2,0,0,0,0,0x08,0x02,0x0000000,0,0.0840,0.0000,0.0000,0,0,,,,,,1016,
lab,0x00C2B10D20260707,L2_pair_up,"X02 max_parity",control,0,2,0,0,0,0,0x24,0x89,0x0000000,0,0.0606,0.0000,0.0000,0,0,,,,,,1792,
lab,0x00C2B10D20260707,L3_gibbs,"X02 max_parity",control,0,2,0,0,0,0,0x08,0x00,0x0000000,0,0.1149,0.0000,0.0960,0,0,,,,,,184,
lab,0x00C2B10D20260707,LW_mod2_wht,"X02 max_parity",control,0,2,0,0,0,0,0x01,0x00,0x0000000,0,0.1303,0.0000,0.0777,0,0,,,,,,511,
lab,0x00C2B10D20260707,LG_gf2,"X02 max_parity",control,0,2,0,0,0,0,0x06,0x0B,0xD650518,0,0.5089,1.0000,0.4909,0,45,,,,,,1,
lab,0x00C2B10D20260707,L0_tb_argmax,"X02 max_parity",control,0,3,0,0,0,0,0x00,0x40,0x0000000,0,0.1029,0.0000,0.0000,0,0,,,,,,162,
lab,0x00C2B10D20260707,L1_single_up,"X02 max_parity",control,0,3,0,0,0,0,0x08,0x02,0x0000000,0,0.0771,0.0000,0.0000,0,0,,,,,,1016,
lab,0x00C2B10D20260707,L2_pair_up,"X02 max_parity",control,0,3,0,0,0,0,0x0A,0x75,0x0000000,0,0.0554,0.0000,0.0000,0,0,,,,,,1792,
lab,0x00C2B10D20260707,L3_gibbs,"X02 max_parity",control,0,3,0,0,0,0,0x01,0x00,0x0000000,0,0.1211,0.0000,0.0960,0,0,,,,,,207,
lab,0x00C2B10D20260707,LW_mod2_wht,"X02 max_parity",control,0,3,0,0,0,0,0x08,0x00,0x0000000,0,0.1274,0.0000,0.0709,0,0,,,,,,511,
lab,0x00C2B10D20260707,LG_gf2,"X02 max_parity",control,0,3,0,0,0,0,0xA2,0xC0,0x551E95D,1,0.5017,1.0000,0.5274,0,45,,,,,,1,
lab,0x00C2B10D20260707,L0_tb_argmax,"X02 max_parity",control,0,4,0,0,0,0,0x00,0x01,0x0000000,0,0.0806,0.0000,0.0000,0,0,,,,,,162,
lab,0x00C2B10D20260707,L1_single_up,"X02 max_parity",control,0,4,0,0,0,0,0x20,0x41,0x0000000,0,0.0554,0.0000,0.0000,0,0,,,,,,1016,
lab,0x00C2B10D20260707,L2_pair_up,"X02 max_parity",control,0,4,0,0,0,0,0x41,0x00,0x0000000,0,0.0566,0.0000,0.0000,0,0,,,,,,1792,
lab,0x00C2B10D20260707,L3_gibbs,"X02 max_parity",control,0,4,0,0,0,0,0x01,0x00,0x0000000,0,0.1120,0.0000,0.1143,0,0,,,,,,207,
lab,0x00C2B10D20260707,LW_mod2_wht,"X02 max_parity",control,0,4,0,0,0,0,0x01,0x00,0x0000000,0,0.1120,0.0000,0.1143,0,0,,,,,,511,
lab,0x00C2B10D20260707,LG_gf2,"X02 max_parity",control,0,4,0,0,0,0,0x08,0xBC,0xA0766AA,1,0.5011,1.0000,0.5166,0,45,,,,,,1,
lab,0x00C2B10D20260707,L0_tb_argmax,"X02 max_parity",control,0,5,0,0,0,0,0x00,0x01,0x0000000,0,0.0897,0.0000,0.0000,0,0,,,,,,162,
lab,0x00C2B10D20260707,L1_single_up,"X02 max_parity",control,0,5,0,0,0,0,0x04,0x80,0x0000000,0,0.0617,0.0000,0.0000,0,0,,,,,,1016,
lab,0x00C2B10D20260707,L2_pair_up,"X02 max_parity",control,0,5,0,0,0,0,0x06,0x78,0x0000000,0,0.0577,0.0000,0.0000,0,0,,,,,,1792,
lab,0x00C2B10D20260707,L3_gibbs,"X02 max_parity",control,0,5,0,0,0,0,0x80,0x00,0x0000000,0,0.1120,0.0000,0.1086,0,0,,,,,,210,
lab,0x00C2B10D20260707,LW_mod2_wht,"X02 max_parity",control,0,5,0,0,0,0,0x01,0x00,0x0000000,0,0.1286,0.0000,0.0811,0,0,,,,,,511,
lab,0x00C2B10D20260707,LG_gf2,"X02 max_parity",control,0,5,0,0,0,0,0x75,0x48,0x29E65F8,1,0.5189,1.0000,0.4960,0,45,,,,,,1,
lab,0x00C2B10D20260707,L0_tb_argmax,"X02 max_parity",control,0,6,0,0,0,0,0x00,0x40,0x0000000,0,0.1091,0.0000,0.0000,0,0,,,,,,162,
lab,0x00C2B10D20260707,L1_single_up,"X02 max_parity",control,0,6,0,0,0,0,0x08,0x02,0x0000000,0,0.0834,0.0000,0.0000,0,0,,,,,,1016,
lab,0x00C2B10D20260707,L2_pair_up,"X02 max_parity",control,0,6,0,0,0,0,0x05,0xC0,0x0000000,0,0.0571,0.0000,0.0000,0,0,,,,,,1792,
lab,0x00C2B10D20260707,L3_gibbs,"X02 max_parity",control,0,6,0,0,0,0,0x08,0x00,0x0000000,0,0.1057,0.0000,0.1143,0,0,,,,,,203,
lab,0x00C2B10D20260707,LW_mod2_wht,"X02 max_parity",control,0,6,0,0,0,0,0x01,0x00,0x0000000,0,0.1257,0.0000,0.0869,0,0,,,,,,511,
lab,0x00C2B10D20260707,LG_gf2,"X02 max_parity",control,0,6,0,0,0,0,0x99,0x8D,0xD5F2160,1,0.4934,1.0000,0.4777,0,45,,,,,,1,
lab,0x00C2B10D20260707,L0_tb_argmax,"X02 max_parity",control,0,7,0,0,0,0,0x00,0x01,0x0000000,0,0.0966,0.0000,0.0000,0,0,,,,,,162,
lab,0x00C2B10D20260707,L1_single_up,"X02 max_parity",control,0,7,0,0,0,0,0x08,0x02,0x0000000,0,0.0817,0.0000,0.0000,0,0,,,,,,1016,
lab,0x00C2B10D20260707,L2_pair_up,"X02 max_parity",control,0,7,0,0,0,0,0x24,0x13,0x0000000,0,0.0611,0.0000,0.0000,0,0,,,,,,1792,
lab,0x00C2B10D20260707,L3_gibbs,"X02 max_parity",control,0,7,0,0,0,0,0x01,0x00,0x0000000,0,0.1000,0.0000,0.1383,0,0,,,,,,210,
lab,0x00C2B10D20260707,LW_mod2_wht,"X02 max_parity",control,0,7,0,0,0,0,0x80,0x00,0x0000000,0,0.1217,0.0000,0.0891,0,0,,,,,,511,
lab,0x00C2B10D20260707,LG_gf2,"X02 max_parity",control,0,7,0,0,0,0,0xE9,0xA8,0xCFDDDFF,1,0.5174,1.0000,0.4823,0,45,,,,,,1,
lab,0x00C2B10D20260707,L0_tb_argmax,"X02 max_parity",control,0,8,0,0,0,0,0x00,0x40,0x0000000,0,0.0977,0.0000,0.0000,0,0,,,,,,162,
lab,0x00C2B10D20260707,L1_single_up,"X02 max_parity",control,0,8,0,0,0,0,0x10,0x04,0x0000000,0,0.0640,0.0000,0.0000,0,0,,,,,,1016,
lab,0x00C2B10D20260707,L2_pair_up,"X02 max_parity",control,0,8,0,0,0,0,0x60,0x91,0x0000000,0,0.0634,0.0000,0.0000,0,0,,,,,,1792,
lab,0x00C2B10D20260707,L3_gibbs,"X02 max_parity",control,0,8,0,0,0,0,0x08,0x00,0x0000000,0,0.1023,0.0000,0.1211,0,0,,,,,,230,
lab,0x00C2B10D20260707,LW_mod2_wht,"X02 max_parity",control,0,8,0,0,0,0,0x01,0x00,0x0000000,0,0.1166,0.0000,0.1051,0,0,,,,,,511,
lab,0x00C2B10D20260707,LG_gf2,"X02 max_parity",control,0,8,0,0,0,0,0x14,0x1F,0xFF7970C,0,0.4989,1.0000,0.4926,0,45,,,,,,1,
lab,0x00C2B10D20260707,L0_tb_argmax,"X02 max_parity",control,0,9,0,0,0,0,0x00,0x40,0x0000000,0,0.1011,0.0000,0.0000,0,0,,,,,,162,
lab,0x00C2B10D20260707,L1_single_up,"X02 max_parity",control,0,9,0,0,0,0,0x10,0x04,0x0000000,0,0.0651,0.0000,0.0000,0,0,,,,,,1016,
lab,0x00C2B10D20260707,L2_pair_up,"X02 max_parity",control,0,9,0,0,0,0,0x05,0x00,0x0000000,0,0.0669,0.0000,0.0000,0,0,,,,,,1792,
lab,0x00C2B10D20260707,L3_gibbs,"X02 max_parity",control,0,9,0,0,0,0,0x80,0x00,0x0000000,0,0.1023,0.0000,0.1280,0,0,,,,,,196,
lab,0x00C2B10D20260707,LW_mod2_wht,"X02 max_parity",control,0,9,0,0,0,0,0x08,0x00,0x0000000,0,0.1194,0.0000,0.0869,0,0,,,,,,511,
lab,0x00C2B10D20260707,LG_gf2,"X02 max_parity",control,0,9,0,0,0,0,0x45,0xB4,0x1F2F9C3,1,0.5011,1.0000,0.4960,0,45,,,,,,1,
lab,0x00C2B10D20260707,L0_tb_argmax,"X02 max_parity",control,0,10,0,0,0,0,0x00,0x02,0x0000000,0,0.1000,0.0000,0.0000,0,0,,,,,,162,
lab,0x00C2B10D20260707,L1_single_up,"X02 max_parity",control,0,10,0,0,0,0,0x10,0x04,0x0000000,0,0.0874,0.0000,0.0000,0,0,,,,,,1016,
lab,0x00C2B10D20260707,L2_pair_up,"X02 max_parity",control,0,10,0,0,0,0,0x84,0x50,0x0000000,0,0.0606,0.0000,0.0000,0,0,,,,,,1792,
lab,0x00C2B10D20260707,L3_gibbs,"X02 max_parity",control,0,10,0,0,0,0,0x01,0x00,0x0000000,0,0.1149,0.0000,0.1086,0,0,,,,,,206,
lab,0x00C2B10D20260707,LW_mod2_wht,"X02 max_parity",control,0,10,0,0,0,0,0x08,0x00,0x0000000,0,0.1206,0.0000,0.0846,0,0,,,,,,511,
lab,0x00C2B10D20260707,LG_gf2,"X02 max_parity",control,0,10,0,0,0,0,0x01,0x7B,0x95524AF,0,0.5014,1.0000,0.4880,0,45,,,,,,1,
lab,0x00C2B10D20260707,L0_tb_argmax,"X02 max_parity",control,0,11,0,0,0,0,0x00,0x40,0x0000000,0,0.0977,0.0000,0.0000,0,0,,,,,,162,
lab,0x00C2B10D20260707,L1_single_up,"X02 max_parity",control,0,11,0,0,0,0,0x08,0x02,0x0000000,0,0.0680,0.0000,0.0000,0,0,,,,,,1016,
lab,0x00C2B10D20260707,L2_pair_up,"X02 max_parity",control,0,11,0,0,0,0,0x14,0xE0,0x0000000,0,0.0606,0.0000,0.0000,0,0,,,,,,1792,
lab,0x00C2B10D20260707,L3_gibbs,"X02 max_parity",control,0,11,0,0,0,0,0x08,0x00,0x0000000,0,0.0983,0.0000,0.1291,0,0,,,,,,214,
lab,0x00C2B10D20260707,LW_mod2_wht,"X02 max_parity",control,0,11,0,0,0,0,0x02,0x00,0x0000000,0,0.1171,0.0000,0.0731,0,0,,,,,,511,
lab,0x00C2B10D20260707,LG_gf2,"X02 max_parity",control,0,11,0,0,0,0,0x66,0x6D,0xDA25227,1,0.5043,1.0000,0.5051,0,45,,,,,,1,
lab,0x00C2B10D20260707,L0_tb_argmax,"X02 max_parity",control,0,12,0,0,0,0,0x00,0x01,0x0000000,0,0.1011,0.0000,0.0000,0,0,,,,,,162,
lab,0x00C2B10D20260707,L1_single_up,"X02 max_parity",control,0,12,0,0,0,0,0x08,0x02,0x0000000,0,0.0914,0.0000,0.0000,0,0,,,,,,1016,
lab,0x00C2B10D20260707,L2_pair_up,"X02 max_parity",control,0,12,0,0,0,0,0x60,0x91,0x0000000,0,0.0634,0.0000,0.0000,0,0,,,,,,1792,
lab,0x00C2B10D20260707,L3_gibbs,"X02 max_parity",control,0,12,0,0,0,0,0x08,0x00,0x0000000,0,0.1011,0.0000,0.1234,0,0,,,,,,197,
lab,0x00C2B10D20260707,LW_mod2_wht,"X02 max_parity",control,0,12,0,0,0,0,0x80,0x00,0x0000000,0,0.1223,0.0000,0.0880,0,0,,,,,,511,
lab,0x00C2B10D20260707,LG_gf2,"X02 max_parity",control,0,12,0,0,0,0,0x7E,0x3B,0x5908393,0,0.5129,1.0000,0.5006,0,45,,,,,,1,
lab,0x00C2B10D20260707,L0_tb_argmax,"X02 max_parity",control,0,13,0,0,0,0,0x00,0x01,0x0000000,0,0.1149,0.0000,0.0000,0,0,,,,,,162,
lab,0x00C2B10D20260707,L1_single_up,"X02 max_parity",control,0,13,0,0,0,0,0x10,0x04,0x0000000,0,0.0629,0.0000,0.0000,0,0,,,,,,1016,
lab,0x00C2B10D20260707,L2_pair_up,"X02 max_parity",control,0,13,0,0,0,0,0x48,0x15,0x0000000,0,0.0594,0.0000,0.0000,0,0,,,,,,1792,
lab,0x00C2B10D20260707,L3_gibbs,"X02 max_parity",control,0,13,0,0,0,0,0x08,0x00,0x0000000,0,0.1017,0.0000,0.1223,0,0,,,,,,208,
lab,0x00C2B10D20260707,LW_mod2_wht,"X02 max_parity",control,0,13,0,0,0,0,0x01,0x00,0x0000000,0,0.1246,0.0000,0.0891,0,0,,,,,,511,
lab,0x00C2B10D20260707,LG_gf2,"X02 max_parity",control,0,13,0,0,0,0,0x7A,0xFE,0x06FD45C,1,0.4926,1.0000,0.4977,0,45,,,,,,1,
lab,0x00C2B10D20260707,L0_tb_argmax,"X02 max_parity",control,0,14,0,0,0,0,0x00,0x01,0x0000000,0,0.0977,0.0000,0.0000,0,0,,,,,,162,
lab,0x00C2B10D20260707,L1_single_up,"X02 max_parity",control,0,14,0,0,0,0,0x10,0x04,0x0000000,0,0.0771,0.0000,0.0000,0,0,,,,,,1016,
lab,0x00C2B10D20260707,L2_pair_up,"X02 max_parity",control,0,14,0,0,0,0,0x44,0x0A,0x0000000,0,0.0589,0.0000,0.0000,0,0,,,,,,1792,
lab,0x00C2B10D20260707,L3_gibbs,"X02 max_parity",control,0,14,0,0,0,0,0x10,0x00,0x0000000,0,0.0789,0.0000,0.1223,0,0,,,,,,220,
lab,0x00C2B10D20260707,LW_mod2_wht,"X02 max_parity",control,0,14,0,0,0,0,0x01,0x00,0x0000000,0,0.1091,0.0000,0.1200,0,0,,,,,,511,
lab,0x00C2B10D20260707,LG_gf2,"X02 max_parity",control,0,14,0,0,0,0,0x89,0x12,0xEACCFF5,0,0.5066,1.0000,0.4909,0,45,,,,,,1,
lab,0x00C2B10D20260707,L0_tb_argmax,"X02 max_parity",control,0,15,0,0,0,0,0x00,0x01,0x0000000,0,0.0960,0.0000,0.0000,0,0,,,,,,162,
lab,0x00C2B10D20260707,L1_single_up,"X02 max_parity",control,0,15,0,0,0,0,0x08,0x02,0x0000000,0,0.0657,0.0000,0.0000,0,0,,,,,,1016,
lab,0x00C2B10D20260707,L2_pair_up,"X02 max_parity",control,0,15,0,0,0,0,0x11,0x00,0x0000000,0,0.0537,0.0000,0.0000,0,0,,,,,,1792,
lab,0x00C2B10D20260707,L3_gibbs,"X02 max_parity",control,0,15,0,0,0,0,0x01,0x00,0x0000000,0,0.1080,0.0000,0.1223,0,0,,,,,,218,
lab,0x00C2B10D20260707,LW_mod2_wht,"X02 max_parity",control,0,15,0,0,0,0,0x08,0x00,0x0000000,0,0.1114,0.0000,0.1029,0,0,,,,,,511,
lab,0x00C2B10D20260707,LG_gf2,"X02 max_parity",control,0,15,0,0,0,0,0xB2,0x19,0x7A020CA,0,0.5034,1.0000,0.4960,0,45,,,,,,1,
lab,0x00C2B10D20260707,L0_tb_argmax,"X02 max_parity",control,0,16,0,0,0,0,0x00,0x02,0x0000000,0,0.1006,0.0000,0.0000,0,0,,,,,,162,
lab,0x00C2B10D20260707,L1_single_up,"X02 max_parity",control,0,16,0,0,0,0,0x01,0x08,0x0000000,0,0.0589,0.0000,0.0000,0,0,,,,,,1016,
lab,0x00C2B10D20260707,L2_pair_up,"X02 max_parity",control,0,16,0,0,0,0,0x14,0xE0,0x0000000,0,0.0617,0.0000,0.0000,0,0,,,,,,1792,
lab,0x00C2B10D20260707,L3_gibbs,"X02 max_parity",control,0,16,0,0,0,0,0x01,0x00,0x0000000,0,0.1149,0.0000,0.1086,0,0,,,,,,209,
lab,0x00C2B10D20260707,LW_mod2_wht,"X02 max_parity",control,0,16,0,0,0,0,0x01,0x00,0x0000000,0,0.1149,0.0000,0.1086,0,0,,,,,,511,
lab,0x00C2B10D20260707,LG_gf2,"X02 max_parity",control,0,16,0,0,0,0,0x7C,0xF0,0x1436A3B,1,0.5100,1.0000,0.5234,0,45,,,,,,1,
lab,0x00C2B10D20260707,L0_tb_argmax,"X02 max_parity",control,0,17,0,0,0,0,0x00,0x01,0x0000000,0,0.0909,0.0000,0.0000,0,0,,,,,,162,
lab,0x00C2B10D20260707,L1_single_up,"X02 max_parity",control,0,17,0,0,0,0,0x10,0x04,0x0000000,0,0.0669,0.0000,0.0000,0,0,,,,,,1016,
lab,0x00C2B10D20260707,L2_pair_up,"X02 max_parity",control,0,17,0,0,0,0,0x60,0x91,0x0000000,0,0.0697,0.0000,0.0000,0,0,,,,,,1792,
lab,0x00C2B10D20260707,L3_gibbs,"X02 max_parity",control,0,17,0,0,0,0,0x08,0x00,0x0000000,0,0.1149,0.0000,0.0960,0,0,,,,,,209,
lab,0x00C2B10D20260707,LW_mod2_wht,"X02 max_parity",control,0,17,0,0,0,0,0x01,0x00,0x0000000,0,0.1286,0.0000,0.0811,0,0,,,,,,511,
lab,0x00C2B10D20260707,LG_gf2,"X02 max_parity",control,0,17,0,0,0,0,0x9D,0x00,0x59F2147,0,0.5063,1.0000,0.4914,0,45,,,,,,1,
lab,0x00C2B10D20260707,L0_tb_argmax,"X02 max_parity",control,0,18,0,0,0,0,0x00,0x01,0x0000000,0,0.0886,0.0000,0.0000,0,0,,,,,,162,
lab,0x00C2B10D20260707,L1_single_up,"X02 max_parity",control,0,18,0,0,0,0,0x04,0x90,0x0000000,0,0.0680,0.0000,0.0000,0,0,,,,,,1016,
lab,0x00C2B10D20260707,L2_pair_up,"X02 max_parity",control,0,18,0,0,0,0,0x24,0x89,0x0000000,0,0.0594,0.0000,0.0000,0,0,,,,,,1792,
lab,0x00C2B10D20260707,L3_gibbs,"X02 max_parity",control,0,18,0,0,0,0,0x01,0x00,0x0000000,0,0.0994,0.0000,0.1394,0,0,,,,,,215,
lab,0x00C2B10D20260707,LW_mod2_wht,"X02 max_parity",control,0,18,0,0,0,0,0x08,0x00,0x0000000,0,0.1143,0.0000,0.0971,0,0,,,,,,511,
lab,0x00C2B10D20260707,LG_gf2,"X02 max_parity",control,0,18,0,0,0,0,0x24,0xE0,0x379D874,0,0.5037,1.0000,0.4931,0,45,,,,,,1,
lab,0x00C2B10D20260707,L0_tb_argmax,"X02 max_parity",control,0,19,0,0,0,0,0x00,0x40,0x0000000,0,0.0926,0.0000,0.0000,0,0,,,,,,162,
lab,0x00C2B10D20260707,L1_single_up,"X02 max_parity",control,0,19,0,0,0,0,0x10,0x04,0x0000000,0,0.0777,0.0000,0.0000,0,0,,,,,,1016,
lab,0x00C2B10D20260707,L2_pair_up,"X02 max_parity",control,0,19,0,0,0,0,0x05,0x68,0x0000000,0,0.0663,0.0000,0.0000,0,0,,,,,,1792,
lab,0x00C2B10D20260707,L3_gibbs,"X02 max_parity",control,0,19,0,0,0,0,0x08,0x00,0x0000000,0,0.1143,0.0000,0.0971,0,0,,,,,,214,
lab,0x00C2B10D20260707,LW_mod2_wht,"X02 max_parity",control,0,19,0,0,0,0,0x80,0x00,0x0000000,0,0.1211,0.0000,0.0903,0,0,,,,,,511,
lab,0x00C2B10D20260707,LG_gf2,"X02 max_parity",control,0,19,0,0,0,0,0xF3,0xF5,0x004F940,1,0.5126,1.0000,0.4903,0,45,,,,,,1,
lab,0x00C2B10D20260707,L0_tb_argmax,"X03 rank2_eq1",control,0,0,0,0,0,0,0x00,0x02,0x0000000,0,0.2154,0.0000,0.0000,0,0,,,,,,162,
lab,0x00C2B10D20260707,L1_single_up,"X03 rank2_eq1",control,0,0,0,0,0,0,0x01,0x02,0x0000000,0,0.0743,0.0000,0.0000,0,0,,,,,,1016,
lab,0x00C2B10D20260707,L2_pair_up,"X03 rank2_eq1",control,0,0,0,0,0,0,0x06,0xF9,0x0000000,0,0.0657,0.0000,0.0000,0,0,,,,,,1792,
lab,0x00C2B10D20260707,L3_gibbs,"X03 rank2_eq1",control,0,0,0,0,0,0,0x04,0x00,0x0000000,0,0.1137,0.0000,0.1291,0,0,,,,,,224,
lab,0x00C2B10D20260707,LW_mod2_wht,"X03 rank2_eq1",control,0,0,0,0,0,0,0x00,0x02,0x0000000,0,0.2154,0.0000,0.1909,0,0,,,,,,511,
lab,0x00C2B10D20260707,LG_gf2,"X03 rank2_eq1",control,0,0,0,0,0,0,0x21,0xA8,0xAC449A8,0,0.5086,1.0000,0.4989,0,45,,,,,,1,
lab,0x00C2B10D20260707,L0_tb_argmax,"X03 rank2_eq1",control,0,1,0,0,0,0,0x00,0x02,0x0000000,0,0.2069,0.0000,0.0000,0,0,,,,,,162,
lab,0x00C2B10D20260707,L1_single_up,"X03 rank2_eq1",control,0,1,0,0,0,0,0x04,0x18,0x0000000,0,0.0577,0.0000,0.0000,0,0,,,,,,1016,
lab,0x00C2B10D20260707,L2_pair_up,"X03 rank2_eq1",control,0,1,0,0,0,0,0x03,0x00,0x0000000,0,0.0697,0.0000,0.0000,0,0,,,,,,1792,
lab,0x00C2B10D20260707,L3_gibbs,"X03 rank2_eq1",control,0,1,0,0,0,0,0x02,0x00,0x0000000,0,0.1011,0.0000,0.0834,0,0,,,,,,192,
lab,0x00C2B10D20260707,LW_mod2_wht,"X03 rank2_eq1",control,0,1,0,0,0,0,0x00,0x02,0x0000000,0,0.2069,0.0000,0.2080,0,0,,,,,,511,
lab,0x00C2B10D20260707,LG_gf2,"X03 rank2_eq1",control,0,1,0,0,0,0,0xC3,0xA4,0xBCE7F73,0,0.5194,1.0000,0.4920,0,45,,,,,,1,
lab,0x00C2B10D20260707,L0_tb_argmax,"X03 rank2_eq1",control,0,2,0,0,0,0,0x00,0x02,0x0000000,0,0.2189,0.0000,0.0000,0,0,,,,,,162,
lab,0x00C2B10D20260707,L1_single_up,"X03 rank2_eq1",control,0,2,0,0,0,0,0x01,0x02,0x0000000,0,0.0600,0.0000,0.0000,0,0,,,,,,1016,
lab,0x00C2B10D20260707,L2_pair_up,"X03 rank2_eq1",control,0,2,0,0,0,0,0x06,0xF9,0x0000000,0,0.0674,0.0000,0.0000,0,0,,,,,,1792,
lab,0x00C2B10D20260707,L3_gibbs,"X03 rank2_eq1",control,0,2,0,0,0,0,0x02,0x00,0x0000000,0,0.0794,0.0000,0.1269,0,0,,,,,,202,
lab,0x00C2B10D20260707,LW_mod2_wht,"X03 rank2_eq1",control,0,2,0,0,0,0,0x00,0x02,0x0000000,0,0.2189,0.0000,0.1840,0,0,,,,,,511,
lab,0x00C2B10D20260707,LG_gf2,"X03 rank2_eq1",control,0,2,0,0,0,0,0xA0,0xEF,0xFE23100,0,0.5151,1.0000,0.4857,0,45,,,,,,1,
lab,0x00C2B10D20260707,L0_tb_argmax,"X03 rank2_eq1",control,0,3,0,0,0,0,0x00,0x01,0x0000000,0,0.1960,0.0000,0.0000,0,0,,,,,,162,
lab,0x00C2B10D20260707,L1_single_up,"X03 rank2_eq1",control,0,3,0,0,0,0,0x01,0x02,0x0000000,0,0.0806,0.0000,0.0000,0,0,,,,,,1016,
lab,0x00C2B10D20260707,L2_pair_up,"X03 rank2_eq1",control,0,3,0,0,0,0,0x03,0x00,0x0000000,0,0.0589,0.0000,0.0000,0,0,,,,,,1792,
lab,0x00C2B10D20260707,L3_gibbs,"X03 rank2_eq1",control,0,3,0,0,0,0,0x04,0x00,0x0000000,0,0.1217,0.0000,0.1131,0,0,,,,,,193,
lab,0x00C2B10D20260707,LW_mod2_wht,"X03 rank2_eq1",control,0,3,0,0,0,0,0x00,0x01,0x0000000,0,0.1960,0.0000,0.1989,0,0,,,,,,511,
lab,0x00C2B10D20260707,LG_gf2,"X03 rank2_eq1",control,0,3,0,0,0,0,0x7A,0xFF,0x145B508,1,0.5269,1.0000,0.4971,0,45,,,,,,1,
lab,0x00C2B10D20260707,L0_tb_argmax,"X03 rank2_eq1",control,0,4,0,0,0,0,0x00,0x02,0x0000000,0,0.2114,0.0000,0.0000,0,0,,,,,,162,
lab,0x00C2B10D20260707,L1_single_up,"X03 rank2_eq1",control,0,4,0,0,0,0,0x01,0x02,0x0000000,0,0.0617,0.0000,0.0000,0,0,,,,,,1016,
lab,0x00C2B10D20260707,L2_pair_up,"X03 rank2_eq1",control,0,4,0,0,0,0,0x03,0x00,0x0000000,0,0.0606,0.0000,0.0000,0,0,,,,,,1792,
lab,0x00C2B10D20260707,L3_gibbs,"X03 rank2_eq1",control,0,4,0,0,0,0,0x02,0x00,0x0000000,0,0.0926,0.0000,0.1006,0,0,,,,,,198,
lab,0x00C2B10D20260707,LW_mod2_wht,"X03 rank2_eq1",control,0,4,0,0,0,0,0x00,0x02,0x0000000,0,0.2114,0.0000,0.1989,0,0,,,,,,511,
lab,0x00C2B10D20260707,LG_gf2,"X03 rank2_eq1",control,0,4,0,0,0,0,0xDD,0xA1,0x3CCAF23,0,0.5040,1.0000,0.4966,0,45,,,,,,1,
lab,0x00C2B10D20260707,L0_tb_argmax,"X03 rank2_eq1",control,0,5,0,0,0,0,0x00,0x01,0x0000000,0,0.2080,0.0000,0.0000,0,0,,,,,,162,
lab,0x00C2B10D20260707,L1_single_up,"X03 rank2_eq1",control,0,5,0,0,0,0,0x01,0x02,0x0000000,0,0.0697,0.0000,0.0000,0,0,,,,,,1016,
lab,0x00C2B10D20260707,L2_pair_up,"X03 rank2_eq1",control,0,5,0,0,0,0,0x03,0x00,0x0000000,0,0.0583,0.0000,0.0000,0,0,,,,,,1792,
lab,0x00C2B10D20260707,L3_gibbs,"X03 rank2_eq1",control,0,5,0,0,0,0,0x02,0x00,0x0000000,0,0.0834,0.0000,0.1189,0,0,,,,,,212,
lab,0x00C2B10D20260707,LW_mod2_wht,"X03 rank2_eq1",control,0,5,0,0,0,0,0x00,0x01,0x0000000,0,0.2080,0.0000,0.1749,0,0,,,,,,511,
lab,0x00C2B10D20260707,LG_gf2,"X03 rank2_eq1",control,0,5,0,0,0,0,0xE3,0x6A,0x35ADF06,0,0.5089,1.0000,0.4954,0,45,,,,,,1,
lab,0x00C2B10D20260707,L0_tb_argmax,"X03 rank2_eq1",control,0,6,0,0,0,0,0x00,0x02,0x0000000,0,0.2280,0.0000,0.0000,0,0,,,,,,162,
lab,0x00C2B10D20260707,L1_single_up,"X03 rank2_eq1",control,0,6,0,0,0,0,0x01,0x02,0x0000000,0,0.0726,0.0000,0.0000,0,0,,,,,,1016,
lab,0x00C2B10D20260707,L2_pair_up,"X03 rank2_eq1",control,0,6,0,0,0,0,0x42,0x10,0x0000000,0,0.0611,0.0000,0.0000,0,0,,,,,,1792,
lab,0x00C2B10D20260707,L3_gibbs,"X03 rank2_eq1",control,0,6,0,0,0,0,0x04,0x00,0x0000000,0,0.1166,0.0000,0.1234,0,0,,,,,,203,
lab,0x00C2B10D20260707,LW_mod2_wht,"X03 rank2_eq1",control,0,6,0,0,0,0,0x00,0x02,0x0000000,0,0.2280,0.0000,0.1657,0,0,,,,,,511,
lab,0x00C2B10D20260707,LG_gf2,"X03 rank2_eq1",control,0,6,0,0,0,0,0x6C,0x07,0x6480FC4,0,0.5031,1.0000,0.5200,0,45,,,,,,1,
lab,0x00C2B10D20260707,L0_tb_argmax,"X03 rank2_eq1",control,0,7,0,0,0,0,0x00,0x04,0x0000000,0,0.2051,0.0000,0.0000,0,0,,,,,,162,
lab,0x00C2B10D20260707,L1_single_up,"X03 rank2_eq1",control,0,7,0,0,0,0,0x01,0x02,0x0000000,0,0.0577,0.0000,0.0000,0,0,,,,,,1016,
lab,0x00C2B10D20260707,L2_pair_up,"X03 rank2_eq1",control,0,7,0,0,0,0,0x06,0xF9,0x0000000,0,0.0589,0.0000,0.0000,0,0,,,,,,1792,
lab,0x00C2B10D20260707,L3_gibbs,"X03 rank2_eq1",control,0,7,0,0,0,0,0x02,0x00,0x0000000,0,0.1086,0.0000,0.0686,0,0,,,,,,207,
lab,0x00C2B10D20260707,LW_mod2_wht,"X03 rank2_eq1",control,0,7,0,0,0,0,0x00,0x04,0x0000000,0,0.2051,0.0000,0.1566,0,0,,,,,,511,
lab,0x00C2B10D20260707,LG_gf2,"X03 rank2_eq1",control,0,7,0,0,0,0,0x48,0x26,0x4C208A7,0,0.5043,1.0000,0.5166,0,45,,,,,,1,
lab,0x00C2B10D20260707,L0_tb_argmax,"X03 rank2_eq1",control,0,8,0,0,0,0,0x00,0x02,0x0000000,0,0.2011,0.0000,0.0000,0,0,,,,,,162,
lab,0x00C2B10D20260707,L1_single_up,"X03 rank2_eq1",control,0,8,0,0,0,0,0x01,0x02,0x0000000,0,0.0691,0.0000,0.0000,0,0,,,,,,1016,
lab,0x00C2B10D20260707,L2_pair_up,"X03 rank2_eq1",control,0,8,0,0,0,0,0x28,0x91,0x0000000,0,0.0554,0.0000,0.0000,0,0,,,,,,1792,
lab,0x00C2B10D20260707,L3_gibbs,"X03 rank2_eq1",control,0,8,0,0,0,0,0x02,0x00,0x0000000,0,0.0943,0.0000,0.0971,0,0,,,,,,227,
lab,0x00C2B10D20260707,LW_mod2_wht,"X03 rank2_eq1",control,0,8,0,0,0,0,0x00,0x02,0x0000000,0,0.2011,0.0000,0.2194,0,0,,,,,,511,
lab,0x00C2B10D20260707,LG_gf2,"X03 rank2_eq1",control,0,8,0,0,0,0,0x47,0x12,0x2E7373B,1,0.5186,1.0000,0.4989,0,45,,,,,,1,
lab,0x00C2B10D20260707,L0_tb_argmax,"X03 rank2_eq1",control,0,9,0,0,0,0,0x00,0x01,0x0000000,0,0.2080,0.0000,0.0000,0,0,,,,,,162,
lab,0x00C2B10D20260707,L1_single_up,"X03 rank2_eq1",control,0,9,0,0,0,0,0x04,0x18,0x0000000,0,0.0594,0.0000,0.0000,0,0,,,,,,1016,
lab,0x00C2B10D20260707,L2_pair_up,"X03 rank2_eq1",control,0,9,0,0,0,0,0x03,0x00,0x0000000,0,0.0749,0.0000,0.0000,0,0,,,,,,1792,
lab,0x00C2B10D20260707,L3_gibbs,"X03 rank2_eq1",control,0,9,0,0,0,0,0x04,0x00,0x0000000,0,0.1069,0.0000,0.1429,0,0,,,,,,186,
lab,0x00C2B10D20260707,LW_mod2_wht,"X03 rank2_eq1",control,0,9,0,0,0,0,0x00,0x01,0x0000000,0,0.2080,0.0000,0.1749,0,0,,,,,,511,
lab,0x00C2B10D20260707,LG_gf2,"X03 rank2_eq1",control,0,9,0,0,0,0,0x55,0x0A,0xCA4DCE0,1,0.5031,1.0000,0.5069,0,45,,,,,,1,
lab,0x00C2B10D20260707,L0_tb_argmax,"X03 rank2_eq1",control,0,10,0,0,0,0,0x00,0x02,0x0000000,0,0.1994,0.0000,0.0000,0,0,,,,,,162,
lab,0x00C2B10D20260707,L1_single_up,"X03 rank2_eq1",control,0,10,0,0,0,0,0x01,0x02,0x0000000,0,0.0589,0.0000,0.0000,0,0,,,,,,1016,
lab,0x00C2B10D20260707,L2_pair_up,"X03 rank2_eq1",control,0,10,0,0,0,0,0x03,0x00,0x0000000,0,0.0543,0.0000,0.0000,0,0,,,,,,1792,
lab,0x00C2B10D20260707,L3_gibbs,"X03 rank2_eq1",control,0,10,0,0,0,0,0x02,0x00,0x0000000,0,0.0989,0.0000,0.0880,0,0,,,,,,196,
lab,0x00C2B10D20260707,LW_mod2_wht,"X03 rank2_eq1",control,0,10,0,0,0,0,0x00,0x02,0x0000000,0,0.1994,0.0000,0.2229,0,0,,,,,,511,
lab,0x00C2B10D20260707,LG_gf2,"X03 rank2_eq1",control,0,10,0,0,0,0,0x8A,0xEA,0x73701C3,1,0.5140,1.0000,0.4726,0,45,,,,,,1,
lab,0x00C2B10D20260707,L0_tb_argmax,"X03 rank2_eq1",control,0,11,0,0,0,0,0x00,0x02,0x0000000,0,0.1989,0.0000,0.0000,0,0,,,,,,162,
lab,0x00C2B10D20260707,L1_single_up,"X03 rank2_eq1",control,0,11,0,0,0,0,0x10,0x0A,0x0000000,0,0.0566,0.0000,0.0000,0,0,,,,,,1016,
lab,0x00C2B10D20260707,L2_pair_up,"X03 rank2_eq1",control,0,11,0,0,0,0,0x03,0x00,0x0000000,0,0.0646,0.0000,0.0000,0,0,,,,,,1792,
lab,0x00C2B10D20260707,L3_gibbs,"X03 rank2_eq1",control,0,11,0,0,0,0,0x02,0x00,0x0000000,0,0.0863,0.0000,0.1131,0,0,,,,,,207,
lab,0x00C2B10D20260707,LW_mod2_wht,"X03 rank2_eq1",control,0,11,0,0,0,0,0x00,0x02,0x0000000,0,0.1989,0.0000,0.2240,0,0,,,,,,511,
lab,0x00C2B10D20260707,LG_gf2,"X03 rank2_eq1",control,0,11,0,0,0,0,0x34,0xF2,0x1C7DB47,1,0.5120,1.0000,0.4880,0,45,,,,,,1,
lab,0x00C2B10D20260707,L0_tb_argmax,"X03 rank2_eq1",control,0,12,0,0,0,0,0x00,0x02,0x0000000,0,0.2029,0.0000,0.0000,0,0,,,,,,162,
lab,0x00C2B10D20260707,L1_single_up,"X03 rank2_eq1",control,0,12,0,0,0,0,0x10,0x8D,0x0000000,0,0.0606,0.0000,0.0000,0,0,,,,,,1016,
lab,0x00C2B10D20260707,L2_pair_up,"X03 rank2_eq1",control,0,12,0,0,0,0,0x60,0x86,0x0000000,0,0.0617,0.0000,0.0000,0,0,,,,,,1792,
lab,0x00C2B10D20260707,L3_gibbs,"X03 rank2_eq1",control,0,12,0,0,0,0,0x02,0x00,0x0000000,0,0.1051,0.0000,0.0754,0,0,,,,,,214,
lab,0x00C2B10D20260707,LW_mod2_wht,"X03 rank2_eq1",control,0,12,0,0,0,0,0x00,0x02,0x0000000,0,0.2029,0.0000,0.2160,0,0,,,,,,511,
lab,0x00C2B10D20260707,LG_gf2,"X03 rank2_eq1",control,0,12,0,0,0,0,0xBA,0x0A,0x670C91B,1,0.5014,1.0000,0.4909,0,45,,,,,,1,
lab,0x00C2B10D20260707,L0_tb_argmax,"X03 rank2_eq1",control,0,13,0,0,0,0,0x00,0x02,0x0000000,0,0.2086,0.0000,0.0000,0,0,,,,,,162,
lab,0x00C2B10D20260707,L1_single_up,"X03 rank2_eq1",control,0,13,0,0,0,0,0x01,0x02,0x0000000,0,0.0714,0.0000,0.0000,0,0,,,,,,1016,
lab,0x00C2B10D20260707,L2_pair_up,"X03 rank2_eq1",control,0,13,0,0,0,0,0x24,0x13,0x0000000,0,0.0657,0.0000,0.0000,0,0,,,,,,1792,
lab,0x00C2B10D20260707,L3_gibbs,"X03 rank2_eq1",control,0,13,0,0,0,0,0x04,0x00,0x0000000,0,0.1126,0.0000,0.1314,0,0,,,,,,216,
lab,0x00C2B10D20260707,LW_mod2_wht,"X03 rank2_eq1",control,0,13,0,0,0,0,0x00,0x02,0x0000000,0,0.2086,0.0000,0.2046,0,0,,,,,,511,
lab,0x00C2B10D20260707,LG_gf2,"X03 rank2_eq1",control,0,13,0,0,0,0,0x71,0x3B,0x311FDCD,0,0.5051,1.0000,0.5057,0,45,,,,,,1,
lab,0x00C2B10D20260707,L0_tb_argmax,"X03 rank2_eq1",control,0,14,0,0,0,0,0x00,0x01,0x0000000,0,0.1966,0.0000,0.0000,0,0,,,,,,162,
lab,0x00C2B10D20260707,L1_single_up,"X03 rank2_eq1",control,0,14,0,0,0,0,0x01,0x02,0x0000000,0,0.0731,0.0000,0.0000,0,0,,,,,,1016,
lab,0x00C2B10D20260707,L2_pair_up,"X03 rank2_eq1",control,0,14,0,0,0,0,0x03,0x00,0x0000000,0,0.0594,0.0000,0.0000,0,0,,,,,,1792,
lab,0x00C2B10D20260707,L3_gibbs,"X03 rank2_eq1",control,0,14,0,0,0,0,0x02,0x00,0x0000000,0,0.0931,0.0000,0.0994,0,0,,,,,,227,
lab,0x00C2B10D20260707,LW_mod2_wht,"X03 rank2_eq1",control,0,14,0,0,0,0,0x00,0x01,0x0000000,0,0.1966,0.0000,0.1977,0,0,,,,,,511,
lab,0x00C2B10D20260707,LG_gf2,"X03 rank2_eq1",control,0,14,0,0,0,0,0xCC,0x69,0x6D783D5,1,0.5023,1.0000,0.4846,0,45,,,,,,1,
lab,0x00C2B10D20260707,L0_tb_argmax,"X03 rank2_eq1",control,0,15,0,0,0,0,0x00,0x02,0x0000000,0,0.2046,0.0000,0.0000,0,0,,,,,,162,
lab,0x00C2B10D20260707,L1_single_up,"X03 rank2_eq1",control,0,15,0,0,0,0,0x01,0x02,0x0000000,0,0.0697,0.0000,0.0000,0,0,,,,,,1016,
lab,0x00C2B10D20260707,L2_pair_up,"X03 rank2_eq1",control,0,15,0,0,0,0,0x03,0x00,0x0000000,0,0.0663,0.0000,0.0000,0,0,,,,,,1792,
lab,0x00C2B10D20260707,L3_gibbs,"X03 rank2_eq1",control,0,15,0,0,0,0,0x02,0x00,0x0000000,0,0.1051,0.0000,0.0754,0,0,,,,,,189,
lab,0x00C2B10D20260707,LW_mod2_wht,"X03 rank2_eq1",control,0,15,0,0,0,0,0x00,0x02,0x0000000,0,0.2046,0.0000,0.2126,0,0,,,,,,511,
lab,0x00C2B10D20260707,LG_gf2,"X03 rank2_eq1",control,0,15,0,0,0,0,0x79,0xA8,0x5BF46D6,1,0.5246,1.0000,0.5263,0,45,,,,,,1,
lab,0x00C2B10D20260707,L0_tb_argmax,"X03 rank2_eq1",control,0,16,0,0,0,0,0x00,0x04,0x0000000,0,0.2131,0.0000,0.0000,0,0,,,,,,162,
lab,0x00C2B10D20260707,L1_single_up,"X03 rank2_eq1",control,0,16,0,0,0,0,0x08,0x75,0x0000000,0,0.0600,0.0000,0.0000,0,0,,,,,,1016,
lab,0x00C2B10D20260707,L2_pair_up,"X03 rank2_eq1",control,0,16,0,0,0,0,0x03,0x2C,0x0000000,0,0.0589,0.0000,0.0000,0,0,,,,,,1792,
lab,0x00C2B10D20260707,L3_gibbs,"X03 rank2_eq1",control,0,16,0,0,0,0,0xEA,0x00,0x0000000,0,0.0120,0.0000,0.0457,0,0,,,,,,218,
lab,0x00C2B10D20260707,LW_mod2_wht,"X03 rank2_eq1",control,0,16,0,0,0,0,0x00,0x04,0x0000000,0,0.2131,0.0000,0.1406,0,0,,,,,,511,
lab,0x00C2B10D20260707,LG_gf2,"X03 rank2_eq1",control,0,16,0,0,0,0,0x6B,0xC8,0xB76080E,1,0.5009,1.0000,0.4880,0,45,,,,,,1,
lab,0x00C2B10D20260707,L0_tb_argmax,"X03 rank2_eq1",control,0,17,0,0,0,0,0x00,0x02,0x0000000,0,0.2017,0.0000,0.0000,0,0,,,,,,162,
lab,0x00C2B10D20260707,L1_single_up,"X03 rank2_eq1",control,0,17,0,0,0,0,0x01,0x02,0x0000000,0,0.0697,0.0000,0.0000,0,0,,,,,,1016,
lab,0x00C2B10D20260707,L2_pair_up,"X03 rank2_eq1",control,0,17,0,0,0,0,0x24,0x13,0x0000000,0,0.0646,0.0000,0.0000,0,0,,,,,,1792,
lab,0x00C2B10D20260707,L3_gibbs,"X03 rank2_eq1",control,0,17,0,0,0,0,0x02,0x00,0x0000000,0,0.1046,0.0000,0.0766,0,0,,,,,,197,
lab,0x00C2B10D20260707,LW_mod2_wht,"X03 rank2_eq1",control,0,17,0,0,0,0,0x00,0x02,0x0000000,0,0.2017,0.0000,0.2183,0,0,,,,,,511,
lab,0x00C2B10D20260707,LG_gf2,"X03 rank2_eq1",control,0,17,0,0,0,0,0xFA,0x2B,0x49E1077,0,0.5046,1.0000,0.5063,0,45,,,,,,1,
lab,0x00C2B10D20260707,L0_tb_argmax,"X03 rank2_eq1",control,0,18,0,0,0,0,0x00,0x02,0x0000000,0,0.2171,0.0000,0.0000,0,0,,,,,,162,
lab,0x00C2B10D20260707,L1_single_up,"X03 rank2_eq1",control,0,18,0,0,0,0,0x01,0x02,0x0000000,0,0.0714,0.0000,0.0000,0,0,,,,,,1016,
lab,0x00C2B10D20260707,L2_pair_up,"X03 rank2_eq1",control,0,18,0,0,0,0,0x03,0x00,0x0000000,0,0.0794,0.0000,0.0000,0,0,,,,,,1792,
lab,0x00C2B10D20260707,L3_gibbs,"X03 rank2_eq1",control,0,18,0,0,0,0,0x02,0x00,0x0000000,0,0.1029,0.0000,0.0800,0,0,,,,,,201,
lab,0x00C2B10D20260707,LW_mod2_wht,"X03 rank2_eq1",control,0,18,0,0,0,0,0x00,0x02,0x0000000,0,0.2171,0.0000,0.1874,0,0,,,,,,511,
lab,0x00C2B10D20260707,LG_gf2,"X03 rank2_eq1",control,0,18,0,0,0,0,0x66,0xCF,0x95D5824,0,0.5203,1.0000,0.5109,0,45,,,,,,1,
lab,0x00C2B10D20260707,L0_tb_argmax,"X03 rank2_eq1",control,0,19,0,0,0,0,0x00,0x02,0x0000000,0,0.2114,0.0000,0.0000,0,0,,,,,,162,
lab,0x00C2B10D20260707,L1_single_up,"X03 rank2_eq1",control,0,19,0,0,0,0,0x01,0x02,0x0000000,0,0.0760,0.0000,0.0000,0,0,,,,,,1016,
lab,0x00C2B10D20260707,L2_pair_up,"X03 rank2_eq1",control,0,19,0,0,0,0,0x60,0x1A,0x0000000,0,0.0606,0.0000,0.0000,0,0,,,,,,1792,
lab,0x00C2B10D20260707,L3_gibbs,"X03 rank2_eq1",control,0,19,0,0,0,0,0x04,0x00,0x0000000,0,0.1217,0.0000,0.1131,0,0,,,,,,217,
lab,0x00C2B10D20260707,LW_mod2_wht,"X03 rank2_eq1",control,0,19,0,0,0,0,0x00,0x02,0x0000000,0,0.2114,0.0000,0.1989,0,0,,,,,,511,
lab,0x00C2B10D20260707,LG_gf2,"X03 rank2_eq1",control,0,19,0,0,0,0,0x39,0x04,0xFDF3694,0,0.5020,1.0000,0.5046,0,45,,,,,,1,
pipeline,0x00C2B10D20260707,revision,"C01 XOR 0x0F",xor_popcount,4,0,0,,,,,,,,0.5006,,,,,,,,,,,
pipeline,0x00C2B10D20260707,revision,"C02 parity XOR 0x33",xor_popcount,4,0,0,,,,,,,,0.4777,,,,,,,,,,,
pipeline,0x00C2B10D20260707,revision,"C03 XOR 0x55",xor_popcount,4,0,0,,,,,,,,0.5000,,,,,,,,,,,
pipeline,0x00C2B10D20260707,revision,"C04 XOR 0xAA",xor_popcount,4,0,0,,,,,,,,0.4926,,,,,,,,,,,
pipeline,0x00C2B10D20260707,revision,"C05 XOR 0x3C",xor_popcount,4,0,0,,,,,,,,0.4651,,,,,,,,,,,
pipeline,0x00C2B10D20260707,revision,"C06 XOR 0x66",xor_popcount,4,0,0,,,,,,,,0.5189,,,,,,,,,,,
pipeline,0x00C2B10D20260707,revision,"C07 XOR 0x99",xor_popcount,4,0,0,,,,,,,,0.5211,,,,,,,,,,,
pipeline,0x00C2B10D20260707,revision,"C08 parity count",mod_synthesis,8,0,1,,,,,,,,1.0000,,,,,,,,,,,
pipeline,0x00C2B10D20260707,revision,"C09 inv parity",pipeline,28,0,0,,,,,,,,0.5160,,,,,,,,,,,
pipeline,0x00C2B10D20260707,revision,"C10 parity XOR 0x0F",xor_popcount,4,0,0,,,,,,,,0.5006,,,,,,,,,,,
pipeline,0x00C2B10D20260707,revision,"C11 XOR 0x37",xor_popcount,5,0,0,,,,,,,,0.4869,,,,,,,,,,,
pipeline,0x00C2B10D20260707,aimed_v1,"C01 XOR 0x0F",xor_popcount,4,0,0,,,,0x31,,,,0.5297,,,,,0.5006,0.5040,-0.0668,novel,0.4831,436,"mono=0x31@0.530;walsh=0xE7@0.523;lens=th2;grown=0x31@0.493"
pipeline,0x00C2B10D20260707,aimed_v1,"C02 parity XOR 0x33",xor_popcount,4,0,0,,,,0xC3,,,,0.5269,,,,,0.4777,0.4777,0.0110,novel,0.1858,444,"mono=0xC2@0.527;walsh=0x05@0.527;lens=th5;grown=0xC3@0.506"
pipeline,0x00C2B10D20260707,aimed_v1,"C03 XOR 0x55",xor_popcount,4,0,0,,,,0x1B,,,,0.5337,,,,,0.5000,0.5011,-0.0761,remix,1.0000,436,"mono=0x1B@0.534;walsh=0x1B@0.537;lens=th3;grown=0x1B@0.537"
pipeline,0x00C2B10D20260707,aimed_v1,"C04 XOR 0xAA",xor_popcount,4,0,1,,,,0xAA,,,,0.5509,,,,,0.4926,1.0000,-0.1170,novel,0.0692,436,"mono=0xAA@0.551;walsh=0x35@0.520;lens=mod2;grown=0xAA@1.000"
pipeline,0x00C2B10D20260707,aimed_v1,"C05 XOR 0x3C",xor_popcount,4,0,0,,,,0x0E,,,,0.5229,,,,,0.4651,0.4640,0.0786,novel,0.2722,436,"mono=0x0E@0.523;walsh=0x4E@0.510;lens=th1;grown=0x0E@0.497"
pipeline,0x00C2B10D20260707,aimed_v1,"C06 XOR 0x66",xor_popcount,4,0,1,,,,0x66,,,,0.5326,,,,,0.5189,1.0000,-0.0315,novel,0.0246,436,"mono=0x66@0.533;walsh=0x63@0.531;lens=mod2;grown=0x66@1.000"
pipeline,0x00C2B10D20260707,aimed_v1,"C07 XOR 0x99",xor_popcount,4,0,0,,,,0x8D,,,,0.5297,,,,,0.5211,0.5046,-0.0453,novel,0.5856,436,"mono=0x8D@0.530;walsh=0x32@0.525;lens=th3;grown=0x8D@0.524"
pipeline,0x00C2B10D20260707,aimed_v1,"C09 inv parity",pipeline,28,0,0,,,,0xAA,,,,0.5309,,,,,0.5160,0.5189,-0.0090,novel,0.1693,436,"mono=0xAA@0.531;walsh=0xC8@0.530;lens=th1;grown=0xAA@0.498"
pipeline,0x00C2B10D20260707,aimed_v1,"C10 parity XOR 0x0F",xor_popcount,4,0,0,,,,0x31,,,,0.5297,,,,,0.5006,0.5040,-0.0668,novel,0.4831,436,"mono=0x31@0.530;walsh=0xE7@0.523;lens=th2;grown=0x31@0.493"
pipeline,0x00C2B10D20260707,aimed_v1,"C11 XOR 0x37",xor_popcount,5,0,0,,,,0x63,,,,0.5326,,,,,0.4869,0.4886,-0.0463,novel,0.5929,436,"mono=0x63@0.533;walsh=0xB8@0.533;lens=th3;grown=0x63@0.529"
pipeline,0x00C2B10D20260707,aimed_v2,"C01 XOR 0x0F",xor_popcount,4,0,1,1,,,0x0F,0x00,0x0000000,0,,,1.0000,1,45,0.5006,1.0000,-0.0525,novel,0.0326,421,"route=gf2;exact=1"
pipeline,0x00C2B10D20260707,aimed_v2,"C02 parity XOR 0x33",xor_popcount,4,0,1,1,,,0x33,0x00,0x0000000,0,,,1.0000,1,45,0.4777,1.0000,-0.0917,novel,0.0498,421,"route=gf2;exact=1"
pipeline,0x00C2B10D20260707,aimed_v2,"C03 XOR 0x55",xor_popcount,4,0,1,1,,,0x55,0x00,0x0000000,0,,,1.0000,1,45,0.5000,1.0000,-0.0835,novel,0.0559,421,"route=gf2;exact=1"
pipeline,0x00C2B10D20260707,aimed_v2,"C04 XOR 0xAA",xor_popcount,4,0,1,1,,,0xAA,0x00,0x0000000,0,,,1.0000,1,45,0.4926,1.0000,-0.1170,novel,0.0692,421,"route=gf2;exact=1"
pipeline,0x00C2B10D20260707,aimed_v2,"C05 XOR 0x3C",xor_popcount,4,0,1,1,,,0x3C,0x00,0x0000000,0,,,1.0000,1,45,0.4651,1.0000,-0.1874,novel,0.0831,421,"route=gf2;exact=1"
pipeline,0x00C2B10D20260707,aimed_v2,"C06 XOR 0x66",xor_popcount,4,0,1,1,,,0x66,0x00,0x0000000,0,,,1.0000,1,45,0.5189,1.0000,-0.0315,novel,0.0326,421,"route=gf2;exact=1"
pipeline,0x00C2B10D20260707,aimed_v2,"C07 XOR 0x99",xor_popcount,4,0,1,1,,,0x99,0x00,0x0000000,0,,,1.0000,1,45,0.5211,1.0000,-0.0197,novel,0.0324,421,"route=gf2;exact=1"
pipeline,0x00C2B10D20260707,aimed_v2,"C09 inv parity",pipeline,28,0,1,1,,,0x00,0x00,0xFFFFFFF,0,,,1.0000,1,45,0.5160,1.0000,-0.0422,novel,0.0580,421,"route=gf2;exact=1"
pipeline,0x00C2B10D20260707,aimed_v2,"C10 parity XOR 0x0F",xor_popcount,4,0,1,1,,,0x0F,0x00,0x0000000,0,,,1.0000,1,45,0.5006,1.0000,-0.0525,novel,0.0326,421,"route=gf2;exact=1"
pipeline,0x00C2B10D20260707,aimed_v2,"C11 XOR 0x37",xor_popcount,5,0,1,1,,,0x37,0x00,0x0000000,0,,,1.0000,1,45,0.4869,1.0000,-0.0281,novel,0.0426,421,"route=gf2;exact=1"
