condition,arm,trial,candidate_evaluations,train_accuracy,validation_accuracy,chosen_validation,chosen_test,blind_exact_rate,base_rate,detail
singleton_p3_m3_r1,candidate,0,1,0.4460,0.4440,,,,,mask=0x01;m=2;r=0
singleton_p3_m3_r1,candidate,1,1,0.5540,0.5560,,,,,mask=0x01;m=2;r=1
singleton_p3_m3_r1,candidate,2,1,0.4910,0.5060,,,,,mask=0x01;m=3;r=0
singleton_p3_m3_r1,candidate,3,1,0.6500,0.5620,,,,,mask=0x01;m=3;r=1
singleton_p3_m3_r1,candidate,4,1,0.5900,0.6220,,,,,mask=0x01;m=3;r=2
singleton_p3_m3_r1,candidate,5,1,0.4530,0.4280,,,,,mask=0x02;m=2;r=0
singleton_p3_m3_r1,candidate,6,1,0.5470,0.5720,,,,,mask=0x02;m=2;r=1
singleton_p3_m3_r1,candidate,7,1,0.5260,0.5180,,,,,mask=0x02;m=3;r=0
singleton_p3_m3_r1,candidate,8,1,0.6140,0.6380,,,,,mask=0x02;m=3;r=1
singleton_p3_m3_r1,candidate,9,1,0.5910,0.5340,,,,,mask=0x02;m=3;r=2
singleton_p3_m3_r1,candidate,10,1,0.4510,0.4640,,,,,mask=0x03;m=2;r=0
singleton_p3_m3_r1,candidate,11,1,0.5490,0.5360,,,,,mask=0x03;m=2;r=1
singleton_p3_m3_r1,candidate,12,1,0.5920,0.5660,,,,,mask=0x03;m=3;r=0
singleton_p3_m3_r1,candidate,13,1,0.5730,0.5760,,,,,mask=0x03;m=3;r=1
singleton_p3_m3_r1,candidate,14,1,0.5660,0.5480,,,,,mask=0x03;m=3;r=2
singleton_p3_m3_r1,candidate,15,1,0.4720,0.4240,,,,,mask=0x04;m=2;r=0
singleton_p3_m3_r1,candidate,16,1,0.5280,0.5760,,,,,mask=0x04;m=2;r=1
singleton_p3_m3_r1,candidate,17,1,0.4980,0.5220,,,,,mask=0x04;m=3;r=0
singleton_p3_m3_r1,candidate,18,1,0.6360,0.5880,,,,,mask=0x04;m=3;r=1
singleton_p3_m3_r1,candidate,19,1,0.5970,0.5800,,,,,mask=0x04;m=3;r=2
singleton_p3_m3_r1,candidate,20,1,0.4860,0.4960,,,,,mask=0x05;m=2;r=0
singleton_p3_m3_r1,candidate,21,1,0.5140,0.5040,,,,,mask=0x05;m=2;r=1
singleton_p3_m3_r1,candidate,22,1,0.5680,0.5700,,,,,mask=0x05;m=3;r=0
singleton_p3_m3_r1,candidate,23,1,0.5740,0.5680,,,,,mask=0x05;m=3;r=1
singleton_p3_m3_r1,candidate,24,1,0.5890,0.5520,,,,,mask=0x05;m=3;r=2
singleton_p3_m3_r1,candidate,25,1,0.4580,0.4580,,,,,mask=0x06;m=2;r=0
singleton_p3_m3_r1,candidate,26,1,0.5420,0.5420,,,,,mask=0x06;m=2;r=1
singleton_p3_m3_r1,candidate,27,1,0.5910,0.5880,,,,,mask=0x06;m=3;r=0
singleton_p3_m3_r1,candidate,28,1,0.5770,0.5300,,,,,mask=0x06;m=3;r=1
singleton_p3_m3_r1,candidate,29,1,0.5630,0.5720,,,,,mask=0x06;m=3;r=2
singleton_p3_m3_r1,candidate,30,1,0.4890,0.4840,,,,,mask=0x07;m=2;r=0
singleton_p3_m3_r1,candidate,31,1,0.5110,0.5160,,,,,mask=0x07;m=2;r=1
singleton_p3_m3_r1,candidate,32,1,0.5550,0.5260,,,,,mask=0x07;m=3;r=0
singleton_p3_m3_r1,candidate,33,1,0.5810,0.5660,,,,,mask=0x07;m=3;r=1
singleton_p3_m3_r1,candidate,34,1,0.5950,0.5980,,,,,mask=0x07;m=3;r=2
singleton_p3_m3_r1,candidate,35,1,0.3880,0.3640,,,,,mask=0x08;m=2;r=0
singleton_p3_m3_r1,candidate,36,1,0.6120,0.6360,,,,,mask=0x08;m=2;r=1
singleton_p3_m3_r1,candidate,37,1,0.2720,0.2240,,,,,mask=0x08;m=3;r=0
singleton_p3_m3_r1,candidate,38,1,1.0000,1.0000,,,,,mask=0x08;m=3;r=1
singleton_p3_m3_r1,candidate,39,1,0.4590,0.4660,,,,,mask=0x08;m=3;r=2
singleton_p3_m3_r1,candidate,40,1,0.4810,0.4660,,,,,mask=0x09;m=2;r=0
singleton_p3_m3_r1,candidate,41,1,0.5190,0.5340,,,,,mask=0x09;m=2;r=1
singleton_p3_m3_r1,candidate,42,1,0.5880,0.5840,,,,,mask=0x09;m=3;r=0
singleton_p3_m3_r1,candidate,43,1,0.5150,0.5340,,,,,mask=0x09;m=3;r=1
singleton_p3_m3_r1,candidate,44,1,0.6280,0.5720,,,,,mask=0x09;m=3;r=2
singleton_p3_m3_r1,candidate,45,1,0.4490,0.4620,,,,,mask=0x0A;m=2;r=0
singleton_p3_m3_r1,candidate,46,1,0.5510,0.5380,,,,,mask=0x0A;m=2;r=1
singleton_p3_m3_r1,candidate,47,1,0.6130,0.6280,,,,,mask=0x0A;m=3;r=0
singleton_p3_m3_r1,candidate,48,1,0.5270,0.5060,,,,,mask=0x0A;m=3;r=1
singleton_p3_m3_r1,candidate,49,1,0.5910,0.5560,,,,,mask=0x0A;m=3;r=2
singleton_p3_m3_r1,candidate,50,1,0.4610,0.4460,,,,,mask=0x0B;m=2;r=0
singleton_p3_m3_r1,candidate,51,1,0.5390,0.5540,,,,,mask=0x0B;m=2;r=1
singleton_p3_m3_r1,candidate,52,1,0.5890,0.5720,,,,,mask=0x0B;m=3;r=0
singleton_p3_m3_r1,candidate,53,1,0.5580,0.5400,,,,,mask=0x0B;m=3;r=1
singleton_p3_m3_r1,candidate,54,1,0.5840,0.5780,,,,,mask=0x0B;m=3;r=2
singleton_p3_m3_r1,candidate,55,1,0.4440,0.5100,,,,,mask=0x0C;m=2;r=0
singleton_p3_m3_r1,candidate,56,1,0.5560,0.4900,,,,,mask=0x0C;m=2;r=1
singleton_p3_m3_r1,candidate,57,1,0.6010,0.5780,,,,,mask=0x0C;m=3;r=0
singleton_p3_m3_r1,candidate,58,1,0.5340,0.5060,,,,,mask=0x0C;m=3;r=1
singleton_p3_m3_r1,candidate,59,1,0.5960,0.6060,,,,,mask=0x0C;m=3;r=2
singleton_p3_m3_r1,candidate,60,1,0.4900,0.4660,,,,,mask=0x0D;m=2;r=0
singleton_p3_m3_r1,candidate,61,1,0.5100,0.5340,,,,,mask=0x0D;m=2;r=1
singleton_p3_m3_r1,candidate,62,1,0.5720,0.5520,,,,,mask=0x0D;m=3;r=0
singleton_p3_m3_r1,candidate,63,1,0.5650,0.5700,,,,,mask=0x0D;m=3;r=1
singleton_p3_m3_r1,candidate,64,1,0.5940,0.5680,,,,,mask=0x0D;m=3;r=2
singleton_p3_m3_r1,candidate,65,1,0.4830,0.4520,,,,,mask=0x0E;m=2;r=0
singleton_p3_m3_r1,candidate,66,1,0.5170,0.5480,,,,,mask=0x0E;m=2;r=1
singleton_p3_m3_r1,candidate,67,1,0.5950,0.5800,,,,,mask=0x0E;m=3;r=0
singleton_p3_m3_r1,candidate,68,1,0.5720,0.5620,,,,,mask=0x0E;m=3;r=1
singleton_p3_m3_r1,candidate,69,1,0.5640,0.5480,,,,,mask=0x0E;m=3;r=2
singleton_p3_m3_r1,candidate,70,1,0.4900,0.4780,,,,,mask=0x0F;m=2;r=0
singleton_p3_m3_r1,candidate,71,1,0.5100,0.5220,,,,,mask=0x0F;m=2;r=1
singleton_p3_m3_r1,candidate,72,1,0.5530,0.5200,,,,,mask=0x0F;m=3;r=0
singleton_p3_m3_r1,candidate,73,1,0.5970,0.5960,,,,,mask=0x0F;m=3;r=1
singleton_p3_m3_r1,candidate,74,1,0.5810,0.5740,,,,,mask=0x0F;m=3;r=2
singleton_p3_m3_r1,candidate,75,1,0.4490,0.4580,,,,,mask=0x10;m=2;r=0
singleton_p3_m3_r1,candidate,76,1,0.5510,0.5420,,,,,mask=0x10;m=2;r=1
singleton_p3_m3_r1,candidate,77,1,0.5010,0.4940,,,,,mask=0x10;m=3;r=0
singleton_p3_m3_r1,candidate,78,1,0.6500,0.5940,,,,,mask=0x10;m=3;r=1
singleton_p3_m3_r1,candidate,79,1,0.5800,0.6020,,,,,mask=0x10;m=3;r=2
singleton_p3_m3_r1,candidate,80,1,0.4510,0.4600,,,,,mask=0x11;m=2;r=0
singleton_p3_m3_r1,candidate,81,1,0.5490,0.5400,,,,,mask=0x11;m=2;r=1
singleton_p3_m3_r1,candidate,82,1,0.5660,0.5380,,,,,mask=0x11;m=3;r=0
singleton_p3_m3_r1,candidate,83,1,0.5840,0.5840,,,,,mask=0x11;m=3;r=1
singleton_p3_m3_r1,candidate,84,1,0.5810,0.5680,,,,,mask=0x11;m=3;r=2
singleton_p3_m3_r1,candidate,85,1,0.4360,0.4220,,,,,mask=0x12;m=2;r=0
singleton_p3_m3_r1,candidate,86,1,0.5640,0.5780,,,,,mask=0x12;m=2;r=1
singleton_p3_m3_r1,candidate,87,1,0.5830,0.5860,,,,,mask=0x12;m=3;r=0
singleton_p3_m3_r1,candidate,88,1,0.5630,0.5500,,,,,mask=0x12;m=3;r=1
singleton_p3_m3_r1,candidate,89,1,0.5850,0.5540,,,,,mask=0x12;m=3;r=2
singleton_p3_m3_r1,candidate,90,1,0.4790,0.4940,,,,,mask=0x13;m=2;r=0
singleton_p3_m3_r1,candidate,91,1,0.5210,0.5060,,,,,mask=0x13;m=2;r=1
singleton_p3_m3_r1,candidate,92,1,0.5530,0.5480,,,,,mask=0x13;m=3;r=0
singleton_p3_m3_r1,candidate,93,1,0.5830,0.5640,,,,,mask=0x13;m=3;r=1
singleton_p3_m3_r1,candidate,94,1,0.5950,0.5780,,,,,mask=0x13;m=3;r=2
singleton_p3_m3_r1,candidate,95,1,0.4400,0.4760,,,,,mask=0x14;m=2;r=0
singleton_p3_m3_r1,candidate,96,1,0.5600,0.5240,,,,,mask=0x14;m=2;r=1
singleton_p3_m3_r1,candidate,97,1,0.5940,0.5460,,,,,mask=0x14;m=3;r=0
singleton_p3_m3_r1,candidate,98,1,0.5510,0.5680,,,,,mask=0x14;m=3;r=1
singleton_p3_m3_r1,candidate,99,1,0.5860,0.5760,,,,,mask=0x14;m=3;r=2
singleton_p3_m3_r1,candidate,100,1,0.5030,0.5040,,,,,mask=0x15;m=2;r=0
singleton_p3_m3_r1,candidate,101,1,0.4970,0.4960,,,,,mask=0x15;m=2;r=1
singleton_p3_m3_r1,candidate,102,1,0.5390,0.5800,,,,,mask=0x15;m=3;r=0
singleton_p3_m3_r1,candidate,103,1,0.6050,0.5460,,,,,mask=0x15;m=3;r=1
singleton_p3_m3_r1,candidate,104,1,0.5870,0.5640,,,,,mask=0x15;m=3;r=2
singleton_p3_m3_r1,candidate,105,1,0.4690,0.4760,,,,,mask=0x16;m=2;r=0
singleton_p3_m3_r1,candidate,106,1,0.5310,0.5240,,,,,mask=0x16;m=2;r=1
singleton_p3_m3_r1,candidate,107,1,0.5430,0.5560,,,,,mask=0x16;m=3;r=0
singleton_p3_m3_r1,candidate,108,1,0.6070,0.5660,,,,,mask=0x16;m=3;r=1
singleton_p3_m3_r1,candidate,109,1,0.5810,0.5680,,,,,mask=0x16;m=3;r=2
singleton_p3_m3_r1,candidate,110,1,0.4650,0.4580,,,,,mask=0x17;m=2;r=0
singleton_p3_m3_r1,candidate,111,1,0.5350,0.5420,,,,,mask=0x17;m=2;r=1
singleton_p3_m3_r1,candidate,112,1,0.5640,0.5280,,,,,mask=0x17;m=3;r=0
singleton_p3_m3_r1,candidate,113,1,0.5820,0.5580,,,,,mask=0x17;m=3;r=1
singleton_p3_m3_r1,candidate,114,1,0.5850,0.6040,,,,,mask=0x17;m=3;r=2
singleton_p3_m3_r1,candidate,115,1,0.4560,0.4580,,,,,mask=0x18;m=2;r=0
singleton_p3_m3_r1,candidate,116,1,0.5440,0.5420,,,,,mask=0x18;m=2;r=1
singleton_p3_m3_r1,candidate,117,1,0.6230,0.5980,,,,,mask=0x18;m=3;r=0
singleton_p3_m3_r1,candidate,118,1,0.5120,0.5020,,,,,mask=0x18;m=3;r=1
singleton_p3_m3_r1,candidate,119,1,0.5960,0.5900,,,,,mask=0x18;m=3;r=2
singleton_p3_m3_r1,candidate,120,1,0.4780,0.4320,,,,,mask=0x19;m=2;r=0
singleton_p3_m3_r1,candidate,121,1,0.5220,0.5680,,,,,mask=0x19;m=2;r=1
singleton_p3_m3_r1,candidate,122,1,0.5830,0.5520,,,,,mask=0x19;m=3;r=0
singleton_p3_m3_r1,candidate,123,1,0.5630,0.5540,,,,,mask=0x19;m=3;r=1
singleton_p3_m3_r1,candidate,124,1,0.5850,0.5840,,,,,mask=0x19;m=3;r=2
singleton_p3_m3_r1,candidate,125,1,0.4640,0.4380,,,,,mask=0x1A;m=2;r=0
singleton_p3_m3_r1,candidate,126,1,0.5360,0.5620,,,,,mask=0x1A;m=2;r=1
singleton_p3_m3_r1,candidate,127,1,0.5880,0.5760,,,,,mask=0x1A;m=3;r=0
singleton_p3_m3_r1,candidate,128,1,0.5670,0.5520,,,,,mask=0x1A;m=3;r=1
singleton_p3_m3_r1,candidate,129,1,0.5760,0.5620,,,,,mask=0x1A;m=3;r=2
singleton_p3_m3_r1,candidate,130,1,0.4610,0.4740,,,,,mask=0x1B;m=2;r=0
singleton_p3_m3_r1,candidate,131,1,0.5390,0.5260,,,,,mask=0x1B;m=2;r=1
singleton_p3_m3_r1,candidate,132,1,0.5220,0.5420,,,,,mask=0x1B;m=3;r=0
singleton_p3_m3_r1,candidate,133,1,0.6230,0.5840,,,,,mask=0x1B;m=3;r=1
singleton_p3_m3_r1,candidate,134,1,0.5860,0.5640,,,,,mask=0x1B;m=3;r=2
singleton_p3_m3_r1,candidate,135,1,0.4580,0.4520,,,,,mask=0x1C;m=2;r=0
singleton_p3_m3_r1,candidate,136,1,0.5420,0.5480,,,,,mask=0x1C;m=2;r=1
singleton_p3_m3_r1,candidate,137,1,0.6070,0.5920,,,,,mask=0x1C;m=3;r=0
singleton_p3_m3_r1,candidate,138,1,0.5590,0.5620,,,,,mask=0x1C;m=3;r=1
singleton_p3_m3_r1,candidate,139,1,0.5650,0.5360,,,,,mask=0x1C;m=3;r=2
singleton_p3_m3_r1,candidate,140,1,0.4610,0.4720,,,,,mask=0x1D;m=2;r=0
singleton_p3_m3_r1,candidate,141,1,0.5390,0.5280,,,,,mask=0x1D;m=2;r=1
singleton_p3_m3_r1,candidate,142,1,0.5440,0.5240,,,,,mask=0x1D;m=3;r=0
singleton_p3_m3_r1,candidate,143,1,0.6080,0.5720,,,,,mask=0x1D;m=3;r=1
singleton_p3_m3_r1,candidate,144,1,0.5790,0.5940,,,,,mask=0x1D;m=3;r=2
singleton_p3_m3_r1,candidate,145,1,0.4680,0.4800,,,,,mask=0x1E;m=2;r=0
singleton_p3_m3_r1,candidate,146,1,0.5320,0.5200,,,,,mask=0x1E;m=2;r=1
singleton_p3_m3_r1,candidate,147,1,0.5610,0.5020,,,,,mask=0x1E;m=3;r=0
singleton_p3_m3_r1,candidate,148,1,0.6090,0.6200,,,,,mask=0x1E;m=3;r=1
singleton_p3_m3_r1,candidate,149,1,0.5610,0.5680,,,,,mask=0x1E;m=3;r=2
singleton_p3_m3_r1,candidate,150,1,0.4560,0.4700,,,,,mask=0x1F;m=2;r=0
singleton_p3_m3_r1,candidate,151,1,0.5440,0.5300,,,,,mask=0x1F;m=2;r=1
singleton_p3_m3_r1,candidate,152,1,0.5450,0.5460,,,,,mask=0x1F;m=3;r=0
singleton_p3_m3_r1,candidate,153,1,0.5740,0.5600,,,,,mask=0x1F;m=3;r=1
singleton_p3_m3_r1,candidate,154,1,0.6120,0.5840,,,,,mask=0x1F;m=3;r=2
singleton_p3_m3_r1,candidate,155,1,0.4450,0.4700,,,,,mask=0x20;m=2;r=0
singleton_p3_m3_r1,candidate,156,1,0.5550,0.5300,,,,,mask=0x20;m=2;r=1
singleton_p3_m3_r1,candidate,157,1,0.4780,0.5340,,,,,mask=0x20;m=3;r=0
singleton_p3_m3_r1,candidate,158,1,0.6310,0.5800,,,,,mask=0x20;m=3;r=1
singleton_p3_m3_r1,candidate,159,1,0.6220,0.5760,,,,,mask=0x20;m=3;r=2
singleton_p3_m3_r1,candidate,160,1,0.4850,0.4680,,,,,mask=0x21;m=2;r=0
singleton_p3_m3_r1,candidate,161,1,0.5150,0.5320,,,,,mask=0x21;m=2;r=1
singleton_p3_m3_r1,candidate,162,1,0.5780,0.5380,,,,,mask=0x21;m=3;r=0
singleton_p3_m3_r1,candidate,163,1,0.5860,0.5660,,,,,mask=0x21;m=3;r=1
singleton_p3_m3_r1,candidate,164,1,0.5670,0.5860,,,,,mask=0x21;m=3;r=2
singleton_p3_m3_r1,candidate,165,1,0.4720,0.4680,,,,,mask=0x22;m=2;r=0
singleton_p3_m3_r1,candidate,166,1,0.5280,0.5320,,,,,mask=0x22;m=2;r=1
singleton_p3_m3_r1,candidate,167,1,0.5800,0.5340,,,,,mask=0x22;m=3;r=0
singleton_p3_m3_r1,candidate,168,1,0.5900,0.5660,,,,,mask=0x22;m=3;r=1
singleton_p3_m3_r1,candidate,169,1,0.5610,0.5900,,,,,mask=0x22;m=3;r=2
singleton_p3_m3_r1,candidate,170,1,0.4730,0.4560,,,,,mask=0x23;m=2;r=0
singleton_p3_m3_r1,candidate,171,1,0.5270,0.5440,,,,,mask=0x23;m=2;r=1
singleton_p3_m3_r1,candidate,172,1,0.5850,0.5400,,,,,mask=0x23;m=3;r=0
singleton_p3_m3_r1,candidate,173,1,0.5830,0.5700,,,,,mask=0x23;m=3;r=1
singleton_p3_m3_r1,candidate,174,1,0.5630,0.5800,,,,,mask=0x23;m=3;r=2
singleton_p3_m3_r1,candidate,175,1,0.4350,0.4220,,,,,mask=0x24;m=2;r=0
singleton_p3_m3_r1,candidate,176,1,0.5650,0.5780,,,,,mask=0x24;m=2;r=1
singleton_p3_m3_r1,candidate,177,1,0.5800,0.5520,,,,,mask=0x24;m=3;r=0
singleton_p3_m3_r1,candidate,178,1,0.5780,0.5800,,,,,mask=0x24;m=3;r=1
singleton_p3_m3_r1,candidate,179,1,0.5730,0.5580,,,,,mask=0x24;m=3;r=2
singleton_p3_m3_r1,candidate,180,1,0.4720,0.4660,,,,,mask=0x25;m=2;r=0
singleton_p3_m3_r1,candidate,181,1,0.5280,0.5340,,,,,mask=0x25;m=2;r=1
singleton_p3_m3_r1,candidate,182,1,0.5760,0.5420,,,,,mask=0x25;m=3;r=0
singleton_p3_m3_r1,candidate,183,1,0.5820,0.5680,,,,,mask=0x25;m=3;r=1
singleton_p3_m3_r1,candidate,184,1,0.5730,0.5800,,,,,mask=0x25;m=3;r=2
singleton_p3_m3_r1,candidate,185,1,0.4820,0.4240,,,,,mask=0x26;m=2;r=0
singleton_p3_m3_r1,candidate,186,1,0.5180,0.5760,,,,,mask=0x26;m=2;r=1
singleton_p3_m3_r1,candidate,187,1,0.5560,0.5340,,,,,mask=0x26;m=3;r=0
singleton_p3_m3_r1,candidate,188,1,0.5850,0.5460,,,,,mask=0x26;m=3;r=1
singleton_p3_m3_r1,candidate,189,1,0.5900,0.6100,,,,,mask=0x26;m=3;r=2
singleton_p3_m3_r1,candidate,190,1,0.4960,0.4860,,,,,mask=0x27;m=2;r=0
singleton_p3_m3_r1,candidate,191,1,0.5040,0.5140,,,,,mask=0x27;m=2;r=1
singleton_p3_m3_r1,candidate,192,1,0.5730,0.5540,,,,,mask=0x27;m=3;r=0
singleton_p3_m3_r1,candidate,193,1,0.6140,0.5680,,,,,mask=0x27;m=3;r=1
singleton_p3_m3_r1,candidate,194,1,0.5440,0.5680,,,,,mask=0x27;m=3;r=2
singleton_p3_m3_r1,candidate,195,1,0.4540,0.4300,,,,,mask=0x28;m=2;r=0
singleton_p3_m3_r1,candidate,196,1,0.5460,0.5700,,,,,mask=0x28;m=2;r=1
singleton_p3_m3_r1,candidate,197,1,0.5980,0.5800,,,,,mask=0x28;m=3;r=0
singleton_p3_m3_r1,candidate,198,1,0.5260,0.5180,,,,,mask=0x28;m=3;r=1
singleton_p3_m3_r1,candidate,199,1,0.6070,0.5920,,,,,mask=0x28;m=3;r=2
singleton_p3_m3_r1,candidate,200,1,0.4760,0.4480,,,,,mask=0x29;m=2;r=0
singleton_p3_m3_r1,candidate,201,1,0.5240,0.5520,,,,,mask=0x29;m=2;r=1
singleton_p3_m3_r1,candidate,202,1,0.5830,0.5940,,,,,mask=0x29;m=3;r=0
singleton_p3_m3_r1,candidate,203,1,0.5730,0.5460,,,,,mask=0x29;m=3;r=1
singleton_p3_m3_r1,candidate,204,1,0.5750,0.5500,,,,,mask=0x29;m=3;r=2
singleton_p3_m3_r1,candidate,205,1,0.4600,0.4520,,,,,mask=0x2A;m=2;r=0
singleton_p3_m3_r1,candidate,206,1,0.5400,0.5480,,,,,mask=0x2A;m=2;r=1
singleton_p3_m3_r1,candidate,207,1,0.5580,0.6040,,,,,mask=0x2A;m=3;r=0
singleton_p3_m3_r1,candidate,208,1,0.5780,0.5500,,,,,mask=0x2A;m=3;r=1
singleton_p3_m3_r1,candidate,209,1,0.5950,0.5360,,,,,mask=0x2A;m=3;r=2
singleton_p3_m3_r1,candidate,210,1,0.4530,0.4840,,,,,mask=0x2B;m=2;r=0
singleton_p3_m3_r1,candidate,211,1,0.5470,0.5160,,,,,mask=0x2B;m=2;r=1
singleton_p3_m3_r1,candidate,212,1,0.5370,0.5280,,,,,mask=0x2B;m=3;r=0
singleton_p3_m3_r1,candidate,213,1,0.6200,0.6120,,,,,mask=0x2B;m=3;r=1
singleton_p3_m3_r1,candidate,214,1,0.5740,0.5500,,,,,mask=0x2B;m=3;r=2
singleton_p3_m3_r1,candidate,215,1,0.4710,0.4580,,,,,mask=0x2C;m=2;r=0
singleton_p3_m3_r1,candidate,216,1,0.5290,0.5420,,,,,mask=0x2C;m=2;r=1
singleton_p3_m3_r1,candidate,217,1,0.5550,0.5540,,,,,mask=0x2C;m=3;r=0
singleton_p3_m3_r1,candidate,218,1,0.5770,0.5760,,,,,mask=0x2C;m=3;r=1
singleton_p3_m3_r1,candidate,219,1,0.5990,0.5600,,,,,mask=0x2C;m=3;r=2
singleton_p3_m3_r1,candidate,220,1,0.4640,0.4980,,,,,mask=0x2D;m=2;r=0
singleton_p3_m3_r1,candidate,221,1,0.5360,0.5020,,,,,mask=0x2D;m=2;r=1
singleton_p3_m3_r1,candidate,222,1,0.5150,0.5420,,,,,mask=0x2D;m=3;r=0
singleton_p3_m3_r1,candidate,223,1,0.6410,0.5820,,,,,mask=0x2D;m=3;r=1
singleton_p3_m3_r1,candidate,224,1,0.5750,0.5660,,,,,mask=0x2D;m=3;r=2
singleton_p3_m3_r1,candidate,225,1,0.4770,0.4720,,,,,mask=0x2E;m=2;r=0
singleton_p3_m3_r1,candidate,226,1,0.5230,0.5280,,,,,mask=0x2E;m=2;r=1
singleton_p3_m3_r1,candidate,227,1,0.5240,0.5360,,,,,mask=0x2E;m=3;r=0
singleton_p3_m3_r1,candidate,228,1,0.6380,0.5880,,,,,mask=0x2E;m=3;r=1
singleton_p3_m3_r1,candidate,229,1,0.5690,0.5660,,,,,mask=0x2E;m=3;r=2
singleton_p3_m3_r1,candidate,230,1,0.4750,0.4740,,,,,mask=0x2F;m=2;r=0
singleton_p3_m3_r1,candidate,231,1,0.5250,0.5260,,,,,mask=0x2F;m=2;r=1
singleton_p3_m3_r1,candidate,232,1,0.5830,0.5180,,,,,mask=0x2F;m=3;r=0
singleton_p3_m3_r1,candidate,233,1,0.5440,0.5800,,,,,mask=0x2F;m=3;r=1
singleton_p3_m3_r1,candidate,234,1,0.6040,0.5920,,,,,mask=0x2F;m=3;r=2
singleton_p3_m3_r1,candidate,235,1,0.4590,0.4820,,,,,mask=0x30;m=2;r=0
singleton_p3_m3_r1,candidate,236,1,0.5410,0.5180,,,,,mask=0x30;m=2;r=1
singleton_p3_m3_r1,candidate,237,1,0.5850,0.5980,,,,,mask=0x30;m=3;r=0
singleton_p3_m3_r1,candidate,238,1,0.5660,0.5360,,,,,mask=0x30;m=3;r=1
singleton_p3_m3_r1,candidate,239,1,0.5800,0.5560,,,,,mask=0x30;m=3;r=2
singleton_p3_m3_r1,candidate,240,1,0.4760,0.4600,,,,,mask=0x31;m=2;r=0
singleton_p3_m3_r1,candidate,241,1,0.5240,0.5400,,,,,mask=0x31;m=2;r=1
singleton_p3_m3_r1,candidate,242,1,0.5700,0.5240,,,,,mask=0x31;m=3;r=0
singleton_p3_m3_r1,candidate,243,1,0.5690,0.6060,,,,,mask=0x31;m=3;r=1
singleton_p3_m3_r1,candidate,244,1,0.5920,0.5600,,,,,mask=0x31;m=3;r=2
singleton_p3_m3_r1,candidate,245,1,0.4750,0.4660,,,,,mask=0x32;m=2;r=0
singleton_p3_m3_r1,candidate,246,1,0.5250,0.5340,,,,,mask=0x32;m=2;r=1
singleton_p3_m3_r1,candidate,247,1,0.5530,0.5080,,,,,mask=0x32;m=3;r=0
singleton_p3_m3_r1,candidate,248,1,0.5750,0.5980,,,,,mask=0x32;m=3;r=1
singleton_p3_m3_r1,candidate,249,1,0.6030,0.5840,,,,,mask=0x32;m=3;r=2
singleton_p3_m3_r1,candidate,250,1,0.4670,0.4500,,,,,mask=0x33;m=2;r=0
singleton_p3_m3_r1,candidate,251,1,0.5330,0.5500,,,,,mask=0x33;m=2;r=1
singleton_p3_m3_r1,candidate,252,1,0.5580,0.5400,,,,,mask=0x33;m=3;r=0
singleton_p3_m3_r1,candidate,253,1,0.5750,0.5500,,,,,mask=0x33;m=3;r=1
singleton_p3_m3_r1,candidate,254,1,0.5980,0.6000,,,,,mask=0x33;m=3;r=2
singleton_p3_m3_r1,candidate,255,1,0.4610,0.5100,,,,,mask=0x34;m=2;r=0
singleton_p3_m3_r1,candidate,256,1,0.5390,0.4900,,,,,mask=0x34;m=2;r=1
singleton_p3_m3_r1,candidate,257,1,0.5660,0.5420,,,,,mask=0x34;m=3;r=0
singleton_p3_m3_r1,candidate,258,1,0.5960,0.5540,,,,,mask=0x34;m=3;r=1
singleton_p3_m3_r1,candidate,259,1,0.5690,0.5940,,,,,mask=0x34;m=3;r=2
singleton_p3_m3_r1,candidate,260,1,0.4850,0.4740,,,,,mask=0x35;m=2;r=0
singleton_p3_m3_r1,candidate,261,1,0.5150,0.5260,,,,,mask=0x35;m=2;r=1
singleton_p3_m3_r1,candidate,262,1,0.5570,0.5560,,,,,mask=0x35;m=3;r=0
singleton_p3_m3_r1,candidate,263,1,0.6110,0.5600,,,,,mask=0x35;m=3;r=1
singleton_p3_m3_r1,candidate,264,1,0.5630,0.5740,,,,,mask=0x35;m=3;r=2
singleton_p3_m3_r1,candidate,265,1,0.4530,0.4500,,,,,mask=0x36;m=2;r=0
singleton_p3_m3_r1,candidate,266,1,0.5470,0.5500,,,,,mask=0x36;m=2;r=1
singleton_p3_m3_r1,candidate,267,1,0.5520,0.5540,,,,,mask=0x36;m=3;r=0
singleton_p3_m3_r1,candidate,268,1,0.5930,0.5420,,,,,mask=0x36;m=3;r=1
singleton_p3_m3_r1,candidate,269,1,0.5860,0.5940,,,,,mask=0x36;m=3;r=2
singleton_p3_m3_r1,candidate,270,1,0.4840,0.4800,,,,,mask=0x37;m=2;r=0
singleton_p3_m3_r1,candidate,271,1,0.5160,0.5200,,,,,mask=0x37;m=2;r=1
singleton_p3_m3_r1,candidate,272,1,0.5960,0.5700,,,,,mask=0x37;m=3;r=0
singleton_p3_m3_r1,candidate,273,1,0.5600,0.5360,,,,,mask=0x37;m=3;r=1
singleton_p3_m3_r1,candidate,274,1,0.5750,0.5840,,,,,mask=0x37;m=3;r=2
singleton_p3_m3_r1,candidate,275,1,0.4540,0.4520,,,,,mask=0x38;m=2;r=0
singleton_p3_m3_r1,candidate,276,1,0.5460,0.5480,,,,,mask=0x38;m=2;r=1
singleton_p3_m3_r1,candidate,277,1,0.5860,0.5920,,,,,mask=0x38;m=3;r=0
singleton_p3_m3_r1,candidate,278,1,0.5870,0.5800,,,,,mask=0x38;m=3;r=1
singleton_p3_m3_r1,candidate,279,1,0.5580,0.5180,,,,,mask=0x38;m=3;r=2
singleton_p3_m3_r1,candidate,280,1,0.4610,0.4740,,,,,mask=0x39;m=2;r=0
singleton_p3_m3_r1,candidate,281,1,0.5390,0.5260,,,,,mask=0x39;m=2;r=1
singleton_p3_m3_r1,candidate,282,1,0.5330,0.5480,,,,,mask=0x39;m=3;r=0
singleton_p3_m3_r1,candidate,283,1,0.6390,0.5560,,,,,mask=0x39;m=3;r=1
singleton_p3_m3_r1,candidate,284,1,0.5590,0.5860,,,,,mask=0x39;m=3;r=2
singleton_p3_m3_r1,candidate,285,1,0.4570,0.4680,,,,,mask=0x3A;m=2;r=0
singleton_p3_m3_r1,candidate,286,1,0.5430,0.5320,,,,,mask=0x3A;m=2;r=1
singleton_p3_m3_r1,candidate,287,1,0.5500,0.5080,,,,,mask=0x3A;m=3;r=0
singleton_p3_m3_r1,candidate,288,1,0.6110,0.6040,,,,,mask=0x3A;m=3;r=1
singleton_p3_m3_r1,candidate,289,1,0.5700,0.5780,,,,,mask=0x3A;m=3;r=2
singleton_p3_m3_r1,candidate,290,1,0.4490,0.4440,,,,,mask=0x3B;m=2;r=0
singleton_p3_m3_r1,candidate,291,1,0.5510,0.5560,,,,,mask=0x3B;m=2;r=1
singleton_p3_m3_r1,candidate,292,1,0.5710,0.5640,,,,,mask=0x3B;m=3;r=0
singleton_p3_m3_r1,candidate,293,1,0.5790,0.5460,,,,,mask=0x3B;m=3;r=1
singleton_p3_m3_r1,candidate,294,1,0.5810,0.5800,,,,,mask=0x3B;m=3;r=2
singleton_p3_m3_r1,candidate,295,1,0.4950,0.5040,,,,,mask=0x3C;m=2;r=0
singleton_p3_m3_r1,candidate,296,1,0.5050,0.4960,,,,,mask=0x3C;m=2;r=1
singleton_p3_m3_r1,candidate,297,1,0.5260,0.5080,,,,,mask=0x3C;m=3;r=0
singleton_p3_m3_r1,candidate,298,1,0.6090,0.5820,,,,,mask=0x3C;m=3;r=1
singleton_p3_m3_r1,candidate,299,1,0.5960,0.6000,,,,,mask=0x3C;m=3;r=2
singleton_p3_m3_r1,candidate,300,1,0.4550,0.4720,,,,,mask=0x3D;m=2;r=0
singleton_p3_m3_r1,candidate,301,1,0.5450,0.5280,,,,,mask=0x3D;m=2;r=1
singleton_p3_m3_r1,candidate,302,1,0.5420,0.5680,,,,,mask=0x3D;m=3;r=0
singleton_p3_m3_r1,candidate,303,1,0.5770,0.5580,,,,,mask=0x3D;m=3;r=1
singleton_p3_m3_r1,candidate,304,1,0.6120,0.5640,,,,,mask=0x3D;m=3;r=2
singleton_p3_m3_r1,candidate,305,1,0.4620,0.4600,,,,,mask=0x3E;m=2;r=0
singleton_p3_m3_r1,candidate,306,1,0.5380,0.5400,,,,,mask=0x3E;m=2;r=1
singleton_p3_m3_r1,candidate,307,1,0.5790,0.5480,,,,,mask=0x3E;m=3;r=0
singleton_p3_m3_r1,candidate,308,1,0.5570,0.5600,,,,,mask=0x3E;m=3;r=1
singleton_p3_m3_r1,candidate,309,1,0.5950,0.5820,,,,,mask=0x3E;m=3;r=2
singleton_p3_m3_r1,candidate,310,1,0.4530,0.4500,,,,,mask=0x3F;m=2;r=0
singleton_p3_m3_r1,candidate,311,1,0.5470,0.5500,,,,,mask=0x3F;m=2;r=1
singleton_p3_m3_r1,candidate,312,1,0.6010,0.5700,,,,,mask=0x3F;m=3;r=0
singleton_p3_m3_r1,candidate,313,1,0.5800,0.5560,,,,,mask=0x3F;m=3;r=1
singleton_p3_m3_r1,candidate,314,1,0.5500,0.5640,,,,,mask=0x3F;m=3;r=2
singleton_p3_m3_r1,candidate,315,1,0.4390,0.4700,,,,,mask=0x40;m=2;r=0
singleton_p3_m3_r1,candidate,316,1,0.5610,0.5300,,,,,mask=0x40;m=2;r=1
singleton_p3_m3_r1,candidate,317,1,0.5080,0.5040,,,,,mask=0x40;m=3;r=0
singleton_p3_m3_r1,candidate,318,1,0.6350,0.6080,,,,,mask=0x40;m=3;r=1
singleton_p3_m3_r1,candidate,319,1,0.5880,0.5780,,,,,mask=0x40;m=3;r=2
singleton_p3_m3_r1,candidate,320,1,0.4920,0.4560,,,,,mask=0x41;m=2;r=0
singleton_p3_m3_r1,candidate,321,1,0.5080,0.5440,,,,,mask=0x41;m=2;r=1
singleton_p3_m3_r1,candidate,322,1,0.5910,0.5560,,,,,mask=0x41;m=3;r=0
singleton_p3_m3_r1,candidate,323,1,0.5480,0.5800,,,,,mask=0x41;m=3;r=1
singleton_p3_m3_r1,candidate,324,1,0.5920,0.5540,,,,,mask=0x41;m=3;r=2
singleton_p3_m3_r1,candidate,325,1,0.4510,0.4480,,,,,mask=0x42;m=2;r=0
singleton_p3_m3_r1,candidate,326,1,0.5490,0.5520,,,,,mask=0x42;m=2;r=1
singleton_p3_m3_r1,candidate,327,1,0.5880,0.5480,,,,,mask=0x42;m=3;r=0
singleton_p3_m3_r1,candidate,328,1,0.5860,0.5500,,,,,mask=0x42;m=3;r=1
singleton_p3_m3_r1,candidate,329,1,0.5570,0.5920,,,,,mask=0x42;m=3;r=2
singleton_p3_m3_r1,candidate,330,1,0.4730,0.4440,,,,,mask=0x43;m=2;r=0
singleton_p3_m3_r1,candidate,331,1,0.5270,0.5560,,,,,mask=0x43;m=2;r=1
singleton_p3_m3_r1,candidate,332,1,0.5680,0.4860,,,,,mask=0x43;m=3;r=0
singleton_p3_m3_r1,candidate,333,1,0.5620,0.6040,,,,,mask=0x43;m=3;r=1
singleton_p3_m3_r1,candidate,334,1,0.6010,0.6000,,,,,mask=0x43;m=3;r=2
singleton_p3_m3_r1,candidate,335,1,0.4640,0.4600,,,,,mask=0x44;m=2;r=0
singleton_p3_m3_r1,candidate,336,1,0.5360,0.5400,,,,,mask=0x44;m=2;r=1
singleton_p3_m3_r1,candidate,337,1,0.5870,0.5500,,,,,mask=0x44;m=3;r=0
singleton_p3_m3_r1,candidate,338,1,0.5650,0.5800,,,,,mask=0x44;m=3;r=1
singleton_p3_m3_r1,candidate,339,1,0.5790,0.5600,,,,,mask=0x44;m=3;r=2
singleton_p3_m3_r1,candidate,340,1,0.4480,0.4600,,,,,mask=0x45;m=2;r=0
singleton_p3_m3_r1,candidate,341,1,0.5520,0.5400,,,,,mask=0x45;m=2;r=1
singleton_p3_m3_r1,candidate,342,1,0.5800,0.5860,,,,,mask=0x45;m=3;r=0
singleton_p3_m3_r1,candidate,343,1,0.5980,0.5580,,,,,mask=0x45;m=3;r=1
singleton_p3_m3_r1,candidate,344,1,0.5530,0.5460,,,,,mask=0x45;m=3;r=2
singleton_p3_m3_r1,candidate,345,1,0.5040,0.4540,,,,,mask=0x46;m=2;r=0
singleton_p3_m3_r1,candidate,346,1,0.4960,0.5460,,,,,mask=0x46;m=2;r=1
singleton_p3_m3_r1,candidate,347,1,0.5590,0.5540,,,,,mask=0x46;m=3;r=0
singleton_p3_m3_r1,candidate,348,1,0.5850,0.5580,,,,,mask=0x46;m=3;r=1
singleton_p3_m3_r1,candidate,349,1,0.5870,0.5780,,,,,mask=0x46;m=3;r=2
singleton_p3_m3_r1,candidate,350,1,0.4770,0.4840,,,,,mask=0x47;m=2;r=0
singleton_p3_m3_r1,candidate,351,1,0.5230,0.5160,,,,,mask=0x47;m=2;r=1
singleton_p3_m3_r1,candidate,352,1,0.5770,0.5680,,,,,mask=0x47;m=3;r=0
singleton_p3_m3_r1,candidate,353,1,0.5840,0.5480,,,,,mask=0x47;m=3;r=1
singleton_p3_m3_r1,candidate,354,1,0.5700,0.5740,,,,,mask=0x47;m=3;r=2
singleton_p3_m3_r1,candidate,355,1,0.4760,0.4320,,,,,mask=0x48;m=2;r=0
singleton_p3_m3_r1,candidate,356,1,0.5240,0.5680,,,,,mask=0x48;m=2;r=1
singleton_p3_m3_r1,candidate,357,1,0.5810,0.6080,,,,,mask=0x48;m=3;r=0
singleton_p3_m3_r1,candidate,358,1,0.5170,0.5000,,,,,mask=0x48;m=3;r=1
singleton_p3_m3_r1,candidate,359,1,0.6330,0.5820,,,,,mask=0x48;m=3;r=2
singleton_p3_m3_r1,candidate,360,1,0.4510,0.4460,,,,,mask=0x49;m=2;r=0
singleton_p3_m3_r1,candidate,361,1,0.5490,0.5540,,,,,mask=0x49;m=2;r=1
singleton_p3_m3_r1,candidate,362,1,0.5920,0.5400,,,,,mask=0x49;m=3;r=0
singleton_p3_m3_r1,candidate,363,1,0.5860,0.5880,,,,,mask=0x49;m=3;r=1
singleton_p3_m3_r1,candidate,364,1,0.5530,0.5620,,,,,mask=0x49;m=3;r=2
singleton_p3_m3_r1,candidate,365,1,0.4710,0.4620,,,,,mask=0x4A;m=2;r=0
singleton_p3_m3_r1,candidate,366,1,0.5290,0.5380,,,,,mask=0x4A;m=2;r=1
singleton_p3_m3_r1,candidate,367,1,0.5730,0.5320,,,,,mask=0x4A;m=3;r=0
singleton_p3_m3_r1,candidate,368,1,0.5700,0.5780,,,,,mask=0x4A;m=3;r=1
singleton_p3_m3_r1,candidate,369,1,0.5880,0.5800,,,,,mask=0x4A;m=3;r=2
singleton_p3_m3_r1,candidate,370,1,0.4830,0.4860,,,,,mask=0x4B;m=2;r=0
singleton_p3_m3_r1,candidate,371,1,0.5170,0.5140,,,,,mask=0x4B;m=2;r=1
singleton_p3_m3_r1,candidate,372,1,0.5530,0.5720,,,,,mask=0x4B;m=3;r=0
singleton_p3_m3_r1,candidate,373,1,0.6090,0.5440,,,,,mask=0x4B;m=3;r=1
singleton_p3_m3_r1,candidate,374,1,0.5690,0.5740,,,,,mask=0x4B;m=3;r=2
singleton_p3_m3_r1,candidate,375,1,0.4620,0.4220,,,,,mask=0x4C;m=2;r=0
singleton_p3_m3_r1,candidate,376,1,0.5380,0.5780,,,,,mask=0x4C;m=2;r=1
singleton_p3_m3_r1,candidate,377,1,0.5930,0.6040,,,,,mask=0x4C;m=3;r=0
singleton_p3_m3_r1,candidate,378,1,0.5690,0.5180,,,,,mask=0x4C;m=3;r=1
singleton_p3_m3_r1,candidate,379,1,0.5690,0.5680,,,,,mask=0x4C;m=3;r=2
singleton_p3_m3_r1,candidate,380,1,0.4940,0.5060,,,,,mask=0x4D;m=2;r=0
singleton_p3_m3_r1,candidate,381,1,0.5060,0.4940,,,,,mask=0x4D;m=2;r=1
singleton_p3_m3_r1,candidate,382,1,0.5350,0.5120,,,,,mask=0x4D;m=3;r=0
singleton_p3_m3_r1,candidate,383,1,0.6080,0.5860,,,,,mask=0x4D;m=3;r=1
singleton_p3_m3_r1,candidate,384,1,0.5880,0.5920,,,,,mask=0x4D;m=3;r=2
singleton_p3_m3_r1,candidate,385,1,0.4810,0.4320,,,,,mask=0x4E;m=2;r=0
singleton_p3_m3_r1,candidate,386,1,0.5190,0.5680,,,,,mask=0x4E;m=2;r=1
singleton_p3_m3_r1,candidate,387,1,0.5730,0.5160,,,,,mask=0x4E;m=3;r=0
singleton_p3_m3_r1,candidate,388,1,0.6100,0.6060,,,,,mask=0x4E;m=3;r=1
singleton_p3_m3_r1,candidate,389,1,0.5480,0.5680,,,,,mask=0x4E;m=3;r=2
singleton_p3_m3_r1,candidate,390,1,0.4520,0.4340,,,,,mask=0x4F;m=2;r=0
singleton_p3_m3_r1,candidate,391,1,0.5480,0.5660,,,,,mask=0x4F;m=2;r=1
singleton_p3_m3_r1,candidate,392,1,0.5950,0.5840,,,,,mask=0x4F;m=3;r=0
singleton_p3_m3_r1,candidate,393,1,0.5770,0.5680,,,,,mask=0x4F;m=3;r=1
singleton_p3_m3_r1,candidate,394,1,0.5590,0.5380,,,,,mask=0x4F;m=3;r=2
singleton_p3_m3_r1,candidate,395,1,0.4750,0.4540,,,,,mask=0x50;m=2;r=0
singleton_p3_m3_r1,candidate,396,1,0.5250,0.5460,,,,,mask=0x50;m=2;r=1
singleton_p3_m3_r1,candidate,397,1,0.5720,0.5340,,,,,mask=0x50;m=3;r=0
singleton_p3_m3_r1,candidate,398,1,0.5700,0.5860,,,,,mask=0x50;m=3;r=1
singleton_p3_m3_r1,candidate,399,1,0.5890,0.5700,,,,,mask=0x50;m=3;r=2
singleton_p3_m3_r1,candidate,400,1,0.4730,0.5080,,,,,mask=0x51;m=2;r=0
singleton_p3_m3_r1,candidate,401,1,0.5270,0.4920,,,,,mask=0x51;m=2;r=1
singleton_p3_m3_r1,candidate,402,1,0.5570,0.5620,,,,,mask=0x51;m=3;r=0
singleton_p3_m3_r1,candidate,403,1,0.5930,0.5220,,,,,mask=0x51;m=3;r=1
singleton_p3_m3_r1,candidate,404,1,0.5810,0.6060,,,,,mask=0x51;m=3;r=2
singleton_p3_m3_r1,candidate,405,1,0.4600,0.4500,,,,,mask=0x52;m=2;r=0
singleton_p3_m3_r1,candidate,406,1,0.5400,0.5500,,,,,mask=0x52;m=2;r=1
singleton_p3_m3_r1,candidate,407,1,0.5440,0.5420,,,,,mask=0x52;m=3;r=0
singleton_p3_m3_r1,candidate,408,1,0.5970,0.5620,,,,,mask=0x52;m=3;r=1
singleton_p3_m3_r1,candidate,409,1,0.5900,0.5860,,,,,mask=0x52;m=3;r=2
singleton_p3_m3_r1,candidate,410,1,0.4850,0.4820,,,,,mask=0x53;m=2;r=0
singleton_p3_m3_r1,candidate,411,1,0.5150,0.5180,,,,,mask=0x53;m=2;r=1
singleton_p3_m3_r1,candidate,412,1,0.5620,0.5520,,,,,mask=0x53;m=3;r=0
singleton_p3_m3_r1,candidate,413,1,0.5760,0.5380,,,,,mask=0x53;m=3;r=1
singleton_p3_m3_r1,candidate,414,1,0.5930,0.6000,,,,,mask=0x53;m=3;r=2
singleton_p3_m3_r1,candidate,415,1,0.4640,0.5000,,,,,mask=0x54;m=2;r=0
singleton_p3_m3_r1,candidate,416,1,0.5360,0.5000,,,,,mask=0x54;m=2;r=1
singleton_p3_m3_r1,candidate,417,1,0.5660,0.5540,,,,,mask=0x54;m=3;r=0
singleton_p3_m3_r1,candidate,418,1,0.6010,0.5340,,,,,mask=0x54;m=3;r=1
singleton_p3_m3_r1,candidate,419,1,0.5640,0.6020,,,,,mask=0x54;m=3;r=2
singleton_p3_m3_r1,candidate,420,1,0.4910,0.5000,,,,,mask=0x55;m=2;r=0
singleton_p3_m3_r1,candidate,421,1,0.5090,0.5000,,,,,mask=0x55;m=2;r=1
singleton_p3_m3_r1,candidate,422,1,0.5890,0.5400,,,,,mask=0x55;m=3;r=0
singleton_p3_m3_r1,candidate,423,1,0.5870,0.5880,,,,,mask=0x55;m=3;r=1
singleton_p3_m3_r1,candidate,424,1,0.5550,0.5620,,,,,mask=0x55;m=3;r=2
singleton_p3_m3_r1,candidate,425,1,0.4670,0.4800,,,,,mask=0x56;m=2;r=0
singleton_p3_m3_r1,candidate,426,1,0.5330,0.5200,,,,,mask=0x56;m=2;r=1
singleton_p3_m3_r1,candidate,427,1,0.5660,0.5500,,,,,mask=0x56;m=3;r=0
singleton_p3_m3_r1,candidate,428,1,0.5660,0.5680,,,,,mask=0x56;m=3;r=1
singleton_p3_m3_r1,candidate,429,1,0.5990,0.5720,,,,,mask=0x56;m=3;r=2
singleton_p3_m3_r1,candidate,430,1,0.4810,0.4780,,,,,mask=0x57;m=2;r=0
singleton_p3_m3_r1,candidate,431,1,0.5190,0.5220,,,,,mask=0x57;m=2;r=1
singleton_p3_m3_r1,candidate,432,1,0.5710,0.5560,,,,,mask=0x57;m=3;r=0
singleton_p3_m3_r1,candidate,433,1,0.5620,0.5560,,,,,mask=0x57;m=3;r=1
singleton_p3_m3_r1,candidate,434,1,0.5980,0.5780,,,,,mask=0x57;m=3;r=2
singleton_p3_m3_r1,candidate,435,1,0.4720,0.4500,,,,,mask=0x58;m=2;r=0
singleton_p3_m3_r1,candidate,436,1,0.5280,0.5500,,,,,mask=0x58;m=2;r=1
singleton_p3_m3_r1,candidate,437,1,0.6080,0.5720,,,,,mask=0x58;m=3;r=0
singleton_p3_m3_r1,candidate,438,1,0.5490,0.5820,,,,,mask=0x58;m=3;r=1
singleton_p3_m3_r1,candidate,439,1,0.5740,0.5360,,,,,mask=0x58;m=3;r=2
singleton_p3_m3_r1,candidate,440,1,0.4840,0.4760,,,,,mask=0x59;m=2;r=0
singleton_p3_m3_r1,candidate,441,1,0.5160,0.5240,,,,,mask=0x59;m=2;r=1
singleton_p3_m3_r1,candidate,442,1,0.5460,0.5380,,,,,mask=0x59;m=3;r=0
singleton_p3_m3_r1,candidate,443,1,0.6090,0.5540,,,,,mask=0x59;m=3;r=1
singleton_p3_m3_r1,candidate,444,1,0.5760,0.5980,,,,,mask=0x59;m=3;r=2
singleton_p3_m3_r1,candidate,445,1,0.4640,0.4460,,,,,mask=0x5A;m=2;r=0
singleton_p3_m3_r1,candidate,446,1,0.5360,0.5540,,,,,mask=0x5A;m=2;r=1
singleton_p3_m3_r1,candidate,447,1,0.5690,0.5160,,,,,mask=0x5A;m=3;r=0
singleton_p3_m3_r1,candidate,448,1,0.5840,0.5940,,,,,mask=0x5A;m=3;r=1
singleton_p3_m3_r1,candidate,449,1,0.5780,0.5800,,,,,mask=0x5A;m=3;r=2
singleton_p3_m3_r1,candidate,450,1,0.4750,0.4460,,,,,mask=0x5B;m=2;r=0
singleton_p3_m3_r1,candidate,451,1,0.5250,0.5540,,,,,mask=0x5B;m=2;r=1
singleton_p3_m3_r1,candidate,452,1,0.5470,0.5560,,,,,mask=0x5B;m=3;r=0
singleton_p3_m3_r1,candidate,453,1,0.5650,0.5780,,,,,mask=0x5B;m=3;r=1
singleton_p3_m3_r1,candidate,454,1,0.6190,0.5560,,,,,mask=0x5B;m=3;r=2
singleton_p3_m3_r1,candidate,455,1,0.4900,0.4840,,,,,mask=0x5C;m=2;r=0
singleton_p3_m3_r1,candidate,456,1,0.5100,0.5160,,,,,mask=0x5C;m=2;r=1
singleton_p3_m3_r1,candidate,457,1,0.5540,0.5200,,,,,mask=0x5C;m=3;r=0
singleton_p3_m3_r1,candidate,458,1,0.5890,0.6080,,,,,mask=0x5C;m=3;r=1
singleton_p3_m3_r1,candidate,459,1,0.5880,0.5620,,,,,mask=0x5C;m=3;r=2
singleton_p3_m3_r1,candidate,460,1,0.4730,0.4560,,,,,mask=0x5D;m=2;r=0
singleton_p3_m3_r1,candidate,461,1,0.5270,0.5440,,,,,mask=0x5D;m=2;r=1
singleton_p3_m3_r1,candidate,462,1,0.5890,0.5420,,,,,mask=0x5D;m=3;r=0
singleton_p3_m3_r1,candidate,463,1,0.5660,0.5920,,,,,mask=0x5D;m=3;r=1
singleton_p3_m3_r1,candidate,464,1,0.5760,0.5560,,,,,mask=0x5D;m=3;r=2
singleton_p3_m3_r1,candidate,465,1,0.4680,0.4880,,,,,mask=0x5E;m=2;r=0
singleton_p3_m3_r1,candidate,466,1,0.5320,0.5120,,,,,mask=0x5E;m=2;r=1
singleton_p3_m3_r1,candidate,467,1,0.5780,0.5080,,,,,mask=0x5E;m=3;r=0
singleton_p3_m3_r1,candidate,468,1,0.5580,0.5840,,,,,mask=0x5E;m=3;r=1
singleton_p3_m3_r1,candidate,469,1,0.5950,0.5980,,,,,mask=0x5E;m=3;r=2
singleton_p3_m3_r1,candidate,470,1,0.4600,0.4940,,,,,mask=0x5F;m=2;r=0
singleton_p3_m3_r1,candidate,471,1,0.5400,0.5060,,,,,mask=0x5F;m=2;r=1
singleton_p3_m3_r1,candidate,472,1,0.5790,0.5660,,,,,mask=0x5F;m=3;r=0
singleton_p3_m3_r1,candidate,473,1,0.6040,0.5300,,,,,mask=0x5F;m=3;r=1
singleton_p3_m3_r1,candidate,474,1,0.5480,0.5940,,,,,mask=0x5F;m=3;r=2
singleton_p3_m3_r1,candidate,475,1,0.4690,0.4680,,,,,mask=0x60;m=2;r=0
singleton_p3_m3_r1,candidate,476,1,0.5310,0.5320,,,,,mask=0x60;m=2;r=1
singleton_p3_m3_r1,candidate,477,1,0.5610,0.5800,,,,,mask=0x60;m=3;r=0
singleton_p3_m3_r1,candidate,478,1,0.5880,0.5600,,,,,mask=0x60;m=3;r=1
singleton_p3_m3_r1,candidate,479,1,0.5820,0.5500,,,,,mask=0x60;m=3;r=2
singleton_p3_m3_r1,candidate,480,1,0.4890,0.4940,,,,,mask=0x61;m=2;r=0
singleton_p3_m3_r1,candidate,481,1,0.5110,0.5060,,,,,mask=0x61;m=2;r=1
singleton_p3_m3_r1,candidate,482,1,0.5740,0.5000,,,,,mask=0x61;m=3;r=0
singleton_p3_m3_r1,candidate,483,1,0.5860,0.5860,,,,,mask=0x61;m=3;r=1
singleton_p3_m3_r1,candidate,484,1,0.5710,0.6040,,,,,mask=0x61;m=3;r=2
singleton_p3_m3_r1,candidate,485,1,0.4440,0.4540,,,,,mask=0x62;m=2;r=0
singleton_p3_m3_r1,candidate,486,1,0.5560,0.5460,,,,,mask=0x62;m=2;r=1
singleton_p3_m3_r1,candidate,487,1,0.5700,0.5020,,,,,mask=0x62;m=3;r=0
singleton_p3_m3_r1,candidate,488,1,0.5730,0.6080,,,,,mask=0x62;m=3;r=1
singleton_p3_m3_r1,candidate,489,1,0.5880,0.5800,,,,,mask=0x62;m=3;r=2
singleton_p3_m3_r1,candidate,490,1,0.4830,0.4660,,,,,mask=0x63;m=2;r=0
singleton_p3_m3_r1,candidate,491,1,0.5170,0.5340,,,,,mask=0x63;m=2;r=1
singleton_p3_m3_r1,candidate,492,1,0.5770,0.5520,,,,,mask=0x63;m=3;r=0
singleton_p3_m3_r1,candidate,493,1,0.5810,0.5520,,,,,mask=0x63;m=3;r=1
singleton_p3_m3_r1,candidate,494,1,0.5730,0.5860,,,,,mask=0x63;m=3;r=2
singleton_p3_m3_r1,candidate,495,1,0.4690,0.4960,,,,,mask=0x64;m=2;r=0
singleton_p3_m3_r1,candidate,496,1,0.5310,0.5040,,,,,mask=0x64;m=2;r=1
singleton_p3_m3_r1,candidate,497,1,0.5720,0.5400,,,,,mask=0x64;m=3;r=0
singleton_p3_m3_r1,candidate,498,1,0.5830,0.5560,,,,,mask=0x64;m=3;r=1
singleton_p3_m3_r1,candidate,499,1,0.5760,0.5940,,,,,mask=0x64;m=3;r=2
singleton_p3_m3_r1,candidate,500,1,0.5080,0.4840,,,,,mask=0x65;m=2;r=0
singleton_p3_m3_r1,candidate,501,1,0.4920,0.5160,,,,,mask=0x65;m=2;r=1
singleton_p3_m3_r1,candidate,502,1,0.5640,0.5780,,,,,mask=0x65;m=3;r=0
singleton_p3_m3_r1,candidate,503,1,0.5780,0.5600,,,,,mask=0x65;m=3;r=1
singleton_p3_m3_r1,candidate,504,1,0.5890,0.5520,,,,,mask=0x65;m=3;r=2
singleton_p3_m3_r1,candidate,505,1,0.5060,0.4380,,,,,mask=0x66;m=2;r=0
singleton_p3_m3_r1,candidate,506,1,0.4940,0.5620,,,,,mask=0x66;m=2;r=1
singleton_p3_m3_r1,candidate,507,1,0.5570,0.5320,,,,,mask=0x66;m=3;r=0
singleton_p3_m3_r1,candidate,508,1,0.5950,0.5760,,,,,mask=0x66;m=3;r=1
singleton_p3_m3_r1,candidate,509,1,0.5790,0.5820,,,,,mask=0x66;m=3;r=2
singleton_p3_m3_r1,candidate,510,1,0.4960,0.4560,,,,,mask=0x67;m=2;r=0
singleton_p3_m3_r1,candidate,511,1,0.5040,0.5440,,,,,mask=0x67;m=2;r=1
singleton_p3_m3_r1,candidate,512,1,0.5840,0.5660,,,,,mask=0x67;m=3;r=0
singleton_p3_m3_r1,candidate,513,1,0.5810,0.5680,,,,,mask=0x67;m=3;r=1
singleton_p3_m3_r1,candidate,514,1,0.5660,0.5560,,,,,mask=0x67;m=3;r=2
singleton_p3_m3_r1,candidate,515,1,0.4560,0.4160,,,,,mask=0x68;m=2;r=0
singleton_p3_m3_r1,candidate,516,1,0.5440,0.5840,,,,,mask=0x68;m=2;r=1
singleton_p3_m3_r1,candidate,517,1,0.6030,0.5380,,,,,mask=0x68;m=3;r=0
singleton_p3_m3_r1,candidate,518,1,0.5720,0.5700,,,,,mask=0x68;m=3;r=1
singleton_p3_m3_r1,candidate,519,1,0.5560,0.5820,,,,,mask=0x68;m=3;r=2
singleton_p3_m3_r1,candidate,520,1,0.4860,0.4740,,,,,mask=0x69;m=2;r=0
singleton_p3_m3_r1,candidate,521,1,0.5140,0.5260,,,,,mask=0x69;m=2;r=1
singleton_p3_m3_r1,candidate,522,1,0.5420,0.5300,,,,,mask=0x69;m=3;r=0
singleton_p3_m3_r1,candidate,523,1,0.6250,0.5740,,,,,mask=0x69;m=3;r=1
singleton_p3_m3_r1,candidate,524,1,0.5640,0.5860,,,,,mask=0x69;m=3;r=2
singleton_p3_m3_r1,candidate,525,1,0.4400,0.4540,,,,,mask=0x6A;m=2;r=0
singleton_p3_m3_r1,candidate,526,1,0.5600,0.5460,,,,,mask=0x6A;m=2;r=1
singleton_p3_m3_r1,candidate,527,1,0.5480,0.5260,,,,,mask=0x6A;m=3;r=0
singleton_p3_m3_r1,candidate,528,1,0.6020,0.5740,,,,,mask=0x6A;m=3;r=1
singleton_p3_m3_r1,candidate,529,1,0.5810,0.5900,,,,,mask=0x6A;m=3;r=2
singleton_p3_m3_r1,candidate,530,1,0.4650,0.4700,,,,,mask=0x6B;m=2;r=0
singleton_p3_m3_r1,candidate,531,1,0.5350,0.5300,,,,,mask=0x6B;m=2;r=1
singleton_p3_m3_r1,candidate,532,1,0.5620,0.5660,,,,,mask=0x6B;m=3;r=0
singleton_p3_m3_r1,candidate,533,1,0.5840,0.5460,,,,,mask=0x6B;m=3;r=1
singleton_p3_m3_r1,candidate,534,1,0.5850,0.5780,,,,,mask=0x6B;m=3;r=2
singleton_p3_m3_r1,candidate,535,1,0.4790,0.4440,,,,,mask=0x6C;m=2;r=0
singleton_p3_m3_r1,candidate,536,1,0.5210,0.5560,,,,,mask=0x6C;m=2;r=1
singleton_p3_m3_r1,candidate,537,1,0.5650,0.4780,,,,,mask=0x6C;m=3;r=0
singleton_p3_m3_r1,candidate,538,1,0.5810,0.6180,,,,,mask=0x6C;m=3;r=1
singleton_p3_m3_r1,candidate,539,1,0.5850,0.5940,,,,,mask=0x6C;m=3;r=2
singleton_p3_m3_r1,candidate,540,1,0.4680,0.4760,,,,,mask=0x6D;m=2;r=0
singleton_p3_m3_r1,candidate,541,1,0.5320,0.5240,,,,,mask=0x6D;m=2;r=1
singleton_p3_m3_r1,candidate,542,1,0.5630,0.5240,,,,,mask=0x6D;m=3;r=0
singleton_p3_m3_r1,candidate,543,1,0.5730,0.5540,,,,,mask=0x6D;m=3;r=1
singleton_p3_m3_r1,candidate,544,1,0.5950,0.6120,,,,,mask=0x6D;m=3;r=2
singleton_p3_m3_r1,candidate,545,1,0.4770,0.4380,,,,,mask=0x6E;m=2;r=0
singleton_p3_m3_r1,candidate,546,1,0.5230,0.5620,,,,,mask=0x6E;m=2;r=1
singleton_p3_m3_r1,candidate,547,1,0.5760,0.5600,,,,,mask=0x6E;m=3;r=0
singleton_p3_m3_r1,candidate,548,1,0.5750,0.5820,,,,,mask=0x6E;m=3;r=1
singleton_p3_m3_r1,candidate,549,1,0.5800,0.5480,,,,,mask=0x6E;m=3;r=2
singleton_p3_m3_r1,candidate,550,1,0.4470,0.4880,,,,,mask=0x6F;m=2;r=0
singleton_p3_m3_r1,candidate,551,1,0.5530,0.5120,,,,,mask=0x6F;m=2;r=1
singleton_p3_m3_r1,candidate,552,1,0.5710,0.5400,,,,,mask=0x6F;m=3;r=0
singleton_p3_m3_r1,candidate,553,1,0.5710,0.5700,,,,,mask=0x6F;m=3;r=1
singleton_p3_m3_r1,candidate,554,1,0.5890,0.5800,,,,,mask=0x6F;m=3;r=2
singleton_p3_m3_r1,candidate,555,1,0.4770,0.4840,,,,,mask=0x70;m=2;r=0
singleton_p3_m3_r1,candidate,556,1,0.5230,0.5160,,,,,mask=0x70;m=2;r=1
singleton_p3_m3_r1,candidate,557,1,0.5540,0.5160,,,,,mask=0x70;m=3;r=0
singleton_p3_m3_r1,candidate,558,1,0.5840,0.5620,,,,,mask=0x70;m=3;r=1
singleton_p3_m3_r1,candidate,559,1,0.5930,0.6120,,,,,mask=0x70;m=3;r=2
singleton_p3_m3_r1,candidate,560,1,0.4660,0.4780,,,,,mask=0x71;m=2;r=0
singleton_p3_m3_r1,candidate,561,1,0.5340,0.5220,,,,,mask=0x71;m=2;r=1
singleton_p3_m3_r1,candidate,562,1,0.5440,0.5280,,,,,mask=0x71;m=3;r=0
singleton_p3_m3_r1,candidate,563,1,0.5840,0.5600,,,,,mask=0x71;m=3;r=1
singleton_p3_m3_r1,candidate,564,1,0.6030,0.6020,,,,,mask=0x71;m=3;r=2
singleton_p3_m3_r1,candidate,565,1,0.4650,0.4520,,,,,mask=0x72;m=2;r=0
singleton_p3_m3_r1,candidate,566,1,0.5350,0.5480,,,,,mask=0x72;m=2;r=1
singleton_p3_m3_r1,candidate,567,1,0.5610,0.5600,,,,,mask=0x72;m=3;r=0
singleton_p3_m3_r1,candidate,568,1,0.5890,0.5380,,,,,mask=0x72;m=3;r=1
singleton_p3_m3_r1,candidate,569,1,0.5810,0.5920,,,,,mask=0x72;m=3;r=2
singleton_p3_m3_r1,candidate,570,1,0.4730,0.4880,,,,,mask=0x73;m=2;r=0
singleton_p3_m3_r1,candidate,571,1,0.5270,0.5120,,,,,mask=0x73;m=2;r=1
singleton_p3_m3_r1,candidate,572,1,0.5610,0.5480,,,,,mask=0x73;m=3;r=0
singleton_p3_m3_r1,candidate,573,1,0.5820,0.5220,,,,,mask=0x73;m=3;r=1
singleton_p3_m3_r1,candidate,574,1,0.5880,0.6200,,,,,mask=0x73;m=3;r=2
singleton_p3_m3_r1,candidate,575,1,0.4870,0.4680,,,,,mask=0x74;m=2;r=0
singleton_p3_m3_r1,candidate,576,1,0.5130,0.5320,,,,,mask=0x74;m=2;r=1
singleton_p3_m3_r1,candidate,577,1,0.5680,0.5680,,,,,mask=0x74;m=3;r=0
singleton_p3_m3_r1,candidate,578,1,0.5820,0.5680,,,,,mask=0x74;m=3;r=1
singleton_p3_m3_r1,candidate,579,1,0.5810,0.5540,,,,,mask=0x74;m=3;r=2
singleton_p3_m3_r1,candidate,580,1,0.4990,0.4800,,,,,mask=0x75;m=2;r=0
singleton_p3_m3_r1,candidate,581,1,0.5010,0.5200,,,,,mask=0x75;m=2;r=1
singleton_p3_m3_r1,candidate,582,1,0.5540,0.5580,,,,,mask=0x75;m=3;r=0
singleton_p3_m3_r1,candidate,583,1,0.5870,0.5600,,,,,mask=0x75;m=3;r=1
singleton_p3_m3_r1,candidate,584,1,0.5900,0.5720,,,,,mask=0x75;m=3;r=2
singleton_p3_m3_r1,candidate,585,1,0.4710,0.5040,,,,,mask=0x76;m=2;r=0
singleton_p3_m3_r1,candidate,586,1,0.5290,0.4960,,,,,mask=0x76;m=2;r=1
singleton_p3_m3_r1,candidate,587,1,0.5750,0.5120,,,,,mask=0x76;m=3;r=0
singleton_p3_m3_r1,candidate,588,1,0.5600,0.6160,,,,,mask=0x76;m=3;r=1
singleton_p3_m3_r1,candidate,589,1,0.5960,0.5620,,,,,mask=0x76;m=3;r=2
singleton_p3_m3_r1,candidate,590,1,0.4460,0.4500,,,,,mask=0x77;m=2;r=0
singleton_p3_m3_r1,candidate,591,1,0.5540,0.5500,,,,,mask=0x77;m=2;r=1
singleton_p3_m3_r1,candidate,592,1,0.5680,0.5060,,,,,mask=0x77;m=3;r=0
singleton_p3_m3_r1,candidate,593,1,0.5880,0.5800,,,,,mask=0x77;m=3;r=1
singleton_p3_m3_r1,candidate,594,1,0.5750,0.6040,,,,,mask=0x77;m=3;r=2
singleton_p3_m3_r1,candidate,595,1,0.5080,0.4740,,,,,mask=0x78;m=2;r=0
singleton_p3_m3_r1,candidate,596,1,0.4920,0.5260,,,,,mask=0x78;m=2;r=1
singleton_p3_m3_r1,candidate,597,1,0.5600,0.5080,,,,,mask=0x78;m=3;r=0
singleton_p3_m3_r1,candidate,598,1,0.5970,0.5960,,,,,mask=0x78;m=3;r=1
singleton_p3_m3_r1,candidate,599,1,0.5740,0.5860,,,,,mask=0x78;m=3;r=2
singleton_p3_m3_r1,candidate,600,1,0.4550,0.4640,,,,,mask=0x79;m=2;r=0
singleton_p3_m3_r1,candidate,601,1,0.5450,0.5360,,,,,mask=0x79;m=2;r=1
singleton_p3_m3_r1,candidate,602,1,0.5370,0.5220,,,,,mask=0x79;m=3;r=0
singleton_p3_m3_r1,candidate,603,1,0.5930,0.5620,,,,,mask=0x79;m=3;r=1
singleton_p3_m3_r1,candidate,604,1,0.6010,0.6060,,,,,mask=0x79;m=3;r=2
singleton_p3_m3_r1,candidate,605,1,0.4930,0.4300,,,,,mask=0x7A;m=2;r=0
singleton_p3_m3_r1,candidate,606,1,0.5070,0.5700,,,,,mask=0x7A;m=2;r=1
singleton_p3_m3_r1,candidate,607,1,0.5860,0.5580,,,,,mask=0x7A;m=3;r=0
singleton_p3_m3_r1,candidate,608,1,0.5500,0.5580,,,,,mask=0x7A;m=3;r=1
singleton_p3_m3_r1,candidate,609,1,0.5950,0.5740,,,,,mask=0x7A;m=3;r=2
singleton_p3_m3_r1,candidate,610,1,0.4190,0.4620,,,,,mask=0x7B;m=2;r=0
singleton_p3_m3_r1,candidate,611,1,0.5810,0.5380,,,,,mask=0x7B;m=2;r=1
singleton_p3_m3_r1,candidate,612,1,0.5680,0.5820,,,,,mask=0x7B;m=3;r=0
singleton_p3_m3_r1,candidate,613,1,0.5910,0.5380,,,,,mask=0x7B;m=3;r=1
singleton_p3_m3_r1,candidate,614,1,0.5720,0.5700,,,,,mask=0x7B;m=3;r=2
singleton_p3_m3_r1,candidate,615,1,0.4750,0.4820,,,,,mask=0x7C;m=2;r=0
singleton_p3_m3_r1,candidate,616,1,0.5250,0.5180,,,,,mask=0x7C;m=2;r=1
singleton_p3_m3_r1,candidate,617,1,0.5750,0.5300,,,,,mask=0x7C;m=3;r=0
singleton_p3_m3_r1,candidate,618,1,0.5570,0.5900,,,,,mask=0x7C;m=3;r=1
singleton_p3_m3_r1,candidate,619,1,0.5990,0.5700,,,,,mask=0x7C;m=3;r=2
singleton_p3_m3_r1,candidate,620,1,0.4570,0.4780,,,,,mask=0x7D;m=2;r=0
singleton_p3_m3_r1,candidate,621,1,0.5430,0.5220,,,,,mask=0x7D;m=2;r=1
singleton_p3_m3_r1,candidate,622,1,0.5880,0.5820,,,,,mask=0x7D;m=3;r=0
singleton_p3_m3_r1,candidate,623,1,0.5950,0.5500,,,,,mask=0x7D;m=3;r=1
singleton_p3_m3_r1,candidate,624,1,0.5480,0.5580,,,,,mask=0x7D;m=3;r=2
singleton_p3_m3_r1,candidate,625,1,0.4520,0.4540,,,,,mask=0x7E;m=2;r=0
singleton_p3_m3_r1,candidate,626,1,0.5480,0.5460,,,,,mask=0x7E;m=2;r=1
singleton_p3_m3_r1,candidate,627,1,0.5580,0.5680,,,,,mask=0x7E;m=3;r=0
singleton_p3_m3_r1,candidate,628,1,0.5780,0.5440,,,,,mask=0x7E;m=3;r=1
singleton_p3_m3_r1,candidate,629,1,0.5950,0.5780,,,,,mask=0x7E;m=3;r=2
singleton_p3_m3_r1,candidate,630,1,0.4390,0.4000,,,,,mask=0x7F;m=2;r=0
singleton_p3_m3_r1,candidate,631,1,0.5610,0.6000,,,,,mask=0x7F;m=2;r=1
singleton_p3_m3_r1,candidate,632,1,0.4300,0.4500,,,,,mask=0x7F;m=3;r=0
singleton_p3_m3_r1,candidate,633,1,0.6890,0.6440,,,,,mask=0x7F;m=3;r=1
singleton_p3_m3_r1,candidate,634,1,0.6120,0.5960,,,,,mask=0x7F;m=3;r=2
singleton_p3_m3_r1,candidate,635,1,0.4680,0.4600,,,,,mask=0x80;m=2;r=0
singleton_p3_m3_r1,candidate,636,1,0.5320,0.5400,,,,,mask=0x80;m=2;r=1
singleton_p3_m3_r1,candidate,637,1,0.5130,0.5180,,,,,mask=0x80;m=3;r=0
singleton_p3_m3_r1,candidate,638,1,0.6050,0.5900,,,,,mask=0x80;m=3;r=1
singleton_p3_m3_r1,candidate,639,1,0.6130,0.5820,,,,,mask=0x80;m=3;r=2
singleton_p3_m3_r1,candidate,640,1,0.4760,0.4640,,,,,mask=0x81;m=2;r=0
singleton_p3_m3_r1,candidate,641,1,0.5240,0.5360,,,,,mask=0x81;m=2;r=1
singleton_p3_m3_r1,candidate,642,1,0.5710,0.5280,,,,,mask=0x81;m=3;r=0
singleton_p3_m3_r1,candidate,643,1,0.5860,0.5860,,,,,mask=0x81;m=3;r=1
singleton_p3_m3_r1,candidate,644,1,0.5740,0.5760,,,,,mask=0x81;m=3;r=2
singleton_p3_m3_r1,candidate,645,1,0.4770,0.4420,,,,,mask=0x82;m=2;r=0
singleton_p3_m3_r1,candidate,646,1,0.5230,0.5580,,,,,mask=0x82;m=2;r=1
singleton_p3_m3_r1,candidate,647,1,0.5870,0.5640,,,,,mask=0x82;m=3;r=0
singleton_p3_m3_r1,candidate,648,1,0.5770,0.5300,,,,,mask=0x82;m=3;r=1
singleton_p3_m3_r1,candidate,649,1,0.5670,0.5960,,,,,mask=0x82;m=3;r=2
singleton_p3_m3_r1,candidate,650,1,0.4980,0.4520,,,,,mask=0x83;m=2;r=0
singleton_p3_m3_r1,candidate,651,1,0.5020,0.5480,,,,,mask=0x83;m=2;r=1
singleton_p3_m3_r1,candidate,652,1,0.5450,0.5420,,,,,mask=0x83;m=3;r=0
singleton_p3_m3_r1,candidate,653,1,0.5790,0.5820,,,,,mask=0x83;m=3;r=1
singleton_p3_m3_r1,candidate,654,1,0.6070,0.5660,,,,,mask=0x83;m=3;r=2
singleton_p3_m3_r1,candidate,655,1,0.4070,0.4720,,,,,mask=0x84;m=2;r=0
singleton_p3_m3_r1,candidate,656,1,0.5930,0.5280,,,,,mask=0x84;m=2;r=1
singleton_p3_m3_r1,candidate,657,1,0.5580,0.5460,,,,,mask=0x84;m=3;r=0
singleton_p3_m3_r1,candidate,658,1,0.6060,0.5900,,,,,mask=0x84;m=3;r=1
singleton_p3_m3_r1,candidate,659,1,0.5670,0.5540,,,,,mask=0x84;m=3;r=2
singleton_p3_m3_r1,candidate,660,1,0.4640,0.5100,,,,,mask=0x85;m=2;r=0
singleton_p3_m3_r1,candidate,661,1,0.5360,0.4900,,,,,mask=0x85;m=2;r=1
singleton_p3_m3_r1,candidate,662,1,0.5700,0.5420,,,,,mask=0x85;m=3;r=0
singleton_p3_m3_r1,candidate,663,1,0.5920,0.5760,,,,,mask=0x85;m=3;r=1
singleton_p3_m3_r1,candidate,664,1,0.5690,0.5720,,,,,mask=0x85;m=3;r=2
singleton_p3_m3_r1,candidate,665,1,0.5140,0.5100,,,,,mask=0x86;m=2;r=0
singleton_p3_m3_r1,candidate,666,1,0.4860,0.4900,,,,,mask=0x86;m=2;r=1
singleton_p3_m3_r1,candidate,667,1,0.5400,0.5800,,,,,mask=0x86;m=3;r=0
singleton_p3_m3_r1,candidate,668,1,0.6030,0.5580,,,,,mask=0x86;m=3;r=1
singleton_p3_m3_r1,candidate,669,1,0.5880,0.5520,,,,,mask=0x86;m=3;r=2
singleton_p3_m3_r1,candidate,670,1,0.4920,0.4860,,,,,mask=0x87;m=2;r=0
singleton_p3_m3_r1,candidate,671,1,0.5080,0.5140,,,,,mask=0x87;m=2;r=1
singleton_p3_m3_r1,candidate,672,1,0.5760,0.5480,,,,,mask=0x87;m=3;r=0
singleton_p3_m3_r1,candidate,673,1,0.5810,0.5620,,,,,mask=0x87;m=3;r=1
singleton_p3_m3_r1,candidate,674,1,0.5740,0.5800,,,,,mask=0x87;m=3;r=2
singleton_p3_m3_r1,candidate,675,1,0.4430,0.4760,,,,,mask=0x88;m=2;r=0
singleton_p3_m3_r1,candidate,676,1,0.5570,0.5240,,,,,mask=0x88;m=2;r=1
singleton_p3_m3_r1,candidate,677,1,0.5760,0.6140,,,,,mask=0x88;m=3;r=0
singleton_p3_m3_r1,candidate,678,1,0.5330,0.5080,,,,,mask=0x88;m=3;r=1
singleton_p3_m3_r1,candidate,679,1,0.6220,0.5680,,,,,mask=0x88;m=3;r=2
singleton_p3_m3_r1,candidate,680,1,0.4790,0.4600,,,,,mask=0x89;m=2;r=0
singleton_p3_m3_r1,candidate,681,1,0.5210,0.5400,,,,,mask=0x89;m=2;r=1
singleton_p3_m3_r1,candidate,682,1,0.5820,0.5740,,,,,mask=0x89;m=3;r=0
singleton_p3_m3_r1,candidate,683,1,0.6000,0.5580,,,,,mask=0x89;m=3;r=1
singleton_p3_m3_r1,candidate,684,1,0.5490,0.5580,,,,,mask=0x89;m=3;r=2
singleton_p3_m3_r1,candidate,685,1,0.4470,0.4740,,,,,mask=0x8A;m=2;r=0
singleton_p3_m3_r1,candidate,686,1,0.5530,0.5260,,,,,mask=0x8A;m=2;r=1
singleton_p3_m3_r1,candidate,687,1,0.5660,0.6000,,,,,mask=0x8A;m=3;r=0
singleton_p3_m3_r1,candidate,688,1,0.5810,0.5600,,,,,mask=0x8A;m=3;r=1
singleton_p3_m3_r1,candidate,689,1,0.5840,0.5300,,,,,mask=0x8A;m=3;r=2
singleton_p3_m3_r1,candidate,690,1,0.4880,0.4840,,,,,mask=0x8B;m=2;r=0
singleton_p3_m3_r1,candidate,691,1,0.5120,0.5160,,,,,mask=0x8B;m=2;r=1
singleton_p3_m3_r1,candidate,692,1,0.5470,0.5080,,,,,mask=0x8B;m=3;r=0
singleton_p3_m3_r1,candidate,693,1,0.6060,0.6160,,,,,mask=0x8B;m=3;r=1
singleton_p3_m3_r1,candidate,694,1,0.5780,0.5660,,,,,mask=0x8B;m=3;r=2
singleton_p3_m3_r1,candidate,695,1,0.4430,0.4840,,,,,mask=0x8C;m=2;r=0
singleton_p3_m3_r1,candidate,696,1,0.5570,0.5160,,,,,mask=0x8C;m=2;r=1
singleton_p3_m3_r1,candidate,697,1,0.5870,0.5940,,,,,mask=0x8C;m=3;r=0
singleton_p3_m3_r1,candidate,698,1,0.5690,0.5380,,,,,mask=0x8C;m=3;r=1
singleton_p3_m3_r1,candidate,699,1,0.5750,0.5580,,,,,mask=0x8C;m=3;r=2
singleton_p3_m3_r1,candidate,700,1,0.4840,0.4820,,,,,mask=0x8D;m=2;r=0
singleton_p3_m3_r1,candidate,701,1,0.5160,0.5180,,,,,mask=0x8D;m=2;r=1
singleton_p3_m3_r1,candidate,702,1,0.5580,0.5320,,,,,mask=0x8D;m=3;r=0
singleton_p3_m3_r1,candidate,703,1,0.5980,0.6000,,,,,mask=0x8D;m=3;r=1
singleton_p3_m3_r1,candidate,704,1,0.5750,0.5580,,,,,mask=0x8D;m=3;r=2
singleton_p3_m3_r1,candidate,705,1,0.4610,0.4940,,,,,mask=0x8E;m=2;r=0
singleton_p3_m3_r1,candidate,706,1,0.5390,0.5060,,,,,mask=0x8E;m=2;r=1
singleton_p3_m3_r1,candidate,707,1,0.5690,0.5340,,,,,mask=0x8E;m=3;r=0
singleton_p3_m3_r1,candidate,708,1,0.6150,0.6320,,,,,mask=0x8E;m=3;r=1
singleton_p3_m3_r1,candidate,709,1,0.5470,0.5240,,,,,mask=0x8E;m=3;r=2
singleton_p3_m3_r1,candidate,710,1,0.4890,0.5060,,,,,mask=0x8F;m=2;r=0
singleton_p3_m3_r1,candidate,711,1,0.5110,0.4940,,,,,mask=0x8F;m=2;r=1
singleton_p3_m3_r1,candidate,712,1,0.5470,0.5820,,,,,mask=0x8F;m=3;r=0
singleton_p3_m3_r1,candidate,713,1,0.5830,0.5560,,,,,mask=0x8F;m=3;r=1
singleton_p3_m3_r1,candidate,714,1,0.6010,0.5520,,,,,mask=0x8F;m=3;r=2
singleton_p3_m3_r1,candidate,715,1,0.4620,0.4540,,,,,mask=0x90;m=2;r=0
singleton_p3_m3_r1,candidate,716,1,0.5380,0.5460,,,,,mask=0x90;m=2;r=1
singleton_p3_m3_r1,candidate,717,1,0.5680,0.5480,,,,,mask=0x90;m=3;r=0
singleton_p3_m3_r1,candidate,718,1,0.5870,0.5420,,,,,mask=0x90;m=3;r=1
singleton_p3_m3_r1,candidate,719,1,0.5760,0.6000,,,,,mask=0x90;m=3;r=2
singleton_p3_m3_r1,candidate,720,1,0.4810,0.4420,,,,,mask=0x91;m=2;r=0
singleton_p3_m3_r1,candidate,721,1,0.5190,0.5580,,,,,mask=0x91;m=2;r=1
singleton_p3_m3_r1,candidate,722,1,0.5470,0.5660,,,,,mask=0x91;m=3;r=0
singleton_p3_m3_r1,candidate,723,1,0.5890,0.5820,,,,,mask=0x91;m=3;r=1
singleton_p3_m3_r1,candidate,724,1,0.5950,0.5420,,,,,mask=0x91;m=3;r=2
singleton_p3_m3_r1,candidate,725,1,0.4720,0.4780,,,,,mask=0x92;m=2;r=0
singleton_p3_m3_r1,candidate,726,1,0.5280,0.5220,,,,,mask=0x92;m=2;r=1
singleton_p3_m3_r1,candidate,727,1,0.5390,0.5460,,,,,mask=0x92;m=3;r=0
singleton_p3_m3_r1,candidate,728,1,0.5980,0.5880,,,,,mask=0x92;m=3;r=1
singleton_p3_m3_r1,candidate,729,1,0.5940,0.5560,,,,,mask=0x92;m=3;r=2
singleton_p3_m3_r1,candidate,730,1,0.5040,0.4840,,,,,mask=0x93;m=2;r=0
singleton_p3_m3_r1,candidate,731,1,0.4960,0.5160,,,,,mask=0x93;m=2;r=1
singleton_p3_m3_r1,candidate,732,1,0.5510,0.5340,,,,,mask=0x93;m=3;r=0
singleton_p3_m3_r1,candidate,733,1,0.5770,0.5600,,,,,mask=0x93;m=3;r=1
singleton_p3_m3_r1,candidate,734,1,0.6030,0.5960,,,,,mask=0x93;m=3;r=2
singleton_p3_m3_r1,candidate,735,1,0.4770,0.4900,,,,,mask=0x94;m=2;r=0
singleton_p3_m3_r1,candidate,736,1,0.5230,0.5100,,,,,mask=0x94;m=2;r=1
singleton_p3_m3_r1,candidate,737,1,0.5630,0.5560,,,,,mask=0x94;m=3;r=0
singleton_p3_m3_r1,candidate,738,1,0.5860,0.5480,,,,,mask=0x94;m=3;r=1
singleton_p3_m3_r1,candidate,739,1,0.5820,0.5860,,,,,mask=0x94;m=3;r=2
singleton_p3_m3_r1,candidate,740,1,0.4750,0.4760,,,,,mask=0x95;m=2;r=0
singleton_p3_m3_r1,candidate,741,1,0.5250,0.5240,,,,,mask=0x95;m=2;r=1
singleton_p3_m3_r1,candidate,742,1,0.5730,0.5400,,,,,mask=0x95;m=3;r=0
singleton_p3_m3_r1,candidate,743,1,0.5770,0.5640,,,,,mask=0x95;m=3;r=1
singleton_p3_m3_r1,candidate,744,1,0.5810,0.5860,,,,,mask=0x95;m=3;r=2
singleton_p3_m3_r1,candidate,745,1,0.4450,0.4660,,,,,mask=0x96;m=2;r=0
singleton_p3_m3_r1,candidate,746,1,0.5550,0.5340,,,,,mask=0x96;m=2;r=1
singleton_p3_m3_r1,candidate,747,1,0.5760,0.5320,,,,,mask=0x96;m=3;r=0
singleton_p3_m3_r1,candidate,748,1,0.5730,0.5760,,,,,mask=0x96;m=3;r=1
singleton_p3_m3_r1,candidate,749,1,0.5820,0.5820,,,,,mask=0x96;m=3;r=2
singleton_p3_m3_r1,candidate,750,1,0.4920,0.5300,,,,,mask=0x97;m=2;r=0
singleton_p3_m3_r1,candidate,751,1,0.5080,0.4700,,,,,mask=0x97;m=2;r=1
singleton_p3_m3_r1,candidate,752,1,0.5790,0.5260,,,,,mask=0x97;m=3;r=0
singleton_p3_m3_r1,candidate,753,1,0.5520,0.5520,,,,,mask=0x97;m=3;r=1
singleton_p3_m3_r1,candidate,754,1,0.6000,0.6120,,,,,mask=0x97;m=3;r=2
singleton_p3_m3_r1,candidate,755,1,0.4690,0.4320,,,,,mask=0x98;m=2;r=0
singleton_p3_m3_r1,candidate,756,1,0.5310,0.5680,,,,,mask=0x98;m=2;r=1
singleton_p3_m3_r1,candidate,757,1,0.5990,0.5640,,,,,mask=0x98;m=3;r=0
singleton_p3_m3_r1,candidate,758,1,0.5510,0.5920,,,,,mask=0x98;m=3;r=1
singleton_p3_m3_r1,candidate,759,1,0.5810,0.5340,,,,,mask=0x98;m=3;r=2
singleton_p3_m3_r1,candidate,760,1,0.4940,0.4760,,,,,mask=0x99;m=2;r=0
singleton_p3_m3_r1,candidate,761,1,0.5060,0.5240,,,,,mask=0x99;m=2;r=1
singleton_p3_m3_r1,candidate,762,1,0.5340,0.5320,,,,,mask=0x99;m=3;r=0
singleton_p3_m3_r1,candidate,763,1,0.6140,0.5780,,,,,mask=0x99;m=3;r=1
singleton_p3_m3_r1,candidate,764,1,0.5830,0.5800,,,,,mask=0x99;m=3;r=2
singleton_p3_m3_r1,candidate,765,1,0.4720,0.4760,,,,,mask=0x9A;m=2;r=0
singleton_p3_m3_r1,candidate,766,1,0.5280,0.5240,,,,,mask=0x9A;m=2;r=1
singleton_p3_m3_r1,candidate,767,1,0.5440,0.4920,,,,,mask=0x9A;m=3;r=0
singleton_p3_m3_r1,candidate,768,1,0.5760,0.6140,,,,,mask=0x9A;m=3;r=1
singleton_p3_m3_r1,candidate,769,1,0.6110,0.5840,,,,,mask=0x9A;m=3;r=2
singleton_p3_m3_r1,candidate,770,1,0.4580,0.4580,,,,,mask=0x9B;m=2;r=0
singleton_p3_m3_r1,candidate,771,1,0.5420,0.5420,,,,,mask=0x9B;m=2;r=1
singleton_p3_m3_r1,candidate,772,1,0.5820,0.5380,,,,,mask=0x9B;m=3;r=0
singleton_p3_m3_r1,candidate,773,1,0.5480,0.5860,,,,,mask=0x9B;m=3;r=1
singleton_p3_m3_r1,candidate,774,1,0.6010,0.5660,,,,,mask=0x9B;m=3;r=2
singleton_p3_m3_r1,candidate,775,1,0.4310,0.5040,,,,,mask=0x9C;m=2;r=0
singleton_p3_m3_r1,candidate,776,1,0.5690,0.4960,,,,,mask=0x9C;m=2;r=1
singleton_p3_m3_r1,candidate,777,1,0.5300,0.5380,,,,,mask=0x9C;m=3;r=0
singleton_p3_m3_r1,candidate,778,1,0.6240,0.5940,,,,,mask=0x9C;m=3;r=1
singleton_p3_m3_r1,candidate,779,1,0.5770,0.5580,,,,,mask=0x9C;m=3;r=2
singleton_p3_m3_r1,candidate,780,1,0.4830,0.4620,,,,,mask=0x9D;m=2;r=0
singleton_p3_m3_r1,candidate,781,1,0.5170,0.5380,,,,,mask=0x9D;m=2;r=1
singleton_p3_m3_r1,candidate,782,1,0.5450,0.5400,,,,,mask=0x9D;m=3;r=0
singleton_p3_m3_r1,candidate,783,1,0.5810,0.5760,,,,,mask=0x9D;m=3;r=1
singleton_p3_m3_r1,candidate,784,1,0.6050,0.5740,,,,,mask=0x9D;m=3;r=2
singleton_p3_m3_r1,candidate,785,1,0.4800,0.4680,,,,,mask=0x9E;m=2;r=0
singleton_p3_m3_r1,candidate,786,1,0.5200,0.5320,,,,,mask=0x9E;m=2;r=1
singleton_p3_m3_r1,candidate,787,1,0.5850,0.5640,,,,,mask=0x9E;m=3;r=0
singleton_p3_m3_r1,candidate,788,1,0.5520,0.5800,,,,,mask=0x9E;m=3;r=1
singleton_p3_m3_r1,candidate,789,1,0.5940,0.5460,,,,,mask=0x9E;m=3;r=2
singleton_p3_m3_r1,candidate,790,1,0.4470,0.4800,,,,,mask=0x9F;m=2;r=0
singleton_p3_m3_r1,candidate,791,1,0.5530,0.5200,,,,,mask=0x9F;m=2;r=1
singleton_p3_m3_r1,candidate,792,1,0.5800,0.6020,,,,,mask=0x9F;m=3;r=0
singleton_p3_m3_r1,candidate,793,1,0.5920,0.5240,,,,,mask=0x9F;m=3;r=1
singleton_p3_m3_r1,candidate,794,1,0.5590,0.5640,,,,,mask=0x9F;m=3;r=2
singleton_p3_m3_r1,candidate,795,1,0.4510,0.5000,,,,,mask=0xA0;m=2;r=0
singleton_p3_m3_r1,candidate,796,1,0.5490,0.5000,,,,,mask=0xA0;m=2;r=1
singleton_p3_m3_r1,candidate,797,1,0.5610,0.5300,,,,,mask=0xA0;m=3;r=0
singleton_p3_m3_r1,candidate,798,1,0.5920,0.5520,,,,,mask=0xA0;m=3;r=1
singleton_p3_m3_r1,candidate,799,1,0.5780,0.6080,,,,,mask=0xA0;m=3;r=2
singleton_p3_m3_r1,candidate,800,1,0.5100,0.5080,,,,,mask=0xA1;m=2;r=0
singleton_p3_m3_r1,candidate,801,1,0.4900,0.4920,,,,,mask=0xA1;m=2;r=1
singleton_p3_m3_r1,candidate,802,1,0.5450,0.5300,,,,,mask=0xA1;m=3;r=0
singleton_p3_m3_r1,candidate,803,1,0.5820,0.6100,,,,,mask=0xA1;m=3;r=1
singleton_p3_m3_r1,candidate,804,1,0.6040,0.5500,,,,,mask=0xA1;m=3;r=2
singleton_p3_m3_r1,candidate,805,1,0.4970,0.5020,,,,,mask=0xA2;m=2;r=0
singleton_p3_m3_r1,candidate,806,1,0.5030,0.4980,,,,,mask=0xA2;m=2;r=1
singleton_p3_m3_r1,candidate,807,1,0.5700,0.5600,,,,,mask=0xA2;m=3;r=0
singleton_p3_m3_r1,candidate,808,1,0.5770,0.5420,,,,,mask=0xA2;m=3;r=1
singleton_p3_m3_r1,candidate,809,1,0.5840,0.5880,,,,,mask=0xA2;m=3;r=2
singleton_p3_m3_r1,candidate,810,1,0.4950,0.4840,,,,,mask=0xA3;m=2;r=0
singleton_p3_m3_r1,candidate,811,1,0.5050,0.5160,,,,,mask=0xA3;m=2;r=1
singleton_p3_m3_r1,candidate,812,1,0.5720,0.5540,,,,,mask=0xA3;m=3;r=0
singleton_p3_m3_r1,candidate,813,1,0.5890,0.5560,,,,,mask=0xA3;m=3;r=1
singleton_p3_m3_r1,candidate,814,1,0.5700,0.5800,,,,,mask=0xA3;m=3;r=2
singleton_p3_m3_r1,candidate,815,1,0.4730,0.4820,,,,,mask=0xA4;m=2;r=0
singleton_p3_m3_r1,candidate,816,1,0.5270,0.5180,,,,,mask=0xA4;m=2;r=1
singleton_p3_m3_r1,candidate,817,1,0.5640,0.5760,,,,,mask=0xA4;m=3;r=0
singleton_p3_m3_r1,candidate,818,1,0.5760,0.5420,,,,,mask=0xA4;m=3;r=1
singleton_p3_m3_r1,candidate,819,1,0.5910,0.5720,,,,,mask=0xA4;m=3;r=2
singleton_p3_m3_r1,candidate,820,1,0.4670,0.4760,,,,,mask=0xA5;m=2;r=0
singleton_p3_m3_r1,candidate,821,1,0.5330,0.5240,,,,,mask=0xA5;m=2;r=1
singleton_p3_m3_r1,candidate,822,1,0.5410,0.5560,,,,,mask=0xA5;m=3;r=0
singleton_p3_m3_r1,candidate,823,1,0.6070,0.5840,,,,,mask=0xA5;m=3;r=1
singleton_p3_m3_r1,candidate,824,1,0.5830,0.5500,,,,,mask=0xA5;m=3;r=2
singleton_p3_m3_r1,candidate,825,1,0.4890,0.4560,,,,,mask=0xA6;m=2;r=0
singleton_p3_m3_r1,candidate,826,1,0.5110,0.5440,,,,,mask=0xA6;m=2;r=1
singleton_p3_m3_r1,candidate,827,1,0.5530,0.5540,,,,,mask=0xA6;m=3;r=0
singleton_p3_m3_r1,candidate,828,1,0.6070,0.5920,,,,,mask=0xA6;m=3;r=1
singleton_p3_m3_r1,candidate,829,1,0.5710,0.5440,,,,,mask=0xA6;m=3;r=2
singleton_p3_m3_r1,candidate,830,1,0.4780,0.4600,,,,,mask=0xA7;m=2;r=0
singleton_p3_m3_r1,candidate,831,1,0.5220,0.5400,,,,,mask=0xA7;m=2;r=1
singleton_p3_m3_r1,candidate,832,1,0.5760,0.5520,,,,,mask=0xA7;m=3;r=0
singleton_p3_m3_r1,candidate,833,1,0.5860,0.5780,,,,,mask=0xA7;m=3;r=1
singleton_p3_m3_r1,candidate,834,1,0.5690,0.5600,,,,,mask=0xA7;m=3;r=2
singleton_p3_m3_r1,candidate,835,1,0.4220,0.4580,,,,,mask=0xA8;m=2;r=0
singleton_p3_m3_r1,candidate,836,1,0.5780,0.5420,,,,,mask=0xA8;m=2;r=1
singleton_p3_m3_r1,candidate,837,1,0.5820,0.5840,,,,,mask=0xA8;m=3;r=0
singleton_p3_m3_r1,candidate,838,1,0.5810,0.5780,,,,,mask=0xA8;m=3;r=1
singleton_p3_m3_r1,candidate,839,1,0.5680,0.5280,,,,,mask=0xA8;m=3;r=2
singleton_p3_m3_r1,candidate,840,1,0.4610,0.4820,,,,,mask=0xA9;m=2;r=0
singleton_p3_m3_r1,candidate,841,1,0.5390,0.5180,,,,,mask=0xA9;m=2;r=1
singleton_p3_m3_r1,candidate,842,1,0.5220,0.5200,,,,,mask=0xA9;m=3;r=0
singleton_p3_m3_r1,candidate,843,1,0.6170,0.5860,,,,,mask=0xA9;m=3;r=1
singleton_p3_m3_r1,candidate,844,1,0.5920,0.5840,,,,,mask=0xA9;m=3;r=2
singleton_p3_m3_r1,candidate,845,1,0.4870,0.4880,,,,,mask=0xAA;m=2;r=0
singleton_p3_m3_r1,candidate,846,1,0.5130,0.5120,,,,,mask=0xAA;m=2;r=1
singleton_p3_m3_r1,candidate,847,1,0.5460,0.5360,,,,,mask=0xAA;m=3;r=0
singleton_p3_m3_r1,candidate,848,1,0.6060,0.5960,,,,,mask=0xAA;m=3;r=1
singleton_p3_m3_r1,candidate,849,1,0.5790,0.5580,,,,,mask=0xAA;m=3;r=2
singleton_p3_m3_r1,candidate,850,1,0.4690,0.4620,,,,,mask=0xAB;m=2;r=0
singleton_p3_m3_r1,candidate,851,1,0.5310,0.5380,,,,,mask=0xAB;m=2;r=1
singleton_p3_m3_r1,candidate,852,1,0.5700,0.5380,,,,,mask=0xAB;m=3;r=0
singleton_p3_m3_r1,candidate,853,1,0.5800,0.5960,,,,,mask=0xAB;m=3;r=1
singleton_p3_m3_r1,candidate,854,1,0.5810,0.5560,,,,,mask=0xAB;m=3;r=2
singleton_p3_m3_r1,candidate,855,1,0.4730,0.4960,,,,,mask=0xAC;m=2;r=0
singleton_p3_m3_r1,candidate,856,1,0.5270,0.5040,,,,,mask=0xAC;m=2;r=1
singleton_p3_m3_r1,candidate,857,1,0.5220,0.5300,,,,,mask=0xAC;m=3;r=0
singleton_p3_m3_r1,candidate,858,1,0.6160,0.5940,,,,,mask=0xAC;m=3;r=1
singleton_p3_m3_r1,candidate,859,1,0.5930,0.5660,,,,,mask=0xAC;m=3;r=2
singleton_p3_m3_r1,candidate,860,1,0.4450,0.4420,,,,,mask=0xAD;m=2;r=0
singleton_p3_m3_r1,candidate,861,1,0.5550,0.5580,,,,,mask=0xAD;m=2;r=1
singleton_p3_m3_r1,candidate,862,1,0.5460,0.5620,,,,,mask=0xAD;m=3;r=0
singleton_p3_m3_r1,candidate,863,1,0.6010,0.5640,,,,,mask=0xAD;m=3;r=1
singleton_p3_m3_r1,candidate,864,1,0.5840,0.5640,,,,,mask=0xAD;m=3;r=2
singleton_p3_m3_r1,candidate,865,1,0.4720,0.4500,,,,,mask=0xAE;m=2;r=0
singleton_p3_m3_r1,candidate,866,1,0.5280,0.5500,,,,,mask=0xAE;m=2;r=1
singleton_p3_m3_r1,candidate,867,1,0.5950,0.5660,,,,,mask=0xAE;m=3;r=0
singleton_p3_m3_r1,candidate,868,1,0.5550,0.5800,,,,,mask=0xAE;m=3;r=1
singleton_p3_m3_r1,candidate,869,1,0.5810,0.5440,,,,,mask=0xAE;m=3;r=2
singleton_p3_m3_r1,candidate,870,1,0.4730,0.4620,,,,,mask=0xAF;m=2;r=0
singleton_p3_m3_r1,candidate,871,1,0.5270,0.5380,,,,,mask=0xAF;m=2;r=1
singleton_p3_m3_r1,candidate,872,1,0.5520,0.5700,,,,,mask=0xAF;m=3;r=0
singleton_p3_m3_r1,candidate,873,1,0.5730,0.5680,,,,,mask=0xAF;m=3;r=1
singleton_p3_m3_r1,candidate,874,1,0.6060,0.5520,,,,,mask=0xAF;m=3;r=2
singleton_p3_m3_r1,candidate,875,1,0.4910,0.4900,,,,,mask=0xB0;m=2;r=0
singleton_p3_m3_r1,candidate,876,1,0.5090,0.5100,,,,,mask=0xB0;m=2;r=1
singleton_p3_m3_r1,candidate,877,1,0.5760,0.5740,,,,,mask=0xB0;m=3;r=0
singleton_p3_m3_r1,candidate,878,1,0.5760,0.5700,,,,,mask=0xB0;m=3;r=1
singleton_p3_m3_r1,candidate,879,1,0.5790,0.5460,,,,,mask=0xB0;m=3;r=2
singleton_p3_m3_r1,candidate,880,1,0.4670,0.4620,,,,,mask=0xB1;m=2;r=0
singleton_p3_m3_r1,candidate,881,1,0.5330,0.5380,,,,,mask=0xB1;m=2;r=1
singleton_p3_m3_r1,candidate,882,1,0.5810,0.5700,,,,,mask=0xB1;m=3;r=0
singleton_p3_m3_r1,candidate,883,1,0.5910,0.5400,,,,,mask=0xB1;m=3;r=1
singleton_p3_m3_r1,candidate,884,1,0.5590,0.5800,,,,,mask=0xB1;m=3;r=2
singleton_p3_m3_r1,candidate,885,1,0.4720,0.4940,,,,,mask=0xB2;m=2;r=0
singleton_p3_m3_r1,candidate,886,1,0.5280,0.5060,,,,,mask=0xB2;m=2;r=1
singleton_p3_m3_r1,candidate,887,1,0.5670,0.5160,,,,,mask=0xB2;m=3;r=0
singleton_p3_m3_r1,candidate,888,1,0.5890,0.6020,,,,,mask=0xB2;m=3;r=1
singleton_p3_m3_r1,candidate,889,1,0.5750,0.5720,,,,,mask=0xB2;m=3;r=2
singleton_p3_m3_r1,candidate,890,1,0.4970,0.4440,,,,,mask=0xB3;m=2;r=0
singleton_p3_m3_r1,candidate,891,1,0.5030,0.5560,,,,,mask=0xB3;m=2;r=1
singleton_p3_m3_r1,candidate,892,1,0.5820,0.5760,,,,,mask=0xB3;m=3;r=0
singleton_p3_m3_r1,candidate,893,1,0.5760,0.5560,,,,,mask=0xB3;m=3;r=1
singleton_p3_m3_r1,candidate,894,1,0.5730,0.5580,,,,,mask=0xB3;m=3;r=2
singleton_p3_m3_r1,candidate,895,1,0.4430,0.4640,,,,,mask=0xB4;m=2;r=0
singleton_p3_m3_r1,candidate,896,1,0.5570,0.5360,,,,,mask=0xB4;m=2;r=1
singleton_p3_m3_r1,candidate,897,1,0.5450,0.5220,,,,,mask=0xB4;m=3;r=0
singleton_p3_m3_r1,candidate,898,1,0.5950,0.6020,,,,,mask=0xB4;m=3;r=1
singleton_p3_m3_r1,candidate,899,1,0.5910,0.5660,,,,,mask=0xB4;m=3;r=2
singleton_p3_m3_r1,candidate,900,1,0.5340,0.4700,,,,,mask=0xB5;m=2;r=0
singleton_p3_m3_r1,candidate,901,1,0.4660,0.5300,,,,,mask=0xB5;m=2;r=1
singleton_p3_m3_r1,candidate,902,1,0.5630,0.5500,,,,,mask=0xB5;m=3;r=0
singleton_p3_m3_r1,candidate,903,1,0.5870,0.5780,,,,,mask=0xB5;m=3;r=1
singleton_p3_m3_r1,candidate,904,1,0.5810,0.5620,,,,,mask=0xB5;m=3;r=2
singleton_p3_m3_r1,candidate,905,1,0.5020,0.5040,,,,,mask=0xB6;m=2;r=0
singleton_p3_m3_r1,candidate,906,1,0.4980,0.4960,,,,,mask=0xB6;m=2;r=1
singleton_p3_m3_r1,candidate,907,1,0.5950,0.5400,,,,,mask=0xB6;m=3;r=0
singleton_p3_m3_r1,candidate,908,1,0.5740,0.5760,,,,,mask=0xB6;m=3;r=1
singleton_p3_m3_r1,candidate,909,1,0.5620,0.5740,,,,,mask=0xB6;m=3;r=2
singleton_p3_m3_r1,candidate,910,1,0.4740,0.4600,,,,,mask=0xB7;m=2;r=0
singleton_p3_m3_r1,candidate,911,1,0.5260,0.5400,,,,,mask=0xB7;m=2;r=1
singleton_p3_m3_r1,candidate,912,1,0.5830,0.5420,,,,,mask=0xB7;m=3;r=0
singleton_p3_m3_r1,candidate,913,1,0.5700,0.5840,,,,,mask=0xB7;m=3;r=1
singleton_p3_m3_r1,candidate,914,1,0.5780,0.5640,,,,,mask=0xB7;m=3;r=2
singleton_p3_m3_r1,candidate,915,1,0.4540,0.4740,,,,,mask=0xB8;m=2;r=0
singleton_p3_m3_r1,candidate,916,1,0.5460,0.5260,,,,,mask=0xB8;m=2;r=1
singleton_p3_m3_r1,candidate,917,1,0.5490,0.4900,,,,,mask=0xB8;m=3;r=0
singleton_p3_m3_r1,candidate,918,1,0.6120,0.6100,,,,,mask=0xB8;m=3;r=1
singleton_p3_m3_r1,candidate,919,1,0.5700,0.5900,,,,,mask=0xB8;m=3;r=2
singleton_p3_m3_r1,candidate,920,1,0.4560,0.4380,,,,,mask=0xB9;m=2;r=0
singleton_p3_m3_r1,candidate,921,1,0.5440,0.5620,,,,,mask=0xB9;m=2;r=1
singleton_p3_m3_r1,candidate,922,1,0.5570,0.5520,,,,,mask=0xB9;m=3;r=0
singleton_p3_m3_r1,candidate,923,1,0.5820,0.6060,,,,,mask=0xB9;m=3;r=1
singleton_p3_m3_r1,candidate,924,1,0.5920,0.5320,,,,,mask=0xB9;m=3;r=2
singleton_p3_m3_r1,candidate,925,1,0.4680,0.4580,,,,,mask=0xBA;m=2;r=0
singleton_p3_m3_r1,candidate,926,1,0.5320,0.5420,,,,,mask=0xBA;m=2;r=1
singleton_p3_m3_r1,candidate,927,1,0.5830,0.5460,,,,,mask=0xBA;m=3;r=0
singleton_p3_m3_r1,candidate,928,1,0.5700,0.5500,,,,,mask=0xBA;m=3;r=1
singleton_p3_m3_r1,candidate,929,1,0.5780,0.5940,,,,,mask=0xBA;m=3;r=2
singleton_p3_m3_r1,candidate,930,1,0.4510,0.4440,,,,,mask=0xBB;m=2;r=0
singleton_p3_m3_r1,candidate,931,1,0.5490,0.5560,,,,,mask=0xBB;m=2;r=1
singleton_p3_m3_r1,candidate,932,1,0.5720,0.5840,,,,,mask=0xBB;m=3;r=0
singleton_p3_m3_r1,candidate,933,1,0.5670,0.5560,,,,,mask=0xBB;m=3;r=1
singleton_p3_m3_r1,candidate,934,1,0.5920,0.5500,,,,,mask=0xBB;m=3;r=2
singleton_p3_m3_r1,candidate,935,1,0.4590,0.4920,,,,,mask=0xBC;m=2;r=0
singleton_p3_m3_r1,candidate,936,1,0.5410,0.5080,,,,,mask=0xBC;m=2;r=1
singleton_p3_m3_r1,candidate,937,1,0.5760,0.5680,,,,,mask=0xBC;m=3;r=0
singleton_p3_m3_r1,candidate,938,1,0.5840,0.5560,,,,,mask=0xBC;m=3;r=1
singleton_p3_m3_r1,candidate,939,1,0.5710,0.5660,,,,,mask=0xBC;m=3;r=2
singleton_p3_m3_r1,candidate,940,1,0.4460,0.4580,,,,,mask=0xBD;m=2;r=0
singleton_p3_m3_r1,candidate,941,1,0.5540,0.5420,,,,,mask=0xBD;m=2;r=1
singleton_p3_m3_r1,candidate,942,1,0.5940,0.5660,,,,,mask=0xBD;m=3;r=0
singleton_p3_m3_r1,candidate,943,1,0.5820,0.5400,,,,,mask=0xBD;m=3;r=1
singleton_p3_m3_r1,candidate,944,1,0.5550,0.5840,,,,,mask=0xBD;m=3;r=2
singleton_p3_m3_r1,candidate,945,1,0.4430,0.5080,,,,,mask=0xBE;m=2;r=0
singleton_p3_m3_r1,candidate,946,1,0.5570,0.4920,,,,,mask=0xBE;m=2;r=1
singleton_p3_m3_r1,candidate,947,1,0.5840,0.6000,,,,,mask=0xBE;m=3;r=0
singleton_p3_m3_r1,candidate,948,1,0.5760,0.5480,,,,,mask=0xBE;m=3;r=1
singleton_p3_m3_r1,candidate,949,1,0.5710,0.5420,,,,,mask=0xBE;m=3;r=2
singleton_p3_m3_r1,candidate,950,1,0.4650,0.4440,,,,,mask=0xBF;m=2;r=0
singleton_p3_m3_r1,candidate,951,1,0.5350,0.5560,,,,,mask=0xBF;m=2;r=1
singleton_p3_m3_r1,candidate,952,1,0.4990,0.4740,,,,,mask=0xBF;m=3;r=0
singleton_p3_m3_r1,candidate,953,1,0.6400,0.6400,,,,,mask=0xBF;m=3;r=1
singleton_p3_m3_r1,candidate,954,1,0.5920,0.5760,,,,,mask=0xBF;m=3;r=2
singleton_p3_m3_r1,candidate,955,1,0.4760,0.4920,,,,,mask=0xC0;m=2;r=0
singleton_p3_m3_r1,candidate,956,1,0.5240,0.5080,,,,,mask=0xC0;m=2;r=1
singleton_p3_m3_r1,candidate,957,1,0.5810,0.5520,,,,,mask=0xC0;m=3;r=0
singleton_p3_m3_r1,candidate,958,1,0.5950,0.5340,,,,,mask=0xC0;m=3;r=1
singleton_p3_m3_r1,candidate,959,1,0.5550,0.6040,,,,,mask=0xC0;m=3;r=2
singleton_p3_m3_r1,candidate,960,1,0.5220,0.4880,,,,,mask=0xC1;m=2;r=0
singleton_p3_m3_r1,candidate,961,1,0.4780,0.5120,,,,,mask=0xC1;m=2;r=1
singleton_p3_m3_r1,candidate,962,1,0.5620,0.5420,,,,,mask=0xC1;m=3;r=0
singleton_p3_m3_r1,candidate,963,1,0.5840,0.5800,,,,,mask=0xC1;m=3;r=1
singleton_p3_m3_r1,candidate,964,1,0.5850,0.5680,,,,,mask=0xC1;m=3;r=2
singleton_p3_m3_r1,candidate,965,1,0.4910,0.4780,,,,,mask=0xC2;m=2;r=0
singleton_p3_m3_r1,candidate,966,1,0.5090,0.5220,,,,,mask=0xC2;m=2;r=1
singleton_p3_m3_r1,candidate,967,1,0.5720,0.5400,,,,,mask=0xC2;m=3;r=0
singleton_p3_m3_r1,candidate,968,1,0.5700,0.5860,,,,,mask=0xC2;m=3;r=1
singleton_p3_m3_r1,candidate,969,1,0.5890,0.5640,,,,,mask=0xC2;m=3;r=2
singleton_p3_m3_r1,candidate,970,1,0.5020,0.4720,,,,,mask=0xC3;m=2;r=0
singleton_p3_m3_r1,candidate,971,1,0.4980,0.5280,,,,,mask=0xC3;m=2;r=1
singleton_p3_m3_r1,candidate,972,1,0.5500,0.5260,,,,,mask=0xC3;m=3;r=0
singleton_p3_m3_r1,candidate,973,1,0.5870,0.5480,,,,,mask=0xC3;m=3;r=1
singleton_p3_m3_r1,candidate,974,1,0.5940,0.6160,,,,,mask=0xC3;m=3;r=2
singleton_p3_m3_r1,candidate,975,1,0.4470,0.5280,,,,,mask=0xC4;m=2;r=0
singleton_p3_m3_r1,candidate,976,1,0.5530,0.4720,,,,,mask=0xC4;m=2;r=1
singleton_p3_m3_r1,candidate,977,1,0.5710,0.5980,,,,,mask=0xC4;m=3;r=0
singleton_p3_m3_r1,candidate,978,1,0.5780,0.5520,,,,,mask=0xC4;m=3;r=1
singleton_p3_m3_r1,candidate,979,1,0.5820,0.5400,,,,,mask=0xC4;m=3;r=2
singleton_p3_m3_r1,candidate,980,1,0.5160,0.4700,,,,,mask=0xC5;m=2;r=0
singleton_p3_m3_r1,candidate,981,1,0.4840,0.5300,,,,,mask=0xC5;m=2;r=1
singleton_p3_m3_r1,candidate,982,1,0.5410,0.5800,,,,,mask=0xC5;m=3;r=0
singleton_p3_m3_r1,candidate,983,1,0.5980,0.5880,,,,,mask=0xC5;m=3;r=1
singleton_p3_m3_r1,candidate,984,1,0.5920,0.5220,,,,,mask=0xC5;m=3;r=2
singleton_p3_m3_r1,candidate,985,1,0.4760,0.4460,,,,,mask=0xC6;m=2;r=0
singleton_p3_m3_r1,candidate,986,1,0.5240,0.5540,,,,,mask=0xC6;m=2;r=1
singleton_p3_m3_r1,candidate,987,1,0.5630,0.5560,,,,,mask=0xC6;m=3;r=0
singleton_p3_m3_r1,candidate,988,1,0.5900,0.5900,,,,,mask=0xC6;m=3;r=1
singleton_p3_m3_r1,candidate,989,1,0.5780,0.5440,,,,,mask=0xC6;m=3;r=2
singleton_p3_m3_r1,candidate,990,1,0.4820,0.4780,,,,,mask=0xC7;m=2;r=0
singleton_p3_m3_r1,candidate,991,1,0.5180,0.5220,,,,,mask=0xC7;m=2;r=1
singleton_p3_m3_r1,candidate,992,1,0.5670,0.5380,,,,,mask=0xC7;m=3;r=0
singleton_p3_m3_r1,candidate,993,1,0.5820,0.5640,,,,,mask=0xC7;m=3;r=1
singleton_p3_m3_r1,candidate,994,1,0.5820,0.5880,,,,,mask=0xC7;m=3;r=2
singleton_p3_m3_r1,candidate,995,1,0.4530,0.4720,,,,,mask=0xC8;m=2;r=0
singleton_p3_m3_r1,candidate,996,1,0.5470,0.5280,,,,,mask=0xC8;m=2;r=1
singleton_p3_m3_r1,candidate,997,1,0.6190,0.5480,,,,,mask=0xC8;m=3;r=0
singleton_p3_m3_r1,candidate,998,1,0.5630,0.5720,,,,,mask=0xC8;m=3;r=1
singleton_p3_m3_r1,candidate,999,1,0.5490,0.5700,,,,,mask=0xC8;m=3;r=2
singleton_p3_m3_r1,candidate,1000,1,0.4890,0.4440,,,,,mask=0xC9;m=2;r=0
singleton_p3_m3_r1,candidate,1001,1,0.5110,0.5560,,,,,mask=0xC9;m=2;r=1
singleton_p3_m3_r1,candidate,1002,1,0.5480,0.4820,,,,,mask=0xC9;m=3;r=0
singleton_p3_m3_r1,candidate,1003,1,0.5840,0.6120,,,,,mask=0xC9;m=3;r=1
singleton_p3_m3_r1,candidate,1004,1,0.5990,0.5960,,,,,mask=0xC9;m=3;r=2
singleton_p3_m3_r1,candidate,1005,1,0.4730,0.4780,,,,,mask=0xCA;m=2;r=0
singleton_p3_m3_r1,candidate,1006,1,0.5270,0.5220,,,,,mask=0xCA;m=2;r=1
singleton_p3_m3_r1,candidate,1007,1,0.5660,0.5200,,,,,mask=0xCA;m=3;r=0
singleton_p3_m3_r1,candidate,1008,1,0.5850,0.5700,,,,,mask=0xCA;m=3;r=1
singleton_p3_m3_r1,candidate,1009,1,0.5800,0.6000,,,,,mask=0xCA;m=3;r=2
singleton_p3_m3_r1,candidate,1010,1,0.4600,0.4720,,,,,mask=0xCB;m=2;r=0
singleton_p3_m3_r1,candidate,1011,1,0.5400,0.5280,,,,,mask=0xCB;m=2;r=1
singleton_p3_m3_r1,candidate,1012,1,0.5410,0.5600,,,,,mask=0xCB;m=3;r=0
singleton_p3_m3_r1,candidate,1013,1,0.5930,0.5640,,,,,mask=0xCB;m=3;r=1
singleton_p3_m3_r1,candidate,1014,1,0.5970,0.5660,,,,,mask=0xCB;m=3;r=2
singleton_p3_m3_r1,candidate,1015,1,0.4830,0.4760,,,,,mask=0xCC;m=2;r=0
singleton_p3_m3_r1,candidate,1016,1,0.5170,0.5240,,,,,mask=0xCC;m=2;r=1
singleton_p3_m3_r1,candidate,1017,1,0.5460,0.5200,,,,,mask=0xCC;m=3;r=0
singleton_p3_m3_r1,candidate,1018,1,0.5970,0.6240,,,,,mask=0xCC;m=3;r=1
singleton_p3_m3_r1,candidate,1019,1,0.5880,0.5460,,,,,mask=0xCC;m=3;r=2
singleton_p3_m3_r1,candidate,1020,1,0.4400,0.4980,,,,,mask=0xCD;m=2;r=0
singleton_p3_m3_r1,candidate,1021,1,0.5600,0.5020,,,,,mask=0xCD;m=2;r=1
singleton_p3_m3_r1,candidate,1022,1,0.5480,0.5420,,,,,mask=0xCD;m=3;r=0
singleton_p3_m3_r1,candidate,1023,1,0.5890,0.5760,,,,,mask=0xCD;m=3;r=1
singleton_p3_m3_r1,candidate,1024,1,0.5940,0.5720,,,,,mask=0xCD;m=3;r=2
singleton_p3_m3_r1,candidate,1025,1,0.4490,0.4860,,,,,mask=0xCE;m=2;r=0
singleton_p3_m3_r1,candidate,1026,1,0.5510,0.5140,,,,,mask=0xCE;m=2;r=1
singleton_p3_m3_r1,candidate,1027,1,0.5870,0.5300,,,,,mask=0xCE;m=3;r=0
singleton_p3_m3_r1,candidate,1028,1,0.5480,0.5740,,,,,mask=0xCE;m=3;r=1
singleton_p3_m3_r1,candidate,1029,1,0.5960,0.5860,,,,,mask=0xCE;m=3;r=2
singleton_p3_m3_r1,candidate,1030,1,0.4750,0.4700,,,,,mask=0xCF;m=2;r=0
singleton_p3_m3_r1,candidate,1031,1,0.5250,0.5300,,,,,mask=0xCF;m=2;r=1
singleton_p3_m3_r1,candidate,1032,1,0.5890,0.5680,,,,,mask=0xCF;m=3;r=0
singleton_p3_m3_r1,candidate,1033,1,0.5860,0.5700,,,,,mask=0xCF;m=3;r=1
singleton_p3_m3_r1,candidate,1034,1,0.5560,0.5520,,,,,mask=0xCF;m=3;r=2
singleton_p3_m3_r1,candidate,1035,1,0.4980,0.4780,,,,,mask=0xD0;m=2;r=0
singleton_p3_m3_r1,candidate,1036,1,0.5020,0.5220,,,,,mask=0xD0;m=2;r=1
singleton_p3_m3_r1,candidate,1037,1,0.5690,0.5440,,,,,mask=0xD0;m=3;r=0
singleton_p3_m3_r1,candidate,1038,1,0.5680,0.5920,,,,,mask=0xD0;m=3;r=1
singleton_p3_m3_r1,candidate,1039,1,0.5940,0.5540,,,,,mask=0xD0;m=3;r=2
singleton_p3_m3_r1,candidate,1040,1,0.4730,0.4460,,,,,mask=0xD1;m=2;r=0
singleton_p3_m3_r1,candidate,1041,1,0.5270,0.5540,,,,,mask=0xD1;m=2;r=1
singleton_p3_m3_r1,candidate,1042,1,0.5630,0.5500,,,,,mask=0xD1;m=3;r=0
singleton_p3_m3_r1,candidate,1043,1,0.5830,0.5880,,,,,mask=0xD1;m=3;r=1
singleton_p3_m3_r1,candidate,1044,1,0.5850,0.5520,,,,,mask=0xD1;m=3;r=2
singleton_p3_m3_r1,candidate,1045,1,0.5080,0.4620,,,,,mask=0xD2;m=2;r=0
singleton_p3_m3_r1,candidate,1046,1,0.4920,0.5380,,,,,mask=0xD2;m=2;r=1
singleton_p3_m3_r1,candidate,1047,1,0.5850,0.5160,,,,,mask=0xD2;m=3;r=0
singleton_p3_m3_r1,candidate,1048,1,0.5570,0.5540,,,,,mask=0xD2;m=3;r=1
singleton_p3_m3_r1,candidate,1049,1,0.5890,0.6200,,,,,mask=0xD2;m=3;r=2
singleton_p3_m3_r1,candidate,1050,1,0.4900,0.4560,,,,,mask=0xD3;m=2;r=0
singleton_p3_m3_r1,candidate,1051,1,0.5100,0.5440,,,,,mask=0xD3;m=2;r=1
singleton_p3_m3_r1,candidate,1052,1,0.5800,0.5320,,,,,mask=0xD3;m=3;r=0
singleton_p3_m3_r1,candidate,1053,1,0.5770,0.5700,,,,,mask=0xD3;m=3;r=1
singleton_p3_m3_r1,candidate,1054,1,0.5740,0.5880,,,,,mask=0xD3;m=3;r=2
singleton_p3_m3_r1,candidate,1055,1,0.4950,0.4620,,,,,mask=0xD4;m=2;r=0
singleton_p3_m3_r1,candidate,1056,1,0.5050,0.5380,,,,,mask=0xD4;m=2;r=1
singleton_p3_m3_r1,candidate,1057,1,0.5720,0.5240,,,,,mask=0xD4;m=3;r=0
singleton_p3_m3_r1,candidate,1058,1,0.5940,0.5760,,,,,mask=0xD4;m=3;r=1
singleton_p3_m3_r1,candidate,1059,1,0.5650,0.5900,,,,,mask=0xD4;m=3;r=2
singleton_p3_m3_r1,candidate,1060,1,0.5130,0.5120,,,,,mask=0xD5;m=2;r=0
singleton_p3_m3_r1,candidate,1061,1,0.4870,0.4880,,,,,mask=0xD5;m=2;r=1
singleton_p3_m3_r1,candidate,1062,1,0.6020,0.5540,,,,,mask=0xD5;m=3;r=0
singleton_p3_m3_r1,candidate,1063,1,0.5670,0.5880,,,,,mask=0xD5;m=3;r=1
singleton_p3_m3_r1,candidate,1064,1,0.5620,0.5480,,,,,mask=0xD5;m=3;r=2
singleton_p3_m3_r1,candidate,1065,1,0.4810,0.5300,,,,,mask=0xD6;m=2;r=0
singleton_p3_m3_r1,candidate,1066,1,0.5190,0.4700,,,,,mask=0xD6;m=2;r=1
singleton_p3_m3_r1,candidate,1067,1,0.5850,0.5500,,,,,mask=0xD6;m=3;r=0
singleton_p3_m3_r1,candidate,1068,1,0.5770,0.5600,,,,,mask=0xD6;m=3;r=1
singleton_p3_m3_r1,candidate,1069,1,0.5690,0.5800,,,,,mask=0xD6;m=3;r=2
singleton_p3_m3_r1,candidate,1070,1,0.4620,0.4660,,,,,mask=0xD7;m=2;r=0
singleton_p3_m3_r1,candidate,1071,1,0.5380,0.5340,,,,,mask=0xD7;m=2;r=1
singleton_p3_m3_r1,candidate,1072,1,0.5400,0.5460,,,,,mask=0xD7;m=3;r=0
singleton_p3_m3_r1,candidate,1073,1,0.5660,0.6080,,,,,mask=0xD7;m=3;r=1
singleton_p3_m3_r1,candidate,1074,1,0.6250,0.5360,,,,,mask=0xD7;m=3;r=2
singleton_p3_m3_r1,candidate,1075,1,0.4650,0.4720,,,,,mask=0xD8;m=2;r=0
singleton_p3_m3_r1,candidate,1076,1,0.5350,0.5280,,,,,mask=0xD8;m=2;r=1
singleton_p3_m3_r1,candidate,1077,1,0.5340,0.5120,,,,,mask=0xD8;m=3;r=0
singleton_p3_m3_r1,candidate,1078,1,0.6090,0.6040,,,,,mask=0xD8;m=3;r=1
singleton_p3_m3_r1,candidate,1079,1,0.5880,0.5740,,,,,mask=0xD8;m=3;r=2
singleton_p3_m3_r1,candidate,1080,1,0.4720,0.4880,,,,,mask=0xD9;m=2;r=0
singleton_p3_m3_r1,candidate,1081,1,0.5280,0.5120,,,,,mask=0xD9;m=2;r=1
singleton_p3_m3_r1,candidate,1082,1,0.5610,0.5640,,,,,mask=0xD9;m=3;r=0
singleton_p3_m3_r1,candidate,1083,1,0.5730,0.5940,,,,,mask=0xD9;m=3;r=1
singleton_p3_m3_r1,candidate,1084,1,0.5970,0.5320,,,,,mask=0xD9;m=3;r=2
singleton_p3_m3_r1,candidate,1085,1,0.4620,0.4640,,,,,mask=0xDA;m=2;r=0
singleton_p3_m3_r1,candidate,1086,1,0.5380,0.5360,,,,,mask=0xDA;m=2;r=1
singleton_p3_m3_r1,candidate,1087,1,0.5600,0.5420,,,,,mask=0xDA;m=3;r=0
singleton_p3_m3_r1,candidate,1088,1,0.5700,0.5980,,,,,mask=0xDA;m=3;r=1
singleton_p3_m3_r1,candidate,1089,1,0.6010,0.5500,,,,,mask=0xDA;m=3;r=2
singleton_p3_m3_r1,candidate,1090,1,0.4580,0.4860,,,,,mask=0xDB;m=2;r=0
singleton_p3_m3_r1,candidate,1091,1,0.5420,0.5140,,,,,mask=0xDB;m=2;r=1
singleton_p3_m3_r1,candidate,1092,1,0.5810,0.5960,,,,,mask=0xDB;m=3;r=0
singleton_p3_m3_r1,candidate,1093,1,0.5980,0.5100,,,,,mask=0xDB;m=3;r=1
singleton_p3_m3_r1,candidate,1094,1,0.5520,0.5840,,,,,mask=0xDB;m=3;r=2
singleton_p3_m3_r1,candidate,1095,1,0.4690,0.4840,,,,,mask=0xDC;m=2;r=0
singleton_p3_m3_r1,candidate,1096,1,0.5310,0.5160,,,,,mask=0xDC;m=2;r=1
singleton_p3_m3_r1,candidate,1097,1,0.5940,0.5500,,,,,mask=0xDC;m=3;r=0
singleton_p3_m3_r1,candidate,1098,1,0.5450,0.5860,,,,,mask=0xDC;m=3;r=1
singleton_p3_m3_r1,candidate,1099,1,0.5920,0.5540,,,,,mask=0xDC;m=3;r=2
singleton_p3_m3_r1,candidate,1100,1,0.4730,0.4940,,,,,mask=0xDD;m=2;r=0
singleton_p3_m3_r1,candidate,1101,1,0.5270,0.5060,,,,,mask=0xDD;m=2;r=1
singleton_p3_m3_r1,candidate,1102,1,0.5870,0.6240,,,,,mask=0xDD;m=3;r=0
singleton_p3_m3_r1,candidate,1103,1,0.5650,0.5180,,,,,mask=0xDD;m=3;r=1
singleton_p3_m3_r1,candidate,1104,1,0.5790,0.5480,,,,,mask=0xDD;m=3;r=2
singleton_p3_m3_r1,candidate,1105,1,0.4540,0.4520,,,,,mask=0xDE;m=2;r=0
singleton_p3_m3_r1,candidate,1106,1,0.5460,0.5480,,,,,mask=0xDE;m=2;r=1
singleton_p3_m3_r1,candidate,1107,1,0.5770,0.5560,,,,,mask=0xDE;m=3;r=0
singleton_p3_m3_r1,candidate,1108,1,0.5890,0.5480,,,,,mask=0xDE;m=3;r=1
singleton_p3_m3_r1,candidate,1109,1,0.5650,0.5860,,,,,mask=0xDE;m=3;r=2
singleton_p3_m3_r1,candidate,1110,1,0.4330,0.4560,,,,,mask=0xDF;m=2;r=0
singleton_p3_m3_r1,candidate,1111,1,0.5670,0.5440,,,,,mask=0xDF;m=2;r=1
singleton_p3_m3_r1,candidate,1112,1,0.4650,0.5120,,,,,mask=0xDF;m=3;r=0
singleton_p3_m3_r1,candidate,1113,1,0.6700,0.6360,,,,,mask=0xDF;m=3;r=1
singleton_p3_m3_r1,candidate,1114,1,0.5960,0.5420,,,,,mask=0xDF;m=3;r=2
singleton_p3_m3_r1,candidate,1115,1,0.4810,0.4900,,,,,mask=0xE0;m=2;r=0
singleton_p3_m3_r1,candidate,1116,1,0.5190,0.5100,,,,,mask=0xE0;m=2;r=1
singleton_p3_m3_r1,candidate,1117,1,0.5680,0.5300,,,,,mask=0xE0;m=3;r=0
singleton_p3_m3_r1,candidate,1118,1,0.5770,0.6180,,,,,mask=0xE0;m=3;r=1
singleton_p3_m3_r1,candidate,1119,1,0.5860,0.5420,,,,,mask=0xE0;m=3;r=2
singleton_p3_m3_r1,candidate,1120,1,0.4900,0.5020,,,,,mask=0xE1;m=2;r=0
singleton_p3_m3_r1,candidate,1121,1,0.5100,0.4980,,,,,mask=0xE1;m=2;r=1
singleton_p3_m3_r1,candidate,1122,1,0.5530,0.5440,,,,,mask=0xE1;m=3;r=0
singleton_p3_m3_r1,candidate,1123,1,0.5960,0.5560,,,,,mask=0xE1;m=3;r=1
singleton_p3_m3_r1,candidate,1124,1,0.5820,0.5900,,,,,mask=0xE1;m=3;r=2
singleton_p3_m3_r1,candidate,1125,1,0.4470,0.4800,,,,,mask=0xE2;m=2;r=0
singleton_p3_m3_r1,candidate,1126,1,0.5530,0.5200,,,,,mask=0xE2;m=2;r=1
singleton_p3_m3_r1,candidate,1127,1,0.5660,0.5900,,,,,mask=0xE2;m=3;r=0
singleton_p3_m3_r1,candidate,1128,1,0.5950,0.5440,,,,,mask=0xE2;m=3;r=1
singleton_p3_m3_r1,candidate,1129,1,0.5700,0.5560,,,,,mask=0xE2;m=3;r=2
singleton_p3_m3_r1,candidate,1130,1,0.4930,0.4740,,,,,mask=0xE3;m=2;r=0
singleton_p3_m3_r1,candidate,1131,1,0.5070,0.5260,,,,,mask=0xE3;m=2;r=1
singleton_p3_m3_r1,candidate,1132,1,0.5640,0.5400,,,,,mask=0xE3;m=3;r=0
singleton_p3_m3_r1,candidate,1133,1,0.6010,0.5600,,,,,mask=0xE3;m=3;r=1
singleton_p3_m3_r1,candidate,1134,1,0.5660,0.5900,,,,,mask=0xE3;m=3;r=2
singleton_p3_m3_r1,candidate,1135,1,0.4510,0.4680,,,,,mask=0xE4;m=2;r=0
singleton_p3_m3_r1,candidate,1136,1,0.5490,0.5320,,,,,mask=0xE4;m=2;r=1
singleton_p3_m3_r1,candidate,1137,1,0.5320,0.5480,,,,,mask=0xE4;m=3;r=0
singleton_p3_m3_r1,candidate,1138,1,0.5980,0.5920,,,,,mask=0xE4;m=3;r=1
singleton_p3_m3_r1,candidate,1139,1,0.6010,0.5500,,,,,mask=0xE4;m=3;r=2
singleton_p3_m3_r1,candidate,1140,1,0.4930,0.4980,,,,,mask=0xE5;m=2;r=0
singleton_p3_m3_r1,candidate,1141,1,0.5070,0.5020,,,,,mask=0xE5;m=2;r=1
singleton_p3_m3_r1,candidate,1142,1,0.5630,0.5360,,,,,mask=0xE5;m=3;r=0
singleton_p3_m3_r1,candidate,1143,1,0.6090,0.5680,,,,,mask=0xE5;m=3;r=1
singleton_p3_m3_r1,candidate,1144,1,0.5590,0.5860,,,,,mask=0xE5;m=3;r=2
singleton_p3_m3_r1,candidate,1145,1,0.4710,0.4780,,,,,mask=0xE6;m=2;r=0
singleton_p3_m3_r1,candidate,1146,1,0.5290,0.5220,,,,,mask=0xE6;m=2;r=1
singleton_p3_m3_r1,candidate,1147,1,0.5980,0.5420,,,,,mask=0xE6;m=3;r=0
singleton_p3_m3_r1,candidate,1148,1,0.5640,0.5880,,,,,mask=0xE6;m=3;r=1
singleton_p3_m3_r1,candidate,1149,1,0.5690,0.5600,,,,,mask=0xE6;m=3;r=2
singleton_p3_m3_r1,candidate,1150,1,0.4820,0.4780,,,,,mask=0xE7;m=2;r=0
singleton_p3_m3_r1,candidate,1151,1,0.5180,0.5220,,,,,mask=0xE7;m=2;r=1
singleton_p3_m3_r1,candidate,1152,1,0.5560,0.5260,,,,,mask=0xE7;m=3;r=0
singleton_p3_m3_r1,candidate,1153,1,0.5780,0.5940,,,,,mask=0xE7;m=3;r=1
singleton_p3_m3_r1,candidate,1154,1,0.5970,0.5700,,,,,mask=0xE7;m=3;r=2
singleton_p3_m3_r1,candidate,1155,1,0.5040,0.4720,,,,,mask=0xE8;m=2;r=0
singleton_p3_m3_r1,candidate,1156,1,0.4960,0.5280,,,,,mask=0xE8;m=2;r=1
singleton_p3_m3_r1,candidate,1157,1,0.5330,0.5160,,,,,mask=0xE8;m=3;r=0
singleton_p3_m3_r1,candidate,1158,1,0.6170,0.5800,,,,,mask=0xE8;m=3;r=1
singleton_p3_m3_r1,candidate,1159,1,0.5810,0.5940,,,,,mask=0xE8;m=3;r=2
singleton_p3_m3_r1,candidate,1160,1,0.4690,0.4560,,,,,mask=0xE9;m=2;r=0
singleton_p3_m3_r1,candidate,1161,1,0.5310,0.5440,,,,,mask=0xE9;m=2;r=1
singleton_p3_m3_r1,candidate,1162,1,0.5580,0.5720,,,,,mask=0xE9;m=3;r=0
singleton_p3_m3_r1,candidate,1163,1,0.6040,0.5380,,,,,mask=0xE9;m=3;r=1
singleton_p3_m3_r1,candidate,1164,1,0.5690,0.5800,,,,,mask=0xE9;m=3;r=2
singleton_p3_m3_r1,candidate,1165,1,0.4470,0.4500,,,,,mask=0xEA;m=2;r=0
singleton_p3_m3_r1,candidate,1166,1,0.5530,0.5500,,,,,mask=0xEA;m=2;r=1
singleton_p3_m3_r1,candidate,1167,1,0.5570,0.5580,,,,,mask=0xEA;m=3;r=0
singleton_p3_m3_r1,candidate,1168,1,0.5690,0.5580,,,,,mask=0xEA;m=3;r=1
singleton_p3_m3_r1,candidate,1169,1,0.6050,0.5740,,,,,mask=0xEA;m=3;r=2
singleton_p3_m3_r1,candidate,1170,1,0.4750,0.4440,,,,,mask=0xEB;m=2;r=0
singleton_p3_m3_r1,candidate,1171,1,0.5250,0.5560,,,,,mask=0xEB;m=2;r=1
singleton_p3_m3_r1,candidate,1172,1,0.5900,0.5480,,,,,mask=0xEB;m=3;r=0
singleton_p3_m3_r1,candidate,1173,1,0.5740,0.5500,,,,,mask=0xEB;m=3;r=1
singleton_p3_m3_r1,candidate,1174,1,0.5670,0.5920,,,,,mask=0xEB;m=3;r=2
singleton_p3_m3_r1,candidate,1175,1,0.4730,0.4580,,,,,mask=0xEC;m=2;r=0
singleton_p3_m3_r1,candidate,1176,1,0.5270,0.5420,,,,,mask=0xEC;m=2;r=1
singleton_p3_m3_r1,candidate,1177,1,0.5630,0.5340,,,,,mask=0xEC;m=3;r=0
singleton_p3_m3_r1,candidate,1178,1,0.5900,0.5780,,,,,mask=0xEC;m=3;r=1
singleton_p3_m3_r1,candidate,1179,1,0.5780,0.5780,,,,,mask=0xEC;m=3;r=2
singleton_p3_m3_r1,candidate,1180,1,0.4550,0.4560,,,,,mask=0xED;m=2;r=0
singleton_p3_m3_r1,candidate,1181,1,0.5450,0.5440,,,,,mask=0xED;m=2;r=1
singleton_p3_m3_r1,candidate,1182,1,0.6180,0.5620,,,,,mask=0xED;m=3;r=0
singleton_p3_m3_r1,candidate,1183,1,0.5530,0.6020,,,,,mask=0xED;m=3;r=1
singleton_p3_m3_r1,candidate,1184,1,0.5600,0.5260,,,,,mask=0xED;m=3;r=2
singleton_p3_m3_r1,candidate,1185,1,0.4300,0.4520,,,,,mask=0xEE;m=2;r=0
singleton_p3_m3_r1,candidate,1186,1,0.5700,0.5480,,,,,mask=0xEE;m=2;r=1
singleton_p3_m3_r1,candidate,1187,1,0.5740,0.5800,,,,,mask=0xEE;m=3;r=0
singleton_p3_m3_r1,candidate,1188,1,0.5800,0.5700,,,,,mask=0xEE;m=3;r=1
singleton_p3_m3_r1,candidate,1189,1,0.5770,0.5400,,,,,mask=0xEE;m=3;r=2
singleton_p3_m3_r1,candidate,1190,1,0.4530,0.4720,,,,,mask=0xEF;m=2;r=0
singleton_p3_m3_r1,candidate,1191,1,0.5470,0.5280,,,,,mask=0xEF;m=2;r=1
singleton_p3_m3_r1,candidate,1192,1,0.4620,0.4240,,,,,mask=0xEF;m=3;r=0
singleton_p3_m3_r1,candidate,1193,1,0.6650,0.6660,,,,,mask=0xEF;m=3;r=1
singleton_p3_m3_r1,candidate,1194,1,0.6040,0.6000,,,,,mask=0xEF;m=3;r=2
singleton_p3_m3_r1,candidate,1195,1,0.4750,0.4880,,,,,mask=0xF0;m=2;r=0
singleton_p3_m3_r1,candidate,1196,1,0.5250,0.5120,,,,,mask=0xF0;m=2;r=1
singleton_p3_m3_r1,candidate,1197,1,0.5820,0.5260,,,,,mask=0xF0;m=3;r=0
singleton_p3_m3_r1,candidate,1198,1,0.5970,0.5700,,,,,mask=0xF0;m=3;r=1
singleton_p3_m3_r1,candidate,1199,1,0.5520,0.5940,,,,,mask=0xF0;m=3;r=2
singleton_p3_m3_r1,candidate,1200,1,0.5070,0.4720,,,,,mask=0xF1;m=2;r=0
singleton_p3_m3_r1,candidate,1201,1,0.4930,0.5280,,,,,mask=0xF1;m=2;r=1
singleton_p3_m3_r1,candidate,1202,1,0.5420,0.5680,,,,,mask=0xF1;m=3;r=0
singleton_p3_m3_r1,candidate,1203,1,0.5800,0.5720,,,,,mask=0xF1;m=3;r=1
singleton_p3_m3_r1,candidate,1204,1,0.6090,0.5500,,,,,mask=0xF1;m=3;r=2
singleton_p3_m3_r1,candidate,1205,1,0.4840,0.4520,,,,,mask=0xF2;m=2;r=0
singleton_p3_m3_r1,candidate,1206,1,0.5160,0.5480,,,,,mask=0xF2;m=2;r=1
singleton_p3_m3_r1,candidate,1207,1,0.5870,0.5720,,,,,mask=0xF2;m=3;r=0
singleton_p3_m3_r1,candidate,1208,1,0.5630,0.5580,,,,,mask=0xF2;m=3;r=1
singleton_p3_m3_r1,candidate,1209,1,0.5810,0.5600,,,,,mask=0xF2;m=3;r=2
singleton_p3_m3_r1,candidate,1210,1,0.4730,0.4620,,,,,mask=0xF3;m=2;r=0
singleton_p3_m3_r1,candidate,1211,1,0.5270,0.5380,,,,,mask=0xF3;m=2;r=1
singleton_p3_m3_r1,candidate,1212,1,0.5520,0.5120,,,,,mask=0xF3;m=3;r=0
singleton_p3_m3_r1,candidate,1213,1,0.5730,0.6120,,,,,mask=0xF3;m=3;r=1
singleton_p3_m3_r1,candidate,1214,1,0.6060,0.5660,,,,,mask=0xF3;m=3;r=2
singleton_p3_m3_r1,candidate,1215,1,0.4830,0.5260,,,,,mask=0xF4;m=2;r=0
singleton_p3_m3_r1,candidate,1216,1,0.5170,0.4740,,,,,mask=0xF4;m=2;r=1
singleton_p3_m3_r1,candidate,1217,1,0.5880,0.5220,,,,,mask=0xF4;m=3;r=0
singleton_p3_m3_r1,candidate,1218,1,0.5730,0.5720,,,,,mask=0xF4;m=3;r=1
singleton_p3_m3_r1,candidate,1219,1,0.5700,0.5960,,,,,mask=0xF4;m=3;r=2
singleton_p3_m3_r1,candidate,1220,1,0.4740,0.4760,,,,,mask=0xF5;m=2;r=0
singleton_p3_m3_r1,candidate,1221,1,0.5260,0.5240,,,,,mask=0xF5;m=2;r=1
singleton_p3_m3_r1,candidate,1222,1,0.5660,0.5340,,,,,mask=0xF5;m=3;r=0
singleton_p3_m3_r1,candidate,1223,1,0.5800,0.5960,,,,,mask=0xF5;m=3;r=1
singleton_p3_m3_r1,candidate,1224,1,0.5850,0.5600,,,,,mask=0xF5;m=3;r=2
singleton_p3_m3_r1,candidate,1225,1,0.4400,0.4540,,,,,mask=0xF6;m=2;r=0
singleton_p3_m3_r1,candidate,1226,1,0.5600,0.5460,,,,,mask=0xF6;m=2;r=1
singleton_p3_m3_r1,candidate,1227,1,0.5540,0.5380,,,,,mask=0xF6;m=3;r=0
singleton_p3_m3_r1,candidate,1228,1,0.5660,0.5940,,,,,mask=0xF6;m=3;r=1
singleton_p3_m3_r1,candidate,1229,1,0.6110,0.5580,,,,,mask=0xF6;m=3;r=2
singleton_p3_m3_r1,candidate,1230,1,0.4880,0.4580,,,,,mask=0xF7;m=2;r=0
singleton_p3_m3_r1,candidate,1231,1,0.5120,0.5420,,,,,mask=0xF7;m=2;r=1
singleton_p3_m3_r1,candidate,1232,1,0.5690,0.5500,,,,,mask=0xF7;m=3;r=0
singleton_p3_m3_r1,candidate,1233,1,0.5270,0.4720,,,,,mask=0xF7;m=3;r=1
singleton_p3_m3_r1,candidate,1234,1,0.6350,0.6680,,,,,mask=0xF7;m=3;r=2
singleton_p3_m3_r1,candidate,1235,1,0.4500,0.4200,,,,,mask=0xF8;m=2;r=0
singleton_p3_m3_r1,candidate,1236,1,0.5500,0.5800,,,,,mask=0xF8;m=2;r=1
singleton_p3_m3_r1,candidate,1237,1,0.5530,0.5940,,,,,mask=0xF8;m=3;r=0
singleton_p3_m3_r1,candidate,1238,1,0.5670,0.5440,,,,,mask=0xF8;m=3;r=1
singleton_p3_m3_r1,candidate,1239,1,0.6110,0.5520,,,,,mask=0xF8;m=3;r=2
singleton_p3_m3_r1,candidate,1240,1,0.4480,0.4600,,,,,mask=0xF9;m=2;r=0
singleton_p3_m3_r1,candidate,1241,1,0.5520,0.5400,,,,,mask=0xF9;m=2;r=1
singleton_p3_m3_r1,candidate,1242,1,0.5900,0.5800,,,,,mask=0xF9;m=3;r=0
singleton_p3_m3_r1,candidate,1243,1,0.5820,0.5220,,,,,mask=0xF9;m=3;r=1
singleton_p3_m3_r1,candidate,1244,1,0.5590,0.5880,,,,,mask=0xF9;m=3;r=2
singleton_p3_m3_r1,candidate,1245,1,0.4540,0.4520,,,,,mask=0xFA;m=2;r=0
singleton_p3_m3_r1,candidate,1246,1,0.5460,0.5480,,,,,mask=0xFA;m=2;r=1
singleton_p3_m3_r1,candidate,1247,1,0.5540,0.5740,,,,,mask=0xFA;m=3;r=0
singleton_p3_m3_r1,candidate,1248,1,0.6080,0.5300,,,,,mask=0xFA;m=3;r=1
singleton_p3_m3_r1,candidate,1249,1,0.5690,0.5860,,,,,mask=0xFA;m=3;r=2
singleton_p3_m3_r1,candidate,1250,1,0.4390,0.4060,,,,,mask=0xFB;m=2;r=0
singleton_p3_m3_r1,candidate,1251,1,0.5610,0.5940,,,,,mask=0xFB;m=2;r=1
singleton_p3_m3_r1,candidate,1252,1,0.4600,0.4400,,,,,mask=0xFB;m=3;r=0
singleton_p3_m3_r1,candidate,1253,1,0.6700,0.6680,,,,,mask=0xFB;m=3;r=1
singleton_p3_m3_r1,candidate,1254,1,0.6010,0.5820,,,,,mask=0xFB;m=3;r=2
singleton_p3_m3_r1,candidate,1255,1,0.4350,0.4660,,,,,mask=0xFC;m=2;r=0
singleton_p3_m3_r1,candidate,1256,1,0.5650,0.5340,,,,,mask=0xFC;m=2;r=1
singleton_p3_m3_r1,candidate,1257,1,0.5930,0.5960,,,,,mask=0xFC;m=3;r=0
singleton_p3_m3_r1,candidate,1258,1,0.5620,0.5280,,,,,mask=0xFC;m=3;r=1
singleton_p3_m3_r1,candidate,1259,1,0.5760,0.5660,,,,,mask=0xFC;m=3;r=2
singleton_p3_m3_r1,candidate,1260,1,0.4520,0.4760,,,,,mask=0xFD;m=2;r=0
singleton_p3_m3_r1,candidate,1261,1,0.5480,0.5240,,,,,mask=0xFD;m=2;r=1
singleton_p3_m3_r1,candidate,1262,1,0.4480,0.5060,,,,,mask=0xFD;m=3;r=0
singleton_p3_m3_r1,candidate,1263,1,0.6980,0.6200,,,,,mask=0xFD;m=3;r=1
singleton_p3_m3_r1,candidate,1264,1,0.5850,0.5640,,,,,mask=0xFD;m=3;r=2
singleton_p3_m3_r1,candidate,1265,1,0.4390,0.4780,,,,,mask=0xFE;m=2;r=0
singleton_p3_m3_r1,candidate,1266,1,0.5610,0.5220,,,,,mask=0xFE;m=2;r=1
singleton_p3_m3_r1,candidate,1267,1,0.4550,0.4580,,,,,mask=0xFE;m=3;r=0
singleton_p3_m3_r1,candidate,1268,1,0.6650,0.6700,,,,,mask=0xFE;m=3;r=1
singleton_p3_m3_r1,candidate,1269,1,0.6110,0.5620,,,,,mask=0xFE;m=3;r=2
singleton_p3_m3_r1,random_trial,0,1270,,0.6260,,,,,max_validation=1.0000
singleton_p3_m3_r1,random_trial,1,1270,,0.6260,,,,,max_validation=1.0000
singleton_p3_m3_r1,random_trial,2,1270,,0.6260,,,,,max_validation=1.0000
singleton_p3_m3_r1,random_trial,3,1270,,0.6260,,,,,max_validation=1.0000
singleton_p3_m3_r1,random_trial,4,1270,,0.6260,,,,,max_validation=1.0000
singleton_p3_m3_r1,random_trial,5,1270,,0.6260,,,,,max_validation=0.6660
singleton_p3_m3_r1,random_trial,6,1270,,0.6260,,,,,max_validation=1.0000
singleton_p3_m3_r1,random_trial,7,1270,,0.6260,,,,,max_validation=0.6700
singleton_p3_m3_r1,random_trial,8,1270,,0.6260,,,,,max_validation=1.0000
singleton_p3_m3_r1,random_trial,9,1270,,0.6260,,,,,max_validation=1.0000
singleton_p3_m3_r1,random_trial,10,1270,,0.6260,,,,,max_validation=0.6680
singleton_p3_m3_r1,random_trial,11,1270,,0.6260,,,,,max_validation=1.0000
singleton_p3_m3_r1,random_trial,12,1270,,0.6260,,,,,max_validation=0.6660
singleton_p3_m3_r1,random_trial,13,1270,,0.6260,,,,,max_validation=1.0000
singleton_p3_m3_r1,random_trial,14,1270,,0.6260,,,,,max_validation=1.0000
singleton_p3_m3_r1,random_trial,15,1270,,0.6260,,,,,max_validation=0.6700
singleton_p3_m3_r1,random_trial,16,1270,,0.6260,,,,,max_validation=0.6700
singleton_p3_m3_r1,random_trial,17,1270,,0.6260,,,,,max_validation=1.0000
singleton_p3_m3_r1,random_trial,18,1270,,0.6260,,,,,max_validation=1.0000
singleton_p3_m3_r1,random_trial,19,1270,,0.6260,,,,,max_validation=1.0000
singleton_p3_m3_r1,random_trial,20,1270,,0.6260,,,,,max_validation=0.6680
singleton_p3_m3_r1,random_trial,21,1270,,0.6260,,,,,max_validation=1.0000
singleton_p3_m3_r1,random_trial,22,1270,,0.6260,,,,,max_validation=0.6680
singleton_p3_m3_r1,random_trial,23,1270,,0.6260,,,,,max_validation=1.0000
singleton_p3_m3_r1,random_trial,24,1270,,0.6260,,,,,max_validation=0.6700
singleton_p3_m3_r1,random_trial,25,1270,,0.6260,,,,,max_validation=1.0000
singleton_p3_m3_r1,random_trial,26,1270,,0.6260,,,,,max_validation=1.0000
singleton_p3_m3_r1,random_trial,27,1270,,0.6260,,,,,max_validation=1.0000
singleton_p3_m3_r1,random_trial,28,1270,,0.6260,,,,,max_validation=0.6700
singleton_p3_m3_r1,random_trial,29,1270,,0.6260,,,,,max_validation=1.0000
singleton_p3_m3_r1,random_trial,30,1270,,0.6260,,,,,max_validation=1.0000
singleton_p3_m3_r1,random_trial,31,1270,,0.6260,,,,,max_validation=1.0000
singleton_p3_m3_r1,random_trial,32,1270,,0.6260,,,,,max_validation=0.6700
singleton_p3_m3_r1,random_trial,33,1270,,0.6260,,,,,max_validation=1.0000
singleton_p3_m3_r1,random_trial,34,1270,,0.6260,,,,,max_validation=1.0000
singleton_p3_m3_r1,random_trial,35,1270,,0.6260,,,,,max_validation=0.6660
singleton_p3_m3_r1,random_trial,36,1270,,0.6260,,,,,max_validation=1.0000
singleton_p3_m3_r1,random_trial,37,1270,,0.6260,,,,,max_validation=0.6700
singleton_p3_m3_r1,random_trial,38,1270,,0.6260,,,,,max_validation=1.0000
singleton_p3_m3_r1,random_trial,39,1270,,0.6260,,,,,max_validation=1.0000
singleton_p3_m3_r1,random_trial,40,1270,,0.6260,,,,,max_validation=1.0000
singleton_p3_m3_r1,random_trial,41,1270,,0.6260,,,,,max_validation=1.0000
singleton_p3_m3_r1,random_trial,42,1270,,0.6260,,,,,max_validation=1.0000
singleton_p3_m3_r1,random_trial,43,1270,,0.6260,,,,,max_validation=1.0000
singleton_p3_m3_r1,random_trial,44,1270,,0.6260,,,,,max_validation=0.6680
singleton_p3_m3_r1,random_trial,45,1270,,0.6260,,,,,max_validation=1.0000
singleton_p3_m3_r1,random_trial,46,1270,,0.6260,,,,,max_validation=0.6700
singleton_p3_m3_r1,random_trial,47,1270,,0.6260,,,,,max_validation=1.0000
singleton_p3_m3_r1,random_trial,48,1270,,0.6260,,,,,max_validation=1.0000
singleton_p3_m3_r1,random_trial,49,1270,,0.6260,,,,,max_validation=0.6700
singleton_p3_m3_r1,random_trial,50,1270,,0.6260,,,,,max_validation=0.6700
singleton_p3_m3_r1,random_trial,51,1270,,0.6260,,,,,max_validation=1.0000
singleton_p3_m3_r1,random_trial,52,1270,,0.6260,,,,,max_validation=1.0000
singleton_p3_m3_r1,random_trial,53,1270,,0.6260,,,,,max_validation=1.0000
singleton_p3_m3_r1,random_trial,54,1270,,0.6260,,,,,max_validation=1.0000
singleton_p3_m3_r1,random_trial,55,1270,,0.6260,,,,,max_validation=0.6700
singleton_p3_m3_r1,random_trial,56,1270,,0.6260,,,,,max_validation=1.0000
singleton_p3_m3_r1,random_trial,57,1270,,0.6260,,,,,max_validation=1.0000
singleton_p3_m3_r1,random_trial,58,1270,,0.6260,,,,,max_validation=1.0000
singleton_p3_m3_r1,random_trial,59,1270,,0.6260,,,,,max_validation=1.0000
singleton_p3_m3_r1,random_trial,60,1270,,0.6260,,,,,max_validation=1.0000
singleton_p3_m3_r1,random_trial,61,1270,,0.6260,,,,,max_validation=1.0000
singleton_p3_m3_r1,random_trial,62,1270,,0.6260,,,,,max_validation=1.0000
singleton_p3_m3_r1,random_trial,63,1270,,0.6260,,,,,max_validation=0.6680
singleton_p3_m3_r1,random_trial,64,1270,,0.6260,,,,,max_validation=1.0000
singleton_p3_m3_r1,random_trial,65,1270,,0.6260,,,,,max_validation=1.0000
singleton_p3_m3_r1,random_trial,66,1270,,0.6260,,,,,max_validation=1.0000
singleton_p3_m3_r1,random_trial,67,1270,,0.6260,,,,,max_validation=0.6700
singleton_p3_m3_r1,random_trial,68,1270,,0.6260,,,,,max_validation=1.0000
singleton_p3_m3_r1,random_trial,69,1270,,0.6260,,,,,max_validation=0.6700
singleton_p3_m3_r1,random_trial,70,1270,,0.6260,,,,,max_validation=0.6700
singleton_p3_m3_r1,random_trial,71,1270,,0.6260,,,,,max_validation=0.6700
singleton_p3_m3_r1,random_trial,72,1270,,0.6260,,,,,max_validation=0.6700
singleton_p3_m3_r1,random_trial,73,1270,,0.6260,,,,,max_validation=0.6700
singleton_p3_m3_r1,random_trial,74,1270,,0.6260,,,,,max_validation=0.6700
singleton_p3_m3_r1,random_trial,75,1270,,0.6260,,,,,max_validation=1.0000
singleton_p3_m3_r1,random_trial,76,1270,,0.6260,,,,,max_validation=0.6680
singleton_p3_m3_r1,random_trial,77,1270,,0.6260,,,,,max_validation=1.0000
singleton_p3_m3_r1,random_trial,78,1270,,0.6260,,,,,max_validation=0.6700
singleton_p3_m3_r1,random_trial,79,1270,,0.6260,,,,,max_validation=1.0000
singleton_p3_m3_r1,random_trial,80,1270,,0.6260,,,,,max_validation=1.0000
singleton_p3_m3_r1,random_trial,81,1270,,0.6260,,,,,max_validation=0.6700
singleton_p3_m3_r1,random_trial,82,1270,,0.6260,,,,,max_validation=0.6700
singleton_p3_m3_r1,random_trial,83,1270,,0.6260,,,,,max_validation=0.6700
singleton_p3_m3_r1,random_trial,84,1270,,0.6260,,,,,max_validation=1.0000
singleton_p3_m3_r1,random_trial,85,1270,,0.6260,,,,,max_validation=0.6700
singleton_p3_m3_r1,random_trial,86,1270,,0.6260,,,,,max_validation=0.6700
singleton_p3_m3_r1,random_trial,87,1270,,0.6260,,,,,max_validation=0.6680
singleton_p3_m3_r1,random_trial,88,1270,,0.6260,,,,,max_validation=0.6700
singleton_p3_m3_r1,random_trial,89,1270,,0.6260,,,,,max_validation=1.0000
singleton_p3_m3_r1,random_trial,90,1270,,0.6260,,,,,max_validation=1.0000
singleton_p3_m3_r1,random_trial,91,1270,,0.6260,,,,,max_validation=0.6680
singleton_p3_m3_r1,random_trial,92,1270,,0.6260,,,,,max_validation=1.0000
singleton_p3_m3_r1,random_trial,93,1270,,0.6260,,,,,max_validation=1.0000
singleton_p3_m3_r1,random_trial,94,1270,,0.6260,,,,,max_validation=1.0000
singleton_p3_m3_r1,random_trial,95,1270,,0.6260,,,,,max_validation=0.6700
singleton_p3_m3_r1,random_trial,96,1270,,0.6260,,,,,max_validation=0.6680
singleton_p3_m3_r1,random_trial,97,1270,,0.6260,,,,,max_validation=1.0000
singleton_p3_m3_r1,random_trial,98,1270,,0.6260,,,,,max_validation=1.0000
singleton_p3_m3_r1,random_trial,99,1270,,0.6260,,,,,max_validation=1.0000
singleton_p3_m3_r1,random_trial,100,1270,,0.6260,,,,,max_validation=1.0000
singleton_p3_m3_r1,random_trial,101,1270,,0.6260,,,,,max_validation=0.6700
singleton_p3_m3_r1,random_trial,102,1270,,0.6260,,,,,max_validation=1.0000
singleton_p3_m3_r1,random_trial,103,1270,,0.6260,,,,,max_validation=1.0000
singleton_p3_m3_r1,random_trial,104,1270,,0.6260,,,,,max_validation=1.0000
singleton_p3_m3_r1,random_trial,105,1270,,0.6260,,,,,max_validation=0.6700
singleton_p3_m3_r1,random_trial,106,1270,,0.6260,,,,,max_validation=1.0000
singleton_p3_m3_r1,random_trial,107,1270,,0.6260,,,,,max_validation=1.0000
singleton_p3_m3_r1,random_trial,108,1270,,0.6260,,,,,max_validation=1.0000
singleton_p3_m3_r1,random_trial,109,1270,,0.6260,,,,,max_validation=1.0000
singleton_p3_m3_r1,random_trial,110,1270,,0.6260,,,,,max_validation=1.0000
singleton_p3_m3_r1,random_trial,111,1270,,0.6260,,,,,max_validation=1.0000
singleton_p3_m3_r1,random_trial,112,1270,,0.6260,,,,,max_validation=0.6680
singleton_p3_m3_r1,random_trial,113,1270,,0.6260,,,,,max_validation=0.6700
singleton_p3_m3_r1,random_trial,114,1270,,0.6260,,,,,max_validation=1.0000
singleton_p3_m3_r1,random_trial,115,1270,,0.6260,,,,,max_validation=1.0000
singleton_p3_m3_r1,random_trial,116,1270,,0.6260,,,,,max_validation=1.0000
singleton_p3_m3_r1,random_trial,117,1270,,0.6260,,,,,max_validation=1.0000
singleton_p3_m3_r1,random_trial,118,1270,,0.6260,,,,,max_validation=0.6700
singleton_p3_m3_r1,random_trial,119,1270,,0.6260,,,,,max_validation=1.0000
singleton_p3_m3_r1,random_trial,120,1270,,0.6260,,,,,max_validation=0.6700
singleton_p3_m3_r1,random_trial,121,1270,,0.6260,,,,,max_validation=0.6680
singleton_p3_m3_r1,random_trial,122,1270,,0.6260,,,,,max_validation=0.6680
singleton_p3_m3_r1,random_trial,123,1270,,0.6260,,,,,max_validation=0.6700
singleton_p3_m3_r1,random_trial,124,1270,,0.6260,,,,,max_validation=1.0000
singleton_p3_m3_r1,random_trial,125,1270,,0.6260,,,,,max_validation=1.0000
singleton_p3_m3_r1,random_trial,126,1270,,0.6260,,,,,max_validation=1.0000
singleton_p3_m3_r1,random_trial,127,1270,,0.6260,,,,,max_validation=1.0000
singleton_p3_m3_r1,summary,0,1270,1.0000,0.6260,1.0000,1.0000,0.6328,0.2830,admitted=yes;expected=yes;chosen=0x08/3/1;blind_mean=0.8785;heldout=no;PASS
twocell_1_5_m2_r0,candidate,0,1,0.4600,0.5220,,,,,mask=0x01;m=2;r=0
twocell_1_5_m2_r0,candidate,1,1,0.5400,0.4780,,,,,mask=0x01;m=2;r=1
twocell_1_5_m2_r0,candidate,2,1,0.5080,0.4700,,,,,mask=0x01;m=3;r=0
twocell_1_5_m2_r0,candidate,3,1,0.4410,0.4940,,,,,mask=0x01;m=3;r=1
twocell_1_5_m2_r0,candidate,4,1,0.4560,0.4300,,,,,mask=0x01;m=3;r=2
twocell_1_5_m2_r0,candidate,5,1,0.4280,0.4980,,,,,mask=0x02;m=2;r=0
twocell_1_5_m2_r0,candidate,6,1,0.5720,0.5020,,,,,mask=0x02;m=2;r=1
twocell_1_5_m2_r0,candidate,7,1,0.5030,0.4980,,,,,mask=0x02;m=3;r=0
twocell_1_5_m2_r0,candidate,8,1,0.4600,0.4560,,,,,mask=0x02;m=3;r=1
twocell_1_5_m2_r0,candidate,9,1,0.4420,0.4400,,,,,mask=0x02;m=3;r=2
twocell_1_5_m2_r0,candidate,10,1,0.5580,0.5740,,,,,mask=0x03;m=2;r=0
twocell_1_5_m2_r0,candidate,11,1,0.4420,0.4260,,,,,mask=0x03;m=2;r=1
twocell_1_5_m2_r0,candidate,12,1,0.4680,0.4580,,,,,mask=0x03;m=3;r=0
twocell_1_5_m2_r0,candidate,13,1,0.4710,0.4700,,,,,mask=0x03;m=3;r=1
twocell_1_5_m2_r0,candidate,14,1,0.4660,0.4660,,,,,mask=0x03;m=3;r=2
twocell_1_5_m2_r0,candidate,15,1,0.4990,0.4920,,,,,mask=0x04;m=2;r=0
twocell_1_5_m2_r0,candidate,16,1,0.5010,0.5080,,,,,mask=0x04;m=2;r=1
twocell_1_5_m2_r0,candidate,17,1,0.5250,0.4880,,,,,mask=0x04;m=3;r=0
twocell_1_5_m2_r0,candidate,18,1,0.4550,0.4640,,,,,mask=0x04;m=3;r=1
twocell_1_5_m2_r0,candidate,19,1,0.4250,0.4420,,,,,mask=0x04;m=3;r=2
twocell_1_5_m2_r0,candidate,20,1,0.5350,0.5240,,,,,mask=0x05;m=2;r=0
twocell_1_5_m2_r0,candidate,21,1,0.4650,0.4760,,,,,mask=0x05;m=2;r=1
twocell_1_5_m2_r0,candidate,22,1,0.4870,0.5060,,,,,mask=0x05;m=3;r=0
twocell_1_5_m2_r0,candidate,23,1,0.4530,0.4600,,,,,mask=0x05;m=3;r=1
twocell_1_5_m2_r0,candidate,24,1,0.4650,0.4280,,,,,mask=0x05;m=3;r=2
twocell_1_5_m2_r0,candidate,25,1,0.5760,0.6020,,,,,mask=0x06;m=2;r=0
twocell_1_5_m2_r0,candidate,26,1,0.4240,0.3980,,,,,mask=0x06;m=2;r=1
twocell_1_5_m2_r0,candidate,27,1,0.4690,0.4580,,,,,mask=0x06;m=3;r=0
twocell_1_5_m2_r0,candidate,28,1,0.4790,0.4440,,,,,mask=0x06;m=3;r=1
twocell_1_5_m2_r0,candidate,29,1,0.4570,0.4920,,,,,mask=0x06;m=3;r=2
twocell_1_5_m2_r0,candidate,30,1,0.4850,0.4980,,,,,mask=0x07;m=2;r=0
twocell_1_5_m2_r0,candidate,31,1,0.5150,0.5020,,,,,mask=0x07;m=2;r=1
twocell_1_5_m2_r0,candidate,32,1,0.4470,0.4480,,,,,mask=0x07;m=3;r=0
twocell_1_5_m2_r0,candidate,33,1,0.4850,0.4700,,,,,mask=0x07;m=3;r=1
twocell_1_5_m2_r0,candidate,34,1,0.4730,0.4760,,,,,mask=0x07;m=3;r=2
twocell_1_5_m2_r0,candidate,35,1,0.4880,0.4920,,,,,mask=0x08;m=2;r=0
twocell_1_5_m2_r0,candidate,36,1,0.5120,0.5080,,,,,mask=0x08;m=2;r=1
twocell_1_5_m2_r0,candidate,37,1,0.4660,0.4960,,,,,mask=0x08;m=3;r=0
twocell_1_5_m2_r0,candidate,38,1,0.4560,0.4260,,,,,mask=0x08;m=3;r=1
twocell_1_5_m2_r0,candidate,39,1,0.4830,0.4720,,,,,mask=0x08;m=3;r=2
twocell_1_5_m2_r0,candidate,40,1,0.5340,0.5140,,,,,mask=0x09;m=2;r=0
twocell_1_5_m2_r0,candidate,41,1,0.4660,0.4860,,,,,mask=0x09;m=2;r=1
twocell_1_5_m2_r0,candidate,42,1,0.4730,0.4860,,,,,mask=0x09;m=3;r=0
twocell_1_5_m2_r0,candidate,43,1,0.4610,0.4600,,,,,mask=0x09;m=3;r=1
twocell_1_5_m2_r0,candidate,44,1,0.4710,0.4480,,,,,mask=0x09;m=3;r=2
twocell_1_5_m2_r0,candidate,45,1,0.5880,0.5660,,,,,mask=0x0A;m=2;r=0
twocell_1_5_m2_r0,candidate,46,1,0.4120,0.4340,,,,,mask=0x0A;m=2;r=1
twocell_1_5_m2_r0,candidate,47,1,0.4700,0.4240,,,,,mask=0x0A;m=3;r=0
twocell_1_5_m2_r0,candidate,48,1,0.4810,0.4820,,,,,mask=0x0A;m=3;r=1
twocell_1_5_m2_r0,candidate,49,1,0.4540,0.4880,,,,,mask=0x0A;m=3;r=2
twocell_1_5_m2_r0,candidate,50,1,0.4830,0.5000,,,,,mask=0x0B;m=2;r=0
twocell_1_5_m2_r0,candidate,51,1,0.5170,0.5000,,,,,mask=0x0B;m=2;r=1
twocell_1_5_m2_r0,candidate,52,1,0.4840,0.4840,,,,,mask=0x0B;m=3;r=0
twocell_1_5_m2_r0,candidate,53,1,0.4790,0.4760,,,,,mask=0x0B;m=3;r=1
twocell_1_5_m2_r0,candidate,54,1,0.4420,0.4340,,,,,mask=0x0B;m=3;r=2
twocell_1_5_m2_r0,candidate,55,1,0.5410,0.5500,,,,,mask=0x0C;m=2;r=0
twocell_1_5_m2_r0,candidate,56,1,0.4590,0.4500,,,,,mask=0x0C;m=2;r=1
twocell_1_5_m2_r0,candidate,57,1,0.4530,0.4760,,,,,mask=0x0C;m=3;r=0
twocell_1_5_m2_r0,candidate,58,1,0.4790,0.4620,,,,,mask=0x0C;m=3;r=1
twocell_1_5_m2_r0,candidate,59,1,0.4730,0.4560,,,,,mask=0x0C;m=3;r=2
twocell_1_5_m2_r0,candidate,60,1,0.4880,0.4880,,,,,mask=0x0D;m=2;r=0
twocell_1_5_m2_r0,candidate,61,1,0.5120,0.5120,,,,,mask=0x0D;m=2;r=1
twocell_1_5_m2_r0,candidate,62,1,0.4570,0.4920,,,,,mask=0x0D;m=3;r=0
twocell_1_5_m2_r0,candidate,63,1,0.4660,0.4380,,,,,mask=0x0D;m=3;r=1
twocell_1_5_m2_r0,candidate,64,1,0.4820,0.4640,,,,,mask=0x0D;m=3;r=2
twocell_1_5_m2_r0,candidate,65,1,0.5090,0.5180,,,,,mask=0x0E;m=2;r=0
twocell_1_5_m2_r0,candidate,66,1,0.4910,0.4820,,,,,mask=0x0E;m=2;r=1
twocell_1_5_m2_r0,candidate,67,1,0.4790,0.4500,,,,,mask=0x0E;m=3;r=0
twocell_1_5_m2_r0,candidate,68,1,0.4590,0.4820,,,,,mask=0x0E;m=3;r=1
twocell_1_5_m2_r0,candidate,69,1,0.4670,0.4620,,,,,mask=0x0E;m=3;r=2
twocell_1_5_m2_r0,candidate,70,1,0.5450,0.5680,,,,,mask=0x0F;m=2;r=0
twocell_1_5_m2_r0,candidate,71,1,0.4550,0.4320,,,,,mask=0x0F;m=2;r=1
twocell_1_5_m2_r0,candidate,72,1,0.4640,0.4440,,,,,mask=0x0F;m=3;r=0
twocell_1_5_m2_r0,candidate,73,1,0.4790,0.4580,,,,,mask=0x0F;m=3;r=1
twocell_1_5_m2_r0,candidate,74,1,0.4620,0.4920,,,,,mask=0x0F;m=3;r=2
twocell_1_5_m2_r0,candidate,75,1,0.5000,0.4880,,,,,mask=0x10;m=2;r=0
twocell_1_5_m2_r0,candidate,76,1,0.5000,0.5120,,,,,mask=0x10;m=2;r=1
twocell_1_5_m2_r0,candidate,77,1,0.5260,0.4980,,,,,mask=0x10;m=3;r=0
twocell_1_5_m2_r0,candidate,78,1,0.4360,0.4600,,,,,mask=0x10;m=3;r=1
twocell_1_5_m2_r0,candidate,79,1,0.4430,0.4360,,,,,mask=0x10;m=3;r=2
twocell_1_5_m2_r0,candidate,80,1,0.5310,0.5580,,,,,mask=0x11;m=2;r=0
twocell_1_5_m2_r0,candidate,81,1,0.4690,0.4420,,,,,mask=0x11;m=2;r=1
twocell_1_5_m2_r0,candidate,82,1,0.4850,0.4660,,,,,mask=0x11;m=3;r=0
twocell_1_5_m2_r0,candidate,83,1,0.4570,0.4760,,,,,mask=0x11;m=3;r=1
twocell_1_5_m2_r0,candidate,84,1,0.4630,0.4520,,,,,mask=0x11;m=3;r=2
twocell_1_5_m2_r0,candidate,85,1,0.5600,0.5900,,,,,mask=0x12;m=2;r=0
twocell_1_5_m2_r0,candidate,86,1,0.4400,0.4100,,,,,mask=0x12;m=2;r=1
twocell_1_5_m2_r0,candidate,87,1,0.4710,0.4840,,,,,mask=0x12;m=3;r=0
twocell_1_5_m2_r0,candidate,88,1,0.4680,0.4680,,,,,mask=0x12;m=3;r=1
twocell_1_5_m2_r0,candidate,89,1,0.4660,0.4420,,,,,mask=0x12;m=3;r=2
twocell_1_5_m2_r0,candidate,90,1,0.5020,0.5160,,,,,mask=0x13;m=2;r=0
twocell_1_5_m2_r0,candidate,91,1,0.4980,0.4840,,,,,mask=0x13;m=2;r=1
twocell_1_5_m2_r0,candidate,92,1,0.4450,0.4460,,,,,mask=0x13;m=3;r=0
twocell_1_5_m2_r0,candidate,93,1,0.4960,0.4640,,,,,mask=0x13;m=3;r=1
twocell_1_5_m2_r0,candidate,94,1,0.4640,0.4840,,,,,mask=0x13;m=3;r=2
twocell_1_5_m2_r0,candidate,95,1,0.5540,0.5420,,,,,mask=0x14;m=2;r=0
twocell_1_5_m2_r0,candidate,96,1,0.4460,0.4580,,,,,mask=0x14;m=2;r=1
twocell_1_5_m2_r0,candidate,97,1,0.4820,0.4900,,,,,mask=0x14;m=3;r=0
twocell_1_5_m2_r0,candidate,98,1,0.4500,0.4540,,,,,mask=0x14;m=3;r=1
twocell_1_5_m2_r0,candidate,99,1,0.4730,0.4500,,,,,mask=0x14;m=3;r=2
twocell_1_5_m2_r0,candidate,100,1,0.4960,0.5040,,,,,mask=0x15;m=2;r=0
twocell_1_5_m2_r0,candidate,101,1,0.5040,0.4960,,,,,mask=0x15;m=2;r=1
twocell_1_5_m2_r0,candidate,102,1,0.4890,0.4360,,,,,mask=0x15;m=3;r=0
twocell_1_5_m2_r0,candidate,103,1,0.4740,0.4780,,,,,mask=0x15;m=3;r=1
twocell_1_5_m2_r0,candidate,104,1,0.4420,0.4800,,,,,mask=0x15;m=3;r=2
twocell_1_5_m2_r0,candidate,105,1,0.5000,0.5020,,,,,mask=0x16;m=2;r=0
twocell_1_5_m2_r0,candidate,106,1,0.5000,0.4980,,,,,mask=0x16;m=2;r=1
twocell_1_5_m2_r0,candidate,107,1,0.4480,0.4800,,,,,mask=0x16;m=3;r=0
twocell_1_5_m2_r0,candidate,108,1,0.4810,0.4740,,,,,mask=0x16;m=3;r=1
twocell_1_5_m2_r0,candidate,109,1,0.4760,0.4400,,,,,mask=0x16;m=3;r=2
twocell_1_5_m2_r0,candidate,110,1,0.5030,0.5000,,,,,mask=0x17;m=2;r=0
twocell_1_5_m2_r0,candidate,111,1,0.4970,0.5000,,,,,mask=0x17;m=2;r=1
twocell_1_5_m2_r0,candidate,112,1,0.4730,0.4420,,,,,mask=0x17;m=3;r=0
twocell_1_5_m2_r0,candidate,113,1,0.4760,0.4640,,,,,mask=0x17;m=3;r=1
twocell_1_5_m2_r0,candidate,114,1,0.4560,0.4880,,,,,mask=0x17;m=3;r=2
twocell_1_5_m2_r0,candidate,115,1,0.5200,0.5240,,,,,mask=0x18;m=2;r=0
twocell_1_5_m2_r0,candidate,116,1,0.4800,0.4760,,,,,mask=0x18;m=2;r=1
twocell_1_5_m2_r0,candidate,117,1,0.5100,0.4840,,,,,mask=0x18;m=3;r=0
twocell_1_5_m2_r0,candidate,118,1,0.4590,0.4520,,,,,mask=0x18;m=3;r=1
twocell_1_5_m2_r0,candidate,119,1,0.4360,0.4580,,,,,mask=0x18;m=3;r=2
twocell_1_5_m2_r0,candidate,120,1,0.4940,0.4960,,,,,mask=0x19;m=2;r=0
twocell_1_5_m2_r0,candidate,121,1,0.5060,0.5040,,,,,mask=0x19;m=2;r=1
twocell_1_5_m2_r0,candidate,122,1,0.4660,0.4720,,,,,mask=0x19;m=3;r=0
twocell_1_5_m2_r0,candidate,123,1,0.4600,0.4700,,,,,mask=0x19;m=3;r=1
twocell_1_5_m2_r0,candidate,124,1,0.4790,0.4520,,,,,mask=0x19;m=3;r=2
twocell_1_5_m2_r0,candidate,125,1,0.4910,0.5240,,,,,mask=0x1A;m=2;r=0
twocell_1_5_m2_r0,candidate,126,1,0.5090,0.4760,,,,,mask=0x1A;m=2;r=1
twocell_1_5_m2_r0,candidate,127,1,0.4550,0.4600,,,,,mask=0x1A;m=3;r=0
twocell_1_5_m2_r0,candidate,128,1,0.4790,0.4560,,,,,mask=0x1A;m=3;r=1
twocell_1_5_m2_r0,candidate,129,1,0.4710,0.4780,,,,,mask=0x1A;m=3;r=2
twocell_1_5_m2_r0,candidate,130,1,0.5120,0.5200,,,,,mask=0x1B;m=2;r=0
twocell_1_5_m2_r0,candidate,131,1,0.4880,0.4800,,,,,mask=0x1B;m=2;r=1
twocell_1_5_m2_r0,candidate,132,1,0.4630,0.4280,,,,,mask=0x1B;m=3;r=0
twocell_1_5_m2_r0,candidate,133,1,0.4640,0.4760,,,,,mask=0x1B;m=3;r=1
twocell_1_5_m2_r0,candidate,134,1,0.4780,0.4900,,,,,mask=0x1B;m=3;r=2
twocell_1_5_m2_r0,candidate,135,1,0.5250,0.5020,,,,,mask=0x1C;m=2;r=0
twocell_1_5_m2_r0,candidate,136,1,0.4750,0.4980,,,,,mask=0x1C;m=2;r=1
twocell_1_5_m2_r0,candidate,137,1,0.4990,0.4640,,,,,mask=0x1C;m=3;r=0
twocell_1_5_m2_r0,candidate,138,1,0.4430,0.4760,,,,,mask=0x1C;m=3;r=1
twocell_1_5_m2_r0,candidate,139,1,0.4630,0.4540,,,,,mask=0x1C;m=3;r=2
twocell_1_5_m2_r0,candidate,140,1,0.5280,0.5100,,,,,mask=0x1D;m=2;r=0
twocell_1_5_m2_r0,candidate,141,1,0.4720,0.4900,,,,,mask=0x1D;m=2;r=1
twocell_1_5_m2_r0,candidate,142,1,0.4710,0.5320,,,,,mask=0x1D;m=3;r=0
twocell_1_5_m2_r0,candidate,143,1,0.4570,0.4240,,,,,mask=0x1D;m=3;r=1
twocell_1_5_m2_r0,candidate,144,1,0.4770,0.4380,,,,,mask=0x1D;m=3;r=2
twocell_1_5_m2_r0,candidate,145,1,0.5540,0.5360,,,,,mask=0x1E;m=2;r=0
twocell_1_5_m2_r0,candidate,146,1,0.4460,0.4640,,,,,mask=0x1E;m=2;r=1
twocell_1_5_m2_r0,candidate,147,1,0.4550,0.4660,,,,,mask=0x1E;m=3;r=0
twocell_1_5_m2_r0,candidate,148,1,0.4790,0.4600,,,,,mask=0x1E;m=3;r=1
twocell_1_5_m2_r0,candidate,149,1,0.4710,0.4680,,,,,mask=0x1E;m=3;r=2
twocell_1_5_m2_r0,candidate,150,1,0.4940,0.5000,,,,,mask=0x1F;m=2;r=0
twocell_1_5_m2_r0,candidate,151,1,0.5060,0.5000,,,,,mask=0x1F;m=2;r=1
twocell_1_5_m2_r0,candidate,152,1,0.4650,0.4660,,,,,mask=0x1F;m=3;r=0
twocell_1_5_m2_r0,candidate,153,1,0.4690,0.4520,,,,,mask=0x1F;m=3;r=1
twocell_1_5_m2_r0,candidate,154,1,0.4710,0.4760,,,,,mask=0x1F;m=3;r=2
twocell_1_5_m2_r0,candidate,155,1,0.4570,0.4340,,,,,mask=0x20;m=2;r=0
twocell_1_5_m2_r0,candidate,156,1,0.5430,0.5660,,,,,mask=0x20;m=2;r=1
twocell_1_5_m2_r0,candidate,157,1,0.4840,0.4940,,,,,mask=0x20;m=3;r=0
twocell_1_5_m2_r0,candidate,158,1,0.4610,0.4780,,,,,mask=0x20;m=3;r=1
twocell_1_5_m2_r0,candidate,159,1,0.4600,0.4220,,,,,mask=0x20;m=3;r=2
twocell_1_5_m2_r0,candidate,160,1,0.5780,0.5400,,,,,mask=0x21;m=2;r=0
twocell_1_5_m2_r0,candidate,161,1,0.4220,0.4600,,,,,mask=0x21;m=2;r=1
twocell_1_5_m2_r0,candidate,162,1,0.4920,0.4900,,,,,mask=0x21;m=3;r=0
twocell_1_5_m2_r0,candidate,163,1,0.4800,0.4120,,,,,mask=0x21;m=3;r=1
twocell_1_5_m2_r0,candidate,164,1,0.4330,0.4920,,,,,mask=0x21;m=3;r=2
twocell_1_5_m2_r0,candidate,165,1,1.0000,1.0000,,,,,mask=0x22;m=2;r=0
twocell_1_5_m2_r0,candidate,166,1,0.0000,0.0000,,,,,mask=0x22;m=2;r=1
twocell_1_5_m2_r0,candidate,167,1,0.5070,0.4760,,,,,mask=0x22;m=3;r=0
twocell_1_5_m2_r0,candidate,168,1,0.4700,0.4620,,,,,mask=0x22;m=3;r=1
twocell_1_5_m2_r0,candidate,169,1,0.4280,0.4560,,,,,mask=0x22;m=3;r=2
twocell_1_5_m2_r0,candidate,170,1,0.5120,0.5260,,,,,mask=0x23;m=2;r=0
twocell_1_5_m2_r0,candidate,171,1,0.4880,0.4740,,,,,mask=0x23;m=2;r=1
twocell_1_5_m2_r0,candidate,172,1,0.4830,0.4740,,,,,mask=0x23;m=3;r=0
twocell_1_5_m2_r0,candidate,173,1,0.4970,0.5280,,,,,mask=0x23;m=3;r=1
twocell_1_5_m2_r0,candidate,174,1,0.4250,0.3920,,,,,mask=0x23;m=3;r=2
twocell_1_5_m2_r0,candidate,175,1,0.5570,0.5640,,,,,mask=0x24;m=2;r=0
twocell_1_5_m2_r0,candidate,176,1,0.4430,0.4360,,,,,mask=0x24;m=2;r=1
twocell_1_5_m2_r0,candidate,177,1,0.4680,0.5100,,,,,mask=0x24;m=3;r=0
twocell_1_5_m2_r0,candidate,178,1,0.4710,0.4300,,,,,mask=0x24;m=3;r=1
twocell_1_5_m2_r0,candidate,179,1,0.4660,0.4540,,,,,mask=0x24;m=3;r=2
twocell_1_5_m2_r0,candidate,180,1,0.5290,0.4900,,,,,mask=0x25;m=2;r=0
twocell_1_5_m2_r0,candidate,181,1,0.4710,0.5100,,,,,mask=0x25;m=2;r=1
twocell_1_5_m2_r0,candidate,182,1,0.5020,0.4700,,,,,mask=0x25;m=3;r=0
twocell_1_5_m2_r0,candidate,183,1,0.4560,0.4780,,,,,mask=0x25;m=3;r=1
twocell_1_5_m2_r0,candidate,184,1,0.4470,0.4460,,,,,mask=0x25;m=3;r=2
twocell_1_5_m2_r0,candidate,185,1,0.5100,0.5280,,,,,mask=0x26;m=2;r=0
twocell_1_5_m2_r0,candidate,186,1,0.4900,0.4720,,,,,mask=0x26;m=2;r=1
twocell_1_5_m2_r0,candidate,187,1,0.4570,0.4740,,,,,mask=0x26;m=3;r=0
twocell_1_5_m2_r0,candidate,188,1,0.4840,0.5000,,,,,mask=0x26;m=3;r=1
twocell_1_5_m2_r0,candidate,189,1,0.4640,0.4200,,,,,mask=0x26;m=3;r=2
twocell_1_5_m2_r0,candidate,190,1,0.5710,0.6220,,,,,mask=0x27;m=2;r=0
twocell_1_5_m2_r0,candidate,191,1,0.4290,0.3780,,,,,mask=0x27;m=2;r=1
twocell_1_5_m2_r0,candidate,192,1,0.4660,0.4380,,,,,mask=0x27;m=3;r=0
twocell_1_5_m2_r0,candidate,193,1,0.4870,0.5020,,,,,mask=0x27;m=3;r=1
twocell_1_5_m2_r0,candidate,194,1,0.4520,0.4540,,,,,mask=0x27;m=3;r=2
twocell_1_5_m2_r0,candidate,195,1,0.5700,0.5820,,,,,mask=0x28;m=2;r=0
twocell_1_5_m2_r0,candidate,196,1,0.4300,0.4180,,,,,mask=0x28;m=2;r=1
twocell_1_5_m2_r0,candidate,197,1,0.4810,0.4780,,,,,mask=0x28;m=3;r=0
twocell_1_5_m2_r0,candidate,198,1,0.4880,0.4800,,,,,mask=0x28;m=3;r=1
twocell_1_5_m2_r0,candidate,199,1,0.4360,0.4360,,,,,mask=0x28;m=3;r=2
twocell_1_5_m2_r0,candidate,200,1,0.5080,0.5060,,,,,mask=0x29;m=2;r=0
twocell_1_5_m2_r0,candidate,201,1,0.4920,0.4940,,,,,mask=0x29;m=2;r=1
twocell_1_5_m2_r0,candidate,202,1,0.4530,0.4540,,,,,mask=0x29;m=3;r=0
twocell_1_5_m2_r0,candidate,203,1,0.4570,0.4840,,,,,mask=0x29;m=3;r=1
twocell_1_5_m2_r0,candidate,204,1,0.4950,0.4560,,,,,mask=0x29;m=3;r=2
twocell_1_5_m2_r0,candidate,205,1,0.5260,0.5500,,,,,mask=0x2A;m=2;r=0
twocell_1_5_m2_r0,candidate,206,1,0.4740,0.4500,,,,,mask=0x2A;m=2;r=1
twocell_1_5_m2_r0,candidate,207,1,0.4700,0.4960,,,,,mask=0x2A;m=3;r=0
twocell_1_5_m2_r0,candidate,208,1,0.4840,0.5000,,,,,mask=0x2A;m=3;r=1
twocell_1_5_m2_r0,candidate,209,1,0.4510,0.3980,,,,,mask=0x2A;m=3;r=2
twocell_1_5_m2_r0,candidate,210,1,0.5830,0.5900,,,,,mask=0x2B;m=2;r=0
twocell_1_5_m2_r0,candidate,211,1,0.4170,0.4100,,,,,mask=0x2B;m=2;r=1
twocell_1_5_m2_r0,candidate,212,1,0.4530,0.4240,,,,,mask=0x2B;m=3;r=0
twocell_1_5_m2_r0,candidate,213,1,0.4800,0.5320,,,,,mask=0x2B;m=3;r=1
twocell_1_5_m2_r0,candidate,214,1,0.4720,0.4380,,,,,mask=0x2B;m=3;r=2
twocell_1_5_m2_r0,candidate,215,1,0.4990,0.4920,,,,,mask=0x2C;m=2;r=0
twocell_1_5_m2_r0,candidate,216,1,0.5010,0.5080,,,,,mask=0x2C;m=2;r=1
twocell_1_5_m2_r0,candidate,217,1,0.5080,0.4420,,,,,mask=0x2C;m=3;r=0
twocell_1_5_m2_r0,candidate,218,1,0.4360,0.5060,,,,,mask=0x2C;m=3;r=1
twocell_1_5_m2_r0,candidate,219,1,0.4610,0.4460,,,,,mask=0x2C;m=3;r=2
twocell_1_5_m2_r0,candidate,220,1,0.5380,0.5440,,,,,mask=0x2D;m=2;r=0
twocell_1_5_m2_r0,candidate,221,1,0.4620,0.4560,,,,,mask=0x2D;m=2;r=1
twocell_1_5_m2_r0,candidate,222,1,0.4950,0.4520,,,,,mask=0x2D;m=3;r=0
twocell_1_5_m2_r0,candidate,223,1,0.4740,0.4600,,,,,mask=0x2D;m=3;r=1
twocell_1_5_m2_r0,candidate,224,1,0.4360,0.4820,,,,,mask=0x2D;m=3;r=2
twocell_1_5_m2_r0,candidate,225,1,0.5770,0.6100,,,,,mask=0x2E;m=2;r=0
twocell_1_5_m2_r0,candidate,226,1,0.4230,0.3900,,,,,mask=0x2E;m=2;r=1
twocell_1_5_m2_r0,candidate,227,1,0.4880,0.4580,,,,,mask=0x2E;m=3;r=0
twocell_1_5_m2_r0,candidate,228,1,0.4880,0.4720,,,,,mask=0x2E;m=3;r=1
twocell_1_5_m2_r0,candidate,229,1,0.4290,0.4640,,,,,mask=0x2E;m=3;r=2
twocell_1_5_m2_r0,candidate,230,1,0.5010,0.4860,,,,,mask=0x2F;m=2;r=0
twocell_1_5_m2_r0,candidate,231,1,0.4990,0.5140,,,,,mask=0x2F;m=2;r=1
twocell_1_5_m2_r0,candidate,232,1,0.4790,0.4420,,,,,mask=0x2F;m=3;r=0
twocell_1_5_m2_r0,candidate,233,1,0.4770,0.5240,,,,,mask=0x2F;m=3;r=1
twocell_1_5_m2_r0,candidate,234,1,0.4490,0.4280,,,,,mask=0x2F;m=3;r=2
twocell_1_5_m2_r0,candidate,235,1,0.5670,0.5960,,,,,mask=0x30;m=2;r=0
twocell_1_5_m2_r0,candidate,236,1,0.4330,0.4040,,,,,mask=0x30;m=2;r=1
twocell_1_5_m2_r0,candidate,237,1,0.5020,0.5140,,,,,mask=0x30;m=3;r=0
twocell_1_5_m2_r0,candidate,238,1,0.4560,0.4380,,,,,mask=0x30;m=3;r=1
twocell_1_5_m2_r0,candidate,239,1,0.4470,0.4420,,,,,mask=0x30;m=3;r=2
twocell_1_5_m2_r0,candidate,240,1,0.4740,0.5160,,,,,mask=0x31;m=2;r=0
twocell_1_5_m2_r0,candidate,241,1,0.5260,0.4840,,,,,mask=0x31;m=2;r=1
twocell_1_5_m2_r0,candidate,242,1,0.4750,0.4400,,,,,mask=0x31;m=3;r=0
twocell_1_5_m2_r0,candidate,243,1,0.4750,0.5040,,,,,mask=0x31;m=3;r=1
twocell_1_5_m2_r0,candidate,244,1,0.4550,0.4500,,,,,mask=0x31;m=3;r=2
twocell_1_5_m2_r0,candidate,245,1,0.5710,0.5280,,,,,mask=0x32;m=2;r=0
twocell_1_5_m2_r0,candidate,246,1,0.4290,0.4720,,,,,mask=0x32;m=2;r=1
twocell_1_5_m2_r0,candidate,247,1,0.4310,0.4360,,,,,mask=0x32;m=3;r=0
twocell_1_5_m2_r0,candidate,248,1,0.5330,0.5260,,,,,mask=0x32;m=3;r=1
twocell_1_5_m2_r0,candidate,249,1,0.4410,0.4320,,,,,mask=0x32;m=3;r=2
twocell_1_5_m2_r0,candidate,250,1,0.5990,0.6040,,,,,mask=0x33;m=2;r=0
twocell_1_5_m2_r0,candidate,251,1,0.4010,0.3960,,,,,mask=0x33;m=2;r=1
twocell_1_5_m2_r0,candidate,252,1,0.4730,0.4180,,,,,mask=0x33;m=3;r=0
twocell_1_5_m2_r0,candidate,253,1,0.4780,0.5260,,,,,mask=0x33;m=3;r=1
twocell_1_5_m2_r0,candidate,254,1,0.4540,0.4500,,,,,mask=0x33;m=3;r=2
twocell_1_5_m2_r0,candidate,255,1,0.5230,0.5180,,,,,mask=0x34;m=2;r=0
twocell_1_5_m2_r0,candidate,256,1,0.4770,0.4820,,,,,mask=0x34;m=2;r=1
twocell_1_5_m2_r0,candidate,257,1,0.4410,0.4800,,,,,mask=0x34;m=3;r=0
twocell_1_5_m2_r0,candidate,258,1,0.4760,0.4840,,,,,mask=0x34;m=3;r=1
twocell_1_5_m2_r0,candidate,259,1,0.4880,0.4300,,,,,mask=0x34;m=3;r=2
twocell_1_5_m2_r0,candidate,260,1,0.5430,0.5420,,,,,mask=0x35;m=2;r=0
twocell_1_5_m2_r0,candidate,261,1,0.4570,0.4580,,,,,mask=0x35;m=2;r=1
twocell_1_5_m2_r0,candidate,262,1,0.4770,0.4880,,,,,mask=0x35;m=3;r=0
twocell_1_5_m2_r0,candidate,263,1,0.4860,0.4700,,,,,mask=0x35;m=3;r=1
twocell_1_5_m2_r0,candidate,264,1,0.4420,0.4360,,,,,mask=0x35;m=3;r=2
twocell_1_5_m2_r0,candidate,265,1,0.5810,0.5920,,,,,mask=0x36;m=2;r=0
twocell_1_5_m2_r0,candidate,266,1,0.4190,0.4080,,,,,mask=0x36;m=2;r=1
twocell_1_5_m2_r0,candidate,267,1,0.4540,0.4560,,,,,mask=0x36;m=3;r=0
twocell_1_5_m2_r0,candidate,268,1,0.4620,0.5260,,,,,mask=0x36;m=3;r=1
twocell_1_5_m2_r0,candidate,269,1,0.4890,0.4120,,,,,mask=0x36;m=3;r=2
twocell_1_5_m2_r0,candidate,270,1,0.4900,0.5080,,,,,mask=0x37;m=2;r=0
twocell_1_5_m2_r0,candidate,271,1,0.5100,0.4920,,,,,mask=0x37;m=2;r=1
twocell_1_5_m2_r0,candidate,272,1,0.4880,0.4700,,,,,mask=0x37;m=3;r=0
twocell_1_5_m2_r0,candidate,273,1,0.4530,0.4800,,,,,mask=0x37;m=3;r=1
twocell_1_5_m2_r0,candidate,274,1,0.4640,0.4440,,,,,mask=0x37;m=3;r=2
twocell_1_5_m2_r0,candidate,275,1,0.5190,0.4860,,,,,mask=0x38;m=2;r=0
twocell_1_5_m2_r0,candidate,276,1,0.4810,0.5140,,,,,mask=0x38;m=2;r=1
twocell_1_5_m2_r0,candidate,277,1,0.4550,0.4440,,,,,mask=0x38;m=3;r=0
twocell_1_5_m2_r0,candidate,278,1,0.4540,0.4840,,,,,mask=0x38;m=3;r=1
twocell_1_5_m2_r0,candidate,279,1,0.4960,0.4660,,,,,mask=0x38;m=3;r=2
twocell_1_5_m2_r0,candidate,280,1,0.5330,0.5400,,,,,mask=0x39;m=2;r=0
twocell_1_5_m2_r0,candidate,281,1,0.4670,0.4600,,,,,mask=0x39;m=2;r=1
twocell_1_5_m2_r0,candidate,282,1,0.4720,0.4120,,,,,mask=0x39;m=3;r=0
twocell_1_5_m2_r0,candidate,283,1,0.4550,0.4900,,,,,mask=0x39;m=3;r=1
twocell_1_5_m2_r0,candidate,284,1,0.4780,0.4920,,,,,mask=0x39;m=3;r=2
twocell_1_5_m2_r0,candidate,285,1,0.6040,0.5800,,,,,mask=0x3A;m=2;r=0
twocell_1_5_m2_r0,candidate,286,1,0.3960,0.4200,,,,,mask=0x3A;m=2;r=1
twocell_1_5_m2_r0,candidate,287,1,0.4740,0.4380,,,,,mask=0x3A;m=3;r=0
twocell_1_5_m2_r0,candidate,288,1,0.4650,0.5300,,,,,mask=0x3A;m=3;r=1
twocell_1_5_m2_r0,candidate,289,1,0.4660,0.4260,,,,,mask=0x3A;m=3;r=2
twocell_1_5_m2_r0,candidate,290,1,0.4990,0.5180,,,,,mask=0x3B;m=2;r=0
twocell_1_5_m2_r0,candidate,291,1,0.5010,0.4820,,,,,mask=0x3B;m=2;r=1
twocell_1_5_m2_r0,candidate,292,1,0.5020,0.4720,,,,,mask=0x3B;m=3;r=0
twocell_1_5_m2_r0,candidate,293,1,0.4810,0.4920,,,,,mask=0x3B;m=3;r=1
twocell_1_5_m2_r0,candidate,294,1,0.4220,0.4300,,,,,mask=0x3B;m=3;r=2
twocell_1_5_m2_r0,candidate,295,1,0.5520,0.5440,,,,,mask=0x3C;m=2;r=0
twocell_1_5_m2_r0,candidate,296,1,0.4480,0.4560,,,,,mask=0x3C;m=2;r=1
twocell_1_5_m2_r0,candidate,297,1,0.4720,0.4260,,,,,mask=0x3C;m=3;r=0
twocell_1_5_m2_r0,candidate,298,1,0.4680,0.4920,,,,,mask=0x3C;m=3;r=1
twocell_1_5_m2_r0,candidate,299,1,0.4650,0.4760,,,,,mask=0x3C;m=3;r=2
twocell_1_5_m2_r0,candidate,300,1,0.5330,0.5220,,,,,mask=0x3D;m=2;r=0
twocell_1_5_m2_r0,candidate,301,1,0.4670,0.4780,,,,,mask=0x3D;m=2;r=1
twocell_1_5_m2_r0,candidate,302,1,0.4590,0.4760,,,,,mask=0x3D;m=3;r=0
twocell_1_5_m2_r0,candidate,303,1,0.4630,0.5020,,,,,mask=0x3D;m=3;r=1
twocell_1_5_m2_r0,candidate,304,1,0.4830,0.4160,,,,,mask=0x3D;m=3;r=2
twocell_1_5_m2_r0,candidate,305,1,0.5390,0.4640,,,,,mask=0x3E;m=2;r=0
twocell_1_5_m2_r0,candidate,306,1,0.4610,0.5360,,,,,mask=0x3E;m=2;r=1
twocell_1_5_m2_r0,candidate,307,1,0.4690,0.4900,,,,,mask=0x3E;m=3;r=0
twocell_1_5_m2_r0,candidate,308,1,0.4800,0.4600,,,,,mask=0x3E;m=3;r=1
twocell_1_5_m2_r0,candidate,309,1,0.4560,0.4440,,,,,mask=0x3E;m=3;r=2
twocell_1_5_m2_r0,candidate,310,1,0.5530,0.5500,,,,,mask=0x3F;m=2;r=0
twocell_1_5_m2_r0,candidate,311,1,0.4470,0.4500,,,,,mask=0x3F;m=2;r=1
twocell_1_5_m2_r0,candidate,312,1,0.4660,0.4440,,,,,mask=0x3F;m=3;r=0
twocell_1_5_m2_r0,candidate,313,1,0.4500,0.4620,,,,,mask=0x3F;m=3;r=1
twocell_1_5_m2_r0,candidate,314,1,0.4890,0.4880,,,,,mask=0x3F;m=3;r=2
twocell_1_5_m2_r0,candidate,315,1,0.4970,0.4900,,,,,mask=0x40;m=2;r=0
twocell_1_5_m2_r0,candidate,316,1,0.5030,0.5100,,,,,mask=0x40;m=2;r=1
twocell_1_5_m2_r0,candidate,317,1,0.5130,0.4780,,,,,mask=0x40;m=3;r=0
twocell_1_5_m2_r0,candidate,318,1,0.4630,0.4880,,,,,mask=0x40;m=3;r=1
twocell_1_5_m2_r0,candidate,319,1,0.4290,0.4280,,,,,mask=0x40;m=3;r=2
twocell_1_5_m2_r0,candidate,320,1,0.5220,0.4980,,,,,mask=0x41;m=2;r=0
twocell_1_5_m2_r0,candidate,321,1,0.4780,0.5020,,,,,mask=0x41;m=2;r=1
twocell_1_5_m2_r0,candidate,322,1,0.4770,0.4500,,,,,mask=0x41;m=3;r=0
twocell_1_5_m2_r0,candidate,323,1,0.4910,0.4520,,,,,mask=0x41;m=3;r=1
twocell_1_5_m2_r0,candidate,324,1,0.4370,0.4920,,,,,mask=0x41;m=3;r=2
twocell_1_5_m2_r0,candidate,325,1,0.6020,0.5540,,,,,mask=0x42;m=2;r=0
twocell_1_5_m2_r0,candidate,326,1,0.3980,0.4460,,,,,mask=0x42;m=2;r=1
twocell_1_5_m2_r0,candidate,327,1,0.4900,0.4360,,,,,mask=0x42;m=3;r=0
twocell_1_5_m2_r0,candidate,328,1,0.4490,0.4640,,,,,mask=0x42;m=3;r=1
twocell_1_5_m2_r0,candidate,329,1,0.4660,0.4940,,,,,mask=0x42;m=3;r=2
twocell_1_5_m2_r0,candidate,330,1,0.4640,0.5180,,,,,mask=0x43;m=2;r=0
twocell_1_5_m2_r0,candidate,331,1,0.5360,0.4820,,,,,mask=0x43;m=2;r=1
twocell_1_5_m2_r0,candidate,332,1,0.4390,0.4160,,,,,mask=0x43;m=3;r=0
twocell_1_5_m2_r0,candidate,333,1,0.5050,0.4760,,,,,mask=0x43;m=3;r=1
twocell_1_5_m2_r0,candidate,334,1,0.4610,0.5020,,,,,mask=0x43;m=3;r=2
twocell_1_5_m2_r0,candidate,335,1,0.5430,0.5340,,,,,mask=0x44;m=2;r=0
twocell_1_5_m2_r0,candidate,336,1,0.4570,0.4660,,,,,mask=0x44;m=2;r=1
twocell_1_5_m2_r0,candidate,337,1,0.4890,0.5060,,,,,mask=0x44;m=3;r=0
twocell_1_5_m2_r0,candidate,338,1,0.4450,0.4400,,,,,mask=0x44;m=3;r=1
twocell_1_5_m2_r0,candidate,339,1,0.4710,0.4480,,,,,mask=0x44;m=3;r=2
twocell_1_5_m2_r0,candidate,340,1,0.4990,0.4940,,,,,mask=0x45;m=2;r=0
twocell_1_5_m2_r0,candidate,341,1,0.5010,0.5060,,,,,mask=0x45;m=2;r=1
twocell_1_5_m2_r0,candidate,342,1,0.4420,0.4780,,,,,mask=0x45;m=3;r=0
twocell_1_5_m2_r0,candidate,343,1,0.4860,0.4520,,,,,mask=0x45;m=3;r=1
twocell_1_5_m2_r0,candidate,344,1,0.4770,0.4640,,,,,mask=0x45;m=3;r=2
twocell_1_5_m2_r0,candidate,345,1,0.4980,0.5040,,,,,mask=0x46;m=2;r=0
twocell_1_5_m2_r0,candidate,346,1,0.5020,0.4960,,,,,mask=0x46;m=2;r=1
twocell_1_5_m2_r0,candidate,347,1,0.4910,0.4480,,,,,mask=0x46;m=3;r=0
twocell_1_5_m2_r0,candidate,348,1,0.4670,0.4860,,,,,mask=0x46;m=3;r=1
twocell_1_5_m2_r0,candidate,349,1,0.4470,0.4600,,,,,mask=0x46;m=3;r=2
twocell_1_5_m2_r0,candidate,350,1,0.5350,0.5280,,,,,mask=0x47;m=2;r=0
twocell_1_5_m2_r0,candidate,351,1,0.4650,0.4720,,,,,mask=0x47;m=2;r=1
twocell_1_5_m2_r0,candidate,352,1,0.4530,0.4580,,,,,mask=0x47;m=3;r=0
twocell_1_5_m2_r0,candidate,353,1,0.4670,0.4740,,,,,mask=0x47;m=3;r=1
twocell_1_5_m2_r0,candidate,354,1,0.4850,0.4620,,,,,mask=0x47;m=3;r=2
twocell_1_5_m2_r0,candidate,355,1,0.5500,0.5780,,,,,mask=0x48;m=2;r=0
twocell_1_5_m2_r0,candidate,356,1,0.4500,0.4220,,,,,mask=0x48;m=2;r=1
twocell_1_5_m2_r0,candidate,357,1,0.4770,0.4560,,,,,mask=0x48;m=3;r=0
twocell_1_5_m2_r0,candidate,358,1,0.4650,0.4640,,,,,mask=0x48;m=3;r=1
twocell_1_5_m2_r0,candidate,359,1,0.4630,0.4740,,,,,mask=0x48;m=3;r=2
twocell_1_5_m2_r0,candidate,360,1,0.4740,0.5160,,,,,mask=0x49;m=2;r=0
twocell_1_5_m2_r0,candidate,361,1,0.5260,0.4840,,,,,mask=0x49;m=2;r=1
twocell_1_5_m2_r0,candidate,362,1,0.4800,0.4620,,,,,mask=0x49;m=3;r=0
twocell_1_5_m2_r0,candidate,363,1,0.4820,0.4440,,,,,mask=0x49;m=3;r=1
twocell_1_5_m2_r0,candidate,364,1,0.4430,0.4880,,,,,mask=0x49;m=3;r=2
twocell_1_5_m2_r0,candidate,365,1,0.4960,0.5080,,,,,mask=0x4A;m=2;r=0
twocell_1_5_m2_r0,candidate,366,1,0.5040,0.4920,,,,,mask=0x4A;m=2;r=1
twocell_1_5_m2_r0,candidate,367,1,0.4700,0.4580,,,,,mask=0x4A;m=3;r=0
twocell_1_5_m2_r0,candidate,368,1,0.4910,0.4780,,,,,mask=0x4A;m=3;r=1
twocell_1_5_m2_r0,candidate,369,1,0.4440,0.4580,,,,,mask=0x4A;m=3;r=2
twocell_1_5_m2_r0,candidate,370,1,0.5290,0.5180,,,,,mask=0x4B;m=2;r=0
twocell_1_5_m2_r0,candidate,371,1,0.4710,0.4820,,,,,mask=0x4B;m=2;r=1
twocell_1_5_m2_r0,candidate,372,1,0.4640,0.4700,,,,,mask=0x4B;m=3;r=0
twocell_1_5_m2_r0,candidate,373,1,0.4700,0.4860,,,,,mask=0x4B;m=3;r=1
twocell_1_5_m2_r0,candidate,374,1,0.4710,0.4380,,,,,mask=0x4B;m=3;r=2
twocell_1_5_m2_r0,candidate,375,1,0.5110,0.5220,,,,,mask=0x4C;m=2;r=0
twocell_1_5_m2_r0,candidate,376,1,0.4890,0.4780,,,,,mask=0x4C;m=2;r=1
twocell_1_5_m2_r0,candidate,377,1,0.4700,0.5080,,,,,mask=0x4C;m=3;r=0
twocell_1_5_m2_r0,candidate,378,1,0.4730,0.4460,,,,,mask=0x4C;m=3;r=1
twocell_1_5_m2_r0,candidate,379,1,0.4620,0.4400,,,,,mask=0x4C;m=3;r=2
twocell_1_5_m2_r0,candidate,380,1,0.5320,0.4800,,,,,mask=0x4D;m=2;r=0
twocell_1_5_m2_r0,candidate,381,1,0.4680,0.5200,,,,,mask=0x4D;m=2;r=1
twocell_1_5_m2_r0,candidate,382,1,0.4630,0.4420,,,,,mask=0x4D;m=3;r=0
twocell_1_5_m2_r0,candidate,383,1,0.4710,0.4980,,,,,mask=0x4D;m=3;r=1
twocell_1_5_m2_r0,candidate,384,1,0.4710,0.4540,,,,,mask=0x4D;m=3;r=2
twocell_1_5_m2_r0,candidate,385,1,0.5510,0.5580,,,,,mask=0x4E;m=2;r=0
twocell_1_5_m2_r0,candidate,386,1,0.4490,0.4420,,,,,mask=0x4E;m=2;r=1
twocell_1_5_m2_r0,candidate,387,1,0.4730,0.4360,,,,,mask=0x4E;m=3;r=0
twocell_1_5_m2_r0,candidate,388,1,0.4870,0.4780,,,,,mask=0x4E;m=3;r=1
twocell_1_5_m2_r0,candidate,389,1,0.4450,0.4800,,,,,mask=0x4E;m=3;r=2
twocell_1_5_m2_r0,candidate,390,1,0.5090,0.5200,,,,,mask=0x4F;m=2;r=0
twocell_1_5_m2_r0,candidate,391,1,0.4910,0.4800,,,,,mask=0x4F;m=2;r=1
twocell_1_5_m2_r0,candidate,392,1,0.4880,0.4740,,,,,mask=0x4F;m=3;r=0
twocell_1_5_m2_r0,candidate,393,1,0.4690,0.4520,,,,,mask=0x4F;m=3;r=1
twocell_1_5_m2_r0,candidate,394,1,0.4480,0.4680,,,,,mask=0x4F;m=3;r=2
twocell_1_5_m2_r0,candidate,395,1,0.5610,0.5520,,,,,mask=0x50;m=2;r=0
twocell_1_5_m2_r0,candidate,396,1,0.4390,0.4480,,,,,mask=0x50;m=2;r=1
twocell_1_5_m2_r0,candidate,397,1,0.4640,0.5000,,,,,mask=0x50;m=3;r=0
twocell_1_5_m2_r0,candidate,398,1,0.4800,0.4920,,,,,mask=0x50;m=3;r=1
twocell_1_5_m2_r0,candidate,399,1,0.4610,0.4020,,,,,mask=0x50;m=3;r=2
twocell_1_5_m2_r0,candidate,400,1,0.4960,0.5060,,,,,mask=0x51;m=2;r=0
twocell_1_5_m2_r0,candidate,401,1,0.5040,0.4940,,,,,mask=0x51;m=2;r=1
twocell_1_5_m2_r0,candidate,402,1,0.4800,0.4600,,,,,mask=0x51;m=3;r=0
twocell_1_5_m2_r0,candidate,403,1,0.4570,0.4600,,,,,mask=0x51;m=3;r=1
twocell_1_5_m2_r0,candidate,404,1,0.4680,0.4740,,,,,mask=0x51;m=3;r=2
twocell_1_5_m2_r0,candidate,405,1,0.5210,0.5300,,,,,mask=0x52;m=2;r=0
twocell_1_5_m2_r0,candidate,406,1,0.4790,0.4700,,,,,mask=0x52;m=2;r=1
twocell_1_5_m2_r0,candidate,407,1,0.4700,0.4800,,,,,mask=0x52;m=3;r=0
twocell_1_5_m2_r0,candidate,408,1,0.4710,0.4620,,,,,mask=0x52;m=3;r=1
twocell_1_5_m2_r0,candidate,409,1,0.4640,0.4520,,,,,mask=0x52;m=3;r=2
twocell_1_5_m2_r0,candidate,410,1,0.5390,0.5400,,,,,mask=0x53;m=2;r=0
twocell_1_5_m2_r0,candidate,411,1,0.4610,0.4600,,,,,mask=0x53;m=2;r=1
twocell_1_5_m2_r0,candidate,412,1,0.4820,0.4320,,,,,mask=0x53;m=3;r=0
twocell_1_5_m2_r0,candidate,413,1,0.4720,0.5160,,,,,mask=0x53;m=3;r=1
twocell_1_5_m2_r0,candidate,414,1,0.4510,0.4460,,,,,mask=0x53;m=3;r=2
twocell_1_5_m2_r0,candidate,415,1,0.5250,0.5240,,,,,mask=0x54;m=2;r=0
twocell_1_5_m2_r0,candidate,416,1,0.4750,0.4760,,,,,mask=0x54;m=2;r=1
twocell_1_5_m2_r0,candidate,417,1,0.4740,0.5000,,,,,mask=0x54;m=3;r=0
twocell_1_5_m2_r0,candidate,418,1,0.4880,0.4520,,,,,mask=0x54;m=3;r=1
twocell_1_5_m2_r0,candidate,419,1,0.4430,0.4420,,,,,mask=0x54;m=3;r=2
twocell_1_5_m2_r0,candidate,420,1,0.5190,0.5020,,,,,mask=0x55;m=2;r=0
twocell_1_5_m2_r0,candidate,421,1,0.4810,0.4980,,,,,mask=0x55;m=2;r=1
twocell_1_5_m2_r0,candidate,422,1,0.4610,0.4460,,,,,mask=0x55;m=3;r=0
twocell_1_5_m2_r0,candidate,423,1,0.4870,0.4720,,,,,mask=0x55;m=3;r=1
twocell_1_5_m2_r0,candidate,424,1,0.4570,0.4760,,,,,mask=0x55;m=3;r=2
twocell_1_5_m2_r0,candidate,425,1,0.5350,0.5480,,,,,mask=0x56;m=2;r=0
twocell_1_5_m2_r0,candidate,426,1,0.4650,0.4520,,,,,mask=0x56;m=2;r=1
twocell_1_5_m2_r0,candidate,427,1,0.4710,0.5040,,,,,mask=0x56;m=3;r=0
twocell_1_5_m2_r0,candidate,428,1,0.4780,0.4600,,,,,mask=0x56;m=3;r=1
twocell_1_5_m2_r0,candidate,429,1,0.4560,0.4300,,,,,mask=0x56;m=3;r=2
twocell_1_5_m2_r0,candidate,430,1,0.5060,0.4940,,,,,mask=0x57;m=2;r=0
twocell_1_5_m2_r0,candidate,431,1,0.4940,0.5060,,,,,mask=0x57;m=2;r=1
twocell_1_5_m2_r0,candidate,432,1,0.4810,0.4920,,,,,mask=0x57;m=3;r=0
twocell_1_5_m2_r0,candidate,433,1,0.4800,0.4360,,,,,mask=0x57;m=3;r=1
twocell_1_5_m2_r0,candidate,434,1,0.4440,0.4660,,,,,mask=0x57;m=3;r=2
twocell_1_5_m2_r0,candidate,435,1,0.5310,0.5260,,,,,mask=0x58;m=2;r=0
twocell_1_5_m2_r0,candidate,436,1,0.4690,0.4740,,,,,mask=0x58;m=2;r=1
twocell_1_5_m2_r0,candidate,437,1,0.4880,0.4700,,,,,mask=0x58;m=3;r=0
twocell_1_5_m2_r0,candidate,438,1,0.4400,0.4380,,,,,mask=0x58;m=3;r=1
twocell_1_5_m2_r0,candidate,439,1,0.4770,0.4860,,,,,mask=0x58;m=3;r=2
twocell_1_5_m2_r0,candidate,440,1,0.5350,0.5220,,,,,mask=0x59;m=2;r=0
twocell_1_5_m2_r0,candidate,441,1,0.4650,0.4780,,,,,mask=0x59;m=2;r=1
twocell_1_5_m2_r0,candidate,442,1,0.4710,0.4740,,,,,mask=0x59;m=3;r=0
twocell_1_5_m2_r0,candidate,443,1,0.4570,0.4740,,,,,mask=0x59;m=3;r=1
twocell_1_5_m2_r0,candidate,444,1,0.4770,0.4460,,,,,mask=0x59;m=3;r=2
twocell_1_5_m2_r0,candidate,445,1,0.5200,0.5300,,,,,mask=0x5A;m=2;r=0
twocell_1_5_m2_r0,candidate,446,1,0.4800,0.4700,,,,,mask=0x5A;m=2;r=1
twocell_1_5_m2_r0,candidate,447,1,0.4710,0.4600,,,,,mask=0x5A;m=3;r=0
twocell_1_5_m2_r0,candidate,448,1,0.4710,0.4540,,,,,mask=0x5A;m=3;r=1
twocell_1_5_m2_r0,candidate,449,1,0.4630,0.4800,,,,,mask=0x5A;m=3;r=2
twocell_1_5_m2_r0,candidate,450,1,0.4910,0.5060,,,,,mask=0x5B;m=2;r=0
twocell_1_5_m2_r0,candidate,451,1,0.5090,0.4940,,,,,mask=0x5B;m=2;r=1
twocell_1_5_m2_r0,candidate,452,1,0.4900,0.4660,,,,,mask=0x5B;m=3;r=0
twocell_1_5_m2_r0,candidate,453,1,0.4410,0.4540,,,,,mask=0x5B;m=3;r=1
twocell_1_5_m2_r0,candidate,454,1,0.4740,0.4740,,,,,mask=0x5B;m=3;r=2
twocell_1_5_m2_r0,candidate,455,1,0.5400,0.4860,,,,,mask=0x5C;m=2;r=0
twocell_1_5_m2_r0,candidate,456,1,0.4600,0.5140,,,,,mask=0x5C;m=2;r=1
twocell_1_5_m2_r0,candidate,457,1,0.4840,0.5040,,,,,mask=0x5C;m=3;r=0
twocell_1_5_m2_r0,candidate,458,1,0.4820,0.4500,,,,,mask=0x5C;m=3;r=1
twocell_1_5_m2_r0,candidate,459,1,0.4390,0.4400,,,,,mask=0x5C;m=3;r=2
twocell_1_5_m2_r0,candidate,460,1,0.5130,0.4860,,,,,mask=0x5D;m=2;r=0
twocell_1_5_m2_r0,candidate,461,1,0.4870,0.5140,,,,,mask=0x5D;m=2;r=1
twocell_1_5_m2_r0,candidate,462,1,0.4680,0.5200,,,,,mask=0x5D;m=3;r=0
twocell_1_5_m2_r0,candidate,463,1,0.4550,0.4380,,,,,mask=0x5D;m=3;r=1
twocell_1_5_m2_r0,candidate,464,1,0.4820,0.4360,,,,,mask=0x5D;m=3;r=2
twocell_1_5_m2_r0,candidate,465,1,0.5150,0.5240,,,,,mask=0x5E;m=2;r=0
twocell_1_5_m2_r0,candidate,466,1,0.4850,0.4760,,,,,mask=0x5E;m=2;r=1
twocell_1_5_m2_r0,candidate,467,1,0.4590,0.4360,,,,,mask=0x5E;m=3;r=0
twocell_1_5_m2_r0,candidate,468,1,0.4980,0.4820,,,,,mask=0x5E;m=3;r=1
twocell_1_5_m2_r0,candidate,469,1,0.4480,0.4760,,,,,mask=0x5E;m=3;r=2
twocell_1_5_m2_r0,candidate,470,1,0.5370,0.5200,,,,,mask=0x5F;m=2;r=0
twocell_1_5_m2_r0,candidate,471,1,0.4630,0.4800,,,,,mask=0x5F;m=2;r=1
twocell_1_5_m2_r0,candidate,472,1,0.4800,0.5000,,,,,mask=0x5F;m=3;r=0
twocell_1_5_m2_r0,candidate,473,1,0.4760,0.4740,,,,,mask=0x5F;m=3;r=1
twocell_1_5_m2_r0,candidate,474,1,0.4490,0.4200,,,,,mask=0x5F;m=3;r=2
twocell_1_5_m2_r0,candidate,475,1,0.5580,0.5860,,,,,mask=0x60;m=2;r=0
twocell_1_5_m2_r0,candidate,476,1,0.4420,0.4140,,,,,mask=0x60;m=2;r=1
twocell_1_5_m2_r0,candidate,477,1,0.4590,0.4600,,,,,mask=0x60;m=3;r=0
twocell_1_5_m2_r0,candidate,478,1,0.4720,0.4580,,,,,mask=0x60;m=3;r=1
twocell_1_5_m2_r0,candidate,479,1,0.4740,0.4760,,,,,mask=0x60;m=3;r=2
twocell_1_5_m2_r0,candidate,480,1,0.5070,0.5520,,,,,mask=0x61;m=2;r=0
twocell_1_5_m2_r0,candidate,481,1,0.4930,0.4480,,,,,mask=0x61;m=2;r=1
twocell_1_5_m2_r0,candidate,482,1,0.4410,0.4820,,,,,mask=0x61;m=3;r=0
twocell_1_5_m2_r0,candidate,483,1,0.4660,0.5040,,,,,mask=0x61;m=3;r=1
twocell_1_5_m2_r0,candidate,484,1,0.4980,0.4080,,,,,mask=0x61;m=3;r=2
twocell_1_5_m2_r0,candidate,485,1,0.5090,0.5360,,,,,mask=0x62;m=2;r=0
twocell_1_5_m2_r0,candidate,486,1,0.4910,0.4640,,,,,mask=0x62;m=2;r=1
twocell_1_5_m2_r0,candidate,487,1,0.4550,0.4680,,,,,mask=0x62;m=3;r=0
twocell_1_5_m2_r0,candidate,488,1,0.5260,0.5140,,,,,mask=0x62;m=3;r=1
twocell_1_5_m2_r0,candidate,489,1,0.4240,0.4120,,,,,mask=0x62;m=3;r=2
twocell_1_5_m2_r0,candidate,490,1,0.6070,0.5580,,,,,mask=0x63;m=2;r=0
twocell_1_5_m2_r0,candidate,491,1,0.3930,0.4420,,,,,mask=0x63;m=2;r=1
twocell_1_5_m2_r0,candidate,492,1,0.4810,0.4600,,,,,mask=0x63;m=3;r=0
twocell_1_5_m2_r0,candidate,493,1,0.4690,0.5100,,,,,mask=0x63;m=3;r=1
twocell_1_5_m2_r0,candidate,494,1,0.4550,0.4240,,,,,mask=0x63;m=3;r=2
twocell_1_5_m2_r0,candidate,495,1,0.5160,0.4940,,,,,mask=0x64;m=2;r=0
twocell_1_5_m2_r0,candidate,496,1,0.4840,0.5060,,,,,mask=0x64;m=2;r=1
twocell_1_5_m2_r0,candidate,497,1,0.4570,0.4720,,,,,mask=0x64;m=3;r=0
twocell_1_5_m2_r0,candidate,498,1,0.4900,0.4720,,,,,mask=0x64;m=3;r=1
twocell_1_5_m2_r0,candidate,499,1,0.4580,0.4500,,,,,mask=0x64;m=3;r=2
twocell_1_5_m2_r0,candidate,500,1,0.5300,0.5240,,,,,mask=0x65;m=2;r=0
twocell_1_5_m2_r0,candidate,501,1,0.4700,0.4760,,,,,mask=0x65;m=2;r=1
twocell_1_5_m2_r0,candidate,502,1,0.4630,0.4200,,,,,mask=0x65;m=3;r=0
twocell_1_5_m2_r0,candidate,503,1,0.4990,0.4980,,,,,mask=0x65;m=3;r=1
twocell_1_5_m2_r0,candidate,504,1,0.4430,0.4760,,,,,mask=0x65;m=3;r=2
twocell_1_5_m2_r0,candidate,505,1,0.6030,0.6260,,,,,mask=0x66;m=2;r=0
twocell_1_5_m2_r0,candidate,506,1,0.3970,0.3740,,,,,mask=0x66;m=2;r=1
twocell_1_5_m2_r0,candidate,507,1,0.4930,0.4600,,,,,mask=0x66;m=3;r=0
twocell_1_5_m2_r0,candidate,508,1,0.4750,0.5160,,,,,mask=0x66;m=3;r=1
twocell_1_5_m2_r0,candidate,509,1,0.4370,0.4180,,,,,mask=0x66;m=3;r=2
twocell_1_5_m2_r0,candidate,510,1,0.4920,0.5440,,,,,mask=0x67;m=2;r=0
twocell_1_5_m2_r0,candidate,511,1,0.5080,0.4560,,,,,mask=0x67;m=2;r=1
twocell_1_5_m2_r0,candidate,512,1,0.5110,0.4500,,,,,mask=0x67;m=3;r=0
twocell_1_5_m2_r0,candidate,513,1,0.4610,0.4860,,,,,mask=0x67;m=3;r=1
twocell_1_5_m2_r0,candidate,514,1,0.4330,0.4580,,,,,mask=0x67;m=3;r=2
twocell_1_5_m2_r0,candidate,515,1,0.4890,0.5120,,,,,mask=0x68;m=2;r=0
twocell_1_5_m2_r0,candidate,516,1,0.5110,0.4880,,,,,mask=0x68;m=2;r=1
twocell_1_5_m2_r0,candidate,517,1,0.4540,0.4620,,,,,mask=0x68;m=3;r=0
twocell_1_5_m2_r0,candidate,518,1,0.4690,0.4720,,,,,mask=0x68;m=3;r=1
twocell_1_5_m2_r0,candidate,519,1,0.4820,0.4600,,,,,mask=0x68;m=3;r=2
twocell_1_5_m2_r0,candidate,520,1,0.5070,0.5240,,,,,mask=0x69;m=2;r=0
twocell_1_5_m2_r0,candidate,521,1,0.4930,0.4760,,,,,mask=0x69;m=2;r=1
twocell_1_5_m2_r0,candidate,522,1,0.4620,0.4440,,,,,mask=0x69;m=3;r=0
twocell_1_5_m2_r0,candidate,523,1,0.4690,0.5020,,,,,mask=0x69;m=3;r=1
twocell_1_5_m2_r0,candidate,524,1,0.4740,0.4480,,,,,mask=0x69;m=3;r=2
twocell_1_5_m2_r0,candidate,525,1,0.5810,0.6040,,,,,mask=0x6A;m=2;r=0
twocell_1_5_m2_r0,candidate,526,1,0.4190,0.3960,,,,,mask=0x6A;m=2;r=1
twocell_1_5_m2_r0,candidate,527,1,0.4630,0.4760,,,,,mask=0x6A;m=3;r=0
twocell_1_5_m2_r0,candidate,528,1,0.4910,0.4920,,,,,mask=0x6A;m=3;r=1
twocell_1_5_m2_r0,candidate,529,1,0.4510,0.4260,,,,,mask=0x6A;m=3;r=2
twocell_1_5_m2_r0,candidate,530,1,0.4760,0.5400,,,,,mask=0x6B;m=2;r=0
twocell_1_5_m2_r0,candidate,531,1,0.5240,0.4600,,,,,mask=0x6B;m=2;r=1
twocell_1_5_m2_r0,candidate,532,1,0.4890,0.4740,,,,,mask=0x6B;m=3;r=0
twocell_1_5_m2_r0,candidate,533,1,0.4620,0.4400,,,,,mask=0x6B;m=3;r=1
twocell_1_5_m2_r0,candidate,534,1,0.4540,0.4800,,,,,mask=0x6B;m=3;r=2
twocell_1_5_m2_r0,candidate,535,1,0.5180,0.5200,,,,,mask=0x6C;m=2;r=0
twocell_1_5_m2_r0,candidate,536,1,0.4820,0.4800,,,,,mask=0x6C;m=2;r=1
twocell_1_5_m2_r0,candidate,537,1,0.4630,0.4340,,,,,mask=0x6C;m=3;r=0
twocell_1_5_m2_r0,candidate,538,1,0.4890,0.5240,,,,,mask=0x6C;m=3;r=1
twocell_1_5_m2_r0,candidate,539,1,0.4530,0.4360,,,,,mask=0x6C;m=3;r=2
twocell_1_5_m2_r0,candidate,540,1,0.4990,0.5000,,,,,mask=0x6D;m=2;r=0
twocell_1_5_m2_r0,candidate,541,1,0.5010,0.5000,,,,,mask=0x6D;m=2;r=1
twocell_1_5_m2_r0,candidate,542,1,0.4920,0.4320,,,,,mask=0x6D;m=3;r=0
twocell_1_5_m2_r0,candidate,543,1,0.4530,0.4920,,,,,mask=0x6D;m=3;r=1
twocell_1_5_m2_r0,candidate,544,1,0.4600,0.4700,,,,,mask=0x6D;m=3;r=2
twocell_1_5_m2_r0,candidate,545,1,0.5020,0.5580,,,,,mask=0x6E;m=2;r=0
twocell_1_5_m2_r0,candidate,546,1,0.4980,0.4420,,,,,mask=0x6E;m=2;r=1
twocell_1_5_m2_r0,candidate,547,1,0.4700,0.4540,,,,,mask=0x6E;m=3;r=0
twocell_1_5_m2_r0,candidate,548,1,0.4780,0.5040,,,,,mask=0x6E;m=3;r=1
twocell_1_5_m2_r0,candidate,549,1,0.4570,0.4360,,,,,mask=0x6E;m=3;r=2
twocell_1_5_m2_r0,candidate,550,1,0.5780,0.5900,,,,,mask=0x6F;m=2;r=0
twocell_1_5_m2_r0,candidate,551,1,0.4220,0.4100,,,,,mask=0x6F;m=2;r=1
twocell_1_5_m2_r0,candidate,552,1,0.4740,0.4700,,,,,mask=0x6F;m=3;r=0
twocell_1_5_m2_r0,candidate,553,1,0.4690,0.4700,,,,,mask=0x6F;m=3;r=1
twocell_1_5_m2_r0,candidate,554,1,0.4620,0.4540,,,,,mask=0x6F;m=3;r=2
twocell_1_5_m2_r0,candidate,555,1,0.5210,0.4960,,,,,mask=0x70;m=2;r=0
twocell_1_5_m2_r0,candidate,556,1,0.4790,0.5040,,,,,mask=0x70;m=2;r=1
twocell_1_5_m2_r0,candidate,557,1,0.4500,0.4780,,,,,mask=0x70;m=3;r=0
twocell_1_5_m2_r0,candidate,558,1,0.4720,0.4640,,,,,mask=0x70;m=3;r=1
twocell_1_5_m2_r0,candidate,559,1,0.4830,0.4520,,,,,mask=0x70;m=3;r=2
twocell_1_5_m2_r0,candidate,560,1,0.5360,0.5400,,,,,mask=0x71;m=2;r=0
twocell_1_5_m2_r0,candidate,561,1,0.4640,0.4600,,,,,mask=0x71;m=2;r=1
twocell_1_5_m2_r0,candidate,562,1,0.4670,0.4600,,,,,mask=0x71;m=3;r=0
twocell_1_5_m2_r0,candidate,563,1,0.4670,0.4740,,,,,mask=0x71;m=3;r=1
twocell_1_5_m2_r0,candidate,564,1,0.4710,0.4600,,,,,mask=0x71;m=3;r=2
twocell_1_5_m2_r0,candidate,565,1,0.5770,0.6000,,,,,mask=0x72;m=2;r=0
twocell_1_5_m2_r0,candidate,566,1,0.4230,0.4000,,,,,mask=0x72;m=2;r=1
twocell_1_5_m2_r0,candidate,567,1,0.4540,0.4140,,,,,mask=0x72;m=3;r=0
twocell_1_5_m2_r0,candidate,568,1,0.4980,0.5100,,,,,mask=0x72;m=3;r=1
twocell_1_5_m2_r0,candidate,569,1,0.4530,0.4700,,,,,mask=0x72;m=3;r=2
twocell_1_5_m2_r0,candidate,570,1,0.5030,0.5120,,,,,mask=0x73;m=2;r=0
twocell_1_5_m2_r0,candidate,571,1,0.4970,0.4880,,,,,mask=0x73;m=2;r=1
twocell_1_5_m2_r0,candidate,572,1,0.5050,0.4400,,,,,mask=0x73;m=3;r=0
twocell_1_5_m2_r0,candidate,573,1,0.4500,0.5020,,,,,mask=0x73;m=3;r=1
twocell_1_5_m2_r0,candidate,574,1,0.4500,0.4520,,,,,mask=0x73;m=3;r=2
twocell_1_5_m2_r0,candidate,575,1,0.5330,0.6000,,,,,mask=0x74;m=2;r=0
twocell_1_5_m2_r0,candidate,576,1,0.4670,0.4000,,,,,mask=0x74;m=2;r=1
twocell_1_5_m2_r0,candidate,577,1,0.4520,0.4500,,,,,mask=0x74;m=3;r=0
twocell_1_5_m2_r0,candidate,578,1,0.5130,0.4680,,,,,mask=0x74;m=3;r=1
twocell_1_5_m2_r0,candidate,579,1,0.4400,0.4760,,,,,mask=0x74;m=3;r=2
twocell_1_5_m2_r0,candidate,580,1,0.5190,0.5280,,,,,mask=0x75;m=2;r=0
twocell_1_5_m2_r0,candidate,581,1,0.4810,0.4720,,,,,mask=0x75;m=2;r=1
twocell_1_5_m2_r0,candidate,582,1,0.4740,0.4640,,,,,mask=0x75;m=3;r=0
twocell_1_5_m2_r0,candidate,583,1,0.4650,0.4800,,,,,mask=0x75;m=3;r=1
twocell_1_5_m2_r0,candidate,584,1,0.4660,0.4500,,,,,mask=0x75;m=3;r=2
twocell_1_5_m2_r0,candidate,585,1,0.5230,0.5540,,,,,mask=0x76;m=2;r=0
twocell_1_5_m2_r0,candidate,586,1,0.4770,0.4460,,,,,mask=0x76;m=2;r=1
twocell_1_5_m2_r0,candidate,587,1,0.4750,0.4620,,,,,mask=0x76;m=3;r=0
twocell_1_5_m2_r0,candidate,588,1,0.4700,0.5200,,,,,mask=0x76;m=3;r=1
twocell_1_5_m2_r0,candidate,589,1,0.4600,0.4120,,,,,mask=0x76;m=3;r=2
twocell_1_5_m2_r0,candidate,590,1,0.5440,0.5780,,,,,mask=0x77;m=2;r=0
twocell_1_5_m2_r0,candidate,591,1,0.4560,0.4220,,,,,mask=0x77;m=2;r=1
twocell_1_5_m2_r0,candidate,592,1,0.4480,0.4800,,,,,mask=0x77;m=3;r=0
twocell_1_5_m2_r0,candidate,593,1,0.4760,0.4560,,,,,mask=0x77;m=3;r=1
twocell_1_5_m2_r0,candidate,594,1,0.4810,0.4580,,,,,mask=0x77;m=3;r=2
twocell_1_5_m2_r0,candidate,595,1,0.5210,0.5480,,,,,mask=0x78;m=2;r=0
twocell_1_5_m2_r0,candidate,596,1,0.4790,0.4520,,,,,mask=0x78;m=2;r=1
twocell_1_5_m2_r0,candidate,597,1,0.4640,0.4300,,,,,mask=0x78;m=3;r=0
twocell_1_5_m2_r0,candidate,598,1,0.4910,0.5020,,,,,mask=0x78;m=3;r=1
twocell_1_5_m2_r0,candidate,599,1,0.4500,0.4620,,,,,mask=0x78;m=3;r=2
twocell_1_5_m2_r0,candidate,600,1,0.4830,0.4860,,,,,mask=0x79;m=2;r=0
twocell_1_5_m2_r0,candidate,601,1,0.5170,0.5140,,,,,mask=0x79;m=2;r=1
twocell_1_5_m2_r0,candidate,602,1,0.4560,0.4900,,,,,mask=0x79;m=3;r=0
twocell_1_5_m2_r0,candidate,603,1,0.4740,0.4700,,,,,mask=0x79;m=3;r=1
twocell_1_5_m2_r0,candidate,604,1,0.4750,0.4340,,,,,mask=0x79;m=3;r=2
twocell_1_5_m2_r0,candidate,605,1,0.5220,0.5020,,,,,mask=0x7A;m=2;r=0
twocell_1_5_m2_r0,candidate,606,1,0.4780,0.4980,,,,,mask=0x7A;m=2;r=1
twocell_1_5_m2_r0,candidate,607,1,0.4610,0.4440,,,,,mask=0x7A;m=3;r=0
twocell_1_5_m2_r0,candidate,608,1,0.4890,0.5000,,,,,mask=0x7A;m=3;r=1
twocell_1_5_m2_r0,candidate,609,1,0.4550,0.4500,,,,,mask=0x7A;m=3;r=2
twocell_1_5_m2_r0,candidate,610,1,0.5430,0.5440,,,,,mask=0x7B;m=2;r=0
twocell_1_5_m2_r0,candidate,611,1,0.4570,0.4560,,,,,mask=0x7B;m=2;r=1
twocell_1_5_m2_r0,candidate,612,1,0.4740,0.4800,,,,,mask=0x7B;m=3;r=0
twocell_1_5_m2_r0,candidate,613,1,0.4610,0.4720,,,,,mask=0x7B;m=3;r=1
twocell_1_5_m2_r0,candidate,614,1,0.4700,0.4420,,,,,mask=0x7B;m=3;r=2
twocell_1_5_m2_r0,candidate,615,1,0.4960,0.4840,,,,,mask=0x7C;m=2;r=0
twocell_1_5_m2_r0,candidate,616,1,0.5040,0.5160,,,,,mask=0x7C;m=2;r=1
twocell_1_5_m2_r0,candidate,617,1,0.4390,0.4720,,,,,mask=0x7C;m=3;r=0
twocell_1_5_m2_r0,candidate,618,1,0.5020,0.5040,,,,,mask=0x7C;m=3;r=1
twocell_1_5_m2_r0,candidate,619,1,0.4640,0.4180,,,,,mask=0x7C;m=3;r=2
twocell_1_5_m2_r0,candidate,620,1,0.5150,0.5460,,,,,mask=0x7D;m=2;r=0
twocell_1_5_m2_r0,candidate,621,1,0.4850,0.4540,,,,,mask=0x7D;m=2;r=1
twocell_1_5_m2_r0,candidate,622,1,0.4590,0.4400,,,,,mask=0x7D;m=3;r=0
twocell_1_5_m2_r0,candidate,623,1,0.4950,0.4580,,,,,mask=0x7D;m=3;r=1
twocell_1_5_m2_r0,candidate,624,1,0.4510,0.4960,,,,,mask=0x7D;m=3;r=2
twocell_1_5_m2_r0,candidate,625,1,0.5870,0.6000,,,,,mask=0x7E;m=2;r=0
twocell_1_5_m2_r0,candidate,626,1,0.4130,0.4000,,,,,mask=0x7E;m=2;r=1
twocell_1_5_m2_r0,candidate,627,1,0.4740,0.4860,,,,,mask=0x7E;m=3;r=0
twocell_1_5_m2_r0,candidate,628,1,0.4920,0.4440,,,,,mask=0x7E;m=3;r=1
twocell_1_5_m2_r0,candidate,629,1,0.4390,0.4640,,,,,mask=0x7E;m=3;r=2
twocell_1_5_m2_r0,candidate,630,1,0.5090,0.4820,,,,,mask=0x7F;m=2;r=0
twocell_1_5_m2_r0,candidate,631,1,0.4910,0.5180,,,,,mask=0x7F;m=2;r=1
twocell_1_5_m2_r0,candidate,632,1,0.4840,0.4940,,,,,mask=0x7F;m=3;r=0
twocell_1_5_m2_r0,candidate,633,1,0.4550,0.4420,,,,,mask=0x7F;m=3;r=1
twocell_1_5_m2_r0,candidate,634,1,0.4660,0.4580,,,,,mask=0x7F;m=3;r=2
twocell_1_5_m2_r0,candidate,635,1,0.4670,0.5040,,,,,mask=0x80;m=2;r=0
twocell_1_5_m2_r0,candidate,636,1,0.5330,0.4960,,,,,mask=0x80;m=2;r=1
twocell_1_5_m2_r0,candidate,637,1,0.4940,0.4960,,,,,mask=0x80;m=3;r=0
twocell_1_5_m2_r0,candidate,638,1,0.4430,0.4660,,,,,mask=0x80;m=3;r=1
twocell_1_5_m2_r0,candidate,639,1,0.4680,0.4320,,,,,mask=0x80;m=3;r=2
twocell_1_5_m2_r0,candidate,640,1,0.5440,0.5260,,,,,mask=0x81;m=2;r=0
twocell_1_5_m2_r0,candidate,641,1,0.4560,0.4740,,,,,mask=0x81;m=2;r=1
twocell_1_5_m2_r0,candidate,642,1,0.4730,0.4920,,,,,mask=0x81;m=3;r=0
twocell_1_5_m2_r0,candidate,643,1,0.4770,0.4380,,,,,mask=0x81;m=3;r=1
twocell_1_5_m2_r0,candidate,644,1,0.4550,0.4640,,,,,mask=0x81;m=3;r=2
twocell_1_5_m2_r0,candidate,645,1,0.5680,0.5700,,,,,mask=0x82;m=2;r=0
twocell_1_5_m2_r0,candidate,646,1,0.4320,0.4300,,,,,mask=0x82;m=2;r=1
twocell_1_5_m2_r0,candidate,647,1,0.4410,0.4720,,,,,mask=0x82;m=3;r=0
twocell_1_5_m2_r0,candidate,648,1,0.4970,0.4740,,,,,mask=0x82;m=3;r=1
twocell_1_5_m2_r0,candidate,649,1,0.4670,0.4480,,,,,mask=0x82;m=3;r=2
twocell_1_5_m2_r0,candidate,650,1,0.5040,0.5440,,,,,mask=0x83;m=2;r=0
twocell_1_5_m2_r0,candidate,651,1,0.4960,0.4560,,,,,mask=0x83;m=2;r=1
twocell_1_5_m2_r0,candidate,652,1,0.4480,0.4660,,,,,mask=0x83;m=3;r=0
twocell_1_5_m2_r0,candidate,653,1,0.4790,0.4720,,,,,mask=0x83;m=3;r=1
twocell_1_5_m2_r0,candidate,654,1,0.4780,0.4560,,,,,mask=0x83;m=3;r=2
twocell_1_5_m2_r0,candidate,655,1,0.5420,0.5200,,,,,mask=0x84;m=2;r=0
twocell_1_5_m2_r0,candidate,656,1,0.4580,0.4800,,,,,mask=0x84;m=2;r=1
twocell_1_5_m2_r0,candidate,657,1,0.4600,0.4640,,,,,mask=0x84;m=3;r=0
twocell_1_5_m2_r0,candidate,658,1,0.4580,0.4660,,,,,mask=0x84;m=3;r=1
twocell_1_5_m2_r0,candidate,659,1,0.4870,0.4640,,,,,mask=0x84;m=3;r=2
twocell_1_5_m2_r0,candidate,660,1,0.5240,0.5340,,,,,mask=0x85;m=2;r=0
twocell_1_5_m2_r0,candidate,661,1,0.4760,0.4660,,,,,mask=0x85;m=2;r=1
twocell_1_5_m2_r0,candidate,662,1,0.4900,0.4520,,,,,mask=0x85;m=3;r=0
twocell_1_5_m2_r0,candidate,663,1,0.4530,0.4660,,,,,mask=0x85;m=3;r=1
twocell_1_5_m2_r0,candidate,664,1,0.4620,0.4760,,,,,mask=0x85;m=3;r=2
twocell_1_5_m2_r0,candidate,665,1,0.4750,0.5240,,,,,mask=0x86;m=2;r=0
twocell_1_5_m2_r0,candidate,666,1,0.5250,0.4760,,,,,mask=0x86;m=2;r=1
twocell_1_5_m2_r0,candidate,667,1,0.4480,0.4880,,,,,mask=0x86;m=3;r=0
twocell_1_5_m2_r0,candidate,668,1,0.4680,0.4640,,,,,mask=0x86;m=3;r=1
twocell_1_5_m2_r0,candidate,669,1,0.4890,0.4420,,,,,mask=0x86;m=3;r=2
twocell_1_5_m2_r0,candidate,670,1,0.5580,0.5300,,,,,mask=0x87;m=2;r=0
twocell_1_5_m2_r0,candidate,671,1,0.4420,0.4700,,,,,mask=0x87;m=2;r=1
twocell_1_5_m2_r0,candidate,672,1,0.4680,0.4660,,,,,mask=0x87;m=3;r=0
twocell_1_5_m2_r0,candidate,673,1,0.4510,0.4640,,,,,mask=0x87;m=3;r=1
twocell_1_5_m2_r0,candidate,674,1,0.4860,0.4640,,,,,mask=0x87;m=3;r=2
twocell_1_5_m2_r0,candidate,675,1,0.5580,0.5520,,,,,mask=0x88;m=2;r=0
twocell_1_5_m2_r0,candidate,676,1,0.4420,0.4480,,,,,mask=0x88;m=2;r=1
twocell_1_5_m2_r0,candidate,677,1,0.4920,0.4840,,,,,mask=0x88;m=3;r=0
twocell_1_5_m2_r0,candidate,678,1,0.4520,0.4880,,,,,mask=0x88;m=3;r=1
twocell_1_5_m2_r0,candidate,679,1,0.4610,0.4220,,,,,mask=0x88;m=3;r=2
twocell_1_5_m2_r0,candidate,680,1,0.4900,0.4840,,,,,mask=0x89;m=2;r=0
twocell_1_5_m2_r0,candidate,681,1,0.5100,0.5160,,,,,mask=0x89;m=2;r=1
twocell_1_5_m2_r0,candidate,682,1,0.4900,0.4660,,,,,mask=0x89;m=3;r=0
twocell_1_5_m2_r0,candidate,683,1,0.4700,0.4460,,,,,mask=0x89;m=3;r=1
twocell_1_5_m2_r0,candidate,684,1,0.4450,0.4820,,,,,mask=0x89;m=3;r=2
twocell_1_5_m2_r0,candidate,685,1,0.4860,0.4920,,,,,mask=0x8A;m=2;r=0
twocell_1_5_m2_r0,candidate,686,1,0.5140,0.5080,,,,,mask=0x8A;m=2;r=1
twocell_1_5_m2_r0,candidate,687,1,0.4820,0.4680,,,,,mask=0x8A;m=3;r=0
twocell_1_5_m2_r0,candidate,688,1,0.4830,0.4440,,,,,mask=0x8A;m=3;r=1
twocell_1_5_m2_r0,candidate,689,1,0.4400,0.4820,,,,,mask=0x8A;m=3;r=2
twocell_1_5_m2_r0,candidate,690,1,0.5190,0.5400,,,,,mask=0x8B;m=2;r=0
twocell_1_5_m2_r0,candidate,691,1,0.4810,0.4600,,,,,mask=0x8B;m=2;r=1
twocell_1_5_m2_r0,candidate,692,1,0.4910,0.4100,,,,,mask=0x8B;m=3;r=0
twocell_1_5_m2_r0,candidate,693,1,0.4560,0.4740,,,,,mask=0x8B;m=3;r=1
twocell_1_5_m2_r0,candidate,694,1,0.4580,0.5100,,,,,mask=0x8B;m=3;r=2
twocell_1_5_m2_r0,candidate,695,1,0.5040,0.5040,,,,,mask=0x8C;m=2;r=0
twocell_1_5_m2_r0,candidate,696,1,0.4960,0.4960,,,,,mask=0x8C;m=2;r=1
twocell_1_5_m2_r0,candidate,697,1,0.4900,0.4940,,,,,mask=0x8C;m=3;r=0
twocell_1_5_m2_r0,candidate,698,1,0.4600,0.4220,,,,,mask=0x8C;m=3;r=1
twocell_1_5_m2_r0,candidate,699,1,0.4550,0.4780,,,,,mask=0x8C;m=3;r=2
twocell_1_5_m2_r0,candidate,700,1,0.5430,0.5200,,,,,mask=0x8D;m=2;r=0
twocell_1_5_m2_r0,candidate,701,1,0.4570,0.4800,,,,,mask=0x8D;m=2;r=1
twocell_1_5_m2_r0,candidate,702,1,0.5090,0.4560,,,,,mask=0x8D;m=3;r=0
twocell_1_5_m2_r0,candidate,703,1,0.4480,0.4560,,,,,mask=0x8D;m=3;r=1
twocell_1_5_m2_r0,candidate,704,1,0.4480,0.4820,,,,,mask=0x8D;m=3;r=2
twocell_1_5_m2_r0,candidate,705,1,0.5360,0.5300,,,,,mask=0x8E;m=2;r=0
twocell_1_5_m2_r0,candidate,706,1,0.4640,0.4700,,,,,mask=0x8E;m=2;r=1
twocell_1_5_m2_r0,candidate,707,1,0.4710,0.4740,,,,,mask=0x8E;m=3;r=0
twocell_1_5_m2_r0,candidate,708,1,0.4570,0.4540,,,,,mask=0x8E;m=3;r=1
twocell_1_5_m2_r0,candidate,709,1,0.4770,0.4660,,,,,mask=0x8E;m=3;r=2
twocell_1_5_m2_r0,candidate,710,1,0.5020,0.5020,,,,,mask=0x8F;m=2;r=0
twocell_1_5_m2_r0,candidate,711,1,0.4980,0.4980,,,,,mask=0x8F;m=2;r=1
twocell_1_5_m2_r0,candidate,712,1,0.4670,0.4500,,,,,mask=0x8F;m=3;r=0
twocell_1_5_m2_r0,candidate,713,1,0.4590,0.4700,,,,,mask=0x8F;m=3;r=1
twocell_1_5_m2_r0,candidate,714,1,0.4790,0.4740,,,,,mask=0x8F;m=3;r=2
twocell_1_5_m2_r0,candidate,715,1,0.5580,0.5480,,,,,mask=0x90;m=2;r=0
twocell_1_5_m2_r0,candidate,716,1,0.4420,0.4520,,,,,mask=0x90;m=2;r=1
twocell_1_5_m2_r0,candidate,717,1,0.4760,0.5020,,,,,mask=0x90;m=3;r=0
twocell_1_5_m2_r0,candidate,718,1,0.4700,0.4520,,,,,mask=0x90;m=3;r=1
twocell_1_5_m2_r0,candidate,719,1,0.4590,0.4400,,,,,mask=0x90;m=3;r=2
twocell_1_5_m2_r0,candidate,720,1,0.5190,0.4880,,,,,mask=0x91;m=2;r=0
twocell_1_5_m2_r0,candidate,721,1,0.4810,0.5120,,,,,mask=0x91;m=2;r=1
twocell_1_5_m2_r0,candidate,722,1,0.4660,0.4480,,,,,mask=0x91;m=3;r=0
twocell_1_5_m2_r0,candidate,723,1,0.4690,0.4860,,,,,mask=0x91;m=3;r=1
twocell_1_5_m2_r0,candidate,724,1,0.4700,0.4600,,,,,mask=0x91;m=3;r=2
twocell_1_5_m2_r0,candidate,725,1,0.4900,0.5160,,,,,mask=0x92;m=2;r=0
twocell_1_5_m2_r0,candidate,726,1,0.5100,0.4840,,,,,mask=0x92;m=2;r=1
twocell_1_5_m2_r0,candidate,727,1,0.4480,0.4620,,,,,mask=0x92;m=3;r=0
twocell_1_5_m2_r0,candidate,728,1,0.4800,0.4580,,,,,mask=0x92;m=3;r=1
twocell_1_5_m2_r0,candidate,729,1,0.4770,0.4740,,,,,mask=0x92;m=3;r=2
twocell_1_5_m2_r0,candidate,730,1,0.5000,0.4920,,,,,mask=0x93;m=2;r=0
twocell_1_5_m2_r0,candidate,731,1,0.5000,0.5080,,,,,mask=0x93;m=2;r=1
twocell_1_5_m2_r0,candidate,732,1,0.4760,0.4480,,,,,mask=0x93;m=3;r=0
twocell_1_5_m2_r0,candidate,733,1,0.4820,0.4760,,,,,mask=0x93;m=3;r=1
twocell_1_5_m2_r0,candidate,734,1,0.4470,0.4700,,,,,mask=0x93;m=3;r=2
twocell_1_5_m2_r0,candidate,735,1,0.5050,0.5160,,,,,mask=0x94;m=2;r=0
twocell_1_5_m2_r0,candidate,736,1,0.4950,0.4840,,,,,mask=0x94;m=2;r=1
twocell_1_5_m2_r0,candidate,737,1,0.4410,0.4860,,,,,mask=0x94;m=3;r=0
twocell_1_5_m2_r0,candidate,738,1,0.4760,0.4140,,,,,mask=0x94;m=3;r=1
twocell_1_5_m2_r0,candidate,739,1,0.4880,0.4940,,,,,mask=0x94;m=3;r=2
twocell_1_5_m2_r0,candidate,740,1,0.5650,0.5320,,,,,mask=0x95;m=2;r=0
twocell_1_5_m2_r0,candidate,741,1,0.4350,0.4680,,,,,mask=0x95;m=2;r=1
twocell_1_5_m2_r0,candidate,742,1,0.4650,0.4940,,,,,mask=0x95;m=3;r=0
twocell_1_5_m2_r0,candidate,743,1,0.4580,0.4260,,,,,mask=0x95;m=3;r=1
twocell_1_5_m2_r0,candidate,744,1,0.4820,0.4740,,,,,mask=0x95;m=3;r=2
twocell_1_5_m2_r0,candidate,745,1,0.5430,0.5420,,,,,mask=0x96;m=2;r=0
twocell_1_5_m2_r0,candidate,746,1,0.4570,0.4580,,,,,mask=0x96;m=2;r=1
twocell_1_5_m2_r0,candidate,747,1,0.4600,0.5020,,,,,mask=0x96;m=3;r=0
twocell_1_5_m2_r0,candidate,748,1,0.4390,0.4600,,,,,mask=0x96;m=3;r=1
twocell_1_5_m2_r0,candidate,749,1,0.5060,0.4320,,,,,mask=0x96;m=3;r=2
twocell_1_5_m2_r0,candidate,750,1,0.5120,0.5340,,,,,mask=0x97;m=2;r=0
twocell_1_5_m2_r0,candidate,751,1,0.4880,0.4660,,,,,mask=0x97;m=2;r=1
twocell_1_5_m2_r0,candidate,752,1,0.4480,0.4840,,,,,mask=0x97;m=3;r=0
twocell_1_5_m2_r0,candidate,753,1,0.4760,0.4620,,,,,mask=0x97;m=3;r=1
twocell_1_5_m2_r0,candidate,754,1,0.4810,0.4480,,,,,mask=0x97;m=3;r=2
twocell_1_5_m2_r0,candidate,755,1,0.5200,0.5140,,,,,mask=0x98;m=2;r=0
twocell_1_5_m2_r0,candidate,756,1,0.4800,0.4860,,,,,mask=0x98;m=2;r=1
twocell_1_5_m2_r0,candidate,757,1,0.5020,0.4600,,,,,mask=0x98;m=3;r=0
twocell_1_5_m2_r0,candidate,758,1,0.4350,0.4580,,,,,mask=0x98;m=3;r=1
twocell_1_5_m2_r0,candidate,759,1,0.4680,0.4760,,,,,mask=0x98;m=3;r=2
twocell_1_5_m2_r0,candidate,760,1,0.5020,0.5560,,,,,mask=0x99;m=2;r=0
twocell_1_5_m2_r0,candidate,761,1,0.4980,0.4440,,,,,mask=0x99;m=2;r=1
twocell_1_5_m2_r0,candidate,762,1,0.4690,0.5020,,,,,mask=0x99;m=3;r=0
twocell_1_5_m2_r0,candidate,763,1,0.4600,0.4500,,,,,mask=0x99;m=3;r=1
twocell_1_5_m2_r0,candidate,764,1,0.4760,0.4420,,,,,mask=0x99;m=3;r=2
twocell_1_5_m2_r0,candidate,765,1,0.5530,0.5560,,,,,mask=0x9A;m=2;r=0
twocell_1_5_m2_r0,candidate,766,1,0.4470,0.4440,,,,,mask=0x9A;m=2;r=1
twocell_1_5_m2_r0,candidate,767,1,0.4690,0.4960,,,,,mask=0x9A;m=3;r=0
twocell_1_5_m2_r0,candidate,768,1,0.4550,0.4380,,,,,mask=0x9A;m=3;r=1
twocell_1_5_m2_r0,candidate,769,1,0.4810,0.4600,,,,,mask=0x9A;m=3;r=2
twocell_1_5_m2_r0,candidate,770,1,0.4820,0.5100,,,,,mask=0x9B;m=2;r=0
twocell_1_5_m2_r0,candidate,771,1,0.5180,0.4900,,,,,mask=0x9B;m=2;r=1
twocell_1_5_m2_r0,candidate,772,1,0.4790,0.4260,,,,,mask=0x9B;m=3;r=0
twocell_1_5_m2_r0,candidate,773,1,0.4610,0.4720,,,,,mask=0x9B;m=3;r=1
twocell_1_5_m2_r0,candidate,774,1,0.4650,0.4960,,,,,mask=0x9B;m=3;r=2
twocell_1_5_m2_r0,candidate,775,1,0.5360,0.5500,,,,,mask=0x9C;m=2;r=0
twocell_1_5_m2_r0,candidate,776,1,0.4640,0.4500,,,,,mask=0x9C;m=2;r=1
twocell_1_5_m2_r0,candidate,777,1,0.4720,0.4620,,,,,mask=0x9C;m=3;r=0
twocell_1_5_m2_r0,candidate,778,1,0.4610,0.4800,,,,,mask=0x9C;m=3;r=1
twocell_1_5_m2_r0,candidate,779,1,0.4720,0.4520,,,,,mask=0x9C;m=3;r=2
twocell_1_5_m2_r0,candidate,780,1,0.5270,0.5040,,,,,mask=0x9D;m=2;r=0
twocell_1_5_m2_r0,candidate,781,1,0.4730,0.4960,,,,,mask=0x9D;m=2;r=1
twocell_1_5_m2_r0,candidate,782,1,0.4540,0.5080,,,,,mask=0x9D;m=3;r=0
twocell_1_5_m2_r0,candidate,783,1,0.4680,0.4580,,,,,mask=0x9D;m=3;r=1
twocell_1_5_m2_r0,candidate,784,1,0.4830,0.4280,,,,,mask=0x9D;m=3;r=2
twocell_1_5_m2_r0,candidate,785,1,0.5070,0.4820,,,,,mask=0x9E;m=2;r=0
twocell_1_5_m2_r0,candidate,786,1,0.4930,0.5180,,,,,mask=0x9E;m=2;r=1
twocell_1_5_m2_r0,candidate,787,1,0.4580,0.4540,,,,,mask=0x9E;m=3;r=0
twocell_1_5_m2_r0,candidate,788,1,0.4900,0.4960,,,,,mask=0x9E;m=3;r=1
twocell_1_5_m2_r0,candidate,789,1,0.4570,0.4440,,,,,mask=0x9E;m=3;r=2
twocell_1_5_m2_r0,candidate,790,1,0.5090,0.5360,,,,,mask=0x9F;m=2;r=0
twocell_1_5_m2_r0,candidate,791,1,0.4910,0.4640,,,,,mask=0x9F;m=2;r=1
twocell_1_5_m2_r0,candidate,792,1,0.4670,0.4320,,,,,mask=0x9F;m=3;r=0
twocell_1_5_m2_r0,candidate,793,1,0.4710,0.4820,,,,,mask=0x9F;m=3;r=1
twocell_1_5_m2_r0,candidate,794,1,0.4670,0.4800,,,,,mask=0x9F;m=3;r=2
twocell_1_5_m2_r0,candidate,795,1,0.5740,0.5860,,,,,mask=0xA0;m=2;r=0
twocell_1_5_m2_r0,candidate,796,1,0.4260,0.4140,,,,,mask=0xA0;m=2;r=1
twocell_1_5_m2_r0,candidate,797,1,0.4650,0.5120,,,,,mask=0xA0;m=3;r=0
twocell_1_5_m2_r0,candidate,798,1,0.4650,0.4460,,,,,mask=0xA0;m=3;r=1
twocell_1_5_m2_r0,candidate,799,1,0.4750,0.4360,,,,,mask=0xA0;m=3;r=2
twocell_1_5_m2_r0,candidate,800,1,0.4910,0.5140,,,,,mask=0xA1;m=2;r=0
twocell_1_5_m2_r0,candidate,801,1,0.5090,0.4860,,,,,mask=0xA1;m=2;r=1
twocell_1_5_m2_r0,candidate,802,1,0.4620,0.4280,,,,,mask=0xA1;m=3;r=0
twocell_1_5_m2_r0,candidate,803,1,0.4650,0.5020,,,,,mask=0xA1;m=3;r=1
twocell_1_5_m2_r0,candidate,804,1,0.4780,0.4640,,,,,mask=0xA1;m=3;r=2
twocell_1_5_m2_r0,candidate,805,1,0.5270,0.5460,,,,,mask=0xA2;m=2;r=0
twocell_1_5_m2_r0,candidate,806,1,0.4730,0.4540,,,,,mask=0xA2;m=2;r=1
twocell_1_5_m2_r0,candidate,807,1,0.4680,0.4780,,,,,mask=0xA2;m=3;r=0
twocell_1_5_m2_r0,candidate,808,1,0.4920,0.5100,,,,,mask=0xA2;m=3;r=1
twocell_1_5_m2_r0,candidate,809,1,0.4450,0.4060,,,,,mask=0xA2;m=3;r=2
twocell_1_5_m2_r0,candidate,810,1,0.5830,0.6220,,,,,mask=0xA3;m=2;r=0
twocell_1_5_m2_r0,candidate,811,1,0.4170,0.3780,,,,,mask=0xA3;m=2;r=1
twocell_1_5_m2_r0,candidate,812,1,0.4980,0.4160,,,,,mask=0xA3;m=3;r=0
twocell_1_5_m2_r0,candidate,813,1,0.4660,0.5380,,,,,mask=0xA3;m=3;r=1
twocell_1_5_m2_r0,candidate,814,1,0.4410,0.4400,,,,,mask=0xA3;m=3;r=2
twocell_1_5_m2_r0,candidate,815,1,0.4930,0.4740,,,,,mask=0xA4;m=2;r=0
twocell_1_5_m2_r0,candidate,816,1,0.5070,0.5260,,,,,mask=0xA4;m=2;r=1
twocell_1_5_m2_r0,candidate,817,1,0.4800,0.4640,,,,,mask=0xA4;m=3;r=0
twocell_1_5_m2_r0,candidate,818,1,0.4590,0.4840,,,,,mask=0xA4;m=3;r=1
twocell_1_5_m2_r0,candidate,819,1,0.4660,0.4460,,,,,mask=0xA4;m=3;r=2
twocell_1_5_m2_r0,candidate,820,1,0.5390,0.5340,,,,,mask=0xA5;m=2;r=0
twocell_1_5_m2_r0,candidate,821,1,0.4610,0.4660,,,,,mask=0xA5;m=2;r=1
twocell_1_5_m2_r0,candidate,822,1,0.4880,0.4500,,,,,mask=0xA5;m=3;r=0
twocell_1_5_m2_r0,candidate,823,1,0.4940,0.4720,,,,,mask=0xA5;m=3;r=1
twocell_1_5_m2_r0,candidate,824,1,0.4230,0.4720,,,,,mask=0xA5;m=3;r=2
twocell_1_5_m2_r0,candidate,825,1,0.6140,0.6120,,,,,mask=0xA6;m=2;r=0
twocell_1_5_m2_r0,candidate,826,1,0.3860,0.3880,,,,,mask=0xA6;m=2;r=1
twocell_1_5_m2_r0,candidate,827,1,0.4570,0.4400,,,,,mask=0xA6;m=3;r=0
twocell_1_5_m2_r0,candidate,828,1,0.4800,0.5300,,,,,mask=0xA6;m=3;r=1
twocell_1_5_m2_r0,candidate,829,1,0.4680,0.4240,,,,,mask=0xA6;m=3;r=2
twocell_1_5_m2_r0,candidate,830,1,0.4910,0.5200,,,,,mask=0xA7;m=2;r=0
twocell_1_5_m2_r0,candidate,831,1,0.5090,0.4800,,,,,mask=0xA7;m=2;r=1
twocell_1_5_m2_r0,candidate,832,1,0.5000,0.4520,,,,,mask=0xA7;m=3;r=0
twocell_1_5_m2_r0,candidate,833,1,0.4670,0.4940,,,,,mask=0xA7;m=3;r=1
twocell_1_5_m2_r0,candidate,834,1,0.4380,0.4480,,,,,mask=0xA7;m=3;r=2
twocell_1_5_m2_r0,candidate,835,1,0.5010,0.5560,,,,,mask=0xA8;m=2;r=0
twocell_1_5_m2_r0,candidate,836,1,0.4990,0.4440,,,,,mask=0xA8;m=2;r=1
twocell_1_5_m2_r0,candidate,837,1,0.4720,0.4580,,,,,mask=0xA8;m=3;r=0
twocell_1_5_m2_r0,candidate,838,1,0.4770,0.4520,,,,,mask=0xA8;m=3;r=1
twocell_1_5_m2_r0,candidate,839,1,0.4560,0.4840,,,,,mask=0xA8;m=3;r=2
twocell_1_5_m2_r0,candidate,840,1,0.5270,0.5220,,,,,mask=0xA9;m=2;r=0
twocell_1_5_m2_r0,candidate,841,1,0.4730,0.4780,,,,,mask=0xA9;m=2;r=1
twocell_1_5_m2_r0,candidate,842,1,0.4640,0.4220,,,,,mask=0xA9;m=3;r=0
twocell_1_5_m2_r0,candidate,843,1,0.4610,0.5020,,,,,mask=0xA9;m=3;r=1
twocell_1_5_m2_r0,candidate,844,1,0.4800,0.4700,,,,,mask=0xA9;m=3;r=2
twocell_1_5_m2_r0,candidate,845,1,0.5830,0.5740,,,,,mask=0xAA;m=2;r=0
twocell_1_5_m2_r0,candidate,846,1,0.4170,0.4260,,,,,mask=0xAA;m=2;r=1
twocell_1_5_m2_r0,candidate,847,1,0.4710,0.4560,,,,,mask=0xAA;m=3;r=0
twocell_1_5_m2_r0,candidate,848,1,0.4820,0.5180,,,,,mask=0xAA;m=3;r=1
twocell_1_5_m2_r0,candidate,849,1,0.4520,0.4200,,,,,mask=0xAA;m=3;r=2
twocell_1_5_m2_r0,candidate,850,1,0.4900,0.5080,,,,,mask=0xAB;m=2;r=0
twocell_1_5_m2_r0,candidate,851,1,0.5100,0.4920,,,,,mask=0xAB;m=2;r=1
twocell_1_5_m2_r0,candidate,852,1,0.4770,0.4520,,,,,mask=0xAB;m=3;r=0
twocell_1_5_m2_r0,candidate,853,1,0.4570,0.5080,,,,,mask=0xAB;m=3;r=1
twocell_1_5_m2_r0,candidate,854,1,0.4710,0.4340,,,,,mask=0xAB;m=3;r=2
twocell_1_5_m2_r0,candidate,855,1,0.5570,0.5120,,,,,mask=0xAC;m=2;r=0
twocell_1_5_m2_r0,candidate,856,1,0.4430,0.4880,,,,,mask=0xAC;m=2;r=1
twocell_1_5_m2_r0,candidate,857,1,0.4910,0.4580,,,,,mask=0xAC;m=3;r=0
twocell_1_5_m2_r0,candidate,858,1,0.4630,0.5020,,,,,mask=0xAC;m=3;r=1
twocell_1_5_m2_r0,candidate,859,1,0.4510,0.4340,,,,,mask=0xAC;m=3;r=2
twocell_1_5_m2_r0,candidate,860,1,0.5220,0.5060,,,,,mask=0xAD;m=2;r=0
twocell_1_5_m2_r0,candidate,861,1,0.4780,0.4940,,,,,mask=0xAD;m=2;r=1
twocell_1_5_m2_r0,candidate,862,1,0.4840,0.4740,,,,,mask=0xAD;m=3;r=0
twocell_1_5_m2_r0,candidate,863,1,0.4630,0.5020,,,,,mask=0xAD;m=3;r=1
twocell_1_5_m2_r0,candidate,864,1,0.4580,0.4180,,,,,mask=0xAD;m=3;r=2
twocell_1_5_m2_r0,candidate,865,1,0.5030,0.5080,,,,,mask=0xAE;m=2;r=0
twocell_1_5_m2_r0,candidate,866,1,0.4970,0.4920,,,,,mask=0xAE;m=2;r=1
twocell_1_5_m2_r0,candidate,867,1,0.4650,0.4980,,,,,mask=0xAE;m=3;r=0
twocell_1_5_m2_r0,candidate,868,1,0.4840,0.4800,,,,,mask=0xAE;m=3;r=1
twocell_1_5_m2_r0,candidate,869,1,0.4560,0.4160,,,,,mask=0xAE;m=3;r=2
twocell_1_5_m2_r0,candidate,870,1,0.5810,0.5780,,,,,mask=0xAF;m=2;r=0
twocell_1_5_m2_r0,candidate,871,1,0.4190,0.4220,,,,,mask=0xAF;m=2;r=1
twocell_1_5_m2_r0,candidate,872,1,0.4780,0.4860,,,,,mask=0xAF;m=3;r=0
twocell_1_5_m2_r0,candidate,873,1,0.4690,0.4620,,,,,mask=0xAF;m=3;r=1
twocell_1_5_m2_r0,candidate,874,1,0.4580,0.4460,,,,,mask=0xAF;m=3;r=2
twocell_1_5_m2_r0,candidate,875,1,0.4920,0.4860,,,,,mask=0xB0;m=2;r=0
twocell_1_5_m2_r0,candidate,876,1,0.5080,0.5140,,,,,mask=0xB0;m=2;r=1
twocell_1_5_m2_r0,candidate,877,1,0.4520,0.4700,,,,,mask=0xB0;m=3;r=0
twocell_1_5_m2_r0,candidate,878,1,0.4940,0.4560,,,,,mask=0xB0;m=3;r=1
twocell_1_5_m2_r0,candidate,879,1,0.4590,0.4680,,,,,mask=0xB0;m=3;r=2
twocell_1_5_m2_r0,candidate,880,1,0.5290,0.5640,,,,,mask=0xB1;m=2;r=0
twocell_1_5_m2_r0,candidate,881,1,0.4710,0.4360,,,,,mask=0xB1;m=2;r=1
twocell_1_5_m2_r0,candidate,882,1,0.4590,0.4120,,,,,mask=0xB1;m=3;r=0
twocell_1_5_m2_r0,candidate,883,1,0.4760,0.4820,,,,,mask=0xB1;m=3;r=1
twocell_1_5_m2_r0,candidate,884,1,0.4700,0.5000,,,,,mask=0xB1;m=3;r=2
twocell_1_5_m2_r0,candidate,885,1,0.5780,0.6200,,,,,mask=0xB2;m=2;r=0
twocell_1_5_m2_r0,candidate,886,1,0.4220,0.3800,,,,,mask=0xB2;m=2;r=1
twocell_1_5_m2_r0,candidate,887,1,0.4870,0.4200,,,,,mask=0xB2;m=3;r=0
twocell_1_5_m2_r0,candidate,888,1,0.4690,0.5060,,,,,mask=0xB2;m=3;r=1
twocell_1_5_m2_r0,candidate,889,1,0.4490,0.4680,,,,,mask=0xB2;m=3;r=2
twocell_1_5_m2_r0,candidate,890,1,0.4920,0.4820,,,,,mask=0xB3;m=2;r=0
twocell_1_5_m2_r0,candidate,891,1,0.5080,0.5180,,,,,mask=0xB3;m=2;r=1
twocell_1_5_m2_r0,candidate,892,1,0.4920,0.4440,,,,,mask=0xB3;m=3;r=0
twocell_1_5_m2_r0,candidate,893,1,0.4650,0.4980,,,,,mask=0xB3;m=3;r=1
twocell_1_5_m2_r0,candidate,894,1,0.4480,0.4520,,,,,mask=0xB3;m=3;r=2
twocell_1_5_m2_r0,candidate,895,1,0.5510,0.5500,,,,,mask=0xB4;m=2;r=0
twocell_1_5_m2_r0,candidate,896,1,0.4490,0.4500,,,,,mask=0xB4;m=2;r=1
twocell_1_5_m2_r0,candidate,897,1,0.4460,0.4220,,,,,mask=0xB4;m=3;r=0
twocell_1_5_m2_r0,candidate,898,1,0.5040,0.5180,,,,,mask=0xB4;m=3;r=1
twocell_1_5_m2_r0,candidate,899,1,0.4550,0.4540,,,,,mask=0xB4;m=3;r=2
twocell_1_5_m2_r0,candidate,900,1,0.4970,0.4880,,,,,mask=0xB5;m=2;r=0
twocell_1_5_m2_r0,candidate,901,1,0.5030,0.5120,,,,,mask=0xB5;m=2;r=1
twocell_1_5_m2_r0,candidate,902,1,0.4670,0.4080,,,,,mask=0xB5;m=3;r=0
twocell_1_5_m2_r0,candidate,903,1,0.4610,0.4860,,,,,mask=0xB5;m=3;r=1
twocell_1_5_m2_r0,candidate,904,1,0.4770,0.5000,,,,,mask=0xB5;m=3;r=2
twocell_1_5_m2_r0,candidate,905,1,0.5090,0.5180,,,,,mask=0xB6;m=2;r=0
twocell_1_5_m2_r0,candidate,906,1,0.4910,0.4820,,,,,mask=0xB6;m=2;r=1
twocell_1_5_m2_r0,candidate,907,1,0.4590,0.5120,,,,,mask=0xB6;m=3;r=0
twocell_1_5_m2_r0,candidate,908,1,0.4890,0.4880,,,,,mask=0xB6;m=3;r=1
twocell_1_5_m2_r0,candidate,909,1,0.4570,0.3940,,,,,mask=0xB6;m=3;r=2
twocell_1_5_m2_r0,candidate,910,1,0.5540,0.5680,,,,,mask=0xB7;m=2;r=0
twocell_1_5_m2_r0,candidate,911,1,0.4460,0.4320,,,,,mask=0xB7;m=2;r=1
twocell_1_5_m2_r0,candidate,912,1,0.4620,0.4660,,,,,mask=0xB7;m=3;r=0
twocell_1_5_m2_r0,candidate,913,1,0.4770,0.4280,,,,,mask=0xB7;m=3;r=1
twocell_1_5_m2_r0,candidate,914,1,0.4660,0.5000,,,,,mask=0xB7;m=3;r=2
twocell_1_5_m2_r0,candidate,915,1,0.5360,0.5620,,,,,mask=0xB8;m=2;r=0
twocell_1_5_m2_r0,candidate,916,1,0.4640,0.4380,,,,,mask=0xB8;m=2;r=1
twocell_1_5_m2_r0,candidate,917,1,0.4590,0.4480,,,,,mask=0xB8;m=3;r=0
twocell_1_5_m2_r0,candidate,918,1,0.4910,0.4960,,,,,mask=0xB8;m=3;r=1
twocell_1_5_m2_r0,candidate,919,1,0.4550,0.4500,,,,,mask=0xB8;m=3;r=2
twocell_1_5_m2_r0,candidate,920,1,0.5200,0.5020,,,,,mask=0xB9;m=2;r=0
twocell_1_5_m2_r0,candidate,921,1,0.4800,0.4980,,,,,mask=0xB9;m=2;r=1
twocell_1_5_m2_r0,candidate,922,1,0.4820,0.4580,,,,,mask=0xB9;m=3;r=0
twocell_1_5_m2_r0,candidate,923,1,0.4630,0.4640,,,,,mask=0xB9;m=3;r=1
twocell_1_5_m2_r0,candidate,924,1,0.4600,0.4720,,,,,mask=0xB9;m=3;r=2
twocell_1_5_m2_r0,candidate,925,1,0.5090,0.5100,,,,,mask=0xBA;m=2;r=0
twocell_1_5_m2_r0,candidate,926,1,0.4910,0.4900,,,,,mask=0xBA;m=2;r=1
twocell_1_5_m2_r0,candidate,927,1,0.4790,0.4480,,,,,mask=0xBA;m=3;r=0
twocell_1_5_m2_r0,candidate,928,1,0.4870,0.5180,,,,,mask=0xBA;m=3;r=1
twocell_1_5_m2_r0,candidate,929,1,0.4390,0.4280,,,,,mask=0xBA;m=3;r=2
twocell_1_5_m2_r0,candidate,930,1,0.5560,0.5980,,,,,mask=0xBB;m=2;r=0
twocell_1_5_m2_r0,candidate,931,1,0.4440,0.4020,,,,,mask=0xBB;m=2;r=1
twocell_1_5_m2_r0,candidate,932,1,0.4640,0.4900,,,,,mask=0xBB;m=3;r=0
twocell_1_5_m2_r0,candidate,933,1,0.4430,0.4500,,,,,mask=0xBB;m=3;r=1
twocell_1_5_m2_r0,candidate,934,1,0.4980,0.4540,,,,,mask=0xBB;m=3;r=2
twocell_1_5_m2_r0,candidate,935,1,0.5400,0.5020,,,,,mask=0xBC;m=2;r=0
twocell_1_5_m2_r0,candidate,936,1,0.4600,0.4980,,,,,mask=0xBC;m=2;r=1
twocell_1_5_m2_r0,candidate,937,1,0.4710,0.4640,,,,,mask=0xBC;m=3;r=0
twocell_1_5_m2_r0,candidate,938,1,0.4830,0.4840,,,,,mask=0xBC;m=3;r=1
twocell_1_5_m2_r0,candidate,939,1,0.4510,0.4460,,,,,mask=0xBC;m=3;r=2
twocell_1_5_m2_r0,candidate,940,1,0.5350,0.5740,,,,,mask=0xBD;m=2;r=0
twocell_1_5_m2_r0,candidate,941,1,0.4650,0.4260,,,,,mask=0xBD;m=2;r=1
twocell_1_5_m2_r0,candidate,942,1,0.4820,0.4300,,,,,mask=0xBD;m=3;r=0
twocell_1_5_m2_r0,candidate,943,1,0.4760,0.4980,,,,,mask=0xBD;m=3;r=1
twocell_1_5_m2_r0,candidate,944,1,0.4470,0.4660,,,,,mask=0xBD;m=3;r=2
twocell_1_5_m2_r0,candidate,945,1,0.5770,0.5680,,,,,mask=0xBE;m=2;r=0
twocell_1_5_m2_r0,candidate,946,1,0.4230,0.4320,,,,,mask=0xBE;m=2;r=1
twocell_1_5_m2_r0,candidate,947,1,0.4710,0.4680,,,,,mask=0xBE;m=3;r=0
twocell_1_5_m2_r0,candidate,948,1,0.4550,0.4460,,,,,mask=0xBE;m=3;r=1
twocell_1_5_m2_r0,candidate,949,1,0.4790,0.4800,,,,,mask=0xBE;m=3;r=2
twocell_1_5_m2_r0,candidate,950,1,0.4970,0.4680,,,,,mask=0xBF;m=2;r=0
twocell_1_5_m2_r0,candidate,951,1,0.5030,0.5320,,,,,mask=0xBF;m=2;r=1
twocell_1_5_m2_r0,candidate,952,1,0.5280,0.4980,,,,,mask=0xBF;m=3;r=0
twocell_1_5_m2_r0,candidate,953,1,0.4320,0.4500,,,,,mask=0xBF;m=3;r=1
twocell_1_5_m2_r0,candidate,954,1,0.4450,0.4460,,,,,mask=0xBF;m=3;r=2
twocell_1_5_m2_r0,candidate,955,1,0.5410,0.5500,,,,,mask=0xC0;m=2;r=0
twocell_1_5_m2_r0,candidate,956,1,0.4590,0.4500,,,,,mask=0xC0;m=2;r=1
twocell_1_5_m2_r0,candidate,957,1,0.4770,0.4580,,,,,mask=0xC0;m=3;r=0
twocell_1_5_m2_r0,candidate,958,1,0.4580,0.4600,,,,,mask=0xC0;m=3;r=1
twocell_1_5_m2_r0,candidate,959,1,0.4700,0.4760,,,,,mask=0xC0;m=3;r=2
twocell_1_5_m2_r0,candidate,960,1,0.4920,0.5120,,,,,mask=0xC1;m=2;r=0
twocell_1_5_m2_r0,candidate,961,1,0.5080,0.4880,,,,,mask=0xC1;m=2;r=1
twocell_1_5_m2_r0,candidate,962,1,0.4450,0.4540,,,,,mask=0xC1;m=3;r=0
twocell_1_5_m2_r0,candidate,963,1,0.4700,0.4940,,,,,mask=0xC1;m=3;r=1
twocell_1_5_m2_r0,candidate,964,1,0.4900,0.4460,,,,,mask=0xC1;m=3;r=2
twocell_1_5_m2_r0,candidate,965,1,0.4860,0.4960,,,,,mask=0xC2;m=2;r=0
twocell_1_5_m2_r0,candidate,966,1,0.5140,0.5040,,,,,mask=0xC2;m=2;r=1
twocell_1_5_m2_r0,candidate,967,1,0.4660,0.4440,,,,,mask=0xC2;m=3;r=0
twocell_1_5_m2_r0,candidate,968,1,0.4820,0.4760,,,,,mask=0xC2;m=3;r=1
twocell_1_5_m2_r0,candidate,969,1,0.4570,0.4740,,,,,mask=0xC2;m=3;r=2
twocell_1_5_m2_r0,candidate,970,1,0.5200,0.5500,,,,,mask=0xC3;m=2;r=0
twocell_1_5_m2_r0,candidate,971,1,0.4800,0.4500,,,,,mask=0xC3;m=2;r=1
twocell_1_5_m2_r0,candidate,972,1,0.4490,0.4660,,,,,mask=0xC3;m=3;r=0
twocell_1_5_m2_r0,candidate,973,1,0.4680,0.4620,,,,,mask=0xC3;m=3;r=1
twocell_1_5_m2_r0,candidate,974,1,0.4880,0.4660,,,,,mask=0xC3;m=3;r=2
twocell_1_5_m2_r0,candidate,975,1,0.5100,0.5160,,,,,mask=0xC4;m=2;r=0
twocell_1_5_m2_r0,candidate,976,1,0.4900,0.4840,,,,,mask=0xC4;m=2;r=1
twocell_1_5_m2_r0,candidate,977,1,0.4780,0.4800,,,,,mask=0xC4;m=3;r=0
twocell_1_5_m2_r0,candidate,978,1,0.4750,0.4540,,,,,mask=0xC4;m=3;r=1
twocell_1_5_m2_r0,candidate,979,1,0.4520,0.4600,,,,,mask=0xC4;m=3;r=2
twocell_1_5_m2_r0,candidate,980,1,0.5300,0.4980,,,,,mask=0xC5;m=2;r=0
twocell_1_5_m2_r0,candidate,981,1,0.4700,0.5020,,,,,mask=0xC5;m=2;r=1
twocell_1_5_m2_r0,candidate,982,1,0.4560,0.4720,,,,,mask=0xC5;m=3;r=0
twocell_1_5_m2_r0,candidate,983,1,0.4730,0.4780,,,,,mask=0xC5;m=3;r=1
twocell_1_5_m2_r0,candidate,984,1,0.4760,0.4440,,,,,mask=0xC5;m=3;r=2
twocell_1_5_m2_r0,candidate,985,1,0.5330,0.5120,,,,,mask=0xC6;m=2;r=0
twocell_1_5_m2_r0,candidate,986,1,0.4670,0.4880,,,,,mask=0xC6;m=2;r=1
twocell_1_5_m2_r0,candidate,987,1,0.4770,0.4820,,,,,mask=0xC6;m=3;r=0
twocell_1_5_m2_r0,candidate,988,1,0.4720,0.4640,,,,,mask=0xC6;m=3;r=1
twocell_1_5_m2_r0,candidate,989,1,0.4560,0.4480,,,,,mask=0xC6;m=3;r=2
twocell_1_5_m2_r0,candidate,990,1,0.4820,0.5180,,,,,mask=0xC7;m=2;r=0
twocell_1_5_m2_r0,candidate,991,1,0.5180,0.4820,,,,,mask=0xC7;m=2;r=1
twocell_1_5_m2_r0,candidate,992,1,0.4380,0.4600,,,,,mask=0xC7;m=3;r=0
twocell_1_5_m2_r0,candidate,993,1,0.4870,0.4360,,,,,mask=0xC7;m=3;r=1
twocell_1_5_m2_r0,candidate,994,1,0.4800,0.4980,,,,,mask=0xC7;m=3;r=2
twocell_1_5_m2_r0,candidate,995,1,0.5260,0.5200,,,,,mask=0xC8;m=2;r=0
twocell_1_5_m2_r0,candidate,996,1,0.4740,0.4800,,,,,mask=0xC8;m=2;r=1
twocell_1_5_m2_r0,candidate,997,1,0.4690,0.4880,,,,,mask=0xC8;m=3;r=0
twocell_1_5_m2_r0,candidate,998,1,0.4810,0.4400,,,,,mask=0xC8;m=3;r=1
twocell_1_5_m2_r0,candidate,999,1,0.4550,0.4660,,,,,mask=0xC8;m=3;r=2
twocell_1_5_m2_r0,candidate,1000,1,0.5120,0.5080,,,,,mask=0xC9;m=2;r=0
twocell_1_5_m2_r0,candidate,1001,1,0.4880,0.4920,,,,,mask=0xC9;m=2;r=1
twocell_1_5_m2_r0,candidate,1002,1,0.4930,0.4700,,,,,mask=0xC9;m=3;r=0
twocell_1_5_m2_r0,candidate,1003,1,0.4390,0.4840,,,,,mask=0xC9;m=3;r=1
twocell_1_5_m2_r0,candidate,1004,1,0.4730,0.4400,,,,,mask=0xC9;m=3;r=2
twocell_1_5_m2_r0,candidate,1005,1,0.5540,0.5360,,,,,mask=0xCA;m=2;r=0
twocell_1_5_m2_r0,candidate,1006,1,0.4460,0.4640,,,,,mask=0xCA;m=2;r=1
twocell_1_5_m2_r0,candidate,1007,1,0.4670,0.4620,,,,,mask=0xCA;m=3;r=0
twocell_1_5_m2_r0,candidate,1008,1,0.4750,0.4620,,,,,mask=0xCA;m=3;r=1
twocell_1_5_m2_r0,candidate,1009,1,0.4630,0.4700,,,,,mask=0xCA;m=3;r=2
twocell_1_5_m2_r0,candidate,1010,1,0.4850,0.5440,,,,,mask=0xCB;m=2;r=0
twocell_1_5_m2_r0,candidate,1011,1,0.5150,0.4560,,,,,mask=0xCB;m=2;r=1
twocell_1_5_m2_r0,candidate,1012,1,0.4860,0.4560,,,,,mask=0xCB;m=3;r=0
twocell_1_5_m2_r0,candidate,1013,1,0.4470,0.4740,,,,,mask=0xCB;m=3;r=1
twocell_1_5_m2_r0,candidate,1014,1,0.4720,0.4640,,,,,mask=0xCB;m=3;r=2
twocell_1_5_m2_r0,candidate,1015,1,0.5380,0.5220,,,,,mask=0xCC;m=2;r=0
twocell_1_5_m2_r0,candidate,1016,1,0.4620,0.4780,,,,,mask=0xCC;m=2;r=1
twocell_1_5_m2_r0,candidate,1017,1,0.4390,0.4500,,,,,mask=0xCC;m=3;r=0
twocell_1_5_m2_r0,candidate,1018,1,0.4760,0.5000,,,,,mask=0xCC;m=3;r=1
twocell_1_5_m2_r0,candidate,1019,1,0.4900,0.4440,,,,,mask=0xCC;m=3;r=2
twocell_1_5_m2_r0,candidate,1020,1,0.5230,0.5460,,,,,mask=0xCD;m=2;r=0
twocell_1_5_m2_r0,candidate,1021,1,0.4770,0.4540,,,,,mask=0xCD;m=2;r=1
twocell_1_5_m2_r0,candidate,1022,1,0.5050,0.4660,,,,,mask=0xCD;m=3;r=0
twocell_1_5_m2_r0,candidate,1023,1,0.4550,0.4580,,,,,mask=0xCD;m=3;r=1
twocell_1_5_m2_r0,candidate,1024,1,0.4450,0.4700,,,,,mask=0xCD;m=3;r=2
twocell_1_5_m2_r0,candidate,1025,1,0.5000,0.5320,,,,,mask=0xCE;m=2;r=0
twocell_1_5_m2_r0,candidate,1026,1,0.5000,0.4680,,,,,mask=0xCE;m=2;r=1
twocell_1_5_m2_r0,candidate,1027,1,0.4770,0.4280,,,,,mask=0xCE;m=3;r=0
twocell_1_5_m2_r0,candidate,1028,1,0.4880,0.4800,,,,,mask=0xCE;m=3;r=1
twocell_1_5_m2_r0,candidate,1029,1,0.4400,0.4860,,,,,mask=0xCE;m=3;r=2
twocell_1_5_m2_r0,candidate,1030,1,0.5520,0.5240,,,,,mask=0xCF;m=2;r=0
twocell_1_5_m2_r0,candidate,1031,1,0.4480,0.4760,,,,,mask=0xCF;m=2;r=1
twocell_1_5_m2_r0,candidate,1032,1,0.4680,0.4540,,,,,mask=0xCF;m=3;r=0
twocell_1_5_m2_r0,candidate,1033,1,0.4590,0.4820,,,,,mask=0xCF;m=3;r=1
twocell_1_5_m2_r0,candidate,1034,1,0.4780,0.4580,,,,,mask=0xCF;m=3;r=2
twocell_1_5_m2_r0,candidate,1035,1,0.4970,0.4860,,,,,mask=0xD0;m=2;r=0
twocell_1_5_m2_r0,candidate,1036,1,0.5030,0.5140,,,,,mask=0xD0;m=2;r=1
twocell_1_5_m2_r0,candidate,1037,1,0.4900,0.4440,,,,,mask=0xD0;m=3;r=0
twocell_1_5_m2_r0,candidate,1038,1,0.4730,0.4500,,,,,mask=0xD0;m=3;r=1
twocell_1_5_m2_r0,candidate,1039,1,0.4420,0.5000,,,,,mask=0xD0;m=3;r=2
twocell_1_5_m2_r0,candidate,1040,1,0.5040,0.5860,,,,,mask=0xD1;m=2;r=0
twocell_1_5_m2_r0,candidate,1041,1,0.4960,0.4140,,,,,mask=0xD1;m=2;r=1
twocell_1_5_m2_r0,candidate,1042,1,0.4700,0.4880,,,,,mask=0xD1;m=3;r=0
twocell_1_5_m2_r0,candidate,1043,1,0.4780,0.4460,,,,,mask=0xD1;m=3;r=1
twocell_1_5_m2_r0,candidate,1044,1,0.4570,0.4600,,,,,mask=0xD1;m=3;r=2
twocell_1_5_m2_r0,candidate,1045,1,0.5270,0.5780,,,,,mask=0xD2;m=2;r=0
twocell_1_5_m2_r0,candidate,1046,1,0.4730,0.4220,,,,,mask=0xD2;m=2;r=1
twocell_1_5_m2_r0,candidate,1047,1,0.4760,0.4800,,,,,mask=0xD2;m=3;r=0
twocell_1_5_m2_r0,candidate,1048,1,0.4550,0.4340,,,,,mask=0xD2;m=3;r=1
twocell_1_5_m2_r0,candidate,1049,1,0.4740,0.4800,,,,,mask=0xD2;m=3;r=2
twocell_1_5_m2_r0,candidate,1050,1,0.4910,0.5060,,,,,mask=0xD3;m=2;r=0
twocell_1_5_m2_r0,candidate,1051,1,0.5090,0.4940,,,,,mask=0xD3;m=2;r=1
twocell_1_5_m2_r0,candidate,1052,1,0.4840,0.4620,,,,,mask=0xD3;m=3;r=0
twocell_1_5_m2_r0,candidate,1053,1,0.4590,0.4500,,,,,mask=0xD3;m=3;r=1
twocell_1_5_m2_r0,candidate,1054,1,0.4620,0.4820,,,,,mask=0xD3;m=3;r=2
twocell_1_5_m2_r0,candidate,1055,1,0.5420,0.5480,,,,,mask=0xD4;m=2;r=0
twocell_1_5_m2_r0,candidate,1056,1,0.4580,0.4520,,,,,mask=0xD4;m=2;r=1
twocell_1_5_m2_r0,candidate,1057,1,0.4350,0.4680,,,,,mask=0xD4;m=3;r=0
twocell_1_5_m2_r0,candidate,1058,1,0.4650,0.4580,,,,,mask=0xD4;m=3;r=1
twocell_1_5_m2_r0,candidate,1059,1,0.5050,0.4680,,,,,mask=0xD4;m=3;r=2
twocell_1_5_m2_r0,candidate,1060,1,0.5240,0.4960,,,,,mask=0xD5;m=2;r=0
twocell_1_5_m2_r0,candidate,1061,1,0.4760,0.5040,,,,,mask=0xD5;m=2;r=1
twocell_1_5_m2_r0,candidate,1062,1,0.4750,0.5180,,,,,mask=0xD5;m=3;r=0
twocell_1_5_m2_r0,candidate,1063,1,0.4460,0.3940,,,,,mask=0xD5;m=3;r=1
twocell_1_5_m2_r0,candidate,1064,1,0.4840,0.4820,,,,,mask=0xD5;m=3;r=2
twocell_1_5_m2_r0,candidate,1065,1,0.5100,0.5100,,,,,mask=0xD6;m=2;r=0
twocell_1_5_m2_r0,candidate,1066,1,0.4900,0.4900,,,,,mask=0xD6;m=2;r=1
twocell_1_5_m2_r0,candidate,1067,1,0.4420,0.4740,,,,,mask=0xD6;m=3;r=0
twocell_1_5_m2_r0,candidate,1068,1,0.5120,0.4560,,,,,mask=0xD6;m=3;r=1
twocell_1_5_m2_r0,candidate,1069,1,0.4510,0.4640,,,,,mask=0xD6;m=3;r=2
twocell_1_5_m2_r0,candidate,1070,1,0.5410,0.4940,,,,,mask=0xD7;m=2;r=0
twocell_1_5_m2_r0,candidate,1071,1,0.4590,0.5060,,,,,mask=0xD7;m=2;r=1
twocell_1_5_m2_r0,candidate,1072,1,0.4600,0.4120,,,,,mask=0xD7;m=3;r=0
twocell_1_5_m2_r0,candidate,1073,1,0.4810,0.4880,,,,,mask=0xD7;m=3;r=1
twocell_1_5_m2_r0,candidate,1074,1,0.4640,0.4940,,,,,mask=0xD7;m=3;r=2
twocell_1_5_m2_r0,candidate,1075,1,0.5250,0.5420,,,,,mask=0xD8;m=2;r=0
twocell_1_5_m2_r0,candidate,1076,1,0.4750,0.4580,,,,,mask=0xD8;m=2;r=1
twocell_1_5_m2_r0,candidate,1077,1,0.4640,0.5080,,,,,mask=0xD8;m=3;r=0
twocell_1_5_m2_r0,candidate,1078,1,0.4840,0.4120,,,,,mask=0xD8;m=3;r=1
twocell_1_5_m2_r0,candidate,1079,1,0.4570,0.4740,,,,,mask=0xD8;m=3;r=2
twocell_1_5_m2_r0,candidate,1080,1,0.4810,0.5040,,,,,mask=0xD9;m=2;r=0
twocell_1_5_m2_r0,candidate,1081,1,0.5190,0.4960,,,,,mask=0xD9;m=2;r=1
twocell_1_5_m2_r0,candidate,1082,1,0.4980,0.5060,,,,,mask=0xD9;m=3;r=0
twocell_1_5_m2_r0,candidate,1083,1,0.4540,0.4580,,,,,mask=0xD9;m=3;r=1
twocell_1_5_m2_r0,candidate,1084,1,0.4530,0.4300,,,,,mask=0xD9;m=3;r=2
twocell_1_5_m2_r0,candidate,1085,1,0.5200,0.5000,,,,,mask=0xDA;m=2;r=0
twocell_1_5_m2_r0,candidate,1086,1,0.4800,0.5000,,,,,mask=0xDA;m=2;r=1
twocell_1_5_m2_r0,candidate,1087,1,0.4590,0.4260,,,,,mask=0xDA;m=3;r=0
twocell_1_5_m2_r0,candidate,1088,1,0.5020,0.4880,,,,,mask=0xDA;m=3;r=1
twocell_1_5_m2_r0,candidate,1089,1,0.4440,0.4800,,,,,mask=0xDA;m=3;r=2
twocell_1_5_m2_r0,candidate,1090,1,0.5110,0.5220,,,,,mask=0xDB;m=2;r=0
twocell_1_5_m2_r0,candidate,1091,1,0.4890,0.4780,,,,,mask=0xDB;m=2;r=1
twocell_1_5_m2_r0,candidate,1092,1,0.4660,0.5040,,,,,mask=0xDB;m=3;r=0
twocell_1_5_m2_r0,candidate,1093,1,0.4670,0.4500,,,,,mask=0xDB;m=3;r=1
twocell_1_5_m2_r0,candidate,1094,1,0.4720,0.4400,,,,,mask=0xDB;m=3;r=2
twocell_1_5_m2_r0,candidate,1095,1,0.5350,0.4840,,,,,mask=0xDC;m=2;r=0
twocell_1_5_m2_r0,candidate,1096,1,0.4650,0.5160,,,,,mask=0xDC;m=2;r=1
twocell_1_5_m2_r0,candidate,1097,1,0.4730,0.4660,,,,,mask=0xDC;m=3;r=0
twocell_1_5_m2_r0,candidate,1098,1,0.4710,0.4500,,,,,mask=0xDC;m=3;r=1
twocell_1_5_m2_r0,candidate,1099,1,0.4610,0.4780,,,,,mask=0xDC;m=3;r=2
twocell_1_5_m2_r0,candidate,1100,1,0.5480,0.5740,,,,,mask=0xDD;m=2;r=0
twocell_1_5_m2_r0,candidate,1101,1,0.4520,0.4260,,,,,mask=0xDD;m=2;r=1
twocell_1_5_m2_r0,candidate,1102,1,0.5080,0.4800,,,,,mask=0xDD;m=3;r=0
twocell_1_5_m2_r0,candidate,1103,1,0.4570,0.4400,,,,,mask=0xDD;m=3;r=1
twocell_1_5_m2_r0,candidate,1104,1,0.4400,0.4740,,,,,mask=0xDD;m=3;r=2
twocell_1_5_m2_r0,candidate,1105,1,0.5240,0.5720,,,,,mask=0xDE;m=2;r=0
twocell_1_5_m2_r0,candidate,1106,1,0.4760,0.4280,,,,,mask=0xDE;m=2;r=1
twocell_1_5_m2_r0,candidate,1107,1,0.4690,0.4860,,,,,mask=0xDE;m=3;r=0
twocell_1_5_m2_r0,candidate,1108,1,0.4590,0.4560,,,,,mask=0xDE;m=3;r=1
twocell_1_5_m2_r0,candidate,1109,1,0.4770,0.4520,,,,,mask=0xDE;m=3;r=2
twocell_1_5_m2_r0,candidate,1110,1,0.5120,0.5620,,,,,mask=0xDF;m=2;r=0
twocell_1_5_m2_r0,candidate,1111,1,0.4880,0.4380,,,,,mask=0xDF;m=2;r=1
twocell_1_5_m2_r0,candidate,1112,1,0.4970,0.5140,,,,,mask=0xDF;m=3;r=0
twocell_1_5_m2_r0,candidate,1113,1,0.4420,0.4460,,,,,mask=0xDF;m=3;r=1
twocell_1_5_m2_r0,candidate,1114,1,0.4660,0.4340,,,,,mask=0xDF;m=3;r=2
twocell_1_5_m2_r0,candidate,1115,1,0.5010,0.5080,,,,,mask=0xE0;m=2;r=0
twocell_1_5_m2_r0,candidate,1116,1,0.4990,0.4920,,,,,mask=0xE0;m=2;r=1
twocell_1_5_m2_r0,candidate,1117,1,0.4590,0.4720,,,,,mask=0xE0;m=3;r=0
twocell_1_5_m2_r0,candidate,1118,1,0.4830,0.4820,,,,,mask=0xE0;m=3;r=1
twocell_1_5_m2_r0,candidate,1119,1,0.4630,0.4400,,,,,mask=0xE0;m=3;r=2
twocell_1_5_m2_r0,candidate,1120,1,0.5320,0.5120,,,,,mask=0xE1;m=2;r=0
twocell_1_5_m2_r0,candidate,1121,1,0.4680,0.4880,,,,,mask=0xE1;m=2;r=1
twocell_1_5_m2_r0,candidate,1122,1,0.4780,0.4500,,,,,mask=0xE1;m=3;r=0
twocell_1_5_m2_r0,candidate,1123,1,0.4550,0.4820,,,,,mask=0xE1;m=3;r=1
twocell_1_5_m2_r0,candidate,1124,1,0.4720,0.4620,,,,,mask=0xE1;m=3;r=2
twocell_1_5_m2_r0,candidate,1125,1,0.5780,0.6000,,,,,mask=0xE2;m=2;r=0
twocell_1_5_m2_r0,candidate,1126,1,0.4220,0.4000,,,,,mask=0xE2;m=2;r=1
twocell_1_5_m2_r0,candidate,1127,1,0.4540,0.4540,,,,,mask=0xE2;m=3;r=0
twocell_1_5_m2_r0,candidate,1128,1,0.4900,0.5120,,,,,mask=0xE2;m=3;r=1
twocell_1_5_m2_r0,candidate,1129,1,0.4610,0.4280,,,,,mask=0xE2;m=3;r=2
twocell_1_5_m2_r0,candidate,1130,1,0.4780,0.5320,,,,,mask=0xE3;m=2;r=0
twocell_1_5_m2_r0,candidate,1131,1,0.5220,0.4680,,,,,mask=0xE3;m=2;r=1
twocell_1_5_m2_r0,candidate,1132,1,0.5010,0.4180,,,,,mask=0xE3;m=3;r=0
twocell_1_5_m2_r0,candidate,1133,1,0.4490,0.5080,,,,,mask=0xE3;m=3;r=1
twocell_1_5_m2_r0,candidate,1134,1,0.4550,0.4680,,,,,mask=0xE3;m=3;r=2
twocell_1_5_m2_r0,candidate,1135,1,0.5180,0.5380,,,,,mask=0xE4;m=2;r=0
twocell_1_5_m2_r0,candidate,1136,1,0.4820,0.4620,,,,,mask=0xE4;m=2;r=1
twocell_1_5_m2_r0,candidate,1137,1,0.4620,0.4580,,,,,mask=0xE4;m=3;r=0
twocell_1_5_m2_r0,candidate,1138,1,0.4890,0.5180,,,,,mask=0xE4;m=3;r=1
twocell_1_5_m2_r0,candidate,1139,1,0.4540,0.4180,,,,,mask=0xE4;m=3;r=2
twocell_1_5_m2_r0,candidate,1140,1,0.4960,0.4940,,,,,mask=0xE5;m=2;r=0
twocell_1_5_m2_r0,candidate,1141,1,0.5040,0.5060,,,,,mask=0xE5;m=2;r=1
twocell_1_5_m2_r0,candidate,1142,1,0.4640,0.4640,,,,,mask=0xE5;m=3;r=0
twocell_1_5_m2_r0,candidate,1143,1,0.4650,0.4800,,,,,mask=0xE5;m=3;r=1
twocell_1_5_m2_r0,candidate,1144,1,0.4760,0.4500,,,,,mask=0xE5;m=3;r=2
twocell_1_5_m2_r0,candidate,1145,1,0.4850,0.4720,,,,,mask=0xE6;m=2;r=0
twocell_1_5_m2_r0,candidate,1146,1,0.5150,0.5280,,,,,mask=0xE6;m=2;r=1
twocell_1_5_m2_r0,candidate,1147,1,0.4340,0.4860,,,,,mask=0xE6;m=3;r=0
twocell_1_5_m2_r0,candidate,1148,1,0.5320,0.4580,,,,,mask=0xE6;m=3;r=1
twocell_1_5_m2_r0,candidate,1149,1,0.4390,0.4500,,,,,mask=0xE6;m=3;r=2
twocell_1_5_m2_r0,candidate,1150,1,0.5760,0.5720,,,,,mask=0xE7;m=2;r=0
twocell_1_5_m2_r0,candidate,1151,1,0.4240,0.4280,,,,,mask=0xE7;m=2;r=1
twocell_1_5_m2_r0,candidate,1152,1,0.4630,0.4920,,,,,mask=0xE7;m=3;r=0
twocell_1_5_m2_r0,candidate,1153,1,0.4730,0.4480,,,,,mask=0xE7;m=3;r=1
twocell_1_5_m2_r0,candidate,1154,1,0.4690,0.4540,,,,,mask=0xE7;m=3;r=2
twocell_1_5_m2_r0,candidate,1155,1,0.5440,0.5240,,,,,mask=0xE8;m=2;r=0
twocell_1_5_m2_r0,candidate,1156,1,0.4560,0.4760,,,,,mask=0xE8;m=2;r=1
twocell_1_5_m2_r0,candidate,1157,1,0.4490,0.4500,,,,,mask=0xE8;m=3;r=0
twocell_1_5_m2_r0,candidate,1158,1,0.4800,0.4960,,,,,mask=0xE8;m=3;r=1
twocell_1_5_m2_r0,candidate,1159,1,0.4760,0.4480,,,,,mask=0xE8;m=3;r=2
twocell_1_5_m2_r0,candidate,1160,1,0.4940,0.5260,,,,,mask=0xE9;m=2;r=0
twocell_1_5_m2_r0,candidate,1161,1,0.5060,0.4740,,,,,mask=0xE9;m=2;r=1
twocell_1_5_m2_r0,candidate,1162,1,0.4940,0.4520,,,,,mask=0xE9;m=3;r=0
twocell_1_5_m2_r0,candidate,1163,1,0.4610,0.4720,,,,,mask=0xE9;m=3;r=1
twocell_1_5_m2_r0,candidate,1164,1,0.4500,0.4700,,,,,mask=0xE9;m=3;r=2
twocell_1_5_m2_r0,candidate,1165,1,0.4920,0.4940,,,,,mask=0xEA;m=2;r=0
twocell_1_5_m2_r0,candidate,1166,1,0.5080,0.5060,,,,,mask=0xEA;m=2;r=1
twocell_1_5_m2_r0,candidate,1167,1,0.4640,0.4540,,,,,mask=0xEA;m=3;r=0
twocell_1_5_m2_r0,candidate,1168,1,0.4800,0.4820,,,,,mask=0xEA;m=3;r=1
twocell_1_5_m2_r0,candidate,1169,1,0.4610,0.4580,,,,,mask=0xEA;m=3;r=2
twocell_1_5_m2_r0,candidate,1170,1,0.5570,0.5440,,,,,mask=0xEB;m=2;r=0
twocell_1_5_m2_r0,candidate,1171,1,0.4430,0.4560,,,,,mask=0xEB;m=2;r=1
twocell_1_5_m2_r0,candidate,1172,1,0.4610,0.4880,,,,,mask=0xEB;m=3;r=0
twocell_1_5_m2_r0,candidate,1173,1,0.4740,0.4760,,,,,mask=0xEB;m=3;r=1
twocell_1_5_m2_r0,candidate,1174,1,0.4700,0.4300,,,,,mask=0xEB;m=3;r=2
twocell_1_5_m2_r0,candidate,1175,1,0.4780,0.5060,,,,,mask=0xEC;m=2;r=0
twocell_1_5_m2_r0,candidate,1176,1,0.5220,0.4940,,,,,mask=0xEC;m=2;r=1
twocell_1_5_m2_r0,candidate,1177,1,0.4460,0.5100,,,,,mask=0xEC;m=3;r=0
twocell_1_5_m2_r0,candidate,1178,1,0.4890,0.4560,,,,,mask=0xEC;m=3;r=1
twocell_1_5_m2_r0,candidate,1179,1,0.4700,0.4280,,,,,mask=0xEC;m=3;r=2
twocell_1_5_m2_r0,candidate,1180,1,0.5290,0.4880,,,,,mask=0xED;m=2;r=0
twocell_1_5_m2_r0,candidate,1181,1,0.4710,0.5120,,,,,mask=0xED;m=2;r=1
twocell_1_5_m2_r0,candidate,1182,1,0.4750,0.4520,,,,,mask=0xED;m=3;r=0
twocell_1_5_m2_r0,candidate,1183,1,0.4630,0.4560,,,,,mask=0xED;m=3;r=1
twocell_1_5_m2_r0,candidate,1184,1,0.4670,0.4860,,,,,mask=0xED;m=3;r=2
twocell_1_5_m2_r0,candidate,1185,1,0.5480,0.5700,,,,,mask=0xEE;m=2;r=0
twocell_1_5_m2_r0,candidate,1186,1,0.4520,0.4300,,,,,mask=0xEE;m=2;r=1
twocell_1_5_m2_r0,candidate,1187,1,0.4650,0.4400,,,,,mask=0xEE;m=3;r=0
twocell_1_5_m2_r0,candidate,1188,1,0.4590,0.4720,,,,,mask=0xEE;m=3;r=1
twocell_1_5_m2_r0,candidate,1189,1,0.4810,0.4820,,,,,mask=0xEE;m=3;r=2
twocell_1_5_m2_r0,candidate,1190,1,0.4620,0.5040,,,,,mask=0xEF;m=2;r=0
twocell_1_5_m2_r0,candidate,1191,1,0.5380,0.4960,,,,,mask=0xEF;m=2;r=1
twocell_1_5_m2_r0,candidate,1192,1,0.4700,0.4840,,,,,mask=0xEF;m=3;r=0
twocell_1_5_m2_r0,candidate,1193,1,0.4790,0.4460,,,,,mask=0xEF;m=3;r=1
twocell_1_5_m2_r0,candidate,1194,1,0.4560,0.4640,,,,,mask=0xEF;m=3;r=2
twocell_1_5_m2_r0,candidate,1195,1,0.5420,0.5880,,,,,mask=0xF0;m=2;r=0
twocell_1_5_m2_r0,candidate,1196,1,0.4580,0.4120,,,,,mask=0xF0;m=2;r=1
twocell_1_5_m2_r0,candidate,1197,1,0.4560,0.4420,,,,,mask=0xF0;m=3;r=0
twocell_1_5_m2_r0,candidate,1198,1,0.4970,0.4680,,,,,mask=0xF0;m=3;r=1
twocell_1_5_m2_r0,candidate,1199,1,0.4520,0.4840,,,,,mask=0xF0;m=3;r=2
twocell_1_5_m2_r0,candidate,1200,1,0.4890,0.4980,,,,,mask=0xF1;m=2;r=0
twocell_1_5_m2_r0,candidate,1201,1,0.5110,0.5020,,,,,mask=0xF1;m=2;r=1
twocell_1_5_m2_r0,candidate,1202,1,0.4690,0.4380,,,,,mask=0xF1;m=3;r=0
twocell_1_5_m2_r0,candidate,1203,1,0.4560,0.5140,,,,,mask=0xF1;m=3;r=1
twocell_1_5_m2_r0,candidate,1204,1,0.4800,0.4420,,,,,mask=0xF1;m=3;r=2
twocell_1_5_m2_r0,candidate,1205,1,0.5260,0.4860,,,,,mask=0xF2;m=2;r=0
twocell_1_5_m2_r0,candidate,1206,1,0.4740,0.5140,,,,,mask=0xF2;m=2;r=1
twocell_1_5_m2_r0,candidate,1207,1,0.4480,0.4500,,,,,mask=0xF2;m=3;r=0
twocell_1_5_m2_r0,candidate,1208,1,0.4800,0.5080,,,,,mask=0xF2;m=3;r=1
twocell_1_5_m2_r0,candidate,1209,1,0.4770,0.4360,,,,,mask=0xF2;m=3;r=2
twocell_1_5_m2_r0,candidate,1210,1,0.5760,0.5800,,,,,mask=0xF3;m=2;r=0
twocell_1_5_m2_r0,candidate,1211,1,0.4240,0.4200,,,,,mask=0xF3;m=2;r=1
twocell_1_5_m2_r0,candidate,1212,1,0.4840,0.4880,,,,,mask=0xF3;m=3;r=0
twocell_1_5_m2_r0,candidate,1213,1,0.4270,0.4560,,,,,mask=0xF3;m=3;r=1
twocell_1_5_m2_r0,candidate,1214,1,0.4940,0.4500,,,,,mask=0xF3;m=3;r=2
twocell_1_5_m2_r0,candidate,1215,1,0.5250,0.4540,,,,,mask=0xF4;m=2;r=0
twocell_1_5_m2_r0,candidate,1216,1,0.4750,0.5460,,,,,mask=0xF4;m=2;r=1
twocell_1_5_m2_r0,candidate,1217,1,0.4360,0.4240,,,,,mask=0xF4;m=3;r=0
twocell_1_5_m2_r0,candidate,1218,1,0.4960,0.4880,,,,,mask=0xF4;m=3;r=1
twocell_1_5_m2_r0,candidate,1219,1,0.4730,0.4820,,,,,mask=0xF4;m=3;r=2
twocell_1_5_m2_r0,candidate,1220,1,0.5430,0.5800,,,,,mask=0xF5;m=2;r=0
twocell_1_5_m2_r0,candidate,1221,1,0.4570,0.4200,,,,,mask=0xF5;m=2;r=1
twocell_1_5_m2_r0,candidate,1222,1,0.4900,0.4580,,,,,mask=0xF5;m=3;r=0
twocell_1_5_m2_r0,candidate,1223,1,0.4690,0.4940,,,,,mask=0xF5;m=3;r=1
twocell_1_5_m2_r0,candidate,1224,1,0.4460,0.4420,,,,,mask=0xF5;m=3;r=2
twocell_1_5_m2_r0,candidate,1225,1,0.5770,0.5820,,,,,mask=0xF6;m=2;r=0
twocell_1_5_m2_r0,candidate,1226,1,0.4230,0.4180,,,,,mask=0xF6;m=2;r=1
twocell_1_5_m2_r0,candidate,1227,1,0.4680,0.4760,,,,,mask=0xF6;m=3;r=0
twocell_1_5_m2_r0,candidate,1228,1,0.4580,0.4600,,,,,mask=0xF6;m=3;r=1
twocell_1_5_m2_r0,candidate,1229,1,0.4790,0.4580,,,,,mask=0xF6;m=3;r=2
twocell_1_5_m2_r0,candidate,1230,1,0.4800,0.4480,,,,,mask=0xF7;m=2;r=0
twocell_1_5_m2_r0,candidate,1231,1,0.5200,0.5520,,,,,mask=0xF7;m=2;r=1
twocell_1_5_m2_r0,candidate,1232,1,0.4780,0.4660,,,,,mask=0xF7;m=3;r=0
twocell_1_5_m2_r0,candidate,1233,1,0.4720,0.4860,,,,,mask=0xF7;m=3;r=1
twocell_1_5_m2_r0,candidate,1234,1,0.4550,0.4420,,,,,mask=0xF7;m=3;r=2
twocell_1_5_m2_r0,candidate,1235,1,0.5020,0.4700,,,,,mask=0xF8;m=2;r=0
twocell_1_5_m2_r0,candidate,1236,1,0.4980,0.5300,,,,,mask=0xF8;m=2;r=1
twocell_1_5_m2_r0,candidate,1237,1,0.4470,0.4740,,,,,mask=0xF8;m=3;r=0
twocell_1_5_m2_r0,candidate,1238,1,0.5010,0.4840,,,,,mask=0xF8;m=3;r=1
twocell_1_5_m2_r0,candidate,1239,1,0.4570,0.4360,,,,,mask=0xF8;m=3;r=2
twocell_1_5_m2_r0,candidate,1240,1,0.4940,0.5260,,,,,mask=0xF9;m=2;r=0
twocell_1_5_m2_r0,candidate,1241,1,0.5060,0.4740,,,,,mask=0xF9;m=2;r=1
twocell_1_5_m2_r0,candidate,1242,1,0.4630,0.4740,,,,,mask=0xF9;m=3;r=0
twocell_1_5_m2_r0,candidate,1243,1,0.4520,0.4500,,,,,mask=0xF9;m=3;r=1
twocell_1_5_m2_r0,candidate,1244,1,0.4900,0.4700,,,,,mask=0xF9;m=3;r=2
twocell_1_5_m2_r0,candidate,1245,1,0.5710,0.5980,,,,,mask=0xFA;m=2;r=0
twocell_1_5_m2_r0,candidate,1246,1,0.4290,0.4020,,,,,mask=0xFA;m=2;r=1
twocell_1_5_m2_r0,candidate,1247,1,0.4390,0.4740,,,,,mask=0xFA;m=3;r=0
twocell_1_5_m2_r0,candidate,1248,1,0.4810,0.4440,,,,,mask=0xFA;m=3;r=1
twocell_1_5_m2_r0,candidate,1249,1,0.4850,0.4760,,,,,mask=0xFA;m=3;r=2
twocell_1_5_m2_r0,candidate,1250,1,0.4680,0.4860,,,,,mask=0xFB;m=2;r=0
twocell_1_5_m2_r0,candidate,1251,1,0.5320,0.5140,,,,,mask=0xFB;m=2;r=1
twocell_1_5_m2_r0,candidate,1252,1,0.4930,0.4900,,,,,mask=0xFB;m=3;r=0
twocell_1_5_m2_r0,candidate,1253,1,0.4620,0.4540,,,,,mask=0xFB;m=3;r=1
twocell_1_5_m2_r0,candidate,1254,1,0.4500,0.4500,,,,,mask=0xFB;m=3;r=2
twocell_1_5_m2_r0,candidate,1255,1,0.5380,0.5440,,,,,mask=0xFC;m=2;r=0
twocell_1_5_m2_r0,candidate,1256,1,0.4620,0.4560,,,,,mask=0xFC;m=2;r=1
twocell_1_5_m2_r0,candidate,1257,1,0.4940,0.4680,,,,,mask=0xFC;m=3;r=0
twocell_1_5_m2_r0,candidate,1258,1,0.4650,0.4680,,,,,mask=0xFC;m=3;r=1
twocell_1_5_m2_r0,candidate,1259,1,0.4460,0.4580,,,,,mask=0xFC;m=3;r=2
twocell_1_5_m2_r0,candidate,1260,1,0.5190,0.4680,,,,,mask=0xFD;m=2;r=0
twocell_1_5_m2_r0,candidate,1261,1,0.4810,0.5320,,,,,mask=0xFD;m=2;r=1
twocell_1_5_m2_r0,candidate,1262,1,0.4910,0.4620,,,,,mask=0xFD;m=3;r=0
twocell_1_5_m2_r0,candidate,1263,1,0.4420,0.4760,,,,,mask=0xFD;m=3;r=1
twocell_1_5_m2_r0,candidate,1264,1,0.4720,0.4560,,,,,mask=0xFD;m=3;r=2
twocell_1_5_m2_r0,candidate,1265,1,0.4910,0.4860,,,,,mask=0xFE;m=2;r=0
twocell_1_5_m2_r0,candidate,1266,1,0.5090,0.5140,,,,,mask=0xFE;m=2;r=1
twocell_1_5_m2_r0,candidate,1267,1,0.5210,0.5180,,,,,mask=0xFE;m=3;r=0
twocell_1_5_m2_r0,candidate,1268,1,0.4430,0.4500,,,,,mask=0xFE;m=3;r=1
twocell_1_5_m2_r0,candidate,1269,1,0.4410,0.4260,,,,,mask=0xFE;m=3;r=2
twocell_1_5_m2_r0,random_trial,0,1270,,0.5360,,,,,max_validation=0.6220
twocell_1_5_m2_r0,random_trial,1,1270,,0.5360,,,,,max_validation=1.0000
twocell_1_5_m2_r0,random_trial,2,1270,,0.5360,,,,,max_validation=1.0000
twocell_1_5_m2_r0,random_trial,3,1270,,0.5360,,,,,max_validation=0.6260
twocell_1_5_m2_r0,random_trial,4,1270,,0.5360,,,,,max_validation=1.0000
twocell_1_5_m2_r0,random_trial,5,1270,,0.5360,,,,,max_validation=0.6260
twocell_1_5_m2_r0,random_trial,6,1270,,0.5360,,,,,max_validation=1.0000
twocell_1_5_m2_r0,random_trial,7,1270,,0.5360,,,,,max_validation=1.0000
twocell_1_5_m2_r0,random_trial,8,1270,,0.5360,,,,,max_validation=1.0000
twocell_1_5_m2_r0,random_trial,9,1270,,0.5360,,,,,max_validation=1.0000
twocell_1_5_m2_r0,random_trial,10,1270,,0.5360,,,,,max_validation=1.0000
twocell_1_5_m2_r0,random_trial,11,1270,,0.5360,,,,,max_validation=0.6220
twocell_1_5_m2_r0,random_trial,12,1270,,0.5360,,,,,max_validation=0.6260
twocell_1_5_m2_r0,random_trial,13,1270,,0.5360,,,,,max_validation=0.6260
twocell_1_5_m2_r0,random_trial,14,1270,,0.5360,,,,,max_validation=0.6260
twocell_1_5_m2_r0,random_trial,15,1270,,0.5360,,,,,max_validation=1.0000
twocell_1_5_m2_r0,random_trial,16,1270,,0.5360,,,,,max_validation=1.0000
twocell_1_5_m2_r0,random_trial,17,1270,,0.5360,,,,,max_validation=0.6260
twocell_1_5_m2_r0,random_trial,18,1270,,0.5360,,,,,max_validation=1.0000
twocell_1_5_m2_r0,random_trial,19,1270,,0.5360,,,,,max_validation=1.0000
twocell_1_5_m2_r0,random_trial,20,1270,,0.5360,,,,,max_validation=0.6260
twocell_1_5_m2_r0,random_trial,21,1270,,0.5360,,,,,max_validation=1.0000
twocell_1_5_m2_r0,random_trial,22,1270,,0.5360,,,,,max_validation=1.0000
twocell_1_5_m2_r0,random_trial,23,1270,,0.5360,,,,,max_validation=1.0000
twocell_1_5_m2_r0,random_trial,24,1270,,0.5360,,,,,max_validation=0.6220
twocell_1_5_m2_r0,random_trial,25,1270,,0.5360,,,,,max_validation=1.0000
twocell_1_5_m2_r0,random_trial,26,1270,,0.5360,,,,,max_validation=1.0000
twocell_1_5_m2_r0,random_trial,27,1270,,0.5360,,,,,max_validation=1.0000
twocell_1_5_m2_r0,random_trial,28,1270,,0.5360,,,,,max_validation=1.0000
twocell_1_5_m2_r0,random_trial,29,1270,,0.5360,,,,,max_validation=1.0000
twocell_1_5_m2_r0,random_trial,30,1270,,0.5360,,,,,max_validation=1.0000
twocell_1_5_m2_r0,random_trial,31,1270,,0.5360,,,,,max_validation=1.0000
twocell_1_5_m2_r0,random_trial,32,1270,,0.5360,,,,,max_validation=1.0000
twocell_1_5_m2_r0,random_trial,33,1270,,0.5360,,,,,max_validation=0.6220
twocell_1_5_m2_r0,random_trial,34,1270,,0.5360,,,,,max_validation=1.0000
twocell_1_5_m2_r0,random_trial,35,1270,,0.5360,,,,,max_validation=1.0000
twocell_1_5_m2_r0,random_trial,36,1270,,0.5360,,,,,max_validation=0.6260
twocell_1_5_m2_r0,random_trial,37,1270,,0.5360,,,,,max_validation=1.0000
twocell_1_5_m2_r0,random_trial,38,1270,,0.5360,,,,,max_validation=1.0000
twocell_1_5_m2_r0,random_trial,39,1270,,0.5360,,,,,max_validation=1.0000
twocell_1_5_m2_r0,random_trial,40,1270,,0.5360,,,,,max_validation=1.0000
twocell_1_5_m2_r0,random_trial,41,1270,,0.5360,,,,,max_validation=1.0000
twocell_1_5_m2_r0,random_trial,42,1270,,0.5360,,,,,max_validation=1.0000
twocell_1_5_m2_r0,random_trial,43,1270,,0.5360,,,,,max_validation=0.6220
twocell_1_5_m2_r0,random_trial,44,1270,,0.5360,,,,,max_validation=1.0000
twocell_1_5_m2_r0,random_trial,45,1270,,0.5360,,,,,max_validation=1.0000
twocell_1_5_m2_r0,random_trial,46,1270,,0.5360,,,,,max_validation=1.0000
twocell_1_5_m2_r0,random_trial,47,1270,,0.5360,,,,,max_validation=1.0000
twocell_1_5_m2_r0,random_trial,48,1270,,0.5360,,,,,max_validation=1.0000
twocell_1_5_m2_r0,random_trial,49,1270,,0.5360,,,,,max_validation=1.0000
twocell_1_5_m2_r0,random_trial,50,1270,,0.5360,,,,,max_validation=1.0000
twocell_1_5_m2_r0,random_trial,51,1270,,0.5360,,,,,max_validation=0.6260
twocell_1_5_m2_r0,random_trial,52,1270,,0.5360,,,,,max_validation=1.0000
twocell_1_5_m2_r0,random_trial,53,1270,,0.5360,,,,,max_validation=1.0000
twocell_1_5_m2_r0,random_trial,54,1270,,0.5360,,,,,max_validation=1.0000
twocell_1_5_m2_r0,random_trial,55,1270,,0.5360,,,,,max_validation=1.0000
twocell_1_5_m2_r0,random_trial,56,1270,,0.5360,,,,,max_validation=1.0000
twocell_1_5_m2_r0,random_trial,57,1270,,0.5360,,,,,max_validation=1.0000
twocell_1_5_m2_r0,random_trial,58,1270,,0.5360,,,,,max_validation=1.0000
twocell_1_5_m2_r0,random_trial,59,1270,,0.5360,,,,,max_validation=1.0000
twocell_1_5_m2_r0,random_trial,60,1270,,0.5360,,,,,max_validation=0.6260
twocell_1_5_m2_r0,random_trial,61,1270,,0.5360,,,,,max_validation=0.6260
twocell_1_5_m2_r0,random_trial,62,1270,,0.5360,,,,,max_validation=0.6120
twocell_1_5_m2_r0,random_trial,63,1270,,0.5360,,,,,max_validation=1.0000
twocell_1_5_m2_r0,random_trial,64,1270,,0.5360,,,,,max_validation=0.6200
twocell_1_5_m2_r0,random_trial,65,1270,,0.5360,,,,,max_validation=0.6260
twocell_1_5_m2_r0,random_trial,66,1270,,0.5360,,,,,max_validation=0.6260
twocell_1_5_m2_r0,random_trial,67,1270,,0.5360,,,,,max_validation=0.6220
twocell_1_5_m2_r0,random_trial,68,1270,,0.5360,,,,,max_validation=0.6260
twocell_1_5_m2_r0,random_trial,69,1270,,0.5360,,,,,max_validation=1.0000
twocell_1_5_m2_r0,random_trial,70,1270,,0.5360,,,,,max_validation=1.0000
twocell_1_5_m2_r0,random_trial,71,1270,,0.5360,,,,,max_validation=1.0000
twocell_1_5_m2_r0,random_trial,72,1270,,0.5360,,,,,max_validation=1.0000
twocell_1_5_m2_r0,random_trial,73,1270,,0.5360,,,,,max_validation=1.0000
twocell_1_5_m2_r0,random_trial,74,1270,,0.5360,,,,,max_validation=0.6260
twocell_1_5_m2_r0,random_trial,75,1270,,0.5360,,,,,max_validation=0.6260
twocell_1_5_m2_r0,random_trial,76,1270,,0.5360,,,,,max_validation=1.0000
twocell_1_5_m2_r0,random_trial,77,1270,,0.5360,,,,,max_validation=0.6260
twocell_1_5_m2_r0,random_trial,78,1270,,0.5360,,,,,max_validation=1.0000
twocell_1_5_m2_r0,random_trial,79,1270,,0.5360,,,,,max_validation=0.6260
twocell_1_5_m2_r0,random_trial,80,1270,,0.5360,,,,,max_validation=1.0000
twocell_1_5_m2_r0,random_trial,81,1270,,0.5360,,,,,max_validation=1.0000
twocell_1_5_m2_r0,random_trial,82,1270,,0.5360,,,,,max_validation=1.0000
twocell_1_5_m2_r0,random_trial,83,1270,,0.5360,,,,,max_validation=1.0000
twocell_1_5_m2_r0,random_trial,84,1270,,0.5360,,,,,max_validation=1.0000
twocell_1_5_m2_r0,random_trial,85,1270,,0.5360,,,,,max_validation=1.0000
twocell_1_5_m2_r0,random_trial,86,1270,,0.5360,,,,,max_validation=0.6260
twocell_1_5_m2_r0,random_trial,87,1270,,0.5360,,,,,max_validation=1.0000
twocell_1_5_m2_r0,random_trial,88,1270,,0.5360,,,,,max_validation=1.0000
twocell_1_5_m2_r0,random_trial,89,1270,,0.5360,,,,,max_validation=1.0000
twocell_1_5_m2_r0,random_trial,90,1270,,0.5360,,,,,max_validation=1.0000
twocell_1_5_m2_r0,random_trial,91,1270,,0.5360,,,,,max_validation=1.0000
twocell_1_5_m2_r0,random_trial,92,1270,,0.5360,,,,,max_validation=0.6260
twocell_1_5_m2_r0,random_trial,93,1270,,0.5360,,,,,max_validation=1.0000
twocell_1_5_m2_r0,random_trial,94,1270,,0.5360,,,,,max_validation=1.0000
twocell_1_5_m2_r0,random_trial,95,1270,,0.5360,,,,,max_validation=1.0000
twocell_1_5_m2_r0,random_trial,96,1270,,0.5360,,,,,max_validation=1.0000
twocell_1_5_m2_r0,random_trial,97,1270,,0.5360,,,,,max_validation=1.0000
twocell_1_5_m2_r0,random_trial,98,1270,,0.5360,,,,,max_validation=1.0000
twocell_1_5_m2_r0,random_trial,99,1270,,0.5360,,,,,max_validation=1.0000
twocell_1_5_m2_r0,random_trial,100,1270,,0.5360,,,,,max_validation=1.0000
twocell_1_5_m2_r0,random_trial,101,1270,,0.5360,,,,,max_validation=0.6260
twocell_1_5_m2_r0,random_trial,102,1270,,0.5360,,,,,max_validation=1.0000
twocell_1_5_m2_r0,random_trial,103,1270,,0.5360,,,,,max_validation=0.6260
twocell_1_5_m2_r0,random_trial,104,1270,,0.5360,,,,,max_validation=1.0000
twocell_1_5_m2_r0,random_trial,105,1270,,0.5360,,,,,max_validation=1.0000
twocell_1_5_m2_r0,random_trial,106,1270,,0.5360,,,,,max_validation=1.0000
twocell_1_5_m2_r0,random_trial,107,1270,,0.5360,,,,,max_validation=1.0000
twocell_1_5_m2_r0,random_trial,108,1270,,0.5360,,,,,max_validation=0.6220
twocell_1_5_m2_r0,random_trial,109,1270,,0.5360,,,,,max_validation=1.0000
twocell_1_5_m2_r0,random_trial,110,1270,,0.5360,,,,,max_validation=1.0000
twocell_1_5_m2_r0,random_trial,111,1270,,0.5360,,,,,max_validation=1.0000
twocell_1_5_m2_r0,random_trial,112,1270,,0.5360,,,,,max_validation=0.6260
twocell_1_5_m2_r0,random_trial,113,1270,,0.5360,,,,,max_validation=1.0000
twocell_1_5_m2_r0,random_trial,114,1270,,0.5360,,,,,max_validation=0.6260
twocell_1_5_m2_r0,random_trial,115,1270,,0.5360,,,,,max_validation=1.0000
twocell_1_5_m2_r0,random_trial,116,1270,,0.5360,,,,,max_validation=0.6260
twocell_1_5_m2_r0,random_trial,117,1270,,0.5360,,,,,max_validation=0.6220
twocell_1_5_m2_r0,random_trial,118,1270,,0.5360,,,,,max_validation=1.0000
twocell_1_5_m2_r0,random_trial,119,1270,,0.5360,,,,,max_validation=1.0000
twocell_1_5_m2_r0,random_trial,120,1270,,0.5360,,,,,max_validation=1.0000
twocell_1_5_m2_r0,random_trial,121,1270,,0.5360,,,,,max_validation=1.0000
twocell_1_5_m2_r0,random_trial,122,1270,,0.5360,,,,,max_validation=1.0000
twocell_1_5_m2_r0,random_trial,123,1270,,0.5360,,,,,max_validation=1.0000
twocell_1_5_m2_r0,random_trial,124,1270,,0.5360,,,,,max_validation=1.0000
twocell_1_5_m2_r0,random_trial,125,1270,,0.5360,,,,,max_validation=1.0000
twocell_1_5_m2_r0,random_trial,126,1270,,0.5360,,,,,max_validation=1.0000
twocell_1_5_m2_r0,random_trial,127,1270,,0.5360,,,,,max_validation=0.6260
twocell_1_5_m2_r0,summary,0,1270,1.0000,0.5360,1.0000,1.0000,0.7188,0.5935,admitted=yes;expected=yes;chosen=0x22/2/0;blind_mean=0.8944;heldout=no;PASS
heldout_threecell_0_3_6_m3_r2,candidate,0,1,0.4730,0.4740,,,,,mask=0x01;m=2;r=0
heldout_threecell_0_3_6_m3_r2,candidate,1,1,0.5270,0.5260,,,,,mask=0x01;m=2;r=1
heldout_threecell_0_3_6_m3_r2,candidate,2,1,0.4800,0.5580,,,,,mask=0x01;m=3;r=0
heldout_threecell_0_3_6_m3_r2,candidate,3,1,0.5510,0.5260,,,,,mask=0x01;m=3;r=1
heldout_threecell_0_3_6_m3_r2,candidate,4,1,0.6390,0.5920,,,,,mask=0x01;m=3;r=2
heldout_threecell_0_3_6_m3_r2,candidate,5,1,0.4550,0.4840,,,,,mask=0x02;m=2;r=0
heldout_threecell_0_3_6_m3_r2,candidate,6,1,0.5450,0.5160,,,,,mask=0x02;m=2;r=1
heldout_threecell_0_3_6_m3_r2,candidate,7,1,0.5180,0.5360,,,,,mask=0x02;m=3;r=0
heldout_threecell_0_3_6_m3_r2,candidate,8,1,0.5740,0.5780,,,,,mask=0x02;m=3;r=1
heldout_threecell_0_3_6_m3_r2,candidate,9,1,0.5780,0.5620,,,,,mask=0x02;m=3;r=2
heldout_threecell_0_3_6_m3_r2,candidate,10,1,0.4580,0.4480,,,,,mask=0x03;m=2;r=0
heldout_threecell_0_3_6_m3_r2,candidate,11,1,0.5420,0.5520,,,,,mask=0x03;m=2;r=1
heldout_threecell_0_3_6_m3_r2,candidate,12,1,0.5310,0.5880,,,,,mask=0x03;m=3;r=0
heldout_threecell_0_3_6_m3_r2,candidate,13,1,0.6130,0.5300,,,,,mask=0x03;m=3;r=1
heldout_threecell_0_3_6_m3_r2,candidate,14,1,0.5260,0.5580,,,,,mask=0x03;m=3;r=2
heldout_threecell_0_3_6_m3_r2,candidate,15,1,0.4630,0.5100,,,,,mask=0x04;m=2;r=0
heldout_threecell_0_3_6_m3_r2,candidate,16,1,0.5370,0.4900,,,,,mask=0x04;m=2;r=1
heldout_threecell_0_3_6_m3_r2,candidate,17,1,0.5220,0.5160,,,,,mask=0x04;m=3;r=0
heldout_threecell_0_3_6_m3_r2,candidate,18,1,0.5730,0.5920,,,,,mask=0x04;m=3;r=1
heldout_threecell_0_3_6_m3_r2,candidate,19,1,0.5750,0.5680,,,,,mask=0x04;m=3;r=2
heldout_threecell_0_3_6_m3_r2,candidate,20,1,0.4630,0.4760,,,,,mask=0x05;m=2;r=0
heldout_threecell_0_3_6_m3_r2,candidate,21,1,0.5370,0.5240,,,,,mask=0x05;m=2;r=1
heldout_threecell_0_3_6_m3_r2,candidate,22,1,0.5310,0.5660,,,,,mask=0x05;m=3;r=0
heldout_threecell_0_3_6_m3_r2,candidate,23,1,0.5570,0.5420,,,,,mask=0x05;m=3;r=1
heldout_threecell_0_3_6_m3_r2,candidate,24,1,0.5820,0.5680,,,,,mask=0x05;m=3;r=2
heldout_threecell_0_3_6_m3_r2,candidate,25,1,0.4560,0.4700,,,,,mask=0x06;m=2;r=0
heldout_threecell_0_3_6_m3_r2,candidate,26,1,0.5440,0.5300,,,,,mask=0x06;m=2;r=1
heldout_threecell_0_3_6_m3_r2,candidate,27,1,0.5560,0.5700,,,,,mask=0x06;m=3;r=0
heldout_threecell_0_3_6_m3_r2,candidate,28,1,0.5610,0.5660,,,,,mask=0x06;m=3;r=1
heldout_threecell_0_3_6_m3_r2,candidate,29,1,0.5530,0.5400,,,,,mask=0x06;m=3;r=2
heldout_threecell_0_3_6_m3_r2,candidate,30,1,0.4680,0.4860,,,,,mask=0x07;m=2;r=0
heldout_threecell_0_3_6_m3_r2,candidate,31,1,0.5320,0.5140,,,,,mask=0x07;m=2;r=1
heldout_threecell_0_3_6_m3_r2,candidate,32,1,0.5550,0.5600,,,,,mask=0x07;m=3;r=0
heldout_threecell_0_3_6_m3_r2,candidate,33,1,0.5660,0.5660,,,,,mask=0x07;m=3;r=1
heldout_threecell_0_3_6_m3_r2,candidate,34,1,0.5490,0.5500,,,,,mask=0x07;m=3;r=2
heldout_threecell_0_3_6_m3_r2,candidate,35,1,0.4620,0.4580,,,,,mask=0x08;m=2;r=0
heldout_threecell_0_3_6_m3_r2,candidate,36,1,0.5380,0.5420,,,,,mask=0x08;m=2;r=1
heldout_threecell_0_3_6_m3_r2,candidate,37,1,0.5010,0.5080,,,,,mask=0x08;m=3;r=0
heldout_threecell_0_3_6_m3_r2,candidate,38,1,0.5450,0.5480,,,,,mask=0x08;m=3;r=1
heldout_threecell_0_3_6_m3_r2,candidate,39,1,0.6240,0.6200,,,,,mask=0x08;m=3;r=2
heldout_threecell_0_3_6_m3_r2,candidate,40,1,0.4180,0.4020,,,,,mask=0x09;m=2;r=0
heldout_threecell_0_3_6_m3_r2,candidate,41,1,0.5820,0.5980,,,,,mask=0x09;m=2;r=1
heldout_threecell_0_3_6_m3_r2,candidate,42,1,0.5420,0.5540,,,,,mask=0x09;m=3;r=0
heldout_threecell_0_3_6_m3_r2,candidate,43,1,0.6530,0.6000,,,,,mask=0x09;m=3;r=1
heldout_threecell_0_3_6_m3_r2,candidate,44,1,0.4750,0.5220,,,,,mask=0x09;m=3;r=2
heldout_threecell_0_3_6_m3_r2,candidate,45,1,0.4610,0.4640,,,,,mask=0x0A;m=2;r=0
heldout_threecell_0_3_6_m3_r2,candidate,46,1,0.5390,0.5360,,,,,mask=0x0A;m=2;r=1
heldout_threecell_0_3_6_m3_r2,candidate,47,1,0.5600,0.5240,,,,,mask=0x0A;m=3;r=0
heldout_threecell_0_3_6_m3_r2,candidate,48,1,0.5810,0.5640,,,,,mask=0x0A;m=3;r=1
heldout_threecell_0_3_6_m3_r2,candidate,49,1,0.5290,0.5880,,,,,mask=0x0A;m=3;r=2
heldout_threecell_0_3_6_m3_r2,candidate,50,1,0.4630,0.4620,,,,,mask=0x0B;m=2;r=0
heldout_threecell_0_3_6_m3_r2,candidate,51,1,0.5370,0.5380,,,,,mask=0x0B;m=2;r=1
heldout_threecell_0_3_6_m3_r2,candidate,52,1,0.5220,0.5480,,,,,mask=0x0B;m=3;r=0
heldout_threecell_0_3_6_m3_r2,candidate,53,1,0.5480,0.5540,,,,,mask=0x0B;m=3;r=1
heldout_threecell_0_3_6_m3_r2,candidate,54,1,0.6000,0.5740,,,,,mask=0x0B;m=3;r=2
heldout_threecell_0_3_6_m3_r2,candidate,55,1,0.4490,0.4620,,,,,mask=0x0C;m=2;r=0
heldout_threecell_0_3_6_m3_r2,candidate,56,1,0.5510,0.5380,,,,,mask=0x0C;m=2;r=1
heldout_threecell_0_3_6_m3_r2,candidate,57,1,0.5300,0.5480,,,,,mask=0x0C;m=3;r=0
heldout_threecell_0_3_6_m3_r2,candidate,58,1,0.5720,0.5420,,,,,mask=0x0C;m=3;r=1
heldout_threecell_0_3_6_m3_r2,candidate,59,1,0.5680,0.5860,,,,,mask=0x0C;m=3;r=2
heldout_threecell_0_3_6_m3_r2,candidate,60,1,0.4720,0.4500,,,,,mask=0x0D;m=2;r=0
heldout_threecell_0_3_6_m3_r2,candidate,61,1,0.5280,0.5500,,,,,mask=0x0D;m=2;r=1
heldout_threecell_0_3_6_m3_r2,candidate,62,1,0.5480,0.5440,,,,,mask=0x0D;m=3;r=0
heldout_threecell_0_3_6_m3_r2,candidate,63,1,0.5320,0.5580,,,,,mask=0x0D;m=3;r=1
heldout_threecell_0_3_6_m3_r2,candidate,64,1,0.5900,0.5740,,,,,mask=0x0D;m=3;r=2
heldout_threecell_0_3_6_m3_r2,candidate,65,1,0.4660,0.4520,,,,,mask=0x0E;m=2;r=0
heldout_threecell_0_3_6_m3_r2,candidate,66,1,0.5340,0.5480,,,,,mask=0x0E;m=2;r=1
heldout_threecell_0_3_6_m3_r2,candidate,67,1,0.5350,0.5540,,,,,mask=0x0E;m=3;r=0
heldout_threecell_0_3_6_m3_r2,candidate,68,1,0.5550,0.5740,,,,,mask=0x0E;m=3;r=1
heldout_threecell_0_3_6_m3_r2,candidate,69,1,0.5800,0.5480,,,,,mask=0x0E;m=3;r=2
heldout_threecell_0_3_6_m3_r2,candidate,70,1,0.4550,0.4580,,,,,mask=0x0F;m=2;r=0
heldout_threecell_0_3_6_m3_r2,candidate,71,1,0.5450,0.5420,,,,,mask=0x0F;m=2;r=1
heldout_threecell_0_3_6_m3_r2,candidate,72,1,0.5580,0.5600,,,,,mask=0x0F;m=3;r=0
heldout_threecell_0_3_6_m3_r2,candidate,73,1,0.5450,0.5240,,,,,mask=0x0F;m=3;r=1
heldout_threecell_0_3_6_m3_r2,candidate,74,1,0.5670,0.5920,,,,,mask=0x0F;m=3;r=2
heldout_threecell_0_3_6_m3_r2,candidate,75,1,0.4600,0.4640,,,,,mask=0x10;m=2;r=0
heldout_threecell_0_3_6_m3_r2,candidate,76,1,0.5400,0.5360,,,,,mask=0x10;m=2;r=1
heldout_threecell_0_3_6_m3_r2,candidate,77,1,0.5250,0.5400,,,,,mask=0x10;m=3;r=0
heldout_threecell_0_3_6_m3_r2,candidate,78,1,0.5530,0.5380,,,,,mask=0x10;m=3;r=1
heldout_threecell_0_3_6_m3_r2,candidate,79,1,0.5920,0.5980,,,,,mask=0x10;m=3;r=2
heldout_threecell_0_3_6_m3_r2,candidate,80,1,0.4700,0.4960,,,,,mask=0x11;m=2;r=0
heldout_threecell_0_3_6_m3_r2,candidate,81,1,0.5300,0.5040,,,,,mask=0x11;m=2;r=1
heldout_threecell_0_3_6_m3_r2,candidate,82,1,0.5290,0.5440,,,,,mask=0x11;m=3;r=0
heldout_threecell_0_3_6_m3_r2,candidate,83,1,0.5930,0.5860,,,,,mask=0x11;m=3;r=1
heldout_threecell_0_3_6_m3_r2,candidate,84,1,0.5480,0.5460,,,,,mask=0x11;m=3;r=2
heldout_threecell_0_3_6_m3_r2,candidate,85,1,0.4830,0.4300,,,,,mask=0x12;m=2;r=0
heldout_threecell_0_3_6_m3_r2,candidate,86,1,0.5170,0.5700,,,,,mask=0x12;m=2;r=1
heldout_threecell_0_3_6_m3_r2,candidate,87,1,0.5410,0.5280,,,,,mask=0x12;m=3;r=0
heldout_threecell_0_3_6_m3_r2,candidate,88,1,0.5760,0.5880,,,,,mask=0x12;m=3;r=1
heldout_threecell_0_3_6_m3_r2,candidate,89,1,0.5530,0.5600,,,,,mask=0x12;m=3;r=2
heldout_threecell_0_3_6_m3_r2,candidate,90,1,0.4890,0.4720,,,,,mask=0x13;m=2;r=0
heldout_threecell_0_3_6_m3_r2,candidate,91,1,0.5110,0.5280,,,,,mask=0x13;m=2;r=1
heldout_threecell_0_3_6_m3_r2,candidate,92,1,0.5220,0.5340,,,,,mask=0x13;m=3;r=0
heldout_threecell_0_3_6_m3_r2,candidate,93,1,0.5580,0.5740,,,,,mask=0x13;m=3;r=1
heldout_threecell_0_3_6_m3_r2,candidate,94,1,0.5900,0.5680,,,,,mask=0x13;m=3;r=2
heldout_threecell_0_3_6_m3_r2,candidate,95,1,0.4740,0.4780,,,,,mask=0x14;m=2;r=0
heldout_threecell_0_3_6_m3_r2,candidate,96,1,0.5260,0.5220,,,,,mask=0x14;m=2;r=1
heldout_threecell_0_3_6_m3_r2,candidate,97,1,0.5340,0.5420,,,,,mask=0x14;m=3;r=0
heldout_threecell_0_3_6_m3_r2,candidate,98,1,0.5590,0.5820,,,,,mask=0x14;m=3;r=1
heldout_threecell_0_3_6_m3_r2,candidate,99,1,0.5770,0.5520,,,,,mask=0x14;m=3;r=2
heldout_threecell_0_3_6_m3_r2,candidate,100,1,0.4450,0.4740,,,,,mask=0x15;m=2;r=0
heldout_threecell_0_3_6_m3_r2,candidate,101,1,0.5550,0.5260,,,,,mask=0x15;m=2;r=1
heldout_threecell_0_3_6_m3_r2,candidate,102,1,0.5640,0.5120,,,,,mask=0x15;m=3;r=0
heldout_threecell_0_3_6_m3_r2,candidate,103,1,0.5450,0.6160,,,,,mask=0x15;m=3;r=1
heldout_threecell_0_3_6_m3_r2,candidate,104,1,0.5610,0.5480,,,,,mask=0x15;m=3;r=2
heldout_threecell_0_3_6_m3_r2,candidate,105,1,0.4730,0.4520,,,,,mask=0x16;m=2;r=0
heldout_threecell_0_3_6_m3_r2,candidate,106,1,0.5270,0.5480,,,,,mask=0x16;m=2;r=1
heldout_threecell_0_3_6_m3_r2,candidate,107,1,0.5380,0.5040,,,,,mask=0x16;m=3;r=0
heldout_threecell_0_3_6_m3_r2,candidate,108,1,0.5740,0.5960,,,,,mask=0x16;m=3;r=1
heldout_threecell_0_3_6_m3_r2,candidate,109,1,0.5580,0.5760,,,,,mask=0x16;m=3;r=2
heldout_threecell_0_3_6_m3_r2,candidate,110,1,0.5060,0.4820,,,,,mask=0x17;m=2;r=0
heldout_threecell_0_3_6_m3_r2,candidate,111,1,0.4940,0.5180,,,,,mask=0x17;m=2;r=1
heldout_threecell_0_3_6_m3_r2,candidate,112,1,0.5230,0.5260,,,,,mask=0x17;m=3;r=0
heldout_threecell_0_3_6_m3_r2,candidate,113,1,0.5670,0.5580,,,,,mask=0x17;m=3;r=1
heldout_threecell_0_3_6_m3_r2,candidate,114,1,0.5800,0.5920,,,,,mask=0x17;m=3;r=2
heldout_threecell_0_3_6_m3_r2,candidate,115,1,0.5020,0.4540,,,,,mask=0x18;m=2;r=0
heldout_threecell_0_3_6_m3_r2,candidate,116,1,0.4980,0.5460,,,,,mask=0x18;m=2;r=1
heldout_threecell_0_3_6_m3_r2,candidate,117,1,0.5430,0.5760,,,,,mask=0x18;m=3;r=0
heldout_threecell_0_3_6_m3_r2,candidate,118,1,0.5640,0.5780,,,,,mask=0x18;m=3;r=1
heldout_threecell_0_3_6_m3_r2,candidate,119,1,0.5630,0.5220,,,,,mask=0x18;m=3;r=2
heldout_threecell_0_3_6_m3_r2,candidate,120,1,0.4570,0.4600,,,,,mask=0x19;m=2;r=0
heldout_threecell_0_3_6_m3_r2,candidate,121,1,0.5430,0.5400,,,,,mask=0x19;m=2;r=1
heldout_threecell_0_3_6_m3_r2,candidate,122,1,0.5510,0.5540,,,,,mask=0x19;m=3;r=0
heldout_threecell_0_3_6_m3_r2,candidate,123,1,0.5330,0.5520,,,,,mask=0x19;m=3;r=1
heldout_threecell_0_3_6_m3_r2,candidate,124,1,0.5860,0.5700,,,,,mask=0x19;m=3;r=2
heldout_threecell_0_3_6_m3_r2,candidate,125,1,0.4450,0.4740,,,,,mask=0x1A;m=2;r=0
heldout_threecell_0_3_6_m3_r2,candidate,126,1,0.5550,0.5260,,,,,mask=0x1A;m=2;r=1
heldout_threecell_0_3_6_m3_r2,candidate,127,1,0.5430,0.5320,,,,,mask=0x1A;m=3;r=0
heldout_threecell_0_3_6_m3_r2,candidate,128,1,0.5650,0.5640,,,,,mask=0x1A;m=3;r=1
heldout_threecell_0_3_6_m3_r2,candidate,129,1,0.5620,0.5800,,,,,mask=0x1A;m=3;r=2
heldout_threecell_0_3_6_m3_r2,candidate,130,1,0.4900,0.4660,,,,,mask=0x1B;m=2;r=0
heldout_threecell_0_3_6_m3_r2,candidate,131,1,0.5100,0.5340,,,,,mask=0x1B;m=2;r=1
heldout_threecell_0_3_6_m3_r2,candidate,132,1,0.5720,0.5740,,,,,mask=0x1B;m=3;r=0
heldout_threecell_0_3_6_m3_r2,candidate,133,1,0.5500,0.5620,,,,,mask=0x1B;m=3;r=1
heldout_threecell_0_3_6_m3_r2,candidate,134,1,0.5480,0.5400,,,,,mask=0x1B;m=3;r=2
heldout_threecell_0_3_6_m3_r2,candidate,135,1,0.4840,0.4700,,,,,mask=0x1C;m=2;r=0
heldout_threecell_0_3_6_m3_r2,candidate,136,1,0.5160,0.5300,,,,,mask=0x1C;m=2;r=1
heldout_threecell_0_3_6_m3_r2,candidate,137,1,0.5430,0.5400,,,,,mask=0x1C;m=3;r=0
heldout_threecell_0_3_6_m3_r2,candidate,138,1,0.5690,0.5500,,,,,mask=0x1C;m=3;r=1
heldout_threecell_0_3_6_m3_r2,candidate,139,1,0.5580,0.5860,,,,,mask=0x1C;m=3;r=2
heldout_threecell_0_3_6_m3_r2,candidate,140,1,0.5000,0.5080,,,,,mask=0x1D;m=2;r=0
heldout_threecell_0_3_6_m3_r2,candidate,141,1,0.5000,0.4920,,,,,mask=0x1D;m=2;r=1
heldout_threecell_0_3_6_m3_r2,candidate,142,1,0.5520,0.5560,,,,,mask=0x1D;m=3;r=0
heldout_threecell_0_3_6_m3_r2,candidate,143,1,0.5430,0.5280,,,,,mask=0x1D;m=3;r=1
heldout_threecell_0_3_6_m3_r2,candidate,144,1,0.5750,0.5920,,,,,mask=0x1D;m=3;r=2
heldout_threecell_0_3_6_m3_r2,candidate,145,1,0.5050,0.4940,,,,,mask=0x1E;m=2;r=0
heldout_threecell_0_3_6_m3_r2,candidate,146,1,0.4950,0.5060,,,,,mask=0x1E;m=2;r=1
heldout_threecell_0_3_6_m3_r2,candidate,147,1,0.5510,0.5400,,,,,mask=0x1E;m=3;r=0
heldout_threecell_0_3_6_m3_r2,candidate,148,1,0.5640,0.5460,,,,,mask=0x1E;m=3;r=1
heldout_threecell_0_3_6_m3_r2,candidate,149,1,0.5550,0.5900,,,,,mask=0x1E;m=3;r=2
heldout_threecell_0_3_6_m3_r2,candidate,150,1,0.4610,0.4620,,,,,mask=0x1F;m=2;r=0
heldout_threecell_0_3_6_m3_r2,candidate,151,1,0.5390,0.5380,,,,,mask=0x1F;m=2;r=1
heldout_threecell_0_3_6_m3_r2,candidate,152,1,0.5490,0.5320,,,,,mask=0x1F;m=3;r=0
heldout_threecell_0_3_6_m3_r2,candidate,153,1,0.5490,0.5560,,,,,mask=0x1F;m=3;r=1
heldout_threecell_0_3_6_m3_r2,candidate,154,1,0.5720,0.5880,,,,,mask=0x1F;m=3;r=2
heldout_threecell_0_3_6_m3_r2,candidate,155,1,0.4850,0.4700,,,,,mask=0x20;m=2;r=0
heldout_threecell_0_3_6_m3_r2,candidate,156,1,0.5150,0.5300,,,,,mask=0x20;m=2;r=1
heldout_threecell_0_3_6_m3_r2,candidate,157,1,0.5060,0.4900,,,,,mask=0x20;m=3;r=0
heldout_threecell_0_3_6_m3_r2,candidate,158,1,0.5750,0.5800,,,,,mask=0x20;m=3;r=1
heldout_threecell_0_3_6_m3_r2,candidate,159,1,0.5890,0.6060,,,,,mask=0x20;m=3;r=2
heldout_threecell_0_3_6_m3_r2,candidate,160,1,0.4790,0.4180,,,,,mask=0x21;m=2;r=0
heldout_threecell_0_3_6_m3_r2,candidate,161,1,0.5210,0.5820,,,,,mask=0x21;m=2;r=1
heldout_threecell_0_3_6_m3_r2,candidate,162,1,0.5380,0.5500,,,,,mask=0x21;m=3;r=0
heldout_threecell_0_3_6_m3_r2,candidate,163,1,0.5850,0.5700,,,,,mask=0x21;m=3;r=1
heldout_threecell_0_3_6_m3_r2,candidate,164,1,0.5470,0.5560,,,,,mask=0x21;m=3;r=2
heldout_threecell_0_3_6_m3_r2,candidate,165,1,0.4750,0.3980,,,,,mask=0x22;m=2;r=0
heldout_threecell_0_3_6_m3_r2,candidate,166,1,0.5250,0.6020,,,,,mask=0x22;m=2;r=1
heldout_threecell_0_3_6_m3_r2,candidate,167,1,0.5590,0.5400,,,,,mask=0x22;m=3;r=0
heldout_threecell_0_3_6_m3_r2,candidate,168,1,0.5540,0.5800,,,,,mask=0x22;m=3;r=1
heldout_threecell_0_3_6_m3_r2,candidate,169,1,0.5570,0.5560,,,,,mask=0x22;m=3;r=2
heldout_threecell_0_3_6_m3_r2,candidate,170,1,0.4530,0.4560,,,,,mask=0x23;m=2;r=0
heldout_threecell_0_3_6_m3_r2,candidate,171,1,0.5470,0.5440,,,,,mask=0x23;m=2;r=1
heldout_threecell_0_3_6_m3_r2,candidate,172,1,0.5210,0.5320,,,,,mask=0x23;m=3;r=0
heldout_threecell_0_3_6_m3_r2,candidate,173,1,0.5520,0.5820,,,,,mask=0x23;m=3;r=1
heldout_threecell_0_3_6_m3_r2,candidate,174,1,0.5970,0.5620,,,,,mask=0x23;m=3;r=2
heldout_threecell_0_3_6_m3_r2,candidate,175,1,0.4640,0.4300,,,,,mask=0x24;m=2;r=0
heldout_threecell_0_3_6_m3_r2,candidate,176,1,0.5360,0.5700,,,,,mask=0x24;m=2;r=1
heldout_threecell_0_3_6_m3_r2,candidate,177,1,0.5570,0.5460,,,,,mask=0x24;m=3;r=0
heldout_threecell_0_3_6_m3_r2,candidate,178,1,0.5590,0.5660,,,,,mask=0x24;m=3;r=1
heldout_threecell_0_3_6_m3_r2,candidate,179,1,0.5540,0.5640,,,,,mask=0x24;m=3;r=2
heldout_threecell_0_3_6_m3_r2,candidate,180,1,0.4890,0.5180,,,,,mask=0x25;m=2;r=0
heldout_threecell_0_3_6_m3_r2,candidate,181,1,0.5110,0.4820,,,,,mask=0x25;m=2;r=1
heldout_threecell_0_3_6_m3_r2,candidate,182,1,0.5610,0.5540,,,,,mask=0x25;m=3;r=0
heldout_threecell_0_3_6_m3_r2,candidate,183,1,0.5750,0.5720,,,,,mask=0x25;m=3;r=1
heldout_threecell_0_3_6_m3_r2,candidate,184,1,0.5340,0.5500,,,,,mask=0x25;m=3;r=2
heldout_threecell_0_3_6_m3_r2,candidate,185,1,0.4960,0.4900,,,,,mask=0x26;m=2;r=0
heldout_threecell_0_3_6_m3_r2,candidate,186,1,0.5040,0.5100,,,,,mask=0x26;m=2;r=1
heldout_threecell_0_3_6_m3_r2,candidate,187,1,0.5300,0.5560,,,,,mask=0x26;m=3;r=0
heldout_threecell_0_3_6_m3_r2,candidate,188,1,0.5520,0.5460,,,,,mask=0x26;m=3;r=1
heldout_threecell_0_3_6_m3_r2,candidate,189,1,0.5880,0.5740,,,,,mask=0x26;m=3;r=2
heldout_threecell_0_3_6_m3_r2,candidate,190,1,0.4790,0.4480,,,,,mask=0x27;m=2;r=0
heldout_threecell_0_3_6_m3_r2,candidate,191,1,0.5210,0.5520,,,,,mask=0x27;m=2;r=1
heldout_threecell_0_3_6_m3_r2,candidate,192,1,0.5400,0.5360,,,,,mask=0x27;m=3;r=0
heldout_threecell_0_3_6_m3_r2,candidate,193,1,0.5720,0.5740,,,,,mask=0x27;m=3;r=1
heldout_threecell_0_3_6_m3_r2,candidate,194,1,0.5580,0.5660,,,,,mask=0x27;m=3;r=2
heldout_threecell_0_3_6_m3_r2,candidate,195,1,0.4820,0.4560,,,,,mask=0x28;m=2;r=0
heldout_threecell_0_3_6_m3_r2,candidate,196,1,0.5180,0.5440,,,,,mask=0x28;m=2;r=1
heldout_threecell_0_3_6_m3_r2,candidate,197,1,0.5560,0.5140,,,,,mask=0x28;m=3;r=0
heldout_threecell_0_3_6_m3_r2,candidate,198,1,0.5560,0.6140,,,,,mask=0x28;m=3;r=1
heldout_threecell_0_3_6_m3_r2,candidate,199,1,0.5580,0.5480,,,,,mask=0x28;m=3;r=2
heldout_threecell_0_3_6_m3_r2,candidate,200,1,0.4770,0.4380,,,,,mask=0x29;m=2;r=0
heldout_threecell_0_3_6_m3_r2,candidate,201,1,0.5230,0.5620,,,,,mask=0x29;m=2;r=1
heldout_threecell_0_3_6_m3_r2,candidate,202,1,0.5390,0.5280,,,,,mask=0x29;m=3;r=0
heldout_threecell_0_3_6_m3_r2,candidate,203,1,0.5350,0.5280,,,,,mask=0x29;m=3;r=1
heldout_threecell_0_3_6_m3_r2,candidate,204,1,0.5960,0.6200,,,,,mask=0x29;m=3;r=2
heldout_threecell_0_3_6_m3_r2,candidate,205,1,0.4700,0.4620,,,,,mask=0x2A;m=2;r=0
heldout_threecell_0_3_6_m3_r2,candidate,206,1,0.5300,0.5380,,,,,mask=0x2A;m=2;r=1
heldout_threecell_0_3_6_m3_r2,candidate,207,1,0.5360,0.5600,,,,,mask=0x2A;m=3;r=0
heldout_threecell_0_3_6_m3_r2,candidate,208,1,0.5850,0.5360,,,,,mask=0x2A;m=3;r=1
heldout_threecell_0_3_6_m3_r2,candidate,209,1,0.5490,0.5800,,,,,mask=0x2A;m=3;r=2
heldout_threecell_0_3_6_m3_r2,candidate,210,1,0.4850,0.4260,,,,,mask=0x2B;m=2;r=0
heldout_threecell_0_3_6_m3_r2,candidate,211,1,0.5150,0.5740,,,,,mask=0x2B;m=2;r=1
heldout_threecell_0_3_6_m3_r2,candidate,212,1,0.5480,0.5260,,,,,mask=0x2B;m=3;r=0
heldout_threecell_0_3_6_m3_r2,candidate,213,1,0.5670,0.5480,,,,,mask=0x2B;m=3;r=1
heldout_threecell_0_3_6_m3_r2,candidate,214,1,0.5550,0.6020,,,,,mask=0x2B;m=3;r=2
heldout_threecell_0_3_6_m3_r2,candidate,215,1,0.4750,0.4780,,,,,mask=0x2C;m=2;r=0
heldout_threecell_0_3_6_m3_r2,candidate,216,1,0.5250,0.5220,,,,,mask=0x2C;m=2;r=1
heldout_threecell_0_3_6_m3_r2,candidate,217,1,0.5430,0.5640,,,,,mask=0x2C;m=3;r=0
heldout_threecell_0_3_6_m3_r2,candidate,218,1,0.5530,0.5480,,,,,mask=0x2C;m=3;r=1
heldout_threecell_0_3_6_m3_r2,candidate,219,1,0.5740,0.5640,,,,,mask=0x2C;m=3;r=2
heldout_threecell_0_3_6_m3_r2,candidate,220,1,0.4670,0.4840,,,,,mask=0x2D;m=2;r=0
heldout_threecell_0_3_6_m3_r2,candidate,221,1,0.5330,0.5160,,,,,mask=0x2D;m=2;r=1
heldout_threecell_0_3_6_m3_r2,candidate,222,1,0.5570,0.5600,,,,,mask=0x2D;m=3;r=0
heldout_threecell_0_3_6_m3_r2,candidate,223,1,0.5460,0.5540,,,,,mask=0x2D;m=3;r=1
heldout_threecell_0_3_6_m3_r2,candidate,224,1,0.5670,0.5620,,,,,mask=0x2D;m=3;r=2
heldout_threecell_0_3_6_m3_r2,candidate,225,1,0.4850,0.4360,,,,,mask=0x2E;m=2;r=0
heldout_threecell_0_3_6_m3_r2,candidate,226,1,0.5150,0.5640,,,,,mask=0x2E;m=2;r=1
heldout_threecell_0_3_6_m3_r2,candidate,227,1,0.5350,0.5660,,,,,mask=0x2E;m=3;r=0
heldout_threecell_0_3_6_m3_r2,candidate,228,1,0.5830,0.5840,,,,,mask=0x2E;m=3;r=1
heldout_threecell_0_3_6_m3_r2,candidate,229,1,0.5520,0.5260,,,,,mask=0x2E;m=3;r=2
heldout_threecell_0_3_6_m3_r2,candidate,230,1,0.4950,0.5040,,,,,mask=0x2F;m=2;r=0
heldout_threecell_0_3_6_m3_r2,candidate,231,1,0.5050,0.4960,,,,,mask=0x2F;m=2;r=1
heldout_threecell_0_3_6_m3_r2,candidate,232,1,0.5420,0.5360,,,,,mask=0x2F;m=3;r=0
heldout_threecell_0_3_6_m3_r2,candidate,233,1,0.5610,0.6020,,,,,mask=0x2F;m=3;r=1
heldout_threecell_0_3_6_m3_r2,candidate,234,1,0.5670,0.5380,,,,,mask=0x2F;m=3;r=2
heldout_threecell_0_3_6_m3_r2,candidate,235,1,0.4560,0.4600,,,,,mask=0x30;m=2;r=0
heldout_threecell_0_3_6_m3_r2,candidate,236,1,0.5440,0.5400,,,,,mask=0x30;m=2;r=1
heldout_threecell_0_3_6_m3_r2,candidate,237,1,0.5630,0.5680,,,,,mask=0x30;m=3;r=0
heldout_threecell_0_3_6_m3_r2,candidate,238,1,0.5740,0.6000,,,,,mask=0x30;m=3;r=1
heldout_threecell_0_3_6_m3_r2,candidate,239,1,0.5330,0.5080,,,,,mask=0x30;m=3;r=2
heldout_threecell_0_3_6_m3_r2,candidate,240,1,0.4810,0.4860,,,,,mask=0x31;m=2;r=0
heldout_threecell_0_3_6_m3_r2,candidate,241,1,0.5190,0.5140,,,,,mask=0x31;m=2;r=1
heldout_threecell_0_3_6_m3_r2,candidate,242,1,0.5400,0.5040,,,,,mask=0x31;m=3;r=0
heldout_threecell_0_3_6_m3_r2,candidate,243,1,0.5670,0.5820,,,,,mask=0x31;m=3;r=1
heldout_threecell_0_3_6_m3_r2,candidate,244,1,0.5630,0.5900,,,,,mask=0x31;m=3;r=2
heldout_threecell_0_3_6_m3_r2,candidate,245,1,0.4600,0.4660,,,,,mask=0x32;m=2;r=0
heldout_threecell_0_3_6_m3_r2,candidate,246,1,0.5400,0.5340,,,,,mask=0x32;m=2;r=1
heldout_threecell_0_3_6_m3_r2,candidate,247,1,0.5320,0.5220,,,,,mask=0x32;m=3;r=0
heldout_threecell_0_3_6_m3_r2,candidate,248,1,0.5800,0.5640,,,,,mask=0x32;m=3;r=1
heldout_threecell_0_3_6_m3_r2,candidate,249,1,0.5580,0.5900,,,,,mask=0x32;m=3;r=2
heldout_threecell_0_3_6_m3_r2,candidate,250,1,0.4910,0.4460,,,,,mask=0x33;m=2;r=0
heldout_threecell_0_3_6_m3_r2,candidate,251,1,0.5090,0.5540,,,,,mask=0x33;m=2;r=1
heldout_threecell_0_3_6_m3_r2,candidate,252,1,0.5330,0.5600,,,,,mask=0x33;m=3;r=0
heldout_threecell_0_3_6_m3_r2,candidate,253,1,0.5560,0.5480,,,,,mask=0x33;m=3;r=1
heldout_threecell_0_3_6_m3_r2,candidate,254,1,0.5810,0.5680,,,,,mask=0x33;m=3;r=2
heldout_threecell_0_3_6_m3_r2,candidate,255,1,0.4940,0.4760,,,,,mask=0x34;m=2;r=0
heldout_threecell_0_3_6_m3_r2,candidate,256,1,0.5060,0.5240,,,,,mask=0x34;m=2;r=1
heldout_threecell_0_3_6_m3_r2,candidate,257,1,0.5480,0.5440,,,,,mask=0x34;m=3;r=0
heldout_threecell_0_3_6_m3_r2,candidate,258,1,0.5470,0.5720,,,,,mask=0x34;m=3;r=1
heldout_threecell_0_3_6_m3_r2,candidate,259,1,0.5750,0.5600,,,,,mask=0x34;m=3;r=2
heldout_threecell_0_3_6_m3_r2,candidate,260,1,0.4760,0.5060,,,,,mask=0x35;m=2;r=0
heldout_threecell_0_3_6_m3_r2,candidate,261,1,0.5240,0.4940,,,,,mask=0x35;m=2;r=1
heldout_threecell_0_3_6_m3_r2,candidate,262,1,0.5480,0.5320,,,,,mask=0x35;m=3;r=0
heldout_threecell_0_3_6_m3_r2,candidate,263,1,0.5640,0.5660,,,,,mask=0x35;m=3;r=1
heldout_threecell_0_3_6_m3_r2,candidate,264,1,0.5580,0.5780,,,,,mask=0x35;m=3;r=2
heldout_threecell_0_3_6_m3_r2,candidate,265,1,0.5040,0.4780,,,,,mask=0x36;m=2;r=0
heldout_threecell_0_3_6_m3_r2,candidate,266,1,0.4960,0.5220,,,,,mask=0x36;m=2;r=1
heldout_threecell_0_3_6_m3_r2,candidate,267,1,0.5410,0.5520,,,,,mask=0x36;m=3;r=0
heldout_threecell_0_3_6_m3_r2,candidate,268,1,0.5720,0.5500,,,,,mask=0x36;m=3;r=1
heldout_threecell_0_3_6_m3_r2,candidate,269,1,0.5570,0.5740,,,,,mask=0x36;m=3;r=2
heldout_threecell_0_3_6_m3_r2,candidate,270,1,0.4480,0.4820,,,,,mask=0x37;m=2;r=0
heldout_threecell_0_3_6_m3_r2,candidate,271,1,0.5520,0.5180,,,,,mask=0x37;m=2;r=1
heldout_threecell_0_3_6_m3_r2,candidate,272,1,0.5520,0.5560,,,,,mask=0x37;m=3;r=0
heldout_threecell_0_3_6_m3_r2,candidate,273,1,0.5650,0.5920,,,,,mask=0x37;m=3;r=1
heldout_threecell_0_3_6_m3_r2,candidate,274,1,0.5530,0.5280,,,,,mask=0x37;m=3;r=2
heldout_threecell_0_3_6_m3_r2,candidate,275,1,0.4910,0.4740,,,,,mask=0x38;m=2;r=0
heldout_threecell_0_3_6_m3_r2,candidate,276,1,0.5090,0.5260,,,,,mask=0x38;m=2;r=1
heldout_threecell_0_3_6_m3_r2,candidate,277,1,0.5420,0.5320,,,,,mask=0x38;m=3;r=0
heldout_threecell_0_3_6_m3_r2,candidate,278,1,0.5780,0.5240,,,,,mask=0x38;m=3;r=1
heldout_threecell_0_3_6_m3_r2,candidate,279,1,0.5500,0.6200,,,,,mask=0x38;m=3;r=2
heldout_threecell_0_3_6_m3_r2,candidate,280,1,0.4890,0.4460,,,,,mask=0x39;m=2;r=0
heldout_threecell_0_3_6_m3_r2,candidate,281,1,0.5110,0.5540,,,,,mask=0x39;m=2;r=1
heldout_threecell_0_3_6_m3_r2,candidate,282,1,0.5650,0.5620,,,,,mask=0x39;m=3;r=0
heldout_threecell_0_3_6_m3_r2,candidate,283,1,0.5690,0.5400,,,,,mask=0x39;m=3;r=1
heldout_threecell_0_3_6_m3_r2,candidate,284,1,0.5360,0.5740,,,,,mask=0x39;m=3;r=2
heldout_threecell_0_3_6_m3_r2,candidate,285,1,0.4850,0.4620,,,,,mask=0x3A;m=2;r=0
heldout_threecell_0_3_6_m3_r2,candidate,286,1,0.5150,0.5380,,,,,mask=0x3A;m=2;r=1
heldout_threecell_0_3_6_m3_r2,candidate,287,1,0.5390,0.5540,,,,,mask=0x3A;m=3;r=0
heldout_threecell_0_3_6_m3_r2,candidate,288,1,0.5610,0.5360,,,,,mask=0x3A;m=3;r=1
heldout_threecell_0_3_6_m3_r2,candidate,289,1,0.5700,0.5860,,,,,mask=0x3A;m=3;r=2
heldout_threecell_0_3_6_m3_r2,candidate,290,1,0.4810,0.4760,,,,,mask=0x3B;m=2;r=0
heldout_threecell_0_3_6_m3_r2,candidate,291,1,0.5190,0.5240,,,,,mask=0x3B;m=2;r=1
heldout_threecell_0_3_6_m3_r2,candidate,292,1,0.5420,0.5600,,,,,mask=0x3B;m=3;r=0
heldout_threecell_0_3_6_m3_r2,candidate,293,1,0.5720,0.5420,,,,,mask=0x3B;m=3;r=1
heldout_threecell_0_3_6_m3_r2,candidate,294,1,0.5560,0.5740,,,,,mask=0x3B;m=3;r=2
heldout_threecell_0_3_6_m3_r2,candidate,295,1,0.5090,0.4920,,,,,mask=0x3C;m=2;r=0
heldout_threecell_0_3_6_m3_r2,candidate,296,1,0.4910,0.5080,,,,,mask=0x3C;m=2;r=1
heldout_threecell_0_3_6_m3_r2,candidate,297,1,0.5640,0.5440,,,,,mask=0x3C;m=3;r=0
heldout_threecell_0_3_6_m3_r2,candidate,298,1,0.5450,0.5880,,,,,mask=0x3C;m=3;r=1
heldout_threecell_0_3_6_m3_r2,candidate,299,1,0.5610,0.5440,,,,,mask=0x3C;m=3;r=2
heldout_threecell_0_3_6_m3_r2,candidate,300,1,0.4960,0.4480,,,,,mask=0x3D;m=2;r=0
heldout_threecell_0_3_6_m3_r2,candidate,301,1,0.5040,0.5520,,,,,mask=0x3D;m=2;r=1
heldout_threecell_0_3_6_m3_r2,candidate,302,1,0.5470,0.5560,,,,,mask=0x3D;m=3;r=0
heldout_threecell_0_3_6_m3_r2,candidate,303,1,0.5510,0.5460,,,,,mask=0x3D;m=3;r=1
heldout_threecell_0_3_6_m3_r2,candidate,304,1,0.5720,0.5740,,,,,mask=0x3D;m=3;r=2
heldout_threecell_0_3_6_m3_r2,candidate,305,1,0.4810,0.5000,,,,,mask=0x3E;m=2;r=0
heldout_threecell_0_3_6_m3_r2,candidate,306,1,0.5190,0.5000,,,,,mask=0x3E;m=2;r=1
heldout_threecell_0_3_6_m3_r2,candidate,307,1,0.5400,0.5860,,,,,mask=0x3E;m=3;r=0
heldout_threecell_0_3_6_m3_r2,candidate,308,1,0.5710,0.5620,,,,,mask=0x3E;m=3;r=1
heldout_threecell_0_3_6_m3_r2,candidate,309,1,0.5590,0.5280,,,,,mask=0x3E;m=3;r=2
heldout_threecell_0_3_6_m3_r2,candidate,310,1,0.4780,0.4860,,,,,mask=0x3F;m=2;r=0
heldout_threecell_0_3_6_m3_r2,candidate,311,1,0.5220,0.5140,,,,,mask=0x3F;m=2;r=1
heldout_threecell_0_3_6_m3_r2,candidate,312,1,0.5460,0.5660,,,,,mask=0x3F;m=3;r=0
heldout_threecell_0_3_6_m3_r2,candidate,313,1,0.5500,0.5080,,,,,mask=0x3F;m=3;r=1
heldout_threecell_0_3_6_m3_r2,candidate,314,1,0.5740,0.6020,,,,,mask=0x3F;m=3;r=2
heldout_threecell_0_3_6_m3_r2,candidate,315,1,0.4900,0.4620,,,,,mask=0x40;m=2;r=0
heldout_threecell_0_3_6_m3_r2,candidate,316,1,0.5100,0.5380,,,,,mask=0x40;m=2;r=1
heldout_threecell_0_3_6_m3_r2,candidate,317,1,0.5340,0.5260,,,,,mask=0x40;m=3;r=0
heldout_threecell_0_3_6_m3_r2,candidate,318,1,0.5280,0.5380,,,,,mask=0x40;m=3;r=1
heldout_threecell_0_3_6_m3_r2,candidate,319,1,0.6080,0.6120,,,,,mask=0x40;m=3;r=2
heldout_threecell_0_3_6_m3_r2,candidate,320,1,0.4160,0.4220,,,,,mask=0x41;m=2;r=0
heldout_threecell_0_3_6_m3_r2,candidate,321,1,0.5840,0.5780,,,,,mask=0x41;m=2;r=1
heldout_threecell_0_3_6_m3_r2,candidate,322,1,0.5060,0.5280,,,,,mask=0x41;m=3;r=0
heldout_threecell_0_3_6_m3_r2,candidate,323,1,0.6540,0.6460,,,,,mask=0x41;m=3;r=1
heldout_threecell_0_3_6_m3_r2,candidate,324,1,0.5100,0.5020,,,,,mask=0x41;m=3;r=2
heldout_threecell_0_3_6_m3_r2,candidate,325,1,0.4740,0.4440,,,,,mask=0x42;m=2;r=0
heldout_threecell_0_3_6_m3_r2,candidate,326,1,0.5260,0.5560,,,,,mask=0x42;m=2;r=1
heldout_threecell_0_3_6_m3_r2,candidate,327,1,0.5650,0.5600,,,,,mask=0x42;m=3;r=0
heldout_threecell_0_3_6_m3_r2,candidate,328,1,0.5660,0.5540,,,,,mask=0x42;m=3;r=1
heldout_threecell_0_3_6_m3_r2,candidate,329,1,0.5390,0.5620,,,,,mask=0x42;m=3;r=2
heldout_threecell_0_3_6_m3_r2,candidate,330,1,0.4920,0.4900,,,,,mask=0x43;m=2;r=0
heldout_threecell_0_3_6_m3_r2,candidate,331,1,0.5080,0.5100,,,,,mask=0x43;m=2;r=1
heldout_threecell_0_3_6_m3_r2,candidate,332,1,0.5320,0.5300,,,,,mask=0x43;m=3;r=0
heldout_threecell_0_3_6_m3_r2,candidate,333,1,0.5350,0.5660,,,,,mask=0x43;m=3;r=1
heldout_threecell_0_3_6_m3_r2,candidate,334,1,0.6030,0.5800,,,,,mask=0x43;m=3;r=2
heldout_threecell_0_3_6_m3_r2,candidate,335,1,0.4620,0.4740,,,,,mask=0x44;m=2;r=0
heldout_threecell_0_3_6_m3_r2,candidate,336,1,0.5380,0.5260,,,,,mask=0x44;m=2;r=1
heldout_threecell_0_3_6_m3_r2,candidate,337,1,0.5530,0.5660,,,,,mask=0x44;m=3;r=0
heldout_threecell_0_3_6_m3_r2,candidate,338,1,0.5640,0.5660,,,,,mask=0x44;m=3;r=1
heldout_threecell_0_3_6_m3_r2,candidate,339,1,0.5530,0.5440,,,,,mask=0x44;m=3;r=2
heldout_threecell_0_3_6_m3_r2,candidate,340,1,0.4850,0.4900,,,,,mask=0x45;m=2;r=0
heldout_threecell_0_3_6_m3_r2,candidate,341,1,0.5150,0.5100,,,,,mask=0x45;m=2;r=1
heldout_threecell_0_3_6_m3_r2,candidate,342,1,0.5550,0.5500,,,,,mask=0x45;m=3;r=0
heldout_threecell_0_3_6_m3_r2,candidate,343,1,0.5230,0.5680,,,,,mask=0x45;m=3;r=1
heldout_threecell_0_3_6_m3_r2,candidate,344,1,0.5920,0.5580,,,,,mask=0x45;m=3;r=2
heldout_threecell_0_3_6_m3_r2,candidate,345,1,0.4500,0.4920,,,,,mask=0x46;m=2;r=0
heldout_threecell_0_3_6_m3_r2,candidate,346,1,0.5500,0.5080,,,,,mask=0x46;m=2;r=1
heldout_threecell_0_3_6_m3_r2,candidate,347,1,0.5720,0.5160,,,,,mask=0x46;m=3;r=0
heldout_threecell_0_3_6_m3_r2,candidate,348,1,0.5430,0.5600,,,,,mask=0x46;m=3;r=1
heldout_threecell_0_3_6_m3_r2,candidate,349,1,0.5550,0.6000,,,,,mask=0x46;m=3;r=2
heldout_threecell_0_3_6_m3_r2,candidate,350,1,0.4550,0.4620,,,,,mask=0x47;m=2;r=0
heldout_threecell_0_3_6_m3_r2,candidate,351,1,0.5450,0.5380,,,,,mask=0x47;m=2;r=1
heldout_threecell_0_3_6_m3_r2,candidate,352,1,0.5900,0.5700,,,,,mask=0x47;m=3;r=0
heldout_threecell_0_3_6_m3_r2,candidate,353,1,0.5310,0.5440,,,,,mask=0x47;m=3;r=1
heldout_threecell_0_3_6_m3_r2,candidate,354,1,0.5490,0.5620,,,,,mask=0x47;m=3;r=2
heldout_threecell_0_3_6_m3_r2,candidate,355,1,0.4290,0.3960,,,,,mask=0x48;m=2;r=0
heldout_threecell_0_3_6_m3_r2,candidate,356,1,0.5710,0.6040,,,,,mask=0x48;m=2;r=1
heldout_threecell_0_3_6_m3_r2,candidate,357,1,0.5500,0.5540,,,,,mask=0x48;m=3;r=0
heldout_threecell_0_3_6_m3_r2,candidate,358,1,0.6190,0.6420,,,,,mask=0x48;m=3;r=1
heldout_threecell_0_3_6_m3_r2,candidate,359,1,0.5010,0.4800,,,,,mask=0x48;m=3;r=2
heldout_threecell_0_3_6_m3_r2,candidate,360,1,0.5200,0.4540,,,,,mask=0x49;m=2;r=0
heldout_threecell_0_3_6_m3_r2,candidate,361,1,0.4800,0.5460,,,,,mask=0x49;m=2;r=1
heldout_threecell_0_3_6_m3_r2,candidate,362,1,0.3240,0.2740,,,,,mask=0x49;m=3;r=0
heldout_threecell_0_3_6_m3_r2,candidate,363,1,0.3460,0.4020,,,,,mask=0x49;m=3;r=1
heldout_threecell_0_3_6_m3_r2,candidate,364,1,1.0000,1.0000,,,,,mask=0x49;m=3;r=2
heldout_threecell_0_3_6_m3_r2,candidate,365,1,0.4710,0.4240,,,,,mask=0x4A;m=2;r=0
heldout_threecell_0_3_6_m3_r2,candidate,366,1,0.5290,0.5760,,,,,mask=0x4A;m=2;r=1
heldout_threecell_0_3_6_m3_r2,candidate,367,1,0.5340,0.5540,,,,,mask=0x4A;m=3;r=0
heldout_threecell_0_3_6_m3_r2,candidate,368,1,0.5650,0.5380,,,,,mask=0x4A;m=3;r=1
heldout_threecell_0_3_6_m3_r2,candidate,369,1,0.5710,0.5840,,,,,mask=0x4A;m=3;r=2
heldout_threecell_0_3_6_m3_r2,candidate,370,1,0.4200,0.4400,,,,,mask=0x4B;m=2;r=0
heldout_threecell_0_3_6_m3_r2,candidate,371,1,0.5800,0.5600,,,,,mask=0x4B;m=2;r=1
heldout_threecell_0_3_6_m3_r2,candidate,372,1,0.5480,0.5140,,,,,mask=0x4B;m=3;r=0
heldout_threecell_0_3_6_m3_r2,candidate,373,1,0.5150,0.5340,,,,,mask=0x4B;m=3;r=1
heldout_threecell_0_3_6_m3_r2,candidate,374,1,0.6070,0.6280,,,,,mask=0x4B;m=3;r=2
heldout_threecell_0_3_6_m3_r2,candidate,375,1,0.4830,0.4580,,,,,mask=0x4C;m=2;r=0
heldout_threecell_0_3_6_m3_r2,candidate,376,1,0.5170,0.5420,,,,,mask=0x4C;m=2;r=1
heldout_threecell_0_3_6_m3_r2,candidate,377,1,0.5400,0.5540,,,,,mask=0x4C;m=3;r=0
heldout_threecell_0_3_6_m3_r2,candidate,378,1,0.5530,0.5300,,,,,mask=0x4C;m=3;r=1
heldout_threecell_0_3_6_m3_r2,candidate,379,1,0.5770,0.5920,,,,,mask=0x4C;m=3;r=2
heldout_threecell_0_3_6_m3_r2,candidate,380,1,0.4370,0.4360,,,,,mask=0x4D;m=2;r=0
heldout_threecell_0_3_6_m3_r2,candidate,381,1,0.5630,0.5640,,,,,mask=0x4D;m=2;r=1
heldout_threecell_0_3_6_m3_r2,candidate,382,1,0.5800,0.5360,,,,,mask=0x4D;m=3;r=0
heldout_threecell_0_3_6_m3_r2,candidate,383,1,0.5020,0.5300,,,,,mask=0x4D;m=3;r=1
heldout_threecell_0_3_6_m3_r2,candidate,384,1,0.5880,0.6100,,,,,mask=0x4D;m=3;r=2
heldout_threecell_0_3_6_m3_r2,candidate,385,1,0.4610,0.4580,,,,,mask=0x4E;m=2;r=0
heldout_threecell_0_3_6_m3_r2,candidate,386,1,0.5390,0.5420,,,,,mask=0x4E;m=2;r=1
heldout_threecell_0_3_6_m3_r2,candidate,387,1,0.5640,0.5540,,,,,mask=0x4E;m=3;r=0
heldout_threecell_0_3_6_m3_r2,candidate,388,1,0.5370,0.5480,,,,,mask=0x4E;m=3;r=1
heldout_threecell_0_3_6_m3_r2,candidate,389,1,0.5690,0.5740,,,,,mask=0x4E;m=3;r=2
heldout_threecell_0_3_6_m3_r2,candidate,390,1,0.4990,0.4220,,,,,mask=0x4F;m=2;r=0
heldout_threecell_0_3_6_m3_r2,candidate,391,1,0.5010,0.5780,,,,,mask=0x4F;m=2;r=1
heldout_threecell_0_3_6_m3_r2,candidate,392,1,0.5280,0.5120,,,,,mask=0x4F;m=3;r=0
heldout_threecell_0_3_6_m3_r2,candidate,393,1,0.5580,0.5500,,,,,mask=0x4F;m=3;r=1
heldout_threecell_0_3_6_m3_r2,candidate,394,1,0.5840,0.6140,,,,,mask=0x4F;m=3;r=2
heldout_threecell_0_3_6_m3_r2,candidate,395,1,0.4890,0.4620,,,,,mask=0x50;m=2;r=0
heldout_threecell_0_3_6_m3_r2,candidate,396,1,0.5110,0.5380,,,,,mask=0x50;m=2;r=1
heldout_threecell_0_3_6_m3_r2,candidate,397,1,0.5560,0.5600,,,,,mask=0x50;m=3;r=0
heldout_threecell_0_3_6_m3_r2,candidate,398,1,0.5690,0.5620,,,,,mask=0x50;m=3;r=1
heldout_threecell_0_3_6_m3_r2,candidate,399,1,0.5450,0.5540,,,,,mask=0x50;m=3;r=2
heldout_threecell_0_3_6_m3_r2,candidate,400,1,0.4620,0.5000,,,,,mask=0x51;m=2;r=0
heldout_threecell_0_3_6_m3_r2,candidate,401,1,0.5380,0.5000,,,,,mask=0x51;m=2;r=1
heldout_threecell_0_3_6_m3_r2,candidate,402,1,0.5400,0.5320,,,,,mask=0x51;m=3;r=0
heldout_threecell_0_3_6_m3_r2,candidate,403,1,0.5320,0.5580,,,,,mask=0x51;m=3;r=1
heldout_threecell_0_3_6_m3_r2,candidate,404,1,0.5980,0.5860,,,,,mask=0x51;m=3;r=2
heldout_threecell_0_3_6_m3_r2,candidate,405,1,0.5010,0.5060,,,,,mask=0x52;m=2;r=0
heldout_threecell_0_3_6_m3_r2,candidate,406,1,0.4990,0.4940,,,,,mask=0x52;m=2;r=1
heldout_threecell_0_3_6_m3_r2,candidate,407,1,0.5560,0.5220,,,,,mask=0x52;m=3;r=0
heldout_threecell_0_3_6_m3_r2,candidate,408,1,0.5640,0.5780,,,,,mask=0x52;m=3;r=1
heldout_threecell_0_3_6_m3_r2,candidate,409,1,0.5500,0.5760,,,,,mask=0x52;m=3;r=2
heldout_threecell_0_3_6_m3_r2,candidate,410,1,0.4700,0.4460,,,,,mask=0x53;m=2;r=0
heldout_threecell_0_3_6_m3_r2,candidate,411,1,0.5300,0.5540,,,,,mask=0x53;m=2;r=1
heldout_threecell_0_3_6_m3_r2,candidate,412,1,0.5630,0.5680,,,,,mask=0x53;m=3;r=0
heldout_threecell_0_3_6_m3_r2,candidate,413,1,0.5540,0.5420,,,,,mask=0x53;m=3;r=1
heldout_threecell_0_3_6_m3_r2,candidate,414,1,0.5530,0.5660,,,,,mask=0x53;m=3;r=2
heldout_threecell_0_3_6_m3_r2,candidate,415,1,0.4960,0.5380,,,,,mask=0x54;m=2;r=0
heldout_threecell_0_3_6_m3_r2,candidate,416,1,0.5040,0.4620,,,,,mask=0x54;m=2;r=1
heldout_threecell_0_3_6_m3_r2,candidate,417,1,0.5750,0.5360,,,,,mask=0x54;m=3;r=0
heldout_threecell_0_3_6_m3_r2,candidate,418,1,0.5610,0.5740,,,,,mask=0x54;m=3;r=1
heldout_threecell_0_3_6_m3_r2,candidate,419,1,0.5340,0.5660,,,,,mask=0x54;m=3;r=2
heldout_threecell_0_3_6_m3_r2,candidate,420,1,0.5000,0.4960,,,,,mask=0x55;m=2;r=0
heldout_threecell_0_3_6_m3_r2,candidate,421,1,0.5000,0.5040,,,,,mask=0x55;m=2;r=1
heldout_threecell_0_3_6_m3_r2,candidate,422,1,0.5850,0.6240,,,,,mask=0x55;m=3;r=0
heldout_threecell_0_3_6_m3_r2,candidate,423,1,0.5270,0.5260,,,,,mask=0x55;m=3;r=1
heldout_threecell_0_3_6_m3_r2,candidate,424,1,0.5580,0.5260,,,,,mask=0x55;m=3;r=2
heldout_threecell_0_3_6_m3_r2,candidate,425,1,0.4800,0.4500,,,,,mask=0x56;m=2;r=0
heldout_threecell_0_3_6_m3_r2,candidate,426,1,0.5200,0.5500,,,,,mask=0x56;m=2;r=1
heldout_threecell_0_3_6_m3_r2,candidate,427,1,0.5500,0.5380,,,,,mask=0x56;m=3;r=0
heldout_threecell_0_3_6_m3_r2,candidate,428,1,0.5380,0.5780,,,,,mask=0x56;m=3;r=1
heldout_threecell_0_3_6_m3_r2,candidate,429,1,0.5820,0.5600,,,,,mask=0x56;m=3;r=2
heldout_threecell_0_3_6_m3_r2,candidate,430,1,0.4600,0.4940,,,,,mask=0x57;m=2;r=0
heldout_threecell_0_3_6_m3_r2,candidate,431,1,0.5400,0.5060,,,,,mask=0x57;m=2;r=1
heldout_threecell_0_3_6_m3_r2,candidate,432,1,0.5450,0.5680,,,,,mask=0x57;m=3;r=0
heldout_threecell_0_3_6_m3_r2,candidate,433,1,0.5680,0.5400,,,,,mask=0x57;m=3;r=1
heldout_threecell_0_3_6_m3_r2,candidate,434,1,0.5570,0.5680,,,,,mask=0x57;m=3;r=2
heldout_threecell_0_3_6_m3_r2,candidate,435,1,0.5020,0.4480,,,,,mask=0x58;m=2;r=0
heldout_threecell_0_3_6_m3_r2,candidate,436,1,0.4980,0.5520,,,,,mask=0x58;m=2;r=1
heldout_threecell_0_3_6_m3_r2,candidate,437,1,0.5420,0.5440,,,,,mask=0x58;m=3;r=0
heldout_threecell_0_3_6_m3_r2,candidate,438,1,0.5320,0.5000,,,,,mask=0x58;m=3;r=1
heldout_threecell_0_3_6_m3_r2,candidate,439,1,0.5960,0.6320,,,,,mask=0x58;m=3;r=2
heldout_threecell_0_3_6_m3_r2,candidate,440,1,0.4580,0.4160,,,,,mask=0x59;m=2;r=0
heldout_threecell_0_3_6_m3_r2,candidate,441,1,0.5420,0.5840,,,,,mask=0x59;m=2;r=1
heldout_threecell_0_3_6_m3_r2,candidate,442,1,0.5540,0.5480,,,,,mask=0x59;m=3;r=0
heldout_threecell_0_3_6_m3_r2,candidate,443,1,0.5170,0.4860,,,,,mask=0x59;m=3;r=1
heldout_threecell_0_3_6_m3_r2,candidate,444,1,0.5990,0.6420,,,,,mask=0x59;m=3;r=2
heldout_threecell_0_3_6_m3_r2,candidate,445,1,0.4900,0.4660,,,,,mask=0x5A;m=2;r=0
heldout_threecell_0_3_6_m3_r2,candidate,446,1,0.5100,0.5340,,,,,mask=0x5A;m=2;r=1
heldout_threecell_0_3_6_m3_r2,candidate,447,1,0.5620,0.5660,,,,,mask=0x5A;m=3;r=0
heldout_threecell_0_3_6_m3_r2,candidate,448,1,0.5530,0.5140,,,,,mask=0x5A;m=3;r=1
heldout_threecell_0_3_6_m3_r2,candidate,449,1,0.5550,0.5960,,,,,mask=0x5A;m=3;r=2
heldout_threecell_0_3_6_m3_r2,candidate,450,1,0.4760,0.4720,,,,,mask=0x5B;m=2;r=0
heldout_threecell_0_3_6_m3_r2,candidate,451,1,0.5240,0.5280,,,,,mask=0x5B;m=2;r=1
heldout_threecell_0_3_6_m3_r2,candidate,452,1,0.5400,0.5240,,,,,mask=0x5B;m=3;r=0
heldout_threecell_0_3_6_m3_r2,candidate,453,1,0.5440,0.5580,,,,,mask=0x5B;m=3;r=1
heldout_threecell_0_3_6_m3_r2,candidate,454,1,0.5860,0.5940,,,,,mask=0x5B;m=3;r=2
heldout_threecell_0_3_6_m3_r2,candidate,455,1,0.4690,0.4460,,,,,mask=0x5C;m=2;r=0
heldout_threecell_0_3_6_m3_r2,candidate,456,1,0.5310,0.5540,,,,,mask=0x5C;m=2;r=1
heldout_threecell_0_3_6_m3_r2,candidate,457,1,0.5630,0.5500,,,,,mask=0x5C;m=3;r=0
heldout_threecell_0_3_6_m3_r2,candidate,458,1,0.5490,0.5680,,,,,mask=0x5C;m=3;r=1
heldout_threecell_0_3_6_m3_r2,candidate,459,1,0.5580,0.5580,,,,,mask=0x5C;m=3;r=2
heldout_threecell_0_3_6_m3_r2,candidate,460,1,0.4840,0.4700,,,,,mask=0x5D;m=2;r=0
heldout_threecell_0_3_6_m3_r2,candidate,461,1,0.5160,0.5300,,,,,mask=0x5D;m=2;r=1
heldout_threecell_0_3_6_m3_r2,candidate,462,1,0.5200,0.5700,,,,,mask=0x5D;m=3;r=0
heldout_threecell_0_3_6_m3_r2,candidate,463,1,0.5310,0.5420,,,,,mask=0x5D;m=3;r=1
heldout_threecell_0_3_6_m3_r2,candidate,464,1,0.6190,0.5640,,,,,mask=0x5D;m=3;r=2
heldout_threecell_0_3_6_m3_r2,candidate,465,1,0.4850,0.4320,,,,,mask=0x5E;m=2;r=0
heldout_threecell_0_3_6_m3_r2,candidate,466,1,0.5150,0.5680,,,,,mask=0x5E;m=2;r=1
heldout_threecell_0_3_6_m3_r2,candidate,467,1,0.5600,0.5400,,,,,mask=0x5E;m=3;r=0
heldout_threecell_0_3_6_m3_r2,candidate,468,1,0.5630,0.5400,,,,,mask=0x5E;m=3;r=1
heldout_threecell_0_3_6_m3_r2,candidate,469,1,0.5470,0.5960,,,,,mask=0x5E;m=3;r=2
heldout_threecell_0_3_6_m3_r2,candidate,470,1,0.4780,0.4540,,,,,mask=0x5F;m=2;r=0
heldout_threecell_0_3_6_m3_r2,candidate,471,1,0.5220,0.5460,,,,,mask=0x5F;m=2;r=1
heldout_threecell_0_3_6_m3_r2,candidate,472,1,0.5100,0.5200,,,,,mask=0x5F;m=3;r=0
heldout_threecell_0_3_6_m3_r2,candidate,473,1,0.5690,0.5600,,,,,mask=0x5F;m=3;r=1
heldout_threecell_0_3_6_m3_r2,candidate,474,1,0.5910,0.5960,,,,,mask=0x5F;m=3;r=2
heldout_threecell_0_3_6_m3_r2,candidate,475,1,0.4690,0.4380,,,,,mask=0x60;m=2;r=0
heldout_threecell_0_3_6_m3_r2,candidate,476,1,0.5310,0.5620,,,,,mask=0x60;m=2;r=1
heldout_threecell_0_3_6_m3_r2,candidate,477,1,0.5470,0.5720,,,,,mask=0x60;m=3;r=0
heldout_threecell_0_3_6_m3_r2,candidate,478,1,0.5670,0.5580,,,,,mask=0x60;m=3;r=1
heldout_threecell_0_3_6_m3_r2,candidate,479,1,0.5560,0.5460,,,,,mask=0x60;m=3;r=2
heldout_threecell_0_3_6_m3_r2,candidate,480,1,0.4760,0.4840,,,,,mask=0x61;m=2;r=0
heldout_threecell_0_3_6_m3_r2,candidate,481,1,0.5240,0.5160,,,,,mask=0x61;m=2;r=1
heldout_threecell_0_3_6_m3_r2,candidate,482,1,0.5390,0.5260,,,,,mask=0x61;m=3;r=0
heldout_threecell_0_3_6_m3_r2,candidate,483,1,0.5340,0.5240,,,,,mask=0x61;m=3;r=1
heldout_threecell_0_3_6_m3_r2,candidate,484,1,0.5970,0.6260,,,,,mask=0x61;m=3;r=2
heldout_threecell_0_3_6_m3_r2,candidate,485,1,0.4760,0.4680,,,,,mask=0x62;m=2;r=0
heldout_threecell_0_3_6_m3_r2,candidate,486,1,0.5240,0.5320,,,,,mask=0x62;m=2;r=1
heldout_threecell_0_3_6_m3_r2,candidate,487,1,0.5550,0.5360,,,,,mask=0x62;m=3;r=0
heldout_threecell_0_3_6_m3_r2,candidate,488,1,0.5460,0.5720,,,,,mask=0x62;m=3;r=1
heldout_threecell_0_3_6_m3_r2,candidate,489,1,0.5690,0.5680,,,,,mask=0x62;m=3;r=2
heldout_threecell_0_3_6_m3_r2,candidate,490,1,0.4630,0.4400,,,,,mask=0x63;m=2;r=0
heldout_threecell_0_3_6_m3_r2,candidate,491,1,0.5370,0.5600,,,,,mask=0x63;m=2;r=1
heldout_threecell_0_3_6_m3_r2,candidate,492,1,0.5800,0.5840,,,,,mask=0x63;m=3;r=0
heldout_threecell_0_3_6_m3_r2,candidate,493,1,0.5200,0.5500,,,,,mask=0x63;m=3;r=1
heldout_threecell_0_3_6_m3_r2,candidate,494,1,0.5700,0.5420,,,,,mask=0x63;m=3;r=2
heldout_threecell_0_3_6_m3_r2,candidate,495,1,0.4790,0.4600,,,,,mask=0x64;m=2;r=0
heldout_threecell_0_3_6_m3_r2,candidate,496,1,0.5210,0.5400,,,,,mask=0x64;m=2;r=1
heldout_threecell_0_3_6_m3_r2,candidate,497,1,0.5580,0.5480,,,,,mask=0x64;m=3;r=0
heldout_threecell_0_3_6_m3_r2,candidate,498,1,0.5500,0.5180,,,,,mask=0x64;m=3;r=1
heldout_threecell_0_3_6_m3_r2,candidate,499,1,0.5620,0.6100,,,,,mask=0x64;m=3;r=2
heldout_threecell_0_3_6_m3_r2,candidate,500,1,0.4810,0.4420,,,,,mask=0x65;m=2;r=0
heldout_threecell_0_3_6_m3_r2,candidate,501,1,0.5190,0.5580,,,,,mask=0x65;m=2;r=1
heldout_threecell_0_3_6_m3_r2,candidate,502,1,0.5590,0.5500,,,,,mask=0x65;m=3;r=0
heldout_threecell_0_3_6_m3_r2,candidate,503,1,0.5300,0.5580,,,,,mask=0x65;m=3;r=1
heldout_threecell_0_3_6_m3_r2,candidate,504,1,0.5810,0.5680,,,,,mask=0x65;m=3;r=2
heldout_threecell_0_3_6_m3_r2,candidate,505,1,0.4940,0.4460,,,,,mask=0x66;m=2;r=0
heldout_threecell_0_3_6_m3_r2,candidate,506,1,0.5060,0.5540,,,,,mask=0x66;m=2;r=1
heldout_threecell_0_3_6_m3_r2,candidate,507,1,0.5420,0.5280,,,,,mask=0x66;m=3;r=0
heldout_threecell_0_3_6_m3_r2,candidate,508,1,0.5570,0.5860,,,,,mask=0x66;m=3;r=1
heldout_threecell_0_3_6_m3_r2,candidate,509,1,0.5710,0.5620,,,,,mask=0x66;m=3;r=2
heldout_threecell_0_3_6_m3_r2,candidate,510,1,0.4800,0.5220,,,,,mask=0x67;m=2;r=0
heldout_threecell_0_3_6_m3_r2,candidate,511,1,0.5200,0.4780,,,,,mask=0x67;m=2;r=1
heldout_threecell_0_3_6_m3_r2,candidate,512,1,0.5490,0.5660,,,,,mask=0x67;m=3;r=0
heldout_threecell_0_3_6_m3_r2,candidate,513,1,0.5710,0.5740,,,,,mask=0x67;m=3;r=1
heldout_threecell_0_3_6_m3_r2,candidate,514,1,0.5500,0.5360,,,,,mask=0x67;m=3;r=2
heldout_threecell_0_3_6_m3_r2,candidate,515,1,0.4690,0.4640,,,,,mask=0x68;m=2;r=0
heldout_threecell_0_3_6_m3_r2,candidate,516,1,0.5310,0.5360,,,,,mask=0x68;m=2;r=1
heldout_threecell_0_3_6_m3_r2,candidate,517,1,0.5420,0.5540,,,,,mask=0x68;m=3;r=0
heldout_threecell_0_3_6_m3_r2,candidate,518,1,0.5550,0.5240,,,,,mask=0x68;m=3;r=1
heldout_threecell_0_3_6_m3_r2,candidate,519,1,0.5730,0.5980,,,,,mask=0x68;m=3;r=2
heldout_threecell_0_3_6_m3_r2,candidate,520,1,0.4670,0.4120,,,,,mask=0x69;m=2;r=0
heldout_threecell_0_3_6_m3_r2,candidate,521,1,0.5330,0.5880,,,,,mask=0x69;m=2;r=1
heldout_threecell_0_3_6_m3_r2,candidate,522,1,0.5520,0.5180,,,,,mask=0x69;m=3;r=0
heldout_threecell_0_3_6_m3_r2,candidate,523,1,0.5250,0.5240,,,,,mask=0x69;m=3;r=1
heldout_threecell_0_3_6_m3_r2,candidate,524,1,0.5930,0.6340,,,,,mask=0x69;m=3;r=2
heldout_threecell_0_3_6_m3_r2,candidate,525,1,0.4840,0.4640,,,,,mask=0x6A;m=2;r=0
heldout_threecell_0_3_6_m3_r2,candidate,526,1,0.5160,0.5360,,,,,mask=0x6A;m=2;r=1
heldout_threecell_0_3_6_m3_r2,candidate,527,1,0.5560,0.5940,,,,,mask=0x6A;m=3;r=0
heldout_threecell_0_3_6_m3_r2,candidate,528,1,0.5490,0.5400,,,,,mask=0x6A;m=3;r=1
heldout_threecell_0_3_6_m3_r2,candidate,529,1,0.5650,0.5420,,,,,mask=0x6A;m=3;r=2
heldout_threecell_0_3_6_m3_r2,candidate,530,1,0.4820,0.5060,,,,,mask=0x6B;m=2;r=0
heldout_threecell_0_3_6_m3_r2,candidate,531,1,0.5180,0.4940,,,,,mask=0x6B;m=2;r=1
heldout_threecell_0_3_6_m3_r2,candidate,532,1,0.5400,0.5080,,,,,mask=0x6B;m=3;r=0
heldout_threecell_0_3_6_m3_r2,candidate,533,1,0.5510,0.5640,,,,,mask=0x6B;m=3;r=1
heldout_threecell_0_3_6_m3_r2,candidate,534,1,0.5790,0.6040,,,,,mask=0x6B;m=3;r=2
heldout_threecell_0_3_6_m3_r2,candidate,535,1,0.4710,0.4640,,,,,mask=0x6C;m=2;r=0
heldout_threecell_0_3_6_m3_r2,candidate,536,1,0.5290,0.5360,,,,,mask=0x6C;m=2;r=1
heldout_threecell_0_3_6_m3_r2,candidate,537,1,0.5450,0.5380,,,,,mask=0x6C;m=3;r=0
heldout_threecell_0_3_6_m3_r2,candidate,538,1,0.5470,0.5480,,,,,mask=0x6C;m=3;r=1
heldout_threecell_0_3_6_m3_r2,candidate,539,1,0.5780,0.5900,,,,,mask=0x6C;m=3;r=2
heldout_threecell_0_3_6_m3_r2,candidate,540,1,0.4620,0.4520,,,,,mask=0x6D;m=2;r=0
heldout_threecell_0_3_6_m3_r2,candidate,541,1,0.5380,0.5480,,,,,mask=0x6D;m=2;r=1
heldout_threecell_0_3_6_m3_r2,candidate,542,1,0.5400,0.5260,,,,,mask=0x6D;m=3;r=0
heldout_threecell_0_3_6_m3_r2,candidate,543,1,0.5450,0.5740,,,,,mask=0x6D;m=3;r=1
heldout_threecell_0_3_6_m3_r2,candidate,544,1,0.5850,0.5760,,,,,mask=0x6D;m=3;r=2
heldout_threecell_0_3_6_m3_r2,candidate,545,1,0.4800,0.4480,,,,,mask=0x6E;m=2;r=0
heldout_threecell_0_3_6_m3_r2,candidate,546,1,0.5200,0.5520,,,,,mask=0x6E;m=2;r=1
heldout_threecell_0_3_6_m3_r2,candidate,547,1,0.5670,0.5440,,,,,mask=0x6E;m=3;r=0
heldout_threecell_0_3_6_m3_r2,candidate,548,1,0.5500,0.5740,,,,,mask=0x6E;m=3;r=1
heldout_threecell_0_3_6_m3_r2,candidate,549,1,0.5530,0.5580,,,,,mask=0x6E;m=3;r=2
heldout_threecell_0_3_6_m3_r2,candidate,550,1,0.4470,0.4260,,,,,mask=0x6F;m=2;r=0
heldout_threecell_0_3_6_m3_r2,candidate,551,1,0.5530,0.5740,,,,,mask=0x6F;m=2;r=1
heldout_threecell_0_3_6_m3_r2,candidate,552,1,0.5140,0.5200,,,,,mask=0x6F;m=3;r=0
heldout_threecell_0_3_6_m3_r2,candidate,553,1,0.5670,0.5480,,,,,mask=0x6F;m=3;r=1
heldout_threecell_0_3_6_m3_r2,candidate,554,1,0.5890,0.6080,,,,,mask=0x6F;m=3;r=2
heldout_threecell_0_3_6_m3_r2,candidate,555,1,0.4910,0.4960,,,,,mask=0x70;m=2;r=0
heldout_threecell_0_3_6_m3_r2,candidate,556,1,0.5090,0.5040,,,,,mask=0x70;m=2;r=1
heldout_threecell_0_3_6_m3_r2,candidate,557,1,0.5500,0.5520,,,,,mask=0x70;m=3;r=0
heldout_threecell_0_3_6_m3_r2,candidate,558,1,0.5580,0.5360,,,,,mask=0x70;m=3;r=1
heldout_threecell_0_3_6_m3_r2,candidate,559,1,0.5620,0.5880,,,,,mask=0x70;m=3;r=2
heldout_threecell_0_3_6_m3_r2,candidate,560,1,0.4710,0.4720,,,,,mask=0x71;m=2;r=0
heldout_threecell_0_3_6_m3_r2,candidate,561,1,0.5290,0.5280,,,,,mask=0x71;m=2;r=1
heldout_threecell_0_3_6_m3_r2,candidate,562,1,0.5670,0.5340,,,,,mask=0x71;m=3;r=0
heldout_threecell_0_3_6_m3_r2,candidate,563,1,0.5400,0.5320,,,,,mask=0x71;m=3;r=1
heldout_threecell_0_3_6_m3_r2,candidate,564,1,0.5630,0.6100,,,,,mask=0x71;m=3;r=2
heldout_threecell_0_3_6_m3_r2,candidate,565,1,0.4840,0.4560,,,,,mask=0x72;m=2;r=0
heldout_threecell_0_3_6_m3_r2,candidate,566,1,0.5160,0.5440,,,,,mask=0x72;m=2;r=1
heldout_threecell_0_3_6_m3_r2,candidate,567,1,0.5440,0.5680,,,,,mask=0x72;m=3;r=0
heldout_threecell_0_3_6_m3_r2,candidate,568,1,0.5530,0.5540,,,,,mask=0x72;m=3;r=1
heldout_threecell_0_3_6_m3_r2,candidate,569,1,0.5730,0.5540,,,,,mask=0x72;m=3;r=2
heldout_threecell_0_3_6_m3_r2,candidate,570,1,0.4500,0.5020,,,,,mask=0x73;m=2;r=0
heldout_threecell_0_3_6_m3_r2,candidate,571,1,0.5500,0.4980,,,,,mask=0x73;m=2;r=1
heldout_threecell_0_3_6_m3_r2,candidate,572,1,0.5540,0.5560,,,,,mask=0x73;m=3;r=0
heldout_threecell_0_3_6_m3_r2,candidate,573,1,0.5530,0.5400,,,,,mask=0x73;m=3;r=1
heldout_threecell_0_3_6_m3_r2,candidate,574,1,0.5630,0.5800,,,,,mask=0x73;m=3;r=2
heldout_threecell_0_3_6_m3_r2,candidate,575,1,0.4860,0.4740,,,,,mask=0x74;m=2;r=0
heldout_threecell_0_3_6_m3_r2,candidate,576,1,0.5140,0.5260,,,,,mask=0x74;m=2;r=1
heldout_threecell_0_3_6_m3_r2,candidate,577,1,0.5700,0.5680,,,,,mask=0x74;m=3;r=0
heldout_threecell_0_3_6_m3_r2,candidate,578,1,0.5330,0.5780,,,,,mask=0x74;m=3;r=1
heldout_threecell_0_3_6_m3_r2,candidate,579,1,0.5670,0.5300,,,,,mask=0x74;m=3;r=2
heldout_threecell_0_3_6_m3_r2,candidate,580,1,0.4810,0.5500,,,,,mask=0x75;m=2;r=0
heldout_threecell_0_3_6_m3_r2,candidate,581,1,0.5190,0.4500,,,,,mask=0x75;m=2;r=1
heldout_threecell_0_3_6_m3_r2,candidate,582,1,0.5510,0.5420,,,,,mask=0x75;m=3;r=0
heldout_threecell_0_3_6_m3_r2,candidate,583,1,0.5550,0.5920,,,,,mask=0x75;m=3;r=1
heldout_threecell_0_3_6_m3_r2,candidate,584,1,0.5640,0.5420,,,,,mask=0x75;m=3;r=2
heldout_threecell_0_3_6_m3_r2,candidate,585,1,0.4750,0.4860,,,,,mask=0x76;m=2;r=0
heldout_threecell_0_3_6_m3_r2,candidate,586,1,0.5250,0.5140,,,,,mask=0x76;m=2;r=1
heldout_threecell_0_3_6_m3_r2,candidate,587,1,0.5430,0.5360,,,,,mask=0x76;m=3;r=0
heldout_threecell_0_3_6_m3_r2,candidate,588,1,0.5680,0.5440,,,,,mask=0x76;m=3;r=1
heldout_threecell_0_3_6_m3_r2,candidate,589,1,0.5590,0.5960,,,,,mask=0x76;m=3;r=2
heldout_threecell_0_3_6_m3_r2,candidate,590,1,0.4500,0.4840,,,,,mask=0x77;m=2;r=0
heldout_threecell_0_3_6_m3_r2,candidate,591,1,0.5500,0.5160,,,,,mask=0x77;m=2;r=1
heldout_threecell_0_3_6_m3_r2,candidate,592,1,0.5480,0.5180,,,,,mask=0x77;m=3;r=0
heldout_threecell_0_3_6_m3_r2,candidate,593,1,0.5460,0.5800,,,,,mask=0x77;m=3;r=1
heldout_threecell_0_3_6_m3_r2,candidate,594,1,0.5760,0.5780,,,,,mask=0x77;m=3;r=2
heldout_threecell_0_3_6_m3_r2,candidate,595,1,0.4630,0.4220,,,,,mask=0x78;m=2;r=0
heldout_threecell_0_3_6_m3_r2,candidate,596,1,0.5370,0.5780,,,,,mask=0x78;m=2;r=1
heldout_threecell_0_3_6_m3_r2,candidate,597,1,0.5660,0.5740,,,,,mask=0x78;m=3;r=0
heldout_threecell_0_3_6_m3_r2,candidate,598,1,0.5530,0.5280,,,,,mask=0x78;m=3;r=1
heldout_threecell_0_3_6_m3_r2,candidate,599,1,0.5510,0.5740,,,,,mask=0x78;m=3;r=2
heldout_threecell_0_3_6_m3_r2,candidate,600,1,0.4680,0.4800,,,,,mask=0x79;m=2;r=0
heldout_threecell_0_3_6_m3_r2,candidate,601,1,0.5320,0.5200,,,,,mask=0x79;m=2;r=1
heldout_threecell_0_3_6_m3_r2,candidate,602,1,0.5510,0.5340,,,,,mask=0x79;m=3;r=0
heldout_threecell_0_3_6_m3_r2,candidate,603,1,0.5360,0.5500,,,,,mask=0x79;m=3;r=1
heldout_threecell_0_3_6_m3_r2,candidate,604,1,0.5830,0.5920,,,,,mask=0x79;m=3;r=2
heldout_threecell_0_3_6_m3_r2,candidate,605,1,0.4760,0.4640,,,,,mask=0x7A;m=2;r=0
heldout_threecell_0_3_6_m3_r2,candidate,606,1,0.5240,0.5360,,,,,mask=0x7A;m=2;r=1
heldout_threecell_0_3_6_m3_r2,candidate,607,1,0.5550,0.5660,,,,,mask=0x7A;m=3;r=0
heldout_threecell_0_3_6_m3_r2,candidate,608,1,0.5490,0.5800,,,,,mask=0x7A;m=3;r=1
heldout_threecell_0_3_6_m3_r2,candidate,609,1,0.5660,0.5300,,,,,mask=0x7A;m=3;r=2
heldout_threecell_0_3_6_m3_r2,candidate,610,1,0.4430,0.4240,,,,,mask=0x7B;m=2;r=0
heldout_threecell_0_3_6_m3_r2,candidate,611,1,0.5570,0.5760,,,,,mask=0x7B;m=2;r=1
heldout_threecell_0_3_6_m3_r2,candidate,612,1,0.4960,0.5240,,,,,mask=0x7B;m=3;r=0
heldout_threecell_0_3_6_m3_r2,candidate,613,1,0.5610,0.5240,,,,,mask=0x7B;m=3;r=1
heldout_threecell_0_3_6_m3_r2,candidate,614,1,0.6130,0.6280,,,,,mask=0x7B;m=3;r=2
heldout_threecell_0_3_6_m3_r2,candidate,615,1,0.4920,0.4860,,,,,mask=0x7C;m=2;r=0
heldout_threecell_0_3_6_m3_r2,candidate,616,1,0.5080,0.5140,,,,,mask=0x7C;m=2;r=1
heldout_threecell_0_3_6_m3_r2,candidate,617,1,0.5380,0.5420,,,,,mask=0x7C;m=3;r=0
heldout_threecell_0_3_6_m3_r2,candidate,618,1,0.5630,0.5480,,,,,mask=0x7C;m=3;r=1
heldout_threecell_0_3_6_m3_r2,candidate,619,1,0.5690,0.5860,,,,,mask=0x7C;m=3;r=2
heldout_threecell_0_3_6_m3_r2,candidate,620,1,0.4640,0.4840,,,,,mask=0x7D;m=2;r=0
heldout_threecell_0_3_6_m3_r2,candidate,621,1,0.5360,0.5160,,,,,mask=0x7D;m=2;r=1
heldout_threecell_0_3_6_m3_r2,candidate,622,1,0.5270,0.5100,,,,,mask=0x7D;m=3;r=0
heldout_threecell_0_3_6_m3_r2,candidate,623,1,0.5600,0.5680,,,,,mask=0x7D;m=3;r=1
heldout_threecell_0_3_6_m3_r2,candidate,624,1,0.5830,0.5980,,,,,mask=0x7D;m=3;r=2
heldout_threecell_0_3_6_m3_r2,candidate,625,1,0.4750,0.4600,,,,,mask=0x7E;m=2;r=0
heldout_threecell_0_3_6_m3_r2,candidate,626,1,0.5250,0.5400,,,,,mask=0x7E;m=2;r=1
heldout_threecell_0_3_6_m3_r2,candidate,627,1,0.5600,0.5560,,,,,mask=0x7E;m=3;r=0
heldout_threecell_0_3_6_m3_r2,candidate,628,1,0.5600,0.5400,,,,,mask=0x7E;m=3;r=1
heldout_threecell_0_3_6_m3_r2,candidate,629,1,0.5500,0.5800,,,,,mask=0x7E;m=3;r=2
heldout_threecell_0_3_6_m3_r2,candidate,630,1,0.4630,0.4840,,,,,mask=0x7F;m=2;r=0
heldout_threecell_0_3_6_m3_r2,candidate,631,1,0.5370,0.5160,,,,,mask=0x7F;m=2;r=1
heldout_threecell_0_3_6_m3_r2,candidate,632,1,0.5440,0.5720,,,,,mask=0x7F;m=3;r=0
heldout_threecell_0_3_6_m3_r2,candidate,633,1,0.5500,0.5200,,,,,mask=0x7F;m=3;r=1
heldout_threecell_0_3_6_m3_r2,candidate,634,1,0.5760,0.5840,,,,,mask=0x7F;m=3;r=2
heldout_threecell_0_3_6_m3_r2,candidate,635,1,0.4640,0.4960,,,,,mask=0x80;m=2;r=0
heldout_threecell_0_3_6_m3_r2,candidate,636,1,0.5360,0.5040,,,,,mask=0x80;m=2;r=1
heldout_threecell_0_3_6_m3_r2,candidate,637,1,0.4950,0.5560,,,,,mask=0x80;m=3;r=0
heldout_threecell_0_3_6_m3_r2,candidate,638,1,0.5730,0.5600,,,,,mask=0x80;m=3;r=1
heldout_threecell_0_3_6_m3_r2,candidate,639,1,0.6020,0.5600,,,,,mask=0x80;m=3;r=2
heldout_threecell_0_3_6_m3_r2,candidate,640,1,0.4680,0.4600,,,,,mask=0x81;m=2;r=0
heldout_threecell_0_3_6_m3_r2,candidate,641,1,0.5320,0.5400,,,,,mask=0x81;m=2;r=1
heldout_threecell_0_3_6_m3_r2,candidate,642,1,0.5310,0.5320,,,,,mask=0x81;m=3;r=0
heldout_threecell_0_3_6_m3_r2,candidate,643,1,0.5820,0.5940,,,,,mask=0x81;m=3;r=1
heldout_threecell_0_3_6_m3_r2,candidate,644,1,0.5570,0.5500,,,,,mask=0x81;m=3;r=2
heldout_threecell_0_3_6_m3_r2,candidate,645,1,0.4640,0.4440,,,,,mask=0x82;m=2;r=0
heldout_threecell_0_3_6_m3_r2,candidate,646,1,0.5360,0.5560,,,,,mask=0x82;m=2;r=1
heldout_threecell_0_3_6_m3_r2,candidate,647,1,0.5660,0.5760,,,,,mask=0x82;m=3;r=0
heldout_threecell_0_3_6_m3_r2,candidate,648,1,0.5580,0.5540,,,,,mask=0x82;m=3;r=1
heldout_threecell_0_3_6_m3_r2,candidate,649,1,0.5460,0.5460,,,,,mask=0x82;m=3;r=2
heldout_threecell_0_3_6_m3_r2,candidate,650,1,0.4700,0.5260,,,,,mask=0x83;m=2;r=0
heldout_threecell_0_3_6_m3_r2,candidate,651,1,0.5300,0.4740,,,,,mask=0x83;m=2;r=1
heldout_threecell_0_3_6_m3_r2,candidate,652,1,0.5550,0.5040,,,,,mask=0x83;m=3;r=0
heldout_threecell_0_3_6_m3_r2,candidate,653,1,0.5120,0.5600,,,,,mask=0x83;m=3;r=1
heldout_threecell_0_3_6_m3_r2,candidate,654,1,0.6030,0.6120,,,,,mask=0x83;m=3;r=2
heldout_threecell_0_3_6_m3_r2,candidate,655,1,0.4630,0.4400,,,,,mask=0x84;m=2;r=0
heldout_threecell_0_3_6_m3_r2,candidate,656,1,0.5370,0.5600,,,,,mask=0x84;m=2;r=1
heldout_threecell_0_3_6_m3_r2,candidate,657,1,0.5510,0.5480,,,,,mask=0x84;m=3;r=0
heldout_threecell_0_3_6_m3_r2,candidate,658,1,0.5630,0.5640,,,,,mask=0x84;m=3;r=1
heldout_threecell_0_3_6_m3_r2,candidate,659,1,0.5560,0.5640,,,,,mask=0x84;m=3;r=2
heldout_threecell_0_3_6_m3_r2,candidate,660,1,0.4660,0.4960,,,,,mask=0x85;m=2;r=0
heldout_threecell_0_3_6_m3_r2,candidate,661,1,0.5340,0.5040,,,,,mask=0x85;m=2;r=1
heldout_threecell_0_3_6_m3_r2,candidate,662,1,0.5670,0.5060,,,,,mask=0x85;m=3;r=0
heldout_threecell_0_3_6_m3_r2,candidate,663,1,0.5590,0.6120,,,,,mask=0x85;m=3;r=1
heldout_threecell_0_3_6_m3_r2,candidate,664,1,0.5440,0.5580,,,,,mask=0x85;m=3;r=2
heldout_threecell_0_3_6_m3_r2,candidate,665,1,0.4630,0.5080,,,,,mask=0x86;m=2;r=0
heldout_threecell_0_3_6_m3_r2,candidate,666,1,0.5370,0.4920,,,,,mask=0x86;m=2;r=1
heldout_threecell_0_3_6_m3_r2,candidate,667,1,0.5550,0.4980,,,,,mask=0x86;m=3;r=0
heldout_threecell_0_3_6_m3_r2,candidate,668,1,0.5450,0.5620,,,,,mask=0x86;m=3;r=1
heldout_threecell_0_3_6_m3_r2,candidate,669,1,0.5700,0.6160,,,,,mask=0x86;m=3;r=2
heldout_threecell_0_3_6_m3_r2,candidate,670,1,0.4900,0.4620,,,,,mask=0x87;m=2;r=0
heldout_threecell_0_3_6_m3_r2,candidate,671,1,0.5100,0.5380,,,,,mask=0x87;m=2;r=1
heldout_threecell_0_3_6_m3_r2,candidate,672,1,0.5250,0.5180,,,,,mask=0x87;m=3;r=0
heldout_threecell_0_3_6_m3_r2,candidate,673,1,0.5710,0.5660,,,,,mask=0x87;m=3;r=1
heldout_threecell_0_3_6_m3_r2,candidate,674,1,0.5740,0.5920,,,,,mask=0x87;m=3;r=2
heldout_threecell_0_3_6_m3_r2,candidate,675,1,0.4500,0.4660,,,,,mask=0x88;m=2;r=0
heldout_threecell_0_3_6_m3_r2,candidate,676,1,0.5500,0.5340,,,,,mask=0x88;m=2;r=1
heldout_threecell_0_3_6_m3_r2,candidate,677,1,0.5540,0.5420,,,,,mask=0x88;m=3;r=0
heldout_threecell_0_3_6_m3_r2,candidate,678,1,0.5620,0.5900,,,,,mask=0x88;m=3;r=1
heldout_threecell_0_3_6_m3_r2,candidate,679,1,0.5540,0.5440,,,,,mask=0x88;m=3;r=2
heldout_threecell_0_3_6_m3_r2,candidate,680,1,0.4610,0.5280,,,,,mask=0x89;m=2;r=0
heldout_threecell_0_3_6_m3_r2,candidate,681,1,0.5390,0.4720,,,,,mask=0x89;m=2;r=1
heldout_threecell_0_3_6_m3_r2,candidate,682,1,0.5420,0.5120,,,,,mask=0x89;m=3;r=0
heldout_threecell_0_3_6_m3_r2,candidate,683,1,0.5230,0.5520,,,,,mask=0x89;m=3;r=1
heldout_threecell_0_3_6_m3_r2,candidate,684,1,0.6050,0.6120,,,,,mask=0x89;m=3;r=2
heldout_threecell_0_3_6_m3_r2,candidate,685,1,0.4520,0.5160,,,,,mask=0x8A;m=2;r=0
heldout_threecell_0_3_6_m3_r2,candidate,686,1,0.5480,0.4840,,,,,mask=0x8A;m=2;r=1
heldout_threecell_0_3_6_m3_r2,candidate,687,1,0.5370,0.5420,,,,,mask=0x8A;m=3;r=0
heldout_threecell_0_3_6_m3_r2,candidate,688,1,0.5610,0.5560,,,,,mask=0x8A;m=3;r=1
heldout_threecell_0_3_6_m3_r2,candidate,689,1,0.5720,0.5780,,,,,mask=0x8A;m=3;r=2
heldout_threecell_0_3_6_m3_r2,candidate,690,1,0.4950,0.4400,,,,,mask=0x8B;m=2;r=0
heldout_threecell_0_3_6_m3_r2,candidate,691,1,0.5050,0.5600,,,,,mask=0x8B;m=2;r=1
heldout_threecell_0_3_6_m3_r2,candidate,692,1,0.5420,0.5860,,,,,mask=0x8B;m=3;r=0
heldout_threecell_0_3_6_m3_r2,candidate,693,1,0.5790,0.5400,,,,,mask=0x8B;m=3;r=1
heldout_threecell_0_3_6_m3_r2,candidate,694,1,0.5490,0.5500,,,,,mask=0x8B;m=3;r=2
heldout_threecell_0_3_6_m3_r2,candidate,695,1,0.4690,0.5080,,,,,mask=0x8C;m=2;r=0
heldout_threecell_0_3_6_m3_r2,candidate,696,1,0.5310,0.4920,,,,,mask=0x8C;m=2;r=1
heldout_threecell_0_3_6_m3_r2,candidate,697,1,0.5600,0.5360,,,,,mask=0x8C;m=3;r=0
heldout_threecell_0_3_6_m3_r2,candidate,698,1,0.5580,0.5620,,,,,mask=0x8C;m=3;r=1
heldout_threecell_0_3_6_m3_r2,candidate,699,1,0.5520,0.5780,,,,,mask=0x8C;m=3;r=2
heldout_threecell_0_3_6_m3_r2,candidate,700,1,0.4250,0.5060,,,,,mask=0x8D;m=2;r=0
heldout_threecell_0_3_6_m3_r2,candidate,701,1,0.5750,0.4940,,,,,mask=0x8D;m=2;r=1
heldout_threecell_0_3_6_m3_r2,candidate,702,1,0.5490,0.5440,,,,,mask=0x8D;m=3;r=0
heldout_threecell_0_3_6_m3_r2,candidate,703,1,0.5420,0.5460,,,,,mask=0x8D;m=3;r=1
heldout_threecell_0_3_6_m3_r2,candidate,704,1,0.5790,0.5860,,,,,mask=0x8D;m=3;r=2
heldout_threecell_0_3_6_m3_r2,candidate,705,1,0.4850,0.4700,,,,,mask=0x8E;m=2;r=0
heldout_threecell_0_3_6_m3_r2,candidate,706,1,0.5150,0.5300,,,,,mask=0x8E;m=2;r=1
heldout_threecell_0_3_6_m3_r2,candidate,707,1,0.5290,0.5120,,,,,mask=0x8E;m=3;r=0
heldout_threecell_0_3_6_m3_r2,candidate,708,1,0.5770,0.5720,,,,,mask=0x8E;m=3;r=1
heldout_threecell_0_3_6_m3_r2,candidate,709,1,0.5640,0.5920,,,,,mask=0x8E;m=3;r=2
heldout_threecell_0_3_6_m3_r2,candidate,710,1,0.4630,0.4940,,,,,mask=0x8F;m=2;r=0
heldout_threecell_0_3_6_m3_r2,candidate,711,1,0.5370,0.5060,,,,,mask=0x8F;m=2;r=1
heldout_threecell_0_3_6_m3_r2,candidate,712,1,0.5620,0.5600,,,,,mask=0x8F;m=3;r=0
heldout_threecell_0_3_6_m3_r2,candidate,713,1,0.5640,0.5740,,,,,mask=0x8F;m=3;r=1
heldout_threecell_0_3_6_m3_r2,candidate,714,1,0.5440,0.5420,,,,,mask=0x8F;m=3;r=2
heldout_threecell_0_3_6_m3_r2,candidate,715,1,0.4470,0.4860,,,,,mask=0x90;m=2;r=0
heldout_threecell_0_3_6_m3_r2,candidate,716,1,0.5530,0.5140,,,,,mask=0x90;m=2;r=1
heldout_threecell_0_3_6_m3_r2,candidate,717,1,0.5480,0.5800,,,,,mask=0x90;m=3;r=0
heldout_threecell_0_3_6_m3_r2,candidate,718,1,0.5630,0.5380,,,,,mask=0x90;m=3;r=1
heldout_threecell_0_3_6_m3_r2,candidate,719,1,0.5590,0.5580,,,,,mask=0x90;m=3;r=2
heldout_threecell_0_3_6_m3_r2,candidate,720,1,0.4940,0.5080,,,,,mask=0x91;m=2;r=0
heldout_threecell_0_3_6_m3_r2,candidate,721,1,0.5060,0.4920,,,,,mask=0x91;m=2;r=1
heldout_threecell_0_3_6_m3_r2,candidate,722,1,0.5490,0.5360,,,,,mask=0x91;m=3;r=0
heldout_threecell_0_3_6_m3_r2,candidate,723,1,0.5540,0.5780,,,,,mask=0x91;m=3;r=1
heldout_threecell_0_3_6_m3_r2,candidate,724,1,0.5670,0.5620,,,,,mask=0x91;m=3;r=2
heldout_threecell_0_3_6_m3_r2,candidate,725,1,0.4830,0.5000,,,,,mask=0x92;m=2;r=0
heldout_threecell_0_3_6_m3_r2,candidate,726,1,0.5170,0.5000,,,,,mask=0x92;m=2;r=1
heldout_threecell_0_3_6_m3_r2,candidate,727,1,0.5220,0.5400,,,,,mask=0x92;m=3;r=0
heldout_threecell_0_3_6_m3_r2,candidate,728,1,0.5680,0.5680,,,,,mask=0x92;m=3;r=1
heldout_threecell_0_3_6_m3_r2,candidate,729,1,0.5800,0.5680,,,,,mask=0x92;m=3;r=2
heldout_threecell_0_3_6_m3_r2,candidate,730,1,0.4900,0.4720,,,,,mask=0x93;m=2;r=0
heldout_threecell_0_3_6_m3_r2,candidate,731,1,0.5100,0.5280,,,,,mask=0x93;m=2;r=1
heldout_threecell_0_3_6_m3_r2,candidate,732,1,0.5610,0.5520,,,,,mask=0x93;m=3;r=0
heldout_threecell_0_3_6_m3_r2,candidate,733,1,0.5560,0.5820,,,,,mask=0x93;m=3;r=1
heldout_threecell_0_3_6_m3_r2,candidate,734,1,0.5530,0.5420,,,,,mask=0x93;m=3;r=2
heldout_threecell_0_3_6_m3_r2,candidate,735,1,0.4650,0.4940,,,,,mask=0x94;m=2;r=0
heldout_threecell_0_3_6_m3_r2,candidate,736,1,0.5350,0.5060,,,,,mask=0x94;m=2;r=1
heldout_threecell_0_3_6_m3_r2,candidate,737,1,0.5330,0.5380,,,,,mask=0x94;m=3;r=0
heldout_threecell_0_3_6_m3_r2,candidate,738,1,0.5670,0.5560,,,,,mask=0x94;m=3;r=1
heldout_threecell_0_3_6_m3_r2,candidate,739,1,0.5700,0.5820,,,,,mask=0x94;m=3;r=2
heldout_threecell_0_3_6_m3_r2,candidate,740,1,0.4990,0.4840,,,,,mask=0x95;m=2;r=0
heldout_threecell_0_3_6_m3_r2,candidate,741,1,0.5010,0.5160,,,,,mask=0x95;m=2;r=1
heldout_threecell_0_3_6_m3_r2,candidate,742,1,0.5620,0.5340,,,,,mask=0x95;m=3;r=0
heldout_threecell_0_3_6_m3_r2,candidate,743,1,0.5450,0.5660,,,,,mask=0x95;m=3;r=1
heldout_threecell_0_3_6_m3_r2,candidate,744,1,0.5630,0.5760,,,,,mask=0x95;m=3;r=2
heldout_threecell_0_3_6_m3_r2,candidate,745,1,0.5070,0.4720,,,,,mask=0x96;m=2;r=0
heldout_threecell_0_3_6_m3_r2,candidate,746,1,0.4930,0.5280,,,,,mask=0x96;m=2;r=1
heldout_threecell_0_3_6_m3_r2,candidate,747,1,0.5480,0.5500,,,,,mask=0x96;m=3;r=0
heldout_threecell_0_3_6_m3_r2,candidate,748,1,0.5600,0.5560,,,,,mask=0x96;m=3;r=1
heldout_threecell_0_3_6_m3_r2,candidate,749,1,0.5620,0.5700,,,,,mask=0x96;m=3;r=2
heldout_threecell_0_3_6_m3_r2,candidate,750,1,0.4650,0.4600,,,,,mask=0x97;m=2;r=0
heldout_threecell_0_3_6_m3_r2,candidate,751,1,0.5350,0.5400,,,,,mask=0x97;m=2;r=1
heldout_threecell_0_3_6_m3_r2,candidate,752,1,0.5120,0.5320,,,,,mask=0x97;m=3;r=0
heldout_threecell_0_3_6_m3_r2,candidate,753,1,0.5880,0.5660,,,,,mask=0x97;m=3;r=1
heldout_threecell_0_3_6_m3_r2,candidate,754,1,0.5700,0.5780,,,,,mask=0x97;m=3;r=2
heldout_threecell_0_3_6_m3_r2,candidate,755,1,0.4810,0.4920,,,,,mask=0x98;m=2;r=0
heldout_threecell_0_3_6_m3_r2,candidate,756,1,0.5190,0.5080,,,,,mask=0x98;m=2;r=1
heldout_threecell_0_3_6_m3_r2,candidate,757,1,0.5460,0.5480,,,,,mask=0x98;m=3;r=0
heldout_threecell_0_3_6_m3_r2,candidate,758,1,0.5490,0.5540,,,,,mask=0x98;m=3;r=1
heldout_threecell_0_3_6_m3_r2,candidate,759,1,0.5750,0.5740,,,,,mask=0x98;m=3;r=2
heldout_threecell_0_3_6_m3_r2,candidate,760,1,0.4910,0.5000,,,,,mask=0x99;m=2;r=0
heldout_threecell_0_3_6_m3_r2,candidate,761,1,0.5090,0.5000,,,,,mask=0x99;m=2;r=1
heldout_threecell_0_3_6_m3_r2,candidate,762,1,0.5600,0.6340,,,,,mask=0x99;m=3;r=0
heldout_threecell_0_3_6_m3_r2,candidate,763,1,0.5500,0.5260,,,,,mask=0x99;m=3;r=1
heldout_threecell_0_3_6_m3_r2,candidate,764,1,0.5600,0.5160,,,,,mask=0x99;m=3;r=2
heldout_threecell_0_3_6_m3_r2,candidate,765,1,0.4750,0.4840,,,,,mask=0x9A;m=2;r=0
heldout_threecell_0_3_6_m3_r2,candidate,766,1,0.5250,0.5160,,,,,mask=0x9A;m=2;r=1
heldout_threecell_0_3_6_m3_r2,candidate,767,1,0.5340,0.5720,,,,,mask=0x9A;m=3;r=0
heldout_threecell_0_3_6_m3_r2,candidate,768,1,0.5650,0.5440,,,,,mask=0x9A;m=3;r=1
heldout_threecell_0_3_6_m3_r2,candidate,769,1,0.5710,0.5600,,,,,mask=0x9A;m=3;r=2
heldout_threecell_0_3_6_m3_r2,candidate,770,1,0.4830,0.5140,,,,,mask=0x9B;m=2;r=0
heldout_threecell_0_3_6_m3_r2,candidate,771,1,0.5170,0.4860,,,,,mask=0x9B;m=2;r=1
heldout_threecell_0_3_6_m3_r2,candidate,772,1,0.5280,0.5580,,,,,mask=0x9B;m=3;r=0
heldout_threecell_0_3_6_m3_r2,candidate,773,1,0.5590,0.5860,,,,,mask=0x9B;m=3;r=1
heldout_threecell_0_3_6_m3_r2,candidate,774,1,0.5830,0.5320,,,,,mask=0x9B;m=3;r=2
heldout_threecell_0_3_6_m3_r2,candidate,775,1,0.4770,0.4860,,,,,mask=0x9C;m=2;r=0
heldout_threecell_0_3_6_m3_r2,candidate,776,1,0.5230,0.5140,,,,,mask=0x9C;m=2;r=1
heldout_threecell_0_3_6_m3_r2,candidate,777,1,0.5490,0.5520,,,,,mask=0x9C;m=3;r=0
heldout_threecell_0_3_6_m3_r2,candidate,778,1,0.5490,0.5840,,,,,mask=0x9C;m=3;r=1
heldout_threecell_0_3_6_m3_r2,candidate,779,1,0.5720,0.5400,,,,,mask=0x9C;m=3;r=2
heldout_threecell_0_3_6_m3_r2,candidate,780,1,0.4300,0.4820,,,,,mask=0x9D;m=2;r=0
heldout_threecell_0_3_6_m3_r2,candidate,781,1,0.5700,0.5180,,,,,mask=0x9D;m=2;r=1
heldout_threecell_0_3_6_m3_r2,candidate,782,1,0.5380,0.6000,,,,,mask=0x9D;m=3;r=0
heldout_threecell_0_3_6_m3_r2,candidate,783,1,0.5650,0.5560,,,,,mask=0x9D;m=3;r=1
heldout_threecell_0_3_6_m3_r2,candidate,784,1,0.5670,0.5200,,,,,mask=0x9D;m=3;r=2
heldout_threecell_0_3_6_m3_r2,candidate,785,1,0.4550,0.5020,,,,,mask=0x9E;m=2;r=0
heldout_threecell_0_3_6_m3_r2,candidate,786,1,0.5450,0.4980,,,,,mask=0x9E;m=2;r=1
heldout_threecell_0_3_6_m3_r2,candidate,787,1,0.5360,0.5420,,,,,mask=0x9E;m=3;r=0
heldout_threecell_0_3_6_m3_r2,candidate,788,1,0.5710,0.5480,,,,,mask=0x9E;m=3;r=1
heldout_threecell_0_3_6_m3_r2,candidate,789,1,0.5630,0.5860,,,,,mask=0x9E;m=3;r=2
heldout_threecell_0_3_6_m3_r2,candidate,790,1,0.4820,0.4880,,,,,mask=0x9F;m=2;r=0
heldout_threecell_0_3_6_m3_r2,candidate,791,1,0.5180,0.5120,,,,,mask=0x9F;m=2;r=1
heldout_threecell_0_3_6_m3_r2,candidate,792,1,0.5510,0.5820,,,,,mask=0x9F;m=3;r=0
heldout_threecell_0_3_6_m3_r2,candidate,793,1,0.5570,0.5500,,,,,mask=0x9F;m=3;r=1
heldout_threecell_0_3_6_m3_r2,candidate,794,1,0.5620,0.5440,,,,,mask=0x9F;m=3;r=2
heldout_threecell_0_3_6_m3_r2,candidate,795,1,0.4720,0.4540,,,,,mask=0xA0;m=2;r=0
heldout_threecell_0_3_6_m3_r2,candidate,796,1,0.5280,0.5460,,,,,mask=0xA0;m=2;r=1
heldout_threecell_0_3_6_m3_r2,candidate,797,1,0.5400,0.5420,,,,,mask=0xA0;m=3;r=0
heldout_threecell_0_3_6_m3_r2,candidate,798,1,0.5600,0.5720,,,,,mask=0xA0;m=3;r=1
heldout_threecell_0_3_6_m3_r2,candidate,799,1,0.5700,0.5620,,,,,mask=0xA0;m=3;r=2
heldout_threecell_0_3_6_m3_r2,candidate,800,1,0.4870,0.4720,,,,,mask=0xA1;m=2;r=0
heldout_threecell_0_3_6_m3_r2,candidate,801,1,0.5130,0.5280,,,,,mask=0xA1;m=2;r=1
heldout_threecell_0_3_6_m3_r2,candidate,802,1,0.5680,0.5140,,,,,mask=0xA1;m=3;r=0
heldout_threecell_0_3_6_m3_r2,candidate,803,1,0.5290,0.5860,,,,,mask=0xA1;m=3;r=1
heldout_threecell_0_3_6_m3_r2,candidate,804,1,0.5730,0.5760,,,,,mask=0xA1;m=3;r=2
heldout_threecell_0_3_6_m3_r2,candidate,805,1,0.4650,0.4940,,,,,mask=0xA2;m=2;r=0
heldout_threecell_0_3_6_m3_r2,candidate,806,1,0.5350,0.5060,,,,,mask=0xA2;m=2;r=1
heldout_threecell_0_3_6_m3_r2,candidate,807,1,0.5670,0.5200,,,,,mask=0xA2;m=3;r=0
heldout_threecell_0_3_6_m3_r2,candidate,808,1,0.5580,0.5860,,,,,mask=0xA2;m=3;r=1
heldout_threecell_0_3_6_m3_r2,candidate,809,1,0.5450,0.5700,,,,,mask=0xA2;m=3;r=2
heldout_threecell_0_3_6_m3_r2,candidate,810,1,0.4500,0.4580,,,,,mask=0xA3;m=2;r=0
heldout_threecell_0_3_6_m3_r2,candidate,811,1,0.5500,0.5420,,,,,mask=0xA3;m=2;r=1
heldout_threecell_0_3_6_m3_r2,candidate,812,1,0.5320,0.5180,,,,,mask=0xA3;m=3;r=0
heldout_threecell_0_3_6_m3_r2,candidate,813,1,0.5700,0.5800,,,,,mask=0xA3;m=3;r=1
heldout_threecell_0_3_6_m3_r2,candidate,814,1,0.5680,0.5780,,,,,mask=0xA3;m=3;r=2
heldout_threecell_0_3_6_m3_r2,candidate,815,1,0.4810,0.4800,,,,,mask=0xA4;m=2;r=0
heldout_threecell_0_3_6_m3_r2,candidate,816,1,0.5190,0.5200,,,,,mask=0xA4;m=2;r=1
heldout_threecell_0_3_6_m3_r2,candidate,817,1,0.5550,0.5520,,,,,mask=0xA4;m=3;r=0
heldout_threecell_0_3_6_m3_r2,candidate,818,1,0.5480,0.5420,,,,,mask=0xA4;m=3;r=1
heldout_threecell_0_3_6_m3_r2,candidate,819,1,0.5670,0.5820,,,,,mask=0xA4;m=3;r=2
heldout_threecell_0_3_6_m3_r2,candidate,820,1,0.4950,0.4660,,,,,mask=0xA5;m=2;r=0
heldout_threecell_0_3_6_m3_r2,candidate,821,1,0.5050,0.5340,,,,,mask=0xA5;m=2;r=1
heldout_threecell_0_3_6_m3_r2,candidate,822,1,0.5460,0.5500,,,,,mask=0xA5;m=3;r=0
heldout_threecell_0_3_6_m3_r2,candidate,823,1,0.5560,0.5720,,,,,mask=0xA5;m=3;r=1
heldout_threecell_0_3_6_m3_r2,candidate,824,1,0.5680,0.5540,,,,,mask=0xA5;m=3;r=2
heldout_threecell_0_3_6_m3_r2,candidate,825,1,0.5220,0.4960,,,,,mask=0xA6;m=2;r=0
heldout_threecell_0_3_6_m3_r2,candidate,826,1,0.4780,0.5040,,,,,mask=0xA6;m=2;r=1
heldout_threecell_0_3_6_m3_r2,candidate,827,1,0.5330,0.5200,,,,,mask=0xA6;m=3;r=0
heldout_threecell_0_3_6_m3_r2,candidate,828,1,0.5520,0.5600,,,,,mask=0xA6;m=3;r=1
heldout_threecell_0_3_6_m3_r2,candidate,829,1,0.5850,0.5960,,,,,mask=0xA6;m=3;r=2
heldout_threecell_0_3_6_m3_r2,candidate,830,1,0.4700,0.5000,,,,,mask=0xA7;m=2;r=0
heldout_threecell_0_3_6_m3_r2,candidate,831,1,0.5300,0.5000,,,,,mask=0xA7;m=2;r=1
heldout_threecell_0_3_6_m3_r2,candidate,832,1,0.5310,0.5360,,,,,mask=0xA7;m=3;r=0
heldout_threecell_0_3_6_m3_r2,candidate,833,1,0.5980,0.5800,,,,,mask=0xA7;m=3;r=1
heldout_threecell_0_3_6_m3_r2,candidate,834,1,0.5410,0.5600,,,,,mask=0xA7;m=3;r=2
heldout_threecell_0_3_6_m3_r2,candidate,835,1,0.4970,0.4680,,,,,mask=0xA8;m=2;r=0
heldout_threecell_0_3_6_m3_r2,candidate,836,1,0.5030,0.5320,,,,,mask=0xA8;m=2;r=1
heldout_threecell_0_3_6_m3_r2,candidate,837,1,0.5580,0.5040,,,,,mask=0xA8;m=3;r=0
heldout_threecell_0_3_6_m3_r2,candidate,838,1,0.5400,0.5880,,,,,mask=0xA8;m=3;r=1
heldout_threecell_0_3_6_m3_r2,candidate,839,1,0.5720,0.5840,,,,,mask=0xA8;m=3;r=2
heldout_threecell_0_3_6_m3_r2,candidate,840,1,0.4610,0.4480,,,,,mask=0xA9;m=2;r=0
heldout_threecell_0_3_6_m3_r2,candidate,841,1,0.5390,0.5520,,,,,mask=0xA9;m=2;r=1
heldout_threecell_0_3_6_m3_r2,candidate,842,1,0.5510,0.5520,,,,,mask=0xA9;m=3;r=0
heldout_threecell_0_3_6_m3_r2,candidate,843,1,0.5670,0.5520,,,,,mask=0xA9;m=3;r=1
heldout_threecell_0_3_6_m3_r2,candidate,844,1,0.5520,0.5720,,,,,mask=0xA9;m=3;r=2
heldout_threecell_0_3_6_m3_r2,candidate,845,1,0.4820,0.4500,,,,,mask=0xAA;m=2;r=0
heldout_threecell_0_3_6_m3_r2,candidate,846,1,0.5180,0.5500,,,,,mask=0xAA;m=2;r=1
heldout_threecell_0_3_6_m3_r2,candidate,847,1,0.5310,0.5660,,,,,mask=0xAA;m=3;r=0
heldout_threecell_0_3_6_m3_r2,candidate,848,1,0.5710,0.5640,,,,,mask=0xAA;m=3;r=1
heldout_threecell_0_3_6_m3_r2,candidate,849,1,0.5680,0.5460,,,,,mask=0xAA;m=3;r=2
heldout_threecell_0_3_6_m3_r2,candidate,850,1,0.4640,0.4880,,,,,mask=0xAB;m=2;r=0
heldout_threecell_0_3_6_m3_r2,candidate,851,1,0.5360,0.5120,,,,,mask=0xAB;m=2;r=1
heldout_threecell_0_3_6_m3_r2,candidate,852,1,0.5540,0.5500,,,,,mask=0xAB;m=3;r=0
heldout_threecell_0_3_6_m3_r2,candidate,853,1,0.5750,0.5320,,,,,mask=0xAB;m=3;r=1
heldout_threecell_0_3_6_m3_r2,candidate,854,1,0.5410,0.5940,,,,,mask=0xAB;m=3;r=2
heldout_threecell_0_3_6_m3_r2,candidate,855,1,0.4840,0.4560,,,,,mask=0xAC;m=2;r=0
heldout_threecell_0_3_6_m3_r2,candidate,856,1,0.5160,0.5440,,,,,mask=0xAC;m=2;r=1
heldout_threecell_0_3_6_m3_r2,candidate,857,1,0.5440,0.5280,,,,,mask=0xAC;m=3;r=0
heldout_threecell_0_3_6_m3_r2,candidate,858,1,0.5790,0.5680,,,,,mask=0xAC;m=3;r=1
heldout_threecell_0_3_6_m3_r2,candidate,859,1,0.5470,0.5800,,,,,mask=0xAC;m=3;r=2
heldout_threecell_0_3_6_m3_r2,candidate,860,1,0.4770,0.4720,,,,,mask=0xAD;m=2;r=0
heldout_threecell_0_3_6_m3_r2,candidate,861,1,0.5230,0.5280,,,,,mask=0xAD;m=2;r=1
heldout_threecell_0_3_6_m3_r2,candidate,862,1,0.5340,0.5160,,,,,mask=0xAD;m=3;r=0
heldout_threecell_0_3_6_m3_r2,candidate,863,1,0.5770,0.6060,,,,,mask=0xAD;m=3;r=1
heldout_threecell_0_3_6_m3_r2,candidate,864,1,0.5590,0.5540,,,,,mask=0xAD;m=3;r=2
heldout_threecell_0_3_6_m3_r2,candidate,865,1,0.4930,0.4820,,,,,mask=0xAE;m=2;r=0
heldout_threecell_0_3_6_m3_r2,candidate,866,1,0.5070,0.5180,,,,,mask=0xAE;m=2;r=1
heldout_threecell_0_3_6_m3_r2,candidate,867,1,0.5460,0.5160,,,,,mask=0xAE;m=3;r=0
heldout_threecell_0_3_6_m3_r2,candidate,868,1,0.5560,0.5560,,,,,mask=0xAE;m=3;r=1
heldout_threecell_0_3_6_m3_r2,candidate,869,1,0.5680,0.6040,,,,,mask=0xAE;m=3;r=2
heldout_threecell_0_3_6_m3_r2,candidate,870,1,0.4720,0.4120,,,,,mask=0xAF;m=2;r=0
heldout_threecell_0_3_6_m3_r2,candidate,871,1,0.5280,0.5880,,,,,mask=0xAF;m=2;r=1
heldout_threecell_0_3_6_m3_r2,candidate,872,1,0.5510,0.5460,,,,,mask=0xAF;m=3;r=0
heldout_threecell_0_3_6_m3_r2,candidate,873,1,0.5460,0.5420,,,,,mask=0xAF;m=3;r=1
heldout_threecell_0_3_6_m3_r2,candidate,874,1,0.5730,0.5880,,,,,mask=0xAF;m=3;r=2
heldout_threecell_0_3_6_m3_r2,candidate,875,1,0.4880,0.5060,,,,,mask=0xB0;m=2;r=0
heldout_threecell_0_3_6_m3_r2,candidate,876,1,0.5120,0.4940,,,,,mask=0xB0;m=2;r=1
heldout_threecell_0_3_6_m3_r2,candidate,877,1,0.5480,0.5340,,,,,mask=0xB0;m=3;r=0
heldout_threecell_0_3_6_m3_r2,candidate,878,1,0.5520,0.5620,,,,,mask=0xB0;m=3;r=1
heldout_threecell_0_3_6_m3_r2,candidate,879,1,0.5700,0.5800,,,,,mask=0xB0;m=3;r=2
heldout_threecell_0_3_6_m3_r2,candidate,880,1,0.4800,0.4980,,,,,mask=0xB1;m=2;r=0
heldout_threecell_0_3_6_m3_r2,candidate,881,1,0.5200,0.5020,,,,,mask=0xB1;m=2;r=1
heldout_threecell_0_3_6_m3_r2,candidate,882,1,0.5480,0.5400,,,,,mask=0xB1;m=3;r=0
heldout_threecell_0_3_6_m3_r2,candidate,883,1,0.5730,0.5700,,,,,mask=0xB1;m=3;r=1
heldout_threecell_0_3_6_m3_r2,candidate,884,1,0.5490,0.5660,,,,,mask=0xB1;m=3;r=2
heldout_threecell_0_3_6_m3_r2,candidate,885,1,0.4790,0.4600,,,,,mask=0xB2;m=2;r=0
heldout_threecell_0_3_6_m3_r2,candidate,886,1,0.5210,0.5400,,,,,mask=0xB2;m=2;r=1
heldout_threecell_0_3_6_m3_r2,candidate,887,1,0.5590,0.5380,,,,,mask=0xB2;m=3;r=0
heldout_threecell_0_3_6_m3_r2,candidate,888,1,0.5280,0.5420,,,,,mask=0xB2;m=3;r=1
heldout_threecell_0_3_6_m3_r2,candidate,889,1,0.5830,0.5960,,,,,mask=0xB2;m=3;r=2
heldout_threecell_0_3_6_m3_r2,candidate,890,1,0.4810,0.4780,,,,,mask=0xB3;m=2;r=0
heldout_threecell_0_3_6_m3_r2,candidate,891,1,0.5190,0.5220,,,,,mask=0xB3;m=2;r=1
heldout_threecell_0_3_6_m3_r2,candidate,892,1,0.5460,0.5580,,,,,mask=0xB3;m=3;r=0
heldout_threecell_0_3_6_m3_r2,candidate,893,1,0.5640,0.5600,,,,,mask=0xB3;m=3;r=1
heldout_threecell_0_3_6_m3_r2,candidate,894,1,0.5600,0.5580,,,,,mask=0xB3;m=3;r=2
heldout_threecell_0_3_6_m3_r2,candidate,895,1,0.5040,0.4840,,,,,mask=0xB4;m=2;r=0
heldout_threecell_0_3_6_m3_r2,candidate,896,1,0.4960,0.5160,,,,,mask=0xB4;m=2;r=1
heldout_threecell_0_3_6_m3_r2,candidate,897,1,0.5590,0.5240,,,,,mask=0xB4;m=3;r=0
heldout_threecell_0_3_6_m3_r2,candidate,898,1,0.5400,0.5540,,,,,mask=0xB4;m=3;r=1
heldout_threecell_0_3_6_m3_r2,candidate,899,1,0.5710,0.5980,,,,,mask=0xB4;m=3;r=2
heldout_threecell_0_3_6_m3_r2,candidate,900,1,0.4770,0.4920,,,,,mask=0xB5;m=2;r=0
heldout_threecell_0_3_6_m3_r2,candidate,901,1,0.5230,0.5080,,,,,mask=0xB5;m=2;r=1
heldout_threecell_0_3_6_m3_r2,candidate,902,1,0.5710,0.5380,,,,,mask=0xB5;m=3;r=0
heldout_threecell_0_3_6_m3_r2,candidate,903,1,0.5710,0.5720,,,,,mask=0xB5;m=3;r=1
heldout_threecell_0_3_6_m3_r2,candidate,904,1,0.5280,0.5660,,,,,mask=0xB5;m=3;r=2
heldout_threecell_0_3_6_m3_r2,candidate,905,1,0.4610,0.4820,,,,,mask=0xB6;m=2;r=0
heldout_threecell_0_3_6_m3_r2,candidate,906,1,0.5390,0.5180,,,,,mask=0xB6;m=2;r=1
heldout_threecell_0_3_6_m3_r2,candidate,907,1,0.5310,0.5180,,,,,mask=0xB6;m=3;r=0
heldout_threecell_0_3_6_m3_r2,candidate,908,1,0.5500,0.5920,,,,,mask=0xB6;m=3;r=1
heldout_threecell_0_3_6_m3_r2,candidate,909,1,0.5890,0.5660,,,,,mask=0xB6;m=3;r=2
heldout_threecell_0_3_6_m3_r2,candidate,910,1,0.4740,0.4800,,,,,mask=0xB7;m=2;r=0
heldout_threecell_0_3_6_m3_r2,candidate,911,1,0.5260,0.5200,,,,,mask=0xB7;m=2;r=1
heldout_threecell_0_3_6_m3_r2,candidate,912,1,0.5560,0.5380,,,,,mask=0xB7;m=3;r=0
heldout_threecell_0_3_6_m3_r2,candidate,913,1,0.5530,0.5640,,,,,mask=0xB7;m=3;r=1
heldout_threecell_0_3_6_m3_r2,candidate,914,1,0.5610,0.5740,,,,,mask=0xB7;m=3;r=2
heldout_threecell_0_3_6_m3_r2,candidate,915,1,0.4870,0.5080,,,,,mask=0xB8;m=2;r=0
heldout_threecell_0_3_6_m3_r2,candidate,916,1,0.5130,0.4920,,,,,mask=0xB8;m=2;r=1
heldout_threecell_0_3_6_m3_r2,candidate,917,1,0.5200,0.5640,,,,,mask=0xB8;m=3;r=0
heldout_threecell_0_3_6_m3_r2,candidate,918,1,0.5860,0.5660,,,,,mask=0xB8;m=3;r=1
heldout_threecell_0_3_6_m3_r2,candidate,919,1,0.5640,0.5460,,,,,mask=0xB8;m=3;r=2
heldout_threecell_0_3_6_m3_r2,candidate,920,1,0.4800,0.5060,,,,,mask=0xB9;m=2;r=0
heldout_threecell_0_3_6_m3_r2,candidate,921,1,0.5200,0.4940,,,,,mask=0xB9;m=2;r=1
heldout_threecell_0_3_6_m3_r2,candidate,922,1,0.5640,0.5800,,,,,mask=0xB9;m=3;r=0
heldout_threecell_0_3_6_m3_r2,candidate,923,1,0.5490,0.5600,,,,,mask=0xB9;m=3;r=1
heldout_threecell_0_3_6_m3_r2,candidate,924,1,0.5570,0.5360,,,,,mask=0xB9;m=3;r=2
heldout_threecell_0_3_6_m3_r2,candidate,925,1,0.4640,0.4720,,,,,mask=0xBA;m=2;r=0
heldout_threecell_0_3_6_m3_r2,candidate,926,1,0.5360,0.5280,,,,,mask=0xBA;m=2;r=1
heldout_threecell_0_3_6_m3_r2,candidate,927,1,0.5460,0.5480,,,,,mask=0xBA;m=3;r=0
heldout_threecell_0_3_6_m3_r2,candidate,928,1,0.5710,0.5420,,,,,mask=0xBA;m=3;r=1
heldout_threecell_0_3_6_m3_r2,candidate,929,1,0.5530,0.5860,,,,,mask=0xBA;m=3;r=2
heldout_threecell_0_3_6_m3_r2,candidate,930,1,0.4750,0.4480,,,,,mask=0xBB;m=2;r=0
heldout_threecell_0_3_6_m3_r2,candidate,931,1,0.5250,0.5520,,,,,mask=0xBB;m=2;r=1
heldout_threecell_0_3_6_m3_r2,candidate,932,1,0.5600,0.5280,,,,,mask=0xBB;m=3;r=0
heldout_threecell_0_3_6_m3_r2,candidate,933,1,0.5350,0.5740,,,,,mask=0xBB;m=3;r=1
heldout_threecell_0_3_6_m3_r2,candidate,934,1,0.5750,0.5740,,,,,mask=0xBB;m=3;r=2
heldout_threecell_0_3_6_m3_r2,candidate,935,1,0.4590,0.4680,,,,,mask=0xBC;m=2;r=0
heldout_threecell_0_3_6_m3_r2,candidate,936,1,0.5410,0.5320,,,,,mask=0xBC;m=2;r=1
heldout_threecell_0_3_6_m3_r2,candidate,937,1,0.5470,0.5460,,,,,mask=0xBC;m=3;r=0
heldout_threecell_0_3_6_m3_r2,candidate,938,1,0.5650,0.5580,,,,,mask=0xBC;m=3;r=1
heldout_threecell_0_3_6_m3_r2,candidate,939,1,0.5580,0.5720,,,,,mask=0xBC;m=3;r=2
heldout_threecell_0_3_6_m3_r2,candidate,940,1,0.4690,0.5020,,,,,mask=0xBD;m=2;r=0
heldout_threecell_0_3_6_m3_r2,candidate,941,1,0.5310,0.4980,,,,,mask=0xBD;m=2;r=1
heldout_threecell_0_3_6_m3_r2,candidate,942,1,0.5360,0.5180,,,,,mask=0xBD;m=3;r=0
heldout_threecell_0_3_6_m3_r2,candidate,943,1,0.5550,0.5520,,,,,mask=0xBD;m=3;r=1
heldout_threecell_0_3_6_m3_r2,candidate,944,1,0.5790,0.6060,,,,,mask=0xBD;m=3;r=2
heldout_threecell_0_3_6_m3_r2,candidate,945,1,0.4780,0.4360,,,,,mask=0xBE;m=2;r=0
heldout_threecell_0_3_6_m3_r2,candidate,946,1,0.5220,0.5640,,,,,mask=0xBE;m=2;r=1
heldout_threecell_0_3_6_m3_r2,candidate,947,1,0.5380,0.5400,,,,,mask=0xBE;m=3;r=0
heldout_threecell_0_3_6_m3_r2,candidate,948,1,0.5520,0.5760,,,,,mask=0xBE;m=3;r=1
heldout_threecell_0_3_6_m3_r2,candidate,949,1,0.5800,0.5600,,,,,mask=0xBE;m=3;r=2
heldout_threecell_0_3_6_m3_r2,candidate,950,1,0.4440,0.4680,,,,,mask=0xBF;m=2;r=0
heldout_threecell_0_3_6_m3_r2,candidate,951,1,0.5560,0.5320,,,,,mask=0xBF;m=2;r=1
heldout_threecell_0_3_6_m3_r2,candidate,952,1,0.5340,0.5580,,,,,mask=0xBF;m=3;r=0
heldout_threecell_0_3_6_m3_r2,candidate,953,1,0.5770,0.5340,,,,,mask=0xBF;m=3;r=1
heldout_threecell_0_3_6_m3_r2,candidate,954,1,0.5590,0.5840,,,,,mask=0xBF;m=3;r=2
heldout_threecell_0_3_6_m3_r2,candidate,955,1,0.4590,0.4640,,,,,mask=0xC0;m=2;r=0
heldout_threecell_0_3_6_m3_r2,candidate,956,1,0.5410,0.5360,,,,,mask=0xC0;m=2;r=1
heldout_threecell_0_3_6_m3_r2,candidate,957,1,0.5400,0.5700,,,,,mask=0xC0;m=3;r=0
heldout_threecell_0_3_6_m3_r2,candidate,958,1,0.5610,0.5620,,,,,mask=0xC0;m=3;r=1
heldout_threecell_0_3_6_m3_r2,candidate,959,1,0.5690,0.5440,,,,,mask=0xC0;m=3;r=2
heldout_threecell_0_3_6_m3_r2,candidate,960,1,0.4860,0.4740,,,,,mask=0xC1;m=2;r=0
heldout_threecell_0_3_6_m3_r2,candidate,961,1,0.5140,0.5260,,,,,mask=0xC1;m=2;r=1
heldout_threecell_0_3_6_m3_r2,candidate,962,1,0.5760,0.5580,,,,,mask=0xC1;m=3;r=0
heldout_threecell_0_3_6_m3_r2,candidate,963,1,0.5400,0.5400,,,,,mask=0xC1;m=3;r=1
heldout_threecell_0_3_6_m3_r2,candidate,964,1,0.5540,0.5780,,,,,mask=0xC1;m=3;r=2
heldout_threecell_0_3_6_m3_r2,candidate,965,1,0.4640,0.5300,,,,,mask=0xC2;m=2;r=0
heldout_threecell_0_3_6_m3_r2,candidate,966,1,0.5360,0.4700,,,,,mask=0xC2;m=2;r=1
heldout_threecell_0_3_6_m3_r2,candidate,967,1,0.5450,0.5780,,,,,mask=0xC2;m=3;r=0
heldout_threecell_0_3_6_m3_r2,candidate,968,1,0.5610,0.5420,,,,,mask=0xC2;m=3;r=1
heldout_threecell_0_3_6_m3_r2,candidate,969,1,0.5640,0.5560,,,,,mask=0xC2;m=3;r=2
heldout_threecell_0_3_6_m3_r2,candidate,970,1,0.4790,0.4700,,,,,mask=0xC3;m=2;r=0
heldout_threecell_0_3_6_m3_r2,candidate,971,1,0.5210,0.5300,,,,,mask=0xC3;m=2;r=1
heldout_threecell_0_3_6_m3_r2,candidate,972,1,0.5590,0.5740,,,,,mask=0xC3;m=3;r=0
heldout_threecell_0_3_6_m3_r2,candidate,973,1,0.5490,0.5840,,,,,mask=0xC3;m=3;r=1
heldout_threecell_0_3_6_m3_r2,candidate,974,1,0.5620,0.5180,,,,,mask=0xC3;m=3;r=2
heldout_threecell_0_3_6_m3_r2,candidate,975,1,0.5110,0.5060,,,,,mask=0xC4;m=2;r=0
heldout_threecell_0_3_6_m3_r2,candidate,976,1,0.4890,0.4940,,,,,mask=0xC4;m=2;r=1
heldout_threecell_0_3_6_m3_r2,candidate,977,1,0.5390,0.5260,,,,,mask=0xC4;m=3;r=0
heldout_threecell_0_3_6_m3_r2,candidate,978,1,0.5600,0.5780,,,,,mask=0xC4;m=3;r=1
heldout_threecell_0_3_6_m3_r2,candidate,979,1,0.5710,0.5720,,,,,mask=0xC4;m=3;r=2
heldout_threecell_0_3_6_m3_r2,candidate,980,1,0.4650,0.4840,,,,,mask=0xC5;m=2;r=0
heldout_threecell_0_3_6_m3_r2,candidate,981,1,0.5350,0.5160,,,,,mask=0xC5;m=2;r=1
heldout_threecell_0_3_6_m3_r2,candidate,982,1,0.5440,0.5300,,,,,mask=0xC5;m=3;r=0
heldout_threecell_0_3_6_m3_r2,candidate,983,1,0.5570,0.5680,,,,,mask=0xC5;m=3;r=1
heldout_threecell_0_3_6_m3_r2,candidate,984,1,0.5690,0.5780,,,,,mask=0xC5;m=3;r=2
heldout_threecell_0_3_6_m3_r2,candidate,985,1,0.4820,0.5120,,,,,mask=0xC6;m=2;r=0
heldout_threecell_0_3_6_m3_r2,candidate,986,1,0.5180,0.4880,,,,,mask=0xC6;m=2;r=1
heldout_threecell_0_3_6_m3_r2,candidate,987,1,0.5550,0.5200,,,,,mask=0xC6;m=3;r=0
heldout_threecell_0_3_6_m3_r2,candidate,988,1,0.5660,0.6240,,,,,mask=0xC6;m=3;r=1
heldout_threecell_0_3_6_m3_r2,candidate,989,1,0.5490,0.5320,,,,,mask=0xC6;m=3;r=2
heldout_threecell_0_3_6_m3_r2,candidate,990,1,0.4760,0.5120,,,,,mask=0xC7;m=2;r=0
heldout_threecell_0_3_6_m3_r2,candidate,991,1,0.5240,0.4880,,,,,mask=0xC7;m=2;r=1
heldout_threecell_0_3_6_m3_r2,candidate,992,1,0.5620,0.5620,,,,,mask=0xC7;m=3;r=0
heldout_threecell_0_3_6_m3_r2,candidate,993,1,0.5540,0.5580,,,,,mask=0xC7;m=3;r=1
heldout_threecell_0_3_6_m3_r2,candidate,994,1,0.5540,0.5560,,,,,mask=0xC7;m=3;r=2
heldout_threecell_0_3_6_m3_r2,candidate,995,1,0.4740,0.4900,,,,,mask=0xC8;m=2;r=0
heldout_threecell_0_3_6_m3_r2,candidate,996,1,0.5260,0.5100,,,,,mask=0xC8;m=2;r=1
heldout_threecell_0_3_6_m3_r2,candidate,997,1,0.5530,0.5400,,,,,mask=0xC8;m=3;r=0
heldout_threecell_0_3_6_m3_r2,candidate,998,1,0.5270,0.5440,,,,,mask=0xC8;m=3;r=1
heldout_threecell_0_3_6_m3_r2,candidate,999,1,0.5900,0.5920,,,,,mask=0xC8;m=3;r=2
heldout_threecell_0_3_6_m3_r2,candidate,1000,1,0.4620,0.4260,,,,,mask=0xC9;m=2;r=0
heldout_threecell_0_3_6_m3_r2,candidate,1001,1,0.5380,0.5740,,,,,mask=0xC9;m=2;r=1
heldout_threecell_0_3_6_m3_r2,candidate,1002,1,0.5530,0.5400,,,,,mask=0xC9;m=3;r=0
heldout_threecell_0_3_6_m3_r2,candidate,1003,1,0.5090,0.5100,,,,,mask=0xC9;m=3;r=1
heldout_threecell_0_3_6_m3_r2,candidate,1004,1,0.6080,0.6260,,,,,mask=0xC9;m=3;r=2
heldout_threecell_0_3_6_m3_r2,candidate,1005,1,0.4730,0.4500,,,,,mask=0xCA;m=2;r=0
heldout_threecell_0_3_6_m3_r2,candidate,1006,1,0.5270,0.5500,,,,,mask=0xCA;m=2;r=1
heldout_threecell_0_3_6_m3_r2,candidate,1007,1,0.5420,0.5620,,,,,mask=0xCA;m=3;r=0
heldout_threecell_0_3_6_m3_r2,candidate,1008,1,0.5440,0.5900,,,,,mask=0xCA;m=3;r=1
heldout_threecell_0_3_6_m3_r2,candidate,1009,1,0.5840,0.5240,,,,,mask=0xCA;m=3;r=2
heldout_threecell_0_3_6_m3_r2,candidate,1010,1,0.4710,0.4680,,,,,mask=0xCB;m=2;r=0
heldout_threecell_0_3_6_m3_r2,candidate,1011,1,0.5290,0.5320,,,,,mask=0xCB;m=2;r=1
heldout_threecell_0_3_6_m3_r2,candidate,1012,1,0.5220,0.5400,,,,,mask=0xCB;m=3;r=0
heldout_threecell_0_3_6_m3_r2,candidate,1013,1,0.5490,0.5480,,,,,mask=0xCB;m=3;r=1
heldout_threecell_0_3_6_m3_r2,candidate,1014,1,0.5990,0.5880,,,,,mask=0xCB;m=3;r=2
heldout_threecell_0_3_6_m3_r2,candidate,1015,1,0.4320,0.4700,,,,,mask=0xCC;m=2;r=0
heldout_threecell_0_3_6_m3_r2,candidate,1016,1,0.5680,0.5300,,,,,mask=0xCC;m=2;r=1
heldout_threecell_0_3_6_m3_r2,candidate,1017,1,0.5740,0.5720,,,,,mask=0xCC;m=3;r=0
heldout_threecell_0_3_6_m3_r2,candidate,1018,1,0.5470,0.5600,,,,,mask=0xCC;m=3;r=1
heldout_threecell_0_3_6_m3_r2,candidate,1019,1,0.5490,0.5440,,,,,mask=0xCC;m=3;r=2
heldout_threecell_0_3_6_m3_r2,candidate,1020,1,0.4730,0.4940,,,,,mask=0xCD;m=2;r=0
heldout_threecell_0_3_6_m3_r2,candidate,1021,1,0.5270,0.5060,,,,,mask=0xCD;m=2;r=1
heldout_threecell_0_3_6_m3_r2,candidate,1022,1,0.5170,0.5200,,,,,mask=0xCD;m=3;r=0
heldout_threecell_0_3_6_m3_r2,candidate,1023,1,0.5510,0.5360,,,,,mask=0xCD;m=3;r=1
heldout_threecell_0_3_6_m3_r2,candidate,1024,1,0.6020,0.6200,,,,,mask=0xCD;m=3;r=2
heldout_threecell_0_3_6_m3_r2,candidate,1025,1,0.4690,0.4900,,,,,mask=0xCE;m=2;r=0
heldout_threecell_0_3_6_m3_r2,candidate,1026,1,0.5310,0.5100,,,,,mask=0xCE;m=2;r=1
heldout_threecell_0_3_6_m3_r2,candidate,1027,1,0.5640,0.5860,,,,,mask=0xCE;m=3;r=0
heldout_threecell_0_3_6_m3_r2,candidate,1028,1,0.5750,0.5100,,,,,mask=0xCE;m=3;r=1
heldout_threecell_0_3_6_m3_r2,candidate,1029,1,0.5310,0.5800,,,,,mask=0xCE;m=3;r=2
heldout_threecell_0_3_6_m3_r2,candidate,1030,1,0.4600,0.4400,,,,,mask=0xCF;m=2;r=0
heldout_threecell_0_3_6_m3_r2,candidate,1031,1,0.5400,0.5600,,,,,mask=0xCF;m=2;r=1
heldout_threecell_0_3_6_m3_r2,candidate,1032,1,0.5100,0.5360,,,,,mask=0xCF;m=3;r=0
heldout_threecell_0_3_6_m3_r2,candidate,1033,1,0.5530,0.5740,,,,,mask=0xCF;m=3;r=1
heldout_threecell_0_3_6_m3_r2,candidate,1034,1,0.6070,0.5660,,,,,mask=0xCF;m=3;r=2
heldout_threecell_0_3_6_m3_r2,candidate,1035,1,0.4790,0.4540,,,,,mask=0xD0;m=2;r=0
heldout_threecell_0_3_6_m3_r2,candidate,1036,1,0.5210,0.5460,,,,,mask=0xD0;m=2;r=1
heldout_threecell_0_3_6_m3_r2,candidate,1037,1,0.5700,0.5240,,,,,mask=0xD0;m=3;r=0
heldout_threecell_0_3_6_m3_r2,candidate,1038,1,0.5590,0.5500,,,,,mask=0xD0;m=3;r=1
heldout_threecell_0_3_6_m3_r2,candidate,1039,1,0.5410,0.6020,,,,,mask=0xD0;m=3;r=2
heldout_threecell_0_3_6_m3_r2,candidate,1040,1,0.4550,0.5140,,,,,mask=0xD1;m=2;r=0
heldout_threecell_0_3_6_m3_r2,candidate,1041,1,0.5450,0.4860,,,,,mask=0xD1;m=2;r=1
heldout_threecell_0_3_6_m3_r2,candidate,1042,1,0.5750,0.5580,,,,,mask=0xD1;m=3;r=0
heldout_threecell_0_3_6_m3_r2,candidate,1043,1,0.5540,0.5520,,,,,mask=0xD1;m=3;r=1
heldout_threecell_0_3_6_m3_r2,candidate,1044,1,0.5410,0.5660,,,,,mask=0xD1;m=3;r=2
heldout_threecell_0_3_6_m3_r2,candidate,1045,1,0.4920,0.4460,,,,,mask=0xD2;m=2;r=0
heldout_threecell_0_3_6_m3_r2,candidate,1046,1,0.5080,0.5540,,,,,mask=0xD2;m=2;r=1
heldout_threecell_0_3_6_m3_r2,candidate,1047,1,0.5520,0.5740,,,,,mask=0xD2;m=3;r=0
heldout_threecell_0_3_6_m3_r2,candidate,1048,1,0.5510,0.5780,,,,,mask=0xD2;m=3;r=1
heldout_threecell_0_3_6_m3_r2,candidate,1049,1,0.5670,0.5240,,,,,mask=0xD2;m=3;r=2
heldout_threecell_0_3_6_m3_r2,candidate,1050,1,0.4940,0.4800,,,,,mask=0xD3;m=2;r=0
heldout_threecell_0_3_6_m3_r2,candidate,1051,1,0.5060,0.5200,,,,,mask=0xD3;m=2;r=1
heldout_threecell_0_3_6_m3_r2,candidate,1052,1,0.5490,0.5640,,,,,mask=0xD3;m=3;r=0
heldout_threecell_0_3_6_m3_r2,candidate,1053,1,0.5510,0.5860,,,,,mask=0xD3;m=3;r=1
heldout_threecell_0_3_6_m3_r2,candidate,1054,1,0.5700,0.5260,,,,,mask=0xD3;m=3;r=2
heldout_threecell_0_3_6_m3_r2,candidate,1055,1,0.4960,0.5160,,,,,mask=0xD4;m=2;r=0
heldout_threecell_0_3_6_m3_r2,candidate,1056,1,0.5040,0.4840,,,,,mask=0xD4;m=2;r=1
heldout_threecell_0_3_6_m3_r2,candidate,1057,1,0.5560,0.5340,,,,,mask=0xD4;m=3;r=0
heldout_threecell_0_3_6_m3_r2,candidate,1058,1,0.5550,0.5780,,,,,mask=0xD4;m=3;r=1
heldout_threecell_0_3_6_m3_r2,candidate,1059,1,0.5590,0.5640,,,,,mask=0xD4;m=3;r=2
heldout_threecell_0_3_6_m3_r2,candidate,1060,1,0.4410,0.4800,,,,,mask=0xD5;m=2;r=0
heldout_threecell_0_3_6_m3_r2,candidate,1061,1,0.5590,0.5200,,,,,mask=0xD5;m=2;r=1
heldout_threecell_0_3_6_m3_r2,candidate,1062,1,0.5420,0.5480,,,,,mask=0xD5;m=3;r=0
heldout_threecell_0_3_6_m3_r2,candidate,1063,1,0.5770,0.5680,,,,,mask=0xD5;m=3;r=1
heldout_threecell_0_3_6_m3_r2,candidate,1064,1,0.5510,0.5600,,,,,mask=0xD5;m=3;r=2
heldout_threecell_0_3_6_m3_r2,candidate,1065,1,0.4610,0.5000,,,,,mask=0xD6;m=2;r=0
heldout_threecell_0_3_6_m3_r2,candidate,1066,1,0.5390,0.5000,,,,,mask=0xD6;m=2;r=1
heldout_threecell_0_3_6_m3_r2,candidate,1067,1,0.5680,0.5760,,,,,mask=0xD6;m=3;r=0
heldout_threecell_0_3_6_m3_r2,candidate,1068,1,0.5690,0.5340,,,,,mask=0xD6;m=3;r=1
heldout_threecell_0_3_6_m3_r2,candidate,1069,1,0.5330,0.5660,,,,,mask=0xD6;m=3;r=2
heldout_threecell_0_3_6_m3_r2,candidate,1070,1,0.5020,0.4540,,,,,mask=0xD7;m=2;r=0
heldout_threecell_0_3_6_m3_r2,candidate,1071,1,0.4980,0.5460,,,,,mask=0xD7;m=2;r=1
heldout_threecell_0_3_6_m3_r2,candidate,1072,1,0.5680,0.4860,,,,,mask=0xD7;m=3;r=0
heldout_threecell_0_3_6_m3_r2,candidate,1073,1,0.5490,0.5840,,,,,mask=0xD7;m=3;r=1
heldout_threecell_0_3_6_m3_r2,candidate,1074,1,0.5530,0.6060,,,,,mask=0xD7;m=3;r=2
heldout_threecell_0_3_6_m3_r2,candidate,1075,1,0.4820,0.4680,,,,,mask=0xD8;m=2;r=0
heldout_threecell_0_3_6_m3_r2,candidate,1076,1,0.5180,0.5320,,,,,mask=0xD8;m=2;r=1
heldout_threecell_0_3_6_m3_r2,candidate,1077,1,0.5550,0.5620,,,,,mask=0xD8;m=3;r=0
heldout_threecell_0_3_6_m3_r2,candidate,1078,1,0.5670,0.5560,,,,,mask=0xD8;m=3;r=1
heldout_threecell_0_3_6_m3_r2,candidate,1079,1,0.5480,0.5580,,,,,mask=0xD8;m=3;r=2
heldout_threecell_0_3_6_m3_r2,candidate,1080,1,0.4730,0.4580,,,,,mask=0xD9;m=2;r=0
heldout_threecell_0_3_6_m3_r2,candidate,1081,1,0.5270,0.5420,,,,,mask=0xD9;m=2;r=1
heldout_threecell_0_3_6_m3_r2,candidate,1082,1,0.5300,0.5120,,,,,mask=0xD9;m=3;r=0
heldout_threecell_0_3_6_m3_r2,candidate,1083,1,0.5290,0.5220,,,,,mask=0xD9;m=3;r=1
heldout_threecell_0_3_6_m3_r2,candidate,1084,1,0.6110,0.6420,,,,,mask=0xD9;m=3;r=2
heldout_threecell_0_3_6_m3_r2,candidate,1085,1,0.4570,0.4620,,,,,mask=0xDA;m=2;r=0
heldout_threecell_0_3_6_m3_r2,candidate,1086,1,0.5430,0.5380,,,,,mask=0xDA;m=2;r=1
heldout_threecell_0_3_6_m3_r2,candidate,1087,1,0.5740,0.5680,,,,,mask=0xDA;m=3;r=0
heldout_threecell_0_3_6_m3_r2,candidate,1088,1,0.5540,0.5260,,,,,mask=0xDA;m=3;r=1
heldout_threecell_0_3_6_m3_r2,candidate,1089,1,0.5420,0.5820,,,,,mask=0xDA;m=3;r=2
heldout_threecell_0_3_6_m3_r2,candidate,1090,1,0.4560,0.4420,,,,,mask=0xDB;m=2;r=0
heldout_threecell_0_3_6_m3_r2,candidate,1091,1,0.5440,0.5580,,,,,mask=0xDB;m=2;r=1
heldout_threecell_0_3_6_m3_r2,candidate,1092,1,0.5410,0.5080,,,,,mask=0xDB;m=3;r=0
heldout_threecell_0_3_6_m3_r2,candidate,1093,1,0.5660,0.6040,,,,,mask=0xDB;m=3;r=1
heldout_threecell_0_3_6_m3_r2,candidate,1094,1,0.5630,0.5640,,,,,mask=0xDB;m=3;r=2
heldout_threecell_0_3_6_m3_r2,candidate,1095,1,0.4590,0.5320,,,,,mask=0xDC;m=2;r=0
heldout_threecell_0_3_6_m3_r2,candidate,1096,1,0.5410,0.4680,,,,,mask=0xDC;m=2;r=1
heldout_threecell_0_3_6_m3_r2,candidate,1097,1,0.5500,0.5820,,,,,mask=0xDC;m=3;r=0
heldout_threecell_0_3_6_m3_r2,candidate,1098,1,0.5620,0.5420,,,,,mask=0xDC;m=3;r=1
heldout_threecell_0_3_6_m3_r2,candidate,1099,1,0.5580,0.5520,,,,,mask=0xDC;m=3;r=2
heldout_threecell_0_3_6_m3_r2,candidate,1100,1,0.4670,0.4420,,,,,mask=0xDD;m=2;r=0
heldout_threecell_0_3_6_m3_r2,candidate,1101,1,0.5330,0.5580,,,,,mask=0xDD;m=2;r=1
heldout_threecell_0_3_6_m3_r2,candidate,1102,1,0.5320,0.5080,,,,,mask=0xDD;m=3;r=0
heldout_threecell_0_3_6_m3_r2,candidate,1103,1,0.5770,0.6060,,,,,mask=0xDD;m=3;r=1
heldout_threecell_0_3_6_m3_r2,candidate,1104,1,0.5610,0.5620,,,,,mask=0xDD;m=3;r=2
heldout_threecell_0_3_6_m3_r2,candidate,1105,1,0.4980,0.4500,,,,,mask=0xDE;m=2;r=0
heldout_threecell_0_3_6_m3_r2,candidate,1106,1,0.5020,0.5500,,,,,mask=0xDE;m=2;r=1
heldout_threecell_0_3_6_m3_r2,candidate,1107,1,0.5390,0.5560,,,,,mask=0xDE;m=3;r=0
heldout_threecell_0_3_6_m3_r2,candidate,1108,1,0.5620,0.5660,,,,,mask=0xDE;m=3;r=1
heldout_threecell_0_3_6_m3_r2,candidate,1109,1,0.5690,0.5540,,,,,mask=0xDE;m=3;r=2
heldout_threecell_0_3_6_m3_r2,candidate,1110,1,0.4400,0.4860,,,,,mask=0xDF;m=2;r=0
heldout_threecell_0_3_6_m3_r2,candidate,1111,1,0.5600,0.5140,,,,,mask=0xDF;m=2;r=1
heldout_threecell_0_3_6_m3_r2,candidate,1112,1,0.5370,0.4900,,,,,mask=0xDF;m=3;r=0
heldout_threecell_0_3_6_m3_r2,candidate,1113,1,0.5580,0.5740,,,,,mask=0xDF;m=3;r=1
heldout_threecell_0_3_6_m3_r2,candidate,1114,1,0.5750,0.6120,,,,,mask=0xDF;m=3;r=2
heldout_threecell_0_3_6_m3_r2,candidate,1115,1,0.4930,0.5240,,,,,mask=0xE0;m=2;r=0
heldout_threecell_0_3_6_m3_r2,candidate,1116,1,0.5070,0.4760,,,,,mask=0xE0;m=2;r=1
heldout_threecell_0_3_6_m3_r2,candidate,1117,1,0.5670,0.5760,,,,,mask=0xE0;m=3;r=0
heldout_threecell_0_3_6_m3_r2,candidate,1118,1,0.5510,0.5480,,,,,mask=0xE0;m=3;r=1
heldout_threecell_0_3_6_m3_r2,candidate,1119,1,0.5520,0.5520,,,,,mask=0xE0;m=3;r=2
heldout_threecell_0_3_6_m3_r2,candidate,1120,1,0.4750,0.4800,,,,,mask=0xE1;m=2;r=0
heldout_threecell_0_3_6_m3_r2,candidate,1121,1,0.5250,0.5200,,,,,mask=0xE1;m=2;r=1
heldout_threecell_0_3_6_m3_r2,candidate,1122,1,0.5820,0.5820,,,,,mask=0xE1;m=3;r=0
heldout_threecell_0_3_6_m3_r2,candidate,1123,1,0.5610,0.5520,,,,,mask=0xE1;m=3;r=1
heldout_threecell_0_3_6_m3_r2,candidate,1124,1,0.5270,0.5420,,,,,mask=0xE1;m=3;r=2
heldout_threecell_0_3_6_m3_r2,candidate,1125,1,0.5050,0.4340,,,,,mask=0xE2;m=2;r=0
heldout_threecell_0_3_6_m3_r2,candidate,1126,1,0.4950,0.5660,,,,,mask=0xE2;m=2;r=1
heldout_threecell_0_3_6_m3_r2,candidate,1127,1,0.5590,0.5760,,,,,mask=0xE2;m=3;r=0
heldout_threecell_0_3_6_m3_r2,candidate,1128,1,0.5500,0.5820,,,,,mask=0xE2;m=3;r=1
heldout_threecell_0_3_6_m3_r2,candidate,1129,1,0.5610,0.5180,,,,,mask=0xE2;m=3;r=2
heldout_threecell_0_3_6_m3_r2,candidate,1130,1,0.4710,0.4840,,,,,mask=0xE3;m=2;r=0
heldout_threecell_0_3_6_m3_r2,candidate,1131,1,0.5290,0.5160,,,,,mask=0xE3;m=2;r=1
heldout_threecell_0_3_6_m3_r2,candidate,1132,1,0.5400,0.5860,,,,,mask=0xE3;m=3;r=0
heldout_threecell_0_3_6_m3_r2,candidate,1133,1,0.5840,0.5620,,,,,mask=0xE3;m=3;r=1
heldout_threecell_0_3_6_m3_r2,candidate,1134,1,0.5460,0.5280,,,,,mask=0xE3;m=3;r=2
heldout_threecell_0_3_6_m3_r2,candidate,1135,1,0.4690,0.4880,,,,,mask=0xE4;m=2;r=0
heldout_threecell_0_3_6_m3_r2,candidate,1136,1,0.5310,0.5120,,,,,mask=0xE4;m=2;r=1
heldout_threecell_0_3_6_m3_r2,candidate,1137,1,0.5430,0.5180,,,,,mask=0xE4;m=3;r=0
heldout_threecell_0_3_6_m3_r2,candidate,1138,1,0.5600,0.6120,,,,,mask=0xE4;m=3;r=1
heldout_threecell_0_3_6_m3_r2,candidate,1139,1,0.5670,0.5460,,,,,mask=0xE4;m=3;r=2
heldout_threecell_0_3_6_m3_r2,candidate,1140,1,0.5060,0.4680,,,,,mask=0xE5;m=2;r=0
heldout_threecell_0_3_6_m3_r2,candidate,1141,1,0.4940,0.5320,,,,,mask=0xE5;m=2;r=1
heldout_threecell_0_3_6_m3_r2,candidate,1142,1,0.5500,0.5420,,,,,mask=0xE5;m=3;r=0
heldout_threecell_0_3_6_m3_r2,candidate,1143,1,0.5660,0.5820,,,,,mask=0xE5;m=3;r=1
heldout_threecell_0_3_6_m3_r2,candidate,1144,1,0.5540,0.5520,,,,,mask=0xE5;m=3;r=2
heldout_threecell_0_3_6_m3_r2,candidate,1145,1,0.4410,0.5180,,,,,mask=0xE6;m=2;r=0
heldout_threecell_0_3_6_m3_r2,candidate,1146,1,0.5590,0.4820,,,,,mask=0xE6;m=2;r=1
heldout_threecell_0_3_6_m3_r2,candidate,1147,1,0.5500,0.5520,,,,,mask=0xE6;m=3;r=0
heldout_threecell_0_3_6_m3_r2,candidate,1148,1,0.5780,0.5560,,,,,mask=0xE6;m=3;r=1
heldout_threecell_0_3_6_m3_r2,candidate,1149,1,0.5420,0.5680,,,,,mask=0xE6;m=3;r=2
heldout_threecell_0_3_6_m3_r2,candidate,1150,1,0.4720,0.5040,,,,,mask=0xE7;m=2;r=0
heldout_threecell_0_3_6_m3_r2,candidate,1151,1,0.5280,0.4960,,,,,mask=0xE7;m=2;r=1
heldout_threecell_0_3_6_m3_r2,candidate,1152,1,0.5440,0.5040,,,,,mask=0xE7;m=3;r=0
heldout_threecell_0_3_6_m3_r2,candidate,1153,1,0.5480,0.6000,,,,,mask=0xE7;m=3;r=1
heldout_threecell_0_3_6_m3_r2,candidate,1154,1,0.5780,0.5720,,,,,mask=0xE7;m=3;r=2
heldout_threecell_0_3_6_m3_r2,candidate,1155,1,0.4850,0.4700,,,,,mask=0xE8;m=2;r=0
heldout_threecell_0_3_6_m3_r2,candidate,1156,1,0.5150,0.5300,,,,,mask=0xE8;m=2;r=1
heldout_threecell_0_3_6_m3_r2,candidate,1157,1,0.5460,0.6060,,,,,mask=0xE8;m=3;r=0
heldout_threecell_0_3_6_m3_r2,candidate,1158,1,0.5540,0.5400,,,,,mask=0xE8;m=3;r=1
heldout_threecell_0_3_6_m3_r2,candidate,1159,1,0.5700,0.5300,,,,,mask=0xE8;m=3;r=2
heldout_threecell_0_3_6_m3_r2,candidate,1160,1,0.4760,0.4520,,,,,mask=0xE9;m=2;r=0
heldout_threecell_0_3_6_m3_r2,candidate,1161,1,0.5240,0.5480,,,,,mask=0xE9;m=2;r=1
heldout_threecell_0_3_6_m3_r2,candidate,1162,1,0.5350,0.5200,,,,,mask=0xE9;m=3;r=0
heldout_threecell_0_3_6_m3_r2,candidate,1163,1,0.5560,0.5540,,,,,mask=0xE9;m=3;r=1
heldout_threecell_0_3_6_m3_r2,candidate,1164,1,0.5790,0.6020,,,,,mask=0xE9;m=3;r=2
heldout_threecell_0_3_6_m3_r2,candidate,1165,1,0.4870,0.4940,,,,,mask=0xEA;m=2;r=0
heldout_threecell_0_3_6_m3_r2,candidate,1166,1,0.5130,0.5060,,,,,mask=0xEA;m=2;r=1
heldout_threecell_0_3_6_m3_r2,candidate,1167,1,0.5620,0.5820,,,,,mask=0xEA;m=3;r=0
heldout_threecell_0_3_6_m3_r2,candidate,1168,1,0.5560,0.5780,,,,,mask=0xEA;m=3;r=1
heldout_threecell_0_3_6_m3_r2,candidate,1169,1,0.5520,0.5160,,,,,mask=0xEA;m=3;r=2
heldout_threecell_0_3_6_m3_r2,candidate,1170,1,0.4740,0.4340,,,,,mask=0xEB;m=2;r=0
heldout_threecell_0_3_6_m3_r2,candidate,1171,1,0.5260,0.5660,,,,,mask=0xEB;m=2;r=1
heldout_threecell_0_3_6_m3_r2,candidate,1172,1,0.5180,0.5160,,,,,mask=0xEB;m=3;r=0
heldout_threecell_0_3_6_m3_r2,candidate,1173,1,0.5560,0.5540,,,,,mask=0xEB;m=3;r=1
heldout_threecell_0_3_6_m3_r2,candidate,1174,1,0.5960,0.6060,,,,,mask=0xEB;m=3;r=2
heldout_threecell_0_3_6_m3_r2,candidate,1175,1,0.4830,0.4880,,,,,mask=0xEC;m=2;r=0
heldout_threecell_0_3_6_m3_r2,candidate,1176,1,0.5170,0.5120,,,,,mask=0xEC;m=2;r=1
heldout_threecell_0_3_6_m3_r2,candidate,1177,1,0.5680,0.5620,,,,,mask=0xEC;m=3;r=0
heldout_threecell_0_3_6_m3_r2,candidate,1178,1,0.5540,0.5600,,,,,mask=0xEC;m=3;r=1
heldout_threecell_0_3_6_m3_r2,candidate,1179,1,0.5480,0.5540,,,,,mask=0xEC;m=3;r=2
heldout_threecell_0_3_6_m3_r2,candidate,1180,1,0.4390,0.4140,,,,,mask=0xED;m=2;r=0
heldout_threecell_0_3_6_m3_r2,candidate,1181,1,0.5610,0.5860,,,,,mask=0xED;m=2;r=1
heldout_threecell_0_3_6_m3_r2,candidate,1182,1,0.5210,0.4520,,,,,mask=0xED;m=3;r=0
heldout_threecell_0_3_6_m3_r2,candidate,1183,1,0.5660,0.6000,,,,,mask=0xED;m=3;r=1
heldout_threecell_0_3_6_m3_r2,candidate,1184,1,0.5830,0.6240,,,,,mask=0xED;m=3;r=2
heldout_threecell_0_3_6_m3_r2,candidate,1185,1,0.4670,0.5000,,,,,mask=0xEE;m=2;r=0
heldout_threecell_0_3_6_m3_r2,candidate,1186,1,0.5330,0.5000,,,,,mask=0xEE;m=2;r=1
heldout_threecell_0_3_6_m3_r2,candidate,1187,1,0.5360,0.5460,,,,,mask=0xEE;m=3;r=0
heldout_threecell_0_3_6_m3_r2,candidate,1188,1,0.5600,0.5600,,,,,mask=0xEE;m=3;r=1
heldout_threecell_0_3_6_m3_r2,candidate,1189,1,0.5740,0.5700,,,,,mask=0xEE;m=3;r=2
heldout_threecell_0_3_6_m3_r2,candidate,1190,1,0.4610,0.4880,,,,,mask=0xEF;m=2;r=0
heldout_threecell_0_3_6_m3_r2,candidate,1191,1,0.5390,0.5120,,,,,mask=0xEF;m=2;r=1
heldout_threecell_0_3_6_m3_r2,candidate,1192,1,0.5240,0.5060,,,,,mask=0xEF;m=3;r=0
heldout_threecell_0_3_6_m3_r2,candidate,1193,1,0.5750,0.5820,,,,,mask=0xEF;m=3;r=1
heldout_threecell_0_3_6_m3_r2,candidate,1194,1,0.5710,0.5880,,,,,mask=0xEF;m=3;r=2
heldout_threecell_0_3_6_m3_r2,candidate,1195,1,0.4960,0.4800,,,,,mask=0xF0;m=2;r=0
heldout_threecell_0_3_6_m3_r2,candidate,1196,1,0.5040,0.5200,,,,,mask=0xF0;m=2;r=1
heldout_threecell_0_3_6_m3_r2,candidate,1197,1,0.5470,0.5720,,,,,mask=0xF0;m=3;r=0
heldout_threecell_0_3_6_m3_r2,candidate,1198,1,0.5670,0.5740,,,,,mask=0xF0;m=3;r=1
heldout_threecell_0_3_6_m3_r2,candidate,1199,1,0.5560,0.5300,,,,,mask=0xF0;m=3;r=2
heldout_threecell_0_3_6_m3_r2,candidate,1200,1,0.4990,0.4980,,,,,mask=0xF1;m=2;r=0
heldout_threecell_0_3_6_m3_r2,candidate,1201,1,0.5010,0.5020,,,,,mask=0xF1;m=2;r=1
heldout_threecell_0_3_6_m3_r2,candidate,1202,1,0.5590,0.5520,,,,,mask=0xF1;m=3;r=0
heldout_threecell_0_3_6_m3_r2,candidate,1203,1,0.5640,0.5660,,,,,mask=0xF1;m=3;r=1
heldout_threecell_0_3_6_m3_r2,candidate,1204,1,0.5470,0.5580,,,,,mask=0xF1;m=3;r=2
heldout_threecell_0_3_6_m3_r2,candidate,1205,1,0.4560,0.5280,,,,,mask=0xF2;m=2;r=0
heldout_threecell_0_3_6_m3_r2,candidate,1206,1,0.5440,0.4720,,,,,mask=0xF2;m=2;r=1
heldout_threecell_0_3_6_m3_r2,candidate,1207,1,0.5470,0.5940,,,,,mask=0xF2;m=3;r=0
heldout_threecell_0_3_6_m3_r2,candidate,1208,1,0.5740,0.5280,,,,,mask=0xF2;m=3;r=1
heldout_threecell_0_3_6_m3_r2,candidate,1209,1,0.5490,0.5540,,,,,mask=0xF2;m=3;r=2
heldout_threecell_0_3_6_m3_r2,candidate,1210,1,0.4470,0.4920,,,,,mask=0xF3;m=2;r=0
heldout_threecell_0_3_6_m3_r2,candidate,1211,1,0.5530,0.5080,,,,,mask=0xF3;m=2;r=1
heldout_threecell_0_3_6_m3_r2,candidate,1212,1,0.5490,0.5540,,,,,mask=0xF3;m=3;r=0
heldout_threecell_0_3_6_m3_r2,candidate,1213,1,0.5350,0.5500,,,,,mask=0xF3;m=3;r=1
heldout_threecell_0_3_6_m3_r2,candidate,1214,1,0.5860,0.5720,,,,,mask=0xF3;m=3;r=2
heldout_threecell_0_3_6_m3_r2,candidate,1215,1,0.4770,0.4880,,,,,mask=0xF4;m=2;r=0
heldout_threecell_0_3_6_m3_r2,candidate,1216,1,0.5230,0.5120,,,,,mask=0xF4;m=2;r=1
heldout_threecell_0_3_6_m3_r2,candidate,1217,1,0.5440,0.5640,,,,,mask=0xF4;m=3;r=0
heldout_threecell_0_3_6_m3_r2,candidate,1218,1,0.5800,0.5500,,,,,mask=0xF4;m=3;r=1
heldout_threecell_0_3_6_m3_r2,candidate,1219,1,0.5460,0.5620,,,,,mask=0xF4;m=3;r=2
heldout_threecell_0_3_6_m3_r2,candidate,1220,1,0.4670,0.4780,,,,,mask=0xF5;m=2;r=0
heldout_threecell_0_3_6_m3_r2,candidate,1221,1,0.5330,0.5220,,,,,mask=0xF5;m=2;r=1
heldout_threecell_0_3_6_m3_r2,candidate,1222,1,0.5550,0.5280,,,,,mask=0xF5;m=3;r=0
heldout_threecell_0_3_6_m3_r2,candidate,1223,1,0.5410,0.5760,,,,,mask=0xF5;m=3;r=1
heldout_threecell_0_3_6_m3_r2,candidate,1224,1,0.5740,0.5720,,,,,mask=0xF5;m=3;r=2
heldout_threecell_0_3_6_m3_r2,candidate,1225,1,0.4550,0.4680,,,,,mask=0xF6;m=2;r=0
heldout_threecell_0_3_6_m3_r2,candidate,1226,1,0.5450,0.5320,,,,,mask=0xF6;m=2;r=1
heldout_threecell_0_3_6_m3_r2,candidate,1227,1,0.5610,0.5340,,,,,mask=0xF6;m=3;r=0
heldout_threecell_0_3_6_m3_r2,candidate,1228,1,0.5450,0.5860,,,,,mask=0xF6;m=3;r=1
heldout_threecell_0_3_6_m3_r2,candidate,1229,1,0.5640,0.5560,,,,,mask=0xF6;m=3;r=2
heldout_threecell_0_3_6_m3_r2,candidate,1230,1,0.4570,0.4720,,,,,mask=0xF7;m=2;r=0
heldout_threecell_0_3_6_m3_r2,candidate,1231,1,0.5430,0.5280,,,,,mask=0xF7;m=2;r=1
heldout_threecell_0_3_6_m3_r2,candidate,1232,1,0.5360,0.4800,,,,,mask=0xF7;m=3;r=0
heldout_threecell_0_3_6_m3_r2,candidate,1233,1,0.5700,0.5660,,,,,mask=0xF7;m=3;r=1
heldout_threecell_0_3_6_m3_r2,candidate,1234,1,0.5640,0.6300,,,,,mask=0xF7;m=3;r=2
heldout_threecell_0_3_6_m3_r2,candidate,1235,1,0.4880,0.4740,,,,,mask=0xF8;m=2;r=0
heldout_threecell_0_3_6_m3_r2,candidate,1236,1,0.5120,0.5260,,,,,mask=0xF8;m=2;r=1
heldout_threecell_0_3_6_m3_r2,candidate,1237,1,0.5390,0.5780,,,,,mask=0xF8;m=3;r=0
heldout_threecell_0_3_6_m3_r2,candidate,1238,1,0.5570,0.5460,,,,,mask=0xF8;m=3;r=1
heldout_threecell_0_3_6_m3_r2,candidate,1239,1,0.5740,0.5520,,,,,mask=0xF8;m=3;r=2
heldout_threecell_0_3_6_m3_r2,candidate,1240,1,0.4500,0.4220,,,,,mask=0xF9;m=2;r=0
heldout_threecell_0_3_6_m3_r2,candidate,1241,1,0.5500,0.5780,,,,,mask=0xF9;m=2;r=1
heldout_threecell_0_3_6_m3_r2,candidate,1242,1,0.5100,0.4800,,,,,mask=0xF9;m=3;r=0
heldout_threecell_0_3_6_m3_r2,candidate,1243,1,0.5610,0.5860,,,,,mask=0xF9;m=3;r=1
heldout_threecell_0_3_6_m3_r2,candidate,1244,1,0.5990,0.6100,,,,,mask=0xF9;m=3;r=2
heldout_threecell_0_3_6_m3_r2,candidate,1245,1,0.4600,0.4800,,,,,mask=0xFA;m=2;r=0
heldout_threecell_0_3_6_m3_r2,candidate,1246,1,0.5400,0.5200,,,,,mask=0xFA;m=2;r=1
heldout_threecell_0_3_6_m3_r2,candidate,1247,1,0.5650,0.5400,,,,,mask=0xFA;m=3;r=0
heldout_threecell_0_3_6_m3_r2,candidate,1248,1,0.5540,0.5400,,,,,mask=0xFA;m=3;r=1
heldout_threecell_0_3_6_m3_r2,candidate,1249,1,0.5510,0.5960,,,,,mask=0xFA;m=3;r=2
heldout_threecell_0_3_6_m3_r2,candidate,1250,1,0.4460,0.4540,,,,,mask=0xFB;m=2;r=0
heldout_threecell_0_3_6_m3_r2,candidate,1251,1,0.5540,0.5460,,,,,mask=0xFB;m=2;r=1
heldout_threecell_0_3_6_m3_r2,candidate,1252,1,0.5340,0.5200,,,,,mask=0xFB;m=3;r=0
heldout_threecell_0_3_6_m3_r2,candidate,1253,1,0.5630,0.5640,,,,,mask=0xFB;m=3;r=1
heldout_threecell_0_3_6_m3_r2,candidate,1254,1,0.5730,0.5920,,,,,mask=0xFB;m=3;r=2
heldout_threecell_0_3_6_m3_r2,candidate,1255,1,0.4410,0.4280,,,,,mask=0xFC;m=2;r=0
heldout_threecell_0_3_6_m3_r2,candidate,1256,1,0.5590,0.5720,,,,,mask=0xFC;m=2;r=1
heldout_threecell_0_3_6_m3_r2,candidate,1257,1,0.5460,0.5300,,,,,mask=0xFC;m=3;r=0
heldout_threecell_0_3_6_m3_r2,candidate,1258,1,0.5790,0.5800,,,,,mask=0xFC;m=3;r=1
heldout_threecell_0_3_6_m3_r2,candidate,1259,1,0.5450,0.5660,,,,,mask=0xFC;m=3;r=2
heldout_threecell_0_3_6_m3_r2,candidate,1260,1,0.4860,0.4600,,,,,mask=0xFD;m=2;r=0
heldout_threecell_0_3_6_m3_r2,candidate,1261,1,0.5140,0.5400,,,,,mask=0xFD;m=2;r=1
heldout_threecell_0_3_6_m3_r2,candidate,1262,1,0.5370,0.5100,,,,,mask=0xFD;m=3;r=0
heldout_threecell_0_3_6_m3_r2,candidate,1263,1,0.5440,0.5500,,,,,mask=0xFD;m=3;r=1
heldout_threecell_0_3_6_m3_r2,candidate,1264,1,0.5890,0.6160,,,,,mask=0xFD;m=3;r=2
heldout_threecell_0_3_6_m3_r2,candidate,1265,1,0.4530,0.4700,,,,,mask=0xFE;m=2;r=0
heldout_threecell_0_3_6_m3_r2,candidate,1266,1,0.5470,0.5300,,,,,mask=0xFE;m=2;r=1
heldout_threecell_0_3_6_m3_r2,candidate,1267,1,0.5120,0.5280,,,,,mask=0xFE;m=3;r=0
heldout_threecell_0_3_6_m3_r2,candidate,1268,1,0.5650,0.5580,,,,,mask=0xFE;m=3;r=1
heldout_threecell_0_3_6_m3_r2,candidate,1269,1,0.5930,0.5900,,,,,mask=0xFE;m=3;r=2
heldout_threecell_0_3_6_m3_r2,random_trial,0,1270,,0.5980,,,,,max_validation=1.0000
heldout_threecell_0_3_6_m3_r2,random_trial,1,1270,,0.5980,,,,,max_validation=1.0000
heldout_threecell_0_3_6_m3_r2,random_trial,2,1270,,0.5980,,,,,max_validation=0.6460
heldout_threecell_0_3_6_m3_r2,random_trial,3,1270,,0.5980,,,,,max_validation=1.0000
heldout_threecell_0_3_6_m3_r2,random_trial,4,1270,,0.5980,,,,,max_validation=0.6420
heldout_threecell_0_3_6_m3_r2,random_trial,5,1270,,0.5980,,,,,max_validation=1.0000
heldout_threecell_0_3_6_m3_r2,random_trial,6,1270,,0.5980,,,,,max_validation=1.0000
heldout_threecell_0_3_6_m3_r2,random_trial,7,1270,,0.5980,,,,,max_validation=1.0000
heldout_threecell_0_3_6_m3_r2,random_trial,8,1270,,0.5980,,,,,max_validation=0.6420
heldout_threecell_0_3_6_m3_r2,random_trial,9,1270,,0.5980,,,,,max_validation=1.0000
heldout_threecell_0_3_6_m3_r2,random_trial,10,1270,,0.5980,,,,,max_validation=1.0000
heldout_threecell_0_3_6_m3_r2,random_trial,11,1270,,0.5980,,,,,max_validation=1.0000
heldout_threecell_0_3_6_m3_r2,random_trial,12,1270,,0.5980,,,,,max_validation=0.6420
heldout_threecell_0_3_6_m3_r2,random_trial,13,1270,,0.5980,,,,,max_validation=0.6460
heldout_threecell_0_3_6_m3_r2,random_trial,14,1270,,0.5980,,,,,max_validation=1.0000
heldout_threecell_0_3_6_m3_r2,random_trial,15,1270,,0.5980,,,,,max_validation=1.0000
heldout_threecell_0_3_6_m3_r2,random_trial,16,1270,,0.5980,,,,,max_validation=0.6460
heldout_threecell_0_3_6_m3_r2,random_trial,17,1270,,0.5980,,,,,max_validation=1.0000
heldout_threecell_0_3_6_m3_r2,random_trial,18,1270,,0.5980,,,,,max_validation=1.0000
heldout_threecell_0_3_6_m3_r2,random_trial,19,1270,,0.5980,,,,,max_validation=1.0000
heldout_threecell_0_3_6_m3_r2,random_trial,20,1270,,0.5980,,,,,max_validation=0.6460
heldout_threecell_0_3_6_m3_r2,random_trial,21,1270,,0.5980,,,,,max_validation=1.0000
heldout_threecell_0_3_6_m3_r2,random_trial,22,1270,,0.5980,,,,,max_validation=0.6420
heldout_threecell_0_3_6_m3_r2,random_trial,23,1270,,0.5980,,,,,max_validation=0.6420
heldout_threecell_0_3_6_m3_r2,random_trial,24,1270,,0.5980,,,,,max_validation=1.0000
heldout_threecell_0_3_6_m3_r2,random_trial,25,1270,,0.5980,,,,,max_validation=1.0000
heldout_threecell_0_3_6_m3_r2,random_trial,26,1270,,0.5980,,,,,max_validation=0.6340
heldout_threecell_0_3_6_m3_r2,random_trial,27,1270,,0.5980,,,,,max_validation=1.0000
heldout_threecell_0_3_6_m3_r2,random_trial,28,1270,,0.5980,,,,,max_validation=1.0000
heldout_threecell_0_3_6_m3_r2,random_trial,29,1270,,0.5980,,,,,max_validation=0.6420
heldout_threecell_0_3_6_m3_r2,random_trial,30,1270,,0.5980,,,,,max_validation=0.6460
heldout_threecell_0_3_6_m3_r2,random_trial,31,1270,,0.5980,,,,,max_validation=1.0000
heldout_threecell_0_3_6_m3_r2,random_trial,32,1270,,0.5980,,,,,max_validation=1.0000
heldout_threecell_0_3_6_m3_r2,random_trial,33,1270,,0.5980,,,,,max_validation=1.0000
heldout_threecell_0_3_6_m3_r2,random_trial,34,1270,,0.5980,,,,,max_validation=1.0000
heldout_threecell_0_3_6_m3_r2,random_trial,35,1270,,0.5980,,,,,max_validation=0.6460
heldout_threecell_0_3_6_m3_r2,random_trial,36,1270,,0.5980,,,,,max_validation=1.0000
heldout_threecell_0_3_6_m3_r2,random_trial,37,1270,,0.5980,,,,,max_validation=1.0000
heldout_threecell_0_3_6_m3_r2,random_trial,38,1270,,0.5980,,,,,max_validation=1.0000
heldout_threecell_0_3_6_m3_r2,random_trial,39,1270,,0.5980,,,,,max_validation=1.0000
heldout_threecell_0_3_6_m3_r2,random_trial,40,1270,,0.5980,,,,,max_validation=0.6460
heldout_threecell_0_3_6_m3_r2,random_trial,41,1270,,0.5980,,,,,max_validation=0.6420
heldout_threecell_0_3_6_m3_r2,random_trial,42,1270,,0.5980,,,,,max_validation=0.6420
heldout_threecell_0_3_6_m3_r2,random_trial,43,1270,,0.5980,,,,,max_validation=1.0000
heldout_threecell_0_3_6_m3_r2,random_trial,44,1270,,0.5980,,,,,max_validation=1.0000
heldout_threecell_0_3_6_m3_r2,random_trial,45,1270,,0.5980,,,,,max_validation=0.6460
heldout_threecell_0_3_6_m3_r2,random_trial,46,1270,,0.5980,,,,,max_validation=1.0000
heldout_threecell_0_3_6_m3_r2,random_trial,47,1270,,0.5980,,,,,max_validation=1.0000
heldout_threecell_0_3_6_m3_r2,random_trial,48,1270,,0.5980,,,,,max_validation=0.6460
heldout_threecell_0_3_6_m3_r2,random_trial,49,1270,,0.5980,,,,,max_validation=1.0000
heldout_threecell_0_3_6_m3_r2,random_trial,50,1270,,0.5980,,,,,max_validation=1.0000
heldout_threecell_0_3_6_m3_r2,random_trial,51,1270,,0.5980,,,,,max_validation=1.0000
heldout_threecell_0_3_6_m3_r2,random_trial,52,1270,,0.5980,,,,,max_validation=0.6460
heldout_threecell_0_3_6_m3_r2,random_trial,53,1270,,0.5980,,,,,max_validation=1.0000
heldout_threecell_0_3_6_m3_r2,random_trial,54,1270,,0.5980,,,,,max_validation=1.0000
heldout_threecell_0_3_6_m3_r2,random_trial,55,1270,,0.5980,,,,,max_validation=0.6460
heldout_threecell_0_3_6_m3_r2,random_trial,56,1270,,0.5980,,,,,max_validation=0.6460
heldout_threecell_0_3_6_m3_r2,random_trial,57,1270,,0.5980,,,,,max_validation=1.0000
heldout_threecell_0_3_6_m3_r2,random_trial,58,1270,,0.5980,,,,,max_validation=1.0000
heldout_threecell_0_3_6_m3_r2,random_trial,59,1270,,0.5980,,,,,max_validation=1.0000
heldout_threecell_0_3_6_m3_r2,random_trial,60,1270,,0.5980,,,,,max_validation=0.6420
heldout_threecell_0_3_6_m3_r2,random_trial,61,1270,,0.5980,,,,,max_validation=1.0000
heldout_threecell_0_3_6_m3_r2,random_trial,62,1270,,0.5980,,,,,max_validation=1.0000
heldout_threecell_0_3_6_m3_r2,random_trial,63,1270,,0.5980,,,,,max_validation=1.0000
heldout_threecell_0_3_6_m3_r2,random_trial,64,1270,,0.5980,,,,,max_validation=1.0000
heldout_threecell_0_3_6_m3_r2,random_trial,65,1270,,0.5980,,,,,max_validation=1.0000
heldout_threecell_0_3_6_m3_r2,random_trial,66,1270,,0.5980,,,,,max_validation=1.0000
heldout_threecell_0_3_6_m3_r2,random_trial,67,1270,,0.5980,,,,,max_validation=1.0000
heldout_threecell_0_3_6_m3_r2,random_trial,68,1270,,0.5980,,,,,max_validation=1.0000
heldout_threecell_0_3_6_m3_r2,random_trial,69,1270,,0.5980,,,,,max_validation=0.6460
heldout_threecell_0_3_6_m3_r2,random_trial,70,1270,,0.5980,,,,,max_validation=0.6460
heldout_threecell_0_3_6_m3_r2,random_trial,71,1270,,0.5980,,,,,max_validation=0.6460
heldout_threecell_0_3_6_m3_r2,random_trial,72,1270,,0.5980,,,,,max_validation=1.0000
heldout_threecell_0_3_6_m3_r2,random_trial,73,1270,,0.5980,,,,,max_validation=1.0000
heldout_threecell_0_3_6_m3_r2,random_trial,74,1270,,0.5980,,,,,max_validation=0.6460
heldout_threecell_0_3_6_m3_r2,random_trial,75,1270,,0.5980,,,,,max_validation=1.0000
heldout_threecell_0_3_6_m3_r2,random_trial,76,1270,,0.5980,,,,,max_validation=1.0000
heldout_threecell_0_3_6_m3_r2,random_trial,77,1270,,0.5980,,,,,max_validation=1.0000
heldout_threecell_0_3_6_m3_r2,random_trial,78,1270,,0.5980,,,,,max_validation=1.0000
heldout_threecell_0_3_6_m3_r2,random_trial,79,1270,,0.5980,,,,,max_validation=1.0000
heldout_threecell_0_3_6_m3_r2,random_trial,80,1270,,0.5980,,,,,max_validation=1.0000
heldout_threecell_0_3_6_m3_r2,random_trial,81,1270,,0.5980,,,,,max_validation=1.0000
heldout_threecell_0_3_6_m3_r2,random_trial,82,1270,,0.5980,,,,,max_validation=1.0000
heldout_threecell_0_3_6_m3_r2,random_trial,83,1270,,0.5980,,,,,max_validation=1.0000
heldout_threecell_0_3_6_m3_r2,random_trial,84,1270,,0.5980,,,,,max_validation=0.6420
heldout_threecell_0_3_6_m3_r2,random_trial,85,1270,,0.5980,,,,,max_validation=1.0000
heldout_threecell_0_3_6_m3_r2,random_trial,86,1270,,0.5980,,,,,max_validation=1.0000
heldout_threecell_0_3_6_m3_r2,random_trial,87,1270,,0.5980,,,,,max_validation=0.6340
heldout_threecell_0_3_6_m3_r2,random_trial,88,1270,,0.5980,,,,,max_validation=1.0000
heldout_threecell_0_3_6_m3_r2,random_trial,89,1270,,0.5980,,,,,max_validation=1.0000
heldout_threecell_0_3_6_m3_r2,random_trial,90,1270,,0.5980,,,,,max_validation=1.0000
heldout_threecell_0_3_6_m3_r2,random_trial,91,1270,,0.5980,,,,,max_validation=1.0000
heldout_threecell_0_3_6_m3_r2,random_trial,92,1270,,0.5980,,,,,max_validation=1.0000
heldout_threecell_0_3_6_m3_r2,random_trial,93,1270,,0.5980,,,,,max_validation=1.0000
heldout_threecell_0_3_6_m3_r2,random_trial,94,1270,,0.5980,,,,,max_validation=1.0000
heldout_threecell_0_3_6_m3_r2,random_trial,95,1270,,0.5980,,,,,max_validation=0.6460
heldout_threecell_0_3_6_m3_r2,random_trial,96,1270,,0.5980,,,,,max_validation=1.0000
heldout_threecell_0_3_6_m3_r2,random_trial,97,1270,,0.5980,,,,,max_validation=0.6460
heldout_threecell_0_3_6_m3_r2,random_trial,98,1270,,0.5980,,,,,max_validation=0.6420
heldout_threecell_0_3_6_m3_r2,random_trial,99,1270,,0.5980,,,,,max_validation=1.0000
heldout_threecell_0_3_6_m3_r2,random_trial,100,1270,,0.5980,,,,,max_validation=1.0000
heldout_threecell_0_3_6_m3_r2,random_trial,101,1270,,0.5980,,,,,max_validation=1.0000
heldout_threecell_0_3_6_m3_r2,random_trial,102,1270,,0.5980,,,,,max_validation=0.6420
heldout_threecell_0_3_6_m3_r2,random_trial,103,1270,,0.5980,,,,,max_validation=1.0000
heldout_threecell_0_3_6_m3_r2,random_trial,104,1270,,0.5980,,,,,max_validation=1.0000
heldout_threecell_0_3_6_m3_r2,random_trial,105,1270,,0.5980,,,,,max_validation=1.0000
heldout_threecell_0_3_6_m3_r2,random_trial,106,1270,,0.5980,,,,,max_validation=0.6420
heldout_threecell_0_3_6_m3_r2,random_trial,107,1270,,0.5980,,,,,max_validation=1.0000
heldout_threecell_0_3_6_m3_r2,random_trial,108,1270,,0.5980,,,,,max_validation=1.0000
heldout_threecell_0_3_6_m3_r2,random_trial,109,1270,,0.5980,,,,,max_validation=1.0000
heldout_threecell_0_3_6_m3_r2,random_trial,110,1270,,0.5980,,,,,max_validation=1.0000
heldout_threecell_0_3_6_m3_r2,random_trial,111,1270,,0.5980,,,,,max_validation=1.0000
heldout_threecell_0_3_6_m3_r2,random_trial,112,1270,,0.5980,,,,,max_validation=0.6460
heldout_threecell_0_3_6_m3_r2,random_trial,113,1270,,0.5980,,,,,max_validation=1.0000
heldout_threecell_0_3_6_m3_r2,random_trial,114,1270,,0.5980,,,,,max_validation=1.0000
heldout_threecell_0_3_6_m3_r2,random_trial,115,1270,,0.5980,,,,,max_validation=1.0000
heldout_threecell_0_3_6_m3_r2,random_trial,116,1270,,0.5980,,,,,max_validation=1.0000
heldout_threecell_0_3_6_m3_r2,random_trial,117,1270,,0.5980,,,,,max_validation=1.0000
heldout_threecell_0_3_6_m3_r2,random_trial,118,1270,,0.5980,,,,,max_validation=1.0000
heldout_threecell_0_3_6_m3_r2,random_trial,119,1270,,0.5980,,,,,max_validation=0.6340
heldout_threecell_0_3_6_m3_r2,random_trial,120,1270,,0.5980,,,,,max_validation=1.0000
heldout_threecell_0_3_6_m3_r2,random_trial,121,1270,,0.5980,,,,,max_validation=0.6460
heldout_threecell_0_3_6_m3_r2,random_trial,122,1270,,0.5980,,,,,max_validation=0.6460
heldout_threecell_0_3_6_m3_r2,random_trial,123,1270,,0.5980,,,,,max_validation=0.6420
heldout_threecell_0_3_6_m3_r2,random_trial,124,1270,,0.5980,,,,,max_validation=0.6460
heldout_threecell_0_3_6_m3_r2,random_trial,125,1270,,0.5980,,,,,max_validation=1.0000
heldout_threecell_0_3_6_m3_r2,random_trial,126,1270,,0.5980,,,,,max_validation=1.0000
heldout_threecell_0_3_6_m3_r2,random_trial,127,1270,,0.5980,,,,,max_validation=1.0000
heldout_threecell_0_3_6_m3_r2,summary,0,1270,1.0000,0.5980,1.0000,1.0000,0.6953,0.3310,admitted=yes;expected=yes;chosen=0x49/3/2;blind_mean=0.8914;heldout=yes;PASS
threshold_negative,candidate,0,1,0.5790,0.5860,,,,,mask=0x01;m=2;r=0
threshold_negative,candidate,1,1,0.4210,0.4140,,,,,mask=0x01;m=2;r=1
threshold_negative,candidate,2,1,0.4690,0.4680,,,,,mask=0x01;m=3;r=0
threshold_negative,candidate,3,1,0.5360,0.5220,,,,,mask=0x01;m=3;r=1
threshold_negative,candidate,4,1,0.4870,0.5480,,,,,mask=0x01;m=3;r=2
threshold_negative,candidate,5,1,0.5760,0.5660,,,,,mask=0x02;m=2;r=0
threshold_negative,candidate,6,1,0.4240,0.4340,,,,,mask=0x02;m=2;r=1
threshold_negative,candidate,7,1,0.4530,0.4700,,,,,mask=0x02;m=3;r=0
threshold_negative,candidate,8,1,0.5260,0.5460,,,,,mask=0x02;m=3;r=1
threshold_negative,candidate,9,1,0.5130,0.5220,,,,,mask=0x02;m=3;r=2
threshold_negative,candidate,10,1,0.4820,0.5000,,,,,mask=0x03;m=2;r=0
threshold_negative,candidate,11,1,0.5180,0.5000,,,,,mask=0x03;m=2;r=1
threshold_negative,candidate,12,1,0.4910,0.5300,,,,,mask=0x03;m=3;r=0
threshold_negative,candidate,13,1,0.5040,0.5060,,,,,mask=0x03;m=3;r=1
threshold_negative,candidate,14,1,0.4970,0.5020,,,,,mask=0x03;m=3;r=2
threshold_negative,candidate,15,1,0.5650,0.5720,,,,,mask=0x04;m=2;r=0
threshold_negative,candidate,16,1,0.4350,0.4280,,,,,mask=0x04;m=2;r=1
threshold_negative,candidate,17,1,0.4640,0.4360,,,,,mask=0x04;m=3;r=0
threshold_negative,candidate,18,1,0.5370,0.5580,,,,,mask=0x04;m=3;r=1
threshold_negative,candidate,19,1,0.4910,0.5440,,,,,mask=0x04;m=3;r=2
threshold_negative,candidate,20,1,0.4870,0.5020,,,,,mask=0x05;m=2;r=0
threshold_negative,candidate,21,1,0.5130,0.4980,,,,,mask=0x05;m=2;r=1
threshold_negative,candidate,22,1,0.5000,0.5260,,,,,mask=0x05;m=3;r=0
threshold_negative,candidate,23,1,0.5060,0.5520,,,,,mask=0x05;m=3;r=1
threshold_negative,candidate,24,1,0.4860,0.4600,,,,,mask=0x05;m=3;r=2
threshold_negative,candidate,25,1,0.4870,0.4840,,,,,mask=0x06;m=2;r=0
threshold_negative,candidate,26,1,0.5130,0.5160,,,,,mask=0x06;m=2;r=1
threshold_negative,candidate,27,1,0.5060,0.5540,,,,,mask=0x06;m=3;r=0
threshold_negative,candidate,28,1,0.5200,0.4940,,,,,mask=0x06;m=3;r=1
threshold_negative,candidate,29,1,0.4660,0.4900,,,,,mask=0x06;m=3;r=2
threshold_negative,candidate,30,1,0.5360,0.5400,,,,,mask=0x07;m=2;r=0
threshold_negative,candidate,31,1,0.4640,0.4600,,,,,mask=0x07;m=2;r=1
threshold_negative,candidate,32,1,0.5150,0.5180,,,,,mask=0x07;m=3;r=0
threshold_negative,candidate,33,1,0.4750,0.5000,,,,,mask=0x07;m=3;r=1
threshold_negative,candidate,34,1,0.5020,0.5200,,,,,mask=0x07;m=3;r=2
threshold_negative,candidate,35,1,0.5890,0.5680,,,,,mask=0x08;m=2;r=0
threshold_negative,candidate,36,1,0.4110,0.4320,,,,,mask=0x08;m=2;r=1
threshold_negative,candidate,37,1,0.4580,0.4660,,,,,mask=0x08;m=3;r=0
threshold_negative,candidate,38,1,0.5330,0.5300,,,,,mask=0x08;m=3;r=1
threshold_negative,candidate,39,1,0.5010,0.5420,,,,,mask=0x08;m=3;r=2
threshold_negative,candidate,40,1,0.4760,0.5000,,,,,mask=0x09;m=2;r=0
threshold_negative,candidate,41,1,0.5240,0.5000,,,,,mask=0x09;m=2;r=1
threshold_negative,candidate,42,1,0.5110,0.4520,,,,,mask=0x09;m=3;r=0
threshold_negative,candidate,43,1,0.4840,0.5520,,,,,mask=0x09;m=3;r=1
threshold_negative,candidate,44,1,0.4970,0.5340,,,,,mask=0x09;m=3;r=2
threshold_negative,candidate,45,1,0.4960,0.4980,,,,,mask=0x0A;m=2;r=0
threshold_negative,candidate,46,1,0.5040,0.5020,,,,,mask=0x0A;m=2;r=1
threshold_negative,candidate,47,1,0.5010,0.5140,,,,,mask=0x0A;m=3;r=0
threshold_negative,candidate,48,1,0.5020,0.5320,,,,,mask=0x0A;m=3;r=1
threshold_negative,candidate,49,1,0.4890,0.4920,,,,,mask=0x0A;m=3;r=2
threshold_negative,candidate,50,1,0.5640,0.5360,,,,,mask=0x0B;m=2;r=0
threshold_negative,candidate,51,1,0.4360,0.4640,,,,,mask=0x0B;m=2;r=1
threshold_negative,candidate,52,1,0.5120,0.4660,,,,,mask=0x0B;m=3;r=0
threshold_negative,candidate,53,1,0.5200,0.5560,,,,,mask=0x0B;m=3;r=1
threshold_negative,candidate,54,1,0.4600,0.5160,,,,,mask=0x0B;m=3;r=2
threshold_negative,candidate,55,1,0.4590,0.4880,,,,,mask=0x0C;m=2;r=0
threshold_negative,candidate,56,1,0.5410,0.5120,,,,,mask=0x0C;m=2;r=1
threshold_negative,candidate,57,1,0.5020,0.5360,,,,,mask=0x0C;m=3;r=0
threshold_negative,candidate,58,1,0.4820,0.5020,,,,,mask=0x0C;m=3;r=1
threshold_negative,candidate,59,1,0.5080,0.5000,,,,,mask=0x0C;m=3;r=2
threshold_negative,candidate,60,1,0.5530,0.5380,,,,,mask=0x0D;m=2;r=0
threshold_negative,candidate,61,1,0.4470,0.4620,,,,,mask=0x0D;m=2;r=1
threshold_negative,candidate,62,1,0.5130,0.5020,,,,,mask=0x0D;m=3;r=0
threshold_negative,candidate,63,1,0.4780,0.4780,,,,,mask=0x0D;m=3;r=1
threshold_negative,candidate,64,1,0.5010,0.5580,,,,,mask=0x0D;m=3;r=2
threshold_negative,candidate,65,1,0.5420,0.5380,,,,,mask=0x0E;m=2;r=0
threshold_negative,candidate,66,1,0.4580,0.4620,,,,,mask=0x0E;m=2;r=1
threshold_negative,candidate,67,1,0.4930,0.5280,,,,,mask=0x0E;m=3;r=0
threshold_negative,candidate,68,1,0.4850,0.5120,,,,,mask=0x0E;m=3;r=1
threshold_negative,candidate,69,1,0.5140,0.4980,,,,,mask=0x0E;m=3;r=2
threshold_negative,candidate,70,1,0.4910,0.5140,,,,,mask=0x0F;m=2;r=0
threshold_negative,candidate,71,1,0.5090,0.4860,,,,,mask=0x0F;m=2;r=1
threshold_negative,candidate,72,1,0.4820,0.4840,,,,,mask=0x0F;m=3;r=0
threshold_negative,candidate,73,1,0.5170,0.5440,,,,,mask=0x0F;m=3;r=1
threshold_negative,candidate,74,1,0.4930,0.5100,,,,,mask=0x0F;m=3;r=2
threshold_negative,candidate,75,1,0.5900,0.6260,,,,,mask=0x10;m=2;r=0
threshold_negative,candidate,76,1,0.4100,0.3740,,,,,mask=0x10;m=2;r=1
threshold_negative,candidate,77,1,0.4630,0.4780,,,,,mask=0x10;m=3;r=0
threshold_negative,candidate,78,1,0.5130,0.5140,,,,,mask=0x10;m=3;r=1
threshold_negative,candidate,79,1,0.5160,0.5460,,,,,mask=0x10;m=3;r=2
threshold_negative,candidate,80,1,0.4540,0.4660,,,,,mask=0x11;m=2;r=0
threshold_negative,candidate,81,1,0.5460,0.5340,,,,,mask=0x11;m=2;r=1
threshold_negative,candidate,82,1,0.4820,0.4860,,,,,mask=0x11;m=3;r=0
threshold_negative,candidate,83,1,0.5210,0.5540,,,,,mask=0x11;m=3;r=1
threshold_negative,candidate,84,1,0.4890,0.4980,,,,,mask=0x11;m=3;r=2
threshold_negative,candidate,85,1,0.4580,0.4500,,,,,mask=0x12;m=2;r=0
threshold_negative,candidate,86,1,0.5420,0.5500,,,,,mask=0x12;m=2;r=1
threshold_negative,candidate,87,1,0.5020,0.5060,,,,,mask=0x12;m=3;r=0
threshold_negative,candidate,88,1,0.5090,0.5400,,,,,mask=0x12;m=3;r=1
threshold_negative,candidate,89,1,0.4810,0.4920,,,,,mask=0x12;m=3;r=2
threshold_negative,candidate,90,1,0.5490,0.5360,,,,,mask=0x13;m=2;r=0
threshold_negative,candidate,91,1,0.4510,0.4640,,,,,mask=0x13;m=2;r=1
threshold_negative,candidate,92,1,0.4830,0.5280,,,,,mask=0x13;m=3;r=0
threshold_negative,candidate,93,1,0.5010,0.4800,,,,,mask=0x13;m=3;r=1
threshold_negative,candidate,94,1,0.5080,0.5300,,,,,mask=0x13;m=3;r=2
threshold_negative,candidate,95,1,0.4540,0.4900,,,,,mask=0x14;m=2;r=0
threshold_negative,candidate,96,1,0.5460,0.5100,,,,,mask=0x14;m=2;r=1
threshold_negative,candidate,97,1,0.5110,0.4860,,,,,mask=0x14;m=3;r=0
threshold_negative,candidate,98,1,0.4980,0.5160,,,,,mask=0x14;m=3;r=1
threshold_negative,candidate,99,1,0.4830,0.5360,,,,,mask=0x14;m=3;r=2
threshold_negative,candidate,100,1,0.5050,0.5760,,,,,mask=0x15;m=2;r=0
threshold_negative,candidate,101,1,0.4950,0.4240,,,,,mask=0x15;m=2;r=1
threshold_negative,candidate,102,1,0.5070,0.5140,,,,,mask=0x15;m=3;r=0
threshold_negative,candidate,103,1,0.5160,0.5200,,,,,mask=0x15;m=3;r=1
threshold_negative,candidate,104,1,0.4690,0.5040,,,,,mask=0x15;m=3;r=2
threshold_negative,candidate,105,1,0.5400,0.5300,,,,,mask=0x16;m=2;r=0
threshold_negative,candidate,106,1,0.4600,0.4700,,,,,mask=0x16;m=2;r=1
threshold_negative,candidate,107,1,0.5020,0.5240,,,,,mask=0x16;m=3;r=0
threshold_negative,candidate,108,1,0.4840,0.4840,,,,,mask=0x16;m=3;r=1
threshold_negative,candidate,109,1,0.5060,0.5300,,,,,mask=0x16;m=3;r=2
threshold_negative,candidate,110,1,0.4840,0.4740,,,,,mask=0x17;m=2;r=0
threshold_negative,candidate,111,1,0.5160,0.5260,,,,,mask=0x17;m=2;r=1
threshold_negative,candidate,112,1,0.5040,0.4760,,,,,mask=0x17;m=3;r=0
threshold_negative,candidate,113,1,0.5090,0.5440,,,,,mask=0x17;m=3;r=1
threshold_negative,candidate,114,1,0.4790,0.5180,,,,,mask=0x17;m=3;r=2
threshold_negative,candidate,115,1,0.4420,0.4640,,,,,mask=0x18;m=2;r=0
threshold_negative,candidate,116,1,0.5580,0.5360,,,,,mask=0x18;m=2;r=1
threshold_negative,candidate,117,1,0.4930,0.5180,,,,,mask=0x18;m=3;r=0
threshold_negative,candidate,118,1,0.5260,0.5300,,,,,mask=0x18;m=3;r=1
threshold_negative,candidate,119,1,0.4730,0.4900,,,,,mask=0x18;m=3;r=2
threshold_negative,candidate,120,1,0.5400,0.5480,,,,,mask=0x19;m=2;r=0
threshold_negative,candidate,121,1,0.4600,0.4520,,,,,mask=0x19;m=2;r=1
threshold_negative,candidate,122,1,0.5160,0.5260,,,,,mask=0x19;m=3;r=0
threshold_negative,candidate,123,1,0.4610,0.5200,,,,,mask=0x19;m=3;r=1
threshold_negative,candidate,124,1,0.5150,0.4920,,,,,mask=0x19;m=3;r=2
threshold_negative,candidate,125,1,0.5510,0.5500,,,,,mask=0x1A;m=2;r=0
threshold_negative,candidate,126,1,0.4490,0.4500,,,,,mask=0x1A;m=2;r=1
threshold_negative,candidate,127,1,0.4950,0.4520,,,,,mask=0x1A;m=3;r=0
threshold_negative,candidate,128,1,0.4990,0.5300,,,,,mask=0x1A;m=3;r=1
threshold_negative,candidate,129,1,0.4980,0.5560,,,,,mask=0x1A;m=3;r=2
threshold_negative,candidate,130,1,0.4680,0.4640,,,,,mask=0x1B;m=2;r=0
threshold_negative,candidate,131,1,0.5320,0.5360,,,,,mask=0x1B;m=2;r=1
threshold_negative,candidate,132,1,0.5080,0.5060,,,,,mask=0x1B;m=3;r=0
threshold_negative,candidate,133,1,0.5090,0.5300,,,,,mask=0x1B;m=3;r=1
threshold_negative,candidate,134,1,0.4750,0.5020,,,,,mask=0x1B;m=3;r=2
threshold_negative,candidate,135,1,0.5250,0.5260,,,,,mask=0x1C;m=2;r=0
threshold_negative,candidate,136,1,0.4750,0.4740,,,,,mask=0x1C;m=2;r=1
threshold_negative,candidate,137,1,0.5140,0.5100,,,,,mask=0x1C;m=3;r=0
threshold_negative,candidate,138,1,0.4920,0.5340,,,,,mask=0x1C;m=3;r=1
threshold_negative,candidate,139,1,0.4860,0.4940,,,,,mask=0x1C;m=3;r=2
threshold_negative,candidate,140,1,0.4720,0.4720,,,,,mask=0x1D;m=2;r=0
threshold_negative,candidate,141,1,0.5280,0.5280,,,,,mask=0x1D;m=2;r=1
threshold_negative,candidate,142,1,0.5170,0.5200,,,,,mask=0x1D;m=3;r=0
threshold_negative,candidate,143,1,0.5000,0.5300,,,,,mask=0x1D;m=3;r=1
threshold_negative,candidate,144,1,0.4750,0.4880,,,,,mask=0x1D;m=3;r=2
threshold_negative,candidate,145,1,0.4780,0.5000,,,,,mask=0x1E;m=2;r=0
threshold_negative,candidate,146,1,0.5220,0.5000,,,,,mask=0x1E;m=2;r=1
threshold_negative,candidate,147,1,0.4960,0.4980,,,,,mask=0x1E;m=3;r=0
threshold_negative,candidate,148,1,0.4950,0.5320,,,,,mask=0x1E;m=3;r=1
threshold_negative,candidate,149,1,0.5010,0.5080,,,,,mask=0x1E;m=3;r=2
threshold_negative,candidate,150,1,0.5280,0.5280,,,,,mask=0x1F;m=2;r=0
threshold_negative,candidate,151,1,0.4720,0.4720,,,,,mask=0x1F;m=2;r=1
threshold_negative,candidate,152,1,0.5280,0.5300,,,,,mask=0x1F;m=3;r=0
threshold_negative,candidate,153,1,0.4580,0.4960,,,,,mask=0x1F;m=3;r=1
threshold_negative,candidate,154,1,0.5060,0.5120,,,,,mask=0x1F;m=3;r=2
threshold_negative,candidate,155,1,0.5960,0.5180,,,,,mask=0x20;m=2;r=0
threshold_negative,candidate,156,1,0.4040,0.4820,,,,,mask=0x20;m=2;r=1
threshold_negative,candidate,157,1,0.4710,0.4480,,,,,mask=0x20;m=3;r=0
threshold_negative,candidate,158,1,0.5160,0.5560,,,,,mask=0x20;m=3;r=1
threshold_negative,candidate,159,1,0.5050,0.5340,,,,,mask=0x20;m=3;r=2
threshold_negative,candidate,160,1,0.4790,0.5020,,,,,mask=0x21;m=2;r=0
threshold_negative,candidate,161,1,0.5210,0.4980,,,,,mask=0x21;m=2;r=1
threshold_negative,candidate,162,1,0.5070,0.5120,,,,,mask=0x21;m=3;r=0
threshold_negative,candidate,163,1,0.5170,0.5420,,,,,mask=0x21;m=3;r=1
threshold_negative,candidate,164,1,0.4680,0.4840,,,,,mask=0x21;m=3;r=2
threshold_negative,candidate,165,1,0.4790,0.4680,,,,,mask=0x22;m=2;r=0
threshold_negative,candidate,166,1,0.5210,0.5320,,,,,mask=0x22;m=2;r=1
threshold_negative,candidate,167,1,0.5170,0.5100,,,,,mask=0x22;m=3;r=0
threshold_negative,candidate,168,1,0.5000,0.4860,,,,,mask=0x22;m=3;r=1
threshold_negative,candidate,169,1,0.4750,0.5420,,,,,mask=0x22;m=3;r=2
threshold_negative,candidate,170,1,0.5630,0.5420,,,,,mask=0x23;m=2;r=0
threshold_negative,candidate,171,1,0.4370,0.4580,,,,,mask=0x23;m=2;r=1
threshold_negative,candidate,172,1,0.4900,0.5560,,,,,mask=0x23;m=3;r=0
threshold_negative,candidate,173,1,0.5050,0.4960,,,,,mask=0x23;m=3;r=1
threshold_negative,candidate,174,1,0.4970,0.4860,,,,,mask=0x23;m=3;r=2
threshold_negative,candidate,175,1,0.4800,0.5000,,,,,mask=0x24;m=2;r=0
threshold_negative,candidate,176,1,0.5200,0.5000,,,,,mask=0x24;m=2;r=1
threshold_negative,candidate,177,1,0.5180,0.5360,,,,,mask=0x24;m=3;r=0
threshold_negative,candidate,178,1,0.4740,0.5180,,,,,mask=0x24;m=3;r=1
threshold_negative,candidate,179,1,0.5000,0.4840,,,,,mask=0x24;m=3;r=2
threshold_negative,candidate,180,1,0.5540,0.4660,,,,,mask=0x25;m=2;r=0
threshold_negative,candidate,181,1,0.4460,0.5340,,,,,mask=0x25;m=2;r=1
threshold_negative,candidate,182,1,0.4500,0.5300,,,,,mask=0x25;m=3;r=0
threshold_negative,candidate,183,1,0.5270,0.4860,,,,,mask=0x25;m=3;r=1
threshold_negative,candidate,184,1,0.5150,0.5220,,,,,mask=0x25;m=3;r=2
threshold_negative,candidate,185,1,0.5350,0.5380,,,,,mask=0x26;m=2;r=0
threshold_negative,candidate,186,1,0.4650,0.4620,,,,,mask=0x26;m=2;r=1
threshold_negative,candidate,187,1,0.4810,0.5200,,,,,mask=0x26;m=3;r=0
threshold_negative,candidate,188,1,0.5120,0.5120,,,,,mask=0x26;m=3;r=1
threshold_negative,candidate,189,1,0.4990,0.5060,,,,,mask=0x26;m=3;r=2
threshold_negative,candidate,190,1,0.4660,0.4660,,,,,mask=0x27;m=2;r=0
threshold_negative,candidate,191,1,0.5340,0.5340,,,,,mask=0x27;m=2;r=1
threshold_negative,candidate,192,1,0.5020,0.4820,,,,,mask=0x27;m=3;r=0
threshold_negative,candidate,193,1,0.5020,0.5440,,,,,mask=0x27;m=3;r=1
threshold_negative,candidate,194,1,0.4880,0.5120,,,,,mask=0x27;m=3;r=2
threshold_negative,candidate,195,1,0.4740,0.4960,,,,,mask=0x28;m=2;r=0
threshold_negative,candidate,196,1,0.5260,0.5040,,,,,mask=0x28;m=2;r=1
threshold_negative,candidate,197,1,0.5050,0.4620,,,,,mask=0x28;m=3;r=0
threshold_negative,candidate,198,1,0.4930,0.5540,,,,,mask=0x28;m=3;r=1
threshold_negative,candidate,199,1,0.4940,0.5220,,,,,mask=0x28;m=3;r=2
threshold_negative,candidate,200,1,0.5270,0.5240,,,,,mask=0x29;m=2;r=0
threshold_negative,candidate,201,1,0.4730,0.4760,,,,,mask=0x29;m=2;r=1
threshold_negative,candidate,202,1,0.5370,0.4840,,,,,mask=0x29;m=3;r=0
threshold_negative,candidate,203,1,0.5030,0.5260,,,,,mask=0x29;m=3;r=1
threshold_negative,candidate,204,1,0.4520,0.5280,,,,,mask=0x29;m=3;r=2
threshold_negative,candidate,205,1,0.5760,0.5120,,,,,mask=0x2A;m=2;r=0
threshold_negative,candidate,206,1,0.4240,0.4880,,,,,mask=0x2A;m=2;r=1
threshold_negative,candidate,207,1,0.5270,0.5020,,,,,mask=0x2A;m=3;r=0
threshold_negative,candidate,208,1,0.5120,0.5600,,,,,mask=0x2A;m=3;r=1
threshold_negative,candidate,209,1,0.4530,0.4760,,,,,mask=0x2A;m=3;r=2
threshold_negative,candidate,210,1,0.4680,0.4780,,,,,mask=0x2B;m=2;r=0
threshold_negative,candidate,211,1,0.5320,0.5220,,,,,mask=0x2B;m=2;r=1
threshold_negative,candidate,212,1,0.5200,0.4960,,,,,mask=0x2B;m=3;r=0
threshold_negative,candidate,213,1,0.5200,0.4980,,,,,mask=0x2B;m=3;r=1
threshold_negative,candidate,214,1,0.4520,0.5440,,,,,mask=0x2B;m=3;r=2
threshold_negative,candidate,215,1,0.5410,0.5560,,,,,mask=0x2C;m=2;r=0
threshold_negative,candidate,216,1,0.4590,0.4440,,,,,mask=0x2C;m=2;r=1
threshold_negative,candidate,217,1,0.4880,0.5020,,,,,mask=0x2C;m=3;r=0
threshold_negative,candidate,218,1,0.4940,0.4800,,,,,mask=0x2C;m=3;r=1
threshold_negative,candidate,219,1,0.5100,0.5560,,,,,mask=0x2C;m=3;r=2
threshold_negative,candidate,220,1,0.4870,0.4980,,,,,mask=0x2D;m=2;r=0
threshold_negative,candidate,221,1,0.5130,0.5020,,,,,mask=0x2D;m=2;r=1
threshold_negative,candidate,222,1,0.4930,0.5020,,,,,mask=0x2D;m=3;r=0
threshold_negative,candidate,223,1,0.5160,0.5240,,,,,mask=0x2D;m=3;r=1
threshold_negative,candidate,224,1,0.4830,0.5120,,,,,mask=0x2D;m=3;r=2
threshold_negative,candidate,225,1,0.4610,0.4880,,,,,mask=0x2E;m=2;r=0
threshold_negative,candidate,226,1,0.5390,0.5120,,,,,mask=0x2E;m=2;r=1
threshold_negative,candidate,227,1,0.5030,0.5180,,,,,mask=0x2E;m=3;r=0
threshold_negative,candidate,228,1,0.4960,0.5320,,,,,mask=0x2E;m=3;r=1
threshold_negative,candidate,229,1,0.4930,0.4880,,,,,mask=0x2E;m=3;r=2
threshold_negative,candidate,230,1,0.5360,0.5440,,,,,mask=0x2F;m=2;r=0
threshold_negative,candidate,231,1,0.4640,0.4560,,,,,mask=0x2F;m=2;r=1
threshold_negative,candidate,232,1,0.5440,0.5540,,,,,mask=0x2F;m=3;r=0
threshold_negative,candidate,233,1,0.4710,0.4800,,,,,mask=0x2F;m=3;r=1
threshold_negative,candidate,234,1,0.4770,0.5040,,,,,mask=0x2F;m=3;r=2
threshold_negative,candidate,235,1,0.4780,0.4900,,,,,mask=0x30;m=2;r=0
threshold_negative,candidate,236,1,0.5220,0.5100,,,,,mask=0x30;m=2;r=1
threshold_negative,candidate,237,1,0.5300,0.5220,,,,,mask=0x30;m=3;r=0
threshold_negative,candidate,238,1,0.5020,0.5240,,,,,mask=0x30;m=3;r=1
threshold_negative,candidate,239,1,0.4600,0.4920,,,,,mask=0x30;m=3;r=2
threshold_negative,candidate,240,1,0.5500,0.5340,,,,,mask=0x31;m=2;r=0
threshold_negative,candidate,241,1,0.4500,0.4660,,,,,mask=0x31;m=2;r=1
threshold_negative,candidate,242,1,0.4710,0.5180,,,,,mask=0x31;m=3;r=0
threshold_negative,candidate,243,1,0.4970,0.5020,,,,,mask=0x31;m=3;r=1
threshold_negative,candidate,244,1,0.5240,0.5180,,,,,mask=0x31;m=3;r=2
threshold_negative,candidate,245,1,0.5490,0.5440,,,,,mask=0x32;m=2;r=0
threshold_negative,candidate,246,1,0.4510,0.4560,,,,,mask=0x32;m=2;r=1
threshold_negative,candidate,247,1,0.5050,0.4780,,,,,mask=0x32;m=3;r=0
threshold_negative,candidate,248,1,0.5050,0.5200,,,,,mask=0x32;m=3;r=1
threshold_negative,candidate,249,1,0.4820,0.5400,,,,,mask=0x32;m=3;r=2
threshold_negative,candidate,250,1,0.4580,0.4820,,,,,mask=0x33;m=2;r=0
threshold_negative,candidate,251,1,0.5420,0.5180,,,,,mask=0x33;m=2;r=1
threshold_negative,candidate,252,1,0.4780,0.5060,,,,,mask=0x33;m=3;r=0
threshold_negative,candidate,253,1,0.4970,0.5120,,,,,mask=0x33;m=3;r=1
threshold_negative,candidate,254,1,0.5170,0.5200,,,,,mask=0x33;m=3;r=2
threshold_negative,candidate,255,1,0.5570,0.5700,,,,,mask=0x34;m=2;r=0
threshold_negative,candidate,256,1,0.4430,0.4300,,,,,mask=0x34;m=2;r=1
threshold_negative,candidate,257,1,0.5070,0.5240,,,,,mask=0x34;m=3;r=0
threshold_negative,candidate,258,1,0.4960,0.5340,,,,,mask=0x34;m=3;r=1
threshold_negative,candidate,259,1,0.4890,0.4800,,,,,mask=0x34;m=3;r=2
threshold_negative,candidate,260,1,0.4680,0.4600,,,,,mask=0x35;m=2;r=0
threshold_negative,candidate,261,1,0.5320,0.5400,,,,,mask=0x35;m=2;r=1
threshold_negative,candidate,262,1,0.5020,0.4860,,,,,mask=0x35;m=3;r=0
threshold_negative,candidate,263,1,0.4940,0.5240,,,,,mask=0x35;m=3;r=1
threshold_negative,candidate,264,1,0.4960,0.5280,,,,,mask=0x35;m=3;r=2
threshold_negative,candidate,265,1,0.4440,0.5080,,,,,mask=0x36;m=2;r=0
threshold_negative,candidate,266,1,0.5560,0.4920,,,,,mask=0x36;m=2;r=1
threshold_negative,candidate,267,1,0.4860,0.5020,,,,,mask=0x36;m=3;r=0
threshold_negative,candidate,268,1,0.5110,0.5260,,,,,mask=0x36;m=3;r=1
threshold_negative,candidate,269,1,0.4950,0.5100,,,,,mask=0x36;m=3;r=2
threshold_negative,candidate,270,1,0.5660,0.5320,,,,,mask=0x37;m=2;r=0
threshold_negative,candidate,271,1,0.4340,0.4680,,,,,mask=0x37;m=2;r=1
threshold_negative,candidate,272,1,0.5190,0.5000,,,,,mask=0x37;m=3;r=0
threshold_negative,candidate,273,1,0.4820,0.5340,,,,,mask=0x37;m=3;r=1
threshold_negative,candidate,274,1,0.4910,0.5040,,,,,mask=0x37;m=3;r=2
threshold_negative,candidate,275,1,0.5570,0.5560,,,,,mask=0x38;m=2;r=0
threshold_negative,candidate,276,1,0.4430,0.4440,,,,,mask=0x38;m=2;r=1
threshold_negative,candidate,277,1,0.5000,0.4980,,,,,mask=0x38;m=3;r=0
threshold_negative,candidate,278,1,0.4780,0.5140,,,,,mask=0x38;m=3;r=1
threshold_negative,candidate,279,1,0.5140,0.5260,,,,,mask=0x38;m=3;r=2
threshold_negative,candidate,280,1,0.4650,0.4800,,,,,mask=0x39;m=2;r=0
threshold_negative,candidate,281,1,0.5350,0.5200,,,,,mask=0x39;m=2;r=1
threshold_negative,candidate,282,1,0.4860,0.5080,,,,,mask=0x39;m=3;r=0
threshold_negative,candidate,283,1,0.5100,0.5640,,,,,mask=0x39;m=3;r=1
threshold_negative,candidate,284,1,0.4960,0.4660,,,,,mask=0x39;m=3;r=2
threshold_negative,candidate,285,1,0.4610,0.5000,,,,,mask=0x3A;m=2;r=0
threshold_negative,candidate,286,1,0.5390,0.5000,,,,,mask=0x3A;m=2;r=1
threshold_negative,candidate,287,1,0.4830,0.5180,,,,,mask=0x3A;m=3;r=0
threshold_negative,candidate,288,1,0.5270,0.4980,,,,,mask=0x3A;m=3;r=1
threshold_negative,candidate,289,1,0.4820,0.5220,,,,,mask=0x3A;m=3;r=2
threshold_negative,candidate,290,1,0.5420,0.5340,,,,,mask=0x3B;m=2;r=0
threshold_negative,candidate,291,1,0.4580,0.4660,,,,,mask=0x3B;m=2;r=1
threshold_negative,candidate,292,1,0.5160,0.5140,,,,,mask=0x3B;m=3;r=0
threshold_negative,candidate,293,1,0.4780,0.4980,,,,,mask=0x3B;m=3;r=1
threshold_negative,candidate,294,1,0.4980,0.5260,,,,,mask=0x3B;m=3;r=2
threshold_negative,candidate,295,1,0.4490,0.4820,,,,,mask=0x3C;m=2;r=0
threshold_negative,candidate,296,1,0.5510,0.5180,,,,,mask=0x3C;m=2;r=1
threshold_negative,candidate,297,1,0.5010,0.5080,,,,,mask=0x3C;m=3;r=0
threshold_negative,candidate,298,1,0.4920,0.5320,,,,,mask=0x3C;m=3;r=1
threshold_negative,candidate,299,1,0.4990,0.4980,,,,,mask=0x3C;m=3;r=2
threshold_negative,candidate,300,1,0.5440,0.5680,,,,,mask=0x3D;m=2;r=0
threshold_negative,candidate,301,1,0.4560,0.4320,,,,,mask=0x3D;m=2;r=1
threshold_negative,candidate,302,1,0.5070,0.5460,,,,,mask=0x3D;m=3;r=0
threshold_negative,candidate,303,1,0.4840,0.4640,,,,,mask=0x3D;m=3;r=1
threshold_negative,candidate,304,1,0.5010,0.5280,,,,,mask=0x3D;m=3;r=2
threshold_negative,candidate,305,1,0.5550,0.5220,,,,,mask=0x3E;m=2;r=0
threshold_negative,candidate,306,1,0.4450,0.4780,,,,,mask=0x3E;m=2;r=1
threshold_negative,candidate,307,1,0.5010,0.5260,,,,,mask=0x3E;m=3;r=0
threshold_negative,candidate,308,1,0.5150,0.5060,,,,,mask=0x3E;m=3;r=1
threshold_negative,candidate,309,1,0.4760,0.5060,,,,,mask=0x3E;m=3;r=2
threshold_negative,candidate,310,1,0.4710,0.4620,,,,,mask=0x3F;m=2;r=0
threshold_negative,candidate,311,1,0.5290,0.5380,,,,,mask=0x3F;m=2;r=1
threshold_negative,candidate,312,1,0.5130,0.5120,,,,,mask=0x3F;m=3;r=0
threshold_negative,candidate,313,1,0.4930,0.5060,,,,,mask=0x3F;m=3;r=1
threshold_negative,candidate,314,1,0.4860,0.5200,,,,,mask=0x3F;m=3;r=2
threshold_negative,candidate,315,1,0.5740,0.5780,,,,,mask=0x40;m=2;r=0
threshold_negative,candidate,316,1,0.4260,0.4220,,,,,mask=0x40;m=2;r=1
threshold_negative,candidate,317,1,0.4470,0.4920,,,,,mask=0x40;m=3;r=0
threshold_negative,candidate,318,1,0.5430,0.5440,,,,,mask=0x40;m=3;r=1
threshold_negative,candidate,319,1,0.5020,0.5020,,,,,mask=0x40;m=3;r=2
threshold_negative,candidate,320,1,0.4690,0.4720,,,,,mask=0x41;m=2;r=0
threshold_negative,candidate,321,1,0.5310,0.5280,,,,,mask=0x41;m=2;r=1
threshold_negative,candidate,322,1,0.5160,0.4860,,,,,mask=0x41;m=3;r=0
threshold_negative,candidate,323,1,0.4880,0.5140,,,,,mask=0x41;m=3;r=1
threshold_negative,candidate,324,1,0.4880,0.5380,,,,,mask=0x41;m=3;r=2
threshold_negative,candidate,325,1,0.4900,0.4540,,,,,mask=0x42;m=2;r=0
threshold_negative,candidate,326,1,0.5100,0.5460,,,,,mask=0x42;m=2;r=1
threshold_negative,candidate,327,1,0.4940,0.5240,,,,,mask=0x42;m=3;r=0
threshold_negative,candidate,328,1,0.4740,0.5200,,,,,mask=0x42;m=3;r=1
threshold_negative,candidate,329,1,0.5240,0.4940,,,,,mask=0x42;m=3;r=2
threshold_negative,candidate,330,1,0.5360,0.5220,,,,,mask=0x43;m=2;r=0
threshold_negative,candidate,331,1,0.4640,0.4780,,,,,mask=0x43;m=2;r=1
threshold_negative,candidate,332,1,0.5220,0.5120,,,,,mask=0x43;m=3;r=0
threshold_negative,candidate,333,1,0.4960,0.5080,,,,,mask=0x43;m=3;r=1
threshold_negative,candidate,334,1,0.4740,0.5180,,,,,mask=0x43;m=3;r=2
threshold_negative,candidate,335,1,0.4720,0.4800,,,,,mask=0x44;m=2;r=0
threshold_negative,candidate,336,1,0.5280,0.5200,,,,,mask=0x44;m=2;r=1
threshold_negative,candidate,337,1,0.5070,0.4780,,,,,mask=0x44;m=3;r=0
threshold_negative,candidate,338,1,0.4960,0.5280,,,,,mask=0x44;m=3;r=1
threshold_negative,candidate,339,1,0.4890,0.5320,,,,,mask=0x44;m=3;r=2
threshold_negative,candidate,340,1,0.5360,0.5000,,,,,mask=0x45;m=2;r=0
threshold_negative,candidate,341,1,0.4640,0.5000,,,,,mask=0x45;m=2;r=1
threshold_negative,candidate,342,1,0.5090,0.5280,,,,,mask=0x45;m=3;r=0
threshold_negative,candidate,343,1,0.4910,0.5100,,,,,mask=0x45;m=3;r=1
threshold_negative,candidate,344,1,0.4920,0.5000,,,,,mask=0x45;m=3;r=2
threshold_negative,candidate,345,1,0.5380,0.5520,,,,,mask=0x46;m=2;r=0
threshold_negative,candidate,346,1,0.4620,0.4480,,,,,mask=0x46;m=2;r=1
threshold_negative,candidate,347,1,0.5220,0.4880,,,,,mask=0x46;m=3;r=0
threshold_negative,candidate,348,1,0.4960,0.5340,,,,,mask=0x46;m=3;r=1
threshold_negative,candidate,349,1,0.4740,0.5160,,,,,mask=0x46;m=3;r=2
threshold_negative,candidate,350,1,0.4630,0.4820,,,,,mask=0x47;m=2;r=0
threshold_negative,candidate,351,1,0.5370,0.5180,,,,,mask=0x47;m=2;r=1
threshold_negative,candidate,352,1,0.5160,0.4920,,,,,mask=0x47;m=3;r=0
threshold_negative,candidate,353,1,0.4840,0.5360,,,,,mask=0x47;m=3;r=1
threshold_negative,candidate,354,1,0.4920,0.5100,,,,,mask=0x47;m=3;r=2
threshold_negative,candidate,355,1,0.4670,0.4780,,,,,mask=0x48;m=2;r=0
threshold_negative,candidate,356,1,0.5330,0.5220,,,,,mask=0x48;m=2;r=1
threshold_negative,candidate,357,1,0.5150,0.5340,,,,,mask=0x48;m=3;r=0
threshold_negative,candidate,358,1,0.4890,0.5220,,,,,mask=0x48;m=3;r=1
threshold_negative,candidate,359,1,0.4880,0.4820,,,,,mask=0x48;m=3;r=2
threshold_negative,candidate,360,1,0.5600,0.5400,,,,,mask=0x49;m=2;r=0
threshold_negative,candidate,361,1,0.4400,0.4600,,,,,mask=0x49;m=2;r=1
threshold_negative,candidate,362,1,0.5110,0.5180,,,,,mask=0x49;m=3;r=0
threshold_negative,candidate,363,1,0.4910,0.5400,,,,,mask=0x49;m=3;r=1
threshold_negative,candidate,364,1,0.4900,0.4800,,,,,mask=0x49;m=3;r=2
threshold_negative,candidate,365,1,0.5340,0.5400,,,,,mask=0x4A;m=2;r=0
threshold_negative,candidate,366,1,0.4660,0.4600,,,,,mask=0x4A;m=2;r=1
threshold_negative,candidate,367,1,0.4940,0.4720,,,,,mask=0x4A;m=3;r=0
threshold_negative,candidate,368,1,0.4830,0.5620,,,,,mask=0x4A;m=3;r=1
threshold_negative,candidate,369,1,0.5150,0.5040,,,,,mask=0x4A;m=3;r=2
threshold_negative,candidate,370,1,0.4960,0.4680,,,,,mask=0x4B;m=2;r=0
threshold_negative,candidate,371,1,0.5040,0.5320,,,,,mask=0x4B;m=2;r=1
threshold_negative,candidate,372,1,0.4980,0.5100,,,,,mask=0x4B;m=3;r=0
threshold_negative,candidate,373,1,0.5060,0.5320,,,,,mask=0x4B;m=3;r=1
threshold_negative,candidate,374,1,0.4880,0.4960,,,,,mask=0x4B;m=3;r=2
threshold_negative,candidate,375,1,0.5340,0.5420,,,,,mask=0x4C;m=2;r=0
threshold_negative,candidate,376,1,0.4660,0.4580,,,,,mask=0x4C;m=2;r=1
threshold_negative,candidate,377,1,0.5080,0.5100,,,,,mask=0x4C;m=3;r=0
threshold_negative,candidate,378,1,0.4910,0.4960,,,,,mask=0x4C;m=3;r=1
threshold_negative,candidate,379,1,0.4930,0.5320,,,,,mask=0x4C;m=3;r=2
threshold_negative,candidate,380,1,0.4720,0.4660,,,,,mask=0x4D;m=2;r=0
threshold_negative,candidate,381,1,0.5280,0.5340,,,,,mask=0x4D;m=2;r=1
threshold_negative,candidate,382,1,0.4600,0.4780,,,,,mask=0x4D;m=3;r=0
threshold_negative,candidate,383,1,0.5210,0.5380,,,,,mask=0x4D;m=3;r=1
threshold_negative,candidate,384,1,0.5110,0.5220,,,,,mask=0x4D;m=3;r=2
threshold_negative,candidate,385,1,0.4830,0.4880,,,,,mask=0x4E;m=2;r=0
threshold_negative,candidate,386,1,0.5170,0.5120,,,,,mask=0x4E;m=2;r=1
threshold_negative,candidate,387,1,0.4850,0.4680,,,,,mask=0x4E;m=3;r=0
threshold_negative,candidate,388,1,0.5060,0.5420,,,,,mask=0x4E;m=3;r=1
threshold_negative,candidate,389,1,0.5010,0.5280,,,,,mask=0x4E;m=3;r=2
threshold_negative,candidate,390,1,0.5380,0.5340,,,,,mask=0x4F;m=2;r=0
threshold_negative,candidate,391,1,0.4620,0.4660,,,,,mask=0x4F;m=2;r=1
threshold_negative,candidate,392,1,0.5240,0.4980,,,,,mask=0x4F;m=3;r=0
threshold_negative,candidate,393,1,0.4530,0.4960,,,,,mask=0x4F;m=3;r=1
threshold_negative,candidate,394,1,0.5150,0.5440,,,,,mask=0x4F;m=3;r=2
threshold_negative,candidate,395,1,0.4640,0.4440,,,,,mask=0x50;m=2;r=0
threshold_negative,candidate,396,1,0.5360,0.5560,,,,,mask=0x50;m=2;r=1
threshold_negative,candidate,397,1,0.5160,0.5160,,,,,mask=0x50;m=3;r=0
threshold_negative,candidate,398,1,0.4910,0.5440,,,,,mask=0x50;m=3;r=1
threshold_negative,candidate,399,1,0.4850,0.4780,,,,,mask=0x50;m=3;r=2
threshold_negative,candidate,400,1,0.5520,0.5460,,,,,mask=0x51;m=2;r=0
threshold_negative,candidate,401,1,0.4480,0.4540,,,,,mask=0x51;m=2;r=1
threshold_negative,candidate,402,1,0.4930,0.5020,,,,,mask=0x51;m=3;r=0
threshold_negative,candidate,403,1,0.4990,0.5180,,,,,mask=0x51;m=3;r=1
threshold_negative,candidate,404,1,0.5000,0.5180,,,,,mask=0x51;m=3;r=2
threshold_negative,candidate,405,1,0.5500,0.5240,,,,,mask=0x52;m=2;r=0
threshold_negative,candidate,406,1,0.4500,0.4760,,,,,mask=0x52;m=2;r=1
threshold_negative,candidate,407,1,0.5080,0.4880,,,,,mask=0x52;m=3;r=0
threshold_negative,candidate,408,1,0.4780,0.4760,,,,,mask=0x52;m=3;r=1
threshold_negative,candidate,409,1,0.5060,0.5740,,,,,mask=0x52;m=3;r=2
threshold_negative,candidate,410,1,0.4690,0.4760,,,,,mask=0x53;m=2;r=0
threshold_negative,candidate,411,1,0.5310,0.5240,,,,,mask=0x53;m=2;r=1
threshold_negative,candidate,412,1,0.4960,0.4940,,,,,mask=0x53;m=3;r=0
threshold_negative,candidate,413,1,0.5100,0.5180,,,,,mask=0x53;m=3;r=1
threshold_negative,candidate,414,1,0.4860,0.5260,,,,,mask=0x53;m=3;r=2
threshold_negative,candidate,415,1,0.5390,0.5200,,,,,mask=0x54;m=2;r=0
threshold_negative,candidate,416,1,0.4610,0.4800,,,,,mask=0x54;m=2;r=1
threshold_negative,candidate,417,1,0.5190,0.5220,,,,,mask=0x54;m=3;r=0
threshold_negative,candidate,418,1,0.4870,0.5020,,,,,mask=0x54;m=3;r=1
threshold_negative,candidate,419,1,0.4860,0.5140,,,,,mask=0x54;m=3;r=2
threshold_negative,candidate,420,1,0.4920,0.4720,,,,,mask=0x55;m=2;r=0
threshold_negative,candidate,421,1,0.5080,0.5280,,,,,mask=0x55;m=2;r=1
threshold_negative,candidate,422,1,0.4980,0.5260,,,,,mask=0x55;m=3;r=0
threshold_negative,candidate,423,1,0.4940,0.5220,,,,,mask=0x55;m=3;r=1
threshold_negative,candidate,424,1,0.5000,0.4900,,,,,mask=0x55;m=3;r=2
threshold_negative,candidate,425,1,0.4590,0.4800,,,,,mask=0x56;m=2;r=0
threshold_negative,candidate,426,1,0.5410,0.5200,,,,,mask=0x56;m=2;r=1
threshold_negative,candidate,427,1,0.4750,0.5200,,,,,mask=0x56;m=3;r=0
threshold_negative,candidate,428,1,0.5330,0.5300,,,,,mask=0x56;m=3;r=1
threshold_negative,candidate,429,1,0.4840,0.4880,,,,,mask=0x56;m=3;r=2
threshold_negative,candidate,430,1,0.5310,0.5540,,,,,mask=0x57;m=2;r=0
threshold_negative,candidate,431,1,0.4690,0.4460,,,,,mask=0x57;m=2;r=1
threshold_negative,candidate,432,1,0.5110,0.5040,,,,,mask=0x57;m=3;r=0
threshold_negative,candidate,433,1,0.4840,0.5180,,,,,mask=0x57;m=3;r=1
threshold_negative,candidate,434,1,0.4970,0.5160,,,,,mask=0x57;m=3;r=2
threshold_negative,candidate,435,1,0.5540,0.5480,,,,,mask=0x58;m=2;r=0
threshold_negative,candidate,436,1,0.4460,0.4520,,,,,mask=0x58;m=2;r=1
threshold_negative,candidate,437,1,0.4920,0.5000,,,,,mask=0x58;m=3;r=0
threshold_negative,candidate,438,1,0.4980,0.5120,,,,,mask=0x58;m=3;r=1
threshold_negative,candidate,439,1,0.5020,0.5260,,,,,mask=0x58;m=3;r=2
threshold_negative,candidate,440,1,0.4580,0.4780,,,,,mask=0x59;m=2;r=0
threshold_negative,candidate,441,1,0.5420,0.5220,,,,,mask=0x59;m=2;r=1
threshold_negative,candidate,442,1,0.5010,0.5020,,,,,mask=0x59;m=3;r=0
threshold_negative,candidate,443,1,0.5030,0.5540,,,,,mask=0x59;m=3;r=1
threshold_negative,candidate,444,1,0.4880,0.4820,,,,,mask=0x59;m=3;r=2
threshold_negative,candidate,445,1,0.4670,0.4740,,,,,mask=0x5A;m=2;r=0
threshold_negative,candidate,446,1,0.5330,0.5260,,,,,mask=0x5A;m=2;r=1
threshold_negative,candidate,447,1,0.5030,0.4980,,,,,mask=0x5A;m=3;r=0
threshold_negative,candidate,448,1,0.4940,0.5260,,,,,mask=0x5A;m=3;r=1
threshold_negative,candidate,449,1,0.4950,0.5140,,,,,mask=0x5A;m=3;r=2
threshold_negative,candidate,450,1,0.5340,0.5540,,,,,mask=0x5B;m=2;r=0
threshold_negative,candidate,451,1,0.4660,0.4460,,,,,mask=0x5B;m=2;r=1
threshold_negative,candidate,452,1,0.5090,0.5080,,,,,mask=0x5B;m=3;r=0
threshold_negative,candidate,453,1,0.4760,0.4740,,,,,mask=0x5B;m=3;r=1
threshold_negative,candidate,454,1,0.5070,0.5560,,,,,mask=0x5B;m=3;r=2
threshold_negative,candidate,455,1,0.4820,0.4860,,,,,mask=0x5C;m=2;r=0
threshold_negative,candidate,456,1,0.5180,0.5140,,,,,mask=0x5C;m=2;r=1
threshold_negative,candidate,457,1,0.4880,0.4740,,,,,mask=0x5C;m=3;r=0
threshold_negative,candidate,458,1,0.5010,0.5640,,,,,mask=0x5C;m=3;r=1
threshold_negative,candidate,459,1,0.5030,0.5000,,,,,mask=0x5C;m=3;r=2
threshold_negative,candidate,460,1,0.5490,0.5460,,,,,mask=0x5D;m=2;r=0
threshold_negative,candidate,461,1,0.4510,0.4540,,,,,mask=0x5D;m=2;r=1
threshold_negative,candidate,462,1,0.5040,0.5260,,,,,mask=0x5D;m=3;r=0
threshold_negative,candidate,463,1,0.4890,0.5400,,,,,mask=0x5D;m=3;r=1
threshold_negative,candidate,464,1,0.4990,0.4720,,,,,mask=0x5D;m=3;r=2
threshold_negative,candidate,465,1,0.5450,0.5480,,,,,mask=0x5E;m=2;r=0
threshold_negative,candidate,466,1,0.4550,0.4520,,,,,mask=0x5E;m=2;r=1
threshold_negative,candidate,467,1,0.5170,0.5040,,,,,mask=0x5E;m=3;r=0
threshold_negative,candidate,468,1,0.4870,0.5180,,,,,mask=0x5E;m=3;r=1
threshold_negative,candidate,469,1,0.4880,0.5160,,,,,mask=0x5E;m=3;r=2
threshold_negative,candidate,470,1,0.4650,0.4620,,,,,mask=0x5F;m=2;r=0
threshold_negative,candidate,471,1,0.5350,0.5380,,,,,mask=0x5F;m=2;r=1
threshold_negative,candidate,472,1,0.4990,0.5360,,,,,mask=0x5F;m=3;r=0
threshold_negative,candidate,473,1,0.4870,0.4980,,,,,mask=0x5F;m=3;r=1
threshold_negative,candidate,474,1,0.5060,0.5040,,,,,mask=0x5F;m=3;r=2
threshold_negative,candidate,475,1,0.4790,0.4700,,,,,mask=0x60;m=2;r=0
threshold_negative,candidate,476,1,0.5210,0.5300,,,,,mask=0x60;m=2;r=1
threshold_negative,candidate,477,1,0.5140,0.5480,,,,,mask=0x60;m=3;r=0
threshold_negative,candidate,478,1,0.4930,0.5420,,,,,mask=0x60;m=3;r=1
threshold_negative,candidate,479,1,0.4850,0.4480,,,,,mask=0x60;m=3;r=2
threshold_negative,candidate,480,1,0.5560,0.5520,,,,,mask=0x61;m=2;r=0
threshold_negative,candidate,481,1,0.4440,0.4480,,,,,mask=0x61;m=2;r=1
threshold_negative,candidate,482,1,0.4900,0.5500,,,,,mask=0x61;m=3;r=0
threshold_negative,candidate,483,1,0.5090,0.4640,,,,,mask=0x61;m=3;r=1
threshold_negative,candidate,484,1,0.4930,0.5240,,,,,mask=0x61;m=3;r=2
threshold_negative,candidate,485,1,0.5420,0.5600,,,,,mask=0x62;m=2;r=0
threshold_negative,candidate,486,1,0.4580,0.4400,,,,,mask=0x62;m=2;r=1
threshold_negative,candidate,487,1,0.5080,0.4960,,,,,mask=0x62;m=3;r=0
threshold_negative,candidate,488,1,0.5050,0.5240,,,,,mask=0x62;m=3;r=1
threshold_negative,candidate,489,1,0.4790,0.5180,,,,,mask=0x62;m=3;r=2
threshold_negative,candidate,490,1,0.4540,0.4440,,,,,mask=0x63;m=2;r=0
threshold_negative,candidate,491,1,0.5460,0.5560,,,,,mask=0x63;m=2;r=1
threshold_negative,candidate,492,1,0.5040,0.5140,,,,,mask=0x63;m=3;r=0
threshold_negative,candidate,493,1,0.4910,0.5520,,,,,mask=0x63;m=3;r=1
threshold_negative,candidate,494,1,0.4970,0.4720,,,,,mask=0x63;m=3;r=2
threshold_negative,candidate,495,1,0.5340,0.5080,,,,,mask=0x64;m=2;r=0
threshold_negative,candidate,496,1,0.4660,0.4920,,,,,mask=0x64;m=2;r=1
threshold_negative,candidate,497,1,0.5020,0.5100,,,,,mask=0x64;m=3;r=0
threshold_negative,candidate,498,1,0.4840,0.4920,,,,,mask=0x64;m=3;r=1
threshold_negative,candidate,499,1,0.5060,0.5360,,,,,mask=0x64;m=3;r=2
threshold_negative,candidate,500,1,0.4600,0.5000,,,,,mask=0x65;m=2;r=0
threshold_negative,candidate,501,1,0.5400,0.5000,,,,,mask=0x65;m=2;r=1
threshold_negative,candidate,502,1,0.4860,0.5340,,,,,mask=0x65;m=3;r=0
threshold_negative,candidate,503,1,0.4930,0.5120,,,,,mask=0x65;m=3;r=1
threshold_negative,candidate,504,1,0.5130,0.4920,,,,,mask=0x65;m=3;r=2
threshold_negative,candidate,505,1,0.4590,0.4700,,,,,mask=0x66;m=2;r=0
threshold_negative,candidate,506,1,0.5410,0.5300,,,,,mask=0x66;m=2;r=1
threshold_negative,candidate,507,1,0.5000,0.4940,,,,,mask=0x66;m=3;r=0
threshold_negative,candidate,508,1,0.5080,0.5380,,,,,mask=0x66;m=3;r=1
threshold_negative,candidate,509,1,0.4840,0.5060,,,,,mask=0x66;m=3;r=2
threshold_negative,candidate,510,1,0.5260,0.5160,,,,,mask=0x67;m=2;r=0
threshold_negative,candidate,511,1,0.4740,0.4840,,,,,mask=0x67;m=2;r=1
threshold_negative,candidate,512,1,0.5200,0.5220,,,,,mask=0x67;m=3;r=0
threshold_negative,candidate,513,1,0.4580,0.5260,,,,,mask=0x67;m=3;r=1
threshold_negative,candidate,514,1,0.5140,0.4900,,,,,mask=0x67;m=3;r=2
threshold_negative,candidate,515,1,0.5470,0.5500,,,,,mask=0x68;m=2;r=0
threshold_negative,candidate,516,1,0.4530,0.4500,,,,,mask=0x68;m=2;r=1
threshold_negative,candidate,517,1,0.4960,0.4760,,,,,mask=0x68;m=3;r=0
threshold_negative,candidate,518,1,0.4960,0.5160,,,,,mask=0x68;m=3;r=1
threshold_negative,candidate,519,1,0.5000,0.5460,,,,,mask=0x68;m=3;r=2
threshold_negative,candidate,520,1,0.4680,0.4880,,,,,mask=0x69;m=2;r=0
threshold_negative,candidate,521,1,0.5320,0.5120,,,,,mask=0x69;m=2;r=1
threshold_negative,candidate,522,1,0.4770,0.5160,,,,,mask=0x69;m=3;r=0
threshold_negative,candidate,523,1,0.5240,0.5340,,,,,mask=0x69;m=3;r=1
threshold_negative,candidate,524,1,0.4910,0.4880,,,,,mask=0x69;m=3;r=2
threshold_negative,candidate,525,1,0.5090,0.4740,,,,,mask=0x6A;m=2;r=0
threshold_negative,candidate,526,1,0.4910,0.5260,,,,,mask=0x6A;m=2;r=1
threshold_negative,candidate,527,1,0.5120,0.4780,,,,,mask=0x6A;m=3;r=0
threshold_negative,candidate,528,1,0.4990,0.5360,,,,,mask=0x6A;m=3;r=1
threshold_negative,candidate,529,1,0.4810,0.5240,,,,,mask=0x6A;m=3;r=2
threshold_negative,candidate,530,1,0.5590,0.4980,,,,,mask=0x6B;m=2;r=0
threshold_negative,candidate,531,1,0.4410,0.5020,,,,,mask=0x6B;m=2;r=1
threshold_negative,candidate,532,1,0.5250,0.5880,,,,,mask=0x6B;m=3;r=0
threshold_negative,candidate,533,1,0.4940,0.4800,,,,,mask=0x6B;m=3;r=1
threshold_negative,candidate,534,1,0.4730,0.4700,,,,,mask=0x6B;m=3;r=2
threshold_negative,candidate,535,1,0.4690,0.4740,,,,,mask=0x6C;m=2;r=0
threshold_negative,candidate,536,1,0.5310,0.5260,,,,,mask=0x6C;m=2;r=1
threshold_negative,candidate,537,1,0.4660,0.5300,,,,,mask=0x6C;m=3;r=0
threshold_negative,candidate,538,1,0.5160,0.5160,,,,,mask=0x6C;m=3;r=1
threshold_negative,candidate,539,1,0.5100,0.4920,,,,,mask=0x6C;m=3;r=2
threshold_negative,candidate,540,1,0.5530,0.5340,,,,,mask=0x6D;m=2;r=0
threshold_negative,candidate,541,1,0.4470,0.4660,,,,,mask=0x6D;m=2;r=1
threshold_negative,candidate,542,1,0.4890,0.5100,,,,,mask=0x6D;m=3;r=0
threshold_negative,candidate,543,1,0.5050,0.4960,,,,,mask=0x6D;m=3;r=1
threshold_negative,candidate,544,1,0.4980,0.5320,,,,,mask=0x6D;m=3;r=2
threshold_negative,candidate,545,1,0.5410,0.6100,,,,,mask=0x6E;m=2;r=0
threshold_negative,candidate,546,1,0.4590,0.3900,,,,,mask=0x6E;m=2;r=1
threshold_negative,candidate,547,1,0.5130,0.5120,,,,,mask=0x6E;m=3;r=0
threshold_negative,candidate,548,1,0.4890,0.5140,,,,,mask=0x6E;m=3;r=1
threshold_negative,candidate,549,1,0.4900,0.5120,,,,,mask=0x6E;m=3;r=2
threshold_negative,candidate,550,1,0.4580,0.4480,,,,,mask=0x6F;m=2;r=0
threshold_negative,candidate,551,1,0.5420,0.5520,,,,,mask=0x6F;m=2;r=1
threshold_negative,candidate,552,1,0.5070,0.5140,,,,,mask=0x6F;m=3;r=0
threshold_negative,candidate,553,1,0.5010,0.5040,,,,,mask=0x6F;m=3;r=1
threshold_negative,candidate,554,1,0.4840,0.5200,,,,,mask=0x6F;m=3;r=2
threshold_negative,candidate,555,1,0.5330,0.5360,,,,,mask=0x70;m=2;r=0
threshold_negative,candidate,556,1,0.4670,0.4640,,,,,mask=0x70;m=2;r=1
threshold_negative,candidate,557,1,0.4920,0.5040,,,,,mask=0x70;m=3;r=0
threshold_negative,candidate,558,1,0.5050,0.5220,,,,,mask=0x70;m=3;r=1
threshold_negative,candidate,559,1,0.4950,0.5120,,,,,mask=0x70;m=3;r=2
threshold_negative,candidate,560,1,0.4590,0.4540,,,,,mask=0x71;m=2;r=0
threshold_negative,candidate,561,1,0.5410,0.5460,,,,,mask=0x71;m=2;r=1
threshold_negative,candidate,562,1,0.4930,0.5080,,,,,mask=0x71;m=3;r=0
threshold_negative,candidate,563,1,0.4940,0.5480,,,,,mask=0x71;m=3;r=1
threshold_negative,candidate,564,1,0.5050,0.4820,,,,,mask=0x71;m=3;r=2
threshold_negative,candidate,565,1,0.4620,0.4740,,,,,mask=0x72;m=2;r=0
threshold_negative,candidate,566,1,0.5380,0.5260,,,,,mask=0x72;m=2;r=1
threshold_negative,candidate,567,1,0.4860,0.5080,,,,,mask=0x72;m=3;r=0
threshold_negative,candidate,568,1,0.5230,0.5220,,,,,mask=0x72;m=3;r=1
threshold_negative,candidate,569,1,0.4830,0.5080,,,,,mask=0x72;m=3;r=2
threshold_negative,candidate,570,1,0.5430,0.5500,,,,,mask=0x73;m=2;r=0
threshold_negative,candidate,571,1,0.4570,0.4500,,,,,mask=0x73;m=2;r=1
threshold_negative,candidate,572,1,0.5050,0.5120,,,,,mask=0x73;m=3;r=0
threshold_negative,candidate,573,1,0.4920,0.5180,,,,,mask=0x73;m=3;r=1
threshold_negative,candidate,574,1,0.4950,0.5080,,,,,mask=0x73;m=3;r=2
threshold_negative,candidate,575,1,0.4950,0.4800,,,,,mask=0x74;m=2;r=0
threshold_negative,candidate,576,1,0.5050,0.5200,,,,,mask=0x74;m=2;r=1
threshold_negative,candidate,577,1,0.4620,0.5080,,,,,mask=0x74;m=3;r=0
threshold_negative,candidate,578,1,0.5360,0.5220,,,,,mask=0x74;m=3;r=1
threshold_negative,candidate,579,1,0.4940,0.5080,,,,,mask=0x74;m=3;r=2
threshold_negative,candidate,580,1,0.5420,0.5840,,,,,mask=0x75;m=2;r=0
threshold_negative,candidate,581,1,0.4580,0.4160,,,,,mask=0x75;m=2;r=1
threshold_negative,candidate,582,1,0.4900,0.5540,,,,,mask=0x75;m=3;r=0
threshold_negative,candidate,583,1,0.5040,0.5040,,,,,mask=0x75;m=3;r=1
threshold_negative,candidate,584,1,0.4980,0.4800,,,,,mask=0x75;m=3;r=2
threshold_negative,candidate,585,1,0.5660,0.5540,,,,,mask=0x76;m=2;r=0
threshold_negative,candidate,586,1,0.4340,0.4460,,,,,mask=0x76;m=2;r=1
threshold_negative,candidate,587,1,0.5080,0.5080,,,,,mask=0x76;m=3;r=0
threshold_negative,candidate,588,1,0.5150,0.5400,,,,,mask=0x76;m=3;r=1
threshold_negative,candidate,589,1,0.4690,0.4900,,,,,mask=0x76;m=3;r=2
threshold_negative,candidate,590,1,0.4840,0.4520,,,,,mask=0x77;m=2;r=0
threshold_negative,candidate,591,1,0.5160,0.5480,,,,,mask=0x77;m=2;r=1
threshold_negative,candidate,592,1,0.4900,0.5300,,,,,mask=0x77;m=3;r=0
threshold_negative,candidate,593,1,0.5070,0.5100,,,,,mask=0x77;m=3;r=1
threshold_negative,candidate,594,1,0.4950,0.4980,,,,,mask=0x77;m=3;r=2
threshold_negative,candidate,595,1,0.4740,0.4960,,,,,mask=0x78;m=2;r=0
threshold_negative,candidate,596,1,0.5260,0.5040,,,,,mask=0x78;m=2;r=1
threshold_negative,candidate,597,1,0.4870,0.4880,,,,,mask=0x78;m=3;r=0
threshold_negative,candidate,598,1,0.5060,0.5520,,,,,mask=0x78;m=3;r=1
threshold_negative,candidate,599,1,0.4990,0.4980,,,,,mask=0x78;m=3;r=2
threshold_negative,candidate,600,1,0.5740,0.5380,,,,,mask=0x79;m=2;r=0
threshold_negative,candidate,601,1,0.4260,0.4620,,,,,mask=0x79;m=2;r=1
threshold_negative,candidate,602,1,0.4950,0.5320,,,,,mask=0x79;m=3;r=0
threshold_negative,candidate,603,1,0.5030,0.4960,,,,,mask=0x79;m=3;r=1
threshold_negative,candidate,604,1,0.4940,0.5100,,,,,mask=0x79;m=3;r=2
threshold_negative,candidate,605,1,0.5540,0.5320,,,,,mask=0x7A;m=2;r=0
threshold_negative,candidate,606,1,0.4460,0.4680,,,,,mask=0x7A;m=2;r=1
threshold_negative,candidate,607,1,0.5080,0.5140,,,,,mask=0x7A;m=3;r=0
threshold_negative,candidate,608,1,0.5110,0.5280,,,,,mask=0x7A;m=3;r=1
threshold_negative,candidate,609,1,0.4730,0.4960,,,,,mask=0x7A;m=3;r=2
threshold_negative,candidate,610,1,0.4610,0.4880,,,,,mask=0x7B;m=2;r=0
threshold_negative,candidate,611,1,0.5390,0.5120,,,,,mask=0x7B;m=2;r=1
threshold_negative,candidate,612,1,0.5010,0.4920,,,,,mask=0x7B;m=3;r=0
threshold_negative,candidate,613,1,0.4910,0.5200,,,,,mask=0x7B;m=3;r=1
threshold_negative,candidate,614,1,0.5000,0.5260,,,,,mask=0x7B;m=3;r=2
threshold_negative,candidate,615,1,0.5310,0.5500,,,,,mask=0x7C;m=2;r=0
threshold_negative,candidate,616,1,0.4690,0.4500,,,,,mask=0x7C;m=2;r=1
threshold_negative,candidate,617,1,0.5010,0.5320,,,,,mask=0x7C;m=3;r=0
threshold_negative,candidate,618,1,0.5020,0.4840,,,,,mask=0x7C;m=3;r=1
threshold_negative,candidate,619,1,0.4890,0.5220,,,,,mask=0x7C;m=3;r=2
threshold_negative,candidate,620,1,0.4680,0.4780,,,,,mask=0x7D;m=2;r=0
threshold_negative,candidate,621,1,0.5320,0.5220,,,,,mask=0x7D;m=2;r=1
threshold_negative,candidate,622,1,0.4920,0.4780,,,,,mask=0x7D;m=3;r=0
threshold_negative,candidate,623,1,0.4910,0.5260,,,,,mask=0x7D;m=3;r=1
threshold_negative,candidate,624,1,0.5090,0.5340,,,,,mask=0x7D;m=3;r=2
threshold_negative,candidate,625,1,0.4730,0.4860,,,,,mask=0x7E;m=2;r=0
threshold_negative,candidate,626,1,0.5270,0.5140,,,,,mask=0x7E;m=2;r=1
threshold_negative,candidate,627,1,0.4930,0.4980,,,,,mask=0x7E;m=3;r=0
threshold_negative,candidate,628,1,0.4890,0.4760,,,,,mask=0x7E;m=3;r=1
threshold_negative,candidate,629,1,0.5100,0.5640,,,,,mask=0x7E;m=3;r=2
threshold_negative,candidate,630,1,0.5910,0.5880,,,,,mask=0x7F;m=2;r=0
threshold_negative,candidate,631,1,0.4090,0.4120,,,,,mask=0x7F;m=2;r=1
threshold_negative,candidate,632,1,0.4840,0.4320,,,,,mask=0x7F;m=3;r=0
threshold_negative,candidate,633,1,0.5060,0.5840,,,,,mask=0x7F;m=3;r=1
threshold_negative,candidate,634,1,0.5020,0.5220,,,,,mask=0x7F;m=3;r=2
threshold_negative,candidate,635,1,0.5860,0.5660,,,,,mask=0x80;m=2;r=0
threshold_negative,candidate,636,1,0.4140,0.4340,,,,,mask=0x80;m=2;r=1
threshold_negative,candidate,637,1,0.4710,0.4800,,,,,mask=0x80;m=3;r=0
threshold_negative,candidate,638,1,0.5410,0.5460,,,,,mask=0x80;m=3;r=1
threshold_negative,candidate,639,1,0.4800,0.5120,,,,,mask=0x80;m=3;r=2
threshold_negative,candidate,640,1,0.4790,0.4520,,,,,mask=0x81;m=2;r=0
threshold_negative,candidate,641,1,0.5210,0.5480,,,,,mask=0x81;m=2;r=1
threshold_negative,candidate,642,1,0.4920,0.5240,,,,,mask=0x81;m=3;r=0
threshold_negative,candidate,643,1,0.5020,0.4940,,,,,mask=0x81;m=3;r=1
threshold_negative,candidate,644,1,0.4980,0.5200,,,,,mask=0x81;m=3;r=2
threshold_negative,candidate,645,1,0.4710,0.4860,,,,,mask=0x82;m=2;r=0
threshold_negative,candidate,646,1,0.5290,0.5140,,,,,mask=0x82;m=2;r=1
threshold_negative,candidate,647,1,0.4960,0.5480,,,,,mask=0x82;m=3;r=0
threshold_negative,candidate,648,1,0.5080,0.5100,,,,,mask=0x82;m=3;r=1
threshold_negative,candidate,649,1,0.4880,0.4800,,,,,mask=0x82;m=3;r=2
threshold_negative,candidate,650,1,0.5590,0.5420,,,,,mask=0x83;m=2;r=0
threshold_negative,candidate,651,1,0.4410,0.4580,,,,,mask=0x83;m=2;r=1
threshold_negative,candidate,652,1,0.5280,0.5300,,,,,mask=0x83;m=3;r=0
threshold_negative,candidate,653,1,0.4960,0.5100,,,,,mask=0x83;m=3;r=1
threshold_negative,candidate,654,1,0.4680,0.4980,,,,,mask=0x83;m=3;r=2
threshold_negative,candidate,655,1,0.4900,0.4420,,,,,mask=0x84;m=2;r=0
threshold_negative,candidate,656,1,0.5100,0.5580,,,,,mask=0x84;m=2;r=1
threshold_negative,candidate,657,1,0.5010,0.5320,,,,,mask=0x84;m=3;r=0
threshold_negative,candidate,658,1,0.4880,0.5000,,,,,mask=0x84;m=3;r=1
threshold_negative,candidate,659,1,0.5030,0.5060,,,,,mask=0x84;m=3;r=2
threshold_negative,candidate,660,1,0.5240,0.5260,,,,,mask=0x85;m=2;r=0
threshold_negative,candidate,661,1,0.4760,0.4740,,,,,mask=0x85;m=2;r=1
threshold_negative,candidate,662,1,0.5080,0.5260,,,,,mask=0x85;m=3;r=0
threshold_negative,candidate,663,1,0.5040,0.5160,,,,,mask=0x85;m=3;r=1
threshold_negative,candidate,664,1,0.4800,0.4960,,,,,mask=0x85;m=3;r=2
threshold_negative,candidate,665,1,0.5350,0.5260,,,,,mask=0x86;m=2;r=0
threshold_negative,candidate,666,1,0.4650,0.4740,,,,,mask=0x86;m=2;r=1
threshold_negative,candidate,667,1,0.5110,0.4720,,,,,mask=0x86;m=3;r=0
threshold_negative,candidate,668,1,0.4960,0.5500,,,,,mask=0x86;m=3;r=1
threshold_negative,candidate,669,1,0.4850,0.5160,,,,,mask=0x86;m=3;r=2
threshold_negative,candidate,670,1,0.4680,0.4840,,,,,mask=0x87;m=2;r=0
threshold_negative,candidate,671,1,0.5320,0.5160,,,,,mask=0x87;m=2;r=1
threshold_negative,candidate,672,1,0.4890,0.4660,,,,,mask=0x87;m=3;r=0
threshold_negative,candidate,673,1,0.5200,0.5480,,,,,mask=0x87;m=3;r=1
threshold_negative,candidate,674,1,0.4830,0.5240,,,,,mask=0x87;m=3;r=2
threshold_negative,candidate,675,1,0.4680,0.4380,,,,,mask=0x88;m=2;r=0
threshold_negative,candidate,676,1,0.5320,0.5620,,,,,mask=0x88;m=2;r=1
threshold_negative,candidate,677,1,0.4930,0.5280,,,,,mask=0x88;m=3;r=0
threshold_negative,candidate,678,1,0.4950,0.4840,,,,,mask=0x88;m=3;r=1
threshold_negative,candidate,679,1,0.5040,0.5260,,,,,mask=0x88;m=3;r=2
threshold_negative,candidate,680,1,0.5310,0.5000,,,,,mask=0x89;m=2;r=0
threshold_negative,candidate,681,1,0.4690,0.5000,,,,,mask=0x89;m=2;r=1
threshold_negative,candidate,682,1,0.5160,0.5160,,,,,mask=0x89;m=3;r=0
threshold_negative,candidate,683,1,0.5070,0.5240,,,,,mask=0x89;m=3;r=1
threshold_negative,candidate,684,1,0.4690,0.4980,,,,,mask=0x89;m=3;r=2
threshold_negative,candidate,685,1,0.5240,0.5320,,,,,mask=0x8A;m=2;r=0
threshold_negative,candidate,686,1,0.4760,0.4680,,,,,mask=0x8A;m=2;r=1
threshold_negative,candidate,687,1,0.4770,0.5160,,,,,mask=0x8A;m=3;r=0
threshold_negative,candidate,688,1,0.5220,0.5020,,,,,mask=0x8A;m=3;r=1
threshold_negative,candidate,689,1,0.4930,0.5200,,,,,mask=0x8A;m=3;r=2
threshold_negative,candidate,690,1,0.4840,0.4880,,,,,mask=0x8B;m=2;r=0
threshold_negative,candidate,691,1,0.5160,0.5120,,,,,mask=0x8B;m=2;r=1
threshold_negative,candidate,692,1,0.4930,0.5040,,,,,mask=0x8B;m=3;r=0
threshold_negative,candidate,693,1,0.5250,0.5360,,,,,mask=0x8B;m=3;r=1
threshold_negative,candidate,694,1,0.4740,0.4980,,,,,mask=0x8B;m=3;r=2
threshold_negative,candidate,695,1,0.5310,0.5520,,,,,mask=0x8C;m=2;r=0
threshold_negative,candidate,696,1,0.4690,0.4480,,,,,mask=0x8C;m=2;r=1
threshold_negative,candidate,697,1,0.4930,0.5220,,,,,mask=0x8C;m=3;r=0
threshold_negative,candidate,698,1,0.4800,0.4940,,,,,mask=0x8C;m=3;r=1
threshold_negative,candidate,699,1,0.5190,0.5220,,,,,mask=0x8C;m=3;r=2
threshold_negative,candidate,700,1,0.4830,0.5000,,,,,mask=0x8D;m=2;r=0
threshold_negative,candidate,701,1,0.5170,0.5000,,,,,mask=0x8D;m=2;r=1
threshold_negative,candidate,702,1,0.4890,0.4940,,,,,mask=0x8D;m=3;r=0
threshold_negative,candidate,703,1,0.5250,0.5220,,,,,mask=0x8D;m=3;r=1
threshold_negative,candidate,704,1,0.4780,0.5220,,,,,mask=0x8D;m=3;r=2
threshold_negative,candidate,705,1,0.4870,0.4780,,,,,mask=0x8E;m=2;r=0
threshold_negative,candidate,706,1,0.5130,0.5220,,,,,mask=0x8E;m=2;r=1
threshold_negative,candidate,707,1,0.5040,0.4800,,,,,mask=0x8E;m=3;r=0
threshold_negative,candidate,708,1,0.5180,0.5580,,,,,mask=0x8E;m=3;r=1
threshold_negative,candidate,709,1,0.4700,0.5000,,,,,mask=0x8E;m=3;r=2
threshold_negative,candidate,710,1,0.5460,0.4960,,,,,mask=0x8F;m=2;r=0
threshold_negative,candidate,711,1,0.4540,0.5040,,,,,mask=0x8F;m=2;r=1
threshold_negative,candidate,712,1,0.5380,0.4840,,,,,mask=0x8F;m=3;r=0
threshold_negative,candidate,713,1,0.4820,0.5280,,,,,mask=0x8F;m=3;r=1
threshold_negative,candidate,714,1,0.4720,0.5260,,,,,mask=0x8F;m=3;r=2
threshold_negative,candidate,715,1,0.4570,0.4640,,,,,mask=0x90;m=2;r=0
threshold_negative,candidate,716,1,0.5430,0.5360,,,,,mask=0x90;m=2;r=1
threshold_negative,candidate,717,1,0.4950,0.5500,,,,,mask=0x90;m=3;r=0
threshold_negative,candidate,718,1,0.5080,0.5160,,,,,mask=0x90;m=3;r=1
threshold_negative,candidate,719,1,0.4890,0.4720,,,,,mask=0x90;m=3;r=2
threshold_negative,candidate,720,1,0.5330,0.5020,,,,,mask=0x91;m=2;r=0
threshold_negative,candidate,721,1,0.4670,0.4980,,,,,mask=0x91;m=2;r=1
threshold_negative,candidate,722,1,0.5010,0.5320,,,,,mask=0x91;m=3;r=0
threshold_negative,candidate,723,1,0.4980,0.4860,,,,,mask=0x91;m=3;r=1
threshold_negative,candidate,724,1,0.4930,0.5200,,,,,mask=0x91;m=3;r=2
threshold_negative,candidate,725,1,0.5320,0.5520,,,,,mask=0x92;m=2;r=0
threshold_negative,candidate,726,1,0.4680,0.4480,,,,,mask=0x92;m=2;r=1
threshold_negative,candidate,727,1,0.4560,0.5160,,,,,mask=0x92;m=3;r=0
threshold_negative,candidate,728,1,0.5040,0.5140,,,,,mask=0x92;m=3;r=1
threshold_negative,candidate,729,1,0.5320,0.5080,,,,,mask=0x92;m=3;r=2
threshold_negative,candidate,730,1,0.4770,0.4600,,,,,mask=0x93;m=2;r=0
threshold_negative,candidate,731,1,0.5230,0.5400,,,,,mask=0x93;m=2;r=1
threshold_negative,candidate,732,1,0.5020,0.4500,,,,,mask=0x93;m=3;r=0
threshold_negative,candidate,733,1,0.4930,0.5440,,,,,mask=0x93;m=3;r=1
threshold_negative,candidate,734,1,0.4970,0.5440,,,,,mask=0x93;m=3;r=2
threshold_negative,candidate,735,1,0.5320,0.5380,,,,,mask=0x94;m=2;r=0
threshold_negative,candidate,736,1,0.4680,0.4620,,,,,mask=0x94;m=2;r=1
threshold_negative,candidate,737,1,0.4820,0.5080,,,,,mask=0x94;m=3;r=0
threshold_negative,candidate,738,1,0.5030,0.5340,,,,,mask=0x94;m=3;r=1
threshold_negative,candidate,739,1,0.5070,0.4960,,,,,mask=0x94;m=3;r=2
threshold_negative,candidate,740,1,0.4870,0.4980,,,,,mask=0x95;m=2;r=0
threshold_negative,candidate,741,1,0.5130,0.5020,,,,,mask=0x95;m=2;r=1
threshold_negative,candidate,742,1,0.5000,0.4820,,,,,mask=0x95;m=3;r=0
threshold_negative,candidate,743,1,0.5020,0.5180,,,,,mask=0x95;m=3;r=1
threshold_negative,candidate,744,1,0.4900,0.5380,,,,,mask=0x95;m=3;r=2
threshold_negative,candidate,745,1,0.4690,0.4420,,,,,mask=0x96;m=2;r=0
threshold_negative,candidate,746,1,0.5310,0.5580,,,,,mask=0x96;m=2;r=1
threshold_negative,candidate,747,1,0.5070,0.5100,,,,,mask=0x96;m=3;r=0
threshold_negative,candidate,748,1,0.5290,0.5360,,,,,mask=0x96;m=3;r=1
threshold_negative,candidate,749,1,0.4560,0.4920,,,,,mask=0x96;m=3;r=2
threshold_negative,candidate,750,1,0.5630,0.5520,,,,,mask=0x97;m=2;r=0
threshold_negative,candidate,751,1,0.4370,0.4480,,,,,mask=0x97;m=2;r=1
threshold_negative,candidate,752,1,0.5020,0.5400,,,,,mask=0x97;m=3;r=0
threshold_negative,candidate,753,1,0.4820,0.5280,,,,,mask=0x97;m=3;r=1
threshold_negative,candidate,754,1,0.5080,0.4700,,,,,mask=0x97;m=3;r=2
threshold_negative,candidate,755,1,0.5240,0.5560,,,,,mask=0x98;m=2;r=0
threshold_negative,candidate,756,1,0.4760,0.4440,,,,,mask=0x98;m=2;r=1
threshold_negative,candidate,757,1,0.4990,0.4960,,,,,mask=0x98;m=3;r=0
threshold_negative,candidate,758,1,0.4800,0.5320,,,,,mask=0x98;m=3;r=1
threshold_negative,candidate,759,1,0.5130,0.5100,,,,,mask=0x98;m=3;r=2
threshold_negative,candidate,760,1,0.4700,0.5060,,,,,mask=0x99;m=2;r=0
threshold_negative,candidate,761,1,0.5300,0.4940,,,,,mask=0x99;m=2;r=1
threshold_negative,candidate,762,1,0.4890,0.4820,,,,,mask=0x99;m=3;r=0
threshold_negative,candidate,763,1,0.4940,0.5280,,,,,mask=0x99;m=3;r=1
threshold_negative,candidate,764,1,0.5090,0.5280,,,,,mask=0x99;m=3;r=2
threshold_negative,candidate,765,1,0.4540,0.4780,,,,,mask=0x9A;m=2;r=0
threshold_negative,candidate,766,1,0.5460,0.5220,,,,,mask=0x9A;m=2;r=1
threshold_negative,candidate,767,1,0.4760,0.4980,,,,,mask=0x9A;m=3;r=0
threshold_negative,candidate,768,1,0.5240,0.5200,,,,,mask=0x9A;m=3;r=1
threshold_negative,candidate,769,1,0.4920,0.5200,,,,,mask=0x9A;m=3;r=2
threshold_negative,candidate,770,1,0.5530,0.5340,,,,,mask=0x9B;m=2;r=0
threshold_negative,candidate,771,1,0.4470,0.4660,,,,,mask=0x9B;m=2;r=1
threshold_negative,candidate,772,1,0.5000,0.5340,,,,,mask=0x9B;m=3;r=0
threshold_negative,candidate,773,1,0.4950,0.5000,,,,,mask=0x9B;m=3;r=1
threshold_negative,candidate,774,1,0.4970,0.5040,,,,,mask=0x9B;m=3;r=2
threshold_negative,candidate,775,1,0.4740,0.4480,,,,,mask=0x9C;m=2;r=0
threshold_negative,candidate,776,1,0.5260,0.5520,,,,,mask=0x9C;m=2;r=1
threshold_negative,candidate,777,1,0.4990,0.5080,,,,,mask=0x9C;m=3;r=0
threshold_negative,candidate,778,1,0.4750,0.4840,,,,,mask=0x9C;m=3;r=1
threshold_negative,candidate,779,1,0.5180,0.5460,,,,,mask=0x9C;m=3;r=2
threshold_negative,candidate,780,1,0.5450,0.5360,,,,,mask=0x9D;m=2;r=0
threshold_negative,candidate,781,1,0.4550,0.4640,,,,,mask=0x9D;m=2;r=1
threshold_negative,candidate,782,1,0.5000,0.4980,,,,,mask=0x9D;m=3;r=0
threshold_negative,candidate,783,1,0.5060,0.5480,,,,,mask=0x9D;m=3;r=1
threshold_negative,candidate,784,1,0.4860,0.4920,,,,,mask=0x9D;m=3;r=2
threshold_negative,candidate,785,1,0.5260,0.5100,,,,,mask=0x9E;m=2;r=0
threshold_negative,candidate,786,1,0.4740,0.4900,,,,,mask=0x9E;m=2;r=1
threshold_negative,candidate,787,1,0.5070,0.5360,,,,,mask=0x9E;m=3;r=0
threshold_negative,candidate,788,1,0.4860,0.5200,,,,,mask=0x9E;m=3;r=1
threshold_negative,candidate,789,1,0.4990,0.4820,,,,,mask=0x9E;m=3;r=2
threshold_negative,candidate,790,1,0.4940,0.4800,,,,,mask=0x9F;m=2;r=0
threshold_negative,candidate,791,1,0.5060,0.5200,,,,,mask=0x9F;m=2;r=1
threshold_negative,candidate,792,1,0.5130,0.5240,,,,,mask=0x9F;m=3;r=0
threshold_negative,candidate,793,1,0.5170,0.4980,,,,,mask=0x9F;m=3;r=1
threshold_negative,candidate,794,1,0.4620,0.5160,,,,,mask=0x9F;m=3;r=2
threshold_negative,candidate,795,1,0.4550,0.4840,,,,,mask=0xA0;m=2;r=0
threshold_negative,candidate,796,1,0.5450,0.5160,,,,,mask=0xA0;m=2;r=1
threshold_negative,candidate,797,1,0.4980,0.5060,,,,,mask=0xA0;m=3;r=0
threshold_negative,candidate,798,1,0.4990,0.5120,,,,,mask=0xA0;m=3;r=1
threshold_negative,candidate,799,1,0.4950,0.5200,,,,,mask=0xA0;m=3;r=2
threshold_negative,candidate,800,1,0.5320,0.5180,,,,,mask=0xA1;m=2;r=0
threshold_negative,candidate,801,1,0.4680,0.4820,,,,,mask=0xA1;m=2;r=1
threshold_negative,candidate,802,1,0.4810,0.4960,,,,,mask=0xA1;m=3;r=0
threshold_negative,candidate,803,1,0.4840,0.5060,,,,,mask=0xA1;m=3;r=1
threshold_negative,candidate,804,1,0.5270,0.5360,,,,,mask=0xA1;m=3;r=2
threshold_negative,candidate,805,1,0.5210,0.5380,,,,,mask=0xA2;m=2;r=0
threshold_negative,candidate,806,1,0.4790,0.4620,,,,,mask=0xA2;m=2;r=1
threshold_negative,candidate,807,1,0.4760,0.5080,,,,,mask=0xA2;m=3;r=0
threshold_negative,candidate,808,1,0.5170,0.5300,,,,,mask=0xA2;m=3;r=1
threshold_negative,candidate,809,1,0.4990,0.5000,,,,,mask=0xA2;m=3;r=2
threshold_negative,candidate,810,1,0.4530,0.5180,,,,,mask=0xA3;m=2;r=0
threshold_negative,candidate,811,1,0.5470,0.4820,,,,,mask=0xA3;m=2;r=1
threshold_negative,candidate,812,1,0.4850,0.4880,,,,,mask=0xA3;m=3;r=0
threshold_negative,candidate,813,1,0.4870,0.5440,,,,,mask=0xA3;m=3;r=1
threshold_negative,candidate,814,1,0.5200,0.5060,,,,,mask=0xA3;m=3;r=2
threshold_negative,candidate,815,1,0.5400,0.5480,,,,,mask=0xA4;m=2;r=0
threshold_negative,candidate,816,1,0.4600,0.4520,,,,,mask=0xA4;m=2;r=1
threshold_negative,candidate,817,1,0.4920,0.4840,,,,,mask=0xA4;m=3;r=0
threshold_negative,candidate,818,1,0.5050,0.5380,,,,,mask=0xA4;m=3;r=1
threshold_negative,candidate,819,1,0.4950,0.5160,,,,,mask=0xA4;m=3;r=2
threshold_negative,candidate,820,1,0.4940,0.4880,,,,,mask=0xA5;m=2;r=0
threshold_negative,candidate,821,1,0.5060,0.5120,,,,,mask=0xA5;m=2;r=1
threshold_negative,candidate,822,1,0.4560,0.4860,,,,,mask=0xA5;m=3;r=0
threshold_negative,candidate,823,1,0.5010,0.5180,,,,,mask=0xA5;m=3;r=1
threshold_negative,candidate,824,1,0.5350,0.5340,,,,,mask=0xA5;m=3;r=2
threshold_negative,candidate,825,1,0.4700,0.4540,,,,,mask=0xA6;m=2;r=0
threshold_negative,candidate,826,1,0.5300,0.5460,,,,,mask=0xA6;m=2;r=1
threshold_negative,candidate,827,1,0.4930,0.4720,,,,,mask=0xA6;m=3;r=0
threshold_negative,candidate,828,1,0.5120,0.5280,,,,,mask=0xA6;m=3;r=1
threshold_negative,candidate,829,1,0.4870,0.5380,,,,,mask=0xA6;m=3;r=2
threshold_negative,candidate,830,1,0.5230,0.5440,,,,,mask=0xA7;m=2;r=0
threshold_negative,candidate,831,1,0.4770,0.4560,,,,,mask=0xA7;m=2;r=1
threshold_negative,candidate,832,1,0.4980,0.5180,,,,,mask=0xA7;m=3;r=0
threshold_negative,candidate,833,1,0.5080,0.5160,,,,,mask=0xA7;m=3;r=1
threshold_negative,candidate,834,1,0.4860,0.5040,,,,,mask=0xA7;m=3;r=2
threshold_negative,candidate,835,1,0.5420,0.4920,,,,,mask=0xA8;m=2;r=0
threshold_negative,candidate,836,1,0.4580,0.5080,,,,,mask=0xA8;m=2;r=1
threshold_negative,candidate,837,1,0.4530,0.5180,,,,,mask=0xA8;m=3;r=0
threshold_negative,candidate,838,1,0.5050,0.5300,,,,,mask=0xA8;m=3;r=1
threshold_negative,candidate,839,1,0.5340,0.4900,,,,,mask=0xA8;m=3;r=2
threshold_negative,candidate,840,1,0.4730,0.4580,,,,,mask=0xA9;m=2;r=0
threshold_negative,candidate,841,1,0.5270,0.5420,,,,,mask=0xA9;m=2;r=1
threshold_negative,candidate,842,1,0.4830,0.4600,,,,,mask=0xA9;m=3;r=0
threshold_negative,candidate,843,1,0.5230,0.5100,,,,,mask=0xA9;m=3;r=1
threshold_negative,candidate,844,1,0.4860,0.5680,,,,,mask=0xA9;m=3;r=2
threshold_negative,candidate,845,1,0.4570,0.5160,,,,,mask=0xAA;m=2;r=0
threshold_negative,candidate,846,1,0.5430,0.4840,,,,,mask=0xAA;m=2;r=1
threshold_negative,candidate,847,1,0.4650,0.4700,,,,,mask=0xAA;m=3;r=0
threshold_negative,candidate,848,1,0.5230,0.5420,,,,,mask=0xAA;m=3;r=1
threshold_negative,candidate,849,1,0.5040,0.5260,,,,,mask=0xAA;m=3;r=2
threshold_negative,candidate,850,1,0.5410,0.5280,,,,,mask=0xAB;m=2;r=0
threshold_negative,candidate,851,1,0.4590,0.4720,,,,,mask=0xAB;m=2;r=1
threshold_negative,candidate,852,1,0.5170,0.5180,,,,,mask=0xAB;m=3;r=0
threshold_negative,candidate,853,1,0.4950,0.5020,,,,,mask=0xAB;m=3;r=1
threshold_negative,candidate,854,1,0.4800,0.5180,,,,,mask=0xAB;m=3;r=2
threshold_negative,candidate,855,1,0.4640,0.4700,,,,,mask=0xAC;m=2;r=0
threshold_negative,candidate,856,1,0.5360,0.5300,,,,,mask=0xAC;m=2;r=1
threshold_negative,candidate,857,1,0.4770,0.5020,,,,,mask=0xAC;m=3;r=0
threshold_negative,candidate,858,1,0.5040,0.5140,,,,,mask=0xAC;m=3;r=1
threshold_negative,candidate,859,1,0.5110,0.5220,,,,,mask=0xAC;m=3;r=2
threshold_negative,candidate,860,1,0.5460,0.5060,,,,,mask=0xAD;m=2;r=0
threshold_negative,candidate,861,1,0.4540,0.4940,,,,,mask=0xAD;m=2;r=1
threshold_negative,candidate,862,1,0.5130,0.4920,,,,,mask=0xAD;m=3;r=0
threshold_negative,candidate,863,1,0.4800,0.5160,,,,,mask=0xAD;m=3;r=1
threshold_negative,candidate,864,1,0.4990,0.5300,,,,,mask=0xAD;m=3;r=2
threshold_negative,candidate,865,1,0.5350,0.5220,,,,,mask=0xAE;m=2;r=0
threshold_negative,candidate,866,1,0.4650,0.4780,,,,,mask=0xAE;m=2;r=1
threshold_negative,candidate,867,1,0.5120,0.5480,,,,,mask=0xAE;m=3;r=0
threshold_negative,candidate,868,1,0.4630,0.5460,,,,,mask=0xAE;m=3;r=1
threshold_negative,candidate,869,1,0.5170,0.4440,,,,,mask=0xAE;m=3;r=2
threshold_negative,candidate,870,1,0.4560,0.4640,,,,,mask=0xAF;m=2;r=0
threshold_negative,candidate,871,1,0.5440,0.5360,,,,,mask=0xAF;m=2;r=1
threshold_negative,candidate,872,1,0.5110,0.5660,,,,,mask=0xAF;m=3;r=0
threshold_negative,candidate,873,1,0.5020,0.4620,,,,,mask=0xAF;m=3;r=1
threshold_negative,candidate,874,1,0.4790,0.5100,,,,,mask=0xAF;m=3;r=2
threshold_negative,candidate,875,1,0.5280,0.5500,,,,,mask=0xB0;m=2;r=0
threshold_negative,candidate,876,1,0.4720,0.4500,,,,,mask=0xB0;m=2;r=1
threshold_negative,candidate,877,1,0.4740,0.5100,,,,,mask=0xB0;m=3;r=0
threshold_negative,candidate,878,1,0.5130,0.5420,,,,,mask=0xB0;m=3;r=1
threshold_negative,candidate,879,1,0.5050,0.4860,,,,,mask=0xB0;m=3;r=2
threshold_negative,candidate,880,1,0.4680,0.5000,,,,,mask=0xB1;m=2;r=0
threshold_negative,candidate,881,1,0.5320,0.5000,,,,,mask=0xB1;m=2;r=1
threshold_negative,candidate,882,1,0.4860,0.4940,,,,,mask=0xB1;m=3;r=0
threshold_negative,candidate,883,1,0.4870,0.4940,,,,,mask=0xB1;m=3;r=1
threshold_negative,candidate,884,1,0.5190,0.5500,,,,,mask=0xB1;m=3;r=2
threshold_negative,candidate,885,1,0.4920,0.5280,,,,,mask=0xB2;m=2;r=0
threshold_negative,candidate,886,1,0.5080,0.4720,,,,,mask=0xB2;m=2;r=1
threshold_negative,candidate,887,1,0.4730,0.4800,,,,,mask=0xB2;m=3;r=0
threshold_negative,candidate,888,1,0.5070,0.5200,,,,,mask=0xB2;m=3;r=1
threshold_negative,candidate,889,1,0.5120,0.5380,,,,,mask=0xB2;m=3;r=2
threshold_negative,candidate,890,1,0.5250,0.5400,,,,,mask=0xB3;m=2;r=0
threshold_negative,candidate,891,1,0.4750,0.4600,,,,,mask=0xB3;m=2;r=1
threshold_negative,candidate,892,1,0.4890,0.4680,,,,,mask=0xB3;m=3;r=0
threshold_negative,candidate,893,1,0.4950,0.5660,,,,,mask=0xB3;m=3;r=1
threshold_negative,candidate,894,1,0.5080,0.5040,,,,,mask=0xB3;m=3;r=2
threshold_negative,candidate,895,1,0.4780,0.4640,,,,,mask=0xB4;m=2;r=0
threshold_negative,candidate,896,1,0.5220,0.5360,,,,,mask=0xB4;m=2;r=1
threshold_negative,candidate,897,1,0.4960,0.5140,,,,,mask=0xB4;m=3;r=0
threshold_negative,candidate,898,1,0.5030,0.4880,,,,,mask=0xB4;m=3;r=1
threshold_negative,candidate,899,1,0.4930,0.5360,,,,,mask=0xB4;m=3;r=2
threshold_negative,candidate,900,1,0.5290,0.5320,,,,,mask=0xB5;m=2;r=0
threshold_negative,candidate,901,1,0.4710,0.4680,,,,,mask=0xB5;m=2;r=1
threshold_negative,candidate,902,1,0.5100,0.5020,,,,,mask=0xB5;m=3;r=0
threshold_negative,candidate,903,1,0.5090,0.5260,,,,,mask=0xB5;m=3;r=1
threshold_negative,candidate,904,1,0.4730,0.5100,,,,,mask=0xB5;m=3;r=2
threshold_negative,candidate,905,1,0.5640,0.5820,,,,,mask=0xB6;m=2;r=0
threshold_negative,candidate,906,1,0.4360,0.4180,,,,,mask=0xB6;m=2;r=1
threshold_negative,candidate,907,1,0.5020,0.4860,,,,,mask=0xB6;m=3;r=0
threshold_negative,candidate,908,1,0.4790,0.5440,,,,,mask=0xB6;m=3;r=1
threshold_negative,candidate,909,1,0.5110,0.5080,,,,,mask=0xB6;m=3;r=2
threshold_negative,candidate,910,1,0.4620,0.4440,,,,,mask=0xB7;m=2;r=0
threshold_negative,candidate,911,1,0.5380,0.5560,,,,,mask=0xB7;m=2;r=1
threshold_negative,candidate,912,1,0.4790,0.5680,,,,,mask=0xB7;m=3;r=0
threshold_negative,candidate,913,1,0.5120,0.4360,,,,,mask=0xB7;m=3;r=1
threshold_negative,candidate,914,1,0.5010,0.5340,,,,,mask=0xB7;m=3;r=2
threshold_negative,candidate,915,1,0.4480,0.4860,,,,,mask=0xB8;m=2;r=0
threshold_negative,candidate,916,1,0.5520,0.5140,,,,,mask=0xB8;m=2;r=1
threshold_negative,candidate,917,1,0.4690,0.5200,,,,,mask=0xB8;m=3;r=0
threshold_negative,candidate,918,1,0.5020,0.5220,,,,,mask=0xB8;m=3;r=1
threshold_negative,candidate,919,1,0.5210,0.4960,,,,,mask=0xB8;m=3;r=2
threshold_negative,candidate,920,1,0.5420,0.5040,,,,,mask=0xB9;m=2;r=0
threshold_negative,candidate,921,1,0.4580,0.4960,,,,,mask=0xB9;m=2;r=1
threshold_negative,candidate,922,1,0.4940,0.4920,,,,,mask=0xB9;m=3;r=0
threshold_negative,candidate,923,1,0.5170,0.5260,,,,,mask=0xB9;m=3;r=1
threshold_negative,candidate,924,1,0.4810,0.5200,,,,,mask=0xB9;m=3;r=2
threshold_negative,candidate,925,1,0.5410,0.5620,,,,,mask=0xBA;m=2;r=0
threshold_negative,candidate,926,1,0.4590,0.4380,,,,,mask=0xBA;m=2;r=1
threshold_negative,candidate,927,1,0.5250,0.5180,,,,,mask=0xBA;m=3;r=0
threshold_negative,candidate,928,1,0.4800,0.5000,,,,,mask=0xBA;m=3;r=1
threshold_negative,candidate,929,1,0.4870,0.5200,,,,,mask=0xBA;m=3;r=2
threshold_negative,candidate,930,1,0.4560,0.5100,,,,,mask=0xBB;m=2;r=0
threshold_negative,candidate,931,1,0.5440,0.4900,,,,,mask=0xBB;m=2;r=1
threshold_negative,candidate,932,1,0.4840,0.5260,,,,,mask=0xBB;m=3;r=0
threshold_negative,candidate,933,1,0.5110,0.4980,,,,,mask=0xBB;m=3;r=1
threshold_negative,candidate,934,1,0.4970,0.5140,,,,,mask=0xBB;m=3;r=2
threshold_negative,candidate,935,1,0.5550,0.5860,,,,,mask=0xBC;m=2;r=0
threshold_negative,candidate,936,1,0.4450,0.4140,,,,,mask=0xBC;m=2;r=1
threshold_negative,candidate,937,1,0.4730,0.5340,,,,,mask=0xBC;m=3;r=0
threshold_negative,candidate,938,1,0.4820,0.4900,,,,,mask=0xBC;m=3;r=1
threshold_negative,candidate,939,1,0.5370,0.5140,,,,,mask=0xBC;m=3;r=2
threshold_negative,candidate,940,1,0.4760,0.4620,,,,,mask=0xBD;m=2;r=0
threshold_negative,candidate,941,1,0.5240,0.5380,,,,,mask=0xBD;m=2;r=1
threshold_negative,candidate,942,1,0.4950,0.5000,,,,,mask=0xBD;m=3;r=0
threshold_negative,candidate,943,1,0.4970,0.5100,,,,,mask=0xBD;m=3;r=1
threshold_negative,candidate,944,1,0.5000,0.5280,,,,,mask=0xBD;m=3;r=2
threshold_negative,candidate,945,1,0.4780,0.4740,,,,,mask=0xBE;m=2;r=0
threshold_negative,candidate,946,1,0.5220,0.5260,,,,,mask=0xBE;m=2;r=1
threshold_negative,candidate,947,1,0.4880,0.5160,,,,,mask=0xBE;m=3;r=0
threshold_negative,candidate,948,1,0.5140,0.5100,,,,,mask=0xBE;m=3;r=1
threshold_negative,candidate,949,1,0.4900,0.5120,,,,,mask=0xBE;m=3;r=2
threshold_negative,candidate,950,1,0.5640,0.5480,,,,,mask=0xBF;m=2;r=0
threshold_negative,candidate,951,1,0.4360,0.4520,,,,,mask=0xBF;m=2;r=1
threshold_negative,candidate,952,1,0.4460,0.4940,,,,,mask=0xBF;m=3;r=0
threshold_negative,candidate,953,1,0.5260,0.5360,,,,,mask=0xBF;m=3;r=1
threshold_negative,candidate,954,1,0.5200,0.5080,,,,,mask=0xBF;m=3;r=2
threshold_negative,candidate,955,1,0.4780,0.4860,,,,,mask=0xC0;m=2;r=0
threshold_negative,candidate,956,1,0.5220,0.5140,,,,,mask=0xC0;m=2;r=1
threshold_negative,candidate,957,1,0.4710,0.5320,,,,,mask=0xC0;m=3;r=0
threshold_negative,candidate,958,1,0.4970,0.5100,,,,,mask=0xC0;m=3;r=1
threshold_negative,candidate,959,1,0.5240,0.4960,,,,,mask=0xC0;m=3;r=2
threshold_negative,candidate,960,1,0.5270,0.5540,,,,,mask=0xC1;m=2;r=0
threshold_negative,candidate,961,1,0.4730,0.4460,,,,,mask=0xC1;m=2;r=1
threshold_negative,candidate,962,1,0.5260,0.5300,,,,,mask=0xC1;m=3;r=0
threshold_negative,candidate,963,1,0.4890,0.5000,,,,,mask=0xC1;m=3;r=1
threshold_negative,candidate,964,1,0.4770,0.5080,,,,,mask=0xC1;m=3;r=2
threshold_negative,candidate,965,1,0.5630,0.5340,,,,,mask=0xC2;m=2;r=0
threshold_negative,candidate,966,1,0.4370,0.4660,,,,,mask=0xC2;m=2;r=1
threshold_negative,candidate,967,1,0.4900,0.5080,,,,,mask=0xC2;m=3;r=0
threshold_negative,candidate,968,1,0.5140,0.5300,,,,,mask=0xC2;m=3;r=1
threshold_negative,candidate,969,1,0.4880,0.5000,,,,,mask=0xC2;m=3;r=2
threshold_negative,candidate,970,1,0.4850,0.4640,,,,,mask=0xC3;m=2;r=0
threshold_negative,candidate,971,1,0.5150,0.5360,,,,,mask=0xC3;m=2;r=1
threshold_negative,candidate,972,1,0.4760,0.4840,,,,,mask=0xC3;m=3;r=0
threshold_negative,candidate,973,1,0.5190,0.5580,,,,,mask=0xC3;m=3;r=1
threshold_negative,candidate,974,1,0.4970,0.4960,,,,,mask=0xC3;m=3;r=2
threshold_negative,candidate,975,1,0.5350,0.5540,,,,,mask=0xC4;m=2;r=0
threshold_negative,candidate,976,1,0.4650,0.4460,,,,,mask=0xC4;m=2;r=1
threshold_negative,candidate,977,1,0.5040,0.4920,,,,,mask=0xC4;m=3;r=0
threshold_negative,candidate,978,1,0.5090,0.5100,,,,,mask=0xC4;m=3;r=1
threshold_negative,candidate,979,1,0.4790,0.5360,,,,,mask=0xC4;m=3;r=2
threshold_negative,candidate,980,1,0.4950,0.4680,,,,,mask=0xC5;m=2;r=0
threshold_negative,candidate,981,1,0.5050,0.5320,,,,,mask=0xC5;m=2;r=1
threshold_negative,candidate,982,1,0.5020,0.4820,,,,,mask=0xC5;m=3;r=0
threshold_negative,candidate,983,1,0.5010,0.5320,,,,,mask=0xC5;m=3;r=1
threshold_negative,candidate,984,1,0.4890,0.5240,,,,,mask=0xC5;m=3;r=2
threshold_negative,candidate,985,1,0.5060,0.4660,,,,,mask=0xC6;m=2;r=0
threshold_negative,candidate,986,1,0.4940,0.5340,,,,,mask=0xC6;m=2;r=1
threshold_negative,candidate,987,1,0.4970,0.4860,,,,,mask=0xC6;m=3;r=0
threshold_negative,candidate,988,1,0.4990,0.5160,,,,,mask=0xC6;m=3;r=1
threshold_negative,candidate,989,1,0.4960,0.5360,,,,,mask=0xC6;m=3;r=2
threshold_negative,candidate,990,1,0.5370,0.5340,,,,,mask=0xC7;m=2;r=0
threshold_negative,candidate,991,1,0.4630,0.4660,,,,,mask=0xC7;m=2;r=1
threshold_negative,candidate,992,1,0.5080,0.5000,,,,,mask=0xC7;m=3;r=0
threshold_negative,candidate,993,1,0.4780,0.5080,,,,,mask=0xC7;m=3;r=1
threshold_negative,candidate,994,1,0.5060,0.5300,,,,,mask=0xC7;m=3;r=2
threshold_negative,candidate,995,1,0.5560,0.5120,,,,,mask=0xC8;m=2;r=0
threshold_negative,candidate,996,1,0.4440,0.4880,,,,,mask=0xC8;m=2;r=1
threshold_negative,candidate,997,1,0.5020,0.5220,,,,,mask=0xC8;m=3;r=0
threshold_negative,candidate,998,1,0.5080,0.5300,,,,,mask=0xC8;m=3;r=1
threshold_negative,candidate,999,1,0.4820,0.4860,,,,,mask=0xC8;m=3;r=2
threshold_negative,candidate,1000,1,0.4790,0.5000,,,,,mask=0xC9;m=2;r=0
threshold_negative,candidate,1001,1,0.5210,0.5000,,,,,mask=0xC9;m=2;r=1
threshold_negative,candidate,1002,1,0.4830,0.5000,,,,,mask=0xC9;m=3;r=0
threshold_negative,candidate,1003,1,0.5170,0.5220,,,,,mask=0xC9;m=3;r=1
threshold_negative,candidate,1004,1,0.4920,0.5160,,,,,mask=0xC9;m=3;r=2
threshold_negative,candidate,1005,1,0.4880,0.4540,,,,,mask=0xCA;m=2;r=0
threshold_negative,candidate,1006,1,0.5120,0.5460,,,,,mask=0xCA;m=2;r=1
threshold_negative,candidate,1007,1,0.5090,0.4860,,,,,mask=0xCA;m=3;r=0
threshold_negative,candidate,1008,1,0.5090,0.5340,,,,,mask=0xCA;m=3;r=1
threshold_negative,candidate,1009,1,0.4740,0.5180,,,,,mask=0xCA;m=3;r=2
threshold_negative,candidate,1010,1,0.5500,0.5360,,,,,mask=0xCB;m=2;r=0
threshold_negative,candidate,1011,1,0.4500,0.4640,,,,,mask=0xCB;m=2;r=1
threshold_negative,candidate,1012,1,0.4810,0.5260,,,,,mask=0xCB;m=3;r=0
threshold_negative,candidate,1013,1,0.5040,0.5280,,,,,mask=0xCB;m=3;r=1
threshold_negative,candidate,1014,1,0.5070,0.4840,,,,,mask=0xCB;m=3;r=2
threshold_negative,candidate,1015,1,0.5060,0.4580,,,,,mask=0xCC;m=2;r=0
threshold_negative,candidate,1016,1,0.4940,0.5420,,,,,mask=0xCC;m=2;r=1
threshold_negative,candidate,1017,1,0.4910,0.4880,,,,,mask=0xCC;m=3;r=0
threshold_negative,candidate,1018,1,0.4840,0.5120,,,,,mask=0xCC;m=3;r=1
threshold_negative,candidate,1019,1,0.5170,0.5380,,,,,mask=0xCC;m=3;r=2
threshold_negative,candidate,1020,1,0.5560,0.5320,,,,,mask=0xCD;m=2;r=0
threshold_negative,candidate,1021,1,0.4440,0.4680,,,,,mask=0xCD;m=2;r=1
threshold_negative,candidate,1022,1,0.5090,0.4700,,,,,mask=0xCD;m=3;r=0
threshold_negative,candidate,1023,1,0.4940,0.5660,,,,,mask=0xCD;m=3;r=1
threshold_negative,candidate,1024,1,0.4890,0.5020,,,,,mask=0xCD;m=3;r=2
threshold_negative,candidate,1025,1,0.5300,0.5720,,,,,mask=0xCE;m=2;r=0
threshold_negative,candidate,1026,1,0.4700,0.4280,,,,,mask=0xCE;m=2;r=1
threshold_negative,candidate,1027,1,0.4950,0.5120,,,,,mask=0xCE;m=3;r=0
threshold_negative,candidate,1028,1,0.4840,0.5200,,,,,mask=0xCE;m=3;r=1
threshold_negative,candidate,1029,1,0.5130,0.5060,,,,,mask=0xCE;m=3;r=2
threshold_negative,candidate,1030,1,0.4910,0.4400,,,,,mask=0xCF;m=2;r=0
threshold_negative,candidate,1031,1,0.5090,0.5600,,,,,mask=0xCF;m=2;r=1
threshold_negative,candidate,1032,1,0.5300,0.5600,,,,,mask=0xCF;m=3;r=0
threshold_negative,candidate,1033,1,0.4850,0.4780,,,,,mask=0xCF;m=3;r=1
threshold_negative,candidate,1034,1,0.4770,0.5000,,,,,mask=0xCF;m=3;r=2
threshold_negative,candidate,1035,1,0.5590,0.5260,,,,,mask=0xD0;m=2;r=0
threshold_negative,candidate,1036,1,0.4410,0.4740,,,,,mask=0xD0;m=2;r=1
threshold_negative,candidate,1037,1,0.4960,0.4980,,,,,mask=0xD0;m=3;r=0
threshold_negative,candidate,1038,1,0.5030,0.5060,,,,,mask=0xD0;m=3;r=1
threshold_negative,candidate,1039,1,0.4930,0.5340,,,,,mask=0xD0;m=3;r=2
threshold_negative,candidate,1040,1,0.4570,0.4580,,,,,mask=0xD1;m=2;r=0
threshold_negative,candidate,1041,1,0.5430,0.5420,,,,,mask=0xD1;m=2;r=1
threshold_negative,candidate,1042,1,0.4660,0.5020,,,,,mask=0xD1;m=3;r=0
threshold_negative,candidate,1043,1,0.5230,0.5080,,,,,mask=0xD1;m=3;r=1
threshold_negative,candidate,1044,1,0.5030,0.5280,,,,,mask=0xD1;m=3;r=2
threshold_negative,candidate,1045,1,0.5220,0.4500,,,,,mask=0xD2;m=2;r=0
threshold_negative,candidate,1046,1,0.4780,0.5500,,,,,mask=0xD2;m=2;r=1
threshold_negative,candidate,1047,1,0.4920,0.5000,,,,,mask=0xD2;m=3;r=0
threshold_negative,candidate,1048,1,0.5240,0.4960,,,,,mask=0xD2;m=3;r=1
threshold_negative,candidate,1049,1,0.4760,0.5420,,,,,mask=0xD2;m=3;r=2
threshold_negative,candidate,1050,1,0.5270,0.5440,,,,,mask=0xD3;m=2;r=0
threshold_negative,candidate,1051,1,0.4730,0.4560,,,,,mask=0xD3;m=2;r=1
threshold_negative,candidate,1052,1,0.5080,0.5020,,,,,mask=0xD3;m=3;r=0
threshold_negative,candidate,1053,1,0.4980,0.5020,,,,,mask=0xD3;m=3;r=1
threshold_negative,candidate,1054,1,0.4860,0.5340,,,,,mask=0xD3;m=3;r=2
threshold_negative,candidate,1055,1,0.4790,0.4480,,,,,mask=0xD4;m=2;r=0
threshold_negative,candidate,1056,1,0.5210,0.5520,,,,,mask=0xD4;m=2;r=1
threshold_negative,candidate,1057,1,0.4720,0.4980,,,,,mask=0xD4;m=3;r=0
threshold_negative,candidate,1058,1,0.5100,0.5180,,,,,mask=0xD4;m=3;r=1
threshold_negative,candidate,1059,1,0.5100,0.5220,,,,,mask=0xD4;m=3;r=2
threshold_negative,candidate,1060,1,0.5100,0.5380,,,,,mask=0xD5;m=2;r=0
threshold_negative,candidate,1061,1,0.4900,0.4620,,,,,mask=0xD5;m=2;r=1
threshold_negative,candidate,1062,1,0.5090,0.5020,,,,,mask=0xD5;m=3;r=0
threshold_negative,candidate,1063,1,0.4980,0.5420,,,,,mask=0xD5;m=3;r=1
threshold_negative,candidate,1064,1,0.4850,0.4940,,,,,mask=0xD5;m=3;r=2
threshold_negative,candidate,1065,1,0.5540,0.5400,,,,,mask=0xD6;m=2;r=0
threshold_negative,candidate,1066,1,0.4460,0.4600,,,,,mask=0xD6;m=2;r=1
threshold_negative,candidate,1067,1,0.5090,0.5360,,,,,mask=0xD6;m=3;r=0
threshold_negative,candidate,1068,1,0.5140,0.5180,,,,,mask=0xD6;m=3;r=1
threshold_negative,candidate,1069,1,0.4690,0.4840,,,,,mask=0xD6;m=3;r=2
threshold_negative,candidate,1070,1,0.4960,0.4360,,,,,mask=0xD7;m=2;r=0
threshold_negative,candidate,1071,1,0.5040,0.5640,,,,,mask=0xD7;m=2;r=1
threshold_negative,candidate,1072,1,0.4890,0.5240,,,,,mask=0xD7;m=3;r=0
threshold_negative,candidate,1073,1,0.5090,0.4840,,,,,mask=0xD7;m=3;r=1
threshold_negative,candidate,1074,1,0.4940,0.5300,,,,,mask=0xD7;m=3;r=2
threshold_negative,candidate,1075,1,0.4780,0.4520,,,,,mask=0xD8;m=2;r=0
threshold_negative,candidate,1076,1,0.5220,0.5480,,,,,mask=0xD8;m=2;r=1
threshold_negative,candidate,1077,1,0.4760,0.4780,,,,,mask=0xD8;m=3;r=0
threshold_negative,candidate,1078,1,0.5170,0.5340,,,,,mask=0xD8;m=3;r=1
threshold_negative,candidate,1079,1,0.4990,0.5260,,,,,mask=0xD8;m=3;r=2
threshold_negative,candidate,1080,1,0.5300,0.5120,,,,,mask=0xD9;m=2;r=0
threshold_negative,candidate,1081,1,0.4700,0.4880,,,,,mask=0xD9;m=2;r=1
threshold_negative,candidate,1082,1,0.4870,0.5040,,,,,mask=0xD9;m=3;r=0
threshold_negative,candidate,1083,1,0.5220,0.5200,,,,,mask=0xD9;m=3;r=1
threshold_negative,candidate,1084,1,0.4830,0.5140,,,,,mask=0xD9;m=3;r=2
threshold_negative,candidate,1085,1,0.5500,0.5380,,,,,mask=0xDA;m=2;r=0
threshold_negative,candidate,1086,1,0.4500,0.4620,,,,,mask=0xDA;m=2;r=1
threshold_negative,candidate,1087,1,0.4810,0.5560,,,,,mask=0xDA;m=3;r=0
threshold_negative,candidate,1088,1,0.5010,0.4880,,,,,mask=0xDA;m=3;r=1
threshold_negative,candidate,1089,1,0.5100,0.4940,,,,,mask=0xDA;m=3;r=2
threshold_negative,candidate,1090,1,0.4690,0.4640,,,,,mask=0xDB;m=2;r=0
threshold_negative,candidate,1091,1,0.5310,0.5360,,,,,mask=0xDB;m=2;r=1
threshold_negative,candidate,1092,1,0.5110,0.5140,,,,,mask=0xDB;m=3;r=0
threshold_negative,candidate,1093,1,0.4930,0.5140,,,,,mask=0xDB;m=3;r=1
threshold_negative,candidate,1094,1,0.4880,0.5100,,,,,mask=0xDB;m=3;r=2
threshold_negative,candidate,1095,1,0.5370,0.5200,,,,,mask=0xDC;m=2;r=0
threshold_negative,candidate,1096,1,0.4630,0.4800,,,,,mask=0xDC;m=2;r=1
threshold_negative,candidate,1097,1,0.4790,0.5060,,,,,mask=0xDC;m=3;r=0
threshold_negative,candidate,1098,1,0.4960,0.5140,,,,,mask=0xDC;m=3;r=1
threshold_negative,candidate,1099,1,0.5170,0.5180,,,,,mask=0xDC;m=3;r=2
threshold_negative,candidate,1100,1,0.4800,0.4740,,,,,mask=0xDD;m=2;r=0
threshold_negative,candidate,1101,1,0.5200,0.5260,,,,,mask=0xDD;m=2;r=1
threshold_negative,candidate,1102,1,0.5130,0.4980,,,,,mask=0xDD;m=3;r=0
threshold_negative,candidate,1103,1,0.4850,0.5060,,,,,mask=0xDD;m=3;r=1
threshold_negative,candidate,1104,1,0.4940,0.5340,,,,,mask=0xDD;m=3;r=2
threshold_negative,candidate,1105,1,0.4830,0.4420,,,,,mask=0xDE;m=2;r=0
threshold_negative,candidate,1106,1,0.5170,0.5580,,,,,mask=0xDE;m=2;r=1
threshold_negative,candidate,1107,1,0.5120,0.5120,,,,,mask=0xDE;m=3;r=0
threshold_negative,candidate,1108,1,0.4830,0.4660,,,,,mask=0xDE;m=3;r=1
threshold_negative,candidate,1109,1,0.4970,0.5600,,,,,mask=0xDE;m=3;r=2
threshold_negative,candidate,1110,1,0.5550,0.5940,,,,,mask=0xDF;m=2;r=0
threshold_negative,candidate,1111,1,0.4450,0.4060,,,,,mask=0xDF;m=2;r=1
threshold_negative,candidate,1112,1,0.4570,0.4820,,,,,mask=0xDF;m=3;r=0
threshold_negative,candidate,1113,1,0.5340,0.5560,,,,,mask=0xDF;m=3;r=1
threshold_negative,candidate,1114,1,0.5010,0.5000,,,,,mask=0xDF;m=3;r=2
threshold_negative,candidate,1115,1,0.5580,0.5040,,,,,mask=0xE0;m=2;r=0
threshold_negative,candidate,1116,1,0.4420,0.4960,,,,,mask=0xE0;m=2;r=1
threshold_negative,candidate,1117,1,0.4740,0.5380,,,,,mask=0xE0;m=3;r=0
threshold_negative,candidate,1118,1,0.5200,0.4980,,,,,mask=0xE0;m=3;r=1
threshold_negative,candidate,1119,1,0.4980,0.5020,,,,,mask=0xE0;m=3;r=2
threshold_negative,candidate,1120,1,0.4770,0.4760,,,,,mask=0xE1;m=2;r=0
threshold_negative,candidate,1121,1,0.5230,0.5240,,,,,mask=0xE1;m=2;r=1
threshold_negative,candidate,1122,1,0.4790,0.5140,,,,,mask=0xE1;m=3;r=0
threshold_negative,candidate,1123,1,0.5120,0.5060,,,,,mask=0xE1;m=3;r=1
threshold_negative,candidate,1124,1,0.5010,0.5180,,,,,mask=0xE1;m=3;r=2
threshold_negative,candidate,1125,1,0.4700,0.4620,,,,,mask=0xE2;m=2;r=0
threshold_negative,candidate,1126,1,0.5300,0.5380,,,,,mask=0xE2;m=2;r=1
threshold_negative,candidate,1127,1,0.5040,0.4800,,,,,mask=0xE2;m=3;r=0
threshold_negative,candidate,1128,1,0.5050,0.5500,,,,,mask=0xE2;m=3;r=1
threshold_negative,candidate,1129,1,0.4830,0.5080,,,,,mask=0xE2;m=3;r=2
threshold_negative,candidate,1130,1,0.5360,0.5640,,,,,mask=0xE3;m=2;r=0
threshold_negative,candidate,1131,1,0.4640,0.4360,,,,,mask=0xE3;m=2;r=1
threshold_negative,candidate,1132,1,0.5120,0.5260,,,,,mask=0xE3;m=3;r=0
threshold_negative,candidate,1133,1,0.4890,0.5500,,,,,mask=0xE3;m=3;r=1
threshold_negative,candidate,1134,1,0.4910,0.4620,,,,,mask=0xE3;m=3;r=2
threshold_negative,candidate,1135,1,0.4960,0.4920,,,,,mask=0xE4;m=2;r=0
threshold_negative,candidate,1136,1,0.5040,0.5080,,,,,mask=0xE4;m=2;r=1
threshold_negative,candidate,1137,1,0.4950,0.4760,,,,,mask=0xE4;m=3;r=0
threshold_negative,candidate,1138,1,0.4920,0.5440,,,,,mask=0xE4;m=3;r=1
threshold_negative,candidate,1139,1,0.5050,0.5180,,,,,mask=0xE4;m=3;r=2
threshold_negative,candidate,1140,1,0.5180,0.5060,,,,,mask=0xE5;m=2;r=0
threshold_negative,candidate,1141,1,0.4820,0.4940,,,,,mask=0xE5;m=2;r=1
threshold_negative,candidate,1142,1,0.4880,0.4940,,,,,mask=0xE5;m=3;r=0
threshold_negative,candidate,1143,1,0.5050,0.5320,,,,,mask=0xE5;m=3;r=1
threshold_negative,candidate,1144,1,0.4990,0.5120,,,,,mask=0xE5;m=3;r=2
threshold_negative,candidate,1145,1,0.5240,0.5100,,,,,mask=0xE6;m=2;r=0
threshold_negative,candidate,1146,1,0.4760,0.4900,,,,,mask=0xE6;m=2;r=1
threshold_negative,candidate,1147,1,0.5010,0.5080,,,,,mask=0xE6;m=3;r=0
threshold_negative,candidate,1148,1,0.4910,0.5160,,,,,mask=0xE6;m=3;r=1
threshold_negative,candidate,1149,1,0.5000,0.5140,,,,,mask=0xE6;m=3;r=2
threshold_negative,candidate,1150,1,0.4630,0.4700,,,,,mask=0xE7;m=2;r=0
threshold_negative,candidate,1151,1,0.5370,0.5300,,,,,mask=0xE7;m=2;r=1
threshold_negative,candidate,1152,1,0.4750,0.5200,,,,,mask=0xE7;m=3;r=0
threshold_negative,candidate,1153,1,0.5160,0.4980,,,,,mask=0xE7;m=3;r=1
threshold_negative,candidate,1154,1,0.5010,0.5200,,,,,mask=0xE7;m=3;r=2
threshold_negative,candidate,1155,1,0.5010,0.5020,,,,,mask=0xE8;m=2;r=0
threshold_negative,candidate,1156,1,0.4990,0.4980,,,,,mask=0xE8;m=2;r=1
threshold_negative,candidate,1157,1,0.4780,0.5060,,,,,mask=0xE8;m=3;r=0
threshold_negative,candidate,1158,1,0.5120,0.5220,,,,,mask=0xE8;m=3;r=1
threshold_negative,candidate,1159,1,0.5020,0.5100,,,,,mask=0xE8;m=3;r=2
threshold_negative,candidate,1160,1,0.5700,0.5380,,,,,mask=0xE9;m=2;r=0
threshold_negative,candidate,1161,1,0.4300,0.4620,,,,,mask=0xE9;m=2;r=1
threshold_negative,candidate,1162,1,0.5230,0.4740,,,,,mask=0xE9;m=3;r=0
threshold_negative,candidate,1163,1,0.4850,0.5020,,,,,mask=0xE9;m=3;r=1
threshold_negative,candidate,1164,1,0.4840,0.5620,,,,,mask=0xE9;m=3;r=2
threshold_negative,candidate,1165,1,0.5500,0.5100,,,,,mask=0xEA;m=2;r=0
threshold_negative,candidate,1166,1,0.4500,0.4900,,,,,mask=0xEA;m=2;r=1
threshold_negative,candidate,1167,1,0.5010,0.5140,,,,,mask=0xEA;m=3;r=0
threshold_negative,candidate,1168,1,0.4860,0.5220,,,,,mask=0xEA;m=3;r=1
threshold_negative,candidate,1169,1,0.5050,0.5020,,,,,mask=0xEA;m=3;r=2
threshold_negative,candidate,1170,1,0.4960,0.4920,,,,,mask=0xEB;m=2;r=0
threshold_negative,candidate,1171,1,0.5040,0.5080,,,,,mask=0xEB;m=2;r=1
threshold_negative,candidate,1172,1,0.5060,0.5400,,,,,mask=0xEB;m=3;r=0
threshold_negative,candidate,1173,1,0.4800,0.5120,,,,,mask=0xEB;m=3;r=1
threshold_negative,candidate,1174,1,0.5060,0.4860,,,,,mask=0xEB;m=3;r=2
threshold_negative,candidate,1175,1,0.5260,0.5080,,,,,mask=0xEC;m=2;r=0
threshold_negative,candidate,1176,1,0.4740,0.4920,,,,,mask=0xEC;m=2;r=1
threshold_negative,candidate,1177,1,0.4820,0.5200,,,,,mask=0xEC;m=3;r=0
threshold_negative,candidate,1178,1,0.4900,0.4940,,,,,mask=0xEC;m=3;r=1
threshold_negative,candidate,1179,1,0.5200,0.5240,,,,,mask=0xEC;m=3;r=2
threshold_negative,candidate,1180,1,0.4760,0.4380,,,,,mask=0xED;m=2;r=0
threshold_negative,candidate,1181,1,0.5240,0.5620,,,,,mask=0xED;m=2;r=1
threshold_negative,candidate,1182,1,0.4910,0.5020,,,,,mask=0xED;m=3;r=0
threshold_negative,candidate,1183,1,0.5050,0.5100,,,,,mask=0xED;m=3;r=1
threshold_negative,candidate,1184,1,0.4960,0.5260,,,,,mask=0xED;m=3;r=2
threshold_negative,candidate,1185,1,0.4770,0.4560,,,,,mask=0xEE;m=2;r=0
threshold_negative,candidate,1186,1,0.5230,0.5440,,,,,mask=0xEE;m=2;r=1
threshold_negative,candidate,1187,1,0.4890,0.5020,,,,,mask=0xEE;m=3;r=0
threshold_negative,candidate,1188,1,0.5070,0.4960,,,,,mask=0xEE;m=3;r=1
threshold_negative,candidate,1189,1,0.4960,0.5400,,,,,mask=0xEE;m=3;r=2
threshold_negative,candidate,1190,1,0.5920,0.5560,,,,,mask=0xEF;m=2;r=0
threshold_negative,candidate,1191,1,0.4080,0.4440,,,,,mask=0xEF;m=2;r=1
threshold_negative,candidate,1192,1,0.4640,0.4660,,,,,mask=0xEF;m=3;r=0
threshold_negative,candidate,1193,1,0.5370,0.5660,,,,,mask=0xEF;m=3;r=1
threshold_negative,candidate,1194,1,0.4910,0.5060,,,,,mask=0xEF;m=3;r=2
threshold_negative,candidate,1195,1,0.5090,0.4960,,,,,mask=0xF0;m=2;r=0
threshold_negative,candidate,1196,1,0.4910,0.5040,,,,,mask=0xF0;m=2;r=1
threshold_negative,candidate,1197,1,0.4930,0.5060,,,,,mask=0xF0;m=3;r=0
threshold_negative,candidate,1198,1,0.5010,0.5200,,,,,mask=0xF0;m=3;r=1
threshold_negative,candidate,1199,1,0.4980,0.5120,,,,,mask=0xF0;m=3;r=2
threshold_negative,candidate,1200,1,0.5450,0.5400,,,,,mask=0xF1;m=2;r=0
threshold_negative,candidate,1201,1,0.4550,0.4600,,,,,mask=0xF1;m=2;r=1
threshold_negative,candidate,1202,1,0.4930,0.5100,,,,,mask=0xF1;m=3;r=0
threshold_negative,candidate,1203,1,0.5170,0.5140,,,,,mask=0xF1;m=3;r=1
threshold_negative,candidate,1204,1,0.4820,0.5140,,,,,mask=0xF1;m=3;r=2
threshold_negative,candidate,1205,1,0.5590,0.5220,,,,,mask=0xF2;m=2;r=0
threshold_negative,candidate,1206,1,0.4410,0.4780,,,,,mask=0xF2;m=2;r=1
threshold_negative,candidate,1207,1,0.4930,0.5280,,,,,mask=0xF2;m=3;r=0
threshold_negative,candidate,1208,1,0.4920,0.5120,,,,,mask=0xF2;m=3;r=1
threshold_negative,candidate,1209,1,0.5070,0.4980,,,,,mask=0xF2;m=3;r=2
threshold_negative,candidate,1210,1,0.4640,0.4440,,,,,mask=0xF3;m=2;r=0
threshold_negative,candidate,1211,1,0.5360,0.5560,,,,,mask=0xF3;m=2;r=1
threshold_negative,candidate,1212,1,0.5060,0.5560,,,,,mask=0xF3;m=3;r=0
threshold_negative,candidate,1213,1,0.4860,0.4640,,,,,mask=0xF3;m=3;r=1
threshold_negative,candidate,1214,1,0.5000,0.5180,,,,,mask=0xF3;m=3;r=2
threshold_negative,candidate,1215,1,0.5180,0.5380,,,,,mask=0xF4;m=2;r=0
threshold_negative,candidate,1216,1,0.4820,0.4620,,,,,mask=0xF4;m=2;r=1
threshold_negative,candidate,1217,1,0.5130,0.5240,,,,,mask=0xF4;m=3;r=0
threshold_negative,candidate,1218,1,0.5120,0.5160,,,,,mask=0xF4;m=3;r=1
threshold_negative,candidate,1219,1,0.4670,0.4980,,,,,mask=0xF4;m=3;r=2
threshold_negative,candidate,1220,1,0.4910,0.4880,,,,,mask=0xF5;m=2;r=0
threshold_negative,candidate,1221,1,0.5090,0.5120,,,,,mask=0xF5;m=2;r=1
threshold_negative,candidate,1222,1,0.4730,0.5340,,,,,mask=0xF5;m=3;r=0
threshold_negative,candidate,1223,1,0.4790,0.5020,,,,,mask=0xF5;m=3;r=1
threshold_negative,candidate,1224,1,0.5400,0.5020,,,,,mask=0xF5;m=3;r=2
threshold_negative,candidate,1225,1,0.4860,0.4520,,,,,mask=0xF6;m=2;r=0
threshold_negative,candidate,1226,1,0.5140,0.5480,,,,,mask=0xF6;m=2;r=1
threshold_negative,candidate,1227,1,0.5030,0.5120,,,,,mask=0xF6;m=3;r=0
threshold_negative,candidate,1228,1,0.4890,0.5080,,,,,mask=0xF6;m=3;r=1
threshold_negative,candidate,1229,1,0.5000,0.5180,,,,,mask=0xF6;m=3;r=2
threshold_negative,candidate,1230,1,0.5600,0.5920,,,,,mask=0xF7;m=2;r=0
threshold_negative,candidate,1231,1,0.4400,0.4080,,,,,mask=0xF7;m=2;r=1
threshold_negative,candidate,1232,1,0.4550,0.4700,,,,,mask=0xF7;m=3;r=0
threshold_negative,candidate,1233,1,0.5360,0.5620,,,,,mask=0xF7;m=3;r=1
threshold_negative,candidate,1234,1,0.5010,0.5060,,,,,mask=0xF7;m=3;r=2
threshold_negative,candidate,1235,1,0.5670,0.5100,,,,,mask=0xF8;m=2;r=0
threshold_negative,candidate,1236,1,0.4330,0.4900,,,,,mask=0xF8;m=2;r=1
threshold_negative,candidate,1237,1,0.5070,0.5300,,,,,mask=0xF8;m=3;r=0
threshold_negative,candidate,1238,1,0.5000,0.4980,,,,,mask=0xF8;m=3;r=1
threshold_negative,candidate,1239,1,0.4850,0.5100,,,,,mask=0xF8;m=3;r=2
threshold_negative,candidate,1240,1,0.4730,0.4660,,,,,mask=0xF9;m=2;r=0
threshold_negative,candidate,1241,1,0.5270,0.5340,,,,,mask=0xF9;m=2;r=1
threshold_negative,candidate,1242,1,0.4990,0.5500,,,,,mask=0xF9;m=3;r=0
threshold_negative,candidate,1243,1,0.4790,0.5180,,,,,mask=0xF9;m=3;r=1
threshold_negative,candidate,1244,1,0.5140,0.4700,,,,,mask=0xF9;m=3;r=2
threshold_negative,candidate,1245,1,0.4640,0.4740,,,,,mask=0xFA;m=2;r=0
threshold_negative,candidate,1246,1,0.5360,0.5260,,,,,mask=0xFA;m=2;r=1
threshold_negative,candidate,1247,1,0.5050,0.5420,,,,,mask=0xFA;m=3;r=0
threshold_negative,candidate,1248,1,0.4850,0.4700,,,,,mask=0xFA;m=3;r=1
threshold_negative,candidate,1249,1,0.5020,0.5260,,,,,mask=0xFA;m=3;r=2
threshold_negative,candidate,1250,1,0.5950,0.5240,,,,,mask=0xFB;m=2;r=0
threshold_negative,candidate,1251,1,0.4050,0.4760,,,,,mask=0xFB;m=2;r=1
threshold_negative,candidate,1252,1,0.4670,0.4540,,,,,mask=0xFB;m=3;r=0
threshold_negative,candidate,1253,1,0.5340,0.5860,,,,,mask=0xFB;m=3;r=1
threshold_negative,candidate,1254,1,0.4910,0.4980,,,,,mask=0xFB;m=3;r=2
threshold_negative,candidate,1255,1,0.4650,0.4500,,,,,mask=0xFC;m=2;r=0
threshold_negative,candidate,1256,1,0.5350,0.5500,,,,,mask=0xFC;m=2;r=1
threshold_negative,candidate,1257,1,0.5080,0.5080,,,,,mask=0xFC;m=3;r=0
threshold_negative,candidate,1258,1,0.4850,0.5020,,,,,mask=0xFC;m=3;r=1
threshold_negative,candidate,1259,1,0.4990,0.5280,,,,,mask=0xFC;m=3;r=2
threshold_negative,candidate,1260,1,0.5880,0.5240,,,,,mask=0xFD;m=2;r=0
threshold_negative,candidate,1261,1,0.4120,0.4760,,,,,mask=0xFD;m=2;r=1
threshold_negative,candidate,1262,1,0.4660,0.4600,,,,,mask=0xFD;m=3;r=0
threshold_negative,candidate,1263,1,0.5290,0.5420,,,,,mask=0xFD;m=3;r=1
threshold_negative,candidate,1264,1,0.4970,0.5360,,,,,mask=0xFD;m=3;r=2
threshold_negative,candidate,1265,1,0.5700,0.5820,,,,,mask=0xFE;m=2;r=0
threshold_negative,candidate,1266,1,0.4300,0.4180,,,,,mask=0xFE;m=2;r=1
threshold_negative,candidate,1267,1,0.4740,0.4720,,,,,mask=0xFE;m=3;r=0
threshold_negative,candidate,1268,1,0.5270,0.5740,,,,,mask=0xFE;m=3;r=1
threshold_negative,candidate,1269,1,0.4910,0.4920,,,,,mask=0xFE;m=3;r=2
threshold_negative,random_trial,0,1270,,1.0000,,,,,max_validation=0.6100
threshold_negative,random_trial,1,1270,,1.0000,,,,,max_validation=0.6260
threshold_negative,random_trial,2,1270,,1.0000,,,,,max_validation=0.6260
threshold_negative,random_trial,3,1270,,1.0000,,,,,max_validation=0.6260
threshold_negative,random_trial,4,1270,,1.0000,,,,,max_validation=0.6260
threshold_negative,random_trial,5,1270,,1.0000,,,,,max_validation=0.6260
threshold_negative,random_trial,6,1270,,1.0000,,,,,max_validation=0.6260
threshold_negative,random_trial,7,1270,,1.0000,,,,,max_validation=0.6260
threshold_negative,random_trial,8,1270,,1.0000,,,,,max_validation=0.6100
threshold_negative,random_trial,9,1270,,1.0000,,,,,max_validation=0.6100
threshold_negative,random_trial,10,1270,,1.0000,,,,,max_validation=0.6260
threshold_negative,random_trial,11,1270,,1.0000,,,,,max_validation=0.6260
threshold_negative,random_trial,12,1270,,1.0000,,,,,max_validation=0.6260
threshold_negative,random_trial,13,1270,,1.0000,,,,,max_validation=0.6100
threshold_negative,random_trial,14,1270,,1.0000,,,,,max_validation=0.6100
threshold_negative,random_trial,15,1270,,1.0000,,,,,max_validation=0.6260
threshold_negative,random_trial,16,1270,,1.0000,,,,,max_validation=0.6100
threshold_negative,random_trial,17,1270,,1.0000,,,,,max_validation=0.6260
threshold_negative,random_trial,18,1270,,1.0000,,,,,max_validation=0.5940
threshold_negative,random_trial,19,1270,,1.0000,,,,,max_validation=0.5940
threshold_negative,random_trial,20,1270,,1.0000,,,,,max_validation=0.6100
threshold_negative,random_trial,21,1270,,1.0000,,,,,max_validation=0.6260
threshold_negative,random_trial,22,1270,,1.0000,,,,,max_validation=0.6260
threshold_negative,random_trial,23,1270,,1.0000,,,,,max_validation=0.6260
threshold_negative,random_trial,24,1270,,1.0000,,,,,max_validation=0.6260
threshold_negative,random_trial,25,1270,,1.0000,,,,,max_validation=0.5940
threshold_negative,random_trial,26,1270,,1.0000,,,,,max_validation=0.6260
threshold_negative,random_trial,27,1270,,1.0000,,,,,max_validation=0.6260
threshold_negative,random_trial,28,1270,,1.0000,,,,,max_validation=0.6260
threshold_negative,random_trial,29,1270,,1.0000,,,,,max_validation=0.6260
threshold_negative,random_trial,30,1270,,1.0000,,,,,max_validation=0.6100
threshold_negative,random_trial,31,1270,,1.0000,,,,,max_validation=0.6260
threshold_negative,random_trial,32,1270,,1.0000,,,,,max_validation=0.6260
threshold_negative,random_trial,33,1270,,1.0000,,,,,max_validation=0.6260
threshold_negative,random_trial,34,1270,,1.0000,,,,,max_validation=0.5940
threshold_negative,random_trial,35,1270,,1.0000,,,,,max_validation=0.6260
threshold_negative,random_trial,36,1270,,1.0000,,,,,max_validation=0.6100
threshold_negative,random_trial,37,1270,,1.0000,,,,,max_validation=0.6100
threshold_negative,random_trial,38,1270,,1.0000,,,,,max_validation=0.6260
threshold_negative,random_trial,39,1270,,1.0000,,,,,max_validation=0.6100
threshold_negative,random_trial,40,1270,,1.0000,,,,,max_validation=0.6100
threshold_negative,random_trial,41,1270,,1.0000,,,,,max_validation=0.6260
threshold_negative,random_trial,42,1270,,1.0000,,,,,max_validation=0.6100
threshold_negative,random_trial,43,1270,,1.0000,,,,,max_validation=0.6100
threshold_negative,random_trial,44,1270,,1.0000,,,,,max_validation=0.6260
threshold_negative,random_trial,45,1270,,1.0000,,,,,max_validation=0.6260
threshold_negative,random_trial,46,1270,,1.0000,,,,,max_validation=0.6100
threshold_negative,random_trial,47,1270,,1.0000,,,,,max_validation=0.5940
threshold_negative,random_trial,48,1270,,1.0000,,,,,max_validation=0.6260
threshold_negative,random_trial,49,1270,,1.0000,,,,,max_validation=0.6260
threshold_negative,random_trial,50,1270,,1.0000,,,,,max_validation=0.6260
threshold_negative,random_trial,51,1270,,1.0000,,,,,max_validation=0.6260
threshold_negative,random_trial,52,1270,,1.0000,,,,,max_validation=0.6260
threshold_negative,random_trial,53,1270,,1.0000,,,,,max_validation=0.5940
threshold_negative,random_trial,54,1270,,1.0000,,,,,max_validation=0.5920
threshold_negative,random_trial,55,1270,,1.0000,,,,,max_validation=0.6260
threshold_negative,random_trial,56,1270,,1.0000,,,,,max_validation=0.6260
threshold_negative,random_trial,57,1270,,1.0000,,,,,max_validation=0.6260
threshold_negative,random_trial,58,1270,,1.0000,,,,,max_validation=0.6100
threshold_negative,random_trial,59,1270,,1.0000,,,,,max_validation=0.6260
threshold_negative,random_trial,60,1270,,1.0000,,,,,max_validation=0.6100
threshold_negative,random_trial,61,1270,,1.0000,,,,,max_validation=0.6260
threshold_negative,random_trial,62,1270,,1.0000,,,,,max_validation=0.6100
threshold_negative,random_trial,63,1270,,1.0000,,,,,max_validation=0.5860
threshold_negative,random_trial,64,1270,,1.0000,,,,,max_validation=0.6260
threshold_negative,random_trial,65,1270,,1.0000,,,,,max_validation=0.6260
threshold_negative,random_trial,66,1270,,1.0000,,,,,max_validation=0.6260
threshold_negative,random_trial,67,1270,,1.0000,,,,,max_validation=0.5940
threshold_negative,random_trial,68,1270,,1.0000,,,,,max_validation=0.5940
threshold_negative,random_trial,69,1270,,1.0000,,,,,max_validation=0.6260
threshold_negative,random_trial,70,1270,,1.0000,,,,,max_validation=0.6260
threshold_negative,random_trial,71,1270,,1.0000,,,,,max_validation=0.6260
threshold_negative,random_trial,72,1270,,1.0000,,,,,max_validation=0.6260
threshold_negative,random_trial,73,1270,,1.0000,,,,,max_validation=0.5940
threshold_negative,random_trial,74,1270,,1.0000,,,,,max_validation=0.6260
threshold_negative,random_trial,75,1270,,1.0000,,,,,max_validation=0.5940
threshold_negative,random_trial,76,1270,,1.0000,,,,,max_validation=0.6260
threshold_negative,random_trial,77,1270,,1.0000,,,,,max_validation=0.6260
threshold_negative,random_trial,78,1270,,1.0000,,,,,max_validation=0.6260
threshold_negative,random_trial,79,1270,,1.0000,,,,,max_validation=0.6260
threshold_negative,random_trial,80,1270,,1.0000,,,,,max_validation=0.6100
threshold_negative,random_trial,81,1270,,1.0000,,,,,max_validation=0.5940
threshold_negative,random_trial,82,1270,,1.0000,,,,,max_validation=0.6260
threshold_negative,random_trial,83,1270,,1.0000,,,,,max_validation=0.6260
threshold_negative,random_trial,84,1270,,1.0000,,,,,max_validation=0.5940
threshold_negative,random_trial,85,1270,,1.0000,,,,,max_validation=0.5920
threshold_negative,random_trial,86,1270,,1.0000,,,,,max_validation=0.6100
threshold_negative,random_trial,87,1270,,1.0000,,,,,max_validation=0.6260
threshold_negative,random_trial,88,1270,,1.0000,,,,,max_validation=0.6100
threshold_negative,random_trial,89,1270,,1.0000,,,,,max_validation=0.6260
threshold_negative,random_trial,90,1270,,1.0000,,,,,max_validation=0.6100
threshold_negative,random_trial,91,1270,,1.0000,,,,,max_validation=0.6100
threshold_negative,random_trial,92,1270,,1.0000,,,,,max_validation=0.6100
threshold_negative,random_trial,93,1270,,1.0000,,,,,max_validation=0.6260
threshold_negative,random_trial,94,1270,,1.0000,,,,,max_validation=0.6260
threshold_negative,random_trial,95,1270,,1.0000,,,,,max_validation=0.6260
threshold_negative,random_trial,96,1270,,1.0000,,,,,max_validation=0.5860
threshold_negative,random_trial,97,1270,,1.0000,,,,,max_validation=0.6260
threshold_negative,random_trial,98,1270,,1.0000,,,,,max_validation=0.6100
threshold_negative,random_trial,99,1270,,1.0000,,,,,max_validation=0.6260
threshold_negative,random_trial,100,1270,,1.0000,,,,,max_validation=0.6100
threshold_negative,random_trial,101,1270,,1.0000,,,,,max_validation=0.6260
threshold_negative,random_trial,102,1270,,1.0000,,,,,max_validation=0.6260
threshold_negative,random_trial,103,1270,,1.0000,,,,,max_validation=0.6260
threshold_negative,random_trial,104,1270,,1.0000,,,,,max_validation=0.6260
threshold_negative,random_trial,105,1270,,1.0000,,,,,max_validation=0.6260
threshold_negative,random_trial,106,1270,,1.0000,,,,,max_validation=0.6100
threshold_negative,random_trial,107,1270,,1.0000,,,,,max_validation=0.6100
threshold_negative,random_trial,108,1270,,1.0000,,,,,max_validation=0.6260
threshold_negative,random_trial,109,1270,,1.0000,,,,,max_validation=0.6260
threshold_negative,random_trial,110,1270,,1.0000,,,,,max_validation=0.6260
threshold_negative,random_trial,111,1270,,1.0000,,,,,max_validation=0.5920
threshold_negative,random_trial,112,1270,,1.0000,,,,,max_validation=0.6100
threshold_negative,random_trial,113,1270,,1.0000,,,,,max_validation=0.6260
threshold_negative,random_trial,114,1270,,1.0000,,,,,max_validation=0.6260
threshold_negative,random_trial,115,1270,,1.0000,,,,,max_validation=0.6260
threshold_negative,random_trial,116,1270,,1.0000,,,,,max_validation=0.6260
threshold_negative,random_trial,117,1270,,1.0000,,,,,max_validation=0.6100
threshold_negative,random_trial,118,1270,,1.0000,,,,,max_validation=0.6260
threshold_negative,random_trial,119,1270,,1.0000,,,,,max_validation=0.6260
threshold_negative,random_trial,120,1270,,1.0000,,,,,max_validation=0.6100
threshold_negative,random_trial,121,1270,,1.0000,,,,,max_validation=0.6260
threshold_negative,random_trial,122,1270,,1.0000,,,,,max_validation=0.5920
threshold_negative,random_trial,123,1270,,1.0000,,,,,max_validation=0.5920
threshold_negative,random_trial,124,1270,,1.0000,,,,,max_validation=0.6260
threshold_negative,random_trial,125,1270,,1.0000,,,,,max_validation=0.6260
threshold_negative,random_trial,126,1270,,1.0000,,,,,max_validation=0.6260
threshold_negative,random_trial,127,1270,,1.0000,,,,,max_validation=0.6260
threshold_negative,summary,0,1270,0.5960,1.0000,0.6260,0.5760,0.0000,0.4880,admitted=no;expected=no;chosen=0x10/2/0;blind_mean=0.6172;heldout=no;PASS
random_negative,candidate,0,1,0.5010,0.4840,,,,,mask=0x01;m=2;r=0
random_negative,candidate,1,1,0.4990,0.5160,,,,,mask=0x01;m=2;r=1
random_negative,candidate,2,1,0.4950,0.5140,,,,,mask=0x01;m=3;r=0
random_negative,candidate,3,1,0.5110,0.5180,,,,,mask=0x01;m=3;r=1
random_negative,candidate,4,1,0.5040,0.4760,,,,,mask=0x01;m=3;r=2
random_negative,candidate,5,1,0.5140,0.4960,,,,,mask=0x02;m=2;r=0
random_negative,candidate,6,1,0.4860,0.5040,,,,,mask=0x02;m=2;r=1
random_negative,candidate,7,1,0.5380,0.5040,,,,,mask=0x02;m=3;r=0
random_negative,candidate,8,1,0.4540,0.5320,,,,,mask=0x02;m=3;r=1
random_negative,candidate,9,1,0.5180,0.4720,,,,,mask=0x02;m=3;r=2
random_negative,candidate,10,1,0.5040,0.5060,,,,,mask=0x03;m=2;r=0
random_negative,candidate,11,1,0.4960,0.4940,,,,,mask=0x03;m=2;r=1
random_negative,candidate,12,1,0.5050,0.5280,,,,,mask=0x03;m=3;r=0
random_negative,candidate,13,1,0.5070,0.4720,,,,,mask=0x03;m=3;r=1
random_negative,candidate,14,1,0.4980,0.5080,,,,,mask=0x03;m=3;r=2
random_negative,candidate,15,1,0.4910,0.5220,,,,,mask=0x04;m=2;r=0
random_negative,candidate,16,1,0.5090,0.4780,,,,,mask=0x04;m=2;r=1
random_negative,candidate,17,1,0.5050,0.5020,,,,,mask=0x04;m=3;r=0
random_negative,candidate,18,1,0.4900,0.4960,,,,,mask=0x04;m=3;r=1
random_negative,candidate,19,1,0.5150,0.5100,,,,,mask=0x04;m=3;r=2
random_negative,candidate,20,1,0.4720,0.5300,,,,,mask=0x05;m=2;r=0
random_negative,candidate,21,1,0.5280,0.4700,,,,,mask=0x05;m=2;r=1
random_negative,candidate,22,1,0.5110,0.4800,,,,,mask=0x05;m=3;r=0
random_negative,candidate,23,1,0.4980,0.5000,,,,,mask=0x05;m=3;r=1
random_negative,candidate,24,1,0.5010,0.5280,,,,,mask=0x05;m=3;r=2
random_negative,candidate,25,1,0.4830,0.5120,,,,,mask=0x06;m=2;r=0
random_negative,candidate,26,1,0.5170,0.4880,,,,,mask=0x06;m=2;r=1
random_negative,candidate,27,1,0.4850,0.5380,,,,,mask=0x06;m=3;r=0
random_negative,candidate,28,1,0.5090,0.4820,,,,,mask=0x06;m=3;r=1
random_negative,candidate,29,1,0.5160,0.4880,,,,,mask=0x06;m=3;r=2
random_negative,candidate,30,1,0.5170,0.4740,,,,,mask=0x07;m=2;r=0
random_negative,candidate,31,1,0.4830,0.5260,,,,,mask=0x07;m=2;r=1
random_negative,candidate,32,1,0.4870,0.4840,,,,,mask=0x07;m=3;r=0
random_negative,candidate,33,1,0.5010,0.5440,,,,,mask=0x07;m=3;r=1
random_negative,candidate,34,1,0.5220,0.4800,,,,,mask=0x07;m=3;r=2
random_negative,candidate,35,1,0.5070,0.5180,,,,,mask=0x08;m=2;r=0
random_negative,candidate,36,1,0.4930,0.4820,,,,,mask=0x08;m=2;r=1
random_negative,candidate,37,1,0.5280,0.5020,,,,,mask=0x08;m=3;r=0
random_negative,candidate,38,1,0.4920,0.5040,,,,,mask=0x08;m=3;r=1
random_negative,candidate,39,1,0.4900,0.5020,,,,,mask=0x08;m=3;r=2
random_negative,candidate,40,1,0.5020,0.4920,,,,,mask=0x09;m=2;r=0
random_negative,candidate,41,1,0.4980,0.5080,,,,,mask=0x09;m=2;r=1
random_negative,candidate,42,1,0.5090,0.4960,,,,,mask=0x09;m=3;r=0
random_negative,candidate,43,1,0.5000,0.4920,,,,,mask=0x09;m=3;r=1
random_negative,candidate,44,1,0.5010,0.5200,,,,,mask=0x09;m=3;r=2
random_negative,candidate,45,1,0.4910,0.5000,,,,,mask=0x0A;m=2;r=0
random_negative,candidate,46,1,0.5090,0.5000,,,,,mask=0x0A;m=2;r=1
random_negative,candidate,47,1,0.5140,0.4860,,,,,mask=0x0A;m=3;r=0
random_negative,candidate,48,1,0.4830,0.5160,,,,,mask=0x0A;m=3;r=1
random_negative,candidate,49,1,0.5130,0.5060,,,,,mask=0x0A;m=3;r=2
random_negative,candidate,50,1,0.5110,0.4760,,,,,mask=0x0B;m=2;r=0
random_negative,candidate,51,1,0.4890,0.5240,,,,,mask=0x0B;m=2;r=1
random_negative,candidate,52,1,0.4810,0.5000,,,,,mask=0x0B;m=3;r=0
random_negative,candidate,53,1,0.5250,0.5000,,,,,mask=0x0B;m=3;r=1
random_negative,candidate,54,1,0.5040,0.5080,,,,,mask=0x0B;m=3;r=2
random_negative,candidate,55,1,0.4800,0.4760,,,,,mask=0x0C;m=2;r=0
random_negative,candidate,56,1,0.5200,0.5240,,,,,mask=0x0C;m=2;r=1
random_negative,candidate,57,1,0.5360,0.5260,,,,,mask=0x0C;m=3;r=0
random_negative,candidate,58,1,0.4890,0.4820,,,,,mask=0x0C;m=3;r=1
random_negative,candidate,59,1,0.4850,0.5000,,,,,mask=0x0C;m=3;r=2
random_negative,candidate,60,1,0.5050,0.4740,,,,,mask=0x0D;m=2;r=0
random_negative,candidate,61,1,0.4950,0.5260,,,,,mask=0x0D;m=2;r=1
random_negative,candidate,62,1,0.4880,0.5000,,,,,mask=0x0D;m=3;r=0
random_negative,candidate,63,1,0.5040,0.5240,,,,,mask=0x0D;m=3;r=1
random_negative,candidate,64,1,0.5180,0.4840,,,,,mask=0x0D;m=3;r=2
random_negative,candidate,65,1,0.4920,0.5120,,,,,mask=0x0E;m=2;r=0
random_negative,candidate,66,1,0.5080,0.4880,,,,,mask=0x0E;m=2;r=1
random_negative,candidate,67,1,0.4590,0.4580,,,,,mask=0x0E;m=3;r=0
random_negative,candidate,68,1,0.5240,0.5420,,,,,mask=0x0E;m=3;r=1
random_negative,candidate,69,1,0.5270,0.5080,,,,,mask=0x0E;m=3;r=2
random_negative,candidate,70,1,0.4880,0.5560,,,,,mask=0x0F;m=2;r=0
random_negative,candidate,71,1,0.5120,0.4440,,,,,mask=0x0F;m=2;r=1
random_negative,candidate,72,1,0.4750,0.4860,,,,,mask=0x0F;m=3;r=0
random_negative,candidate,73,1,0.5010,0.5120,,,,,mask=0x0F;m=3;r=1
random_negative,candidate,74,1,0.5340,0.5100,,,,,mask=0x0F;m=3;r=2
random_negative,candidate,75,1,0.5010,0.4840,,,,,mask=0x10;m=2;r=0
random_negative,candidate,76,1,0.4990,0.5160,,,,,mask=0x10;m=2;r=1
random_negative,candidate,77,1,0.4890,0.4460,,,,,mask=0x10;m=3;r=0
random_negative,candidate,78,1,0.5090,0.5520,,,,,mask=0x10;m=3;r=1
random_negative,candidate,79,1,0.5120,0.5100,,,,,mask=0x10;m=3;r=2
random_negative,candidate,80,1,0.4860,0.5020,,,,,mask=0x11;m=2;r=0
random_negative,candidate,81,1,0.5140,0.4980,,,,,mask=0x11;m=2;r=1
random_negative,candidate,82,1,0.4960,0.4780,,,,,mask=0x11;m=3;r=0
random_negative,candidate,83,1,0.5200,0.5280,,,,,mask=0x11;m=3;r=1
random_negative,candidate,84,1,0.4940,0.5020,,,,,mask=0x11;m=3;r=2
random_negative,candidate,85,1,0.5150,0.4780,,,,,mask=0x12;m=2;r=0
random_negative,candidate,86,1,0.4850,0.5220,,,,,mask=0x12;m=2;r=1
random_negative,candidate,87,1,0.4830,0.5360,,,,,mask=0x12;m=3;r=0
random_negative,candidate,88,1,0.5290,0.4940,,,,,mask=0x12;m=3;r=1
random_negative,candidate,89,1,0.4980,0.4780,,,,,mask=0x12;m=3;r=2
random_negative,candidate,90,1,0.5250,0.5180,,,,,mask=0x13;m=2;r=0
random_negative,candidate,91,1,0.4750,0.4820,,,,,mask=0x13;m=2;r=1
random_negative,candidate,92,1,0.4870,0.5340,,,,,mask=0x13;m=3;r=0
random_negative,candidate,93,1,0.4860,0.4720,,,,,mask=0x13;m=3;r=1
random_negative,candidate,94,1,0.5370,0.5020,,,,,mask=0x13;m=3;r=2
random_negative,candidate,95,1,0.4950,0.5480,,,,,mask=0x14;m=2;r=0
random_negative,candidate,96,1,0.5050,0.4520,,,,,mask=0x14;m=2;r=1
random_negative,candidate,97,1,0.5100,0.4880,,,,,mask=0x14;m=3;r=0
random_negative,candidate,98,1,0.5090,0.5240,,,,,mask=0x14;m=3;r=1
random_negative,candidate,99,1,0.4910,0.4960,,,,,mask=0x14;m=3;r=2
random_negative,candidate,100,1,0.5080,0.4940,,,,,mask=0x15;m=2;r=0
random_negative,candidate,101,1,0.4920,0.5060,,,,,mask=0x15;m=2;r=1
random_negative,candidate,102,1,0.5090,0.4680,,,,,mask=0x15;m=3;r=0
random_negative,candidate,103,1,0.5000,0.5100,,,,,mask=0x15;m=3;r=1
random_negative,candidate,104,1,0.5010,0.5300,,,,,mask=0x15;m=3;r=2
random_negative,candidate,105,1,0.4890,0.5160,,,,,mask=0x16;m=2;r=0
random_negative,candidate,106,1,0.5110,0.4840,,,,,mask=0x16;m=2;r=1
random_negative,candidate,107,1,0.4920,0.4940,,,,,mask=0x16;m=3;r=0
random_negative,candidate,108,1,0.5130,0.5060,,,,,mask=0x16;m=3;r=1
random_negative,candidate,109,1,0.5050,0.5080,,,,,mask=0x16;m=3;r=2
random_negative,candidate,110,1,0.4850,0.4520,,,,,mask=0x17;m=2;r=0
random_negative,candidate,111,1,0.5150,0.5480,,,,,mask=0x17;m=2;r=1
random_negative,candidate,112,1,0.4990,0.5100,,,,,mask=0x17;m=3;r=0
random_negative,candidate,113,1,0.4940,0.5040,,,,,mask=0x17;m=3;r=1
random_negative,candidate,114,1,0.5170,0.4940,,,,,mask=0x17;m=3;r=2
random_negative,candidate,115,1,0.4960,0.5100,,,,,mask=0x18;m=2;r=0
random_negative,candidate,116,1,0.5040,0.4900,,,,,mask=0x18;m=2;r=1
random_negative,candidate,117,1,0.4890,0.5120,,,,,mask=0x18;m=3;r=0
random_negative,candidate,118,1,0.5040,0.5180,,,,,mask=0x18;m=3;r=1
random_negative,candidate,119,1,0.5170,0.4780,,,,,mask=0x18;m=3;r=2
random_negative,candidate,120,1,0.4770,0.4660,,,,,mask=0x19;m=2;r=0
random_negative,candidate,121,1,0.5230,0.5340,,,,,mask=0x19;m=2;r=1
random_negative,candidate,122,1,0.4930,0.4720,,,,,mask=0x19;m=3;r=0
random_negative,candidate,123,1,0.4950,0.5060,,,,,mask=0x19;m=3;r=1
random_negative,candidate,124,1,0.5220,0.5300,,,,,mask=0x19;m=3;r=2
random_negative,candidate,125,1,0.4880,0.4940,,,,,mask=0x1A;m=2;r=0
random_negative,candidate,126,1,0.5120,0.5060,,,,,mask=0x1A;m=2;r=1
random_negative,candidate,127,1,0.4850,0.4900,,,,,mask=0x1A;m=3;r=0
random_negative,candidate,128,1,0.5240,0.4960,,,,,mask=0x1A;m=3;r=1
random_negative,candidate,129,1,0.5010,0.5220,,,,,mask=0x1A;m=3;r=2
random_negative,candidate,130,1,0.4980,0.4800,,,,,mask=0x1B;m=2;r=0
random_negative,candidate,131,1,0.5020,0.5200,,,,,mask=0x1B;m=2;r=1
random_negative,candidate,132,1,0.5090,0.5420,,,,,mask=0x1B;m=3;r=0
random_negative,candidate,133,1,0.5080,0.4680,,,,,mask=0x1B;m=3;r=1
random_negative,candidate,134,1,0.4930,0.4980,,,,,mask=0x1B;m=3;r=2
random_negative,candidate,135,1,0.4880,0.4980,,,,,mask=0x1C;m=2;r=0
random_negative,candidate,136,1,0.5120,0.5020,,,,,mask=0x1C;m=2;r=1
random_negative,candidate,137,1,0.4810,0.4480,,,,,mask=0x1C;m=3;r=0
random_negative,candidate,138,1,0.5380,0.5220,,,,,mask=0x1C;m=3;r=1
random_negative,candidate,139,1,0.4910,0.5380,,,,,mask=0x1C;m=3;r=2
random_negative,candidate,140,1,0.4870,0.5140,,,,,mask=0x1D;m=2;r=0
random_negative,candidate,141,1,0.5130,0.4860,,,,,mask=0x1D;m=2;r=1
random_negative,candidate,142,1,0.4790,0.5280,,,,,mask=0x1D;m=3;r=0
random_negative,candidate,143,1,0.5020,0.4700,,,,,mask=0x1D;m=3;r=1
random_negative,candidate,144,1,0.5290,0.5100,,,,,mask=0x1D;m=3;r=2
random_negative,candidate,145,1,0.5020,0.4920,,,,,mask=0x1E;m=2;r=0
random_negative,candidate,146,1,0.4980,0.5080,,,,,mask=0x1E;m=2;r=1
random_negative,candidate,147,1,0.4710,0.4820,,,,,mask=0x1E;m=3;r=0
random_negative,candidate,148,1,0.5030,0.4760,,,,,mask=0x1E;m=3;r=1
random_negative,candidate,149,1,0.5360,0.5500,,,,,mask=0x1E;m=3;r=2
random_negative,candidate,150,1,0.4920,0.5180,,,,,mask=0x1F;m=2;r=0
random_negative,candidate,151,1,0.5080,0.4820,,,,,mask=0x1F;m=2;r=1
random_negative,candidate,152,1,0.4630,0.5280,,,,,mask=0x1F;m=3;r=0
random_negative,candidate,153,1,0.5270,0.4740,,,,,mask=0x1F;m=3;r=1
random_negative,candidate,154,1,0.5200,0.5060,,,,,mask=0x1F;m=3;r=2
random_negative,candidate,155,1,0.5100,0.4880,,,,,mask=0x20;m=2;r=0
random_negative,candidate,156,1,0.4900,0.5120,,,,,mask=0x20;m=2;r=1
random_negative,candidate,157,1,0.5310,0.5160,,,,,mask=0x20;m=3;r=0
random_negative,candidate,158,1,0.4770,0.5080,,,,,mask=0x20;m=3;r=1
random_negative,candidate,159,1,0.5020,0.4840,,,,,mask=0x20;m=3;r=2
random_negative,candidate,160,1,0.4910,0.5300,,,,,mask=0x21;m=2;r=0
random_negative,candidate,161,1,0.5090,0.4700,,,,,mask=0x21;m=2;r=1
random_negative,candidate,162,1,0.5250,0.5420,,,,,mask=0x21;m=3;r=0
random_negative,candidate,163,1,0.4920,0.4840,,,,,mask=0x21;m=3;r=1
random_negative,candidate,164,1,0.4930,0.4820,,,,,mask=0x21;m=3;r=2
random_negative,candidate,165,1,0.4970,0.5080,,,,,mask=0x22;m=2;r=0
random_negative,candidate,166,1,0.5030,0.4920,,,,,mask=0x22;m=2;r=1
random_negative,candidate,167,1,0.5270,0.5160,,,,,mask=0x22;m=3;r=0
random_negative,candidate,168,1,0.4970,0.4560,,,,,mask=0x22;m=3;r=1
random_negative,candidate,169,1,0.4860,0.5360,,,,,mask=0x22;m=3;r=2
random_negative,candidate,170,1,0.5050,0.4960,,,,,mask=0x23;m=2;r=0
random_negative,candidate,171,1,0.4950,0.5040,,,,,mask=0x23;m=2;r=1
random_negative,candidate,172,1,0.4920,0.5160,,,,,mask=0x23;m=3;r=0
random_negative,candidate,173,1,0.4920,0.4960,,,,,mask=0x23;m=3;r=1
random_negative,candidate,174,1,0.5260,0.4960,,,,,mask=0x23;m=3;r=2
random_negative,candidate,175,1,0.4880,0.5600,,,,,mask=0x24;m=2;r=0
random_negative,candidate,176,1,0.5120,0.4400,,,,,mask=0x24;m=2;r=1
random_negative,candidate,177,1,0.5280,0.5220,,,,,mask=0x24;m=3;r=0
random_negative,candidate,178,1,0.5290,0.4920,,,,,mask=0x24;m=3;r=1
random_negative,candidate,179,1,0.4530,0.4940,,,,,mask=0x24;m=3;r=2
random_negative,candidate,180,1,0.4730,0.5100,,,,,mask=0x25;m=2;r=0
random_negative,candidate,181,1,0.5270,0.4900,,,,,mask=0x25;m=2;r=1
random_negative,candidate,182,1,0.4990,0.5000,,,,,mask=0x25;m=3;r=0
random_negative,candidate,183,1,0.4940,0.5240,,,,,mask=0x25;m=3;r=1
random_negative,candidate,184,1,0.5170,0.4840,,,,,mask=0x25;m=3;r=2
random_negative,candidate,185,1,0.5250,0.4900,,,,,mask=0x26;m=2;r=0
random_negative,candidate,186,1,0.4750,0.5100,,,,,mask=0x26;m=2;r=1
random_negative,candidate,187,1,0.4870,0.5300,,,,,mask=0x26;m=3;r=0
random_negative,candidate,188,1,0.5170,0.5480,,,,,mask=0x26;m=3;r=1
random_negative,candidate,189,1,0.5060,0.4300,,,,,mask=0x26;m=3;r=2
random_negative,candidate,190,1,0.4970,0.5620,,,,,mask=0x27;m=2;r=0
random_negative,candidate,191,1,0.5030,0.4380,,,,,mask=0x27;m=2;r=1
random_negative,candidate,192,1,0.5110,0.4620,,,,,mask=0x27;m=3;r=0
random_negative,candidate,193,1,0.4900,0.5520,,,,,mask=0x27;m=3;r=1
random_negative,candidate,194,1,0.5090,0.4940,,,,,mask=0x27;m=3;r=2
random_negative,candidate,195,1,0.4520,0.5300,,,,,mask=0x28;m=2;r=0
random_negative,candidate,196,1,0.5480,0.4700,,,,,mask=0x28;m=2;r=1
random_negative,candidate,197,1,0.5290,0.5180,,,,,mask=0x28;m=3;r=0
random_negative,candidate,198,1,0.4870,0.5020,,,,,mask=0x28;m=3;r=1
random_negative,candidate,199,1,0.4940,0.4880,,,,,mask=0x28;m=3;r=2
random_negative,candidate,200,1,0.4970,0.5300,,,,,mask=0x29;m=2;r=0
random_negative,candidate,201,1,0.5030,0.4700,,,,,mask=0x29;m=2;r=1
random_negative,candidate,202,1,0.5240,0.4800,,,,,mask=0x29;m=3;r=0
random_negative,candidate,203,1,0.4740,0.4980,,,,,mask=0x29;m=3;r=1
random_negative,candidate,204,1,0.5120,0.5300,,,,,mask=0x29;m=3;r=2
random_negative,candidate,205,1,0.5010,0.5000,,,,,mask=0x2A;m=2;r=0
random_negative,candidate,206,1,0.4990,0.5000,,,,,mask=0x2A;m=2;r=1
random_negative,candidate,207,1,0.4980,0.4940,,,,,mask=0x2A;m=3;r=0
random_negative,candidate,208,1,0.5260,0.4960,,,,,mask=0x2A;m=3;r=1
random_negative,candidate,209,1,0.4860,0.5180,,,,,mask=0x2A;m=3;r=2
random_negative,candidate,210,1,0.4890,0.4940,,,,,mask=0x2B;m=2;r=0
random_negative,candidate,211,1,0.5110,0.5060,,,,,mask=0x2B;m=2;r=1
random_negative,candidate,212,1,0.4920,0.4940,,,,,mask=0x2B;m=3;r=0
random_negative,candidate,213,1,0.5360,0.5180,,,,,mask=0x2B;m=3;r=1
random_negative,candidate,214,1,0.4820,0.4960,,,,,mask=0x2B;m=3;r=2
random_negative,candidate,215,1,0.4940,0.5380,,,,,mask=0x2C;m=2;r=0
random_negative,candidate,216,1,0.5060,0.4620,,,,,mask=0x2C;m=2;r=1
random_negative,candidate,217,1,0.5180,0.4900,,,,,mask=0x2C;m=3;r=0
random_negative,candidate,218,1,0.4950,0.5420,,,,,mask=0x2C;m=3;r=1
random_negative,candidate,219,1,0.4970,0.4760,,,,,mask=0x2C;m=3;r=2
random_negative,candidate,220,1,0.4830,0.5620,,,,,mask=0x2D;m=2;r=0
random_negative,candidate,221,1,0.5170,0.4380,,,,,mask=0x2D;m=2;r=1
random_negative,candidate,222,1,0.5070,0.5000,,,,,mask=0x2D;m=3;r=0
random_negative,candidate,223,1,0.5150,0.4920,,,,,mask=0x2D;m=3;r=1
random_negative,candidate,224,1,0.4880,0.5160,,,,,mask=0x2D;m=3;r=2
random_negative,candidate,225,1,0.4750,0.4900,,,,,mask=0x2E;m=2;r=0
random_negative,candidate,226,1,0.5250,0.5100,,,,,mask=0x2E;m=2;r=1
random_negative,candidate,227,1,0.4750,0.5040,,,,,mask=0x2E;m=3;r=0
random_negative,candidate,228,1,0.5150,0.5120,,,,,mask=0x2E;m=3;r=1
random_negative,candidate,229,1,0.5200,0.4920,,,,,mask=0x2E;m=3;r=2
random_negative,candidate,230,1,0.5150,0.5120,,,,,mask=0x2F;m=2;r=0
random_negative,candidate,231,1,0.4850,0.4880,,,,,mask=0x2F;m=2;r=1
random_negative,candidate,232,1,0.5170,0.5100,,,,,mask=0x2F;m=3;r=0
random_negative,candidate,233,1,0.5280,0.5480,,,,,mask=0x2F;m=3;r=1
random_negative,candidate,234,1,0.4650,0.4500,,,,,mask=0x2F;m=3;r=2
random_negative,candidate,235,1,0.5080,0.5220,,,,,mask=0x30;m=2;r=0
random_negative,candidate,236,1,0.4920,0.4780,,,,,mask=0x30;m=2;r=1
random_negative,candidate,237,1,0.5050,0.4860,,,,,mask=0x30;m=3;r=0
random_negative,candidate,238,1,0.4980,0.5180,,,,,mask=0x30;m=3;r=1
random_negative,candidate,239,1,0.5070,0.5040,,,,,mask=0x30;m=3;r=2
random_negative,candidate,240,1,0.4990,0.5220,,,,,mask=0x31;m=2;r=0
random_negative,candidate,241,1,0.5010,0.4780,,,,,mask=0x31;m=2;r=1
random_negative,candidate,242,1,0.5100,0.5120,,,,,mask=0x31;m=3;r=0
random_negative,candidate,243,1,0.4780,0.4980,,,,,mask=0x31;m=3;r=1
random_negative,candidate,244,1,0.5220,0.4980,,,,,mask=0x31;m=3;r=2
random_negative,candidate,245,1,0.5330,0.4720,,,,,mask=0x32;m=2;r=0
random_negative,candidate,246,1,0.4670,0.5280,,,,,mask=0x32;m=2;r=1
random_negative,candidate,247,1,0.5190,0.5320,,,,,mask=0x32;m=3;r=0
random_negative,candidate,248,1,0.5100,0.4900,,,,,mask=0x32;m=3;r=1
random_negative,candidate,249,1,0.4810,0.4860,,,,,mask=0x32;m=3;r=2
random_negative,candidate,250,1,0.4990,0.4980,,,,,mask=0x33;m=2;r=0
random_negative,candidate,251,1,0.5010,0.5020,,,,,mask=0x33;m=2;r=1
random_negative,candidate,252,1,0.4960,0.4980,,,,,mask=0x33;m=3;r=0
random_negative,candidate,253,1,0.5010,0.5120,,,,,mask=0x33;m=3;r=1
random_negative,candidate,254,1,0.5130,0.4980,,,,,mask=0x33;m=3;r=2
random_negative,candidate,255,1,0.5050,0.5320,,,,,mask=0x34;m=2;r=0
random_negative,candidate,256,1,0.4950,0.4680,,,,,mask=0x34;m=2;r=1
random_negative,candidate,257,1,0.5150,0.4520,,,,,mask=0x34;m=3;r=0
random_negative,candidate,258,1,0.4870,0.5280,,,,,mask=0x34;m=3;r=1
random_negative,candidate,259,1,0.5080,0.5280,,,,,mask=0x34;m=3;r=2
random_negative,candidate,260,1,0.5040,0.5200,,,,,mask=0x35;m=2;r=0
random_negative,candidate,261,1,0.4960,0.4800,,,,,mask=0x35;m=2;r=1
random_negative,candidate,262,1,0.5100,0.4860,,,,,mask=0x35;m=3;r=0
random_negative,candidate,263,1,0.4750,0.5180,,,,,mask=0x35;m=3;r=1
random_negative,candidate,264,1,0.5250,0.5040,,,,,mask=0x35;m=3;r=2
random_negative,candidate,265,1,0.4920,0.5160,,,,,mask=0x36;m=2;r=0
random_negative,candidate,266,1,0.5080,0.4840,,,,,mask=0x36;m=2;r=1
random_negative,candidate,267,1,0.5280,0.4720,,,,,mask=0x36;m=3;r=0
random_negative,candidate,268,1,0.4880,0.5140,,,,,mask=0x36;m=3;r=1
random_negative,candidate,269,1,0.4940,0.5220,,,,,mask=0x36;m=3;r=2
random_negative,candidate,270,1,0.4940,0.4820,,,,,mask=0x37;m=2;r=0
random_negative,candidate,271,1,0.5060,0.5180,,,,,mask=0x37;m=2;r=1
random_negative,candidate,272,1,0.4790,0.4940,,,,,mask=0x37;m=3;r=0
random_negative,candidate,273,1,0.5310,0.5100,,,,,mask=0x37;m=3;r=1
random_negative,candidate,274,1,0.5000,0.5040,,,,,mask=0x37;m=3;r=2
random_negative,candidate,275,1,0.5260,0.4920,,,,,mask=0x38;m=2;r=0
random_negative,candidate,276,1,0.4740,0.5080,,,,,mask=0x38;m=2;r=1
random_negative,candidate,277,1,0.4790,0.4640,,,,,mask=0x38;m=3;r=0
random_negative,candidate,278,1,0.5170,0.5220,,,,,mask=0x38;m=3;r=1
random_negative,candidate,279,1,0.5140,0.5220,,,,,mask=0x38;m=3;r=2
random_negative,candidate,280,1,0.4810,0.4620,,,,,mask=0x39;m=2;r=0
random_negative,candidate,281,1,0.5190,0.5380,,,,,mask=0x39;m=2;r=1
random_negative,candidate,282,1,0.5030,0.5020,,,,,mask=0x39;m=3;r=0
random_negative,candidate,283,1,0.4960,0.4780,,,,,mask=0x39;m=3;r=1
random_negative,candidate,284,1,0.5110,0.5280,,,,,mask=0x39;m=3;r=2
random_negative,candidate,285,1,0.5070,0.4880,,,,,mask=0x3A;m=2;r=0
random_negative,candidate,286,1,0.4930,0.5120,,,,,mask=0x3A;m=2;r=1
random_negative,candidate,287,1,0.5150,0.4600,,,,,mask=0x3A;m=3;r=0
random_negative,candidate,288,1,0.4890,0.5260,,,,,mask=0x3A;m=3;r=1
random_negative,candidate,289,1,0.5060,0.5220,,,,,mask=0x3A;m=3;r=2
random_negative,candidate,290,1,0.5230,0.4920,,,,,mask=0x3B;m=2;r=0
random_negative,candidate,291,1,0.4770,0.5080,,,,,mask=0x3B;m=2;r=1
random_negative,candidate,292,1,0.4990,0.4900,,,,,mask=0x3B;m=3;r=0
random_negative,candidate,293,1,0.5150,0.5280,,,,,mask=0x3B;m=3;r=1
random_negative,candidate,294,1,0.4960,0.4900,,,,,mask=0x3B;m=3;r=2
random_negative,candidate,295,1,0.4970,0.5220,,,,,mask=0x3C;m=2;r=0
random_negative,candidate,296,1,0.5030,0.4780,,,,,mask=0x3C;m=2;r=1
random_negative,candidate,297,1,0.4980,0.4740,,,,,mask=0x3C;m=3;r=0
random_negative,candidate,298,1,0.5060,0.5340,,,,,mask=0x3C;m=3;r=1
random_negative,candidate,299,1,0.5060,0.5000,,,,,mask=0x3C;m=3;r=2
random_negative,candidate,300,1,0.5020,0.5520,,,,,mask=0x3D;m=2;r=0
random_negative,candidate,301,1,0.4980,0.4480,,,,,mask=0x3D;m=2;r=1
random_negative,candidate,302,1,0.4860,0.5300,,,,,mask=0x3D;m=3;r=0
random_negative,candidate,303,1,0.5180,0.5100,,,,,mask=0x3D;m=3;r=1
random_negative,candidate,304,1,0.5060,0.4680,,,,,mask=0x3D;m=3;r=2
random_negative,candidate,305,1,0.5240,0.5200,,,,,mask=0x3E;m=2;r=0
random_negative,candidate,306,1,0.4760,0.4800,,,,,mask=0x3E;m=2;r=1
random_negative,candidate,307,1,0.5020,0.4740,,,,,mask=0x3E;m=3;r=0
random_negative,candidate,308,1,0.5020,0.5280,,,,,mask=0x3E;m=3;r=1
random_negative,candidate,309,1,0.5060,0.5060,,,,,mask=0x3E;m=3;r=2
random_negative,candidate,310,1,0.4900,0.5320,,,,,mask=0x3F;m=2;r=0
random_negative,candidate,311,1,0.5100,0.4680,,,,,mask=0x3F;m=2;r=1
random_negative,candidate,312,1,0.4960,0.4820,,,,,mask=0x3F;m=3;r=0
random_negative,candidate,313,1,0.4990,0.4860,,,,,mask=0x3F;m=3;r=1
random_negative,candidate,314,1,0.5150,0.5400,,,,,mask=0x3F;m=3;r=2
random_negative,candidate,315,1,0.4860,0.4840,,,,,mask=0x40;m=2;r=0
random_negative,candidate,316,1,0.5140,0.5160,,,,,mask=0x40;m=2;r=1
random_negative,candidate,317,1,0.5050,0.4820,,,,,mask=0x40;m=3;r=0
random_negative,candidate,318,1,0.5060,0.5320,,,,,mask=0x40;m=3;r=1
random_negative,candidate,319,1,0.4990,0.4940,,,,,mask=0x40;m=3;r=2
random_negative,candidate,320,1,0.4870,0.5040,,,,,mask=0x41;m=2;r=0
random_negative,candidate,321,1,0.5130,0.4960,,,,,mask=0x41;m=2;r=1
random_negative,candidate,322,1,0.5030,0.5120,,,,,mask=0x41;m=3;r=0
random_negative,candidate,323,1,0.5070,0.4780,,,,,mask=0x41;m=3;r=1
random_negative,candidate,324,1,0.5000,0.5180,,,,,mask=0x41;m=3;r=2
random_negative,candidate,325,1,0.5140,0.4960,,,,,mask=0x42;m=2;r=0
random_negative,candidate,326,1,0.4860,0.5040,,,,,mask=0x42;m=2;r=1
random_negative,candidate,327,1,0.5080,0.5260,,,,,mask=0x42;m=3;r=0
random_negative,candidate,328,1,0.5120,0.4860,,,,,mask=0x42;m=3;r=1
random_negative,candidate,329,1,0.4900,0.4960,,,,,mask=0x42;m=3;r=2
random_negative,candidate,330,1,0.5100,0.4820,,,,,mask=0x43;m=2;r=0
random_negative,candidate,331,1,0.4900,0.5180,,,,,mask=0x43;m=2;r=1
random_negative,candidate,332,1,0.4990,0.4680,,,,,mask=0x43;m=3;r=0
random_negative,candidate,333,1,0.5120,0.5420,,,,,mask=0x43;m=3;r=1
random_negative,candidate,334,1,0.4990,0.4980,,,,,mask=0x43;m=3;r=2
random_negative,candidate,335,1,0.5270,0.4580,,,,,mask=0x44;m=2;r=0
random_negative,candidate,336,1,0.4730,0.5420,,,,,mask=0x44;m=2;r=1
random_negative,candidate,337,1,0.5130,0.4960,,,,,mask=0x44;m=3;r=0
random_negative,candidate,338,1,0.4990,0.5260,,,,,mask=0x44;m=3;r=1
random_negative,candidate,339,1,0.4980,0.4860,,,,,mask=0x44;m=3;r=2
random_negative,candidate,340,1,0.4840,0.4780,,,,,mask=0x45;m=2;r=0
random_negative,candidate,341,1,0.5160,0.5220,,,,,mask=0x45;m=2;r=1
random_negative,candidate,342,1,0.4960,0.4980,,,,,mask=0x45;m=3;r=0
random_negative,candidate,343,1,0.5060,0.5060,,,,,mask=0x45;m=3;r=1
random_negative,candidate,344,1,0.5080,0.5040,,,,,mask=0x45;m=3;r=2
random_negative,candidate,345,1,0.4930,0.5080,,,,,mask=0x46;m=2;r=0
random_negative,candidate,346,1,0.5070,0.4920,,,,,mask=0x46;m=2;r=1
random_negative,candidate,347,1,0.4660,0.5100,,,,,mask=0x46;m=3;r=0
random_negative,candidate,348,1,0.5110,0.5140,,,,,mask=0x46;m=3;r=1
random_negative,candidate,349,1,0.5330,0.4840,,,,,mask=0x46;m=3;r=2
random_negative,candidate,350,1,0.5130,0.5420,,,,,mask=0x47;m=2;r=0
random_negative,candidate,351,1,0.4870,0.4580,,,,,mask=0x47;m=2;r=1
random_negative,candidate,352,1,0.5000,0.5240,,,,,mask=0x47;m=3;r=0
random_negative,candidate,353,1,0.5060,0.4940,,,,,mask=0x47;m=3;r=1
random_negative,candidate,354,1,0.5040,0.4900,,,,,mask=0x47;m=3;r=2
random_negative,candidate,355,1,0.4940,0.5260,,,,,mask=0x48;m=2;r=0
random_negative,candidate,356,1,0.5060,0.4740,,,,,mask=0x48;m=2;r=1
random_negative,candidate,357,1,0.4780,0.5280,,,,,mask=0x48;m=3;r=0
random_negative,candidate,358,1,0.4990,0.4740,,,,,mask=0x48;m=3;r=1
random_negative,candidate,359,1,0.5330,0.5060,,,,,mask=0x48;m=3;r=2
random_negative,candidate,360,1,0.5110,0.4840,,,,,mask=0x49;m=2;r=0
random_negative,candidate,361,1,0.4890,0.5160,,,,,mask=0x49;m=2;r=1
random_negative,candidate,362,1,0.5070,0.4860,,,,,mask=0x49;m=3;r=0
random_negative,candidate,363,1,0.5080,0.5160,,,,,mask=0x49;m=3;r=1
random_negative,candidate,364,1,0.4950,0.5060,,,,,mask=0x49;m=3;r=2
random_negative,candidate,365,1,0.5180,0.4600,,,,,mask=0x4A;m=2;r=0
random_negative,candidate,366,1,0.4820,0.5400,,,,,mask=0x4A;m=2;r=1
random_negative,candidate,367,1,0.4810,0.4760,,,,,mask=0x4A;m=3;r=0
random_negative,candidate,368,1,0.5300,0.5280,,,,,mask=0x4A;m=3;r=1
random_negative,candidate,369,1,0.4990,0.5040,,,,,mask=0x4A;m=3;r=2
random_negative,candidate,370,1,0.5400,0.5360,,,,,mask=0x4B;m=2;r=0
random_negative,candidate,371,1,0.4600,0.4640,,,,,mask=0x4B;m=2;r=1
random_negative,candidate,372,1,0.4980,0.5220,,,,,mask=0x4B;m=3;r=0
random_negative,candidate,373,1,0.5000,0.4480,,,,,mask=0x4B;m=3;r=1
random_negative,candidate,374,1,0.5120,0.5380,,,,,mask=0x4B;m=3;r=2
random_negative,candidate,375,1,0.5070,0.5120,,,,,mask=0x4C;m=2;r=0
random_negative,candidate,376,1,0.4930,0.4880,,,,,mask=0x4C;m=2;r=1
random_negative,candidate,377,1,0.4980,0.4820,,,,,mask=0x4C;m=3;r=0
random_negative,candidate,378,1,0.5190,0.5100,,,,,mask=0x4C;m=3;r=1
random_negative,candidate,379,1,0.4930,0.5160,,,,,mask=0x4C;m=3;r=2
random_negative,candidate,380,1,0.5020,0.5020,,,,,mask=0x4D;m=2;r=0
random_negative,candidate,381,1,0.4980,0.4980,,,,,mask=0x4D;m=2;r=1
random_negative,candidate,382,1,0.4870,0.4760,,,,,mask=0x4D;m=3;r=0
random_negative,candidate,383,1,0.5060,0.4700,,,,,mask=0x4D;m=3;r=1
random_negative,candidate,384,1,0.5170,0.5620,,,,,mask=0x4D;m=3;r=2
random_negative,candidate,385,1,0.5090,0.4960,,,,,mask=0x4E;m=2;r=0
random_negative,candidate,386,1,0.4910,0.5040,,,,,mask=0x4E;m=2;r=1
random_negative,candidate,387,1,0.4900,0.4980,,,,,mask=0x4E;m=3;r=0
random_negative,candidate,388,1,0.4930,0.5040,,,,,mask=0x4E;m=3;r=1
random_negative,candidate,389,1,0.5270,0.5060,,,,,mask=0x4E;m=3;r=2
random_negative,candidate,390,1,0.5130,0.4640,,,,,mask=0x4F;m=2;r=0
random_negative,candidate,391,1,0.4870,0.5360,,,,,mask=0x4F;m=2;r=1
random_negative,candidate,392,1,0.4730,0.5260,,,,,mask=0x4F;m=3;r=0
random_negative,candidate,393,1,0.5190,0.4800,,,,,mask=0x4F;m=3;r=1
random_negative,candidate,394,1,0.5180,0.5020,,,,,mask=0x4F;m=3;r=2
random_negative,candidate,395,1,0.4880,0.5100,,,,,mask=0x50;m=2;r=0
random_negative,candidate,396,1,0.5120,0.4900,,,,,mask=0x50;m=2;r=1
random_negative,candidate,397,1,0.4870,0.4900,,,,,mask=0x50;m=3;r=0
random_negative,candidate,398,1,0.5120,0.5300,,,,,mask=0x50;m=3;r=1
random_negative,candidate,399,1,0.5110,0.4880,,,,,mask=0x50;m=3;r=2
random_negative,candidate,400,1,0.4930,0.4840,,,,,mask=0x51;m=2;r=0
random_negative,candidate,401,1,0.5070,0.5160,,,,,mask=0x51;m=2;r=1
random_negative,candidate,402,1,0.4990,0.4820,,,,,mask=0x51;m=3;r=0
random_negative,candidate,403,1,0.5110,0.5020,,,,,mask=0x51;m=3;r=1
random_negative,candidate,404,1,0.5000,0.5240,,,,,mask=0x51;m=3;r=2
random_negative,candidate,405,1,0.5300,0.4880,,,,,mask=0x52;m=2;r=0
random_negative,candidate,406,1,0.4700,0.5120,,,,,mask=0x52;m=2;r=1
random_negative,candidate,407,1,0.4910,0.4920,,,,,mask=0x52;m=3;r=0
random_negative,candidate,408,1,0.5080,0.4740,,,,,mask=0x52;m=3;r=1
random_negative,candidate,409,1,0.5110,0.5420,,,,,mask=0x52;m=3;r=2
random_negative,candidate,410,1,0.4840,0.5040,,,,,mask=0x53;m=2;r=0
random_negative,candidate,411,1,0.5160,0.4960,,,,,mask=0x53;m=2;r=1
random_negative,candidate,412,1,0.5030,0.5040,,,,,mask=0x53;m=3;r=0
random_negative,candidate,413,1,0.5010,0.4720,,,,,mask=0x53;m=3;r=1
random_negative,candidate,414,1,0.5060,0.5320,,,,,mask=0x53;m=3;r=2
random_negative,candidate,415,1,0.5020,0.4820,,,,,mask=0x54;m=2;r=0
random_negative,candidate,416,1,0.4980,0.5180,,,,,mask=0x54;m=2;r=1
random_negative,candidate,417,1,0.4960,0.5100,,,,,mask=0x54;m=3;r=0
random_negative,candidate,418,1,0.5350,0.5000,,,,,mask=0x54;m=3;r=1
random_negative,candidate,419,1,0.4790,0.4980,,,,,mask=0x54;m=3;r=2
random_negative,candidate,420,1,0.5070,0.5240,,,,,mask=0x55;m=2;r=0
random_negative,candidate,421,1,0.4930,0.4760,,,,,mask=0x55;m=2;r=1
random_negative,candidate,422,1,0.5120,0.4880,,,,,mask=0x55;m=3;r=0
random_negative,candidate,423,1,0.4960,0.5080,,,,,mask=0x55;m=3;r=1
random_negative,candidate,424,1,0.5020,0.5120,,,,,mask=0x55;m=3;r=2
random_negative,candidate,425,1,0.5420,0.4740,,,,,mask=0x56;m=2;r=0
random_negative,candidate,426,1,0.4580,0.5260,,,,,mask=0x56;m=2;r=1
random_negative,candidate,427,1,0.4990,0.5000,,,,,mask=0x56;m=3;r=0
random_negative,candidate,428,1,0.4990,0.5020,,,,,mask=0x56;m=3;r=1
random_negative,candidate,429,1,0.5120,0.5060,,,,,mask=0x56;m=3;r=2
random_negative,candidate,430,1,0.5080,0.5020,,,,,mask=0x57;m=2;r=0
random_negative,candidate,431,1,0.4920,0.4980,,,,,mask=0x57;m=2;r=1
random_negative,candidate,432,1,0.4720,0.5220,,,,,mask=0x57;m=3;r=0
random_negative,candidate,433,1,0.5190,0.4460,,,,,mask=0x57;m=3;r=1
random_negative,candidate,434,1,0.5190,0.5400,,,,,mask=0x57;m=3;r=2
random_negative,candidate,435,1,0.4800,0.5120,,,,,mask=0x58;m=2;r=0
random_negative,candidate,436,1,0.5200,0.4880,,,,,mask=0x58;m=2;r=1
random_negative,candidate,437,1,0.4930,0.4980,,,,,mask=0x58;m=3;r=0
random_negative,candidate,438,1,0.5350,0.4860,,,,,mask=0x58;m=3;r=1
random_negative,candidate,439,1,0.4820,0.5240,,,,,mask=0x58;m=3;r=2
random_negative,candidate,440,1,0.5070,0.4920,,,,,mask=0x59;m=2;r=0
random_negative,candidate,441,1,0.4930,0.5080,,,,,mask=0x59;m=2;r=1
random_negative,candidate,442,1,0.4910,0.5120,,,,,mask=0x59;m=3;r=0
random_negative,candidate,443,1,0.5180,0.4560,,,,,mask=0x59;m=3;r=1
random_negative,candidate,444,1,0.5010,0.5400,,,,,mask=0x59;m=3;r=2
random_negative,candidate,445,1,0.5020,0.4880,,,,,mask=0x5A;m=2;r=0
random_negative,candidate,446,1,0.4980,0.5120,,,,,mask=0x5A;m=2;r=1
random_negative,candidate,447,1,0.4890,0.5260,,,,,mask=0x5A;m=3;r=0
random_negative,candidate,448,1,0.5090,0.4840,,,,,mask=0x5A;m=3;r=1
random_negative,candidate,449,1,0.5120,0.4980,,,,,mask=0x5A;m=3;r=2
random_negative,candidate,450,1,0.5100,0.4700,,,,,mask=0x5B;m=2;r=0
random_negative,candidate,451,1,0.4900,0.5300,,,,,mask=0x5B;m=2;r=1
random_negative,candidate,452,1,0.4930,0.5140,,,,,mask=0x5B;m=3;r=0
random_negative,candidate,453,1,0.5010,0.4760,,,,,mask=0x5B;m=3;r=1
random_negative,candidate,454,1,0.5160,0.5180,,,,,mask=0x5B;m=3;r=2
random_negative,candidate,455,1,0.5020,0.4960,,,,,mask=0x5C;m=2;r=0
random_negative,candidate,456,1,0.4980,0.5040,,,,,mask=0x5C;m=2;r=1
random_negative,candidate,457,1,0.4910,0.4700,,,,,mask=0x5C;m=3;r=0
random_negative,candidate,458,1,0.5020,0.4920,,,,,mask=0x5C;m=3;r=1
random_negative,candidate,459,1,0.5170,0.5460,,,,,mask=0x5C;m=3;r=2
random_negative,candidate,460,1,0.5050,0.4760,,,,,mask=0x5D;m=2;r=0
random_negative,candidate,461,1,0.4950,0.5240,,,,,mask=0x5D;m=2;r=1
random_negative,candidate,462,1,0.4790,0.4840,,,,,mask=0x5D;m=3;r=0
random_negative,candidate,463,1,0.5200,0.4940,,,,,mask=0x5D;m=3;r=1
random_negative,candidate,464,1,0.5110,0.5300,,,,,mask=0x5D;m=3;r=2
random_negative,candidate,465,1,0.4960,0.4900,,,,,mask=0x5E;m=2;r=0
random_negative,candidate,466,1,0.5040,0.5100,,,,,mask=0x5E;m=2;r=1
random_negative,candidate,467,1,0.4810,0.5060,,,,,mask=0x5E;m=3;r=0
random_negative,candidate,468,1,0.5050,0.4720,,,,,mask=0x5E;m=3;r=1
random_negative,candidate,469,1,0.5240,0.5300,,,,,mask=0x5E;m=3;r=2
random_negative,candidate,470,1,0.5040,0.5000,,,,,mask=0x5F;m=2;r=0
random_negative,candidate,471,1,0.4960,0.5000,,,,,mask=0x5F;m=2;r=1
random_negative,candidate,472,1,0.4940,0.4540,,,,,mask=0x5F;m=3;r=0
random_negative,candidate,473,1,0.5150,0.5220,,,,,mask=0x5F;m=3;r=1
random_negative,candidate,474,1,0.5010,0.5320,,,,,mask=0x5F;m=3;r=2
random_negative,candidate,475,1,0.4940,0.5200,,,,,mask=0x60;m=2;r=0
random_negative,candidate,476,1,0.5060,0.4800,,,,,mask=0x60;m=2;r=1
random_negative,candidate,477,1,0.5070,0.5060,,,,,mask=0x60;m=3;r=0
random_negative,candidate,478,1,0.4950,0.4740,,,,,mask=0x60;m=3;r=1
random_negative,candidate,479,1,0.5080,0.5280,,,,,mask=0x60;m=3;r=2
random_negative,candidate,480,1,0.4970,0.5220,,,,,mask=0x61;m=2;r=0
random_negative,candidate,481,1,0.5030,0.4780,,,,,mask=0x61;m=2;r=1
random_negative,candidate,482,1,0.5090,0.5000,,,,,mask=0x61;m=3;r=0
random_negative,candidate,483,1,0.5070,0.5080,,,,,mask=0x61;m=3;r=1
random_negative,candidate,484,1,0.4940,0.5000,,,,,mask=0x61;m=3;r=2
random_negative,candidate,485,1,0.4930,0.5200,,,,,mask=0x62;m=2;r=0
random_negative,candidate,486,1,0.5070,0.4800,,,,,mask=0x62;m=2;r=1
random_negative,candidate,487,1,0.4920,0.5360,,,,,mask=0x62;m=3;r=0
random_negative,candidate,488,1,0.4880,0.4760,,,,,mask=0x62;m=3;r=1
random_negative,candidate,489,1,0.5300,0.4960,,,,,mask=0x62;m=3;r=2
random_negative,candidate,490,1,0.5270,0.4840,,,,,mask=0x63;m=2;r=0
random_negative,candidate,491,1,0.4730,0.5160,,,,,mask=0x63;m=2;r=1
random_negative,candidate,492,1,0.4900,0.4760,,,,,mask=0x63;m=3;r=0
random_negative,candidate,493,1,0.5170,0.5040,,,,,mask=0x63;m=3;r=1
random_negative,candidate,494,1,0.5030,0.5280,,,,,mask=0x63;m=3;r=2
random_negative,candidate,495,1,0.5040,0.4920,,,,,mask=0x64;m=2;r=0
random_negative,candidate,496,1,0.4960,0.5080,,,,,mask=0x64;m=2;r=1
random_negative,candidate,497,1,0.5130,0.5140,,,,,mask=0x64;m=3;r=0
random_negative,candidate,498,1,0.5130,0.4860,,,,,mask=0x64;m=3;r=1
random_negative,candidate,499,1,0.4840,0.5080,,,,,mask=0x64;m=3;r=2
random_negative,candidate,500,1,0.5070,0.5140,,,,,mask=0x65;m=2;r=0
random_negative,candidate,501,1,0.4930,0.4860,,,,,mask=0x65;m=2;r=1
random_negative,candidate,502,1,0.5210,0.5180,,,,,mask=0x65;m=3;r=0
random_negative,candidate,503,1,0.4890,0.5140,,,,,mask=0x65;m=3;r=1
random_negative,candidate,504,1,0.5000,0.4760,,,,,mask=0x65;m=3;r=2
random_negative,candidate,505,1,0.4770,0.4860,,,,,mask=0x66;m=2;r=0
random_negative,candidate,506,1,0.5230,0.5140,,,,,mask=0x66;m=2;r=1
random_negative,candidate,507,1,0.4990,0.5100,,,,,mask=0x66;m=3;r=0
random_negative,candidate,508,1,0.5120,0.5240,,,,,mask=0x66;m=3;r=1
random_negative,candidate,509,1,0.4990,0.4740,,,,,mask=0x66;m=3;r=2
random_negative,candidate,510,1,0.5050,0.5020,,,,,mask=0x67;m=2;r=0
random_negative,candidate,511,1,0.4950,0.4980,,,,,mask=0x67;m=2;r=1
random_negative,candidate,512,1,0.4920,0.4840,,,,,mask=0x67;m=3;r=0
random_negative,candidate,513,1,0.5120,0.4860,,,,,mask=0x67;m=3;r=1
random_negative,candidate,514,1,0.5060,0.5380,,,,,mask=0x67;m=3;r=2
random_negative,candidate,515,1,0.4830,0.4780,,,,,mask=0x68;m=2;r=0
random_negative,candidate,516,1,0.5170,0.5220,,,,,mask=0x68;m=2;r=1
random_negative,candidate,517,1,0.5240,0.5000,,,,,mask=0x68;m=3;r=0
random_negative,candidate,518,1,0.4980,0.4900,,,,,mask=0x68;m=3;r=1
random_negative,candidate,519,1,0.4880,0.5180,,,,,mask=0x68;m=3;r=2
random_negative,candidate,520,1,0.5100,0.5060,,,,,mask=0x69;m=2;r=0
random_negative,candidate,521,1,0.4900,0.4940,,,,,mask=0x69;m=2;r=1
random_negative,candidate,522,1,0.5320,0.4740,,,,,mask=0x69;m=3;r=0
random_negative,candidate,523,1,0.5170,0.5220,,,,,mask=0x69;m=3;r=1
random_negative,candidate,524,1,0.4610,0.5120,,,,,mask=0x69;m=3;r=2
random_negative,candidate,525,1,0.5000,0.4960,,,,,mask=0x6A;m=2;r=0
random_negative,candidate,526,1,0.5000,0.5040,,,,,mask=0x6A;m=2;r=1
random_negative,candidate,527,1,0.4980,0.5220,,,,,mask=0x6A;m=3;r=0
random_negative,candidate,528,1,0.5140,0.5060,,,,,mask=0x6A;m=3;r=1
random_negative,candidate,529,1,0.4980,0.4800,,,,,mask=0x6A;m=3;r=2
random_negative,candidate,530,1,0.4780,0.4780,,,,,mask=0x6B;m=2;r=0
random_negative,candidate,531,1,0.5220,0.5220,,,,,mask=0x6B;m=2;r=1
random_negative,candidate,532,1,0.4980,0.4900,,,,,mask=0x6B;m=3;r=0
random_negative,candidate,533,1,0.5190,0.5080,,,,,mask=0x6B;m=3;r=1
random_negative,candidate,534,1,0.4930,0.5100,,,,,mask=0x6B;m=3;r=2
random_negative,candidate,535,1,0.4930,0.4940,,,,,mask=0x6C;m=2;r=0
random_negative,candidate,536,1,0.5070,0.5060,,,,,mask=0x6C;m=2;r=1
random_negative,candidate,537,1,0.5060,0.4660,,,,,mask=0x6C;m=3;r=0
random_negative,candidate,538,1,0.5040,0.5140,,,,,mask=0x6C;m=3;r=1
random_negative,candidate,539,1,0.5000,0.5280,,,,,mask=0x6C;m=3;r=2
random_negative,candidate,540,1,0.5140,0.4980,,,,,mask=0x6D;m=2;r=0
random_negative,candidate,541,1,0.4860,0.5020,,,,,mask=0x6D;m=2;r=1
random_negative,candidate,542,1,0.5240,0.4420,,,,,mask=0x6D;m=3;r=0
random_negative,candidate,543,1,0.5000,0.5560,,,,,mask=0x6D;m=3;r=1
random_negative,candidate,544,1,0.4860,0.5100,,,,,mask=0x6D;m=3;r=2
random_negative,candidate,545,1,0.4980,0.5220,,,,,mask=0x6E;m=2;r=0
random_negative,candidate,546,1,0.5020,0.4780,,,,,mask=0x6E;m=2;r=1
random_negative,candidate,547,1,0.5100,0.4900,,,,,mask=0x6E;m=3;r=0
random_negative,candidate,548,1,0.5010,0.5180,,,,,mask=0x6E;m=3;r=1
random_negative,candidate,549,1,0.4990,0.5000,,,,,mask=0x6E;m=3;r=2
random_negative,candidate,550,1,0.5160,0.5400,,,,,mask=0x6F;m=2;r=0
random_negative,candidate,551,1,0.4840,0.4600,,,,,mask=0x6F;m=2;r=1
random_negative,candidate,552,1,0.4930,0.4980,,,,,mask=0x6F;m=3;r=0
random_negative,candidate,553,1,0.5040,0.5440,,,,,mask=0x6F;m=3;r=1
random_negative,candidate,554,1,0.5130,0.4660,,,,,mask=0x6F;m=3;r=2
random_negative,candidate,555,1,0.5110,0.4840,,,,,mask=0x70;m=2;r=0
random_negative,candidate,556,1,0.4890,0.5160,,,,,mask=0x70;m=2;r=1
random_negative,candidate,557,1,0.4910,0.5200,,,,,mask=0x70;m=3;r=0
random_negative,candidate,558,1,0.5140,0.5120,,,,,mask=0x70;m=3;r=1
random_negative,candidate,559,1,0.5050,0.4760,,,,,mask=0x70;m=3;r=2
random_negative,candidate,560,1,0.5340,0.5360,,,,,mask=0x71;m=2;r=0
random_negative,candidate,561,1,0.4660,0.4640,,,,,mask=0x71;m=2;r=1
random_negative,candidate,562,1,0.5110,0.4780,,,,,mask=0x71;m=3;r=0
random_negative,candidate,563,1,0.4890,0.5140,,,,,mask=0x71;m=3;r=1
random_negative,candidate,564,1,0.5100,0.5160,,,,,mask=0x71;m=3;r=2
random_negative,candidate,565,1,0.5040,0.4460,,,,,mask=0x72;m=2;r=0
random_negative,candidate,566,1,0.4960,0.5540,,,,,mask=0x72;m=2;r=1
random_negative,candidate,567,1,0.5180,0.4800,,,,,mask=0x72;m=3;r=0
random_negative,candidate,568,1,0.4960,0.5300,,,,,mask=0x72;m=3;r=1
random_negative,candidate,569,1,0.4960,0.4980,,,,,mask=0x72;m=3;r=2
random_negative,candidate,570,1,0.5100,0.4920,,,,,mask=0x73;m=2;r=0
random_negative,candidate,571,1,0.4900,0.5080,,,,,mask=0x73;m=2;r=1
random_negative,candidate,572,1,0.4800,0.4820,,,,,mask=0x73;m=3;r=0
random_negative,candidate,573,1,0.5030,0.5220,,,,,mask=0x73;m=3;r=1
random_negative,candidate,574,1,0.5270,0.5040,,,,,mask=0x73;m=3;r=2
random_negative,candidate,575,1,0.5060,0.5100,,,,,mask=0x74;m=2;r=0
random_negative,candidate,576,1,0.4940,0.4900,,,,,mask=0x74;m=2;r=1
random_negative,candidate,577,1,0.5080,0.5200,,,,,mask=0x74;m=3;r=0
random_negative,candidate,578,1,0.5240,0.5040,,,,,mask=0x74;m=3;r=1
random_negative,candidate,579,1,0.4780,0.4840,,,,,mask=0x74;m=3;r=2
random_negative,candidate,580,1,0.4750,0.4980,,,,,mask=0x75;m=2;r=0
random_negative,candidate,581,1,0.5250,0.5020,,,,,mask=0x75;m=2;r=1
random_negative,candidate,582,1,0.5090,0.5360,,,,,mask=0x75;m=3;r=0
random_negative,candidate,583,1,0.5280,0.5000,,,,,mask=0x75;m=3;r=1
random_negative,candidate,584,1,0.4730,0.4720,,,,,mask=0x75;m=3;r=2
random_negative,candidate,585,1,0.4930,0.4980,,,,,mask=0x76;m=2;r=0
random_negative,candidate,586,1,0.5070,0.5020,,,,,mask=0x76;m=2;r=1
random_negative,candidate,587,1,0.5260,0.4900,,,,,mask=0x76;m=3;r=0
random_negative,candidate,588,1,0.5170,0.5420,,,,,mask=0x76;m=3;r=1
random_negative,candidate,589,1,0.4670,0.4760,,,,,mask=0x76;m=3;r=2
random_negative,candidate,590,1,0.5030,0.5120,,,,,mask=0x77;m=2;r=0
random_negative,candidate,591,1,0.4970,0.4880,,,,,mask=0x77;m=2;r=1
random_negative,candidate,592,1,0.4890,0.5040,,,,,mask=0x77;m=3;r=0
random_negative,candidate,593,1,0.4980,0.5480,,,,,mask=0x77;m=3;r=1
random_negative,candidate,594,1,0.5230,0.4560,,,,,mask=0x77;m=3;r=2
random_negative,candidate,595,1,0.5040,0.5340,,,,,mask=0x78;m=2;r=0
random_negative,candidate,596,1,0.4960,0.4660,,,,,mask=0x78;m=2;r=1
random_negative,candidate,597,1,0.4820,0.4820,,,,,mask=0x78;m=3;r=0
random_negative,candidate,598,1,0.5030,0.5120,,,,,mask=0x78;m=3;r=1
random_negative,candidate,599,1,0.5250,0.5140,,,,,mask=0x78;m=3;r=2
random_negative,candidate,600,1,0.4850,0.4720,,,,,mask=0x79;m=2;r=0
random_negative,candidate,601,1,0.5150,0.5280,,,,,mask=0x79;m=2;r=1
random_negative,candidate,602,1,0.5110,0.4780,,,,,mask=0x79;m=3;r=0
random_negative,candidate,603,1,0.5210,0.5280,,,,,mask=0x79;m=3;r=1
random_negative,candidate,604,1,0.4780,0.5020,,,,,mask=0x79;m=3;r=2
random_negative,candidate,605,1,0.5030,0.4740,,,,,mask=0x7A;m=2;r=0
random_negative,candidate,606,1,0.4970,0.5260,,,,,mask=0x7A;m=2;r=1
random_negative,candidate,607,1,0.4930,0.5000,,,,,mask=0x7A;m=3;r=0
random_negative,candidate,608,1,0.5150,0.5080,,,,,mask=0x7A;m=3;r=1
random_negative,candidate,609,1,0.5020,0.5000,,,,,mask=0x7A;m=3;r=2
random_negative,candidate,610,1,0.5170,0.4940,,,,,mask=0x7B;m=2;r=0
random_negative,candidate,611,1,0.4830,0.5060,,,,,mask=0x7B;m=2;r=1
random_negative,candidate,612,1,0.5250,0.5100,,,,,mask=0x7B;m=3;r=0
random_negative,candidate,613,1,0.5120,0.5260,,,,,mask=0x7B;m=3;r=1
random_negative,candidate,614,1,0.4730,0.4720,,,,,mask=0x7B;m=3;r=2
random_negative,candidate,615,1,0.4910,0.5240,,,,,mask=0x7C;m=2;r=0
random_negative,candidate,616,1,0.5090,0.4760,,,,,mask=0x7C;m=2;r=1
random_negative,candidate,617,1,0.5120,0.4940,,,,,mask=0x7C;m=3;r=0
random_negative,candidate,618,1,0.4960,0.5520,,,,,mask=0x7C;m=3;r=1
random_negative,candidate,619,1,0.5020,0.4620,,,,,mask=0x7C;m=3;r=2
random_negative,candidate,620,1,0.5020,0.4940,,,,,mask=0x7D;m=2;r=0
random_negative,candidate,621,1,0.4980,0.5060,,,,,mask=0x7D;m=2;r=1
random_negative,candidate,622,1,0.5070,0.4780,,,,,mask=0x7D;m=3;r=0
random_negative,candidate,623,1,0.4950,0.4860,,,,,mask=0x7D;m=3;r=1
random_negative,candidate,624,1,0.5080,0.5440,,,,,mask=0x7D;m=3;r=2
random_negative,candidate,625,1,0.5200,0.4820,,,,,mask=0x7E;m=2;r=0
random_negative,candidate,626,1,0.4800,0.5180,,,,,mask=0x7E;m=2;r=1
random_negative,candidate,627,1,0.4990,0.4980,,,,,mask=0x7E;m=3;r=0
random_negative,candidate,628,1,0.5160,0.4960,,,,,mask=0x7E;m=3;r=1
random_negative,candidate,629,1,0.4950,0.5140,,,,,mask=0x7E;m=3;r=2
random_negative,candidate,630,1,0.4860,0.4900,,,,,mask=0x7F;m=2;r=0
random_negative,candidate,631,1,0.5140,0.5100,,,,,mask=0x7F;m=2;r=1
random_negative,candidate,632,1,0.5220,0.4880,,,,,mask=0x7F;m=3;r=0
random_negative,candidate,633,1,0.4740,0.4900,,,,,mask=0x7F;m=3;r=1
random_negative,candidate,634,1,0.5140,0.5300,,,,,mask=0x7F;m=3;r=2
random_negative,candidate,635,1,0.4740,0.5020,,,,,mask=0x80;m=2;r=0
random_negative,candidate,636,1,0.5260,0.4980,,,,,mask=0x80;m=2;r=1
random_negative,candidate,637,1,0.5020,0.4880,,,,,mask=0x80;m=3;r=0
random_negative,candidate,638,1,0.4910,0.5280,,,,,mask=0x80;m=3;r=1
random_negative,candidate,639,1,0.5170,0.4920,,,,,mask=0x80;m=3;r=2
random_negative,candidate,640,1,0.5030,0.4760,,,,,mask=0x81;m=2;r=0
random_negative,candidate,641,1,0.4970,0.5240,,,,,mask=0x81;m=2;r=1
random_negative,candidate,642,1,0.5120,0.5000,,,,,mask=0x81;m=3;r=0
random_negative,candidate,643,1,0.4880,0.5000,,,,,mask=0x81;m=3;r=1
random_negative,candidate,644,1,0.5100,0.5080,,,,,mask=0x81;m=3;r=2
random_negative,candidate,645,1,0.4940,0.5380,,,,,mask=0x82;m=2;r=0
random_negative,candidate,646,1,0.5060,0.4620,,,,,mask=0x82;m=2;r=1
random_negative,candidate,647,1,0.4810,0.5120,,,,,mask=0x82;m=3;r=0
random_negative,candidate,648,1,0.5030,0.4620,,,,,mask=0x82;m=3;r=1
random_negative,candidate,649,1,0.5260,0.5340,,,,,mask=0x82;m=3;r=2
random_negative,candidate,650,1,0.4860,0.5620,,,,,mask=0x83;m=2;r=0
random_negative,candidate,651,1,0.5140,0.4380,,,,,mask=0x83;m=2;r=1
random_negative,candidate,652,1,0.5180,0.4760,,,,,mask=0x83;m=3;r=0
random_negative,candidate,653,1,0.5180,0.5420,,,,,mask=0x83;m=3;r=1
random_negative,candidate,654,1,0.4740,0.4900,,,,,mask=0x83;m=3;r=2
random_negative,candidate,655,1,0.5070,0.4840,,,,,mask=0x84;m=2;r=0
random_negative,candidate,656,1,0.4930,0.5160,,,,,mask=0x84;m=2;r=1
random_negative,candidate,657,1,0.5030,0.5360,,,,,mask=0x84;m=3;r=0
random_negative,candidate,658,1,0.5310,0.4980,,,,,mask=0x84;m=3;r=1
random_negative,candidate,659,1,0.4760,0.4740,,,,,mask=0x84;m=3;r=2
random_negative,candidate,660,1,0.4920,0.4940,,,,,mask=0x85;m=2;r=0
random_negative,candidate,661,1,0.5080,0.5060,,,,,mask=0x85;m=2;r=1
random_negative,candidate,662,1,0.5060,0.4880,,,,,mask=0x85;m=3;r=0
random_negative,candidate,663,1,0.5120,0.5200,,,,,mask=0x85;m=3;r=1
random_negative,candidate,664,1,0.4920,0.5000,,,,,mask=0x85;m=3;r=2
random_negative,candidate,665,1,0.5150,0.5180,,,,,mask=0x86;m=2;r=0
random_negative,candidate,666,1,0.4850,0.4820,,,,,mask=0x86;m=2;r=1
random_negative,candidate,667,1,0.5120,0.5160,,,,,mask=0x86;m=3;r=0
random_negative,candidate,668,1,0.5180,0.5240,,,,,mask=0x86;m=3;r=1
random_negative,candidate,669,1,0.4800,0.4680,,,,,mask=0x86;m=3;r=2
random_negative,candidate,670,1,0.4870,0.5100,,,,,mask=0x87;m=2;r=0
random_negative,candidate,671,1,0.5130,0.4900,,,,,mask=0x87;m=2;r=1
random_negative,candidate,672,1,0.4960,0.4780,,,,,mask=0x87;m=3;r=0
random_negative,candidate,673,1,0.5190,0.5380,,,,,mask=0x87;m=3;r=1
random_negative,candidate,674,1,0.4950,0.4920,,,,,mask=0x87;m=3;r=2
random_negative,candidate,675,1,0.5170,0.5200,,,,,mask=0x88;m=2;r=0
random_negative,candidate,676,1,0.4830,0.4800,,,,,mask=0x88;m=2;r=1
random_negative,candidate,677,1,0.5040,0.5300,,,,,mask=0x88;m=3;r=0
random_negative,candidate,678,1,0.5080,0.5080,,,,,mask=0x88;m=3;r=1
random_negative,candidate,679,1,0.4980,0.4700,,,,,mask=0x88;m=3;r=2
random_negative,candidate,680,1,0.5060,0.4680,,,,,mask=0x89;m=2;r=0
random_negative,candidate,681,1,0.4940,0.5320,,,,,mask=0x89;m=2;r=1
random_negative,candidate,682,1,0.5190,0.4900,,,,,mask=0x89;m=3;r=0
random_negative,candidate,683,1,0.5140,0.5240,,,,,mask=0x89;m=3;r=1
random_negative,candidate,684,1,0.4770,0.4940,,,,,mask=0x89;m=3;r=2
random_negative,candidate,685,1,0.5030,0.5180,,,,,mask=0x8A;m=2;r=0
random_negative,candidate,686,1,0.4970,0.4820,,,,,mask=0x8A;m=2;r=1
random_negative,candidate,687,1,0.4710,0.4680,,,,,mask=0x8A;m=3;r=0
random_negative,candidate,688,1,0.5300,0.5340,,,,,mask=0x8A;m=3;r=1
random_negative,candidate,689,1,0.5090,0.5060,,,,,mask=0x8A;m=3;r=2
random_negative,candidate,690,1,0.5070,0.4960,,,,,mask=0x8B;m=2;r=0
random_negative,candidate,691,1,0.4930,0.5040,,,,,mask=0x8B;m=2;r=1
random_negative,candidate,692,1,0.5090,0.5060,,,,,mask=0x8B;m=3;r=0
random_negative,candidate,693,1,0.4660,0.5080,,,,,mask=0x8B;m=3;r=1
random_negative,candidate,694,1,0.5350,0.4940,,,,,mask=0x8B;m=3;r=2
random_negative,candidate,695,1,0.4920,0.5260,,,,,mask=0x8C;m=2;r=0
random_negative,candidate,696,1,0.5080,0.4740,,,,,mask=0x8C;m=2;r=1
random_negative,candidate,697,1,0.4860,0.4940,,,,,mask=0x8C;m=3;r=0
random_negative,candidate,698,1,0.5350,0.4960,,,,,mask=0x8C;m=3;r=1
random_negative,candidate,699,1,0.4890,0.5180,,,,,mask=0x8C;m=3;r=2
random_negative,candidate,700,1,0.5090,0.5260,,,,,mask=0x8D;m=2;r=0
random_negative,candidate,701,1,0.4910,0.4740,,,,,mask=0x8D;m=2;r=1
random_negative,candidate,702,1,0.4820,0.4620,,,,,mask=0x8D;m=3;r=0
random_negative,candidate,703,1,0.5310,0.4800,,,,,mask=0x8D;m=3;r=1
random_negative,candidate,704,1,0.4970,0.5660,,,,,mask=0x8D;m=3;r=2
random_negative,candidate,705,1,0.5060,0.5180,,,,,mask=0x8E;m=2;r=0
random_negative,candidate,706,1,0.4940,0.4820,,,,,mask=0x8E;m=2;r=1
random_negative,candidate,707,1,0.4960,0.4840,,,,,mask=0x8E;m=3;r=0
random_negative,candidate,708,1,0.4820,0.5480,,,,,mask=0x8E;m=3;r=1
random_negative,candidate,709,1,0.5320,0.4760,,,,,mask=0x8E;m=3;r=2
random_negative,candidate,710,1,0.5380,0.5320,,,,,mask=0x8F;m=2;r=0
random_negative,candidate,711,1,0.4620,0.4680,,,,,mask=0x8F;m=2;r=1
random_negative,candidate,712,1,0.4950,0.5060,,,,,mask=0x8F;m=3;r=0
random_negative,candidate,713,1,0.5200,0.5320,,,,,mask=0x8F;m=3;r=1
random_negative,candidate,714,1,0.4950,0.4700,,,,,mask=0x8F;m=3;r=2
random_negative,candidate,715,1,0.5000,0.4960,,,,,mask=0x90;m=2;r=0
random_negative,candidate,716,1,0.5000,0.5040,,,,,mask=0x90;m=2;r=1
random_negative,candidate,717,1,0.4870,0.5120,,,,,mask=0x90;m=3;r=0
random_negative,candidate,718,1,0.5370,0.5060,,,,,mask=0x90;m=3;r=1
random_negative,candidate,719,1,0.4860,0.4900,,,,,mask=0x90;m=3;r=2
random_negative,candidate,720,1,0.4810,0.5000,,,,,mask=0x91;m=2;r=0
random_negative,candidate,721,1,0.5190,0.5000,,,,,mask=0x91;m=2;r=1
random_negative,candidate,722,1,0.5070,0.5260,,,,,mask=0x91;m=3;r=0
random_negative,candidate,723,1,0.5010,0.4900,,,,,mask=0x91;m=3;r=1
random_negative,candidate,724,1,0.5020,0.4920,,,,,mask=0x91;m=3;r=2
random_negative,candidate,725,1,0.4980,0.5100,,,,,mask=0x92;m=2;r=0
random_negative,candidate,726,1,0.5020,0.4900,,,,,mask=0x92;m=2;r=1
random_negative,candidate,727,1,0.5040,0.5360,,,,,mask=0x92;m=3;r=0
random_negative,candidate,728,1,0.4680,0.4660,,,,,mask=0x92;m=3;r=1
random_negative,candidate,729,1,0.5380,0.5060,,,,,mask=0x92;m=3;r=2
random_negative,candidate,730,1,0.5040,0.4680,,,,,mask=0x93;m=2;r=0
random_negative,candidate,731,1,0.4960,0.5320,,,,,mask=0x93;m=2;r=1
random_negative,candidate,732,1,0.4810,0.5020,,,,,mask=0x93;m=3;r=0
random_negative,candidate,733,1,0.5150,0.5340,,,,,mask=0x93;m=3;r=1
random_negative,candidate,734,1,0.5140,0.4720,,,,,mask=0x93;m=3;r=2
random_negative,candidate,735,1,0.4900,0.4720,,,,,mask=0x94;m=2;r=0
random_negative,candidate,736,1,0.5100,0.5280,,,,,mask=0x94;m=2;r=1
random_negative,candidate,737,1,0.4860,0.4760,,,,,mask=0x94;m=3;r=0
random_negative,candidate,738,1,0.5020,0.5420,,,,,mask=0x94;m=3;r=1
random_negative,candidate,739,1,0.5220,0.4900,,,,,mask=0x94;m=3;r=2
random_negative,candidate,740,1,0.4890,0.5160,,,,,mask=0x95;m=2;r=0
random_negative,candidate,741,1,0.5110,0.4840,,,,,mask=0x95;m=2;r=1
random_negative,candidate,742,1,0.5030,0.5060,,,,,mask=0x95;m=3;r=0
random_negative,candidate,743,1,0.5110,0.5140,,,,,mask=0x95;m=3;r=1
random_negative,candidate,744,1,0.4960,0.4880,,,,,mask=0x95;m=3;r=2
random_negative,candidate,745,1,0.5080,0.5120,,,,,mask=0x96;m=2;r=0
random_negative,candidate,746,1,0.4920,0.4880,,,,,mask=0x96;m=2;r=1
random_negative,candidate,747,1,0.5190,0.4980,,,,,mask=0x96;m=3;r=0
random_negative,candidate,748,1,0.5080,0.5280,,,,,mask=0x96;m=3;r=1
random_negative,candidate,749,1,0.4830,0.4820,,,,,mask=0x96;m=3;r=2
random_negative,candidate,750,1,0.5200,0.5220,,,,,mask=0x97;m=2;r=0
random_negative,candidate,751,1,0.4800,0.4780,,,,,mask=0x97;m=2;r=1
random_negative,candidate,752,1,0.4960,0.4800,,,,,mask=0x97;m=3;r=0
random_negative,candidate,753,1,0.5010,0.5000,,,,,mask=0x97;m=3;r=1
random_negative,candidate,754,1,0.5130,0.5280,,,,,mask=0x97;m=3;r=2
random_negative,candidate,755,1,0.4870,0.5220,,,,,mask=0x98;m=2;r=0
random_negative,candidate,756,1,0.5130,0.4780,,,,,mask=0x98;m=2;r=1
random_negative,candidate,757,1,0.4770,0.4880,,,,,mask=0x98;m=3;r=0
random_negative,candidate,758,1,0.5090,0.5200,,,,,mask=0x98;m=3;r=1
random_negative,candidate,759,1,0.5240,0.5000,,,,,mask=0x98;m=3;r=2
random_negative,candidate,760,1,0.5040,0.4400,,,,,mask=0x99;m=2;r=0
random_negative,candidate,761,1,0.4960,0.5600,,,,,mask=0x99;m=2;r=1
random_negative,candidate,762,1,0.4980,0.4660,,,,,mask=0x99;m=3;r=0
random_negative,candidate,763,1,0.4750,0.5040,,,,,mask=0x99;m=3;r=1
random_negative,candidate,764,1,0.5370,0.5380,,,,,mask=0x99;m=3;r=2
random_negative,candidate,765,1,0.4930,0.4860,,,,,mask=0x9A;m=2;r=0
random_negative,candidate,766,1,0.5070,0.5140,,,,,mask=0x9A;m=2;r=1
random_negative,candidate,767,1,0.5200,0.5260,,,,,mask=0x9A;m=3;r=0
random_negative,candidate,768,1,0.4820,0.4920,,,,,mask=0x9A;m=3;r=1
random_negative,candidate,769,1,0.5080,0.4900,,,,,mask=0x9A;m=3;r=2
random_negative,candidate,770,1,0.5010,0.5060,,,,,mask=0x9B;m=2;r=0
random_negative,candidate,771,1,0.4990,0.4940,,,,,mask=0x9B;m=2;r=1
random_negative,candidate,772,1,0.4690,0.5040,,,,,mask=0x9B;m=3;r=0
random_negative,candidate,773,1,0.5230,0.5120,,,,,mask=0x9B;m=3;r=1
random_negative,candidate,774,1,0.5180,0.4920,,,,,mask=0x9B;m=3;r=2
random_negative,candidate,775,1,0.4970,0.4780,,,,,mask=0x9C;m=2;r=0
random_negative,candidate,776,1,0.5030,0.5220,,,,,mask=0x9C;m=2;r=1
random_negative,candidate,777,1,0.5260,0.4840,,,,,mask=0x9C;m=3;r=0
random_negative,candidate,778,1,0.4910,0.5280,,,,,mask=0x9C;m=3;r=1
random_negative,candidate,779,1,0.4930,0.4960,,,,,mask=0x9C;m=3;r=2
random_negative,candidate,780,1,0.4980,0.5040,,,,,mask=0x9D;m=2;r=0
random_negative,candidate,781,1,0.5020,0.4960,,,,,mask=0x9D;m=2;r=1
random_negative,candidate,782,1,0.5250,0.4780,,,,,mask=0x9D;m=3;r=0
random_negative,candidate,783,1,0.5010,0.5000,,,,,mask=0x9D;m=3;r=1
random_negative,candidate,784,1,0.4840,0.5300,,,,,mask=0x9D;m=3;r=2
random_negative,candidate,785,1,0.5010,0.5040,,,,,mask=0x9E;m=2;r=0
random_negative,candidate,786,1,0.4990,0.4960,,,,,mask=0x9E;m=2;r=1
random_negative,candidate,787,1,0.5060,0.4960,,,,,mask=0x9E;m=3;r=0
random_negative,candidate,788,1,0.5080,0.4960,,,,,mask=0x9E;m=3;r=1
random_negative,candidate,789,1,0.4960,0.5160,,,,,mask=0x9E;m=3;r=2
random_negative,candidate,790,1,0.4970,0.4640,,,,,mask=0x9F;m=2;r=0
random_negative,candidate,791,1,0.5030,0.5360,,,,,mask=0x9F;m=2;r=1
random_negative,candidate,792,1,0.5100,0.5040,,,,,mask=0x9F;m=3;r=0
random_negative,candidate,793,1,0.4780,0.5300,,,,,mask=0x9F;m=3;r=1
random_negative,candidate,794,1,0.5220,0.4740,,,,,mask=0x9F;m=3;r=2
random_negative,candidate,795,1,0.5070,0.5380,,,,,mask=0xA0;m=2;r=0
random_negative,candidate,796,1,0.4930,0.4620,,,,,mask=0xA0;m=2;r=1
random_negative,candidate,797,1,0.5140,0.5120,,,,,mask=0xA0;m=3;r=0
random_negative,candidate,798,1,0.5060,0.4880,,,,,mask=0xA0;m=3;r=1
random_negative,candidate,799,1,0.4900,0.5080,,,,,mask=0xA0;m=3;r=2
random_negative,candidate,800,1,0.5340,0.5220,,,,,mask=0xA1;m=2;r=0
random_negative,candidate,801,1,0.4660,0.4780,,,,,mask=0xA1;m=2;r=1
random_negative,candidate,802,1,0.4890,0.4800,,,,,mask=0xA1;m=3;r=0
random_negative,candidate,803,1,0.5020,0.5280,,,,,mask=0xA1;m=3;r=1
random_negative,candidate,804,1,0.5190,0.5000,,,,,mask=0xA1;m=3;r=2
random_negative,candidate,805,1,0.4800,0.5260,,,,,mask=0xA2;m=2;r=0
random_negative,candidate,806,1,0.5200,0.4740,,,,,mask=0xA2;m=2;r=1
random_negative,candidate,807,1,0.5030,0.5120,,,,,mask=0xA2;m=3;r=0
random_negative,candidate,808,1,0.5060,0.5080,,,,,mask=0xA2;m=3;r=1
random_negative,candidate,809,1,0.5010,0.4880,,,,,mask=0xA2;m=3;r=2
random_negative,candidate,810,1,0.5000,0.4840,,,,,mask=0xA3;m=2;r=0
random_negative,candidate,811,1,0.5000,0.5160,,,,,mask=0xA3;m=2;r=1
random_negative,candidate,812,1,0.4930,0.4900,,,,,mask=0xA3;m=3;r=0
random_negative,candidate,813,1,0.5170,0.5220,,,,,mask=0xA3;m=3;r=1
random_negative,candidate,814,1,0.5000,0.4960,,,,,mask=0xA3;m=3;r=2
random_negative,candidate,815,1,0.4890,0.4940,,,,,mask=0xA4;m=2;r=0
random_negative,candidate,816,1,0.5110,0.5060,,,,,mask=0xA4;m=2;r=1
random_negative,candidate,817,1,0.4940,0.4960,,,,,mask=0xA4;m=3;r=0
random_negative,candidate,818,1,0.4890,0.5200,,,,,mask=0xA4;m=3;r=1
random_negative,candidate,819,1,0.5270,0.4920,,,,,mask=0xA4;m=3;r=2
random_negative,candidate,820,1,0.5100,0.5340,,,,,mask=0xA5;m=2;r=0
random_negative,candidate,821,1,0.4900,0.4660,,,,,mask=0xA5;m=2;r=1
random_negative,candidate,822,1,0.5230,0.4920,,,,,mask=0xA5;m=3;r=0
random_negative,candidate,823,1,0.4850,0.5000,,,,,mask=0xA5;m=3;r=1
random_negative,candidate,824,1,0.5020,0.5160,,,,,mask=0xA5;m=3;r=2
random_negative,candidate,825,1,0.4980,0.5160,,,,,mask=0xA6;m=2;r=0
random_negative,candidate,826,1,0.5020,0.4840,,,,,mask=0xA6;m=2;r=1
random_negative,candidate,827,1,0.5140,0.4780,,,,,mask=0xA6;m=3;r=0
random_negative,candidate,828,1,0.4830,0.5320,,,,,mask=0xA6;m=3;r=1
random_negative,candidate,829,1,0.5130,0.4980,,,,,mask=0xA6;m=3;r=2
random_negative,candidate,830,1,0.4980,0.5260,,,,,mask=0xA7;m=2;r=0
random_negative,candidate,831,1,0.5020,0.4740,,,,,mask=0xA7;m=2;r=1
random_negative,candidate,832,1,0.5150,0.5260,,,,,mask=0xA7;m=3;r=0
random_negative,candidate,833,1,0.5050,0.5040,,,,,mask=0xA7;m=3;r=1
random_negative,candidate,834,1,0.4900,0.4780,,,,,mask=0xA7;m=3;r=2
random_negative,candidate,835,1,0.4930,0.4920,,,,,mask=0xA8;m=2;r=0
random_negative,candidate,836,1,0.5070,0.5080,,,,,mask=0xA8;m=2;r=1
random_negative,candidate,837,1,0.5000,0.4740,,,,,mask=0xA8;m=3;r=0
random_negative,candidate,838,1,0.5060,0.5200,,,,,mask=0xA8;m=3;r=1
random_negative,candidate,839,1,0.5040,0.5140,,,,,mask=0xA8;m=3;r=2
random_negative,candidate,840,1,0.5120,0.5020,,,,,mask=0xA9;m=2;r=0
random_negative,candidate,841,1,0.4880,0.4980,,,,,mask=0xA9;m=2;r=1
random_negative,candidate,842,1,0.4940,0.5180,,,,,mask=0xA9;m=3;r=0
random_negative,candidate,843,1,0.5190,0.4860,,,,,mask=0xA9;m=3;r=1
random_negative,candidate,844,1,0.4970,0.5040,,,,,mask=0xA9;m=3;r=2
random_negative,candidate,845,1,0.5020,0.5140,,,,,mask=0xAA;m=2;r=0
random_negative,candidate,846,1,0.4980,0.4860,,,,,mask=0xAA;m=2;r=1
random_negative,candidate,847,1,0.4940,0.4820,,,,,mask=0xAA;m=3;r=0
random_negative,candidate,848,1,0.5120,0.5100,,,,,mask=0xAA;m=3;r=1
random_negative,candidate,849,1,0.5040,0.5160,,,,,mask=0xAA;m=3;r=2
random_negative,candidate,850,1,0.5120,0.5020,,,,,mask=0xAB;m=2;r=0
random_negative,candidate,851,1,0.4880,0.4980,,,,,mask=0xAB;m=2;r=1
random_negative,candidate,852,1,0.4880,0.4920,,,,,mask=0xAB;m=3;r=0
random_negative,candidate,853,1,0.5190,0.4960,,,,,mask=0xAB;m=3;r=1
random_negative,candidate,854,1,0.5030,0.5200,,,,,mask=0xAB;m=3;r=2
random_negative,candidate,855,1,0.4950,0.5600,,,,,mask=0xAC;m=2;r=0
random_negative,candidate,856,1,0.5050,0.4400,,,,,mask=0xAC;m=2;r=1
random_negative,candidate,857,1,0.5010,0.5000,,,,,mask=0xAC;m=3;r=0
random_negative,candidate,858,1,0.4830,0.5160,,,,,mask=0xAC;m=3;r=1
random_negative,candidate,859,1,0.5260,0.4920,,,,,mask=0xAC;m=3;r=2
random_negative,candidate,860,1,0.4920,0.5020,,,,,mask=0xAD;m=2;r=0
random_negative,candidate,861,1,0.5080,0.4980,,,,,mask=0xAD;m=2;r=1
random_negative,candidate,862,1,0.5300,0.4960,,,,,mask=0xAD;m=3;r=0
random_negative,candidate,863,1,0.4920,0.5680,,,,,mask=0xAD;m=3;r=1
random_negative,candidate,864,1,0.4880,0.4440,,,,,mask=0xAD;m=3;r=2
random_negative,candidate,865,1,0.5020,0.5200,,,,,mask=0xAE;m=2;r=0
random_negative,candidate,866,1,0.4980,0.4800,,,,,mask=0xAE;m=2;r=1
random_negative,candidate,867,1,0.5230,0.5060,,,,,mask=0xAE;m=3;r=0
random_negative,candidate,868,1,0.4800,0.5440,,,,,mask=0xAE;m=3;r=1
random_negative,candidate,869,1,0.5070,0.4580,,,,,mask=0xAE;m=3;r=2
random_negative,candidate,870,1,0.4960,0.5600,,,,,mask=0xAF;m=2;r=0
random_negative,candidate,871,1,0.5040,0.4400,,,,,mask=0xAF;m=2;r=1
random_negative,candidate,872,1,0.5050,0.5240,,,,,mask=0xAF;m=3;r=0
random_negative,candidate,873,1,0.4870,0.4740,,,,,mask=0xAF;m=3;r=1
random_negative,candidate,874,1,0.5180,0.5100,,,,,mask=0xAF;m=3;r=2
random_negative,candidate,875,1,0.5120,0.5340,,,,,mask=0xB0;m=2;r=0
random_negative,candidate,876,1,0.4880,0.4660,,,,,mask=0xB0;m=2;r=1
random_negative,candidate,877,1,0.5060,0.5060,,,,,mask=0xB0;m=3;r=0
random_negative,candidate,878,1,0.4920,0.5000,,,,,mask=0xB0;m=3;r=1
random_negative,candidate,879,1,0.5120,0.5020,,,,,mask=0xB0;m=3;r=2
random_negative,candidate,880,1,0.4930,0.5480,,,,,mask=0xB1;m=2;r=0
random_negative,candidate,881,1,0.5070,0.4520,,,,,mask=0xB1;m=2;r=1
random_negative,candidate,882,1,0.5170,0.5080,,,,,mask=0xB1;m=3;r=0
random_negative,candidate,883,1,0.4750,0.5060,,,,,mask=0xB1;m=3;r=1
random_negative,candidate,884,1,0.5180,0.4940,,,,,mask=0xB1;m=3;r=2
random_negative,candidate,885,1,0.5230,0.5080,,,,,mask=0xB2;m=2;r=0
random_negative,candidate,886,1,0.4770,0.4920,,,,,mask=0xB2;m=2;r=1
random_negative,candidate,887,1,0.5380,0.4820,,,,,mask=0xB2;m=3;r=0
random_negative,candidate,888,1,0.5060,0.5220,,,,,mask=0xB2;m=3;r=1
random_negative,candidate,889,1,0.4660,0.5040,,,,,mask=0xB2;m=3;r=2
random_negative,candidate,890,1,0.5090,0.4760,,,,,mask=0xB3;m=2;r=0
random_negative,candidate,891,1,0.4910,0.5240,,,,,mask=0xB3;m=2;r=1
random_negative,candidate,892,1,0.4840,0.4900,,,,,mask=0xB3;m=3;r=0
random_negative,candidate,893,1,0.4780,0.5220,,,,,mask=0xB3;m=3;r=1
random_negative,candidate,894,1,0.5480,0.4960,,,,,mask=0xB3;m=3;r=2
random_negative,candidate,895,1,0.4910,0.4800,,,,,mask=0xB4;m=2;r=0
random_negative,candidate,896,1,0.5090,0.5200,,,,,mask=0xB4;m=2;r=1
random_negative,candidate,897,1,0.4780,0.5140,,,,,mask=0xB4;m=3;r=0
random_negative,candidate,898,1,0.5020,0.4960,,,,,mask=0xB4;m=3;r=1
random_negative,candidate,899,1,0.5300,0.4980,,,,,mask=0xB4;m=3;r=2
random_negative,candidate,900,1,0.5220,0.5540,,,,,mask=0xB5;m=2;r=0
random_negative,candidate,901,1,0.4780,0.4460,,,,,mask=0xB5;m=2;r=1
random_negative,candidate,902,1,0.4940,0.4920,,,,,mask=0xB5;m=3;r=0
random_negative,candidate,903,1,0.5020,0.4860,,,,,mask=0xB5;m=3;r=1
random_negative,candidate,904,1,0.5140,0.5300,,,,,mask=0xB5;m=3;r=2
random_negative,candidate,905,1,0.5140,0.5400,,,,,mask=0xB6;m=2;r=0
random_negative,candidate,906,1,0.4860,0.4600,,,,,mask=0xB6;m=2;r=1
random_negative,candidate,907,1,0.5220,0.4860,,,,,mask=0xB6;m=3;r=0
random_negative,candidate,908,1,0.5060,0.5300,,,,,mask=0xB6;m=3;r=1
random_negative,candidate,909,1,0.4820,0.4920,,,,,mask=0xB6;m=3;r=2
random_negative,candidate,910,1,0.4880,0.5000,,,,,mask=0xB7;m=2;r=0
random_negative,candidate,911,1,0.5120,0.5000,,,,,mask=0xB7;m=2;r=1
random_negative,candidate,912,1,0.5060,0.4900,,,,,mask=0xB7;m=3;r=0
random_negative,candidate,913,1,0.4860,0.5220,,,,,mask=0xB7;m=3;r=1
random_negative,candidate,914,1,0.5180,0.4960,,,,,mask=0xB7;m=3;r=2
random_negative,candidate,915,1,0.4880,0.5280,,,,,mask=0xB8;m=2;r=0
random_negative,candidate,916,1,0.5120,0.4720,,,,,mask=0xB8;m=2;r=1
random_negative,candidate,917,1,0.5140,0.4880,,,,,mask=0xB8;m=3;r=0
random_negative,candidate,918,1,0.4840,0.5200,,,,,mask=0xB8;m=3;r=1
random_negative,candidate,919,1,0.5120,0.5000,,,,,mask=0xB8;m=3;r=2
random_negative,candidate,920,1,0.4970,0.5080,,,,,mask=0xB9;m=2;r=0
random_negative,candidate,921,1,0.5030,0.4920,,,,,mask=0xB9;m=2;r=1
random_negative,candidate,922,1,0.5010,0.4920,,,,,mask=0xB9;m=3;r=0
random_negative,candidate,923,1,0.4980,0.5100,,,,,mask=0xB9;m=3;r=1
random_negative,candidate,924,1,0.5110,0.5060,,,,,mask=0xB9;m=3;r=2
random_negative,candidate,925,1,0.4930,0.5200,,,,,mask=0xBA;m=2;r=0
random_negative,candidate,926,1,0.5070,0.4800,,,,,mask=0xBA;m=2;r=1
random_negative,candidate,927,1,0.5410,0.4800,,,,,mask=0xBA;m=3;r=0
random_negative,candidate,928,1,0.4850,0.5320,,,,,mask=0xBA;m=3;r=1
random_negative,candidate,929,1,0.4840,0.4960,,,,,mask=0xBA;m=3;r=2
random_negative,candidate,930,1,0.5310,0.4900,,,,,mask=0xBB;m=2;r=0
random_negative,candidate,931,1,0.4690,0.5100,,,,,mask=0xBB;m=2;r=1
random_negative,candidate,932,1,0.5190,0.4700,,,,,mask=0xBB;m=3;r=0
random_negative,candidate,933,1,0.4990,0.5080,,,,,mask=0xBB;m=3;r=1
random_negative,candidate,934,1,0.4920,0.5300,,,,,mask=0xBB;m=3;r=2
random_negative,candidate,935,1,0.5090,0.5500,,,,,mask=0xBC;m=2;r=0
random_negative,candidate,936,1,0.4910,0.4500,,,,,mask=0xBC;m=2;r=1
random_negative,candidate,937,1,0.5220,0.4980,,,,,mask=0xBC;m=3;r=0
random_negative,candidate,938,1,0.4760,0.5240,,,,,mask=0xBC;m=3;r=1
random_negative,candidate,939,1,0.5120,0.4860,,,,,mask=0xBC;m=3;r=2
random_negative,candidate,940,1,0.4780,0.5100,,,,,mask=0xBD;m=2;r=0
random_negative,candidate,941,1,0.5220,0.4900,,,,,mask=0xBD;m=2;r=1
random_negative,candidate,942,1,0.5000,0.4900,,,,,mask=0xBD;m=3;r=0
random_negative,candidate,943,1,0.4960,0.4800,,,,,mask=0xBD;m=3;r=1
random_negative,candidate,944,1,0.5140,0.5380,,,,,mask=0xBD;m=3;r=2
random_negative,candidate,945,1,0.5020,0.5080,,,,,mask=0xBE;m=2;r=0
random_negative,candidate,946,1,0.4980,0.4920,,,,,mask=0xBE;m=2;r=1
random_negative,candidate,947,1,0.4750,0.5260,,,,,mask=0xBE;m=3;r=0
random_negative,candidate,948,1,0.5100,0.4920,,,,,mask=0xBE;m=3;r=1
random_negative,candidate,949,1,0.5250,0.4900,,,,,mask=0xBE;m=3;r=2
random_negative,candidate,950,1,0.5300,0.5300,,,,,mask=0xBF;m=2;r=0
random_negative,candidate,951,1,0.4700,0.4700,,,,,mask=0xBF;m=2;r=1
random_negative,candidate,952,1,0.5390,0.4900,,,,,mask=0xBF;m=3;r=0
random_negative,candidate,953,1,0.4930,0.5040,,,,,mask=0xBF;m=3;r=1
random_negative,candidate,954,1,0.4780,0.5140,,,,,mask=0xBF;m=3;r=2
random_negative,candidate,955,1,0.5180,0.4860,,,,,mask=0xC0;m=2;r=0
random_negative,candidate,956,1,0.4820,0.5140,,,,,mask=0xC0;m=2;r=1
random_negative,candidate,957,1,0.4840,0.4900,,,,,mask=0xC0;m=3;r=0
random_negative,candidate,958,1,0.5050,0.5200,,,,,mask=0xC0;m=3;r=1
random_negative,candidate,959,1,0.5210,0.4980,,,,,mask=0xC0;m=3;r=2
random_negative,candidate,960,1,0.5030,0.4840,,,,,mask=0xC1;m=2;r=0
random_negative,candidate,961,1,0.4970,0.5160,,,,,mask=0xC1;m=2;r=1
random_negative,candidate,962,1,0.4840,0.4700,,,,,mask=0xC1;m=3;r=0
random_negative,candidate,963,1,0.5230,0.5380,,,,,mask=0xC1;m=3;r=1
random_negative,candidate,964,1,0.5030,0.5000,,,,,mask=0xC1;m=3;r=2
random_negative,candidate,965,1,0.4940,0.4900,,,,,mask=0xC2;m=2;r=0
random_negative,candidate,966,1,0.5060,0.5100,,,,,mask=0xC2;m=2;r=1
random_negative,candidate,967,1,0.5160,0.5240,,,,,mask=0xC2;m=3;r=0
random_negative,candidate,968,1,0.5090,0.5240,,,,,mask=0xC2;m=3;r=1
random_negative,candidate,969,1,0.4850,0.4600,,,,,mask=0xC2;m=3;r=2
random_negative,candidate,970,1,0.5280,0.5220,,,,,mask=0xC3;m=2;r=0
random_negative,candidate,971,1,0.4720,0.4780,,,,,mask=0xC3;m=2;r=1
random_negative,candidate,972,1,0.4930,0.5140,,,,,mask=0xC3;m=3;r=0
random_negative,candidate,973,1,0.5160,0.4980,,,,,mask=0xC3;m=3;r=1
random_negative,candidate,974,1,0.5010,0.4960,,,,,mask=0xC3;m=3;r=2
random_negative,candidate,975,1,0.4830,0.4960,,,,,mask=0xC4;m=2;r=0
random_negative,candidate,976,1,0.5170,0.5040,,,,,mask=0xC4;m=2;r=1
random_negative,candidate,977,1,0.4990,0.4720,,,,,mask=0xC4;m=3;r=0
random_negative,candidate,978,1,0.5010,0.5040,,,,,mask=0xC4;m=3;r=1
random_negative,candidate,979,1,0.5100,0.5320,,,,,mask=0xC4;m=3;r=2
random_negative,candidate,980,1,0.5060,0.4780,,,,,mask=0xC5;m=2;r=0
random_negative,candidate,981,1,0.4940,0.5220,,,,,mask=0xC5;m=2;r=1
random_negative,candidate,982,1,0.5090,0.5300,,,,,mask=0xC5;m=3;r=0
random_negative,candidate,983,1,0.4990,0.4760,,,,,mask=0xC5;m=3;r=1
random_negative,candidate,984,1,0.5020,0.5020,,,,,mask=0xC5;m=3;r=2
random_negative,candidate,985,1,0.4950,0.4820,,,,,mask=0xC6;m=2;r=0
random_negative,candidate,986,1,0.5050,0.5180,,,,,mask=0xC6;m=2;r=1
random_negative,candidate,987,1,0.5020,0.4900,,,,,mask=0xC6;m=3;r=0
random_negative,candidate,988,1,0.4960,0.5380,,,,,mask=0xC6;m=3;r=1
random_negative,candidate,989,1,0.5120,0.4800,,,,,mask=0xC6;m=3;r=2
random_negative,candidate,990,1,0.4770,0.4860,,,,,mask=0xC7;m=2;r=0
random_negative,candidate,991,1,0.5230,0.5140,,,,,mask=0xC7;m=2;r=1
random_negative,candidate,992,1,0.5000,0.5400,,,,,mask=0xC7;m=3;r=0
random_negative,candidate,993,1,0.4970,0.4900,,,,,mask=0xC7;m=3;r=1
random_negative,candidate,994,1,0.5130,0.4780,,,,,mask=0xC7;m=3;r=2
random_negative,candidate,995,1,0.4840,0.5080,,,,,mask=0xC8;m=2;r=0
random_negative,candidate,996,1,0.5160,0.4920,,,,,mask=0xC8;m=2;r=1
random_negative,candidate,997,1,0.5130,0.4960,,,,,mask=0xC8;m=3;r=0
random_negative,candidate,998,1,0.5020,0.4880,,,,,mask=0xC8;m=3;r=1
random_negative,candidate,999,1,0.4950,0.5240,,,,,mask=0xC8;m=3;r=2
random_negative,candidate,1000,1,0.5470,0.5280,,,,,mask=0xC9;m=2;r=0
random_negative,candidate,1001,1,0.4530,0.4720,,,,,mask=0xC9;m=2;r=1
random_negative,candidate,1002,1,0.5150,0.5700,,,,,mask=0xC9;m=3;r=0
random_negative,candidate,1003,1,0.4930,0.4680,,,,,mask=0xC9;m=3;r=1
random_negative,candidate,1004,1,0.5020,0.4700,,,,,mask=0xC9;m=3;r=2
random_negative,candidate,1005,1,0.5080,0.5180,,,,,mask=0xCA;m=2;r=0
random_negative,candidate,1006,1,0.4920,0.4820,,,,,mask=0xCA;m=2;r=1
random_negative,candidate,1007,1,0.5030,0.5360,,,,,mask=0xCA;m=3;r=0
random_negative,candidate,1008,1,0.4890,0.4840,,,,,mask=0xCA;m=3;r=1
random_negative,candidate,1009,1,0.5180,0.4880,,,,,mask=0xCA;m=3;r=2
random_negative,candidate,1010,1,0.4880,0.4880,,,,,mask=0xCB;m=2;r=0
random_negative,candidate,1011,1,0.5120,0.5120,,,,,mask=0xCB;m=2;r=1
random_negative,candidate,1012,1,0.4820,0.5440,,,,,mask=0xCB;m=3;r=0
random_negative,candidate,1013,1,0.5440,0.4880,,,,,mask=0xCB;m=3;r=1
random_negative,candidate,1014,1,0.4840,0.4760,,,,,mask=0xCB;m=3;r=2
random_negative,candidate,1015,1,0.5070,0.4980,,,,,mask=0xCC;m=2;r=0
random_negative,candidate,1016,1,0.4930,0.5020,,,,,mask=0xCC;m=2;r=1
random_negative,candidate,1017,1,0.4990,0.4620,,,,,mask=0xCC;m=3;r=0
random_negative,candidate,1018,1,0.5110,0.5160,,,,,mask=0xCC;m=3;r=1
random_negative,candidate,1019,1,0.5000,0.5300,,,,,mask=0xCC;m=3;r=2
random_negative,candidate,1020,1,0.4780,0.4780,,,,,mask=0xCD;m=2;r=0
random_negative,candidate,1021,1,0.5220,0.5220,,,,,mask=0xCD;m=2;r=1
random_negative,candidate,1022,1,0.5040,0.5060,,,,,mask=0xCD;m=3;r=0
random_negative,candidate,1023,1,0.4990,0.5280,,,,,mask=0xCD;m=3;r=1
random_negative,candidate,1024,1,0.5070,0.4740,,,,,mask=0xCD;m=3;r=2
random_negative,candidate,1025,1,0.4950,0.5260,,,,,mask=0xCE;m=2;r=0
random_negative,candidate,1026,1,0.5050,0.4740,,,,,mask=0xCE;m=2;r=1
random_negative,candidate,1027,1,0.5040,0.5340,,,,,mask=0xCE;m=3;r=0
random_negative,candidate,1028,1,0.5150,0.4700,,,,,mask=0xCE;m=3;r=1
random_negative,candidate,1029,1,0.4910,0.5040,,,,,mask=0xCE;m=3;r=2
random_negative,candidate,1030,1,0.5130,0.5440,,,,,mask=0xCF;m=2;r=0
random_negative,candidate,1031,1,0.4870,0.4560,,,,,mask=0xCF;m=2;r=1
random_negative,candidate,1032,1,0.5260,0.5200,,,,,mask=0xCF;m=3;r=0
random_negative,candidate,1033,1,0.5020,0.4660,,,,,mask=0xCF;m=3;r=1
random_negative,candidate,1034,1,0.4820,0.5220,,,,,mask=0xCF;m=3;r=2
random_negative,candidate,1035,1,0.4950,0.4660,,,,,mask=0xD0;m=2;r=0
random_negative,candidate,1036,1,0.5050,0.5340,,,,,mask=0xD0;m=2;r=1
random_negative,candidate,1037,1,0.5140,0.5380,,,,,mask=0xD0;m=3;r=0
random_negative,candidate,1038,1,0.4850,0.4880,,,,,mask=0xD0;m=3;r=1
random_negative,candidate,1039,1,0.5110,0.4820,,,,,mask=0xD0;m=3;r=2
random_negative,candidate,1040,1,0.5060,0.5060,,,,,mask=0xD1;m=2;r=0
random_negative,candidate,1041,1,0.4940,0.4940,,,,,mask=0xD1;m=2;r=1
random_negative,candidate,1042,1,0.4940,0.5180,,,,,mask=0xD1;m=3;r=0
random_negative,candidate,1043,1,0.4880,0.4920,,,,,mask=0xD1;m=3;r=1
random_negative,candidate,1044,1,0.5280,0.4980,,,,,mask=0xD1;m=3;r=2
random_negative,candidate,1045,1,0.5250,0.4880,,,,,mask=0xD2;m=2;r=0
random_negative,candidate,1046,1,0.4750,0.5120,,,,,mask=0xD2;m=2;r=1
random_negative,candidate,1047,1,0.5190,0.5080,,,,,mask=0xD2;m=3;r=0
random_negative,candidate,1048,1,0.5020,0.5140,,,,,mask=0xD2;m=3;r=1
random_negative,candidate,1049,1,0.4890,0.4860,,,,,mask=0xD2;m=3;r=2
random_negative,candidate,1050,1,0.4870,0.5060,,,,,mask=0xD3;m=2;r=0
random_negative,candidate,1051,1,0.5130,0.4940,,,,,mask=0xD3;m=2;r=1
random_negative,candidate,1052,1,0.4890,0.4980,,,,,mask=0xD3;m=3;r=0
random_negative,candidate,1053,1,0.5010,0.4980,,,,,mask=0xD3;m=3;r=1
random_negative,candidate,1054,1,0.5200,0.5120,,,,,mask=0xD3;m=3;r=2
random_negative,candidate,1055,1,0.5110,0.4900,,,,,mask=0xD4;m=2;r=0
random_negative,candidate,1056,1,0.4890,0.5100,,,,,mask=0xD4;m=2;r=1
random_negative,candidate,1057,1,0.5050,0.5120,,,,,mask=0xD4;m=3;r=0
random_negative,candidate,1058,1,0.4980,0.4760,,,,,mask=0xD4;m=3;r=1
random_negative,candidate,1059,1,0.5070,0.5200,,,,,mask=0xD4;m=3;r=2
random_negative,candidate,1060,1,0.4880,0.4660,,,,,mask=0xD5;m=2;r=0
random_negative,candidate,1061,1,0.5120,0.5340,,,,,mask=0xD5;m=2;r=1
random_negative,candidate,1062,1,0.5060,0.5120,,,,,mask=0xD5;m=3;r=0
random_negative,candidate,1063,1,0.5100,0.4780,,,,,mask=0xD5;m=3;r=1
random_negative,candidate,1064,1,0.4940,0.5180,,,,,mask=0xD5;m=3;r=2
random_negative,candidate,1065,1,0.5010,0.4780,,,,,mask=0xD6;m=2;r=0
random_negative,candidate,1066,1,0.4990,0.5220,,,,,mask=0xD6;m=2;r=1
random_negative,candidate,1067,1,0.4930,0.5140,,,,,mask=0xD6;m=3;r=0
random_negative,candidate,1068,1,0.5150,0.5080,,,,,mask=0xD6;m=3;r=1
random_negative,candidate,1069,1,0.5020,0.4860,,,,,mask=0xD6;m=3;r=2
random_negative,candidate,1070,1,0.5110,0.4520,,,,,mask=0xD7;m=2;r=0
random_negative,candidate,1071,1,0.4890,0.5480,,,,,mask=0xD7;m=2;r=1
random_negative,candidate,1072,1,0.4960,0.4840,,,,,mask=0xD7;m=3;r=0
random_negative,candidate,1073,1,0.5170,0.5340,,,,,mask=0xD7;m=3;r=1
random_negative,candidate,1074,1,0.4970,0.4900,,,,,mask=0xD7;m=3;r=2
random_negative,candidate,1075,1,0.5190,0.5200,,,,,mask=0xD8;m=2;r=0
random_negative,candidate,1076,1,0.4810,0.4800,,,,,mask=0xD8;m=2;r=1
random_negative,candidate,1077,1,0.5070,0.5260,,,,,mask=0xD8;m=3;r=0
random_negative,candidate,1078,1,0.4880,0.4900,,,,,mask=0xD8;m=3;r=1
random_negative,candidate,1079,1,0.5150,0.4920,,,,,mask=0xD8;m=3;r=2
random_negative,candidate,1080,1,0.4740,0.5060,,,,,mask=0xD9;m=2;r=0
random_negative,candidate,1081,1,0.5260,0.4940,,,,,mask=0xD9;m=2;r=1
random_negative,candidate,1082,1,0.5000,0.5020,,,,,mask=0xD9;m=3;r=0
random_negative,candidate,1083,1,0.5050,0.5140,,,,,mask=0xD9;m=3;r=1
random_negative,candidate,1084,1,0.5050,0.4920,,,,,mask=0xD9;m=3;r=2
random_negative,candidate,1085,1,0.4850,0.5200,,,,,mask=0xDA;m=2;r=0
random_negative,candidate,1086,1,0.5150,0.4800,,,,,mask=0xDA;m=2;r=1
random_negative,candidate,1087,1,0.4990,0.5320,,,,,mask=0xDA;m=3;r=0
random_negative,candidate,1088,1,0.5080,0.4900,,,,,mask=0xDA;m=3;r=1
random_negative,candidate,1089,1,0.5030,0.4860,,,,,mask=0xDA;m=3;r=2
random_negative,candidate,1090,1,0.5130,0.5200,,,,,mask=0xDB;m=2;r=0
random_negative,candidate,1091,1,0.4870,0.4800,,,,,mask=0xDB;m=2;r=1
random_negative,candidate,1092,1,0.5170,0.5260,,,,,mask=0xDB;m=3;r=0
random_negative,candidate,1093,1,0.5080,0.5020,,,,,mask=0xDB;m=3;r=1
random_negative,candidate,1094,1,0.4850,0.4800,,,,,mask=0xDB;m=3;r=2
random_negative,candidate,1095,1,0.4890,0.5080,,,,,mask=0xDC;m=2;r=0
random_negative,candidate,1096,1,0.5110,0.4920,,,,,mask=0xDC;m=2;r=1
random_negative,candidate,1097,1,0.5280,0.4680,,,,,mask=0xDC;m=3;r=0
random_negative,candidate,1098,1,0.4860,0.4880,,,,,mask=0xDC;m=3;r=1
random_negative,candidate,1099,1,0.4960,0.5520,,,,,mask=0xDC;m=3;r=2
random_negative,candidate,1100,1,0.4860,0.4580,,,,,mask=0xDD;m=2;r=0
random_negative,candidate,1101,1,0.5140,0.5420,,,,,mask=0xDD;m=2;r=1
random_negative,candidate,1102,1,0.5070,0.4920,,,,,mask=0xDD;m=3;r=0
random_negative,candidate,1103,1,0.4890,0.5200,,,,,mask=0xDD;m=3;r=1
random_negative,candidate,1104,1,0.5140,0.4960,,,,,mask=0xDD;m=3;r=2
random_negative,candidate,1105,1,0.4970,0.4940,,,,,mask=0xDE;m=2;r=0
random_negative,candidate,1106,1,0.5030,0.5060,,,,,mask=0xDE;m=2;r=1
random_negative,candidate,1107,1,0.5060,0.5000,,,,,mask=0xDE;m=3;r=0
random_negative,candidate,1108,1,0.5030,0.4940,,,,,mask=0xDE;m=3;r=1
random_negative,candidate,1109,1,0.5010,0.5140,,,,,mask=0xDE;m=3;r=2
random_negative,candidate,1110,1,0.5010,0.5060,,,,,mask=0xDF;m=2;r=0
random_negative,candidate,1111,1,0.4990,0.4940,,,,,mask=0xDF;m=2;r=1
random_negative,candidate,1112,1,0.5000,0.4620,,,,,mask=0xDF;m=3;r=0
random_negative,candidate,1113,1,0.5060,0.5360,,,,,mask=0xDF;m=3;r=1
random_negative,candidate,1114,1,0.5040,0.5100,,,,,mask=0xDF;m=3;r=2
random_negative,candidate,1115,1,0.4950,0.5100,,,,,mask=0xE0;m=2;r=0
random_negative,candidate,1116,1,0.5050,0.4900,,,,,mask=0xE0;m=2;r=1
random_negative,candidate,1117,1,0.5220,0.4960,,,,,mask=0xE0;m=3;r=0
random_negative,candidate,1118,1,0.5050,0.4760,,,,,mask=0xE0;m=3;r=1
random_negative,candidate,1119,1,0.4830,0.5360,,,,,mask=0xE0;m=3;r=2
random_negative,candidate,1120,1,0.5200,0.5100,,,,,mask=0xE1;m=2;r=0
random_negative,candidate,1121,1,0.4800,0.4900,,,,,mask=0xE1;m=2;r=1
random_negative,candidate,1122,1,0.5240,0.4860,,,,,mask=0xE1;m=3;r=0
random_negative,candidate,1123,1,0.4960,0.5200,,,,,mask=0xE1;m=3;r=1
random_negative,candidate,1124,1,0.4900,0.5020,,,,,mask=0xE1;m=3;r=2
random_negative,candidate,1125,1,0.5060,0.4900,,,,,mask=0xE2;m=2;r=0
random_negative,candidate,1126,1,0.4940,0.5100,,,,,mask=0xE2;m=2;r=1
random_negative,candidate,1127,1,0.4840,0.5180,,,,,mask=0xE2;m=3;r=0
random_negative,candidate,1128,1,0.5010,0.5120,,,,,mask=0xE2;m=3;r=1
random_negative,candidate,1129,1,0.5250,0.4780,,,,,mask=0xE2;m=3;r=2
random_negative,candidate,1130,1,0.4780,0.4760,,,,,mask=0xE3;m=2;r=0
random_negative,candidate,1131,1,0.5220,0.5240,,,,,mask=0xE3;m=2;r=1
random_negative,candidate,1132,1,0.4960,0.5060,,,,,mask=0xE3;m=3;r=0
random_negative,candidate,1133,1,0.5050,0.4760,,,,,mask=0xE3;m=3;r=1
random_negative,candidate,1134,1,0.5090,0.5260,,,,,mask=0xE3;m=3;r=2
random_negative,candidate,1135,1,0.4930,0.5140,,,,,mask=0xE4;m=2;r=0
random_negative,candidate,1136,1,0.5070,0.4860,,,,,mask=0xE4;m=2;r=1
random_negative,candidate,1137,1,0.5090,0.4840,,,,,mask=0xE4;m=3;r=0
random_negative,candidate,1138,1,0.4790,0.5140,,,,,mask=0xE4;m=3;r=1
random_negative,candidate,1139,1,0.5220,0.5100,,,,,mask=0xE4;m=3;r=2
random_negative,candidate,1140,1,0.4920,0.4780,,,,,mask=0xE5;m=2;r=0
random_negative,candidate,1141,1,0.5080,0.5220,,,,,mask=0xE5;m=2;r=1
random_negative,candidate,1142,1,0.5100,0.5020,,,,,mask=0xE5;m=3;r=0
random_negative,candidate,1143,1,0.4930,0.4860,,,,,mask=0xE5;m=3;r=1
random_negative,candidate,1144,1,0.5070,0.5200,,,,,mask=0xE5;m=3;r=2
random_negative,candidate,1145,1,0.5140,0.4960,,,,,mask=0xE6;m=2;r=0
random_negative,candidate,1146,1,0.4860,0.5040,,,,,mask=0xE6;m=2;r=1
random_negative,candidate,1147,1,0.4930,0.5280,,,,,mask=0xE6;m=3;r=0
random_negative,candidate,1148,1,0.5140,0.5160,,,,,mask=0xE6;m=3;r=1
random_negative,candidate,1149,1,0.5030,0.4640,,,,,mask=0xE6;m=3;r=2
random_negative,candidate,1150,1,0.5040,0.5300,,,,,mask=0xE7;m=2;r=0
random_negative,candidate,1151,1,0.4960,0.4700,,,,,mask=0xE7;m=2;r=1
random_negative,candidate,1152,1,0.4970,0.4800,,,,,mask=0xE7;m=3;r=0
random_negative,candidate,1153,1,0.5130,0.5300,,,,,mask=0xE7;m=3;r=1
random_negative,candidate,1154,1,0.5000,0.4980,,,,,mask=0xE7;m=3;r=2
random_negative,candidate,1155,1,0.4960,0.5080,,,,,mask=0xE8;m=2;r=0
random_negative,candidate,1156,1,0.5040,0.4920,,,,,mask=0xE8;m=2;r=1
random_negative,candidate,1157,1,0.4900,0.5080,,,,,mask=0xE8;m=3;r=0
random_negative,candidate,1158,1,0.5060,0.5100,,,,,mask=0xE8;m=3;r=1
random_negative,candidate,1159,1,0.5140,0.4900,,,,,mask=0xE8;m=3;r=2
random_negative,candidate,1160,1,0.4870,0.4940,,,,,mask=0xE9;m=2;r=0
random_negative,candidate,1161,1,0.5130,0.5060,,,,,mask=0xE9;m=2;r=1
random_negative,candidate,1162,1,0.5090,0.5020,,,,,mask=0xE9;m=3;r=0
random_negative,candidate,1163,1,0.5060,0.5100,,,,,mask=0xE9;m=3;r=1
random_negative,candidate,1164,1,0.4950,0.4960,,,,,mask=0xE9;m=3;r=2
random_negative,candidate,1165,1,0.4890,0.4820,,,,,mask=0xEA;m=2;r=0
random_negative,candidate,1166,1,0.5110,0.5180,,,,,mask=0xEA;m=2;r=1
random_negative,candidate,1167,1,0.4740,0.5160,,,,,mask=0xEA;m=3;r=0
random_negative,candidate,1168,1,0.5250,0.5180,,,,,mask=0xEA;m=3;r=1
random_negative,candidate,1169,1,0.5110,0.4740,,,,,mask=0xEA;m=3;r=2
random_negative,candidate,1170,1,0.5010,0.5220,,,,,mask=0xEB;m=2;r=0
random_negative,candidate,1171,1,0.4990,0.4780,,,,,mask=0xEB;m=2;r=1
random_negative,candidate,1172,1,0.5280,0.4660,,,,,mask=0xEB;m=3;r=0
random_negative,candidate,1173,1,0.4910,0.5580,,,,,mask=0xEB;m=3;r=1
random_negative,candidate,1174,1,0.4910,0.4840,,,,,mask=0xEB;m=3;r=2
random_negative,candidate,1175,1,0.5060,0.5080,,,,,mask=0xEC;m=2;r=0
random_negative,candidate,1176,1,0.4940,0.4920,,,,,mask=0xEC;m=2;r=1
random_negative,candidate,1177,1,0.4830,0.4920,,,,,mask=0xEC;m=3;r=0
random_negative,candidate,1178,1,0.5220,0.5200,,,,,mask=0xEC;m=3;r=1
random_negative,candidate,1179,1,0.5050,0.4960,,,,,mask=0xEC;m=3;r=2
random_negative,candidate,1180,1,0.5170,0.5020,,,,,mask=0xED;m=2;r=0
random_negative,candidate,1181,1,0.4830,0.4980,,,,,mask=0xED;m=2;r=1
random_negative,candidate,1182,1,0.4780,0.5080,,,,,mask=0xED;m=3;r=0
random_negative,candidate,1183,1,0.5160,0.4900,,,,,mask=0xED;m=3;r=1
random_negative,candidate,1184,1,0.5160,0.5100,,,,,mask=0xED;m=3;r=2
random_negative,candidate,1185,1,0.4870,0.5240,,,,,mask=0xEE;m=2;r=0
random_negative,candidate,1186,1,0.5130,0.4760,,,,,mask=0xEE;m=2;r=1
random_negative,candidate,1187,1,0.4840,0.4960,,,,,mask=0xEE;m=3;r=0
random_negative,candidate,1188,1,0.5090,0.5100,,,,,mask=0xEE;m=3;r=1
random_negative,candidate,1189,1,0.5170,0.5020,,,,,mask=0xEE;m=3;r=2
random_negative,candidate,1190,1,0.4990,0.5080,,,,,mask=0xEF;m=2;r=0
random_negative,candidate,1191,1,0.5010,0.4920,,,,,mask=0xEF;m=2;r=1
random_negative,candidate,1192,1,0.4940,0.4960,,,,,mask=0xEF;m=3;r=0
random_negative,candidate,1193,1,0.4910,0.4940,,,,,mask=0xEF;m=3;r=1
random_negative,candidate,1194,1,0.5250,0.5180,,,,,mask=0xEF;m=3;r=2
random_negative,candidate,1195,1,0.5070,0.5240,,,,,mask=0xF0;m=2;r=0
random_negative,candidate,1196,1,0.4930,0.4760,,,,,mask=0xF0;m=2;r=1
random_negative,candidate,1197,1,0.5420,0.5000,,,,,mask=0xF0;m=3;r=0
random_negative,candidate,1198,1,0.4800,0.5180,,,,,mask=0xF0;m=3;r=1
random_negative,candidate,1199,1,0.4880,0.4900,,,,,mask=0xF0;m=3;r=2
random_negative,candidate,1200,1,0.5120,0.5220,,,,,mask=0xF1;m=2;r=0
random_negative,candidate,1201,1,0.4880,0.4780,,,,,mask=0xF1;m=2;r=1
random_negative,candidate,1202,1,0.4790,0.5160,,,,,mask=0xF1;m=3;r=0
random_negative,candidate,1203,1,0.5100,0.4840,,,,,mask=0xF1;m=3;r=1
random_negative,candidate,1204,1,0.5210,0.5080,,,,,mask=0xF1;m=3;r=2
random_negative,candidate,1205,1,0.4920,0.5060,,,,,mask=0xF2;m=2;r=0
random_negative,candidate,1206,1,0.5080,0.4940,,,,,mask=0xF2;m=2;r=1
random_negative,candidate,1207,1,0.5020,0.5040,,,,,mask=0xF2;m=3;r=0
random_negative,candidate,1208,1,0.5020,0.5020,,,,,mask=0xF2;m=3;r=1
random_negative,candidate,1209,1,0.5060,0.5020,,,,,mask=0xF2;m=3;r=2
random_negative,candidate,1210,1,0.5120,0.4860,,,,,mask=0xF3;m=2;r=0
random_negative,candidate,1211,1,0.4880,0.5140,,,,,mask=0xF3;m=2;r=1
random_negative,candidate,1212,1,0.5030,0.5320,,,,,mask=0xF3;m=3;r=0
random_negative,candidate,1213,1,0.5030,0.5220,,,,,mask=0xF3;m=3;r=1
random_negative,candidate,1214,1,0.5040,0.4540,,,,,mask=0xF3;m=3;r=2
random_negative,candidate,1215,1,0.4780,0.5060,,,,,mask=0xF4;m=2;r=0
random_negative,candidate,1216,1,0.5220,0.4940,,,,,mask=0xF4;m=2;r=1
random_negative,candidate,1217,1,0.4960,0.5020,,,,,mask=0xF4;m=3;r=0
random_negative,candidate,1218,1,0.5190,0.4920,,,,,mask=0xF4;m=3;r=1
random_negative,candidate,1219,1,0.4950,0.5140,,,,,mask=0xF4;m=3;r=2
random_negative,candidate,1220,1,0.5150,0.5240,,,,,mask=0xF5;m=2;r=0
random_negative,candidate,1221,1,0.4850,0.4760,,,,,mask=0xF5;m=2;r=1
random_negative,candidate,1222,1,0.5160,0.5100,,,,,mask=0xF5;m=3;r=0
random_negative,candidate,1223,1,0.5000,0.5120,,,,,mask=0xF5;m=3;r=1
random_negative,candidate,1224,1,0.4940,0.4860,,,,,mask=0xF5;m=3;r=2
random_negative,candidate,1225,1,0.5130,0.4580,,,,,mask=0xF6;m=2;r=0
random_negative,candidate,1226,1,0.4870,0.5420,,,,,mask=0xF6;m=2;r=1
random_negative,candidate,1227,1,0.4790,0.5060,,,,,mask=0xF6;m=3;r=0
random_negative,candidate,1228,1,0.5240,0.4980,,,,,mask=0xF6;m=3;r=1
random_negative,candidate,1229,1,0.5070,0.5040,,,,,mask=0xF6;m=3;r=2
random_negative,candidate,1230,1,0.5050,0.5020,,,,,mask=0xF7;m=2;r=0
random_negative,candidate,1231,1,0.4950,0.4980,,,,,mask=0xF7;m=2;r=1
random_negative,candidate,1232,1,0.5270,0.4580,,,,,mask=0xF7;m=3;r=0
random_negative,candidate,1233,1,0.4820,0.5160,,,,,mask=0xF7;m=3;r=1
random_negative,candidate,1234,1,0.5010,0.5340,,,,,mask=0xF7;m=3;r=2
random_negative,candidate,1235,1,0.4820,0.5100,,,,,mask=0xF8;m=2;r=0
random_negative,candidate,1236,1,0.5180,0.4900,,,,,mask=0xF8;m=2;r=1
random_negative,candidate,1237,1,0.4860,0.4740,,,,,mask=0xF8;m=3;r=0
random_negative,candidate,1238,1,0.5050,0.5180,,,,,mask=0xF8;m=3;r=1
random_negative,candidate,1239,1,0.5190,0.5160,,,,,mask=0xF8;m=3;r=2
random_negative,candidate,1240,1,0.5070,0.5060,,,,,mask=0xF9;m=2;r=0
random_negative,candidate,1241,1,0.4930,0.4940,,,,,mask=0xF9;m=2;r=1
random_negative,candidate,1242,1,0.5020,0.4860,,,,,mask=0xF9;m=3;r=0
random_negative,candidate,1243,1,0.4980,0.5160,,,,,mask=0xF9;m=3;r=1
random_negative,candidate,1244,1,0.5100,0.5060,,,,,mask=0xF9;m=3;r=2
random_negative,candidate,1245,1,0.5010,0.5100,,,,,mask=0xFA;m=2;r=0
random_negative,candidate,1246,1,0.4990,0.4900,,,,,mask=0xFA;m=2;r=1
random_negative,candidate,1247,1,0.4760,0.4920,,,,,mask=0xFA;m=3;r=0
random_negative,candidate,1248,1,0.5040,0.5140,,,,,mask=0xFA;m=3;r=1
random_negative,candidate,1249,1,0.5300,0.5020,,,,,mask=0xFA;m=3;r=2
random_negative,candidate,1250,1,0.4770,0.5080,,,,,mask=0xFB;m=2;r=0
random_negative,candidate,1251,1,0.5230,0.4920,,,,,mask=0xFB;m=2;r=1
random_negative,candidate,1252,1,0.5110,0.4680,,,,,mask=0xFB;m=3;r=0
random_negative,candidate,1253,1,0.4740,0.5240,,,,,mask=0xFB;m=3;r=1
random_negative,candidate,1254,1,0.5250,0.5160,,,,,mask=0xFB;m=3;r=2
random_negative,candidate,1255,1,0.4850,0.4800,,,,,mask=0xFC;m=2;r=0
random_negative,candidate,1256,1,0.5150,0.5200,,,,,mask=0xFC;m=2;r=1
random_negative,candidate,1257,1,0.5050,0.5400,,,,,mask=0xFC;m=3;r=0
random_negative,candidate,1258,1,0.4860,0.4720,,,,,mask=0xFC;m=3;r=1
random_negative,candidate,1259,1,0.5190,0.4960,,,,,mask=0xFC;m=3;r=2
random_negative,candidate,1260,1,0.4700,0.5280,,,,,mask=0xFD;m=2;r=0
random_negative,candidate,1261,1,0.5300,0.4720,,,,,mask=0xFD;m=2;r=1
random_negative,candidate,1262,1,0.4960,0.5120,,,,,mask=0xFD;m=3;r=0
random_negative,candidate,1263,1,0.5140,0.5100,,,,,mask=0xFD;m=3;r=1
random_negative,candidate,1264,1,0.5000,0.4860,,,,,mask=0xFD;m=3;r=2
random_negative,candidate,1265,1,0.4860,0.5300,,,,,mask=0xFE;m=2;r=0
random_negative,candidate,1266,1,0.5140,0.4700,,,,,mask=0xFE;m=2;r=1
random_negative,candidate,1267,1,0.5050,0.4840,,,,,mask=0xFE;m=3;r=0
random_negative,candidate,1268,1,0.4910,0.5600,,,,,mask=0xFE;m=3;r=1
random_negative,candidate,1269,1,0.5140,0.4640,,,,,mask=0xFE;m=3;r=2
random_negative,random_trial,0,1270,,0.5460,,,,,max_validation=0.5700
random_negative,random_trial,1,1270,,0.5460,,,,,max_validation=0.5680
random_negative,random_trial,2,1270,,0.5460,,,,,max_validation=0.5680
random_negative,random_trial,3,1270,,0.5460,,,,,max_validation=0.5680
random_negative,random_trial,4,1270,,0.5460,,,,,max_validation=0.5700
random_negative,random_trial,5,1270,,0.5460,,,,,max_validation=0.5700
random_negative,random_trial,6,1270,,0.5460,,,,,max_validation=0.5700
random_negative,random_trial,7,1270,,0.5460,,,,,max_validation=0.5700
random_negative,random_trial,8,1270,,0.5460,,,,,max_validation=0.5700
random_negative,random_trial,9,1270,,0.5460,,,,,max_validation=0.5680
random_negative,random_trial,10,1270,,0.5460,,,,,max_validation=0.5700
random_negative,random_trial,11,1270,,0.5460,,,,,max_validation=0.5660
random_negative,random_trial,12,1270,,0.5460,,,,,max_validation=0.5700
random_negative,random_trial,13,1270,,0.5460,,,,,max_validation=0.5700
random_negative,random_trial,14,1270,,0.5460,,,,,max_validation=0.5700
random_negative,random_trial,15,1270,,0.5460,,,,,max_validation=0.5700
random_negative,random_trial,16,1270,,0.5460,,,,,max_validation=0.5700
random_negative,random_trial,17,1270,,0.5460,,,,,max_validation=0.5700
random_negative,random_trial,18,1270,,0.5460,,,,,max_validation=0.5700
random_negative,random_trial,19,1270,,0.5460,,,,,max_validation=0.5700
random_negative,random_trial,20,1270,,0.5460,,,,,max_validation=0.5680
random_negative,random_trial,21,1270,,0.5460,,,,,max_validation=0.5700
random_negative,random_trial,22,1270,,0.5460,,,,,max_validation=0.5700
random_negative,random_trial,23,1270,,0.5460,,,,,max_validation=0.5700
random_negative,random_trial,24,1270,,0.5460,,,,,max_validation=0.5680
random_negative,random_trial,25,1270,,0.5460,,,,,max_validation=0.5680
random_negative,random_trial,26,1270,,0.5460,,,,,max_validation=0.5680
random_negative,random_trial,27,1270,,0.5460,,,,,max_validation=0.5700
random_negative,random_trial,28,1270,,0.5460,,,,,max_validation=0.5700
random_negative,random_trial,29,1270,,0.5460,,,,,max_validation=0.5680
random_negative,random_trial,30,1270,,0.5460,,,,,max_validation=0.5700
random_negative,random_trial,31,1270,,0.5460,,,,,max_validation=0.5700
random_negative,random_trial,32,1270,,0.5460,,,,,max_validation=0.5700
random_negative,random_trial,33,1270,,0.5460,,,,,max_validation=0.5700
random_negative,random_trial,34,1270,,0.5460,,,,,max_validation=0.5700
random_negative,random_trial,35,1270,,0.5460,,,,,max_validation=0.5700
random_negative,random_trial,36,1270,,0.5460,,,,,max_validation=0.5700
random_negative,random_trial,37,1270,,0.5460,,,,,max_validation=0.5700
random_negative,random_trial,38,1270,,0.5460,,,,,max_validation=0.5660
random_negative,random_trial,39,1270,,0.5460,,,,,max_validation=0.5680
random_negative,random_trial,40,1270,,0.5460,,,,,max_validation=0.5680
random_negative,random_trial,41,1270,,0.5460,,,,,max_validation=0.5700
random_negative,random_trial,42,1270,,0.5460,,,,,max_validation=0.5700
random_negative,random_trial,43,1270,,0.5460,,,,,max_validation=0.5700
random_negative,random_trial,44,1270,,0.5460,,,,,max_validation=0.5700
random_negative,random_trial,45,1270,,0.5460,,,,,max_validation=0.5700
random_negative,random_trial,46,1270,,0.5460,,,,,max_validation=0.5700
random_negative,random_trial,47,1270,,0.5460,,,,,max_validation=0.5660
random_negative,random_trial,48,1270,,0.5460,,,,,max_validation=0.5700
random_negative,random_trial,49,1270,,0.5460,,,,,max_validation=0.5700
random_negative,random_trial,50,1270,,0.5460,,,,,max_validation=0.5700
random_negative,random_trial,51,1270,,0.5460,,,,,max_validation=0.5700
random_negative,random_trial,52,1270,,0.5460,,,,,max_validation=0.5700
random_negative,random_trial,53,1270,,0.5460,,,,,max_validation=0.5680
random_negative,random_trial,54,1270,,0.5460,,,,,max_validation=0.5680
random_negative,random_trial,55,1270,,0.5460,,,,,max_validation=0.5700
random_negative,random_trial,56,1270,,0.5460,,,,,max_validation=0.5700
random_negative,random_trial,57,1270,,0.5460,,,,,max_validation=0.5680
random_negative,random_trial,58,1270,,0.5460,,,,,max_validation=0.5700
random_negative,random_trial,59,1270,,0.5460,,,,,max_validation=0.5700
random_negative,random_trial,60,1270,,0.5460,,,,,max_validation=0.5680
random_negative,random_trial,61,1270,,0.5460,,,,,max_validation=0.5700
random_negative,random_trial,62,1270,,0.5460,,,,,max_validation=0.5680
random_negative,random_trial,63,1270,,0.5460,,,,,max_validation=0.5680
random_negative,random_trial,64,1270,,0.5460,,,,,max_validation=0.5700
random_negative,random_trial,65,1270,,0.5460,,,,,max_validation=0.5700
random_negative,random_trial,66,1270,,0.5460,,,,,max_validation=0.5680
random_negative,random_trial,67,1270,,0.5460,,,,,max_validation=0.5700
random_negative,random_trial,68,1270,,0.5460,,,,,max_validation=0.5700
random_negative,random_trial,69,1270,,0.5460,,,,,max_validation=0.5680
random_negative,random_trial,70,1270,,0.5460,,,,,max_validation=0.5700
random_negative,random_trial,71,1270,,0.5460,,,,,max_validation=0.5700
random_negative,random_trial,72,1270,,0.5460,,,,,max_validation=0.5620
random_negative,random_trial,73,1270,,0.5460,,,,,max_validation=0.5620
random_negative,random_trial,74,1270,,0.5460,,,,,max_validation=0.5700
random_negative,random_trial,75,1270,,0.5460,,,,,max_validation=0.5700
random_negative,random_trial,76,1270,,0.5460,,,,,max_validation=0.5680
random_negative,random_trial,77,1270,,0.5460,,,,,max_validation=0.5700
random_negative,random_trial,78,1270,,0.5460,,,,,max_validation=0.5680
random_negative,random_trial,79,1270,,0.5460,,,,,max_validation=0.5700
random_negative,random_trial,80,1270,,0.5460,,,,,max_validation=0.5700
random_negative,random_trial,81,1270,,0.5460,,,,,max_validation=0.5680
random_negative,random_trial,82,1270,,0.5460,,,,,max_validation=0.5700
random_negative,random_trial,83,1270,,0.5460,,,,,max_validation=0.5700
random_negative,random_trial,84,1270,,0.5460,,,,,max_validation=0.5700
random_negative,random_trial,85,1270,,0.5460,,,,,max_validation=0.5700
random_negative,random_trial,86,1270,,0.5460,,,,,max_validation=0.5700
random_negative,random_trial,87,1270,,0.5460,,,,,max_validation=0.5700
random_negative,random_trial,88,1270,,0.5460,,,,,max_validation=0.5700
random_negative,random_trial,89,1270,,0.5460,,,,,max_validation=0.5680
random_negative,random_trial,90,1270,,0.5460,,,,,max_validation=0.5700
random_negative,random_trial,91,1270,,0.5460,,,,,max_validation=0.5660
random_negative,random_trial,92,1270,,0.5460,,,,,max_validation=0.5700
random_negative,random_trial,93,1270,,0.5460,,,,,max_validation=0.5700
random_negative,random_trial,94,1270,,0.5460,,,,,max_validation=0.5700
random_negative,random_trial,95,1270,,0.5460,,,,,max_validation=0.5700
random_negative,random_trial,96,1270,,0.5460,,,,,max_validation=0.5660
random_negative,random_trial,97,1270,,0.5460,,,,,max_validation=0.5700
random_negative,random_trial,98,1270,,0.5460,,,,,max_validation=0.5700
random_negative,random_trial,99,1270,,0.5460,,,,,max_validation=0.5700
random_negative,random_trial,100,1270,,0.5460,,,,,max_validation=0.5660
random_negative,random_trial,101,1270,,0.5460,,,,,max_validation=0.5700
random_negative,random_trial,102,1270,,0.5460,,,,,max_validation=0.5700
random_negative,random_trial,103,1270,,0.5460,,,,,max_validation=0.5700
random_negative,random_trial,104,1270,,0.5460,,,,,max_validation=0.5660
random_negative,random_trial,105,1270,,0.5460,,,,,max_validation=0.5700
random_negative,random_trial,106,1270,,0.5460,,,,,max_validation=0.5700
random_negative,random_trial,107,1270,,0.5460,,,,,max_validation=0.5680
random_negative,random_trial,108,1270,,0.5460,,,,,max_validation=0.5700
random_negative,random_trial,109,1270,,0.5460,,,,,max_validation=0.5680
random_negative,random_trial,110,1270,,0.5460,,,,,max_validation=0.5700
random_negative,random_trial,111,1270,,0.5460,,,,,max_validation=0.5700
random_negative,random_trial,112,1270,,0.5460,,,,,max_validation=0.5700
random_negative,random_trial,113,1270,,0.5460,,,,,max_validation=0.5700
random_negative,random_trial,114,1270,,0.5460,,,,,max_validation=0.5700
random_negative,random_trial,115,1270,,0.5460,,,,,max_validation=0.5700
random_negative,random_trial,116,1270,,0.5460,,,,,max_validation=0.5700
random_negative,random_trial,117,1270,,0.5460,,,,,max_validation=0.5660
random_negative,random_trial,118,1270,,0.5460,,,,,max_validation=0.5680
random_negative,random_trial,119,1270,,0.5460,,,,,max_validation=0.5700
random_negative,random_trial,120,1270,,0.5460,,,,,max_validation=0.5700
random_negative,random_trial,121,1270,,0.5460,,,,,max_validation=0.5700
random_negative,random_trial,122,1270,,0.5460,,,,,max_validation=0.5620
random_negative,random_trial,123,1270,,0.5460,,,,,max_validation=0.5700
random_negative,random_trial,124,1270,,0.5460,,,,,max_validation=0.5680
random_negative,random_trial,125,1270,,0.5460,,,,,max_validation=0.5700
random_negative,random_trial,126,1270,,0.5460,,,,,max_validation=0.5700
random_negative,random_trial,127,1270,,0.5460,,,,,max_validation=0.5700
random_negative,summary,0,1270,0.5480,0.5460,0.5700,0.5140,0.0000,0.4930,admitted=no;expected=no;chosen=0xC9/3/0;blind_mean=0.5691;heldout=no;PASS
