=== BIT-TAPE INVENTOR ===
generations=10000 seed=0xB17BE17BE17BE17B pop_size=64 tournament=5 elite=2 mut_rate=0.70 xover_rate=0.50
gen 0 init: best_composite=-283.7431 avalanche=0.78 balance=29.92 chisq=1371.50 period=1024 used=161
gen 1/10000: best_composite=-275.6563 av=0.66 bal=31.78 chisq=1367.50 per=1024 used=154 mean_comp=-336.22
gen 10/10000: best_composite=-263.3038 av=0.70 bal=32.00 chisq=288.50 per=1024 used=163 mean_comp=-264.48
gen 20/10000: best_composite=-262.6681 av=0.75 bal=31.98 chisq=264.00 per=1024 used=163 mean_comp=-263.35
gen 30/10000: best_composite=-261.9531 av=0.81 bal=31.98 chisq=244.50 per=1024 used=159 mean_comp=-262.93
gen 40/10000: best_composite=-261.7188 av=0.83 bal=32.00 chisq=232.50 per=1024 used=160 mean_comp=-262.15
gen 50/10000: best_composite=-261.0156 av=0.91 bal=32.02 chisq=232.50 per=1024 used=159 mean_comp=-262.27
gen 60/10000: best_composite=-260.9375 av=0.91 bal=32.00 chisq=232.50 per=1024 used=160 mean_comp=-261.60
gen 70/10000: best_composite=-260.8594 av=0.92 bal=32.02 chisq=232.50 per=1024 used=162 mean_comp=-261.59
gen 80/10000: best_composite=-260.4688 av=0.95 bal=32.00 chisq=232.50 per=1024 used=160 mean_comp=-261.30
gen 90/10000: best_composite=-260.1172 av=1.00 bal=31.98 chisq=232.50 per=1024 used=162 mean_comp=-260.61
gen 100/10000: best_composite=-259.7266 av=1.05 bal=31.96 chisq=232.50 per=1024 used=163 mean_comp=-260.36
gen 110/10000: best_composite=-259.2578 av=1.08 bal=31.99 chisq=232.50 per=1024 used=165 mean_comp=-260.42
gen 120/10000: best_composite=-258.5938 av=1.14 bal=32.00 chisq=235.50 per=1024 used=165 mean_comp=-259.63
gen 130/10000: best_composite=-257.3416 av=1.28 bal=31.99 chisq=266.50 per=1024 used=166 mean_comp=-258.29
gen 140/10000: best_composite=-256.6016 av=1.34 bal=32.01 chisq=238.50 per=1024 used=167 mean_comp=-257.52
gen 150/10000: best_composite=-256.5625 av=1.36 bal=31.97 chisq=238.50 per=1024 used=169 mean_comp=-257.12
gen 160/10000: best_composite=-255.6250 av=1.44 bal=32.00 chisq=253.50 per=1024 used=170 mean_comp=-255.97
gen 170/10000: best_composite=-254.5703 av=1.56 bal=32.04 chisq=253.50 per=1024 used=171 mean_comp=-255.33
gen 180/10000: best_composite=-253.3203 av=1.67 bal=32.01 chisq=245.50 per=1024 used=172 mean_comp=-254.14
gen 190/10000: best_composite=-252.7734 av=1.75 bal=31.95 chisq=245.50 per=1024 used=174 mean_comp=-253.14
gen 200/10000: best_composite=-251.5794 av=1.86 bal=31.98 chisq=264.50 per=1024 used=173 mean_comp=-252.46
gen 210/10000: best_composite=-250.1091 av=2.00 bal=32.01 chisq=262.00 per=1024 used=174 mean_comp=-251.16
gen 220/10000: best_composite=-247.9606 av=2.22 bal=32.02 chisq=262.00 per=1024 used=177 mean_comp=-249.03
gen 230/10000: best_composite=-247.6481 av=2.27 bal=31.95 chisq=262.00 per=1024 used=176 mean_comp=-247.99
gen 240/10000: best_composite=-245.6559 av=2.45 bal=32.02 chisq=262.00 per=1024 used=177 mean_comp=-246.82
gen 250/10000: best_composite=-244.9219 av=2.53 bal=32.05 chisq=246.00 per=1024 used=178 mean_comp=-245.79
gen 260/10000: best_composite=-242.9688 av=2.73 bal=32.06 chisq=246.00 per=1024 used=181 mean_comp=-244.18
gen 270/10000: best_composite=-242.0703 av=2.80 bal=31.99 chisq=246.00 per=1024 used=180 mean_comp=-243.39
gen 280/10000: best_composite=-241.1816 av=2.89 bal=31.98 chisq=246.00 per=1024 used=180 mean_comp=-241.97
gen 290/10000: best_composite=-240.3223 av=2.97 bal=32.00 chisq=243.50 per=1024 used=186 mean_comp=-241.16
gen 300/10000: best_composite=-239.0234 av=3.13 bal=32.05 chisq=243.50 per=1024 used=188 mean_comp=-240.09
gen 310/10000: best_composite=-238.1641 av=3.20 bal=32.04 chisq=217.00 per=1024 used=187 mean_comp=-238.76
gen 320/10000: best_composite=-236.7578 av=3.34 bal=32.04 chisq=217.00 per=1024 used=189 mean_comp=-238.35
gen 330/10000: best_composite=-235.1953 av=3.48 bal=32.01 chisq=243.50 per=1024 used=191 mean_comp=-235.83
gen 340/10000: best_composite=-234.4141 av=3.56 bal=31.99 chisq=243.50 per=1024 used=193 mean_comp=-235.41
gen 350/10000: best_composite=-230.8984 av=3.94 bal=31.95 chisq=243.50 per=1024 used=197 mean_comp=-233.66
gen 360/10000: best_composite=-227.8125 av=4.23 bal=31.98 chisq=252.50 per=1024 used=197 mean_comp=-229.67
gen 370/10000: best_composite=-227.1094 av=4.29 bal=32.01 chisq=252.50 per=1024 used=197 mean_comp=-228.47
gen 380/10000: best_composite=-225.7031 av=4.46 bal=31.93 chisq=252.50 per=1024 used=197 mean_comp=-227.19
gen 390/10000: best_composite=-224.2578 av=4.58 bal=31.99 chisq=239.50 per=1024 used=198 mean_comp=-225.98
gen 400/10000: best_composite=-220.4102 av=4.96 bal=31.99 chisq=239.50 per=1024 used=201 mean_comp=-222.57
gen 410/10000: best_composite=-220.2930 av=4.98 bal=31.98 chisq=239.50 per=1024 used=201 mean_comp=-221.36
gen 420/10000: best_composite=-217.0703 av=5.31 bal=31.96 chisq=232.50 per=1024 used=203 mean_comp=-218.45
gen 430/10000: best_composite=-213.4766 av=5.66 bal=32.02 chisq=232.50 per=1024 used=206 mean_comp=-214.64
gen 440/10000: best_composite=-211.9824 av=5.81 bal=31.98 chisq=227.50 per=1024 used=209 mean_comp=-213.22
gen 450/10000: best_composite=-210.7324 av=5.94 bal=32.02 chisq=227.50 per=1024 used=209 mean_comp=-212.24
gen 460/10000: best_composite=-208.1348 av=6.20 bal=32.02 chisq=227.50 per=1024 used=212 mean_comp=-209.45
gen 470/10000: best_composite=-206.2207 av=6.39 bal=32.02 chisq=227.50 per=1024 used=214 mean_comp=-208.41
gen 480/10000: best_composite=-201.0954 av=6.93 bal=32.07 chisq=262.00 per=1024 used=216 mean_comp=-205.37
gen 490/10000: best_composite=-200.8610 av=6.93 bal=32.02 chisq=262.00 per=1024 used=217 mean_comp=-202.78
gen 500/10000: best_composite=-196.9727 av=7.33 bal=32.05 chisq=246.50 per=1024 used=221 mean_comp=-200.63
gen 510/10000: best_composite=-195.0195 av=7.50 bal=32.01 chisq=246.50 per=1024 used=222 mean_comp=-197.64
gen 520/10000: best_composite=-194.6289 av=7.56 bal=32.05 chisq=246.50 per=1024 used=220 mean_comp=-196.92
gen 530/10000: best_composite=-192.0898 av=7.81 bal=32.05 chisq=243.00 per=1024 used=224 mean_comp=-194.06
gen 540/10000: best_composite=-190.4102 av=8.00 bal=32.09 chisq=243.00 per=1024 used=224 mean_comp=-193.79
gen 550/10000: best_composite=-189.1504 av=8.11 bal=32.05 chisq=243.00 per=1024 used=228 mean_comp=-191.16
gen 560/10000: best_composite=-187.6758 av=8.24 bal=32.01 chisq=224.00 per=1024 used=225 mean_comp=-189.47
gen 570/10000: best_composite=-186.2305 av=8.39 bal=31.97 chisq=251.50 per=1024 used=228 mean_comp=-188.00
gen 580/10000: best_composite=-184.7461 av=8.55 bal=32.05 chisq=251.50 per=1024 used=229 mean_comp=-186.19
gen 590/10000: best_composite=-182.2852 av=8.77 bal=32.00 chisq=251.50 per=1024 used=235 mean_comp=-185.66
gen 600/10000: best_composite=-181.7383 av=8.85 bal=31.96 chisq=246.00 per=1024 used=236 mean_comp=-184.22
gen 610/10000: best_composite=-179.9805 av=9.03 bal=32.06 chisq=246.00 per=1024 used=238 mean_comp=-182.84
gen 620/10000: best_composite=-179.1602 av=9.10 bal=31.98 chisq=246.00 per=1024 used=238 mean_comp=-182.12
gen 630/10000: best_composite=-178.1445 av=9.19 bal=32.01 chisq=246.00 per=1024 used=242 mean_comp=-179.77
gen 640/10000: best_composite=-177.0874 av=9.30 bal=32.00 chisq=265.50 per=1024 used=243 mean_comp=-179.10
gen 650/10000: best_composite=-175.0709 av=9.55 bal=32.05 chisq=286.50 per=1024 used=245 mean_comp=-177.86
gen 660/10000: best_composite=-172.2341 av=9.82 bal=32.03 chisq=287.00 per=1024 used=246 mean_comp=-175.88
gen 670/10000: best_composite=-168.9528 av=10.20 bal=32.13 chisq=287.00 per=1024 used=245 mean_comp=-171.72
gen 680/10000: best_composite=-163.9160 av=10.64 bal=32.05 chisq=253.00 per=1024 used=248 mean_comp=-166.33
gen 690/10000: best_composite=-161.8066 av=10.90 bal=32.16 chisq=254.50 per=1024 used=253 mean_comp=-164.90
gen 700/10000: best_composite=-159.0332 av=11.12 bal=32.05 chisq=255.00 per=1024 used=254 mean_comp=-160.52
gen 710/10000: best_composite=-155.0195 av=11.61 bal=31.77 chisq=215.00 per=1024 used=253 mean_comp=-159.24
gen 720/10000: best_composite=-150.1367 av=12.03 bal=32.09 chisq=207.50 per=1024 used=253 mean_comp=-152.36
gen 730/10000: best_composite=-149.1211 av=12.10 bal=32.02 chisq=202.50 per=1024 used=255 mean_comp=-150.10
gen 740/10000: best_composite=-148.1445 av=12.19 bal=31.98 chisq=222.00 per=1024 used=257 mean_comp=-149.94
gen 750/10000: best_composite=-142.4805 av=12.76 bal=32.01 chisq=226.00 per=1024 used=260 mean_comp=-146.58
gen 760/10000: best_composite=-141.7773 av=12.87 bal=32.09 chisq=199.50 per=1024 used=260 mean_comp=-145.32
gen 770/10000: best_composite=-137.4707 av=13.28 bal=32.05 chisq=222.50 per=1024 used=263 mean_comp=-140.57
gen 780/10000: best_composite=-134.8340 av=13.55 bal=31.94 chisq=222.50 per=1024 used=264 mean_comp=-138.58
gen 790/10000: best_composite=-131.7969 av=13.84 bal=32.03 chisq=248.50 per=1024 used=264 mean_comp=-135.00
gen 800/10000: best_composite=-128.6816 av=14.14 bal=31.99 chisq=254.50 per=1024 used=269 mean_comp=-132.64
gen 810/10000: best_composite=-128.4863 av=14.15 bal=32.00 chisq=254.50 per=1024 used=269 mean_comp=-131.63
gen 820/10000: best_composite=-126.7578 av=14.34 bal=32.04 chisq=242.50 per=1024 used=269 mean_comp=-130.38
gen 830/10000: best_composite=-122.9297 av=14.94 bal=31.54 chisq=242.50 per=1024 used=271 mean_comp=-128.16
gen 840/10000: best_composite=-120.5371 av=14.97 bal=32.04 chisq=253.50 per=1024 used=271 mean_comp=-123.61
gen 850/10000: best_composite=-119.9609 av=15.16 bal=32.31 chisq=253.50 per=1024 used=274 mean_comp=-122.78
gen 860/10000: best_composite=-117.9883 av=15.28 bal=31.84 chisq=253.50 per=1024 used=277 mean_comp=-120.05
gen 870/10000: best_composite=-116.4648 av=15.36 bal=31.98 chisq=253.50 per=1024 used=278 mean_comp=-120.41
gen 880/10000: best_composite=-112.7086 av=15.78 bal=32.08 chisq=270.00 per=1024 used=280 mean_comp=-118.96
gen 890/10000: best_composite=-112.0738 av=15.83 bal=31.95 chisq=270.00 per=1024 used=281 mean_comp=-115.31
gen 900/10000: best_composite=-109.4409 av=16.11 bal=31.91 chisq=265.50 per=1024 used=286 mean_comp=-111.61
gen 910/10000: best_composite=-109.2906 av=16.15 bal=31.87 chisq=270.00 per=1024 used=286 mean_comp=-110.70
gen 920/10000: best_composite=-107.0055 av=16.38 bal=31.87 chisq=270.00 per=1024 used=286 mean_comp=-109.26
gen 930/10000: best_composite=-103.6756 av=16.75 bal=31.80 chisq=271.00 per=1024 used=287 mean_comp=-106.39
gen 940/10000: best_composite=-101.1133 av=16.93 bal=31.92 chisq=251.00 per=1024 used=290 mean_comp=-104.71
gen 950/10000: best_composite=-97.3828 av=17.29 bal=32.05 chisq=251.00 per=1024 used=294 mean_comp=-101.19
gen 960/10000: best_composite=-93.0106 av=17.74 bal=31.95 chisq=267.00 per=1024 used=295 mean_comp=-95.88
gen 970/10000: best_composite=-89.7684 av=18.08 bal=31.91 chisq=267.00 per=1024 used=295 mean_comp=-94.52
gen 980/10000: best_composite=-88.0888 av=18.21 bal=32.01 chisq=267.00 per=1024 used=296 mean_comp=-92.87
gen 990/10000: best_composite=-86.9169 av=18.36 bal=31.91 chisq=267.00 per=1024 used=298 mean_comp=-89.87
gen 1000/10000: best_composite=-81.0217 av=19.12 bal=31.60 chisq=281.00 per=1024 used=300 mean_comp=-87.83
gen 1010/10000: best_composite=-74.9475 av=19.53 bal=32.00 chisq=281.00 per=1024 used=302 mean_comp=-79.24
gen 1020/10000: best_composite=-73.2969 av=19.81 bal=31.77 chisq=280.00 per=1024 used=305 mean_comp=-78.91
gen 1030/10000: best_composite=-68.8502 av=20.30 bal=32.30 chisq=286.50 per=1024 used=308 mean_comp=-74.20
gen 1040/10000: best_composite=-64.3945 av=20.56 bal=31.99 chisq=221.50 per=1024 used=310 mean_comp=-70.65
gen 1050/10000: best_composite=-64.3945 av=20.56 bal=31.99 chisq=221.50 per=1024 used=310 mean_comp=-69.93
gen 1060/10000: best_composite=-60.7129 av=20.94 bal=31.98 chisq=251.00 per=1024 used=313 mean_comp=-64.53
gen 1070/10000: best_composite=-58.0371 av=21.20 bal=31.98 chisq=251.00 per=1024 used=313 mean_comp=-62.10
gen 1080/10000: best_composite=-56.1816 av=21.51 bal=31.74 chisq=253.50 per=1024 used=314 mean_comp=-62.96
gen 1090/10000: best_composite=-54.0332 av=21.62 bal=31.95 chisq=253.50 per=1024 used=318 mean_comp=-58.61
gen 1100/10000: best_composite=-50.0684 av=22.00 bal=31.98 chisq=253.50 per=1024 used=318 mean_comp=-56.20
gen 1110/10000: best_composite=-45.7910 av=22.44 bal=32.04 chisq=253.50 per=1024 used=320 mean_comp=-52.94
gen 1120/10000: best_composite=-42.7637 av=22.77 bal=31.90 chisq=204.50 per=1024 used=320 mean_comp=-45.06
gen 1130/10000: best_composite=-37.8223 av=23.26 bal=31.92 chisq=197.00 per=1024 used=326 mean_comp=-44.57
gen 1140/10000: best_composite=-36.0645 av=23.41 bal=31.96 chisq=247.50 per=1024 used=326 mean_comp=-40.46
gen 1150/10000: best_composite=-32.4316 av=23.80 bal=32.08 chisq=250.50 per=1024 used=327 mean_comp=-37.26
gen 1160/10000: best_composite=-30.5371 av=23.96 bal=31.97 chisq=250.50 per=1024 used=330 mean_comp=-36.99
gen 1170/10000: best_composite=-23.0957 av=24.73 bal=32.07 chisq=250.50 per=1024 used=329 mean_comp=-30.82
gen 1180/10000: best_composite=-22.8906 av=24.73 bal=32.03 chisq=250.50 per=1024 used=329 mean_comp=-30.21
gen 1190/10000: best_composite=-22.5893 av=24.76 bal=32.02 chisq=261.00 per=1024 used=332 mean_comp=-29.65
gen 1200/10000: best_composite=-18.7402 av=25.24 bal=32.22 chisq=236.50 per=1024 used=335 mean_comp=-24.16
gen 1210/10000: best_composite=-16.2891 av=25.39 bal=31.97 chisq=254.50 per=1024 used=334 mean_comp=-22.72
gen 1220/10000: best_composite=-15.7281 av=25.43 bal=32.01 chisq=257.50 per=1024 used=335 mean_comp=-21.27
gen 1230/10000: best_composite=-15.2441 av=25.57 bal=31.80 chisq=240.50 per=1024 used=340 mean_comp=-21.40
gen 1240/10000: best_composite=-12.2168 av=25.85 bal=31.85 chisq=240.50 per=1024 used=341 mean_comp=-17.53
gen 1250/10000: best_composite=-10.7324 av=25.93 bal=31.98 chisq=240.50 per=1024 used=337 mean_comp=-14.28
gen 1260/10000: best_composite=-9.6094 av=26.11 bal=32.14 chisq=240.50 per=1024 used=337 mean_comp=-16.51
gen 1270/10000: best_composite=-1.4746 av=27.00 bal=31.71 chisq=236.00 per=1024 used=342 mean_comp=-12.51
gen 1280/10000: best_composite=-0.3027 av=26.98 bal=32.02 chisq=245.00 per=1024 used=340 mean_comp=-5.26
gen 1290/10000: best_composite=0.8398 av=27.10 bal=32.03 chisq=248.00 per=1024 used=343 mean_comp=-5.98
gen 1300/10000: best_composite=0.9961 av=27.10 bal=32.00 chisq=248.00 per=1024 used=344 mean_comp=-0.52
gen 1310/10000: best_composite=2.9102 av=27.29 bal=32.00 chisq=248.00 per=1024 used=345 mean_comp=-3.13
gen 1320/10000: best_composite=6.4063 av=27.66 bal=31.95 chisq=244.50 per=1024 used=348 mean_comp=0.34
gen 1330/10000: best_composite=12.5072 av=28.26 bal=32.00 chisq=266.00 per=1024 used=349 mean_comp=1.34
gen 1340/10000: best_composite=12.5463 av=28.29 bal=31.95 chisq=266.00 per=1024 used=348 mean_comp=5.12
gen 1350/10000: best_composite=15.9473 av=28.64 bal=31.91 chisq=230.00 per=1024 used=350 mean_comp=9.33
gen 1360/10000: best_composite=17.6465 av=28.78 bal=32.03 chisq=230.00 per=1024 used=352 mean_comp=7.32
gen 1370/10000: best_composite=18.1641 av=28.84 bal=31.95 chisq=230.00 per=1024 used=353 mean_comp=12.03
gen 1380/10000: best_composite=19.9609 av=29.00 bal=32.00 chisq=230.00 per=1024 used=351 mean_comp=17.26
gen 1390/10000: best_composite=20.0781 av=29.02 bal=32.02 chisq=230.00 per=1024 used=352 mean_comp=16.41
gen 1400/10000: best_composite=20.0781 av=29.02 bal=32.02 chisq=230.00 per=1024 used=352 mean_comp=16.33
gen 1410/10000: best_composite=20.6641 av=29.07 bal=32.00 chisq=230.00 per=1024 used=351 mean_comp=12.32
gen 1420/10000: best_composite=21.0742 av=29.12 bal=32.03 chisq=240.00 per=1024 used=352 mean_comp=16.79
gen 1430/10000: best_composite=21.8164 av=29.19 bal=31.99 chisq=240.00 per=1024 used=353 mean_comp=14.18
gen 1440/10000: best_composite=23.1055 av=29.33 bal=32.03 chisq=253.50 per=1024 used=354 mean_comp=19.46
gen 1450/10000: best_composite=23.4375 av=29.35 bal=31.99 chisq=253.50 per=1024 used=355 mean_comp=18.16
gen 1460/10000: best_composite=23.4375 av=29.35 bal=31.99 chisq=253.50 per=1024 used=355 mean_comp=19.56
gen 1470/10000: best_composite=23.4375 av=29.35 bal=31.99 chisq=253.50 per=1024 used=355 mean_comp=15.05
gen 1480/10000: best_composite=24.4141 av=29.50 bal=31.88 chisq=253.50 per=1024 used=357 mean_comp=20.67
gen 1490/10000: best_composite=27.4414 av=29.83 bal=31.82 chisq=253.50 per=1024 used=359 mean_comp=18.01
gen 1500/10000: best_composite=31.2305 av=30.15 bal=31.95 chisq=250.50 per=1024 used=358 mean_comp=25.38
gen 1510/10000: best_composite=33.2422 av=30.36 bal=31.92 chisq=235.00 per=1024 used=359 mean_comp=28.30
gen 1520/10000: best_composite=35.1172 av=30.53 bal=31.96 chisq=235.00 per=1024 used=361 mean_comp=29.34
gen 1530/10000: best_composite=36.0352 av=30.61 bal=32.02 chisq=243.00 per=1024 used=361 mean_comp=33.58
gen 1540/10000: best_composite=44.1211 av=31.42 bal=31.98 chisq=244.00 per=1024 used=364 mean_comp=38.73
gen 1550/10000: best_composite=45.7280 av=31.60 bal=32.01 chisq=274.00 per=1024 used=367 mean_comp=39.53
gen 1560/10000: best_composite=45.7670 av=31.60 bal=32.00 chisq=274.00 per=1024 used=367 mean_comp=40.97
gen 1570/10000: best_composite=45.7670 av=31.60 bal=32.00 chisq=274.00 per=1024 used=367 mean_comp=38.84
gen 1580/10000: best_composite=47.2827 av=31.78 bal=32.05 chisq=286.50 per=1024 used=369 mean_comp=38.55
gen 1590/10000: best_composite=48.9648 av=31.91 bal=32.02 chisq=248.50 per=1024 used=370 mean_comp=41.90
gen 1600/10000: best_composite=49.9805 av=32.00 bal=32.00 chisq=248.50 per=1024 used=370 mean_comp=42.37
gen 1610/10000: best_composite=49.9805 av=32.00 bal=32.00 chisq=248.50 per=1024 used=370 mean_comp=43.59
gen 1620/10000: best_composite=49.9805 av=32.00 bal=32.00 chisq=248.50 per=1024 used=370 mean_comp=46.38
gen 1630/10000: best_composite=49.9902 av=32.00 bal=32.00 chisq=248.50 per=1024 used=372 mean_comp=41.67
gen 1640/10000: best_composite=49.9902 av=32.00 bal=32.00 chisq=248.50 per=1024 used=372 mean_comp=43.55
gen 1650/10000: best_composite=49.9902 av=32.00 bal=32.00 chisq=248.50 per=1024 used=372 mean_comp=41.44
gen 1660/10000: best_composite=49.9902 av=32.00 bal=32.00 chisq=248.50 per=1024 used=372 mean_comp=43.31
gen 1670/10000: best_composite=49.9902 av=32.00 bal=32.00 chisq=248.50 per=1024 used=372 mean_comp=45.10
gen 1680/10000: best_composite=49.9902 av=32.00 bal=32.00 chisq=248.50 per=1024 used=372 mean_comp=39.39
gen 1690/10000: best_composite=49.9902 av=32.00 bal=32.00 chisq=248.50 per=1024 used=372 mean_comp=44.63
gen 1700/10000: best_composite=49.9902 av=32.00 bal=32.00 chisq=248.50 per=1024 used=372 mean_comp=44.19
gen 1710/10000: best_composite=49.9902 av=32.00 bal=32.00 chisq=248.50 per=1024 used=372 mean_comp=42.22
gen 1720/10000: best_composite=49.9902 av=32.00 bal=32.00 chisq=248.50 per=1024 used=372 mean_comp=43.30
gen 1730/10000: best_composite=49.9902 av=32.00 bal=32.00 chisq=248.50 per=1024 used=372 mean_comp=44.64
gen 1740/10000: best_composite=49.9902 av=32.00 bal=32.00 chisq=248.50 per=1024 used=372 mean_comp=44.19
gen 1750/10000: best_composite=49.9902 av=32.00 bal=32.00 chisq=248.50 per=1024 used=372 mean_comp=41.36
gen 1760/10000: best_composite=49.9902 av=32.00 bal=32.00 chisq=248.50 per=1024 used=372 mean_comp=44.25
gen 1770/10000: best_composite=49.9902 av=32.00 bal=32.00 chisq=248.50 per=1024 used=372 mean_comp=43.48
gen 1780/10000: best_composite=49.9902 av=32.00 bal=32.00 chisq=248.50 per=1024 used=372 mean_comp=43.54
gen 1790/10000: best_composite=49.9902 av=32.00 bal=32.00 chisq=248.50 per=1024 used=372 mean_comp=45.16
gen 1800/10000: best_composite=49.9902 av=32.00 bal=32.00 chisq=248.50 per=1024 used=372 mean_comp=39.39
gen 1810/10000: best_composite=49.9902 av=32.00 bal=32.00 chisq=248.50 per=1024 used=372 mean_comp=44.06
gen 1820/10000: best_composite=49.9902 av=32.00 bal=32.00 chisq=248.50 per=1024 used=372 mean_comp=43.90
gen 1830/10000: best_composite=49.9902 av=32.00 bal=32.00 chisq=248.50 per=1024 used=372 mean_comp=45.20
gen 1840/10000: best_composite=49.9902 av=32.00 bal=32.00 chisq=248.50 per=1024 used=372 mean_comp=44.61
gen 1850/10000: best_composite=49.9902 av=32.00 bal=32.00 chisq=248.50 per=1024 used=372 mean_comp=45.50
gen 1860/10000: best_composite=49.9902 av=32.00 bal=32.00 chisq=248.50 per=1024 used=372 mean_comp=42.94
gen 1870/10000: best_composite=49.9902 av=32.00 bal=32.00 chisq=248.50 per=1024 used=372 mean_comp=44.43
gen 1880/10000: best_composite=49.9902 av=32.00 bal=32.00 chisq=248.50 per=1024 used=372 mean_comp=42.68
gen 1890/10000: best_composite=49.9902 av=32.00 bal=32.00 chisq=248.50 per=1024 used=372 mean_comp=43.90
gen 1900/10000: best_composite=49.9902 av=32.00 bal=32.00 chisq=248.50 per=1024 used=372 mean_comp=43.08
gen 1910/10000: best_composite=49.9902 av=32.00 bal=32.00 chisq=248.50 per=1024 used=372 mean_comp=45.61
gen 1920/10000: best_composite=49.9902 av=32.00 bal=32.00 chisq=248.50 per=1024 used=372 mean_comp=41.36
gen 1930/10000: best_composite=49.9902 av=32.00 bal=32.00 chisq=248.50 per=1024 used=372 mean_comp=40.58
gen 1940/10000: best_composite=49.9902 av=32.00 bal=32.00 chisq=248.50 per=1024 used=372 mean_comp=42.53
gen 1950/10000: best_composite=49.9902 av=32.00 bal=32.00 chisq=248.50 per=1024 used=372 mean_comp=44.62
gen 1960/10000: best_composite=49.9902 av=32.00 bal=32.00 chisq=248.50 per=1024 used=372 mean_comp=47.42
gen 1970/10000: best_composite=49.9902 av=32.00 bal=32.00 chisq=248.50 per=1024 used=372 mean_comp=42.84
gen 1980/10000: best_composite=49.9902 av=32.00 bal=32.00 chisq=248.50 per=1024 used=372 mean_comp=41.44
gen 1990/10000: best_composite=49.9902 av=32.00 bal=32.00 chisq=248.50 per=1024 used=372 mean_comp=40.17
gen 2000/10000: best_composite=49.9902 av=32.00 bal=32.00 chisq=248.50 per=1024 used=372 mean_comp=46.68
gen 2010/10000: best_composite=49.9902 av=32.00 bal=32.00 chisq=248.50 per=1024 used=372 mean_comp=42.14
gen 2020/10000: best_composite=50.0000 av=32.00 bal=32.00 chisq=240.50 per=1024 used=382 mean_comp=44.70
gen 2030/10000: best_composite=50.0000 av=32.00 bal=32.00 chisq=240.50 per=1024 used=382 mean_comp=45.59
gen 2040/10000: best_composite=50.0000 av=32.00 bal=32.00 chisq=240.50 per=1024 used=382 mean_comp=45.87
gen 2050/10000: best_composite=50.0000 av=32.00 bal=32.00 chisq=240.50 per=1024 used=382 mean_comp=47.33
gen 2060/10000: best_composite=50.0000 av=32.00 bal=32.00 chisq=240.50 per=1024 used=382 mean_comp=45.77
gen 2070/10000: best_composite=50.0000 av=32.00 bal=32.00 chisq=240.50 per=1024 used=382 mean_comp=44.32
gen 2080/10000: best_composite=50.0000 av=32.00 bal=32.00 chisq=240.50 per=1024 used=382 mean_comp=43.10
gen 2090/10000: best_composite=50.0000 av=32.00 bal=32.00 chisq=240.50 per=1024 used=382 mean_comp=42.63
gen 2100/10000: best_composite=50.0000 av=32.00 bal=32.00 chisq=240.50 per=1024 used=382 mean_comp=42.37
gen 2110/10000: best_composite=50.0000 av=32.00 bal=32.00 chisq=240.50 per=1024 used=382 mean_comp=43.29
gen 2120/10000: best_composite=50.0000 av=32.00 bal=32.00 chisq=240.50 per=1024 used=382 mean_comp=42.64
gen 2130/10000: best_composite=50.0000 av=32.00 bal=32.00 chisq=240.50 per=1024 used=382 mean_comp=45.20
gen 2140/10000: best_composite=50.0000 av=32.00 bal=32.00 chisq=240.50 per=1024 used=382 mean_comp=45.03
gen 2150/10000: best_composite=50.0000 av=32.00 bal=32.00 chisq=240.50 per=1024 used=382 mean_comp=39.61
gen 2160/10000: best_composite=50.0000 av=32.00 bal=32.00 chisq=240.50 per=1024 used=382 mean_comp=45.49
gen 2170/10000: best_composite=50.0000 av=32.00 bal=32.00 chisq=240.50 per=1024 used=382 mean_comp=44.89
gen 2180/10000: best_composite=50.0000 av=32.00 bal=32.00 chisq=240.50 per=1024 used=382 mean_comp=45.89
gen 2190/10000: best_composite=50.0000 av=32.00 bal=32.00 chisq=240.50 per=1024 used=382 mean_comp=41.48
gen 2200/10000: best_composite=50.0000 av=32.00 bal=32.00 chisq=240.50 per=1024 used=382 mean_comp=45.27
gen 2210/10000: best_composite=50.0000 av=32.00 bal=32.00 chisq=240.50 per=1024 used=382 mean_comp=41.26
gen 2220/10000: best_composite=50.0000 av=32.00 bal=32.00 chisq=240.50 per=1024 used=382 mean_comp=45.80
gen 2230/10000: best_composite=50.0000 av=32.00 bal=32.00 chisq=240.50 per=1024 used=382 mean_comp=41.92
gen 2240/10000: best_composite=50.0000 av=32.00 bal=32.00 chisq=240.50 per=1024 used=382 mean_comp=44.09
gen 2250/10000: best_composite=50.0000 av=32.00 bal=32.00 chisq=240.50 per=1024 used=382 mean_comp=42.15
gen 2260/10000: best_composite=50.0000 av=32.00 bal=32.00 chisq=240.50 per=1024 used=382 mean_comp=46.97
gen 2270/10000: best_composite=50.0000 av=32.00 bal=32.00 chisq=240.50 per=1024 used=382 mean_comp=44.82
gen 2280/10000: best_composite=50.0000 av=32.00 bal=32.00 chisq=240.50 per=1024 used=382 mean_comp=40.70
gen 2290/10000: best_composite=50.0000 av=32.00 bal=32.00 chisq=240.50 per=1024 used=382 mean_comp=41.56
gen 2300/10000: best_composite=50.0000 av=32.00 bal=32.00 chisq=240.50 per=1024 used=382 mean_comp=43.14
gen 2310/10000: best_composite=50.0000 av=32.00 bal=32.00 chisq=240.50 per=1024 used=382 mean_comp=45.29
gen 2320/10000: best_composite=50.0000 av=32.00 bal=32.00 chisq=240.50 per=1024 used=382 mean_comp=45.03
gen 2330/10000: best_composite=50.0000 av=32.00 bal=32.00 chisq=240.50 per=1024 used=382 mean_comp=42.76
gen 2340/10000: best_composite=50.0000 av=32.00 bal=32.00 chisq=240.50 per=1024 used=382 mean_comp=46.36
gen 2350/10000: best_composite=50.0000 av=32.00 bal=32.00 chisq=240.50 per=1024 used=382 mean_comp=43.50
gen 2360/10000: best_composite=50.0000 av=32.00 bal=32.00 chisq=240.50 per=1024 used=382 mean_comp=42.80
gen 2370/10000: best_composite=50.0000 av=32.00 bal=32.00 chisq=240.50 per=1024 used=382 mean_comp=44.83
gen 2380/10000: best_composite=50.0000 av=32.00 bal=32.00 chisq=240.50 per=1024 used=382 mean_comp=45.84
gen 2390/10000: best_composite=50.0000 av=32.00 bal=32.00 chisq=240.50 per=1024 used=382 mean_comp=45.00
gen 2400/10000: best_composite=50.0000 av=32.00 bal=32.00 chisq=240.50 per=1024 used=382 mean_comp=44.94
gen 2410/10000: best_composite=50.0000 av=32.00 bal=32.00 chisq=240.50 per=1024 used=382 mean_comp=44.77
gen 2420/10000: best_composite=50.0000 av=32.00 bal=32.00 chisq=240.50 per=1024 used=382 mean_comp=41.83
gen 2430/10000: best_composite=50.0000 av=32.00 bal=32.00 chisq=240.50 per=1024 used=382 mean_comp=41.74
gen 2440/10000: best_composite=50.0000 av=32.00 bal=32.00 chisq=240.50 per=1024 used=382 mean_comp=42.25
gen 2450/10000: best_composite=50.0000 av=32.00 bal=32.00 chisq=240.50 per=1024 used=382 mean_comp=45.32
gen 2460/10000: best_composite=50.0000 av=32.00 bal=32.00 chisq=240.50 per=1024 used=382 mean_comp=41.46
gen 2470/10000: best_composite=50.0000 av=32.00 bal=32.00 chisq=240.50 per=1024 used=382 mean_comp=44.16
gen 2480/10000: best_composite=50.0000 av=32.00 bal=32.00 chisq=240.50 per=1024 used=382 mean_comp=43.91
gen 2490/10000: best_composite=50.0000 av=32.00 bal=32.00 chisq=240.50 per=1024 used=382 mean_comp=44.16
gen 2500/10000: best_composite=50.0000 av=32.00 bal=32.00 chisq=240.50 per=1024 used=382 mean_comp=43.95
gen 2510/10000: best_composite=50.0000 av=32.00 bal=32.00 chisq=240.50 per=1024 used=382 mean_comp=38.78
gen 2520/10000: best_composite=50.0000 av=32.00 bal=32.00 chisq=240.50 per=1024 used=382 mean_comp=37.92
gen 2530/10000: best_composite=50.0000 av=32.00 bal=32.00 chisq=240.50 per=1024 used=382 mean_comp=40.47
gen 2540/10000: best_composite=50.0000 av=32.00 bal=32.00 chisq=240.50 per=1024 used=382 mean_comp=45.69
gen 2550/10000: best_composite=50.0000 av=32.00 bal=32.00 chisq=240.50 per=1024 used=382 mean_comp=43.01
gen 2560/10000: best_composite=50.0000 av=32.00 bal=32.00 chisq=240.50 per=1024 used=382 mean_comp=42.20
gen 2570/10000: best_composite=50.0000 av=32.00 bal=32.00 chisq=240.50 per=1024 used=382 mean_comp=45.92
gen 2580/10000: best_composite=50.0000 av=32.00 bal=32.00 chisq=240.50 per=1024 used=382 mean_comp=44.17
gen 2590/10000: best_composite=50.0000 av=32.00 bal=32.00 chisq=240.50 per=1024 used=382 mean_comp=45.64
gen 2600/10000: best_composite=50.0000 av=32.00 bal=32.00 chisq=240.50 per=1024 used=382 mean_comp=42.45
gen 2610/10000: best_composite=50.0000 av=32.00 bal=32.00 chisq=240.50 per=1024 used=382 mean_comp=45.55
gen 2620/10000: best_composite=50.0000 av=32.00 bal=32.00 chisq=240.50 per=1024 used=382 mean_comp=46.30
gen 2630/10000: best_composite=50.0000 av=32.00 bal=32.00 chisq=240.50 per=1024 used=382 mean_comp=44.19
gen 2640/10000: best_composite=50.0000 av=32.00 bal=32.00 chisq=240.50 per=1024 used=382 mean_comp=43.73
gen 2650/10000: best_composite=50.0000 av=32.00 bal=32.00 chisq=240.50 per=1024 used=382 mean_comp=43.65
gen 2660/10000: best_composite=50.0000 av=32.00 bal=32.00 chisq=240.50 per=1024 used=382 mean_comp=42.92
gen 2670/10000: best_composite=50.0000 av=32.00 bal=32.00 chisq=240.50 per=1024 used=382 mean_comp=43.00
gen 2680/10000: best_composite=50.0000 av=32.00 bal=32.00 chisq=240.50 per=1024 used=382 mean_comp=43.20
gen 2690/10000: best_composite=50.0000 av=32.00 bal=32.00 chisq=240.50 per=1024 used=382 mean_comp=42.90
gen 2700/10000: best_composite=50.0000 av=32.00 bal=32.00 chisq=240.50 per=1024 used=382 mean_comp=44.54
gen 2710/10000: best_composite=50.0000 av=32.00 bal=32.00 chisq=240.50 per=1024 used=382 mean_comp=40.10
gen 2720/10000: best_composite=50.0000 av=32.00 bal=32.00 chisq=240.50 per=1024 used=382 mean_comp=44.31
gen 2730/10000: best_composite=50.0000 av=32.00 bal=32.00 chisq=240.50 per=1024 used=382 mean_comp=42.90
gen 2740/10000: best_composite=50.0000 av=32.00 bal=32.00 chisq=240.50 per=1024 used=382 mean_comp=44.96
gen 2750/10000: best_composite=50.0000 av=32.00 bal=32.00 chisq=240.50 per=1024 used=382 mean_comp=43.62
gen 2760/10000: best_composite=50.0000 av=32.00 bal=32.00 chisq=240.50 per=1024 used=382 mean_comp=41.40
gen 2770/10000: best_composite=50.0000 av=32.00 bal=32.00 chisq=240.50 per=1024 used=382 mean_comp=46.88
gen 2780/10000: best_composite=50.0000 av=32.00 bal=32.00 chisq=240.50 per=1024 used=382 mean_comp=41.95
gen 2790/10000: best_composite=50.0000 av=32.00 bal=32.00 chisq=240.50 per=1024 used=382 mean_comp=41.77
gen 2800/10000: best_composite=50.0000 av=32.00 bal=32.00 chisq=240.50 per=1024 used=382 mean_comp=44.41
gen 2810/10000: best_composite=50.0000 av=32.00 bal=32.00 chisq=240.50 per=1024 used=382 mean_comp=40.95
gen 2820/10000: best_composite=50.0000 av=32.00 bal=32.00 chisq=240.50 per=1024 used=382 mean_comp=43.97
gen 2830/10000: best_composite=50.0000 av=32.00 bal=32.00 chisq=240.50 per=1024 used=382 mean_comp=44.29
gen 2840/10000: best_composite=50.0000 av=32.00 bal=32.00 chisq=240.50 per=1024 used=382 mean_comp=42.73
gen 2850/10000: best_composite=50.0000 av=32.00 bal=32.00 chisq=240.50 per=1024 used=382 mean_comp=42.34
gen 2860/10000: best_composite=50.0000 av=32.00 bal=32.00 chisq=240.50 per=1024 used=382 mean_comp=40.58
gen 2870/10000: best_composite=50.0000 av=32.00 bal=32.00 chisq=240.50 per=1024 used=382 mean_comp=38.29
gen 2880/10000: best_composite=50.0000 av=32.00 bal=32.00 chisq=240.50 per=1024 used=382 mean_comp=43.47
gen 2890/10000: best_composite=50.0000 av=32.00 bal=32.00 chisq=240.50 per=1024 used=382 mean_comp=44.87
gen 2900/10000: best_composite=50.0000 av=32.00 bal=32.00 chisq=240.50 per=1024 used=382 mean_comp=44.55
gen 2910/10000: best_composite=50.0000 av=32.00 bal=32.00 chisq=240.50 per=1024 used=382 mean_comp=44.17
gen 2920/10000: best_composite=50.0000 av=32.00 bal=32.00 chisq=240.50 per=1024 used=382 mean_comp=43.07
gen 2930/10000: best_composite=50.0000 av=32.00 bal=32.00 chisq=240.50 per=1024 used=382 mean_comp=45.35
gen 2940/10000: best_composite=50.0000 av=32.00 bal=32.00 chisq=240.50 per=1024 used=382 mean_comp=44.57
gen 2950/10000: best_composite=50.0000 av=32.00 bal=32.00 chisq=240.50 per=1024 used=382 mean_comp=41.06
gen 2960/10000: best_composite=50.0000 av=32.00 bal=32.00 chisq=240.50 per=1024 used=382 mean_comp=42.34
gen 2970/10000: best_composite=50.0000 av=32.00 bal=32.00 chisq=240.50 per=1024 used=382 mean_comp=43.92
gen 2980/10000: best_composite=50.0000 av=32.00 bal=32.00 chisq=240.50 per=1024 used=382 mean_comp=40.55
gen 2990/10000: best_composite=50.0000 av=32.00 bal=32.00 chisq=240.50 per=1024 used=382 mean_comp=42.83
gen 3000/10000: best_composite=50.0000 av=32.00 bal=32.00 chisq=240.50 per=1024 used=382 mean_comp=41.86
gen 3010/10000: best_composite=50.0000 av=32.00 bal=32.00 chisq=240.50 per=1024 used=382 mean_comp=43.56
gen 3020/10000: best_composite=50.0000 av=32.00 bal=32.00 chisq=240.50 per=1024 used=382 mean_comp=42.62
gen 3030/10000: best_composite=50.0000 av=32.00 bal=32.00 chisq=240.50 per=1024 used=382 mean_comp=43.69
gen 3040/10000: best_composite=50.0000 av=32.00 bal=32.00 chisq=240.50 per=1024 used=382 mean_comp=45.85
gen 3050/10000: best_composite=50.0000 av=32.00 bal=32.00 chisq=240.50 per=1024 used=382 mean_comp=46.09
gen 3060/10000: best_composite=50.0000 av=32.00 bal=32.00 chisq=240.50 per=1024 used=382 mean_comp=41.13
gen 3070/10000: best_composite=50.0000 av=32.00 bal=32.00 chisq=240.50 per=1024 used=382 mean_comp=42.50
gen 3080/10000: best_composite=50.0000 av=32.00 bal=32.00 chisq=240.50 per=1024 used=382 mean_comp=47.80
gen 3090/10000: best_composite=50.0000 av=32.00 bal=32.00 chisq=240.50 per=1024 used=382 mean_comp=45.77
gen 3100/10000: best_composite=50.0000 av=32.00 bal=32.00 chisq=240.50 per=1024 used=382 mean_comp=44.54
gen 3110/10000: best_composite=50.0000 av=32.00 bal=32.00 chisq=240.50 per=1024 used=382 mean_comp=44.84
gen 3120/10000: best_composite=50.0000 av=32.00 bal=32.00 chisq=240.50 per=1024 used=382 mean_comp=43.74
gen 3130/10000: best_composite=50.0000 av=32.00 bal=32.00 chisq=240.50 per=1024 used=382 mean_comp=44.62
gen 3140/10000: best_composite=50.0000 av=32.00 bal=32.00 chisq=240.50 per=1024 used=382 mean_comp=44.59
gen 3150/10000: best_composite=50.0000 av=32.00 bal=32.00 chisq=240.50 per=1024 used=382 mean_comp=41.30
gen 3160/10000: best_composite=50.0000 av=32.00 bal=32.00 chisq=240.50 per=1024 used=382 mean_comp=41.64
gen 3170/10000: best_composite=50.0000 av=32.00 bal=32.00 chisq=240.50 per=1024 used=382 mean_comp=41.64
gen 3180/10000: best_composite=50.0000 av=32.00 bal=32.00 chisq=240.50 per=1024 used=382 mean_comp=42.91
gen 3190/10000: best_composite=50.0000 av=32.00 bal=32.00 chisq=240.50 per=1024 used=382 mean_comp=41.27
gen 3200/10000: best_composite=50.0000 av=32.00 bal=32.00 chisq=240.50 per=1024 used=382 mean_comp=45.60
gen 3210/10000: best_composite=50.0000 av=32.00 bal=32.00 chisq=240.50 per=1024 used=382 mean_comp=44.51
gen 3220/10000: best_composite=50.0000 av=32.00 bal=32.00 chisq=240.50 per=1024 used=382 mean_comp=43.25
gen 3230/10000: best_composite=50.0000 av=32.00 bal=32.00 chisq=240.50 per=1024 used=382 mean_comp=42.93
gen 3240/10000: best_composite=50.0000 av=32.00 bal=32.00 chisq=240.50 per=1024 used=382 mean_comp=41.63
gen 3250/10000: best_composite=50.0000 av=32.00 bal=32.00 chisq=240.50 per=1024 used=382 mean_comp=45.67
gen 3260/10000: best_composite=50.0000 av=32.00 bal=32.00 chisq=240.50 per=1024 used=382 mean_comp=46.52
gen 3270/10000: best_composite=50.0000 av=32.00 bal=32.00 chisq=240.50 per=1024 used=382 mean_comp=43.18
gen 3280/10000: best_composite=50.0000 av=32.00 bal=32.00 chisq=240.50 per=1024 used=382 mean_comp=43.91
gen 3290/10000: best_composite=50.0000 av=32.00 bal=32.00 chisq=240.50 per=1024 used=382 mean_comp=41.86
gen 3300/10000: best_composite=50.0000 av=32.00 bal=32.00 chisq=240.50 per=1024 used=382 mean_comp=41.89
gen 3310/10000: best_composite=50.0000 av=32.00 bal=32.00 chisq=240.50 per=1024 used=382 mean_comp=45.07
gen 3320/10000: best_composite=50.0000 av=32.00 bal=32.00 chisq=240.50 per=1024 used=382 mean_comp=41.84
gen 3330/10000: best_composite=50.0000 av=32.00 bal=32.00 chisq=240.50 per=1024 used=382 mean_comp=42.17
gen 3340/10000: best_composite=50.0000 av=32.00 bal=32.00 chisq=240.50 per=1024 used=382 mean_comp=41.72
gen 3350/10000: best_composite=50.0000 av=32.00 bal=32.00 chisq=240.50 per=1024 used=382 mean_comp=44.51
gen 3360/10000: best_composite=50.0000 av=32.00 bal=32.00 chisq=240.50 per=1024 used=382 mean_comp=42.19
gen 3370/10000: best_composite=50.0000 av=32.00 bal=32.00 chisq=240.50 per=1024 used=382 mean_comp=39.17
gen 3380/10000: best_composite=50.0000 av=32.00 bal=32.00 chisq=240.50 per=1024 used=382 mean_comp=40.77
gen 3390/10000: best_composite=50.0000 av=32.00 bal=32.00 chisq=240.50 per=1024 used=382 mean_comp=43.23
gen 3400/10000: best_composite=50.0000 av=32.00 bal=32.00 chisq=240.50 per=1024 used=382 mean_comp=45.34
gen 3410/10000: best_composite=50.0000 av=32.00 bal=32.00 chisq=240.50 per=1024 used=382 mean_comp=43.66
gen 3420/10000: best_composite=50.0000 av=32.00 bal=32.00 chisq=240.50 per=1024 used=382 mean_comp=44.31
gen 3430/10000: best_composite=50.0000 av=32.00 bal=32.00 chisq=240.50 per=1024 used=382 mean_comp=44.10
gen 3440/10000: best_composite=50.0000 av=32.00 bal=32.00 chisq=240.50 per=1024 used=382 mean_comp=45.61
gen 3450/10000: best_composite=50.0000 av=32.00 bal=32.00 chisq=240.50 per=1024 used=382 mean_comp=42.99
gen 3460/10000: best_composite=50.0000 av=32.00 bal=32.00 chisq=240.50 per=1024 used=382 mean_comp=42.95
gen 3470/10000: best_composite=50.0000 av=32.00 bal=32.00 chisq=240.50 per=1024 used=382 mean_comp=43.66
gen 3480/10000: best_composite=50.0000 av=32.00 bal=32.00 chisq=240.50 per=1024 used=382 mean_comp=40.64
gen 3490/10000: best_composite=50.0000 av=32.00 bal=32.00 chisq=240.50 per=1024 used=382 mean_comp=41.69
gen 3500/10000: best_composite=50.0000 av=32.00 bal=32.00 chisq=240.50 per=1024 used=382 mean_comp=44.85
gen 3510/10000: best_composite=50.0000 av=32.00 bal=32.00 chisq=240.50 per=1024 used=382 mean_comp=43.28
gen 3520/10000: best_composite=50.0000 av=32.00 bal=32.00 chisq=240.50 per=1024 used=382 mean_comp=43.80
gen 3530/10000: best_composite=50.0000 av=32.00 bal=32.00 chisq=240.50 per=1024 used=382 mean_comp=40.51
gen 3540/10000: best_composite=50.0000 av=32.00 bal=32.00 chisq=240.50 per=1024 used=382 mean_comp=44.35
gen 3550/10000: best_composite=50.0000 av=32.00 bal=32.00 chisq=240.50 per=1024 used=382 mean_comp=45.92
gen 3560/10000: best_composite=50.0000 av=32.00 bal=32.00 chisq=240.50 per=1024 used=382 mean_comp=43.99
gen 3570/10000: best_composite=50.0000 av=32.00 bal=32.00 chisq=240.50 per=1024 used=382 mean_comp=45.30
gen 3580/10000: best_composite=50.0000 av=32.00 bal=32.00 chisq=240.50 per=1024 used=382 mean_comp=43.67
gen 3590/10000: best_composite=50.0000 av=32.00 bal=32.00 chisq=240.50 per=1024 used=382 mean_comp=41.21
gen 3600/10000: best_composite=50.0000 av=32.00 bal=32.00 chisq=240.50 per=1024 used=382 mean_comp=43.16
gen 3610/10000: best_composite=50.0000 av=32.00 bal=32.00 chisq=240.50 per=1024 used=382 mean_comp=45.66
gen 3620/10000: best_composite=50.0000 av=32.00 bal=32.00 chisq=240.50 per=1024 used=382 mean_comp=43.95
gen 3630/10000: best_composite=50.0000 av=32.00 bal=32.00 chisq=240.50 per=1024 used=382 mean_comp=38.11
gen 3640/10000: best_composite=50.0000 av=32.00 bal=32.00 chisq=240.50 per=1024 used=382 mean_comp=42.06
gen 3650/10000: best_composite=50.0000 av=32.00 bal=32.00 chisq=240.50 per=1024 used=382 mean_comp=40.01
gen 3660/10000: best_composite=50.0000 av=32.00 bal=32.00 chisq=240.50 per=1024 used=382 mean_comp=45.14
gen 3670/10000: best_composite=50.0000 av=32.00 bal=32.00 chisq=240.50 per=1024 used=382 mean_comp=42.27
gen 3680/10000: best_composite=50.0000 av=32.00 bal=32.00 chisq=240.50 per=1024 used=382 mean_comp=43.14
gen 3690/10000: best_composite=50.0000 av=32.00 bal=32.00 chisq=240.50 per=1024 used=382 mean_comp=41.65
gen 3700/10000: best_composite=50.0000 av=32.00 bal=32.00 chisq=240.50 per=1024 used=382 mean_comp=41.61
gen 3710/10000: best_composite=50.0000 av=32.00 bal=32.00 chisq=240.50 per=1024 used=382 mean_comp=45.25
gen 3720/10000: best_composite=50.0000 av=32.00 bal=32.00 chisq=240.50 per=1024 used=382 mean_comp=39.37
gen 3730/10000: best_composite=50.0000 av=32.00 bal=32.00 chisq=240.50 per=1024 used=382 mean_comp=46.59
gen 3740/10000: best_composite=50.0000 av=32.00 bal=32.00 chisq=240.50 per=1024 used=382 mean_comp=45.76
gen 3750/10000: best_composite=50.0000 av=32.00 bal=32.00 chisq=240.50 per=1024 used=382 mean_comp=45.51
gen 3760/10000: best_composite=50.0000 av=32.00 bal=32.00 chisq=240.50 per=1024 used=382 mean_comp=40.33
gen 3770/10000: best_composite=50.0000 av=32.00 bal=32.00 chisq=240.50 per=1024 used=382 mean_comp=43.77
gen 3780/10000: best_composite=50.0000 av=32.00 bal=32.00 chisq=240.50 per=1024 used=382 mean_comp=43.43
gen 3790/10000: best_composite=50.0000 av=32.00 bal=32.00 chisq=240.50 per=1024 used=382 mean_comp=46.04
gen 3800/10000: best_composite=50.0000 av=32.00 bal=32.00 chisq=240.50 per=1024 used=382 mean_comp=44.27
gen 3810/10000: best_composite=50.0000 av=32.00 bal=32.00 chisq=240.50 per=1024 used=382 mean_comp=43.09
gen 3820/10000: best_composite=50.0000 av=32.00 bal=32.00 chisq=240.50 per=1024 used=382 mean_comp=44.14
gen 3830/10000: best_composite=50.0000 av=32.00 bal=32.00 chisq=240.50 per=1024 used=382 mean_comp=45.14
gen 3840/10000: best_composite=50.0000 av=32.00 bal=32.00 chisq=240.50 per=1024 used=382 mean_comp=44.36
gen 3850/10000: best_composite=50.0000 av=32.00 bal=32.00 chisq=240.50 per=1024 used=382 mean_comp=39.78
gen 3860/10000: best_composite=50.0000 av=32.00 bal=32.00 chisq=240.50 per=1024 used=382 mean_comp=43.55
gen 3870/10000: best_composite=50.0000 av=32.00 bal=32.00 chisq=240.50 per=1024 used=382 mean_comp=44.53
gen 3880/10000: best_composite=50.0000 av=32.00 bal=32.00 chisq=240.50 per=1024 used=382 mean_comp=45.13
gen 3890/10000: best_composite=50.0000 av=32.00 bal=32.00 chisq=240.50 per=1024 used=382 mean_comp=42.69
gen 3900/10000: best_composite=50.0000 av=32.00 bal=32.00 chisq=240.50 per=1024 used=382 mean_comp=43.55
gen 3910/10000: best_composite=50.0000 av=32.00 bal=32.00 chisq=240.50 per=1024 used=382 mean_comp=39.59
gen 3920/10000: best_composite=50.0000 av=32.00 bal=32.00 chisq=240.50 per=1024 used=382 mean_comp=40.76
gen 3930/10000: best_composite=50.0000 av=32.00 bal=32.00 chisq=240.50 per=1024 used=382 mean_comp=44.28
gen 3940/10000: best_composite=50.0000 av=32.00 bal=32.00 chisq=240.50 per=1024 used=382 mean_comp=44.17
gen 3950/10000: best_composite=50.0000 av=32.00 bal=32.00 chisq=240.50 per=1024 used=382 mean_comp=45.72
gen 3960/10000: best_composite=50.0000 av=32.00 bal=32.00 chisq=240.50 per=1024 used=382 mean_comp=43.02
gen 3970/10000: best_composite=50.0000 av=32.00 bal=32.00 chisq=240.50 per=1024 used=382 mean_comp=42.83
gen 3980/10000: best_composite=50.0000 av=32.00 bal=32.00 chisq=240.50 per=1024 used=382 mean_comp=46.66
gen 3990/10000: best_composite=50.0000 av=32.00 bal=32.00 chisq=240.50 per=1024 used=382 mean_comp=38.90
gen 4000/10000: best_composite=50.0000 av=32.00 bal=32.00 chisq=240.50 per=1024 used=382 mean_comp=44.48
gen 4010/10000: best_composite=50.0000 av=32.00 bal=32.00 chisq=240.50 per=1024 used=382 mean_comp=38.51
gen 4020/10000: best_composite=50.0000 av=32.00 bal=32.00 chisq=240.50 per=1024 used=382 mean_comp=43.60
gen 4030/10000: best_composite=50.0000 av=32.00 bal=32.00 chisq=240.50 per=1024 used=382 mean_comp=42.35
gen 4040/10000: best_composite=50.0000 av=32.00 bal=32.00 chisq=240.50 per=1024 used=382 mean_comp=45.74
gen 4050/10000: best_composite=50.0000 av=32.00 bal=32.00 chisq=240.50 per=1024 used=382 mean_comp=41.67
gen 4060/10000: best_composite=50.0000 av=32.00 bal=32.00 chisq=240.50 per=1024 used=382 mean_comp=38.08
gen 4070/10000: best_composite=50.0000 av=32.00 bal=32.00 chisq=240.50 per=1024 used=382 mean_comp=43.30
gen 4080/10000: best_composite=50.0000 av=32.00 bal=32.00 chisq=240.50 per=1024 used=382 mean_comp=42.63
gen 4090/10000: best_composite=50.0000 av=32.00 bal=32.00 chisq=240.50 per=1024 used=382 mean_comp=44.62
gen 4100/10000: best_composite=50.0000 av=32.00 bal=32.00 chisq=240.50 per=1024 used=382 mean_comp=43.51
gen 4110/10000: best_composite=50.0000 av=32.00 bal=32.00 chisq=240.50 per=1024 used=382 mean_comp=43.75
gen 4120/10000: best_composite=50.0000 av=32.00 bal=32.00 chisq=240.50 per=1024 used=382 mean_comp=43.35
gen 4130/10000: best_composite=50.0000 av=32.00 bal=32.00 chisq=240.50 per=1024 used=382 mean_comp=39.97
gen 4140/10000: best_composite=50.0000 av=32.00 bal=32.00 chisq=240.50 per=1024 used=382 mean_comp=41.85
gen 4150/10000: best_composite=50.0000 av=32.00 bal=32.00 chisq=240.50 per=1024 used=382 mean_comp=43.24
gen 4160/10000: best_composite=50.0000 av=32.00 bal=32.00 chisq=240.50 per=1024 used=382 mean_comp=44.71
gen 4170/10000: best_composite=50.0000 av=32.00 bal=32.00 chisq=240.50 per=1024 used=382 mean_comp=43.51
gen 4180/10000: best_composite=50.0000 av=32.00 bal=32.00 chisq=240.50 per=1024 used=382 mean_comp=45.11
gen 4190/10000: best_composite=50.0000 av=32.00 bal=32.00 chisq=240.50 per=1024 used=382 mean_comp=45.07
gen 4200/10000: best_composite=50.0000 av=32.00 bal=32.00 chisq=240.50 per=1024 used=382 mean_comp=44.88
gen 4210/10000: best_composite=50.0000 av=32.00 bal=32.00 chisq=240.50 per=1024 used=382 mean_comp=41.31
gen 4220/10000: best_composite=50.0000 av=32.00 bal=32.00 chisq=240.50 per=1024 used=382 mean_comp=45.44
gen 4230/10000: best_composite=50.0000 av=32.00 bal=32.00 chisq=240.50 per=1024 used=382 mean_comp=44.18
gen 4240/10000: best_composite=50.0000 av=32.00 bal=32.00 chisq=240.50 per=1024 used=382 mean_comp=42.62
gen 4250/10000: best_composite=50.0000 av=32.00 bal=32.00 chisq=240.50 per=1024 used=382 mean_comp=44.62
gen 4260/10000: best_composite=50.0000 av=32.00 bal=32.00 chisq=240.50 per=1024 used=382 mean_comp=39.46
gen 4270/10000: best_composite=50.0000 av=32.00 bal=32.00 chisq=240.50 per=1024 used=382 mean_comp=41.28
gen 4280/10000: best_composite=50.0000 av=32.00 bal=32.00 chisq=240.50 per=1024 used=382 mean_comp=44.34
gen 4290/10000: best_composite=50.0000 av=32.00 bal=32.00 chisq=240.50 per=1024 used=382 mean_comp=45.31
gen 4300/10000: best_composite=50.0000 av=32.00 bal=32.00 chisq=240.50 per=1024 used=382 mean_comp=45.17
gen 4310/10000: best_composite=50.0000 av=32.00 bal=32.00 chisq=240.50 per=1024 used=382 mean_comp=46.06
gen 4320/10000: best_composite=50.0000 av=32.00 bal=32.00 chisq=240.50 per=1024 used=382 mean_comp=46.54
gen 4330/10000: best_composite=50.0000 av=32.00 bal=32.00 chisq=240.50 per=1024 used=382 mean_comp=43.11
gen 4340/10000: best_composite=50.0000 av=32.00 bal=32.00 chisq=240.50 per=1024 used=382 mean_comp=41.33
gen 4350/10000: best_composite=50.0000 av=32.00 bal=32.00 chisq=240.50 per=1024 used=382 mean_comp=42.48
gen 4360/10000: best_composite=50.0000 av=32.00 bal=32.00 chisq=240.50 per=1024 used=382 mean_comp=46.52
gen 4370/10000: best_composite=50.0000 av=32.00 bal=32.00 chisq=240.50 per=1024 used=382 mean_comp=45.50
gen 4380/10000: best_composite=50.0000 av=32.00 bal=32.00 chisq=240.50 per=1024 used=382 mean_comp=40.88
gen 4390/10000: best_composite=50.0000 av=32.00 bal=32.00 chisq=240.50 per=1024 used=382 mean_comp=43.86
gen 4400/10000: best_composite=50.0000 av=32.00 bal=32.00 chisq=240.50 per=1024 used=382 mean_comp=44.13
gen 4410/10000: best_composite=50.0000 av=32.00 bal=32.00 chisq=240.50 per=1024 used=382 mean_comp=45.54
gen 4420/10000: best_composite=50.0000 av=32.00 bal=32.00 chisq=240.50 per=1024 used=382 mean_comp=42.85
gen 4430/10000: best_composite=50.0000 av=32.00 bal=32.00 chisq=240.50 per=1024 used=382 mean_comp=42.61
gen 4440/10000: best_composite=50.0000 av=32.00 bal=32.00 chisq=240.50 per=1024 used=382 mean_comp=40.03
gen 4450/10000: best_composite=50.0000 av=32.00 bal=32.00 chisq=240.50 per=1024 used=382 mean_comp=42.75
gen 4460/10000: best_composite=50.0000 av=32.00 bal=32.00 chisq=240.50 per=1024 used=382 mean_comp=43.82
gen 4470/10000: best_composite=50.0000 av=32.00 bal=32.00 chisq=240.50 per=1024 used=382 mean_comp=44.55
gen 4480/10000: best_composite=50.0000 av=32.00 bal=32.00 chisq=240.50 per=1024 used=382 mean_comp=44.18
gen 4490/10000: best_composite=50.0000 av=32.00 bal=32.00 chisq=240.50 per=1024 used=382 mean_comp=45.02
gen 4500/10000: best_composite=50.0000 av=32.00 bal=32.00 chisq=240.50 per=1024 used=382 mean_comp=45.30
gen 4510/10000: best_composite=50.0000 av=32.00 bal=32.00 chisq=240.50 per=1024 used=382 mean_comp=43.59
gen 4520/10000: best_composite=50.0000 av=32.00 bal=32.00 chisq=240.50 per=1024 used=382 mean_comp=39.14
gen 4530/10000: best_composite=50.0000 av=32.00 bal=32.00 chisq=240.50 per=1024 used=382 mean_comp=41.86
gen 4540/10000: best_composite=50.0000 av=32.00 bal=32.00 chisq=240.50 per=1024 used=382 mean_comp=44.43
gen 4550/10000: best_composite=50.0000 av=32.00 bal=32.00 chisq=240.50 per=1024 used=382 mean_comp=42.50
gen 4560/10000: best_composite=50.0000 av=32.00 bal=32.00 chisq=240.50 per=1024 used=382 mean_comp=40.93
gen 4570/10000: best_composite=50.0000 av=32.00 bal=32.00 chisq=240.50 per=1024 used=382 mean_comp=44.46
gen 4580/10000: best_composite=50.0000 av=32.00 bal=32.00 chisq=240.50 per=1024 used=382 mean_comp=42.18
gen 4590/10000: best_composite=50.0000 av=32.00 bal=32.00 chisq=240.50 per=1024 used=382 mean_comp=41.58
gen 4600/10000: best_composite=50.0000 av=32.00 bal=32.00 chisq=240.50 per=1024 used=382 mean_comp=45.71
gen 4610/10000: best_composite=50.0000 av=32.00 bal=32.00 chisq=240.50 per=1024 used=382 mean_comp=43.00
gen 4620/10000: best_composite=50.0000 av=32.00 bal=32.00 chisq=240.50 per=1024 used=382 mean_comp=47.01
gen 4630/10000: best_composite=50.0000 av=32.00 bal=32.00 chisq=240.50 per=1024 used=382 mean_comp=41.38
gen 4640/10000: best_composite=50.0000 av=32.00 bal=32.00 chisq=240.50 per=1024 used=382 mean_comp=43.67
gen 4650/10000: best_composite=50.0000 av=32.00 bal=32.00 chisq=240.50 per=1024 used=382 mean_comp=43.57
gen 4660/10000: best_composite=50.0000 av=32.00 bal=32.00 chisq=240.50 per=1024 used=382 mean_comp=43.18
gen 4670/10000: best_composite=50.0000 av=32.00 bal=32.00 chisq=240.50 per=1024 used=382 mean_comp=47.15
gen 4680/10000: best_composite=50.0000 av=32.00 bal=32.00 chisq=240.50 per=1024 used=382 mean_comp=44.78
gen 4690/10000: best_composite=50.0000 av=32.00 bal=32.00 chisq=240.50 per=1024 used=382 mean_comp=39.69
gen 4700/10000: best_composite=50.0000 av=32.00 bal=32.00 chisq=240.50 per=1024 used=382 mean_comp=46.89
gen 4710/10000: best_composite=50.0000 av=32.00 bal=32.00 chisq=240.50 per=1024 used=382 mean_comp=45.30
gen 4720/10000: best_composite=50.0000 av=32.00 bal=32.00 chisq=240.50 per=1024 used=382 mean_comp=44.20
gen 4730/10000: best_composite=50.0000 av=32.00 bal=32.00 chisq=240.50 per=1024 used=382 mean_comp=45.81
gen 4740/10000: best_composite=50.0000 av=32.00 bal=32.00 chisq=240.50 per=1024 used=382 mean_comp=46.84
gen 4750/10000: best_composite=50.0000 av=32.00 bal=32.00 chisq=240.50 per=1024 used=382 mean_comp=41.47
gen 4760/10000: best_composite=50.0000 av=32.00 bal=32.00 chisq=240.50 per=1024 used=382 mean_comp=42.90
gen 4770/10000: best_composite=50.0000 av=32.00 bal=32.00 chisq=240.50 per=1024 used=382 mean_comp=45.88
gen 4780/10000: best_composite=50.0000 av=32.00 bal=32.00 chisq=240.50 per=1024 used=382 mean_comp=44.17
gen 4790/10000: best_composite=50.0000 av=32.00 bal=32.00 chisq=240.50 per=1024 used=382 mean_comp=46.58
gen 4800/10000: best_composite=50.0000 av=32.00 bal=32.00 chisq=240.50 per=1024 used=382 mean_comp=43.92
gen 4810/10000: best_composite=50.0000 av=32.00 bal=32.00 chisq=240.50 per=1024 used=382 mean_comp=44.73
gen 4820/10000: best_composite=50.0000 av=32.00 bal=32.00 chisq=240.50 per=1024 used=382 mean_comp=41.77
gen 4830/10000: best_composite=50.0000 av=32.00 bal=32.00 chisq=240.50 per=1024 used=382 mean_comp=44.20
gen 4840/10000: best_composite=50.0000 av=32.00 bal=32.00 chisq=240.50 per=1024 used=382 mean_comp=39.68
gen 4850/10000: best_composite=50.0000 av=32.00 bal=32.00 chisq=240.50 per=1024 used=382 mean_comp=42.04
gen 4860/10000: best_composite=50.0000 av=32.00 bal=32.00 chisq=240.50 per=1024 used=382 mean_comp=45.05
gen 4870/10000: best_composite=50.0000 av=32.00 bal=32.00 chisq=240.50 per=1024 used=382 mean_comp=43.59
gen 4880/10000: best_composite=50.0000 av=32.00 bal=32.00 chisq=240.50 per=1024 used=382 mean_comp=48.09
gen 4890/10000: best_composite=50.0000 av=32.00 bal=32.00 chisq=240.50 per=1024 used=382 mean_comp=46.38
gen 4900/10000: best_composite=50.0000 av=32.00 bal=32.00 chisq=240.50 per=1024 used=382 mean_comp=45.07
gen 4910/10000: best_composite=50.0000 av=32.00 bal=32.00 chisq=240.50 per=1024 used=382 mean_comp=40.00
gen 4920/10000: best_composite=50.0000 av=32.00 bal=32.00 chisq=240.50 per=1024 used=382 mean_comp=45.69
gen 4930/10000: best_composite=50.0000 av=32.00 bal=32.00 chisq=240.50 per=1024 used=382 mean_comp=44.99
gen 4940/10000: best_composite=50.0000 av=32.00 bal=32.00 chisq=240.50 per=1024 used=382 mean_comp=45.45
gen 4950/10000: best_composite=50.0000 av=32.00 bal=32.00 chisq=240.50 per=1024 used=382 mean_comp=43.99
gen 4960/10000: best_composite=50.0000 av=32.00 bal=32.00 chisq=240.50 per=1024 used=382 mean_comp=41.01
gen 4970/10000: best_composite=50.0000 av=32.00 bal=32.00 chisq=240.50 per=1024 used=382 mean_comp=37.58
gen 4980/10000: best_composite=50.0000 av=32.00 bal=32.00 chisq=240.50 per=1024 used=382 mean_comp=42.76
gen 4990/10000: best_composite=50.0000 av=32.00 bal=32.00 chisq=240.50 per=1024 used=382 mean_comp=45.74
gen 5000/10000: best_composite=50.0000 av=32.00 bal=32.00 chisq=240.50 per=1024 used=382 mean_comp=46.09
gen 5010/10000: best_composite=50.0000 av=32.00 bal=32.00 chisq=240.50 per=1024 used=382 mean_comp=44.95
gen 5020/10000: best_composite=50.0000 av=32.00 bal=32.00 chisq=240.50 per=1024 used=382 mean_comp=44.35
gen 5030/10000: best_composite=50.0000 av=32.00 bal=32.00 chisq=240.50 per=1024 used=382 mean_comp=45.39
gen 5040/10000: best_composite=50.0000 av=32.00 bal=32.00 chisq=240.50 per=1024 used=382 mean_comp=45.11
gen 5050/10000: best_composite=50.0000 av=32.00 bal=32.00 chisq=240.50 per=1024 used=382 mean_comp=40.45
gen 5060/10000: best_composite=50.0000 av=32.00 bal=32.00 chisq=240.50 per=1024 used=382 mean_comp=47.69
gen 5070/10000: best_composite=50.0000 av=32.00 bal=32.00 chisq=240.50 per=1024 used=382 mean_comp=42.78
gen 5080/10000: best_composite=50.0000 av=32.00 bal=32.00 chisq=240.50 per=1024 used=382 mean_comp=44.88
gen 5090/10000: best_composite=50.0000 av=32.00 bal=32.00 chisq=240.50 per=1024 used=382 mean_comp=47.52
gen 5100/10000: best_composite=50.0000 av=32.00 bal=32.00 chisq=240.50 per=1024 used=382 mean_comp=43.28
gen 5110/10000: best_composite=50.0000 av=32.00 bal=32.00 chisq=240.50 per=1024 used=382 mean_comp=47.33
gen 5120/10000: best_composite=50.0000 av=32.00 bal=32.00 chisq=240.50 per=1024 used=382 mean_comp=39.64
gen 5130/10000: best_composite=50.0000 av=32.00 bal=32.00 chisq=240.50 per=1024 used=382 mean_comp=44.39
gen 5140/10000: best_composite=50.0000 av=32.00 bal=32.00 chisq=240.50 per=1024 used=382 mean_comp=46.49
gen 5150/10000: best_composite=50.0000 av=32.00 bal=32.00 chisq=240.50 per=1024 used=382 mean_comp=45.03
gen 5160/10000: best_composite=50.0000 av=32.00 bal=32.00 chisq=240.50 per=1024 used=382 mean_comp=47.30
gen 5170/10000: best_composite=50.0000 av=32.00 bal=32.00 chisq=240.50 per=1024 used=382 mean_comp=45.83
gen 5180/10000: best_composite=50.0000 av=32.00 bal=32.00 chisq=240.50 per=1024 used=382 mean_comp=42.35
gen 5190/10000: best_composite=50.0000 av=32.00 bal=32.00 chisq=240.50 per=1024 used=382 mean_comp=40.31
gen 5200/10000: best_composite=50.0000 av=32.00 bal=32.00 chisq=240.50 per=1024 used=382 mean_comp=42.84
gen 5210/10000: best_composite=50.0000 av=32.00 bal=32.00 chisq=240.50 per=1024 used=382 mean_comp=44.47
gen 5220/10000: best_composite=50.0000 av=32.00 bal=32.00 chisq=240.50 per=1024 used=382 mean_comp=45.27
gen 5230/10000: best_composite=50.0000 av=32.00 bal=32.00 chisq=240.50 per=1024 used=382 mean_comp=43.62
gen 5240/10000: best_composite=50.0000 av=32.00 bal=32.00 chisq=240.50 per=1024 used=382 mean_comp=46.30
gen 5250/10000: best_composite=50.0000 av=32.00 bal=32.00 chisq=240.50 per=1024 used=382 mean_comp=46.48
gen 5260/10000: best_composite=50.0000 av=32.00 bal=32.00 chisq=240.50 per=1024 used=382 mean_comp=42.81
gen 5270/10000: best_composite=50.0000 av=32.00 bal=32.00 chisq=240.50 per=1024 used=382 mean_comp=46.91
gen 5280/10000: best_composite=50.0000 av=32.00 bal=32.00 chisq=240.50 per=1024 used=382 mean_comp=38.65
gen 5290/10000: best_composite=50.0000 av=32.00 bal=32.00 chisq=240.50 per=1024 used=382 mean_comp=44.65
gen 5300/10000: best_composite=50.0000 av=32.00 bal=32.00 chisq=240.50 per=1024 used=382 mean_comp=42.33
gen 5310/10000: best_composite=50.0000 av=32.00 bal=32.00 chisq=240.50 per=1024 used=382 mean_comp=45.56
gen 5320/10000: best_composite=50.0000 av=32.00 bal=32.00 chisq=240.50 per=1024 used=382 mean_comp=42.77
gen 5330/10000: best_composite=50.0000 av=32.00 bal=32.00 chisq=240.50 per=1024 used=382 mean_comp=44.69
gen 5340/10000: best_composite=50.0000 av=32.00 bal=32.00 chisq=240.50 per=1024 used=382 mean_comp=44.60
gen 5350/10000: best_composite=50.0000 av=32.00 bal=32.00 chisq=240.50 per=1024 used=382 mean_comp=44.41
gen 5360/10000: best_composite=50.0000 av=32.00 bal=32.00 chisq=240.50 per=1024 used=382 mean_comp=43.85
gen 5370/10000: best_composite=50.0000 av=32.00 bal=32.00 chisq=240.50 per=1024 used=382 mean_comp=42.87
gen 5380/10000: best_composite=50.0000 av=32.00 bal=32.00 chisq=240.50 per=1024 used=382 mean_comp=44.00
gen 5390/10000: best_composite=50.0000 av=32.00 bal=32.00 chisq=240.50 per=1024 used=382 mean_comp=42.92
gen 5400/10000: best_composite=50.0000 av=32.00 bal=32.00 chisq=240.50 per=1024 used=382 mean_comp=46.62
gen 5410/10000: best_composite=50.0000 av=32.00 bal=32.00 chisq=240.50 per=1024 used=382 mean_comp=42.97
gen 5420/10000: best_composite=50.0000 av=32.00 bal=32.00 chisq=240.50 per=1024 used=382 mean_comp=42.63
gen 5430/10000: best_composite=50.0000 av=32.00 bal=32.00 chisq=240.50 per=1024 used=382 mean_comp=46.99
gen 5440/10000: best_composite=50.0000 av=32.00 bal=32.00 chisq=240.50 per=1024 used=382 mean_comp=45.36
gen 5450/10000: best_composite=50.0000 av=32.00 bal=32.00 chisq=240.50 per=1024 used=382 mean_comp=45.25
gen 5460/10000: best_composite=50.0000 av=32.00 bal=32.00 chisq=240.50 per=1024 used=382 mean_comp=43.21
gen 5470/10000: best_composite=50.0000 av=32.00 bal=32.00 chisq=240.50 per=1024 used=382 mean_comp=40.40
gen 5480/10000: best_composite=50.0000 av=32.00 bal=32.00 chisq=240.50 per=1024 used=382 mean_comp=40.91
gen 5490/10000: best_composite=50.0000 av=32.00 bal=32.00 chisq=240.50 per=1024 used=382 mean_comp=45.45
gen 5500/10000: best_composite=50.0000 av=32.00 bal=32.00 chisq=240.50 per=1024 used=382 mean_comp=44.31
gen 5510/10000: best_composite=50.0000 av=32.00 bal=32.00 chisq=240.50 per=1024 used=382 mean_comp=41.67
gen 5520/10000: best_composite=50.0000 av=32.00 bal=32.00 chisq=240.50 per=1024 used=382 mean_comp=42.07
gen 5530/10000: best_composite=50.0000 av=32.00 bal=32.00 chisq=240.50 per=1024 used=382 mean_comp=44.31
gen 5540/10000: best_composite=50.0000 av=32.00 bal=32.00 chisq=240.50 per=1024 used=382 mean_comp=45.09
gen 5550/10000: best_composite=50.0000 av=32.00 bal=32.00 chisq=240.50 per=1024 used=382 mean_comp=44.25
gen 5560/10000: best_composite=50.0000 av=32.00 bal=32.00 chisq=240.50 per=1024 used=382 mean_comp=43.12
gen 5570/10000: best_composite=50.0000 av=32.00 bal=32.00 chisq=240.50 per=1024 used=382 mean_comp=45.99
gen 5580/10000: best_composite=50.0000 av=32.00 bal=32.00 chisq=240.50 per=1024 used=382 mean_comp=42.08
gen 5590/10000: best_composite=50.0000 av=32.00 bal=32.00 chisq=240.50 per=1024 used=382 mean_comp=42.80
gen 5600/10000: best_composite=50.0000 av=32.00 bal=32.00 chisq=240.50 per=1024 used=382 mean_comp=38.64
gen 5610/10000: best_composite=50.0000 av=32.00 bal=32.00 chisq=240.50 per=1024 used=382 mean_comp=41.70
gen 5620/10000: best_composite=50.0000 av=32.00 bal=32.00 chisq=240.50 per=1024 used=382 mean_comp=47.20
gen 5630/10000: best_composite=50.0000 av=32.00 bal=32.00 chisq=240.50 per=1024 used=382 mean_comp=46.64
gen 5640/10000: best_composite=50.0000 av=32.00 bal=32.00 chisq=240.50 per=1024 used=382 mean_comp=45.87
gen 5650/10000: best_composite=50.0000 av=32.00 bal=32.00 chisq=240.50 per=1024 used=382 mean_comp=44.55
gen 5660/10000: best_composite=50.0000 av=32.00 bal=32.00 chisq=240.50 per=1024 used=382 mean_comp=40.32
gen 5670/10000: best_composite=50.0000 av=32.00 bal=32.00 chisq=240.50 per=1024 used=382 mean_comp=45.52
gen 5680/10000: best_composite=50.0000 av=32.00 bal=32.00 chisq=240.50 per=1024 used=382 mean_comp=42.29
gen 5690/10000: best_composite=50.0000 av=32.00 bal=32.00 chisq=240.50 per=1024 used=382 mean_comp=41.44
gen 5700/10000: best_composite=50.0000 av=32.00 bal=32.00 chisq=240.50 per=1024 used=382 mean_comp=40.63
gen 5710/10000: best_composite=50.0000 av=32.00 bal=32.00 chisq=240.50 per=1024 used=382 mean_comp=44.31
gen 5720/10000: best_composite=50.0000 av=32.00 bal=32.00 chisq=240.50 per=1024 used=382 mean_comp=45.27
gen 5730/10000: best_composite=50.0000 av=32.00 bal=32.00 chisq=240.50 per=1024 used=382 mean_comp=37.88
gen 5740/10000: best_composite=50.0000 av=32.00 bal=32.00 chisq=240.50 per=1024 used=382 mean_comp=45.09
gen 5750/10000: best_composite=50.0000 av=32.00 bal=32.00 chisq=240.50 per=1024 used=382 mean_comp=44.85
gen 5760/10000: best_composite=50.0000 av=32.00 bal=32.00 chisq=240.50 per=1024 used=382 mean_comp=41.84
gen 5770/10000: best_composite=50.0000 av=32.00 bal=32.00 chisq=240.50 per=1024 used=382 mean_comp=46.92
gen 5780/10000: best_composite=50.0000 av=32.00 bal=32.00 chisq=240.50 per=1024 used=382 mean_comp=43.39
gen 5790/10000: best_composite=50.0000 av=32.00 bal=32.00 chisq=240.50 per=1024 used=382 mean_comp=40.81
gen 5800/10000: best_composite=50.0000 av=32.00 bal=32.00 chisq=240.50 per=1024 used=382 mean_comp=38.69
gen 5810/10000: best_composite=50.0000 av=32.00 bal=32.00 chisq=240.50 per=1024 used=382 mean_comp=41.94
gen 5820/10000: best_composite=50.0000 av=32.00 bal=32.00 chisq=240.50 per=1024 used=382 mean_comp=42.37
gen 5830/10000: best_composite=50.0000 av=32.00 bal=32.00 chisq=240.50 per=1024 used=382 mean_comp=42.88
gen 5840/10000: best_composite=50.0000 av=32.00 bal=32.00 chisq=240.50 per=1024 used=382 mean_comp=41.78
gen 5850/10000: best_composite=50.0000 av=32.00 bal=32.00 chisq=240.50 per=1024 used=382 mean_comp=42.33
gen 5860/10000: best_composite=50.0000 av=32.00 bal=32.00 chisq=240.50 per=1024 used=382 mean_comp=41.81
gen 5870/10000: best_composite=50.0000 av=32.00 bal=32.00 chisq=240.50 per=1024 used=382 mean_comp=40.76
gen 5880/10000: best_composite=50.0000 av=32.00 bal=32.00 chisq=240.50 per=1024 used=382 mean_comp=41.66
gen 5890/10000: best_composite=50.0000 av=32.00 bal=32.00 chisq=240.50 per=1024 used=382 mean_comp=40.62
gen 5900/10000: best_composite=50.0000 av=32.00 bal=32.00 chisq=240.50 per=1024 used=382 mean_comp=42.77
gen 5910/10000: best_composite=50.0000 av=32.00 bal=32.00 chisq=240.50 per=1024 used=382 mean_comp=44.06
gen 5920/10000: best_composite=50.0000 av=32.00 bal=32.00 chisq=240.50 per=1024 used=382 mean_comp=43.80
gen 5930/10000: best_composite=50.0000 av=32.00 bal=32.00 chisq=240.50 per=1024 used=382 mean_comp=39.89
gen 5940/10000: best_composite=50.0000 av=32.00 bal=32.00 chisq=240.50 per=1024 used=382 mean_comp=45.74
gen 5950/10000: best_composite=50.0000 av=32.00 bal=32.00 chisq=240.50 per=1024 used=382 mean_comp=44.45
gen 5960/10000: best_composite=50.0000 av=32.00 bal=32.00 chisq=240.50 per=1024 used=382 mean_comp=47.21
gen 5970/10000: best_composite=50.0000 av=32.00 bal=32.00 chisq=240.50 per=1024 used=382 mean_comp=44.50
gen 5980/10000: best_composite=50.0000 av=32.00 bal=32.00 chisq=240.50 per=1024 used=382 mean_comp=44.19
gen 5990/10000: best_composite=50.0000 av=32.00 bal=32.00 chisq=240.50 per=1024 used=382 mean_comp=42.48
gen 6000/10000: best_composite=50.0000 av=32.00 bal=32.00 chisq=240.50 per=1024 used=382 mean_comp=43.81
gen 6010/10000: best_composite=50.0000 av=32.00 bal=32.00 chisq=240.50 per=1024 used=382 mean_comp=44.39
gen 6020/10000: best_composite=50.0000 av=32.00 bal=32.00 chisq=240.50 per=1024 used=382 mean_comp=40.13
gen 6030/10000: best_composite=50.0000 av=32.00 bal=32.00 chisq=240.50 per=1024 used=382 mean_comp=43.57
gen 6040/10000: best_composite=50.0000 av=32.00 bal=32.00 chisq=240.50 per=1024 used=382 mean_comp=45.71
gen 6050/10000: best_composite=50.0000 av=32.00 bal=32.00 chisq=240.50 per=1024 used=382 mean_comp=45.81
gen 6060/10000: best_composite=50.0000 av=32.00 bal=32.00 chisq=240.50 per=1024 used=382 mean_comp=46.01
gen 6070/10000: best_composite=50.0000 av=32.00 bal=32.00 chisq=240.50 per=1024 used=382 mean_comp=42.04
gen 6080/10000: best_composite=50.0000 av=32.00 bal=32.00 chisq=240.50 per=1024 used=382 mean_comp=44.16
gen 6090/10000: best_composite=50.0000 av=32.00 bal=32.00 chisq=240.50 per=1024 used=382 mean_comp=42.23
gen 6100/10000: best_composite=50.0000 av=32.00 bal=32.00 chisq=240.50 per=1024 used=382 mean_comp=41.28
gen 6110/10000: best_composite=50.0000 av=32.00 bal=32.00 chisq=240.50 per=1024 used=382 mean_comp=42.43
gen 6120/10000: best_composite=50.0000 av=32.00 bal=32.00 chisq=240.50 per=1024 used=382 mean_comp=42.26
gen 6130/10000: best_composite=50.0000 av=32.00 bal=32.00 chisq=240.50 per=1024 used=382 mean_comp=43.70
gen 6140/10000: best_composite=50.0000 av=32.00 bal=32.00 chisq=240.50 per=1024 used=382 mean_comp=45.38
gen 6150/10000: best_composite=50.0000 av=32.00 bal=32.00 chisq=240.50 per=1024 used=382 mean_comp=46.63
gen 6160/10000: best_composite=50.0000 av=32.00 bal=32.00 chisq=240.50 per=1024 used=382 mean_comp=45.80
gen 6170/10000: best_composite=50.0000 av=32.00 bal=32.00 chisq=240.50 per=1024 used=382 mean_comp=44.25
gen 6180/10000: best_composite=50.0000 av=32.00 bal=32.00 chisq=240.50 per=1024 used=382 mean_comp=43.39
gen 6190/10000: best_composite=50.0000 av=32.00 bal=32.00 chisq=240.50 per=1024 used=382 mean_comp=42.75
gen 6200/10000: best_composite=50.0000 av=32.00 bal=32.00 chisq=240.50 per=1024 used=382 mean_comp=42.15
gen 6210/10000: best_composite=50.0000 av=32.00 bal=32.00 chisq=240.50 per=1024 used=382 mean_comp=43.47
gen 6220/10000: best_composite=50.0000 av=32.00 bal=32.00 chisq=240.50 per=1024 used=382 mean_comp=41.02
gen 6230/10000: best_composite=50.0000 av=32.00 bal=32.00 chisq=240.50 per=1024 used=382 mean_comp=45.13
gen 6240/10000: best_composite=50.0000 av=32.00 bal=32.00 chisq=240.50 per=1024 used=382 mean_comp=41.59
gen 6250/10000: best_composite=50.0000 av=32.00 bal=32.00 chisq=240.50 per=1024 used=382 mean_comp=43.12
gen 6260/10000: best_composite=50.0000 av=32.00 bal=32.00 chisq=240.50 per=1024 used=382 mean_comp=44.61
gen 6270/10000: best_composite=50.0000 av=32.00 bal=32.00 chisq=240.50 per=1024 used=382 mean_comp=44.31
gen 6280/10000: best_composite=50.0000 av=32.00 bal=32.00 chisq=240.50 per=1024 used=382 mean_comp=47.36
gen 6290/10000: best_composite=50.0000 av=32.00 bal=32.00 chisq=240.50 per=1024 used=382 mean_comp=41.98
gen 6300/10000: best_composite=50.0000 av=32.00 bal=32.00 chisq=240.50 per=1024 used=382 mean_comp=44.45
gen 6310/10000: best_composite=50.0000 av=32.00 bal=32.00 chisq=240.50 per=1024 used=382 mean_comp=43.74
gen 6320/10000: best_composite=50.0000 av=32.00 bal=32.00 chisq=240.50 per=1024 used=382 mean_comp=40.53
gen 6330/10000: best_composite=50.0000 av=32.00 bal=32.00 chisq=240.50 per=1024 used=382 mean_comp=39.12
gen 6340/10000: best_composite=50.0000 av=32.00 bal=32.00 chisq=240.50 per=1024 used=382 mean_comp=45.74
gen 6350/10000: best_composite=50.0000 av=32.00 bal=32.00 chisq=240.50 per=1024 used=382 mean_comp=43.29
gen 6360/10000: best_composite=50.0000 av=32.00 bal=32.00 chisq=240.50 per=1024 used=382 mean_comp=44.67
gen 6370/10000: best_composite=50.0000 av=32.00 bal=32.00 chisq=240.50 per=1024 used=382 mean_comp=44.52
gen 6380/10000: best_composite=50.0000 av=32.00 bal=32.00 chisq=240.50 per=1024 used=382 mean_comp=44.11
gen 6390/10000: best_composite=50.0000 av=32.00 bal=32.00 chisq=240.50 per=1024 used=382 mean_comp=45.87
gen 6400/10000: best_composite=50.0000 av=32.00 bal=32.00 chisq=240.50 per=1024 used=382 mean_comp=44.96
gen 6410/10000: best_composite=50.0000 av=32.00 bal=32.00 chisq=240.50 per=1024 used=382 mean_comp=40.04
gen 6420/10000: best_composite=50.0000 av=32.00 bal=32.00 chisq=240.50 per=1024 used=382 mean_comp=45.14
gen 6430/10000: best_composite=50.0000 av=32.00 bal=32.00 chisq=240.50 per=1024 used=382 mean_comp=39.27
gen 6440/10000: best_composite=50.0000 av=32.00 bal=32.00 chisq=240.50 per=1024 used=382 mean_comp=44.00
gen 6450/10000: best_composite=50.0000 av=32.00 bal=32.00 chisq=240.50 per=1024 used=382 mean_comp=43.73
gen 6460/10000: best_composite=50.0000 av=32.00 bal=32.00 chisq=240.50 per=1024 used=382 mean_comp=45.42
gen 6470/10000: best_composite=50.0000 av=32.00 bal=32.00 chisq=240.50 per=1024 used=382 mean_comp=45.53
gen 6480/10000: best_composite=50.0000 av=32.00 bal=32.00 chisq=240.50 per=1024 used=382 mean_comp=43.42
gen 6490/10000: best_composite=50.0000 av=32.00 bal=32.00 chisq=240.50 per=1024 used=382 mean_comp=44.89
gen 6500/10000: best_composite=50.0000 av=32.00 bal=32.00 chisq=240.50 per=1024 used=382 mean_comp=44.35
gen 6510/10000: best_composite=50.0000 av=32.00 bal=32.00 chisq=240.50 per=1024 used=382 mean_comp=42.76
gen 6520/10000: best_composite=50.0000 av=32.00 bal=32.00 chisq=240.50 per=1024 used=382 mean_comp=45.41
gen 6530/10000: best_composite=50.0000 av=32.00 bal=32.00 chisq=240.50 per=1024 used=382 mean_comp=44.18
gen 6540/10000: best_composite=50.0000 av=32.00 bal=32.00 chisq=240.50 per=1024 used=382 mean_comp=46.03
gen 6550/10000: best_composite=50.0000 av=32.00 bal=32.00 chisq=240.50 per=1024 used=382 mean_comp=45.95
gen 6560/10000: best_composite=50.0000 av=32.00 bal=32.00 chisq=240.50 per=1024 used=382 mean_comp=45.05
gen 6570/10000: best_composite=50.0000 av=32.00 bal=32.00 chisq=240.50 per=1024 used=382 mean_comp=40.80
gen 6580/10000: best_composite=50.0000 av=32.00 bal=32.00 chisq=240.50 per=1024 used=382 mean_comp=45.94
gen 6590/10000: best_composite=50.0000 av=32.00 bal=32.00 chisq=240.50 per=1024 used=382 mean_comp=42.40
gen 6600/10000: best_composite=50.0000 av=32.00 bal=32.00 chisq=240.50 per=1024 used=382 mean_comp=46.12
gen 6610/10000: best_composite=50.0000 av=32.00 bal=32.00 chisq=240.50 per=1024 used=382 mean_comp=44.65
gen 6620/10000: best_composite=50.0000 av=32.00 bal=32.00 chisq=240.50 per=1024 used=382 mean_comp=42.86
gen 6630/10000: best_composite=50.0000 av=32.00 bal=32.00 chisq=240.50 per=1024 used=382 mean_comp=43.89
gen 6640/10000: best_composite=50.0000 av=32.00 bal=32.00 chisq=240.50 per=1024 used=382 mean_comp=42.63
gen 6650/10000: best_composite=50.0000 av=32.00 bal=32.00 chisq=240.50 per=1024 used=382 mean_comp=45.66
gen 6660/10000: best_composite=50.0000 av=32.00 bal=32.00 chisq=240.50 per=1024 used=382 mean_comp=43.31
gen 6670/10000: best_composite=50.0000 av=32.00 bal=32.00 chisq=240.50 per=1024 used=382 mean_comp=42.91
gen 6680/10000: best_composite=50.0000 av=32.00 bal=32.00 chisq=240.50 per=1024 used=382 mean_comp=41.77
gen 6690/10000: best_composite=50.0000 av=32.00 bal=32.00 chisq=240.50 per=1024 used=382 mean_comp=43.50
gen 6700/10000: best_composite=50.0000 av=32.00 bal=32.00 chisq=240.50 per=1024 used=382 mean_comp=42.12
gen 6710/10000: best_composite=50.0000 av=32.00 bal=32.00 chisq=240.50 per=1024 used=382 mean_comp=39.89
gen 6720/10000: best_composite=50.0000 av=32.00 bal=32.00 chisq=240.50 per=1024 used=382 mean_comp=41.06
gen 6730/10000: best_composite=50.0000 av=32.00 bal=32.00 chisq=240.50 per=1024 used=382 mean_comp=41.42
gen 6740/10000: best_composite=50.0000 av=32.00 bal=32.00 chisq=240.50 per=1024 used=382 mean_comp=43.37
gen 6750/10000: best_composite=50.0000 av=32.00 bal=32.00 chisq=240.50 per=1024 used=382 mean_comp=44.69
gen 6760/10000: best_composite=50.0000 av=32.00 bal=32.00 chisq=240.50 per=1024 used=382 mean_comp=43.01
gen 6770/10000: best_composite=50.0000 av=32.00 bal=32.00 chisq=240.50 per=1024 used=382 mean_comp=43.98
gen 6780/10000: best_composite=50.0000 av=32.00 bal=32.00 chisq=240.50 per=1024 used=382 mean_comp=44.02
gen 6790/10000: best_composite=50.0000 av=32.00 bal=32.00 chisq=240.50 per=1024 used=382 mean_comp=45.79
gen 6800/10000: best_composite=50.0000 av=32.00 bal=32.00 chisq=240.50 per=1024 used=382 mean_comp=43.32
gen 6810/10000: best_composite=50.0000 av=32.00 bal=32.00 chisq=240.50 per=1024 used=382 mean_comp=45.07
gen 6820/10000: best_composite=50.0000 av=32.00 bal=32.00 chisq=240.50 per=1024 used=382 mean_comp=45.23
gen 6830/10000: best_composite=50.0000 av=32.00 bal=32.00 chisq=240.50 per=1024 used=382 mean_comp=41.59
gen 6840/10000: best_composite=50.0000 av=32.00 bal=32.00 chisq=240.50 per=1024 used=382 mean_comp=44.13
gen 6850/10000: best_composite=50.0000 av=32.00 bal=32.00 chisq=240.50 per=1024 used=382 mean_comp=42.78
gen 6860/10000: best_composite=50.0000 av=32.00 bal=32.00 chisq=240.50 per=1024 used=382 mean_comp=44.92
gen 6870/10000: best_composite=50.0000 av=32.00 bal=32.00 chisq=240.50 per=1024 used=382 mean_comp=43.38
gen 6880/10000: best_composite=50.0000 av=32.00 bal=32.00 chisq=240.50 per=1024 used=382 mean_comp=45.29
gen 6890/10000: best_composite=50.0000 av=32.00 bal=32.00 chisq=240.50 per=1024 used=382 mean_comp=40.46
gen 6900/10000: best_composite=50.0000 av=32.00 bal=32.00 chisq=240.50 per=1024 used=382 mean_comp=44.50
gen 6910/10000: best_composite=50.0000 av=32.00 bal=32.00 chisq=240.50 per=1024 used=382 mean_comp=38.65
gen 6920/10000: best_composite=50.0000 av=32.00 bal=32.00 chisq=240.50 per=1024 used=382 mean_comp=44.01
gen 6930/10000: best_composite=50.0000 av=32.00 bal=32.00 chisq=240.50 per=1024 used=382 mean_comp=45.68
gen 6940/10000: best_composite=50.0000 av=32.00 bal=32.00 chisq=240.50 per=1024 used=382 mean_comp=44.12
gen 6950/10000: best_composite=50.0000 av=32.00 bal=32.00 chisq=240.50 per=1024 used=382 mean_comp=43.70
gen 6960/10000: best_composite=50.0000 av=32.00 bal=32.00 chisq=240.50 per=1024 used=382 mean_comp=42.66
gen 6970/10000: best_composite=50.0000 av=32.00 bal=32.00 chisq=240.50 per=1024 used=382 mean_comp=44.68
gen 6980/10000: best_composite=50.0000 av=32.00 bal=32.00 chisq=240.50 per=1024 used=382 mean_comp=44.09
gen 6990/10000: best_composite=50.0000 av=32.00 bal=32.00 chisq=240.50 per=1024 used=382 mean_comp=39.45
gen 7000/10000: best_composite=50.0000 av=32.00 bal=32.00 chisq=240.50 per=1024 used=382 mean_comp=45.60
gen 7010/10000: best_composite=50.0000 av=32.00 bal=32.00 chisq=240.50 per=1024 used=382 mean_comp=43.89
gen 7020/10000: best_composite=50.0000 av=32.00 bal=32.00 chisq=240.50 per=1024 used=382 mean_comp=43.74
gen 7030/10000: best_composite=50.0000 av=32.00 bal=32.00 chisq=240.50 per=1024 used=382 mean_comp=40.81
gen 7040/10000: best_composite=50.0000 av=32.00 bal=32.00 chisq=240.50 per=1024 used=382 mean_comp=41.29
gen 7050/10000: best_composite=50.0000 av=32.00 bal=32.00 chisq=240.50 per=1024 used=382 mean_comp=43.70
gen 7060/10000: best_composite=50.0000 av=32.00 bal=32.00 chisq=240.50 per=1024 used=382 mean_comp=43.55
gen 7070/10000: best_composite=50.0000 av=32.00 bal=32.00 chisq=240.50 per=1024 used=382 mean_comp=39.28
gen 7080/10000: best_composite=50.0000 av=32.00 bal=32.00 chisq=240.50 per=1024 used=382 mean_comp=42.39
gen 7090/10000: best_composite=50.0000 av=32.00 bal=32.00 chisq=240.50 per=1024 used=382 mean_comp=40.83
gen 7100/10000: best_composite=50.0000 av=32.00 bal=32.00 chisq=240.50 per=1024 used=382 mean_comp=44.73
gen 7110/10000: best_composite=50.0000 av=32.00 bal=32.00 chisq=240.50 per=1024 used=382 mean_comp=42.74
gen 7120/10000: best_composite=50.0000 av=32.00 bal=32.00 chisq=240.50 per=1024 used=382 mean_comp=44.29
gen 7130/10000: best_composite=50.0000 av=32.00 bal=32.00 chisq=240.50 per=1024 used=382 mean_comp=44.19
gen 7140/10000: best_composite=50.0000 av=32.00 bal=32.00 chisq=240.50 per=1024 used=382 mean_comp=45.02
gen 7150/10000: best_composite=50.0000 av=32.00 bal=32.00 chisq=240.50 per=1024 used=382 mean_comp=44.32
gen 7160/10000: best_composite=50.0000 av=32.00 bal=32.00 chisq=240.50 per=1024 used=382 mean_comp=43.37
gen 7170/10000: best_composite=50.0000 av=32.00 bal=32.00 chisq=240.50 per=1024 used=382 mean_comp=44.73
gen 7180/10000: best_composite=50.0000 av=32.00 bal=32.00 chisq=240.50 per=1024 used=382 mean_comp=44.24
gen 7190/10000: best_composite=50.0000 av=32.00 bal=32.00 chisq=240.50 per=1024 used=382 mean_comp=45.30
gen 7200/10000: best_composite=50.0000 av=32.00 bal=32.00 chisq=240.50 per=1024 used=382 mean_comp=45.51
gen 7210/10000: best_composite=50.0000 av=32.00 bal=32.00 chisq=240.50 per=1024 used=382 mean_comp=41.45
gen 7220/10000: best_composite=50.0000 av=32.00 bal=32.00 chisq=240.50 per=1024 used=382 mean_comp=44.28
gen 7230/10000: best_composite=50.0000 av=32.00 bal=32.00 chisq=240.50 per=1024 used=382 mean_comp=46.58
gen 7240/10000: best_composite=50.0000 av=32.00 bal=32.00 chisq=240.50 per=1024 used=382 mean_comp=41.89
gen 7250/10000: best_composite=50.0000 av=32.00 bal=32.00 chisq=240.50 per=1024 used=382 mean_comp=43.03
gen 7260/10000: best_composite=50.0000 av=32.00 bal=32.00 chisq=240.50 per=1024 used=382 mean_comp=38.18
gen 7270/10000: best_composite=50.0000 av=32.00 bal=32.00 chisq=240.50 per=1024 used=382 mean_comp=42.02
gen 7280/10000: best_composite=50.0000 av=32.00 bal=32.00 chisq=240.50 per=1024 used=382 mean_comp=42.24
gen 7290/10000: best_composite=50.0000 av=32.00 bal=32.00 chisq=240.50 per=1024 used=382 mean_comp=45.14
gen 7300/10000: best_composite=50.0000 av=32.00 bal=32.00 chisq=240.50 per=1024 used=382 mean_comp=43.90
gen 7310/10000: best_composite=50.0000 av=32.00 bal=32.00 chisq=240.50 per=1024 used=382 mean_comp=44.98
gen 7320/10000: best_composite=50.0000 av=32.00 bal=32.00 chisq=240.50 per=1024 used=382 mean_comp=42.68
gen 7330/10000: best_composite=50.0000 av=32.00 bal=32.00 chisq=240.50 per=1024 used=382 mean_comp=47.29
gen 7340/10000: best_composite=50.0000 av=32.00 bal=32.00 chisq=240.50 per=1024 used=382 mean_comp=45.83
gen 7350/10000: best_composite=50.0000 av=32.00 bal=32.00 chisq=240.50 per=1024 used=382 mean_comp=44.47
gen 7360/10000: best_composite=50.0000 av=32.00 bal=32.00 chisq=240.50 per=1024 used=382 mean_comp=42.44
gen 7370/10000: best_composite=50.0000 av=32.00 bal=32.00 chisq=240.50 per=1024 used=382 mean_comp=46.48
gen 7380/10000: best_composite=50.0000 av=32.00 bal=32.00 chisq=240.50 per=1024 used=382 mean_comp=44.11
gen 7390/10000: best_composite=50.0000 av=32.00 bal=32.00 chisq=240.50 per=1024 used=382 mean_comp=42.36
gen 7400/10000: best_composite=50.0000 av=32.00 bal=32.00 chisq=240.50 per=1024 used=382 mean_comp=44.41
gen 7410/10000: best_composite=50.0000 av=32.00 bal=32.00 chisq=240.50 per=1024 used=382 mean_comp=44.51
gen 7420/10000: best_composite=50.0000 av=32.00 bal=32.00 chisq=240.50 per=1024 used=382 mean_comp=40.47
gen 7430/10000: best_composite=50.0000 av=32.00 bal=32.00 chisq=240.50 per=1024 used=382 mean_comp=42.45
gen 7440/10000: best_composite=50.0000 av=32.00 bal=32.00 chisq=240.50 per=1024 used=382 mean_comp=43.42
gen 7450/10000: best_composite=50.0000 av=32.00 bal=32.00 chisq=240.50 per=1024 used=382 mean_comp=40.59
gen 7460/10000: best_composite=50.0000 av=32.00 bal=32.00 chisq=240.50 per=1024 used=382 mean_comp=45.64
gen 7470/10000: best_composite=50.0000 av=32.00 bal=32.00 chisq=240.50 per=1024 used=382 mean_comp=43.45
gen 7480/10000: best_composite=50.0000 av=32.00 bal=32.00 chisq=240.50 per=1024 used=382 mean_comp=41.80
gen 7490/10000: best_composite=50.0000 av=32.00 bal=32.00 chisq=240.50 per=1024 used=382 mean_comp=43.42
gen 7500/10000: best_composite=50.0000 av=32.00 bal=32.00 chisq=240.50 per=1024 used=382 mean_comp=44.01
gen 7510/10000: best_composite=50.0000 av=32.00 bal=32.00 chisq=240.50 per=1024 used=382 mean_comp=46.49
gen 7520/10000: best_composite=50.0000 av=32.00 bal=32.00 chisq=240.50 per=1024 used=382 mean_comp=45.97
gen 7530/10000: best_composite=50.0000 av=32.00 bal=32.00 chisq=240.50 per=1024 used=382 mean_comp=44.53
gen 7540/10000: best_composite=50.0000 av=32.00 bal=32.00 chisq=240.50 per=1024 used=382 mean_comp=45.04
gen 7550/10000: best_composite=50.0000 av=32.00 bal=32.00 chisq=240.50 per=1024 used=382 mean_comp=42.35
gen 7560/10000: best_composite=50.0000 av=32.00 bal=32.00 chisq=240.50 per=1024 used=382 mean_comp=42.23
gen 7570/10000: best_composite=50.0000 av=32.00 bal=32.00 chisq=240.50 per=1024 used=382 mean_comp=45.68
gen 7580/10000: best_composite=50.0000 av=32.00 bal=32.00 chisq=240.50 per=1024 used=382 mean_comp=43.70
gen 7590/10000: best_composite=50.0000 av=32.00 bal=32.00 chisq=240.50 per=1024 used=382 mean_comp=44.56
gen 7600/10000: best_composite=50.0000 av=32.00 bal=32.00 chisq=240.50 per=1024 used=382 mean_comp=45.37
gen 7610/10000: best_composite=50.0000 av=32.00 bal=32.00 chisq=240.50 per=1024 used=382 mean_comp=40.60
gen 7620/10000: best_composite=50.0000 av=32.00 bal=32.00 chisq=240.50 per=1024 used=382 mean_comp=45.81
gen 7630/10000: best_composite=50.0000 av=32.00 bal=32.00 chisq=240.50 per=1024 used=382 mean_comp=45.89
gen 7640/10000: best_composite=50.0000 av=32.00 bal=32.00 chisq=240.50 per=1024 used=382 mean_comp=38.13
gen 7650/10000: best_composite=50.0000 av=32.00 bal=32.00 chisq=240.50 per=1024 used=382 mean_comp=44.65
gen 7660/10000: best_composite=50.0000 av=32.00 bal=32.00 chisq=240.50 per=1024 used=382 mean_comp=46.07
gen 7670/10000: best_composite=50.0000 av=32.00 bal=32.00 chisq=240.50 per=1024 used=382 mean_comp=47.08
gen 7680/10000: best_composite=50.0000 av=32.00 bal=32.00 chisq=240.50 per=1024 used=382 mean_comp=41.47
gen 7690/10000: best_composite=50.0000 av=32.00 bal=32.00 chisq=240.50 per=1024 used=382 mean_comp=43.19
gen 7700/10000: best_composite=50.0000 av=32.00 bal=32.00 chisq=240.50 per=1024 used=382 mean_comp=40.93
gen 7710/10000: best_composite=50.0000 av=32.00 bal=32.00 chisq=240.50 per=1024 used=382 mean_comp=41.89
gen 7720/10000: best_composite=50.0000 av=32.00 bal=32.00 chisq=240.50 per=1024 used=382 mean_comp=45.19
gen 7730/10000: best_composite=50.0000 av=32.00 bal=32.00 chisq=240.50 per=1024 used=382 mean_comp=44.12
gen 7740/10000: best_composite=50.0000 av=32.00 bal=32.00 chisq=240.50 per=1024 used=382 mean_comp=44.28
gen 7750/10000: best_composite=50.0000 av=32.00 bal=32.00 chisq=240.50 per=1024 used=382 mean_comp=42.71
gen 7760/10000: best_composite=50.0000 av=32.00 bal=32.00 chisq=240.50 per=1024 used=382 mean_comp=43.99
gen 7770/10000: best_composite=50.0000 av=32.00 bal=32.00 chisq=240.50 per=1024 used=382 mean_comp=37.46
gen 7780/10000: best_composite=50.0000 av=32.00 bal=32.00 chisq=240.50 per=1024 used=382 mean_comp=44.26
gen 7790/10000: best_composite=50.0000 av=32.00 bal=32.00 chisq=240.50 per=1024 used=382 mean_comp=46.92
gen 7800/10000: best_composite=50.0000 av=32.00 bal=32.00 chisq=240.50 per=1024 used=382 mean_comp=42.04
gen 7810/10000: best_composite=50.0000 av=32.00 bal=32.00 chisq=240.50 per=1024 used=382 mean_comp=41.25
gen 7820/10000: best_composite=50.0000 av=32.00 bal=32.00 chisq=240.50 per=1024 used=382 mean_comp=38.65
gen 7830/10000: best_composite=50.0000 av=32.00 bal=32.00 chisq=240.50 per=1024 used=382 mean_comp=44.34
gen 7840/10000: best_composite=50.0000 av=32.00 bal=32.00 chisq=240.50 per=1024 used=382 mean_comp=42.91
gen 7850/10000: best_composite=50.0000 av=32.00 bal=32.00 chisq=240.50 per=1024 used=382 mean_comp=40.98
gen 7860/10000: best_composite=50.0000 av=32.00 bal=32.00 chisq=240.50 per=1024 used=382 mean_comp=44.07
gen 7870/10000: best_composite=50.0000 av=32.00 bal=32.00 chisq=240.50 per=1024 used=382 mean_comp=44.45
gen 7880/10000: best_composite=50.0000 av=32.00 bal=32.00 chisq=240.50 per=1024 used=382 mean_comp=44.93
gen 7890/10000: best_composite=50.0000 av=32.00 bal=32.00 chisq=240.50 per=1024 used=382 mean_comp=44.19
gen 7900/10000: best_composite=50.0000 av=32.00 bal=32.00 chisq=240.50 per=1024 used=382 mean_comp=44.41
gen 7910/10000: best_composite=50.0000 av=32.00 bal=32.00 chisq=240.50 per=1024 used=382 mean_comp=40.89
gen 7920/10000: best_composite=50.0000 av=32.00 bal=32.00 chisq=240.50 per=1024 used=382 mean_comp=44.81
gen 7930/10000: best_composite=50.0000 av=32.00 bal=32.00 chisq=240.50 per=1024 used=382 mean_comp=43.31
gen 7940/10000: best_composite=50.0000 av=32.00 bal=32.00 chisq=240.50 per=1024 used=382 mean_comp=44.09
gen 7950/10000: best_composite=50.0000 av=32.00 bal=32.00 chisq=240.50 per=1024 used=382 mean_comp=38.34
gen 7960/10000: best_composite=50.0000 av=32.00 bal=32.00 chisq=240.50 per=1024 used=382 mean_comp=43.34
gen 7970/10000: best_composite=50.0000 av=32.00 bal=32.00 chisq=240.50 per=1024 used=382 mean_comp=42.61
gen 7980/10000: best_composite=50.0000 av=32.00 bal=32.00 chisq=240.50 per=1024 used=382 mean_comp=43.35
gen 7990/10000: best_composite=50.0000 av=32.00 bal=32.00 chisq=240.50 per=1024 used=382 mean_comp=40.54
gen 8000/10000: best_composite=50.0000 av=32.00 bal=32.00 chisq=240.50 per=1024 used=382 mean_comp=43.57
gen 8010/10000: best_composite=50.0000 av=32.00 bal=32.00 chisq=240.50 per=1024 used=382 mean_comp=43.77
gen 8020/10000: best_composite=50.0000 av=32.00 bal=32.00 chisq=240.50 per=1024 used=382 mean_comp=44.45
gen 8030/10000: best_composite=50.0000 av=32.00 bal=32.00 chisq=240.50 per=1024 used=382 mean_comp=46.30
gen 8040/10000: best_composite=50.0000 av=32.00 bal=32.00 chisq=240.50 per=1024 used=382 mean_comp=44.78
gen 8050/10000: best_composite=50.0000 av=32.00 bal=32.00 chisq=240.50 per=1024 used=382 mean_comp=41.62
gen 8060/10000: best_composite=50.0000 av=32.00 bal=32.00 chisq=240.50 per=1024 used=382 mean_comp=43.86
gen 8070/10000: best_composite=50.0000 av=32.00 bal=32.00 chisq=240.50 per=1024 used=382 mean_comp=44.75
gen 8080/10000: best_composite=50.0000 av=32.00 bal=32.00 chisq=240.50 per=1024 used=382 mean_comp=44.82
gen 8090/10000: best_composite=50.0000 av=32.00 bal=32.00 chisq=240.50 per=1024 used=382 mean_comp=44.24
gen 8100/10000: best_composite=50.0000 av=32.00 bal=32.00 chisq=240.50 per=1024 used=382 mean_comp=42.16
gen 8110/10000: best_composite=50.0000 av=32.00 bal=32.00 chisq=240.50 per=1024 used=382 mean_comp=40.24
gen 8120/10000: best_composite=50.0000 av=32.00 bal=32.00 chisq=240.50 per=1024 used=382 mean_comp=44.52
gen 8130/10000: best_composite=50.0000 av=32.00 bal=32.00 chisq=240.50 per=1024 used=382 mean_comp=43.51
gen 8140/10000: best_composite=50.0000 av=32.00 bal=32.00 chisq=240.50 per=1024 used=382 mean_comp=43.79
gen 8150/10000: best_composite=50.0000 av=32.00 bal=32.00 chisq=240.50 per=1024 used=382 mean_comp=43.84
gen 8160/10000: best_composite=50.0000 av=32.00 bal=32.00 chisq=240.50 per=1024 used=382 mean_comp=41.01
gen 8170/10000: best_composite=50.0000 av=32.00 bal=32.00 chisq=240.50 per=1024 used=382 mean_comp=44.43
gen 8180/10000: best_composite=50.0000 av=32.00 bal=32.00 chisq=240.50 per=1024 used=382 mean_comp=43.09
gen 8190/10000: best_composite=50.0000 av=32.00 bal=32.00 chisq=240.50 per=1024 used=382 mean_comp=42.55
gen 8200/10000: best_composite=50.0000 av=32.00 bal=32.00 chisq=240.50 per=1024 used=382 mean_comp=44.21
gen 8210/10000: best_composite=50.0000 av=32.00 bal=32.00 chisq=240.50 per=1024 used=382 mean_comp=47.30
gen 8220/10000: best_composite=50.0000 av=32.00 bal=32.00 chisq=240.50 per=1024 used=382 mean_comp=45.91
gen 8230/10000: best_composite=50.0000 av=32.00 bal=32.00 chisq=240.50 per=1024 used=382 mean_comp=44.66
gen 8240/10000: best_composite=50.0000 av=32.00 bal=32.00 chisq=240.50 per=1024 used=382 mean_comp=45.38
gen 8250/10000: best_composite=50.0000 av=32.00 bal=32.00 chisq=240.50 per=1024 used=382 mean_comp=40.28
gen 8260/10000: best_composite=50.0000 av=32.00 bal=32.00 chisq=240.50 per=1024 used=382 mean_comp=43.15
gen 8270/10000: best_composite=50.0000 av=32.00 bal=32.00 chisq=240.50 per=1024 used=382 mean_comp=45.20
gen 8280/10000: best_composite=50.0000 av=32.00 bal=32.00 chisq=240.50 per=1024 used=382 mean_comp=42.73
gen 8290/10000: best_composite=50.0000 av=32.00 bal=32.00 chisq=240.50 per=1024 used=382 mean_comp=43.76
gen 8300/10000: best_composite=50.0000 av=32.00 bal=32.00 chisq=240.50 per=1024 used=382 mean_comp=45.02
gen 8310/10000: best_composite=50.0000 av=32.00 bal=32.00 chisq=240.50 per=1024 used=382 mean_comp=41.66
gen 8320/10000: best_composite=50.0000 av=32.00 bal=32.00 chisq=240.50 per=1024 used=382 mean_comp=42.33
gen 8330/10000: best_composite=50.0000 av=32.00 bal=32.00 chisq=240.50 per=1024 used=382 mean_comp=44.25
gen 8340/10000: best_composite=50.0000 av=32.00 bal=32.00 chisq=240.50 per=1024 used=382 mean_comp=43.80
gen 8350/10000: best_composite=50.0000 av=32.00 bal=32.00 chisq=240.50 per=1024 used=382 mean_comp=41.34
gen 8360/10000: best_composite=50.0000 av=32.00 bal=32.00 chisq=240.50 per=1024 used=382 mean_comp=41.42
gen 8370/10000: best_composite=50.0000 av=32.00 bal=32.00 chisq=240.50 per=1024 used=382 mean_comp=44.69
gen 8380/10000: best_composite=50.0000 av=32.00 bal=32.00 chisq=240.50 per=1024 used=382 mean_comp=43.23
gen 8390/10000: best_composite=50.0000 av=32.00 bal=32.00 chisq=240.50 per=1024 used=382 mean_comp=45.10
gen 8400/10000: best_composite=50.0000 av=32.00 bal=32.00 chisq=240.50 per=1024 used=382 mean_comp=41.10
gen 8410/10000: best_composite=50.0000 av=32.00 bal=32.00 chisq=240.50 per=1024 used=382 mean_comp=46.34
gen 8420/10000: best_composite=50.0000 av=32.00 bal=32.00 chisq=240.50 per=1024 used=382 mean_comp=44.35
gen 8430/10000: best_composite=50.0000 av=32.00 bal=32.00 chisq=240.50 per=1024 used=382 mean_comp=42.71
gen 8440/10000: best_composite=50.0000 av=32.00 bal=32.00 chisq=240.50 per=1024 used=382 mean_comp=44.45
gen 8450/10000: best_composite=50.0000 av=32.00 bal=32.00 chisq=240.50 per=1024 used=382 mean_comp=43.52
gen 8460/10000: best_composite=50.0000 av=32.00 bal=32.00 chisq=240.50 per=1024 used=382 mean_comp=41.13
gen 8470/10000: best_composite=50.0000 av=32.00 bal=32.00 chisq=240.50 per=1024 used=382 mean_comp=43.87
gen 8480/10000: best_composite=50.0000 av=32.00 bal=32.00 chisq=240.50 per=1024 used=382 mean_comp=44.15
gen 8490/10000: best_composite=50.0000 av=32.00 bal=32.00 chisq=240.50 per=1024 used=382 mean_comp=37.31
gen 8500/10000: best_composite=50.0000 av=32.00 bal=32.00 chisq=240.50 per=1024 used=382 mean_comp=44.18
gen 8510/10000: best_composite=50.0000 av=32.00 bal=32.00 chisq=240.50 per=1024 used=382 mean_comp=47.20
gen 8520/10000: best_composite=50.0000 av=32.00 bal=32.00 chisq=240.50 per=1024 used=382 mean_comp=43.36
gen 8530/10000: best_composite=50.0000 av=32.00 bal=32.00 chisq=240.50 per=1024 used=382 mean_comp=43.71
gen 8540/10000: best_composite=50.0000 av=32.00 bal=32.00 chisq=240.50 per=1024 used=382 mean_comp=47.56
gen 8550/10000: best_composite=50.0000 av=32.00 bal=32.00 chisq=240.50 per=1024 used=382 mean_comp=44.27
gen 8560/10000: best_composite=50.0000 av=32.00 bal=32.00 chisq=240.50 per=1024 used=382 mean_comp=43.83
gen 8570/10000: best_composite=50.0000 av=32.00 bal=32.00 chisq=240.50 per=1024 used=382 mean_comp=43.39
gen 8580/10000: best_composite=50.0000 av=32.00 bal=32.00 chisq=240.50 per=1024 used=382 mean_comp=45.09
gen 8590/10000: best_composite=50.0000 av=32.00 bal=32.00 chisq=240.50 per=1024 used=382 mean_comp=42.20
gen 8600/10000: best_composite=50.0000 av=32.00 bal=32.00 chisq=240.50 per=1024 used=382 mean_comp=41.71
gen 8610/10000: best_composite=50.0000 av=32.00 bal=32.00 chisq=240.50 per=1024 used=382 mean_comp=42.12
gen 8620/10000: best_composite=50.0000 av=32.00 bal=32.00 chisq=240.50 per=1024 used=382 mean_comp=42.99
gen 8630/10000: best_composite=50.0000 av=32.00 bal=32.00 chisq=240.50 per=1024 used=382 mean_comp=41.73
gen 8640/10000: best_composite=50.0000 av=32.00 bal=32.00 chisq=240.50 per=1024 used=382 mean_comp=42.73
gen 8650/10000: best_composite=50.0000 av=32.00 bal=32.00 chisq=240.50 per=1024 used=382 mean_comp=42.44
gen 8660/10000: best_composite=50.0000 av=32.00 bal=32.00 chisq=240.50 per=1024 used=382 mean_comp=40.59
gen 8670/10000: best_composite=50.0000 av=32.00 bal=32.00 chisq=240.50 per=1024 used=382 mean_comp=47.28
gen 8680/10000: best_composite=50.0000 av=32.00 bal=32.00 chisq=240.50 per=1024 used=382 mean_comp=43.70
gen 8690/10000: best_composite=50.0000 av=32.00 bal=32.00 chisq=240.50 per=1024 used=382 mean_comp=43.28
gen 8700/10000: best_composite=50.0000 av=32.00 bal=32.00 chisq=240.50 per=1024 used=382 mean_comp=43.43
gen 8710/10000: best_composite=50.0000 av=32.00 bal=32.00 chisq=240.50 per=1024 used=382 mean_comp=41.78
gen 8720/10000: best_composite=50.0000 av=32.00 bal=32.00 chisq=240.50 per=1024 used=382 mean_comp=44.82
gen 8730/10000: best_composite=50.0000 av=32.00 bal=32.00 chisq=240.50 per=1024 used=382 mean_comp=44.27
gen 8740/10000: best_composite=50.0000 av=32.00 bal=32.00 chisq=240.50 per=1024 used=382 mean_comp=44.00
gen 8750/10000: best_composite=50.0000 av=32.00 bal=32.00 chisq=240.50 per=1024 used=382 mean_comp=40.11
gen 8760/10000: best_composite=50.0000 av=32.00 bal=32.00 chisq=240.50 per=1024 used=382 mean_comp=43.21
gen 8770/10000: best_composite=50.0000 av=32.00 bal=32.00 chisq=240.50 per=1024 used=382 mean_comp=41.60
gen 8780/10000: best_composite=50.0000 av=32.00 bal=32.00 chisq=240.50 per=1024 used=382 mean_comp=45.07
gen 8790/10000: best_composite=50.0000 av=32.00 bal=32.00 chisq=240.50 per=1024 used=382 mean_comp=43.01
gen 8800/10000: best_composite=50.0000 av=32.00 bal=32.00 chisq=240.50 per=1024 used=382 mean_comp=40.26
gen 8810/10000: best_composite=50.0000 av=32.00 bal=32.00 chisq=240.50 per=1024 used=382 mean_comp=43.98
gen 8820/10000: best_composite=50.0000 av=32.00 bal=32.00 chisq=240.50 per=1024 used=382 mean_comp=44.36
gen 8830/10000: best_composite=50.0000 av=32.00 bal=32.00 chisq=240.50 per=1024 used=382 mean_comp=42.36
gen 8840/10000: best_composite=50.0000 av=32.00 bal=32.00 chisq=240.50 per=1024 used=382 mean_comp=46.75
gen 8850/10000: best_composite=50.0000 av=32.00 bal=32.00 chisq=240.50 per=1024 used=382 mean_comp=44.64
gen 8860/10000: best_composite=50.0000 av=32.00 bal=32.00 chisq=240.50 per=1024 used=382 mean_comp=35.55
gen 8870/10000: best_composite=50.0000 av=32.00 bal=32.00 chisq=240.50 per=1024 used=382 mean_comp=43.41
gen 8880/10000: best_composite=50.0000 av=32.00 bal=32.00 chisq=240.50 per=1024 used=382 mean_comp=42.89
gen 8890/10000: best_composite=50.0000 av=32.00 bal=32.00 chisq=240.50 per=1024 used=382 mean_comp=45.05
gen 8900/10000: best_composite=50.0000 av=32.00 bal=32.00 chisq=240.50 per=1024 used=382 mean_comp=44.44
gen 8910/10000: best_composite=50.0000 av=32.00 bal=32.00 chisq=240.50 per=1024 used=382 mean_comp=41.87
gen 8920/10000: best_composite=50.0000 av=32.00 bal=32.00 chisq=240.50 per=1024 used=382 mean_comp=40.08
gen 8930/10000: best_composite=50.0000 av=32.00 bal=32.00 chisq=240.50 per=1024 used=382 mean_comp=45.89
gen 8940/10000: best_composite=50.0000 av=32.00 bal=32.00 chisq=240.50 per=1024 used=382 mean_comp=45.11
gen 8950/10000: best_composite=50.0000 av=32.00 bal=32.00 chisq=240.50 per=1024 used=382 mean_comp=45.59
gen 8960/10000: best_composite=50.0000 av=32.00 bal=32.00 chisq=240.50 per=1024 used=382 mean_comp=44.86
gen 8970/10000: best_composite=50.0000 av=32.00 bal=32.00 chisq=240.50 per=1024 used=382 mean_comp=41.96
gen 8980/10000: best_composite=50.0000 av=32.00 bal=32.00 chisq=240.50 per=1024 used=382 mean_comp=43.83
gen 8990/10000: best_composite=50.0000 av=32.00 bal=32.00 chisq=240.50 per=1024 used=382 mean_comp=44.88
gen 9000/10000: best_composite=50.0000 av=32.00 bal=32.00 chisq=240.50 per=1024 used=382 mean_comp=47.15
gen 9010/10000: best_composite=50.0000 av=32.00 bal=32.00 chisq=240.50 per=1024 used=382 mean_comp=43.00
gen 9020/10000: best_composite=50.0000 av=32.00 bal=32.00 chisq=240.50 per=1024 used=382 mean_comp=43.83
gen 9030/10000: best_composite=50.0000 av=32.00 bal=32.00 chisq=240.50 per=1024 used=382 mean_comp=43.42
gen 9040/10000: best_composite=50.0000 av=32.00 bal=32.00 chisq=240.50 per=1024 used=382 mean_comp=43.93
gen 9050/10000: best_composite=50.0000 av=32.00 bal=32.00 chisq=240.50 per=1024 used=382 mean_comp=42.69
gen 9060/10000: best_composite=50.0000 av=32.00 bal=32.00 chisq=240.50 per=1024 used=382 mean_comp=45.00
gen 9070/10000: best_composite=50.0000 av=32.00 bal=32.00 chisq=240.50 per=1024 used=382 mean_comp=44.69
gen 9080/10000: best_composite=50.0000 av=32.00 bal=32.00 chisq=240.50 per=1024 used=382 mean_comp=41.23
gen 9090/10000: best_composite=50.0000 av=32.00 bal=32.00 chisq=240.50 per=1024 used=382 mean_comp=43.06
gen 9100/10000: best_composite=50.0000 av=32.00 bal=32.00 chisq=240.50 per=1024 used=382 mean_comp=44.54
gen 9110/10000: best_composite=50.0000 av=32.00 bal=32.00 chisq=240.50 per=1024 used=382 mean_comp=41.77
gen 9120/10000: best_composite=50.0000 av=32.00 bal=32.00 chisq=240.50 per=1024 used=382 mean_comp=44.59
gen 9130/10000: best_composite=50.0000 av=32.00 bal=32.00 chisq=240.50 per=1024 used=382 mean_comp=43.02
gen 9140/10000: best_composite=50.0000 av=32.00 bal=32.00 chisq=240.50 per=1024 used=382 mean_comp=45.94
gen 9150/10000: best_composite=50.0000 av=32.00 bal=32.00 chisq=240.50 per=1024 used=382 mean_comp=44.93
gen 9160/10000: best_composite=50.0000 av=32.00 bal=32.00 chisq=240.50 per=1024 used=382 mean_comp=40.59
gen 9170/10000: best_composite=50.0000 av=32.00 bal=32.00 chisq=240.50 per=1024 used=382 mean_comp=45.48
gen 9180/10000: best_composite=50.0000 av=32.00 bal=32.00 chisq=240.50 per=1024 used=382 mean_comp=43.45
gen 9190/10000: best_composite=50.0000 av=32.00 bal=32.00 chisq=240.50 per=1024 used=382 mean_comp=43.38
gen 9200/10000: best_composite=50.0000 av=32.00 bal=32.00 chisq=240.50 per=1024 used=382 mean_comp=47.01
gen 9210/10000: best_composite=50.0000 av=32.00 bal=32.00 chisq=240.50 per=1024 used=382 mean_comp=44.47
gen 9220/10000: best_composite=50.0000 av=32.00 bal=32.00 chisq=240.50 per=1024 used=382 mean_comp=46.35
gen 9230/10000: best_composite=50.0000 av=32.00 bal=32.00 chisq=240.50 per=1024 used=382 mean_comp=43.11
gen 9240/10000: best_composite=50.0000 av=32.00 bal=32.00 chisq=240.50 per=1024 used=382 mean_comp=44.97
gen 9250/10000: best_composite=50.0000 av=32.00 bal=32.00 chisq=240.50 per=1024 used=382 mean_comp=46.34
gen 9260/10000: best_composite=50.0000 av=32.00 bal=32.00 chisq=240.50 per=1024 used=382 mean_comp=42.61
gen 9270/10000: best_composite=50.0000 av=32.00 bal=32.00 chisq=240.50 per=1024 used=382 mean_comp=43.84
gen 9280/10000: best_composite=50.0000 av=32.00 bal=32.00 chisq=240.50 per=1024 used=382 mean_comp=42.41
gen 9290/10000: best_composite=50.0000 av=32.00 bal=32.00 chisq=240.50 per=1024 used=382 mean_comp=45.05
gen 9300/10000: best_composite=50.0000 av=32.00 bal=32.00 chisq=240.50 per=1024 used=382 mean_comp=45.50
gen 9310/10000: best_composite=50.0000 av=32.00 bal=32.00 chisq=240.50 per=1024 used=382 mean_comp=44.76
gen 9320/10000: best_composite=50.0000 av=32.00 bal=32.00 chisq=240.50 per=1024 used=382 mean_comp=42.14
gen 9330/10000: best_composite=50.0000 av=32.00 bal=32.00 chisq=240.50 per=1024 used=382 mean_comp=40.30
gen 9340/10000: best_composite=50.0000 av=32.00 bal=32.00 chisq=240.50 per=1024 used=382 mean_comp=45.54
gen 9350/10000: best_composite=50.0000 av=32.00 bal=32.00 chisq=240.50 per=1024 used=382 mean_comp=42.92
gen 9360/10000: best_composite=50.0000 av=32.00 bal=32.00 chisq=240.50 per=1024 used=382 mean_comp=44.78
gen 9370/10000: best_composite=50.0000 av=32.00 bal=32.00 chisq=240.50 per=1024 used=382 mean_comp=40.05
gen 9380/10000: best_composite=50.0000 av=32.00 bal=32.00 chisq=240.50 per=1024 used=382 mean_comp=40.87
gen 9390/10000: best_composite=50.0000 av=32.00 bal=32.00 chisq=240.50 per=1024 used=382 mean_comp=43.46
gen 9400/10000: best_composite=50.0000 av=32.00 bal=32.00 chisq=240.50 per=1024 used=382 mean_comp=43.06
gen 9410/10000: best_composite=50.0000 av=32.00 bal=32.00 chisq=240.50 per=1024 used=382 mean_comp=43.86
gen 9420/10000: best_composite=50.0000 av=32.00 bal=32.00 chisq=240.50 per=1024 used=382 mean_comp=45.57
gen 9430/10000: best_composite=50.0000 av=32.00 bal=32.00 chisq=240.50 per=1024 used=382 mean_comp=40.60
gen 9440/10000: best_composite=50.0000 av=32.00 bal=32.00 chisq=240.50 per=1024 used=382 mean_comp=44.24
gen 9450/10000: best_composite=50.0000 av=32.00 bal=32.00 chisq=240.50 per=1024 used=382 mean_comp=45.81
gen 9460/10000: best_composite=50.0000 av=32.00 bal=32.00 chisq=240.50 per=1024 used=382 mean_comp=44.19
gen 9470/10000: best_composite=50.0000 av=32.00 bal=32.00 chisq=240.50 per=1024 used=382 mean_comp=41.91
gen 9480/10000: best_composite=50.0000 av=32.00 bal=32.00 chisq=240.50 per=1024 used=382 mean_comp=42.69
gen 9490/10000: best_composite=50.0000 av=32.00 bal=32.00 chisq=240.50 per=1024 used=382 mean_comp=39.49
gen 9500/10000: best_composite=50.0000 av=32.00 bal=32.00 chisq=240.50 per=1024 used=382 mean_comp=44.83
gen 9510/10000: best_composite=50.0000 av=32.00 bal=32.00 chisq=240.50 per=1024 used=382 mean_comp=39.31
gen 9520/10000: best_composite=50.0000 av=32.00 bal=32.00 chisq=240.50 per=1024 used=382 mean_comp=42.08
gen 9530/10000: best_composite=50.0000 av=32.00 bal=32.00 chisq=240.50 per=1024 used=382 mean_comp=39.98
gen 9540/10000: best_composite=50.0000 av=32.00 bal=32.00 chisq=240.50 per=1024 used=382 mean_comp=47.13
gen 9550/10000: best_composite=50.0000 av=32.00 bal=32.00 chisq=240.50 per=1024 used=382 mean_comp=44.20
gen 9560/10000: best_composite=50.0000 av=32.00 bal=32.00 chisq=240.50 per=1024 used=382 mean_comp=44.28
gen 9570/10000: best_composite=50.0000 av=32.00 bal=32.00 chisq=240.50 per=1024 used=382 mean_comp=46.18
gen 9580/10000: best_composite=50.0000 av=32.00 bal=32.00 chisq=240.50 per=1024 used=382 mean_comp=42.18
gen 9590/10000: best_composite=50.0000 av=32.00 bal=32.00 chisq=240.50 per=1024 used=382 mean_comp=42.94
gen 9600/10000: best_composite=50.0000 av=32.00 bal=32.00 chisq=240.50 per=1024 used=382 mean_comp=45.13
gen 9610/10000: best_composite=50.0000 av=32.00 bal=32.00 chisq=240.50 per=1024 used=382 mean_comp=43.54
gen 9620/10000: best_composite=50.0000 av=32.00 bal=32.00 chisq=240.50 per=1024 used=382 mean_comp=43.78
gen 9630/10000: best_composite=50.0000 av=32.00 bal=32.00 chisq=240.50 per=1024 used=382 mean_comp=41.47
gen 9640/10000: best_composite=50.0000 av=32.00 bal=32.00 chisq=240.50 per=1024 used=382 mean_comp=44.49
gen 9650/10000: best_composite=50.0000 av=32.00 bal=32.00 chisq=240.50 per=1024 used=382 mean_comp=41.79
gen 9660/10000: best_composite=50.0000 av=32.00 bal=32.00 chisq=240.50 per=1024 used=382 mean_comp=45.27
gen 9670/10000: best_composite=50.0000 av=32.00 bal=32.00 chisq=240.50 per=1024 used=382 mean_comp=46.22
gen 9680/10000: best_composite=50.0000 av=32.00 bal=32.00 chisq=240.50 per=1024 used=382 mean_comp=45.00
gen 9690/10000: best_composite=50.0000 av=32.00 bal=32.00 chisq=240.50 per=1024 used=382 mean_comp=42.87
gen 9700/10000: best_composite=50.0000 av=32.00 bal=32.00 chisq=240.50 per=1024 used=382 mean_comp=45.06
gen 9710/10000: best_composite=50.0000 av=32.00 bal=32.00 chisq=240.50 per=1024 used=382 mean_comp=39.04
gen 9720/10000: best_composite=50.0000 av=32.00 bal=32.00 chisq=240.50 per=1024 used=382 mean_comp=44.13
gen 9730/10000: best_composite=50.0000 av=32.00 bal=32.00 chisq=240.50 per=1024 used=382 mean_comp=44.01
gen 9740/10000: best_composite=50.0000 av=32.00 bal=32.00 chisq=240.50 per=1024 used=382 mean_comp=45.61
gen 9750/10000: best_composite=50.0000 av=32.00 bal=32.00 chisq=240.50 per=1024 used=382 mean_comp=45.20
gen 9760/10000: best_composite=50.0000 av=32.00 bal=32.00 chisq=240.50 per=1024 used=382 mean_comp=44.49
gen 9770/10000: best_composite=50.0000 av=32.00 bal=32.00 chisq=240.50 per=1024 used=382 mean_comp=43.87
gen 9780/10000: best_composite=50.0000 av=32.00 bal=32.00 chisq=240.50 per=1024 used=382 mean_comp=44.10
gen 9790/10000: best_composite=50.0000 av=32.00 bal=32.00 chisq=240.50 per=1024 used=382 mean_comp=44.83
gen 9800/10000: best_composite=50.0000 av=32.00 bal=32.00 chisq=240.50 per=1024 used=382 mean_comp=43.85
gen 9810/10000: best_composite=50.0000 av=32.00 bal=32.00 chisq=240.50 per=1024 used=382 mean_comp=41.10
gen 9820/10000: best_composite=50.0000 av=32.00 bal=32.00 chisq=240.50 per=1024 used=382 mean_comp=40.18
gen 9830/10000: best_composite=50.0000 av=32.00 bal=32.00 chisq=240.50 per=1024 used=382 mean_comp=41.96
gen 9840/10000: best_composite=50.0000 av=32.00 bal=32.00 chisq=240.50 per=1024 used=382 mean_comp=44.40
gen 9850/10000: best_composite=50.0000 av=32.00 bal=32.00 chisq=240.50 per=1024 used=382 mean_comp=44.51
gen 9860/10000: best_composite=50.0000 av=32.00 bal=32.00 chisq=240.50 per=1024 used=382 mean_comp=43.13
gen 9870/10000: best_composite=50.0000 av=32.00 bal=32.00 chisq=240.50 per=1024 used=382 mean_comp=44.56
gen 9880/10000: best_composite=50.0000 av=32.00 bal=32.00 chisq=240.50 per=1024 used=382 mean_comp=42.29
gen 9890/10000: best_composite=50.0000 av=32.00 bal=32.00 chisq=240.50 per=1024 used=382 mean_comp=43.87
gen 9900/10000: best_composite=50.0000 av=32.00 bal=32.00 chisq=240.50 per=1024 used=382 mean_comp=45.32
gen 9910/10000: best_composite=50.0000 av=32.00 bal=32.00 chisq=240.50 per=1024 used=382 mean_comp=41.08
gen 9920/10000: best_composite=50.0000 av=32.00 bal=32.00 chisq=240.50 per=1024 used=382 mean_comp=42.05
gen 9930/10000: best_composite=50.0000 av=32.00 bal=32.00 chisq=240.50 per=1024 used=382 mean_comp=45.56
gen 9940/10000: best_composite=50.0000 av=32.00 bal=32.00 chisq=240.50 per=1024 used=382 mean_comp=44.94
gen 9950/10000: best_composite=50.0000 av=32.00 bal=32.00 chisq=240.50 per=1024 used=382 mean_comp=43.05
gen 9960/10000: best_composite=50.0000 av=32.00 bal=32.00 chisq=240.50 per=1024 used=382 mean_comp=44.77
gen 9970/10000: best_composite=50.0000 av=32.00 bal=32.00 chisq=240.50 per=1024 used=382 mean_comp=45.63
gen 9980/10000: best_composite=50.0000 av=32.00 bal=32.00 chisq=240.50 per=1024 used=382 mean_comp=45.49
gen 9990/10000: best_composite=50.0000 av=32.00 bal=32.00 chisq=240.50 per=1024 used=382 mean_comp=43.58
gen 10000/10000: best_composite=50.0000 av=32.00 bal=32.00 chisq=240.50 per=1024 used=382 mean_comp=45.08
=== FINAL ===
BEST_COMPOSITE = 50.0000 avalanche=32.0000 balance=32.0000 chisq=240.5000 period=1024 used=382
Best program written to results/phaseF_bittape_baseline/BEST_program.csv
