iter,best_avalanche,best_balance,best_period,best_chisq,best_length,best_composite,accepted,beats_ref
0,26.7769,31.5664,4096,275.3750,5,-7.1032,1,0
1,26.7769,31.5664,4096,275.3750,5,-7.1032,2,0
2,26.7769,31.5664,4096,275.3750,5,-7.1032,2,0
3,26.7769,31.5664,4096,275.3750,5,-7.1032,2,0
4,26.7769,31.5664,4096,275.3750,5,-7.1032,3,0
5,26.7769,31.5664,4096,275.3750,5,-7.1032,4,0
6,26.7769,31.5664,4096,275.3750,5,-7.1032,5,0
7,26.7769,31.5664,4096,275.3750,5,-7.1032,5,0
8,26.7769,31.5664,4096,275.3750,5,-7.1032,6,0
9,26.7769,31.5664,4096,275.3750,5,-7.1032,7,0
10,26.7769,31.5664,4096,275.3750,5,-7.1032,8,0
11,26.7769,31.5664,4096,275.3750,4,-6.6032,9,0
12,26.7769,31.5664,4096,275.3750,4,-6.6032,10,0
13,26.7769,31.5664,4096,275.3750,4,-6.6032,10,0
14,26.8062,31.9727,4096,261.6250,8,-6.1414,11,0
15,26.8062,31.9727,4096,261.6250,8,-6.1414,11,0
16,26.8062,31.9727,4096,261.6250,8,-6.1414,12,0
17,26.8062,31.9727,4096,261.6250,8,-6.1414,13,0
18,26.8062,31.9727,4096,261.6250,8,-6.1414,13,0
19,26.8062,31.9727,4096,261.6250,8,-6.1414,13,0
20,26.8062,31.9727,4096,261.6250,8,-6.1414,14,0
21,26.8062,31.9727,4096,261.6250,8,-6.1414,14,0
22,26.8062,31.9727,4096,261.6250,8,-6.1414,15,0
23,26.8062,31.9727,4096,261.6250,8,-6.1414,16,0
24,26.7100,31.8438,4096,275.3750,4,-5.8854,17,0
25,26.7100,31.8438,4096,275.3750,4,-5.8854,17,0
26,26.7100,31.8438,4096,275.3750,4,-5.8854,18,0
27,26.7100,31.8438,4096,275.3750,4,-5.8854,18,0
28,26.7100,31.8438,4096,275.3750,4,-5.8854,19,0
29,26.7100,31.8438,4096,275.3750,4,-5.8854,20,0
30,26.7100,31.8438,4096,275.3750,4,-5.8854,20,0
31,26.7100,31.8438,4096,275.3750,4,-5.8854,20,0
32,26.7100,31.8438,4096,275.3750,4,-5.8854,21,0
33,26.7100,31.8438,4096,275.3750,4,-5.8854,22,0
34,26.7100,31.8438,4096,275.3750,4,-5.8854,23,0
35,26.7100,31.8438,4096,275.3750,4,-5.8854,24,0
36,26.7100,31.8438,4096,275.3750,4,-5.8854,25,0
37,26.7100,31.8438,4096,275.3750,4,-5.8854,25,0
38,26.7100,31.8438,4096,275.3750,4,-5.8854,26,0
39,26.7100,31.8438,4096,275.3750,4,-5.8854,27,0
40,26.8062,31.9727,4096,261.6250,7,-5.6414,28,0
41,26.8062,31.9727,4096,261.6250,7,-5.6414,28,0
42,26.8062,31.9727,4096,261.6250,7,-5.6414,29,0
43,26.8062,31.9727,4096,261.6250,7,-5.6414,30,0
44,26.8062,31.9727,4096,261.6250,7,-5.6414,30,0
45,26.8062,31.9727,4096,261.6250,7,-5.6414,31,0
46,26.8062,31.9727,4096,261.6250,7,-5.6414,32,0
47,26.8062,31.9727,4096,261.6250,7,-5.6414,32,0
48,26.8062,31.9727,4096,261.6250,7,-5.6414,32,0
49,26.8062,31.9727,4096,261.6250,7,-5.6414,32,0
50,26.8062,31.9727,4096,261.6250,7,-5.6414,33,0
51,26.8062,31.9727,4096,261.6250,7,-5.6414,34,0
52,26.8062,31.9727,4096,261.6250,7,-5.6414,35,0
53,26.8062,31.9727,4096,261.6250,7,-5.6414,36,0
54,26.8062,31.9727,4096,261.6250,7,-5.6414,37,0
55,26.8062,31.9727,4096,261.6250,7,-5.6414,38,0
56,26.8062,31.9727,4096,261.6250,7,-5.6414,38,0
57,26.8062,31.9727,4096,261.6250,7,-5.6414,39,0
58,26.8062,31.9727,4096,261.6250,7,-5.6414,40,0
59,26.8062,31.9727,4096,261.6250,7,-5.6414,41,0
60,26.8062,31.9727,4096,261.6250,7,-5.6414,41,0
61,26.8062,31.9727,4096,261.6250,7,-5.6414,42,0
62,26.8062,31.9727,4096,261.6250,7,-5.6414,43,0
63,26.8062,31.9727,4096,261.6250,7,-5.6414,44,0
64,26.8062,31.9727,4096,261.6250,7,-5.6414,44,0
65,26.8062,31.9727,4096,261.6250,7,-5.6414,45,0
66,26.8062,31.9727,4096,261.6250,7,-5.6414,46,0
67,26.8062,31.9727,4096,261.6250,7,-5.6414,47,0
68,26.8062,31.9727,4096,261.6250,7,-5.6414,47,0
69,26.8062,31.9727,4096,261.6250,7,-5.6414,47,0
70,26.8062,31.9727,4096,261.6250,7,-5.6414,47,0
71,26.8062,31.9727,4096,261.6250,7,-5.6414,47,0
72,26.8062,31.9727,4096,261.6250,7,-5.6414,48,0
73,26.8062,31.9727,4096,261.6250,7,-5.6414,48,0
74,26.8062,31.9727,4096,261.6250,7,-5.6414,49,0
75,26.8062,31.9727,4096,261.6250,7,-5.6414,49,0
76,26.8062,31.9727,4096,261.6250,7,-5.6414,50,0
77,26.8062,31.9727,4096,261.6250,7,-5.6414,50,0
78,26.8062,31.9727,4096,261.6250,7,-5.6414,51,0
79,26.8062,31.9727,4096,261.6250,7,-5.6414,52,0
80,26.8062,31.9727,4096,261.6250,7,-5.6414,52,0
81,26.8062,31.9727,4096,261.6250,7,-5.6414,53,0
82,26.8062,31.9727,4096,261.6250,7,-5.6414,54,0
83,26.8062,31.9727,4096,261.6250,7,-5.6414,55,0
84,26.8062,31.9727,4096,261.6250,7,-5.6414,55,0
85,26.8062,31.9727,4096,261.6250,7,-5.6414,56,0
86,26.8062,31.9727,4096,261.6250,7,-5.6414,56,0
87,26.8062,31.9727,4096,261.6250,7,-5.6414,57,0
88,26.8062,31.9727,4096,261.6250,6,-5.1414,58,0
89,26.8062,31.9727,4096,261.6250,6,-5.1414,58,0
90,26.8062,31.9727,4096,261.6250,6,-5.1414,59,0
91,26.8062,31.9727,4096,261.6250,6,-5.1414,60,0
92,26.8062,31.9727,4096,261.6250,6,-5.1414,61,0
93,26.8062,31.9727,4096,261.6250,6,-5.1414,62,0
94,26.8062,31.9727,4096,261.6250,6,-5.1414,63,0
95,26.8062,31.9727,4096,261.6250,6,-5.1414,64,0
96,26.8062,31.9727,4096,261.6250,6,-5.1414,65,0
97,26.8062,31.9727,4096,261.6250,6,-5.1414,65,0
98,26.8062,31.9727,4096,261.6250,6,-5.1414,65,0
99,26.8062,31.9727,4096,261.6250,6,-5.1414,66,0
100,26.8062,31.9727,4096,261.6250,6,-5.1414,67,0
101,26.8062,31.9727,4096,261.6250,6,-5.1414,68,0
102,26.8062,31.9727,4096,261.6250,6,-5.1414,68,0
103,26.8062,31.9727,4096,261.6250,6,-5.1414,68,0
104,26.8062,31.9727,4096,261.6250,6,-5.1414,69,0
105,26.8062,31.9727,4096,261.6250,6,-5.1414,70,0
106,26.8062,31.9727,4096,261.6250,6,-5.1414,71,0
107,26.8062,31.9727,4096,261.6250,6,-5.1414,72,0
108,26.8062,31.9727,4096,261.6250,6,-5.1414,72,0
109,26.8062,31.9727,4096,261.6250,5,-4.6414,73,0
110,26.8062,31.9727,4096,261.6250,5,-4.6414,74,0
111,26.8062,31.9727,4096,261.6250,5,-4.6414,75,0
112,26.8062,31.9727,4096,261.6250,5,-4.6414,76,0
113,26.8062,31.9727,4096,261.6250,5,-4.6414,77,0
114,26.8062,31.9727,4096,261.6250,5,-4.6414,78,0
115,26.8062,31.9727,4096,261.6250,5,-4.6414,78,0
116,26.8062,31.9727,4096,261.6250,5,-4.6414,79,0
117,26.8062,31.9727,4096,261.6250,5,-4.6414,80,0
118,26.8062,31.9727,4096,261.6250,5,-4.6414,81,0
119,26.8062,31.9727,4096,261.6250,5,-4.6414,82,0
120,26.8062,31.9727,4096,261.6250,5,-4.6414,83,0
121,26.8062,31.9727,4096,261.6250,5,-4.6414,84,0
122,26.8062,31.9727,4096,261.6250,5,-4.6414,85,0
123,26.8062,31.9727,4096,261.6250,5,-4.6414,86,0
124,26.8062,31.9727,4096,261.6250,5,-4.6414,87,0
125,26.8062,31.9727,4096,261.6250,5,-4.6414,87,0
126,26.8062,31.9727,4096,261.6250,5,-4.6414,88,0
127,26.8062,31.9727,4096,261.6250,5,-4.6414,89,0
128,26.8062,31.9727,4096,261.6250,5,-4.6414,89,0
129,26.8062,31.9727,4096,261.6250,5,-4.6414,89,0
130,26.8062,31.9727,4096,261.6250,5,-4.6414,90,0
131,26.8062,31.9727,4096,261.6250,5,-4.6414,91,0
132,26.8062,31.9727,4096,261.6250,5,-4.6414,92,0
133,26.8062,31.9727,4096,261.6250,5,-4.6414,93,0
134,26.8062,31.9727,4096,261.6250,5,-4.6414,94,0
135,26.8062,31.9727,4096,261.6250,5,-4.6414,95,0
136,26.8062,31.9727,4096,261.6250,5,-4.6414,96,0
137,26.8062,31.9727,4096,261.6250,5,-4.6414,97,0
138,26.8062,31.9727,4096,261.6250,5,-4.6414,98,0
139,26.8062,31.9727,4096,261.6250,5,-4.6414,99,0
140,26.8062,31.9727,4096,261.6250,5,-4.6414,99,0
141,26.8062,31.9727,4096,261.6250,5,-4.6414,99,0
142,26.8062,31.9727,4096,261.6250,5,-4.6414,100,0
143,26.8062,31.9727,4096,261.6250,5,-4.6414,101,0
144,26.8062,31.9727,4096,261.6250,5,-4.6414,101,0
145,26.8062,31.9727,4096,261.6250,5,-4.6414,102,0
146,26.8062,31.9727,4096,261.6250,5,-4.6414,103,0
147,26.8062,31.9727,4096,261.6250,5,-4.6414,103,0
148,26.8062,31.9727,4096,261.6250,5,-4.6414,103,0
149,26.8062,31.9727,4096,261.6250,5,-4.6414,103,0
150,26.8062,31.9727,4096,261.6250,5,-4.6414,103,0
151,26.8062,31.9727,4096,261.6250,4,-4.1414,104,0
152,26.8062,31.9727,4096,261.6250,4,-4.1414,105,0
153,26.8062,31.9727,4096,261.6250,4,-4.1414,106,0
154,26.8062,31.9727,4096,261.6250,4,-4.1414,107,0
155,26.8062,31.9727,4096,261.6250,4,-4.1414,108,0
156,26.8062,31.9727,4096,261.6250,4,-4.1414,108,0
157,26.8062,31.9727,4096,261.6250,4,-4.1414,109,0
158,29.6335,32.1016,4096,219.5000,5,23.3276,110,0
159,29.6335,32.1016,4096,219.5000,4,23.8276,111,0
160,29.6335,32.1016,4096,219.5000,4,23.8276,111,0
161,29.6335,32.1016,4096,219.5000,4,23.8276,111,0
162,29.6335,32.1016,4096,219.5000,4,23.8276,112,0
163,29.6335,32.1016,4096,219.5000,4,23.8276,112,0
164,29.6335,32.1016,4096,219.5000,4,23.8276,112,0
165,29.6335,32.1016,4096,219.5000,4,23.8276,113,0
166,29.6335,32.1016,4096,219.5000,4,23.8276,114,0
167,29.6335,32.1016,4096,219.5000,4,23.8276,114,0
168,29.6335,32.1016,4096,219.5000,4,23.8276,115,0
169,29.6335,32.1016,4096,219.5000,4,23.8276,116,0
170,31.2700,32.0938,4096,254.7500,4,40.2314,117,0
171,31.2700,32.0938,4096,254.7500,4,40.2314,118,0
172,31.2700,32.0938,4096,254.7500,4,40.2314,119,0
173,31.2700,32.0938,4096,254.7500,4,40.2314,119,0
174,31.2700,32.0938,4096,254.7500,4,40.2314,120,0
175,31.2700,32.0938,4096,254.7500,4,40.2314,121,0
176,31.2700,32.0938,4096,254.7500,4,40.2314,122,0
177,31.2700,32.0938,4096,254.7500,4,40.2314,123,0
178,31.2700,32.0938,4096,254.7500,4,40.2314,123,0
179,31.2700,32.0938,4096,254.7500,4,40.2314,123,0
180,31.2700,32.0938,4096,254.7500,4,40.2314,124,0
181,31.2700,32.0938,4096,254.7500,4,40.2314,124,0
182,31.2700,32.0938,4096,254.7500,4,40.2314,125,0
183,31.2700,32.0938,4096,254.7500,4,40.2314,125,0
184,31.2700,32.0938,4096,254.7500,4,40.2314,125,0
185,31.2700,32.0938,4096,254.7500,4,40.2314,125,0
186,31.2700,32.0938,4096,254.7500,4,40.2314,125,0
187,31.2700,32.0938,4096,254.7500,4,40.2314,126,0
188,31.2700,32.0938,4096,254.7500,4,40.2314,126,0
189,31.2700,32.0938,4096,254.7500,4,40.2314,127,0
190,31.2700,32.0938,4096,254.7500,4,40.2314,128,0
191,31.2700,32.0938,4096,254.7500,4,40.2314,128,0
192,31.2700,32.0938,4096,254.7500,4,40.2314,129,0
193,31.2700,32.0938,4096,254.7500,4,40.2314,130,0
194,31.2700,32.0938,4096,254.7500,4,40.2314,130,0
195,31.2700,32.0938,4096,254.7500,4,40.2314,131,0
196,31.2700,32.0938,4096,254.7500,4,40.2314,131,0
197,31.2700,32.0938,4096,254.7500,4,40.2314,131,0
198,31.2700,32.0938,4096,254.7500,4,40.2314,131,0
199,31.2700,32.0938,4096,254.7500,4,40.2314,132,0
200,31.2700,32.0938,4096,254.7500,4,40.2314,132,0
201,31.2700,32.0938,4096,254.7500,4,40.2314,132,0
202,31.2700,32.0938,4096,254.7500,4,40.2314,132,0
203,31.2700,32.0938,4096,254.7500,4,40.2314,133,0
204,31.2700,32.0938,4096,254.7500,4,40.2314,134,0
205,31.2700,32.0938,4096,254.7500,4,40.2314,135,0
206,31.2700,32.0938,4096,254.7500,4,40.2314,136,0
207,31.2700,32.0938,4096,254.7500,4,40.2314,136,0
208,31.2700,32.0938,4096,254.7500,4,40.2314,137,0
209,31.2700,32.0938,4096,254.7500,4,40.2314,137,0
210,31.2700,32.0938,4096,254.7500,4,40.2314,138,0
211,31.2700,32.0938,4096,254.7500,4,40.2314,138,0
212,31.2700,32.0938,4096,254.7500,4,40.2314,138,0
213,31.2700,32.0938,4096,254.7500,4,40.2314,139,0
214,31.2700,32.0938,4096,254.7500,4,40.2314,139,0
215,31.2700,32.0938,4096,254.7500,4,40.2314,139,0
216,31.2700,32.0938,4096,254.7500,4,40.2314,139,0
217,31.2700,32.0938,4096,254.7500,4,40.2314,140,0
218,31.2700,32.0938,4096,254.7500,4,40.2314,141,0
219,31.2700,32.0938,4096,254.7500,4,40.2314,141,0
220,31.2700,32.0938,4096,254.7500,4,40.2314,142,0
221,31.2700,32.0938,4096,254.7500,4,40.2314,143,0
222,31.2700,32.0938,4096,254.7500,4,40.2314,144,0
223,31.2700,32.0938,4096,254.7500,4,40.2314,145,0
224,31.2700,32.0938,4096,254.7500,4,40.2314,146,0
225,31.2700,32.0938,4096,254.7500,4,40.2314,147,0
226,31.2700,32.0938,4096,254.7500,4,40.2314,147,0
227,31.2700,32.0938,4096,254.7500,4,40.2314,148,0
228,31.2700,32.0938,4096,254.7500,4,40.2314,148,0
229,31.2700,32.0938,4096,254.7500,4,40.2314,148,0
230,31.2700,32.0938,4096,254.7500,4,40.2314,148,0
231,31.2700,32.0938,4096,254.7500,4,40.2314,149,0
232,31.2700,32.0938,4096,254.7500,4,40.2314,150,0
233,31.2700,32.0938,4096,254.7500,4,40.2314,150,0
234,31.2700,32.0938,4096,254.7500,4,40.2314,151,0
235,31.2700,32.0938,4096,254.7500,4,40.2314,151,0
236,31.2700,32.0938,4096,254.7500,4,40.2314,152,0
237,31.2700,32.0938,4096,254.7500,4,40.2314,152,0
238,31.2700,32.0938,4096,254.7500,4,40.2314,153,0
239,31.2700,32.0938,4096,254.7500,4,40.2314,153,0
240,31.2700,32.0938,4096,254.7500,4,40.2314,154,0
241,31.2700,32.0938,4096,254.7500,4,40.2314,155,0
242,31.2700,32.0938,4096,254.7500,4,40.2314,156,0
243,31.2700,32.0938,4096,254.7500,4,40.2314,157,0
244,31.2700,32.0938,4096,254.7500,4,40.2314,157,0
245,31.2700,32.0938,4096,254.7500,4,40.2314,157,0
246,31.2700,32.0938,4096,254.7500,4,40.2314,157,0
247,31.2700,32.0938,4096,254.7500,4,40.2314,157,0
248,31.2700,32.0938,4096,254.7500,4,40.2314,157,0
249,31.2700,32.0938,4096,254.7500,4,40.2314,157,0
250,31.2700,32.0938,4096,254.7500,4,40.2314,158,0
251,31.2700,32.0938,4096,254.7500,4,40.2314,159,0
252,31.2700,32.0938,4096,254.7500,4,40.2314,159,0
253,31.2700,32.0938,4096,254.7500,4,40.2314,160,0
254,31.2700,32.0938,4096,254.7500,4,40.2314,161,0
255,31.2700,32.0938,4096,254.7500,4,40.2314,162,0
256,31.2700,32.0938,4096,254.7500,4,40.2314,163,0
257,31.2700,32.0938,4096,254.7500,4,40.2314,164,0
258,31.2700,32.0938,4096,254.7500,4,40.2314,165,0
259,31.2700,32.0938,4096,254.7500,4,40.2314,165,0
260,31.2700,32.0938,4096,254.7500,4,40.2314,166,0
261,31.2700,32.0938,4096,254.7500,4,40.2314,166,0
262,31.2700,32.0938,4096,254.7500,4,40.2314,167,0
263,31.2700,32.0938,4096,254.7500,4,40.2314,167,0
264,31.2700,32.0938,4096,254.7500,4,40.2314,168,0
265,31.2700,32.0938,4096,254.7500,4,40.2314,169,0
266,31.2700,32.0938,4096,254.7500,4,40.2314,170,0
267,31.2700,32.0938,4096,254.7500,4,40.2314,171,0
268,31.2700,32.0938,4096,254.7500,4,40.2314,172,0
269,31.2700,32.0938,4096,254.7500,4,40.2314,173,0
270,31.2700,32.0938,4096,254.7500,4,40.2314,174,0
271,31.2700,32.0938,4096,254.7500,4,40.2314,174,0
272,31.2700,32.0938,4096,254.7500,4,40.2314,174,0
273,31.2700,32.0938,4096,254.7500,4,40.2314,175,0
274,31.2700,32.0938,4096,254.7500,4,40.2314,175,0
275,31.2700,32.0938,4096,254.7500,4,40.2314,175,0
276,31.2700,32.0938,4096,254.7500,4,40.2314,175,0
277,31.2700,32.0938,4096,254.7500,4,40.2314,176,0
278,31.2700,32.0938,4096,254.7500,4,40.2314,176,0
279,31.2700,32.0938,4096,254.7500,4,40.2314,177,0
280,31.2700,32.0938,4096,254.7500,4,40.2314,178,0
281,31.2700,32.0938,4096,254.7500,4,40.2314,178,0
282,31.2700,32.0938,4096,254.7500,4,40.2314,179,0
283,31.2700,32.0938,4096,254.7500,4,40.2314,179,0
284,31.2700,32.0938,4096,254.7500,4,40.2314,180,0
285,31.2700,32.0938,4096,254.7500,4,40.2314,181,0
286,31.2700,32.0938,4096,254.7500,4,40.2314,182,0
287,31.2700,32.0938,4096,254.7500,4,40.2314,182,0
288,31.2700,32.0938,4096,254.7500,4,40.2314,183,0
289,31.2700,32.0938,4096,254.7500,4,40.2314,184,0
290,31.2700,32.0938,4096,254.7500,4,40.2314,185,0
291,31.2700,32.0938,4096,254.7500,4,40.2314,185,0
292,31.2700,32.0938,4096,254.7500,4,40.2314,186,0
293,31.2700,32.0938,4096,254.7500,4,40.2314,187,0
294,31.2700,32.0938,4096,254.7500,4,40.2314,187,0
295,31.2700,32.0938,4096,254.7500,4,40.2314,188,0
296,31.2700,32.0938,4096,254.7500,4,40.2314,189,0
297,31.2700,32.0938,4096,254.7500,4,40.2314,189,0
298,31.2700,32.0938,4096,254.7500,4,40.2314,189,0
299,31.2700,32.0938,4096,254.7500,4,40.2314,190,0
300,31.2700,32.0938,4096,254.7500,4,40.2314,191,0
301,31.2700,32.0938,4096,254.7500,4,40.2314,192,0
302,31.2700,32.0938,4096,254.7500,4,40.2314,192,0
303,31.2700,32.0938,4096,254.7500,4,40.2314,193,0
304,31.2700,32.0938,4096,254.7500,4,40.2314,194,0
305,31.2700,32.0938,4096,254.7500,4,40.2314,195,0
306,31.2700,32.0938,4096,254.7500,4,40.2314,196,0
307,31.2700,32.0938,4096,254.7500,4,40.2314,197,0
308,31.2700,32.0938,4096,254.7500,4,40.2314,198,0
309,31.2700,32.0938,4096,254.7500,4,40.2314,199,0
310,31.2700,32.0938,4096,254.7500,4,40.2314,199,0
311,31.2700,32.0938,4096,254.7500,4,40.2314,200,0
312,31.2700,32.0938,4096,254.7500,4,40.2314,201,0
313,31.2700,32.0938,4096,254.7500,4,40.2314,202,0
314,31.2700,32.0938,4096,254.7500,4,40.2314,202,0
315,31.2700,32.0938,4096,254.7500,4,40.2314,203,0
316,31.2700,32.0938,4096,254.7500,4,40.2314,204,0
317,31.2700,32.0938,4096,254.7500,4,40.2314,205,0
318,31.2700,32.0938,4096,254.7500,4,40.2314,206,0
319,31.2700,32.0938,4096,254.7500,4,40.2314,207,0
320,31.2700,32.0938,4096,254.7500,4,40.2314,207,0
321,31.2700,32.0938,4096,254.7500,4,40.2314,208,0
322,31.2700,32.0938,4096,254.7500,4,40.2314,209,0
323,31.2700,32.0938,4096,254.7500,4,40.2314,209,0
324,31.2700,32.0938,4096,254.7500,4,40.2314,210,0
325,31.2700,32.0938,4096,254.7500,4,40.2314,211,0
326,31.2700,32.0938,4096,254.7500,4,40.2314,212,0
327,31.2700,32.0938,4096,254.7500,4,40.2314,212,0
328,31.2700,32.0938,4096,254.7500,4,40.2314,212,0
329,31.2700,32.0938,4096,254.7500,4,40.2314,213,0
330,31.2700,32.0938,4096,254.7500,4,40.2314,213,0
331,31.2700,32.0938,4096,254.7500,4,40.2314,214,0
332,31.2700,32.0938,4096,254.7500,4,40.2314,215,0
333,31.2700,32.0938,4096,254.7500,4,40.2314,215,0
334,31.2700,32.0938,4096,254.7500,4,40.2314,215,0
335,31.2700,32.0938,4096,254.7500,4,40.2314,216,0
336,31.2700,32.0938,4096,254.7500,4,40.2314,216,0
337,31.2700,32.0938,4096,254.7500,4,40.2314,217,0
338,31.2700,32.0938,4096,254.7500,4,40.2314,218,0
339,31.2700,32.0938,4096,254.7500,4,40.2314,219,0
340,31.2700,32.0938,4096,254.7500,4,40.2314,219,0
341,31.2700,32.0938,4096,254.7500,4,40.2314,220,0
342,31.2700,32.0938,4096,254.7500,4,40.2314,220,0
343,31.2700,32.0938,4096,254.7500,4,40.2314,221,0
344,31.2700,32.0938,4096,254.7500,4,40.2314,221,0
345,31.2700,32.0938,4096,254.7500,4,40.2314,221,0
346,31.2700,32.0938,4096,254.7500,4,40.2314,222,0
347,31.2700,32.0938,4096,254.7500,4,40.2314,223,0
348,31.2700,32.0938,4096,254.7500,4,40.2314,224,0
349,31.2700,32.0938,4096,254.7500,4,40.2314,224,0
350,31.2700,32.0938,4096,254.7500,4,40.2314,224,0
351,31.2700,32.0938,4096,254.7500,4,40.2314,225,0
352,31.2700,32.0938,4096,254.7500,4,40.2314,226,0
353,31.2700,32.0938,4096,254.7500,4,40.2314,227,0
354,31.2700,32.0938,4096,254.7500,4,40.2314,228,0
355,31.2700,32.0938,4096,254.7500,4,40.2314,229,0
356,31.2700,32.0938,4096,254.7500,4,40.2314,229,0
357,31.2700,32.0938,4096,254.7500,4,40.2314,229,0
358,31.2700,32.0938,4096,254.7500,4,40.2314,230,0
359,31.2700,32.0938,4096,254.7500,4,40.2314,230,0
360,31.2700,32.0938,4096,254.7500,4,40.2314,230,0
361,31.2700,32.0938,4096,254.7500,4,40.2314,231,0
362,31.2700,32.0938,4096,254.7500,4,40.2314,232,0
363,31.2700,32.0938,4096,254.7500,4,40.2314,232,0
364,31.2700,32.0938,4096,254.7500,4,40.2314,233,0
365,31.2700,32.0938,4096,254.7500,4,40.2314,233,0
366,31.2700,32.0938,4096,254.7500,4,40.2314,233,0
367,31.2700,32.0938,4096,254.7500,4,40.2314,234,0
368,31.2700,32.0938,4096,254.7500,4,40.2314,234,0
369,31.2700,32.0938,4096,254.7500,4,40.2314,234,0
370,31.2700,32.0938,4096,254.7500,4,40.2314,234,0
371,31.2700,32.0938,4096,254.7500,4,40.2314,234,0
372,31.2700,32.0938,4096,254.7500,4,40.2314,235,0
373,31.2700,32.0938,4096,254.7500,4,40.2314,236,0
374,31.2700,32.0938,4096,254.7500,4,40.2314,236,0
375,31.2700,32.0938,4096,254.7500,4,40.2314,237,0
376,31.2700,32.0938,4096,254.7500,4,40.2314,238,0
377,31.2700,32.0938,4096,254.7500,4,40.2314,239,0
378,31.2700,32.0938,4096,254.7500,4,40.2314,240,0
379,31.2700,32.0938,4096,254.7500,4,40.2314,241,0
380,31.2700,32.0938,4096,254.7500,4,40.2314,242,0
381,31.2700,32.0938,4096,254.7500,4,40.2314,242,0
382,31.2700,32.0938,4096,254.7500,4,40.2314,242,0
383,31.2700,32.0938,4096,254.7500,4,40.2314,243,0
384,31.2700,32.0938,4096,254.7500,4,40.2314,244,0
385,31.2700,32.0938,4096,254.7500,4,40.2314,245,0
386,31.2700,32.0938,4096,254.7500,4,40.2314,245,0
387,31.2700,32.0938,4096,254.7500,4,40.2314,246,0
388,31.2700,32.0938,4096,254.7500,4,40.2314,246,0
389,31.2700,32.0938,4096,254.7500,4,40.2314,247,0
390,31.2700,32.0938,4096,254.7500,4,40.2314,248,0
391,31.2700,32.0938,4096,254.7500,4,40.2314,248,0
392,31.2700,32.0938,4096,254.7500,4,40.2314,249,0
393,31.2700,32.0938,4096,254.7500,4,40.2314,250,0
394,31.2700,32.0938,4096,254.7500,4,40.2314,250,0
395,31.2700,32.0938,4096,254.7500,4,40.2314,251,0
396,31.2700,32.0938,4096,254.7500,4,40.2314,252,0
397,31.2700,32.0938,4096,254.7500,4,40.2314,253,0
398,31.2700,32.0938,4096,254.7500,4,40.2314,254,0
399,31.2700,32.0938,4096,254.7500,4,40.2314,255,0
400,31.2700,32.0938,4096,254.7500,4,40.2314,256,0
401,31.2700,32.0938,4096,254.7500,4,40.2314,257,0
402,31.2700,32.0938,4096,254.7500,4,40.2314,258,0
403,31.2700,32.0938,4096,254.7500,4,40.2314,258,0
404,31.2700,32.0938,4096,254.7500,4,40.2314,259,0
405,31.2700,32.0938,4096,254.7500,4,40.2314,260,0
406,31.2700,32.0938,4096,254.7500,4,40.2314,261,0
407,31.2700,32.0938,4096,254.7500,4,40.2314,262,0
408,31.2700,32.0938,4096,254.7500,4,40.2314,262,0
409,31.2700,32.0938,4096,254.7500,4,40.2314,263,0
410,31.2700,32.0938,4096,254.7500,4,40.2314,263,0
411,31.2700,32.0938,4096,254.7500,4,40.2314,264,0
412,31.2700,32.0938,4096,254.7500,4,40.2314,264,0
413,31.2700,32.0938,4096,254.7500,4,40.2314,265,0
414,31.2700,32.0938,4096,254.7500,4,40.2314,266,0
415,31.2700,32.0938,4096,254.7500,4,40.2314,266,0
416,31.2700,32.0938,4096,254.7500,4,40.2314,267,0
417,31.2700,32.0938,4096,254.7500,4,40.2314,268,0
418,31.2700,32.0938,4096,254.7500,4,40.2314,269,0
419,31.2700,32.0938,4096,254.7500,4,40.2314,270,0
420,31.2700,32.0938,4096,254.7500,4,40.2314,270,0
421,31.2700,32.0938,4096,254.7500,4,40.2314,271,0
422,31.2700,32.0938,4096,254.7500,4,40.2314,272,0
423,31.2700,32.0938,4096,254.7500,4,40.2314,273,0
424,31.2700,32.0938,4096,254.7500,4,40.2314,273,0
425,31.2700,32.0938,4096,254.7500,4,40.2314,273,0
426,31.2700,32.0938,4096,254.7500,4,40.2314,274,0
427,31.2700,32.0938,4096,254.7500,4,40.2314,274,0
428,31.2700,32.0938,4096,254.7500,4,40.2314,275,0
429,31.2700,32.0938,4096,254.7500,4,40.2314,276,0
430,31.2700,32.0938,4096,254.7500,4,40.2314,276,0
431,31.2700,32.0938,4096,254.7500,4,40.2314,277,0
432,31.2700,32.0938,4096,254.7500,4,40.2314,278,0
433,31.2700,32.0938,4096,254.7500,4,40.2314,278,0
434,31.2700,32.0938,4096,254.7500,4,40.2314,278,0
435,31.2700,32.0938,4096,254.7500,4,40.2314,279,0
436,31.2700,32.0938,4096,254.7500,4,40.2314,280,0
437,31.2700,32.0938,4096,254.7500,4,40.2314,280,0
438,31.2700,32.0938,4096,254.7500,4,40.2314,281,0
439,31.2700,32.0938,4096,254.7500,4,40.2314,281,0
440,31.2700,32.0938,4096,254.7500,4,40.2314,281,0
441,31.2700,32.0938,4096,254.7500,4,40.2314,282,0
442,31.2700,32.0938,4096,254.7500,4,40.2314,283,0
443,31.2700,32.0938,4096,254.7500,4,40.2314,283,0
444,31.2700,32.0938,4096,254.7500,4,40.2314,284,0
445,31.2700,32.0938,4096,254.7500,4,40.2314,285,0
446,31.2700,32.0938,4096,254.7500,4,40.2314,286,0
447,31.2700,32.0938,4096,254.7500,4,40.2314,286,0
448,31.2700,32.0938,4096,254.7500,4,40.2314,287,0
449,31.2700,32.0938,4096,254.7500,4,40.2314,288,0
450,31.2700,32.0938,4096,254.7500,4,40.2314,288,0
451,31.2700,32.0938,4096,254.7500,4,40.2314,289,0
452,31.2700,32.0938,4096,254.7500,4,40.2314,290,0
453,31.2700,32.0938,4096,254.7500,4,40.2314,290,0
454,31.2700,32.0938,4096,254.7500,4,40.2314,291,0
455,31.2700,32.0938,4096,254.7500,4,40.2314,291,0
456,31.2700,32.0938,4096,254.7500,4,40.2314,292,0
457,31.2700,32.0938,4096,254.7500,4,40.2314,293,0
458,31.2700,32.0938,4096,254.7500,4,40.2314,294,0
459,31.2700,32.0938,4096,254.7500,4,40.2314,294,0
460,31.2700,32.0938,4096,254.7500,4,40.2314,294,0
461,31.2700,32.0938,4096,254.7500,4,40.2314,295,0
462,31.2700,32.0938,4096,254.7500,4,40.2314,296,0
463,31.2700,32.0938,4096,254.7500,4,40.2314,297,0
464,31.2700,32.0938,4096,254.7500,4,40.2314,298,0
465,31.2700,32.0938,4096,254.7500,4,40.2314,299,0
466,31.2700,32.0938,4096,254.7500,4,40.2314,299,0
467,31.2700,32.0938,4096,254.7500,4,40.2314,299,0
468,31.2700,32.0938,4096,254.7500,4,40.2314,300,0
469,31.2700,32.0938,4096,254.7500,4,40.2314,301,0
470,31.2700,32.0938,4096,254.7500,4,40.2314,302,0
471,31.2700,32.0938,4096,254.7500,4,40.2314,302,0
472,31.2700,32.0938,4096,254.7500,4,40.2314,303,0
473,31.2700,32.0938,4096,254.7500,4,40.2314,304,0
474,31.2700,32.0938,4096,254.7500,4,40.2314,305,0
475,31.2700,32.0938,4096,254.7500,4,40.2314,306,0
476,31.2700,32.0938,4096,254.7500,4,40.2314,307,0
477,31.2700,32.0938,4096,254.7500,4,40.2314,308,0
478,31.2700,32.0938,4096,254.7500,4,40.2314,309,0
479,31.2700,32.0938,4096,254.7500,4,40.2314,310,0
480,31.2700,32.0938,4096,254.7500,4,40.2314,311,0
481,31.2700,32.0938,4096,254.7500,4,40.2314,312,0
482,31.2700,32.0938,4096,254.7500,4,40.2314,313,0
483,31.2700,32.0938,4096,254.7500,4,40.2314,313,0
484,31.2700,32.0938,4096,254.7500,4,40.2314,314,0
485,31.2700,32.0938,4096,254.7500,4,40.2314,314,0
486,31.2700,32.0938,4096,254.7500,4,40.2314,315,0
487,31.2700,32.0938,4096,254.7500,4,40.2314,316,0
488,31.2700,32.0938,4096,254.7500,4,40.2314,317,0
489,31.2700,32.0938,4096,254.7500,4,40.2314,317,0
490,31.2700,32.0938,4096,254.7500,4,40.2314,318,0
491,31.2700,32.0938,4096,254.7500,4,40.2314,319,0
492,31.2700,32.0938,4096,254.7500,4,40.2314,320,0
493,31.2700,32.0938,4096,254.7500,4,40.2314,321,0
494,31.2700,32.0938,4096,254.7500,4,40.2314,322,0
495,31.2700,32.0938,4096,254.7500,4,40.2314,323,0
496,31.2700,32.0938,4096,254.7500,4,40.2314,324,0
497,31.2700,32.0938,4096,254.7500,4,40.2314,325,0
498,31.2700,32.0938,4096,254.7500,4,40.2314,325,0
499,31.2700,32.0938,4096,254.7500,4,40.2314,326,0
500,31.2700,32.0938,4096,254.7500,4,40.2314,326,0
501,31.2700,32.0938,4096,254.7500,4,40.2314,326,0
502,31.2700,32.0938,4096,254.7500,4,40.2314,327,0
503,31.2700,32.0938,4096,254.7500,4,40.2314,328,0
504,31.2700,32.0938,4096,254.7500,4,40.2314,328,0
505,31.2700,32.0938,4096,254.7500,4,40.2314,328,0
506,31.2700,32.0938,4096,254.7500,4,40.2314,329,0
507,31.2700,32.0938,4096,254.7500,4,40.2314,329,0
508,31.2700,32.0938,4096,254.7500,4,40.2314,330,0
509,31.2700,32.0938,4096,254.7500,4,40.2314,331,0
510,31.2700,32.0938,4096,254.7500,4,40.2314,332,0
511,31.2700,32.0938,4096,254.7500,4,40.2314,333,0
512,31.2700,32.0938,4096,254.7500,4,40.2314,334,0
513,31.2700,32.0938,4096,254.7500,4,40.2314,335,0
514,31.2700,32.0938,4096,254.7500,4,40.2314,336,0
515,31.2700,32.0938,4096,254.7500,4,40.2314,336,0
516,31.2700,32.0938,4096,254.7500,4,40.2314,336,0
517,31.2700,32.0938,4096,254.7500,4,40.2314,337,0
518,31.2700,32.0938,4096,254.7500,4,40.2314,338,0
519,31.2700,32.0938,4096,254.7500,4,40.2314,339,0
520,31.2700,32.0938,4096,254.7500,4,40.2314,340,0
521,31.2700,32.0938,4096,254.7500,4,40.2314,341,0
522,31.2700,32.0938,4096,254.7500,4,40.2314,341,0
523,31.2700,32.0938,4096,254.7500,4,40.2314,341,0
524,31.2700,32.0938,4096,254.7500,4,40.2314,341,0
525,31.2700,32.0938,4096,254.7500,4,40.2314,342,0
526,31.2700,32.0938,4096,254.7500,4,40.2314,343,0
527,31.2700,32.0938,4096,254.7500,4,40.2314,344,0
528,31.2700,32.0938,4096,254.7500,4,40.2314,345,0
529,31.2700,32.0938,4096,254.7500,4,40.2314,345,0
530,31.2700,32.0938,4096,254.7500,4,40.2314,346,0
531,31.2700,32.0938,4096,254.7500,4,40.2314,347,0
532,31.2700,32.0938,4096,254.7500,4,40.2314,347,0
533,31.9373,31.8438,4096,330.2500,5,45.3388,348,0
534,31.9373,31.8438,4096,330.2500,5,45.3388,349,0
535,31.9373,31.8438,4096,330.2500,5,45.3388,350,0
536,31.9373,31.8438,4096,330.2500,5,45.3388,351,0
537,31.9373,31.8438,4096,330.2500,5,45.3388,352,0
538,31.9373,31.8438,4096,330.2500,5,45.3388,352,0
539,31.9373,31.8438,4096,330.2500,5,45.3388,353,0
540,31.9373,31.8438,4096,330.2500,5,45.3388,354,0
541,31.9373,31.8438,4096,330.2500,5,45.3388,354,0
542,31.9373,31.8438,4096,330.2500,5,45.3388,355,0
543,31.9373,31.8438,4096,330.2500,5,45.3388,356,0
544,31.9373,31.8438,4096,330.2500,5,45.3388,356,0
545,31.9373,31.8438,4096,330.2500,5,45.3388,357,0
546,31.9373,31.8438,4096,330.2500,5,45.3388,358,0
547,31.9373,31.8438,4096,330.2500,5,45.3388,358,0
548,31.9373,31.8438,4096,330.2500,5,45.3388,359,0
549,31.9373,31.8438,4096,330.2500,5,45.3388,360,0
550,31.9373,31.8438,4096,330.2500,5,45.3388,361,0
551,31.9373,31.8438,4096,330.2500,5,45.3388,361,0
552,31.9373,31.8438,4096,330.2500,5,45.3388,361,0
553,31.9373,31.8438,4096,330.2500,5,45.3388,361,0
554,31.9373,31.8438,4096,330.2500,5,45.3388,361,0
555,31.9373,31.8438,4096,330.2500,5,45.3388,362,0
556,31.9373,31.8438,4096,330.2500,5,45.3388,363,0
557,31.9373,31.8438,4096,330.2500,5,45.3388,364,0
558,31.9373,31.8438,4096,330.2500,5,45.3388,365,0
559,31.9373,31.8438,4096,330.2500,5,45.3388,365,0
560,31.9373,31.8438,4096,330.2500,5,45.3388,366,0
561,31.9373,31.8438,4096,330.2500,5,45.3388,367,0
562,31.9373,31.8438,4096,330.2500,5,45.3388,367,0
563,31.9373,31.8438,4096,330.2500,5,45.3388,367,0
564,31.9373,31.8438,4096,330.2500,5,45.3388,368,0
565,31.9373,31.8438,4096,330.2500,5,45.3388,369,0
566,31.9373,31.8438,4096,330.2500,5,45.3388,370,0
567,31.9373,31.8438,4096,330.2500,5,45.3388,371,0
568,31.9373,31.8438,4096,330.2500,5,45.3388,372,0
569,31.9373,31.8438,4096,330.2500,5,45.3388,372,0
570,31.9373,31.8438,4096,330.2500,5,45.3388,373,0
571,31.9373,31.8438,4096,330.2500,5,45.3388,374,0
572,31.9373,31.8438,4096,330.2500,5,45.3388,374,0
573,31.9583,32.0000,4096,217.3750,6,46.5825,375,1
574,31.9583,32.0000,4096,217.3750,6,46.5825,375,1
575,31.9583,32.0000,4096,217.3750,6,46.5825,375,1
576,31.9583,32.0000,4096,217.3750,6,46.5825,375,1
577,31.9583,32.0000,4096,217.3750,6,46.5825,376,1
578,31.9583,32.0000,4096,217.3750,6,46.5825,376,1
579,31.9583,32.0000,4096,217.3750,6,46.5825,376,1
580,31.9583,32.0000,4096,217.3750,6,46.5825,376,1
581,31.9583,32.0000,4096,217.3750,6,46.5825,377,1
582,31.9583,32.0000,4096,217.3750,6,46.5825,378,1
583,31.9583,32.0000,4096,217.3750,6,46.5825,379,1
584,31.9583,32.0000,4096,217.3750,6,46.5825,379,1
585,31.9583,32.0000,4096,217.3750,6,46.5825,379,1
586,31.9583,32.0000,4096,217.3750,6,46.5825,379,1
587,31.9583,32.0000,4096,217.3750,6,46.5825,380,1
588,31.9583,32.0000,4096,217.3750,6,46.5825,381,1
589,31.9583,32.0000,4096,217.3750,6,46.5825,382,1
590,31.9583,32.0000,4096,217.3750,6,46.5825,383,1
591,31.9583,32.0000,4096,217.3750,6,46.5825,384,1
592,31.9583,32.0000,4096,217.3750,6,46.5825,385,1
593,31.9583,32.0000,4096,217.3750,6,46.5825,386,1
594,31.9583,32.0000,4096,217.3750,6,46.5825,386,1
595,31.9583,32.0000,4096,217.3750,6,46.5825,387,1
596,31.9583,32.0000,4096,217.3750,6,46.5825,388,1
597,31.9583,32.0000,4096,217.3750,6,46.5825,388,1
598,31.9583,32.0000,4096,217.3750,6,46.5825,389,1
599,31.9583,32.0000,4096,217.3750,6,46.5825,390,1
600,31.9583,32.0000,4096,217.3750,6,46.5825,391,1
601,31.9583,32.0000,4096,217.3750,6,46.5825,392,1
602,31.9583,32.0000,4096,217.3750,6,46.5825,393,1
603,31.9583,32.0000,4096,217.3750,6,46.5825,394,1
604,31.9583,32.0000,4096,217.3750,6,46.5825,394,1
605,31.9583,32.0000,4096,217.3750,6,46.5825,395,1
606,31.9583,32.0000,4096,217.3750,6,46.5825,396,1
607,31.9583,32.0000,4096,217.3750,6,46.5825,397,1
608,31.9583,32.0000,4096,217.3750,6,46.5825,397,1
609,31.9583,32.0000,4096,217.3750,6,46.5825,398,1
610,31.9583,32.0000,4096,217.3750,6,46.5825,399,1
611,31.9583,32.0000,4096,217.3750,6,46.5825,399,1
612,31.9583,32.0000,4096,217.3750,6,46.5825,400,1
613,31.9583,32.0000,4096,217.3750,6,46.5825,401,1
614,31.9583,32.0000,4096,217.3750,6,46.5825,402,1
615,31.9583,32.0000,4096,217.3750,6,46.5825,402,1
616,31.9583,32.0000,4096,217.3750,6,46.5825,402,1
617,31.9583,32.0000,4096,217.3750,6,46.5825,403,1
618,31.9583,32.0000,4096,217.3750,6,46.5825,404,1
619,31.9583,32.0000,4096,217.3750,6,46.5825,405,1
620,31.9583,32.0000,4096,217.3750,6,46.5825,405,1
621,31.9583,32.0000,4096,217.3750,6,46.5825,406,1
622,31.9583,32.0000,4096,217.3750,6,46.5825,407,1
623,31.9583,32.0000,4096,217.3750,6,46.5825,407,1
624,31.9583,32.0000,4096,217.3750,6,46.5825,408,1
625,31.9583,32.0000,4096,217.3750,6,46.5825,408,1
626,31.9583,32.0000,4096,217.3750,6,46.5825,408,1
627,31.9583,32.0000,4096,217.3750,6,46.5825,409,1
628,31.9583,32.0000,4096,217.3750,6,46.5825,410,1
629,31.9583,32.0000,4096,217.3750,6,46.5825,411,1
630,31.9583,32.0000,4096,217.3750,6,46.5825,412,1
631,31.9583,32.0000,4096,217.3750,6,46.5825,413,1
632,31.9583,32.0000,4096,217.3750,6,46.5825,414,1
633,31.9583,32.0000,4096,217.3750,6,46.5825,414,1
634,31.9583,32.0000,4096,217.3750,6,46.5825,415,1
635,31.9583,32.0000,4096,217.3750,6,46.5825,415,1
636,31.9583,32.0000,4096,217.3750,6,46.5825,416,1
637,31.9583,32.0000,4096,217.3750,6,46.5825,416,1
638,31.9583,32.0000,4096,217.3750,6,46.5825,416,1
639,31.9583,32.0000,4096,217.3750,6,46.5825,416,1
640,31.9583,32.0000,4096,217.3750,6,46.5825,417,1
641,31.9583,32.0000,4096,217.3750,6,46.5825,417,1
642,31.9583,32.0000,4096,217.3750,6,46.5825,418,1
643,31.9583,32.0000,4096,217.3750,6,46.5825,419,1
644,31.9583,32.0000,4096,217.3750,6,46.5825,419,1
645,31.9583,32.0000,4096,217.3750,6,46.5825,420,1
646,31.9583,32.0000,4096,217.3750,6,46.5825,420,1
647,31.9583,32.0000,4096,217.3750,6,46.5825,421,1
648,31.9583,32.0000,4096,217.3750,6,46.5825,421,1
649,31.9583,32.0000,4096,217.3750,6,46.5825,421,1
650,31.9583,32.0000,4096,217.3750,6,46.5825,422,1
651,31.9583,32.0000,4096,217.3750,6,46.5825,423,1
652,31.9583,32.0000,4096,217.3750,6,46.5825,424,1
653,31.9583,32.0000,4096,217.3750,6,46.5825,424,1
654,31.9583,32.0000,4096,217.3750,6,46.5825,425,1
655,31.9583,32.0000,4096,217.3750,6,46.5825,426,1
656,31.9583,32.0000,4096,217.3750,6,46.5825,426,1
657,31.9583,32.0000,4096,217.3750,6,46.5825,426,1
658,31.9583,32.0000,4096,217.3750,6,46.5825,426,1
659,31.9583,32.0000,4096,217.3750,6,46.5825,427,1
660,31.9583,32.0000,4096,217.3750,5,47.0825,428,1
661,31.9583,32.0000,4096,217.3750,5,47.0825,428,1
662,31.9583,32.0000,4096,217.3750,5,47.0825,428,1
663,31.9583,32.0000,4096,217.3750,5,47.0825,428,1
664,31.9583,32.0000,4096,217.3750,5,47.0825,429,1
665,31.9583,32.0000,4096,217.3750,5,47.0825,429,1
666,31.9583,32.0000,4096,217.3750,5,47.0825,429,1
667,31.9583,32.0000,4096,217.3750,5,47.0825,430,1
668,31.9583,32.0000,4096,217.3750,5,47.0825,431,1
669,31.9583,32.0000,4096,217.3750,5,47.0825,431,1
670,31.9583,32.0000,4096,217.3750,5,47.0825,432,1
671,31.9583,32.0000,4096,217.3750,5,47.0825,432,1
672,31.9583,32.0000,4096,217.3750,5,47.0825,432,1
673,31.9583,32.0000,4096,217.3750,5,47.0825,432,1
674,31.9583,32.0000,4096,217.3750,5,47.0825,432,1
675,31.9583,32.0000,4096,217.3750,5,47.0825,432,1
676,31.9583,32.0000,4096,217.3750,5,47.0825,433,1
677,31.9583,32.0000,4096,217.3750,5,47.0825,433,1
678,31.9583,32.0000,4096,217.3750,5,47.0825,433,1
679,31.9583,32.0000,4096,217.3750,5,47.0825,433,1
680,31.9583,32.0000,4096,217.3750,5,47.0825,434,1
681,31.9583,32.0000,4096,217.3750,5,47.0825,434,1
682,31.9583,32.0000,4096,217.3750,5,47.0825,434,1
683,31.9583,32.0000,4096,217.3750,5,47.0825,435,1
684,31.9583,32.0000,4096,217.3750,5,47.0825,435,1
685,31.9583,32.0000,4096,217.3750,5,47.0825,436,1
686,31.9583,32.0000,4096,217.3750,5,47.0825,436,1
687,31.9583,32.0000,4096,217.3750,5,47.0825,436,1
688,31.9583,32.0000,4096,217.3750,5,47.0825,437,1
689,31.9583,32.0000,4096,217.3750,5,47.0825,437,1
690,31.9583,32.0000,4096,217.3750,5,47.0825,438,1
691,31.9583,32.0000,4096,217.3750,5,47.0825,439,1
692,31.9583,32.0000,4096,217.3750,5,47.0825,440,1
693,31.9583,32.0000,4096,217.3750,5,47.0825,440,1
694,31.9583,32.0000,4096,217.3750,5,47.0825,441,1
695,31.9583,32.0000,4096,217.3750,5,47.0825,441,1
696,31.9583,32.0000,4096,217.3750,5,47.0825,441,1
697,31.9583,32.0000,4096,217.3750,5,47.0825,442,1
698,31.9583,32.0000,4096,217.3750,5,47.0825,443,1
699,31.9583,32.0000,4096,217.3750,5,47.0825,443,1
700,31.9583,32.0000,4096,217.3750,5,47.0825,443,1
701,31.9583,32.0000,4096,217.3750,5,47.0825,443,1
702,31.9583,32.0000,4096,217.3750,5,47.0825,443,1
703,31.9583,32.0000,4096,217.3750,5,47.0825,443,1
704,31.9583,32.0000,4096,217.3750,5,47.0825,444,1
705,31.9583,32.0000,4096,217.3750,5,47.0825,445,1
706,31.9583,32.0000,4096,217.3750,5,47.0825,445,1
707,31.9583,32.0000,4096,217.3750,5,47.0825,446,1
708,31.9583,32.0000,4096,217.3750,5,47.0825,447,1
709,31.9583,32.0000,4096,217.3750,5,47.0825,447,1
710,31.9583,32.0000,4096,217.3750,5,47.0825,448,1
711,31.9583,32.0000,4096,217.3750,5,47.0825,449,1
712,31.9583,32.0000,4096,217.3750,5,47.0825,449,1
713,31.9583,32.0000,4096,217.3750,5,47.0825,450,1
714,31.9583,32.0000,4096,217.3750,5,47.0825,450,1
715,31.9583,32.0000,4096,217.3750,5,47.0825,450,1
716,31.9583,32.0000,4096,217.3750,5,47.0825,451,1
717,31.9583,32.0000,4096,217.3750,5,47.0825,452,1
718,31.9583,32.0000,4096,217.3750,5,47.0825,452,1
719,31.9583,32.0000,4096,217.3750,5,47.0825,453,1
720,31.9583,32.0000,4096,217.3750,5,47.0825,453,1
721,31.9583,32.0000,4096,217.3750,5,47.0825,453,1
722,31.9583,32.0000,4096,217.3750,5,47.0825,453,1
723,31.9583,32.0000,4096,217.3750,5,47.0825,453,1
724,31.9583,32.0000,4096,217.3750,5,47.0825,453,1
725,31.9583,32.0000,4096,217.3750,5,47.0825,454,1
726,31.9583,32.0000,4096,217.3750,5,47.0825,455,1
727,31.9583,32.0000,4096,217.3750,5,47.0825,455,1
728,31.9583,32.0000,4096,217.3750,5,47.0825,456,1
729,31.9583,32.0000,4096,217.3750,5,47.0825,457,1
730,31.9583,32.0000,4096,217.3750,5,47.0825,458,1
731,31.9583,32.0000,4096,217.3750,5,47.0825,458,1
732,31.9583,32.0000,4096,217.3750,5,47.0825,458,1
733,31.9583,32.0000,4096,217.3750,5,47.0825,459,1
734,31.9583,32.0000,4096,217.3750,5,47.0825,460,1
735,31.9583,32.0000,4096,217.3750,5,47.0825,461,1
736,31.9583,32.0000,4096,217.3750,5,47.0825,461,1
737,31.9583,32.0000,4096,217.3750,5,47.0825,461,1
738,31.9583,32.0000,4096,217.3750,5,47.0825,461,1
739,31.9583,32.0000,4096,217.3750,5,47.0825,461,1
740,31.9583,32.0000,4096,217.3750,5,47.0825,462,1
741,31.9583,32.0000,4096,217.3750,5,47.0825,463,1
742,31.9583,32.0000,4096,217.3750,5,47.0825,464,1
743,31.9583,32.0000,4096,217.3750,5,47.0825,465,1
744,31.9583,32.0000,4096,217.3750,5,47.0825,466,1
745,31.9583,32.0000,4096,217.3750,5,47.0825,467,1
746,31.9583,32.0000,4096,217.3750,5,47.0825,468,1
747,31.9583,32.0000,4096,217.3750,5,47.0825,469,1
748,31.9583,32.0000,4096,217.3750,5,47.0825,470,1
749,31.9583,32.0000,4096,217.3750,5,47.0825,471,1
750,31.9583,32.0000,4096,217.3750,5,47.0825,471,1
751,31.9583,32.0000,4096,217.3750,5,47.0825,471,1
752,31.9583,32.0000,4096,217.3750,5,47.0825,472,1
753,31.9583,32.0000,4096,217.3750,5,47.0825,473,1
754,31.9583,32.0000,4096,217.3750,5,47.0825,473,1
755,31.9583,32.0000,4096,217.3750,5,47.0825,474,1
756,31.9583,32.0000,4096,217.3750,5,47.0825,474,1
757,31.9583,32.0000,4096,217.3750,5,47.0825,475,1
758,31.9583,32.0000,4096,217.3750,5,47.0825,475,1
759,31.9583,32.0000,4096,217.3750,5,47.0825,475,1
760,31.9583,32.0000,4096,217.3750,5,47.0825,475,1
761,31.9583,32.0000,4096,217.3750,5,47.0825,476,1
762,31.9583,32.0000,4096,217.3750,5,47.0825,477,1
763,31.9583,32.0000,4096,217.3750,5,47.0825,478,1
764,31.9583,32.0000,4096,217.3750,5,47.0825,478,1
765,31.9583,32.0000,4096,217.3750,5,47.0825,479,1
766,31.9583,32.0000,4096,217.3750,5,47.0825,479,1
767,31.9583,32.0000,4096,217.3750,5,47.0825,479,1
768,31.9583,32.0000,4096,217.3750,5,47.0825,479,1
769,31.9583,32.0000,4096,217.3750,5,47.0825,479,1
770,31.9583,32.0000,4096,217.3750,5,47.0825,479,1
771,31.9583,32.0000,4096,217.3750,5,47.0825,480,1
772,31.9583,32.0000,4096,217.3750,5,47.0825,480,1
773,31.9583,32.0000,4096,217.3750,5,47.0825,481,1
774,31.9583,32.0000,4096,217.3750,5,47.0825,481,1
775,31.9583,32.0000,4096,217.3750,5,47.0825,481,1
776,31.9583,32.0000,4096,217.3750,5,47.0825,481,1
777,31.9583,32.0000,4096,217.3750,5,47.0825,482,1
778,31.9583,32.0000,4096,217.3750,5,47.0825,483,1
779,31.9583,32.0000,4096,217.3750,5,47.0825,484,1
780,31.9583,32.0000,4096,217.3750,5,47.0825,484,1
781,31.9583,32.0000,4096,217.3750,5,47.0825,485,1
782,31.9583,32.0000,4096,217.3750,5,47.0825,485,1
783,31.9583,32.0000,4096,217.3750,5,47.0825,485,1
784,31.9583,32.0000,4096,217.3750,5,47.0825,485,1
785,31.9583,32.0000,4096,217.3750,5,47.0825,486,1
786,31.9583,32.0000,4096,217.3750,5,47.0825,487,1
787,31.9583,32.0000,4096,217.3750,5,47.0825,487,1
788,31.9583,32.0000,4096,217.3750,5,47.0825,488,1
789,31.9583,32.0000,4096,217.3750,5,47.0825,488,1
790,31.9583,32.0000,4096,217.3750,5,47.0825,488,1
791,31.9583,32.0000,4096,217.3750,5,47.0825,489,1
792,31.9583,32.0000,4096,217.3750,5,47.0825,490,1
793,31.9583,32.0000,4096,217.3750,5,47.0825,490,1
794,31.9583,32.0000,4096,217.3750,5,47.0825,491,1
795,31.9583,32.0000,4096,217.3750,5,47.0825,491,1
796,31.9583,32.0000,4096,217.3750,5,47.0825,491,1
797,31.9583,32.0000,4096,217.3750,5,47.0825,492,1
798,31.9583,32.0000,4096,217.3750,5,47.0825,493,1
799,31.9583,32.0000,4096,217.3750,5,47.0825,494,1
800,31.9583,32.0000,4096,217.3750,5,47.0825,495,1
801,31.9583,32.0000,4096,217.3750,5,47.0825,496,1
802,31.9583,32.0000,4096,217.3750,5,47.0825,496,1
803,31.9583,32.0000,4096,217.3750,5,47.0825,497,1
804,31.9583,32.0000,4096,217.3750,5,47.0825,497,1
805,31.9583,32.0000,4096,217.3750,5,47.0825,497,1
806,31.9583,32.0000,4096,217.3750,5,47.0825,497,1
807,31.9583,32.0000,4096,217.3750,5,47.0825,497,1
808,31.9583,32.0000,4096,217.3750,5,47.0825,497,1
809,31.9583,32.0000,4096,217.3750,5,47.0825,497,1
810,31.9583,32.0000,4096,217.3750,5,47.0825,497,1
811,31.9583,32.0000,4096,217.3750,5,47.0825,497,1
812,31.9583,32.0000,4096,217.3750,5,47.0825,498,1
813,31.9583,32.0000,4096,217.3750,5,47.0825,499,1
814,31.9583,32.0000,4096,217.3750,5,47.0825,500,1
815,31.9583,32.0000,4096,217.3750,5,47.0825,501,1
816,31.9583,32.0000,4096,217.3750,5,47.0825,502,1
817,31.9583,32.0000,4096,217.3750,5,47.0825,502,1
818,31.9583,32.0000,4096,217.3750,5,47.0825,502,1
819,31.9583,32.0000,4096,217.3750,5,47.0825,502,1
820,31.9583,32.0000,4096,217.3750,5,47.0825,502,1
821,31.9583,32.0000,4096,217.3750,5,47.0825,502,1
822,31.9583,32.0000,4096,217.3750,5,47.0825,502,1
823,31.9583,32.0000,4096,217.3750,5,47.0825,503,1
824,31.9583,32.0000,4096,217.3750,5,47.0825,504,1
825,31.9583,32.0000,4096,217.3750,5,47.0825,505,1
826,31.9583,32.0000,4096,217.3750,5,47.0825,505,1
827,31.9583,32.0000,4096,217.3750,5,47.0825,505,1
828,31.9583,32.0000,4096,217.3750,5,47.0825,505,1
829,31.9583,32.0000,4096,217.3750,5,47.0825,506,1
830,31.9583,32.0000,4096,217.3750,5,47.0825,506,1
831,31.9583,32.0000,4096,217.3750,5,47.0825,507,1
832,31.9583,32.0000,4096,217.3750,5,47.0825,507,1
833,31.9583,32.0000,4096,217.3750,5,47.0825,507,1
834,31.9583,32.0000,4096,217.3750,5,47.0825,508,1
835,31.9583,32.0000,4096,217.3750,5,47.0825,508,1
836,31.9583,32.0000,4096,217.3750,5,47.0825,508,1
837,31.9583,32.0000,4096,217.3750,5,47.0825,508,1
838,31.9583,32.0000,4096,217.3750,5,47.0825,509,1
839,31.9583,32.0000,4096,217.3750,5,47.0825,509,1
840,31.9583,32.0000,4096,217.3750,5,47.0825,509,1
841,31.9583,32.0000,4096,217.3750,5,47.0825,510,1
842,31.9583,32.0000,4096,217.3750,5,47.0825,511,1
843,31.9583,32.0000,4096,217.3750,5,47.0825,512,1
844,31.9583,32.0000,4096,217.3750,5,47.0825,512,1
845,31.9583,32.0000,4096,217.3750,5,47.0825,513,1
846,31.9583,32.0000,4096,217.3750,5,47.0825,514,1
847,31.9583,32.0000,4096,217.3750,5,47.0825,515,1
848,31.9583,32.0000,4096,217.3750,5,47.0825,515,1
849,31.9583,32.0000,4096,217.3750,5,47.0825,516,1
850,31.9583,32.0000,4096,217.3750,5,47.0825,517,1
851,31.9583,32.0000,4096,217.3750,5,47.0825,517,1
852,31.9583,32.0000,4096,217.3750,5,47.0825,518,1
853,31.9583,32.0000,4096,217.3750,5,47.0825,518,1
854,31.9583,32.0000,4096,217.3750,5,47.0825,519,1
855,31.9583,32.0000,4096,217.3750,5,47.0825,520,1
856,31.9583,32.0000,4096,217.3750,5,47.0825,520,1
857,31.9583,32.0000,4096,217.3750,5,47.0825,520,1
858,31.9583,32.0000,4096,217.3750,5,47.0825,521,1
859,31.9583,32.0000,4096,217.3750,5,47.0825,521,1
860,31.9583,32.0000,4096,217.3750,5,47.0825,522,1
861,31.9583,32.0000,4096,217.3750,5,47.0825,522,1
862,31.9583,32.0000,4096,217.3750,5,47.0825,522,1
863,31.9583,32.0000,4096,217.3750,5,47.0825,522,1
864,31.9583,32.0000,4096,217.3750,5,47.0825,522,1
865,31.9583,32.0000,4096,217.3750,5,47.0825,522,1
866,31.9583,32.0000,4096,217.3750,5,47.0825,522,1
867,31.9583,32.0000,4096,217.3750,5,47.0825,523,1
868,31.9583,32.0000,4096,217.3750,5,47.0825,523,1
869,31.9583,32.0000,4096,217.3750,5,47.0825,524,1
870,31.9583,32.0000,4096,217.3750,5,47.0825,525,1
871,31.9583,32.0000,4096,217.3750,5,47.0825,525,1
872,31.9583,32.0000,4096,217.3750,5,47.0825,526,1
873,31.9583,32.0000,4096,217.3750,5,47.0825,526,1
874,31.9583,32.0000,4096,217.3750,5,47.0825,527,1
875,31.9583,32.0000,4096,217.3750,5,47.0825,527,1
876,31.9583,32.0000,4096,217.3750,5,47.0825,527,1
877,31.9583,32.0000,4096,217.3750,5,47.0825,528,1
878,31.9583,32.0000,4096,217.3750,5,47.0825,529,1
879,31.9583,32.0000,4096,217.3750,5,47.0825,530,1
880,31.9583,32.0000,4096,217.3750,5,47.0825,531,1
881,31.9583,32.0000,4096,217.3750,5,47.0825,531,1
882,31.9583,32.0000,4096,217.3750,5,47.0825,531,1
883,31.9583,32.0000,4096,217.3750,5,47.0825,532,1
884,31.9583,32.0000,4096,217.3750,5,47.0825,533,1
885,31.9583,32.0000,4096,217.3750,5,47.0825,534,1
886,31.9583,32.0000,4096,217.3750,5,47.0825,535,1
887,31.9583,32.0000,4096,217.3750,5,47.0825,535,1
888,31.9583,32.0000,4096,217.3750,5,47.0825,535,1
889,31.9583,32.0000,4096,217.3750,5,47.0825,536,1
890,31.9583,32.0000,4096,217.3750,5,47.0825,536,1
891,31.9583,32.0000,4096,217.3750,5,47.0825,537,1
892,31.9583,32.0000,4096,217.3750,5,47.0825,538,1
893,31.9583,32.0000,4096,217.3750,5,47.0825,538,1
894,31.9583,32.0000,4096,217.3750,5,47.0825,539,1
895,31.9583,32.0000,4096,217.3750,5,47.0825,540,1
896,31.9583,32.0000,4096,217.3750,5,47.0825,540,1
897,31.9583,32.0000,4096,217.3750,5,47.0825,541,1
898,31.9583,32.0000,4096,217.3750,5,47.0825,542,1
899,31.9583,32.0000,4096,217.3750,5,47.0825,543,1
900,31.9583,32.0000,4096,217.3750,5,47.0825,543,1
901,31.9583,32.0000,4096,217.3750,5,47.0825,543,1
902,31.9583,32.0000,4096,217.3750,5,47.0825,543,1
903,31.9583,32.0000,4096,217.3750,5,47.0825,543,1
904,31.9583,32.0000,4096,217.3750,5,47.0825,544,1
905,31.9583,32.0000,4096,217.3750,5,47.0825,544,1
906,31.9583,32.0000,4096,217.3750,5,47.0825,544,1
907,31.9583,32.0000,4096,217.3750,5,47.0825,544,1
908,31.9583,32.0000,4096,217.3750,5,47.0825,544,1
909,31.9583,32.0000,4096,217.3750,5,47.0825,545,1
910,31.9583,32.0000,4096,217.3750,5,47.0825,546,1
911,31.9583,32.0000,4096,217.3750,5,47.0825,546,1
912,31.9583,32.0000,4096,217.3750,5,47.0825,547,1
913,31.9583,32.0000,4096,217.3750,5,47.0825,548,1
914,31.9583,32.0000,4096,217.3750,5,47.0825,548,1
915,31.9583,32.0000,4096,217.3750,5,47.0825,548,1
916,31.9583,32.0000,4096,217.3750,5,47.0825,548,1
917,31.9583,32.0000,4096,217.3750,5,47.0825,548,1
918,31.9583,32.0000,4096,217.3750,5,47.0825,548,1
919,31.9583,32.0000,4096,217.3750,5,47.0825,549,1
920,31.9583,32.0000,4096,217.3750,5,47.0825,549,1
921,31.9583,32.0000,4096,217.3750,5,47.0825,550,1
922,31.9583,32.0000,4096,217.3750,5,47.0825,550,1
923,31.9583,32.0000,4096,217.3750,5,47.0825,551,1
924,31.9583,32.0000,4096,217.3750,5,47.0825,551,1
925,31.9583,32.0000,4096,217.3750,5,47.0825,552,1
926,31.9583,32.0000,4096,217.3750,5,47.0825,552,1
927,31.9583,32.0000,4096,217.3750,5,47.0825,552,1
928,31.9583,32.0000,4096,217.3750,5,47.0825,552,1
929,31.9583,32.0000,4096,217.3750,5,47.0825,553,1
930,31.9583,32.0000,4096,217.3750,5,47.0825,554,1
931,31.9583,32.0000,4096,217.3750,5,47.0825,555,1
932,31.9583,32.0000,4096,217.3750,5,47.0825,556,1
933,31.9583,32.0000,4096,217.3750,5,47.0825,557,1
934,31.9583,32.0000,4096,217.3750,5,47.0825,557,1
935,31.9583,32.0000,4096,217.3750,5,47.0825,558,1
936,31.9583,32.0000,4096,217.3750,5,47.0825,558,1
937,31.9583,32.0000,4096,217.3750,5,47.0825,558,1
938,31.9583,32.0000,4096,217.3750,5,47.0825,558,1
939,31.9583,32.0000,4096,217.3750,5,47.0825,559,1
940,31.9583,32.0000,4096,217.3750,5,47.0825,559,1
941,31.9583,32.0000,4096,217.3750,5,47.0825,559,1
942,31.9583,32.0000,4096,217.3750,5,47.0825,559,1
943,31.9583,32.0000,4096,217.3750,5,47.0825,560,1
944,31.9583,32.0000,4096,217.3750,5,47.0825,560,1
945,31.9583,32.0000,4096,217.3750,5,47.0825,560,1
946,31.9583,32.0000,4096,217.3750,5,47.0825,561,1
947,31.9583,32.0000,4096,217.3750,5,47.0825,562,1
948,31.9583,32.0000,4096,217.3750,5,47.0825,563,1
949,31.9583,32.0000,4096,217.3750,5,47.0825,563,1
950,31.9583,32.0000,4096,217.3750,5,47.0825,563,1
951,31.9583,32.0000,4096,217.3750,5,47.0825,563,1
952,31.9583,32.0000,4096,217.3750,5,47.0825,563,1
953,31.9583,32.0000,4096,217.3750,5,47.0825,564,1
954,31.9583,32.0000,4096,217.3750,5,47.0825,565,1
955,31.9583,32.0000,4096,217.3750,5,47.0825,566,1
956,31.9583,32.0000,4096,217.3750,5,47.0825,567,1
957,31.9583,32.0000,4096,217.3750,5,47.0825,568,1
958,31.9583,32.0000,4096,217.3750,5,47.0825,569,1
959,31.9583,32.0000,4096,217.3750,5,47.0825,569,1
960,31.9583,32.0000,4096,217.3750,5,47.0825,570,1
961,31.9583,32.0000,4096,217.3750,5,47.0825,570,1
962,31.9583,32.0000,4096,217.3750,5,47.0825,570,1
963,31.9583,32.0000,4096,217.3750,5,47.0825,570,1
964,31.9583,32.0000,4096,217.3750,5,47.0825,571,1
965,31.9583,32.0000,4096,217.3750,5,47.0825,571,1
966,31.9583,32.0000,4096,217.3750,5,47.0825,572,1
967,31.9583,32.0000,4096,217.3750,5,47.0825,573,1
968,31.9583,32.0000,4096,217.3750,5,47.0825,573,1
969,31.9583,32.0000,4096,217.3750,5,47.0825,573,1
970,31.9583,32.0000,4096,217.3750,5,47.0825,574,1
971,31.9583,32.0000,4096,217.3750,5,47.0825,575,1
972,31.9583,32.0000,4096,217.3750,5,47.0825,576,1
973,31.9583,32.0000,4096,217.3750,5,47.0825,577,1
974,31.9583,32.0000,4096,217.3750,5,47.0825,578,1
975,31.9583,32.0000,4096,217.3750,5,47.0825,578,1
976,31.9583,32.0000,4096,217.3750,5,47.0825,579,1
977,31.9583,32.0000,4096,217.3750,5,47.0825,579,1
978,31.9583,32.0000,4096,217.3750,5,47.0825,579,1
979,31.9583,32.0000,4096,217.3750,5,47.0825,579,1
980,31.9583,32.0000,4096,217.3750,5,47.0825,580,1
981,31.9583,32.0000,4096,217.3750,5,47.0825,580,1
982,31.9583,32.0000,4096,217.3750,5,47.0825,581,1
983,31.9583,32.0000,4096,217.3750,5,47.0825,582,1
984,31.9583,32.0000,4096,217.3750,5,47.0825,583,1
985,31.9583,32.0000,4096,217.3750,5,47.0825,584,1
986,31.9583,32.0000,4096,217.3750,5,47.0825,585,1
987,31.9583,32.0000,4096,217.3750,5,47.0825,586,1
988,31.9583,32.0000,4096,217.3750,5,47.0825,587,1
989,31.9583,32.0000,4096,217.3750,5,47.0825,588,1
990,31.9583,32.0000,4096,217.3750,5,47.0825,589,1
991,31.9583,32.0000,4096,217.3750,5,47.0825,589,1
992,31.9583,32.0000,4096,217.3750,5,47.0825,589,1
993,31.9583,32.0000,4096,217.3750,5,47.0825,590,1
994,31.9583,32.0000,4096,217.3750,5,47.0825,590,1
995,31.9583,32.0000,4096,217.3750,5,47.0825,590,1
996,31.9583,32.0000,4096,217.3750,5,47.0825,591,1
997,31.9583,32.0000,4096,217.3750,5,47.0825,592,1
998,31.9583,32.0000,4096,217.3750,5,47.0825,593,1
999,31.9583,32.0000,4096,217.3750,5,47.0825,593,1
1000,31.9583,32.0000,4096,217.3750,5,47.0825,593,1
1001,31.9583,32.0000,4096,217.3750,5,47.0825,594,1
1002,31.9583,32.0000,4096,217.3750,5,47.0825,594,1
1003,31.9583,32.0000,4096,217.3750,5,47.0825,594,1
1004,31.9583,32.0000,4096,217.3750,5,47.0825,595,1
1005,31.9583,32.0000,4096,217.3750,5,47.0825,595,1
1006,31.9583,32.0000,4096,217.3750,5,47.0825,595,1
1007,31.9583,32.0000,4096,217.3750,5,47.0825,596,1
1008,31.9583,32.0000,4096,217.3750,5,47.0825,596,1
1009,31.9583,32.0000,4096,217.3750,5,47.0825,596,1
1010,31.9583,32.0000,4096,217.3750,5,47.0825,597,1
1011,31.9583,32.0000,4096,217.3750,5,47.0825,597,1
1012,31.9583,32.0000,4096,217.3750,5,47.0825,597,1
1013,31.9583,32.0000,4096,217.3750,5,47.0825,598,1
1014,31.9583,32.0000,4096,217.3750,5,47.0825,598,1
1015,31.9583,32.0000,4096,217.3750,5,47.0825,598,1
1016,31.9583,32.0000,4096,217.3750,5,47.0825,599,1
1017,31.9583,32.0000,4096,217.3750,5,47.0825,600,1
1018,31.9583,32.0000,4096,217.3750,5,47.0825,600,1
1019,31.9583,32.0000,4096,217.3750,5,47.0825,600,1
1020,31.9583,32.0000,4096,217.3750,5,47.0825,600,1
1021,31.9583,32.0000,4096,217.3750,5,47.0825,600,1
1022,31.9583,32.0000,4096,217.3750,5,47.0825,600,1
1023,31.9583,32.0000,4096,217.3750,5,47.0825,600,1
1024,31.9583,32.0000,4096,217.3750,5,47.0825,601,1
1025,31.9583,32.0000,4096,217.3750,5,47.0825,601,1
1026,31.9583,32.0000,4096,217.3750,5,47.0825,601,1
1027,31.9583,32.0000,4096,217.3750,5,47.0825,601,1
1028,31.9583,32.0000,4096,217.3750,5,47.0825,602,1
1029,31.9583,32.0000,4096,217.3750,5,47.0825,603,1
1030,31.9583,32.0000,4096,217.3750,5,47.0825,603,1
1031,31.9583,32.0000,4096,217.3750,5,47.0825,603,1
1032,31.9583,32.0000,4096,217.3750,5,47.0825,603,1
1033,31.9583,32.0000,4096,217.3750,5,47.0825,603,1
1034,31.9583,32.0000,4096,217.3750,5,47.0825,603,1
1035,31.9583,32.0000,4096,217.3750,5,47.0825,603,1
1036,31.9583,32.0000,4096,217.3750,5,47.0825,603,1
1037,31.9583,32.0000,4096,217.3750,5,47.0825,603,1
1038,31.9583,32.0000,4096,217.3750,5,47.0825,603,1
1039,31.9583,32.0000,4096,217.3750,5,47.0825,604,1
1040,31.9583,32.0000,4096,217.3750,5,47.0825,605,1
1041,31.9583,32.0000,4096,217.3750,5,47.0825,605,1
1042,31.9583,32.0000,4096,217.3750,5,47.0825,605,1
1043,31.9583,32.0000,4096,217.3750,5,47.0825,605,1
1044,31.9583,32.0000,4096,217.3750,5,47.0825,605,1
1045,31.9583,32.0000,4096,217.3750,5,47.0825,606,1
1046,31.9583,32.0000,4096,217.3750,5,47.0825,606,1
1047,31.9583,32.0000,4096,217.3750,5,47.0825,607,1
1048,31.9583,32.0000,4096,217.3750,5,47.0825,607,1
1049,31.9583,32.0000,4096,217.3750,5,47.0825,607,1
1050,31.9583,32.0000,4096,217.3750,5,47.0825,607,1
1051,31.9583,32.0000,4096,217.3750,5,47.0825,608,1
1052,31.9583,32.0000,4096,217.3750,5,47.0825,609,1
1053,31.9583,32.0000,4096,217.3750,5,47.0825,609,1
1054,31.9583,32.0000,4096,217.3750,5,47.0825,610,1
1055,31.9583,32.0000,4096,217.3750,5,47.0825,611,1
1056,31.9583,32.0000,4096,217.3750,5,47.0825,611,1
1057,31.9583,32.0000,4096,217.3750,5,47.0825,612,1
1058,31.9583,32.0000,4096,217.3750,5,47.0825,612,1
1059,31.9583,32.0000,4096,217.3750,5,47.0825,613,1
1060,31.9583,32.0000,4096,217.3750,5,47.0825,614,1
1061,31.9583,32.0000,4096,217.3750,5,47.0825,614,1
1062,31.9583,32.0000,4096,217.3750,5,47.0825,614,1
1063,31.9583,32.0000,4096,217.3750,5,47.0825,614,1
1064,31.9583,32.0000,4096,217.3750,5,47.0825,614,1
1065,31.9583,32.0000,4096,217.3750,5,47.0825,614,1
1066,31.9583,32.0000,4096,217.3750,5,47.0825,614,1
1067,31.9583,32.0000,4096,217.3750,5,47.0825,614,1
1068,31.9583,32.0000,4096,217.3750,5,47.0825,615,1
1069,31.9583,32.0000,4096,217.3750,5,47.0825,616,1
1070,31.9583,32.0000,4096,217.3750,5,47.0825,617,1
1071,31.9583,32.0000,4096,217.3750,5,47.0825,618,1
1072,31.9583,32.0000,4096,217.3750,5,47.0825,618,1
1073,31.9583,32.0000,4096,217.3750,5,47.0825,618,1
1074,31.9583,32.0000,4096,217.3750,5,47.0825,618,1
1075,31.9583,32.0000,4096,217.3750,5,47.0825,618,1
1076,31.9583,32.0000,4096,217.3750,5,47.0825,619,1
1077,31.9583,32.0000,4096,217.3750,5,47.0825,620,1
1078,31.9583,32.0000,4096,217.3750,5,47.0825,620,1
1079,31.9583,32.0000,4096,217.3750,5,47.0825,621,1
1080,31.9583,32.0000,4096,217.3750,5,47.0825,622,1
1081,31.9583,32.0000,4096,217.3750,5,47.0825,623,1
1082,31.9583,32.0000,4096,217.3750,5,47.0825,623,1
1083,31.9583,32.0000,4096,217.3750,5,47.0825,624,1
1084,31.9583,32.0000,4096,217.3750,5,47.0825,624,1
1085,31.9583,32.0000,4096,217.3750,5,47.0825,625,1
1086,31.9583,32.0000,4096,217.3750,5,47.0825,626,1
1087,31.9583,32.0000,4096,217.3750,5,47.0825,627,1
1088,31.9583,32.0000,4096,217.3750,5,47.0825,627,1
1089,31.9583,32.0000,4096,217.3750,5,47.0825,627,1
1090,31.9583,32.0000,4096,217.3750,5,47.0825,628,1
1091,31.9583,32.0000,4096,217.3750,5,47.0825,628,1
1092,31.9583,32.0000,4096,217.3750,5,47.0825,628,1
1093,31.9583,32.0000,4096,217.3750,5,47.0825,629,1
1094,31.9583,32.0000,4096,217.3750,5,47.0825,630,1
1095,31.9583,32.0000,4096,217.3750,5,47.0825,630,1
1096,31.9583,32.0000,4096,217.3750,5,47.0825,630,1
1097,31.9583,32.0000,4096,217.3750,5,47.0825,631,1
1098,31.9583,32.0000,4096,217.3750,5,47.0825,632,1
1099,31.9583,32.0000,4096,217.3750,5,47.0825,633,1
1100,31.9583,32.0000,4096,217.3750,5,47.0825,633,1
1101,31.9583,32.0000,4096,217.3750,5,47.0825,633,1
1102,31.9583,32.0000,4096,217.3750,5,47.0825,633,1
1103,31.9583,32.0000,4096,217.3750,5,47.0825,633,1
1104,31.9583,32.0000,4096,217.3750,5,47.0825,633,1
1105,31.9583,32.0000,4096,217.3750,5,47.0825,633,1
1106,31.9583,32.0000,4096,217.3750,5,47.0825,633,1
1107,31.9583,32.0000,4096,217.3750,5,47.0825,633,1
1108,31.9583,32.0000,4096,217.3750,5,47.0825,633,1
1109,31.9583,32.0000,4096,217.3750,5,47.0825,633,1
1110,31.9583,32.0000,4096,217.3750,5,47.0825,634,1
1111,31.9583,32.0000,4096,217.3750,5,47.0825,635,1
1112,31.9583,32.0000,4096,217.3750,5,47.0825,635,1
1113,31.9583,32.0000,4096,217.3750,5,47.0825,636,1
1114,31.9583,32.0000,4096,217.3750,5,47.0825,637,1
1115,31.9583,32.0000,4096,217.3750,5,47.0825,637,1
1116,31.9583,32.0000,4096,217.3750,5,47.0825,637,1
1117,31.9583,32.0000,4096,217.3750,5,47.0825,638,1
1118,31.9583,32.0000,4096,217.3750,5,47.0825,638,1
1119,31.9583,32.0000,4096,217.3750,5,47.0825,638,1
1120,31.9583,32.0000,4096,217.3750,5,47.0825,638,1
1121,31.9583,32.0000,4096,217.3750,5,47.0825,639,1
1122,31.9583,32.0000,4096,217.3750,5,47.0825,639,1
1123,31.9583,32.0000,4096,217.3750,5,47.0825,640,1
1124,31.9583,32.0000,4096,217.3750,5,47.0825,640,1
1125,31.9583,32.0000,4096,217.3750,5,47.0825,641,1
1126,31.9583,32.0000,4096,217.3750,5,47.0825,641,1
1127,31.9583,32.0000,4096,217.3750,5,47.0825,641,1
1128,31.9583,32.0000,4096,217.3750,5,47.0825,642,1
1129,31.9583,32.0000,4096,217.3750,5,47.0825,642,1
1130,31.9583,32.0000,4096,217.3750,5,47.0825,642,1
1131,31.9583,32.0000,4096,217.3750,5,47.0825,643,1
1132,31.9583,32.0000,4096,217.3750,5,47.0825,644,1
1133,31.9583,32.0000,4096,217.3750,5,47.0825,644,1
1134,31.9583,32.0000,4096,217.3750,5,47.0825,644,1
1135,31.9583,32.0000,4096,217.3750,5,47.0825,645,1
1136,31.9583,32.0000,4096,217.3750,5,47.0825,646,1
1137,31.9583,32.0000,4096,217.3750,5,47.0825,647,1
1138,31.9583,32.0000,4096,217.3750,5,47.0825,648,1
1139,31.9583,32.0000,4096,217.3750,5,47.0825,649,1
1140,31.9583,32.0000,4096,217.3750,5,47.0825,649,1
1141,31.9583,32.0000,4096,217.3750,5,47.0825,649,1
1142,31.9583,32.0000,4096,217.3750,5,47.0825,650,1
1143,31.9583,32.0000,4096,217.3750,5,47.0825,650,1
1144,31.9583,32.0000,4096,217.3750,5,47.0825,651,1
1145,31.9583,32.0000,4096,217.3750,5,47.0825,652,1
1146,31.9583,32.0000,4096,217.3750,5,47.0825,653,1
1147,31.9583,32.0000,4096,217.3750,5,47.0825,653,1
1148,31.9583,32.0000,4096,217.3750,5,47.0825,654,1
1149,31.9583,32.0000,4096,217.3750,5,47.0825,655,1
1150,31.9583,32.0000,4096,217.3750,5,47.0825,655,1
1151,31.9583,32.0000,4096,217.3750,5,47.0825,655,1
1152,31.9583,32.0000,4096,217.3750,5,47.0825,656,1
1153,31.9583,32.0000,4096,217.3750,5,47.0825,656,1
1154,31.9583,32.0000,4096,217.3750,5,47.0825,657,1
1155,31.9583,32.0000,4096,217.3750,5,47.0825,658,1
1156,31.9583,32.0000,4096,217.3750,5,47.0825,659,1
1157,31.9583,32.0000,4096,217.3750,5,47.0825,660,1
1158,31.9583,32.0000,4096,217.3750,5,47.0825,660,1
1159,31.9583,32.0000,4096,217.3750,5,47.0825,661,1
1160,31.9583,32.0000,4096,217.3750,5,47.0825,661,1
1161,31.9583,32.0000,4096,217.3750,5,47.0825,661,1
1162,31.9583,32.0000,4096,217.3750,5,47.0825,661,1
1163,31.9583,32.0000,4096,217.3750,5,47.0825,661,1
1164,31.9583,32.0000,4096,217.3750,5,47.0825,661,1
1165,31.9583,32.0000,4096,217.3750,5,47.0825,662,1
1166,31.9583,32.0000,4096,217.3750,5,47.0825,662,1
1167,31.9583,32.0000,4096,217.3750,5,47.0825,662,1
1168,31.9583,32.0000,4096,217.3750,5,47.0825,663,1
1169,31.9583,32.0000,4096,217.3750,5,47.0825,663,1
1170,31.9583,32.0000,4096,217.3750,5,47.0825,663,1
1171,31.9583,32.0000,4096,217.3750,5,47.0825,663,1
1172,31.9583,32.0000,4096,217.3750,5,47.0825,663,1
1173,31.9583,32.0000,4096,217.3750,5,47.0825,663,1
1174,31.9583,32.0000,4096,217.3750,5,47.0825,663,1
1175,31.9583,32.0000,4096,217.3750,5,47.0825,663,1
1176,31.9583,32.0000,4096,217.3750,5,47.0825,663,1
1177,31.9583,32.0000,4096,217.3750,5,47.0825,663,1
1178,31.9583,32.0000,4096,217.3750,5,47.0825,663,1
1179,31.9583,32.0000,4096,217.3750,5,47.0825,663,1
1180,31.9583,32.0000,4096,217.3750,5,47.0825,663,1
1181,31.9583,32.0000,4096,217.3750,5,47.0825,664,1
1182,31.9583,32.0000,4096,217.3750,5,47.0825,665,1
1183,31.9583,32.0000,4096,217.3750,5,47.0825,666,1
1184,31.9583,32.0000,4096,217.3750,5,47.0825,666,1
1185,31.9583,32.0000,4096,217.3750,5,47.0825,666,1
1186,31.9583,32.0000,4096,217.3750,5,47.0825,666,1
1187,31.9583,32.0000,4096,217.3750,5,47.0825,667,1
1188,31.9583,32.0000,4096,217.3750,5,47.0825,667,1
1189,31.9583,32.0000,4096,217.3750,5,47.0825,667,1
1190,31.9583,32.0000,4096,217.3750,5,47.0825,668,1
1191,31.9583,32.0000,4096,217.3750,5,47.0825,668,1
1192,31.9583,32.0000,4096,217.3750,5,47.0825,668,1
1193,31.9583,32.0000,4096,217.3750,5,47.0825,668,1
1194,31.9583,32.0000,4096,217.3750,5,47.0825,669,1
1195,31.9583,32.0000,4096,217.3750,5,47.0825,670,1
1196,31.9583,32.0000,4096,217.3750,5,47.0825,670,1
1197,31.9583,32.0000,4096,217.3750,5,47.0825,670,1
1198,31.9583,32.0000,4096,217.3750,5,47.0825,670,1
1199,31.9583,32.0000,4096,217.3750,5,47.0825,670,1
1200,31.9583,32.0000,4096,217.3750,5,47.0825,670,1
1201,31.9583,32.0000,4096,217.3750,5,47.0825,670,1
1202,31.9583,32.0000,4096,217.3750,5,47.0825,671,1
1203,31.9583,32.0000,4096,217.3750,5,47.0825,672,1
1204,31.9583,32.0000,4096,217.3750,5,47.0825,672,1
1205,31.9583,32.0000,4096,217.3750,5,47.0825,673,1
1206,31.9583,32.0000,4096,217.3750,5,47.0825,673,1
1207,31.9583,32.0000,4096,217.3750,5,47.0825,673,1
1208,31.9583,32.0000,4096,217.3750,5,47.0825,674,1
1209,31.9583,32.0000,4096,217.3750,5,47.0825,674,1
1210,31.9583,32.0000,4096,217.3750,5,47.0825,675,1
1211,31.9583,32.0000,4096,217.3750,5,47.0825,675,1
1212,31.9583,32.0000,4096,217.3750,5,47.0825,675,1
1213,31.9583,32.0000,4096,217.3750,5,47.0825,676,1
1214,31.9583,32.0000,4096,217.3750,5,47.0825,676,1
1215,31.9583,32.0000,4096,217.3750,5,47.0825,677,1
1216,31.9583,32.0000,4096,217.3750,5,47.0825,678,1
1217,31.9583,32.0000,4096,217.3750,5,47.0825,678,1
1218,31.9583,32.0000,4096,217.3750,5,47.0825,678,1
1219,31.9583,32.0000,4096,217.3750,5,47.0825,679,1
1220,31.9583,32.0000,4096,217.3750,5,47.0825,680,1
1221,31.9583,32.0000,4096,217.3750,5,47.0825,680,1
1222,31.9583,32.0000,4096,217.3750,5,47.0825,680,1
1223,31.9583,32.0000,4096,217.3750,5,47.0825,681,1
1224,31.9583,32.0000,4096,217.3750,5,47.0825,682,1
1225,31.9583,32.0000,4096,217.3750,5,47.0825,683,1
1226,31.9583,32.0000,4096,217.3750,5,47.0825,684,1
1227,31.9583,32.0000,4096,217.3750,5,47.0825,685,1
1228,31.9583,32.0000,4096,217.3750,5,47.0825,686,1
1229,31.9583,32.0000,4096,217.3750,5,47.0825,687,1
1230,31.9583,32.0000,4096,217.3750,5,47.0825,688,1
1231,31.9583,32.0000,4096,217.3750,5,47.0825,688,1
1232,31.9583,32.0000,4096,217.3750,5,47.0825,689,1
1233,31.9583,32.0000,4096,217.3750,5,47.0825,690,1
1234,31.9583,32.0000,4096,217.3750,5,47.0825,691,1
1235,31.9583,32.0000,4096,217.3750,5,47.0825,692,1
1236,31.9583,32.0000,4096,217.3750,5,47.0825,693,1
1237,31.9583,32.0000,4096,217.3750,5,47.0825,694,1
1238,31.9583,32.0000,4096,217.3750,5,47.0825,695,1
1239,31.9583,32.0000,4096,217.3750,5,47.0825,696,1
1240,31.9583,32.0000,4096,217.3750,5,47.0825,697,1
1241,31.9583,32.0000,4096,217.3750,5,47.0825,697,1
1242,31.9583,32.0000,4096,217.3750,5,47.0825,698,1
1243,31.9583,32.0000,4096,217.3750,5,47.0825,698,1
1244,31.9583,32.0000,4096,217.3750,5,47.0825,699,1
1245,31.9583,32.0000,4096,217.3750,5,47.0825,700,1
1246,31.9583,32.0000,4096,217.3750,5,47.0825,700,1
1247,31.9583,32.0000,4096,217.3750,5,47.0825,700,1
1248,31.9583,32.0000,4096,217.3750,5,47.0825,700,1
1249,31.9583,32.0000,4096,217.3750,5,47.0825,701,1
1250,31.9583,32.0000,4096,217.3750,5,47.0825,701,1
1251,31.9583,32.0000,4096,217.3750,5,47.0825,701,1
1252,31.9583,32.0000,4096,217.3750,5,47.0825,701,1
1253,31.9583,32.0000,4096,217.3750,5,47.0825,701,1
1254,31.9583,32.0000,4096,217.3750,5,47.0825,701,1
1255,31.9583,32.0000,4096,217.3750,5,47.0825,701,1
1256,31.9583,32.0000,4096,217.3750,5,47.0825,701,1
1257,31.9583,32.0000,4096,217.3750,5,47.0825,702,1
1258,31.9583,32.0000,4096,217.3750,5,47.0825,702,1
1259,31.9583,32.0000,4096,217.3750,5,47.0825,703,1
1260,31.9583,32.0000,4096,217.3750,5,47.0825,703,1
1261,31.9583,32.0000,4096,217.3750,5,47.0825,703,1
1262,31.9583,32.0000,4096,217.3750,5,47.0825,703,1
1263,31.9583,32.0000,4096,217.3750,5,47.0825,703,1
1264,31.9583,32.0000,4096,217.3750,5,47.0825,703,1
1265,31.9583,32.0000,4096,217.3750,5,47.0825,703,1
1266,31.9583,32.0000,4096,217.3750,5,47.0825,703,1
1267,31.9583,32.0000,4096,217.3750,5,47.0825,703,1
1268,31.9583,32.0000,4096,217.3750,5,47.0825,703,1
1269,31.9583,32.0000,4096,217.3750,5,47.0825,703,1
1270,31.9583,32.0000,4096,217.3750,5,47.0825,703,1
1271,31.9583,32.0000,4096,217.3750,5,47.0825,703,1
1272,31.9583,32.0000,4096,217.3750,5,47.0825,703,1
1273,31.9583,32.0000,4096,217.3750,5,47.0825,703,1
1274,31.9583,32.0000,4096,217.3750,5,47.0825,704,1
1275,31.9583,32.0000,4096,217.3750,5,47.0825,704,1
1276,31.9583,32.0000,4096,217.3750,5,47.0825,705,1
1277,31.9583,32.0000,4096,217.3750,5,47.0825,705,1
1278,31.9583,32.0000,4096,217.3750,5,47.0825,706,1
1279,31.9583,32.0000,4096,217.3750,5,47.0825,707,1
1280,31.9583,32.0000,4096,217.3750,5,47.0825,708,1
1281,31.9583,32.0000,4096,217.3750,5,47.0825,708,1
1282,31.9583,32.0000,4096,217.3750,5,47.0825,709,1
1283,31.9583,32.0000,4096,217.3750,5,47.0825,709,1
1284,31.9583,32.0000,4096,217.3750,5,47.0825,710,1
1285,31.9583,32.0000,4096,217.3750,5,47.0825,710,1
1286,31.9583,32.0000,4096,217.3750,5,47.0825,710,1
1287,31.9583,32.0000,4096,217.3750,5,47.0825,710,1
1288,31.9583,32.0000,4096,217.3750,5,47.0825,711,1
1289,31.9583,32.0000,4096,217.3750,5,47.0825,711,1
1290,31.9583,32.0000,4096,217.3750,5,47.0825,712,1
1291,31.9583,32.0000,4096,217.3750,5,47.0825,713,1
1292,31.9583,32.0000,4096,217.3750,5,47.0825,714,1
1293,31.9583,32.0000,4096,217.3750,5,47.0825,715,1
1294,31.9583,32.0000,4096,217.3750,5,47.0825,715,1
1295,31.9583,32.0000,4096,217.3750,5,47.0825,716,1
1296,31.9583,32.0000,4096,217.3750,5,47.0825,717,1
1297,31.9583,32.0000,4096,217.3750,5,47.0825,718,1
1298,31.9583,32.0000,4096,217.3750,5,47.0825,719,1
1299,31.9583,32.0000,4096,217.3750,5,47.0825,719,1
1300,31.9583,32.0000,4096,217.3750,5,47.0825,719,1
1301,31.9583,32.0000,4096,217.3750,5,47.0825,720,1
1302,31.9583,32.0000,4096,217.3750,5,47.0825,720,1
1303,31.9583,32.0000,4096,217.3750,5,47.0825,721,1
1304,31.9583,32.0000,4096,217.3750,5,47.0825,721,1
1305,31.9583,32.0000,4096,217.3750,5,47.0825,721,1
1306,31.9583,32.0000,4096,217.3750,5,47.0825,721,1
1307,31.9583,32.0000,4096,217.3750,5,47.0825,722,1
1308,31.9583,32.0000,4096,217.3750,5,47.0825,722,1
1309,31.9583,32.0000,4096,217.3750,5,47.0825,723,1
1310,31.9583,32.0000,4096,217.3750,5,47.0825,724,1
1311,31.9583,32.0000,4096,217.3750,5,47.0825,725,1
1312,31.9583,32.0000,4096,217.3750,5,47.0825,726,1
1313,31.9583,32.0000,4096,217.3750,5,47.0825,726,1
1314,31.9583,32.0000,4096,217.3750,5,47.0825,727,1
1315,31.9583,32.0000,4096,217.3750,5,47.0825,728,1
1316,31.9583,32.0000,4096,217.3750,5,47.0825,729,1
1317,31.9583,32.0000,4096,217.3750,5,47.0825,729,1
1318,31.9583,32.0000,4096,217.3750,5,47.0825,729,1
1319,31.9583,32.0000,4096,217.3750,5,47.0825,730,1
1320,31.9583,32.0000,4096,217.3750,5,47.0825,731,1
1321,31.9583,32.0000,4096,217.3750,5,47.0825,731,1
1322,31.9583,32.0000,4096,217.3750,5,47.0825,732,1
1323,31.9583,32.0000,4096,217.3750,5,47.0825,732,1
1324,31.9583,32.0000,4096,217.3750,5,47.0825,733,1
1325,31.9583,32.0000,4096,217.3750,5,47.0825,733,1
1326,31.9583,32.0000,4096,217.3750,5,47.0825,733,1
1327,31.9583,32.0000,4096,217.3750,5,47.0825,734,1
1328,31.9583,32.0000,4096,217.3750,5,47.0825,735,1
1329,31.9583,32.0000,4096,217.3750,5,47.0825,735,1
1330,31.9583,32.0000,4096,217.3750,5,47.0825,736,1
1331,31.9583,32.0000,4096,217.3750,5,47.0825,737,1
1332,31.9583,32.0000,4096,217.3750,5,47.0825,738,1
1333,31.9583,32.0000,4096,217.3750,5,47.0825,738,1
1334,31.9583,32.0000,4096,217.3750,5,47.0825,739,1
1335,31.9583,32.0000,4096,217.3750,5,47.0825,740,1
1336,31.9583,32.0000,4096,217.3750,5,47.0825,740,1
1337,31.9583,32.0000,4096,217.3750,5,47.0825,740,1
1338,31.9583,32.0000,4096,217.3750,5,47.0825,741,1
1339,31.9583,32.0000,4096,217.3750,5,47.0825,741,1
1340,31.9583,32.0000,4096,217.3750,5,47.0825,741,1
1341,31.9583,32.0000,4096,217.3750,5,47.0825,742,1
1342,31.9583,32.0000,4096,217.3750,5,47.0825,742,1
1343,31.9583,32.0000,4096,217.3750,5,47.0825,742,1
1344,31.9583,32.0000,4096,217.3750,5,47.0825,742,1
1345,31.9583,32.0000,4096,217.3750,5,47.0825,742,1
1346,31.9583,32.0000,4096,217.3750,5,47.0825,743,1
1347,31.9583,32.0000,4096,217.3750,5,47.0825,744,1
1348,31.9583,32.0000,4096,217.3750,5,47.0825,745,1
1349,31.9583,32.0000,4096,217.3750,5,47.0825,746,1
1350,31.9583,32.0000,4096,217.3750,5,47.0825,746,1
1351,31.9583,32.0000,4096,217.3750,5,47.0825,747,1
1352,31.9583,32.0000,4096,217.3750,5,47.0825,747,1
1353,31.9583,32.0000,4096,217.3750,5,47.0825,748,1
1354,31.9583,32.0000,4096,217.3750,5,47.0825,749,1
1355,31.9583,32.0000,4096,217.3750,5,47.0825,749,1
1356,31.9583,32.0000,4096,217.3750,5,47.0825,750,1
1357,31.9583,32.0000,4096,217.3750,5,47.0825,750,1
1358,31.9583,32.0000,4096,217.3750,5,47.0825,750,1
1359,31.9583,32.0000,4096,217.3750,5,47.0825,751,1
1360,31.9583,32.0000,4096,217.3750,5,47.0825,752,1
1361,31.9583,32.0000,4096,217.3750,5,47.0825,752,1
1362,31.9583,32.0000,4096,217.3750,5,47.0825,753,1
1363,31.9583,32.0000,4096,217.3750,5,47.0825,753,1
1364,31.9583,32.0000,4096,217.3750,5,47.0825,753,1
1365,31.9583,32.0000,4096,217.3750,5,47.0825,754,1
1366,31.9583,32.0000,4096,217.3750,5,47.0825,755,1
1367,31.9583,32.0000,4096,217.3750,5,47.0825,756,1
1368,31.9583,32.0000,4096,217.3750,5,47.0825,756,1
1369,31.9583,32.0000,4096,217.3750,5,47.0825,756,1
1370,31.9583,32.0000,4096,217.3750,5,47.0825,757,1
1371,31.9583,32.0000,4096,217.3750,5,47.0825,757,1
1372,31.9583,32.0000,4096,217.3750,5,47.0825,757,1
1373,31.9583,32.0000,4096,217.3750,5,47.0825,758,1
1374,31.9583,32.0000,4096,217.3750,5,47.0825,759,1
1375,31.9583,32.0000,4096,217.3750,5,47.0825,760,1
1376,31.9583,32.0000,4096,217.3750,5,47.0825,761,1
1377,31.9583,32.0000,4096,217.3750,5,47.0825,761,1
1378,31.9583,32.0000,4096,217.3750,5,47.0825,761,1
1379,31.9583,32.0000,4096,217.3750,5,47.0825,761,1
1380,31.9583,32.0000,4096,217.3750,5,47.0825,761,1
1381,31.9583,32.0000,4096,217.3750,5,47.0825,761,1
1382,31.9583,32.0000,4096,217.3750,5,47.0825,761,1
1383,31.9583,32.0000,4096,217.3750,5,47.0825,762,1
1384,31.9583,32.0000,4096,217.3750,5,47.0825,763,1
1385,31.9583,32.0000,4096,217.3750,5,47.0825,763,1
1386,31.9583,32.0000,4096,217.3750,5,47.0825,764,1
1387,31.9583,32.0000,4096,217.3750,5,47.0825,764,1
1388,31.9583,32.0000,4096,217.3750,5,47.0825,765,1
1389,31.9583,32.0000,4096,217.3750,5,47.0825,766,1
1390,31.9583,32.0000,4096,217.3750,5,47.0825,767,1
1391,31.9583,32.0000,4096,217.3750,5,47.0825,767,1
1392,31.9583,32.0000,4096,217.3750,5,47.0825,768,1
1393,31.9583,32.0000,4096,217.3750,5,47.0825,768,1
1394,31.9583,32.0000,4096,217.3750,5,47.0825,768,1
1395,31.9583,32.0000,4096,217.3750,5,47.0825,769,1
1396,31.9583,32.0000,4096,217.3750,5,47.0825,769,1
1397,31.9583,32.0000,4096,217.3750,5,47.0825,769,1
1398,31.9583,32.0000,4096,217.3750,5,47.0825,770,1
1399,31.9583,32.0000,4096,217.3750,5,47.0825,771,1
1400,31.9583,32.0000,4096,217.3750,5,47.0825,771,1
1401,31.9583,32.0000,4096,217.3750,5,47.0825,771,1
1402,31.9583,32.0000,4096,217.3750,5,47.0825,771,1
1403,31.9583,32.0000,4096,217.3750,5,47.0825,771,1
1404,31.9583,32.0000,4096,217.3750,5,47.0825,772,1
1405,31.9583,32.0000,4096,217.3750,5,47.0825,772,1
1406,31.9583,32.0000,4096,217.3750,5,47.0825,773,1
1407,31.9583,32.0000,4096,217.3750,5,47.0825,774,1
1408,31.9583,32.0000,4096,217.3750,5,47.0825,774,1
1409,31.9583,32.0000,4096,217.3750,5,47.0825,775,1
1410,31.9583,32.0000,4096,217.3750,5,47.0825,775,1
1411,31.9583,32.0000,4096,217.3750,5,47.0825,775,1
1412,31.9583,32.0000,4096,217.3750,5,47.0825,776,1
1413,31.9583,32.0000,4096,217.3750,5,47.0825,777,1
1414,31.9583,32.0000,4096,217.3750,5,47.0825,778,1
1415,31.9583,32.0000,4096,217.3750,5,47.0825,778,1
1416,31.9583,32.0000,4096,217.3750,5,47.0825,778,1
1417,31.9583,32.0000,4096,217.3750,5,47.0825,778,1
1418,31.9583,32.0000,4096,217.3750,5,47.0825,778,1
1419,31.9583,32.0000,4096,217.3750,5,47.0825,778,1
1420,31.9583,32.0000,4096,217.3750,5,47.0825,779,1
1421,31.9583,32.0000,4096,217.3750,5,47.0825,780,1
1422,31.9583,32.0000,4096,217.3750,5,47.0825,780,1
1423,31.9583,32.0000,4096,217.3750,5,47.0825,781,1
1424,31.9583,32.0000,4096,217.3750,5,47.0825,781,1
1425,31.9583,32.0000,4096,217.3750,5,47.0825,781,1
1426,31.9583,32.0000,4096,217.3750,5,47.0825,781,1
1427,31.9583,32.0000,4096,217.3750,5,47.0825,781,1
1428,31.9583,32.0000,4096,217.3750,5,47.0825,782,1
1429,31.9583,32.0000,4096,217.3750,5,47.0825,782,1
1430,31.9583,32.0000,4096,217.3750,5,47.0825,782,1
1431,31.9583,32.0000,4096,217.3750,5,47.0825,782,1
1432,31.9583,32.0000,4096,217.3750,5,47.0825,782,1
1433,31.9583,32.0000,4096,217.3750,5,47.0825,782,1
1434,31.9583,32.0000,4096,217.3750,5,47.0825,782,1
1435,31.9583,32.0000,4096,217.3750,5,47.0825,782,1
1436,31.9583,32.0000,4096,217.3750,5,47.0825,783,1
1437,31.9583,32.0000,4096,217.3750,5,47.0825,784,1
1438,31.9583,32.0000,4096,217.3750,5,47.0825,785,1
1439,31.9583,32.0000,4096,217.3750,5,47.0825,786,1
1440,31.9583,32.0000,4096,217.3750,5,47.0825,786,1
1441,31.9583,32.0000,4096,217.3750,5,47.0825,787,1
1442,31.9583,32.0000,4096,217.3750,5,47.0825,787,1
1443,31.9583,32.0000,4096,217.3750,5,47.0825,788,1
1444,31.9583,32.0000,4096,217.3750,5,47.0825,788,1
1445,31.9583,32.0000,4096,217.3750,5,47.0825,789,1
1446,31.9583,32.0000,4096,217.3750,5,47.0825,790,1
1447,31.9583,32.0000,4096,217.3750,5,47.0825,790,1
1448,31.9583,32.0000,4096,217.3750,5,47.0825,790,1
1449,31.9583,32.0000,4096,217.3750,5,47.0825,791,1
1450,31.9583,32.0000,4096,217.3750,5,47.0825,792,1
1451,31.9583,32.0000,4096,217.3750,5,47.0825,792,1
1452,31.9583,32.0000,4096,217.3750,5,47.0825,792,1
1453,31.9583,32.0000,4096,217.3750,5,47.0825,793,1
1454,31.9583,32.0000,4096,217.3750,5,47.0825,794,1
1455,31.9583,32.0000,4096,217.3750,5,47.0825,794,1
1456,31.9583,32.0000,4096,217.3750,5,47.0825,794,1
1457,31.9583,32.0000,4096,217.3750,5,47.0825,795,1
1458,31.9583,32.0000,4096,217.3750,5,47.0825,796,1
1459,31.9583,32.0000,4096,217.3750,5,47.0825,796,1
1460,31.9583,32.0000,4096,217.3750,5,47.0825,797,1
1461,31.9583,32.0000,4096,217.3750,5,47.0825,798,1
1462,31.9583,32.0000,4096,217.3750,5,47.0825,798,1
1463,31.9583,32.0000,4096,217.3750,5,47.0825,798,1
1464,31.9583,32.0000,4096,217.3750,5,47.0825,799,1
1465,31.9583,32.0000,4096,217.3750,5,47.0825,800,1
1466,31.9583,32.0000,4096,217.3750,5,47.0825,800,1
1467,31.9583,32.0000,4096,217.3750,5,47.0825,800,1
1468,31.9583,32.0000,4096,217.3750,5,47.0825,800,1
1469,31.9583,32.0000,4096,217.3750,5,47.0825,800,1
1470,31.9583,32.0000,4096,217.3750,5,47.0825,800,1
1471,31.9583,32.0000,4096,217.3750,5,47.0825,800,1
1472,31.9583,32.0000,4096,217.3750,5,47.0825,800,1
1473,31.9583,32.0000,4096,217.3750,5,47.0825,801,1
1474,31.9583,32.0000,4096,217.3750,5,47.0825,801,1
1475,31.9583,32.0000,4096,217.3750,5,47.0825,802,1
1476,31.9583,32.0000,4096,217.3750,5,47.0825,802,1
1477,31.9583,32.0000,4096,217.3750,5,47.0825,803,1
1478,31.9583,32.0000,4096,217.3750,5,47.0825,804,1
1479,31.9583,32.0000,4096,217.3750,5,47.0825,804,1
1480,31.9583,32.0000,4096,217.3750,5,47.0825,804,1
1481,31.9583,32.0000,4096,217.3750,5,47.0825,805,1
1482,31.9583,32.0000,4096,217.3750,5,47.0825,805,1
1483,31.9583,32.0000,4096,217.3750,5,47.0825,806,1
1484,31.9583,32.0000,4096,217.3750,5,47.0825,807,1
1485,31.9583,32.0000,4096,217.3750,5,47.0825,807,1
1486,31.9583,32.0000,4096,217.3750,5,47.0825,807,1
1487,31.9583,32.0000,4096,217.3750,5,47.0825,808,1
1488,31.9583,32.0000,4096,217.3750,5,47.0825,808,1
1489,31.9583,32.0000,4096,217.3750,5,47.0825,809,1
1490,31.9583,32.0000,4096,217.3750,5,47.0825,809,1
1491,31.9583,32.0000,4096,217.3750,5,47.0825,809,1
1492,31.9583,32.0000,4096,217.3750,5,47.0825,809,1
1493,31.9583,32.0000,4096,217.3750,5,47.0825,810,1
1494,31.9583,32.0000,4096,217.3750,5,47.0825,811,1
1495,31.9583,32.0000,4096,217.3750,5,47.0825,812,1
1496,31.9583,32.0000,4096,217.3750,5,47.0825,813,1
1497,31.9583,32.0000,4096,217.3750,5,47.0825,813,1
1498,31.9583,32.0000,4096,217.3750,5,47.0825,814,1
1499,31.9583,32.0000,4096,217.3750,5,47.0825,814,1
1500,31.9583,32.0000,4096,217.3750,5,47.0825,815,1
1501,31.9583,32.0000,4096,217.3750,5,47.0825,815,1
1502,31.9583,32.0000,4096,217.3750,5,47.0825,815,1
1503,31.9583,32.0000,4096,217.3750,5,47.0825,816,1
1504,31.9583,32.0000,4096,217.3750,5,47.0825,816,1
1505,31.9583,32.0000,4096,217.3750,5,47.0825,816,1
1506,31.9583,32.0000,4096,217.3750,5,47.0825,816,1
1507,31.9583,32.0000,4096,217.3750,5,47.0825,816,1
1508,31.9583,32.0000,4096,217.3750,5,47.0825,817,1
1509,31.9583,32.0000,4096,217.3750,5,47.0825,817,1
1510,31.9583,32.0000,4096,217.3750,5,47.0825,817,1
1511,31.9583,32.0000,4096,217.3750,5,47.0825,818,1
1512,31.9583,32.0000,4096,217.3750,5,47.0825,818,1
1513,31.9583,32.0000,4096,217.3750,5,47.0825,819,1
1514,31.9583,32.0000,4096,217.3750,5,47.0825,819,1
1515,31.9583,32.0000,4096,217.3750,5,47.0825,819,1
1516,31.9583,32.0000,4096,217.3750,5,47.0825,819,1
1517,31.9583,32.0000,4096,217.3750,5,47.0825,820,1
1518,31.9583,32.0000,4096,217.3750,5,47.0825,821,1
1519,31.9583,32.0000,4096,217.3750,5,47.0825,822,1
1520,31.9583,32.0000,4096,217.3750,5,47.0825,822,1
1521,31.9583,32.0000,4096,217.3750,5,47.0825,822,1
1522,31.9583,32.0000,4096,217.3750,5,47.0825,823,1
1523,31.9583,32.0000,4096,217.3750,5,47.0825,824,1
1524,31.9583,32.0000,4096,217.3750,5,47.0825,825,1
1525,31.9583,32.0000,4096,217.3750,5,47.0825,826,1
1526,31.9583,32.0000,4096,217.3750,5,47.0825,826,1
1527,31.9583,32.0000,4096,217.3750,5,47.0825,826,1
1528,31.9583,32.0000,4096,217.3750,5,47.0825,826,1
1529,31.9583,32.0000,4096,217.3750,5,47.0825,827,1
1530,31.9583,32.0000,4096,217.3750,5,47.0825,828,1
1531,31.9583,32.0000,4096,217.3750,5,47.0825,828,1
1532,31.9583,32.0000,4096,217.3750,5,47.0825,828,1
1533,31.9583,32.0000,4096,217.3750,5,47.0825,829,1
1534,31.9583,32.0000,4096,217.3750,5,47.0825,829,1
1535,31.9583,32.0000,4096,217.3750,5,47.0825,830,1
1536,31.9583,32.0000,4096,217.3750,5,47.0825,830,1
1537,31.9583,32.0000,4096,217.3750,5,47.0825,831,1
1538,31.9583,32.0000,4096,217.3750,5,47.0825,831,1
1539,31.9583,32.0000,4096,217.3750,5,47.0825,831,1
1540,31.9583,32.0000,4096,217.3750,5,47.0825,831,1
1541,31.9583,32.0000,4096,217.3750,5,47.0825,831,1
1542,31.9583,32.0000,4096,217.3750,5,47.0825,832,1
1543,31.9583,32.0000,4096,217.3750,5,47.0825,832,1
1544,31.9583,32.0000,4096,217.3750,5,47.0825,832,1
1545,31.9583,32.0000,4096,217.3750,5,47.0825,833,1
1546,31.9583,32.0000,4096,217.3750,5,47.0825,834,1
1547,31.9583,32.0000,4096,217.3750,5,47.0825,835,1
1548,31.9583,32.0000,4096,217.3750,5,47.0825,836,1
1549,31.9583,32.0000,4096,217.3750,5,47.0825,836,1
1550,31.9583,32.0000,4096,217.3750,5,47.0825,836,1
1551,31.9583,32.0000,4096,217.3750,5,47.0825,836,1
1552,32.0012,31.9609,4096,257.2500,5,47.2700,837,1
1553,32.0012,31.9609,4096,257.2500,5,47.2700,838,1
1554,32.0012,31.9609,4096,257.2500,5,47.2700,839,1
1555,32.0012,31.9609,4096,257.2500,5,47.2700,839,1
1556,32.0012,31.9609,4096,257.2500,5,47.2700,840,1
1557,32.0012,31.9609,4096,257.2500,5,47.2700,840,1
1558,32.0012,31.9609,4096,257.2500,5,47.2700,841,1
1559,32.0012,31.9609,4096,257.2500,5,47.2700,842,1
1560,32.0012,31.9609,4096,257.2500,5,47.2700,842,1
1561,32.0012,31.9609,4096,257.2500,5,47.2700,843,1
1562,32.0012,31.9609,4096,257.2500,5,47.2700,844,1
1563,32.0012,31.9609,4096,257.2500,5,47.2700,844,1
1564,32.0012,31.9609,4096,257.2500,5,47.2700,844,1
1565,32.0012,31.9609,4096,257.2500,5,47.2700,844,1
1566,32.0012,31.9609,4096,257.2500,5,47.2700,845,1
1567,32.0012,31.9609,4096,257.2500,5,47.2700,845,1
1568,32.0012,31.9609,4096,257.2500,5,47.2700,845,1
1569,32.0012,31.9609,4096,257.2500,5,47.2700,846,1
1570,32.0012,31.9609,4096,257.2500,5,47.2700,846,1
1571,32.0012,31.9609,4096,257.2500,5,47.2700,847,1
1572,32.0012,31.9609,4096,257.2500,5,47.2700,847,1
1573,32.0012,31.9609,4096,257.2500,5,47.2700,848,1
1574,32.0012,31.9609,4096,257.2500,5,47.2700,848,1
1575,32.0012,31.9609,4096,257.2500,5,47.2700,848,1
1576,32.0012,31.9609,4096,257.2500,5,47.2700,849,1
1577,32.0012,31.9609,4096,257.2500,5,47.2700,850,1
1578,32.0012,31.9609,4096,257.2500,5,47.2700,850,1
1579,32.0012,31.9609,4096,257.2500,5,47.2700,851,1
1580,32.0012,31.9609,4096,257.2500,5,47.2700,851,1
1581,32.0012,31.9609,4096,257.2500,5,47.2700,851,1
1582,32.0012,31.9609,4096,257.2500,5,47.2700,852,1
1583,32.0012,31.9609,4096,257.2500,5,47.2700,852,1
1584,32.0012,31.9609,4096,257.2500,5,47.2700,853,1
1585,32.0012,31.9609,4096,257.2500,5,47.2700,853,1
1586,32.0012,31.9609,4096,257.2500,5,47.2700,853,1
1587,32.0012,31.9609,4096,257.2500,5,47.2700,854,1
1588,32.0012,31.9609,4096,257.2500,5,47.2700,854,1
1589,32.0012,31.9609,4096,257.2500,5,47.2700,855,1
1590,32.0012,31.9609,4096,257.2500,5,47.2700,855,1
1591,32.0012,31.9609,4096,257.2500,5,47.2700,855,1
1592,32.0012,31.9609,4096,257.2500,5,47.2700,856,1
1593,32.0012,31.9609,4096,257.2500,5,47.2700,856,1
1594,32.0012,31.9609,4096,257.2500,5,47.2700,856,1
1595,32.0012,31.9609,4096,257.2500,5,47.2700,857,1
1596,32.0012,31.9609,4096,257.2500,5,47.2700,858,1
1597,32.0012,31.9609,4096,257.2500,5,47.2700,858,1
1598,32.0012,31.9609,4096,257.2500,5,47.2700,858,1
1599,32.0012,31.9609,4096,257.2500,5,47.2700,858,1
1600,32.0012,31.9609,4096,257.2500,5,47.2700,859,1
1601,32.0012,31.9609,4096,257.2500,5,47.2700,860,1
1602,32.0012,31.9609,4096,257.2500,5,47.2700,860,1
1603,32.0012,31.9609,4096,257.2500,5,47.2700,861,1
1604,32.0012,31.9609,4096,257.2500,5,47.2700,862,1
1605,32.0012,31.9609,4096,257.2500,5,47.2700,862,1
1606,32.0012,31.9609,4096,257.2500,5,47.2700,862,1
1607,32.0012,31.9609,4096,257.2500,5,47.2700,863,1
1608,32.0012,31.9609,4096,257.2500,5,47.2700,863,1
1609,32.0012,31.9609,4096,257.2500,5,47.2700,863,1
1610,32.0012,31.9609,4096,257.2500,5,47.2700,864,1
1611,32.0012,31.9609,4096,257.2500,5,47.2700,865,1
1612,32.0012,31.9609,4096,257.2500,5,47.2700,865,1
1613,32.0012,31.9609,4096,257.2500,5,47.2700,866,1
1614,32.0012,31.9609,4096,257.2500,5,47.2700,866,1
1615,32.0012,31.9609,4096,257.2500,5,47.2700,866,1
1616,32.0012,31.9609,4096,257.2500,5,47.2700,867,1
1617,32.0012,31.9609,4096,257.2500,5,47.2700,868,1
1618,32.0012,31.9609,4096,257.2500,5,47.2700,869,1
1619,32.0012,31.9609,4096,257.2500,5,47.2700,869,1
1620,32.0012,31.9609,4096,257.2500,5,47.2700,869,1
1621,32.0012,31.9609,4096,257.2500,5,47.2700,870,1
1622,32.0012,31.9609,4096,257.2500,5,47.2700,871,1
1623,32.0012,31.9609,4096,257.2500,5,47.2700,872,1
1624,32.0012,31.9609,4096,257.2500,5,47.2700,872,1
1625,32.0012,31.9609,4096,257.2500,5,47.2700,873,1
1626,32.0012,31.9609,4096,257.2500,5,47.2700,873,1
1627,32.0012,31.9609,4096,257.2500,5,47.2700,873,1
1628,32.0012,31.9609,4096,257.2500,5,47.2700,873,1
1629,32.0012,31.9609,4096,257.2500,5,47.2700,874,1
1630,32.0012,31.9609,4096,257.2500,5,47.2700,875,1
1631,32.0012,31.9609,4096,257.2500,5,47.2700,876,1
1632,32.0012,31.9609,4096,257.2500,5,47.2700,876,1
1633,32.0012,31.9609,4096,257.2500,5,47.2700,877,1
1634,32.0012,31.9609,4096,257.2500,5,47.2700,878,1
1635,32.0012,31.9609,4096,257.2500,5,47.2700,879,1
1636,32.0012,31.9609,4096,257.2500,5,47.2700,879,1
1637,32.0012,31.9609,4096,257.2500,5,47.2700,880,1
1638,32.0012,31.9609,4096,257.2500,5,47.2700,880,1
1639,32.0012,31.9609,4096,257.2500,5,47.2700,881,1
1640,32.0012,31.9609,4096,257.2500,5,47.2700,882,1
1641,32.0012,31.9609,4096,257.2500,5,47.2700,882,1
1642,32.0012,31.9609,4096,257.2500,5,47.2700,882,1
1643,32.0012,31.9609,4096,257.2500,5,47.2700,882,1
1644,32.0012,31.9609,4096,257.2500,5,47.2700,882,1
1645,32.0012,31.9609,4096,257.2500,5,47.2700,882,1
1646,32.0012,31.9609,4096,257.2500,5,47.2700,883,1
1647,32.0012,31.9609,4096,257.2500,5,47.2700,883,1
1648,32.0012,31.9609,4096,257.2500,5,47.2700,883,1
1649,32.0012,31.9609,4096,257.2500,5,47.2700,883,1
1650,32.0012,31.9609,4096,257.2500,5,47.2700,883,1
1651,32.0012,31.9609,4096,257.2500,5,47.2700,883,1
1652,32.0012,31.9609,4096,257.2500,5,47.2700,883,1
1653,32.0012,31.9609,4096,257.2500,5,47.2700,884,1
1654,32.0012,31.9609,4096,257.2500,5,47.2700,884,1
1655,32.0012,31.9609,4096,257.2500,5,47.2700,885,1
1656,32.0012,31.9609,4096,257.2500,5,47.2700,885,1
1657,32.0012,31.9609,4096,257.2500,5,47.2700,886,1
1658,32.0012,31.9609,4096,257.2500,5,47.2700,887,1
1659,32.0012,31.9609,4096,257.2500,5,47.2700,888,1
1660,32.0012,31.9609,4096,257.2500,5,47.2700,888,1
1661,32.0012,31.9609,4096,257.2500,5,47.2700,888,1
1662,32.0012,31.9609,4096,257.2500,5,47.2700,888,1
1663,32.0012,31.9609,4096,257.2500,5,47.2700,889,1
1664,32.0012,31.9609,4096,257.2500,5,47.2700,890,1
1665,32.0012,31.9609,4096,257.2500,5,47.2700,890,1
1666,32.0012,31.9609,4096,257.2500,5,47.2700,890,1
1667,32.0012,31.9609,4096,257.2500,5,47.2700,891,1
1668,32.0012,31.9609,4096,257.2500,5,47.2700,892,1
1669,32.0012,31.9609,4096,257.2500,5,47.2700,892,1
1670,32.0012,31.9609,4096,257.2500,5,47.2700,893,1
1671,32.0012,31.9609,4096,257.2500,5,47.2700,894,1
1672,32.0012,31.9609,4096,257.2500,5,47.2700,895,1
1673,32.0012,31.9609,4096,257.2500,5,47.2700,896,1
1674,32.0012,31.9609,4096,257.2500,5,47.2700,896,1
1675,32.0012,31.9609,4096,257.2500,5,47.2700,896,1
1676,32.0012,31.9609,4096,257.2500,5,47.2700,897,1
1677,32.0012,31.9609,4096,257.2500,5,47.2700,897,1
1678,32.0012,31.9609,4096,257.2500,5,47.2700,897,1
1679,32.0012,31.9609,4096,257.2500,5,47.2700,898,1
1680,32.0012,31.9609,4096,257.2500,5,47.2700,898,1
1681,32.0012,31.9609,4096,257.2500,5,47.2700,899,1
1682,32.0012,31.9609,4096,257.2500,5,47.2700,899,1
1683,32.0012,31.9609,4096,257.2500,5,47.2700,900,1
1684,32.0012,31.9609,4096,257.2500,5,47.2700,900,1
1685,32.0012,31.9609,4096,257.2500,5,47.2700,901,1
1686,32.0012,31.9609,4096,257.2500,5,47.2700,902,1
1687,32.0012,31.9609,4096,257.2500,5,47.2700,902,1
1688,32.0012,31.9609,4096,257.2500,5,47.2700,902,1
1689,32.0012,31.9609,4096,257.2500,5,47.2700,903,1
1690,32.0012,31.9609,4096,257.2500,5,47.2700,904,1
1691,32.0012,31.9609,4096,257.2500,5,47.2700,904,1
1692,32.0012,31.9609,4096,257.2500,5,47.2700,904,1
1693,32.0012,31.9609,4096,257.2500,5,47.2700,905,1
1694,32.0012,31.9609,4096,257.2500,5,47.2700,905,1
1695,32.0012,31.9609,4096,257.2500,5,47.2700,906,1
1696,32.0012,31.9609,4096,257.2500,5,47.2700,906,1
1697,32.0012,31.9609,4096,257.2500,5,47.2700,907,1
1698,32.0012,31.9609,4096,257.2500,5,47.2700,907,1
1699,32.0012,31.9609,4096,257.2500,5,47.2700,907,1
1700,32.0012,31.9609,4096,257.2500,5,47.2700,908,1
1701,32.0012,31.9609,4096,257.2500,5,47.2700,908,1
1702,32.0012,31.9609,4096,257.2500,5,47.2700,908,1
1703,32.0012,31.9609,4096,257.2500,5,47.2700,908,1
1704,32.0012,31.9609,4096,257.2500,5,47.2700,908,1
1705,32.0012,31.9609,4096,257.2500,5,47.2700,908,1
1706,32.0012,31.9609,4096,257.2500,5,47.2700,908,1
1707,32.0012,31.9609,4096,257.2500,5,47.2700,908,1
1708,32.0012,31.9609,4096,257.2500,5,47.2700,908,1
1709,32.0012,31.9609,4096,257.2500,5,47.2700,908,1
1710,32.0012,31.9609,4096,257.2500,5,47.2700,909,1
1711,32.0012,31.9609,4096,257.2500,5,47.2700,909,1
1712,32.0012,31.9609,4096,257.2500,5,47.2700,909,1
1713,32.0012,31.9609,4096,257.2500,5,47.2700,909,1
1714,32.0012,31.9609,4096,257.2500,5,47.2700,909,1
1715,32.0012,31.9609,4096,257.2500,5,47.2700,910,1
1716,32.0012,31.9609,4096,257.2500,5,47.2700,911,1
1717,32.0012,31.9609,4096,257.2500,5,47.2700,911,1
1718,32.0012,31.9609,4096,257.2500,5,47.2700,911,1
1719,32.0012,31.9609,4096,257.2500,5,47.2700,911,1
1720,32.0012,31.9609,4096,257.2500,5,47.2700,911,1
1721,32.0012,31.9609,4096,257.2500,5,47.2700,912,1
1722,32.0012,31.9609,4096,257.2500,5,47.2700,912,1
1723,32.0012,31.9609,4096,257.2500,5,47.2700,913,1
1724,32.0012,31.9609,4096,257.2500,5,47.2700,913,1
1725,32.0012,31.9609,4096,257.2500,5,47.2700,913,1
1726,32.0012,31.9609,4096,257.2500,5,47.2700,913,1
1727,32.0012,31.9609,4096,257.2500,5,47.2700,913,1
1728,32.0012,31.9609,4096,257.2500,5,47.2700,914,1
1729,32.0012,31.9609,4096,257.2500,5,47.2700,915,1
1730,32.0012,31.9609,4096,257.2500,5,47.2700,915,1
1731,32.0012,31.9609,4096,257.2500,5,47.2700,915,1
1732,32.0012,31.9609,4096,257.2500,5,47.2700,915,1
1733,32.0012,31.9609,4096,257.2500,5,47.2700,916,1
1734,32.0012,31.9609,4096,257.2500,5,47.2700,916,1
1735,32.0012,31.9609,4096,257.2500,5,47.2700,916,1
1736,32.0012,31.9609,4096,257.2500,5,47.2700,917,1
1737,32.0012,31.9609,4096,257.2500,5,47.2700,918,1
1738,32.0012,31.9609,4096,257.2500,5,47.2700,919,1
1739,32.0012,31.9609,4096,257.2500,5,47.2700,919,1
1740,32.0012,31.9609,4096,257.2500,5,47.2700,920,1
1741,32.0012,31.9609,4096,257.2500,5,47.2700,920,1
1742,32.0012,31.9609,4096,257.2500,5,47.2700,920,1
1743,32.0012,31.9609,4096,257.2500,5,47.2700,921,1
1744,32.0012,31.9609,4096,257.2500,5,47.2700,921,1
1745,32.0012,31.9609,4096,257.2500,5,47.2700,921,1
1746,32.0012,31.9609,4096,257.2500,5,47.2700,922,1
1747,32.0012,31.9609,4096,257.2500,5,47.2700,923,1
1748,32.0012,31.9609,4096,257.2500,5,47.2700,923,1
1749,32.0012,31.9609,4096,257.2500,5,47.2700,923,1
1750,32.0012,31.9609,4096,257.2500,5,47.2700,923,1
1751,32.0012,31.9609,4096,257.2500,5,47.2700,923,1
1752,32.0012,31.9609,4096,257.2500,5,47.2700,923,1
1753,32.0012,31.9609,4096,257.2500,5,47.2700,924,1
1754,32.0012,31.9609,4096,257.2500,5,47.2700,924,1
1755,32.0012,31.9609,4096,257.2500,5,47.2700,924,1
1756,32.0012,31.9609,4096,257.2500,5,47.2700,925,1
1757,32.0012,31.9609,4096,257.2500,5,47.2700,925,1
1758,32.0012,31.9609,4096,257.2500,5,47.2700,925,1
1759,32.0012,31.9609,4096,257.2500,5,47.2700,925,1
1760,32.0012,31.9609,4096,257.2500,5,47.2700,925,1
1761,32.0012,31.9609,4096,257.2500,5,47.2700,926,1
1762,32.0012,31.9609,4096,257.2500,5,47.2700,927,1
1763,32.0012,31.9609,4096,257.2500,5,47.2700,928,1
1764,32.0012,31.9609,4096,257.2500,5,47.2700,928,1
1765,32.0012,31.9609,4096,257.2500,5,47.2700,928,1
1766,32.0012,31.9609,4096,257.2500,5,47.2700,929,1
1767,32.0012,31.9609,4096,257.2500,5,47.2700,930,1
1768,32.0012,31.9609,4096,257.2500,5,47.2700,930,1
1769,32.0012,31.9609,4096,257.2500,5,47.2700,931,1
1770,32.0012,31.9609,4096,257.2500,5,47.2700,931,1
1771,32.0012,31.9609,4096,257.2500,5,47.2700,932,1
1772,32.0012,31.9609,4096,257.2500,5,47.2700,933,1
1773,32.0012,31.9609,4096,257.2500,5,47.2700,934,1
1774,32.0012,31.9609,4096,257.2500,5,47.2700,934,1
1775,32.0012,31.9609,4096,257.2500,5,47.2700,935,1
1776,32.0012,31.9609,4096,257.2500,5,47.2700,935,1
1777,32.0012,31.9609,4096,257.2500,5,47.2700,935,1
1778,32.0012,31.9609,4096,257.2500,5,47.2700,936,1
1779,32.0012,31.9609,4096,257.2500,5,47.2700,936,1
1780,32.0012,31.9609,4096,257.2500,5,47.2700,936,1
1781,32.0012,31.9609,4096,257.2500,5,47.2700,936,1
1782,32.0012,31.9609,4096,257.2500,5,47.2700,936,1
1783,32.0012,31.9609,4096,257.2500,5,47.2700,937,1
1784,32.0012,31.9609,4096,257.2500,5,47.2700,938,1
1785,32.0012,31.9609,4096,257.2500,5,47.2700,938,1
1786,32.0012,31.9609,4096,257.2500,5,47.2700,938,1
1787,32.0012,31.9609,4096,257.2500,5,47.2700,938,1
1788,32.0012,31.9609,4096,257.2500,5,47.2700,938,1
1789,32.0012,31.9609,4096,257.2500,5,47.2700,938,1
1790,32.0012,31.9609,4096,257.2500,5,47.2700,939,1
1791,32.0012,31.9609,4096,257.2500,5,47.2700,940,1
1792,32.0012,31.9609,4096,257.2500,5,47.2700,940,1
1793,32.0012,31.9609,4096,257.2500,5,47.2700,941,1
1794,32.0012,31.9609,4096,257.2500,5,47.2700,941,1
1795,32.0012,31.9609,4096,257.2500,5,47.2700,941,1
1796,32.0012,31.9609,4096,257.2500,5,47.2700,941,1
1797,32.0012,31.9609,4096,257.2500,5,47.2700,941,1
1798,32.0012,31.9609,4096,257.2500,5,47.2700,941,1
1799,32.0012,31.9609,4096,257.2500,5,47.2700,942,1
1800,32.0012,31.9609,4096,257.2500,5,47.2700,943,1
1801,32.0012,31.9609,4096,257.2500,5,47.2700,943,1
1802,32.0012,31.9609,4096,257.2500,5,47.2700,944,1
1803,32.0012,31.9609,4096,257.2500,5,47.2700,944,1
1804,32.0012,31.9609,4096,257.2500,5,47.2700,945,1
1805,32.0012,31.9609,4096,257.2500,5,47.2700,945,1
1806,32.0012,31.9609,4096,257.2500,5,47.2700,946,1
1807,32.0012,31.9609,4096,257.2500,5,47.2700,947,1
1808,32.0012,31.9609,4096,257.2500,5,47.2700,948,1
1809,32.0012,31.9609,4096,257.2500,5,47.2700,948,1
1810,32.0012,31.9609,4096,257.2500,5,47.2700,949,1
1811,32.0012,31.9609,4096,257.2500,5,47.2700,950,1
1812,32.0012,31.9609,4096,257.2500,5,47.2700,950,1
1813,32.0012,31.9609,4096,257.2500,5,47.2700,951,1
1814,32.0012,31.9609,4096,257.2500,5,47.2700,952,1
1815,32.0012,31.9609,4096,257.2500,5,47.2700,953,1
1816,32.0012,31.9609,4096,257.2500,5,47.2700,953,1
1817,32.0012,31.9609,4096,257.2500,5,47.2700,954,1
1818,32.0012,31.9609,4096,257.2500,5,47.2700,955,1
1819,32.0012,31.9609,4096,257.2500,5,47.2700,956,1
1820,32.0012,31.9609,4096,257.2500,5,47.2700,957,1
1821,32.0012,31.9609,4096,257.2500,5,47.2700,957,1
1822,32.0012,31.9609,4096,257.2500,5,47.2700,957,1
1823,32.0012,31.9609,4096,257.2500,5,47.2700,957,1
1824,32.0012,31.9609,4096,257.2500,5,47.2700,957,1
1825,32.0012,31.9609,4096,257.2500,5,47.2700,957,1
1826,32.0012,31.9609,4096,257.2500,5,47.2700,958,1
1827,32.0012,31.9609,4096,257.2500,5,47.2700,958,1
1828,32.0012,31.9609,4096,257.2500,5,47.2700,959,1
1829,32.0012,31.9609,4096,257.2500,5,47.2700,959,1
1830,32.0012,31.9609,4096,257.2500,5,47.2700,959,1
1831,32.0012,31.9609,4096,257.2500,5,47.2700,959,1
1832,32.0012,31.9609,4096,257.2500,5,47.2700,959,1
1833,32.0012,31.9609,4096,257.2500,5,47.2700,959,1
1834,32.0012,31.9609,4096,257.2500,5,47.2700,959,1
1835,32.0012,31.9609,4096,257.2500,5,47.2700,960,1
1836,32.0012,31.9609,4096,257.2500,5,47.2700,961,1
1837,32.0012,31.9609,4096,257.2500,5,47.2700,962,1
1838,32.0012,31.9609,4096,257.2500,5,47.2700,962,1
1839,32.0012,31.9609,4096,257.2500,5,47.2700,962,1
1840,32.0012,31.9609,4096,257.2500,5,47.2700,963,1
1841,32.0012,31.9609,4096,257.2500,5,47.2700,964,1
1842,32.0012,31.9609,4096,257.2500,5,47.2700,964,1
1843,32.0012,31.9609,4096,257.2500,5,47.2700,964,1
1844,32.0012,31.9609,4096,257.2500,5,47.2700,964,1
1845,32.0012,31.9609,4096,257.2500,5,47.2700,965,1
1846,32.0012,31.9609,4096,257.2500,5,47.2700,965,1
1847,32.0012,31.9609,4096,257.2500,5,47.2700,965,1
1848,32.0012,31.9609,4096,257.2500,5,47.2700,966,1
1849,32.0012,31.9609,4096,257.2500,5,47.2700,966,1
1850,32.0012,31.9609,4096,257.2500,5,47.2700,967,1
1851,32.0012,31.9609,4096,257.2500,5,47.2700,968,1
1852,32.0012,31.9609,4096,257.2500,5,47.2700,969,1
1853,32.0012,31.9609,4096,257.2500,5,47.2700,970,1
1854,32.0012,31.9609,4096,257.2500,5,47.2700,970,1
1855,32.0012,31.9609,4096,257.2500,5,47.2700,970,1
1856,32.0012,31.9609,4096,257.2500,5,47.2700,970,1
1857,32.0012,31.9609,4096,257.2500,5,47.2700,970,1
1858,32.0012,31.9609,4096,257.2500,5,47.2700,971,1
1859,32.0012,31.9609,4096,257.2500,5,47.2700,971,1
1860,32.0012,31.9609,4096,257.2500,5,47.2700,972,1
1861,32.0012,31.9609,4096,257.2500,5,47.2700,972,1
1862,32.0012,31.9609,4096,257.2500,5,47.2700,972,1
1863,32.0012,31.9609,4096,257.2500,5,47.2700,973,1
1864,32.0012,31.9609,4096,257.2500,5,47.2700,973,1
1865,32.0012,31.9609,4096,257.2500,5,47.2700,973,1
1866,32.0012,31.9609,4096,257.2500,5,47.2700,974,1
1867,32.0012,31.9609,4096,257.2500,5,47.2700,975,1
1868,32.0012,31.9609,4096,257.2500,5,47.2700,975,1
1869,32.0012,31.9609,4096,257.2500,5,47.2700,976,1
1870,32.0012,31.9609,4096,257.2500,5,47.2700,976,1
1871,32.0012,31.9609,4096,257.2500,5,47.2700,976,1
1872,32.0012,31.9609,4096,257.2500,5,47.2700,977,1
1873,32.0012,31.9609,4096,257.2500,5,47.2700,978,1
1874,32.0012,31.9609,4096,257.2500,5,47.2700,979,1
1875,32.0012,31.9609,4096,257.2500,5,47.2700,980,1
1876,32.0012,31.9609,4096,257.2500,5,47.2700,980,1
1877,32.0012,31.9609,4096,257.2500,5,47.2700,980,1
1878,32.0012,31.9609,4096,257.2500,5,47.2700,980,1
1879,32.0012,31.9609,4096,257.2500,5,47.2700,981,1
1880,32.0012,31.9609,4096,257.2500,5,47.2700,982,1
1881,32.0012,31.9609,4096,257.2500,5,47.2700,982,1
1882,32.0012,31.9609,4096,257.2500,5,47.2700,982,1
1883,32.0012,31.9609,4096,257.2500,5,47.2700,982,1
1884,32.0012,31.9609,4096,257.2500,5,47.2700,983,1
1885,32.0012,31.9609,4096,257.2500,5,47.2700,983,1
1886,32.0012,31.9609,4096,257.2500,5,47.2700,984,1
1887,32.0012,31.9609,4096,257.2500,5,47.2700,984,1
1888,32.0012,31.9609,4096,257.2500,5,47.2700,984,1
1889,32.0012,31.9609,4096,257.2500,5,47.2700,985,1
1890,32.0012,31.9609,4096,257.2500,5,47.2700,986,1
1891,32.0012,31.9609,4096,257.2500,5,47.2700,986,1
1892,32.0012,31.9609,4096,257.2500,5,47.2700,987,1
1893,32.0012,31.9609,4096,257.2500,5,47.2700,987,1
1894,32.0012,31.9609,4096,257.2500,5,47.2700,988,1
1895,32.0012,31.9609,4096,257.2500,5,47.2700,988,1
1896,32.0012,31.9609,4096,257.2500,5,47.2700,989,1
1897,32.0012,31.9609,4096,257.2500,5,47.2700,989,1
1898,32.0012,31.9609,4096,257.2500,5,47.2700,989,1
1899,32.0012,31.9609,4096,257.2500,5,47.2700,989,1
1900,32.0012,31.9609,4096,257.2500,5,47.2700,990,1
1901,32.0012,31.9609,4096,257.2500,5,47.2700,991,1
1902,32.0012,31.9609,4096,257.2500,5,47.2700,991,1
1903,32.0012,31.9609,4096,257.2500,5,47.2700,992,1
1904,32.0012,31.9609,4096,257.2500,5,47.2700,993,1
1905,32.0012,31.9609,4096,257.2500,5,47.2700,993,1
1906,32.0012,31.9609,4096,257.2500,5,47.2700,994,1
1907,32.0012,31.9609,4096,257.2500,5,47.2700,994,1
1908,32.0012,31.9609,4096,257.2500,5,47.2700,994,1
1909,32.0012,31.9609,4096,257.2500,5,47.2700,995,1
1910,32.0012,31.9609,4096,257.2500,5,47.2700,996,1
1911,32.0012,31.9609,4096,257.2500,5,47.2700,996,1
1912,32.0012,31.9609,4096,257.2500,5,47.2700,997,1
1913,32.0012,31.9609,4096,257.2500,5,47.2700,998,1
1914,32.0012,31.9609,4096,257.2500,5,47.2700,998,1
1915,32.0012,31.9609,4096,257.2500,5,47.2700,998,1
1916,32.0012,31.9609,4096,257.2500,5,47.2700,998,1
1917,32.0012,31.9609,4096,257.2500,5,47.2700,998,1
1918,32.0012,31.9609,4096,257.2500,5,47.2700,998,1
1919,32.0012,31.9609,4096,257.2500,5,47.2700,998,1
1920,32.0012,31.9609,4096,257.2500,5,47.2700,999,1
1921,32.0012,31.9609,4096,257.2500,5,47.2700,1000,1
1922,32.0012,31.9609,4096,257.2500,5,47.2700,1000,1
1923,32.0012,31.9609,4096,257.2500,5,47.2700,1000,1
1924,32.0012,31.9609,4096,257.2500,5,47.2700,1000,1
1925,32.0012,31.9609,4096,257.2500,5,47.2700,1000,1
1926,32.0012,31.9609,4096,257.2500,5,47.2700,1000,1
1927,32.0012,31.9609,4096,257.2500,5,47.2700,1000,1
1928,32.0012,31.9609,4096,257.2500,5,47.2700,1000,1
1929,32.0012,31.9609,4096,257.2500,5,47.2700,1000,1
1930,32.0012,31.9609,4096,257.2500,5,47.2700,1000,1
1931,32.0012,31.9609,4096,257.2500,5,47.2700,1000,1
1932,32.0012,31.9609,4096,257.2500,5,47.2700,1001,1
1933,32.0012,31.9609,4096,257.2500,5,47.2700,1001,1
1934,32.0012,31.9609,4096,257.2500,5,47.2700,1001,1
1935,32.0012,31.9609,4096,257.2500,5,47.2700,1001,1
1936,32.0012,31.9609,4096,257.2500,5,47.2700,1002,1
1937,32.0012,31.9609,4096,257.2500,5,47.2700,1003,1
1938,32.0012,31.9609,4096,257.2500,5,47.2700,1003,1
1939,32.0012,31.9609,4096,257.2500,5,47.2700,1003,1
1940,32.0012,31.9609,4096,257.2500,5,47.2700,1003,1
1941,32.0012,31.9609,4096,257.2500,5,47.2700,1004,1
1942,32.0012,31.9609,4096,257.2500,5,47.2700,1005,1
1943,32.0012,31.9609,4096,257.2500,5,47.2700,1006,1
1944,32.0012,31.9609,4096,257.2500,5,47.2700,1007,1
1945,32.0012,31.9609,4096,257.2500,5,47.2700,1008,1
1946,32.0012,31.9609,4096,257.2500,5,47.2700,1008,1
1947,32.0012,31.9609,4096,257.2500,5,47.2700,1009,1
1948,32.0012,31.9609,4096,257.2500,5,47.2700,1010,1
1949,32.0012,31.9609,4096,257.2500,5,47.2700,1011,1
1950,32.0012,31.9609,4096,257.2500,5,47.2700,1011,1
1951,32.0012,31.9609,4096,257.2500,5,47.2700,1012,1
1952,32.0012,31.9609,4096,257.2500,5,47.2700,1012,1
1953,32.0012,31.9609,4096,257.2500,5,47.2700,1013,1
1954,32.0012,31.9609,4096,257.2500,5,47.2700,1014,1
1955,32.0012,31.9609,4096,257.2500,5,47.2700,1015,1
1956,32.0012,31.9609,4096,257.2500,5,47.2700,1015,1
1957,32.0012,31.9609,4096,257.2500,5,47.2700,1015,1
1958,32.0012,31.9609,4096,257.2500,5,47.2700,1015,1
1959,32.0012,31.9609,4096,257.2500,5,47.2700,1015,1
1960,32.0012,31.9609,4096,257.2500,5,47.2700,1016,1
1961,32.0012,31.9609,4096,257.2500,5,47.2700,1017,1
1962,32.0012,31.9609,4096,257.2500,5,47.2700,1017,1
1963,32.0012,31.9609,4096,257.2500,5,47.2700,1018,1
1964,32.0012,31.9609,4096,257.2500,5,47.2700,1018,1
1965,32.0012,31.9609,4096,257.2500,5,47.2700,1018,1
1966,32.0012,31.9609,4096,257.2500,5,47.2700,1019,1
1967,32.0012,31.9609,4096,257.2500,5,47.2700,1019,1
1968,32.0012,31.9609,4096,257.2500,5,47.2700,1019,1
1969,32.0012,31.9609,4096,257.2500,5,47.2700,1020,1
1970,32.0012,31.9609,4096,257.2500,5,47.2700,1021,1
1971,32.0012,31.9609,4096,257.2500,5,47.2700,1022,1
1972,32.0012,31.9609,4096,257.2500,5,47.2700,1022,1
1973,32.0012,31.9609,4096,257.2500,5,47.2700,1022,1
1974,32.0012,31.9609,4096,257.2500,5,47.2700,1022,1
1975,32.0012,31.9609,4096,257.2500,5,47.2700,1023,1
1976,32.0012,31.9609,4096,257.2500,5,47.2700,1023,1
1977,32.0012,31.9609,4096,257.2500,5,47.2700,1023,1
1978,32.0012,31.9609,4096,257.2500,5,47.2700,1024,1
1979,32.0012,31.9609,4096,257.2500,5,47.2700,1025,1
1980,32.0012,31.9609,4096,257.2500,5,47.2700,1026,1
1981,32.0012,31.9609,4096,257.2500,5,47.2700,1026,1
1982,32.0012,31.9609,4096,257.2500,5,47.2700,1027,1
1983,32.0012,31.9609,4096,257.2500,5,47.2700,1027,1
1984,32.0012,31.9609,4096,257.2500,5,47.2700,1027,1
1985,32.0012,31.9609,4096,257.2500,5,47.2700,1028,1
1986,32.0012,31.9609,4096,257.2500,5,47.2700,1029,1
1987,32.0012,31.9609,4096,257.2500,5,47.2700,1029,1
1988,32.0012,31.9609,4096,257.2500,5,47.2700,1029,1
1989,32.0012,31.9609,4096,257.2500,5,47.2700,1029,1
1990,32.0012,31.9609,4096,257.2500,5,47.2700,1029,1
1991,32.0012,31.9609,4096,257.2500,5,47.2700,1029,1
1992,32.0012,31.9609,4096,257.2500,5,47.2700,1029,1
1993,32.0012,31.9609,4096,257.2500,5,47.2700,1029,1
1994,32.0012,31.9609,4096,257.2500,5,47.2700,1029,1
1995,32.0012,31.9609,4096,257.2500,5,47.2700,1029,1
1996,32.0012,31.9609,4096,257.2500,5,47.2700,1030,1
1997,32.0012,31.9609,4096,257.2500,5,47.2700,1030,1
1998,32.0012,31.9609,4096,257.2500,5,47.2700,1031,1
1999,32.0012,31.9609,4096,257.2500,5,47.2700,1031,1
2000,32.0012,31.9609,4096,257.2500,5,47.2700,1031,1
2001,32.0012,31.9609,4096,257.2500,5,47.2700,1031,1
2002,32.0012,31.9609,4096,257.2500,5,47.2700,1031,1
2003,32.0012,31.9609,4096,257.2500,5,47.2700,1031,1
2004,32.0012,31.9609,4096,257.2500,5,47.2700,1032,1
2005,32.0012,31.9609,4096,257.2500,5,47.2700,1033,1
2006,32.0012,31.9609,4096,257.2500,5,47.2700,1034,1
2007,32.0012,31.9609,4096,257.2500,5,47.2700,1035,1
2008,32.0012,31.9609,4096,257.2500,5,47.2700,1035,1
2009,32.0012,31.9609,4096,257.2500,5,47.2700,1035,1
2010,32.0012,31.9609,4096,257.2500,5,47.2700,1036,1
2011,32.0012,31.9609,4096,257.2500,5,47.2700,1037,1
2012,32.0012,31.9609,4096,257.2500,5,47.2700,1038,1
2013,32.0012,31.9609,4096,257.2500,5,47.2700,1038,1
2014,32.0012,31.9609,4096,257.2500,5,47.2700,1039,1
2015,32.0012,31.9609,4096,257.2500,5,47.2700,1039,1
2016,32.0012,31.9609,4096,257.2500,5,47.2700,1039,1
2017,32.0012,31.9609,4096,257.2500,5,47.2700,1040,1
2018,32.0012,31.9609,4096,257.2500,5,47.2700,1040,1
2019,32.0012,31.9609,4096,257.2500,5,47.2700,1041,1
2020,32.0012,31.9609,4096,257.2500,5,47.2700,1041,1
2021,32.0012,31.9609,4096,257.2500,5,47.2700,1042,1
2022,32.0012,31.9609,4096,257.2500,5,47.2700,1042,1
2023,32.0012,31.9609,4096,257.2500,5,47.2700,1042,1
2024,32.0012,31.9609,4096,257.2500,5,47.2700,1042,1
2025,32.0012,31.9609,4096,257.2500,5,47.2700,1043,1
2026,32.0012,31.9609,4096,257.2500,5,47.2700,1043,1
2027,32.0012,31.9609,4096,257.2500,5,47.2700,1043,1
2028,32.0012,31.9609,4096,257.2500,5,47.2700,1044,1
2029,32.0012,31.9609,4096,257.2500,5,47.2700,1044,1
2030,32.0012,31.9609,4096,257.2500,5,47.2700,1044,1
2031,32.0012,31.9609,4096,257.2500,5,47.2700,1044,1
2032,32.0012,31.9609,4096,257.2500,5,47.2700,1044,1
2033,32.0012,31.9609,4096,257.2500,5,47.2700,1044,1
2034,32.0012,31.9609,4096,257.2500,5,47.2700,1045,1
2035,32.0012,31.9609,4096,257.2500,5,47.2700,1046,1
2036,32.0012,31.9609,4096,257.2500,5,47.2700,1047,1
2037,32.0012,31.9609,4096,257.2500,5,47.2700,1048,1
2038,32.0012,31.9609,4096,257.2500,5,47.2700,1049,1
2039,32.0012,31.9609,4096,257.2500,5,47.2700,1049,1
2040,32.0012,31.9609,4096,257.2500,5,47.2700,1050,1
2041,32.0012,31.9609,4096,257.2500,5,47.2700,1050,1
2042,32.0012,31.9609,4096,257.2500,5,47.2700,1050,1
2043,32.0012,31.9609,4096,257.2500,5,47.2700,1051,1
2044,32.0012,31.9609,4096,257.2500,5,47.2700,1052,1
2045,32.0012,31.9609,4096,257.2500,5,47.2700,1053,1
2046,32.0012,31.9609,4096,257.2500,5,47.2700,1054,1
2047,32.0012,31.9609,4096,257.2500,5,47.2700,1054,1
2048,32.0012,31.9609,4096,257.2500,5,47.2700,1055,1
2049,32.0012,31.9609,4096,257.2500,5,47.2700,1056,1
2050,32.0012,31.9609,4096,257.2500,5,47.2700,1056,1
2051,32.0012,31.9609,4096,257.2500,5,47.2700,1056,1
2052,32.0012,31.9609,4096,257.2500,5,47.2700,1056,1
2053,32.0012,31.9609,4096,257.2500,5,47.2700,1056,1
2054,32.0012,31.9609,4096,257.2500,5,47.2700,1056,1
2055,32.0012,31.9609,4096,257.2500,5,47.2700,1056,1
2056,32.0012,31.9609,4096,257.2500,5,47.2700,1056,1
2057,32.0012,31.9609,4096,257.2500,5,47.2700,1057,1
2058,32.0012,31.9609,4096,257.2500,5,47.2700,1058,1
2059,32.0012,31.9609,4096,257.2500,5,47.2700,1058,1
2060,32.0012,31.9609,4096,257.2500,5,47.2700,1058,1
2061,32.0012,31.9609,4096,257.2500,5,47.2700,1058,1
2062,32.0012,31.9609,4096,257.2500,5,47.2700,1058,1
2063,32.0012,31.9609,4096,257.2500,5,47.2700,1059,1
2064,32.0012,31.9609,4096,257.2500,5,47.2700,1059,1
2065,32.0012,31.9609,4096,257.2500,5,47.2700,1060,1
2066,32.0012,31.9609,4096,257.2500,5,47.2700,1060,1
2067,32.0012,31.9609,4096,257.2500,5,47.2700,1061,1
2068,32.0012,31.9609,4096,257.2500,5,47.2700,1062,1
2069,32.0012,31.9609,4096,257.2500,5,47.2700,1062,1
2070,32.0012,31.9609,4096,257.2500,5,47.2700,1062,1
2071,32.0012,31.9609,4096,257.2500,5,47.2700,1062,1
2072,32.0012,31.9609,4096,257.2500,5,47.2700,1062,1
2073,32.0012,31.9609,4096,257.2500,5,47.2700,1062,1
2074,32.0012,31.9609,4096,257.2500,5,47.2700,1063,1
2075,32.0012,31.9609,4096,257.2500,5,47.2700,1063,1
2076,32.0012,31.9609,4096,257.2500,5,47.2700,1064,1
2077,32.0012,31.9609,4096,257.2500,5,47.2700,1065,1
2078,32.0012,31.9609,4096,257.2500,5,47.2700,1065,1
2079,32.0012,31.9609,4096,257.2500,5,47.2700,1065,1
2080,32.0012,31.9609,4096,257.2500,5,47.2700,1065,1
2081,32.0012,31.9609,4096,257.2500,5,47.2700,1065,1
2082,32.0012,31.9609,4096,257.2500,5,47.2700,1066,1
2083,32.0012,31.9609,4096,257.2500,5,47.2700,1067,1
2084,32.0012,31.9609,4096,257.2500,5,47.2700,1067,1
2085,32.0012,31.9609,4096,257.2500,5,47.2700,1067,1
2086,32.0012,31.9609,4096,257.2500,5,47.2700,1067,1
2087,32.0012,31.9609,4096,257.2500,5,47.2700,1067,1
2088,32.0012,31.9609,4096,257.2500,5,47.2700,1068,1
2089,32.0012,31.9609,4096,257.2500,5,47.2700,1069,1
2090,32.0012,31.9609,4096,257.2500,5,47.2700,1070,1
2091,32.0012,31.9609,4096,257.2500,5,47.2700,1070,1
2092,32.0012,31.9609,4096,257.2500,5,47.2700,1070,1
2093,32.0012,31.9609,4096,257.2500,5,47.2700,1071,1
2094,32.0012,31.9609,4096,257.2500,5,47.2700,1071,1
2095,32.0012,31.9609,4096,257.2500,5,47.2700,1071,1
2096,32.0012,31.9609,4096,257.2500,5,47.2700,1071,1
2097,32.0012,31.9609,4096,257.2500,5,47.2700,1072,1
2098,32.0012,31.9609,4096,257.2500,5,47.2700,1073,1
2099,32.0012,31.9609,4096,257.2500,5,47.2700,1073,1
2100,32.0012,31.9609,4096,257.2500,5,47.2700,1073,1
2101,32.0012,31.9609,4096,257.2500,5,47.2700,1073,1
2102,32.0012,31.9609,4096,257.2500,5,47.2700,1074,1
2103,32.0012,31.9609,4096,257.2500,5,47.2700,1074,1
2104,32.0012,31.9609,4096,257.2500,5,47.2700,1075,1
2105,32.0012,31.9609,4096,257.2500,5,47.2700,1076,1
2106,32.0012,31.9609,4096,257.2500,5,47.2700,1077,1
2107,32.0012,31.9609,4096,257.2500,5,47.2700,1077,1
2108,32.0012,31.9609,4096,257.2500,5,47.2700,1078,1
2109,32.0012,31.9609,4096,257.2500,5,47.2700,1078,1
2110,32.0012,31.9609,4096,257.2500,5,47.2700,1078,1
2111,32.0012,31.9609,4096,257.2500,5,47.2700,1078,1
2112,32.0012,31.9609,4096,257.2500,5,47.2700,1079,1
2113,32.0012,31.9609,4096,257.2500,5,47.2700,1079,1
2114,32.0012,31.9609,4096,257.2500,5,47.2700,1079,1
2115,32.0012,31.9609,4096,257.2500,5,47.2700,1080,1
2116,32.0012,31.9609,4096,257.2500,5,47.2700,1081,1
2117,32.0012,31.9609,4096,257.2500,5,47.2700,1081,1
2118,32.0012,31.9609,4096,257.2500,5,47.2700,1082,1
2119,32.0012,31.9609,4096,257.2500,5,47.2700,1083,1
2120,32.0012,31.9609,4096,257.2500,5,47.2700,1083,1
2121,32.0012,31.9609,4096,257.2500,5,47.2700,1084,1
2122,32.0012,31.9609,4096,257.2500,5,47.2700,1084,1
2123,32.0012,31.9609,4096,257.2500,5,47.2700,1085,1
2124,32.0012,31.9609,4096,257.2500,5,47.2700,1086,1
2125,32.0012,31.9609,4096,257.2500,5,47.2700,1086,1
2126,32.0012,31.9609,4096,257.2500,5,47.2700,1086,1
2127,32.0012,31.9609,4096,257.2500,5,47.2700,1087,1
2128,32.0012,31.9609,4096,257.2500,5,47.2700,1087,1
2129,32.0012,31.9609,4096,257.2500,5,47.2700,1087,1
2130,32.0012,31.9609,4096,257.2500,5,47.2700,1088,1
2131,32.0012,31.9609,4096,257.2500,5,47.2700,1088,1
2132,32.0012,31.9609,4096,257.2500,5,47.2700,1089,1
2133,32.0012,31.9609,4096,257.2500,5,47.2700,1089,1
2134,32.0012,31.9609,4096,257.2500,5,47.2700,1090,1
2135,32.0012,31.9609,4096,257.2500,5,47.2700,1091,1
2136,32.0012,31.9609,4096,257.2500,5,47.2700,1091,1
2137,32.0012,31.9609,4096,257.2500,5,47.2700,1092,1
2138,32.0012,31.9609,4096,257.2500,5,47.2700,1092,1
2139,32.0012,31.9609,4096,257.2500,5,47.2700,1092,1
2140,32.0012,31.9609,4096,257.2500,5,47.2700,1093,1
2141,32.0012,31.9609,4096,257.2500,5,47.2700,1093,1
2142,32.0012,31.9609,4096,257.2500,5,47.2700,1093,1
2143,32.0012,31.9609,4096,257.2500,5,47.2700,1094,1
2144,32.0012,31.9609,4096,257.2500,5,47.2700,1094,1
2145,32.0012,31.9609,4096,257.2500,5,47.2700,1094,1
2146,32.0012,31.9609,4096,257.2500,5,47.2700,1095,1
2147,32.0012,31.9609,4096,257.2500,5,47.2700,1096,1
2148,32.0012,31.9609,4096,257.2500,5,47.2700,1096,1
2149,32.0012,31.9609,4096,257.2500,5,47.2700,1096,1
2150,32.0012,31.9609,4096,257.2500,5,47.2700,1097,1
2151,32.0012,31.9609,4096,257.2500,5,47.2700,1098,1
2152,32.0012,31.9609,4096,257.2500,5,47.2700,1099,1
2153,32.0012,31.9609,4096,257.2500,5,47.2700,1100,1
2154,32.0012,31.9609,4096,257.2500,5,47.2700,1100,1
2155,32.0012,31.9609,4096,257.2500,5,47.2700,1101,1
2156,32.0012,31.9609,4096,257.2500,5,47.2700,1101,1
2157,32.0012,31.9609,4096,257.2500,5,47.2700,1101,1
2158,32.0012,31.9609,4096,257.2500,5,47.2700,1101,1
2159,32.0012,31.9609,4096,257.2500,5,47.2700,1102,1
2160,32.0012,31.9609,4096,257.2500,5,47.2700,1102,1
2161,32.0012,31.9609,4096,257.2500,5,47.2700,1102,1
2162,32.0012,31.9609,4096,257.2500,5,47.2700,1103,1
2163,32.0012,31.9609,4096,257.2500,5,47.2700,1104,1
2164,32.0012,31.9609,4096,257.2500,5,47.2700,1104,1
2165,32.0012,31.9609,4096,257.2500,5,47.2700,1105,1
2166,32.0012,31.9609,4096,257.2500,5,47.2700,1105,1
2167,32.0012,31.9609,4096,257.2500,5,47.2700,1106,1
2168,32.0012,31.9609,4096,257.2500,5,47.2700,1106,1
2169,32.0012,31.9609,4096,257.2500,5,47.2700,1107,1
2170,32.0012,31.9609,4096,257.2500,5,47.2700,1107,1
2171,32.0012,31.9609,4096,257.2500,5,47.2700,1107,1
2172,32.0012,31.9609,4096,257.2500,5,47.2700,1107,1
2173,32.0012,31.9609,4096,257.2500,5,47.2700,1108,1
2174,32.0012,31.9609,4096,257.2500,5,47.2700,1108,1
2175,32.0012,31.9609,4096,257.2500,5,47.2700,1108,1
2176,32.0012,31.9609,4096,257.2500,5,47.2700,1109,1
2177,32.0012,31.9609,4096,257.2500,5,47.2700,1110,1
2178,32.0012,31.9609,4096,257.2500,5,47.2700,1110,1
2179,32.0012,31.9609,4096,257.2500,5,47.2700,1110,1
2180,32.0012,31.9609,4096,257.2500,5,47.2700,1110,1
2181,32.0012,31.9609,4096,257.2500,5,47.2700,1110,1
2182,32.0012,31.9609,4096,257.2500,5,47.2700,1110,1
2183,32.0012,31.9609,4096,257.2500,5,47.2700,1110,1
2184,32.0012,31.9609,4096,257.2500,5,47.2700,1111,1
2185,32.0012,31.9609,4096,257.2500,5,47.2700,1112,1
2186,32.0012,31.9609,4096,257.2500,5,47.2700,1112,1
2187,32.0012,31.9609,4096,257.2500,5,47.2700,1113,1
2188,32.0012,31.9609,4096,257.2500,5,47.2700,1113,1
2189,32.0012,31.9609,4096,257.2500,5,47.2700,1114,1
2190,32.0012,31.9609,4096,257.2500,5,47.2700,1114,1
2191,32.0012,31.9609,4096,257.2500,5,47.2700,1115,1
2192,32.0012,31.9609,4096,257.2500,5,47.2700,1116,1
2193,32.0012,31.9609,4096,257.2500,5,47.2700,1117,1
2194,32.0012,31.9609,4096,257.2500,5,47.2700,1117,1
2195,32.0012,31.9609,4096,257.2500,5,47.2700,1117,1
2196,32.0012,31.9609,4096,257.2500,5,47.2700,1118,1
2197,32.0012,31.9609,4096,257.2500,5,47.2700,1118,1
2198,32.0012,31.9609,4096,257.2500,5,47.2700,1119,1
2199,32.0012,31.9609,4096,257.2500,5,47.2700,1119,1
2200,32.0012,31.9609,4096,257.2500,5,47.2700,1120,1
2201,32.0012,31.9609,4096,257.2500,5,47.2700,1121,1
2202,32.0012,31.9609,4096,257.2500,5,47.2700,1122,1
2203,32.0012,31.9609,4096,257.2500,5,47.2700,1122,1
2204,32.0012,31.9609,4096,257.2500,5,47.2700,1122,1
2205,32.0012,31.9609,4096,257.2500,5,47.2700,1122,1
2206,32.0012,31.9609,4096,257.2500,5,47.2700,1122,1
2207,32.0012,31.9609,4096,257.2500,5,47.2700,1122,1
2208,32.0012,31.9609,4096,257.2500,5,47.2700,1122,1
2209,32.0012,31.9609,4096,257.2500,5,47.2700,1122,1
2210,32.0012,31.9609,4096,257.2500,5,47.2700,1122,1
2211,32.0012,31.9609,4096,257.2500,5,47.2700,1122,1
2212,32.0012,31.9609,4096,257.2500,5,47.2700,1123,1
2213,32.0012,31.9609,4096,257.2500,5,47.2700,1123,1
2214,32.0012,31.9609,4096,257.2500,5,47.2700,1123,1
2215,32.0012,31.9609,4096,257.2500,5,47.2700,1124,1
2216,32.0012,31.9609,4096,257.2500,5,47.2700,1125,1
2217,32.0012,31.9609,4096,257.2500,5,47.2700,1125,1
2218,32.0012,31.9609,4096,257.2500,5,47.2700,1125,1
2219,32.0012,31.9609,4096,257.2500,5,47.2700,1126,1
2220,32.0012,31.9609,4096,257.2500,5,47.2700,1126,1
2221,32.0012,31.9609,4096,257.2500,5,47.2700,1126,1
2222,32.0012,31.9609,4096,257.2500,5,47.2700,1127,1
2223,32.0012,31.9609,4096,257.2500,5,47.2700,1128,1
2224,32.0012,31.9609,4096,257.2500,5,47.2700,1129,1
2225,32.0012,31.9609,4096,257.2500,5,47.2700,1129,1
2226,32.0012,31.9609,4096,257.2500,5,47.2700,1130,1
2227,32.0012,31.9609,4096,257.2500,5,47.2700,1131,1
2228,32.0012,31.9609,4096,257.2500,5,47.2700,1131,1
2229,32.0012,31.9609,4096,257.2500,5,47.2700,1131,1
2230,32.0012,31.9609,4096,257.2500,5,47.2700,1131,1
2231,32.0012,31.9609,4096,257.2500,5,47.2700,1131,1
2232,32.0012,31.9609,4096,257.2500,5,47.2700,1132,1
2233,32.0012,31.9609,4096,257.2500,5,47.2700,1132,1
2234,32.0012,31.9609,4096,257.2500,5,47.2700,1133,1
2235,32.0012,31.9609,4096,257.2500,5,47.2700,1133,1
2236,32.0012,31.9609,4096,257.2500,5,47.2700,1134,1
2237,32.0012,31.9609,4096,257.2500,5,47.2700,1134,1
2238,32.0012,31.9609,4096,257.2500,5,47.2700,1135,1
2239,32.0012,31.9609,4096,257.2500,5,47.2700,1135,1
2240,32.0012,31.9609,4096,257.2500,5,47.2700,1136,1
2241,32.0012,31.9609,4096,257.2500,5,47.2700,1136,1
2242,32.0012,31.9609,4096,257.2500,5,47.2700,1137,1
2243,32.0012,31.9609,4096,257.2500,5,47.2700,1137,1
2244,32.0012,31.9609,4096,257.2500,5,47.2700,1138,1
2245,32.0012,31.9609,4096,257.2500,5,47.2700,1138,1
2246,32.0012,31.9609,4096,257.2500,5,47.2700,1138,1
2247,32.0012,31.9609,4096,257.2500,5,47.2700,1139,1
2248,32.0012,31.9609,4096,257.2500,5,47.2700,1140,1
2249,32.0012,31.9609,4096,257.2500,5,47.2700,1140,1
2250,32.0012,31.9609,4096,257.2500,5,47.2700,1140,1
2251,32.0012,31.9609,4096,257.2500,5,47.2700,1141,1
2252,32.0012,31.9609,4096,257.2500,5,47.2700,1142,1
2253,32.0012,31.9609,4096,257.2500,5,47.2700,1142,1
2254,32.0012,31.9609,4096,257.2500,5,47.2700,1143,1
2255,32.0012,31.9609,4096,257.2500,5,47.2700,1144,1
2256,32.0012,31.9609,4096,257.2500,5,47.2700,1145,1
2257,32.0012,31.9609,4096,257.2500,5,47.2700,1145,1
2258,32.0012,31.9609,4096,257.2500,5,47.2700,1146,1
2259,32.0012,31.9609,4096,257.2500,5,47.2700,1147,1
2260,32.0012,31.9609,4096,257.2500,5,47.2700,1147,1
2261,32.0012,31.9609,4096,257.2500,5,47.2700,1147,1
2262,32.0012,31.9609,4096,257.2500,5,47.2700,1147,1
2263,32.0012,31.9609,4096,257.2500,5,47.2700,1147,1
2264,32.0012,31.9609,4096,257.2500,5,47.2700,1148,1
2265,32.0012,31.9609,4096,257.2500,5,47.2700,1149,1
2266,32.0012,31.9609,4096,257.2500,5,47.2700,1150,1
2267,32.0012,31.9609,4096,257.2500,5,47.2700,1150,1
2268,32.0012,31.9609,4096,257.2500,5,47.2700,1150,1
2269,32.0012,31.9609,4096,257.2500,5,47.2700,1151,1
2270,32.0012,31.9609,4096,257.2500,5,47.2700,1152,1
2271,32.0012,31.9609,4096,257.2500,5,47.2700,1152,1
2272,32.0012,31.9609,4096,257.2500,5,47.2700,1152,1
2273,32.0012,31.9609,4096,257.2500,5,47.2700,1153,1
2274,32.0012,31.9609,4096,257.2500,5,47.2700,1154,1
2275,32.0012,31.9609,4096,257.2500,5,47.2700,1154,1
2276,32.0012,31.9609,4096,257.2500,5,47.2700,1154,1
2277,32.0012,31.9609,4096,257.2500,5,47.2700,1154,1
2278,32.0012,31.9609,4096,257.2500,5,47.2700,1155,1
2279,32.0012,31.9609,4096,257.2500,5,47.2700,1155,1
2280,32.0012,31.9609,4096,257.2500,5,47.2700,1155,1
2281,32.0012,31.9609,4096,257.2500,5,47.2700,1155,1
2282,32.0012,31.9609,4096,257.2500,5,47.2700,1156,1
2283,32.0012,31.9609,4096,257.2500,5,47.2700,1156,1
2284,32.0012,31.9609,4096,257.2500,5,47.2700,1157,1
2285,32.0012,31.9609,4096,257.2500,5,47.2700,1157,1
2286,32.0012,31.9609,4096,257.2500,5,47.2700,1157,1
2287,32.0012,31.9609,4096,257.2500,5,47.2700,1157,1
2288,32.0012,31.9609,4096,257.2500,5,47.2700,1157,1
2289,32.0012,31.9609,4096,257.2500,5,47.2700,1157,1
2290,32.0012,31.9609,4096,257.2500,5,47.2700,1157,1
2291,32.0012,31.9609,4096,257.2500,5,47.2700,1157,1
2292,32.0012,31.9609,4096,257.2500,5,47.2700,1158,1
2293,32.0012,31.9609,4096,257.2500,5,47.2700,1158,1
2294,32.0012,31.9609,4096,257.2500,5,47.2700,1159,1
2295,32.0012,31.9609,4096,257.2500,5,47.2700,1159,1
2296,32.0012,31.9609,4096,257.2500,5,47.2700,1159,1
2297,32.0012,31.9609,4096,257.2500,5,47.2700,1159,1
2298,32.0012,31.9609,4096,257.2500,5,47.2700,1160,1
2299,32.0012,31.9609,4096,257.2500,5,47.2700,1161,1
2300,32.0012,31.9609,4096,257.2500,5,47.2700,1162,1
2301,32.0012,31.9609,4096,257.2500,5,47.2700,1163,1
2302,32.0012,31.9609,4096,257.2500,5,47.2700,1164,1
2303,32.0012,31.9609,4096,257.2500,5,47.2700,1164,1
2304,32.0012,31.9609,4096,257.2500,5,47.2700,1165,1
2305,32.0012,31.9609,4096,257.2500,5,47.2700,1166,1
2306,32.0012,31.9609,4096,257.2500,5,47.2700,1166,1
2307,32.0012,31.9609,4096,257.2500,5,47.2700,1166,1
2308,32.0012,31.9609,4096,257.2500,5,47.2700,1166,1
2309,32.0012,31.9609,4096,257.2500,5,47.2700,1167,1
2310,32.0012,31.9609,4096,257.2500,5,47.2700,1168,1
2311,32.0012,31.9609,4096,257.2500,5,47.2700,1168,1
2312,32.0012,31.9609,4096,257.2500,5,47.2700,1168,1
2313,32.0012,31.9609,4096,257.2500,5,47.2700,1169,1
2314,32.0012,31.9609,4096,257.2500,5,47.2700,1170,1
2315,32.0012,31.9609,4096,257.2500,5,47.2700,1171,1
2316,32.0012,31.9609,4096,257.2500,5,47.2700,1171,1
2317,32.0012,31.9609,4096,257.2500,5,47.2700,1171,1
2318,32.0012,31.9609,4096,257.2500,5,47.2700,1171,1
2319,32.0012,31.9609,4096,257.2500,5,47.2700,1172,1
2320,32.0012,31.9609,4096,257.2500,5,47.2700,1172,1
2321,32.0012,31.9609,4096,257.2500,5,47.2700,1172,1
2322,32.0012,31.9609,4096,257.2500,5,47.2700,1173,1
2323,32.0012,31.9609,4096,257.2500,5,47.2700,1173,1
2324,32.0012,31.9609,4096,257.2500,5,47.2700,1173,1
2325,32.0012,31.9609,4096,257.2500,5,47.2700,1173,1
2326,32.0012,31.9609,4096,257.2500,5,47.2700,1173,1
2327,32.0012,31.9609,4096,257.2500,5,47.2700,1174,1
2328,32.0012,31.9609,4096,257.2500,5,47.2700,1174,1
2329,32.0012,31.9609,4096,257.2500,5,47.2700,1175,1
2330,32.0012,31.9609,4096,257.2500,5,47.2700,1175,1
2331,32.0012,31.9609,4096,257.2500,5,47.2700,1175,1
2332,32.0012,31.9609,4096,257.2500,5,47.2700,1175,1
2333,32.0012,31.9609,4096,257.2500,5,47.2700,1175,1
2334,32.0012,31.9609,4096,257.2500,5,47.2700,1175,1
2335,32.0012,31.9609,4096,257.2500,5,47.2700,1176,1
2336,32.0012,31.9609,4096,257.2500,5,47.2700,1177,1
2337,32.0012,31.9609,4096,257.2500,5,47.2700,1178,1
2338,32.0012,31.9609,4096,257.2500,5,47.2700,1178,1
2339,32.0012,31.9609,4096,257.2500,5,47.2700,1179,1
2340,32.0012,31.9609,4096,257.2500,5,47.2700,1179,1
2341,32.0012,31.9609,4096,257.2500,5,47.2700,1179,1
2342,32.0012,31.9609,4096,257.2500,5,47.2700,1180,1
2343,32.0012,31.9609,4096,257.2500,5,47.2700,1180,1
2344,32.0012,31.9609,4096,257.2500,5,47.2700,1180,1
2345,32.0012,31.9609,4096,257.2500,5,47.2700,1180,1
2346,32.0012,31.9609,4096,257.2500,5,47.2700,1181,1
2347,32.0012,31.9609,4096,257.2500,5,47.2700,1181,1
2348,32.0012,31.9609,4096,257.2500,5,47.2700,1182,1
2349,32.0012,31.9609,4096,257.2500,5,47.2700,1182,1
2350,32.0012,31.9609,4096,257.2500,5,47.2700,1183,1
2351,32.0012,31.9609,4096,257.2500,5,47.2700,1184,1
2352,32.0012,31.9609,4096,257.2500,5,47.2700,1184,1
2353,32.0012,31.9609,4096,257.2500,5,47.2700,1184,1
2354,32.0012,31.9609,4096,257.2500,5,47.2700,1184,1
2355,32.0012,31.9609,4096,257.2500,5,47.2700,1184,1
2356,32.0012,31.9609,4096,257.2500,5,47.2700,1184,1
2357,32.0012,31.9609,4096,257.2500,5,47.2700,1184,1
2358,32.0012,31.9609,4096,257.2500,5,47.2700,1184,1
2359,32.0012,31.9609,4096,257.2500,5,47.2700,1184,1
2360,32.0012,31.9609,4096,257.2500,5,47.2700,1184,1
2361,32.0012,31.9609,4096,257.2500,5,47.2700,1184,1
2362,32.0012,31.9609,4096,257.2500,5,47.2700,1184,1
2363,32.0012,31.9609,4096,257.2500,5,47.2700,1184,1
2364,32.0012,31.9609,4096,257.2500,5,47.2700,1185,1
2365,32.0012,31.9609,4096,257.2500,5,47.2700,1186,1
2366,32.0012,31.9609,4096,257.2500,5,47.2700,1186,1
2367,32.0012,31.9609,4096,257.2500,5,47.2700,1187,1
2368,32.0012,31.9609,4096,257.2500,5,47.2700,1187,1
2369,32.0012,31.9609,4096,257.2500,5,47.2700,1187,1
2370,32.0012,31.9609,4096,257.2500,5,47.2700,1187,1
2371,32.0012,31.9609,4096,257.2500,5,47.2700,1187,1
2372,32.0012,31.9609,4096,257.2500,5,47.2700,1187,1
2373,32.0012,31.9609,4096,257.2500,5,47.2700,1187,1
2374,32.0012,31.9609,4096,257.2500,5,47.2700,1187,1
2375,32.0012,31.9609,4096,257.2500,5,47.2700,1188,1
2376,32.0012,31.9609,4096,257.2500,5,47.2700,1189,1
2377,32.0012,31.9609,4096,257.2500,5,47.2700,1190,1
2378,32.0012,31.9609,4096,257.2500,5,47.2700,1190,1
2379,32.0012,31.9609,4096,257.2500,5,47.2700,1190,1
2380,32.0012,31.9609,4096,257.2500,5,47.2700,1190,1
2381,32.0012,31.9609,4096,257.2500,5,47.2700,1191,1
2382,32.0012,31.9609,4096,257.2500,5,47.2700,1192,1
2383,32.0012,31.9609,4096,257.2500,5,47.2700,1192,1
2384,32.0012,31.9609,4096,257.2500,5,47.2700,1192,1
2385,32.0012,31.9609,4096,257.2500,5,47.2700,1193,1
2386,32.0012,31.9609,4096,257.2500,5,47.2700,1193,1
2387,32.0012,31.9609,4096,257.2500,5,47.2700,1193,1
2388,32.0012,31.9609,4096,257.2500,5,47.2700,1194,1
2389,32.0012,31.9609,4096,257.2500,5,47.2700,1194,1
2390,32.0012,31.9609,4096,257.2500,5,47.2700,1195,1
2391,32.0012,31.9609,4096,257.2500,5,47.2700,1195,1
2392,32.0012,31.9609,4096,257.2500,5,47.2700,1196,1
2393,32.0012,31.9609,4096,257.2500,5,47.2700,1196,1
2394,32.0012,31.9609,4096,257.2500,5,47.2700,1197,1
2395,32.0012,31.9609,4096,257.2500,5,47.2700,1197,1
2396,32.0012,31.9609,4096,257.2500,5,47.2700,1197,1
2397,32.0012,31.9609,4096,257.2500,5,47.2700,1197,1
2398,32.0012,31.9609,4096,257.2500,5,47.2700,1197,1
2399,32.0012,31.9609,4096,257.2500,5,47.2700,1197,1
2400,32.0012,31.9609,4096,257.2500,5,47.2700,1197,1
2401,32.0012,31.9609,4096,257.2500,5,47.2700,1197,1
2402,32.0012,31.9609,4096,257.2500,5,47.2700,1197,1
2403,32.0012,31.9609,4096,257.2500,5,47.2700,1198,1
2404,32.0012,31.9609,4096,257.2500,5,47.2700,1198,1
2405,32.0012,31.9609,4096,257.2500,5,47.2700,1199,1
2406,32.0012,31.9609,4096,257.2500,5,47.2700,1199,1
2407,32.0012,31.9609,4096,257.2500,5,47.2700,1200,1
2408,32.0012,31.9609,4096,257.2500,5,47.2700,1201,1
2409,32.0012,31.9609,4096,257.2500,5,47.2700,1201,1
2410,32.0012,31.9609,4096,257.2500,5,47.2700,1201,1
2411,32.0012,31.9609,4096,257.2500,5,47.2700,1202,1
2412,32.0012,31.9609,4096,257.2500,5,47.2700,1202,1
2413,32.0012,31.9609,4096,257.2500,5,47.2700,1203,1
2414,32.0012,31.9609,4096,257.2500,5,47.2700,1203,1
2415,32.0012,31.9609,4096,257.2500,5,47.2700,1204,1
2416,32.0012,31.9609,4096,257.2500,5,47.2700,1204,1
2417,32.0012,31.9609,4096,257.2500,5,47.2700,1204,1
2418,32.0012,31.9609,4096,257.2500,5,47.2700,1204,1
2419,32.0012,31.9609,4096,257.2500,5,47.2700,1205,1
2420,32.0012,31.9609,4096,257.2500,5,47.2700,1205,1
2421,32.0012,31.9609,4096,257.2500,5,47.2700,1205,1
2422,32.0012,31.9609,4096,257.2500,5,47.2700,1206,1
2423,32.0012,31.9609,4096,257.2500,5,47.2700,1207,1
2424,32.0012,31.9609,4096,257.2500,5,47.2700,1208,1
2425,32.0012,31.9609,4096,257.2500,5,47.2700,1209,1
2426,32.0012,31.9609,4096,257.2500,5,47.2700,1210,1
2427,32.0012,31.9609,4096,257.2500,5,47.2700,1210,1
2428,32.0012,31.9609,4096,257.2500,5,47.2700,1210,1
2429,32.0012,31.9609,4096,257.2500,5,47.2700,1211,1
2430,32.0012,31.9609,4096,257.2500,5,47.2700,1211,1
2431,32.0012,31.9609,4096,257.2500,5,47.2700,1211,1
2432,32.0012,31.9609,4096,257.2500,5,47.2700,1212,1
2433,32.0012,31.9609,4096,257.2500,5,47.2700,1213,1
2434,32.0012,31.9609,4096,257.2500,5,47.2700,1214,1
2435,32.0012,31.9609,4096,257.2500,5,47.2700,1215,1
2436,32.0012,31.9609,4096,257.2500,5,47.2700,1216,1
2437,32.0012,31.9609,4096,257.2500,5,47.2700,1216,1
2438,32.0012,31.9609,4096,257.2500,5,47.2700,1217,1
2439,32.0012,31.9609,4096,257.2500,5,47.2700,1217,1
2440,32.0012,31.9609,4096,257.2500,5,47.2700,1218,1
2441,32.0012,31.9609,4096,257.2500,5,47.2700,1219,1
2442,32.0012,31.9609,4096,257.2500,5,47.2700,1219,1
2443,32.0012,31.9609,4096,257.2500,5,47.2700,1219,1
2444,32.0012,31.9609,4096,257.2500,5,47.2700,1220,1
2445,32.0012,31.9609,4096,257.2500,5,47.2700,1221,1
2446,32.0012,31.9609,4096,257.2500,5,47.2700,1222,1
2447,32.0012,31.9609,4096,257.2500,5,47.2700,1223,1
2448,32.0012,31.9609,4096,257.2500,5,47.2700,1223,1
2449,32.0012,31.9609,4096,257.2500,5,47.2700,1223,1
2450,32.0012,31.9609,4096,257.2500,5,47.2700,1224,1
2451,32.0012,31.9609,4096,257.2500,5,47.2700,1224,1
2452,32.0012,31.9609,4096,257.2500,5,47.2700,1224,1
2453,32.0012,31.9609,4096,257.2500,5,47.2700,1225,1
2454,32.0012,31.9609,4096,257.2500,5,47.2700,1225,1
2455,32.0012,31.9609,4096,257.2500,5,47.2700,1226,1
2456,32.0012,31.9609,4096,257.2500,5,47.2700,1227,1
2457,32.0012,31.9609,4096,257.2500,5,47.2700,1228,1
2458,32.0012,31.9609,4096,257.2500,5,47.2700,1228,1
2459,32.0012,31.9609,4096,257.2500,5,47.2700,1228,1
2460,32.0012,31.9609,4096,257.2500,5,47.2700,1229,1
2461,32.0012,31.9609,4096,257.2500,5,47.2700,1229,1
2462,32.0012,31.9609,4096,257.2500,5,47.2700,1229,1
2463,32.0012,31.9609,4096,257.2500,5,47.2700,1229,1
2464,32.0012,31.9609,4096,257.2500,5,47.2700,1230,1
2465,32.0012,31.9609,4096,257.2500,5,47.2700,1231,1
2466,32.0012,31.9609,4096,257.2500,5,47.2700,1232,1
2467,32.0012,31.9609,4096,257.2500,5,47.2700,1232,1
2468,32.0012,31.9609,4096,257.2500,5,47.2700,1232,1
2469,32.0012,31.9609,4096,257.2500,5,47.2700,1232,1
2470,32.0012,31.9609,4096,257.2500,5,47.2700,1232,1
2471,32.0012,31.9609,4096,257.2500,5,47.2700,1233,1
2472,32.0012,31.9609,4096,257.2500,5,47.2700,1233,1
2473,32.0012,31.9609,4096,257.2500,5,47.2700,1233,1
2474,32.0012,31.9609,4096,257.2500,5,47.2700,1233,1
2475,32.0012,31.9609,4096,257.2500,5,47.2700,1233,1
2476,32.0012,31.9609,4096,257.2500,5,47.2700,1233,1
2477,32.0012,31.9609,4096,257.2500,5,47.2700,1233,1
2478,32.0012,31.9609,4096,257.2500,5,47.2700,1233,1
2479,32.0012,31.9609,4096,257.2500,5,47.2700,1234,1
2480,32.0012,31.9609,4096,257.2500,5,47.2700,1234,1
2481,32.0012,31.9609,4096,257.2500,5,47.2700,1234,1
2482,32.0012,31.9609,4096,257.2500,5,47.2700,1235,1
2483,32.0012,31.9609,4096,257.2500,5,47.2700,1236,1
2484,32.0012,31.9609,4096,257.2500,5,47.2700,1236,1
2485,32.0012,31.9609,4096,257.2500,5,47.2700,1236,1
2486,32.0012,31.9609,4096,257.2500,5,47.2700,1236,1
2487,32.0012,31.9609,4096,257.2500,5,47.2700,1236,1
2488,32.0012,31.9609,4096,257.2500,5,47.2700,1237,1
2489,32.0012,31.9609,4096,257.2500,5,47.2700,1237,1
2490,32.0012,31.9609,4096,257.2500,5,47.2700,1237,1
2491,32.0012,31.9609,4096,257.2500,5,47.2700,1237,1
2492,32.0012,31.9609,4096,257.2500,5,47.2700,1237,1
2493,32.0012,31.9609,4096,257.2500,5,47.2700,1237,1
2494,32.0012,31.9609,4096,257.2500,5,47.2700,1237,1
2495,32.0012,31.9609,4096,257.2500,5,47.2700,1237,1
2496,32.0012,31.9609,4096,257.2500,5,47.2700,1237,1
2497,32.0012,31.9609,4096,257.2500,5,47.2700,1238,1
2498,32.0012,31.9609,4096,257.2500,5,47.2700,1238,1
2499,32.0012,31.9609,4096,257.2500,5,47.2700,1238,1
2500,32.0012,31.9609,4096,257.2500,5,47.2700,1238,1
2501,32.0012,31.9609,4096,257.2500,5,47.2700,1239,1
2502,32.0012,31.9609,4096,257.2500,5,47.2700,1240,1
2503,32.0012,31.9609,4096,257.2500,5,47.2700,1240,1
2504,32.0012,31.9609,4096,257.2500,5,47.2700,1240,1
2505,32.0012,31.9609,4096,257.2500,5,47.2700,1240,1
2506,32.0012,31.9609,4096,257.2500,5,47.2700,1240,1
2507,32.0012,31.9609,4096,257.2500,5,47.2700,1240,1
2508,32.0012,31.9609,4096,257.2500,5,47.2700,1240,1
2509,32.0012,31.9609,4096,257.2500,5,47.2700,1240,1
2510,32.0012,31.9609,4096,257.2500,5,47.2700,1240,1
2511,32.0012,31.9609,4096,257.2500,5,47.2700,1240,1
2512,32.0012,31.9609,4096,257.2500,5,47.2700,1241,1
2513,32.0012,31.9609,4096,257.2500,5,47.2700,1241,1
2514,32.0012,31.9609,4096,257.2500,5,47.2700,1242,1
2515,32.0012,31.9609,4096,257.2500,5,47.2700,1243,1
2516,32.0012,31.9609,4096,257.2500,5,47.2700,1243,1
2517,32.0012,31.9609,4096,257.2500,5,47.2700,1244,1
2518,32.0012,31.9609,4096,257.2500,5,47.2700,1245,1
2519,32.0012,31.9609,4096,257.2500,5,47.2700,1245,1
2520,32.0012,31.9609,4096,257.2500,5,47.2700,1245,1
2521,32.0012,31.9609,4096,257.2500,5,47.2700,1245,1
2522,32.0012,31.9609,4096,257.2500,5,47.2700,1246,1
2523,32.0012,31.9609,4096,257.2500,5,47.2700,1247,1
2524,32.0012,31.9609,4096,257.2500,5,47.2700,1247,1
2525,32.0012,31.9609,4096,257.2500,5,47.2700,1247,1
2526,32.0012,31.9609,4096,257.2500,5,47.2700,1248,1
2527,32.0012,31.9609,4096,257.2500,5,47.2700,1248,1
2528,32.0012,31.9609,4096,257.2500,5,47.2700,1249,1
2529,32.0012,31.9609,4096,257.2500,5,47.2700,1250,1
2530,32.0012,31.9609,4096,257.2500,5,47.2700,1251,1
2531,32.0012,31.9609,4096,257.2500,5,47.2700,1251,1
2532,32.0012,31.9609,4096,257.2500,5,47.2700,1252,1
2533,32.0012,31.9609,4096,257.2500,5,47.2700,1252,1
2534,32.0012,31.9609,4096,257.2500,5,47.2700,1252,1
2535,32.0012,31.9609,4096,257.2500,5,47.2700,1253,1
2536,32.0012,31.9609,4096,257.2500,5,47.2700,1254,1
2537,32.0012,31.9609,4096,257.2500,5,47.2700,1255,1
2538,32.0012,31.9609,4096,257.2500,5,47.2700,1255,1
2539,32.0012,31.9609,4096,257.2500,5,47.2700,1256,1
2540,32.0012,31.9609,4096,257.2500,5,47.2700,1256,1
2541,32.0012,31.9609,4096,257.2500,5,47.2700,1257,1
2542,32.0012,31.9609,4096,257.2500,5,47.2700,1257,1
2543,32.0012,31.9609,4096,257.2500,5,47.2700,1258,1
2544,32.0012,31.9609,4096,257.2500,5,47.2700,1259,1
2545,32.0012,31.9609,4096,257.2500,5,47.2700,1260,1
2546,32.0012,31.9609,4096,257.2500,5,47.2700,1261,1
2547,32.0012,31.9609,4096,257.2500,5,47.2700,1261,1
2548,32.0012,31.9609,4096,257.2500,5,47.2700,1261,1
2549,32.0012,31.9609,4096,257.2500,5,47.2700,1262,1
2550,32.0012,31.9609,4096,257.2500,5,47.2700,1263,1
2551,32.0012,31.9609,4096,257.2500,5,47.2700,1264,1
2552,32.0012,31.9609,4096,257.2500,5,47.2700,1264,1
2553,32.0012,31.9609,4096,257.2500,5,47.2700,1264,1
2554,32.0012,31.9609,4096,257.2500,5,47.2700,1264,1
2555,32.0012,31.9609,4096,257.2500,5,47.2700,1264,1
2556,32.0012,31.9609,4096,257.2500,5,47.2700,1264,1
2557,32.0012,31.9609,4096,257.2500,5,47.2700,1264,1
2558,32.0012,31.9609,4096,257.2500,5,47.2700,1264,1
2559,32.0012,31.9609,4096,257.2500,5,47.2700,1265,1
2560,32.0012,31.9609,4096,257.2500,5,47.2700,1266,1
2561,32.0012,31.9609,4096,257.2500,5,47.2700,1266,1
2562,32.0012,31.9609,4096,257.2500,5,47.2700,1266,1
2563,32.0012,31.9609,4096,257.2500,5,47.2700,1266,1
2564,32.0012,31.9609,4096,257.2500,5,47.2700,1267,1
2565,32.0012,31.9609,4096,257.2500,5,47.2700,1268,1
2566,32.0012,31.9609,4096,257.2500,5,47.2700,1268,1
2567,32.0012,31.9609,4096,257.2500,5,47.2700,1268,1
2568,32.0012,31.9609,4096,257.2500,5,47.2700,1268,1
2569,32.0012,31.9609,4096,257.2500,5,47.2700,1269,1
2570,32.0012,31.9609,4096,257.2500,5,47.2700,1269,1
2571,32.0012,31.9609,4096,257.2500,5,47.2700,1270,1
2572,32.0012,31.9609,4096,257.2500,5,47.2700,1270,1
2573,32.0012,31.9609,4096,257.2500,5,47.2700,1271,1
2574,32.0012,31.9609,4096,257.2500,5,47.2700,1271,1
2575,32.0012,31.9609,4096,257.2500,5,47.2700,1271,1
2576,32.0012,31.9609,4096,257.2500,5,47.2700,1272,1
2577,32.0012,31.9609,4096,257.2500,5,47.2700,1273,1
2578,32.0012,31.9609,4096,257.2500,5,47.2700,1273,1
2579,32.0012,31.9609,4096,257.2500,5,47.2700,1273,1
2580,32.0012,31.9609,4096,257.2500,5,47.2700,1273,1
2581,32.0012,31.9609,4096,257.2500,5,47.2700,1273,1
2582,32.0012,31.9609,4096,257.2500,5,47.2700,1274,1
2583,32.0012,31.9609,4096,257.2500,5,47.2700,1274,1
2584,32.0012,31.9609,4096,257.2500,5,47.2700,1274,1
2585,32.0012,31.9609,4096,257.2500,5,47.2700,1274,1
2586,32.0012,31.9609,4096,257.2500,5,47.2700,1274,1
2587,32.0012,31.9609,4096,257.2500,5,47.2700,1274,1
2588,32.0012,31.9609,4096,257.2500,5,47.2700,1275,1
2589,32.0012,31.9609,4096,257.2500,5,47.2700,1275,1
2590,32.0012,31.9609,4096,257.2500,5,47.2700,1275,1
2591,32.0012,31.9609,4096,257.2500,5,47.2700,1275,1
2592,32.0012,31.9609,4096,257.2500,5,47.2700,1276,1
2593,32.0012,31.9609,4096,257.2500,5,47.2700,1276,1
2594,32.0012,31.9609,4096,257.2500,5,47.2700,1276,1
2595,32.0012,31.9609,4096,257.2500,5,47.2700,1277,1
2596,32.0012,31.9609,4096,257.2500,5,47.2700,1277,1
2597,32.0012,31.9609,4096,257.2500,5,47.2700,1278,1
2598,32.0012,31.9609,4096,257.2500,5,47.2700,1279,1
2599,32.0012,31.9609,4096,257.2500,5,47.2700,1279,1
2600,32.0012,31.9609,4096,257.2500,5,47.2700,1279,1
2601,32.0012,31.9609,4096,257.2500,5,47.2700,1280,1
2602,32.0012,31.9609,4096,257.2500,5,47.2700,1281,1
2603,32.0012,31.9609,4096,257.2500,5,47.2700,1282,1
2604,32.0012,31.9609,4096,257.2500,5,47.2700,1282,1
2605,32.0012,31.9609,4096,257.2500,5,47.2700,1282,1
2606,32.0012,31.9609,4096,257.2500,5,47.2700,1282,1
2607,32.0012,31.9609,4096,257.2500,5,47.2700,1282,1
2608,32.0012,31.9609,4096,257.2500,5,47.2700,1283,1
2609,32.0012,31.9609,4096,257.2500,5,47.2700,1284,1
2610,32.0012,31.9609,4096,257.2500,5,47.2700,1284,1
2611,32.0012,31.9609,4096,257.2500,5,47.2700,1284,1
2612,32.0012,31.9609,4096,257.2500,5,47.2700,1285,1
2613,32.0012,31.9609,4096,257.2500,5,47.2700,1286,1
2614,32.0012,31.9609,4096,257.2500,5,47.2700,1286,1
2615,32.0012,31.9609,4096,257.2500,5,47.2700,1286,1
2616,32.0012,31.9609,4096,257.2500,5,47.2700,1287,1
2617,32.0012,31.9609,4096,257.2500,5,47.2700,1287,1
2618,32.0012,31.9609,4096,257.2500,5,47.2700,1287,1
2619,32.0012,31.9609,4096,257.2500,5,47.2700,1287,1
2620,32.0012,31.9609,4096,257.2500,5,47.2700,1287,1
2621,32.0012,31.9609,4096,257.2500,5,47.2700,1287,1
2622,32.0012,31.9609,4096,257.2500,5,47.2700,1288,1
2623,32.0012,31.9609,4096,257.2500,5,47.2700,1288,1
2624,32.0012,31.9609,4096,257.2500,5,47.2700,1289,1
2625,32.0012,31.9609,4096,257.2500,5,47.2700,1290,1
2626,32.0012,31.9609,4096,257.2500,5,47.2700,1291,1
2627,32.0012,31.9609,4096,257.2500,5,47.2700,1292,1
2628,32.0012,31.9609,4096,257.2500,5,47.2700,1293,1
2629,32.0012,31.9609,4096,257.2500,5,47.2700,1293,1
2630,32.0012,31.9609,4096,257.2500,5,47.2700,1294,1
2631,32.0012,31.9609,4096,257.2500,5,47.2700,1294,1
2632,32.0012,31.9609,4096,257.2500,5,47.2700,1295,1
2633,32.0012,31.9609,4096,257.2500,5,47.2700,1296,1
2634,32.0012,31.9609,4096,257.2500,5,47.2700,1297,1
2635,32.0012,31.9609,4096,257.2500,5,47.2700,1298,1
2636,32.0012,31.9609,4096,257.2500,5,47.2700,1298,1
2637,32.0012,31.9609,4096,257.2500,5,47.2700,1298,1
2638,32.0012,31.9609,4096,257.2500,5,47.2700,1298,1
2639,32.0012,31.9609,4096,257.2500,5,47.2700,1298,1
2640,32.0012,31.9609,4096,257.2500,5,47.2700,1298,1
2641,32.0012,31.9609,4096,257.2500,5,47.2700,1299,1
2642,32.0012,31.9609,4096,257.2500,5,47.2700,1300,1
2643,32.0012,31.9609,4096,257.2500,5,47.2700,1301,1
2644,32.0012,31.9609,4096,257.2500,5,47.2700,1301,1
2645,32.0012,31.9609,4096,257.2500,5,47.2700,1302,1
2646,32.0012,31.9609,4096,257.2500,5,47.2700,1303,1
2647,32.0012,31.9609,4096,257.2500,5,47.2700,1303,1
2648,32.0012,31.9609,4096,257.2500,5,47.2700,1303,1
2649,32.0012,31.9609,4096,257.2500,5,47.2700,1303,1
2650,32.0012,31.9609,4096,257.2500,5,47.2700,1304,1
2651,32.0012,31.9609,4096,257.2500,5,47.2700,1304,1
2652,32.0012,31.9609,4096,257.2500,5,47.2700,1304,1
2653,32.0012,31.9609,4096,257.2500,5,47.2700,1305,1
2654,32.0012,31.9609,4096,257.2500,5,47.2700,1305,1
2655,32.0012,31.9609,4096,257.2500,5,47.2700,1305,1
2656,32.0012,31.9609,4096,257.2500,5,47.2700,1305,1
2657,32.0012,31.9609,4096,257.2500,5,47.2700,1305,1
2658,32.0012,31.9609,4096,257.2500,5,47.2700,1305,1
2659,32.0012,31.9609,4096,257.2500,5,47.2700,1306,1
2660,32.0012,31.9609,4096,257.2500,5,47.2700,1307,1
2661,32.0012,31.9609,4096,257.2500,5,47.2700,1307,1
2662,32.0012,31.9609,4096,257.2500,5,47.2700,1308,1
2663,32.0012,31.9609,4096,257.2500,5,47.2700,1308,1
2664,32.0012,31.9609,4096,257.2500,5,47.2700,1308,1
2665,32.0012,31.9609,4096,257.2500,5,47.2700,1308,1
2666,32.0012,31.9609,4096,257.2500,5,47.2700,1309,1
2667,32.0012,31.9609,4096,257.2500,5,47.2700,1309,1
2668,32.0012,31.9609,4096,257.2500,5,47.2700,1310,1
2669,32.0012,31.9609,4096,257.2500,5,47.2700,1311,1
2670,32.0012,31.9609,4096,257.2500,5,47.2700,1311,1
2671,32.0012,31.9609,4096,257.2500,5,47.2700,1311,1
2672,32.0012,31.9609,4096,257.2500,5,47.2700,1311,1
2673,32.0012,31.9609,4096,257.2500,5,47.2700,1312,1
2674,32.0012,31.9609,4096,257.2500,5,47.2700,1313,1
2675,32.0012,31.9609,4096,257.2500,5,47.2700,1314,1
2676,32.0012,31.9609,4096,257.2500,5,47.2700,1315,1
2677,32.0012,31.9609,4096,257.2500,5,47.2700,1315,1
2678,32.0012,31.9609,4096,257.2500,5,47.2700,1315,1
2679,32.0012,31.9609,4096,257.2500,5,47.2700,1315,1
2680,32.0012,31.9609,4096,257.2500,5,47.2700,1315,1
2681,32.0012,31.9609,4096,257.2500,5,47.2700,1315,1
2682,32.0012,31.9609,4096,257.2500,5,47.2700,1316,1
2683,32.0012,31.9609,4096,257.2500,5,47.2700,1316,1
2684,32.0012,31.9609,4096,257.2500,5,47.2700,1317,1
2685,32.0012,31.9609,4096,257.2500,5,47.2700,1318,1
2686,32.0012,31.9609,4096,257.2500,5,47.2700,1318,1
2687,32.0012,31.9609,4096,257.2500,5,47.2700,1319,1
2688,32.0012,31.9609,4096,257.2500,5,47.2700,1319,1
2689,32.0012,31.9609,4096,257.2500,5,47.2700,1320,1
2690,32.0012,31.9609,4096,257.2500,5,47.2700,1320,1
2691,32.0012,31.9609,4096,257.2500,5,47.2700,1321,1
2692,32.0012,31.9609,4096,257.2500,5,47.2700,1322,1
2693,32.0012,31.9609,4096,257.2500,5,47.2700,1322,1
2694,32.0012,31.9609,4096,257.2500,5,47.2700,1323,1
2695,32.0012,31.9609,4096,257.2500,5,47.2700,1324,1
2696,32.0012,31.9609,4096,257.2500,5,47.2700,1324,1
2697,32.0012,31.9609,4096,257.2500,5,47.2700,1325,1
2698,32.0012,31.9609,4096,257.2500,5,47.2700,1326,1
2699,32.0012,31.9609,4096,257.2500,5,47.2700,1327,1
2700,32.0012,31.9609,4096,257.2500,5,47.2700,1327,1
2701,32.0012,31.9609,4096,257.2500,5,47.2700,1327,1
2702,32.0012,31.9609,4096,257.2500,5,47.2700,1327,1
2703,32.0012,31.9609,4096,257.2500,5,47.2700,1328,1
2704,32.0012,31.9609,4096,257.2500,5,47.2700,1328,1
2705,32.0012,31.9609,4096,257.2500,5,47.2700,1328,1
2706,32.0012,31.9609,4096,257.2500,5,47.2700,1328,1
2707,32.0012,31.9609,4096,257.2500,5,47.2700,1329,1
2708,32.0012,31.9609,4096,257.2500,5,47.2700,1329,1
2709,32.0012,31.9609,4096,257.2500,5,47.2700,1330,1
2710,32.0012,31.9609,4096,257.2500,5,47.2700,1331,1
2711,32.0012,31.9609,4096,257.2500,5,47.2700,1331,1
2712,32.0012,31.9609,4096,257.2500,5,47.2700,1332,1
2713,32.0012,31.9609,4096,257.2500,5,47.2700,1333,1
2714,32.0012,31.9609,4096,257.2500,5,47.2700,1333,1
2715,32.0012,31.9609,4096,257.2500,5,47.2700,1334,1
2716,32.0012,31.9609,4096,257.2500,5,47.2700,1334,1
2717,32.0012,31.9609,4096,257.2500,5,47.2700,1334,1
2718,32.0012,31.9609,4096,257.2500,5,47.2700,1335,1
2719,32.0012,31.9609,4096,257.2500,5,47.2700,1335,1
2720,32.0012,31.9609,4096,257.2500,5,47.2700,1335,1
2721,32.0012,31.9609,4096,257.2500,5,47.2700,1336,1
2722,32.0012,31.9609,4096,257.2500,5,47.2700,1336,1
2723,32.0012,31.9609,4096,257.2500,5,47.2700,1336,1
2724,32.0012,31.9609,4096,257.2500,5,47.2700,1336,1
2725,32.0012,31.9609,4096,257.2500,5,47.2700,1336,1
2726,32.0012,31.9609,4096,257.2500,5,47.2700,1336,1
2727,32.0012,31.9609,4096,257.2500,5,47.2700,1336,1
2728,32.0012,31.9609,4096,257.2500,5,47.2700,1337,1
2729,32.0012,31.9609,4096,257.2500,5,47.2700,1337,1
2730,32.0012,31.9609,4096,257.2500,5,47.2700,1337,1
2731,32.0012,31.9609,4096,257.2500,5,47.2700,1337,1
2732,32.0012,31.9609,4096,257.2500,5,47.2700,1337,1
2733,32.0012,31.9609,4096,257.2500,5,47.2700,1337,1
2734,32.0012,31.9609,4096,257.2500,5,47.2700,1337,1
2735,32.0012,31.9609,4096,257.2500,5,47.2700,1338,1
2736,32.0012,31.9609,4096,257.2500,5,47.2700,1339,1
2737,32.0012,31.9609,4096,257.2500,5,47.2700,1339,1
2738,32.0012,31.9609,4096,257.2500,5,47.2700,1340,1
2739,32.0012,31.9609,4096,257.2500,5,47.2700,1341,1
2740,32.0012,31.9609,4096,257.2500,5,47.2700,1342,1
2741,32.0012,31.9609,4096,257.2500,5,47.2700,1342,1
2742,32.0012,31.9609,4096,257.2500,5,47.2700,1342,1
2743,32.0012,31.9609,4096,257.2500,5,47.2700,1343,1
2744,32.0012,31.9609,4096,257.2500,5,47.2700,1343,1
2745,32.0012,31.9609,4096,257.2500,5,47.2700,1343,1
2746,32.0012,31.9609,4096,257.2500,5,47.2700,1343,1
2747,32.0012,31.9609,4096,257.2500,5,47.2700,1343,1
2748,32.0012,31.9609,4096,257.2500,5,47.2700,1344,1
2749,32.0012,31.9609,4096,257.2500,5,47.2700,1344,1
2750,32.0012,31.9609,4096,257.2500,5,47.2700,1344,1
2751,32.0012,31.9609,4096,257.2500,5,47.2700,1345,1
2752,32.0012,31.9609,4096,257.2500,5,47.2700,1345,1
2753,32.0012,31.9609,4096,257.2500,5,47.2700,1346,1
2754,32.0012,31.9609,4096,257.2500,5,47.2700,1347,1
2755,32.0012,31.9609,4096,257.2500,5,47.2700,1348,1
2756,32.0012,31.9609,4096,257.2500,5,47.2700,1349,1
2757,32.0012,31.9609,4096,257.2500,5,47.2700,1349,1
2758,32.0012,31.9609,4096,257.2500,5,47.2700,1350,1
2759,32.0012,31.9609,4096,257.2500,5,47.2700,1351,1
2760,32.0012,31.9609,4096,257.2500,5,47.2700,1352,1
2761,32.0012,31.9609,4096,257.2500,5,47.2700,1352,1
2762,32.0012,31.9609,4096,257.2500,5,47.2700,1352,1
2763,32.0012,31.9609,4096,257.2500,5,47.2700,1352,1
2764,32.0012,31.9609,4096,257.2500,5,47.2700,1352,1
2765,32.0012,31.9609,4096,257.2500,5,47.2700,1353,1
2766,32.0012,31.9609,4096,257.2500,5,47.2700,1353,1
2767,32.0012,31.9609,4096,257.2500,5,47.2700,1353,1
2768,32.0012,31.9609,4096,257.2500,5,47.2700,1353,1
2769,32.0012,31.9609,4096,257.2500,5,47.2700,1354,1
2770,32.0012,31.9609,4096,257.2500,5,47.2700,1354,1
2771,32.0012,31.9609,4096,257.2500,5,47.2700,1355,1
2772,32.0012,31.9609,4096,257.2500,5,47.2700,1355,1
2773,32.0012,31.9609,4096,257.2500,5,47.2700,1355,1
2774,32.0012,31.9609,4096,257.2500,5,47.2700,1355,1
2775,32.0012,31.9609,4096,257.2500,5,47.2700,1356,1
2776,32.0012,31.9609,4096,257.2500,5,47.2700,1357,1
2777,32.0012,31.9609,4096,257.2500,5,47.2700,1357,1
2778,32.0012,31.9609,4096,257.2500,5,47.2700,1357,1
2779,32.0012,31.9609,4096,257.2500,5,47.2700,1358,1
2780,32.0012,31.9609,4096,257.2500,5,47.2700,1358,1
2781,32.0012,31.9609,4096,257.2500,5,47.2700,1359,1
2782,32.0012,31.9609,4096,257.2500,5,47.2700,1360,1
2783,32.0012,31.9609,4096,257.2500,5,47.2700,1360,1
2784,32.0012,31.9609,4096,257.2500,5,47.2700,1360,1
2785,32.0012,31.9609,4096,257.2500,5,47.2700,1361,1
2786,32.0012,31.9609,4096,257.2500,5,47.2700,1361,1
2787,32.0012,31.9609,4096,257.2500,5,47.2700,1362,1
2788,32.0012,31.9609,4096,257.2500,5,47.2700,1363,1
2789,32.0012,31.9609,4096,257.2500,5,47.2700,1363,1
2790,32.0012,31.9609,4096,257.2500,5,47.2700,1363,1
2791,32.0012,31.9609,4096,257.2500,5,47.2700,1364,1
2792,32.0012,31.9609,4096,257.2500,5,47.2700,1364,1
2793,32.0012,31.9609,4096,257.2500,5,47.2700,1364,1
2794,32.0012,31.9609,4096,257.2500,5,47.2700,1365,1
2795,32.0012,31.9609,4096,257.2500,5,47.2700,1365,1
2796,32.0012,31.9609,4096,257.2500,5,47.2700,1366,1
2797,32.0012,31.9609,4096,257.2500,5,47.2700,1367,1
2798,32.0012,31.9609,4096,257.2500,5,47.2700,1367,1
2799,32.0012,31.9609,4096,257.2500,5,47.2700,1367,1
2800,32.0012,31.9609,4096,257.2500,5,47.2700,1368,1
2801,32.0012,31.9609,4096,257.2500,5,47.2700,1368,1
2802,32.0012,31.9609,4096,257.2500,5,47.2700,1368,1
2803,32.0012,31.9609,4096,257.2500,5,47.2700,1369,1
2804,32.0012,31.9609,4096,257.2500,5,47.2700,1370,1
2805,32.0012,31.9609,4096,257.2500,5,47.2700,1370,1
2806,32.0012,31.9609,4096,257.2500,5,47.2700,1371,1
2807,32.0012,31.9609,4096,257.2500,5,47.2700,1372,1
2808,32.0012,31.9609,4096,257.2500,5,47.2700,1373,1
2809,32.0012,31.9609,4096,257.2500,5,47.2700,1374,1
2810,32.0012,31.9609,4096,257.2500,5,47.2700,1375,1
2811,32.0012,31.9609,4096,257.2500,5,47.2700,1376,1
2812,32.0012,31.9609,4096,257.2500,5,47.2700,1376,1
2813,32.0012,31.9609,4096,257.2500,5,47.2700,1377,1
2814,32.0012,31.9609,4096,257.2500,5,47.2700,1377,1
2815,32.0012,31.9609,4096,257.2500,5,47.2700,1378,1
2816,32.0012,31.9609,4096,257.2500,5,47.2700,1379,1
2817,32.0012,31.9609,4096,257.2500,5,47.2700,1380,1
2818,32.0012,31.9609,4096,257.2500,5,47.2700,1380,1
2819,32.0012,31.9609,4096,257.2500,5,47.2700,1380,1
2820,32.0012,31.9609,4096,257.2500,5,47.2700,1380,1
2821,32.0012,31.9609,4096,257.2500,5,47.2700,1380,1
2822,32.0012,31.9609,4096,257.2500,5,47.2700,1380,1
2823,32.0012,31.9609,4096,257.2500,5,47.2700,1381,1
2824,32.0012,31.9609,4096,257.2500,5,47.2700,1382,1
2825,32.0012,31.9609,4096,257.2500,5,47.2700,1382,1
2826,32.0012,31.9609,4096,257.2500,5,47.2700,1382,1
2827,32.0012,31.9609,4096,257.2500,5,47.2700,1382,1
2828,32.0012,31.9609,4096,257.2500,5,47.2700,1382,1
2829,32.0012,31.9609,4096,257.2500,5,47.2700,1383,1
2830,32.0012,31.9609,4096,257.2500,5,47.2700,1383,1
2831,32.0012,31.9609,4096,257.2500,5,47.2700,1384,1
2832,32.0012,31.9609,4096,257.2500,5,47.2700,1384,1
2833,32.0012,31.9609,4096,257.2500,5,47.2700,1384,1
2834,32.0012,31.9609,4096,257.2500,5,47.2700,1384,1
2835,32.0012,31.9609,4096,257.2500,5,47.2700,1384,1
2836,32.0012,31.9609,4096,257.2500,5,47.2700,1384,1
2837,32.0012,31.9609,4096,257.2500,5,47.2700,1385,1
2838,32.0012,31.9609,4096,257.2500,5,47.2700,1386,1
2839,32.0012,31.9609,4096,257.2500,5,47.2700,1386,1
2840,32.0012,31.9609,4096,257.2500,5,47.2700,1386,1
2841,32.0012,31.9609,4096,257.2500,5,47.2700,1387,1
2842,32.0012,31.9609,4096,257.2500,5,47.2700,1388,1
2843,32.0012,31.9609,4096,257.2500,5,47.2700,1389,1
2844,32.0012,31.9609,4096,257.2500,5,47.2700,1390,1
2845,32.0012,31.9609,4096,257.2500,5,47.2700,1390,1
2846,32.0012,31.9609,4096,257.2500,5,47.2700,1391,1
2847,32.0012,31.9609,4096,257.2500,5,47.2700,1391,1
2848,32.0012,31.9609,4096,257.2500,5,47.2700,1391,1
2849,32.0012,31.9609,4096,257.2500,5,47.2700,1391,1
2850,32.0012,31.9609,4096,257.2500,5,47.2700,1391,1
2851,32.0012,31.9609,4096,257.2500,5,47.2700,1391,1
2852,32.0012,31.9609,4096,257.2500,5,47.2700,1392,1
2853,32.0012,31.9609,4096,257.2500,5,47.2700,1392,1
2854,32.0012,31.9609,4096,257.2500,5,47.2700,1393,1
2855,32.0012,31.9609,4096,257.2500,5,47.2700,1394,1
2856,32.0012,31.9609,4096,257.2500,5,47.2700,1394,1
2857,32.0012,31.9609,4096,257.2500,5,47.2700,1394,1
2858,32.0012,31.9609,4096,257.2500,5,47.2700,1394,1
2859,32.0012,31.9609,4096,257.2500,5,47.2700,1394,1
2860,32.0012,31.9609,4096,257.2500,5,47.2700,1395,1
2861,32.0012,31.9609,4096,257.2500,5,47.2700,1396,1
2862,32.0012,31.9609,4096,257.2500,5,47.2700,1397,1
2863,32.0012,31.9609,4096,257.2500,5,47.2700,1397,1
2864,32.0012,31.9609,4096,257.2500,5,47.2700,1398,1
2865,32.0012,31.9609,4096,257.2500,5,47.2700,1399,1
2866,32.0012,31.9609,4096,257.2500,5,47.2700,1399,1
2867,32.0012,31.9609,4096,257.2500,5,47.2700,1399,1
2868,32.0012,31.9609,4096,257.2500,5,47.2700,1399,1
2869,32.0012,31.9609,4096,257.2500,5,47.2700,1399,1
2870,32.0012,31.9609,4096,257.2500,5,47.2700,1400,1
2871,32.0012,31.9609,4096,257.2500,5,47.2700,1401,1
2872,32.0012,31.9609,4096,257.2500,5,47.2700,1402,1
2873,32.0012,31.9609,4096,257.2500,5,47.2700,1403,1
2874,32.0012,31.9609,4096,257.2500,5,47.2700,1403,1
2875,32.0012,31.9609,4096,257.2500,5,47.2700,1404,1
2876,32.0012,31.9609,4096,257.2500,5,47.2700,1405,1
2877,32.0012,31.9609,4096,257.2500,5,47.2700,1406,1
2878,32.0012,31.9609,4096,257.2500,5,47.2700,1407,1
2879,32.0012,31.9609,4096,257.2500,5,47.2700,1407,1
2880,32.0012,31.9609,4096,257.2500,5,47.2700,1408,1
2881,32.0012,31.9609,4096,257.2500,5,47.2700,1408,1
2882,32.0012,31.9609,4096,257.2500,5,47.2700,1408,1
2883,32.0012,31.9609,4096,257.2500,5,47.2700,1408,1
2884,32.0012,31.9609,4096,257.2500,5,47.2700,1409,1
2885,32.0012,31.9609,4096,257.2500,5,47.2700,1410,1
2886,32.0012,31.9609,4096,257.2500,5,47.2700,1411,1
2887,32.0012,31.9609,4096,257.2500,5,47.2700,1412,1
2888,32.0012,31.9609,4096,257.2500,5,47.2700,1413,1
2889,32.0012,31.9609,4096,257.2500,5,47.2700,1414,1
2890,32.0012,31.9609,4096,257.2500,5,47.2700,1414,1
2891,32.0012,31.9609,4096,257.2500,5,47.2700,1414,1
2892,32.0012,31.9609,4096,257.2500,5,47.2700,1414,1
2893,32.0012,31.9609,4096,257.2500,5,47.2700,1414,1
2894,32.0012,31.9609,4096,257.2500,5,47.2700,1414,1
2895,32.0012,31.9609,4096,257.2500,5,47.2700,1415,1
2896,32.0012,31.9609,4096,257.2500,5,47.2700,1416,1
2897,32.0012,31.9609,4096,257.2500,5,47.2700,1417,1
2898,32.0012,31.9609,4096,257.2500,5,47.2700,1417,1
2899,32.0012,31.9609,4096,257.2500,5,47.2700,1417,1
2900,32.0012,31.9609,4096,257.2500,5,47.2700,1417,1
2901,32.0012,31.9609,4096,257.2500,5,47.2700,1418,1
2902,32.0012,31.9609,4096,257.2500,5,47.2700,1419,1
2903,32.0012,31.9609,4096,257.2500,5,47.2700,1420,1
2904,32.0012,31.9609,4096,257.2500,5,47.2700,1420,1
2905,32.0012,31.9609,4096,257.2500,5,47.2700,1421,1
2906,32.0012,31.9609,4096,257.2500,5,47.2700,1421,1
2907,32.0012,31.9609,4096,257.2500,5,47.2700,1421,1
2908,32.0012,31.9609,4096,257.2500,5,47.2700,1422,1
2909,32.0012,31.9609,4096,257.2500,5,47.2700,1422,1
2910,32.0012,31.9609,4096,257.2500,5,47.2700,1423,1
2911,32.0012,31.9609,4096,257.2500,5,47.2700,1424,1
2912,32.0012,31.9609,4096,257.2500,5,47.2700,1425,1
2913,32.0012,31.9609,4096,257.2500,5,47.2700,1426,1
2914,32.0012,31.9609,4096,257.2500,5,47.2700,1427,1
2915,32.0012,31.9609,4096,257.2500,5,47.2700,1428,1
2916,32.0012,31.9609,4096,257.2500,5,47.2700,1428,1
2917,32.0012,31.9609,4096,257.2500,5,47.2700,1428,1
2918,32.0012,31.9609,4096,257.2500,5,47.2700,1428,1
2919,32.0012,31.9609,4096,257.2500,5,47.2700,1429,1
2920,32.0012,31.9609,4096,257.2500,5,47.2700,1430,1
2921,32.0012,31.9609,4096,257.2500,5,47.2700,1430,1
2922,32.0012,31.9609,4096,257.2500,5,47.2700,1431,1
2923,32.0012,31.9609,4096,257.2500,5,47.2700,1431,1
2924,32.0012,31.9609,4096,257.2500,5,47.2700,1431,1
2925,32.0012,31.9609,4096,257.2500,5,47.2700,1431,1
2926,32.0012,31.9609,4096,257.2500,5,47.2700,1431,1
2927,32.0012,31.9609,4096,257.2500,5,47.2700,1431,1
2928,32.0012,31.9609,4096,257.2500,5,47.2700,1431,1
2929,32.0012,31.9609,4096,257.2500,5,47.2700,1431,1
2930,32.0012,31.9609,4096,257.2500,5,47.2700,1432,1
2931,32.0012,31.9609,4096,257.2500,5,47.2700,1432,1
2932,32.0012,31.9609,4096,257.2500,5,47.2700,1432,1
2933,32.0012,31.9609,4096,257.2500,5,47.2700,1432,1
2934,32.0012,31.9609,4096,257.2500,5,47.2700,1433,1
2935,32.0012,31.9609,4096,257.2500,5,47.2700,1433,1
2936,32.0012,31.9609,4096,257.2500,5,47.2700,1433,1
2937,32.0012,31.9609,4096,257.2500,5,47.2700,1433,1
2938,32.0012,31.9609,4096,257.2500,5,47.2700,1434,1
2939,32.0012,31.9609,4096,257.2500,5,47.2700,1434,1
2940,32.0012,31.9609,4096,257.2500,5,47.2700,1435,1
2941,32.0012,31.9609,4096,257.2500,5,47.2700,1435,1
2942,32.0012,31.9609,4096,257.2500,5,47.2700,1435,1
2943,32.0012,31.9609,4096,257.2500,5,47.2700,1435,1
2944,32.0012,31.9609,4096,257.2500,5,47.2700,1435,1
2945,32.0012,31.9609,4096,257.2500,5,47.2700,1436,1
2946,32.0012,31.9609,4096,257.2500,5,47.2700,1436,1
2947,32.0012,31.9609,4096,257.2500,5,47.2700,1436,1
2948,32.0012,31.9609,4096,257.2500,5,47.2700,1436,1
2949,32.0012,31.9609,4096,257.2500,5,47.2700,1436,1
2950,32.0012,31.9609,4096,257.2500,5,47.2700,1436,1
2951,32.0012,31.9609,4096,257.2500,5,47.2700,1437,1
2952,32.0012,31.9609,4096,257.2500,5,47.2700,1437,1
2953,32.0012,31.9609,4096,257.2500,5,47.2700,1437,1
2954,32.0012,31.9609,4096,257.2500,5,47.2700,1437,1
2955,32.0012,31.9609,4096,257.2500,5,47.2700,1437,1
2956,32.0012,31.9609,4096,257.2500,5,47.2700,1437,1
2957,32.0012,31.9609,4096,257.2500,5,47.2700,1437,1
2958,32.0012,31.9609,4096,257.2500,5,47.2700,1438,1
2959,32.0012,31.9609,4096,257.2500,5,47.2700,1439,1
2960,32.0012,31.9609,4096,257.2500,5,47.2700,1439,1
2961,32.0012,31.9609,4096,257.2500,5,47.2700,1439,1
2962,32.0012,31.9609,4096,257.2500,5,47.2700,1439,1
2963,32.0012,31.9609,4096,257.2500,5,47.2700,1440,1
2964,32.0012,31.9609,4096,257.2500,5,47.2700,1440,1
2965,32.0012,31.9609,4096,257.2500,5,47.2700,1440,1
2966,32.0012,31.9609,4096,257.2500,5,47.2700,1440,1
2967,32.0012,31.9609,4096,257.2500,5,47.2700,1441,1
2968,32.0012,31.9609,4096,257.2500,5,47.2700,1441,1
2969,32.0012,31.9609,4096,257.2500,5,47.2700,1441,1
2970,32.0012,31.9609,4096,257.2500,5,47.2700,1441,1
2971,32.0012,31.9609,4096,257.2500,5,47.2700,1441,1
2972,32.0012,31.9609,4096,257.2500,5,47.2700,1441,1
2973,32.0012,31.9609,4096,257.2500,5,47.2700,1441,1
2974,32.0012,31.9609,4096,257.2500,5,47.2700,1442,1
2975,32.0012,31.9609,4096,257.2500,5,47.2700,1442,1
2976,32.0012,31.9609,4096,257.2500,5,47.2700,1442,1
2977,32.0012,31.9609,4096,257.2500,5,47.2700,1442,1
2978,32.0012,31.9609,4096,257.2500,5,47.2700,1442,1
2979,32.0012,31.9609,4096,257.2500,5,47.2700,1443,1
2980,32.0012,31.9609,4096,257.2500,5,47.2700,1443,1
2981,32.0012,31.9609,4096,257.2500,5,47.2700,1443,1
2982,32.0012,31.9609,4096,257.2500,5,47.2700,1443,1
2983,32.0012,31.9609,4096,257.2500,5,47.2700,1444,1
2984,32.0012,31.9609,4096,257.2500,5,47.2700,1444,1
2985,32.0012,31.9609,4096,257.2500,5,47.2700,1444,1
2986,32.0012,31.9609,4096,257.2500,5,47.2700,1445,1
2987,32.0012,31.9609,4096,257.2500,5,47.2700,1445,1
2988,32.0012,31.9609,4096,257.2500,5,47.2700,1446,1
2989,32.0012,31.9609,4096,257.2500,5,47.2700,1447,1
2990,32.0012,31.9609,4096,257.2500,5,47.2700,1448,1
2991,32.0012,31.9609,4096,257.2500,5,47.2700,1449,1
2992,32.0012,31.9609,4096,257.2500,5,47.2700,1449,1
2993,32.0012,31.9609,4096,257.2500,5,47.2700,1450,1
2994,32.0012,31.9609,4096,257.2500,5,47.2700,1451,1
2995,32.0012,31.9609,4096,257.2500,5,47.2700,1451,1
2996,32.0012,31.9609,4096,257.2500,5,47.2700,1452,1
2997,32.0012,31.9609,4096,257.2500,5,47.2700,1452,1
2998,32.0012,31.9609,4096,257.2500,5,47.2700,1452,1
2999,32.0012,31.9609,4096,257.2500,5,47.2700,1453,1
3000,32.0012,31.9609,4096,257.2500,5,47.2700,1453,1
3001,32.0012,31.9609,4096,257.2500,5,47.2700,1453,1
3002,32.0012,31.9609,4096,257.2500,5,47.2700,1453,1
3003,32.0012,31.9609,4096,257.2500,5,47.2700,1453,1
3004,32.0012,31.9609,4096,257.2500,5,47.2700,1454,1
3005,32.0012,31.9609,4096,257.2500,5,47.2700,1454,1
3006,32.0012,31.9609,4096,257.2500,5,47.2700,1454,1
3007,32.0012,31.9609,4096,257.2500,5,47.2700,1455,1
3008,32.0012,31.9609,4096,257.2500,5,47.2700,1456,1
3009,32.0012,31.9609,4096,257.2500,5,47.2700,1457,1
3010,32.0012,31.9609,4096,257.2500,5,47.2700,1457,1
3011,32.0012,31.9609,4096,257.2500,5,47.2700,1457,1
3012,32.0012,31.9609,4096,257.2500,5,47.2700,1458,1
3013,32.0012,31.9609,4096,257.2500,5,47.2700,1458,1
3014,32.0012,31.9609,4096,257.2500,5,47.2700,1458,1
3015,32.0012,31.9609,4096,257.2500,5,47.2700,1459,1
3016,32.0012,31.9609,4096,257.2500,5,47.2700,1459,1
3017,32.0012,31.9609,4096,257.2500,5,47.2700,1460,1
3018,32.0012,31.9609,4096,257.2500,5,47.2700,1460,1
3019,32.0012,31.9609,4096,257.2500,5,47.2700,1461,1
3020,32.0012,31.9609,4096,257.2500,5,47.2700,1461,1
3021,32.0012,31.9609,4096,257.2500,5,47.2700,1462,1
3022,32.0012,31.9609,4096,257.2500,5,47.2700,1463,1
3023,32.0012,31.9609,4096,257.2500,5,47.2700,1463,1
3024,32.0012,31.9609,4096,257.2500,5,47.2700,1464,1
3025,32.0012,31.9609,4096,257.2500,5,47.2700,1464,1
3026,32.0012,31.9609,4096,257.2500,5,47.2700,1464,1
3027,32.0012,31.9609,4096,257.2500,5,47.2700,1465,1
3028,32.0012,31.9609,4096,257.2500,5,47.2700,1466,1
3029,32.0012,31.9609,4096,257.2500,5,47.2700,1466,1
3030,32.0012,31.9609,4096,257.2500,5,47.2700,1467,1
3031,32.0012,31.9609,4096,257.2500,5,47.2700,1467,1
3032,32.0012,31.9609,4096,257.2500,5,47.2700,1468,1
3033,32.0012,31.9609,4096,257.2500,5,47.2700,1469,1
3034,32.0012,31.9609,4096,257.2500,5,47.2700,1470,1
3035,32.0012,31.9609,4096,257.2500,5,47.2700,1470,1
3036,32.0012,31.9609,4096,257.2500,5,47.2700,1470,1
3037,32.0012,31.9609,4096,257.2500,5,47.2700,1471,1
3038,32.0012,31.9609,4096,257.2500,5,47.2700,1471,1
3039,32.0012,31.9609,4096,257.2500,5,47.2700,1471,1
3040,32.0012,31.9609,4096,257.2500,5,47.2700,1471,1
3041,32.0012,31.9609,4096,257.2500,5,47.2700,1472,1
3042,32.0012,31.9609,4096,257.2500,5,47.2700,1473,1
3043,32.0012,31.9609,4096,257.2500,5,47.2700,1474,1
3044,32.0012,31.9609,4096,257.2500,5,47.2700,1475,1
3045,32.0012,31.9609,4096,257.2500,5,47.2700,1475,1
3046,32.0012,31.9609,4096,257.2500,5,47.2700,1475,1
3047,32.0012,31.9609,4096,257.2500,5,47.2700,1476,1
3048,32.0012,31.9609,4096,257.2500,5,47.2700,1477,1
3049,32.0012,31.9609,4096,257.2500,5,47.2700,1477,1
3050,32.0012,31.9609,4096,257.2500,5,47.2700,1477,1
3051,32.0012,31.9609,4096,257.2500,5,47.2700,1478,1
3052,32.0012,31.9609,4096,257.2500,5,47.2700,1478,1
3053,32.0012,31.9609,4096,257.2500,5,47.2700,1478,1
3054,32.0012,31.9609,4096,257.2500,5,47.2700,1478,1
3055,32.0012,31.9609,4096,257.2500,5,47.2700,1478,1
3056,32.0012,31.9609,4096,257.2500,5,47.2700,1479,1
3057,32.0012,31.9609,4096,257.2500,5,47.2700,1479,1
3058,32.0012,31.9609,4096,257.2500,5,47.2700,1479,1
3059,32.0012,31.9609,4096,257.2500,5,47.2700,1479,1
3060,32.0012,31.9609,4096,257.2500,5,47.2700,1480,1
3061,32.0012,31.9609,4096,257.2500,5,47.2700,1481,1
3062,32.0012,31.9609,4096,257.2500,5,47.2700,1481,1
3063,32.0012,31.9609,4096,257.2500,5,47.2700,1481,1
3064,32.0012,31.9609,4096,257.2500,5,47.2700,1481,1
3065,32.0012,31.9609,4096,257.2500,5,47.2700,1481,1
3066,32.0012,31.9609,4096,257.2500,5,47.2700,1481,1
3067,32.0012,31.9609,4096,257.2500,5,47.2700,1481,1
3068,32.0012,31.9609,4096,257.2500,5,47.2700,1481,1
3069,32.0012,31.9609,4096,257.2500,5,47.2700,1482,1
3070,32.0012,31.9609,4096,257.2500,5,47.2700,1483,1
3071,32.0012,31.9609,4096,257.2500,5,47.2700,1484,1
3072,32.0012,31.9609,4096,257.2500,5,47.2700,1484,1
3073,32.0012,31.9609,4096,257.2500,5,47.2700,1484,1
3074,32.0012,31.9609,4096,257.2500,5,47.2700,1484,1
3075,32.0012,31.9609,4096,257.2500,5,47.2700,1484,1
3076,32.0012,31.9609,4096,257.2500,5,47.2700,1485,1
3077,32.0012,31.9609,4096,257.2500,5,47.2700,1486,1
3078,32.0012,31.9609,4096,257.2500,5,47.2700,1486,1
3079,32.0012,31.9609,4096,257.2500,5,47.2700,1486,1
3080,32.0012,31.9609,4096,257.2500,5,47.2700,1486,1
3081,32.0012,31.9609,4096,257.2500,5,47.2700,1487,1
3082,32.0012,31.9609,4096,257.2500,5,47.2700,1487,1
3083,32.0012,31.9609,4096,257.2500,5,47.2700,1487,1
3084,32.0012,31.9609,4096,257.2500,5,47.2700,1487,1
3085,32.0012,31.9609,4096,257.2500,5,47.2700,1487,1
3086,32.0012,31.9609,4096,257.2500,5,47.2700,1487,1
3087,32.0012,31.9609,4096,257.2500,5,47.2700,1487,1
3088,32.0012,31.9609,4096,257.2500,5,47.2700,1487,1
3089,32.0012,31.9609,4096,257.2500,5,47.2700,1487,1
3090,32.0012,31.9609,4096,257.2500,5,47.2700,1487,1
3091,32.0012,31.9609,4096,257.2500,5,47.2700,1487,1
3092,32.0012,31.9609,4096,257.2500,5,47.2700,1487,1
3093,32.0012,31.9609,4096,257.2500,5,47.2700,1487,1
3094,32.0012,31.9609,4096,257.2500,5,47.2700,1488,1
3095,32.0012,31.9609,4096,257.2500,5,47.2700,1488,1
3096,32.0012,31.9609,4096,257.2500,5,47.2700,1488,1
3097,32.0012,31.9609,4096,257.2500,5,47.2700,1488,1
3098,32.0012,31.9609,4096,257.2500,5,47.2700,1489,1
3099,32.0012,31.9609,4096,257.2500,5,47.2700,1489,1
3100,32.0012,31.9609,4096,257.2500,5,47.2700,1489,1
3101,32.0012,31.9609,4096,257.2500,5,47.2700,1489,1
3102,32.0012,31.9609,4096,257.2500,5,47.2700,1490,1
3103,32.0012,31.9609,4096,257.2500,5,47.2700,1491,1
3104,32.0012,31.9609,4096,257.2500,5,47.2700,1491,1
3105,32.0012,31.9609,4096,257.2500,5,47.2700,1492,1
3106,32.0012,31.9609,4096,257.2500,5,47.2700,1492,1
3107,32.0012,31.9609,4096,257.2500,5,47.2700,1492,1
3108,32.0012,31.9609,4096,257.2500,5,47.2700,1493,1
3109,32.0012,31.9609,4096,257.2500,5,47.2700,1494,1
3110,32.0012,31.9609,4096,257.2500,5,47.2700,1494,1
3111,32.0012,31.9609,4096,257.2500,5,47.2700,1495,1
3112,32.0012,31.9609,4096,257.2500,5,47.2700,1495,1
3113,32.0012,31.9609,4096,257.2500,5,47.2700,1496,1
3114,32.0012,31.9609,4096,257.2500,5,47.2700,1496,1
3115,32.0012,31.9609,4096,257.2500,5,47.2700,1497,1
3116,32.0012,31.9609,4096,257.2500,5,47.2700,1497,1
3117,32.0012,31.9609,4096,257.2500,5,47.2700,1498,1
3118,32.0012,31.9609,4096,257.2500,5,47.2700,1498,1
3119,32.0012,31.9609,4096,257.2500,5,47.2700,1498,1
3120,32.0012,31.9609,4096,257.2500,5,47.2700,1498,1
3121,32.0012,31.9609,4096,257.2500,5,47.2700,1498,1
3122,32.0012,31.9609,4096,257.2500,5,47.2700,1499,1
3123,32.0012,31.9609,4096,257.2500,5,47.2700,1500,1
3124,32.0012,31.9609,4096,257.2500,5,47.2700,1500,1
3125,32.0012,31.9609,4096,257.2500,5,47.2700,1501,1
3126,32.0012,31.9609,4096,257.2500,5,47.2700,1501,1
3127,32.0012,31.9609,4096,257.2500,5,47.2700,1501,1
3128,32.0012,31.9609,4096,257.2500,5,47.2700,1501,1
3129,32.0012,31.9609,4096,257.2500,5,47.2700,1501,1
3130,32.0012,31.9609,4096,257.2500,5,47.2700,1501,1
3131,32.0012,31.9609,4096,257.2500,5,47.2700,1501,1
3132,32.0012,31.9609,4096,257.2500,5,47.2700,1501,1
3133,32.0012,31.9609,4096,257.2500,5,47.2700,1502,1
3134,32.0012,31.9609,4096,257.2500,5,47.2700,1503,1
3135,32.0012,31.9609,4096,257.2500,5,47.2700,1503,1
3136,32.0012,31.9609,4096,257.2500,5,47.2700,1503,1
3137,32.0012,31.9609,4096,257.2500,5,47.2700,1503,1
3138,32.0012,31.9609,4096,257.2500,5,47.2700,1503,1
3139,32.0012,31.9609,4096,257.2500,5,47.2700,1504,1
3140,32.0012,31.9609,4096,257.2500,5,47.2700,1504,1
3141,32.0012,31.9609,4096,257.2500,5,47.2700,1504,1
3142,32.0012,31.9609,4096,257.2500,5,47.2700,1505,1
3143,32.0012,31.9609,4096,257.2500,5,47.2700,1505,1
3144,32.0012,31.9609,4096,257.2500,5,47.2700,1506,1
3145,32.0012,31.9609,4096,257.2500,5,47.2700,1506,1
3146,32.0012,31.9609,4096,257.2500,5,47.2700,1506,1
3147,32.0012,31.9609,4096,257.2500,5,47.2700,1506,1
3148,32.0012,31.9609,4096,257.2500,5,47.2700,1507,1
3149,32.0012,31.9609,4096,257.2500,5,47.2700,1507,1
3150,32.0012,31.9609,4096,257.2500,5,47.2700,1507,1
3151,32.0012,31.9609,4096,257.2500,5,47.2700,1507,1
3152,32.0012,31.9609,4096,257.2500,5,47.2700,1508,1
3153,32.0012,31.9609,4096,257.2500,5,47.2700,1508,1
3154,32.0012,31.9609,4096,257.2500,5,47.2700,1508,1
3155,32.0012,31.9609,4096,257.2500,5,47.2700,1509,1
3156,32.0012,31.9609,4096,257.2500,5,47.2700,1509,1
3157,32.0012,31.9609,4096,257.2500,5,47.2700,1510,1
3158,32.0012,31.9609,4096,257.2500,5,47.2700,1510,1
3159,32.0012,31.9609,4096,257.2500,5,47.2700,1511,1
3160,32.0012,31.9609,4096,257.2500,5,47.2700,1511,1
3161,32.0012,31.9609,4096,257.2500,5,47.2700,1512,1
3162,32.0012,31.9609,4096,257.2500,5,47.2700,1512,1
3163,32.0012,31.9609,4096,257.2500,5,47.2700,1512,1
3164,32.0012,31.9609,4096,257.2500,5,47.2700,1512,1
3165,32.0012,31.9609,4096,257.2500,5,47.2700,1512,1
3166,32.0012,31.9609,4096,257.2500,5,47.2700,1512,1
3167,32.0012,31.9609,4096,257.2500,5,47.2700,1513,1
3168,32.0012,31.9609,4096,257.2500,5,47.2700,1513,1
3169,32.0012,31.9609,4096,257.2500,5,47.2700,1513,1
3170,32.0012,31.9609,4096,257.2500,5,47.2700,1513,1
3171,32.0012,31.9609,4096,257.2500,5,47.2700,1513,1
3172,32.0012,31.9609,4096,257.2500,5,47.2700,1513,1
3173,32.0012,31.9609,4096,257.2500,5,47.2700,1514,1
3174,32.0012,31.9609,4096,257.2500,5,47.2700,1514,1
3175,32.0012,31.9609,4096,257.2500,5,47.2700,1514,1
3176,32.0012,31.9609,4096,257.2500,5,47.2700,1514,1
3177,32.0012,31.9609,4096,257.2500,5,47.2700,1514,1
3178,32.0012,31.9609,4096,257.2500,5,47.2700,1514,1
3179,32.0012,31.9609,4096,257.2500,5,47.2700,1515,1
3180,32.0012,31.9609,4096,257.2500,5,47.2700,1516,1
3181,32.0012,31.9609,4096,257.2500,5,47.2700,1516,1
3182,32.0012,31.9609,4096,257.2500,5,47.2700,1516,1
3183,32.0012,31.9609,4096,257.2500,5,47.2700,1516,1
3184,32.0012,31.9609,4096,257.2500,5,47.2700,1517,1
3185,32.0012,31.9609,4096,257.2500,5,47.2700,1517,1
3186,32.0012,31.9609,4096,257.2500,5,47.2700,1517,1
3187,32.0012,31.9609,4096,257.2500,5,47.2700,1518,1
3188,32.0012,31.9609,4096,257.2500,5,47.2700,1519,1
3189,32.0012,31.9609,4096,257.2500,5,47.2700,1520,1
3190,32.0012,31.9609,4096,257.2500,5,47.2700,1520,1
3191,32.0012,31.9609,4096,257.2500,5,47.2700,1520,1
3192,32.0012,31.9609,4096,257.2500,5,47.2700,1520,1
3193,32.0012,31.9609,4096,257.2500,5,47.2700,1521,1
3194,32.0012,31.9609,4096,257.2500,5,47.2700,1521,1
3195,32.0012,31.9609,4096,257.2500,5,47.2700,1521,1
3196,32.0012,31.9609,4096,257.2500,5,47.2700,1522,1
3197,32.0012,31.9609,4096,257.2500,5,47.2700,1522,1
3198,32.0012,31.9609,4096,257.2500,5,47.2700,1523,1
3199,32.0012,31.9609,4096,257.2500,5,47.2700,1523,1
3200,32.0012,31.9609,4096,257.2500,5,47.2700,1523,1
3201,32.0012,31.9609,4096,257.2500,5,47.2700,1524,1
3202,32.0012,31.9609,4096,257.2500,5,47.2700,1524,1
3203,32.0012,31.9609,4096,257.2500,5,47.2700,1524,1
3204,32.0012,31.9609,4096,257.2500,5,47.2700,1524,1
3205,32.0012,31.9609,4096,257.2500,5,47.2700,1524,1
3206,32.0012,31.9609,4096,257.2500,5,47.2700,1524,1
3207,32.0012,31.9609,4096,257.2500,5,47.2700,1524,1
3208,32.0012,31.9609,4096,257.2500,5,47.2700,1524,1
3209,32.0012,31.9609,4096,257.2500,5,47.2700,1525,1
3210,32.0012,31.9609,4096,257.2500,5,47.2700,1525,1
3211,32.0012,31.9609,4096,257.2500,5,47.2700,1525,1
3212,32.0012,31.9609,4096,257.2500,5,47.2700,1525,1
3213,32.0012,31.9609,4096,257.2500,5,47.2700,1526,1
3214,32.0012,31.9609,4096,257.2500,5,47.2700,1527,1
3215,32.0012,31.9609,4096,257.2500,5,47.2700,1528,1
3216,32.0012,31.9609,4096,257.2500,5,47.2700,1528,1
3217,32.0012,31.9609,4096,257.2500,5,47.2700,1528,1
3218,32.0012,31.9609,4096,257.2500,5,47.2700,1528,1
3219,32.0012,31.9609,4096,257.2500,5,47.2700,1528,1
3220,32.0012,31.9609,4096,257.2500,5,47.2700,1528,1
3221,32.0012,31.9609,4096,257.2500,5,47.2700,1529,1
3222,32.0012,31.9609,4096,257.2500,5,47.2700,1530,1
3223,32.0012,31.9609,4096,257.2500,5,47.2700,1530,1
3224,32.0012,31.9609,4096,257.2500,5,47.2700,1530,1
3225,32.0012,31.9609,4096,257.2500,5,47.2700,1530,1
3226,32.0012,31.9609,4096,257.2500,5,47.2700,1531,1
3227,32.0012,31.9609,4096,257.2500,5,47.2700,1532,1
3228,32.0012,31.9609,4096,257.2500,5,47.2700,1533,1
3229,32.0012,31.9609,4096,257.2500,5,47.2700,1533,1
3230,32.0012,31.9609,4096,257.2500,5,47.2700,1533,1
3231,32.0012,31.9609,4096,257.2500,5,47.2700,1533,1
3232,32.0012,31.9609,4096,257.2500,5,47.2700,1533,1
3233,32.0012,31.9609,4096,257.2500,5,47.2700,1533,1
3234,32.0012,31.9609,4096,257.2500,5,47.2700,1533,1
3235,32.0012,31.9609,4096,257.2500,5,47.2700,1533,1
3236,32.0012,31.9609,4096,257.2500,5,47.2700,1533,1
3237,32.0012,31.9609,4096,257.2500,5,47.2700,1534,1
3238,32.0012,31.9609,4096,257.2500,5,47.2700,1534,1
3239,32.0012,31.9609,4096,257.2500,5,47.2700,1535,1
3240,32.0012,31.9609,4096,257.2500,5,47.2700,1536,1
3241,32.0012,31.9609,4096,257.2500,5,47.2700,1536,1
3242,32.0012,31.9609,4096,257.2500,5,47.2700,1536,1
3243,32.0012,31.9609,4096,257.2500,5,47.2700,1537,1
3244,32.0012,31.9609,4096,257.2500,5,47.2700,1537,1
3245,32.0012,31.9609,4096,257.2500,5,47.2700,1537,1
3246,32.0012,31.9609,4096,257.2500,5,47.2700,1537,1
3247,32.0012,31.9609,4096,257.2500,5,47.2700,1537,1
3248,32.0012,31.9609,4096,257.2500,5,47.2700,1537,1
3249,32.0012,31.9609,4096,257.2500,5,47.2700,1537,1
3250,32.0012,31.9609,4096,257.2500,5,47.2700,1537,1
3251,32.0012,31.9609,4096,257.2500,5,47.2700,1537,1
3252,32.0012,31.9609,4096,257.2500,5,47.2700,1537,1
3253,32.0012,31.9609,4096,257.2500,5,47.2700,1537,1
3254,32.0012,31.9609,4096,257.2500,5,47.2700,1537,1
3255,32.0012,31.9609,4096,257.2500,5,47.2700,1537,1
3256,32.0012,31.9609,4096,257.2500,5,47.2700,1537,1
3257,32.0012,31.9609,4096,257.2500,5,47.2700,1537,1
3258,32.0012,31.9609,4096,257.2500,5,47.2700,1538,1
3259,32.0012,31.9609,4096,257.2500,5,47.2700,1538,1
3260,32.0012,31.9609,4096,257.2500,5,47.2700,1539,1
3261,32.0012,31.9609,4096,257.2500,5,47.2700,1539,1
3262,32.0012,31.9609,4096,257.2500,5,47.2700,1540,1
3263,32.0012,31.9609,4096,257.2500,5,47.2700,1541,1
3264,32.0012,31.9609,4096,257.2500,5,47.2700,1541,1
3265,32.0012,31.9609,4096,257.2500,5,47.2700,1541,1
3266,32.0012,31.9609,4096,257.2500,5,47.2700,1541,1
3267,32.0012,31.9609,4096,257.2500,5,47.2700,1541,1
3268,32.0012,31.9609,4096,257.2500,5,47.2700,1541,1
3269,32.0012,31.9609,4096,257.2500,5,47.2700,1542,1
3270,32.0012,31.9609,4096,257.2500,5,47.2700,1543,1
3271,32.0012,31.9609,4096,257.2500,5,47.2700,1543,1
3272,32.0012,31.9609,4096,257.2500,5,47.2700,1543,1
3273,32.0012,31.9609,4096,257.2500,5,47.2700,1544,1
3274,32.0012,31.9609,4096,257.2500,5,47.2700,1544,1
3275,32.0012,31.9609,4096,257.2500,5,47.2700,1544,1
3276,32.0012,31.9609,4096,257.2500,5,47.2700,1545,1
3277,32.0012,31.9609,4096,257.2500,5,47.2700,1546,1
3278,32.0012,31.9609,4096,257.2500,5,47.2700,1547,1
3279,32.0012,31.9609,4096,257.2500,5,47.2700,1548,1
3280,32.0012,31.9609,4096,257.2500,5,47.2700,1548,1
3281,32.0012,31.9609,4096,257.2500,5,47.2700,1548,1
3282,32.0012,31.9609,4096,257.2500,5,47.2700,1548,1
3283,32.0012,31.9609,4096,257.2500,5,47.2700,1548,1
3284,32.0012,31.9609,4096,257.2500,5,47.2700,1548,1
3285,32.0012,31.9609,4096,257.2500,5,47.2700,1548,1
3286,32.0012,31.9609,4096,257.2500,5,47.2700,1548,1
3287,32.0012,31.9609,4096,257.2500,5,47.2700,1549,1
3288,32.0012,31.9609,4096,257.2500,5,47.2700,1550,1
3289,32.0012,31.9609,4096,257.2500,5,47.2700,1550,1
3290,32.0012,31.9609,4096,257.2500,5,47.2700,1551,1
3291,32.0012,31.9609,4096,257.2500,5,47.2700,1552,1
3292,32.0012,31.9609,4096,257.2500,5,47.2700,1552,1
3293,32.0012,31.9609,4096,257.2500,5,47.2700,1553,1
3294,32.0012,31.9609,4096,257.2500,5,47.2700,1554,1
3295,32.0012,31.9609,4096,257.2500,5,47.2700,1554,1
3296,32.0012,31.9609,4096,257.2500,5,47.2700,1554,1
3297,32.0012,31.9609,4096,257.2500,5,47.2700,1554,1
3298,32.0012,31.9609,4096,257.2500,5,47.2700,1554,1
3299,32.0012,31.9609,4096,257.2500,5,47.2700,1555,1
3300,32.0012,31.9609,4096,257.2500,5,47.2700,1555,1
3301,32.0012,31.9609,4096,257.2500,5,47.2700,1555,1
3302,32.0012,31.9609,4096,257.2500,5,47.2700,1556,1
3303,32.0012,31.9609,4096,257.2500,5,47.2700,1556,1
3304,32.0012,31.9609,4096,257.2500,5,47.2700,1556,1
3305,32.0012,31.9609,4096,257.2500,5,47.2700,1557,1
3306,32.0012,31.9609,4096,257.2500,5,47.2700,1558,1
3307,32.0012,31.9609,4096,257.2500,5,47.2700,1558,1
3308,32.0012,31.9609,4096,257.2500,5,47.2700,1558,1
3309,32.0012,31.9609,4096,257.2500,5,47.2700,1558,1
3310,32.0012,31.9609,4096,257.2500,5,47.2700,1558,1
3311,32.0012,31.9609,4096,257.2500,5,47.2700,1559,1
3312,32.0012,31.9609,4096,257.2500,5,47.2700,1559,1
3313,32.0012,31.9609,4096,257.2500,5,47.2700,1559,1
3314,32.0012,31.9609,4096,257.2500,5,47.2700,1560,1
3315,32.0012,31.9609,4096,257.2500,5,47.2700,1560,1
3316,32.0012,31.9609,4096,257.2500,5,47.2700,1560,1
3317,32.0012,31.9609,4096,257.2500,5,47.2700,1561,1
3318,32.0012,31.9609,4096,257.2500,5,47.2700,1561,1
3319,32.0012,31.9609,4096,257.2500,5,47.2700,1562,1
3320,32.0012,31.9609,4096,257.2500,5,47.2700,1562,1
3321,32.0012,31.9609,4096,257.2500,5,47.2700,1562,1
3322,32.0012,31.9609,4096,257.2500,5,47.2700,1562,1
3323,32.0012,31.9609,4096,257.2500,5,47.2700,1562,1
3324,32.0012,31.9609,4096,257.2500,5,47.2700,1563,1
3325,32.0012,31.9609,4096,257.2500,5,47.2700,1563,1
3326,32.0012,31.9609,4096,257.2500,5,47.2700,1563,1
3327,32.0012,31.9609,4096,257.2500,5,47.2700,1563,1
3328,32.0012,31.9609,4096,257.2500,5,47.2700,1563,1
3329,32.0012,31.9609,4096,257.2500,5,47.2700,1564,1
3330,32.0012,31.9609,4096,257.2500,5,47.2700,1565,1
3331,32.0012,31.9609,4096,257.2500,5,47.2700,1565,1
3332,32.0012,31.9609,4096,257.2500,5,47.2700,1566,1
3333,32.0012,31.9609,4096,257.2500,5,47.2700,1567,1
3334,32.0012,31.9609,4096,257.2500,5,47.2700,1567,1
3335,32.0012,31.9609,4096,257.2500,5,47.2700,1567,1
3336,32.0012,31.9609,4096,257.2500,5,47.2700,1567,1
3337,32.0012,31.9609,4096,257.2500,5,47.2700,1567,1
3338,32.0012,31.9609,4096,257.2500,5,47.2700,1567,1
3339,32.0012,31.9609,4096,257.2500,5,47.2700,1567,1
3340,32.0012,31.9609,4096,257.2500,5,47.2700,1567,1
3341,32.0012,31.9609,4096,257.2500,5,47.2700,1567,1
3342,32.0012,31.9609,4096,257.2500,5,47.2700,1568,1
3343,32.0012,31.9609,4096,257.2500,5,47.2700,1568,1
3344,32.0012,31.9609,4096,257.2500,5,47.2700,1569,1
3345,32.0012,31.9609,4096,257.2500,5,47.2700,1569,1
3346,32.0012,31.9609,4096,257.2500,5,47.2700,1569,1
3347,32.0012,31.9609,4096,257.2500,5,47.2700,1569,1
3348,32.0012,31.9609,4096,257.2500,5,47.2700,1569,1
3349,32.0012,31.9609,4096,257.2500,5,47.2700,1569,1
3350,32.0012,31.9609,4096,257.2500,5,47.2700,1569,1
3351,32.0012,31.9609,4096,257.2500,5,47.2700,1569,1
3352,32.0012,31.9609,4096,257.2500,5,47.2700,1569,1
3353,32.0012,31.9609,4096,257.2500,5,47.2700,1569,1
3354,32.0012,31.9609,4096,257.2500,5,47.2700,1569,1
3355,32.0012,31.9609,4096,257.2500,5,47.2700,1569,1
3356,32.0012,31.9609,4096,257.2500,5,47.2700,1569,1
3357,32.0012,31.9609,4096,257.2500,5,47.2700,1569,1
3358,32.0012,31.9609,4096,257.2500,5,47.2700,1569,1
3359,32.0012,31.9609,4096,257.2500,5,47.2700,1570,1
3360,32.0012,31.9609,4096,257.2500,5,47.2700,1571,1
3361,32.0012,31.9609,4096,257.2500,5,47.2700,1572,1
3362,32.0012,31.9609,4096,257.2500,5,47.2700,1572,1
3363,32.0012,31.9609,4096,257.2500,5,47.2700,1572,1
3364,32.0012,31.9609,4096,257.2500,5,47.2700,1572,1
3365,32.0012,31.9609,4096,257.2500,5,47.2700,1573,1
3366,32.0012,31.9609,4096,257.2500,5,47.2700,1573,1
3367,32.0012,31.9609,4096,257.2500,5,47.2700,1573,1
3368,32.0012,31.9609,4096,257.2500,5,47.2700,1573,1
3369,32.0012,31.9609,4096,257.2500,5,47.2700,1574,1
3370,32.0012,31.9609,4096,257.2500,5,47.2700,1574,1
3371,32.0012,31.9609,4096,257.2500,5,47.2700,1575,1
3372,32.0012,31.9609,4096,257.2500,5,47.2700,1575,1
3373,32.0012,31.9609,4096,257.2500,5,47.2700,1576,1
3374,32.0012,31.9609,4096,257.2500,5,47.2700,1576,1
3375,32.0012,31.9609,4096,257.2500,5,47.2700,1576,1
3376,32.0012,31.9609,4096,257.2500,5,47.2700,1576,1
3377,32.0012,31.9609,4096,257.2500,5,47.2700,1576,1
3378,32.0012,31.9609,4096,257.2500,5,47.2700,1576,1
3379,32.0012,31.9609,4096,257.2500,5,47.2700,1576,1
3380,32.0012,31.9609,4096,257.2500,5,47.2700,1576,1
3381,32.0012,31.9609,4096,257.2500,5,47.2700,1576,1
3382,32.0012,31.9609,4096,257.2500,5,47.2700,1576,1
3383,32.0012,31.9609,4096,257.2500,5,47.2700,1577,1
3384,32.0012,31.9609,4096,257.2500,5,47.2700,1577,1
3385,32.0012,31.9609,4096,257.2500,5,47.2700,1577,1
3386,32.0012,31.9609,4096,257.2500,5,47.2700,1577,1
3387,32.0012,31.9609,4096,257.2500,5,47.2700,1577,1
3388,32.0012,31.9609,4096,257.2500,5,47.2700,1577,1
3389,32.0012,31.9609,4096,257.2500,5,47.2700,1577,1
3390,32.0012,31.9609,4096,257.2500,5,47.2700,1577,1
3391,32.0012,31.9609,4096,257.2500,5,47.2700,1577,1
3392,32.0012,31.9609,4096,257.2500,5,47.2700,1577,1
3393,32.0012,31.9609,4096,257.2500,5,47.2700,1578,1
3394,32.0012,31.9609,4096,257.2500,5,47.2700,1579,1
3395,32.0012,31.9609,4096,257.2500,5,47.2700,1579,1
3396,32.0012,31.9609,4096,257.2500,5,47.2700,1580,1
3397,32.0012,31.9609,4096,257.2500,5,47.2700,1580,1
3398,32.0012,31.9609,4096,257.2500,5,47.2700,1581,1
3399,32.0012,31.9609,4096,257.2500,5,47.2700,1582,1
3400,32.0012,31.9609,4096,257.2500,5,47.2700,1582,1
3401,32.0012,31.9609,4096,257.2500,5,47.2700,1583,1
3402,32.0012,31.9609,4096,257.2500,5,47.2700,1583,1
3403,32.0012,31.9609,4096,257.2500,5,47.2700,1583,1
3404,32.0012,31.9609,4096,257.2500,5,47.2700,1584,1
3405,32.0012,31.9609,4096,257.2500,5,47.2700,1585,1
3406,32.0012,31.9609,4096,257.2500,5,47.2700,1586,1
3407,32.0012,31.9609,4096,257.2500,5,47.2700,1587,1
3408,32.0012,31.9609,4096,257.2500,5,47.2700,1587,1
3409,32.0012,31.9609,4096,257.2500,5,47.2700,1587,1
3410,32.0012,31.9609,4096,257.2500,5,47.2700,1587,1
3411,32.0012,31.9609,4096,257.2500,5,47.2700,1587,1
3412,32.0012,31.9609,4096,257.2500,5,47.2700,1587,1
3413,32.0012,31.9609,4096,257.2500,5,47.2700,1588,1
3414,32.0012,31.9609,4096,257.2500,5,47.2700,1588,1
3415,32.0012,31.9609,4096,257.2500,5,47.2700,1589,1
3416,32.0012,31.9609,4096,257.2500,5,47.2700,1590,1
3417,32.0012,31.9609,4096,257.2500,5,47.2700,1590,1
3418,32.0012,31.9609,4096,257.2500,5,47.2700,1590,1
3419,32.0012,31.9609,4096,257.2500,5,47.2700,1591,1
3420,32.0012,31.9609,4096,257.2500,5,47.2700,1591,1
3421,32.0012,31.9609,4096,257.2500,5,47.2700,1592,1
3422,32.0012,31.9609,4096,257.2500,5,47.2700,1593,1
3423,32.0012,31.9609,4096,257.2500,5,47.2700,1593,1
3424,32.0012,31.9609,4096,257.2500,5,47.2700,1594,1
3425,32.0012,31.9609,4096,257.2500,5,47.2700,1594,1
3426,32.0012,31.9609,4096,257.2500,5,47.2700,1594,1
3427,32.0012,31.9609,4096,257.2500,5,47.2700,1594,1
3428,32.0012,31.9609,4096,257.2500,5,47.2700,1594,1
3429,32.0012,31.9609,4096,257.2500,5,47.2700,1594,1
3430,32.0012,31.9609,4096,257.2500,5,47.2700,1595,1
3431,32.0012,31.9609,4096,257.2500,5,47.2700,1596,1
3432,32.0012,31.9609,4096,257.2500,5,47.2700,1597,1
3433,32.0012,31.9609,4096,257.2500,5,47.2700,1597,1
3434,32.0012,31.9609,4096,257.2500,5,47.2700,1598,1
3435,32.0012,31.9609,4096,257.2500,5,47.2700,1598,1
3436,32.0012,31.9609,4096,257.2500,5,47.2700,1598,1
3437,32.0012,31.9609,4096,257.2500,5,47.2700,1599,1
3438,32.0012,31.9609,4096,257.2500,5,47.2700,1599,1
3439,32.0012,31.9609,4096,257.2500,5,47.2700,1599,1
3440,32.0012,31.9609,4096,257.2500,5,47.2700,1599,1
3441,32.0012,31.9609,4096,257.2500,5,47.2700,1599,1
3442,32.0012,31.9609,4096,257.2500,5,47.2700,1599,1
3443,32.0012,31.9609,4096,257.2500,5,47.2700,1599,1
3444,32.0012,31.9609,4096,257.2500,5,47.2700,1599,1
3445,32.0012,31.9609,4096,257.2500,5,47.2700,1600,1
3446,32.0012,31.9609,4096,257.2500,5,47.2700,1600,1
3447,32.0012,31.9609,4096,257.2500,5,47.2700,1600,1
3448,32.0012,31.9609,4096,257.2500,5,47.2700,1601,1
3449,32.0012,31.9609,4096,257.2500,5,47.2700,1601,1
3450,32.0012,31.9609,4096,257.2500,5,47.2700,1601,1
3451,32.0012,31.9609,4096,257.2500,5,47.2700,1601,1
3452,32.0012,31.9609,4096,257.2500,5,47.2700,1601,1
3453,32.0012,31.9609,4096,257.2500,5,47.2700,1601,1
3454,32.0012,31.9609,4096,257.2500,5,47.2700,1602,1
3455,32.0012,31.9609,4096,257.2500,5,47.2700,1603,1
3456,32.0012,31.9609,4096,257.2500,5,47.2700,1604,1
3457,32.0012,31.9609,4096,257.2500,5,47.2700,1604,1
3458,32.0012,31.9609,4096,257.2500,5,47.2700,1604,1
3459,32.0012,31.9609,4096,257.2500,5,47.2700,1605,1
3460,32.0012,31.9609,4096,257.2500,5,47.2700,1606,1
3461,32.0012,31.9609,4096,257.2500,5,47.2700,1606,1
3462,32.0012,31.9609,4096,257.2500,5,47.2700,1607,1
3463,32.0012,31.9609,4096,257.2500,5,47.2700,1608,1
3464,32.0012,31.9609,4096,257.2500,5,47.2700,1609,1
3465,32.0012,31.9609,4096,257.2500,5,47.2700,1610,1
3466,32.0012,31.9609,4096,257.2500,5,47.2700,1611,1
3467,32.0012,31.9609,4096,257.2500,5,47.2700,1612,1
3468,32.0012,31.9609,4096,257.2500,5,47.2700,1612,1
3469,32.0012,31.9609,4096,257.2500,5,47.2700,1612,1
3470,32.0012,31.9609,4096,257.2500,5,47.2700,1613,1
3471,32.0012,31.9609,4096,257.2500,5,47.2700,1614,1
3472,32.0012,31.9609,4096,257.2500,5,47.2700,1614,1
3473,32.0012,31.9609,4096,257.2500,5,47.2700,1615,1
3474,32.0012,31.9609,4096,257.2500,5,47.2700,1615,1
3475,32.0012,31.9609,4096,257.2500,5,47.2700,1615,1
3476,32.0012,31.9609,4096,257.2500,5,47.2700,1615,1
3477,32.0012,31.9609,4096,257.2500,5,47.2700,1615,1
3478,32.0012,31.9609,4096,257.2500,5,47.2700,1616,1
3479,32.0012,31.9609,4096,257.2500,5,47.2700,1616,1
3480,32.0012,31.9609,4096,257.2500,5,47.2700,1616,1
3481,32.0012,31.9609,4096,257.2500,5,47.2700,1617,1
3482,32.0012,31.9609,4096,257.2500,5,47.2700,1617,1
3483,32.0012,31.9609,4096,257.2500,5,47.2700,1617,1
3484,32.0012,31.9609,4096,257.2500,5,47.2700,1617,1
3485,32.0012,31.9609,4096,257.2500,5,47.2700,1617,1
3486,32.0012,31.9609,4096,257.2500,5,47.2700,1617,1
3487,32.0012,31.9609,4096,257.2500,5,47.2700,1618,1
3488,32.0012,31.9609,4096,257.2500,5,47.2700,1619,1
3489,32.0012,31.9609,4096,257.2500,5,47.2700,1620,1
3490,32.0012,31.9609,4096,257.2500,5,47.2700,1620,1
3491,32.0012,31.9609,4096,257.2500,5,47.2700,1621,1
3492,32.0012,31.9609,4096,257.2500,5,47.2700,1622,1
3493,32.0012,31.9609,4096,257.2500,5,47.2700,1622,1
3494,32.0012,31.9609,4096,257.2500,5,47.2700,1623,1
3495,32.0012,31.9609,4096,257.2500,5,47.2700,1624,1
3496,32.0012,31.9609,4096,257.2500,5,47.2700,1625,1
3497,32.0012,31.9609,4096,257.2500,5,47.2700,1625,1
3498,32.0012,31.9609,4096,257.2500,5,47.2700,1625,1
3499,32.0012,31.9609,4096,257.2500,5,47.2700,1625,1
3500,32.0012,31.9609,4096,257.2500,5,47.2700,1625,1
3501,32.0012,31.9609,4096,257.2500,5,47.2700,1625,1
3502,32.0012,31.9609,4096,257.2500,5,47.2700,1626,1
3503,32.0012,31.9609,4096,257.2500,5,47.2700,1627,1
3504,32.0012,31.9609,4096,257.2500,5,47.2700,1627,1
3505,32.0012,31.9609,4096,257.2500,5,47.2700,1627,1
3506,32.0012,31.9609,4096,257.2500,5,47.2700,1628,1
3507,32.0012,31.9609,4096,257.2500,5,47.2700,1628,1
3508,32.0012,31.9609,4096,257.2500,5,47.2700,1628,1
3509,32.0012,31.9609,4096,257.2500,5,47.2700,1628,1
3510,32.0012,31.9609,4096,257.2500,5,47.2700,1628,1
3511,32.0012,31.9609,4096,257.2500,5,47.2700,1628,1
3512,32.0012,31.9609,4096,257.2500,5,47.2700,1628,1
3513,32.0012,31.9609,4096,257.2500,5,47.2700,1628,1
3514,32.0012,31.9609,4096,257.2500,5,47.2700,1628,1
3515,32.0012,31.9609,4096,257.2500,5,47.2700,1628,1
3516,32.0012,31.9609,4096,257.2500,5,47.2700,1628,1
3517,32.0012,31.9609,4096,257.2500,5,47.2700,1628,1
3518,32.0012,31.9609,4096,257.2500,5,47.2700,1628,1
3519,32.0012,31.9609,4096,257.2500,5,47.2700,1628,1
3520,32.0012,31.9609,4096,257.2500,5,47.2700,1628,1
3521,32.0012,31.9609,4096,257.2500,5,47.2700,1628,1
3522,32.0012,31.9609,4096,257.2500,5,47.2700,1628,1
3523,32.0012,31.9609,4096,257.2500,5,47.2700,1628,1
3524,32.0012,31.9609,4096,257.2500,5,47.2700,1628,1
3525,32.0012,31.9609,4096,257.2500,5,47.2700,1629,1
3526,32.0012,31.9609,4096,257.2500,5,47.2700,1629,1
3527,32.0012,31.9609,4096,257.2500,5,47.2700,1629,1
3528,32.0012,31.9609,4096,257.2500,5,47.2700,1630,1
3529,32.0012,31.9609,4096,257.2500,5,47.2700,1631,1
3530,32.0012,31.9609,4096,257.2500,5,47.2700,1631,1
3531,32.0012,31.9609,4096,257.2500,5,47.2700,1631,1
3532,32.0012,31.9609,4096,257.2500,5,47.2700,1631,1
3533,32.0012,31.9609,4096,257.2500,5,47.2700,1631,1
3534,32.0012,31.9609,4096,257.2500,5,47.2700,1631,1
3535,32.0012,31.9609,4096,257.2500,5,47.2700,1632,1
3536,32.0012,31.9609,4096,257.2500,5,47.2700,1632,1
3537,32.0012,31.9609,4096,257.2500,5,47.2700,1632,1
3538,32.0012,31.9609,4096,257.2500,5,47.2700,1632,1
3539,32.0012,31.9609,4096,257.2500,5,47.2700,1632,1
3540,32.0012,31.9609,4096,257.2500,5,47.2700,1633,1
3541,32.0012,31.9609,4096,257.2500,5,47.2700,1633,1
3542,32.0012,31.9609,4096,257.2500,5,47.2700,1634,1
3543,32.0012,31.9609,4096,257.2500,5,47.2700,1635,1
3544,32.0012,31.9609,4096,257.2500,5,47.2700,1636,1
3545,32.0012,31.9609,4096,257.2500,5,47.2700,1636,1
3546,32.0012,31.9609,4096,257.2500,5,47.2700,1636,1
3547,32.0012,31.9609,4096,257.2500,5,47.2700,1636,1
3548,32.0012,31.9609,4096,257.2500,5,47.2700,1636,1
3549,32.0012,31.9609,4096,257.2500,5,47.2700,1637,1
3550,32.0012,31.9609,4096,257.2500,5,47.2700,1637,1
3551,32.0012,31.9609,4096,257.2500,5,47.2700,1638,1
3552,32.0012,31.9609,4096,257.2500,5,47.2700,1638,1
3553,32.0012,31.9609,4096,257.2500,5,47.2700,1638,1
3554,32.0012,31.9609,4096,257.2500,5,47.2700,1638,1
3555,32.0012,31.9609,4096,257.2500,5,47.2700,1639,1
3556,32.0012,31.9609,4096,257.2500,5,47.2700,1639,1
3557,32.0012,31.9609,4096,257.2500,5,47.2700,1640,1
3558,32.0012,31.9609,4096,257.2500,5,47.2700,1641,1
3559,32.0012,31.9609,4096,257.2500,5,47.2700,1641,1
3560,32.0012,31.9609,4096,257.2500,5,47.2700,1641,1
3561,32.0012,31.9609,4096,257.2500,5,47.2700,1641,1
3562,32.0012,31.9609,4096,257.2500,5,47.2700,1642,1
3563,32.0012,31.9609,4096,257.2500,5,47.2700,1642,1
3564,32.0012,31.9609,4096,257.2500,5,47.2700,1643,1
3565,32.0012,31.9609,4096,257.2500,5,47.2700,1643,1
3566,32.0012,31.9609,4096,257.2500,5,47.2700,1644,1
3567,32.0012,31.9609,4096,257.2500,5,47.2700,1645,1
3568,32.0012,31.9609,4096,257.2500,5,47.2700,1645,1
3569,32.0012,31.9609,4096,257.2500,5,47.2700,1645,1
3570,32.0012,31.9609,4096,257.2500,5,47.2700,1646,1
3571,32.0012,31.9609,4096,257.2500,5,47.2700,1646,1
3572,32.0012,31.9609,4096,257.2500,5,47.2700,1647,1
3573,32.0012,31.9609,4096,257.2500,5,47.2700,1647,1
3574,32.0012,31.9609,4096,257.2500,5,47.2700,1647,1
3575,32.0012,31.9609,4096,257.2500,5,47.2700,1647,1
3576,32.0012,31.9609,4096,257.2500,5,47.2700,1647,1
3577,32.0012,31.9609,4096,257.2500,5,47.2700,1647,1
3578,32.0012,31.9609,4096,257.2500,5,47.2700,1647,1
3579,32.0012,31.9609,4096,257.2500,5,47.2700,1648,1
3580,32.0012,31.9609,4096,257.2500,5,47.2700,1648,1
3581,32.0012,31.9609,4096,257.2500,5,47.2700,1649,1
3582,32.0012,31.9609,4096,257.2500,5,47.2700,1649,1
3583,32.0012,31.9609,4096,257.2500,5,47.2700,1650,1
3584,32.0012,31.9609,4096,257.2500,5,47.2700,1651,1
3585,32.0012,31.9609,4096,257.2500,5,47.2700,1652,1
3586,32.0012,31.9609,4096,257.2500,5,47.2700,1652,1
3587,32.0012,31.9609,4096,257.2500,5,47.2700,1653,1
3588,32.0012,31.9609,4096,257.2500,5,47.2700,1653,1
3589,32.0012,31.9609,4096,257.2500,5,47.2700,1653,1
3590,32.0012,31.9609,4096,257.2500,5,47.2700,1654,1
3591,32.0012,31.9609,4096,257.2500,5,47.2700,1654,1
3592,32.0012,31.9609,4096,257.2500,5,47.2700,1654,1
3593,32.0012,31.9609,4096,257.2500,5,47.2700,1654,1
3594,32.0012,31.9609,4096,257.2500,5,47.2700,1654,1
3595,32.0012,31.9609,4096,257.2500,5,47.2700,1655,1
3596,32.0012,31.9609,4096,257.2500,5,47.2700,1655,1
3597,32.0012,31.9609,4096,257.2500,5,47.2700,1655,1
3598,32.0012,31.9609,4096,257.2500,5,47.2700,1655,1
3599,32.0012,31.9609,4096,257.2500,5,47.2700,1656,1
3600,32.0012,31.9609,4096,257.2500,5,47.2700,1657,1
3601,32.0012,31.9609,4096,257.2500,5,47.2700,1657,1
3602,32.0012,31.9609,4096,257.2500,5,47.2700,1657,1
3603,32.0012,31.9609,4096,257.2500,5,47.2700,1658,1
3604,32.0012,31.9609,4096,257.2500,5,47.2700,1658,1
3605,32.0012,31.9609,4096,257.2500,5,47.2700,1658,1
3606,32.0012,31.9609,4096,257.2500,5,47.2700,1659,1
3607,32.0012,31.9609,4096,257.2500,5,47.2700,1660,1
3608,32.0012,31.9609,4096,257.2500,5,47.2700,1660,1
3609,32.0012,31.9609,4096,257.2500,5,47.2700,1660,1
3610,32.0012,31.9609,4096,257.2500,5,47.2700,1661,1
3611,32.0012,31.9609,4096,257.2500,5,47.2700,1661,1
3612,32.0012,31.9609,4096,257.2500,5,47.2700,1661,1
3613,32.0012,31.9609,4096,257.2500,5,47.2700,1661,1
3614,32.0012,31.9609,4096,257.2500,5,47.2700,1661,1
3615,32.0012,31.9609,4096,257.2500,5,47.2700,1662,1
3616,32.0012,31.9609,4096,257.2500,5,47.2700,1662,1
3617,32.0012,31.9609,4096,257.2500,5,47.2700,1662,1
3618,32.0012,31.9609,4096,257.2500,5,47.2700,1662,1
3619,32.0012,31.9609,4096,257.2500,5,47.2700,1663,1
3620,32.0012,31.9609,4096,257.2500,5,47.2700,1663,1
3621,32.0012,31.9609,4096,257.2500,5,47.2700,1663,1
3622,32.0012,31.9609,4096,257.2500,5,47.2700,1663,1
3623,32.0012,31.9609,4096,257.2500,5,47.2700,1663,1
3624,32.0012,31.9609,4096,257.2500,5,47.2700,1663,1
3625,32.0012,31.9609,4096,257.2500,5,47.2700,1664,1
3626,32.0012,31.9609,4096,257.2500,5,47.2700,1665,1
3627,32.0012,31.9609,4096,257.2500,5,47.2700,1666,1
3628,32.0012,31.9609,4096,257.2500,5,47.2700,1666,1
3629,32.0012,31.9609,4096,257.2500,5,47.2700,1666,1
3630,32.0012,31.9609,4096,257.2500,5,47.2700,1667,1
3631,32.0012,31.9609,4096,257.2500,5,47.2700,1668,1
3632,32.0012,31.9609,4096,257.2500,5,47.2700,1668,1
3633,32.0012,31.9609,4096,257.2500,5,47.2700,1669,1
3634,32.0012,31.9609,4096,257.2500,5,47.2700,1669,1
3635,32.0012,31.9609,4096,257.2500,5,47.2700,1669,1
3636,32.0012,31.9609,4096,257.2500,5,47.2700,1670,1
3637,32.0012,31.9609,4096,257.2500,5,47.2700,1670,1
3638,32.0012,31.9609,4096,257.2500,5,47.2700,1670,1
3639,32.0012,31.9609,4096,257.2500,5,47.2700,1670,1
3640,32.0012,31.9609,4096,257.2500,5,47.2700,1670,1
3641,32.0012,31.9609,4096,257.2500,5,47.2700,1671,1
3642,32.0012,31.9609,4096,257.2500,5,47.2700,1671,1
3643,32.0012,31.9609,4096,257.2500,5,47.2700,1671,1
3644,32.0012,31.9609,4096,257.2500,5,47.2700,1671,1
3645,32.0012,31.9609,4096,257.2500,5,47.2700,1671,1
3646,32.0012,31.9609,4096,257.2500,5,47.2700,1671,1
3647,32.0012,31.9609,4096,257.2500,5,47.2700,1672,1
3648,32.0012,31.9609,4096,257.2500,5,47.2700,1672,1
3649,32.0012,31.9609,4096,257.2500,5,47.2700,1672,1
3650,32.0012,31.9609,4096,257.2500,5,47.2700,1672,1
3651,32.0012,31.9609,4096,257.2500,5,47.2700,1673,1
3652,32.0012,31.9609,4096,257.2500,5,47.2700,1673,1
3653,32.0012,31.9609,4096,257.2500,5,47.2700,1673,1
3654,32.0012,31.9609,4096,257.2500,5,47.2700,1674,1
3655,32.0012,31.9609,4096,257.2500,5,47.2700,1675,1
3656,32.0012,31.9609,4096,257.2500,5,47.2700,1675,1
3657,32.0012,31.9609,4096,257.2500,5,47.2700,1675,1
3658,32.0012,31.9609,4096,257.2500,5,47.2700,1675,1
3659,32.0012,31.9609,4096,257.2500,5,47.2700,1675,1
3660,32.0012,31.9609,4096,257.2500,5,47.2700,1675,1
3661,32.0012,31.9609,4096,257.2500,5,47.2700,1676,1
3662,32.0012,31.9609,4096,257.2500,5,47.2700,1676,1
3663,32.0012,31.9609,4096,257.2500,5,47.2700,1676,1
3664,32.0012,31.9609,4096,257.2500,5,47.2700,1676,1
3665,32.0012,31.9609,4096,257.2500,5,47.2700,1677,1
3666,32.0012,31.9609,4096,257.2500,5,47.2700,1677,1
3667,32.0012,31.9609,4096,257.2500,5,47.2700,1678,1
3668,32.0012,31.9609,4096,257.2500,5,47.2700,1678,1
3669,32.0012,31.9609,4096,257.2500,5,47.2700,1679,1
3670,32.0012,31.9609,4096,257.2500,5,47.2700,1680,1
3671,32.0012,31.9609,4096,257.2500,5,47.2700,1680,1
3672,32.0012,31.9609,4096,257.2500,5,47.2700,1680,1
3673,32.0012,31.9609,4096,257.2500,5,47.2700,1680,1
3674,32.0012,31.9609,4096,257.2500,5,47.2700,1680,1
3675,32.0012,31.9609,4096,257.2500,5,47.2700,1681,1
3676,32.0012,31.9609,4096,257.2500,5,47.2700,1682,1
3677,32.0012,31.9609,4096,257.2500,5,47.2700,1683,1
3678,32.0012,31.9609,4096,257.2500,5,47.2700,1683,1
3679,32.0012,31.9609,4096,257.2500,5,47.2700,1684,1
3680,32.0012,31.9609,4096,257.2500,5,47.2700,1685,1
3681,32.0012,31.9609,4096,257.2500,5,47.2700,1685,1
3682,32.0012,31.9609,4096,257.2500,5,47.2700,1685,1
3683,32.0012,31.9609,4096,257.2500,5,47.2700,1685,1
3684,32.0012,31.9609,4096,257.2500,5,47.2700,1686,1
3685,32.0012,31.9609,4096,257.2500,5,47.2700,1687,1
3686,32.0012,31.9609,4096,257.2500,5,47.2700,1687,1
3687,32.0012,31.9609,4096,257.2500,5,47.2700,1688,1
3688,32.0012,31.9609,4096,257.2500,5,47.2700,1688,1
3689,32.0012,31.9609,4096,257.2500,5,47.2700,1688,1
3690,32.0012,31.9609,4096,257.2500,5,47.2700,1688,1
3691,32.0012,31.9609,4096,257.2500,5,47.2700,1689,1
3692,32.0012,31.9609,4096,257.2500,5,47.2700,1689,1
3693,32.0012,31.9609,4096,257.2500,5,47.2700,1689,1
3694,32.0012,31.9609,4096,257.2500,5,47.2700,1690,1
3695,32.0012,31.9609,4096,257.2500,5,47.2700,1691,1
3696,32.0012,31.9609,4096,257.2500,5,47.2700,1692,1
3697,32.0012,31.9609,4096,257.2500,5,47.2700,1692,1
3698,32.0012,31.9609,4096,257.2500,5,47.2700,1692,1
3699,32.0012,31.9609,4096,257.2500,5,47.2700,1693,1
3700,32.0012,31.9609,4096,257.2500,5,47.2700,1694,1
3701,32.0012,31.9609,4096,257.2500,5,47.2700,1695,1
3702,32.0012,31.9609,4096,257.2500,5,47.2700,1696,1
3703,32.0012,31.9609,4096,257.2500,5,47.2700,1696,1
3704,32.0012,31.9609,4096,257.2500,5,47.2700,1696,1
3705,32.0012,31.9609,4096,257.2500,5,47.2700,1696,1
3706,32.0012,31.9609,4096,257.2500,5,47.2700,1696,1
3707,32.0012,31.9609,4096,257.2500,5,47.2700,1697,1
3708,32.0012,31.9609,4096,257.2500,5,47.2700,1697,1
3709,32.0012,31.9609,4096,257.2500,5,47.2700,1698,1
3710,32.0012,31.9609,4096,257.2500,5,47.2700,1698,1
3711,32.0012,31.9609,4096,257.2500,5,47.2700,1698,1
3712,32.0012,31.9609,4096,257.2500,5,47.2700,1698,1
3713,32.0012,31.9609,4096,257.2500,5,47.2700,1698,1
3714,32.0012,31.9609,4096,257.2500,5,47.2700,1698,1
3715,32.0012,31.9609,4096,257.2500,5,47.2700,1698,1
3716,32.0012,31.9609,4096,257.2500,5,47.2700,1698,1
3717,32.0012,31.9609,4096,257.2500,5,47.2700,1698,1
3718,32.0012,31.9609,4096,257.2500,5,47.2700,1699,1
3719,32.0012,31.9609,4096,257.2500,5,47.2700,1700,1
3720,32.0012,31.9609,4096,257.2500,5,47.2700,1701,1
3721,32.0012,31.9609,4096,257.2500,5,47.2700,1701,1
3722,32.0012,31.9609,4096,257.2500,5,47.2700,1701,1
3723,32.0012,31.9609,4096,257.2500,5,47.2700,1701,1
3724,32.0012,31.9609,4096,257.2500,5,47.2700,1702,1
3725,32.0012,31.9609,4096,257.2500,5,47.2700,1703,1
3726,32.0012,31.9609,4096,257.2500,5,47.2700,1703,1
3727,32.0012,31.9609,4096,257.2500,5,47.2700,1704,1
3728,32.0012,31.9609,4096,257.2500,5,47.2700,1704,1
3729,32.0012,31.9609,4096,257.2500,5,47.2700,1704,1
3730,32.0012,31.9609,4096,257.2500,5,47.2700,1705,1
3731,32.0012,31.9609,4096,257.2500,5,47.2700,1705,1
3732,32.0012,31.9609,4096,257.2500,5,47.2700,1705,1
3733,32.0012,31.9609,4096,257.2500,5,47.2700,1705,1
3734,32.0012,31.9609,4096,257.2500,5,47.2700,1706,1
3735,32.0012,31.9609,4096,257.2500,5,47.2700,1706,1
3736,32.0012,31.9609,4096,257.2500,5,47.2700,1706,1
3737,32.0012,31.9609,4096,257.2500,5,47.2700,1707,1
3738,32.0012,31.9609,4096,257.2500,5,47.2700,1707,1
3739,32.0012,31.9609,4096,257.2500,5,47.2700,1707,1
3740,32.0012,31.9609,4096,257.2500,5,47.2700,1707,1
3741,32.0012,31.9609,4096,257.2500,5,47.2700,1707,1
3742,32.0012,31.9609,4096,257.2500,5,47.2700,1707,1
3743,32.0012,31.9609,4096,257.2500,5,47.2700,1708,1
3744,32.0012,31.9609,4096,257.2500,5,47.2700,1708,1
3745,32.0012,31.9609,4096,257.2500,5,47.2700,1708,1
3746,32.0012,31.9609,4096,257.2500,5,47.2700,1709,1
3747,32.0012,31.9609,4096,257.2500,5,47.2700,1710,1
3748,32.0012,31.9609,4096,257.2500,5,47.2700,1710,1
3749,32.0012,31.9609,4096,257.2500,5,47.2700,1710,1
3750,32.0012,31.9609,4096,257.2500,5,47.2700,1710,1
3751,32.0012,31.9609,4096,257.2500,5,47.2700,1711,1
3752,32.0012,31.9609,4096,257.2500,5,47.2700,1711,1
3753,32.0012,31.9609,4096,257.2500,5,47.2700,1712,1
3754,32.0012,31.9609,4096,257.2500,5,47.2700,1713,1
3755,32.0012,31.9609,4096,257.2500,5,47.2700,1713,1
3756,32.0012,31.9609,4096,257.2500,5,47.2700,1713,1
3757,32.0012,31.9609,4096,257.2500,5,47.2700,1714,1
3758,32.0012,31.9609,4096,257.2500,5,47.2700,1714,1
3759,32.0012,31.9609,4096,257.2500,5,47.2700,1714,1
3760,32.0012,31.9609,4096,257.2500,5,47.2700,1714,1
3761,32.0012,31.9609,4096,257.2500,5,47.2700,1715,1
3762,32.0012,31.9609,4096,257.2500,5,47.2700,1716,1
3763,32.0012,31.9609,4096,257.2500,5,47.2700,1716,1
3764,32.0012,31.9609,4096,257.2500,5,47.2700,1716,1
3765,32.0012,31.9609,4096,257.2500,5,47.2700,1717,1
3766,32.0012,31.9609,4096,257.2500,5,47.2700,1718,1
3767,32.0012,31.9609,4096,257.2500,5,47.2700,1718,1
3768,32.0012,31.9609,4096,257.2500,5,47.2700,1719,1
3769,32.0012,31.9609,4096,257.2500,5,47.2700,1719,1
3770,32.0012,31.9609,4096,257.2500,5,47.2700,1720,1
3771,32.0012,31.9609,4096,257.2500,5,47.2700,1721,1
3772,32.0012,31.9609,4096,257.2500,5,47.2700,1722,1
3773,32.0012,31.9609,4096,257.2500,5,47.2700,1723,1
3774,32.0012,31.9609,4096,257.2500,5,47.2700,1723,1
3775,32.0012,31.9609,4096,257.2500,5,47.2700,1724,1
3776,32.0012,31.9609,4096,257.2500,5,47.2700,1724,1
3777,32.0012,31.9609,4096,257.2500,5,47.2700,1724,1
3778,32.0012,31.9609,4096,257.2500,5,47.2700,1724,1
3779,32.0012,31.9609,4096,257.2500,5,47.2700,1725,1
3780,32.0012,31.9609,4096,257.2500,5,47.2700,1725,1
3781,32.0012,31.9609,4096,257.2500,5,47.2700,1725,1
3782,32.0012,31.9609,4096,257.2500,5,47.2700,1725,1
3783,32.0012,31.9609,4096,257.2500,5,47.2700,1725,1
3784,32.0012,31.9609,4096,257.2500,5,47.2700,1726,1
3785,32.0012,31.9609,4096,257.2500,5,47.2700,1726,1
3786,32.0012,31.9609,4096,257.2500,5,47.2700,1726,1
3787,32.0012,31.9609,4096,257.2500,5,47.2700,1726,1
3788,32.0012,31.9609,4096,257.2500,5,47.2700,1726,1
3789,32.0012,31.9609,4096,257.2500,5,47.2700,1726,1
3790,32.0012,31.9609,4096,257.2500,5,47.2700,1727,1
3791,32.0012,31.9609,4096,257.2500,5,47.2700,1728,1
3792,32.0012,31.9609,4096,257.2500,5,47.2700,1729,1
3793,32.0012,31.9609,4096,257.2500,5,47.2700,1730,1
3794,32.0012,31.9609,4096,257.2500,5,47.2700,1731,1
3795,32.0012,31.9609,4096,257.2500,5,47.2700,1732,1
3796,32.0012,31.9609,4096,257.2500,5,47.2700,1732,1
3797,32.0012,31.9609,4096,257.2500,5,47.2700,1733,1
3798,32.0012,31.9609,4096,257.2500,5,47.2700,1733,1
3799,32.0012,31.9609,4096,257.2500,5,47.2700,1733,1
3800,32.0012,31.9609,4096,257.2500,5,47.2700,1733,1
3801,32.0012,31.9609,4096,257.2500,5,47.2700,1734,1
3802,32.0012,31.9609,4096,257.2500,5,47.2700,1734,1
3803,32.0012,31.9609,4096,257.2500,5,47.2700,1735,1
3804,32.0012,31.9609,4096,257.2500,5,47.2700,1735,1
3805,32.0012,31.9609,4096,257.2500,5,47.2700,1735,1
3806,32.0012,31.9609,4096,257.2500,5,47.2700,1736,1
3807,32.0012,31.9609,4096,257.2500,5,47.2700,1736,1
3808,32.0012,31.9609,4096,257.2500,5,47.2700,1737,1
3809,32.0012,31.9609,4096,257.2500,5,47.2700,1737,1
3810,32.0012,31.9609,4096,257.2500,5,47.2700,1738,1
3811,32.0012,31.9609,4096,257.2500,5,47.2700,1738,1
3812,32.0012,31.9609,4096,257.2500,5,47.2700,1739,1
3813,32.0012,31.9609,4096,257.2500,5,47.2700,1739,1
3814,32.0012,31.9609,4096,257.2500,5,47.2700,1739,1
3815,32.0012,31.9609,4096,257.2500,5,47.2700,1739,1
3816,32.0012,31.9609,4096,257.2500,5,47.2700,1739,1
3817,32.0012,31.9609,4096,257.2500,5,47.2700,1740,1
3818,32.0012,31.9609,4096,257.2500,5,47.2700,1741,1
3819,32.0012,31.9609,4096,257.2500,5,47.2700,1741,1
3820,32.0012,31.9609,4096,257.2500,5,47.2700,1741,1
3821,32.0012,31.9609,4096,257.2500,5,47.2700,1741,1
3822,32.0012,31.9609,4096,257.2500,5,47.2700,1742,1
3823,32.0012,31.9609,4096,257.2500,5,47.2700,1743,1
3824,32.0012,31.9609,4096,257.2500,5,47.2700,1743,1
3825,32.0012,31.9609,4096,257.2500,5,47.2700,1743,1
3826,32.0012,31.9609,4096,257.2500,5,47.2700,1743,1
3827,32.0012,31.9609,4096,257.2500,5,47.2700,1743,1
3828,32.0012,31.9609,4096,257.2500,5,47.2700,1743,1
3829,32.0012,31.9609,4096,257.2500,5,47.2700,1743,1
3830,32.0012,31.9609,4096,257.2500,5,47.2700,1743,1
3831,32.0012,31.9609,4096,257.2500,5,47.2700,1743,1
3832,32.0012,31.9609,4096,257.2500,5,47.2700,1743,1
3833,32.0012,31.9609,4096,257.2500,5,47.2700,1744,1
3834,32.0012,31.9609,4096,257.2500,5,47.2700,1744,1
3835,32.0012,31.9609,4096,257.2500,5,47.2700,1744,1
3836,32.0012,31.9609,4096,257.2500,5,47.2700,1744,1
3837,32.0012,31.9609,4096,257.2500,5,47.2700,1745,1
3838,32.0012,31.9609,4096,257.2500,5,47.2700,1745,1
3839,32.0012,31.9609,4096,257.2500,5,47.2700,1745,1
3840,32.0012,31.9609,4096,257.2500,5,47.2700,1745,1
3841,32.0012,31.9609,4096,257.2500,5,47.2700,1746,1
3842,32.0012,31.9609,4096,257.2500,5,47.2700,1746,1
3843,32.0012,31.9609,4096,257.2500,5,47.2700,1746,1
3844,32.0012,31.9609,4096,257.2500,5,47.2700,1746,1
3845,32.0012,31.9609,4096,257.2500,5,47.2700,1747,1
3846,32.0012,31.9609,4096,257.2500,5,47.2700,1748,1
3847,32.0012,31.9609,4096,257.2500,5,47.2700,1749,1
3848,32.0012,31.9609,4096,257.2500,5,47.2700,1749,1
3849,32.0012,31.9609,4096,257.2500,5,47.2700,1749,1
3850,32.0012,31.9609,4096,257.2500,5,47.2700,1749,1
3851,32.0012,31.9609,4096,257.2500,5,47.2700,1750,1
3852,32.0012,31.9609,4096,257.2500,5,47.2700,1751,1
3853,32.0012,31.9609,4096,257.2500,5,47.2700,1751,1
3854,32.0012,31.9609,4096,257.2500,5,47.2700,1752,1
3855,32.0012,31.9609,4096,257.2500,5,47.2700,1752,1
3856,32.0012,31.9609,4096,257.2500,5,47.2700,1752,1
3857,32.0012,31.9609,4096,257.2500,5,47.2700,1752,1
3858,32.0012,31.9609,4096,257.2500,5,47.2700,1752,1
3859,32.0012,31.9609,4096,257.2500,5,47.2700,1752,1
3860,32.0012,31.9609,4096,257.2500,5,47.2700,1752,1
3861,32.0012,31.9609,4096,257.2500,5,47.2700,1752,1
3862,32.0012,31.9609,4096,257.2500,5,47.2700,1752,1
3863,32.0012,31.9609,4096,257.2500,5,47.2700,1752,1
3864,32.0012,31.9609,4096,257.2500,5,47.2700,1752,1
3865,32.0012,31.9609,4096,257.2500,5,47.2700,1753,1
3866,32.0012,31.9609,4096,257.2500,5,47.2700,1753,1
3867,32.0012,31.9609,4096,257.2500,5,47.2700,1753,1
3868,32.0012,31.9609,4096,257.2500,5,47.2700,1754,1
3869,32.0012,31.9609,4096,257.2500,5,47.2700,1754,1
3870,32.0012,31.9609,4096,257.2500,5,47.2700,1755,1
3871,32.0012,31.9609,4096,257.2500,5,47.2700,1755,1
3872,32.0012,31.9609,4096,257.2500,5,47.2700,1756,1
3873,32.0012,31.9609,4096,257.2500,5,47.2700,1756,1
3874,32.0012,31.9609,4096,257.2500,5,47.2700,1756,1
3875,32.0012,31.9609,4096,257.2500,5,47.2700,1756,1
3876,32.0012,31.9609,4096,257.2500,5,47.2700,1756,1
3877,32.0012,31.9609,4096,257.2500,5,47.2700,1756,1
3878,32.0012,31.9609,4096,257.2500,5,47.2700,1757,1
3879,32.0012,31.9609,4096,257.2500,5,47.2700,1757,1
3880,32.0012,31.9609,4096,257.2500,5,47.2700,1757,1
3881,32.0012,31.9609,4096,257.2500,5,47.2700,1758,1
3882,32.0012,31.9609,4096,257.2500,5,47.2700,1758,1
3883,32.0012,31.9609,4096,257.2500,5,47.2700,1758,1
3884,32.0012,31.9609,4096,257.2500,5,47.2700,1759,1
3885,32.0012,31.9609,4096,257.2500,5,47.2700,1759,1
3886,32.0012,31.9609,4096,257.2500,5,47.2700,1760,1
3887,32.0012,31.9609,4096,257.2500,5,47.2700,1761,1
3888,32.0012,31.9609,4096,257.2500,5,47.2700,1761,1
3889,32.0012,31.9609,4096,257.2500,5,47.2700,1761,1
3890,32.0012,31.9609,4096,257.2500,5,47.2700,1761,1
3891,32.0012,31.9609,4096,257.2500,5,47.2700,1762,1
3892,32.0012,31.9609,4096,257.2500,5,47.2700,1762,1
3893,32.0012,31.9609,4096,257.2500,5,47.2700,1763,1
3894,32.0012,31.9609,4096,257.2500,5,47.2700,1763,1
3895,32.0012,31.9609,4096,257.2500,5,47.2700,1763,1
3896,32.0012,31.9609,4096,257.2500,5,47.2700,1764,1
3897,32.0012,31.9609,4096,257.2500,5,47.2700,1765,1
3898,32.0012,31.9609,4096,257.2500,5,47.2700,1766,1
3899,32.0012,31.9609,4096,257.2500,5,47.2700,1766,1
3900,32.0012,31.9609,4096,257.2500,5,47.2700,1766,1
3901,32.0012,31.9609,4096,257.2500,5,47.2700,1767,1
3902,32.0012,31.9609,4096,257.2500,5,47.2700,1768,1
3903,32.0012,31.9609,4096,257.2500,5,47.2700,1768,1
3904,32.0012,31.9609,4096,257.2500,5,47.2700,1769,1
3905,32.0012,31.9609,4096,257.2500,5,47.2700,1770,1
3906,32.0012,31.9609,4096,257.2500,5,47.2700,1771,1
3907,32.0012,31.9609,4096,257.2500,5,47.2700,1772,1
3908,32.0012,31.9609,4096,257.2500,5,47.2700,1772,1
3909,32.0012,31.9609,4096,257.2500,5,47.2700,1772,1
3910,32.0012,31.9609,4096,257.2500,5,47.2700,1772,1
3911,32.0012,31.9609,4096,257.2500,5,47.2700,1773,1
3912,32.0012,31.9609,4096,257.2500,5,47.2700,1773,1
3913,32.0012,31.9609,4096,257.2500,5,47.2700,1774,1
3914,32.0012,31.9609,4096,257.2500,5,47.2700,1774,1
3915,32.0012,31.9609,4096,257.2500,5,47.2700,1774,1
3916,32.0012,31.9609,4096,257.2500,5,47.2700,1775,1
3917,32.0012,31.9609,4096,257.2500,5,47.2700,1776,1
3918,32.0012,31.9609,4096,257.2500,5,47.2700,1777,1
3919,32.0012,31.9609,4096,257.2500,5,47.2700,1778,1
3920,32.0012,31.9609,4096,257.2500,5,47.2700,1778,1
3921,32.0012,31.9609,4096,257.2500,5,47.2700,1778,1
3922,32.0012,31.9609,4096,257.2500,5,47.2700,1778,1
3923,32.0012,31.9609,4096,257.2500,5,47.2700,1779,1
3924,32.0012,31.9609,4096,257.2500,5,47.2700,1779,1
3925,32.0012,31.9609,4096,257.2500,5,47.2700,1780,1
3926,32.0012,31.9609,4096,257.2500,5,47.2700,1780,1
3927,32.0012,31.9609,4096,257.2500,5,47.2700,1780,1
3928,32.0012,31.9609,4096,257.2500,5,47.2700,1780,1
3929,32.0012,31.9609,4096,257.2500,5,47.2700,1780,1
3930,32.0012,31.9609,4096,257.2500,5,47.2700,1780,1
3931,32.0012,31.9609,4096,257.2500,5,47.2700,1780,1
3932,32.0012,31.9609,4096,257.2500,5,47.2700,1781,1
3933,32.0012,31.9609,4096,257.2500,5,47.2700,1782,1
3934,32.0012,31.9609,4096,257.2500,5,47.2700,1782,1
3935,32.0012,31.9609,4096,257.2500,5,47.2700,1783,1
3936,32.0012,31.9609,4096,257.2500,5,47.2700,1783,1
3937,32.0012,31.9609,4096,257.2500,5,47.2700,1783,1
3938,32.0012,31.9609,4096,257.2500,5,47.2700,1783,1
3939,32.0012,31.9609,4096,257.2500,5,47.2700,1784,1
3940,32.0012,31.9609,4096,257.2500,5,47.2700,1784,1
3941,32.0012,31.9609,4096,257.2500,5,47.2700,1784,1
3942,32.0012,31.9609,4096,257.2500,5,47.2700,1784,1
3943,32.0012,31.9609,4096,257.2500,5,47.2700,1784,1
3944,32.0012,31.9609,4096,257.2500,5,47.2700,1784,1
3945,32.0012,31.9609,4096,257.2500,5,47.2700,1785,1
3946,32.0012,31.9609,4096,257.2500,5,47.2700,1785,1
3947,32.0012,31.9609,4096,257.2500,5,47.2700,1786,1
3948,32.0012,31.9609,4096,257.2500,5,47.2700,1786,1
3949,32.0012,31.9609,4096,257.2500,5,47.2700,1786,1
3950,32.0012,31.9609,4096,257.2500,5,47.2700,1786,1
3951,32.0012,31.9609,4096,257.2500,5,47.2700,1786,1
3952,32.0012,31.9609,4096,257.2500,5,47.2700,1786,1
3953,32.0012,31.9609,4096,257.2500,5,47.2700,1787,1
3954,32.0012,31.9609,4096,257.2500,5,47.2700,1787,1
3955,32.0012,31.9609,4096,257.2500,5,47.2700,1787,1
3956,32.0012,31.9609,4096,257.2500,5,47.2700,1787,1
3957,32.0012,31.9609,4096,257.2500,5,47.2700,1787,1
3958,32.0012,31.9609,4096,257.2500,5,47.2700,1787,1
3959,32.0012,31.9609,4096,257.2500,5,47.2700,1787,1
3960,32.0012,31.9609,4096,257.2500,5,47.2700,1787,1
3961,32.0012,31.9609,4096,257.2500,5,47.2700,1788,1
3962,32.0012,31.9609,4096,257.2500,5,47.2700,1788,1
3963,32.0012,31.9609,4096,257.2500,5,47.2700,1788,1
3964,32.0012,31.9609,4096,257.2500,5,47.2700,1788,1
3965,32.0012,31.9609,4096,257.2500,5,47.2700,1789,1
3966,32.0012,31.9609,4096,257.2500,5,47.2700,1790,1
3967,32.0012,31.9609,4096,257.2500,5,47.2700,1790,1
3968,32.0012,31.9609,4096,257.2500,5,47.2700,1790,1
3969,32.0012,31.9609,4096,257.2500,5,47.2700,1790,1
3970,32.0012,31.9609,4096,257.2500,5,47.2700,1790,1
3971,32.0012,31.9609,4096,257.2500,5,47.2700,1791,1
3972,32.0012,31.9609,4096,257.2500,5,47.2700,1792,1
3973,32.0012,31.9609,4096,257.2500,5,47.2700,1792,1
3974,32.0012,31.9609,4096,257.2500,5,47.2700,1793,1
3975,32.0012,31.9609,4096,257.2500,5,47.2700,1793,1
3976,32.0012,31.9609,4096,257.2500,5,47.2700,1794,1
3977,32.0012,31.9609,4096,257.2500,5,47.2700,1795,1
3978,32.0012,31.9609,4096,257.2500,5,47.2700,1795,1
3979,32.0012,31.9609,4096,257.2500,5,47.2700,1796,1
3980,32.0012,31.9609,4096,257.2500,5,47.2700,1797,1
3981,32.0012,31.9609,4096,257.2500,5,47.2700,1798,1
3982,32.0012,31.9609,4096,257.2500,5,47.2700,1799,1
3983,32.0012,31.9609,4096,257.2500,5,47.2700,1800,1
3984,32.0012,31.9609,4096,257.2500,5,47.2700,1801,1
3985,32.0012,31.9609,4096,257.2500,5,47.2700,1801,1
3986,32.0012,31.9609,4096,257.2500,5,47.2700,1801,1
3987,32.0012,31.9609,4096,257.2500,5,47.2700,1801,1
3988,32.0012,31.9609,4096,257.2500,5,47.2700,1802,1
3989,32.0012,31.9609,4096,257.2500,5,47.2700,1802,1
3990,32.0012,31.9609,4096,257.2500,5,47.2700,1803,1
3991,32.0012,31.9609,4096,257.2500,5,47.2700,1803,1
3992,32.0012,31.9609,4096,257.2500,5,47.2700,1803,1
3993,32.0012,31.9609,4096,257.2500,5,47.2700,1803,1
3994,32.0012,31.9609,4096,257.2500,5,47.2700,1803,1
3995,32.0012,31.9609,4096,257.2500,5,47.2700,1803,1
3996,32.0012,31.9609,4096,257.2500,5,47.2700,1803,1
3997,32.0012,31.9609,4096,257.2500,5,47.2700,1803,1
3998,32.0012,31.9609,4096,257.2500,5,47.2700,1804,1
3999,32.0012,31.9609,4096,257.2500,5,47.2700,1805,1
4000,32.0012,31.9609,4096,257.2500,5,47.2700,1805,1
4001,32.0012,31.9609,4096,257.2500,5,47.2700,1805,1
4002,32.0012,31.9609,4096,257.2500,5,47.2700,1806,1
4003,32.0012,31.9609,4096,257.2500,5,47.2700,1806,1
4004,32.0012,31.9609,4096,257.2500,5,47.2700,1807,1
4005,32.0012,31.9609,4096,257.2500,5,47.2700,1808,1
4006,32.0012,31.9609,4096,257.2500,5,47.2700,1808,1
4007,32.0012,31.9609,4096,257.2500,5,47.2700,1809,1
4008,32.0012,31.9609,4096,257.2500,5,47.2700,1809,1
4009,32.0012,31.9609,4096,257.2500,5,47.2700,1810,1
4010,32.0012,31.9609,4096,257.2500,5,47.2700,1811,1
4011,32.0012,31.9609,4096,257.2500,5,47.2700,1812,1
4012,32.0012,31.9609,4096,257.2500,5,47.2700,1812,1
4013,32.0012,31.9609,4096,257.2500,5,47.2700,1813,1
4014,32.0012,31.9609,4096,257.2500,5,47.2700,1813,1
4015,32.0012,31.9609,4096,257.2500,5,47.2700,1813,1
4016,32.0012,31.9609,4096,257.2500,5,47.2700,1813,1
4017,32.0012,31.9609,4096,257.2500,5,47.2700,1813,1
4018,32.0012,31.9609,4096,257.2500,5,47.2700,1813,1
4019,32.0012,31.9609,4096,257.2500,5,47.2700,1814,1
4020,32.0012,31.9609,4096,257.2500,5,47.2700,1814,1
4021,32.0012,31.9609,4096,257.2500,5,47.2700,1814,1
4022,32.0012,31.9609,4096,257.2500,5,47.2700,1815,1
4023,32.0012,31.9609,4096,257.2500,5,47.2700,1815,1
4024,32.0012,31.9609,4096,257.2500,5,47.2700,1815,1
4025,32.0012,31.9609,4096,257.2500,5,47.2700,1815,1
4026,32.0012,31.9609,4096,257.2500,5,47.2700,1815,1
4027,32.0012,31.9609,4096,257.2500,5,47.2700,1815,1
4028,32.0012,31.9609,4096,257.2500,5,47.2700,1815,1
4029,32.0012,31.9609,4096,257.2500,5,47.2700,1815,1
4030,32.0012,31.9609,4096,257.2500,5,47.2700,1816,1
4031,32.0012,31.9609,4096,257.2500,5,47.2700,1817,1
4032,32.0012,31.9609,4096,257.2500,5,47.2700,1818,1
4033,32.0012,31.9609,4096,257.2500,5,47.2700,1818,1
4034,32.0012,31.9609,4096,257.2500,5,47.2700,1818,1
4035,32.0012,31.9609,4096,257.2500,5,47.2700,1818,1
4036,32.0012,31.9609,4096,257.2500,5,47.2700,1819,1
4037,32.0012,31.9609,4096,257.2500,5,47.2700,1819,1
4038,32.0012,31.9609,4096,257.2500,5,47.2700,1819,1
4039,32.0012,31.9609,4096,257.2500,5,47.2700,1820,1
4040,32.0012,31.9609,4096,257.2500,5,47.2700,1820,1
4041,32.0012,31.9609,4096,257.2500,5,47.2700,1820,1
4042,32.0012,31.9609,4096,257.2500,5,47.2700,1820,1
4043,32.0012,31.9609,4096,257.2500,5,47.2700,1820,1
4044,32.0012,31.9609,4096,257.2500,5,47.2700,1820,1
4045,32.0012,31.9609,4096,257.2500,5,47.2700,1820,1
4046,32.0012,31.9609,4096,257.2500,5,47.2700,1820,1
4047,32.0012,31.9609,4096,257.2500,5,47.2700,1820,1
4048,32.0012,31.9609,4096,257.2500,5,47.2700,1820,1
4049,32.0012,31.9609,4096,257.2500,5,47.2700,1821,1
4050,32.0012,31.9609,4096,257.2500,5,47.2700,1822,1
4051,32.0012,31.9609,4096,257.2500,5,47.2700,1823,1
4052,32.0012,31.9609,4096,257.2500,5,47.2700,1824,1
4053,32.0012,31.9609,4096,257.2500,5,47.2700,1825,1
4054,32.0012,31.9609,4096,257.2500,5,47.2700,1826,1
4055,32.0012,31.9609,4096,257.2500,5,47.2700,1826,1
4056,32.0012,31.9609,4096,257.2500,5,47.2700,1827,1
4057,32.0012,31.9609,4096,257.2500,5,47.2700,1827,1
4058,32.0012,31.9609,4096,257.2500,5,47.2700,1828,1
4059,32.0012,31.9609,4096,257.2500,5,47.2700,1829,1
4060,32.0012,31.9609,4096,257.2500,5,47.2700,1830,1
4061,32.0012,31.9609,4096,257.2500,5,47.2700,1830,1
4062,32.0012,31.9609,4096,257.2500,5,47.2700,1830,1
4063,32.0012,31.9609,4096,257.2500,5,47.2700,1831,1
4064,32.0012,31.9609,4096,257.2500,5,47.2700,1831,1
4065,32.0012,31.9609,4096,257.2500,5,47.2700,1831,1
4066,32.0012,31.9609,4096,257.2500,5,47.2700,1832,1
4067,32.0012,31.9609,4096,257.2500,5,47.2700,1832,1
4068,32.0012,31.9609,4096,257.2500,5,47.2700,1832,1
4069,32.0012,31.9609,4096,257.2500,5,47.2700,1833,1
4070,32.0012,31.9609,4096,257.2500,5,47.2700,1833,1
4071,32.0012,31.9609,4096,257.2500,5,47.2700,1834,1
4072,32.0012,31.9609,4096,257.2500,5,47.2700,1834,1
4073,32.0012,31.9609,4096,257.2500,5,47.2700,1834,1
4074,32.0012,31.9609,4096,257.2500,5,47.2700,1834,1
4075,32.0012,31.9609,4096,257.2500,5,47.2700,1834,1
4076,32.0012,31.9609,4096,257.2500,5,47.2700,1834,1
4077,32.0012,31.9609,4096,257.2500,5,47.2700,1834,1
4078,32.0012,31.9609,4096,257.2500,5,47.2700,1835,1
4079,32.0012,31.9609,4096,257.2500,5,47.2700,1836,1
4080,32.0012,31.9609,4096,257.2500,5,47.2700,1836,1
4081,32.0012,31.9609,4096,257.2500,5,47.2700,1836,1
4082,32.0012,31.9609,4096,257.2500,5,47.2700,1837,1
4083,32.0012,31.9609,4096,257.2500,5,47.2700,1838,1
4084,32.0012,31.9609,4096,257.2500,5,47.2700,1838,1
4085,32.0012,31.9609,4096,257.2500,5,47.2700,1838,1
4086,32.0012,31.9609,4096,257.2500,5,47.2700,1838,1
4087,32.0012,31.9609,4096,257.2500,5,47.2700,1838,1
4088,32.0012,31.9609,4096,257.2500,5,47.2700,1838,1
4089,32.0012,31.9609,4096,257.2500,5,47.2700,1838,1
4090,32.0012,31.9609,4096,257.2500,5,47.2700,1839,1
4091,32.0012,31.9609,4096,257.2500,5,47.2700,1839,1
4092,32.0012,31.9609,4096,257.2500,5,47.2700,1839,1
4093,32.0012,31.9609,4096,257.2500,5,47.2700,1839,1
4094,32.0012,31.9609,4096,257.2500,5,47.2700,1839,1
4095,32.0012,31.9609,4096,257.2500,5,47.2700,1839,1
4096,32.0012,31.9609,4096,257.2500,5,47.2700,1840,1
4097,32.0012,31.9609,4096,257.2500,5,47.2700,1840,1
4098,32.0012,31.9609,4096,257.2500,5,47.2700,1840,1
4099,32.0012,31.9609,4096,257.2500,5,47.2700,1840,1
4100,32.0012,31.9609,4096,257.2500,5,47.2700,1840,1
4101,32.0012,31.9609,4096,257.2500,5,47.2700,1841,1
4102,32.0012,31.9609,4096,257.2500,5,47.2700,1842,1
4103,32.0012,31.9609,4096,257.2500,5,47.2700,1842,1
4104,32.0012,31.9609,4096,257.2500,5,47.2700,1842,1
4105,32.0012,31.9609,4096,257.2500,5,47.2700,1843,1
4106,32.0012,31.9609,4096,257.2500,5,47.2700,1843,1
4107,32.0012,31.9609,4096,257.2500,5,47.2700,1844,1
4108,32.0012,31.9609,4096,257.2500,5,47.2700,1845,1
4109,32.0012,31.9609,4096,257.2500,5,47.2700,1846,1
4110,32.0012,31.9609,4096,257.2500,5,47.2700,1846,1
4111,32.0012,31.9609,4096,257.2500,5,47.2700,1847,1
4112,32.0012,31.9609,4096,257.2500,5,47.2700,1847,1
4113,32.0012,31.9609,4096,257.2500,5,47.2700,1847,1
4114,32.0012,31.9609,4096,257.2500,5,47.2700,1848,1
4115,32.0012,31.9609,4096,257.2500,5,47.2700,1848,1
4116,32.0012,31.9609,4096,257.2500,5,47.2700,1848,1
4117,32.0012,31.9609,4096,257.2500,5,47.2700,1849,1
4118,32.0012,31.9609,4096,257.2500,5,47.2700,1849,1
4119,32.0012,31.9609,4096,257.2500,5,47.2700,1849,1
4120,32.0012,31.9609,4096,257.2500,5,47.2700,1850,1
4121,32.0012,31.9609,4096,257.2500,5,47.2700,1850,1
4122,32.0012,31.9609,4096,257.2500,5,47.2700,1850,1
4123,32.0012,31.9609,4096,257.2500,5,47.2700,1851,1
4124,32.0012,31.9609,4096,257.2500,5,47.2700,1851,1
4125,32.0012,31.9609,4096,257.2500,5,47.2700,1851,1
4126,32.0012,31.9609,4096,257.2500,5,47.2700,1852,1
4127,32.0012,31.9609,4096,257.2500,5,47.2700,1852,1
4128,32.0012,31.9609,4096,257.2500,5,47.2700,1853,1
4129,32.0012,31.9609,4096,257.2500,5,47.2700,1853,1
4130,32.0012,31.9609,4096,257.2500,5,47.2700,1853,1
4131,32.0012,31.9609,4096,257.2500,5,47.2700,1853,1
4132,32.0012,31.9609,4096,257.2500,5,47.2700,1853,1
4133,32.0012,31.9609,4096,257.2500,5,47.2700,1854,1
4134,32.0012,31.9609,4096,257.2500,5,47.2700,1855,1
4135,32.0012,31.9609,4096,257.2500,5,47.2700,1855,1
4136,32.0012,31.9609,4096,257.2500,5,47.2700,1855,1
4137,32.0012,31.9609,4096,257.2500,5,47.2700,1856,1
4138,32.0012,31.9609,4096,257.2500,5,47.2700,1856,1
4139,32.0012,31.9609,4096,257.2500,5,47.2700,1857,1
4140,32.0012,31.9609,4096,257.2500,5,47.2700,1857,1
4141,32.0012,31.9609,4096,257.2500,5,47.2700,1857,1
4142,32.0012,31.9609,4096,257.2500,5,47.2700,1858,1
4143,32.0012,31.9609,4096,257.2500,5,47.2700,1859,1
4144,32.0012,31.9609,4096,257.2500,5,47.2700,1859,1
4145,32.0012,31.9609,4096,257.2500,5,47.2700,1860,1
4146,32.0012,31.9609,4096,257.2500,5,47.2700,1860,1
4147,32.0012,31.9609,4096,257.2500,5,47.2700,1860,1
4148,32.0012,31.9609,4096,257.2500,5,47.2700,1861,1
4149,32.0012,31.9609,4096,257.2500,5,47.2700,1861,1
4150,32.0012,31.9609,4096,257.2500,5,47.2700,1861,1
4151,32.0012,31.9609,4096,257.2500,5,47.2700,1861,1
4152,32.0012,31.9609,4096,257.2500,5,47.2700,1862,1
4153,32.0012,31.9609,4096,257.2500,5,47.2700,1862,1
4154,32.0012,31.9609,4096,257.2500,5,47.2700,1863,1
4155,32.0012,31.9609,4096,257.2500,5,47.2700,1863,1
4156,32.0012,31.9609,4096,257.2500,5,47.2700,1864,1
4157,32.0012,31.9609,4096,257.2500,5,47.2700,1865,1
4158,32.0012,31.9609,4096,257.2500,5,47.2700,1865,1
4159,32.0012,31.9609,4096,257.2500,5,47.2700,1865,1
4160,32.0012,31.9609,4096,257.2500,5,47.2700,1865,1
4161,32.0012,31.9609,4096,257.2500,5,47.2700,1865,1
4162,32.0012,31.9609,4096,257.2500,5,47.2700,1865,1
4163,32.0012,31.9609,4096,257.2500,5,47.2700,1865,1
4164,32.0012,31.9609,4096,257.2500,5,47.2700,1866,1
4165,32.0012,31.9609,4096,257.2500,5,47.2700,1866,1
4166,32.0012,31.9609,4096,257.2500,5,47.2700,1866,1
4167,32.0012,31.9609,4096,257.2500,5,47.2700,1866,1
4168,32.0012,31.9609,4096,257.2500,5,47.2700,1867,1
4169,32.0012,31.9609,4096,257.2500,5,47.2700,1868,1
4170,32.0012,31.9609,4096,257.2500,5,47.2700,1868,1
4171,32.0012,31.9609,4096,257.2500,5,47.2700,1869,1
4172,32.0012,31.9609,4096,257.2500,5,47.2700,1870,1
4173,32.0012,31.9609,4096,257.2500,5,47.2700,1870,1
4174,32.0012,31.9609,4096,257.2500,5,47.2700,1870,1
4175,32.0012,31.9609,4096,257.2500,5,47.2700,1870,1
4176,32.0012,31.9609,4096,257.2500,5,47.2700,1871,1
4177,32.0012,31.9609,4096,257.2500,5,47.2700,1871,1
4178,32.0012,31.9609,4096,257.2500,5,47.2700,1871,1
4179,32.0012,31.9609,4096,257.2500,5,47.2700,1871,1
4180,32.0012,31.9609,4096,257.2500,5,47.2700,1872,1
4181,32.0012,31.9609,4096,257.2500,5,47.2700,1873,1
4182,32.0012,31.9609,4096,257.2500,5,47.2700,1873,1
4183,32.0012,31.9609,4096,257.2500,5,47.2700,1873,1
4184,32.0012,31.9609,4096,257.2500,5,47.2700,1874,1
4185,32.0012,31.9609,4096,257.2500,5,47.2700,1874,1
4186,32.0012,31.9609,4096,257.2500,5,47.2700,1875,1
4187,32.0012,31.9609,4096,257.2500,5,47.2700,1875,1
4188,32.0012,31.9609,4096,257.2500,5,47.2700,1875,1
4189,32.0012,31.9609,4096,257.2500,5,47.2700,1875,1
4190,32.0012,31.9609,4096,257.2500,5,47.2700,1875,1
4191,32.0012,31.9609,4096,257.2500,5,47.2700,1875,1
4192,32.0012,31.9609,4096,257.2500,5,47.2700,1875,1
4193,32.0012,31.9609,4096,257.2500,5,47.2700,1875,1
4194,32.0012,31.9609,4096,257.2500,5,47.2700,1876,1
4195,32.0012,31.9609,4096,257.2500,5,47.2700,1877,1
4196,32.0012,31.9609,4096,257.2500,5,47.2700,1878,1
4197,32.0012,31.9609,4096,257.2500,5,47.2700,1879,1
4198,32.0012,31.9609,4096,257.2500,5,47.2700,1880,1
4199,32.0012,31.9609,4096,257.2500,5,47.2700,1881,1
4200,32.0012,31.9609,4096,257.2500,5,47.2700,1881,1
4201,32.0012,31.9609,4096,257.2500,5,47.2700,1881,1
4202,32.0012,31.9609,4096,257.2500,5,47.2700,1881,1
4203,32.0012,31.9609,4096,257.2500,5,47.2700,1882,1
4204,32.0012,31.9609,4096,257.2500,5,47.2700,1883,1
4205,32.0012,31.9609,4096,257.2500,5,47.2700,1883,1
4206,32.0012,31.9609,4096,257.2500,5,47.2700,1883,1
4207,32.0012,31.9609,4096,257.2500,5,47.2700,1884,1
4208,32.0012,31.9609,4096,257.2500,5,47.2700,1885,1
4209,32.0012,31.9609,4096,257.2500,5,47.2700,1886,1
4210,32.0012,31.9609,4096,257.2500,5,47.2700,1886,1
4211,32.0012,31.9609,4096,257.2500,5,47.2700,1886,1
4212,32.0012,31.9609,4096,257.2500,5,47.2700,1886,1
4213,32.0012,31.9609,4096,257.2500,5,47.2700,1886,1
4214,32.0012,31.9609,4096,257.2500,5,47.2700,1886,1
4215,32.0012,31.9609,4096,257.2500,5,47.2700,1886,1
4216,32.0012,31.9609,4096,257.2500,5,47.2700,1886,1
4217,32.0012,31.9609,4096,257.2500,5,47.2700,1886,1
4218,32.0012,31.9609,4096,257.2500,5,47.2700,1886,1
4219,32.0012,31.9609,4096,257.2500,5,47.2700,1886,1
4220,32.0012,31.9609,4096,257.2500,5,47.2700,1886,1
4221,32.0012,31.9609,4096,257.2500,5,47.2700,1887,1
4222,32.0012,31.9609,4096,257.2500,5,47.2700,1887,1
4223,32.0012,31.9609,4096,257.2500,5,47.2700,1887,1
4224,32.0012,31.9609,4096,257.2500,5,47.2700,1887,1
4225,32.0012,31.9609,4096,257.2500,5,47.2700,1888,1
4226,32.0012,31.9609,4096,257.2500,5,47.2700,1889,1
4227,32.0012,31.9609,4096,257.2500,5,47.2700,1889,1
4228,32.0012,31.9609,4096,257.2500,5,47.2700,1890,1
4229,32.0012,31.9609,4096,257.2500,5,47.2700,1891,1
4230,32.0012,31.9609,4096,257.2500,5,47.2700,1892,1
4231,32.0012,31.9609,4096,257.2500,5,47.2700,1892,1
4232,32.0012,31.9609,4096,257.2500,5,47.2700,1892,1
4233,32.0012,31.9609,4096,257.2500,5,47.2700,1892,1
4234,32.0012,31.9609,4096,257.2500,5,47.2700,1893,1
4235,32.0012,31.9609,4096,257.2500,5,47.2700,1893,1
4236,32.0012,31.9609,4096,257.2500,5,47.2700,1893,1
4237,32.0012,31.9609,4096,257.2500,5,47.2700,1893,1
4238,32.0012,31.9609,4096,257.2500,5,47.2700,1893,1
4239,32.0012,31.9609,4096,257.2500,5,47.2700,1894,1
4240,32.0012,31.9609,4096,257.2500,5,47.2700,1895,1
4241,32.0012,31.9609,4096,257.2500,5,47.2700,1896,1
4242,32.0012,31.9609,4096,257.2500,5,47.2700,1897,1
4243,32.0012,31.9609,4096,257.2500,5,47.2700,1897,1
4244,32.0012,31.9609,4096,257.2500,5,47.2700,1897,1
4245,32.0012,31.9609,4096,257.2500,5,47.2700,1897,1
4246,32.0012,31.9609,4096,257.2500,5,47.2700,1897,1
4247,32.0012,31.9609,4096,257.2500,5,47.2700,1897,1
4248,32.0012,31.9609,4096,257.2500,5,47.2700,1897,1
4249,32.0012,31.9609,4096,257.2500,5,47.2700,1897,1
4250,32.0012,31.9609,4096,257.2500,5,47.2700,1897,1
4251,32.0012,31.9609,4096,257.2500,5,47.2700,1897,1
4252,32.0012,31.9609,4096,257.2500,5,47.2700,1898,1
4253,32.0012,31.9609,4096,257.2500,5,47.2700,1898,1
4254,32.0012,31.9609,4096,257.2500,5,47.2700,1898,1
4255,32.0012,31.9609,4096,257.2500,5,47.2700,1898,1
4256,32.0012,31.9609,4096,257.2500,5,47.2700,1898,1
4257,32.0012,31.9609,4096,257.2500,5,47.2700,1899,1
4258,32.0012,31.9609,4096,257.2500,5,47.2700,1900,1
4259,32.0012,31.9609,4096,257.2500,5,47.2700,1900,1
4260,32.0012,31.9609,4096,257.2500,5,47.2700,1900,1
4261,32.0012,31.9609,4096,257.2500,5,47.2700,1900,1
4262,32.0012,31.9609,4096,257.2500,5,47.2700,1901,1
4263,32.0012,31.9609,4096,257.2500,5,47.2700,1901,1
4264,32.0012,31.9609,4096,257.2500,5,47.2700,1902,1
4265,32.0012,31.9609,4096,257.2500,5,47.2700,1903,1
4266,32.0012,31.9609,4096,257.2500,5,47.2700,1903,1
4267,32.0012,31.9609,4096,257.2500,5,47.2700,1903,1
4268,32.0012,31.9609,4096,257.2500,5,47.2700,1903,1
4269,32.0012,31.9609,4096,257.2500,5,47.2700,1903,1
4270,32.0012,31.9609,4096,257.2500,5,47.2700,1904,1
4271,32.0012,31.9609,4096,257.2500,5,47.2700,1904,1
4272,32.0012,31.9609,4096,257.2500,5,47.2700,1904,1
4273,32.0012,31.9609,4096,257.2500,5,47.2700,1905,1
4274,32.0012,31.9609,4096,257.2500,5,47.2700,1905,1
4275,32.0012,31.9609,4096,257.2500,5,47.2700,1906,1
4276,32.0012,31.9609,4096,257.2500,5,47.2700,1906,1
4277,32.0012,31.9609,4096,257.2500,5,47.2700,1906,1
4278,32.0012,31.9609,4096,257.2500,5,47.2700,1906,1
4279,32.0012,31.9609,4096,257.2500,5,47.2700,1907,1
4280,32.0012,31.9609,4096,257.2500,5,47.2700,1907,1
4281,32.0012,31.9609,4096,257.2500,5,47.2700,1908,1
4282,32.0012,31.9609,4096,257.2500,5,47.2700,1908,1
4283,32.0012,31.9609,4096,257.2500,5,47.2700,1909,1
4284,32.0012,31.9609,4096,257.2500,5,47.2700,1910,1
4285,32.0012,31.9609,4096,257.2500,5,47.2700,1910,1
4286,32.0012,31.9609,4096,257.2500,5,47.2700,1910,1
4287,32.0012,31.9609,4096,257.2500,5,47.2700,1910,1
4288,32.0012,31.9609,4096,257.2500,5,47.2700,1911,1
4289,32.0012,31.9609,4096,257.2500,5,47.2700,1912,1
4290,32.0012,31.9609,4096,257.2500,5,47.2700,1912,1
4291,32.0012,31.9609,4096,257.2500,5,47.2700,1912,1
4292,32.0012,31.9609,4096,257.2500,5,47.2700,1912,1
4293,32.0012,31.9609,4096,257.2500,5,47.2700,1912,1
4294,32.0012,31.9609,4096,257.2500,5,47.2700,1912,1
4295,32.0012,31.9609,4096,257.2500,5,47.2700,1912,1
4296,32.0012,31.9609,4096,257.2500,5,47.2700,1913,1
4297,32.0012,31.9609,4096,257.2500,5,47.2700,1914,1
4298,32.0012,31.9609,4096,257.2500,5,47.2700,1914,1
4299,32.0012,31.9609,4096,257.2500,5,47.2700,1914,1
4300,32.0012,31.9609,4096,257.2500,5,47.2700,1914,1
4301,32.0012,31.9609,4096,257.2500,5,47.2700,1915,1
4302,32.0012,31.9609,4096,257.2500,5,47.2700,1916,1
4303,32.0012,31.9609,4096,257.2500,5,47.2700,1917,1
4304,32.0012,31.9609,4096,257.2500,5,47.2700,1918,1
4305,32.0012,31.9609,4096,257.2500,5,47.2700,1918,1
4306,32.0012,31.9609,4096,257.2500,5,47.2700,1918,1
4307,32.0012,31.9609,4096,257.2500,5,47.2700,1919,1
4308,32.0012,31.9609,4096,257.2500,5,47.2700,1919,1
4309,32.0012,31.9609,4096,257.2500,5,47.2700,1920,1
4310,32.0012,31.9609,4096,257.2500,5,47.2700,1920,1
4311,32.0012,31.9609,4096,257.2500,5,47.2700,1921,1
4312,32.0012,31.9609,4096,257.2500,5,47.2700,1921,1
4313,32.0012,31.9609,4096,257.2500,5,47.2700,1922,1
4314,32.0012,31.9609,4096,257.2500,5,47.2700,1922,1
4315,32.0012,31.9609,4096,257.2500,5,47.2700,1923,1
4316,32.0012,31.9609,4096,257.2500,5,47.2700,1923,1
4317,32.0012,31.9609,4096,257.2500,5,47.2700,1923,1
4318,32.0012,31.9609,4096,257.2500,5,47.2700,1924,1
4319,32.0012,31.9609,4096,257.2500,5,47.2700,1924,1
4320,32.0012,31.9609,4096,257.2500,5,47.2700,1925,1
4321,32.0012,31.9609,4096,257.2500,5,47.2700,1925,1
4322,32.0012,31.9609,4096,257.2500,5,47.2700,1925,1
4323,32.0012,31.9609,4096,257.2500,5,47.2700,1925,1
4324,32.0012,31.9609,4096,257.2500,5,47.2700,1925,1
4325,32.0012,31.9609,4096,257.2500,5,47.2700,1925,1
4326,32.0012,31.9609,4096,257.2500,5,47.2700,1926,1
4327,32.0012,31.9609,4096,257.2500,5,47.2700,1926,1
4328,32.0012,31.9609,4096,257.2500,5,47.2700,1926,1
4329,32.0012,31.9609,4096,257.2500,5,47.2700,1926,1
4330,32.0012,31.9609,4096,257.2500,5,47.2700,1927,1
4331,32.0012,31.9609,4096,257.2500,5,47.2700,1928,1
4332,32.0012,31.9609,4096,257.2500,5,47.2700,1928,1
4333,32.0012,31.9609,4096,257.2500,5,47.2700,1928,1
4334,32.0012,31.9609,4096,257.2500,5,47.2700,1928,1
4335,32.0012,31.9609,4096,257.2500,5,47.2700,1928,1
4336,32.0012,31.9609,4096,257.2500,5,47.2700,1929,1
4337,32.0012,31.9609,4096,257.2500,5,47.2700,1930,1
4338,32.0012,31.9609,4096,257.2500,5,47.2700,1931,1
4339,32.0012,31.9609,4096,257.2500,5,47.2700,1931,1
4340,32.0012,31.9609,4096,257.2500,5,47.2700,1932,1
4341,32.0012,31.9609,4096,257.2500,5,47.2700,1932,1
4342,32.0012,31.9609,4096,257.2500,5,47.2700,1932,1
4343,32.0012,31.9609,4096,257.2500,5,47.2700,1932,1
4344,32.0012,31.9609,4096,257.2500,5,47.2700,1932,1
4345,32.0012,31.9609,4096,257.2500,5,47.2700,1932,1
4346,32.0012,31.9609,4096,257.2500,5,47.2700,1933,1
4347,32.0012,31.9609,4096,257.2500,5,47.2700,1933,1
4348,32.0012,31.9609,4096,257.2500,5,47.2700,1933,1
4349,32.0012,31.9609,4096,257.2500,5,47.2700,1933,1
4350,32.0012,31.9609,4096,257.2500,5,47.2700,1933,1
4351,32.0012,31.9609,4096,257.2500,5,47.2700,1933,1
4352,32.0012,31.9609,4096,257.2500,5,47.2700,1934,1
4353,32.0012,31.9609,4096,257.2500,5,47.2700,1934,1
4354,32.0012,31.9609,4096,257.2500,5,47.2700,1935,1
4355,32.0012,31.9609,4096,257.2500,5,47.2700,1935,1
4356,32.0012,31.9609,4096,257.2500,5,47.2700,1936,1
4357,32.0012,31.9609,4096,257.2500,5,47.2700,1936,1
4358,32.0012,31.9609,4096,257.2500,5,47.2700,1936,1
4359,32.0012,31.9609,4096,257.2500,5,47.2700,1936,1
4360,32.0012,31.9609,4096,257.2500,5,47.2700,1937,1
4361,32.0012,31.9609,4096,257.2500,5,47.2700,1937,1
4362,32.0012,31.9609,4096,257.2500,5,47.2700,1937,1
4363,32.0012,31.9609,4096,257.2500,5,47.2700,1937,1
4364,32.0012,31.9609,4096,257.2500,5,47.2700,1938,1
4365,32.0012,31.9609,4096,257.2500,5,47.2700,1938,1
4366,32.0012,31.9609,4096,257.2500,5,47.2700,1938,1
4367,32.0012,31.9609,4096,257.2500,5,47.2700,1939,1
4368,32.0012,31.9609,4096,257.2500,5,47.2700,1940,1
4369,32.0012,31.9609,4096,257.2500,5,47.2700,1941,1
4370,32.0012,31.9609,4096,257.2500,5,47.2700,1942,1
4371,32.0012,31.9609,4096,257.2500,5,47.2700,1942,1
4372,32.0012,31.9609,4096,257.2500,5,47.2700,1942,1
4373,32.0012,31.9609,4096,257.2500,5,47.2700,1942,1
4374,32.0012,31.9609,4096,257.2500,5,47.2700,1942,1
4375,32.0012,31.9609,4096,257.2500,5,47.2700,1943,1
4376,32.0012,31.9609,4096,257.2500,5,47.2700,1944,1
4377,32.0012,31.9609,4096,257.2500,5,47.2700,1944,1
4378,32.0012,31.9609,4096,257.2500,5,47.2700,1944,1
4379,32.0012,31.9609,4096,257.2500,5,47.2700,1945,1
4380,32.0012,31.9609,4096,257.2500,5,47.2700,1946,1
4381,32.0012,31.9609,4096,257.2500,5,47.2700,1946,1
4382,32.0012,31.9609,4096,257.2500,5,47.2700,1946,1
4383,32.0012,31.9609,4096,257.2500,5,47.2700,1946,1
4384,32.0012,31.9609,4096,257.2500,5,47.2700,1946,1
4385,32.0012,31.9609,4096,257.2500,5,47.2700,1947,1
4386,32.0012,31.9609,4096,257.2500,5,47.2700,1947,1
4387,32.0012,31.9609,4096,257.2500,5,47.2700,1948,1
4388,32.0012,31.9609,4096,257.2500,5,47.2700,1948,1
4389,32.0012,31.9609,4096,257.2500,5,47.2700,1949,1
4390,32.0012,31.9609,4096,257.2500,5,47.2700,1949,1
4391,32.0012,31.9609,4096,257.2500,5,47.2700,1949,1
4392,32.0012,31.9609,4096,257.2500,5,47.2700,1950,1
4393,32.0012,31.9609,4096,257.2500,5,47.2700,1950,1
4394,32.0012,31.9609,4096,257.2500,5,47.2700,1950,1
4395,32.0012,31.9609,4096,257.2500,5,47.2700,1950,1
4396,32.0012,31.9609,4096,257.2500,5,47.2700,1950,1
4397,32.0012,31.9609,4096,257.2500,5,47.2700,1950,1
4398,32.0012,31.9609,4096,257.2500,5,47.2700,1951,1
4399,32.0012,31.9609,4096,257.2500,5,47.2700,1952,1
4400,32.0012,31.9609,4096,257.2500,5,47.2700,1952,1
4401,32.0012,31.9609,4096,257.2500,5,47.2700,1952,1
4402,32.0012,31.9609,4096,257.2500,5,47.2700,1952,1
4403,32.0012,31.9609,4096,257.2500,5,47.2700,1952,1
4404,32.0012,31.9609,4096,257.2500,5,47.2700,1953,1
4405,32.0012,31.9609,4096,257.2500,5,47.2700,1953,1
4406,32.0012,31.9609,4096,257.2500,5,47.2700,1953,1
4407,32.0012,31.9609,4096,257.2500,5,47.2700,1953,1
4408,32.0012,31.9609,4096,257.2500,5,47.2700,1953,1
4409,32.0012,31.9609,4096,257.2500,5,47.2700,1953,1
4410,32.0012,31.9609,4096,257.2500,5,47.2700,1953,1
4411,32.0012,31.9609,4096,257.2500,5,47.2700,1954,1
4412,32.0012,31.9609,4096,257.2500,5,47.2700,1955,1
4413,32.0012,31.9609,4096,257.2500,5,47.2700,1956,1
4414,32.0012,31.9609,4096,257.2500,5,47.2700,1956,1
4415,32.0012,31.9609,4096,257.2500,5,47.2700,1956,1
4416,32.0012,31.9609,4096,257.2500,5,47.2700,1956,1
4417,32.0012,31.9609,4096,257.2500,5,47.2700,1956,1
4418,32.0012,31.9609,4096,257.2500,5,47.2700,1957,1
4419,32.0012,31.9609,4096,257.2500,5,47.2700,1957,1
4420,32.0012,31.9609,4096,257.2500,5,47.2700,1957,1
4421,32.0012,31.9609,4096,257.2500,5,47.2700,1957,1
4422,32.0012,31.9609,4096,257.2500,5,47.2700,1957,1
4423,32.0012,31.9609,4096,257.2500,5,47.2700,1957,1
4424,32.0012,31.9609,4096,257.2500,5,47.2700,1957,1
4425,32.0012,31.9609,4096,257.2500,5,47.2700,1957,1
4426,32.0012,31.9609,4096,257.2500,5,47.2700,1958,1
4427,32.0012,31.9609,4096,257.2500,5,47.2700,1958,1
4428,32.0012,31.9609,4096,257.2500,5,47.2700,1958,1
4429,32.0012,31.9609,4096,257.2500,5,47.2700,1958,1
4430,32.0012,31.9609,4096,257.2500,5,47.2700,1958,1
4431,32.0012,31.9609,4096,257.2500,5,47.2700,1959,1
4432,32.0012,31.9609,4096,257.2500,5,47.2700,1960,1
4433,32.0012,31.9609,4096,257.2500,5,47.2700,1960,1
4434,32.0012,31.9609,4096,257.2500,5,47.2700,1961,1
4435,32.0012,31.9609,4096,257.2500,5,47.2700,1962,1
4436,32.0012,31.9609,4096,257.2500,5,47.2700,1963,1
4437,32.0012,31.9609,4096,257.2500,5,47.2700,1964,1
4438,32.0012,31.9609,4096,257.2500,5,47.2700,1964,1
4439,32.0012,31.9609,4096,257.2500,5,47.2700,1965,1
4440,32.0012,31.9609,4096,257.2500,5,47.2700,1965,1
4441,32.0012,31.9609,4096,257.2500,5,47.2700,1965,1
4442,32.0012,31.9609,4096,257.2500,5,47.2700,1966,1
4443,32.0012,31.9609,4096,257.2500,5,47.2700,1967,1
4444,32.0012,31.9609,4096,257.2500,5,47.2700,1968,1
4445,32.0012,31.9609,4096,257.2500,5,47.2700,1969,1
4446,32.0012,31.9609,4096,257.2500,5,47.2700,1970,1
4447,32.0012,31.9609,4096,257.2500,5,47.2700,1970,1
4448,32.0012,31.9609,4096,257.2500,5,47.2700,1970,1
4449,32.0012,31.9609,4096,257.2500,5,47.2700,1971,1
4450,32.0012,31.9609,4096,257.2500,5,47.2700,1971,1
4451,32.0012,31.9609,4096,257.2500,5,47.2700,1971,1
4452,32.0012,31.9609,4096,257.2500,5,47.2700,1971,1
4453,32.0012,31.9609,4096,257.2500,5,47.2700,1971,1
4454,32.0012,31.9609,4096,257.2500,5,47.2700,1971,1
4455,32.0012,31.9609,4096,257.2500,5,47.2700,1971,1
4456,32.0012,31.9609,4096,257.2500,5,47.2700,1972,1
4457,32.0012,31.9609,4096,257.2500,5,47.2700,1973,1
4458,32.0012,31.9609,4096,257.2500,5,47.2700,1974,1
4459,32.0012,31.9609,4096,257.2500,5,47.2700,1974,1
4460,32.0012,31.9609,4096,257.2500,5,47.2700,1975,1
4461,32.0012,31.9609,4096,257.2500,5,47.2700,1975,1
4462,32.0012,31.9609,4096,257.2500,5,47.2700,1975,1
4463,32.0012,31.9609,4096,257.2500,5,47.2700,1975,1
4464,32.0012,31.9609,4096,257.2500,5,47.2700,1975,1
4465,32.0012,31.9609,4096,257.2500,5,47.2700,1975,1
4466,32.0012,31.9609,4096,257.2500,5,47.2700,1975,1
4467,32.0012,31.9609,4096,257.2500,5,47.2700,1975,1
4468,32.0012,31.9609,4096,257.2500,5,47.2700,1975,1
4469,32.0012,31.9609,4096,257.2500,5,47.2700,1975,1
4470,32.0012,31.9609,4096,257.2500,5,47.2700,1976,1
4471,32.0012,31.9609,4096,257.2500,5,47.2700,1976,1
4472,32.0012,31.9609,4096,257.2500,5,47.2700,1976,1
4473,32.0012,31.9609,4096,257.2500,5,47.2700,1976,1
4474,32.0012,31.9609,4096,257.2500,5,47.2700,1976,1
4475,32.0012,31.9609,4096,257.2500,5,47.2700,1976,1
4476,32.0012,31.9609,4096,257.2500,5,47.2700,1976,1
4477,32.0012,31.9609,4096,257.2500,5,47.2700,1977,1
4478,32.0012,31.9609,4096,257.2500,5,47.2700,1978,1
4479,32.0012,31.9609,4096,257.2500,5,47.2700,1978,1
4480,32.0012,31.9609,4096,257.2500,5,47.2700,1978,1
4481,32.0012,31.9609,4096,257.2500,5,47.2700,1979,1
4482,32.0012,31.9609,4096,257.2500,5,47.2700,1980,1
4483,32.0012,31.9609,4096,257.2500,5,47.2700,1981,1
4484,32.0012,31.9609,4096,257.2500,5,47.2700,1982,1
4485,32.0012,31.9609,4096,257.2500,5,47.2700,1982,1
4486,32.0012,31.9609,4096,257.2500,5,47.2700,1982,1
4487,32.0012,31.9609,4096,257.2500,5,47.2700,1983,1
4488,32.0012,31.9609,4096,257.2500,5,47.2700,1983,1
4489,32.0012,31.9609,4096,257.2500,5,47.2700,1983,1
4490,32.0012,31.9609,4096,257.2500,5,47.2700,1983,1
4491,32.0012,31.9609,4096,257.2500,5,47.2700,1984,1
4492,32.0012,31.9609,4096,257.2500,5,47.2700,1984,1
4493,32.0012,31.9609,4096,257.2500,5,47.2700,1984,1
4494,32.0012,31.9609,4096,257.2500,5,47.2700,1984,1
4495,32.0012,31.9609,4096,257.2500,5,47.2700,1984,1
4496,32.0012,31.9609,4096,257.2500,5,47.2700,1984,1
4497,32.0012,31.9609,4096,257.2500,5,47.2700,1984,1
4498,32.0012,31.9609,4096,257.2500,5,47.2700,1984,1
4499,32.0012,31.9609,4096,257.2500,5,47.2700,1984,1
4500,32.0012,31.9609,4096,257.2500,5,47.2700,1984,1
4501,32.0012,31.9609,4096,257.2500,5,47.2700,1985,1
4502,32.0012,31.9609,4096,257.2500,5,47.2700,1985,1
4503,32.0012,31.9609,4096,257.2500,5,47.2700,1985,1
4504,32.0012,31.9609,4096,257.2500,5,47.2700,1986,1
4505,32.0012,31.9609,4096,257.2500,5,47.2700,1986,1
4506,32.0012,31.9609,4096,257.2500,5,47.2700,1987,1
4507,32.0012,31.9609,4096,257.2500,5,47.2700,1988,1
4508,32.0012,31.9609,4096,257.2500,5,47.2700,1988,1
4509,32.0012,31.9609,4096,257.2500,5,47.2700,1988,1
4510,32.0012,31.9609,4096,257.2500,5,47.2700,1988,1
4511,32.0012,31.9609,4096,257.2500,5,47.2700,1988,1
4512,32.0012,31.9609,4096,257.2500,5,47.2700,1988,1
4513,32.0012,31.9609,4096,257.2500,5,47.2700,1988,1
4514,32.0012,31.9609,4096,257.2500,5,47.2700,1988,1
4515,32.0012,31.9609,4096,257.2500,5,47.2700,1988,1
4516,32.0012,31.9609,4096,257.2500,5,47.2700,1988,1
4517,32.0012,31.9609,4096,257.2500,5,47.2700,1989,1
4518,32.0012,31.9609,4096,257.2500,5,47.2700,1990,1
4519,32.0012,31.9609,4096,257.2500,5,47.2700,1990,1
4520,32.0012,31.9609,4096,257.2500,5,47.2700,1990,1
4521,32.0012,31.9609,4096,257.2500,5,47.2700,1991,1
4522,32.0012,31.9609,4096,257.2500,5,47.2700,1991,1
4523,32.0012,31.9609,4096,257.2500,5,47.2700,1991,1
4524,32.0012,31.9609,4096,257.2500,5,47.2700,1992,1
4525,32.0012,31.9609,4096,257.2500,5,47.2700,1992,1
4526,32.0012,31.9609,4096,257.2500,5,47.2700,1993,1
4527,32.0012,31.9609,4096,257.2500,5,47.2700,1994,1
4528,32.0012,31.9609,4096,257.2500,5,47.2700,1995,1
4529,32.0012,31.9609,4096,257.2500,5,47.2700,1995,1
4530,32.0012,31.9609,4096,257.2500,5,47.2700,1995,1
4531,32.0012,31.9609,4096,257.2500,5,47.2700,1996,1
4532,32.0012,31.9609,4096,257.2500,5,47.2700,1996,1
4533,32.0012,31.9609,4096,257.2500,5,47.2700,1996,1
4534,32.0012,31.9609,4096,257.2500,5,47.2700,1997,1
4535,32.0012,31.9609,4096,257.2500,5,47.2700,1997,1
4536,32.0012,31.9609,4096,257.2500,5,47.2700,1997,1
4537,32.0012,31.9609,4096,257.2500,5,47.2700,1997,1
4538,32.0012,31.9609,4096,257.2500,5,47.2700,1998,1
4539,32.0012,31.9609,4096,257.2500,5,47.2700,1998,1
4540,32.0012,31.9609,4096,257.2500,5,47.2700,1999,1
4541,32.0012,31.9609,4096,257.2500,5,47.2700,1999,1
4542,32.0012,31.9609,4096,257.2500,5,47.2700,1999,1
4543,32.0012,31.9609,4096,257.2500,5,47.2700,1999,1
4544,32.0012,31.9609,4096,257.2500,5,47.2700,1999,1
4545,32.0012,31.9609,4096,257.2500,5,47.2700,1999,1
4546,32.0012,31.9609,4096,257.2500,5,47.2700,2000,1
4547,32.0012,31.9609,4096,257.2500,5,47.2700,2001,1
4548,32.0012,31.9609,4096,257.2500,5,47.2700,2002,1
4549,32.0012,31.9609,4096,257.2500,5,47.2700,2003,1
4550,32.0012,31.9609,4096,257.2500,5,47.2700,2004,1
4551,32.0012,31.9609,4096,257.2500,5,47.2700,2004,1
4552,32.0012,31.9609,4096,257.2500,5,47.2700,2004,1
4553,32.0012,31.9609,4096,257.2500,5,47.2700,2004,1
4554,32.0012,31.9609,4096,257.2500,5,47.2700,2004,1
4555,32.0012,31.9609,4096,257.2500,5,47.2700,2004,1
4556,32.0012,31.9609,4096,257.2500,5,47.2700,2004,1
4557,32.0012,31.9609,4096,257.2500,5,47.2700,2004,1
4558,32.0012,31.9609,4096,257.2500,5,47.2700,2004,1
4559,32.0012,31.9609,4096,257.2500,5,47.2700,2004,1
4560,32.0012,31.9609,4096,257.2500,5,47.2700,2004,1
4561,32.0012,31.9609,4096,257.2500,5,47.2700,2005,1
4562,32.0012,31.9609,4096,257.2500,5,47.2700,2005,1
4563,32.0012,31.9609,4096,257.2500,5,47.2700,2005,1
4564,32.0012,31.9609,4096,257.2500,5,47.2700,2005,1
4565,32.0012,31.9609,4096,257.2500,5,47.2700,2005,1
4566,32.0012,31.9609,4096,257.2500,5,47.2700,2006,1
4567,32.0012,31.9609,4096,257.2500,5,47.2700,2006,1
4568,32.0012,31.9609,4096,257.2500,5,47.2700,2006,1
4569,32.0012,31.9609,4096,257.2500,5,47.2700,2006,1
4570,32.0012,31.9609,4096,257.2500,5,47.2700,2006,1
4571,32.0012,31.9609,4096,257.2500,5,47.2700,2006,1
4572,32.0012,31.9609,4096,257.2500,5,47.2700,2006,1
4573,32.0012,31.9609,4096,257.2500,5,47.2700,2006,1
4574,32.0012,31.9609,4096,257.2500,5,47.2700,2006,1
4575,32.0012,31.9609,4096,257.2500,5,47.2700,2006,1
4576,32.0012,31.9609,4096,257.2500,5,47.2700,2007,1
4577,32.0012,31.9609,4096,257.2500,5,47.2700,2007,1
4578,32.0012,31.9609,4096,257.2500,5,47.2700,2008,1
4579,32.0012,31.9609,4096,257.2500,5,47.2700,2008,1
4580,32.0012,31.9609,4096,257.2500,5,47.2700,2008,1
4581,32.0012,31.9609,4096,257.2500,5,47.2700,2008,1
4582,32.0012,31.9609,4096,257.2500,5,47.2700,2008,1
4583,32.0012,31.9609,4096,257.2500,5,47.2700,2009,1
4584,32.0012,31.9609,4096,257.2500,5,47.2700,2010,1
4585,32.0012,31.9609,4096,257.2500,5,47.2700,2010,1
4586,32.0012,31.9609,4096,257.2500,5,47.2700,2011,1
4587,32.0012,31.9609,4096,257.2500,5,47.2700,2011,1
4588,32.0012,31.9609,4096,257.2500,5,47.2700,2011,1
4589,32.0012,31.9609,4096,257.2500,5,47.2700,2012,1
4590,32.0012,31.9609,4096,257.2500,5,47.2700,2013,1
4591,32.0012,31.9609,4096,257.2500,5,47.2700,2014,1
4592,32.0012,31.9609,4096,257.2500,5,47.2700,2014,1
4593,32.0012,31.9609,4096,257.2500,5,47.2700,2014,1
4594,32.0012,31.9609,4096,257.2500,5,47.2700,2014,1
4595,32.0012,31.9609,4096,257.2500,5,47.2700,2014,1
4596,32.0012,31.9609,4096,257.2500,5,47.2700,2014,1
4597,32.0012,31.9609,4096,257.2500,5,47.2700,2015,1
4598,32.0012,31.9609,4096,257.2500,5,47.2700,2016,1
4599,32.0012,31.9609,4096,257.2500,5,47.2700,2016,1
4600,32.0012,31.9609,4096,257.2500,5,47.2700,2016,1
4601,32.0012,31.9609,4096,257.2500,5,47.2700,2016,1
4602,32.0012,31.9609,4096,257.2500,5,47.2700,2017,1
4603,32.0012,31.9609,4096,257.2500,5,47.2700,2017,1
4604,32.0012,31.9609,4096,257.2500,5,47.2700,2017,1
4605,32.0012,31.9609,4096,257.2500,5,47.2700,2017,1
4606,32.0012,31.9609,4096,257.2500,5,47.2700,2017,1
4607,32.0012,31.9609,4096,257.2500,5,47.2700,2017,1
4608,32.0012,31.9609,4096,257.2500,5,47.2700,2018,1
4609,32.0012,31.9609,4096,257.2500,5,47.2700,2018,1
4610,32.0012,31.9609,4096,257.2500,5,47.2700,2018,1
4611,32.0012,31.9609,4096,257.2500,5,47.2700,2019,1
4612,32.0012,31.9609,4096,257.2500,5,47.2700,2020,1
4613,32.0012,31.9609,4096,257.2500,5,47.2700,2021,1
4614,32.0012,31.9609,4096,257.2500,5,47.2700,2021,1
4615,32.0012,31.9609,4096,257.2500,5,47.2700,2022,1
4616,32.0012,31.9609,4096,257.2500,5,47.2700,2022,1
4617,32.0012,31.9609,4096,257.2500,5,47.2700,2022,1
4618,32.0012,31.9609,4096,257.2500,5,47.2700,2023,1
4619,32.0012,31.9609,4096,257.2500,5,47.2700,2024,1
4620,32.0012,31.9609,4096,257.2500,5,47.2700,2025,1
4621,32.0012,31.9609,4096,257.2500,5,47.2700,2025,1
4622,32.0012,31.9609,4096,257.2500,5,47.2700,2025,1
4623,32.0012,31.9609,4096,257.2500,5,47.2700,2025,1
4624,32.0012,31.9609,4096,257.2500,5,47.2700,2026,1
4625,32.0012,31.9609,4096,257.2500,5,47.2700,2026,1
4626,32.0012,31.9609,4096,257.2500,5,47.2700,2026,1
4627,32.0012,31.9609,4096,257.2500,5,47.2700,2026,1
4628,32.0012,31.9609,4096,257.2500,5,47.2700,2026,1
4629,32.0012,31.9609,4096,257.2500,5,47.2700,2027,1
4630,32.0012,31.9609,4096,257.2500,5,47.2700,2027,1
4631,32.0012,31.9609,4096,257.2500,5,47.2700,2028,1
4632,32.0012,31.9609,4096,257.2500,5,47.2700,2029,1
4633,32.0012,31.9609,4096,257.2500,5,47.2700,2029,1
4634,32.0012,31.9609,4096,257.2500,5,47.2700,2029,1
4635,32.0012,31.9609,4096,257.2500,5,47.2700,2029,1
4636,32.0012,31.9609,4096,257.2500,5,47.2700,2029,1
4637,32.0012,31.9609,4096,257.2500,5,47.2700,2029,1
4638,32.0012,31.9609,4096,257.2500,5,47.2700,2029,1
4639,32.0012,31.9609,4096,257.2500,5,47.2700,2029,1
4640,32.0012,31.9609,4096,257.2500,5,47.2700,2029,1
4641,32.0012,31.9609,4096,257.2500,5,47.2700,2030,1
4642,32.0012,31.9609,4096,257.2500,5,47.2700,2030,1
4643,32.0012,31.9609,4096,257.2500,5,47.2700,2030,1
4644,32.0012,31.9609,4096,257.2500,5,47.2700,2030,1
4645,32.0012,31.9609,4096,257.2500,5,47.2700,2031,1
4646,32.0012,31.9609,4096,257.2500,5,47.2700,2031,1
4647,32.0012,31.9609,4096,257.2500,5,47.2700,2032,1
4648,32.0012,31.9609,4096,257.2500,5,47.2700,2032,1
4649,32.0012,31.9609,4096,257.2500,5,47.2700,2032,1
4650,32.0012,31.9609,4096,257.2500,5,47.2700,2032,1
4651,32.0012,31.9609,4096,257.2500,5,47.2700,2033,1
4652,32.0012,31.9609,4096,257.2500,5,47.2700,2033,1
4653,32.0012,31.9609,4096,257.2500,5,47.2700,2033,1
4654,32.0012,31.9609,4096,257.2500,5,47.2700,2034,1
4655,32.0012,31.9609,4096,257.2500,5,47.2700,2034,1
4656,32.0012,31.9609,4096,257.2500,5,47.2700,2034,1
4657,32.0012,31.9609,4096,257.2500,5,47.2700,2034,1
4658,32.0012,31.9609,4096,257.2500,5,47.2700,2035,1
4659,32.0012,31.9609,4096,257.2500,5,47.2700,2036,1
4660,32.0012,31.9609,4096,257.2500,5,47.2700,2037,1
4661,32.0012,31.9609,4096,257.2500,5,47.2700,2037,1
4662,32.0012,31.9609,4096,257.2500,5,47.2700,2038,1
4663,32.0012,31.9609,4096,257.2500,5,47.2700,2038,1
4664,32.0012,31.9609,4096,257.2500,5,47.2700,2038,1
4665,32.0012,31.9609,4096,257.2500,5,47.2700,2038,1
4666,32.0012,31.9609,4096,257.2500,5,47.2700,2039,1
4667,32.0012,31.9609,4096,257.2500,5,47.2700,2039,1
4668,32.0012,31.9609,4096,257.2500,5,47.2700,2039,1
4669,32.0012,31.9609,4096,257.2500,5,47.2700,2040,1
4670,32.0012,31.9609,4096,257.2500,5,47.2700,2040,1
4671,32.0012,31.9609,4096,257.2500,5,47.2700,2040,1
4672,32.0012,31.9609,4096,257.2500,5,47.2700,2040,1
4673,32.0012,31.9609,4096,257.2500,5,47.2700,2040,1
4674,32.0012,31.9609,4096,257.2500,5,47.2700,2041,1
4675,32.0012,31.9609,4096,257.2500,5,47.2700,2041,1
4676,32.0012,31.9609,4096,257.2500,5,47.2700,2041,1
4677,32.0012,31.9609,4096,257.2500,5,47.2700,2041,1
4678,32.0012,31.9609,4096,257.2500,5,47.2700,2042,1
4679,32.0012,31.9609,4096,257.2500,5,47.2700,2043,1
4680,32.0012,31.9609,4096,257.2500,5,47.2700,2043,1
4681,32.0012,31.9609,4096,257.2500,5,47.2700,2044,1
4682,32.0012,31.9609,4096,257.2500,5,47.2700,2044,1
4683,32.0012,31.9609,4096,257.2500,5,47.2700,2045,1
4684,32.0012,31.9609,4096,257.2500,5,47.2700,2045,1
4685,32.0012,31.9609,4096,257.2500,5,47.2700,2046,1
4686,32.0012,31.9609,4096,257.2500,5,47.2700,2046,1
4687,32.0012,31.9609,4096,257.2500,5,47.2700,2046,1
4688,32.0012,31.9609,4096,257.2500,5,47.2700,2046,1
4689,32.0012,31.9609,4096,257.2500,5,47.2700,2046,1
4690,32.0012,31.9609,4096,257.2500,5,47.2700,2047,1
4691,32.0012,31.9609,4096,257.2500,5,47.2700,2048,1
4692,32.0012,31.9609,4096,257.2500,5,47.2700,2048,1
4693,32.0012,31.9609,4096,257.2500,5,47.2700,2049,1
4694,32.0012,31.9609,4096,257.2500,5,47.2700,2049,1
4695,32.0012,31.9609,4096,257.2500,5,47.2700,2050,1
4696,32.0012,31.9609,4096,257.2500,5,47.2700,2050,1
4697,32.0012,31.9609,4096,257.2500,5,47.2700,2050,1
4698,32.0012,31.9609,4096,257.2500,5,47.2700,2051,1
4699,32.0012,31.9609,4096,257.2500,5,47.2700,2052,1
4700,32.0012,31.9609,4096,257.2500,5,47.2700,2052,1
4701,32.0012,31.9609,4096,257.2500,5,47.2700,2053,1
4702,32.0012,31.9609,4096,257.2500,5,47.2700,2054,1
4703,32.0012,31.9609,4096,257.2500,5,47.2700,2054,1
4704,32.0012,31.9609,4096,257.2500,5,47.2700,2054,1
4705,32.0012,31.9609,4096,257.2500,5,47.2700,2055,1
4706,32.0012,31.9609,4096,257.2500,5,47.2700,2055,1
4707,32.0012,31.9609,4096,257.2500,5,47.2700,2055,1
4708,32.0012,31.9609,4096,257.2500,5,47.2700,2056,1
4709,32.0012,31.9609,4096,257.2500,5,47.2700,2056,1
4710,32.0012,31.9609,4096,257.2500,5,47.2700,2056,1
4711,32.0012,31.9609,4096,257.2500,5,47.2700,2057,1
4712,32.0012,31.9609,4096,257.2500,5,47.2700,2058,1
4713,32.0012,31.9609,4096,257.2500,5,47.2700,2059,1
4714,32.0012,31.9609,4096,257.2500,5,47.2700,2060,1
4715,32.0012,31.9609,4096,257.2500,5,47.2700,2060,1
4716,32.0012,31.9609,4096,257.2500,5,47.2700,2060,1
4717,32.0012,31.9609,4096,257.2500,5,47.2700,2061,1
4718,32.0012,31.9609,4096,257.2500,5,47.2700,2061,1
4719,32.0012,31.9609,4096,257.2500,5,47.2700,2061,1
4720,32.0012,31.9609,4096,257.2500,5,47.2700,2061,1
4721,32.0012,31.9609,4096,257.2500,5,47.2700,2062,1
4722,32.0012,31.9609,4096,257.2500,5,47.2700,2062,1
4723,32.0012,31.9609,4096,257.2500,5,47.2700,2063,1
4724,32.0012,31.9609,4096,257.2500,5,47.2700,2063,1
4725,32.0012,31.9609,4096,257.2500,5,47.2700,2063,1
4726,32.0012,31.9609,4096,257.2500,5,47.2700,2063,1
4727,32.0012,31.9609,4096,257.2500,5,47.2700,2064,1
4728,32.0012,31.9609,4096,257.2500,5,47.2700,2064,1
4729,32.0012,31.9609,4096,257.2500,5,47.2700,2064,1
4730,32.0012,31.9609,4096,257.2500,5,47.2700,2064,1
4731,32.0012,31.9609,4096,257.2500,5,47.2700,2064,1
4732,32.0012,31.9609,4096,257.2500,5,47.2700,2065,1
4733,32.0012,31.9609,4096,257.2500,5,47.2700,2065,1
4734,32.0012,31.9609,4096,257.2500,5,47.2700,2065,1
4735,32.0012,31.9609,4096,257.2500,5,47.2700,2065,1
4736,32.0012,31.9609,4096,257.2500,5,47.2700,2065,1
4737,32.0012,31.9609,4096,257.2500,5,47.2700,2065,1
4738,32.0012,31.9609,4096,257.2500,5,47.2700,2065,1
4739,32.0012,31.9609,4096,257.2500,5,47.2700,2066,1
4740,32.0012,31.9609,4096,257.2500,5,47.2700,2066,1
4741,32.0012,31.9609,4096,257.2500,5,47.2700,2066,1
4742,32.0012,31.9609,4096,257.2500,5,47.2700,2067,1
4743,32.0012,31.9609,4096,257.2500,5,47.2700,2068,1
4744,32.0012,31.9609,4096,257.2500,5,47.2700,2068,1
4745,32.0012,31.9609,4096,257.2500,5,47.2700,2069,1
4746,32.0012,31.9609,4096,257.2500,5,47.2700,2070,1
4747,32.0012,31.9609,4096,257.2500,5,47.2700,2070,1
4748,32.0012,31.9609,4096,257.2500,5,47.2700,2070,1
4749,32.0012,31.9609,4096,257.2500,5,47.2700,2071,1
4750,32.0012,31.9609,4096,257.2500,5,47.2700,2071,1
4751,32.0012,31.9609,4096,257.2500,5,47.2700,2071,1
4752,32.0012,31.9609,4096,257.2500,5,47.2700,2071,1
4753,32.0012,31.9609,4096,257.2500,5,47.2700,2071,1
4754,32.0012,31.9609,4096,257.2500,5,47.2700,2072,1
4755,32.0012,31.9609,4096,257.2500,5,47.2700,2072,1
4756,32.0012,31.9609,4096,257.2500,5,47.2700,2072,1
4757,32.0012,31.9609,4096,257.2500,5,47.2700,2072,1
4758,32.0012,31.9609,4096,257.2500,5,47.2700,2072,1
4759,32.0012,31.9609,4096,257.2500,5,47.2700,2072,1
4760,32.0012,31.9609,4096,257.2500,5,47.2700,2072,1
4761,32.0012,31.9609,4096,257.2500,5,47.2700,2072,1
4762,32.0012,31.9609,4096,257.2500,5,47.2700,2072,1
4763,32.0012,31.9609,4096,257.2500,5,47.2700,2072,1
4764,32.0012,31.9609,4096,257.2500,5,47.2700,2072,1
4765,32.0012,31.9609,4096,257.2500,5,47.2700,2072,1
4766,32.0012,31.9609,4096,257.2500,5,47.2700,2072,1
4767,32.0012,31.9609,4096,257.2500,5,47.2700,2072,1
4768,32.0012,31.9609,4096,257.2500,5,47.2700,2072,1
4769,32.0012,31.9609,4096,257.2500,5,47.2700,2072,1
4770,32.0012,31.9609,4096,257.2500,5,47.2700,2072,1
4771,32.0012,31.9609,4096,257.2500,5,47.2700,2072,1
4772,32.0012,31.9609,4096,257.2500,5,47.2700,2073,1
4773,32.0012,31.9609,4096,257.2500,5,47.2700,2073,1
4774,32.0012,31.9609,4096,257.2500,5,47.2700,2073,1
4775,32.0012,31.9609,4096,257.2500,5,47.2700,2073,1
4776,32.0012,31.9609,4096,257.2500,5,47.2700,2073,1
4777,32.0012,31.9609,4096,257.2500,5,47.2700,2074,1
4778,32.0012,31.9609,4096,257.2500,5,47.2700,2074,1
4779,32.0012,31.9609,4096,257.2500,5,47.2700,2074,1
4780,32.0012,31.9609,4096,257.2500,5,47.2700,2074,1
4781,32.0012,31.9609,4096,257.2500,5,47.2700,2075,1
4782,32.0012,31.9609,4096,257.2500,5,47.2700,2075,1
4783,32.0012,31.9609,4096,257.2500,5,47.2700,2075,1
4784,32.0012,31.9609,4096,257.2500,5,47.2700,2075,1
4785,32.0012,31.9609,4096,257.2500,5,47.2700,2076,1
4786,32.0012,31.9609,4096,257.2500,5,47.2700,2077,1
4787,32.0012,31.9609,4096,257.2500,5,47.2700,2078,1
4788,32.0012,31.9609,4096,257.2500,5,47.2700,2078,1
4789,32.0012,31.9609,4096,257.2500,5,47.2700,2078,1
4790,32.0012,31.9609,4096,257.2500,5,47.2700,2079,1
4791,32.0012,31.9609,4096,257.2500,5,47.2700,2079,1
4792,32.0012,31.9609,4096,257.2500,5,47.2700,2079,1
4793,32.0012,31.9609,4096,257.2500,5,47.2700,2079,1
4794,32.0012,31.9609,4096,257.2500,5,47.2700,2079,1
4795,32.0012,31.9609,4096,257.2500,5,47.2700,2079,1
4796,32.0012,31.9609,4096,257.2500,5,47.2700,2080,1
4797,32.0012,31.9609,4096,257.2500,5,47.2700,2080,1
4798,32.0012,31.9609,4096,257.2500,5,47.2700,2080,1
4799,32.0012,31.9609,4096,257.2500,5,47.2700,2081,1
4800,32.0012,31.9609,4096,257.2500,5,47.2700,2082,1
4801,32.0012,31.9609,4096,257.2500,5,47.2700,2082,1
4802,32.0012,31.9609,4096,257.2500,5,47.2700,2083,1
4803,32.0012,31.9609,4096,257.2500,5,47.2700,2083,1
4804,32.0012,31.9609,4096,257.2500,5,47.2700,2083,1
4805,32.0012,31.9609,4096,257.2500,5,47.2700,2084,1
4806,32.0012,31.9609,4096,257.2500,5,47.2700,2085,1
4807,32.0012,31.9609,4096,257.2500,5,47.2700,2085,1
4808,32.0012,31.9609,4096,257.2500,5,47.2700,2086,1
4809,32.0012,31.9609,4096,257.2500,5,47.2700,2087,1
4810,32.0012,31.9609,4096,257.2500,5,47.2700,2087,1
4811,32.0012,31.9609,4096,257.2500,5,47.2700,2087,1
4812,32.0012,31.9609,4096,257.2500,5,47.2700,2087,1
4813,32.0012,31.9609,4096,257.2500,5,47.2700,2088,1
4814,32.0012,31.9609,4096,257.2500,5,47.2700,2088,1
4815,32.0012,31.9609,4096,257.2500,5,47.2700,2088,1
4816,32.0012,31.9609,4096,257.2500,5,47.2700,2088,1
4817,32.0012,31.9609,4096,257.2500,5,47.2700,2089,1
4818,32.0012,31.9609,4096,257.2500,5,47.2700,2090,1
4819,32.0012,31.9609,4096,257.2500,5,47.2700,2090,1
4820,32.0012,31.9609,4096,257.2500,5,47.2700,2090,1
4821,32.0012,31.9609,4096,257.2500,5,47.2700,2090,1
4822,32.0012,31.9609,4096,257.2500,5,47.2700,2091,1
4823,32.0012,31.9609,4096,257.2500,5,47.2700,2091,1
4824,32.0012,31.9609,4096,257.2500,5,47.2700,2091,1
4825,32.0012,31.9609,4096,257.2500,5,47.2700,2092,1
4826,32.0012,31.9609,4096,257.2500,5,47.2700,2092,1
4827,32.0012,31.9609,4096,257.2500,5,47.2700,2092,1
4828,32.0012,31.9609,4096,257.2500,5,47.2700,2093,1
4829,32.0012,31.9609,4096,257.2500,5,47.2700,2094,1
4830,32.0012,31.9609,4096,257.2500,5,47.2700,2095,1
4831,32.0012,31.9609,4096,257.2500,5,47.2700,2096,1
4832,32.0012,31.9609,4096,257.2500,5,47.2700,2096,1
4833,32.0012,31.9609,4096,257.2500,5,47.2700,2097,1
4834,32.0012,31.9609,4096,257.2500,5,47.2700,2097,1
4835,32.0012,31.9609,4096,257.2500,5,47.2700,2097,1
4836,32.0012,31.9609,4096,257.2500,5,47.2700,2097,1
4837,32.0012,31.9609,4096,257.2500,5,47.2700,2097,1
4838,32.0012,31.9609,4096,257.2500,5,47.2700,2097,1
4839,32.0012,31.9609,4096,257.2500,5,47.2700,2097,1
4840,32.0012,31.9609,4096,257.2500,5,47.2700,2097,1
4841,32.0012,31.9609,4096,257.2500,5,47.2700,2097,1
4842,32.0012,31.9609,4096,257.2500,5,47.2700,2098,1
4843,32.0012,31.9609,4096,257.2500,5,47.2700,2099,1
4844,32.0012,31.9609,4096,257.2500,5,47.2700,2100,1
4845,32.0012,31.9609,4096,257.2500,5,47.2700,2100,1
4846,32.0012,31.9609,4096,257.2500,5,47.2700,2101,1
4847,32.0012,31.9609,4096,257.2500,5,47.2700,2101,1
4848,32.0012,31.9609,4096,257.2500,5,47.2700,2101,1
4849,32.0012,31.9609,4096,257.2500,5,47.2700,2102,1
4850,32.0012,31.9609,4096,257.2500,5,47.2700,2102,1
4851,32.0012,31.9609,4096,257.2500,5,47.2700,2102,1
4852,32.0012,31.9609,4096,257.2500,5,47.2700,2103,1
4853,32.0012,31.9609,4096,257.2500,5,47.2700,2104,1
4854,32.0012,31.9609,4096,257.2500,5,47.2700,2104,1
4855,32.0012,31.9609,4096,257.2500,5,47.2700,2104,1
4856,32.0012,31.9609,4096,257.2500,5,47.2700,2105,1
4857,32.0012,31.9609,4096,257.2500,5,47.2700,2106,1
4858,32.0012,31.9609,4096,257.2500,5,47.2700,2106,1
4859,32.0012,31.9609,4096,257.2500,5,47.2700,2106,1
4860,32.0012,31.9609,4096,257.2500,5,47.2700,2106,1
4861,32.0012,31.9609,4096,257.2500,5,47.2700,2106,1
4862,32.0012,31.9609,4096,257.2500,5,47.2700,2106,1
4863,32.0012,31.9609,4096,257.2500,5,47.2700,2106,1
4864,32.0012,31.9609,4096,257.2500,5,47.2700,2107,1
4865,32.0012,31.9609,4096,257.2500,5,47.2700,2108,1
4866,32.0012,31.9609,4096,257.2500,5,47.2700,2108,1
4867,32.0012,31.9609,4096,257.2500,5,47.2700,2108,1
4868,32.0012,31.9609,4096,257.2500,5,47.2700,2108,1
4869,32.0012,31.9609,4096,257.2500,5,47.2700,2108,1
4870,32.0012,31.9609,4096,257.2500,5,47.2700,2108,1
4871,32.0012,31.9609,4096,257.2500,5,47.2700,2108,1
4872,32.0012,31.9609,4096,257.2500,5,47.2700,2108,1
4873,32.0012,31.9609,4096,257.2500,5,47.2700,2108,1
4874,32.0012,31.9609,4096,257.2500,5,47.2700,2108,1
4875,32.0012,31.9609,4096,257.2500,5,47.2700,2108,1
4876,32.0012,31.9609,4096,257.2500,5,47.2700,2109,1
4877,32.0012,31.9609,4096,257.2500,5,47.2700,2109,1
4878,32.0012,31.9609,4096,257.2500,5,47.2700,2109,1
4879,32.0012,31.9609,4096,257.2500,5,47.2700,2109,1
4880,32.0012,31.9609,4096,257.2500,5,47.2700,2109,1
4881,32.0012,31.9609,4096,257.2500,5,47.2700,2109,1
4882,32.0012,31.9609,4096,257.2500,5,47.2700,2109,1
4883,32.0012,31.9609,4096,257.2500,5,47.2700,2109,1
4884,32.0012,31.9609,4096,257.2500,5,47.2700,2110,1
4885,32.0012,31.9609,4096,257.2500,5,47.2700,2110,1
4886,32.0012,31.9609,4096,257.2500,5,47.2700,2110,1
4887,32.0012,31.9609,4096,257.2500,5,47.2700,2111,1
4888,32.0012,31.9609,4096,257.2500,5,47.2700,2111,1
4889,32.0012,31.9609,4096,257.2500,5,47.2700,2111,1
4890,32.0012,31.9609,4096,257.2500,5,47.2700,2111,1
4891,32.0012,31.9609,4096,257.2500,5,47.2700,2111,1
4892,32.0012,31.9609,4096,257.2500,5,47.2700,2112,1
4893,32.0012,31.9609,4096,257.2500,5,47.2700,2112,1
4894,32.0012,31.9609,4096,257.2500,5,47.2700,2112,1
4895,32.0012,31.9609,4096,257.2500,5,47.2700,2113,1
4896,32.0012,31.9609,4096,257.2500,5,47.2700,2114,1
4897,32.0012,31.9609,4096,257.2500,5,47.2700,2115,1
4898,32.0012,31.9609,4096,257.2500,5,47.2700,2115,1
4899,32.0012,31.9609,4096,257.2500,5,47.2700,2116,1
4900,32.0012,31.9609,4096,257.2500,5,47.2700,2117,1
4901,32.0012,31.9609,4096,257.2500,5,47.2700,2118,1
4902,32.0012,31.9609,4096,257.2500,5,47.2700,2118,1
4903,32.0012,31.9609,4096,257.2500,5,47.2700,2118,1
4904,32.0012,31.9609,4096,257.2500,5,47.2700,2118,1
4905,32.0012,31.9609,4096,257.2500,5,47.2700,2119,1
4906,32.0012,31.9609,4096,257.2500,5,47.2700,2120,1
4907,32.0012,31.9609,4096,257.2500,5,47.2700,2120,1
4908,32.0012,31.9609,4096,257.2500,5,47.2700,2120,1
4909,32.0012,31.9609,4096,257.2500,5,47.2700,2120,1
4910,32.0012,31.9609,4096,257.2500,5,47.2700,2120,1
4911,32.0012,31.9609,4096,257.2500,5,47.2700,2120,1
4912,32.0012,31.9609,4096,257.2500,5,47.2700,2120,1
4913,32.0012,31.9609,4096,257.2500,5,47.2700,2121,1
4914,32.0012,31.9609,4096,257.2500,5,47.2700,2122,1
4915,32.0012,31.9609,4096,257.2500,5,47.2700,2122,1
4916,32.0012,31.9609,4096,257.2500,5,47.2700,2122,1
4917,32.0012,31.9609,4096,257.2500,5,47.2700,2123,1
4918,32.0012,31.9609,4096,257.2500,5,47.2700,2123,1
4919,32.0012,31.9609,4096,257.2500,5,47.2700,2124,1
4920,32.0012,31.9609,4096,257.2500,5,47.2700,2125,1
4921,32.0012,31.9609,4096,257.2500,5,47.2700,2126,1
4922,32.0012,31.9609,4096,257.2500,5,47.2700,2126,1
4923,32.0012,31.9609,4096,257.2500,5,47.2700,2126,1
4924,32.0012,31.9609,4096,257.2500,5,47.2700,2126,1
4925,32.0012,31.9609,4096,257.2500,5,47.2700,2126,1
4926,32.0012,31.9609,4096,257.2500,5,47.2700,2126,1
4927,32.0012,31.9609,4096,257.2500,5,47.2700,2126,1
4928,32.0012,31.9609,4096,257.2500,5,47.2700,2126,1
4929,32.0012,31.9609,4096,257.2500,5,47.2700,2126,1
4930,32.0012,31.9609,4096,257.2500,5,47.2700,2127,1
4931,32.0012,31.9609,4096,257.2500,5,47.2700,2127,1
4932,32.0012,31.9609,4096,257.2500,5,47.2700,2127,1
4933,32.0012,31.9609,4096,257.2500,5,47.2700,2128,1
4934,32.0012,31.9609,4096,257.2500,5,47.2700,2128,1
4935,32.0012,31.9609,4096,257.2500,5,47.2700,2128,1
4936,32.0012,31.9609,4096,257.2500,5,47.2700,2128,1
4937,32.0012,31.9609,4096,257.2500,5,47.2700,2129,1
4938,32.0012,31.9609,4096,257.2500,5,47.2700,2130,1
4939,32.0012,31.9609,4096,257.2500,5,47.2700,2130,1
4940,32.0012,31.9609,4096,257.2500,5,47.2700,2130,1
4941,32.0012,31.9609,4096,257.2500,5,47.2700,2131,1
4942,32.0012,31.9609,4096,257.2500,5,47.2700,2131,1
4943,32.0012,31.9609,4096,257.2500,5,47.2700,2131,1
4944,32.0012,31.9609,4096,257.2500,5,47.2700,2132,1
4945,32.0012,31.9609,4096,257.2500,5,47.2700,2133,1
4946,32.0012,31.9609,4096,257.2500,5,47.2700,2133,1
4947,32.0012,31.9609,4096,257.2500,5,47.2700,2133,1
4948,32.0012,31.9609,4096,257.2500,5,47.2700,2133,1
4949,32.0012,31.9609,4096,257.2500,5,47.2700,2133,1
4950,32.0012,31.9609,4096,257.2500,5,47.2700,2133,1
4951,32.0012,31.9609,4096,257.2500,5,47.2700,2133,1
4952,32.0012,31.9609,4096,257.2500,5,47.2700,2134,1
4953,32.0012,31.9609,4096,257.2500,5,47.2700,2134,1
4954,32.0012,31.9609,4096,257.2500,5,47.2700,2134,1
4955,32.0012,31.9609,4096,257.2500,5,47.2700,2135,1
4956,32.0012,31.9609,4096,257.2500,5,47.2700,2136,1
4957,32.0012,31.9609,4096,257.2500,5,47.2700,2136,1
4958,32.0012,31.9609,4096,257.2500,5,47.2700,2136,1
4959,32.0012,31.9609,4096,257.2500,5,47.2700,2137,1
4960,32.0012,31.9609,4096,257.2500,5,47.2700,2137,1
4961,32.0012,31.9609,4096,257.2500,5,47.2700,2137,1
4962,32.0012,31.9609,4096,257.2500,5,47.2700,2137,1
4963,32.0012,31.9609,4096,257.2500,5,47.2700,2137,1
4964,32.0012,31.9609,4096,257.2500,5,47.2700,2137,1
4965,32.0012,31.9609,4096,257.2500,5,47.2700,2138,1
4966,32.0012,31.9609,4096,257.2500,5,47.2700,2138,1
4967,32.0012,31.9609,4096,257.2500,5,47.2700,2138,1
4968,32.0012,31.9609,4096,257.2500,5,47.2700,2139,1
4969,32.0012,31.9609,4096,257.2500,5,47.2700,2139,1
4970,32.0012,31.9609,4096,257.2500,5,47.2700,2140,1
4971,32.0012,31.9609,4096,257.2500,5,47.2700,2140,1
4972,32.0012,31.9609,4096,257.2500,5,47.2700,2140,1
4973,32.0012,31.9609,4096,257.2500,5,47.2700,2140,1
4974,32.0012,31.9609,4096,257.2500,5,47.2700,2140,1
4975,32.0012,31.9609,4096,257.2500,5,47.2700,2140,1
4976,32.0012,31.9609,4096,257.2500,5,47.2700,2140,1
4977,32.0012,31.9609,4096,257.2500,5,47.2700,2140,1
4978,32.0012,31.9609,4096,257.2500,5,47.2700,2141,1
4979,32.0012,31.9609,4096,257.2500,5,47.2700,2142,1
4980,32.0012,31.9609,4096,257.2500,5,47.2700,2142,1
4981,32.0012,31.9609,4096,257.2500,5,47.2700,2142,1
4982,32.0012,31.9609,4096,257.2500,5,47.2700,2142,1
4983,32.0012,31.9609,4096,257.2500,5,47.2700,2143,1
4984,32.0012,31.9609,4096,257.2500,5,47.2700,2144,1
4985,32.0012,31.9609,4096,257.2500,5,47.2700,2145,1
4986,32.0012,31.9609,4096,257.2500,5,47.2700,2145,1
4987,32.0012,31.9609,4096,257.2500,5,47.2700,2145,1
4988,32.0012,31.9609,4096,257.2500,5,47.2700,2146,1
4989,32.0012,31.9609,4096,257.2500,5,47.2700,2146,1
4990,32.0012,31.9609,4096,257.2500,5,47.2700,2147,1
4991,32.0012,31.9609,4096,257.2500,5,47.2700,2148,1
4992,32.0012,31.9609,4096,257.2500,5,47.2700,2148,1
4993,32.0012,31.9609,4096,257.2500,5,47.2700,2148,1
4994,32.0012,31.9609,4096,257.2500,5,47.2700,2149,1
4995,32.0012,31.9609,4096,257.2500,5,47.2700,2149,1
4996,32.0012,31.9609,4096,257.2500,5,47.2700,2150,1
4997,32.0012,31.9609,4096,257.2500,5,47.2700,2151,1
4998,32.0012,31.9609,4096,257.2500,5,47.2700,2151,1
4999,32.0012,31.9609,4096,257.2500,5,47.2700,2151,1
5000,32.0012,31.9609,4096,257.2500,5,47.2700,2152,1
5001,32.0012,31.9609,4096,257.2500,5,47.2700,2152,1
5002,32.0012,31.9609,4096,257.2500,5,47.2700,2152,1
5003,32.0012,31.9609,4096,257.2500,5,47.2700,2152,1
5004,32.0012,31.9609,4096,257.2500,5,47.2700,2152,1
5005,32.0012,31.9609,4096,257.2500,5,47.2700,2152,1
5006,32.0012,31.9609,4096,257.2500,5,47.2700,2153,1
5007,32.0012,31.9609,4096,257.2500,5,47.2700,2153,1
5008,32.0012,31.9609,4096,257.2500,5,47.2700,2153,1
5009,32.0012,31.9609,4096,257.2500,5,47.2700,2154,1
5010,32.0012,31.9609,4096,257.2500,5,47.2700,2154,1
5011,32.0012,31.9609,4096,257.2500,5,47.2700,2154,1
5012,32.0012,31.9609,4096,257.2500,5,47.2700,2154,1
5013,32.0012,31.9609,4096,257.2500,5,47.2700,2154,1
5014,32.0012,31.9609,4096,257.2500,5,47.2700,2154,1
5015,32.0012,31.9609,4096,257.2500,5,47.2700,2154,1
5016,32.0012,31.9609,4096,257.2500,5,47.2700,2154,1
5017,32.0012,31.9609,4096,257.2500,5,47.2700,2154,1
5018,32.0012,31.9609,4096,257.2500,5,47.2700,2155,1
5019,32.0012,31.9609,4096,257.2500,5,47.2700,2155,1
5020,32.0012,31.9609,4096,257.2500,5,47.2700,2156,1
5021,32.0012,31.9609,4096,257.2500,5,47.2700,2157,1
5022,32.0012,31.9609,4096,257.2500,5,47.2700,2158,1
5023,32.0012,31.9609,4096,257.2500,5,47.2700,2159,1
5024,32.0012,31.9609,4096,257.2500,5,47.2700,2159,1
5025,32.0012,31.9609,4096,257.2500,5,47.2700,2160,1
5026,32.0012,31.9609,4096,257.2500,5,47.2700,2161,1
5027,32.0012,31.9609,4096,257.2500,5,47.2700,2161,1
5028,32.0012,31.9609,4096,257.2500,5,47.2700,2162,1
5029,32.0012,31.9609,4096,257.2500,5,47.2700,2163,1
5030,32.0012,31.9609,4096,257.2500,5,47.2700,2163,1
5031,32.0012,31.9609,4096,257.2500,5,47.2700,2163,1
5032,32.0012,31.9609,4096,257.2500,5,47.2700,2164,1
5033,32.0012,31.9609,4096,257.2500,5,47.2700,2164,1
5034,32.0012,31.9609,4096,257.2500,5,47.2700,2164,1
5035,32.0012,31.9609,4096,257.2500,5,47.2700,2164,1
5036,32.0012,31.9609,4096,257.2500,5,47.2700,2164,1
5037,32.0012,31.9609,4096,257.2500,5,47.2700,2164,1
5038,32.0012,31.9609,4096,257.2500,5,47.2700,2165,1
5039,32.0012,31.9609,4096,257.2500,5,47.2700,2166,1
5040,32.0012,31.9609,4096,257.2500,5,47.2700,2166,1
5041,32.0012,31.9609,4096,257.2500,5,47.2700,2166,1
5042,32.0012,31.9609,4096,257.2500,5,47.2700,2166,1
5043,32.0012,31.9609,4096,257.2500,5,47.2700,2166,1
5044,32.0012,31.9609,4096,257.2500,5,47.2700,2166,1
5045,32.0012,31.9609,4096,257.2500,5,47.2700,2167,1
5046,32.0012,31.9609,4096,257.2500,5,47.2700,2167,1
5047,32.0012,31.9609,4096,257.2500,5,47.2700,2167,1
5048,32.0012,31.9609,4096,257.2500,5,47.2700,2168,1
5049,32.0012,31.9609,4096,257.2500,5,47.2700,2169,1
5050,32.0012,31.9609,4096,257.2500,5,47.2700,2169,1
5051,32.0012,31.9609,4096,257.2500,5,47.2700,2170,1
5052,32.0012,31.9609,4096,257.2500,5,47.2700,2170,1
5053,32.0012,31.9609,4096,257.2500,5,47.2700,2170,1
5054,32.0012,31.9609,4096,257.2500,5,47.2700,2170,1
5055,32.0012,31.9609,4096,257.2500,5,47.2700,2170,1
5056,32.0012,31.9609,4096,257.2500,5,47.2700,2170,1
5057,32.0012,31.9609,4096,257.2500,5,47.2700,2170,1
5058,32.0012,31.9609,4096,257.2500,5,47.2700,2170,1
5059,32.0012,31.9609,4096,257.2500,5,47.2700,2170,1
5060,32.0012,31.9609,4096,257.2500,5,47.2700,2170,1
5061,32.0012,31.9609,4096,257.2500,5,47.2700,2170,1
5062,32.0012,31.9609,4096,257.2500,5,47.2700,2170,1
5063,32.0012,31.9609,4096,257.2500,5,47.2700,2170,1
5064,32.0012,31.9609,4096,257.2500,5,47.2700,2170,1
5065,32.0012,31.9609,4096,257.2500,5,47.2700,2170,1
5066,32.0012,31.9609,4096,257.2500,5,47.2700,2171,1
5067,32.0012,31.9609,4096,257.2500,5,47.2700,2171,1
5068,32.0012,31.9609,4096,257.2500,5,47.2700,2171,1
5069,32.0012,31.9609,4096,257.2500,5,47.2700,2171,1
5070,32.0012,31.9609,4096,257.2500,5,47.2700,2172,1
5071,32.0012,31.9609,4096,257.2500,5,47.2700,2173,1
5072,32.0012,31.9609,4096,257.2500,5,47.2700,2173,1
5073,32.0012,31.9609,4096,257.2500,5,47.2700,2174,1
5074,32.0012,31.9609,4096,257.2500,5,47.2700,2174,1
5075,32.0012,31.9609,4096,257.2500,5,47.2700,2174,1
5076,32.0012,31.9609,4096,257.2500,5,47.2700,2175,1
5077,32.0012,31.9609,4096,257.2500,5,47.2700,2175,1
5078,32.0012,31.9609,4096,257.2500,5,47.2700,2176,1
5079,32.0012,31.9609,4096,257.2500,5,47.2700,2177,1
5080,32.0012,31.9609,4096,257.2500,5,47.2700,2178,1
5081,32.0012,31.9609,4096,257.2500,5,47.2700,2178,1
5082,32.0012,31.9609,4096,257.2500,5,47.2700,2178,1
5083,32.0012,31.9609,4096,257.2500,5,47.2700,2178,1
5084,32.0012,31.9609,4096,257.2500,5,47.2700,2179,1
5085,32.0012,31.9609,4096,257.2500,5,47.2700,2179,1
5086,32.0012,31.9609,4096,257.2500,5,47.2700,2179,1
5087,32.0012,31.9609,4096,257.2500,5,47.2700,2179,1
5088,32.0012,31.9609,4096,257.2500,5,47.2700,2180,1
5089,32.0012,31.9609,4096,257.2500,5,47.2700,2180,1
5090,32.0012,31.9609,4096,257.2500,5,47.2700,2180,1
5091,32.0012,31.9609,4096,257.2500,5,47.2700,2180,1
5092,32.0012,31.9609,4096,257.2500,5,47.2700,2180,1
5093,32.0012,31.9609,4096,257.2500,5,47.2700,2181,1
5094,32.0012,31.9609,4096,257.2500,5,47.2700,2181,1
5095,32.0012,31.9609,4096,257.2500,5,47.2700,2182,1
5096,32.0012,31.9609,4096,257.2500,5,47.2700,2183,1
5097,32.0012,31.9609,4096,257.2500,5,47.2700,2184,1
5098,32.0012,31.9609,4096,257.2500,5,47.2700,2185,1
5099,32.0012,31.9609,4096,257.2500,5,47.2700,2185,1
5100,32.0012,31.9609,4096,257.2500,5,47.2700,2185,1
5101,32.0012,31.9609,4096,257.2500,5,47.2700,2186,1
5102,32.0012,31.9609,4096,257.2500,5,47.2700,2187,1
5103,32.0012,31.9609,4096,257.2500,5,47.2700,2188,1
5104,32.0012,31.9609,4096,257.2500,5,47.2700,2188,1
5105,32.0012,31.9609,4096,257.2500,5,47.2700,2188,1
5106,32.0012,31.9609,4096,257.2500,5,47.2700,2188,1
5107,32.0012,31.9609,4096,257.2500,5,47.2700,2189,1
5108,32.0012,31.9609,4096,257.2500,5,47.2700,2190,1
5109,32.0012,31.9609,4096,257.2500,5,47.2700,2190,1
5110,32.0012,31.9609,4096,257.2500,5,47.2700,2190,1
5111,32.0012,31.9609,4096,257.2500,5,47.2700,2190,1
5112,32.0012,31.9609,4096,257.2500,5,47.2700,2190,1
5113,32.0012,31.9609,4096,257.2500,5,47.2700,2190,1
5114,32.0012,31.9609,4096,257.2500,5,47.2700,2190,1
5115,32.0012,31.9609,4096,257.2500,5,47.2700,2190,1
5116,32.0012,31.9609,4096,257.2500,5,47.2700,2190,1
5117,32.0012,31.9609,4096,257.2500,5,47.2700,2190,1
5118,32.0012,31.9609,4096,257.2500,5,47.2700,2190,1
5119,32.0012,31.9609,4096,257.2500,5,47.2700,2191,1
5120,32.0012,31.9609,4096,257.2500,5,47.2700,2192,1
5121,32.0012,31.9609,4096,257.2500,5,47.2700,2192,1
5122,32.0012,31.9609,4096,257.2500,5,47.2700,2192,1
5123,32.0012,31.9609,4096,257.2500,5,47.2700,2192,1
5124,32.0012,31.9609,4096,257.2500,5,47.2700,2192,1
5125,32.0012,31.9609,4096,257.2500,5,47.2700,2193,1
5126,32.0012,31.9609,4096,257.2500,5,47.2700,2194,1
5127,32.0012,31.9609,4096,257.2500,5,47.2700,2195,1
5128,32.0012,31.9609,4096,257.2500,5,47.2700,2196,1
5129,32.0012,31.9609,4096,257.2500,5,47.2700,2197,1
5130,32.0012,31.9609,4096,257.2500,5,47.2700,2197,1
5131,32.0012,31.9609,4096,257.2500,5,47.2700,2197,1
5132,32.0012,31.9609,4096,257.2500,5,47.2700,2197,1
5133,32.0012,31.9609,4096,257.2500,5,47.2700,2197,1
5134,32.0012,31.9609,4096,257.2500,5,47.2700,2197,1
5135,32.0012,31.9609,4096,257.2500,5,47.2700,2198,1
5136,32.0012,31.9609,4096,257.2500,5,47.2700,2198,1
5137,32.0012,31.9609,4096,257.2500,5,47.2700,2199,1
5138,32.0012,31.9609,4096,257.2500,5,47.2700,2199,1
5139,32.0012,31.9609,4096,257.2500,5,47.2700,2200,1
5140,32.0012,31.9609,4096,257.2500,5,47.2700,2200,1
5141,32.0012,31.9609,4096,257.2500,5,47.2700,2200,1
5142,32.0012,31.9609,4096,257.2500,5,47.2700,2200,1
5143,32.0012,31.9609,4096,257.2500,5,47.2700,2201,1
5144,32.0012,31.9609,4096,257.2500,5,47.2700,2201,1
5145,32.0012,31.9609,4096,257.2500,5,47.2700,2201,1
5146,32.0012,31.9609,4096,257.2500,5,47.2700,2202,1
5147,32.0012,31.9609,4096,257.2500,5,47.2700,2203,1
5148,32.0012,31.9609,4096,257.2500,5,47.2700,2203,1
5149,32.0012,31.9609,4096,257.2500,5,47.2700,2204,1
5150,32.0012,31.9609,4096,257.2500,5,47.2700,2204,1
5151,32.0012,31.9609,4096,257.2500,5,47.2700,2204,1
5152,32.0012,31.9609,4096,257.2500,5,47.2700,2204,1
5153,32.0012,31.9609,4096,257.2500,5,47.2700,2204,1
5154,32.0012,31.9609,4096,257.2500,5,47.2700,2204,1
5155,32.0012,31.9609,4096,257.2500,5,47.2700,2204,1
5156,32.0012,31.9609,4096,257.2500,5,47.2700,2204,1
5157,32.0012,31.9609,4096,257.2500,5,47.2700,2205,1
5158,32.0012,31.9609,4096,257.2500,5,47.2700,2205,1
5159,32.0012,31.9609,4096,257.2500,5,47.2700,2206,1
5160,32.0012,31.9609,4096,257.2500,5,47.2700,2207,1
5161,32.0012,31.9609,4096,257.2500,5,47.2700,2207,1
5162,32.0012,31.9609,4096,257.2500,5,47.2700,2207,1
5163,32.0012,31.9609,4096,257.2500,5,47.2700,2208,1
5164,32.0012,31.9609,4096,257.2500,5,47.2700,2208,1
5165,32.0012,31.9609,4096,257.2500,5,47.2700,2208,1
5166,32.0012,31.9609,4096,257.2500,5,47.2700,2208,1
5167,32.0012,31.9609,4096,257.2500,5,47.2700,2209,1
5168,32.0012,31.9609,4096,257.2500,5,47.2700,2209,1
5169,32.0012,31.9609,4096,257.2500,5,47.2700,2209,1
5170,32.0012,31.9609,4096,257.2500,5,47.2700,2210,1
5171,32.0012,31.9609,4096,257.2500,5,47.2700,2211,1
5172,32.0012,31.9609,4096,257.2500,5,47.2700,2212,1
5173,32.0012,31.9609,4096,257.2500,5,47.2700,2212,1
5174,32.0012,31.9609,4096,257.2500,5,47.2700,2212,1
5175,32.0012,31.9609,4096,257.2500,5,47.2700,2213,1
5176,32.0012,31.9609,4096,257.2500,5,47.2700,2213,1
5177,32.0012,31.9609,4096,257.2500,5,47.2700,2214,1
5178,32.0012,31.9609,4096,257.2500,5,47.2700,2214,1
5179,32.0012,31.9609,4096,257.2500,5,47.2700,2214,1
5180,32.0012,31.9609,4096,257.2500,5,47.2700,2215,1
5181,32.0012,31.9609,4096,257.2500,5,47.2700,2215,1
5182,32.0012,31.9609,4096,257.2500,5,47.2700,2215,1
5183,32.0012,31.9609,4096,257.2500,5,47.2700,2215,1
5184,32.0012,31.9609,4096,257.2500,5,47.2700,2215,1
5185,32.0012,31.9609,4096,257.2500,5,47.2700,2215,1
5186,32.0012,31.9609,4096,257.2500,5,47.2700,2215,1
5187,32.0012,31.9609,4096,257.2500,5,47.2700,2215,1
5188,32.0012,31.9609,4096,257.2500,5,47.2700,2215,1
5189,32.0012,31.9609,4096,257.2500,5,47.2700,2215,1
5190,32.0012,31.9609,4096,257.2500,5,47.2700,2215,1
5191,32.0012,31.9609,4096,257.2500,5,47.2700,2216,1
5192,32.0012,31.9609,4096,257.2500,5,47.2700,2216,1
5193,32.0012,31.9609,4096,257.2500,5,47.2700,2217,1
5194,32.0012,31.9609,4096,257.2500,5,47.2700,2217,1
5195,32.0012,31.9609,4096,257.2500,5,47.2700,2217,1
5196,32.0012,31.9609,4096,257.2500,5,47.2700,2217,1
5197,32.0012,31.9609,4096,257.2500,5,47.2700,2217,1
5198,32.0012,31.9609,4096,257.2500,5,47.2700,2217,1
5199,32.0012,31.9609,4096,257.2500,5,47.2700,2218,1
5200,32.0012,31.9609,4096,257.2500,5,47.2700,2218,1
5201,32.0012,31.9609,4096,257.2500,5,47.2700,2218,1
5202,32.0012,31.9609,4096,257.2500,5,47.2700,2219,1
5203,32.0012,31.9609,4096,257.2500,5,47.2700,2219,1
5204,32.0012,31.9609,4096,257.2500,5,47.2700,2219,1
5205,32.0012,31.9609,4096,257.2500,5,47.2700,2219,1
5206,32.0012,31.9609,4096,257.2500,5,47.2700,2219,1
5207,32.0012,31.9609,4096,257.2500,5,47.2700,2219,1
5208,32.0012,31.9609,4096,257.2500,5,47.2700,2220,1
5209,32.0012,31.9609,4096,257.2500,5,47.2700,2220,1
5210,32.0012,31.9609,4096,257.2500,5,47.2700,2221,1
5211,32.0012,31.9609,4096,257.2500,5,47.2700,2221,1
5212,32.0012,31.9609,4096,257.2500,5,47.2700,2221,1
5213,32.0012,31.9609,4096,257.2500,5,47.2700,2221,1
5214,32.0012,31.9609,4096,257.2500,5,47.2700,2221,1
5215,32.0012,31.9609,4096,257.2500,5,47.2700,2221,1
5216,32.0012,31.9609,4096,257.2500,5,47.2700,2222,1
5217,32.0012,31.9609,4096,257.2500,5,47.2700,2223,1
5218,32.0012,31.9609,4096,257.2500,5,47.2700,2224,1
5219,32.0012,31.9609,4096,257.2500,5,47.2700,2225,1
5220,32.0012,31.9609,4096,257.2500,5,47.2700,2226,1
5221,32.0012,31.9609,4096,257.2500,5,47.2700,2227,1
5222,32.0012,31.9609,4096,257.2500,5,47.2700,2227,1
5223,32.0012,31.9609,4096,257.2500,5,47.2700,2227,1
5224,32.0012,31.9609,4096,257.2500,5,47.2700,2228,1
5225,32.0012,31.9609,4096,257.2500,5,47.2700,2229,1
5226,32.0012,31.9609,4096,257.2500,5,47.2700,2230,1
5227,32.0012,31.9609,4096,257.2500,5,47.2700,2231,1
5228,32.0012,31.9609,4096,257.2500,5,47.2700,2231,1
5229,32.0012,31.9609,4096,257.2500,5,47.2700,2231,1
5230,32.0012,31.9609,4096,257.2500,5,47.2700,2232,1
5231,32.0012,31.9609,4096,257.2500,5,47.2700,2232,1
5232,32.0012,31.9609,4096,257.2500,5,47.2700,2233,1
5233,32.0012,31.9609,4096,257.2500,5,47.2700,2233,1
5234,32.0012,31.9609,4096,257.2500,5,47.2700,2233,1
5235,32.0012,31.9609,4096,257.2500,5,47.2700,2233,1
5236,32.0012,31.9609,4096,257.2500,5,47.2700,2233,1
5237,32.0012,31.9609,4096,257.2500,5,47.2700,2233,1
5238,32.0012,31.9609,4096,257.2500,5,47.2700,2233,1
5239,32.0012,31.9609,4096,257.2500,5,47.2700,2233,1
5240,32.0012,31.9609,4096,257.2500,5,47.2700,2233,1
5241,32.0012,31.9609,4096,257.2500,5,47.2700,2234,1
5242,32.0012,31.9609,4096,257.2500,5,47.2700,2234,1
5243,32.0012,31.9609,4096,257.2500,5,47.2700,2235,1
5244,32.0012,31.9609,4096,257.2500,5,47.2700,2235,1
5245,32.0012,31.9609,4096,257.2500,5,47.2700,2236,1
5246,32.0012,31.9609,4096,257.2500,5,47.2700,2237,1
5247,32.0012,31.9609,4096,257.2500,5,47.2700,2237,1
5248,32.0012,31.9609,4096,257.2500,5,47.2700,2237,1
5249,32.0012,31.9609,4096,257.2500,5,47.2700,2237,1
5250,32.0012,31.9609,4096,257.2500,5,47.2700,2237,1
5251,32.0012,31.9609,4096,257.2500,5,47.2700,2237,1
5252,32.0012,31.9609,4096,257.2500,5,47.2700,2237,1
5253,32.0012,31.9609,4096,257.2500,5,47.2700,2237,1
5254,32.0012,31.9609,4096,257.2500,5,47.2700,2238,1
5255,32.0012,31.9609,4096,257.2500,5,47.2700,2238,1
5256,32.0012,31.9609,4096,257.2500,5,47.2700,2238,1
5257,32.0012,31.9609,4096,257.2500,5,47.2700,2238,1
5258,32.0012,31.9609,4096,257.2500,5,47.2700,2239,1
5259,32.0012,31.9609,4096,257.2500,5,47.2700,2239,1
5260,32.0012,31.9609,4096,257.2500,5,47.2700,2239,1
5261,32.0012,31.9609,4096,257.2500,5,47.2700,2240,1
5262,32.0012,31.9609,4096,257.2500,5,47.2700,2240,1
5263,32.0012,31.9609,4096,257.2500,5,47.2700,2240,1
5264,32.0012,31.9609,4096,257.2500,5,47.2700,2240,1
5265,32.0012,31.9609,4096,257.2500,5,47.2700,2240,1
5266,32.0012,31.9609,4096,257.2500,5,47.2700,2240,1
5267,32.0012,31.9609,4096,257.2500,5,47.2700,2240,1
5268,32.0012,31.9609,4096,257.2500,5,47.2700,2240,1
5269,32.0012,31.9609,4096,257.2500,5,47.2700,2240,1
5270,32.0012,31.9609,4096,257.2500,5,47.2700,2240,1
5271,32.0012,31.9609,4096,257.2500,5,47.2700,2241,1
5272,32.0012,31.9609,4096,257.2500,5,47.2700,2241,1
5273,32.0012,31.9609,4096,257.2500,5,47.2700,2241,1
5274,32.0012,31.9609,4096,257.2500,5,47.2700,2241,1
5275,32.0012,31.9609,4096,257.2500,5,47.2700,2241,1
5276,32.0012,31.9609,4096,257.2500,5,47.2700,2242,1
5277,32.0012,31.9609,4096,257.2500,5,47.2700,2243,1
5278,32.0012,31.9609,4096,257.2500,5,47.2700,2243,1
5279,32.0012,31.9609,4096,257.2500,5,47.2700,2243,1
5280,32.0012,31.9609,4096,257.2500,5,47.2700,2243,1
5281,32.0012,31.9609,4096,257.2500,5,47.2700,2244,1
5282,32.0012,31.9609,4096,257.2500,5,47.2700,2244,1
5283,32.0012,31.9609,4096,257.2500,5,47.2700,2245,1
5284,32.0012,31.9609,4096,257.2500,5,47.2700,2246,1
5285,32.0012,31.9609,4096,257.2500,5,47.2700,2247,1
5286,32.0012,31.9609,4096,257.2500,5,47.2700,2248,1
5287,32.0012,31.9609,4096,257.2500,5,47.2700,2248,1
5288,32.0012,31.9609,4096,257.2500,5,47.2700,2249,1
5289,32.0012,31.9609,4096,257.2500,5,47.2700,2249,1
5290,32.0012,31.9609,4096,257.2500,5,47.2700,2250,1
5291,32.0012,31.9609,4096,257.2500,5,47.2700,2250,1
5292,32.0012,31.9609,4096,257.2500,5,47.2700,2250,1
5293,32.0012,31.9609,4096,257.2500,5,47.2700,2250,1
5294,32.0012,31.9609,4096,257.2500,5,47.2700,2251,1
5295,32.0012,31.9609,4096,257.2500,5,47.2700,2251,1
5296,32.0012,31.9609,4096,257.2500,5,47.2700,2251,1
5297,32.0012,31.9609,4096,257.2500,5,47.2700,2251,1
5298,32.0012,31.9609,4096,257.2500,5,47.2700,2251,1
5299,32.0012,31.9609,4096,257.2500,5,47.2700,2251,1
5300,32.0012,31.9609,4096,257.2500,5,47.2700,2251,1
5301,32.0012,31.9609,4096,257.2500,5,47.2700,2251,1
5302,32.0012,31.9609,4096,257.2500,5,47.2700,2252,1
5303,32.0012,31.9609,4096,257.2500,5,47.2700,2252,1
5304,32.0012,31.9609,4096,257.2500,5,47.2700,2253,1
5305,32.0012,31.9609,4096,257.2500,5,47.2700,2253,1
5306,32.0012,31.9609,4096,257.2500,5,47.2700,2253,1
5307,32.0012,31.9609,4096,257.2500,5,47.2700,2254,1
5308,32.0012,31.9609,4096,257.2500,5,47.2700,2254,1
5309,32.0012,31.9609,4096,257.2500,5,47.2700,2255,1
5310,32.0012,31.9609,4096,257.2500,5,47.2700,2256,1
5311,32.0012,31.9609,4096,257.2500,5,47.2700,2257,1
5312,32.0012,31.9609,4096,257.2500,5,47.2700,2257,1
5313,32.0012,31.9609,4096,257.2500,5,47.2700,2257,1
5314,32.0012,31.9609,4096,257.2500,5,47.2700,2258,1
5315,32.0012,31.9609,4096,257.2500,5,47.2700,2259,1
5316,32.0012,31.9609,4096,257.2500,5,47.2700,2260,1
5317,32.0012,31.9609,4096,257.2500,5,47.2700,2261,1
5318,32.0012,31.9609,4096,257.2500,5,47.2700,2262,1
5319,32.0012,31.9609,4096,257.2500,5,47.2700,2262,1
5320,32.0012,31.9609,4096,257.2500,5,47.2700,2262,1
5321,32.0012,31.9609,4096,257.2500,5,47.2700,2262,1
5322,32.0012,31.9609,4096,257.2500,5,47.2700,2262,1
5323,32.0012,31.9609,4096,257.2500,5,47.2700,2263,1
5324,32.0012,31.9609,4096,257.2500,5,47.2700,2263,1
5325,32.0012,31.9609,4096,257.2500,5,47.2700,2264,1
5326,32.0012,31.9609,4096,257.2500,5,47.2700,2264,1
5327,32.0012,31.9609,4096,257.2500,5,47.2700,2265,1
5328,32.0012,31.9609,4096,257.2500,5,47.2700,2266,1
5329,32.0012,31.9609,4096,257.2500,5,47.2700,2267,1
5330,32.0012,31.9609,4096,257.2500,5,47.2700,2267,1
5331,32.0012,31.9609,4096,257.2500,5,47.2700,2267,1
5332,32.0012,31.9609,4096,257.2500,5,47.2700,2267,1
5333,32.0012,31.9609,4096,257.2500,5,47.2700,2268,1
5334,32.0012,31.9609,4096,257.2500,5,47.2700,2268,1
5335,32.0012,31.9609,4096,257.2500,5,47.2700,2269,1
5336,32.0012,31.9609,4096,257.2500,5,47.2700,2270,1
5337,32.0012,31.9609,4096,257.2500,5,47.2700,2271,1
5338,32.0012,31.9609,4096,257.2500,5,47.2700,2271,1
5339,32.0012,31.9609,4096,257.2500,5,47.2700,2271,1
5340,32.0012,31.9609,4096,257.2500,5,47.2700,2271,1
5341,32.0012,31.9609,4096,257.2500,5,47.2700,2272,1
5342,32.0012,31.9609,4096,257.2500,5,47.2700,2272,1
5343,32.0012,31.9609,4096,257.2500,5,47.2700,2272,1
5344,32.0012,31.9609,4096,257.2500,5,47.2700,2273,1
5345,32.0012,31.9609,4096,257.2500,5,47.2700,2274,1
5346,32.0012,31.9609,4096,257.2500,5,47.2700,2274,1
5347,32.0012,31.9609,4096,257.2500,5,47.2700,2274,1
5348,32.0012,31.9609,4096,257.2500,5,47.2700,2275,1
5349,32.0012,31.9609,4096,257.2500,5,47.2700,2276,1
5350,32.0012,31.9609,4096,257.2500,5,47.2700,2276,1
5351,32.0012,31.9609,4096,257.2500,5,47.2700,2277,1
5352,32.0012,31.9609,4096,257.2500,5,47.2700,2277,1
5353,32.0012,31.9609,4096,257.2500,5,47.2700,2278,1
5354,32.0012,31.9609,4096,257.2500,5,47.2700,2279,1
5355,32.0012,31.9609,4096,257.2500,5,47.2700,2279,1
5356,32.0012,31.9609,4096,257.2500,5,47.2700,2280,1
5357,32.0012,31.9609,4096,257.2500,5,47.2700,2281,1
5358,32.0012,31.9609,4096,257.2500,5,47.2700,2281,1
5359,32.0012,31.9609,4096,257.2500,5,47.2700,2282,1
5360,32.0012,31.9609,4096,257.2500,5,47.2700,2282,1
5361,32.0012,31.9609,4096,257.2500,5,47.2700,2282,1
5362,32.0012,31.9609,4096,257.2500,5,47.2700,2283,1
5363,32.0012,31.9609,4096,257.2500,5,47.2700,2283,1
5364,32.0012,31.9609,4096,257.2500,5,47.2700,2283,1
5365,32.0012,31.9609,4096,257.2500,5,47.2700,2284,1
5366,32.0012,31.9609,4096,257.2500,5,47.2700,2284,1
5367,32.0012,31.9609,4096,257.2500,5,47.2700,2285,1
5368,32.0012,31.9609,4096,257.2500,5,47.2700,2285,1
5369,32.0012,31.9609,4096,257.2500,5,47.2700,2285,1
5370,32.0012,31.9609,4096,257.2500,5,47.2700,2286,1
5371,32.0012,31.9609,4096,257.2500,5,47.2700,2286,1
5372,32.0012,31.9609,4096,257.2500,5,47.2700,2286,1
5373,32.0012,31.9609,4096,257.2500,5,47.2700,2286,1
5374,32.0012,31.9609,4096,257.2500,5,47.2700,2286,1
5375,32.0012,31.9609,4096,257.2500,5,47.2700,2286,1
5376,32.0012,31.9609,4096,257.2500,5,47.2700,2286,1
5377,32.0012,31.9609,4096,257.2500,5,47.2700,2286,1
5378,32.0012,31.9609,4096,257.2500,5,47.2700,2287,1
5379,32.0012,31.9609,4096,257.2500,5,47.2700,2287,1
5380,32.0012,31.9609,4096,257.2500,5,47.2700,2287,1
5381,32.0012,31.9609,4096,257.2500,5,47.2700,2287,1
5382,32.0012,31.9609,4096,257.2500,5,47.2700,2287,1
5383,32.0012,31.9609,4096,257.2500,5,47.2700,2287,1
5384,32.0012,31.9609,4096,257.2500,5,47.2700,2287,1
5385,32.0012,31.9609,4096,257.2500,5,47.2700,2288,1
5386,32.0012,31.9609,4096,257.2500,5,47.2700,2288,1
5387,32.0012,31.9609,4096,257.2500,5,47.2700,2289,1
5388,32.0012,31.9609,4096,257.2500,5,47.2700,2289,1
5389,32.0012,31.9609,4096,257.2500,5,47.2700,2290,1
5390,32.0012,31.9609,4096,257.2500,5,47.2700,2290,1
5391,32.0012,31.9609,4096,257.2500,5,47.2700,2290,1
5392,32.0012,31.9609,4096,257.2500,5,47.2700,2290,1
5393,32.0012,31.9609,4096,257.2500,5,47.2700,2290,1
5394,32.0012,31.9609,4096,257.2500,5,47.2700,2290,1
5395,32.0012,31.9609,4096,257.2500,5,47.2700,2290,1
5396,32.0012,31.9609,4096,257.2500,5,47.2700,2290,1
5397,32.0012,31.9609,4096,257.2500,5,47.2700,2290,1
5398,32.0012,31.9609,4096,257.2500,5,47.2700,2290,1
5399,32.0012,31.9609,4096,257.2500,5,47.2700,2290,1
5400,32.0012,31.9609,4096,257.2500,5,47.2700,2291,1
5401,32.0012,31.9609,4096,257.2500,5,47.2700,2291,1
5402,32.0012,31.9609,4096,257.2500,5,47.2700,2291,1
5403,32.0012,31.9609,4096,257.2500,5,47.2700,2291,1
5404,32.0012,31.9609,4096,257.2500,5,47.2700,2291,1
5405,32.0012,31.9609,4096,257.2500,5,47.2700,2291,1
5406,32.0012,31.9609,4096,257.2500,5,47.2700,2291,1
5407,32.0012,31.9609,4096,257.2500,5,47.2700,2291,1
5408,32.0012,31.9609,4096,257.2500,5,47.2700,2291,1
5409,32.0012,31.9609,4096,257.2500,5,47.2700,2291,1
5410,32.0012,31.9609,4096,257.2500,5,47.2700,2291,1
5411,32.0012,31.9609,4096,257.2500,5,47.2700,2292,1
5412,32.0012,31.9609,4096,257.2500,5,47.2700,2293,1
5413,32.0012,31.9609,4096,257.2500,5,47.2700,2293,1
5414,32.0012,31.9609,4096,257.2500,5,47.2700,2293,1
5415,32.0012,31.9609,4096,257.2500,5,47.2700,2293,1
5416,32.0012,31.9609,4096,257.2500,5,47.2700,2293,1
5417,32.0012,31.9609,4096,257.2500,5,47.2700,2293,1
5418,32.0012,31.9609,4096,257.2500,5,47.2700,2293,1
5419,32.0012,31.9609,4096,257.2500,5,47.2700,2294,1
5420,32.0012,31.9609,4096,257.2500,5,47.2700,2294,1
5421,32.0012,31.9609,4096,257.2500,5,47.2700,2295,1
5422,32.0012,31.9609,4096,257.2500,5,47.2700,2295,1
5423,32.0012,31.9609,4096,257.2500,5,47.2700,2295,1
5424,32.0012,31.9609,4096,257.2500,5,47.2700,2295,1
5425,32.0012,31.9609,4096,257.2500,5,47.2700,2295,1
5426,32.0012,31.9609,4096,257.2500,5,47.2700,2295,1
5427,32.0012,31.9609,4096,257.2500,5,47.2700,2296,1
5428,32.0012,31.9609,4096,257.2500,5,47.2700,2297,1
5429,32.0012,31.9609,4096,257.2500,5,47.2700,2297,1
5430,32.0012,31.9609,4096,257.2500,5,47.2700,2297,1
5431,32.0012,31.9609,4096,257.2500,5,47.2700,2297,1
5432,32.0012,31.9609,4096,257.2500,5,47.2700,2297,1
5433,32.0012,31.9609,4096,257.2500,5,47.2700,2298,1
5434,32.0012,31.9609,4096,257.2500,5,47.2700,2299,1
5435,32.0012,31.9609,4096,257.2500,5,47.2700,2299,1
5436,32.0012,31.9609,4096,257.2500,5,47.2700,2300,1
5437,32.0012,31.9609,4096,257.2500,5,47.2700,2300,1
5438,32.0012,31.9609,4096,257.2500,5,47.2700,2300,1
5439,32.0012,31.9609,4096,257.2500,5,47.2700,2301,1
5440,32.0012,31.9609,4096,257.2500,5,47.2700,2302,1
5441,32.0012,31.9609,4096,257.2500,5,47.2700,2302,1
5442,32.0012,31.9609,4096,257.2500,5,47.2700,2303,1
5443,32.0012,31.9609,4096,257.2500,5,47.2700,2304,1
5444,32.0012,31.9609,4096,257.2500,5,47.2700,2304,1
5445,32.0012,31.9609,4096,257.2500,5,47.2700,2304,1
5446,32.0012,31.9609,4096,257.2500,5,47.2700,2304,1
5447,32.0012,31.9609,4096,257.2500,5,47.2700,2305,1
5448,32.0012,31.9609,4096,257.2500,5,47.2700,2305,1
5449,32.0012,31.9609,4096,257.2500,5,47.2700,2306,1
5450,32.0012,31.9609,4096,257.2500,5,47.2700,2307,1
5451,32.0012,31.9609,4096,257.2500,5,47.2700,2307,1
5452,32.0012,31.9609,4096,257.2500,5,47.2700,2308,1
5453,32.0012,31.9609,4096,257.2500,5,47.2700,2308,1
5454,32.0012,31.9609,4096,257.2500,5,47.2700,2308,1
5455,32.0012,31.9609,4096,257.2500,5,47.2700,2308,1
5456,32.0012,31.9609,4096,257.2500,5,47.2700,2308,1
5457,32.0012,31.9609,4096,257.2500,5,47.2700,2308,1
5458,32.0012,31.9609,4096,257.2500,5,47.2700,2308,1
5459,32.0012,31.9609,4096,257.2500,5,47.2700,2309,1
5460,32.0012,31.9609,4096,257.2500,5,47.2700,2310,1
5461,32.0012,31.9609,4096,257.2500,5,47.2700,2311,1
5462,32.0012,31.9609,4096,257.2500,5,47.2700,2311,1
5463,32.0012,31.9609,4096,257.2500,5,47.2700,2312,1
5464,32.0012,31.9609,4096,257.2500,5,47.2700,2313,1
5465,32.0012,31.9609,4096,257.2500,5,47.2700,2313,1
5466,32.0012,31.9609,4096,257.2500,5,47.2700,2314,1
5467,32.0012,31.9609,4096,257.2500,5,47.2700,2315,1
5468,32.0012,31.9609,4096,257.2500,5,47.2700,2315,1
5469,32.0012,31.9609,4096,257.2500,5,47.2700,2316,1
5470,32.0012,31.9609,4096,257.2500,5,47.2700,2316,1
5471,32.0012,31.9609,4096,257.2500,5,47.2700,2316,1
5472,32.0012,31.9609,4096,257.2500,5,47.2700,2317,1
5473,32.0012,31.9609,4096,257.2500,5,47.2700,2317,1
5474,32.0012,31.9609,4096,257.2500,5,47.2700,2317,1
5475,32.0012,31.9609,4096,257.2500,5,47.2700,2318,1
5476,32.0012,31.9609,4096,257.2500,5,47.2700,2318,1
5477,32.0012,31.9609,4096,257.2500,5,47.2700,2318,1
5478,32.0012,31.9609,4096,257.2500,5,47.2700,2318,1
5479,32.0012,31.9609,4096,257.2500,5,47.2700,2318,1
5480,32.0012,31.9609,4096,257.2500,5,47.2700,2318,1
5481,32.0012,31.9609,4096,257.2500,5,47.2700,2319,1
5482,32.0012,31.9609,4096,257.2500,5,47.2700,2319,1
5483,32.0012,31.9609,4096,257.2500,5,47.2700,2319,1
5484,32.0012,31.9609,4096,257.2500,5,47.2700,2319,1
5485,32.0012,31.9609,4096,257.2500,5,47.2700,2319,1
5486,32.0012,31.9609,4096,257.2500,5,47.2700,2319,1
5487,32.0012,31.9609,4096,257.2500,5,47.2700,2319,1
5488,32.0012,31.9609,4096,257.2500,5,47.2700,2319,1
5489,32.0012,31.9609,4096,257.2500,5,47.2700,2319,1
5490,32.0012,31.9609,4096,257.2500,5,47.2700,2319,1
5491,32.0012,31.9609,4096,257.2500,5,47.2700,2320,1
5492,32.0012,31.9609,4096,257.2500,5,47.2700,2320,1
5493,32.0012,31.9609,4096,257.2500,5,47.2700,2320,1
5494,32.0012,31.9609,4096,257.2500,5,47.2700,2320,1
5495,32.0012,31.9609,4096,257.2500,5,47.2700,2320,1
5496,32.0012,31.9609,4096,257.2500,5,47.2700,2320,1
5497,32.0012,31.9609,4096,257.2500,5,47.2700,2320,1
5498,32.0012,31.9609,4096,257.2500,5,47.2700,2320,1
5499,32.0012,31.9609,4096,257.2500,5,47.2700,2320,1
5500,32.0012,31.9609,4096,257.2500,5,47.2700,2320,1
5501,32.0012,31.9609,4096,257.2500,5,47.2700,2321,1
5502,32.0012,31.9609,4096,257.2500,5,47.2700,2321,1
5503,32.0012,31.9609,4096,257.2500,5,47.2700,2322,1
5504,32.0012,31.9609,4096,257.2500,5,47.2700,2322,1
5505,32.0012,31.9609,4096,257.2500,5,47.2700,2323,1
5506,32.0012,31.9609,4096,257.2500,5,47.2700,2323,1
5507,32.0012,31.9609,4096,257.2500,5,47.2700,2324,1
5508,32.0012,31.9609,4096,257.2500,5,47.2700,2324,1
5509,32.0012,31.9609,4096,257.2500,5,47.2700,2324,1
5510,32.0012,31.9609,4096,257.2500,5,47.2700,2324,1
5511,32.0012,31.9609,4096,257.2500,5,47.2700,2325,1
5512,32.0012,31.9609,4096,257.2500,5,47.2700,2325,1
5513,32.0012,31.9609,4096,257.2500,5,47.2700,2326,1
5514,32.0012,31.9609,4096,257.2500,5,47.2700,2327,1
5515,32.0012,31.9609,4096,257.2500,5,47.2700,2327,1
5516,32.0012,31.9609,4096,257.2500,5,47.2700,2327,1
5517,32.0012,31.9609,4096,257.2500,5,47.2700,2327,1
5518,32.0012,31.9609,4096,257.2500,5,47.2700,2327,1
5519,32.0012,31.9609,4096,257.2500,5,47.2700,2328,1
5520,32.0012,31.9609,4096,257.2500,5,47.2700,2328,1
5521,32.0012,31.9609,4096,257.2500,5,47.2700,2328,1
5522,32.0012,31.9609,4096,257.2500,5,47.2700,2328,1
5523,32.0012,31.9609,4096,257.2500,5,47.2700,2328,1
5524,32.0012,31.9609,4096,257.2500,5,47.2700,2328,1
5525,32.0012,31.9609,4096,257.2500,5,47.2700,2329,1
5526,32.0012,31.9609,4096,257.2500,5,47.2700,2329,1
5527,32.0012,31.9609,4096,257.2500,5,47.2700,2329,1
5528,32.0012,31.9609,4096,257.2500,5,47.2700,2329,1
5529,32.0012,31.9609,4096,257.2500,5,47.2700,2329,1
5530,32.0012,31.9609,4096,257.2500,5,47.2700,2330,1
5531,32.0012,31.9609,4096,257.2500,5,47.2700,2331,1
5532,32.0012,31.9609,4096,257.2500,5,47.2700,2331,1
5533,32.0012,31.9609,4096,257.2500,5,47.2700,2331,1
5534,32.0012,31.9609,4096,257.2500,5,47.2700,2332,1
5535,32.0012,31.9609,4096,257.2500,5,47.2700,2332,1
5536,32.0012,31.9609,4096,257.2500,5,47.2700,2332,1
5537,32.0012,31.9609,4096,257.2500,5,47.2700,2332,1
5538,32.0012,31.9609,4096,257.2500,5,47.2700,2332,1
5539,32.0012,31.9609,4096,257.2500,5,47.2700,2333,1
5540,32.0012,31.9609,4096,257.2500,5,47.2700,2333,1
5541,32.0012,31.9609,4096,257.2500,5,47.2700,2333,1
5542,32.0012,31.9609,4096,257.2500,5,47.2700,2334,1
5543,32.0012,31.9609,4096,257.2500,5,47.2700,2334,1
5544,32.0012,31.9609,4096,257.2500,5,47.2700,2334,1
5545,32.0012,31.9609,4096,257.2500,5,47.2700,2334,1
5546,32.0012,31.9609,4096,257.2500,5,47.2700,2334,1
5547,32.0012,31.9609,4096,257.2500,5,47.2700,2335,1
5548,32.0012,31.9609,4096,257.2500,5,47.2700,2335,1
5549,32.0012,31.9609,4096,257.2500,5,47.2700,2335,1
5550,32.0012,31.9609,4096,257.2500,5,47.2700,2335,1
5551,32.0012,31.9609,4096,257.2500,5,47.2700,2335,1
5552,32.0012,31.9609,4096,257.2500,5,47.2700,2335,1
5553,32.0012,31.9609,4096,257.2500,5,47.2700,2335,1
5554,32.0012,31.9609,4096,257.2500,5,47.2700,2336,1
5555,32.0012,31.9609,4096,257.2500,5,47.2700,2336,1
5556,32.0012,31.9609,4096,257.2500,5,47.2700,2336,1
5557,32.0012,31.9609,4096,257.2500,5,47.2700,2336,1
5558,32.0012,31.9609,4096,257.2500,5,47.2700,2336,1
5559,32.0012,31.9609,4096,257.2500,5,47.2700,2336,1
5560,32.0012,31.9609,4096,257.2500,5,47.2700,2337,1
5561,32.0012,31.9609,4096,257.2500,5,47.2700,2337,1
5562,32.0012,31.9609,4096,257.2500,5,47.2700,2337,1
5563,32.0012,31.9609,4096,257.2500,5,47.2700,2337,1
5564,32.0012,31.9609,4096,257.2500,5,47.2700,2337,1
5565,32.0012,31.9609,4096,257.2500,5,47.2700,2337,1
5566,32.0012,31.9609,4096,257.2500,5,47.2700,2338,1
5567,32.0012,31.9609,4096,257.2500,5,47.2700,2339,1
5568,32.0012,31.9609,4096,257.2500,5,47.2700,2340,1
5569,32.0012,31.9609,4096,257.2500,5,47.2700,2341,1
5570,32.0012,31.9609,4096,257.2500,5,47.2700,2341,1
5571,32.0012,31.9609,4096,257.2500,5,47.2700,2341,1
5572,32.0012,31.9609,4096,257.2500,5,47.2700,2341,1
5573,32.0012,31.9609,4096,257.2500,5,47.2700,2341,1
5574,32.0012,31.9609,4096,257.2500,5,47.2700,2342,1
5575,32.0012,31.9609,4096,257.2500,5,47.2700,2343,1
5576,32.0012,31.9609,4096,257.2500,5,47.2700,2344,1
5577,32.0012,31.9609,4096,257.2500,5,47.2700,2344,1
5578,32.0012,31.9609,4096,257.2500,5,47.2700,2345,1
5579,32.0012,31.9609,4096,257.2500,5,47.2700,2345,1
5580,32.0012,31.9609,4096,257.2500,5,47.2700,2345,1
5581,32.0012,31.9609,4096,257.2500,5,47.2700,2345,1
5582,32.0012,31.9609,4096,257.2500,5,47.2700,2345,1
5583,32.0012,31.9609,4096,257.2500,5,47.2700,2345,1
5584,32.0012,31.9609,4096,257.2500,5,47.2700,2345,1
5585,32.0012,31.9609,4096,257.2500,5,47.2700,2345,1
5586,32.0012,31.9609,4096,257.2500,5,47.2700,2346,1
5587,32.0012,31.9609,4096,257.2500,5,47.2700,2346,1
5588,32.0012,31.9609,4096,257.2500,5,47.2700,2347,1
5589,32.0012,31.9609,4096,257.2500,5,47.2700,2347,1
5590,32.0012,31.9609,4096,257.2500,5,47.2700,2348,1
5591,32.0012,31.9609,4096,257.2500,5,47.2700,2348,1
5592,32.0012,31.9609,4096,257.2500,5,47.2700,2349,1
5593,32.0012,31.9609,4096,257.2500,5,47.2700,2349,1
5594,32.0012,31.9609,4096,257.2500,5,47.2700,2349,1
5595,32.0012,31.9609,4096,257.2500,5,47.2700,2349,1
5596,32.0012,31.9609,4096,257.2500,5,47.2700,2349,1
5597,32.0012,31.9609,4096,257.2500,5,47.2700,2349,1
5598,32.0012,31.9609,4096,257.2500,5,47.2700,2349,1
5599,32.0012,31.9609,4096,257.2500,5,47.2700,2349,1
5600,32.0012,31.9609,4096,257.2500,5,47.2700,2349,1
5601,32.0012,31.9609,4096,257.2500,5,47.2700,2350,1
5602,32.0012,31.9609,4096,257.2500,5,47.2700,2351,1
5603,32.0012,31.9609,4096,257.2500,5,47.2700,2351,1
5604,32.0012,31.9609,4096,257.2500,5,47.2700,2352,1
5605,32.0012,31.9609,4096,257.2500,5,47.2700,2353,1
5606,32.0012,31.9609,4096,257.2500,5,47.2700,2353,1
5607,32.0012,31.9609,4096,257.2500,5,47.2700,2354,1
5608,32.0012,31.9609,4096,257.2500,5,47.2700,2354,1
5609,32.0012,31.9609,4096,257.2500,5,47.2700,2354,1
5610,32.0012,31.9609,4096,257.2500,5,47.2700,2354,1
5611,32.0012,31.9609,4096,257.2500,5,47.2700,2354,1
5612,32.0012,31.9609,4096,257.2500,5,47.2700,2355,1
5613,32.0012,31.9609,4096,257.2500,5,47.2700,2356,1
5614,32.0012,31.9609,4096,257.2500,5,47.2700,2356,1
5615,32.0012,31.9609,4096,257.2500,5,47.2700,2356,1
5616,32.0012,31.9609,4096,257.2500,5,47.2700,2356,1
5617,32.0012,31.9609,4096,257.2500,5,47.2700,2356,1
5618,32.0012,31.9609,4096,257.2500,5,47.2700,2357,1
5619,32.0012,31.9609,4096,257.2500,5,47.2700,2357,1
5620,32.0012,31.9609,4096,257.2500,5,47.2700,2357,1
5621,32.0012,31.9609,4096,257.2500,5,47.2700,2357,1
5622,32.0012,31.9609,4096,257.2500,5,47.2700,2357,1
5623,32.0012,31.9609,4096,257.2500,5,47.2700,2357,1
5624,32.0012,31.9609,4096,257.2500,5,47.2700,2357,1
5625,32.0012,31.9609,4096,257.2500,5,47.2700,2358,1
5626,32.0012,31.9609,4096,257.2500,5,47.2700,2358,1
5627,32.0012,31.9609,4096,257.2500,5,47.2700,2358,1
5628,32.0012,31.9609,4096,257.2500,5,47.2700,2358,1
5629,32.0012,31.9609,4096,257.2500,5,47.2700,2358,1
5630,32.0012,31.9609,4096,257.2500,5,47.2700,2359,1
5631,32.0012,31.9609,4096,257.2500,5,47.2700,2360,1
5632,32.0012,31.9609,4096,257.2500,5,47.2700,2360,1
5633,32.0012,31.9609,4096,257.2500,5,47.2700,2360,1
5634,32.0012,31.9609,4096,257.2500,5,47.2700,2360,1
5635,32.0012,31.9609,4096,257.2500,5,47.2700,2361,1
5636,32.0012,31.9609,4096,257.2500,5,47.2700,2361,1
5637,32.0012,31.9609,4096,257.2500,5,47.2700,2362,1
5638,32.0012,31.9609,4096,257.2500,5,47.2700,2362,1
5639,32.0012,31.9609,4096,257.2500,5,47.2700,2362,1
5640,32.0012,31.9609,4096,257.2500,5,47.2700,2362,1
5641,32.0012,31.9609,4096,257.2500,5,47.2700,2363,1
5642,32.0012,31.9609,4096,257.2500,5,47.2700,2364,1
5643,32.0012,31.9609,4096,257.2500,5,47.2700,2365,1
5644,32.0012,31.9609,4096,257.2500,5,47.2700,2365,1
5645,32.0012,31.9609,4096,257.2500,5,47.2700,2366,1
5646,32.0012,31.9609,4096,257.2500,5,47.2700,2366,1
5647,32.0012,31.9609,4096,257.2500,5,47.2700,2366,1
5648,32.0012,31.9609,4096,257.2500,5,47.2700,2366,1
5649,32.0012,31.9609,4096,257.2500,5,47.2700,2366,1
5650,32.0012,31.9609,4096,257.2500,5,47.2700,2366,1
5651,32.0012,31.9609,4096,257.2500,5,47.2700,2367,1
5652,32.0012,31.9609,4096,257.2500,5,47.2700,2367,1
5653,32.0012,31.9609,4096,257.2500,5,47.2700,2367,1
5654,32.0012,31.9609,4096,257.2500,5,47.2700,2368,1
5655,32.0012,31.9609,4096,257.2500,5,47.2700,2368,1
5656,32.0012,31.9609,4096,257.2500,5,47.2700,2368,1
5657,32.0012,31.9609,4096,257.2500,5,47.2700,2369,1
5658,32.0012,31.9609,4096,257.2500,5,47.2700,2369,1
5659,32.0012,31.9609,4096,257.2500,5,47.2700,2370,1
5660,32.0012,31.9609,4096,257.2500,5,47.2700,2370,1
5661,32.0012,31.9609,4096,257.2500,5,47.2700,2371,1
5662,32.0012,31.9609,4096,257.2500,5,47.2700,2371,1
5663,32.0012,31.9609,4096,257.2500,5,47.2700,2372,1
5664,32.0012,31.9609,4096,257.2500,5,47.2700,2373,1
5665,32.0012,31.9609,4096,257.2500,5,47.2700,2374,1
5666,32.0012,31.9609,4096,257.2500,5,47.2700,2374,1
5667,32.0012,31.9609,4096,257.2500,5,47.2700,2374,1
5668,32.0012,31.9609,4096,257.2500,5,47.2700,2374,1
5669,32.0012,31.9609,4096,257.2500,5,47.2700,2374,1
5670,32.0012,31.9609,4096,257.2500,5,47.2700,2374,1
5671,32.0012,31.9609,4096,257.2500,5,47.2700,2375,1
5672,32.0012,31.9609,4096,257.2500,5,47.2700,2376,1
5673,32.0012,31.9609,4096,257.2500,5,47.2700,2376,1
5674,32.0012,31.9609,4096,257.2500,5,47.2700,2377,1
5675,32.0012,31.9609,4096,257.2500,5,47.2700,2377,1
5676,32.0012,31.9609,4096,257.2500,5,47.2700,2378,1
5677,32.0012,31.9609,4096,257.2500,5,47.2700,2379,1
5678,32.0012,31.9609,4096,257.2500,5,47.2700,2379,1
5679,32.0012,31.9609,4096,257.2500,5,47.2700,2379,1
5680,32.0012,31.9609,4096,257.2500,5,47.2700,2379,1
5681,32.0012,31.9609,4096,257.2500,5,47.2700,2379,1
5682,32.0012,31.9609,4096,257.2500,5,47.2700,2379,1
5683,32.0012,31.9609,4096,257.2500,5,47.2700,2380,1
5684,32.0012,31.9609,4096,257.2500,5,47.2700,2381,1
5685,32.0012,31.9609,4096,257.2500,5,47.2700,2382,1
5686,32.0012,31.9609,4096,257.2500,5,47.2700,2383,1
5687,32.0012,31.9609,4096,257.2500,5,47.2700,2383,1
5688,32.0012,31.9609,4096,257.2500,5,47.2700,2383,1
5689,32.0012,31.9609,4096,257.2500,5,47.2700,2384,1
5690,32.0012,31.9609,4096,257.2500,5,47.2700,2384,1
5691,32.0012,31.9609,4096,257.2500,5,47.2700,2384,1
5692,32.0012,31.9609,4096,257.2500,5,47.2700,2385,1
5693,32.0012,31.9609,4096,257.2500,5,47.2700,2385,1
5694,32.0012,31.9609,4096,257.2500,5,47.2700,2385,1
5695,32.0012,31.9609,4096,257.2500,5,47.2700,2385,1
5696,32.0012,31.9609,4096,257.2500,5,47.2700,2385,1
5697,32.0012,31.9609,4096,257.2500,5,47.2700,2385,1
5698,32.0012,31.9609,4096,257.2500,5,47.2700,2385,1
5699,32.0012,31.9609,4096,257.2500,5,47.2700,2385,1
5700,32.0012,31.9609,4096,257.2500,5,47.2700,2386,1
5701,32.0012,31.9609,4096,257.2500,5,47.2700,2387,1
5702,32.0012,31.9609,4096,257.2500,5,47.2700,2387,1
5703,32.0012,31.9609,4096,257.2500,5,47.2700,2388,1
5704,32.0012,31.9609,4096,257.2500,5,47.2700,2388,1
5705,32.0012,31.9609,4096,257.2500,5,47.2700,2388,1
5706,32.0012,31.9609,4096,257.2500,5,47.2700,2389,1
5707,32.0012,31.9609,4096,257.2500,5,47.2700,2389,1
5708,32.0012,31.9609,4096,257.2500,5,47.2700,2389,1
5709,32.0012,31.9609,4096,257.2500,5,47.2700,2389,1
5710,32.0012,31.9609,4096,257.2500,5,47.2700,2389,1
5711,32.0012,31.9609,4096,257.2500,5,47.2700,2389,1
5712,32.0012,31.9609,4096,257.2500,5,47.2700,2389,1
5713,32.0012,31.9609,4096,257.2500,5,47.2700,2389,1
5714,32.0012,31.9609,4096,257.2500,5,47.2700,2389,1
5715,32.0012,31.9609,4096,257.2500,5,47.2700,2390,1
5716,32.0012,31.9609,4096,257.2500,5,47.2700,2390,1
5717,32.0012,31.9609,4096,257.2500,5,47.2700,2391,1
5718,32.0012,31.9609,4096,257.2500,5,47.2700,2391,1
5719,32.0012,31.9609,4096,257.2500,5,47.2700,2392,1
5720,32.0012,31.9609,4096,257.2500,5,47.2700,2392,1
5721,32.0012,31.9609,4096,257.2500,5,47.2700,2392,1
5722,32.0012,31.9609,4096,257.2500,5,47.2700,2392,1
5723,32.0012,31.9609,4096,257.2500,5,47.2700,2392,1
5724,32.0012,31.9609,4096,257.2500,5,47.2700,2392,1
5725,32.0012,31.9609,4096,257.2500,5,47.2700,2392,1
5726,32.0012,31.9609,4096,257.2500,5,47.2700,2392,1
5727,32.0012,31.9609,4096,257.2500,5,47.2700,2392,1
5728,32.0012,31.9609,4096,257.2500,5,47.2700,2392,1
5729,32.0012,31.9609,4096,257.2500,5,47.2700,2392,1
5730,32.0012,31.9609,4096,257.2500,5,47.2700,2393,1
5731,32.0012,31.9609,4096,257.2500,5,47.2700,2394,1
5732,32.0012,31.9609,4096,257.2500,5,47.2700,2395,1
5733,32.0012,31.9609,4096,257.2500,5,47.2700,2395,1
5734,32.0012,31.9609,4096,257.2500,5,47.2700,2396,1
5735,32.0012,31.9609,4096,257.2500,5,47.2700,2396,1
5736,32.0012,31.9609,4096,257.2500,5,47.2700,2396,1
5737,32.0012,31.9609,4096,257.2500,5,47.2700,2396,1
5738,32.0012,31.9609,4096,257.2500,5,47.2700,2397,1
5739,32.0012,31.9609,4096,257.2500,5,47.2700,2397,1
5740,32.0012,31.9609,4096,257.2500,5,47.2700,2397,1
5741,32.0012,31.9609,4096,257.2500,5,47.2700,2398,1
5742,32.0012,31.9609,4096,257.2500,5,47.2700,2399,1
5743,32.0012,31.9609,4096,257.2500,5,47.2700,2400,1
5744,32.0012,31.9609,4096,257.2500,5,47.2700,2400,1
5745,32.0012,31.9609,4096,257.2500,5,47.2700,2401,1
5746,32.0012,31.9609,4096,257.2500,5,47.2700,2402,1
5747,32.0012,31.9609,4096,257.2500,5,47.2700,2403,1
5748,32.0012,31.9609,4096,257.2500,5,47.2700,2404,1
5749,32.0012,31.9609,4096,257.2500,5,47.2700,2404,1
5750,32.0012,31.9609,4096,257.2500,5,47.2700,2404,1
5751,32.0012,31.9609,4096,257.2500,5,47.2700,2404,1
5752,32.0012,31.9609,4096,257.2500,5,47.2700,2404,1
5753,32.0012,31.9609,4096,257.2500,5,47.2700,2404,1
5754,32.0012,31.9609,4096,257.2500,5,47.2700,2404,1
5755,32.0012,31.9609,4096,257.2500,5,47.2700,2405,1
5756,32.0012,31.9609,4096,257.2500,5,47.2700,2405,1
5757,32.0012,31.9609,4096,257.2500,5,47.2700,2405,1
5758,32.0012,31.9609,4096,257.2500,5,47.2700,2406,1
5759,32.0012,31.9609,4096,257.2500,5,47.2700,2407,1
5760,32.0012,31.9609,4096,257.2500,5,47.2700,2408,1
5761,32.0012,31.9609,4096,257.2500,5,47.2700,2409,1
5762,32.0012,31.9609,4096,257.2500,5,47.2700,2409,1
5763,32.0012,31.9609,4096,257.2500,5,47.2700,2409,1
5764,32.0012,31.9609,4096,257.2500,5,47.2700,2409,1
5765,32.0012,31.9609,4096,257.2500,5,47.2700,2409,1
5766,32.0012,31.9609,4096,257.2500,5,47.2700,2409,1
5767,32.0012,31.9609,4096,257.2500,5,47.2700,2409,1
5768,32.0012,31.9609,4096,257.2500,5,47.2700,2409,1
5769,32.0012,31.9609,4096,257.2500,5,47.2700,2410,1
5770,32.0012,31.9609,4096,257.2500,5,47.2700,2410,1
5771,32.0012,31.9609,4096,257.2500,5,47.2700,2410,1
5772,32.0012,31.9609,4096,257.2500,5,47.2700,2410,1
5773,32.0012,31.9609,4096,257.2500,5,47.2700,2410,1
5774,32.0012,31.9609,4096,257.2500,5,47.2700,2410,1
5775,32.0012,31.9609,4096,257.2500,5,47.2700,2410,1
5776,32.0012,31.9609,4096,257.2500,5,47.2700,2410,1
5777,32.0012,31.9609,4096,257.2500,5,47.2700,2410,1
5778,32.0012,31.9609,4096,257.2500,5,47.2700,2410,1
5779,32.0012,31.9609,4096,257.2500,5,47.2700,2410,1
5780,32.0012,31.9609,4096,257.2500,5,47.2700,2411,1
5781,32.0012,31.9609,4096,257.2500,5,47.2700,2411,1
5782,32.0012,31.9609,4096,257.2500,5,47.2700,2411,1
5783,32.0012,31.9609,4096,257.2500,5,47.2700,2411,1
5784,32.0012,31.9609,4096,257.2500,5,47.2700,2411,1
5785,32.0012,31.9609,4096,257.2500,5,47.2700,2411,1
5786,32.0012,31.9609,4096,257.2500,5,47.2700,2411,1
5787,32.0012,31.9609,4096,257.2500,5,47.2700,2411,1
5788,32.0012,31.9609,4096,257.2500,5,47.2700,2411,1
5789,32.0012,31.9609,4096,257.2500,5,47.2700,2411,1
5790,32.0012,31.9609,4096,257.2500,5,47.2700,2411,1
5791,32.0012,31.9609,4096,257.2500,5,47.2700,2411,1
5792,32.0012,31.9609,4096,257.2500,5,47.2700,2411,1
5793,32.0012,31.9609,4096,257.2500,5,47.2700,2411,1
5794,32.0012,31.9609,4096,257.2500,5,47.2700,2411,1
5795,32.0012,31.9609,4096,257.2500,5,47.2700,2412,1
5796,32.0012,31.9609,4096,257.2500,5,47.2700,2412,1
5797,32.0012,31.9609,4096,257.2500,5,47.2700,2412,1
5798,32.0012,31.9609,4096,257.2500,5,47.2700,2413,1
5799,32.0012,31.9609,4096,257.2500,5,47.2700,2414,1
5800,32.0012,31.9609,4096,257.2500,5,47.2700,2415,1
5801,32.0012,31.9609,4096,257.2500,5,47.2700,2416,1
5802,32.0012,31.9609,4096,257.2500,5,47.2700,2416,1
5803,32.0012,31.9609,4096,257.2500,5,47.2700,2417,1
5804,32.0012,31.9609,4096,257.2500,5,47.2700,2417,1
5805,32.0012,31.9609,4096,257.2500,5,47.2700,2418,1
5806,32.0012,31.9609,4096,257.2500,5,47.2700,2418,1
5807,32.0012,31.9609,4096,257.2500,5,47.2700,2418,1
5808,32.0012,31.9609,4096,257.2500,5,47.2700,2419,1
5809,32.0012,31.9609,4096,257.2500,5,47.2700,2419,1
5810,32.0012,31.9609,4096,257.2500,5,47.2700,2419,1
5811,32.0012,31.9609,4096,257.2500,5,47.2700,2419,1
5812,32.0012,31.9609,4096,257.2500,5,47.2700,2420,1
5813,32.0012,31.9609,4096,257.2500,5,47.2700,2421,1
5814,32.0012,31.9609,4096,257.2500,5,47.2700,2421,1
5815,32.0012,31.9609,4096,257.2500,5,47.2700,2421,1
5816,32.0012,31.9609,4096,257.2500,5,47.2700,2421,1
5817,32.0012,31.9609,4096,257.2500,5,47.2700,2421,1
5818,32.0012,31.9609,4096,257.2500,5,47.2700,2421,1
5819,32.0012,31.9609,4096,257.2500,5,47.2700,2421,1
5820,32.0012,31.9609,4096,257.2500,5,47.2700,2422,1
5821,32.0012,31.9609,4096,257.2500,5,47.2700,2423,1
5822,32.0012,31.9609,4096,257.2500,5,47.2700,2424,1
5823,32.0012,31.9609,4096,257.2500,5,47.2700,2424,1
5824,32.0012,31.9609,4096,257.2500,5,47.2700,2424,1
5825,32.0012,31.9609,4096,257.2500,5,47.2700,2424,1
5826,32.0012,31.9609,4096,257.2500,5,47.2700,2424,1
5827,32.0012,31.9609,4096,257.2500,5,47.2700,2424,1
5828,32.0012,31.9609,4096,257.2500,5,47.2700,2424,1
5829,32.0012,31.9609,4096,257.2500,5,47.2700,2424,1
5830,32.0012,31.9609,4096,257.2500,5,47.2700,2424,1
5831,32.0012,31.9609,4096,257.2500,5,47.2700,2424,1
5832,32.0012,31.9609,4096,257.2500,5,47.2700,2424,1
5833,32.0012,31.9609,4096,257.2500,5,47.2700,2425,1
5834,32.0012,31.9609,4096,257.2500,5,47.2700,2425,1
5835,32.0012,31.9609,4096,257.2500,5,47.2700,2425,1
5836,32.0012,31.9609,4096,257.2500,5,47.2700,2425,1
5837,32.0012,31.9609,4096,257.2500,5,47.2700,2425,1
5838,32.0012,31.9609,4096,257.2500,5,47.2700,2425,1
5839,32.0012,31.9609,4096,257.2500,5,47.2700,2426,1
5840,32.0012,31.9609,4096,257.2500,5,47.2700,2426,1
5841,32.0012,31.9609,4096,257.2500,5,47.2700,2427,1
5842,32.0012,31.9609,4096,257.2500,5,47.2700,2428,1
5843,32.0012,31.9609,4096,257.2500,5,47.2700,2428,1
5844,32.0012,31.9609,4096,257.2500,5,47.2700,2428,1
5845,32.0012,31.9609,4096,257.2500,5,47.2700,2428,1
5846,32.0012,31.9609,4096,257.2500,5,47.2700,2429,1
5847,32.0012,31.9609,4096,257.2500,5,47.2700,2429,1
5848,32.0012,31.9609,4096,257.2500,5,47.2700,2429,1
5849,32.0012,31.9609,4096,257.2500,5,47.2700,2430,1
5850,32.0012,31.9609,4096,257.2500,5,47.2700,2430,1
5851,32.0012,31.9609,4096,257.2500,5,47.2700,2430,1
5852,32.0012,31.9609,4096,257.2500,5,47.2700,2430,1
5853,32.0012,31.9609,4096,257.2500,5,47.2700,2430,1
5854,32.0012,31.9609,4096,257.2500,5,47.2700,2431,1
5855,32.0012,31.9609,4096,257.2500,5,47.2700,2431,1
5856,32.0012,31.9609,4096,257.2500,5,47.2700,2431,1
5857,32.0012,31.9609,4096,257.2500,5,47.2700,2431,1
5858,32.0012,31.9609,4096,257.2500,5,47.2700,2431,1
5859,32.0012,31.9609,4096,257.2500,5,47.2700,2432,1
5860,32.0012,31.9609,4096,257.2500,5,47.2700,2432,1
5861,32.0012,31.9609,4096,257.2500,5,47.2700,2432,1
5862,32.0012,31.9609,4096,257.2500,5,47.2700,2433,1
5863,32.0012,31.9609,4096,257.2500,5,47.2700,2434,1
5864,32.0012,31.9609,4096,257.2500,5,47.2700,2434,1
5865,32.0012,31.9609,4096,257.2500,5,47.2700,2435,1
5866,32.0012,31.9609,4096,257.2500,5,47.2700,2435,1
5867,32.0012,31.9609,4096,257.2500,5,47.2700,2435,1
5868,32.0012,31.9609,4096,257.2500,5,47.2700,2435,1
5869,32.0012,31.9609,4096,257.2500,5,47.2700,2435,1
5870,32.0012,31.9609,4096,257.2500,5,47.2700,2435,1
5871,32.0012,31.9609,4096,257.2500,5,47.2700,2435,1
5872,32.0012,31.9609,4096,257.2500,5,47.2700,2435,1
5873,32.0012,31.9609,4096,257.2500,5,47.2700,2435,1
5874,32.0012,31.9609,4096,257.2500,5,47.2700,2435,1
5875,32.0012,31.9609,4096,257.2500,5,47.2700,2436,1
5876,32.0012,31.9609,4096,257.2500,5,47.2700,2436,1
5877,32.0012,31.9609,4096,257.2500,5,47.2700,2436,1
5878,32.0012,31.9609,4096,257.2500,5,47.2700,2436,1
5879,32.0012,31.9609,4096,257.2500,5,47.2700,2436,1
5880,32.0012,31.9609,4096,257.2500,5,47.2700,2437,1
5881,32.0012,31.9609,4096,257.2500,5,47.2700,2438,1
5882,32.0012,31.9609,4096,257.2500,5,47.2700,2439,1
5883,32.0012,31.9609,4096,257.2500,5,47.2700,2439,1
5884,32.0012,31.9609,4096,257.2500,5,47.2700,2440,1
5885,32.0012,31.9609,4096,257.2500,5,47.2700,2440,1
5886,32.0012,31.9609,4096,257.2500,5,47.2700,2440,1
5887,32.0012,31.9609,4096,257.2500,5,47.2700,2441,1
5888,32.0012,31.9609,4096,257.2500,5,47.2700,2442,1
5889,32.0012,31.9609,4096,257.2500,5,47.2700,2442,1
5890,32.0012,31.9609,4096,257.2500,5,47.2700,2442,1
5891,32.0012,31.9609,4096,257.2500,5,47.2700,2442,1
5892,32.0012,31.9609,4096,257.2500,5,47.2700,2442,1
5893,32.0012,31.9609,4096,257.2500,5,47.2700,2443,1
5894,32.0012,31.9609,4096,257.2500,5,47.2700,2443,1
5895,32.0012,31.9609,4096,257.2500,5,47.2700,2443,1
5896,32.0012,31.9609,4096,257.2500,5,47.2700,2443,1
5897,32.0012,31.9609,4096,257.2500,5,47.2700,2443,1
5898,32.0012,31.9609,4096,257.2500,5,47.2700,2443,1
5899,32.0012,31.9609,4096,257.2500,5,47.2700,2443,1
5900,32.0012,31.9609,4096,257.2500,5,47.2700,2444,1
5901,32.0012,31.9609,4096,257.2500,5,47.2700,2444,1
5902,32.0012,31.9609,4096,257.2500,5,47.2700,2444,1
5903,32.0012,31.9609,4096,257.2500,5,47.2700,2444,1
5904,32.0012,31.9609,4096,257.2500,5,47.2700,2445,1
5905,32.0012,31.9609,4096,257.2500,5,47.2700,2445,1
5906,32.0012,31.9609,4096,257.2500,5,47.2700,2445,1
5907,32.0012,31.9609,4096,257.2500,5,47.2700,2445,1
5908,32.0012,31.9609,4096,257.2500,5,47.2700,2446,1
5909,32.0012,31.9609,4096,257.2500,5,47.2700,2446,1
5910,32.0012,31.9609,4096,257.2500,5,47.2700,2446,1
5911,32.0012,31.9609,4096,257.2500,5,47.2700,2447,1
5912,32.0012,31.9609,4096,257.2500,5,47.2700,2447,1
5913,32.0012,31.9609,4096,257.2500,5,47.2700,2447,1
5914,32.0012,31.9609,4096,257.2500,5,47.2700,2448,1
5915,32.0012,31.9609,4096,257.2500,5,47.2700,2448,1
5916,32.0012,31.9609,4096,257.2500,5,47.2700,2448,1
5917,32.0012,31.9609,4096,257.2500,5,47.2700,2449,1
5918,32.0012,31.9609,4096,257.2500,5,47.2700,2449,1
5919,32.0012,31.9609,4096,257.2500,5,47.2700,2449,1
5920,32.0012,31.9609,4096,257.2500,5,47.2700,2449,1
5921,32.0012,31.9609,4096,257.2500,5,47.2700,2449,1
5922,32.0012,31.9609,4096,257.2500,5,47.2700,2450,1
5923,32.0012,31.9609,4096,257.2500,5,47.2700,2451,1
5924,32.0012,31.9609,4096,257.2500,5,47.2700,2451,1
5925,32.0012,31.9609,4096,257.2500,5,47.2700,2452,1
5926,32.0012,31.9609,4096,257.2500,5,47.2700,2452,1
5927,32.0012,31.9609,4096,257.2500,5,47.2700,2452,1
5928,32.0012,31.9609,4096,257.2500,5,47.2700,2452,1
5929,32.0012,31.9609,4096,257.2500,5,47.2700,2452,1
5930,32.0012,31.9609,4096,257.2500,5,47.2700,2452,1
5931,32.0012,31.9609,4096,257.2500,5,47.2700,2452,1
5932,32.0012,31.9609,4096,257.2500,5,47.2700,2452,1
5933,32.0012,31.9609,4096,257.2500,5,47.2700,2452,1
5934,32.0012,31.9609,4096,257.2500,5,47.2700,2452,1
5935,32.0012,31.9609,4096,257.2500,5,47.2700,2452,1
5936,32.0012,31.9609,4096,257.2500,5,47.2700,2453,1
5937,32.0012,31.9609,4096,257.2500,5,47.2700,2453,1
5938,32.0012,31.9609,4096,257.2500,5,47.2700,2454,1
5939,32.0012,31.9609,4096,257.2500,5,47.2700,2455,1
5940,32.0012,31.9609,4096,257.2500,5,47.2700,2455,1
5941,32.0012,31.9609,4096,257.2500,5,47.2700,2456,1
5942,32.0012,31.9609,4096,257.2500,5,47.2700,2456,1
5943,32.0012,31.9609,4096,257.2500,5,47.2700,2456,1
5944,32.0012,31.9609,4096,257.2500,5,47.2700,2457,1
5945,32.0012,31.9609,4096,257.2500,5,47.2700,2457,1
5946,32.0012,31.9609,4096,257.2500,5,47.2700,2458,1
5947,32.0012,31.9609,4096,257.2500,5,47.2700,2458,1
5948,32.0012,31.9609,4096,257.2500,5,47.2700,2458,1
5949,32.0012,31.9609,4096,257.2500,5,47.2700,2459,1
5950,32.0012,31.9609,4096,257.2500,5,47.2700,2459,1
5951,32.0012,31.9609,4096,257.2500,5,47.2700,2459,1
5952,32.0012,31.9609,4096,257.2500,5,47.2700,2459,1
5953,32.0012,31.9609,4096,257.2500,5,47.2700,2459,1
5954,32.0012,31.9609,4096,257.2500,5,47.2700,2459,1
5955,32.0012,31.9609,4096,257.2500,5,47.2700,2460,1
5956,32.0012,31.9609,4096,257.2500,5,47.2700,2460,1
5957,32.0012,31.9609,4096,257.2500,5,47.2700,2460,1
5958,32.0012,31.9609,4096,257.2500,5,47.2700,2461,1
5959,32.0012,31.9609,4096,257.2500,5,47.2700,2462,1
5960,32.0012,31.9609,4096,257.2500,5,47.2700,2462,1
5961,32.0012,31.9609,4096,257.2500,5,47.2700,2462,1
5962,32.0012,31.9609,4096,257.2500,5,47.2700,2462,1
5963,32.0012,31.9609,4096,257.2500,5,47.2700,2462,1
5964,32.0012,31.9609,4096,257.2500,5,47.2700,2462,1
5965,32.0012,31.9609,4096,257.2500,5,47.2700,2462,1
5966,32.0012,31.9609,4096,257.2500,5,47.2700,2462,1
5967,32.0012,31.9609,4096,257.2500,5,47.2700,2462,1
5968,32.0012,31.9609,4096,257.2500,5,47.2700,2462,1
5969,32.0012,31.9609,4096,257.2500,5,47.2700,2462,1
5970,32.0012,31.9609,4096,257.2500,5,47.2700,2462,1
5971,32.0012,31.9609,4096,257.2500,5,47.2700,2462,1
5972,32.0012,31.9609,4096,257.2500,5,47.2700,2462,1
5973,32.0012,31.9609,4096,257.2500,5,47.2700,2463,1
5974,32.0012,31.9609,4096,257.2500,5,47.2700,2463,1
5975,32.0012,31.9609,4096,257.2500,5,47.2700,2464,1
5976,32.0012,31.9609,4096,257.2500,5,47.2700,2464,1
5977,32.0012,31.9609,4096,257.2500,5,47.2700,2464,1
5978,32.0012,31.9609,4096,257.2500,5,47.2700,2464,1
5979,32.0012,31.9609,4096,257.2500,5,47.2700,2464,1
5980,32.0012,31.9609,4096,257.2500,5,47.2700,2464,1
5981,32.0012,31.9609,4096,257.2500,5,47.2700,2465,1
5982,32.0012,31.9609,4096,257.2500,5,47.2700,2466,1
5983,32.0012,31.9609,4096,257.2500,5,47.2700,2467,1
5984,32.0012,31.9609,4096,257.2500,5,47.2700,2468,1
5985,32.0012,31.9609,4096,257.2500,5,47.2700,2469,1
5986,32.0012,31.9609,4096,257.2500,5,47.2700,2470,1
5987,32.0012,31.9609,4096,257.2500,5,47.2700,2470,1
5988,32.0012,31.9609,4096,257.2500,5,47.2700,2471,1
5989,32.0012,31.9609,4096,257.2500,5,47.2700,2471,1
5990,32.0012,31.9609,4096,257.2500,5,47.2700,2472,1
5991,32.0012,31.9609,4096,257.2500,5,47.2700,2472,1
5992,32.0012,31.9609,4096,257.2500,5,47.2700,2472,1
5993,32.0012,31.9609,4096,257.2500,5,47.2700,2472,1
5994,32.0012,31.9609,4096,257.2500,5,47.2700,2472,1
5995,32.0012,31.9609,4096,257.2500,5,47.2700,2472,1
5996,32.0012,31.9609,4096,257.2500,5,47.2700,2472,1
5997,32.0012,31.9609,4096,257.2500,5,47.2700,2472,1
5998,32.0012,31.9609,4096,257.2500,5,47.2700,2473,1
5999,32.0012,31.9609,4096,257.2500,5,47.2700,2474,1
6000,32.0012,31.9609,4096,257.2500,5,47.2700,2474,1
6001,32.0012,31.9609,4096,257.2500,5,47.2700,2474,1
6002,32.0012,31.9609,4096,257.2500,5,47.2700,2474,1
6003,32.0012,31.9609,4096,257.2500,5,47.2700,2475,1
6004,32.0012,31.9609,4096,257.2500,5,47.2700,2476,1
6005,32.0012,31.9609,4096,257.2500,5,47.2700,2476,1
6006,32.0012,31.9609,4096,257.2500,5,47.2700,2476,1
6007,32.0012,31.9609,4096,257.2500,5,47.2700,2476,1
6008,32.0012,31.9609,4096,257.2500,5,47.2700,2477,1
6009,32.0012,31.9609,4096,257.2500,5,47.2700,2477,1
6010,32.0012,31.9609,4096,257.2500,5,47.2700,2477,1
6011,32.0012,31.9609,4096,257.2500,5,47.2700,2477,1
6012,32.0012,31.9609,4096,257.2500,5,47.2700,2477,1
6013,32.0012,31.9609,4096,257.2500,5,47.2700,2477,1
6014,32.0012,31.9609,4096,257.2500,5,47.2700,2477,1
6015,32.0012,31.9609,4096,257.2500,5,47.2700,2477,1
6016,32.0012,31.9609,4096,257.2500,5,47.2700,2477,1
6017,32.0012,31.9609,4096,257.2500,5,47.2700,2477,1
6018,32.0012,31.9609,4096,257.2500,5,47.2700,2477,1
6019,32.0012,31.9609,4096,257.2500,5,47.2700,2478,1
6020,32.0012,31.9609,4096,257.2500,5,47.2700,2479,1
6021,32.0012,31.9609,4096,257.2500,5,47.2700,2479,1
6022,32.0012,31.9609,4096,257.2500,5,47.2700,2480,1
6023,32.0012,31.9609,4096,257.2500,5,47.2700,2480,1
6024,32.0012,31.9609,4096,257.2500,5,47.2700,2480,1
6025,32.0012,31.9609,4096,257.2500,5,47.2700,2480,1
6026,32.0012,31.9609,4096,257.2500,5,47.2700,2481,1
6027,32.0012,31.9609,4096,257.2500,5,47.2700,2481,1
6028,32.0012,31.9609,4096,257.2500,5,47.2700,2482,1
6029,32.0012,31.9609,4096,257.2500,5,47.2700,2482,1
6030,32.0012,31.9609,4096,257.2500,5,47.2700,2482,1
6031,32.0012,31.9609,4096,257.2500,5,47.2700,2482,1
6032,32.0012,31.9609,4096,257.2500,5,47.2700,2483,1
6033,32.0012,31.9609,4096,257.2500,5,47.2700,2484,1
6034,32.0012,31.9609,4096,257.2500,5,47.2700,2484,1
6035,32.0012,31.9609,4096,257.2500,5,47.2700,2485,1
6036,32.0012,31.9609,4096,257.2500,5,47.2700,2485,1
6037,32.0012,31.9609,4096,257.2500,5,47.2700,2485,1
6038,32.0012,31.9609,4096,257.2500,5,47.2700,2485,1
6039,32.0012,31.9609,4096,257.2500,5,47.2700,2485,1
6040,32.0012,31.9609,4096,257.2500,5,47.2700,2485,1
6041,32.0012,31.9609,4096,257.2500,5,47.2700,2485,1
6042,32.0012,31.9609,4096,257.2500,5,47.2700,2486,1
6043,32.0012,31.9609,4096,257.2500,5,47.2700,2486,1
6044,32.0012,31.9609,4096,257.2500,5,47.2700,2486,1
6045,32.0012,31.9609,4096,257.2500,5,47.2700,2487,1
6046,32.0012,31.9609,4096,257.2500,5,47.2700,2487,1
6047,32.0012,31.9609,4096,257.2500,5,47.2700,2487,1
6048,32.0012,31.9609,4096,257.2500,5,47.2700,2487,1
6049,32.0012,31.9609,4096,257.2500,5,47.2700,2487,1
6050,32.0012,31.9609,4096,257.2500,5,47.2700,2487,1
6051,32.0012,31.9609,4096,257.2500,5,47.2700,2487,1
6052,32.0012,31.9609,4096,257.2500,5,47.2700,2487,1
6053,32.0012,31.9609,4096,257.2500,5,47.2700,2487,1
6054,32.0012,31.9609,4096,257.2500,5,47.2700,2488,1
6055,32.0012,31.9609,4096,257.2500,5,47.2700,2488,1
6056,32.0012,31.9609,4096,257.2500,5,47.2700,2488,1
6057,32.0012,31.9609,4096,257.2500,5,47.2700,2488,1
6058,32.0012,31.9609,4096,257.2500,5,47.2700,2488,1
6059,32.0012,31.9609,4096,257.2500,5,47.2700,2488,1
6060,32.0012,31.9609,4096,257.2500,5,47.2700,2489,1
6061,32.0012,31.9609,4096,257.2500,5,47.2700,2489,1
6062,32.0012,31.9609,4096,257.2500,5,47.2700,2489,1
6063,32.0012,31.9609,4096,257.2500,5,47.2700,2489,1
6064,32.0012,31.9609,4096,257.2500,5,47.2700,2489,1
6065,32.0012,31.9609,4096,257.2500,5,47.2700,2489,1
6066,32.0012,31.9609,4096,257.2500,5,47.2700,2489,1
6067,32.0012,31.9609,4096,257.2500,5,47.2700,2489,1
6068,32.0012,31.9609,4096,257.2500,5,47.2700,2489,1
6069,32.0012,31.9609,4096,257.2500,5,47.2700,2489,1
6070,32.0012,31.9609,4096,257.2500,5,47.2700,2489,1
6071,32.0012,31.9609,4096,257.2500,5,47.2700,2490,1
6072,32.0012,31.9609,4096,257.2500,5,47.2700,2490,1
6073,32.0012,31.9609,4096,257.2500,5,47.2700,2491,1
6074,32.0012,31.9609,4096,257.2500,5,47.2700,2491,1
6075,32.0012,31.9609,4096,257.2500,5,47.2700,2491,1
6076,32.0012,31.9609,4096,257.2500,5,47.2700,2491,1
6077,32.0012,31.9609,4096,257.2500,5,47.2700,2491,1
6078,32.0012,31.9609,4096,257.2500,5,47.2700,2491,1
6079,32.0012,31.9609,4096,257.2500,5,47.2700,2491,1
6080,32.0012,31.9609,4096,257.2500,5,47.2700,2491,1
6081,32.0012,31.9609,4096,257.2500,5,47.2700,2492,1
6082,32.0012,31.9609,4096,257.2500,5,47.2700,2492,1
6083,32.0012,31.9609,4096,257.2500,5,47.2700,2492,1
6084,32.0012,31.9609,4096,257.2500,5,47.2700,2492,1
6085,32.0012,31.9609,4096,257.2500,5,47.2700,2492,1
6086,32.0012,31.9609,4096,257.2500,5,47.2700,2492,1
6087,32.0012,31.9609,4096,257.2500,5,47.2700,2492,1
6088,32.0012,31.9609,4096,257.2500,5,47.2700,2493,1
6089,32.0012,31.9609,4096,257.2500,5,47.2700,2494,1
6090,32.0012,31.9609,4096,257.2500,5,47.2700,2494,1
6091,32.0012,31.9609,4096,257.2500,5,47.2700,2495,1
6092,32.0012,31.9609,4096,257.2500,5,47.2700,2495,1
6093,32.0012,31.9609,4096,257.2500,5,47.2700,2496,1
6094,32.0012,31.9609,4096,257.2500,5,47.2700,2497,1
6095,32.0012,31.9609,4096,257.2500,5,47.2700,2497,1
6096,32.0012,31.9609,4096,257.2500,5,47.2700,2497,1
6097,32.0012,31.9609,4096,257.2500,5,47.2700,2497,1
6098,32.0012,31.9609,4096,257.2500,5,47.2700,2497,1
6099,32.0012,31.9609,4096,257.2500,5,47.2700,2497,1
6100,32.0012,31.9609,4096,257.2500,5,47.2700,2497,1
6101,32.0012,31.9609,4096,257.2500,5,47.2700,2498,1
6102,32.0012,31.9609,4096,257.2500,5,47.2700,2498,1
6103,32.0012,31.9609,4096,257.2500,5,47.2700,2498,1
6104,32.0012,31.9609,4096,257.2500,5,47.2700,2498,1
6105,32.0012,31.9609,4096,257.2500,5,47.2700,2498,1
6106,32.0012,31.9609,4096,257.2500,5,47.2700,2498,1
6107,32.0012,31.9609,4096,257.2500,5,47.2700,2498,1
6108,32.0012,31.9609,4096,257.2500,5,47.2700,2498,1
6109,32.0012,31.9609,4096,257.2500,5,47.2700,2498,1
6110,32.0012,31.9609,4096,257.2500,5,47.2700,2498,1
6111,32.0012,31.9609,4096,257.2500,5,47.2700,2498,1
6112,32.0012,31.9609,4096,257.2500,5,47.2700,2498,1
6113,32.0012,31.9609,4096,257.2500,5,47.2700,2498,1
6114,32.0012,31.9609,4096,257.2500,5,47.2700,2498,1
6115,32.0012,31.9609,4096,257.2500,5,47.2700,2498,1
6116,32.0012,31.9609,4096,257.2500,5,47.2700,2498,1
6117,32.0012,31.9609,4096,257.2500,5,47.2700,2498,1
6118,32.0012,31.9609,4096,257.2500,5,47.2700,2498,1
6119,32.0012,31.9609,4096,257.2500,5,47.2700,2498,1
6120,32.0012,31.9609,4096,257.2500,5,47.2700,2498,1
6121,32.0012,31.9609,4096,257.2500,5,47.2700,2499,1
6122,32.0012,31.9609,4096,257.2500,5,47.2700,2499,1
6123,32.0012,31.9609,4096,257.2500,5,47.2700,2499,1
6124,32.0012,31.9609,4096,257.2500,5,47.2700,2499,1
6125,32.0012,31.9609,4096,257.2500,5,47.2700,2500,1
6126,32.0012,31.9609,4096,257.2500,5,47.2700,2501,1
6127,32.0012,31.9609,4096,257.2500,5,47.2700,2501,1
6128,32.0012,31.9609,4096,257.2500,5,47.2700,2501,1
6129,32.0012,31.9609,4096,257.2500,5,47.2700,2501,1
6130,32.0012,31.9609,4096,257.2500,5,47.2700,2501,1
6131,32.0012,31.9609,4096,257.2500,5,47.2700,2501,1
6132,32.0012,31.9609,4096,257.2500,5,47.2700,2502,1
6133,32.0012,31.9609,4096,257.2500,5,47.2700,2502,1
6134,32.0012,31.9609,4096,257.2500,5,47.2700,2503,1
6135,32.0012,31.9609,4096,257.2500,5,47.2700,2503,1
6136,32.0012,31.9609,4096,257.2500,5,47.2700,2503,1
6137,32.0012,31.9609,4096,257.2500,5,47.2700,2503,1
6138,32.0012,31.9609,4096,257.2500,5,47.2700,2503,1
6139,32.0012,31.9609,4096,257.2500,5,47.2700,2503,1
6140,32.0012,31.9609,4096,257.2500,5,47.2700,2503,1
6141,32.0012,31.9609,4096,257.2500,5,47.2700,2503,1
6142,32.0012,31.9609,4096,257.2500,5,47.2700,2504,1
6143,32.0012,31.9609,4096,257.2500,5,47.2700,2504,1
6144,32.0012,31.9609,4096,257.2500,5,47.2700,2505,1
6145,32.0012,31.9609,4096,257.2500,5,47.2700,2505,1
6146,32.0012,31.9609,4096,257.2500,5,47.2700,2505,1
6147,32.0012,31.9609,4096,257.2500,5,47.2700,2506,1
6148,32.0012,31.9609,4096,257.2500,5,47.2700,2506,1
6149,32.0012,31.9609,4096,257.2500,5,47.2700,2506,1
6150,32.0012,31.9609,4096,257.2500,5,47.2700,2506,1
6151,32.0012,31.9609,4096,257.2500,5,47.2700,2507,1
6152,32.0012,31.9609,4096,257.2500,5,47.2700,2507,1
6153,32.0012,31.9609,4096,257.2500,5,47.2700,2507,1
6154,32.0012,31.9609,4096,257.2500,5,47.2700,2507,1
6155,32.0012,31.9609,4096,257.2500,5,47.2700,2507,1
6156,32.0012,31.9609,4096,257.2500,5,47.2700,2507,1
6157,32.0012,31.9609,4096,257.2500,5,47.2700,2507,1
6158,32.0012,31.9609,4096,257.2500,5,47.2700,2507,1
6159,32.0012,31.9609,4096,257.2500,5,47.2700,2507,1
6160,32.0012,31.9609,4096,257.2500,5,47.2700,2507,1
6161,32.0012,31.9609,4096,257.2500,5,47.2700,2507,1
6162,32.0012,31.9609,4096,257.2500,5,47.2700,2507,1
6163,32.0012,31.9609,4096,257.2500,5,47.2700,2508,1
6164,32.0012,31.9609,4096,257.2500,5,47.2700,2508,1
6165,32.0012,31.9609,4096,257.2500,5,47.2700,2509,1
6166,32.0012,31.9609,4096,257.2500,5,47.2700,2509,1
6167,32.0012,31.9609,4096,257.2500,5,47.2700,2510,1
6168,32.0012,31.9609,4096,257.2500,5,47.2700,2510,1
6169,32.0012,31.9609,4096,257.2500,5,47.2700,2511,1
6170,32.0012,31.9609,4096,257.2500,5,47.2700,2511,1
6171,32.0012,31.9609,4096,257.2500,5,47.2700,2511,1
6172,32.0012,31.9609,4096,257.2500,5,47.2700,2511,1
6173,32.0012,31.9609,4096,257.2500,5,47.2700,2511,1
6174,32.0012,31.9609,4096,257.2500,5,47.2700,2511,1
6175,32.0012,31.9609,4096,257.2500,5,47.2700,2511,1
6176,32.0012,31.9609,4096,257.2500,5,47.2700,2511,1
6177,32.0012,31.9609,4096,257.2500,5,47.2700,2511,1
6178,32.0012,31.9609,4096,257.2500,5,47.2700,2512,1
6179,32.0012,31.9609,4096,257.2500,5,47.2700,2512,1
6180,32.0012,31.9609,4096,257.2500,5,47.2700,2512,1
6181,32.0012,31.9609,4096,257.2500,5,47.2700,2512,1
6182,32.0012,31.9609,4096,257.2500,5,47.2700,2512,1
6183,32.0012,31.9609,4096,257.2500,5,47.2700,2513,1
6184,32.0012,31.9609,4096,257.2500,5,47.2700,2513,1
6185,32.0012,31.9609,4096,257.2500,5,47.2700,2513,1
6186,32.0012,31.9609,4096,257.2500,5,47.2700,2513,1
6187,32.0012,31.9609,4096,257.2500,5,47.2700,2513,1
6188,32.0012,31.9609,4096,257.2500,5,47.2700,2513,1
6189,32.0012,31.9609,4096,257.2500,5,47.2700,2513,1
6190,32.0012,31.9609,4096,257.2500,5,47.2700,2513,1
6191,32.0012,31.9609,4096,257.2500,5,47.2700,2513,1
6192,32.0012,31.9609,4096,257.2500,5,47.2700,2513,1
6193,32.0012,31.9609,4096,257.2500,5,47.2700,2513,1
6194,32.0012,31.9609,4096,257.2500,5,47.2700,2513,1
6195,32.0012,31.9609,4096,257.2500,5,47.2700,2513,1
6196,32.0012,31.9609,4096,257.2500,5,47.2700,2513,1
6197,32.0012,31.9609,4096,257.2500,5,47.2700,2513,1
6198,32.0012,31.9609,4096,257.2500,5,47.2700,2513,1
6199,32.0012,31.9609,4096,257.2500,5,47.2700,2513,1
6200,32.0012,31.9609,4096,257.2500,5,47.2700,2513,1
6201,32.0012,31.9609,4096,257.2500,5,47.2700,2513,1
6202,32.0012,31.9609,4096,257.2500,5,47.2700,2513,1
6203,32.0012,31.9609,4096,257.2500,5,47.2700,2514,1
6204,32.0012,31.9609,4096,257.2500,5,47.2700,2514,1
6205,32.0012,31.9609,4096,257.2500,5,47.2700,2514,1
6206,32.0012,31.9609,4096,257.2500,5,47.2700,2515,1
6207,32.0012,31.9609,4096,257.2500,5,47.2700,2515,1
6208,32.0012,31.9609,4096,257.2500,5,47.2700,2516,1
6209,32.0012,31.9609,4096,257.2500,5,47.2700,2516,1
6210,32.0012,31.9609,4096,257.2500,5,47.2700,2517,1
6211,32.0012,31.9609,4096,257.2500,5,47.2700,2518,1
6212,32.0012,31.9609,4096,257.2500,5,47.2700,2519,1
6213,32.0012,31.9609,4096,257.2500,5,47.2700,2519,1
6214,32.0012,31.9609,4096,257.2500,5,47.2700,2519,1
6215,32.0012,31.9609,4096,257.2500,5,47.2700,2519,1
6216,32.0012,31.9609,4096,257.2500,5,47.2700,2519,1
6217,32.0012,31.9609,4096,257.2500,5,47.2700,2519,1
6218,32.0012,31.9609,4096,257.2500,5,47.2700,2519,1
6219,32.0012,31.9609,4096,257.2500,5,47.2700,2519,1
6220,32.0012,31.9609,4096,257.2500,5,47.2700,2520,1
6221,32.0012,31.9609,4096,257.2500,5,47.2700,2520,1
6222,32.0012,31.9609,4096,257.2500,5,47.2700,2520,1
6223,32.0012,31.9609,4096,257.2500,5,47.2700,2521,1
6224,32.0012,31.9609,4096,257.2500,5,47.2700,2521,1
6225,32.0012,31.9609,4096,257.2500,5,47.2700,2522,1
6226,32.0012,31.9609,4096,257.2500,5,47.2700,2522,1
6227,32.0012,31.9609,4096,257.2500,5,47.2700,2522,1
6228,32.0012,31.9609,4096,257.2500,5,47.2700,2522,1
6229,32.0012,31.9609,4096,257.2500,5,47.2700,2522,1
6230,32.0012,31.9609,4096,257.2500,5,47.2700,2522,1
6231,32.0012,31.9609,4096,257.2500,5,47.2700,2523,1
6232,32.0012,31.9609,4096,257.2500,5,47.2700,2523,1
6233,32.0012,31.9609,4096,257.2500,5,47.2700,2523,1
6234,32.0012,31.9609,4096,257.2500,5,47.2700,2523,1
6235,32.0012,31.9609,4096,257.2500,5,47.2700,2523,1
6236,32.0012,31.9609,4096,257.2500,5,47.2700,2523,1
6237,32.0012,31.9609,4096,257.2500,5,47.2700,2523,1
6238,32.0012,31.9609,4096,257.2500,5,47.2700,2523,1
6239,32.0012,31.9609,4096,257.2500,5,47.2700,2523,1
6240,32.0012,31.9609,4096,257.2500,5,47.2700,2523,1
6241,32.0012,31.9609,4096,257.2500,5,47.2700,2523,1
6242,32.0012,31.9609,4096,257.2500,5,47.2700,2523,1
6243,32.0012,31.9609,4096,257.2500,5,47.2700,2523,1
6244,32.0012,31.9609,4096,257.2500,5,47.2700,2523,1
6245,32.0012,31.9609,4096,257.2500,5,47.2700,2523,1
6246,32.0012,31.9609,4096,257.2500,5,47.2700,2523,1
6247,32.0012,31.9609,4096,257.2500,5,47.2700,2523,1
6248,32.0012,31.9609,4096,257.2500,5,47.2700,2523,1
6249,32.0012,31.9609,4096,257.2500,5,47.2700,2523,1
6250,32.0012,31.9609,4096,257.2500,5,47.2700,2523,1
6251,32.0012,31.9609,4096,257.2500,5,47.2700,2523,1
6252,32.0012,31.9609,4096,257.2500,5,47.2700,2524,1
6253,32.0012,31.9609,4096,257.2500,5,47.2700,2524,1
6254,32.0012,31.9609,4096,257.2500,5,47.2700,2524,1
6255,32.0012,31.9609,4096,257.2500,5,47.2700,2524,1
6256,32.0012,31.9609,4096,257.2500,5,47.2700,2525,1
6257,32.0012,31.9609,4096,257.2500,5,47.2700,2525,1
6258,32.0012,31.9609,4096,257.2500,5,47.2700,2525,1
6259,32.0012,31.9609,4096,257.2500,5,47.2700,2526,1
6260,32.0012,31.9609,4096,257.2500,5,47.2700,2527,1
6261,32.0012,31.9609,4096,257.2500,5,47.2700,2527,1
6262,32.0012,31.9609,4096,257.2500,5,47.2700,2527,1
6263,32.0012,31.9609,4096,257.2500,5,47.2700,2528,1
6264,32.0012,31.9609,4096,257.2500,5,47.2700,2528,1
6265,32.0012,31.9609,4096,257.2500,5,47.2700,2528,1
6266,32.0012,31.9609,4096,257.2500,5,47.2700,2529,1
6267,32.0012,31.9609,4096,257.2500,5,47.2700,2529,1
6268,32.0012,31.9609,4096,257.2500,5,47.2700,2529,1
6269,32.0012,31.9609,4096,257.2500,5,47.2700,2529,1
6270,32.0012,31.9609,4096,257.2500,5,47.2700,2529,1
6271,32.0012,31.9609,4096,257.2500,5,47.2700,2530,1
6272,32.0012,31.9609,4096,257.2500,5,47.2700,2530,1
6273,32.0012,31.9609,4096,257.2500,5,47.2700,2530,1
6274,32.0012,31.9609,4096,257.2500,5,47.2700,2531,1
6275,32.0012,31.9609,4096,257.2500,5,47.2700,2532,1
6276,32.0012,31.9609,4096,257.2500,5,47.2700,2533,1
6277,32.0012,31.9609,4096,257.2500,5,47.2700,2534,1
6278,32.0012,31.9609,4096,257.2500,5,47.2700,2534,1
6279,32.0012,31.9609,4096,257.2500,5,47.2700,2534,1
6280,32.0012,31.9609,4096,257.2500,5,47.2700,2535,1
6281,32.0012,31.9609,4096,257.2500,5,47.2700,2535,1
6282,32.0012,31.9609,4096,257.2500,5,47.2700,2535,1
6283,32.0012,31.9609,4096,257.2500,5,47.2700,2535,1
6284,32.0012,31.9609,4096,257.2500,5,47.2700,2535,1
6285,32.0012,31.9609,4096,257.2500,5,47.2700,2535,1
6286,32.0012,31.9609,4096,257.2500,5,47.2700,2536,1
6287,32.0012,31.9609,4096,257.2500,5,47.2700,2536,1
6288,32.0012,31.9609,4096,257.2500,5,47.2700,2536,1
6289,32.0012,31.9609,4096,257.2500,5,47.2700,2536,1
6290,32.0012,31.9609,4096,257.2500,5,47.2700,2536,1
6291,32.0012,31.9609,4096,257.2500,5,47.2700,2537,1
6292,32.0012,31.9609,4096,257.2500,5,47.2700,2538,1
6293,32.0012,31.9609,4096,257.2500,5,47.2700,2538,1
6294,32.0012,31.9609,4096,257.2500,5,47.2700,2538,1
6295,32.0012,31.9609,4096,257.2500,5,47.2700,2539,1
6296,32.0012,31.9609,4096,257.2500,5,47.2700,2540,1
6297,32.0012,31.9609,4096,257.2500,5,47.2700,2541,1
6298,32.0012,31.9609,4096,257.2500,5,47.2700,2542,1
6299,32.0012,31.9609,4096,257.2500,5,47.2700,2542,1
6300,32.0012,31.9609,4096,257.2500,5,47.2700,2543,1
6301,32.0012,31.9609,4096,257.2500,5,47.2700,2543,1
6302,32.0012,31.9609,4096,257.2500,5,47.2700,2543,1
6303,32.0012,31.9609,4096,257.2500,5,47.2700,2543,1
6304,32.0012,31.9609,4096,257.2500,5,47.2700,2543,1
6305,32.0012,31.9609,4096,257.2500,5,47.2700,2543,1
6306,32.0012,31.9609,4096,257.2500,5,47.2700,2544,1
6307,32.0012,31.9609,4096,257.2500,5,47.2700,2544,1
6308,32.0012,31.9609,4096,257.2500,5,47.2700,2544,1
6309,32.0012,31.9609,4096,257.2500,5,47.2700,2544,1
6310,32.0012,31.9609,4096,257.2500,5,47.2700,2544,1
6311,32.0012,31.9609,4096,257.2500,5,47.2700,2544,1
6312,32.0012,31.9609,4096,257.2500,5,47.2700,2545,1
6313,32.0012,31.9609,4096,257.2500,5,47.2700,2545,1
6314,32.0012,31.9609,4096,257.2500,5,47.2700,2546,1
6315,32.0012,31.9609,4096,257.2500,5,47.2700,2546,1
6316,32.0012,31.9609,4096,257.2500,5,47.2700,2547,1
6317,32.0012,31.9609,4096,257.2500,5,47.2700,2548,1
6318,32.0012,31.9609,4096,257.2500,5,47.2700,2548,1
6319,32.0012,31.9609,4096,257.2500,5,47.2700,2548,1
6320,32.0012,31.9609,4096,257.2500,5,47.2700,2548,1
6321,32.0012,31.9609,4096,257.2500,5,47.2700,2549,1
6322,32.0012,31.9609,4096,257.2500,5,47.2700,2549,1
6323,32.0012,31.9609,4096,257.2500,5,47.2700,2549,1
6324,32.0012,31.9609,4096,257.2500,5,47.2700,2549,1
6325,32.0012,31.9609,4096,257.2500,5,47.2700,2549,1
6326,32.0012,31.9609,4096,257.2500,5,47.2700,2550,1
6327,32.0012,31.9609,4096,257.2500,5,47.2700,2550,1
6328,32.0012,31.9609,4096,257.2500,5,47.2700,2550,1
6329,32.0012,31.9609,4096,257.2500,5,47.2700,2551,1
6330,32.0012,31.9609,4096,257.2500,5,47.2700,2551,1
6331,32.0012,31.9609,4096,257.2500,5,47.2700,2551,1
6332,32.0012,31.9609,4096,257.2500,5,47.2700,2551,1
6333,32.0012,31.9609,4096,257.2500,5,47.2700,2551,1
6334,32.0012,31.9609,4096,257.2500,5,47.2700,2552,1
6335,32.0012,31.9609,4096,257.2500,5,47.2700,2552,1
6336,32.0012,31.9609,4096,257.2500,5,47.2700,2553,1
6337,32.0012,31.9609,4096,257.2500,5,47.2700,2553,1
6338,32.0012,31.9609,4096,257.2500,5,47.2700,2553,1
6339,32.0012,31.9609,4096,257.2500,5,47.2700,2553,1
6340,32.0012,31.9609,4096,257.2500,5,47.2700,2553,1
6341,32.0012,31.9609,4096,257.2500,5,47.2700,2554,1
6342,32.0012,31.9609,4096,257.2500,5,47.2700,2555,1
6343,32.0012,31.9609,4096,257.2500,5,47.2700,2555,1
6344,32.0012,31.9609,4096,257.2500,5,47.2700,2555,1
6345,32.0012,31.9609,4096,257.2500,5,47.2700,2555,1
6346,32.0012,31.9609,4096,257.2500,5,47.2700,2555,1
6347,32.0012,31.9609,4096,257.2500,5,47.2700,2555,1
6348,32.0012,31.9609,4096,257.2500,5,47.2700,2556,1
6349,32.0012,31.9609,4096,257.2500,5,47.2700,2556,1
6350,32.0012,31.9609,4096,257.2500,5,47.2700,2556,1
6351,32.0012,31.9609,4096,257.2500,5,47.2700,2557,1
6352,32.0012,31.9609,4096,257.2500,5,47.2700,2557,1
6353,32.0012,31.9609,4096,257.2500,5,47.2700,2557,1
6354,32.0012,31.9609,4096,257.2500,5,47.2700,2557,1
6355,32.0012,31.9609,4096,257.2500,5,47.2700,2558,1
6356,32.0012,31.9609,4096,257.2500,5,47.2700,2558,1
6357,32.0012,31.9609,4096,257.2500,5,47.2700,2558,1
6358,32.0012,31.9609,4096,257.2500,5,47.2700,2558,1
6359,32.0012,31.9609,4096,257.2500,5,47.2700,2558,1
6360,32.0012,31.9609,4096,257.2500,5,47.2700,2558,1
6361,32.0012,31.9609,4096,257.2500,5,47.2700,2558,1
6362,32.0012,31.9609,4096,257.2500,5,47.2700,2558,1
6363,32.0012,31.9609,4096,257.2500,5,47.2700,2559,1
6364,32.0012,31.9609,4096,257.2500,5,47.2700,2560,1
6365,32.0012,31.9609,4096,257.2500,5,47.2700,2561,1
6366,32.0012,31.9609,4096,257.2500,5,47.2700,2562,1
6367,32.0012,31.9609,4096,257.2500,5,47.2700,2563,1
6368,32.0012,31.9609,4096,257.2500,5,47.2700,2563,1
6369,32.0012,31.9609,4096,257.2500,5,47.2700,2563,1
6370,32.0012,31.9609,4096,257.2500,5,47.2700,2563,1
6371,32.0012,31.9609,4096,257.2500,5,47.2700,2563,1
6372,32.0012,31.9609,4096,257.2500,5,47.2700,2563,1
6373,32.0012,31.9609,4096,257.2500,5,47.2700,2564,1
6374,32.0012,31.9609,4096,257.2500,5,47.2700,2565,1
6375,32.0012,31.9609,4096,257.2500,5,47.2700,2565,1
6376,32.0012,31.9609,4096,257.2500,5,47.2700,2565,1
6377,32.0012,31.9609,4096,257.2500,5,47.2700,2565,1
6378,32.0012,31.9609,4096,257.2500,5,47.2700,2566,1
6379,32.0012,31.9609,4096,257.2500,5,47.2700,2567,1
6380,32.0012,31.9609,4096,257.2500,5,47.2700,2567,1
6381,32.0012,31.9609,4096,257.2500,5,47.2700,2567,1
6382,32.0012,31.9609,4096,257.2500,5,47.2700,2568,1
6383,32.0012,31.9609,4096,257.2500,5,47.2700,2568,1
6384,32.0012,31.9609,4096,257.2500,5,47.2700,2568,1
6385,32.0012,31.9609,4096,257.2500,5,47.2700,2568,1
6386,32.0012,31.9609,4096,257.2500,5,47.2700,2568,1
6387,32.0012,31.9609,4096,257.2500,5,47.2700,2568,1
6388,32.0012,31.9609,4096,257.2500,5,47.2700,2568,1
6389,32.0012,31.9609,4096,257.2500,5,47.2700,2568,1
6390,32.0012,31.9609,4096,257.2500,5,47.2700,2568,1
6391,32.0012,31.9609,4096,257.2500,5,47.2700,2568,1
6392,32.0012,31.9609,4096,257.2500,5,47.2700,2569,1
6393,32.0012,31.9609,4096,257.2500,5,47.2700,2569,1
6394,32.0012,31.9609,4096,257.2500,5,47.2700,2569,1
6395,32.0012,31.9609,4096,257.2500,5,47.2700,2569,1
6396,32.0012,31.9609,4096,257.2500,5,47.2700,2569,1
6397,32.0012,31.9609,4096,257.2500,5,47.2700,2569,1
6398,32.0012,31.9609,4096,257.2500,5,47.2700,2569,1
6399,32.0012,31.9609,4096,257.2500,5,47.2700,2570,1
6400,32.0012,31.9609,4096,257.2500,5,47.2700,2570,1
6401,32.0012,31.9609,4096,257.2500,5,47.2700,2571,1
6402,32.0012,31.9609,4096,257.2500,5,47.2700,2571,1
6403,32.0012,31.9609,4096,257.2500,5,47.2700,2571,1
6404,32.0012,31.9609,4096,257.2500,5,47.2700,2572,1
6405,32.0012,31.9609,4096,257.2500,5,47.2700,2573,1
6406,32.0012,31.9609,4096,257.2500,5,47.2700,2573,1
6407,32.0012,31.9609,4096,257.2500,5,47.2700,2573,1
6408,32.0012,31.9609,4096,257.2500,5,47.2700,2573,1
6409,32.0012,31.9609,4096,257.2500,5,47.2700,2573,1
6410,32.0012,31.9609,4096,257.2500,5,47.2700,2573,1
6411,32.0012,31.9609,4096,257.2500,5,47.2700,2573,1
6412,32.0012,31.9609,4096,257.2500,5,47.2700,2573,1
6413,32.0012,31.9609,4096,257.2500,5,47.2700,2574,1
6414,32.0012,31.9609,4096,257.2500,5,47.2700,2575,1
6415,32.0012,31.9609,4096,257.2500,5,47.2700,2576,1
6416,32.0012,31.9609,4096,257.2500,5,47.2700,2576,1
6417,32.0012,31.9609,4096,257.2500,5,47.2700,2576,1
6418,32.0012,31.9609,4096,257.2500,5,47.2700,2577,1
6419,32.0012,31.9609,4096,257.2500,5,47.2700,2577,1
6420,32.0012,31.9609,4096,257.2500,5,47.2700,2577,1
6421,32.0012,31.9609,4096,257.2500,5,47.2700,2577,1
6422,32.0012,31.9609,4096,257.2500,5,47.2700,2577,1
6423,32.0012,31.9609,4096,257.2500,5,47.2700,2577,1
6424,32.0012,31.9609,4096,257.2500,5,47.2700,2578,1
6425,32.0012,31.9609,4096,257.2500,5,47.2700,2578,1
6426,32.0012,31.9609,4096,257.2500,5,47.2700,2578,1
6427,32.0012,31.9609,4096,257.2500,5,47.2700,2579,1
6428,32.0012,31.9609,4096,257.2500,5,47.2700,2579,1
6429,32.0012,31.9609,4096,257.2500,5,47.2700,2579,1
6430,32.0012,31.9609,4096,257.2500,5,47.2700,2579,1
6431,32.0012,31.9609,4096,257.2500,5,47.2700,2579,1
6432,32.0012,31.9609,4096,257.2500,5,47.2700,2579,1
6433,32.0012,31.9609,4096,257.2500,5,47.2700,2579,1
6434,32.0012,31.9609,4096,257.2500,5,47.2700,2580,1
6435,32.0012,31.9609,4096,257.2500,5,47.2700,2580,1
6436,32.0012,31.9609,4096,257.2500,5,47.2700,2580,1
6437,32.0012,31.9609,4096,257.2500,5,47.2700,2580,1
6438,32.0012,31.9609,4096,257.2500,5,47.2700,2581,1
6439,32.0012,31.9609,4096,257.2500,5,47.2700,2582,1
6440,32.0012,31.9609,4096,257.2500,5,47.2700,2582,1
6441,32.0012,31.9609,4096,257.2500,5,47.2700,2583,1
6442,32.0012,31.9609,4096,257.2500,5,47.2700,2583,1
6443,32.0012,31.9609,4096,257.2500,5,47.2700,2583,1
6444,32.0012,31.9609,4096,257.2500,5,47.2700,2583,1
6445,32.0012,31.9609,4096,257.2500,5,47.2700,2584,1
6446,32.0012,31.9609,4096,257.2500,5,47.2700,2584,1
6447,32.0012,31.9609,4096,257.2500,5,47.2700,2585,1
6448,32.0012,31.9609,4096,257.2500,5,47.2700,2586,1
6449,32.0012,31.9609,4096,257.2500,5,47.2700,2587,1
6450,32.0012,31.9609,4096,257.2500,5,47.2700,2587,1
6451,32.0012,31.9609,4096,257.2500,5,47.2700,2588,1
6452,32.0012,31.9609,4096,257.2500,5,47.2700,2589,1
6453,32.0012,31.9609,4096,257.2500,5,47.2700,2589,1
6454,32.0012,31.9609,4096,257.2500,5,47.2700,2590,1
6455,32.0012,31.9609,4096,257.2500,5,47.2700,2591,1
6456,32.0012,31.9609,4096,257.2500,5,47.2700,2592,1
6457,32.0012,31.9609,4096,257.2500,5,47.2700,2592,1
6458,32.0012,31.9609,4096,257.2500,5,47.2700,2592,1
6459,32.0012,31.9609,4096,257.2500,5,47.2700,2593,1
6460,32.0012,31.9609,4096,257.2500,5,47.2700,2593,1
6461,32.0012,31.9609,4096,257.2500,5,47.2700,2593,1
6462,32.0012,31.9609,4096,257.2500,5,47.2700,2594,1
6463,32.0012,31.9609,4096,257.2500,5,47.2700,2594,1
6464,32.0012,31.9609,4096,257.2500,5,47.2700,2594,1
6465,32.0012,31.9609,4096,257.2500,5,47.2700,2595,1
6466,32.0012,31.9609,4096,257.2500,5,47.2700,2596,1
6467,32.0012,31.9609,4096,257.2500,5,47.2700,2596,1
6468,32.0012,31.9609,4096,257.2500,5,47.2700,2596,1
6469,32.0012,31.9609,4096,257.2500,5,47.2700,2596,1
6470,32.0012,31.9609,4096,257.2500,5,47.2700,2596,1
6471,32.0012,31.9609,4096,257.2500,5,47.2700,2596,1
6472,32.0012,31.9609,4096,257.2500,5,47.2700,2597,1
6473,32.0012,31.9609,4096,257.2500,5,47.2700,2598,1
6474,32.0012,31.9609,4096,257.2500,5,47.2700,2598,1
6475,32.0012,31.9609,4096,257.2500,5,47.2700,2598,1
6476,32.0012,31.9609,4096,257.2500,5,47.2700,2599,1
6477,32.0012,31.9609,4096,257.2500,5,47.2700,2600,1
6478,32.0012,31.9609,4096,257.2500,5,47.2700,2600,1
6479,32.0012,31.9609,4096,257.2500,5,47.2700,2601,1
6480,32.0012,31.9609,4096,257.2500,5,47.2700,2601,1
6481,32.0012,31.9609,4096,257.2500,5,47.2700,2601,1
6482,32.0012,31.9609,4096,257.2500,5,47.2700,2601,1
6483,32.0012,31.9609,4096,257.2500,5,47.2700,2601,1
6484,32.0012,31.9609,4096,257.2500,5,47.2700,2602,1
6485,32.0012,31.9609,4096,257.2500,5,47.2700,2603,1
6486,32.0012,31.9609,4096,257.2500,5,47.2700,2603,1
6487,32.0012,31.9609,4096,257.2500,5,47.2700,2603,1
6488,32.0012,31.9609,4096,257.2500,5,47.2700,2603,1
6489,32.0012,31.9609,4096,257.2500,5,47.2700,2604,1
6490,32.0012,31.9609,4096,257.2500,5,47.2700,2604,1
6491,32.0012,31.9609,4096,257.2500,5,47.2700,2604,1
6492,32.0012,31.9609,4096,257.2500,5,47.2700,2604,1
6493,32.0012,31.9609,4096,257.2500,5,47.2700,2605,1
6494,32.0012,31.9609,4096,257.2500,5,47.2700,2605,1
6495,32.0012,31.9609,4096,257.2500,5,47.2700,2605,1
6496,32.0012,31.9609,4096,257.2500,5,47.2700,2606,1
6497,32.0012,31.9609,4096,257.2500,5,47.2700,2606,1
6498,32.0012,31.9609,4096,257.2500,5,47.2700,2606,1
6499,32.0012,31.9609,4096,257.2500,5,47.2700,2607,1
6500,32.0012,31.9609,4096,257.2500,5,47.2700,2607,1
6501,32.0012,31.9609,4096,257.2500,5,47.2700,2607,1
6502,32.0012,31.9609,4096,257.2500,5,47.2700,2608,1
6503,32.0012,31.9609,4096,257.2500,5,47.2700,2608,1
6504,32.0012,31.9609,4096,257.2500,5,47.2700,2608,1
6505,32.0012,31.9609,4096,257.2500,5,47.2700,2608,1
6506,32.0012,31.9609,4096,257.2500,5,47.2700,2608,1
6507,32.0012,31.9609,4096,257.2500,5,47.2700,2608,1
6508,32.0012,31.9609,4096,257.2500,5,47.2700,2608,1
6509,32.0012,31.9609,4096,257.2500,5,47.2700,2608,1
6510,32.0012,31.9609,4096,257.2500,5,47.2700,2608,1
6511,32.0012,31.9609,4096,257.2500,5,47.2700,2609,1
6512,32.0012,31.9609,4096,257.2500,5,47.2700,2609,1
6513,32.0012,31.9609,4096,257.2500,5,47.2700,2609,1
6514,32.0012,31.9609,4096,257.2500,5,47.2700,2609,1
6515,32.0012,31.9609,4096,257.2500,5,47.2700,2609,1
6516,32.0012,31.9609,4096,257.2500,5,47.2700,2609,1
6517,32.0012,31.9609,4096,257.2500,5,47.2700,2609,1
6518,32.0012,31.9609,4096,257.2500,5,47.2700,2609,1
6519,32.0012,31.9609,4096,257.2500,5,47.2700,2609,1
6520,32.0012,31.9609,4096,257.2500,5,47.2700,2609,1
6521,32.0012,31.9609,4096,257.2500,5,47.2700,2609,1
6522,32.0012,31.9609,4096,257.2500,5,47.2700,2609,1
6523,32.0012,31.9609,4096,257.2500,5,47.2700,2609,1
6524,32.0012,31.9609,4096,257.2500,5,47.2700,2609,1
6525,32.0012,31.9609,4096,257.2500,5,47.2700,2609,1
6526,32.0012,31.9609,4096,257.2500,5,47.2700,2610,1
6527,32.0012,31.9609,4096,257.2500,5,47.2700,2611,1
6528,32.0012,31.9609,4096,257.2500,5,47.2700,2611,1
6529,32.0012,31.9609,4096,257.2500,5,47.2700,2611,1
6530,32.0012,31.9609,4096,257.2500,5,47.2700,2612,1
6531,32.0012,31.9609,4096,257.2500,5,47.2700,2612,1
6532,32.0012,31.9609,4096,257.2500,5,47.2700,2612,1
6533,32.0012,31.9609,4096,257.2500,5,47.2700,2612,1
6534,32.0012,31.9609,4096,257.2500,5,47.2700,2612,1
6535,32.0012,31.9609,4096,257.2500,5,47.2700,2612,1
6536,32.0012,31.9609,4096,257.2500,5,47.2700,2613,1
6537,32.0012,31.9609,4096,257.2500,5,47.2700,2614,1
6538,32.0012,31.9609,4096,257.2500,5,47.2700,2614,1
6539,32.0012,31.9609,4096,257.2500,5,47.2700,2614,1
6540,32.0012,31.9609,4096,257.2500,5,47.2700,2615,1
6541,32.0012,31.9609,4096,257.2500,5,47.2700,2615,1
6542,32.0012,31.9609,4096,257.2500,5,47.2700,2615,1
6543,32.0012,31.9609,4096,257.2500,5,47.2700,2615,1
6544,32.0012,31.9609,4096,257.2500,5,47.2700,2616,1
6545,32.0012,31.9609,4096,257.2500,5,47.2700,2617,1
6546,32.0012,31.9609,4096,257.2500,5,47.2700,2617,1
6547,32.0012,31.9609,4096,257.2500,5,47.2700,2617,1
6548,32.0012,31.9609,4096,257.2500,5,47.2700,2618,1
6549,32.0012,31.9609,4096,257.2500,5,47.2700,2618,1
6550,32.0012,31.9609,4096,257.2500,5,47.2700,2619,1
6551,32.0012,31.9609,4096,257.2500,5,47.2700,2619,1
6552,32.0012,31.9609,4096,257.2500,5,47.2700,2619,1
6553,32.0012,31.9609,4096,257.2500,5,47.2700,2619,1
6554,32.0012,31.9609,4096,257.2500,5,47.2700,2620,1
6555,32.0012,31.9609,4096,257.2500,5,47.2700,2620,1
6556,32.0012,31.9609,4096,257.2500,5,47.2700,2621,1
6557,32.0012,31.9609,4096,257.2500,5,47.2700,2621,1
6558,32.0012,31.9609,4096,257.2500,5,47.2700,2621,1
6559,32.0012,31.9609,4096,257.2500,5,47.2700,2621,1
6560,32.0012,31.9609,4096,257.2500,5,47.2700,2622,1
6561,32.0012,31.9609,4096,257.2500,5,47.2700,2622,1
6562,32.0012,31.9609,4096,257.2500,5,47.2700,2622,1
6563,32.0012,31.9609,4096,257.2500,5,47.2700,2622,1
6564,32.0012,31.9609,4096,257.2500,5,47.2700,2623,1
6565,32.0012,31.9609,4096,257.2500,5,47.2700,2623,1
6566,32.0012,31.9609,4096,257.2500,5,47.2700,2623,1
6567,32.0012,31.9609,4096,257.2500,5,47.2700,2623,1
6568,32.0012,31.9609,4096,257.2500,5,47.2700,2623,1
6569,32.0012,31.9609,4096,257.2500,5,47.2700,2623,1
6570,32.0012,31.9609,4096,257.2500,5,47.2700,2623,1
6571,32.0012,31.9609,4096,257.2500,5,47.2700,2623,1
6572,32.0012,31.9609,4096,257.2500,5,47.2700,2623,1
6573,32.0012,31.9609,4096,257.2500,5,47.2700,2623,1
6574,32.0012,31.9609,4096,257.2500,5,47.2700,2623,1
6575,32.0012,31.9609,4096,257.2500,5,47.2700,2623,1
6576,32.0012,31.9609,4096,257.2500,5,47.2700,2623,1
6577,32.0012,31.9609,4096,257.2500,5,47.2700,2623,1
6578,32.0012,31.9609,4096,257.2500,5,47.2700,2623,1
6579,32.0012,31.9609,4096,257.2500,5,47.2700,2623,1
6580,32.0012,31.9609,4096,257.2500,5,47.2700,2623,1
6581,32.0012,31.9609,4096,257.2500,5,47.2700,2623,1
6582,32.0012,31.9609,4096,257.2500,5,47.2700,2623,1
6583,32.0012,31.9609,4096,257.2500,5,47.2700,2623,1
6584,32.0012,31.9609,4096,257.2500,5,47.2700,2624,1
6585,32.0012,31.9609,4096,257.2500,5,47.2700,2624,1
6586,32.0012,31.9609,4096,257.2500,5,47.2700,2624,1
6587,32.0012,31.9609,4096,257.2500,5,47.2700,2624,1
6588,32.0012,31.9609,4096,257.2500,5,47.2700,2624,1
6589,32.0012,31.9609,4096,257.2500,5,47.2700,2625,1
6590,32.0012,31.9609,4096,257.2500,5,47.2700,2625,1
6591,32.0012,31.9609,4096,257.2500,5,47.2700,2625,1
6592,32.0012,31.9609,4096,257.2500,5,47.2700,2626,1
6593,32.0012,31.9609,4096,257.2500,5,47.2700,2626,1
6594,32.0012,31.9609,4096,257.2500,5,47.2700,2626,1
6595,32.0012,31.9609,4096,257.2500,5,47.2700,2626,1
6596,32.0012,31.9609,4096,257.2500,5,47.2700,2627,1
6597,32.0012,31.9609,4096,257.2500,5,47.2700,2627,1
6598,32.0012,31.9609,4096,257.2500,5,47.2700,2628,1
6599,32.0012,31.9609,4096,257.2500,5,47.2700,2629,1
6600,32.0012,31.9609,4096,257.2500,5,47.2700,2630,1
6601,32.0012,31.9609,4096,257.2500,5,47.2700,2630,1
6602,32.0012,31.9609,4096,257.2500,5,47.2700,2630,1
6603,32.0012,31.9609,4096,257.2500,5,47.2700,2630,1
6604,32.0012,31.9609,4096,257.2500,5,47.2700,2630,1
6605,32.0012,31.9609,4096,257.2500,5,47.2700,2630,1
6606,32.0012,31.9609,4096,257.2500,5,47.2700,2630,1
6607,32.0012,31.9609,4096,257.2500,5,47.2700,2630,1
6608,32.0012,31.9609,4096,257.2500,5,47.2700,2631,1
6609,32.0012,31.9609,4096,257.2500,5,47.2700,2631,1
6610,32.0012,31.9609,4096,257.2500,5,47.2700,2632,1
6611,32.0012,31.9609,4096,257.2500,5,47.2700,2632,1
6612,32.0012,31.9609,4096,257.2500,5,47.2700,2632,1
6613,32.0012,31.9609,4096,257.2500,5,47.2700,2632,1
6614,32.0012,31.9609,4096,257.2500,5,47.2700,2632,1
6615,32.0012,31.9609,4096,257.2500,5,47.2700,2632,1
6616,32.0012,31.9609,4096,257.2500,5,47.2700,2633,1
6617,32.0012,31.9609,4096,257.2500,5,47.2700,2633,1
6618,32.0012,31.9609,4096,257.2500,5,47.2700,2633,1
6619,32.0012,31.9609,4096,257.2500,5,47.2700,2634,1
6620,32.0012,31.9609,4096,257.2500,5,47.2700,2635,1
6621,32.0012,31.9609,4096,257.2500,5,47.2700,2635,1
6622,32.0012,31.9609,4096,257.2500,5,47.2700,2636,1
6623,32.0012,31.9609,4096,257.2500,5,47.2700,2637,1
6624,32.0012,31.9609,4096,257.2500,5,47.2700,2637,1
6625,32.0012,31.9609,4096,257.2500,5,47.2700,2637,1
6626,32.0012,31.9609,4096,257.2500,5,47.2700,2637,1
6627,32.0012,31.9609,4096,257.2500,5,47.2700,2637,1
6628,32.0012,31.9609,4096,257.2500,5,47.2700,2637,1
6629,32.0012,31.9609,4096,257.2500,5,47.2700,2637,1
6630,32.0012,31.9609,4096,257.2500,5,47.2700,2637,1
6631,32.0012,31.9609,4096,257.2500,5,47.2700,2637,1
6632,32.0012,31.9609,4096,257.2500,5,47.2700,2637,1
6633,32.0012,31.9609,4096,257.2500,5,47.2700,2637,1
6634,32.0012,31.9609,4096,257.2500,5,47.2700,2637,1
6635,32.0012,31.9609,4096,257.2500,5,47.2700,2637,1
6636,32.0012,31.9609,4096,257.2500,5,47.2700,2637,1
6637,32.0012,31.9609,4096,257.2500,5,47.2700,2637,1
6638,32.0012,31.9609,4096,257.2500,5,47.2700,2638,1
6639,32.0012,31.9609,4096,257.2500,5,47.2700,2639,1
6640,32.0012,31.9609,4096,257.2500,5,47.2700,2639,1
6641,32.0012,31.9609,4096,257.2500,5,47.2700,2639,1
6642,32.0012,31.9609,4096,257.2500,5,47.2700,2639,1
6643,32.0012,31.9609,4096,257.2500,5,47.2700,2640,1
6644,32.0012,31.9609,4096,257.2500,5,47.2700,2640,1
6645,32.0012,31.9609,4096,257.2500,5,47.2700,2640,1
6646,32.0012,31.9609,4096,257.2500,5,47.2700,2640,1
6647,32.0012,31.9609,4096,257.2500,5,47.2700,2641,1
6648,32.0012,31.9609,4096,257.2500,5,47.2700,2641,1
6649,32.0012,31.9609,4096,257.2500,5,47.2700,2641,1
6650,32.0012,31.9609,4096,257.2500,5,47.2700,2642,1
6651,32.0012,31.9609,4096,257.2500,5,47.2700,2642,1
6652,32.0012,31.9609,4096,257.2500,5,47.2700,2642,1
6653,32.0012,31.9609,4096,257.2500,5,47.2700,2643,1
6654,32.0012,31.9609,4096,257.2500,5,47.2700,2644,1
6655,32.0012,31.9609,4096,257.2500,5,47.2700,2645,1
6656,32.0012,31.9609,4096,257.2500,5,47.2700,2645,1
6657,32.0012,31.9609,4096,257.2500,5,47.2700,2645,1
6658,32.0012,31.9609,4096,257.2500,5,47.2700,2645,1
6659,32.0012,31.9609,4096,257.2500,5,47.2700,2645,1
6660,32.0012,31.9609,4096,257.2500,5,47.2700,2645,1
6661,32.0012,31.9609,4096,257.2500,5,47.2700,2646,1
6662,32.0012,31.9609,4096,257.2500,5,47.2700,2646,1
6663,32.0012,31.9609,4096,257.2500,5,47.2700,2646,1
6664,32.0012,31.9609,4096,257.2500,5,47.2700,2646,1
6665,32.0012,31.9609,4096,257.2500,5,47.2700,2646,1
6666,32.0012,31.9609,4096,257.2500,5,47.2700,2647,1
6667,32.0012,31.9609,4096,257.2500,5,47.2700,2647,1
6668,32.0012,31.9609,4096,257.2500,5,47.2700,2647,1
6669,32.0012,31.9609,4096,257.2500,5,47.2700,2648,1
6670,32.0012,31.9609,4096,257.2500,5,47.2700,2648,1
6671,32.0012,31.9609,4096,257.2500,5,47.2700,2648,1
6672,32.0012,31.9609,4096,257.2500,5,47.2700,2648,1
6673,32.0012,31.9609,4096,257.2500,5,47.2700,2649,1
6674,32.0012,31.9609,4096,257.2500,5,47.2700,2650,1
6675,32.0012,31.9609,4096,257.2500,5,47.2700,2650,1
6676,32.0012,31.9609,4096,257.2500,5,47.2700,2651,1
6677,32.0012,31.9609,4096,257.2500,5,47.2700,2651,1
6678,32.0012,31.9609,4096,257.2500,5,47.2700,2651,1
6679,32.0012,31.9609,4096,257.2500,5,47.2700,2651,1
6680,32.0012,31.9609,4096,257.2500,5,47.2700,2652,1
6681,32.0012,31.9609,4096,257.2500,5,47.2700,2652,1
6682,32.0012,31.9609,4096,257.2500,5,47.2700,2652,1
6683,32.0012,31.9609,4096,257.2500,5,47.2700,2653,1
6684,32.0012,31.9609,4096,257.2500,5,47.2700,2653,1
6685,32.0012,31.9609,4096,257.2500,5,47.2700,2653,1
6686,32.0012,31.9609,4096,257.2500,5,47.2700,2653,1
6687,32.0012,31.9609,4096,257.2500,5,47.2700,2653,1
6688,32.0012,31.9609,4096,257.2500,5,47.2700,2654,1
6689,32.0012,31.9609,4096,257.2500,5,47.2700,2654,1
6690,32.0012,31.9609,4096,257.2500,5,47.2700,2654,1
6691,32.0012,31.9609,4096,257.2500,5,47.2700,2654,1
6692,32.0012,31.9609,4096,257.2500,5,47.2700,2654,1
6693,32.0012,31.9609,4096,257.2500,5,47.2700,2654,1
6694,32.0012,31.9609,4096,257.2500,5,47.2700,2655,1
6695,32.0012,31.9609,4096,257.2500,5,47.2700,2655,1
6696,32.0012,31.9609,4096,257.2500,5,47.2700,2656,1
6697,32.0012,31.9609,4096,257.2500,5,47.2700,2656,1
6698,32.0012,31.9609,4096,257.2500,5,47.2700,2657,1
6699,32.0012,31.9609,4096,257.2500,5,47.2700,2657,1
6700,32.0012,31.9609,4096,257.2500,5,47.2700,2657,1
6701,32.0012,31.9609,4096,257.2500,5,47.2700,2657,1
6702,32.0012,31.9609,4096,257.2500,5,47.2700,2657,1
6703,32.0012,31.9609,4096,257.2500,5,47.2700,2657,1
6704,32.0012,31.9609,4096,257.2500,5,47.2700,2657,1
6705,32.0012,31.9609,4096,257.2500,5,47.2700,2657,1
6706,32.0012,31.9609,4096,257.2500,5,47.2700,2657,1
6707,32.0012,31.9609,4096,257.2500,5,47.2700,2657,1
6708,32.0012,31.9609,4096,257.2500,5,47.2700,2658,1
6709,32.0012,31.9609,4096,257.2500,5,47.2700,2658,1
6710,32.0012,31.9609,4096,257.2500,5,47.2700,2658,1
6711,32.0012,31.9609,4096,257.2500,5,47.2700,2658,1
6712,32.0012,31.9609,4096,257.2500,5,47.2700,2658,1
6713,32.0012,31.9609,4096,257.2500,5,47.2700,2658,1
6714,32.0012,31.9609,4096,257.2500,5,47.2700,2658,1
6715,32.0012,31.9609,4096,257.2500,5,47.2700,2659,1
6716,32.0012,31.9609,4096,257.2500,5,47.2700,2659,1
6717,32.0012,31.9609,4096,257.2500,5,47.2700,2659,1
6718,32.0012,31.9609,4096,257.2500,5,47.2700,2659,1
6719,32.0012,31.9609,4096,257.2500,5,47.2700,2659,1
6720,32.0012,31.9609,4096,257.2500,5,47.2700,2659,1
6721,32.0012,31.9609,4096,257.2500,5,47.2700,2660,1
6722,32.0012,31.9609,4096,257.2500,5,47.2700,2660,1
6723,32.0012,31.9609,4096,257.2500,5,47.2700,2660,1
6724,32.0012,31.9609,4096,257.2500,5,47.2700,2661,1
6725,32.0012,31.9609,4096,257.2500,5,47.2700,2661,1
6726,32.0012,31.9609,4096,257.2500,5,47.2700,2661,1
6727,32.0012,31.9609,4096,257.2500,5,47.2700,2661,1
6728,32.0012,31.9609,4096,257.2500,5,47.2700,2661,1
6729,32.0012,31.9609,4096,257.2500,5,47.2700,2661,1
6730,32.0012,31.9609,4096,257.2500,5,47.2700,2661,1
6731,32.0012,31.9609,4096,257.2500,5,47.2700,2661,1
6732,32.0012,31.9609,4096,257.2500,5,47.2700,2662,1
6733,32.0012,31.9609,4096,257.2500,5,47.2700,2663,1
6734,32.0012,31.9609,4096,257.2500,5,47.2700,2663,1
6735,32.0012,31.9609,4096,257.2500,5,47.2700,2663,1
6736,32.0012,31.9609,4096,257.2500,5,47.2700,2663,1
6737,32.0012,31.9609,4096,257.2500,5,47.2700,2663,1
6738,32.0012,31.9609,4096,257.2500,5,47.2700,2663,1
6739,32.0012,31.9609,4096,257.2500,5,47.2700,2663,1
6740,32.0012,31.9609,4096,257.2500,5,47.2700,2663,1
6741,32.0012,31.9609,4096,257.2500,5,47.2700,2663,1
6742,32.0012,31.9609,4096,257.2500,5,47.2700,2664,1
6743,32.0012,31.9609,4096,257.2500,5,47.2700,2664,1
6744,32.0012,31.9609,4096,257.2500,5,47.2700,2665,1
6745,32.0012,31.9609,4096,257.2500,5,47.2700,2665,1
6746,32.0012,31.9609,4096,257.2500,5,47.2700,2665,1
6747,32.0012,31.9609,4096,257.2500,5,47.2700,2666,1
6748,32.0012,31.9609,4096,257.2500,5,47.2700,2666,1
6749,32.0012,31.9609,4096,257.2500,5,47.2700,2666,1
6750,32.0012,31.9609,4096,257.2500,5,47.2700,2666,1
6751,32.0012,31.9609,4096,257.2500,5,47.2700,2666,1
6752,32.0012,31.9609,4096,257.2500,5,47.2700,2666,1
6753,32.0012,31.9609,4096,257.2500,5,47.2700,2666,1
6754,32.0012,31.9609,4096,257.2500,5,47.2700,2667,1
6755,32.0012,31.9609,4096,257.2500,5,47.2700,2668,1
6756,32.0012,31.9609,4096,257.2500,5,47.2700,2668,1
6757,32.0012,31.9609,4096,257.2500,5,47.2700,2668,1
6758,32.0012,31.9609,4096,257.2500,5,47.2700,2668,1
6759,32.0012,31.9609,4096,257.2500,5,47.2700,2669,1
6760,32.0012,31.9609,4096,257.2500,5,47.2700,2669,1
6761,32.0012,31.9609,4096,257.2500,5,47.2700,2669,1
6762,32.0012,31.9609,4096,257.2500,5,47.2700,2670,1
6763,32.0012,31.9609,4096,257.2500,5,47.2700,2671,1
6764,32.0012,31.9609,4096,257.2500,5,47.2700,2671,1
6765,32.0012,31.9609,4096,257.2500,5,47.2700,2671,1
6766,32.0012,31.9609,4096,257.2500,5,47.2700,2671,1
6767,32.0012,31.9609,4096,257.2500,5,47.2700,2671,1
6768,32.0012,31.9609,4096,257.2500,5,47.2700,2671,1
6769,32.0012,31.9609,4096,257.2500,5,47.2700,2671,1
6770,32.0012,31.9609,4096,257.2500,5,47.2700,2671,1
6771,32.0012,31.9609,4096,257.2500,5,47.2700,2672,1
6772,32.0012,31.9609,4096,257.2500,5,47.2700,2672,1
6773,32.0012,31.9609,4096,257.2500,5,47.2700,2672,1
6774,32.0012,31.9609,4096,257.2500,5,47.2700,2672,1
6775,32.0012,31.9609,4096,257.2500,5,47.2700,2673,1
6776,32.0012,31.9609,4096,257.2500,5,47.2700,2674,1
6777,32.0012,31.9609,4096,257.2500,5,47.2700,2675,1
6778,32.0012,31.9609,4096,257.2500,5,47.2700,2675,1
6779,32.0012,31.9609,4096,257.2500,5,47.2700,2675,1
6780,32.0012,31.9609,4096,257.2500,5,47.2700,2675,1
6781,32.0012,31.9609,4096,257.2500,5,47.2700,2675,1
6782,32.0012,31.9609,4096,257.2500,5,47.2700,2675,1
6783,32.0012,31.9609,4096,257.2500,5,47.2700,2675,1
6784,32.0012,31.9609,4096,257.2500,5,47.2700,2675,1
6785,32.0012,31.9609,4096,257.2500,5,47.2700,2676,1
6786,32.0012,31.9609,4096,257.2500,5,47.2700,2677,1
6787,32.0012,31.9609,4096,257.2500,5,47.2700,2677,1
6788,32.0012,31.9609,4096,257.2500,5,47.2700,2677,1
6789,32.0012,31.9609,4096,257.2500,5,47.2700,2677,1
6790,32.0012,31.9609,4096,257.2500,5,47.2700,2677,1
6791,32.0012,31.9609,4096,257.2500,5,47.2700,2677,1
6792,32.0012,31.9609,4096,257.2500,5,47.2700,2677,1
6793,32.0012,31.9609,4096,257.2500,5,47.2700,2678,1
6794,32.0012,31.9609,4096,257.2500,5,47.2700,2678,1
6795,32.0012,31.9609,4096,257.2500,5,47.2700,2678,1
6796,32.0012,31.9609,4096,257.2500,5,47.2700,2678,1
6797,32.0012,31.9609,4096,257.2500,5,47.2700,2678,1
6798,32.0012,31.9609,4096,257.2500,5,47.2700,2678,1
6799,32.0012,31.9609,4096,257.2500,5,47.2700,2678,1
6800,32.0012,31.9609,4096,257.2500,5,47.2700,2678,1
6801,32.0012,31.9609,4096,257.2500,5,47.2700,2678,1
6802,32.0012,31.9609,4096,257.2500,5,47.2700,2679,1
6803,32.0012,31.9609,4096,257.2500,5,47.2700,2679,1
6804,32.0012,31.9609,4096,257.2500,5,47.2700,2679,1
6805,32.0012,31.9609,4096,257.2500,5,47.2700,2680,1
6806,32.0012,31.9609,4096,257.2500,5,47.2700,2680,1
6807,32.0012,31.9609,4096,257.2500,5,47.2700,2680,1
6808,32.0012,31.9609,4096,257.2500,5,47.2700,2680,1
6809,32.0012,31.9609,4096,257.2500,5,47.2700,2680,1
6810,32.0012,31.9609,4096,257.2500,5,47.2700,2680,1
6811,32.0012,31.9609,4096,257.2500,5,47.2700,2680,1
6812,32.0012,31.9609,4096,257.2500,5,47.2700,2681,1
6813,32.0012,31.9609,4096,257.2500,5,47.2700,2681,1
6814,32.0012,31.9609,4096,257.2500,5,47.2700,2681,1
6815,32.0012,31.9609,4096,257.2500,5,47.2700,2682,1
6816,32.0012,31.9609,4096,257.2500,5,47.2700,2683,1
6817,32.0012,31.9609,4096,257.2500,5,47.2700,2684,1
6818,32.0012,31.9609,4096,257.2500,5,47.2700,2684,1
6819,32.0012,31.9609,4096,257.2500,5,47.2700,2685,1
6820,32.0012,31.9609,4096,257.2500,5,47.2700,2685,1
6821,32.0012,31.9609,4096,257.2500,5,47.2700,2685,1
6822,32.0012,31.9609,4096,257.2500,5,47.2700,2685,1
6823,32.0012,31.9609,4096,257.2500,5,47.2700,2685,1
6824,32.0012,31.9609,4096,257.2500,5,47.2700,2686,1
6825,32.0012,31.9609,4096,257.2500,5,47.2700,2687,1
6826,32.0012,31.9609,4096,257.2500,5,47.2700,2687,1
6827,32.0012,31.9609,4096,257.2500,5,47.2700,2687,1
6828,32.0012,31.9609,4096,257.2500,5,47.2700,2687,1
6829,32.0012,31.9609,4096,257.2500,5,47.2700,2687,1
6830,32.0012,31.9609,4096,257.2500,5,47.2700,2687,1
6831,32.0012,31.9609,4096,257.2500,5,47.2700,2688,1
6832,32.0012,31.9609,4096,257.2500,5,47.2700,2688,1
6833,32.0012,31.9609,4096,257.2500,5,47.2700,2688,1
6834,32.0012,31.9609,4096,257.2500,5,47.2700,2688,1
6835,32.0012,31.9609,4096,257.2500,5,47.2700,2688,1
6836,32.0012,31.9609,4096,257.2500,5,47.2700,2688,1
6837,32.0012,31.9609,4096,257.2500,5,47.2700,2688,1
6838,32.0012,31.9609,4096,257.2500,5,47.2700,2688,1
6839,32.0012,31.9609,4096,257.2500,5,47.2700,2688,1
6840,32.0012,31.9609,4096,257.2500,5,47.2700,2688,1
6841,32.0012,31.9609,4096,257.2500,5,47.2700,2689,1
6842,32.0012,31.9609,4096,257.2500,5,47.2700,2690,1
6843,32.0012,31.9609,4096,257.2500,5,47.2700,2690,1
6844,32.0012,31.9609,4096,257.2500,5,47.2700,2690,1
6845,32.0012,31.9609,4096,257.2500,5,47.2700,2691,1
6846,32.0012,31.9609,4096,257.2500,5,47.2700,2691,1
6847,32.0012,31.9609,4096,257.2500,5,47.2700,2691,1
6848,32.0012,31.9609,4096,257.2500,5,47.2700,2691,1
6849,32.0012,31.9609,4096,257.2500,5,47.2700,2691,1
6850,32.0012,31.9609,4096,257.2500,5,47.2700,2691,1
6851,32.0012,31.9609,4096,257.2500,5,47.2700,2691,1
6852,32.0012,31.9609,4096,257.2500,5,47.2700,2691,1
6853,32.0012,31.9609,4096,257.2500,5,47.2700,2691,1
6854,32.0012,31.9609,4096,257.2500,5,47.2700,2692,1
6855,32.0012,31.9609,4096,257.2500,5,47.2700,2693,1
6856,32.0012,31.9609,4096,257.2500,5,47.2700,2693,1
6857,32.0012,31.9609,4096,257.2500,5,47.2700,2694,1
6858,32.0012,31.9609,4096,257.2500,5,47.2700,2694,1
6859,32.0012,31.9609,4096,257.2500,5,47.2700,2694,1
6860,32.0012,31.9609,4096,257.2500,5,47.2700,2694,1
6861,32.0012,31.9609,4096,257.2500,5,47.2700,2695,1
6862,32.0012,31.9609,4096,257.2500,5,47.2700,2695,1
6863,32.0012,31.9609,4096,257.2500,5,47.2700,2696,1
6864,32.0012,31.9609,4096,257.2500,5,47.2700,2696,1
6865,32.0012,31.9609,4096,257.2500,5,47.2700,2696,1
6866,32.0012,31.9609,4096,257.2500,5,47.2700,2696,1
6867,32.0012,31.9609,4096,257.2500,5,47.2700,2696,1
6868,32.0012,31.9609,4096,257.2500,5,47.2700,2696,1
6869,32.0012,31.9609,4096,257.2500,5,47.2700,2696,1
6870,32.0012,31.9609,4096,257.2500,5,47.2700,2696,1
6871,32.0012,31.9609,4096,257.2500,5,47.2700,2697,1
6872,32.0012,31.9609,4096,257.2500,5,47.2700,2698,1
6873,32.0012,31.9609,4096,257.2500,5,47.2700,2699,1
6874,32.0012,31.9609,4096,257.2500,5,47.2700,2700,1
6875,32.0012,31.9609,4096,257.2500,5,47.2700,2700,1
6876,32.0012,31.9609,4096,257.2500,5,47.2700,2700,1
6877,32.0012,31.9609,4096,257.2500,5,47.2700,2700,1
6878,32.0012,31.9609,4096,257.2500,5,47.2700,2700,1
6879,32.0012,31.9609,4096,257.2500,5,47.2700,2700,1
6880,32.0012,31.9609,4096,257.2500,5,47.2700,2701,1
6881,32.0012,31.9609,4096,257.2500,5,47.2700,2701,1
6882,32.0012,31.9609,4096,257.2500,5,47.2700,2701,1
6883,32.0012,31.9609,4096,257.2500,5,47.2700,2701,1
6884,32.0012,31.9609,4096,257.2500,5,47.2700,2701,1
6885,32.0012,31.9609,4096,257.2500,5,47.2700,2701,1
6886,32.0012,31.9609,4096,257.2500,5,47.2700,2702,1
6887,32.0012,31.9609,4096,257.2500,5,47.2700,2703,1
6888,32.0012,31.9609,4096,257.2500,5,47.2700,2703,1
6889,32.0012,31.9609,4096,257.2500,5,47.2700,2703,1
6890,32.0012,31.9609,4096,257.2500,5,47.2700,2703,1
6891,32.0012,31.9609,4096,257.2500,5,47.2700,2703,1
6892,32.0012,31.9609,4096,257.2500,5,47.2700,2703,1
6893,32.0012,31.9609,4096,257.2500,5,47.2700,2703,1
6894,32.0012,31.9609,4096,257.2500,5,47.2700,2703,1
6895,32.0012,31.9609,4096,257.2500,5,47.2700,2703,1
6896,32.0012,31.9609,4096,257.2500,5,47.2700,2704,1
6897,32.0012,31.9609,4096,257.2500,5,47.2700,2704,1
6898,32.0012,31.9609,4096,257.2500,5,47.2700,2705,1
6899,32.0012,31.9609,4096,257.2500,5,47.2700,2706,1
6900,32.0012,31.9609,4096,257.2500,5,47.2700,2706,1
6901,32.0012,31.9609,4096,257.2500,5,47.2700,2706,1
6902,32.0012,31.9609,4096,257.2500,5,47.2700,2707,1
6903,32.0012,31.9609,4096,257.2500,5,47.2700,2707,1
6904,32.0012,31.9609,4096,257.2500,5,47.2700,2707,1
6905,32.0012,31.9609,4096,257.2500,5,47.2700,2707,1
6906,32.0012,31.9609,4096,257.2500,5,47.2700,2707,1
6907,32.0012,31.9609,4096,257.2500,5,47.2700,2707,1
6908,32.0012,31.9609,4096,257.2500,5,47.2700,2707,1
6909,32.0012,31.9609,4096,257.2500,5,47.2700,2707,1
6910,32.0012,31.9609,4096,257.2500,5,47.2700,2707,1
6911,32.0012,31.9609,4096,257.2500,5,47.2700,2707,1
6912,32.0012,31.9609,4096,257.2500,5,47.2700,2707,1
6913,32.0012,31.9609,4096,257.2500,5,47.2700,2707,1
6914,32.0012,31.9609,4096,257.2500,5,47.2700,2707,1
6915,32.0012,31.9609,4096,257.2500,5,47.2700,2707,1
6916,32.0012,31.9609,4096,257.2500,5,47.2700,2707,1
6917,32.0012,31.9609,4096,257.2500,5,47.2700,2707,1
6918,32.0012,31.9609,4096,257.2500,5,47.2700,2708,1
6919,32.0012,31.9609,4096,257.2500,5,47.2700,2708,1
6920,32.0012,31.9609,4096,257.2500,5,47.2700,2708,1
6921,32.0012,31.9609,4096,257.2500,5,47.2700,2708,1
6922,32.0012,31.9609,4096,257.2500,5,47.2700,2708,1
6923,32.0012,31.9609,4096,257.2500,5,47.2700,2709,1
6924,32.0012,31.9609,4096,257.2500,5,47.2700,2710,1
6925,32.0012,31.9609,4096,257.2500,5,47.2700,2710,1
6926,32.0012,31.9609,4096,257.2500,5,47.2700,2710,1
6927,32.0012,31.9609,4096,257.2500,5,47.2700,2710,1
6928,32.0012,31.9609,4096,257.2500,5,47.2700,2710,1
6929,32.0012,31.9609,4096,257.2500,5,47.2700,2710,1
6930,32.0012,31.9609,4096,257.2500,5,47.2700,2710,1
6931,32.0012,31.9609,4096,257.2500,5,47.2700,2710,1
6932,32.0012,31.9609,4096,257.2500,5,47.2700,2710,1
6933,32.0012,31.9609,4096,257.2500,5,47.2700,2711,1
6934,32.0012,31.9609,4096,257.2500,5,47.2700,2711,1
6935,32.0012,31.9609,4096,257.2500,5,47.2700,2712,1
6936,32.0012,31.9609,4096,257.2500,5,47.2700,2712,1
6937,32.0012,31.9609,4096,257.2500,5,47.2700,2712,1
6938,32.0012,31.9609,4096,257.2500,5,47.2700,2713,1
6939,32.0012,31.9609,4096,257.2500,5,47.2700,2714,1
6940,32.0012,31.9609,4096,257.2500,5,47.2700,2715,1
6941,32.0012,31.9609,4096,257.2500,5,47.2700,2716,1
6942,32.0012,31.9609,4096,257.2500,5,47.2700,2716,1
6943,32.0012,31.9609,4096,257.2500,5,47.2700,2717,1
6944,32.0012,31.9609,4096,257.2500,5,47.2700,2717,1
6945,32.0012,31.9609,4096,257.2500,5,47.2700,2717,1
6946,32.0012,31.9609,4096,257.2500,5,47.2700,2717,1
6947,32.0012,31.9609,4096,257.2500,5,47.2700,2717,1
6948,32.0012,31.9609,4096,257.2500,5,47.2700,2718,1
6949,32.0012,31.9609,4096,257.2500,5,47.2700,2718,1
6950,32.0012,31.9609,4096,257.2500,5,47.2700,2718,1
6951,32.0012,31.9609,4096,257.2500,5,47.2700,2718,1
6952,32.0012,31.9609,4096,257.2500,5,47.2700,2719,1
6953,32.0012,31.9609,4096,257.2500,5,47.2700,2719,1
6954,32.0012,31.9609,4096,257.2500,5,47.2700,2719,1
6955,32.0012,31.9609,4096,257.2500,5,47.2700,2719,1
6956,32.0012,31.9609,4096,257.2500,5,47.2700,2719,1
6957,32.0012,31.9609,4096,257.2500,5,47.2700,2720,1
6958,32.0012,31.9609,4096,257.2500,5,47.2700,2720,1
6959,32.0012,31.9609,4096,257.2500,5,47.2700,2720,1
6960,32.0012,31.9609,4096,257.2500,5,47.2700,2720,1
6961,32.0012,31.9609,4096,257.2500,5,47.2700,2720,1
6962,32.0012,31.9609,4096,257.2500,5,47.2700,2720,1
6963,32.0012,31.9609,4096,257.2500,5,47.2700,2720,1
6964,32.0012,31.9609,4096,257.2500,5,47.2700,2720,1
6965,32.0012,31.9609,4096,257.2500,5,47.2700,2720,1
6966,32.0012,31.9609,4096,257.2500,5,47.2700,2720,1
6967,32.0012,31.9609,4096,257.2500,5,47.2700,2721,1
6968,32.0012,31.9609,4096,257.2500,5,47.2700,2721,1
6969,32.0012,31.9609,4096,257.2500,5,47.2700,2722,1
6970,32.0012,31.9609,4096,257.2500,5,47.2700,2723,1
6971,32.0012,31.9609,4096,257.2500,5,47.2700,2723,1
6972,32.0012,31.9609,4096,257.2500,5,47.2700,2723,1
6973,32.0012,31.9609,4096,257.2500,5,47.2700,2724,1
6974,32.0012,31.9609,4096,257.2500,5,47.2700,2725,1
6975,32.0012,31.9609,4096,257.2500,5,47.2700,2726,1
6976,32.0012,31.9609,4096,257.2500,5,47.2700,2727,1
6977,32.0012,31.9609,4096,257.2500,5,47.2700,2727,1
6978,32.0012,31.9609,4096,257.2500,5,47.2700,2727,1
6979,32.0012,31.9609,4096,257.2500,5,47.2700,2728,1
6980,32.0012,31.9609,4096,257.2500,5,47.2700,2729,1
6981,32.0012,31.9609,4096,257.2500,5,47.2700,2729,1
6982,32.0012,31.9609,4096,257.2500,5,47.2700,2729,1
6983,32.0012,31.9609,4096,257.2500,5,47.2700,2729,1
6984,32.0012,31.9609,4096,257.2500,5,47.2700,2729,1
6985,32.0012,31.9609,4096,257.2500,5,47.2700,2729,1
6986,32.0012,31.9609,4096,257.2500,5,47.2700,2729,1
6987,32.0012,31.9609,4096,257.2500,5,47.2700,2730,1
6988,32.0012,31.9609,4096,257.2500,5,47.2700,2730,1
6989,32.0012,31.9609,4096,257.2500,5,47.2700,2730,1
6990,32.0012,31.9609,4096,257.2500,5,47.2700,2731,1
6991,32.0012,31.9609,4096,257.2500,5,47.2700,2731,1
6992,32.0012,31.9609,4096,257.2500,5,47.2700,2731,1
6993,32.0012,31.9609,4096,257.2500,5,47.2700,2731,1
6994,32.0012,31.9609,4096,257.2500,5,47.2700,2731,1
6995,32.0012,31.9609,4096,257.2500,5,47.2700,2732,1
6996,32.0012,31.9609,4096,257.2500,5,47.2700,2732,1
6997,32.0012,31.9609,4096,257.2500,5,47.2700,2732,1
6998,32.0012,31.9609,4096,257.2500,5,47.2700,2732,1
6999,32.0012,31.9609,4096,257.2500,5,47.2700,2733,1
7000,32.0012,31.9609,4096,257.2500,5,47.2700,2733,1
7001,32.0012,31.9609,4096,257.2500,5,47.2700,2734,1
7002,32.0012,31.9609,4096,257.2500,5,47.2700,2734,1
7003,32.0012,31.9609,4096,257.2500,5,47.2700,2734,1
7004,32.0012,31.9609,4096,257.2500,5,47.2700,2734,1
7005,32.0012,31.9609,4096,257.2500,5,47.2700,2734,1
7006,32.0012,31.9609,4096,257.2500,5,47.2700,2734,1
7007,32.0012,31.9609,4096,257.2500,5,47.2700,2734,1
7008,32.0012,31.9609,4096,257.2500,5,47.2700,2735,1
7009,32.0012,31.9609,4096,257.2500,5,47.2700,2736,1
7010,32.0012,31.9609,4096,257.2500,5,47.2700,2736,1
7011,32.0012,31.9609,4096,257.2500,5,47.2700,2736,1
7012,32.0012,31.9609,4096,257.2500,5,47.2700,2737,1
7013,32.0012,31.9609,4096,257.2500,5,47.2700,2738,1
7014,32.0012,31.9609,4096,257.2500,5,47.2700,2739,1
7015,32.0012,31.9609,4096,257.2500,5,47.2700,2739,1
7016,32.0012,31.9609,4096,257.2500,5,47.2700,2739,1
7017,32.0012,31.9609,4096,257.2500,5,47.2700,2740,1
7018,32.0012,31.9609,4096,257.2500,5,47.2700,2740,1
7019,32.0012,31.9609,4096,257.2500,5,47.2700,2741,1
7020,32.0012,31.9609,4096,257.2500,5,47.2700,2741,1
7021,32.0012,31.9609,4096,257.2500,5,47.2700,2742,1
7022,32.0012,31.9609,4096,257.2500,5,47.2700,2743,1
7023,32.0012,31.9609,4096,257.2500,5,47.2700,2743,1
7024,32.0012,31.9609,4096,257.2500,5,47.2700,2743,1
7025,32.0012,31.9609,4096,257.2500,5,47.2700,2744,1
7026,32.0012,31.9609,4096,257.2500,5,47.2700,2745,1
7027,32.0012,31.9609,4096,257.2500,5,47.2700,2745,1
7028,32.0012,31.9609,4096,257.2500,5,47.2700,2745,1
7029,32.0012,31.9609,4096,257.2500,5,47.2700,2745,1
7030,32.0012,31.9609,4096,257.2500,5,47.2700,2746,1
7031,32.0012,31.9609,4096,257.2500,5,47.2700,2746,1
7032,32.0012,31.9609,4096,257.2500,5,47.2700,2746,1
7033,32.0012,31.9609,4096,257.2500,5,47.2700,2746,1
7034,32.0012,31.9609,4096,257.2500,5,47.2700,2747,1
7035,32.0012,31.9609,4096,257.2500,5,47.2700,2748,1
7036,32.0012,31.9609,4096,257.2500,5,47.2700,2748,1
7037,32.0012,31.9609,4096,257.2500,5,47.2700,2749,1
7038,32.0012,31.9609,4096,257.2500,5,47.2700,2749,1
7039,32.0012,31.9609,4096,257.2500,5,47.2700,2749,1
7040,32.0012,31.9609,4096,257.2500,5,47.2700,2749,1
7041,32.0012,31.9609,4096,257.2500,5,47.2700,2750,1
7042,32.0012,31.9609,4096,257.2500,5,47.2700,2750,1
7043,32.0012,31.9609,4096,257.2500,5,47.2700,2751,1
7044,32.0012,31.9609,4096,257.2500,5,47.2700,2751,1
7045,32.0012,31.9609,4096,257.2500,5,47.2700,2751,1
7046,32.0012,31.9609,4096,257.2500,5,47.2700,2751,1
7047,32.0012,31.9609,4096,257.2500,5,47.2700,2751,1
7048,32.0012,31.9609,4096,257.2500,5,47.2700,2751,1
7049,32.0012,31.9609,4096,257.2500,5,47.2700,2751,1
7050,32.0012,31.9609,4096,257.2500,5,47.2700,2751,1
7051,32.0012,31.9609,4096,257.2500,5,47.2700,2751,1
7052,32.0012,31.9609,4096,257.2500,5,47.2700,2751,1
7053,32.0012,31.9609,4096,257.2500,5,47.2700,2751,1
7054,32.0012,31.9609,4096,257.2500,5,47.2700,2751,1
7055,32.0012,31.9609,4096,257.2500,5,47.2700,2751,1
7056,32.0012,31.9609,4096,257.2500,5,47.2700,2751,1
7057,32.0012,31.9609,4096,257.2500,5,47.2700,2751,1
7058,32.0012,31.9609,4096,257.2500,5,47.2700,2752,1
7059,32.0012,31.9609,4096,257.2500,5,47.2700,2752,1
7060,32.0012,31.9609,4096,257.2500,5,47.2700,2753,1
7061,32.0012,31.9609,4096,257.2500,5,47.2700,2753,1
7062,32.0012,31.9609,4096,257.2500,5,47.2700,2754,1
7063,32.0012,31.9609,4096,257.2500,5,47.2700,2755,1
7064,32.0012,31.9609,4096,257.2500,5,47.2700,2755,1
7065,32.0012,31.9609,4096,257.2500,5,47.2700,2755,1
7066,32.0012,31.9609,4096,257.2500,5,47.2700,2755,1
7067,32.0012,31.9609,4096,257.2500,5,47.2700,2755,1
7068,32.0012,31.9609,4096,257.2500,5,47.2700,2755,1
7069,32.0012,31.9609,4096,257.2500,5,47.2700,2755,1
7070,32.0012,31.9609,4096,257.2500,5,47.2700,2755,1
7071,32.0012,31.9609,4096,257.2500,5,47.2700,2756,1
7072,32.0012,31.9609,4096,257.2500,5,47.2700,2757,1
7073,32.0012,31.9609,4096,257.2500,5,47.2700,2757,1
7074,32.0012,31.9609,4096,257.2500,5,47.2700,2757,1
7075,32.0012,31.9609,4096,257.2500,5,47.2700,2757,1
7076,32.0012,31.9609,4096,257.2500,5,47.2700,2757,1
7077,32.0012,31.9609,4096,257.2500,5,47.2700,2757,1
7078,32.0012,31.9609,4096,257.2500,5,47.2700,2757,1
7079,32.0012,31.9609,4096,257.2500,5,47.2700,2757,1
7080,32.0012,31.9609,4096,257.2500,5,47.2700,2757,1
7081,32.0012,31.9609,4096,257.2500,5,47.2700,2757,1
7082,32.0012,31.9609,4096,257.2500,5,47.2700,2757,1
7083,32.0012,31.9609,4096,257.2500,5,47.2700,2758,1
7084,32.0012,31.9609,4096,257.2500,5,47.2700,2758,1
7085,32.0012,31.9609,4096,257.2500,5,47.2700,2759,1
7086,32.0012,31.9609,4096,257.2500,5,47.2700,2759,1
7087,32.0012,31.9609,4096,257.2500,5,47.2700,2759,1
7088,32.0012,31.9609,4096,257.2500,5,47.2700,2759,1
7089,32.0012,31.9609,4096,257.2500,5,47.2700,2759,1
7090,32.0012,31.9609,4096,257.2500,5,47.2700,2759,1
7091,32.0012,31.9609,4096,257.2500,5,47.2700,2759,1
7092,32.0012,31.9609,4096,257.2500,5,47.2700,2760,1
7093,32.0012,31.9609,4096,257.2500,5,47.2700,2760,1
7094,32.0012,31.9609,4096,257.2500,5,47.2700,2761,1
7095,32.0012,31.9609,4096,257.2500,5,47.2700,2761,1
7096,32.0012,31.9609,4096,257.2500,5,47.2700,2762,1
7097,32.0012,31.9609,4096,257.2500,5,47.2700,2762,1
7098,32.0012,31.9609,4096,257.2500,5,47.2700,2763,1
7099,32.0012,31.9609,4096,257.2500,5,47.2700,2763,1
7100,32.0012,31.9609,4096,257.2500,5,47.2700,2763,1
7101,32.0012,31.9609,4096,257.2500,5,47.2700,2763,1
7102,32.0012,31.9609,4096,257.2500,5,47.2700,2763,1
7103,32.0012,31.9609,4096,257.2500,5,47.2700,2764,1
7104,32.0012,31.9609,4096,257.2500,5,47.2700,2765,1
7105,32.0012,31.9609,4096,257.2500,5,47.2700,2765,1
7106,32.0012,31.9609,4096,257.2500,5,47.2700,2765,1
7107,32.0012,31.9609,4096,257.2500,5,47.2700,2765,1
7108,32.0012,31.9609,4096,257.2500,5,47.2700,2765,1
7109,32.0012,31.9609,4096,257.2500,5,47.2700,2765,1
7110,32.0012,31.9609,4096,257.2500,5,47.2700,2766,1
7111,32.0012,31.9609,4096,257.2500,5,47.2700,2767,1
7112,32.0012,31.9609,4096,257.2500,5,47.2700,2767,1
7113,32.0012,31.9609,4096,257.2500,5,47.2700,2768,1
7114,32.0012,31.9609,4096,257.2500,5,47.2700,2769,1
7115,32.0012,31.9609,4096,257.2500,5,47.2700,2769,1
7116,32.0012,31.9609,4096,257.2500,5,47.2700,2769,1
7117,32.0012,31.9609,4096,257.2500,5,47.2700,2769,1
7118,32.0012,31.9609,4096,257.2500,5,47.2700,2769,1
7119,32.0012,31.9609,4096,257.2500,5,47.2700,2769,1
7120,32.0012,31.9609,4096,257.2500,5,47.2700,2769,1
7121,32.0012,31.9609,4096,257.2500,5,47.2700,2770,1
7122,32.0012,31.9609,4096,257.2500,5,47.2700,2771,1
7123,32.0012,31.9609,4096,257.2500,5,47.2700,2771,1
7124,32.0012,31.9609,4096,257.2500,5,47.2700,2772,1
7125,32.0012,31.9609,4096,257.2500,5,47.2700,2772,1
7126,32.0012,31.9609,4096,257.2500,5,47.2700,2773,1
7127,32.0012,31.9609,4096,257.2500,5,47.2700,2773,1
7128,32.0012,31.9609,4096,257.2500,5,47.2700,2773,1
7129,32.0012,31.9609,4096,257.2500,5,47.2700,2773,1
7130,32.0012,31.9609,4096,257.2500,5,47.2700,2773,1
7131,32.0012,31.9609,4096,257.2500,5,47.2700,2773,1
7132,32.0012,31.9609,4096,257.2500,5,47.2700,2774,1
7133,32.0012,31.9609,4096,257.2500,5,47.2700,2774,1
7134,32.0012,31.9609,4096,257.2500,5,47.2700,2774,1
7135,32.0012,31.9609,4096,257.2500,5,47.2700,2774,1
7136,32.0012,31.9609,4096,257.2500,5,47.2700,2774,1
7137,32.0012,31.9609,4096,257.2500,5,47.2700,2775,1
7138,32.0012,31.9609,4096,257.2500,5,47.2700,2775,1
7139,32.0012,31.9609,4096,257.2500,5,47.2700,2775,1
7140,32.0012,31.9609,4096,257.2500,5,47.2700,2775,1
7141,32.0012,31.9609,4096,257.2500,5,47.2700,2775,1
7142,32.0012,31.9609,4096,257.2500,5,47.2700,2775,1
7143,32.0012,31.9609,4096,257.2500,5,47.2700,2775,1
7144,32.0012,31.9609,4096,257.2500,5,47.2700,2775,1
7145,32.0012,31.9609,4096,257.2500,5,47.2700,2776,1
7146,32.0012,31.9609,4096,257.2500,5,47.2700,2776,1
7147,32.0012,31.9609,4096,257.2500,5,47.2700,2777,1
7148,32.0012,31.9609,4096,257.2500,5,47.2700,2777,1
7149,32.0012,31.9609,4096,257.2500,5,47.2700,2777,1
7150,32.0012,31.9609,4096,257.2500,5,47.2700,2777,1
7151,32.0012,31.9609,4096,257.2500,5,47.2700,2777,1
7152,32.0012,31.9609,4096,257.2500,5,47.2700,2778,1
7153,32.0012,31.9609,4096,257.2500,5,47.2700,2778,1
7154,32.0012,31.9609,4096,257.2500,5,47.2700,2779,1
7155,32.0012,31.9609,4096,257.2500,5,47.2700,2780,1
7156,32.0012,31.9609,4096,257.2500,5,47.2700,2781,1
7157,32.0012,31.9609,4096,257.2500,5,47.2700,2781,1
7158,32.0012,31.9609,4096,257.2500,5,47.2700,2781,1
7159,32.0012,31.9609,4096,257.2500,5,47.2700,2781,1
7160,32.0012,31.9609,4096,257.2500,5,47.2700,2781,1
7161,32.0012,31.9609,4096,257.2500,5,47.2700,2781,1
7162,32.0012,31.9609,4096,257.2500,5,47.2700,2782,1
7163,32.0012,31.9609,4096,257.2500,5,47.2700,2782,1
7164,32.0012,31.9609,4096,257.2500,5,47.2700,2782,1
7165,32.0012,31.9609,4096,257.2500,5,47.2700,2782,1
7166,32.0012,31.9609,4096,257.2500,5,47.2700,2782,1
7167,32.0012,31.9609,4096,257.2500,5,47.2700,2782,1
7168,32.0012,31.9609,4096,257.2500,5,47.2700,2782,1
7169,32.0012,31.9609,4096,257.2500,5,47.2700,2782,1
7170,32.0012,31.9609,4096,257.2500,5,47.2700,2782,1
7171,32.0012,31.9609,4096,257.2500,5,47.2700,2782,1
7172,32.0012,31.9609,4096,257.2500,5,47.2700,2782,1
7173,32.0012,31.9609,4096,257.2500,5,47.2700,2782,1
7174,32.0012,31.9609,4096,257.2500,5,47.2700,2782,1
7175,32.0012,31.9609,4096,257.2500,5,47.2700,2783,1
7176,32.0012,31.9609,4096,257.2500,5,47.2700,2783,1
7177,32.0012,31.9609,4096,257.2500,5,47.2700,2784,1
7178,32.0012,31.9609,4096,257.2500,5,47.2700,2784,1
7179,32.0012,31.9609,4096,257.2500,5,47.2700,2785,1
7180,32.0012,31.9609,4096,257.2500,5,47.2700,2785,1
7181,32.0012,31.9609,4096,257.2500,5,47.2700,2785,1
7182,32.0012,31.9609,4096,257.2500,5,47.2700,2785,1
7183,32.0012,31.9609,4096,257.2500,5,47.2700,2785,1
7184,32.0012,31.9609,4096,257.2500,5,47.2700,2786,1
7185,32.0012,31.9609,4096,257.2500,5,47.2700,2786,1
7186,32.0012,31.9609,4096,257.2500,5,47.2700,2786,1
7187,32.0012,31.9609,4096,257.2500,5,47.2700,2787,1
7188,32.0012,31.9609,4096,257.2500,5,47.2700,2787,1
7189,32.0012,31.9609,4096,257.2500,5,47.2700,2787,1
7190,32.0012,31.9609,4096,257.2500,5,47.2700,2787,1
7191,32.0012,31.9609,4096,257.2500,5,47.2700,2787,1
7192,32.0012,31.9609,4096,257.2500,5,47.2700,2787,1
7193,32.0012,31.9609,4096,257.2500,5,47.2700,2788,1
7194,32.0012,31.9609,4096,257.2500,5,47.2700,2788,1
7195,32.0012,31.9609,4096,257.2500,5,47.2700,2789,1
7196,32.0012,31.9609,4096,257.2500,5,47.2700,2789,1
7197,32.0012,31.9609,4096,257.2500,5,47.2700,2790,1
7198,32.0012,31.9609,4096,257.2500,5,47.2700,2790,1
7199,32.0012,31.9609,4096,257.2500,5,47.2700,2791,1
7200,32.0012,31.9609,4096,257.2500,5,47.2700,2792,1
7201,32.0012,31.9609,4096,257.2500,5,47.2700,2793,1
7202,32.0012,31.9609,4096,257.2500,5,47.2700,2794,1
7203,32.0012,31.9609,4096,257.2500,5,47.2700,2794,1
7204,32.0012,31.9609,4096,257.2500,5,47.2700,2794,1
7205,32.0012,31.9609,4096,257.2500,5,47.2700,2794,1
7206,32.0012,31.9609,4096,257.2500,5,47.2700,2794,1
7207,32.0012,31.9609,4096,257.2500,5,47.2700,2795,1
7208,32.0012,31.9609,4096,257.2500,5,47.2700,2795,1
7209,32.0012,31.9609,4096,257.2500,5,47.2700,2795,1
7210,32.0012,31.9609,4096,257.2500,5,47.2700,2795,1
7211,32.0012,31.9609,4096,257.2500,5,47.2700,2795,1
7212,32.0012,31.9609,4096,257.2500,5,47.2700,2795,1
7213,32.0012,31.9609,4096,257.2500,5,47.2700,2795,1
7214,32.0012,31.9609,4096,257.2500,5,47.2700,2796,1
7215,32.0012,31.9609,4096,257.2500,5,47.2700,2796,1
7216,32.0012,31.9609,4096,257.2500,5,47.2700,2797,1
7217,32.0012,31.9609,4096,257.2500,5,47.2700,2797,1
7218,32.0012,31.9609,4096,257.2500,5,47.2700,2797,1
7219,32.0012,31.9609,4096,257.2500,5,47.2700,2797,1
7220,32.0012,31.9609,4096,257.2500,5,47.2700,2797,1
7221,32.0012,31.9609,4096,257.2500,5,47.2700,2797,1
7222,32.0012,31.9609,4096,257.2500,5,47.2700,2797,1
7223,32.0012,31.9609,4096,257.2500,5,47.2700,2797,1
7224,32.0012,31.9609,4096,257.2500,5,47.2700,2798,1
7225,32.0012,31.9609,4096,257.2500,5,47.2700,2799,1
7226,32.0012,31.9609,4096,257.2500,5,47.2700,2800,1
7227,32.0012,31.9609,4096,257.2500,5,47.2700,2800,1
7228,32.0012,31.9609,4096,257.2500,5,47.2700,2800,1
7229,32.0012,31.9609,4096,257.2500,5,47.2700,2800,1
7230,32.0012,31.9609,4096,257.2500,5,47.2700,2800,1
7231,32.0012,31.9609,4096,257.2500,5,47.2700,2800,1
7232,32.0012,31.9609,4096,257.2500,5,47.2700,2800,1
7233,32.0012,31.9609,4096,257.2500,5,47.2700,2800,1
7234,32.0012,31.9609,4096,257.2500,5,47.2700,2800,1
7235,32.0012,31.9609,4096,257.2500,5,47.2700,2800,1
7236,32.0012,31.9609,4096,257.2500,5,47.2700,2800,1
7237,32.0012,31.9609,4096,257.2500,5,47.2700,2800,1
7238,32.0012,31.9609,4096,257.2500,5,47.2700,2800,1
7239,32.0012,31.9609,4096,257.2500,5,47.2700,2801,1
7240,32.0012,31.9609,4096,257.2500,5,47.2700,2801,1
7241,32.0012,31.9609,4096,257.2500,5,47.2700,2801,1
7242,32.0012,31.9609,4096,257.2500,5,47.2700,2801,1
7243,32.0012,31.9609,4096,257.2500,5,47.2700,2801,1
7244,32.0012,31.9609,4096,257.2500,5,47.2700,2801,1
7245,32.0012,31.9609,4096,257.2500,5,47.2700,2802,1
7246,32.0012,31.9609,4096,257.2500,5,47.2700,2802,1
7247,32.0012,31.9609,4096,257.2500,5,47.2700,2802,1
7248,32.0012,31.9609,4096,257.2500,5,47.2700,2802,1
7249,32.0012,31.9609,4096,257.2500,5,47.2700,2803,1
7250,32.0012,31.9609,4096,257.2500,5,47.2700,2803,1
7251,32.0012,31.9609,4096,257.2500,5,47.2700,2803,1
7252,32.0012,31.9609,4096,257.2500,5,47.2700,2803,1
7253,32.0012,31.9609,4096,257.2500,5,47.2700,2804,1
7254,32.0012,31.9609,4096,257.2500,5,47.2700,2804,1
7255,32.0012,31.9609,4096,257.2500,5,47.2700,2804,1
7256,32.0012,31.9609,4096,257.2500,5,47.2700,2805,1
7257,32.0012,31.9609,4096,257.2500,5,47.2700,2805,1
7258,32.0012,31.9609,4096,257.2500,5,47.2700,2805,1
7259,32.0012,31.9609,4096,257.2500,5,47.2700,2805,1
7260,32.0012,31.9609,4096,257.2500,5,47.2700,2805,1
7261,32.0012,31.9609,4096,257.2500,5,47.2700,2806,1
7262,32.0012,31.9609,4096,257.2500,5,47.2700,2807,1
7263,32.0012,31.9609,4096,257.2500,5,47.2700,2807,1
7264,32.0012,31.9609,4096,257.2500,5,47.2700,2807,1
7265,32.0012,31.9609,4096,257.2500,5,47.2700,2807,1
7266,32.0012,31.9609,4096,257.2500,5,47.2700,2808,1
7267,32.0012,31.9609,4096,257.2500,5,47.2700,2808,1
7268,32.0012,31.9609,4096,257.2500,5,47.2700,2808,1
7269,32.0012,31.9609,4096,257.2500,5,47.2700,2808,1
7270,32.0012,31.9609,4096,257.2500,5,47.2700,2808,1
7271,32.0012,31.9609,4096,257.2500,5,47.2700,2809,1
7272,32.0012,31.9609,4096,257.2500,5,47.2700,2810,1
7273,32.0012,31.9609,4096,257.2500,5,47.2700,2810,1
7274,32.0012,31.9609,4096,257.2500,5,47.2700,2810,1
7275,32.0012,31.9609,4096,257.2500,5,47.2700,2810,1
7276,32.0012,31.9609,4096,257.2500,5,47.2700,2810,1
7277,32.0012,31.9609,4096,257.2500,5,47.2700,2810,1
7278,32.0012,31.9609,4096,257.2500,5,47.2700,2810,1
7279,32.0012,31.9609,4096,257.2500,5,47.2700,2811,1
7280,32.0012,31.9609,4096,257.2500,5,47.2700,2811,1
7281,32.0012,31.9609,4096,257.2500,5,47.2700,2812,1
7282,32.0012,31.9609,4096,257.2500,5,47.2700,2813,1
7283,32.0012,31.9609,4096,257.2500,5,47.2700,2813,1
7284,32.0012,31.9609,4096,257.2500,5,47.2700,2813,1
7285,32.0012,31.9609,4096,257.2500,5,47.2700,2814,1
7286,32.0012,31.9609,4096,257.2500,5,47.2700,2814,1
7287,32.0012,31.9609,4096,257.2500,5,47.2700,2814,1
7288,32.0012,31.9609,4096,257.2500,5,47.2700,2814,1
7289,32.0012,31.9609,4096,257.2500,5,47.2700,2815,1
7290,32.0012,31.9609,4096,257.2500,5,47.2700,2815,1
7291,32.0012,31.9609,4096,257.2500,5,47.2700,2815,1
7292,32.0012,31.9609,4096,257.2500,5,47.2700,2815,1
7293,32.0012,31.9609,4096,257.2500,5,47.2700,2815,1
7294,32.0012,31.9609,4096,257.2500,5,47.2700,2815,1
7295,32.0012,31.9609,4096,257.2500,5,47.2700,2815,1
7296,32.0012,31.9609,4096,257.2500,5,47.2700,2816,1
7297,32.0012,31.9609,4096,257.2500,5,47.2700,2817,1
7298,32.0012,31.9609,4096,257.2500,5,47.2700,2817,1
7299,32.0012,31.9609,4096,257.2500,5,47.2700,2817,1
7300,32.0012,31.9609,4096,257.2500,5,47.2700,2817,1
7301,32.0012,31.9609,4096,257.2500,5,47.2700,2818,1
7302,32.0012,31.9609,4096,257.2500,5,47.2700,2818,1
7303,32.0012,31.9609,4096,257.2500,5,47.2700,2818,1
7304,32.0012,31.9609,4096,257.2500,5,47.2700,2818,1
7305,32.0012,31.9609,4096,257.2500,5,47.2700,2818,1
7306,32.0012,31.9609,4096,257.2500,5,47.2700,2818,1
7307,32.0012,31.9609,4096,257.2500,5,47.2700,2818,1
7308,32.0012,31.9609,4096,257.2500,5,47.2700,2818,1
7309,32.0012,31.9609,4096,257.2500,5,47.2700,2819,1
7310,32.0012,31.9609,4096,257.2500,5,47.2700,2819,1
7311,32.0012,31.9609,4096,257.2500,5,47.2700,2820,1
7312,32.0012,31.9609,4096,257.2500,5,47.2700,2820,1
7313,32.0012,31.9609,4096,257.2500,5,47.2700,2820,1
7314,32.0012,31.9609,4096,257.2500,5,47.2700,2820,1
7315,32.0012,31.9609,4096,257.2500,5,47.2700,2820,1
7316,32.0012,31.9609,4096,257.2500,5,47.2700,2820,1
7317,32.0012,31.9609,4096,257.2500,5,47.2700,2821,1
7318,32.0012,31.9609,4096,257.2500,5,47.2700,2821,1
7319,32.0012,31.9609,4096,257.2500,5,47.2700,2821,1
7320,32.0012,31.9609,4096,257.2500,5,47.2700,2821,1
7321,32.0012,31.9609,4096,257.2500,5,47.2700,2822,1
7322,32.0012,31.9609,4096,257.2500,5,47.2700,2822,1
7323,32.0012,31.9609,4096,257.2500,5,47.2700,2822,1
7324,32.0012,31.9609,4096,257.2500,5,47.2700,2823,1
7325,32.0012,31.9609,4096,257.2500,5,47.2700,2824,1
7326,32.0012,31.9609,4096,257.2500,5,47.2700,2824,1
7327,32.0012,31.9609,4096,257.2500,5,47.2700,2825,1
7328,32.0012,31.9609,4096,257.2500,5,47.2700,2825,1
7329,32.0012,31.9609,4096,257.2500,5,47.2700,2825,1
7330,32.0012,31.9609,4096,257.2500,5,47.2700,2826,1
7331,32.0012,31.9609,4096,257.2500,5,47.2700,2826,1
7332,32.0012,31.9609,4096,257.2500,5,47.2700,2827,1
7333,32.0012,31.9609,4096,257.2500,5,47.2700,2828,1
7334,32.0012,31.9609,4096,257.2500,5,47.2700,2828,1
7335,32.0012,31.9609,4096,257.2500,5,47.2700,2828,1
7336,32.0012,31.9609,4096,257.2500,5,47.2700,2829,1
7337,32.0012,31.9609,4096,257.2500,5,47.2700,2829,1
7338,32.0012,31.9609,4096,257.2500,5,47.2700,2829,1
7339,32.0012,31.9609,4096,257.2500,5,47.2700,2829,1
7340,32.0012,31.9609,4096,257.2500,5,47.2700,2829,1
7341,32.0012,31.9609,4096,257.2500,5,47.2700,2830,1
7342,32.0012,31.9609,4096,257.2500,5,47.2700,2830,1
7343,32.0012,31.9609,4096,257.2500,5,47.2700,2830,1
7344,32.0012,31.9609,4096,257.2500,5,47.2700,2830,1
7345,32.0012,31.9609,4096,257.2500,5,47.2700,2831,1
7346,32.0012,31.9609,4096,257.2500,5,47.2700,2831,1
7347,32.0012,31.9609,4096,257.2500,5,47.2700,2831,1
7348,32.0012,31.9609,4096,257.2500,5,47.2700,2831,1
7349,32.0012,31.9609,4096,257.2500,5,47.2700,2831,1
7350,32.0012,31.9609,4096,257.2500,5,47.2700,2831,1
7351,32.0012,31.9609,4096,257.2500,5,47.2700,2831,1
7352,32.0012,31.9609,4096,257.2500,5,47.2700,2831,1
7353,32.0012,31.9609,4096,257.2500,5,47.2700,2832,1
7354,32.0012,31.9609,4096,257.2500,5,47.2700,2832,1
7355,32.0012,31.9609,4096,257.2500,5,47.2700,2832,1
7356,32.0012,31.9609,4096,257.2500,5,47.2700,2832,1
7357,32.0012,31.9609,4096,257.2500,5,47.2700,2832,1
7358,32.0012,31.9609,4096,257.2500,5,47.2700,2833,1
7359,32.0012,31.9609,4096,257.2500,5,47.2700,2833,1
7360,32.0012,31.9609,4096,257.2500,5,47.2700,2833,1
7361,32.0012,31.9609,4096,257.2500,5,47.2700,2834,1
7362,32.0012,31.9609,4096,257.2500,5,47.2700,2834,1
7363,32.0012,31.9609,4096,257.2500,5,47.2700,2834,1
7364,32.0012,31.9609,4096,257.2500,5,47.2700,2834,1
7365,32.0012,31.9609,4096,257.2500,5,47.2700,2834,1
7366,32.0012,31.9609,4096,257.2500,5,47.2700,2835,1
7367,32.0012,31.9609,4096,257.2500,5,47.2700,2835,1
7368,32.0012,31.9609,4096,257.2500,5,47.2700,2835,1
7369,32.0012,31.9609,4096,257.2500,5,47.2700,2836,1
7370,32.0012,31.9609,4096,257.2500,5,47.2700,2837,1
7371,32.0012,31.9609,4096,257.2500,5,47.2700,2837,1
7372,32.0012,31.9609,4096,257.2500,5,47.2700,2837,1
7373,32.0012,31.9609,4096,257.2500,5,47.2700,2838,1
7374,32.0012,31.9609,4096,257.2500,5,47.2700,2838,1
7375,32.0012,31.9609,4096,257.2500,5,47.2700,2838,1
7376,32.0012,31.9609,4096,257.2500,5,47.2700,2839,1
7377,32.0012,31.9609,4096,257.2500,5,47.2700,2839,1
7378,32.0012,31.9609,4096,257.2500,5,47.2700,2839,1
7379,32.0012,31.9609,4096,257.2500,5,47.2700,2839,1
7380,32.0012,31.9609,4096,257.2500,5,47.2700,2839,1
7381,32.0012,31.9609,4096,257.2500,5,47.2700,2839,1
7382,32.0012,31.9609,4096,257.2500,5,47.2700,2839,1
7383,32.0012,31.9609,4096,257.2500,5,47.2700,2839,1
7384,32.0012,31.9609,4096,257.2500,5,47.2700,2839,1
7385,32.0012,31.9609,4096,257.2500,5,47.2700,2839,1
7386,32.0012,31.9609,4096,257.2500,5,47.2700,2839,1
7387,32.0012,31.9609,4096,257.2500,5,47.2700,2840,1
7388,32.0012,31.9609,4096,257.2500,5,47.2700,2841,1
7389,32.0012,31.9609,4096,257.2500,5,47.2700,2841,1
7390,32.0012,31.9609,4096,257.2500,5,47.2700,2841,1
7391,32.0012,31.9609,4096,257.2500,5,47.2700,2841,1
7392,32.0012,31.9609,4096,257.2500,5,47.2700,2841,1
7393,32.0012,31.9609,4096,257.2500,5,47.2700,2841,1
7394,32.0012,31.9609,4096,257.2500,5,47.2700,2842,1
7395,32.0012,31.9609,4096,257.2500,5,47.2700,2842,1
7396,32.0012,31.9609,4096,257.2500,5,47.2700,2843,1
7397,32.0012,31.9609,4096,257.2500,5,47.2700,2843,1
7398,32.0012,31.9609,4096,257.2500,5,47.2700,2843,1
7399,32.0012,31.9609,4096,257.2500,5,47.2700,2843,1
7400,32.0012,31.9609,4096,257.2500,5,47.2700,2844,1
7401,32.0012,31.9609,4096,257.2500,5,47.2700,2845,1
7402,32.0012,31.9609,4096,257.2500,5,47.2700,2846,1
7403,32.0012,31.9609,4096,257.2500,5,47.2700,2846,1
7404,32.0012,31.9609,4096,257.2500,5,47.2700,2847,1
7405,32.0012,31.9609,4096,257.2500,5,47.2700,2847,1
7406,32.0012,31.9609,4096,257.2500,5,47.2700,2848,1
7407,32.0012,31.9609,4096,257.2500,5,47.2700,2849,1
7408,32.0012,31.9609,4096,257.2500,5,47.2700,2849,1
7409,32.0012,31.9609,4096,257.2500,5,47.2700,2849,1
7410,32.0012,31.9609,4096,257.2500,5,47.2700,2849,1
7411,32.0012,31.9609,4096,257.2500,5,47.2700,2849,1
7412,32.0012,31.9609,4096,257.2500,5,47.2700,2849,1
7413,32.0012,31.9609,4096,257.2500,5,47.2700,2849,1
7414,32.0012,31.9609,4096,257.2500,5,47.2700,2849,1
7415,32.0012,31.9609,4096,257.2500,5,47.2700,2850,1
7416,32.0012,31.9609,4096,257.2500,5,47.2700,2850,1
7417,32.0012,31.9609,4096,257.2500,5,47.2700,2850,1
7418,32.0012,31.9609,4096,257.2500,5,47.2700,2851,1
7419,32.0012,31.9609,4096,257.2500,5,47.2700,2851,1
7420,32.0012,31.9609,4096,257.2500,5,47.2700,2851,1
7421,32.0012,31.9609,4096,257.2500,5,47.2700,2851,1
7422,32.0012,31.9609,4096,257.2500,5,47.2700,2851,1
7423,32.0012,31.9609,4096,257.2500,5,47.2700,2851,1
7424,32.0012,31.9609,4096,257.2500,5,47.2700,2851,1
7425,32.0012,31.9609,4096,257.2500,5,47.2700,2851,1
7426,32.0012,31.9609,4096,257.2500,5,47.2700,2851,1
7427,32.0012,31.9609,4096,257.2500,5,47.2700,2851,1
7428,32.0012,31.9609,4096,257.2500,5,47.2700,2852,1
7429,32.0012,31.9609,4096,257.2500,5,47.2700,2852,1
7430,32.0012,31.9609,4096,257.2500,5,47.2700,2852,1
7431,32.0012,31.9609,4096,257.2500,5,47.2700,2852,1
7432,32.0012,31.9609,4096,257.2500,5,47.2700,2852,1
7433,32.0012,31.9609,4096,257.2500,5,47.2700,2852,1
7434,32.0012,31.9609,4096,257.2500,5,47.2700,2852,1
7435,32.0012,31.9609,4096,257.2500,5,47.2700,2852,1
7436,32.0012,31.9609,4096,257.2500,5,47.2700,2852,1
7437,32.0012,31.9609,4096,257.2500,5,47.2700,2852,1
7438,32.0012,31.9609,4096,257.2500,5,47.2700,2852,1
7439,32.0012,31.9609,4096,257.2500,5,47.2700,2852,1
7440,32.0012,31.9609,4096,257.2500,5,47.2700,2852,1
7441,32.0012,31.9609,4096,257.2500,5,47.2700,2852,1
7442,32.0012,31.9609,4096,257.2500,5,47.2700,2852,1
7443,32.0012,31.9609,4096,257.2500,5,47.2700,2853,1
7444,32.0012,31.9609,4096,257.2500,5,47.2700,2853,1
7445,32.0012,31.9609,4096,257.2500,5,47.2700,2854,1
7446,32.0012,31.9609,4096,257.2500,5,47.2700,2854,1
7447,32.0012,31.9609,4096,257.2500,5,47.2700,2854,1
7448,32.0012,31.9609,4096,257.2500,5,47.2700,2854,1
7449,32.0012,31.9609,4096,257.2500,5,47.2700,2854,1
7450,32.0012,31.9609,4096,257.2500,5,47.2700,2854,1
7451,32.0012,31.9609,4096,257.2500,5,47.2700,2854,1
7452,32.0012,31.9609,4096,257.2500,5,47.2700,2855,1
7453,32.0012,31.9609,4096,257.2500,5,47.2700,2855,1
7454,32.0012,31.9609,4096,257.2500,5,47.2700,2856,1
7455,32.0012,31.9609,4096,257.2500,5,47.2700,2856,1
7456,32.0012,31.9609,4096,257.2500,5,47.2700,2856,1
7457,32.0012,31.9609,4096,257.2500,5,47.2700,2856,1
7458,32.0012,31.9609,4096,257.2500,5,47.2700,2856,1
7459,32.0012,31.9609,4096,257.2500,5,47.2700,2856,1
7460,32.0012,31.9609,4096,257.2500,5,47.2700,2856,1
7461,32.0012,31.9609,4096,257.2500,5,47.2700,2856,1
7462,32.0012,31.9609,4096,257.2500,5,47.2700,2856,1
7463,32.0012,31.9609,4096,257.2500,5,47.2700,2856,1
7464,32.0012,31.9609,4096,257.2500,5,47.2700,2856,1
7465,32.0012,31.9609,4096,257.2500,5,47.2700,2857,1
7466,32.0012,31.9609,4096,257.2500,5,47.2700,2857,1
7467,32.0012,31.9609,4096,257.2500,5,47.2700,2858,1
7468,32.0012,31.9609,4096,257.2500,5,47.2700,2859,1
7469,32.0012,31.9609,4096,257.2500,5,47.2700,2859,1
7470,32.0012,31.9609,4096,257.2500,5,47.2700,2860,1
7471,32.0012,31.9609,4096,257.2500,5,47.2700,2860,1
7472,32.0012,31.9609,4096,257.2500,5,47.2700,2860,1
7473,32.0012,31.9609,4096,257.2500,5,47.2700,2860,1
7474,32.0012,31.9609,4096,257.2500,5,47.2700,2860,1
7475,32.0012,31.9609,4096,257.2500,5,47.2700,2861,1
7476,32.0012,31.9609,4096,257.2500,5,47.2700,2862,1
7477,32.0012,31.9609,4096,257.2500,5,47.2700,2862,1
7478,32.0012,31.9609,4096,257.2500,5,47.2700,2862,1
7479,32.0012,31.9609,4096,257.2500,5,47.2700,2862,1
7480,32.0012,31.9609,4096,257.2500,5,47.2700,2862,1
7481,32.0012,31.9609,4096,257.2500,5,47.2700,2863,1
7482,32.0012,31.9609,4096,257.2500,5,47.2700,2863,1
7483,32.0012,31.9609,4096,257.2500,5,47.2700,2863,1
7484,32.0012,31.9609,4096,257.2500,5,47.2700,2864,1
7485,32.0012,31.9609,4096,257.2500,5,47.2700,2864,1
7486,32.0012,31.9609,4096,257.2500,5,47.2700,2864,1
7487,32.0012,31.9609,4096,257.2500,5,47.2700,2865,1
7488,32.0012,31.9609,4096,257.2500,5,47.2700,2865,1
7489,32.0012,31.9609,4096,257.2500,5,47.2700,2865,1
7490,32.0012,31.9609,4096,257.2500,5,47.2700,2865,1
7491,32.0012,31.9609,4096,257.2500,5,47.2700,2865,1
7492,32.0012,31.9609,4096,257.2500,5,47.2700,2865,1
7493,32.0012,31.9609,4096,257.2500,5,47.2700,2865,1
7494,32.0012,31.9609,4096,257.2500,5,47.2700,2865,1
7495,32.0012,31.9609,4096,257.2500,5,47.2700,2865,1
7496,32.0012,31.9609,4096,257.2500,5,47.2700,2865,1
7497,32.0012,31.9609,4096,257.2500,5,47.2700,2866,1
7498,32.0012,31.9609,4096,257.2500,5,47.2700,2866,1
7499,32.0012,31.9609,4096,257.2500,5,47.2700,2866,1
7500,32.0012,31.9609,4096,257.2500,5,47.2700,2866,1
7501,32.0012,31.9609,4096,257.2500,5,47.2700,2867,1
7502,32.0012,31.9609,4096,257.2500,5,47.2700,2867,1
7503,32.0012,31.9609,4096,257.2500,5,47.2700,2867,1
7504,32.0012,31.9609,4096,257.2500,5,47.2700,2867,1
7505,32.0012,31.9609,4096,257.2500,5,47.2700,2867,1
7506,32.0012,31.9609,4096,257.2500,5,47.2700,2867,1
7507,32.0012,31.9609,4096,257.2500,5,47.2700,2867,1
7508,32.0012,31.9609,4096,257.2500,5,47.2700,2867,1
7509,32.0012,31.9609,4096,257.2500,5,47.2700,2867,1
7510,32.0012,31.9609,4096,257.2500,5,47.2700,2867,1
7511,32.0012,31.9609,4096,257.2500,5,47.2700,2867,1
7512,32.0012,31.9609,4096,257.2500,5,47.2700,2867,1
7513,32.0012,31.9609,4096,257.2500,5,47.2700,2867,1
7514,32.0012,31.9609,4096,257.2500,5,47.2700,2867,1
7515,32.0012,31.9609,4096,257.2500,5,47.2700,2867,1
7516,32.0012,31.9609,4096,257.2500,5,47.2700,2868,1
7517,32.0012,31.9609,4096,257.2500,5,47.2700,2868,1
7518,32.0012,31.9609,4096,257.2500,5,47.2700,2868,1
7519,32.0012,31.9609,4096,257.2500,5,47.2700,2868,1
7520,32.0012,31.9609,4096,257.2500,5,47.2700,2868,1
7521,32.0012,31.9609,4096,257.2500,5,47.2700,2869,1
7522,32.0012,31.9609,4096,257.2500,5,47.2700,2869,1
7523,32.0012,31.9609,4096,257.2500,5,47.2700,2870,1
7524,32.0012,31.9609,4096,257.2500,5,47.2700,2870,1
7525,32.0012,31.9609,4096,257.2500,5,47.2700,2870,1
7526,32.0012,31.9609,4096,257.2500,5,47.2700,2870,1
7527,32.0012,31.9609,4096,257.2500,5,47.2700,2870,1
7528,32.0012,31.9609,4096,257.2500,5,47.2700,2870,1
7529,32.0012,31.9609,4096,257.2500,5,47.2700,2870,1
7530,32.0012,31.9609,4096,257.2500,5,47.2700,2870,1
7531,32.0012,31.9609,4096,257.2500,5,47.2700,2870,1
7532,32.0012,31.9609,4096,257.2500,5,47.2700,2870,1
7533,32.0012,31.9609,4096,257.2500,5,47.2700,2870,1
7534,32.0012,31.9609,4096,257.2500,5,47.2700,2870,1
7535,32.0012,31.9609,4096,257.2500,5,47.2700,2870,1
7536,32.0012,31.9609,4096,257.2500,5,47.2700,2870,1
7537,32.0012,31.9609,4096,257.2500,5,47.2700,2871,1
7538,32.0012,31.9609,4096,257.2500,5,47.2700,2872,1
7539,32.0012,31.9609,4096,257.2500,5,47.2700,2872,1
7540,32.0012,31.9609,4096,257.2500,5,47.2700,2872,1
7541,32.0012,31.9609,4096,257.2500,5,47.2700,2873,1
7542,32.0012,31.9609,4096,257.2500,5,47.2700,2873,1
7543,32.0012,31.9609,4096,257.2500,5,47.2700,2873,1
7544,32.0012,31.9609,4096,257.2500,5,47.2700,2873,1
7545,32.0012,31.9609,4096,257.2500,5,47.2700,2874,1
7546,32.0012,31.9609,4096,257.2500,5,47.2700,2874,1
7547,32.0012,31.9609,4096,257.2500,5,47.2700,2875,1
7548,32.0012,31.9609,4096,257.2500,5,47.2700,2875,1
7549,32.0012,31.9609,4096,257.2500,5,47.2700,2876,1
7550,32.0012,31.9609,4096,257.2500,5,47.2700,2876,1
7551,32.0012,31.9609,4096,257.2500,5,47.2700,2876,1
7552,32.0012,31.9609,4096,257.2500,5,47.2700,2877,1
7553,32.0012,31.9609,4096,257.2500,5,47.2700,2877,1
7554,32.0012,31.9609,4096,257.2500,5,47.2700,2877,1
7555,32.0012,31.9609,4096,257.2500,5,47.2700,2877,1
7556,32.0012,31.9609,4096,257.2500,5,47.2700,2877,1
7557,32.0012,31.9609,4096,257.2500,5,47.2700,2877,1
7558,32.0012,31.9609,4096,257.2500,5,47.2700,2877,1
7559,32.0012,31.9609,4096,257.2500,5,47.2700,2877,1
7560,32.0012,31.9609,4096,257.2500,5,47.2700,2878,1
7561,32.0012,31.9609,4096,257.2500,5,47.2700,2879,1
7562,32.0012,31.9609,4096,257.2500,5,47.2700,2880,1
7563,32.0012,31.9609,4096,257.2500,5,47.2700,2881,1
7564,32.0012,31.9609,4096,257.2500,5,47.2700,2881,1
7565,32.0012,31.9609,4096,257.2500,5,47.2700,2881,1
7566,32.0012,31.9609,4096,257.2500,5,47.2700,2882,1
7567,32.0012,31.9609,4096,257.2500,5,47.2700,2883,1
7568,32.0012,31.9609,4096,257.2500,5,47.2700,2883,1
7569,32.0012,31.9609,4096,257.2500,5,47.2700,2883,1
7570,32.0012,31.9609,4096,257.2500,5,47.2700,2883,1
7571,32.0012,31.9609,4096,257.2500,5,47.2700,2883,1
7572,32.0012,31.9609,4096,257.2500,5,47.2700,2884,1
7573,32.0012,31.9609,4096,257.2500,5,47.2700,2884,1
7574,32.0012,31.9609,4096,257.2500,5,47.2700,2884,1
7575,32.0012,31.9609,4096,257.2500,5,47.2700,2884,1
7576,32.0012,31.9609,4096,257.2500,5,47.2700,2884,1
7577,32.0012,31.9609,4096,257.2500,5,47.2700,2884,1
7578,32.0012,31.9609,4096,257.2500,5,47.2700,2884,1
7579,32.0012,31.9609,4096,257.2500,5,47.2700,2884,1
7580,32.0012,31.9609,4096,257.2500,5,47.2700,2884,1
7581,32.0012,31.9609,4096,257.2500,5,47.2700,2884,1
7582,32.0012,31.9609,4096,257.2500,5,47.2700,2884,1
7583,32.0012,31.9609,4096,257.2500,5,47.2700,2884,1
7584,32.0012,31.9609,4096,257.2500,5,47.2700,2884,1
7585,32.0012,31.9609,4096,257.2500,5,47.2700,2884,1
7586,32.0012,31.9609,4096,257.2500,5,47.2700,2885,1
7587,32.0012,31.9609,4096,257.2500,5,47.2700,2885,1
7588,32.0012,31.9609,4096,257.2500,5,47.2700,2885,1
7589,32.0012,31.9609,4096,257.2500,5,47.2700,2885,1
7590,32.0012,31.9609,4096,257.2500,5,47.2700,2886,1
7591,32.0012,31.9609,4096,257.2500,5,47.2700,2887,1
7592,32.0012,31.9609,4096,257.2500,5,47.2700,2887,1
7593,32.0012,31.9609,4096,257.2500,5,47.2700,2887,1
7594,32.0012,31.9609,4096,257.2500,5,47.2700,2887,1
7595,32.0012,31.9609,4096,257.2500,5,47.2700,2887,1
7596,32.0012,31.9609,4096,257.2500,5,47.2700,2887,1
7597,32.0012,31.9609,4096,257.2500,5,47.2700,2887,1
7598,32.0012,31.9609,4096,257.2500,5,47.2700,2887,1
7599,32.0012,31.9609,4096,257.2500,5,47.2700,2887,1
7600,32.0012,31.9609,4096,257.2500,5,47.2700,2888,1
7601,32.0012,31.9609,4096,257.2500,5,47.2700,2888,1
7602,32.0012,31.9609,4096,257.2500,5,47.2700,2888,1
7603,32.0012,31.9609,4096,257.2500,5,47.2700,2888,1
7604,32.0012,31.9609,4096,257.2500,5,47.2700,2888,1
7605,32.0012,31.9609,4096,257.2500,5,47.2700,2888,1
7606,32.0012,31.9609,4096,257.2500,5,47.2700,2889,1
7607,32.0012,31.9609,4096,257.2500,5,47.2700,2890,1
7608,32.0012,31.9609,4096,257.2500,5,47.2700,2891,1
7609,32.0012,31.9609,4096,257.2500,5,47.2700,2892,1
7610,32.0012,31.9609,4096,257.2500,5,47.2700,2893,1
7611,32.0012,31.9609,4096,257.2500,5,47.2700,2894,1
7612,32.0012,31.9609,4096,257.2500,5,47.2700,2894,1
7613,32.0012,31.9609,4096,257.2500,5,47.2700,2894,1
7614,32.0012,31.9609,4096,257.2500,5,47.2700,2895,1
7615,32.0012,31.9609,4096,257.2500,5,47.2700,2896,1
7616,32.0012,31.9609,4096,257.2500,5,47.2700,2896,1
7617,32.0012,31.9609,4096,257.2500,5,47.2700,2897,1
7618,32.0012,31.9609,4096,257.2500,5,47.2700,2897,1
7619,32.0012,31.9609,4096,257.2500,5,47.2700,2898,1
7620,32.0012,31.9609,4096,257.2500,5,47.2700,2898,1
7621,32.0012,31.9609,4096,257.2500,5,47.2700,2898,1
7622,32.0012,31.9609,4096,257.2500,5,47.2700,2898,1
7623,32.0012,31.9609,4096,257.2500,5,47.2700,2898,1
7624,32.0012,31.9609,4096,257.2500,5,47.2700,2898,1
7625,32.0012,31.9609,4096,257.2500,5,47.2700,2898,1
7626,32.0012,31.9609,4096,257.2500,5,47.2700,2898,1
7627,32.0012,31.9609,4096,257.2500,5,47.2700,2898,1
7628,32.0012,31.9609,4096,257.2500,5,47.2700,2898,1
7629,32.0012,31.9609,4096,257.2500,5,47.2700,2898,1
7630,32.0012,31.9609,4096,257.2500,5,47.2700,2898,1
7631,32.0012,31.9609,4096,257.2500,5,47.2700,2899,1
7632,32.0012,31.9609,4096,257.2500,5,47.2700,2899,1
7633,32.0012,31.9609,4096,257.2500,5,47.2700,2899,1
7634,32.0012,31.9609,4096,257.2500,5,47.2700,2900,1
7635,32.0012,31.9609,4096,257.2500,5,47.2700,2900,1
7636,32.0012,31.9609,4096,257.2500,5,47.2700,2900,1
7637,32.0012,31.9609,4096,257.2500,5,47.2700,2900,1
7638,32.0012,31.9609,4096,257.2500,5,47.2700,2900,1
7639,32.0012,31.9609,4096,257.2500,5,47.2700,2900,1
7640,32.0012,31.9609,4096,257.2500,5,47.2700,2900,1
7641,32.0012,31.9609,4096,257.2500,5,47.2700,2901,1
7642,32.0012,31.9609,4096,257.2500,5,47.2700,2902,1
7643,32.0012,31.9609,4096,257.2500,5,47.2700,2902,1
7644,32.0012,31.9609,4096,257.2500,5,47.2700,2902,1
7645,32.0012,31.9609,4096,257.2500,5,47.2700,2902,1
7646,32.0012,31.9609,4096,257.2500,5,47.2700,2902,1
7647,32.0012,31.9609,4096,257.2500,5,47.2700,2902,1
7648,32.0012,31.9609,4096,257.2500,5,47.2700,2902,1
7649,32.0012,31.9609,4096,257.2500,5,47.2700,2903,1
7650,32.0012,31.9609,4096,257.2500,5,47.2700,2903,1
7651,32.0012,31.9609,4096,257.2500,5,47.2700,2903,1
7652,32.0012,31.9609,4096,257.2500,5,47.2700,2903,1
7653,32.0012,31.9609,4096,257.2500,5,47.2700,2903,1
7654,32.0012,31.9609,4096,257.2500,5,47.2700,2903,1
7655,32.0012,31.9609,4096,257.2500,5,47.2700,2903,1
7656,32.0012,31.9609,4096,257.2500,5,47.2700,2903,1
7657,32.0012,31.9609,4096,257.2500,5,47.2700,2903,1
7658,32.0012,31.9609,4096,257.2500,5,47.2700,2903,1
7659,32.0012,31.9609,4096,257.2500,5,47.2700,2903,1
7660,32.0012,31.9609,4096,257.2500,5,47.2700,2903,1
7661,32.0012,31.9609,4096,257.2500,5,47.2700,2904,1
7662,32.0012,31.9609,4096,257.2500,5,47.2700,2905,1
7663,32.0012,31.9609,4096,257.2500,5,47.2700,2905,1
7664,32.0012,31.9609,4096,257.2500,5,47.2700,2906,1
7665,32.0012,31.9609,4096,257.2500,5,47.2700,2907,1
7666,32.0012,31.9609,4096,257.2500,5,47.2700,2907,1
7667,32.0012,31.9609,4096,257.2500,5,47.2700,2908,1
7668,32.0012,31.9609,4096,257.2500,5,47.2700,2908,1
7669,32.0012,31.9609,4096,257.2500,5,47.2700,2908,1
7670,32.0012,31.9609,4096,257.2500,5,47.2700,2908,1
7671,32.0012,31.9609,4096,257.2500,5,47.2700,2908,1
7672,32.0012,31.9609,4096,257.2500,5,47.2700,2908,1
7673,32.0012,31.9609,4096,257.2500,5,47.2700,2909,1
7674,32.0012,31.9609,4096,257.2500,5,47.2700,2910,1
7675,32.0012,31.9609,4096,257.2500,5,47.2700,2910,1
7676,32.0012,31.9609,4096,257.2500,5,47.2700,2910,1
7677,32.0012,31.9609,4096,257.2500,5,47.2700,2910,1
7678,32.0012,31.9609,4096,257.2500,5,47.2700,2910,1
7679,32.0012,31.9609,4096,257.2500,5,47.2700,2911,1
7680,32.0012,31.9609,4096,257.2500,5,47.2700,2911,1
7681,32.0012,31.9609,4096,257.2500,5,47.2700,2912,1
7682,32.0012,31.9609,4096,257.2500,5,47.2700,2912,1
7683,32.0012,31.9609,4096,257.2500,5,47.2700,2913,1
7684,32.0012,31.9609,4096,257.2500,5,47.2700,2914,1
7685,32.0012,31.9609,4096,257.2500,5,47.2700,2914,1
7686,32.0012,31.9609,4096,257.2500,5,47.2700,2914,1
7687,32.0012,31.9609,4096,257.2500,5,47.2700,2914,1
7688,32.0012,31.9609,4096,257.2500,5,47.2700,2915,1
7689,32.0012,31.9609,4096,257.2500,5,47.2700,2915,1
7690,32.0012,31.9609,4096,257.2500,5,47.2700,2916,1
7691,32.0012,31.9609,4096,257.2500,5,47.2700,2916,1
7692,32.0012,31.9609,4096,257.2500,5,47.2700,2916,1
7693,32.0012,31.9609,4096,257.2500,5,47.2700,2917,1
7694,32.0012,31.9609,4096,257.2500,5,47.2700,2917,1
7695,32.0012,31.9609,4096,257.2500,5,47.2700,2917,1
7696,32.0012,31.9609,4096,257.2500,5,47.2700,2918,1
7697,32.0012,31.9609,4096,257.2500,5,47.2700,2918,1
7698,32.0012,31.9609,4096,257.2500,5,47.2700,2918,1
7699,32.0012,31.9609,4096,257.2500,5,47.2700,2919,1
7700,32.0012,31.9609,4096,257.2500,5,47.2700,2919,1
7701,32.0012,31.9609,4096,257.2500,5,47.2700,2920,1
7702,32.0012,31.9609,4096,257.2500,5,47.2700,2920,1
7703,32.0012,31.9609,4096,257.2500,5,47.2700,2920,1
7704,32.0012,31.9609,4096,257.2500,5,47.2700,2920,1
7705,32.0012,31.9609,4096,257.2500,5,47.2700,2920,1
7706,32.0012,31.9609,4096,257.2500,5,47.2700,2920,1
7707,32.0012,31.9609,4096,257.2500,5,47.2700,2921,1
7708,32.0012,31.9609,4096,257.2500,5,47.2700,2922,1
7709,32.0012,31.9609,4096,257.2500,5,47.2700,2923,1
7710,32.0012,31.9609,4096,257.2500,5,47.2700,2924,1
7711,32.0012,31.9609,4096,257.2500,5,47.2700,2925,1
7712,32.0012,31.9609,4096,257.2500,5,47.2700,2925,1
7713,32.0012,31.9609,4096,257.2500,5,47.2700,2925,1
7714,32.0012,31.9609,4096,257.2500,5,47.2700,2925,1
7715,32.0012,31.9609,4096,257.2500,5,47.2700,2925,1
7716,32.0012,31.9609,4096,257.2500,5,47.2700,2925,1
7717,32.0012,31.9609,4096,257.2500,5,47.2700,2925,1
7718,32.0012,31.9609,4096,257.2500,5,47.2700,2925,1
7719,32.0012,31.9609,4096,257.2500,5,47.2700,2925,1
7720,32.0012,31.9609,4096,257.2500,5,47.2700,2925,1
7721,32.0012,31.9609,4096,257.2500,5,47.2700,2925,1
7722,32.0012,31.9609,4096,257.2500,5,47.2700,2925,1
7723,32.0012,31.9609,4096,257.2500,5,47.2700,2925,1
7724,32.0012,31.9609,4096,257.2500,5,47.2700,2926,1
7725,32.0012,31.9609,4096,257.2500,5,47.2700,2927,1
7726,32.0012,31.9609,4096,257.2500,5,47.2700,2928,1
7727,32.0012,31.9609,4096,257.2500,5,47.2700,2928,1
7728,32.0012,31.9609,4096,257.2500,5,47.2700,2928,1
7729,32.0012,31.9609,4096,257.2500,5,47.2700,2928,1
7730,32.0012,31.9609,4096,257.2500,5,47.2700,2928,1
7731,32.0012,31.9609,4096,257.2500,5,47.2700,2928,1
7732,32.0012,31.9609,4096,257.2500,5,47.2700,2928,1
7733,32.0012,31.9609,4096,257.2500,5,47.2700,2928,1
7734,32.0012,31.9609,4096,257.2500,5,47.2700,2929,1
7735,32.0012,31.9609,4096,257.2500,5,47.2700,2930,1
7736,32.0012,31.9609,4096,257.2500,5,47.2700,2931,1
7737,32.0012,31.9609,4096,257.2500,5,47.2700,2931,1
7738,32.0012,31.9609,4096,257.2500,5,47.2700,2931,1
7739,32.0012,31.9609,4096,257.2500,5,47.2700,2931,1
7740,32.0012,31.9609,4096,257.2500,5,47.2700,2932,1
7741,32.0012,31.9609,4096,257.2500,5,47.2700,2932,1
7742,32.0012,31.9609,4096,257.2500,5,47.2700,2932,1
7743,32.0012,31.9609,4096,257.2500,5,47.2700,2932,1
7744,32.0012,31.9609,4096,257.2500,5,47.2700,2932,1
7745,32.0012,31.9609,4096,257.2500,5,47.2700,2932,1
7746,32.0012,31.9609,4096,257.2500,5,47.2700,2932,1
7747,32.0012,31.9609,4096,257.2500,5,47.2700,2933,1
7748,32.0012,31.9609,4096,257.2500,5,47.2700,2933,1
7749,32.0012,31.9609,4096,257.2500,5,47.2700,2933,1
7750,32.0012,31.9609,4096,257.2500,5,47.2700,2933,1
7751,32.0012,31.9609,4096,257.2500,5,47.2700,2933,1
7752,32.0012,31.9609,4096,257.2500,5,47.2700,2933,1
7753,32.0012,31.9609,4096,257.2500,5,47.2700,2933,1
7754,32.0012,31.9609,4096,257.2500,5,47.2700,2933,1
7755,32.0012,31.9609,4096,257.2500,5,47.2700,2933,1
7756,32.0012,31.9609,4096,257.2500,5,47.2700,2933,1
7757,32.0012,31.9609,4096,257.2500,5,47.2700,2934,1
7758,32.0012,31.9609,4096,257.2500,5,47.2700,2934,1
7759,32.0012,31.9609,4096,257.2500,5,47.2700,2934,1
7760,32.0012,31.9609,4096,257.2500,5,47.2700,2934,1
7761,32.0012,31.9609,4096,257.2500,5,47.2700,2935,1
7762,32.0012,31.9609,4096,257.2500,5,47.2700,2935,1
7763,32.0012,31.9609,4096,257.2500,5,47.2700,2935,1
7764,32.0012,31.9609,4096,257.2500,5,47.2700,2935,1
7765,32.0012,31.9609,4096,257.2500,5,47.2700,2935,1
7766,32.0012,31.9609,4096,257.2500,5,47.2700,2935,1
7767,32.0012,31.9609,4096,257.2500,5,47.2700,2935,1
7768,32.0012,31.9609,4096,257.2500,5,47.2700,2935,1
7769,32.0012,31.9609,4096,257.2500,5,47.2700,2935,1
7770,32.0012,31.9609,4096,257.2500,5,47.2700,2935,1
7771,32.0012,31.9609,4096,257.2500,5,47.2700,2936,1
7772,32.0012,31.9609,4096,257.2500,5,47.2700,2937,1
7773,32.0012,31.9609,4096,257.2500,5,47.2700,2937,1
7774,32.0012,31.9609,4096,257.2500,5,47.2700,2937,1
7775,32.0012,31.9609,4096,257.2500,5,47.2700,2938,1
7776,32.0012,31.9609,4096,257.2500,5,47.2700,2939,1
7777,32.0012,31.9609,4096,257.2500,5,47.2700,2939,1
7778,32.0012,31.9609,4096,257.2500,5,47.2700,2939,1
7779,32.0012,31.9609,4096,257.2500,5,47.2700,2939,1
7780,32.0012,31.9609,4096,257.2500,5,47.2700,2939,1
7781,32.0012,31.9609,4096,257.2500,5,47.2700,2939,1
7782,32.0012,31.9609,4096,257.2500,5,47.2700,2939,1
7783,32.0012,31.9609,4096,257.2500,5,47.2700,2939,1
7784,32.0012,31.9609,4096,257.2500,5,47.2700,2939,1
7785,32.0012,31.9609,4096,257.2500,5,47.2700,2940,1
7786,32.0012,31.9609,4096,257.2500,5,47.2700,2941,1
7787,32.0012,31.9609,4096,257.2500,5,47.2700,2941,1
7788,32.0012,31.9609,4096,257.2500,5,47.2700,2941,1
7789,32.0012,31.9609,4096,257.2500,5,47.2700,2941,1
7790,32.0012,31.9609,4096,257.2500,5,47.2700,2941,1
7791,32.0012,31.9609,4096,257.2500,5,47.2700,2942,1
7792,32.0012,31.9609,4096,257.2500,5,47.2700,2942,1
7793,32.0012,31.9609,4096,257.2500,5,47.2700,2942,1
7794,32.0012,31.9609,4096,257.2500,5,47.2700,2942,1
7795,32.0012,31.9609,4096,257.2500,5,47.2700,2942,1
7796,32.0012,31.9609,4096,257.2500,5,47.2700,2942,1
7797,32.0012,31.9609,4096,257.2500,5,47.2700,2942,1
7798,32.0012,31.9609,4096,257.2500,5,47.2700,2942,1
7799,32.0012,31.9609,4096,257.2500,5,47.2700,2942,1
7800,32.0012,31.9609,4096,257.2500,5,47.2700,2942,1
7801,32.0012,31.9609,4096,257.2500,5,47.2700,2943,1
7802,32.0012,31.9609,4096,257.2500,5,47.2700,2944,1
7803,32.0012,31.9609,4096,257.2500,5,47.2700,2944,1
7804,32.0012,31.9609,4096,257.2500,5,47.2700,2944,1
7805,32.0012,31.9609,4096,257.2500,5,47.2700,2944,1
7806,32.0012,31.9609,4096,257.2500,5,47.2700,2945,1
7807,32.0012,31.9609,4096,257.2500,5,47.2700,2945,1
7808,32.0012,31.9609,4096,257.2500,5,47.2700,2946,1
7809,32.0012,31.9609,4096,257.2500,5,47.2700,2946,1
7810,32.0012,31.9609,4096,257.2500,5,47.2700,2946,1
7811,32.0012,31.9609,4096,257.2500,5,47.2700,2947,1
7812,32.0012,31.9609,4096,257.2500,5,47.2700,2947,1
7813,32.0012,31.9609,4096,257.2500,5,47.2700,2948,1
7814,32.0012,31.9609,4096,257.2500,5,47.2700,2948,1
7815,32.0012,31.9609,4096,257.2500,5,47.2700,2949,1
7816,32.0012,31.9609,4096,257.2500,5,47.2700,2949,1
7817,32.0012,31.9609,4096,257.2500,5,47.2700,2950,1
7818,32.0012,31.9609,4096,257.2500,5,47.2700,2951,1
7819,32.0012,31.9609,4096,257.2500,5,47.2700,2951,1
7820,32.0012,31.9609,4096,257.2500,5,47.2700,2952,1
7821,32.0012,31.9609,4096,257.2500,5,47.2700,2953,1
7822,32.0012,31.9609,4096,257.2500,5,47.2700,2953,1
7823,32.0012,31.9609,4096,257.2500,5,47.2700,2953,1
7824,32.0012,31.9609,4096,257.2500,5,47.2700,2953,1
7825,32.0012,31.9609,4096,257.2500,5,47.2700,2953,1
7826,32.0012,31.9609,4096,257.2500,5,47.2700,2953,1
7827,32.0012,31.9609,4096,257.2500,5,47.2700,2953,1
7828,32.0012,31.9609,4096,257.2500,5,47.2700,2954,1
7829,32.0012,31.9609,4096,257.2500,5,47.2700,2954,1
7830,32.0012,31.9609,4096,257.2500,5,47.2700,2954,1
7831,32.0012,31.9609,4096,257.2500,5,47.2700,2955,1
7832,32.0012,31.9609,4096,257.2500,5,47.2700,2956,1
7833,32.0012,31.9609,4096,257.2500,5,47.2700,2956,1
7834,32.0012,31.9609,4096,257.2500,5,47.2700,2956,1
7835,32.0012,31.9609,4096,257.2500,5,47.2700,2956,1
7836,32.0012,31.9609,4096,257.2500,5,47.2700,2956,1
7837,32.0012,31.9609,4096,257.2500,5,47.2700,2956,1
7838,32.0012,31.9609,4096,257.2500,5,47.2700,2956,1
7839,32.0012,31.9609,4096,257.2500,5,47.2700,2956,1
7840,32.0012,31.9609,4096,257.2500,5,47.2700,2956,1
7841,32.0012,31.9609,4096,257.2500,5,47.2700,2956,1
7842,32.0012,31.9609,4096,257.2500,5,47.2700,2956,1
7843,32.0012,31.9609,4096,257.2500,5,47.2700,2956,1
7844,32.0012,31.9609,4096,257.2500,5,47.2700,2956,1
7845,32.0012,31.9609,4096,257.2500,5,47.2700,2956,1
7846,32.0012,31.9609,4096,257.2500,5,47.2700,2956,1
7847,32.0012,31.9609,4096,257.2500,5,47.2700,2956,1
7848,32.0012,31.9609,4096,257.2500,5,47.2700,2956,1
7849,32.0012,31.9609,4096,257.2500,5,47.2700,2956,1
7850,32.0012,31.9609,4096,257.2500,5,47.2700,2956,1
7851,32.0012,31.9609,4096,257.2500,5,47.2700,2956,1
7852,32.0012,31.9609,4096,257.2500,5,47.2700,2956,1
7853,32.0012,31.9609,4096,257.2500,5,47.2700,2957,1
7854,32.0012,31.9609,4096,257.2500,5,47.2700,2957,1
7855,32.0012,31.9609,4096,257.2500,5,47.2700,2957,1
7856,32.0012,31.9609,4096,257.2500,5,47.2700,2957,1
7857,32.0012,31.9609,4096,257.2500,5,47.2700,2958,1
7858,32.0012,31.9609,4096,257.2500,5,47.2700,2959,1
7859,32.0012,31.9609,4096,257.2500,5,47.2700,2959,1
7860,32.0012,31.9609,4096,257.2500,5,47.2700,2959,1
7861,32.0012,31.9609,4096,257.2500,5,47.2700,2960,1
7862,32.0012,31.9609,4096,257.2500,5,47.2700,2960,1
7863,32.0012,31.9609,4096,257.2500,5,47.2700,2961,1
7864,32.0012,31.9609,4096,257.2500,5,47.2700,2962,1
7865,32.0012,31.9609,4096,257.2500,5,47.2700,2962,1
7866,32.0012,31.9609,4096,257.2500,5,47.2700,2962,1
7867,32.0012,31.9609,4096,257.2500,5,47.2700,2962,1
7868,32.0012,31.9609,4096,257.2500,5,47.2700,2962,1
7869,32.0012,31.9609,4096,257.2500,5,47.2700,2962,1
7870,32.0012,31.9609,4096,257.2500,5,47.2700,2962,1
7871,32.0012,31.9609,4096,257.2500,5,47.2700,2962,1
7872,32.0012,31.9609,4096,257.2500,5,47.2700,2962,1
7873,32.0012,31.9609,4096,257.2500,5,47.2700,2963,1
7874,32.0012,31.9609,4096,257.2500,5,47.2700,2963,1
7875,32.0012,31.9609,4096,257.2500,5,47.2700,2963,1
7876,32.0012,31.9609,4096,257.2500,5,47.2700,2964,1
7877,32.0012,31.9609,4096,257.2500,5,47.2700,2965,1
7878,32.0012,31.9609,4096,257.2500,5,47.2700,2966,1
7879,32.0012,31.9609,4096,257.2500,5,47.2700,2966,1
7880,32.0012,31.9609,4096,257.2500,5,47.2700,2966,1
7881,32.0012,31.9609,4096,257.2500,5,47.2700,2966,1
7882,32.0012,31.9609,4096,257.2500,5,47.2700,2966,1
7883,32.0012,31.9609,4096,257.2500,5,47.2700,2966,1
7884,32.0012,31.9609,4096,257.2500,5,47.2700,2966,1
7885,32.0012,31.9609,4096,257.2500,5,47.2700,2966,1
7886,32.0012,31.9609,4096,257.2500,5,47.2700,2966,1
7887,32.0012,31.9609,4096,257.2500,5,47.2700,2967,1
7888,32.0012,31.9609,4096,257.2500,5,47.2700,2967,1
7889,32.0012,31.9609,4096,257.2500,5,47.2700,2967,1
7890,32.0012,31.9609,4096,257.2500,5,47.2700,2968,1
7891,32.0012,31.9609,4096,257.2500,5,47.2700,2969,1
7892,32.0012,31.9609,4096,257.2500,5,47.2700,2969,1
7893,32.0012,31.9609,4096,257.2500,5,47.2700,2969,1
7894,32.0012,31.9609,4096,257.2500,5,47.2700,2969,1
7895,32.0012,31.9609,4096,257.2500,5,47.2700,2970,1
7896,32.0012,31.9609,4096,257.2500,5,47.2700,2970,1
7897,32.0012,31.9609,4096,257.2500,5,47.2700,2970,1
7898,32.0012,31.9609,4096,257.2500,5,47.2700,2970,1
7899,32.0012,31.9609,4096,257.2500,5,47.2700,2971,1
7900,32.0012,31.9609,4096,257.2500,5,47.2700,2971,1
7901,32.0012,31.9609,4096,257.2500,5,47.2700,2972,1
7902,32.0012,31.9609,4096,257.2500,5,47.2700,2973,1
7903,32.0012,31.9609,4096,257.2500,5,47.2700,2973,1
7904,32.0012,31.9609,4096,257.2500,5,47.2700,2974,1
7905,32.0012,31.9609,4096,257.2500,5,47.2700,2975,1
7906,32.0012,31.9609,4096,257.2500,5,47.2700,2975,1
7907,32.0012,31.9609,4096,257.2500,5,47.2700,2975,1
7908,32.0012,31.9609,4096,257.2500,5,47.2700,2975,1
7909,32.0012,31.9609,4096,257.2500,5,47.2700,2975,1
7910,32.0012,31.9609,4096,257.2500,5,47.2700,2975,1
7911,32.0012,31.9609,4096,257.2500,5,47.2700,2975,1
7912,32.0012,31.9609,4096,257.2500,5,47.2700,2975,1
7913,32.0012,31.9609,4096,257.2500,5,47.2700,2976,1
7914,32.0012,31.9609,4096,257.2500,5,47.2700,2976,1
7915,32.0012,31.9609,4096,257.2500,5,47.2700,2976,1
7916,32.0012,31.9609,4096,257.2500,5,47.2700,2976,1
7917,32.0012,31.9609,4096,257.2500,5,47.2700,2976,1
7918,32.0012,31.9609,4096,257.2500,5,47.2700,2976,1
7919,32.0012,31.9609,4096,257.2500,5,47.2700,2976,1
7920,32.0012,31.9609,4096,257.2500,5,47.2700,2976,1
7921,32.0012,31.9609,4096,257.2500,5,47.2700,2977,1
7922,32.0012,31.9609,4096,257.2500,5,47.2700,2978,1
7923,32.0012,31.9609,4096,257.2500,5,47.2700,2978,1
7924,32.0012,31.9609,4096,257.2500,5,47.2700,2978,1
7925,32.0012,31.9609,4096,257.2500,5,47.2700,2978,1
7926,32.0012,31.9609,4096,257.2500,5,47.2700,2978,1
7927,32.0012,31.9609,4096,257.2500,5,47.2700,2979,1
7928,32.0012,31.9609,4096,257.2500,5,47.2700,2980,1
7929,32.0012,31.9609,4096,257.2500,5,47.2700,2981,1
7930,32.0012,31.9609,4096,257.2500,5,47.2700,2981,1
7931,32.0012,31.9609,4096,257.2500,5,47.2700,2981,1
7932,32.0012,31.9609,4096,257.2500,5,47.2700,2981,1
7933,32.0012,31.9609,4096,257.2500,5,47.2700,2982,1
7934,32.0012,31.9609,4096,257.2500,5,47.2700,2983,1
7935,32.0012,31.9609,4096,257.2500,5,47.2700,2983,1
7936,32.0012,31.9609,4096,257.2500,5,47.2700,2983,1
7937,32.0012,31.9609,4096,257.2500,5,47.2700,2983,1
7938,32.0012,31.9609,4096,257.2500,5,47.2700,2983,1
7939,32.0012,31.9609,4096,257.2500,5,47.2700,2983,1
7940,32.0012,31.9609,4096,257.2500,5,47.2700,2983,1
7941,32.0012,31.9609,4096,257.2500,5,47.2700,2983,1
7942,32.0012,31.9609,4096,257.2500,5,47.2700,2983,1
7943,32.0012,31.9609,4096,257.2500,5,47.2700,2983,1
7944,32.0012,31.9609,4096,257.2500,5,47.2700,2984,1
7945,32.0012,31.9609,4096,257.2500,5,47.2700,2984,1
7946,32.0012,31.9609,4096,257.2500,5,47.2700,2984,1
7947,32.0012,31.9609,4096,257.2500,5,47.2700,2984,1
7948,32.0012,31.9609,4096,257.2500,5,47.2700,2984,1
7949,32.0012,31.9609,4096,257.2500,5,47.2700,2984,1
7950,32.0012,31.9609,4096,257.2500,5,47.2700,2985,1
7951,32.0012,31.9609,4096,257.2500,5,47.2700,2985,1
7952,32.0012,31.9609,4096,257.2500,5,47.2700,2985,1
7953,32.0012,31.9609,4096,257.2500,5,47.2700,2985,1
7954,32.0012,31.9609,4096,257.2500,5,47.2700,2985,1
7955,32.0012,31.9609,4096,257.2500,5,47.2700,2985,1
7956,32.0012,31.9609,4096,257.2500,5,47.2700,2985,1
7957,32.0012,31.9609,4096,257.2500,5,47.2700,2985,1
7958,32.0012,31.9609,4096,257.2500,5,47.2700,2986,1
7959,32.0012,31.9609,4096,257.2500,5,47.2700,2986,1
7960,32.0012,31.9609,4096,257.2500,5,47.2700,2986,1
7961,32.0012,31.9609,4096,257.2500,5,47.2700,2986,1
7962,32.0012,31.9609,4096,257.2500,5,47.2700,2986,1
7963,32.0012,31.9609,4096,257.2500,5,47.2700,2986,1
7964,32.0012,31.9609,4096,257.2500,5,47.2700,2986,1
7965,32.0012,31.9609,4096,257.2500,5,47.2700,2987,1
7966,32.0012,31.9609,4096,257.2500,5,47.2700,2987,1
7967,32.0012,31.9609,4096,257.2500,5,47.2700,2987,1
7968,32.0012,31.9609,4096,257.2500,5,47.2700,2988,1
7969,32.0012,31.9609,4096,257.2500,5,47.2700,2988,1
7970,32.0012,31.9609,4096,257.2500,5,47.2700,2988,1
7971,32.0012,31.9609,4096,257.2500,5,47.2700,2988,1
7972,32.0012,31.9609,4096,257.2500,5,47.2700,2988,1
7973,32.0012,31.9609,4096,257.2500,5,47.2700,2989,1
7974,32.0012,31.9609,4096,257.2500,5,47.2700,2989,1
7975,32.0012,31.9609,4096,257.2500,5,47.2700,2990,1
7976,32.0012,31.9609,4096,257.2500,5,47.2700,2990,1
7977,32.0012,31.9609,4096,257.2500,5,47.2700,2990,1
7978,32.0012,31.9609,4096,257.2500,5,47.2700,2990,1
7979,32.0012,31.9609,4096,257.2500,5,47.2700,2990,1
7980,32.0012,31.9609,4096,257.2500,5,47.2700,2991,1
7981,32.0012,31.9609,4096,257.2500,5,47.2700,2991,1
7982,32.0012,31.9609,4096,257.2500,5,47.2700,2991,1
7983,32.0012,31.9609,4096,257.2500,5,47.2700,2991,1
7984,32.0012,31.9609,4096,257.2500,5,47.2700,2991,1
7985,32.0012,31.9609,4096,257.2500,5,47.2700,2991,1
7986,32.0012,31.9609,4096,257.2500,5,47.2700,2991,1
7987,32.0012,31.9609,4096,257.2500,5,47.2700,2991,1
7988,32.0012,31.9609,4096,257.2500,5,47.2700,2992,1
7989,32.0012,31.9609,4096,257.2500,5,47.2700,2992,1
7990,32.0012,31.9609,4096,257.2500,5,47.2700,2992,1
7991,32.0012,31.9609,4096,257.2500,5,47.2700,2992,1
7992,32.0012,31.9609,4096,257.2500,5,47.2700,2992,1
7993,32.0012,31.9609,4096,257.2500,5,47.2700,2993,1
7994,32.0012,31.9609,4096,257.2500,5,47.2700,2993,1
7995,32.0012,31.9609,4096,257.2500,5,47.2700,2993,1
7996,32.0012,31.9609,4096,257.2500,5,47.2700,2993,1
7997,32.0012,31.9609,4096,257.2500,5,47.2700,2993,1
7998,32.0012,31.9609,4096,257.2500,5,47.2700,2993,1
7999,32.0012,31.9609,4096,257.2500,5,47.2700,2993,1
8000,32.0012,31.9609,4096,257.2500,5,47.2700,2994,1
8001,32.0012,31.9609,4096,257.2500,5,47.2700,2994,1
8002,32.0012,31.9609,4096,257.2500,5,47.2700,2994,1
8003,32.0012,31.9609,4096,257.2500,5,47.2700,2994,1
8004,32.0012,31.9609,4096,257.2500,5,47.2700,2995,1
8005,32.0012,31.9609,4096,257.2500,5,47.2700,2995,1
8006,32.0012,31.9609,4096,257.2500,5,47.2700,2995,1
8007,32.0012,31.9609,4096,257.2500,5,47.2700,2995,1
8008,32.0012,31.9609,4096,257.2500,5,47.2700,2995,1
8009,32.0012,31.9609,4096,257.2500,5,47.2700,2995,1
8010,32.0012,31.9609,4096,257.2500,5,47.2700,2995,1
8011,32.0012,31.9609,4096,257.2500,5,47.2700,2995,1
8012,32.0012,31.9609,4096,257.2500,5,47.2700,2996,1
8013,32.0012,31.9609,4096,257.2500,5,47.2700,2997,1
8014,32.0012,31.9609,4096,257.2500,5,47.2700,2997,1
8015,32.0012,31.9609,4096,257.2500,5,47.2700,2997,1
8016,32.0012,31.9609,4096,257.2500,5,47.2700,2998,1
8017,32.0012,31.9609,4096,257.2500,5,47.2700,2998,1
8018,32.0012,31.9609,4096,257.2500,5,47.2700,2998,1
8019,32.0012,31.9609,4096,257.2500,5,47.2700,2998,1
8020,32.0012,31.9609,4096,257.2500,5,47.2700,2999,1
8021,32.0012,31.9609,4096,257.2500,5,47.2700,2999,1
8022,32.0012,31.9609,4096,257.2500,5,47.2700,3000,1
8023,32.0012,31.9609,4096,257.2500,5,47.2700,3000,1
8024,32.0012,31.9609,4096,257.2500,5,47.2700,3000,1
8025,32.0012,31.9609,4096,257.2500,5,47.2700,3000,1
8026,32.0012,31.9609,4096,257.2500,5,47.2700,3000,1
8027,32.0012,31.9609,4096,257.2500,5,47.2700,3000,1
8028,32.0012,31.9609,4096,257.2500,5,47.2700,3000,1
8029,32.0012,31.9609,4096,257.2500,5,47.2700,3000,1
8030,32.0012,31.9609,4096,257.2500,5,47.2700,3000,1
8031,32.0012,31.9609,4096,257.2500,5,47.2700,3001,1
8032,32.0012,31.9609,4096,257.2500,5,47.2700,3002,1
8033,32.0012,31.9609,4096,257.2500,5,47.2700,3002,1
8034,32.0012,31.9609,4096,257.2500,5,47.2700,3002,1
8035,32.0012,31.9609,4096,257.2500,5,47.2700,3003,1
8036,32.0012,31.9609,4096,257.2500,5,47.2700,3003,1
8037,32.0012,31.9609,4096,257.2500,5,47.2700,3004,1
8038,32.0012,31.9609,4096,257.2500,5,47.2700,3004,1
8039,32.0012,31.9609,4096,257.2500,5,47.2700,3005,1
8040,32.0012,31.9609,4096,257.2500,5,47.2700,3005,1
8041,32.0012,31.9609,4096,257.2500,5,47.2700,3006,1
8042,32.0012,31.9609,4096,257.2500,5,47.2700,3007,1
8043,32.0012,31.9609,4096,257.2500,5,47.2700,3007,1
8044,32.0012,31.9609,4096,257.2500,5,47.2700,3007,1
8045,32.0012,31.9609,4096,257.2500,5,47.2700,3007,1
8046,32.0012,31.9609,4096,257.2500,5,47.2700,3007,1
8047,32.0012,31.9609,4096,257.2500,5,47.2700,3007,1
8048,32.0012,31.9609,4096,257.2500,5,47.2700,3007,1
8049,32.0012,31.9609,4096,257.2500,5,47.2700,3007,1
8050,32.0012,31.9609,4096,257.2500,5,47.2700,3007,1
8051,32.0012,31.9609,4096,257.2500,5,47.2700,3007,1
8052,32.0012,31.9609,4096,257.2500,5,47.2700,3007,1
8053,32.0012,31.9609,4096,257.2500,5,47.2700,3007,1
8054,32.0012,31.9609,4096,257.2500,5,47.2700,3007,1
8055,32.0012,31.9609,4096,257.2500,5,47.2700,3007,1
8056,32.0012,31.9609,4096,257.2500,5,47.2700,3007,1
8057,32.0012,31.9609,4096,257.2500,5,47.2700,3007,1
8058,32.0012,31.9609,4096,257.2500,5,47.2700,3007,1
8059,32.0012,31.9609,4096,257.2500,5,47.2700,3008,1
8060,32.0012,31.9609,4096,257.2500,5,47.2700,3008,1
8061,32.0012,31.9609,4096,257.2500,5,47.2700,3008,1
8062,32.0012,31.9609,4096,257.2500,5,47.2700,3009,1
8063,32.0012,31.9609,4096,257.2500,5,47.2700,3009,1
8064,32.0012,31.9609,4096,257.2500,5,47.2700,3009,1
8065,32.0012,31.9609,4096,257.2500,5,47.2700,3009,1
8066,32.0012,31.9609,4096,257.2500,5,47.2700,3009,1
8067,32.0012,31.9609,4096,257.2500,5,47.2700,3009,1
8068,32.0012,31.9609,4096,257.2500,5,47.2700,3009,1
8069,32.0012,31.9609,4096,257.2500,5,47.2700,3009,1
8070,32.0012,31.9609,4096,257.2500,5,47.2700,3009,1
8071,32.0012,31.9609,4096,257.2500,5,47.2700,3009,1
8072,32.0012,31.9609,4096,257.2500,5,47.2700,3010,1
8073,32.0012,31.9609,4096,257.2500,5,47.2700,3011,1
8074,32.0012,31.9609,4096,257.2500,5,47.2700,3011,1
8075,32.0012,31.9609,4096,257.2500,5,47.2700,3011,1
8076,32.0012,31.9609,4096,257.2500,5,47.2700,3012,1
8077,32.0012,31.9609,4096,257.2500,5,47.2700,3013,1
8078,32.0012,31.9609,4096,257.2500,5,47.2700,3013,1
8079,32.0012,31.9609,4096,257.2500,5,47.2700,3013,1
8080,32.0012,31.9609,4096,257.2500,5,47.2700,3013,1
8081,32.0012,31.9609,4096,257.2500,5,47.2700,3013,1
8082,32.0012,31.9609,4096,257.2500,5,47.2700,3014,1
8083,32.0012,31.9609,4096,257.2500,5,47.2700,3014,1
8084,32.0012,31.9609,4096,257.2500,5,47.2700,3014,1
8085,32.0012,31.9609,4096,257.2500,5,47.2700,3015,1
8086,32.0012,31.9609,4096,257.2500,5,47.2700,3016,1
8087,32.0012,31.9609,4096,257.2500,5,47.2700,3017,1
8088,32.0012,31.9609,4096,257.2500,5,47.2700,3017,1
8089,32.0012,31.9609,4096,257.2500,5,47.2700,3018,1
8090,32.0012,31.9609,4096,257.2500,5,47.2700,3019,1
8091,32.0012,31.9609,4096,257.2500,5,47.2700,3020,1
8092,32.0012,31.9609,4096,257.2500,5,47.2700,3020,1
8093,32.0012,31.9609,4096,257.2500,5,47.2700,3021,1
8094,32.0012,31.9609,4096,257.2500,5,47.2700,3022,1
8095,32.0012,31.9609,4096,257.2500,5,47.2700,3022,1
8096,32.0012,31.9609,4096,257.2500,5,47.2700,3022,1
8097,32.0012,31.9609,4096,257.2500,5,47.2700,3022,1
8098,32.0012,31.9609,4096,257.2500,5,47.2700,3023,1
8099,32.0012,31.9609,4096,257.2500,5,47.2700,3023,1
8100,32.0012,31.9609,4096,257.2500,5,47.2700,3023,1
8101,32.0012,31.9609,4096,257.2500,5,47.2700,3023,1
8102,32.0012,31.9609,4096,257.2500,5,47.2700,3024,1
8103,32.0012,31.9609,4096,257.2500,5,47.2700,3025,1
8104,32.0012,31.9609,4096,257.2500,5,47.2700,3025,1
8105,32.0012,31.9609,4096,257.2500,5,47.2700,3025,1
8106,32.0012,31.9609,4096,257.2500,5,47.2700,3025,1
8107,32.0012,31.9609,4096,257.2500,5,47.2700,3025,1
8108,32.0012,31.9609,4096,257.2500,5,47.2700,3025,1
8109,32.0012,31.9609,4096,257.2500,5,47.2700,3025,1
8110,32.0012,31.9609,4096,257.2500,5,47.2700,3025,1
8111,32.0012,31.9609,4096,257.2500,5,47.2700,3025,1
8112,32.0012,31.9609,4096,257.2500,5,47.2700,3025,1
8113,32.0012,31.9609,4096,257.2500,5,47.2700,3025,1
8114,32.0012,31.9609,4096,257.2500,5,47.2700,3025,1
8115,32.0012,31.9609,4096,257.2500,5,47.2700,3025,1
8116,32.0012,31.9609,4096,257.2500,5,47.2700,3026,1
8117,32.0012,31.9609,4096,257.2500,5,47.2700,3026,1
8118,32.0012,31.9609,4096,257.2500,5,47.2700,3026,1
8119,32.0012,31.9609,4096,257.2500,5,47.2700,3026,1
8120,32.0012,31.9609,4096,257.2500,5,47.2700,3026,1
8121,32.0012,31.9609,4096,257.2500,5,47.2700,3026,1
8122,32.0012,31.9609,4096,257.2500,5,47.2700,3027,1
8123,32.0012,31.9609,4096,257.2500,5,47.2700,3027,1
8124,32.0012,31.9609,4096,257.2500,5,47.2700,3027,1
8125,32.0012,31.9609,4096,257.2500,5,47.2700,3027,1
8126,32.0012,31.9609,4096,257.2500,5,47.2700,3027,1
8127,32.0012,31.9609,4096,257.2500,5,47.2700,3028,1
8128,32.0012,31.9609,4096,257.2500,5,47.2700,3028,1
8129,32.0012,31.9609,4096,257.2500,5,47.2700,3029,1
8130,32.0012,31.9609,4096,257.2500,5,47.2700,3029,1
8131,32.0012,31.9609,4096,257.2500,5,47.2700,3029,1
8132,32.0012,31.9609,4096,257.2500,5,47.2700,3030,1
8133,32.0012,31.9609,4096,257.2500,5,47.2700,3030,1
8134,32.0012,31.9609,4096,257.2500,5,47.2700,3030,1
8135,32.0012,31.9609,4096,257.2500,5,47.2700,3030,1
8136,32.0012,31.9609,4096,257.2500,5,47.2700,3031,1
8137,32.0012,31.9609,4096,257.2500,5,47.2700,3031,1
8138,32.0012,31.9609,4096,257.2500,5,47.2700,3031,1
8139,32.0012,31.9609,4096,257.2500,5,47.2700,3031,1
8140,32.0012,31.9609,4096,257.2500,5,47.2700,3031,1
8141,32.0012,31.9609,4096,257.2500,5,47.2700,3032,1
8142,32.0012,31.9609,4096,257.2500,5,47.2700,3032,1
8143,32.0012,31.9609,4096,257.2500,5,47.2700,3032,1
8144,32.0012,31.9609,4096,257.2500,5,47.2700,3032,1
8145,32.0012,31.9609,4096,257.2500,5,47.2700,3033,1
8146,32.0012,31.9609,4096,257.2500,5,47.2700,3033,1
8147,32.0012,31.9609,4096,257.2500,5,47.2700,3033,1
8148,32.0012,31.9609,4096,257.2500,5,47.2700,3033,1
8149,32.0012,31.9609,4096,257.2500,5,47.2700,3033,1
8150,32.0012,31.9609,4096,257.2500,5,47.2700,3034,1
8151,32.0012,31.9609,4096,257.2500,5,47.2700,3034,1
8152,32.0012,31.9609,4096,257.2500,5,47.2700,3034,1
8153,32.0012,31.9609,4096,257.2500,5,47.2700,3035,1
8154,32.0012,31.9609,4096,257.2500,5,47.2700,3035,1
8155,32.0012,31.9609,4096,257.2500,5,47.2700,3035,1
8156,32.0012,31.9609,4096,257.2500,5,47.2700,3036,1
8157,32.0012,31.9609,4096,257.2500,5,47.2700,3037,1
8158,32.0012,31.9609,4096,257.2500,5,47.2700,3037,1
8159,32.0012,31.9609,4096,257.2500,5,47.2700,3037,1
8160,32.0012,31.9609,4096,257.2500,5,47.2700,3038,1
8161,32.0012,31.9609,4096,257.2500,5,47.2700,3039,1
8162,32.0012,31.9609,4096,257.2500,5,47.2700,3039,1
8163,32.0012,31.9609,4096,257.2500,5,47.2700,3039,1
8164,32.0012,31.9609,4096,257.2500,5,47.2700,3039,1
8165,32.0012,31.9609,4096,257.2500,5,47.2700,3039,1
8166,32.0012,31.9609,4096,257.2500,5,47.2700,3039,1
8167,32.0012,31.9609,4096,257.2500,5,47.2700,3039,1
8168,32.0012,31.9609,4096,257.2500,5,47.2700,3040,1
8169,32.0012,31.9609,4096,257.2500,5,47.2700,3041,1
8170,32.0012,31.9609,4096,257.2500,5,47.2700,3041,1
8171,32.0012,31.9609,4096,257.2500,5,47.2700,3041,1
8172,32.0012,31.9609,4096,257.2500,5,47.2700,3042,1
8173,32.0012,31.9609,4096,257.2500,5,47.2700,3043,1
8174,32.0012,31.9609,4096,257.2500,5,47.2700,3044,1
8175,32.0012,31.9609,4096,257.2500,5,47.2700,3045,1
8176,32.0012,31.9609,4096,257.2500,5,47.2700,3046,1
8177,32.0012,31.9609,4096,257.2500,5,47.2700,3046,1
8178,32.0012,31.9609,4096,257.2500,5,47.2700,3046,1
8179,32.0012,31.9609,4096,257.2500,5,47.2700,3046,1
8180,32.0012,31.9609,4096,257.2500,5,47.2700,3046,1
8181,32.0012,31.9609,4096,257.2500,5,47.2700,3047,1
8182,32.0012,31.9609,4096,257.2500,5,47.2700,3047,1
8183,32.0012,31.9609,4096,257.2500,5,47.2700,3047,1
8184,32.0012,31.9609,4096,257.2500,5,47.2700,3047,1
8185,32.0012,31.9609,4096,257.2500,5,47.2700,3048,1
8186,32.0012,31.9609,4096,257.2500,5,47.2700,3048,1
8187,32.0012,31.9609,4096,257.2500,5,47.2700,3048,1
8188,32.0012,31.9609,4096,257.2500,5,47.2700,3049,1
8189,32.0012,31.9609,4096,257.2500,5,47.2700,3049,1
8190,32.0012,31.9609,4096,257.2500,5,47.2700,3049,1
8191,32.0012,31.9609,4096,257.2500,5,47.2700,3049,1
8192,32.0012,31.9609,4096,257.2500,5,47.2700,3049,1
8193,32.0012,31.9609,4096,257.2500,5,47.2700,3050,1
8194,32.0012,31.9609,4096,257.2500,5,47.2700,3051,1
8195,32.0012,31.9609,4096,257.2500,5,47.2700,3052,1
8196,32.0012,31.9609,4096,257.2500,5,47.2700,3053,1
8197,32.0012,31.9609,4096,257.2500,5,47.2700,3053,1
8198,32.0012,31.9609,4096,257.2500,5,47.2700,3053,1
8199,32.0012,31.9609,4096,257.2500,5,47.2700,3054,1
8200,32.0012,31.9609,4096,257.2500,5,47.2700,3054,1
8201,32.0012,31.9609,4096,257.2500,5,47.2700,3054,1
8202,32.0012,31.9609,4096,257.2500,5,47.2700,3054,1
8203,32.0012,31.9609,4096,257.2500,5,47.2700,3055,1
8204,32.0012,31.9609,4096,257.2500,5,47.2700,3056,1
8205,32.0012,31.9609,4096,257.2500,5,47.2700,3056,1
8206,32.0012,31.9609,4096,257.2500,5,47.2700,3056,1
8207,32.0012,31.9609,4096,257.2500,5,47.2700,3056,1
8208,32.0012,31.9609,4096,257.2500,5,47.2700,3057,1
8209,32.0012,31.9609,4096,257.2500,5,47.2700,3058,1
8210,32.0012,31.9609,4096,257.2500,5,47.2700,3058,1
8211,32.0012,31.9609,4096,257.2500,5,47.2700,3058,1
8212,32.0012,31.9609,4096,257.2500,5,47.2700,3058,1
8213,32.0012,31.9609,4096,257.2500,5,47.2700,3059,1
8214,32.0012,31.9609,4096,257.2500,5,47.2700,3059,1
8215,32.0012,31.9609,4096,257.2500,5,47.2700,3059,1
8216,32.0012,31.9609,4096,257.2500,5,47.2700,3060,1
8217,32.0012,31.9609,4096,257.2500,5,47.2700,3061,1
8218,32.0012,31.9609,4096,257.2500,5,47.2700,3062,1
8219,32.0012,31.9609,4096,257.2500,5,47.2700,3062,1
8220,32.0012,31.9609,4096,257.2500,5,47.2700,3062,1
8221,32.0012,31.9609,4096,257.2500,5,47.2700,3062,1
8222,32.0012,31.9609,4096,257.2500,5,47.2700,3063,1
8223,32.0012,31.9609,4096,257.2500,5,47.2700,3064,1
8224,32.0012,31.9609,4096,257.2500,5,47.2700,3064,1
8225,32.0012,31.9609,4096,257.2500,5,47.2700,3064,1
8226,32.0012,31.9609,4096,257.2500,5,47.2700,3064,1
8227,32.0012,31.9609,4096,257.2500,5,47.2700,3064,1
8228,32.0012,31.9609,4096,257.2500,5,47.2700,3064,1
8229,32.0012,31.9609,4096,257.2500,5,47.2700,3065,1
8230,32.0012,31.9609,4096,257.2500,5,47.2700,3066,1
8231,32.0012,31.9609,4096,257.2500,5,47.2700,3067,1
8232,32.0012,31.9609,4096,257.2500,5,47.2700,3068,1
8233,32.0012,31.9609,4096,257.2500,5,47.2700,3068,1
8234,32.0012,31.9609,4096,257.2500,5,47.2700,3068,1
8235,32.0012,31.9609,4096,257.2500,5,47.2700,3069,1
8236,32.0012,31.9609,4096,257.2500,5,47.2700,3069,1
8237,32.0012,31.9609,4096,257.2500,5,47.2700,3069,1
8238,32.0012,31.9609,4096,257.2500,5,47.2700,3069,1
8239,32.0012,31.9609,4096,257.2500,5,47.2700,3069,1
8240,32.0012,31.9609,4096,257.2500,5,47.2700,3069,1
8241,32.0012,31.9609,4096,257.2500,5,47.2700,3070,1
8242,32.0012,31.9609,4096,257.2500,5,47.2700,3071,1
8243,32.0012,31.9609,4096,257.2500,5,47.2700,3071,1
8244,32.0012,31.9609,4096,257.2500,5,47.2700,3071,1
8245,32.0012,31.9609,4096,257.2500,5,47.2700,3071,1
8246,32.0012,31.9609,4096,257.2500,5,47.2700,3072,1
8247,32.0012,31.9609,4096,257.2500,5,47.2700,3073,1
8248,32.0012,31.9609,4096,257.2500,5,47.2700,3074,1
8249,32.0012,31.9609,4096,257.2500,5,47.2700,3074,1
8250,32.0012,31.9609,4096,257.2500,5,47.2700,3075,1
8251,32.0012,31.9609,4096,257.2500,5,47.2700,3075,1
8252,32.0012,31.9609,4096,257.2500,5,47.2700,3075,1
8253,32.0012,31.9609,4096,257.2500,5,47.2700,3075,1
8254,32.0012,31.9609,4096,257.2500,5,47.2700,3075,1
8255,32.0012,31.9609,4096,257.2500,5,47.2700,3075,1
8256,32.0012,31.9609,4096,257.2500,5,47.2700,3075,1
8257,32.0012,31.9609,4096,257.2500,5,47.2700,3076,1
8258,32.0012,31.9609,4096,257.2500,5,47.2700,3076,1
8259,32.0012,31.9609,4096,257.2500,5,47.2700,3076,1
8260,32.0012,31.9609,4096,257.2500,5,47.2700,3076,1
8261,32.0012,31.9609,4096,257.2500,5,47.2700,3076,1
8262,32.0012,31.9609,4096,257.2500,5,47.2700,3076,1
8263,32.0012,31.9609,4096,257.2500,5,47.2700,3076,1
8264,32.0012,31.9609,4096,257.2500,5,47.2700,3077,1
8265,32.0012,31.9609,4096,257.2500,5,47.2700,3077,1
8266,32.0012,31.9609,4096,257.2500,5,47.2700,3077,1
8267,32.0012,31.9609,4096,257.2500,5,47.2700,3077,1
8268,32.0012,31.9609,4096,257.2500,5,47.2700,3077,1
8269,32.0012,31.9609,4096,257.2500,5,47.2700,3077,1
8270,32.0012,31.9609,4096,257.2500,5,47.2700,3078,1
8271,32.0012,31.9609,4096,257.2500,5,47.2700,3078,1
8272,32.0012,31.9609,4096,257.2500,5,47.2700,3078,1
8273,32.0012,31.9609,4096,257.2500,5,47.2700,3078,1
8274,32.0012,31.9609,4096,257.2500,5,47.2700,3079,1
8275,32.0012,31.9609,4096,257.2500,5,47.2700,3079,1
8276,32.0012,31.9609,4096,257.2500,5,47.2700,3079,1
8277,32.0012,31.9609,4096,257.2500,5,47.2700,3079,1
8278,32.0012,31.9609,4096,257.2500,5,47.2700,3080,1
8279,32.0012,31.9609,4096,257.2500,5,47.2700,3080,1
8280,32.0012,31.9609,4096,257.2500,5,47.2700,3080,1
8281,32.0012,31.9609,4096,257.2500,5,47.2700,3080,1
8282,32.0012,31.9609,4096,257.2500,5,47.2700,3080,1
8283,32.0012,31.9609,4096,257.2500,5,47.2700,3081,1
8284,32.0012,31.9609,4096,257.2500,5,47.2700,3082,1
8285,32.0012,31.9609,4096,257.2500,5,47.2700,3082,1
8286,32.0012,31.9609,4096,257.2500,5,47.2700,3082,1
8287,32.0012,31.9609,4096,257.2500,5,47.2700,3083,1
8288,32.0012,31.9609,4096,257.2500,5,47.2700,3084,1
8289,32.0012,31.9609,4096,257.2500,5,47.2700,3085,1
8290,32.0012,31.9609,4096,257.2500,5,47.2700,3085,1
8291,32.0012,31.9609,4096,257.2500,5,47.2700,3085,1
8292,32.0012,31.9609,4096,257.2500,5,47.2700,3085,1
8293,32.0012,31.9609,4096,257.2500,5,47.2700,3086,1
8294,32.0012,31.9609,4096,257.2500,5,47.2700,3087,1
8295,32.0012,31.9609,4096,257.2500,5,47.2700,3087,1
8296,32.0012,31.9609,4096,257.2500,5,47.2700,3088,1
8297,32.0012,31.9609,4096,257.2500,5,47.2700,3088,1
8298,32.0012,31.9609,4096,257.2500,5,47.2700,3088,1
8299,32.0012,31.9609,4096,257.2500,5,47.2700,3088,1
8300,32.0012,31.9609,4096,257.2500,5,47.2700,3088,1
8301,32.0012,31.9609,4096,257.2500,5,47.2700,3089,1
8302,32.0012,31.9609,4096,257.2500,5,47.2700,3089,1
8303,32.0012,31.9609,4096,257.2500,5,47.2700,3089,1
8304,32.0012,31.9609,4096,257.2500,5,47.2700,3090,1
8305,32.0012,31.9609,4096,257.2500,5,47.2700,3090,1
8306,32.0012,31.9609,4096,257.2500,5,47.2700,3090,1
8307,32.0012,31.9609,4096,257.2500,5,47.2700,3090,1
8308,32.0012,31.9609,4096,257.2500,5,47.2700,3090,1
8309,32.0012,31.9609,4096,257.2500,5,47.2700,3090,1
8310,32.0012,31.9609,4096,257.2500,5,47.2700,3091,1
8311,32.0012,31.9609,4096,257.2500,5,47.2700,3091,1
8312,32.0012,31.9609,4096,257.2500,5,47.2700,3091,1
8313,32.0012,31.9609,4096,257.2500,5,47.2700,3091,1
8314,32.0012,31.9609,4096,257.2500,5,47.2700,3091,1
8315,32.0012,31.9609,4096,257.2500,5,47.2700,3091,1
8316,32.0012,31.9609,4096,257.2500,5,47.2700,3091,1
8317,32.0012,31.9609,4096,257.2500,5,47.2700,3091,1
8318,32.0012,31.9609,4096,257.2500,5,47.2700,3091,1
8319,32.0012,31.9609,4096,257.2500,5,47.2700,3091,1
8320,32.0012,31.9609,4096,257.2500,5,47.2700,3091,1
8321,32.0012,31.9609,4096,257.2500,5,47.2700,3091,1
8322,32.0012,31.9609,4096,257.2500,5,47.2700,3091,1
8323,32.0012,31.9609,4096,257.2500,5,47.2700,3091,1
8324,32.0012,31.9609,4096,257.2500,5,47.2700,3091,1
8325,32.0012,31.9609,4096,257.2500,5,47.2700,3091,1
8326,32.0012,31.9609,4096,257.2500,5,47.2700,3091,1
8327,32.0012,31.9609,4096,257.2500,5,47.2700,3091,1
8328,32.0012,31.9609,4096,257.2500,5,47.2700,3091,1
8329,32.0012,31.9609,4096,257.2500,5,47.2700,3091,1
8330,32.0012,31.9609,4096,257.2500,5,47.2700,3091,1
8331,32.0012,31.9609,4096,257.2500,5,47.2700,3091,1
8332,32.0012,31.9609,4096,257.2500,5,47.2700,3092,1
8333,32.0012,31.9609,4096,257.2500,5,47.2700,3092,1
8334,32.0012,31.9609,4096,257.2500,5,47.2700,3092,1
8335,32.0012,31.9609,4096,257.2500,5,47.2700,3092,1
8336,32.0012,31.9609,4096,257.2500,5,47.2700,3092,1
8337,32.0012,31.9609,4096,257.2500,5,47.2700,3092,1
8338,32.0012,31.9609,4096,257.2500,5,47.2700,3092,1
8339,32.0012,31.9609,4096,257.2500,5,47.2700,3093,1
8340,32.0012,31.9609,4096,257.2500,5,47.2700,3093,1
8341,32.0012,31.9609,4096,257.2500,5,47.2700,3093,1
8342,32.0012,31.9609,4096,257.2500,5,47.2700,3093,1
8343,32.0012,31.9609,4096,257.2500,5,47.2700,3093,1
8344,32.0012,31.9609,4096,257.2500,5,47.2700,3093,1
8345,32.0012,31.9609,4096,257.2500,5,47.2700,3094,1
8346,32.0012,31.9609,4096,257.2500,5,47.2700,3094,1
8347,32.0012,31.9609,4096,257.2500,5,47.2700,3094,1
8348,32.0012,31.9609,4096,257.2500,5,47.2700,3094,1
8349,32.0012,31.9609,4096,257.2500,5,47.2700,3094,1
8350,32.0012,31.9609,4096,257.2500,5,47.2700,3094,1
8351,32.0012,31.9609,4096,257.2500,5,47.2700,3095,1
8352,32.0012,31.9609,4096,257.2500,5,47.2700,3095,1
8353,32.0012,31.9609,4096,257.2500,5,47.2700,3095,1
8354,32.0012,31.9609,4096,257.2500,5,47.2700,3095,1
8355,32.0012,31.9609,4096,257.2500,5,47.2700,3096,1
8356,32.0012,31.9609,4096,257.2500,5,47.2700,3096,1
8357,32.0012,31.9609,4096,257.2500,5,47.2700,3096,1
8358,32.0012,31.9609,4096,257.2500,5,47.2700,3096,1
8359,32.0012,31.9609,4096,257.2500,5,47.2700,3096,1
8360,32.0012,31.9609,4096,257.2500,5,47.2700,3096,1
8361,32.0012,31.9609,4096,257.2500,5,47.2700,3097,1
8362,32.0012,31.9609,4096,257.2500,5,47.2700,3098,1
8363,32.0012,31.9609,4096,257.2500,5,47.2700,3099,1
8364,32.0012,31.9609,4096,257.2500,5,47.2700,3099,1
8365,32.0012,31.9609,4096,257.2500,5,47.2700,3099,1
8366,32.0012,31.9609,4096,257.2500,5,47.2700,3099,1
8367,32.0012,31.9609,4096,257.2500,5,47.2700,3099,1
8368,32.0012,31.9609,4096,257.2500,5,47.2700,3099,1
8369,32.0012,31.9609,4096,257.2500,5,47.2700,3100,1
8370,32.0012,31.9609,4096,257.2500,5,47.2700,3100,1
8371,32.0012,31.9609,4096,257.2500,5,47.2700,3100,1
8372,32.0012,31.9609,4096,257.2500,5,47.2700,3101,1
8373,32.0012,31.9609,4096,257.2500,5,47.2700,3102,1
8374,32.0012,31.9609,4096,257.2500,5,47.2700,3103,1
8375,32.0012,31.9609,4096,257.2500,5,47.2700,3104,1
8376,32.0012,31.9609,4096,257.2500,5,47.2700,3105,1
8377,32.0012,31.9609,4096,257.2500,5,47.2700,3105,1
8378,32.0012,31.9609,4096,257.2500,5,47.2700,3105,1
8379,32.0012,31.9609,4096,257.2500,5,47.2700,3105,1
8380,32.0012,31.9609,4096,257.2500,5,47.2700,3105,1
8381,32.0012,31.9609,4096,257.2500,5,47.2700,3105,1
8382,32.0012,31.9609,4096,257.2500,5,47.2700,3105,1
8383,32.0012,31.9609,4096,257.2500,5,47.2700,3105,1
8384,32.0012,31.9609,4096,257.2500,5,47.2700,3105,1
8385,32.0012,31.9609,4096,257.2500,5,47.2700,3105,1
8386,32.0012,31.9609,4096,257.2500,5,47.2700,3105,1
8387,32.0012,31.9609,4096,257.2500,5,47.2700,3105,1
8388,32.0012,31.9609,4096,257.2500,5,47.2700,3105,1
8389,32.0012,31.9609,4096,257.2500,5,47.2700,3105,1
8390,32.0012,31.9609,4096,257.2500,5,47.2700,3105,1
8391,32.0012,31.9609,4096,257.2500,5,47.2700,3105,1
8392,32.0012,31.9609,4096,257.2500,5,47.2700,3105,1
8393,32.0012,31.9609,4096,257.2500,5,47.2700,3105,1
8394,32.0012,31.9609,4096,257.2500,5,47.2700,3105,1
8395,32.0012,31.9609,4096,257.2500,5,47.2700,3105,1
8396,32.0012,31.9609,4096,257.2500,5,47.2700,3105,1
8397,32.0012,31.9609,4096,257.2500,5,47.2700,3105,1
8398,32.0012,31.9609,4096,257.2500,5,47.2700,3105,1
8399,32.0012,31.9609,4096,257.2500,5,47.2700,3105,1
8400,32.0012,31.9609,4096,257.2500,5,47.2700,3106,1
8401,32.0012,31.9609,4096,257.2500,5,47.2700,3106,1
8402,32.0012,31.9609,4096,257.2500,5,47.2700,3106,1
8403,32.0012,31.9609,4096,257.2500,5,47.2700,3107,1
8404,32.0012,31.9609,4096,257.2500,5,47.2700,3107,1
8405,32.0012,31.9609,4096,257.2500,5,47.2700,3108,1
8406,32.0012,31.9609,4096,257.2500,5,47.2700,3108,1
8407,32.0012,31.9609,4096,257.2500,5,47.2700,3108,1
8408,32.0012,31.9609,4096,257.2500,5,47.2700,3108,1
8409,32.0012,31.9609,4096,257.2500,5,47.2700,3108,1
8410,32.0012,31.9609,4096,257.2500,5,47.2700,3108,1
8411,32.0012,31.9609,4096,257.2500,5,47.2700,3108,1
8412,32.0012,31.9609,4096,257.2500,5,47.2700,3108,1
8413,32.0012,31.9609,4096,257.2500,5,47.2700,3108,1
8414,32.0012,31.9609,4096,257.2500,5,47.2700,3108,1
8415,32.0012,31.9609,4096,257.2500,5,47.2700,3109,1
8416,32.0012,31.9609,4096,257.2500,5,47.2700,3109,1
8417,32.0012,31.9609,4096,257.2500,5,47.2700,3109,1
8418,32.0012,31.9609,4096,257.2500,5,47.2700,3109,1
8419,32.0012,31.9609,4096,257.2500,5,47.2700,3110,1
8420,32.0012,31.9609,4096,257.2500,5,47.2700,3111,1
8421,32.0012,31.9609,4096,257.2500,5,47.2700,3111,1
8422,32.0012,31.9609,4096,257.2500,5,47.2700,3111,1
8423,32.0012,31.9609,4096,257.2500,5,47.2700,3111,1
8424,32.0012,31.9609,4096,257.2500,5,47.2700,3111,1
8425,32.0012,31.9609,4096,257.2500,5,47.2700,3111,1
8426,32.0012,31.9609,4096,257.2500,5,47.2700,3111,1
8427,32.0012,31.9609,4096,257.2500,5,47.2700,3111,1
8428,32.0012,31.9609,4096,257.2500,5,47.2700,3112,1
8429,32.0012,31.9609,4096,257.2500,5,47.2700,3112,1
8430,32.0012,31.9609,4096,257.2500,5,47.2700,3112,1
8431,32.0012,31.9609,4096,257.2500,5,47.2700,3113,1
8432,32.0012,31.9609,4096,257.2500,5,47.2700,3114,1
8433,32.0012,31.9609,4096,257.2500,5,47.2700,3115,1
8434,32.0012,31.9609,4096,257.2500,5,47.2700,3115,1
8435,32.0012,31.9609,4096,257.2500,5,47.2700,3115,1
8436,32.0012,31.9609,4096,257.2500,5,47.2700,3115,1
8437,32.0012,31.9609,4096,257.2500,5,47.2700,3115,1
8438,32.0012,31.9609,4096,257.2500,5,47.2700,3115,1
8439,32.0012,31.9609,4096,257.2500,5,47.2700,3115,1
8440,32.0012,31.9609,4096,257.2500,5,47.2700,3115,1
8441,32.0012,31.9609,4096,257.2500,5,47.2700,3115,1
8442,32.0012,31.9609,4096,257.2500,5,47.2700,3116,1
8443,32.0012,31.9609,4096,257.2500,5,47.2700,3117,1
8444,32.0012,31.9609,4096,257.2500,5,47.2700,3118,1
8445,32.0012,31.9609,4096,257.2500,5,47.2700,3118,1
8446,32.0012,31.9609,4096,257.2500,5,47.2700,3119,1
8447,32.0012,31.9609,4096,257.2500,5,47.2700,3119,1
8448,32.0012,31.9609,4096,257.2500,5,47.2700,3119,1
8449,32.0012,31.9609,4096,257.2500,5,47.2700,3119,1
8450,32.0012,31.9609,4096,257.2500,5,47.2700,3120,1
8451,32.0012,31.9609,4096,257.2500,5,47.2700,3120,1
8452,32.0012,31.9609,4096,257.2500,5,47.2700,3120,1
8453,32.0012,31.9609,4096,257.2500,5,47.2700,3120,1
8454,32.0012,31.9609,4096,257.2500,5,47.2700,3121,1
8455,32.0012,31.9609,4096,257.2500,5,47.2700,3121,1
8456,32.0012,31.9609,4096,257.2500,5,47.2700,3121,1
8457,32.0012,31.9609,4096,257.2500,5,47.2700,3122,1
8458,32.0012,31.9609,4096,257.2500,5,47.2700,3122,1
8459,32.0012,31.9609,4096,257.2500,5,47.2700,3122,1
8460,32.0012,31.9609,4096,257.2500,5,47.2700,3123,1
8461,32.0012,31.9609,4096,257.2500,5,47.2700,3123,1
8462,32.0012,31.9609,4096,257.2500,5,47.2700,3123,1
8463,32.0012,31.9609,4096,257.2500,5,47.2700,3123,1
8464,32.0012,31.9609,4096,257.2500,5,47.2700,3123,1
8465,32.0012,31.9609,4096,257.2500,5,47.2700,3124,1
8466,32.0012,31.9609,4096,257.2500,5,47.2700,3124,1
8467,32.0012,31.9609,4096,257.2500,5,47.2700,3124,1
8468,32.0012,31.9609,4096,257.2500,5,47.2700,3124,1
8469,32.0012,31.9609,4096,257.2500,5,47.2700,3124,1
8470,32.0012,31.9609,4096,257.2500,5,47.2700,3125,1
8471,32.0012,31.9609,4096,257.2500,5,47.2700,3126,1
8472,32.0012,31.9609,4096,257.2500,5,47.2700,3126,1
8473,32.0012,31.9609,4096,257.2500,5,47.2700,3126,1
8474,32.0012,31.9609,4096,257.2500,5,47.2700,3126,1
8475,32.0012,31.9609,4096,257.2500,5,47.2700,3126,1
8476,32.0012,31.9609,4096,257.2500,5,47.2700,3126,1
8477,32.0012,31.9609,4096,257.2500,5,47.2700,3127,1
8478,32.0012,31.9609,4096,257.2500,5,47.2700,3127,1
8479,32.0012,31.9609,4096,257.2500,5,47.2700,3128,1
8480,32.0012,31.9609,4096,257.2500,5,47.2700,3128,1
8481,32.0012,31.9609,4096,257.2500,5,47.2700,3128,1
8482,32.0012,31.9609,4096,257.2500,5,47.2700,3128,1
8483,32.0012,31.9609,4096,257.2500,5,47.2700,3128,1
8484,32.0012,31.9609,4096,257.2500,5,47.2700,3128,1
8485,32.0012,31.9609,4096,257.2500,5,47.2700,3129,1
8486,32.0012,31.9609,4096,257.2500,5,47.2700,3129,1
8487,32.0012,31.9609,4096,257.2500,5,47.2700,3129,1
8488,32.0012,31.9609,4096,257.2500,5,47.2700,3129,1
8489,32.0012,31.9609,4096,257.2500,5,47.2700,3129,1
8490,32.0012,31.9609,4096,257.2500,5,47.2700,3129,1
8491,32.0012,31.9609,4096,257.2500,5,47.2700,3129,1
8492,32.0012,31.9609,4096,257.2500,5,47.2700,3129,1
8493,32.0012,31.9609,4096,257.2500,5,47.2700,3130,1
8494,32.0012,31.9609,4096,257.2500,5,47.2700,3130,1
8495,32.0012,31.9609,4096,257.2500,5,47.2700,3131,1
8496,32.0012,31.9609,4096,257.2500,5,47.2700,3132,1
8497,32.0012,31.9609,4096,257.2500,5,47.2700,3133,1
8498,32.0012,31.9609,4096,257.2500,5,47.2700,3133,1
8499,32.0012,31.9609,4096,257.2500,5,47.2700,3133,1
8500,32.0012,31.9609,4096,257.2500,5,47.2700,3133,1
8501,32.0012,31.9609,4096,257.2500,5,47.2700,3134,1
8502,32.0012,31.9609,4096,257.2500,5,47.2700,3134,1
8503,32.0012,31.9609,4096,257.2500,5,47.2700,3135,1
8504,32.0012,31.9609,4096,257.2500,5,47.2700,3135,1
8505,32.0012,31.9609,4096,257.2500,5,47.2700,3135,1
8506,32.0012,31.9609,4096,257.2500,5,47.2700,3135,1
8507,32.0012,31.9609,4096,257.2500,5,47.2700,3135,1
8508,32.0012,31.9609,4096,257.2500,5,47.2700,3135,1
8509,32.0012,31.9609,4096,257.2500,5,47.2700,3135,1
8510,32.0012,31.9609,4096,257.2500,5,47.2700,3136,1
8511,32.0012,31.9609,4096,257.2500,5,47.2700,3136,1
8512,32.0012,31.9609,4096,257.2500,5,47.2700,3136,1
8513,32.0012,31.9609,4096,257.2500,5,47.2700,3137,1
8514,32.0012,31.9609,4096,257.2500,5,47.2700,3137,1
8515,32.0012,31.9609,4096,257.2500,5,47.2700,3137,1
8516,32.0012,31.9609,4096,257.2500,5,47.2700,3137,1
8517,32.0012,31.9609,4096,257.2500,5,47.2700,3138,1
8518,32.0012,31.9609,4096,257.2500,5,47.2700,3139,1
8519,32.0012,31.9609,4096,257.2500,5,47.2700,3140,1
8520,32.0012,31.9609,4096,257.2500,5,47.2700,3140,1
8521,32.0012,31.9609,4096,257.2500,5,47.2700,3140,1
8522,32.0012,31.9609,4096,257.2500,5,47.2700,3141,1
8523,32.0012,31.9609,4096,257.2500,5,47.2700,3142,1
8524,32.0012,31.9609,4096,257.2500,5,47.2700,3142,1
8525,32.0012,31.9609,4096,257.2500,5,47.2700,3142,1
8526,32.0012,31.9609,4096,257.2500,5,47.2700,3143,1
8527,32.0012,31.9609,4096,257.2500,5,47.2700,3143,1
8528,32.0012,31.9609,4096,257.2500,5,47.2700,3143,1
8529,32.0012,31.9609,4096,257.2500,5,47.2700,3143,1
8530,32.0012,31.9609,4096,257.2500,5,47.2700,3143,1
8531,32.0012,31.9609,4096,257.2500,5,47.2700,3143,1
8532,32.0012,31.9609,4096,257.2500,5,47.2700,3144,1
8533,32.0012,31.9609,4096,257.2500,5,47.2700,3144,1
8534,32.0012,31.9609,4096,257.2500,5,47.2700,3145,1
8535,32.0012,31.9609,4096,257.2500,5,47.2700,3145,1
8536,32.0012,31.9609,4096,257.2500,5,47.2700,3146,1
8537,32.0012,31.9609,4096,257.2500,5,47.2700,3146,1
8538,32.0012,31.9609,4096,257.2500,5,47.2700,3147,1
8539,32.0012,31.9609,4096,257.2500,5,47.2700,3148,1
8540,32.0012,31.9609,4096,257.2500,5,47.2700,3149,1
8541,32.0012,31.9609,4096,257.2500,5,47.2700,3150,1
8542,32.0012,31.9609,4096,257.2500,5,47.2700,3151,1
8543,32.0012,31.9609,4096,257.2500,5,47.2700,3151,1
8544,32.0012,31.9609,4096,257.2500,5,47.2700,3151,1
8545,32.0012,31.9609,4096,257.2500,5,47.2700,3151,1
8546,32.0012,31.9609,4096,257.2500,5,47.2700,3151,1
8547,32.0012,31.9609,4096,257.2500,5,47.2700,3151,1
8548,32.0012,31.9609,4096,257.2500,5,47.2700,3151,1
8549,32.0012,31.9609,4096,257.2500,5,47.2700,3151,1
8550,32.0012,31.9609,4096,257.2500,5,47.2700,3151,1
8551,32.0012,31.9609,4096,257.2500,5,47.2700,3151,1
8552,32.0012,31.9609,4096,257.2500,5,47.2700,3152,1
8553,32.0012,31.9609,4096,257.2500,5,47.2700,3152,1
8554,32.0012,31.9609,4096,257.2500,5,47.2700,3152,1
8555,32.0012,31.9609,4096,257.2500,5,47.2700,3152,1
8556,32.0012,31.9609,4096,257.2500,5,47.2700,3152,1
8557,32.0012,31.9609,4096,257.2500,5,47.2700,3152,1
8558,32.0012,31.9609,4096,257.2500,5,47.2700,3152,1
8559,32.0012,31.9609,4096,257.2500,5,47.2700,3153,1
8560,32.0012,31.9609,4096,257.2500,5,47.2700,3153,1
8561,32.0012,31.9609,4096,257.2500,5,47.2700,3153,1
8562,32.0012,31.9609,4096,257.2500,5,47.2700,3153,1
8563,32.0012,31.9609,4096,257.2500,5,47.2700,3154,1
8564,32.0012,31.9609,4096,257.2500,5,47.2700,3154,1
8565,32.0012,31.9609,4096,257.2500,5,47.2700,3154,1
8566,32.0012,31.9609,4096,257.2500,5,47.2700,3155,1
8567,32.0012,31.9609,4096,257.2500,5,47.2700,3156,1
8568,32.0012,31.9609,4096,257.2500,5,47.2700,3156,1
8569,32.0012,31.9609,4096,257.2500,5,47.2700,3157,1
8570,32.0012,31.9609,4096,257.2500,5,47.2700,3158,1
8571,32.0012,31.9609,4096,257.2500,5,47.2700,3159,1
8572,32.0012,31.9609,4096,257.2500,5,47.2700,3159,1
8573,32.0012,31.9609,4096,257.2500,5,47.2700,3159,1
8574,32.0012,31.9609,4096,257.2500,5,47.2700,3159,1
8575,32.0012,31.9609,4096,257.2500,5,47.2700,3159,1
8576,32.0012,31.9609,4096,257.2500,5,47.2700,3159,1
8577,32.0012,31.9609,4096,257.2500,5,47.2700,3159,1
8578,32.0012,31.9609,4096,257.2500,5,47.2700,3159,1
8579,32.0012,31.9609,4096,257.2500,5,47.2700,3160,1
8580,32.0012,31.9609,4096,257.2500,5,47.2700,3160,1
8581,32.0012,31.9609,4096,257.2500,5,47.2700,3160,1
8582,32.0012,31.9609,4096,257.2500,5,47.2700,3161,1
8583,32.0012,31.9609,4096,257.2500,5,47.2700,3161,1
8584,32.0012,31.9609,4096,257.2500,5,47.2700,3161,1
8585,32.0012,31.9609,4096,257.2500,5,47.2700,3162,1
8586,32.0012,31.9609,4096,257.2500,5,47.2700,3162,1
8587,32.0012,31.9609,4096,257.2500,5,47.2700,3162,1
8588,32.0012,31.9609,4096,257.2500,5,47.2700,3162,1
8589,32.0012,31.9609,4096,257.2500,5,47.2700,3162,1
8590,32.0012,31.9609,4096,257.2500,5,47.2700,3163,1
8591,32.0012,31.9609,4096,257.2500,5,47.2700,3163,1
8592,32.0012,31.9609,4096,257.2500,5,47.2700,3163,1
8593,32.0012,31.9609,4096,257.2500,5,47.2700,3163,1
8594,32.0012,31.9609,4096,257.2500,5,47.2700,3163,1
8595,32.0012,31.9609,4096,257.2500,5,47.2700,3163,1
8596,32.0012,31.9609,4096,257.2500,5,47.2700,3163,1
8597,32.0012,31.9609,4096,257.2500,5,47.2700,3163,1
8598,32.0012,31.9609,4096,257.2500,5,47.2700,3164,1
8599,32.0012,31.9609,4096,257.2500,5,47.2700,3165,1
8600,32.0012,31.9609,4096,257.2500,5,47.2700,3166,1
8601,32.0012,31.9609,4096,257.2500,5,47.2700,3166,1
8602,32.0012,31.9609,4096,257.2500,5,47.2700,3166,1
8603,32.0012,31.9609,4096,257.2500,5,47.2700,3167,1
8604,32.0012,31.9609,4096,257.2500,5,47.2700,3168,1
8605,32.0012,31.9609,4096,257.2500,5,47.2700,3168,1
8606,32.0012,31.9609,4096,257.2500,5,47.2700,3168,1
8607,32.0012,31.9609,4096,257.2500,5,47.2700,3168,1
8608,32.0012,31.9609,4096,257.2500,5,47.2700,3168,1
8609,32.0012,31.9609,4096,257.2500,5,47.2700,3168,1
8610,32.0012,31.9609,4096,257.2500,5,47.2700,3169,1
8611,32.0012,31.9609,4096,257.2500,5,47.2700,3169,1
8612,32.0012,31.9609,4096,257.2500,5,47.2700,3169,1
8613,32.0012,31.9609,4096,257.2500,5,47.2700,3169,1
8614,32.0012,31.9609,4096,257.2500,5,47.2700,3169,1
8615,32.0012,31.9609,4096,257.2500,5,47.2700,3169,1
8616,32.0012,31.9609,4096,257.2500,5,47.2700,3169,1
8617,32.0012,31.9609,4096,257.2500,5,47.2700,3169,1
8618,32.0012,31.9609,4096,257.2500,5,47.2700,3169,1
8619,32.0012,31.9609,4096,257.2500,5,47.2700,3170,1
8620,32.0012,31.9609,4096,257.2500,5,47.2700,3171,1
8621,32.0012,31.9609,4096,257.2500,5,47.2700,3171,1
8622,32.0012,31.9609,4096,257.2500,5,47.2700,3171,1
8623,32.0012,31.9609,4096,257.2500,5,47.2700,3171,1
8624,32.0012,31.9609,4096,257.2500,5,47.2700,3171,1
8625,32.0012,31.9609,4096,257.2500,5,47.2700,3171,1
8626,32.0012,31.9609,4096,257.2500,5,47.2700,3171,1
8627,32.0012,31.9609,4096,257.2500,5,47.2700,3171,1
8628,32.0012,31.9609,4096,257.2500,5,47.2700,3171,1
8629,32.0012,31.9609,4096,257.2500,5,47.2700,3172,1
8630,32.0012,31.9609,4096,257.2500,5,47.2700,3172,1
8631,32.0012,31.9609,4096,257.2500,5,47.2700,3173,1
8632,32.0012,31.9609,4096,257.2500,5,47.2700,3173,1
8633,32.0012,31.9609,4096,257.2500,5,47.2700,3173,1
8634,32.0012,31.9609,4096,257.2500,5,47.2700,3173,1
8635,32.0012,31.9609,4096,257.2500,5,47.2700,3174,1
8636,32.0012,31.9609,4096,257.2500,5,47.2700,3174,1
8637,32.0012,31.9609,4096,257.2500,5,47.2700,3174,1
8638,32.0012,31.9609,4096,257.2500,5,47.2700,3174,1
8639,32.0012,31.9609,4096,257.2500,5,47.2700,3174,1
8640,32.0012,31.9609,4096,257.2500,5,47.2700,3175,1
8641,32.0012,31.9609,4096,257.2500,5,47.2700,3176,1
8642,32.0012,31.9609,4096,257.2500,5,47.2700,3176,1
8643,32.0012,31.9609,4096,257.2500,5,47.2700,3176,1
8644,32.0012,31.9609,4096,257.2500,5,47.2700,3177,1
8645,32.0012,31.9609,4096,257.2500,5,47.2700,3177,1
8646,32.0012,31.9609,4096,257.2500,5,47.2700,3177,1
8647,32.0012,31.9609,4096,257.2500,5,47.2700,3177,1
8648,32.0012,31.9609,4096,257.2500,5,47.2700,3177,1
8649,32.0012,31.9609,4096,257.2500,5,47.2700,3177,1
8650,32.0012,31.9609,4096,257.2500,5,47.2700,3178,1
8651,32.0012,31.9609,4096,257.2500,5,47.2700,3178,1
8652,32.0012,31.9609,4096,257.2500,5,47.2700,3178,1
8653,32.0012,31.9609,4096,257.2500,5,47.2700,3179,1
8654,32.0012,31.9609,4096,257.2500,5,47.2700,3180,1
8655,32.0012,31.9609,4096,257.2500,5,47.2700,3180,1
8656,32.0012,31.9609,4096,257.2500,5,47.2700,3181,1
8657,32.0012,31.9609,4096,257.2500,5,47.2700,3181,1
8658,32.0012,31.9609,4096,257.2500,5,47.2700,3182,1
8659,32.0012,31.9609,4096,257.2500,5,47.2700,3183,1
8660,32.0012,31.9609,4096,257.2500,5,47.2700,3184,1
8661,32.0012,31.9609,4096,257.2500,5,47.2700,3184,1
8662,32.0012,31.9609,4096,257.2500,5,47.2700,3185,1
8663,32.0012,31.9609,4096,257.2500,5,47.2700,3185,1
8664,32.0012,31.9609,4096,257.2500,5,47.2700,3185,1
8665,32.0012,31.9609,4096,257.2500,5,47.2700,3185,1
8666,32.0012,31.9609,4096,257.2500,5,47.2700,3186,1
8667,32.0012,31.9609,4096,257.2500,5,47.2700,3186,1
8668,32.0012,31.9609,4096,257.2500,5,47.2700,3186,1
8669,32.0012,31.9609,4096,257.2500,5,47.2700,3187,1
8670,32.0012,31.9609,4096,257.2500,5,47.2700,3187,1
8671,32.0012,31.9609,4096,257.2500,5,47.2700,3187,1
8672,32.0012,31.9609,4096,257.2500,5,47.2700,3187,1
8673,32.0012,31.9609,4096,257.2500,5,47.2700,3187,1
8674,32.0012,31.9609,4096,257.2500,5,47.2700,3187,1
8675,32.0012,31.9609,4096,257.2500,5,47.2700,3187,1
8676,32.0012,31.9609,4096,257.2500,5,47.2700,3188,1
8677,32.0012,31.9609,4096,257.2500,5,47.2700,3189,1
8678,32.0012,31.9609,4096,257.2500,5,47.2700,3189,1
8679,32.0012,31.9609,4096,257.2500,5,47.2700,3189,1
8680,32.0012,31.9609,4096,257.2500,5,47.2700,3189,1
8681,32.0012,31.9609,4096,257.2500,5,47.2700,3189,1
8682,32.0012,31.9609,4096,257.2500,5,47.2700,3190,1
8683,32.0012,31.9609,4096,257.2500,5,47.2700,3190,1
8684,32.0012,31.9609,4096,257.2500,5,47.2700,3191,1
8685,32.0012,31.9609,4096,257.2500,5,47.2700,3191,1
8686,32.0012,31.9609,4096,257.2500,5,47.2700,3191,1
8687,32.0012,31.9609,4096,257.2500,5,47.2700,3192,1
8688,32.0012,31.9609,4096,257.2500,5,47.2700,3193,1
8689,32.0012,31.9609,4096,257.2500,5,47.2700,3194,1
8690,32.0012,31.9609,4096,257.2500,5,47.2700,3195,1
8691,32.0012,31.9609,4096,257.2500,5,47.2700,3195,1
8692,32.0012,31.9609,4096,257.2500,5,47.2700,3195,1
8693,32.0012,31.9609,4096,257.2500,5,47.2700,3195,1
8694,32.0012,31.9609,4096,257.2500,5,47.2700,3195,1
8695,32.0012,31.9609,4096,257.2500,5,47.2700,3195,1
8696,32.0012,31.9609,4096,257.2500,5,47.2700,3195,1
8697,32.0012,31.9609,4096,257.2500,5,47.2700,3195,1
8698,32.0012,31.9609,4096,257.2500,5,47.2700,3195,1
8699,32.0012,31.9609,4096,257.2500,5,47.2700,3196,1
8700,32.0012,31.9609,4096,257.2500,5,47.2700,3196,1
8701,32.0012,31.9609,4096,257.2500,5,47.2700,3197,1
8702,32.0012,31.9609,4096,257.2500,5,47.2700,3197,1
8703,32.0012,31.9609,4096,257.2500,5,47.2700,3197,1
8704,32.0012,31.9609,4096,257.2500,5,47.2700,3197,1
8705,32.0012,31.9609,4096,257.2500,5,47.2700,3197,1
8706,32.0012,31.9609,4096,257.2500,5,47.2700,3197,1
8707,32.0012,31.9609,4096,257.2500,5,47.2700,3197,1
8708,32.0012,31.9609,4096,257.2500,5,47.2700,3197,1
8709,32.0012,31.9609,4096,257.2500,5,47.2700,3197,1
8710,32.0012,31.9609,4096,257.2500,5,47.2700,3197,1
8711,32.0012,31.9609,4096,257.2500,5,47.2700,3197,1
8712,32.0012,31.9609,4096,257.2500,5,47.2700,3197,1
8713,32.0012,31.9609,4096,257.2500,5,47.2700,3197,1
8714,32.0012,31.9609,4096,257.2500,5,47.2700,3197,1
8715,32.0012,31.9609,4096,257.2500,5,47.2700,3198,1
8716,32.0012,31.9609,4096,257.2500,5,47.2700,3198,1
8717,32.0012,31.9609,4096,257.2500,5,47.2700,3198,1
8718,32.0012,31.9609,4096,257.2500,5,47.2700,3199,1
8719,32.0012,31.9609,4096,257.2500,5,47.2700,3199,1
8720,32.0012,31.9609,4096,257.2500,5,47.2700,3199,1
8721,32.0012,31.9609,4096,257.2500,5,47.2700,3199,1
8722,32.0012,31.9609,4096,257.2500,5,47.2700,3199,1
8723,32.0012,31.9609,4096,257.2500,5,47.2700,3200,1
8724,32.0012,31.9609,4096,257.2500,5,47.2700,3201,1
8725,32.0012,31.9609,4096,257.2500,5,47.2700,3202,1
8726,32.0012,31.9609,4096,257.2500,5,47.2700,3202,1
8727,32.0012,31.9609,4096,257.2500,5,47.2700,3202,1
8728,32.0012,31.9609,4096,257.2500,5,47.2700,3203,1
8729,32.0012,31.9609,4096,257.2500,5,47.2700,3203,1
8730,32.0012,31.9609,4096,257.2500,5,47.2700,3203,1
8731,32.0012,31.9609,4096,257.2500,5,47.2700,3203,1
8732,32.0012,31.9609,4096,257.2500,5,47.2700,3203,1
8733,32.0012,31.9609,4096,257.2500,5,47.2700,3203,1
8734,32.0012,31.9609,4096,257.2500,5,47.2700,3203,1
8735,32.0012,31.9609,4096,257.2500,5,47.2700,3204,1
8736,32.0012,31.9609,4096,257.2500,5,47.2700,3204,1
8737,32.0012,31.9609,4096,257.2500,5,47.2700,3204,1
8738,32.0012,31.9609,4096,257.2500,5,47.2700,3205,1
8739,32.0012,31.9609,4096,257.2500,5,47.2700,3205,1
8740,32.0012,31.9609,4096,257.2500,5,47.2700,3205,1
8741,32.0012,31.9609,4096,257.2500,5,47.2700,3205,1
8742,32.0012,31.9609,4096,257.2500,5,47.2700,3205,1
8743,32.0012,31.9609,4096,257.2500,5,47.2700,3205,1
8744,32.0012,31.9609,4096,257.2500,5,47.2700,3206,1
8745,32.0012,31.9609,4096,257.2500,5,47.2700,3206,1
8746,32.0012,31.9609,4096,257.2500,5,47.2700,3206,1
8747,32.0012,31.9609,4096,257.2500,5,47.2700,3207,1
8748,32.0012,31.9609,4096,257.2500,5,47.2700,3207,1
8749,32.0012,31.9609,4096,257.2500,5,47.2700,3208,1
8750,32.0012,31.9609,4096,257.2500,5,47.2700,3208,1
8751,32.0012,31.9609,4096,257.2500,5,47.2700,3208,1
8752,32.0012,31.9609,4096,257.2500,5,47.2700,3208,1
8753,32.0012,31.9609,4096,257.2500,5,47.2700,3209,1
8754,32.0012,31.9609,4096,257.2500,5,47.2700,3210,1
8755,32.0012,31.9609,4096,257.2500,5,47.2700,3210,1
8756,32.0012,31.9609,4096,257.2500,5,47.2700,3211,1
8757,32.0012,31.9609,4096,257.2500,5,47.2700,3211,1
8758,32.0012,31.9609,4096,257.2500,5,47.2700,3212,1
8759,32.0012,31.9609,4096,257.2500,5,47.2700,3212,1
8760,32.0012,31.9609,4096,257.2500,5,47.2700,3212,1
8761,32.0012,31.9609,4096,257.2500,5,47.2700,3213,1
8762,32.0012,31.9609,4096,257.2500,5,47.2700,3213,1
8763,32.0012,31.9609,4096,257.2500,5,47.2700,3214,1
8764,32.0012,31.9609,4096,257.2500,5,47.2700,3214,1
8765,32.0012,31.9609,4096,257.2500,5,47.2700,3214,1
8766,32.0012,31.9609,4096,257.2500,5,47.2700,3215,1
8767,32.0012,31.9609,4096,257.2500,5,47.2700,3216,1
8768,32.0012,31.9609,4096,257.2500,5,47.2700,3216,1
8769,32.0012,31.9609,4096,257.2500,5,47.2700,3217,1
8770,32.0012,31.9609,4096,257.2500,5,47.2700,3217,1
8771,32.0012,31.9609,4096,257.2500,5,47.2700,3217,1
8772,32.0012,31.9609,4096,257.2500,5,47.2700,3217,1
8773,32.0012,31.9609,4096,257.2500,5,47.2700,3218,1
8774,32.0012,31.9609,4096,257.2500,5,47.2700,3218,1
8775,32.0012,31.9609,4096,257.2500,5,47.2700,3218,1
8776,32.0012,31.9609,4096,257.2500,5,47.2700,3218,1
8777,32.0012,31.9609,4096,257.2500,5,47.2700,3218,1
8778,32.0012,31.9609,4096,257.2500,5,47.2700,3218,1
8779,32.0012,31.9609,4096,257.2500,5,47.2700,3218,1
8780,32.0012,31.9609,4096,257.2500,5,47.2700,3218,1
8781,32.0012,31.9609,4096,257.2500,5,47.2700,3219,1
8782,32.0012,31.9609,4096,257.2500,5,47.2700,3220,1
8783,32.0012,31.9609,4096,257.2500,5,47.2700,3221,1
8784,32.0012,31.9609,4096,257.2500,5,47.2700,3221,1
8785,32.0012,31.9609,4096,257.2500,5,47.2700,3221,1
8786,32.0012,31.9609,4096,257.2500,5,47.2700,3222,1
8787,32.0012,31.9609,4096,257.2500,5,47.2700,3222,1
8788,32.0012,31.9609,4096,257.2500,5,47.2700,3223,1
8789,32.0012,31.9609,4096,257.2500,5,47.2700,3223,1
8790,32.0012,31.9609,4096,257.2500,5,47.2700,3223,1
8791,32.0012,31.9609,4096,257.2500,5,47.2700,3224,1
8792,32.0012,31.9609,4096,257.2500,5,47.2700,3224,1
8793,32.0012,31.9609,4096,257.2500,5,47.2700,3224,1
8794,32.0012,31.9609,4096,257.2500,5,47.2700,3224,1
8795,32.0012,31.9609,4096,257.2500,5,47.2700,3225,1
8796,32.0012,31.9609,4096,257.2500,5,47.2700,3225,1
8797,32.0012,31.9609,4096,257.2500,5,47.2700,3226,1
8798,32.0012,31.9609,4096,257.2500,5,47.2700,3226,1
8799,32.0012,31.9609,4096,257.2500,5,47.2700,3226,1
8800,32.0012,31.9609,4096,257.2500,5,47.2700,3227,1
8801,32.0012,31.9609,4096,257.2500,5,47.2700,3227,1
8802,32.0012,31.9609,4096,257.2500,5,47.2700,3228,1
8803,32.0012,31.9609,4096,257.2500,5,47.2700,3229,1
8804,32.0012,31.9609,4096,257.2500,5,47.2700,3229,1
8805,32.0012,31.9609,4096,257.2500,5,47.2700,3230,1
8806,32.0012,31.9609,4096,257.2500,5,47.2700,3230,1
8807,32.0012,31.9609,4096,257.2500,5,47.2700,3230,1
8808,32.0012,31.9609,4096,257.2500,5,47.2700,3230,1
8809,32.0012,31.9609,4096,257.2500,5,47.2700,3230,1
8810,32.0012,31.9609,4096,257.2500,5,47.2700,3230,1
8811,32.0012,31.9609,4096,257.2500,5,47.2700,3231,1
8812,32.0012,31.9609,4096,257.2500,5,47.2700,3231,1
8813,32.0012,31.9609,4096,257.2500,5,47.2700,3231,1
8814,32.0012,31.9609,4096,257.2500,5,47.2700,3231,1
8815,32.0012,31.9609,4096,257.2500,5,47.2700,3231,1
8816,32.0012,31.9609,4096,257.2500,5,47.2700,3231,1
8817,32.0012,31.9609,4096,257.2500,5,47.2700,3232,1
8818,32.0012,31.9609,4096,257.2500,5,47.2700,3232,1
8819,32.0012,31.9609,4096,257.2500,5,47.2700,3233,1
8820,32.0012,31.9609,4096,257.2500,5,47.2700,3234,1
8821,32.0012,31.9609,4096,257.2500,5,47.2700,3234,1
8822,32.0012,31.9609,4096,257.2500,5,47.2700,3234,1
8823,32.0012,31.9609,4096,257.2500,5,47.2700,3234,1
8824,32.0012,31.9609,4096,257.2500,5,47.2700,3234,1
8825,32.0012,31.9609,4096,257.2500,5,47.2700,3234,1
8826,32.0012,31.9609,4096,257.2500,5,47.2700,3235,1
8827,32.0012,31.9609,4096,257.2500,5,47.2700,3235,1
8828,32.0012,31.9609,4096,257.2500,5,47.2700,3235,1
8829,32.0012,31.9609,4096,257.2500,5,47.2700,3235,1
8830,32.0012,31.9609,4096,257.2500,5,47.2700,3236,1
8831,32.0012,31.9609,4096,257.2500,5,47.2700,3236,1
8832,32.0012,31.9609,4096,257.2500,5,47.2700,3236,1
8833,32.0012,31.9609,4096,257.2500,5,47.2700,3237,1
8834,32.0012,31.9609,4096,257.2500,5,47.2700,3238,1
8835,32.0012,31.9609,4096,257.2500,5,47.2700,3238,1
8836,32.0012,31.9609,4096,257.2500,5,47.2700,3238,1
8837,32.0012,31.9609,4096,257.2500,5,47.2700,3238,1
8838,32.0012,31.9609,4096,257.2500,5,47.2700,3238,1
8839,32.0012,31.9609,4096,257.2500,5,47.2700,3238,1
8840,32.0012,31.9609,4096,257.2500,5,47.2700,3239,1
8841,32.0012,31.9609,4096,257.2500,5,47.2700,3239,1
8842,32.0012,31.9609,4096,257.2500,5,47.2700,3239,1
8843,32.0012,31.9609,4096,257.2500,5,47.2700,3240,1
8844,32.0012,31.9609,4096,257.2500,5,47.2700,3240,1
8845,32.0012,31.9609,4096,257.2500,5,47.2700,3241,1
8846,32.0012,31.9609,4096,257.2500,5,47.2700,3241,1
8847,32.0012,31.9609,4096,257.2500,5,47.2700,3241,1
8848,32.0012,31.9609,4096,257.2500,5,47.2700,3241,1
8849,32.0012,31.9609,4096,257.2500,5,47.2700,3241,1
8850,32.0012,31.9609,4096,257.2500,5,47.2700,3241,1
8851,32.0012,31.9609,4096,257.2500,5,47.2700,3242,1
8852,32.0012,31.9609,4096,257.2500,5,47.2700,3243,1
8853,32.0012,31.9609,4096,257.2500,5,47.2700,3243,1
8854,32.0012,31.9609,4096,257.2500,5,47.2700,3243,1
8855,32.0012,31.9609,4096,257.2500,5,47.2700,3243,1
8856,32.0012,31.9609,4096,257.2500,5,47.2700,3243,1
8857,32.0012,31.9609,4096,257.2500,5,47.2700,3244,1
8858,32.0012,31.9609,4096,257.2500,5,47.2700,3244,1
8859,32.0012,31.9609,4096,257.2500,5,47.2700,3244,1
8860,32.0012,31.9609,4096,257.2500,5,47.2700,3244,1
8861,32.0012,31.9609,4096,257.2500,5,47.2700,3245,1
8862,32.0012,31.9609,4096,257.2500,5,47.2700,3245,1
8863,32.0012,31.9609,4096,257.2500,5,47.2700,3245,1
8864,32.0012,31.9609,4096,257.2500,5,47.2700,3246,1
8865,32.0012,31.9609,4096,257.2500,5,47.2700,3246,1
8866,32.0012,31.9609,4096,257.2500,5,47.2700,3247,1
8867,32.0012,31.9609,4096,257.2500,5,47.2700,3247,1
8868,32.0012,31.9609,4096,257.2500,5,47.2700,3247,1
8869,32.0012,31.9609,4096,257.2500,5,47.2700,3248,1
8870,32.0012,31.9609,4096,257.2500,5,47.2700,3249,1
8871,32.0012,31.9609,4096,257.2500,5,47.2700,3249,1
8872,32.0012,31.9609,4096,257.2500,5,47.2700,3250,1
8873,32.0012,31.9609,4096,257.2500,5,47.2700,3250,1
8874,32.0012,31.9609,4096,257.2500,5,47.2700,3251,1
8875,32.0012,31.9609,4096,257.2500,5,47.2700,3251,1
8876,32.0012,31.9609,4096,257.2500,5,47.2700,3251,1
8877,32.0012,31.9609,4096,257.2500,5,47.2700,3251,1
8878,32.0012,31.9609,4096,257.2500,5,47.2700,3251,1
8879,32.0012,31.9609,4096,257.2500,5,47.2700,3252,1
8880,32.0012,31.9609,4096,257.2500,5,47.2700,3252,1
8881,32.0012,31.9609,4096,257.2500,5,47.2700,3252,1
8882,32.0012,31.9609,4096,257.2500,5,47.2700,3252,1
8883,32.0012,31.9609,4096,257.2500,5,47.2700,3253,1
8884,32.0012,31.9609,4096,257.2500,5,47.2700,3253,1
8885,32.0012,31.9609,4096,257.2500,5,47.2700,3254,1
8886,32.0012,31.9609,4096,257.2500,5,47.2700,3255,1
8887,32.0012,31.9609,4096,257.2500,5,47.2700,3256,1
8888,32.0012,31.9609,4096,257.2500,5,47.2700,3256,1
8889,32.0012,31.9609,4096,257.2500,5,47.2700,3256,1
8890,32.0012,31.9609,4096,257.2500,5,47.2700,3256,1
8891,32.0012,31.9609,4096,257.2500,5,47.2700,3257,1
8892,32.0012,31.9609,4096,257.2500,5,47.2700,3258,1
8893,32.0012,31.9609,4096,257.2500,5,47.2700,3258,1
8894,32.0012,31.9609,4096,257.2500,5,47.2700,3259,1
8895,32.0012,31.9609,4096,257.2500,5,47.2700,3259,1
8896,32.0012,31.9609,4096,257.2500,5,47.2700,3259,1
8897,32.0012,31.9609,4096,257.2500,5,47.2700,3259,1
8898,32.0012,31.9609,4096,257.2500,5,47.2700,3259,1
8899,32.0012,31.9609,4096,257.2500,5,47.2700,3259,1
8900,32.0012,31.9609,4096,257.2500,5,47.2700,3259,1
8901,32.0012,31.9609,4096,257.2500,5,47.2700,3260,1
8902,32.0012,31.9609,4096,257.2500,5,47.2700,3260,1
8903,32.0012,31.9609,4096,257.2500,5,47.2700,3260,1
8904,32.0012,31.9609,4096,257.2500,5,47.2700,3261,1
8905,32.0012,31.9609,4096,257.2500,5,47.2700,3261,1
8906,32.0012,31.9609,4096,257.2500,5,47.2700,3261,1
8907,32.0012,31.9609,4096,257.2500,5,47.2700,3261,1
8908,32.0012,31.9609,4096,257.2500,5,47.2700,3261,1
8909,32.0012,31.9609,4096,257.2500,5,47.2700,3262,1
8910,32.0012,31.9609,4096,257.2500,5,47.2700,3263,1
8911,32.0012,31.9609,4096,257.2500,5,47.2700,3264,1
8912,32.0012,31.9609,4096,257.2500,5,47.2700,3265,1
8913,32.0012,31.9609,4096,257.2500,5,47.2700,3265,1
8914,32.0012,31.9609,4096,257.2500,5,47.2700,3265,1
8915,32.0012,31.9609,4096,257.2500,5,47.2700,3265,1
8916,32.0012,31.9609,4096,257.2500,5,47.2700,3265,1
8917,32.0012,31.9609,4096,257.2500,5,47.2700,3265,1
8918,32.0012,31.9609,4096,257.2500,5,47.2700,3265,1
8919,32.0012,31.9609,4096,257.2500,5,47.2700,3265,1
8920,32.0012,31.9609,4096,257.2500,5,47.2700,3265,1
8921,32.0012,31.9609,4096,257.2500,5,47.2700,3265,1
8922,32.0012,31.9609,4096,257.2500,5,47.2700,3266,1
8923,32.0012,31.9609,4096,257.2500,5,47.2700,3266,1
8924,32.0012,31.9609,4096,257.2500,5,47.2700,3266,1
8925,32.0012,31.9609,4096,257.2500,5,47.2700,3266,1
8926,32.0012,31.9609,4096,257.2500,5,47.2700,3266,1
8927,32.0012,31.9609,4096,257.2500,5,47.2700,3266,1
8928,32.0012,31.9609,4096,257.2500,5,47.2700,3267,1
8929,32.0012,31.9609,4096,257.2500,5,47.2700,3267,1
8930,32.0012,31.9609,4096,257.2500,5,47.2700,3268,1
8931,32.0012,31.9609,4096,257.2500,5,47.2700,3269,1
8932,32.0012,31.9609,4096,257.2500,5,47.2700,3270,1
8933,32.0012,31.9609,4096,257.2500,5,47.2700,3271,1
8934,32.0012,31.9609,4096,257.2500,5,47.2700,3271,1
8935,32.0012,31.9609,4096,257.2500,5,47.2700,3271,1
8936,32.0012,31.9609,4096,257.2500,5,47.2700,3271,1
8937,32.0012,31.9609,4096,257.2500,5,47.2700,3271,1
8938,32.0012,31.9609,4096,257.2500,5,47.2700,3271,1
8939,32.0012,31.9609,4096,257.2500,5,47.2700,3271,1
8940,32.0012,31.9609,4096,257.2500,5,47.2700,3271,1
8941,32.0012,31.9609,4096,257.2500,5,47.2700,3271,1
8942,32.0012,31.9609,4096,257.2500,5,47.2700,3272,1
8943,32.0012,31.9609,4096,257.2500,5,47.2700,3273,1
8944,32.0012,31.9609,4096,257.2500,5,47.2700,3273,1
8945,32.0012,31.9609,4096,257.2500,5,47.2700,3273,1
8946,32.0012,31.9609,4096,257.2500,5,47.2700,3273,1
8947,32.0012,31.9609,4096,257.2500,5,47.2700,3273,1
8948,32.0012,31.9609,4096,257.2500,5,47.2700,3273,1
8949,32.0012,31.9609,4096,257.2500,5,47.2700,3274,1
8950,32.0012,31.9609,4096,257.2500,5,47.2700,3274,1
8951,32.0012,31.9609,4096,257.2500,5,47.2700,3275,1
8952,32.0012,31.9609,4096,257.2500,5,47.2700,3275,1
8953,32.0012,31.9609,4096,257.2500,5,47.2700,3275,1
8954,32.0012,31.9609,4096,257.2500,5,47.2700,3276,1
8955,32.0012,31.9609,4096,257.2500,5,47.2700,3277,1
8956,32.0012,31.9609,4096,257.2500,5,47.2700,3277,1
8957,32.0012,31.9609,4096,257.2500,5,47.2700,3277,1
8958,32.0012,31.9609,4096,257.2500,5,47.2700,3277,1
8959,32.0012,31.9609,4096,257.2500,5,47.2700,3278,1
8960,32.0012,31.9609,4096,257.2500,5,47.2700,3278,1
8961,32.0012,31.9609,4096,257.2500,5,47.2700,3279,1
8962,32.0012,31.9609,4096,257.2500,5,47.2700,3280,1
8963,32.0012,31.9609,4096,257.2500,5,47.2700,3280,1
8964,32.0012,31.9609,4096,257.2500,5,47.2700,3280,1
8965,32.0012,31.9609,4096,257.2500,5,47.2700,3280,1
8966,32.0012,31.9609,4096,257.2500,5,47.2700,3280,1
8967,32.0012,31.9609,4096,257.2500,5,47.2700,3280,1
8968,32.0012,31.9609,4096,257.2500,5,47.2700,3280,1
8969,32.0012,31.9609,4096,257.2500,5,47.2700,3281,1
8970,32.0012,31.9609,4096,257.2500,5,47.2700,3282,1
8971,32.0012,31.9609,4096,257.2500,5,47.2700,3282,1
8972,32.0012,31.9609,4096,257.2500,5,47.2700,3282,1
8973,32.0012,31.9609,4096,257.2500,5,47.2700,3283,1
8974,32.0012,31.9609,4096,257.2500,5,47.2700,3283,1
8975,32.0012,31.9609,4096,257.2500,5,47.2700,3283,1
8976,32.0012,31.9609,4096,257.2500,5,47.2700,3283,1
8977,32.0012,31.9609,4096,257.2500,5,47.2700,3284,1
8978,32.0012,31.9609,4096,257.2500,5,47.2700,3285,1
8979,32.0012,31.9609,4096,257.2500,5,47.2700,3285,1
8980,32.0012,31.9609,4096,257.2500,5,47.2700,3285,1
8981,32.0012,31.9609,4096,257.2500,5,47.2700,3285,1
8982,32.0012,31.9609,4096,257.2500,5,47.2700,3285,1
8983,32.0012,31.9609,4096,257.2500,5,47.2700,3285,1
8984,32.0012,31.9609,4096,257.2500,5,47.2700,3285,1
8985,32.0012,31.9609,4096,257.2500,5,47.2700,3285,1
8986,32.0012,31.9609,4096,257.2500,5,47.2700,3285,1
8987,32.0012,31.9609,4096,257.2500,5,47.2700,3286,1
8988,32.0012,31.9609,4096,257.2500,5,47.2700,3287,1
8989,32.0012,31.9609,4096,257.2500,5,47.2700,3288,1
8990,32.0012,31.9609,4096,257.2500,5,47.2700,3289,1
8991,32.0012,31.9609,4096,257.2500,5,47.2700,3290,1
8992,32.0012,31.9609,4096,257.2500,5,47.2700,3291,1
8993,32.0012,31.9609,4096,257.2500,5,47.2700,3292,1
8994,32.0012,31.9609,4096,257.2500,5,47.2700,3292,1
8995,32.0012,31.9609,4096,257.2500,5,47.2700,3293,1
8996,32.0012,31.9609,4096,257.2500,5,47.2700,3293,1
8997,32.0012,31.9609,4096,257.2500,5,47.2700,3293,1
8998,32.0012,31.9609,4096,257.2500,5,47.2700,3293,1
8999,32.0012,31.9609,4096,257.2500,5,47.2700,3293,1
9000,32.0012,31.9609,4096,257.2500,5,47.2700,3294,1
9001,32.0012,31.9609,4096,257.2500,5,47.2700,3294,1
9002,32.0012,31.9609,4096,257.2500,5,47.2700,3295,1
9003,32.0012,31.9609,4096,257.2500,5,47.2700,3295,1
9004,32.0012,31.9609,4096,257.2500,5,47.2700,3295,1
9005,32.0012,31.9609,4096,257.2500,5,47.2700,3295,1
9006,32.0012,31.9609,4096,257.2500,5,47.2700,3296,1
9007,32.0012,31.9609,4096,257.2500,5,47.2700,3297,1
9008,32.0012,31.9609,4096,257.2500,5,47.2700,3297,1
9009,32.0012,31.9609,4096,257.2500,5,47.2700,3297,1
9010,32.0012,31.9609,4096,257.2500,5,47.2700,3297,1
9011,32.0012,31.9609,4096,257.2500,5,47.2700,3297,1
9012,32.0012,31.9609,4096,257.2500,5,47.2700,3297,1
9013,32.0012,31.9609,4096,257.2500,5,47.2700,3298,1
9014,32.0012,31.9609,4096,257.2500,5,47.2700,3298,1
9015,32.0012,31.9609,4096,257.2500,5,47.2700,3298,1
9016,32.0012,31.9609,4096,257.2500,5,47.2700,3298,1
9017,32.0012,31.9609,4096,257.2500,5,47.2700,3298,1
9018,32.0012,31.9609,4096,257.2500,5,47.2700,3299,1
9019,32.0012,31.9609,4096,257.2500,5,47.2700,3299,1
9020,32.0012,31.9609,4096,257.2500,5,47.2700,3299,1
9021,32.0012,31.9609,4096,257.2500,5,47.2700,3300,1
9022,32.0012,31.9609,4096,257.2500,5,47.2700,3301,1
9023,32.0012,31.9609,4096,257.2500,5,47.2700,3301,1
9024,32.0012,31.9609,4096,257.2500,5,47.2700,3302,1
9025,32.0012,31.9609,4096,257.2500,5,47.2700,3302,1
9026,32.0012,31.9609,4096,257.2500,5,47.2700,3302,1
9027,32.0012,31.9609,4096,257.2500,5,47.2700,3302,1
9028,32.0012,31.9609,4096,257.2500,5,47.2700,3303,1
9029,32.0012,31.9609,4096,257.2500,5,47.2700,3304,1
9030,32.0012,31.9609,4096,257.2500,5,47.2700,3305,1
9031,32.0012,31.9609,4096,257.2500,5,47.2700,3305,1
9032,32.0012,31.9609,4096,257.2500,5,47.2700,3305,1
9033,32.0012,31.9609,4096,257.2500,5,47.2700,3305,1
9034,32.0012,31.9609,4096,257.2500,5,47.2700,3306,1
9035,32.0012,31.9609,4096,257.2500,5,47.2700,3307,1
9036,32.0012,31.9609,4096,257.2500,5,47.2700,3307,1
9037,32.0012,31.9609,4096,257.2500,5,47.2700,3308,1
9038,32.0012,31.9609,4096,257.2500,5,47.2700,3308,1
9039,32.0012,31.9609,4096,257.2500,5,47.2700,3308,1
9040,32.0012,31.9609,4096,257.2500,5,47.2700,3308,1
9041,32.0012,31.9609,4096,257.2500,5,47.2700,3308,1
9042,32.0012,31.9609,4096,257.2500,5,47.2700,3308,1
9043,32.0012,31.9609,4096,257.2500,5,47.2700,3308,1
9044,32.0012,31.9609,4096,257.2500,5,47.2700,3308,1
9045,32.0012,31.9609,4096,257.2500,5,47.2700,3308,1
9046,32.0012,31.9609,4096,257.2500,5,47.2700,3309,1
9047,32.0012,31.9609,4096,257.2500,5,47.2700,3309,1
9048,32.0012,31.9609,4096,257.2500,5,47.2700,3309,1
9049,32.0012,31.9609,4096,257.2500,5,47.2700,3309,1
9050,32.0012,31.9609,4096,257.2500,5,47.2700,3309,1
9051,32.0012,31.9609,4096,257.2500,5,47.2700,3309,1
9052,32.0012,31.9609,4096,257.2500,5,47.2700,3309,1
9053,32.0012,31.9609,4096,257.2500,5,47.2700,3310,1
9054,32.0012,31.9609,4096,257.2500,5,47.2700,3310,1
9055,32.0012,31.9609,4096,257.2500,5,47.2700,3310,1
9056,32.0012,31.9609,4096,257.2500,5,47.2700,3311,1
9057,32.0012,31.9609,4096,257.2500,5,47.2700,3312,1
9058,32.0012,31.9609,4096,257.2500,5,47.2700,3312,1
9059,32.0012,31.9609,4096,257.2500,5,47.2700,3312,1
9060,32.0012,31.9609,4096,257.2500,5,47.2700,3312,1
9061,32.0012,31.9609,4096,257.2500,5,47.2700,3312,1
9062,32.0012,31.9609,4096,257.2500,5,47.2700,3312,1
9063,32.0012,31.9609,4096,257.2500,5,47.2700,3312,1
9064,32.0012,31.9609,4096,257.2500,5,47.2700,3313,1
9065,32.0012,31.9609,4096,257.2500,5,47.2700,3314,1
9066,32.0012,31.9609,4096,257.2500,5,47.2700,3314,1
9067,32.0012,31.9609,4096,257.2500,5,47.2700,3314,1
9068,32.0012,31.9609,4096,257.2500,5,47.2700,3314,1
9069,32.0012,31.9609,4096,257.2500,5,47.2700,3315,1
9070,32.0012,31.9609,4096,257.2500,5,47.2700,3315,1
9071,32.0012,31.9609,4096,257.2500,5,47.2700,3316,1
9072,32.0012,31.9609,4096,257.2500,5,47.2700,3316,1
9073,32.0012,31.9609,4096,257.2500,5,47.2700,3317,1
9074,32.0012,31.9609,4096,257.2500,5,47.2700,3317,1
9075,32.0012,31.9609,4096,257.2500,5,47.2700,3317,1
9076,32.0012,31.9609,4096,257.2500,5,47.2700,3318,1
9077,32.0012,31.9609,4096,257.2500,5,47.2700,3318,1
9078,32.0012,31.9609,4096,257.2500,5,47.2700,3318,1
9079,32.0012,31.9609,4096,257.2500,5,47.2700,3318,1
9080,32.0012,31.9609,4096,257.2500,5,47.2700,3318,1
9081,32.0012,31.9609,4096,257.2500,5,47.2700,3319,1
9082,32.0012,31.9609,4096,257.2500,5,47.2700,3320,1
9083,32.0012,31.9609,4096,257.2500,5,47.2700,3321,1
9084,32.0012,31.9609,4096,257.2500,5,47.2700,3321,1
9085,32.0012,31.9609,4096,257.2500,5,47.2700,3322,1
9086,32.0012,31.9609,4096,257.2500,5,47.2700,3322,1
9087,32.0012,31.9609,4096,257.2500,5,47.2700,3322,1
9088,32.0012,31.9609,4096,257.2500,5,47.2700,3323,1
9089,32.0012,31.9609,4096,257.2500,5,47.2700,3323,1
9090,32.0012,31.9609,4096,257.2500,5,47.2700,3323,1
9091,32.0012,31.9609,4096,257.2500,5,47.2700,3323,1
9092,32.0012,31.9609,4096,257.2500,5,47.2700,3324,1
9093,32.0012,31.9609,4096,257.2500,5,47.2700,3324,1
9094,32.0012,31.9609,4096,257.2500,5,47.2700,3325,1
9095,32.0012,31.9609,4096,257.2500,5,47.2700,3326,1
9096,32.0012,31.9609,4096,257.2500,5,47.2700,3326,1
9097,32.0012,31.9609,4096,257.2500,5,47.2700,3326,1
9098,32.0012,31.9609,4096,257.2500,5,47.2700,3326,1
9099,32.0012,31.9609,4096,257.2500,5,47.2700,3326,1
9100,32.0012,31.9609,4096,257.2500,5,47.2700,3326,1
9101,32.0012,31.9609,4096,257.2500,5,47.2700,3327,1
9102,32.0012,31.9609,4096,257.2500,5,47.2700,3328,1
9103,32.0012,31.9609,4096,257.2500,5,47.2700,3328,1
9104,32.0012,31.9609,4096,257.2500,5,47.2700,3329,1
9105,32.0012,31.9609,4096,257.2500,5,47.2700,3330,1
9106,32.0012,31.9609,4096,257.2500,5,47.2700,3330,1
9107,32.0012,31.9609,4096,257.2500,5,47.2700,3331,1
9108,32.0012,31.9609,4096,257.2500,5,47.2700,3331,1
9109,32.0012,31.9609,4096,257.2500,5,47.2700,3332,1
9110,32.0012,31.9609,4096,257.2500,5,47.2700,3333,1
9111,32.0012,31.9609,4096,257.2500,5,47.2700,3334,1
9112,32.0012,31.9609,4096,257.2500,5,47.2700,3335,1
9113,32.0012,31.9609,4096,257.2500,5,47.2700,3335,1
9114,32.0012,31.9609,4096,257.2500,5,47.2700,3335,1
9115,32.0012,31.9609,4096,257.2500,5,47.2700,3335,1
9116,32.0012,31.9609,4096,257.2500,5,47.2700,3336,1
9117,32.0012,31.9609,4096,257.2500,5,47.2700,3336,1
9118,32.0012,31.9609,4096,257.2500,5,47.2700,3336,1
9119,32.0012,31.9609,4096,257.2500,5,47.2700,3337,1
9120,32.0012,31.9609,4096,257.2500,5,47.2700,3337,1
9121,32.0012,31.9609,4096,257.2500,5,47.2700,3337,1
9122,32.0012,31.9609,4096,257.2500,5,47.2700,3337,1
9123,32.0012,31.9609,4096,257.2500,5,47.2700,3338,1
9124,32.0012,31.9609,4096,257.2500,5,47.2700,3338,1
9125,32.0012,31.9609,4096,257.2500,5,47.2700,3339,1
9126,32.0012,31.9609,4096,257.2500,5,47.2700,3339,1
9127,32.0012,31.9609,4096,257.2500,5,47.2700,3339,1
9128,32.0012,31.9609,4096,257.2500,5,47.2700,3339,1
9129,32.0012,31.9609,4096,257.2500,5,47.2700,3339,1
9130,32.0012,31.9609,4096,257.2500,5,47.2700,3339,1
9131,32.0012,31.9609,4096,257.2500,5,47.2700,3339,1
9132,32.0012,31.9609,4096,257.2500,5,47.2700,3339,1
9133,32.0012,31.9609,4096,257.2500,5,47.2700,3339,1
9134,32.0012,31.9609,4096,257.2500,5,47.2700,3339,1
9135,32.0012,31.9609,4096,257.2500,5,47.2700,3339,1
9136,32.0012,31.9609,4096,257.2500,5,47.2700,3339,1
9137,32.0012,31.9609,4096,257.2500,5,47.2700,3339,1
9138,32.0012,31.9609,4096,257.2500,5,47.2700,3339,1
9139,32.0012,31.9609,4096,257.2500,5,47.2700,3339,1
9140,32.0012,31.9609,4096,257.2500,5,47.2700,3339,1
9141,32.0012,31.9609,4096,257.2500,5,47.2700,3339,1
9142,32.0012,31.9609,4096,257.2500,5,47.2700,3339,1
9143,32.0012,31.9609,4096,257.2500,5,47.2700,3340,1
9144,32.0012,31.9609,4096,257.2500,5,47.2700,3340,1
9145,32.0012,31.9609,4096,257.2500,5,47.2700,3340,1
9146,32.0012,31.9609,4096,257.2500,5,47.2700,3340,1
9147,32.0012,31.9609,4096,257.2500,5,47.2700,3340,1
9148,32.0012,31.9609,4096,257.2500,5,47.2700,3341,1
9149,32.0012,31.9609,4096,257.2500,5,47.2700,3341,1
9150,32.0012,31.9609,4096,257.2500,5,47.2700,3342,1
9151,32.0012,31.9609,4096,257.2500,5,47.2700,3342,1
9152,32.0012,31.9609,4096,257.2500,5,47.2700,3342,1
9153,32.0012,31.9609,4096,257.2500,5,47.2700,3342,1
9154,32.0012,31.9609,4096,257.2500,5,47.2700,3342,1
9155,32.0012,31.9609,4096,257.2500,5,47.2700,3342,1
9156,32.0012,31.9609,4096,257.2500,5,47.2700,3342,1
9157,32.0012,31.9609,4096,257.2500,5,47.2700,3343,1
9158,32.0012,31.9609,4096,257.2500,5,47.2700,3343,1
9159,32.0012,31.9609,4096,257.2500,5,47.2700,3343,1
9160,32.0012,31.9609,4096,257.2500,5,47.2700,3344,1
9161,32.0012,31.9609,4096,257.2500,5,47.2700,3344,1
9162,32.0012,31.9609,4096,257.2500,5,47.2700,3345,1
9163,32.0012,31.9609,4096,257.2500,5,47.2700,3345,1
9164,32.0012,31.9609,4096,257.2500,5,47.2700,3345,1
9165,32.0012,31.9609,4096,257.2500,5,47.2700,3345,1
9166,32.0012,31.9609,4096,257.2500,5,47.2700,3345,1
9167,32.0012,31.9609,4096,257.2500,5,47.2700,3345,1
9168,32.0012,31.9609,4096,257.2500,5,47.2700,3345,1
9169,32.0012,31.9609,4096,257.2500,5,47.2700,3345,1
9170,32.0012,31.9609,4096,257.2500,5,47.2700,3346,1
9171,32.0012,31.9609,4096,257.2500,5,47.2700,3346,1
9172,32.0012,31.9609,4096,257.2500,5,47.2700,3346,1
9173,32.0012,31.9609,4096,257.2500,5,47.2700,3346,1
9174,32.0012,31.9609,4096,257.2500,5,47.2700,3347,1
9175,32.0012,31.9609,4096,257.2500,5,47.2700,3347,1
9176,32.0012,31.9609,4096,257.2500,5,47.2700,3347,1
9177,32.0012,31.9609,4096,257.2500,5,47.2700,3347,1
9178,32.0012,31.9609,4096,257.2500,5,47.2700,3348,1
9179,32.0012,31.9609,4096,257.2500,5,47.2700,3348,1
9180,32.0012,31.9609,4096,257.2500,5,47.2700,3348,1
9181,32.0012,31.9609,4096,257.2500,5,47.2700,3348,1
9182,32.0012,31.9609,4096,257.2500,5,47.2700,3349,1
9183,32.0012,31.9609,4096,257.2500,5,47.2700,3350,1
9184,32.0012,31.9609,4096,257.2500,5,47.2700,3350,1
9185,32.0012,31.9609,4096,257.2500,5,47.2700,3350,1
9186,32.0012,31.9609,4096,257.2500,5,47.2700,3350,1
9187,32.0012,31.9609,4096,257.2500,5,47.2700,3350,1
9188,32.0012,31.9609,4096,257.2500,5,47.2700,3350,1
9189,32.0012,31.9609,4096,257.2500,5,47.2700,3351,1
9190,32.0012,31.9609,4096,257.2500,5,47.2700,3351,1
9191,32.0012,31.9609,4096,257.2500,5,47.2700,3352,1
9192,32.0012,31.9609,4096,257.2500,5,47.2700,3352,1
9193,32.0012,31.9609,4096,257.2500,5,47.2700,3352,1
9194,32.0012,31.9609,4096,257.2500,5,47.2700,3353,1
9195,32.0012,31.9609,4096,257.2500,5,47.2700,3353,1
9196,32.0012,31.9609,4096,257.2500,5,47.2700,3354,1
9197,32.0012,31.9609,4096,257.2500,5,47.2700,3354,1
9198,32.0012,31.9609,4096,257.2500,5,47.2700,3354,1
9199,32.0012,31.9609,4096,257.2500,5,47.2700,3354,1
9200,32.0012,31.9609,4096,257.2500,5,47.2700,3354,1
9201,32.0012,31.9609,4096,257.2500,5,47.2700,3355,1
9202,32.0012,31.9609,4096,257.2500,5,47.2700,3355,1
9203,32.0012,31.9609,4096,257.2500,5,47.2700,3355,1
9204,32.0012,31.9609,4096,257.2500,5,47.2700,3355,1
9205,32.0012,31.9609,4096,257.2500,5,47.2700,3355,1
9206,32.0012,31.9609,4096,257.2500,5,47.2700,3355,1
9207,32.0012,31.9609,4096,257.2500,5,47.2700,3356,1
9208,32.0012,31.9609,4096,257.2500,5,47.2700,3356,1
9209,32.0012,31.9609,4096,257.2500,5,47.2700,3357,1
9210,32.0012,31.9609,4096,257.2500,5,47.2700,3357,1
9211,32.0012,31.9609,4096,257.2500,5,47.2700,3357,1
9212,32.0012,31.9609,4096,257.2500,5,47.2700,3357,1
9213,32.0012,31.9609,4096,257.2500,5,47.2700,3357,1
9214,32.0012,31.9609,4096,257.2500,5,47.2700,3357,1
9215,32.0012,31.9609,4096,257.2500,5,47.2700,3357,1
9216,32.0012,31.9609,4096,257.2500,5,47.2700,3358,1
9217,32.0012,31.9609,4096,257.2500,5,47.2700,3358,1
9218,32.0012,31.9609,4096,257.2500,5,47.2700,3359,1
9219,32.0012,31.9609,4096,257.2500,5,47.2700,3359,1
9220,32.0012,31.9609,4096,257.2500,5,47.2700,3359,1
9221,32.0012,31.9609,4096,257.2500,5,47.2700,3359,1
9222,32.0012,31.9609,4096,257.2500,5,47.2700,3360,1
9223,32.0012,31.9609,4096,257.2500,5,47.2700,3361,1
9224,32.0012,31.9609,4096,257.2500,5,47.2700,3362,1
9225,32.0012,31.9609,4096,257.2500,5,47.2700,3362,1
9226,32.0012,31.9609,4096,257.2500,5,47.2700,3362,1
9227,32.0012,31.9609,4096,257.2500,5,47.2700,3363,1
9228,32.0012,31.9609,4096,257.2500,5,47.2700,3363,1
9229,32.0012,31.9609,4096,257.2500,5,47.2700,3363,1
9230,32.0012,31.9609,4096,257.2500,5,47.2700,3363,1
9231,32.0012,31.9609,4096,257.2500,5,47.2700,3363,1
9232,32.0012,31.9609,4096,257.2500,5,47.2700,3364,1
9233,32.0012,31.9609,4096,257.2500,5,47.2700,3365,1
9234,32.0012,31.9609,4096,257.2500,5,47.2700,3365,1
9235,32.0012,31.9609,4096,257.2500,5,47.2700,3365,1
9236,32.0012,31.9609,4096,257.2500,5,47.2700,3365,1
9237,32.0012,31.9609,4096,257.2500,5,47.2700,3366,1
9238,32.0012,31.9609,4096,257.2500,5,47.2700,3366,1
9239,32.0012,31.9609,4096,257.2500,5,47.2700,3366,1
9240,32.0012,31.9609,4096,257.2500,5,47.2700,3366,1
9241,32.0012,31.9609,4096,257.2500,5,47.2700,3367,1
9242,32.0012,31.9609,4096,257.2500,5,47.2700,3367,1
9243,32.0012,31.9609,4096,257.2500,5,47.2700,3367,1
9244,32.0012,31.9609,4096,257.2500,5,47.2700,3367,1
9245,32.0012,31.9609,4096,257.2500,5,47.2700,3367,1
9246,32.0012,31.9609,4096,257.2500,5,47.2700,3367,1
9247,32.0012,31.9609,4096,257.2500,5,47.2700,3367,1
9248,32.0012,31.9609,4096,257.2500,5,47.2700,3368,1
9249,32.0012,31.9609,4096,257.2500,5,47.2700,3368,1
9250,32.0012,31.9609,4096,257.2500,5,47.2700,3368,1
9251,32.0012,31.9609,4096,257.2500,5,47.2700,3368,1
9252,32.0012,31.9609,4096,257.2500,5,47.2700,3368,1
9253,32.0012,31.9609,4096,257.2500,5,47.2700,3369,1
9254,32.0012,31.9609,4096,257.2500,5,47.2700,3369,1
9255,32.0012,31.9609,4096,257.2500,5,47.2700,3370,1
9256,32.0012,31.9609,4096,257.2500,5,47.2700,3370,1
9257,32.0012,31.9609,4096,257.2500,5,47.2700,3370,1
9258,32.0012,31.9609,4096,257.2500,5,47.2700,3370,1
9259,32.0012,31.9609,4096,257.2500,5,47.2700,3370,1
9260,32.0012,31.9609,4096,257.2500,5,47.2700,3370,1
9261,32.0012,31.9609,4096,257.2500,5,47.2700,3371,1
9262,32.0012,31.9609,4096,257.2500,5,47.2700,3371,1
9263,32.0012,31.9609,4096,257.2500,5,47.2700,3372,1
9264,32.0012,31.9609,4096,257.2500,5,47.2700,3372,1
9265,32.0012,31.9609,4096,257.2500,5,47.2700,3372,1
9266,32.0012,31.9609,4096,257.2500,5,47.2700,3372,1
9267,32.0012,31.9609,4096,257.2500,5,47.2700,3373,1
9268,32.0012,31.9609,4096,257.2500,5,47.2700,3373,1
9269,32.0012,31.9609,4096,257.2500,5,47.2700,3374,1
9270,32.0012,31.9609,4096,257.2500,5,47.2700,3375,1
9271,32.0012,31.9609,4096,257.2500,5,47.2700,3375,1
9272,32.0012,31.9609,4096,257.2500,5,47.2700,3375,1
9273,32.0012,31.9609,4096,257.2500,5,47.2700,3375,1
9274,32.0012,31.9609,4096,257.2500,5,47.2700,3375,1
9275,32.0012,31.9609,4096,257.2500,5,47.2700,3375,1
9276,32.0012,31.9609,4096,257.2500,5,47.2700,3375,1
9277,32.0012,31.9609,4096,257.2500,5,47.2700,3375,1
9278,32.0012,31.9609,4096,257.2500,5,47.2700,3375,1
9279,32.0012,31.9609,4096,257.2500,5,47.2700,3375,1
9280,32.0012,31.9609,4096,257.2500,5,47.2700,3375,1
9281,32.0012,31.9609,4096,257.2500,5,47.2700,3375,1
9282,32.0012,31.9609,4096,257.2500,5,47.2700,3376,1
9283,32.0012,31.9609,4096,257.2500,5,47.2700,3376,1
9284,32.0012,31.9609,4096,257.2500,5,47.2700,3377,1
9285,32.0012,31.9609,4096,257.2500,5,47.2700,3378,1
9286,32.0012,31.9609,4096,257.2500,5,47.2700,3378,1
9287,32.0012,31.9609,4096,257.2500,5,47.2700,3378,1
9288,32.0012,31.9609,4096,257.2500,5,47.2700,3379,1
9289,32.0012,31.9609,4096,257.2500,5,47.2700,3379,1
9290,32.0012,31.9609,4096,257.2500,5,47.2700,3379,1
9291,32.0012,31.9609,4096,257.2500,5,47.2700,3379,1
9292,32.0012,31.9609,4096,257.2500,5,47.2700,3379,1
9293,32.0012,31.9609,4096,257.2500,5,47.2700,3380,1
9294,32.0012,31.9609,4096,257.2500,5,47.2700,3380,1
9295,32.0012,31.9609,4096,257.2500,5,47.2700,3380,1
9296,32.0012,31.9609,4096,257.2500,5,47.2700,3380,1
9297,32.0012,31.9609,4096,257.2500,5,47.2700,3380,1
9298,32.0012,31.9609,4096,257.2500,5,47.2700,3381,1
9299,32.0012,31.9609,4096,257.2500,5,47.2700,3381,1
9300,32.0012,31.9609,4096,257.2500,5,47.2700,3381,1
9301,32.0012,31.9609,4096,257.2500,5,47.2700,3382,1
9302,32.0012,31.9609,4096,257.2500,5,47.2700,3382,1
9303,32.0012,31.9609,4096,257.2500,5,47.2700,3383,1
9304,32.0012,31.9609,4096,257.2500,5,47.2700,3384,1
9305,32.0012,31.9609,4096,257.2500,5,47.2700,3384,1
9306,32.0012,31.9609,4096,257.2500,5,47.2700,3384,1
9307,32.0012,31.9609,4096,257.2500,5,47.2700,3384,1
9308,32.0012,31.9609,4096,257.2500,5,47.2700,3384,1
9309,32.0012,31.9609,4096,257.2500,5,47.2700,3384,1
9310,32.0012,31.9609,4096,257.2500,5,47.2700,3385,1
9311,32.0012,31.9609,4096,257.2500,5,47.2700,3385,1
9312,32.0012,31.9609,4096,257.2500,5,47.2700,3385,1
9313,32.0012,31.9609,4096,257.2500,5,47.2700,3385,1
9314,32.0012,31.9609,4096,257.2500,5,47.2700,3386,1
9315,32.0012,31.9609,4096,257.2500,5,47.2700,3386,1
9316,32.0012,31.9609,4096,257.2500,5,47.2700,3386,1
9317,32.0012,31.9609,4096,257.2500,5,47.2700,3386,1
9318,32.0012,31.9609,4096,257.2500,5,47.2700,3386,1
9319,32.0012,31.9609,4096,257.2500,5,47.2700,3386,1
9320,32.0012,31.9609,4096,257.2500,5,47.2700,3386,1
9321,32.0012,31.9609,4096,257.2500,5,47.2700,3386,1
9322,32.0012,31.9609,4096,257.2500,5,47.2700,3386,1
9323,32.0012,31.9609,4096,257.2500,5,47.2700,3386,1
9324,32.0012,31.9609,4096,257.2500,5,47.2700,3386,1
9325,32.0012,31.9609,4096,257.2500,5,47.2700,3386,1
9326,32.0012,31.9609,4096,257.2500,5,47.2700,3386,1
9327,32.0012,31.9609,4096,257.2500,5,47.2700,3386,1
9328,32.0012,31.9609,4096,257.2500,5,47.2700,3386,1
9329,32.0012,31.9609,4096,257.2500,5,47.2700,3386,1
9330,32.0012,31.9609,4096,257.2500,5,47.2700,3387,1
9331,32.0012,31.9609,4096,257.2500,5,47.2700,3387,1
9332,32.0012,31.9609,4096,257.2500,5,47.2700,3388,1
9333,32.0012,31.9609,4096,257.2500,5,47.2700,3389,1
9334,32.0012,31.9609,4096,257.2500,5,47.2700,3390,1
9335,32.0012,31.9609,4096,257.2500,5,47.2700,3391,1
9336,32.0012,31.9609,4096,257.2500,5,47.2700,3392,1
9337,32.0012,31.9609,4096,257.2500,5,47.2700,3392,1
9338,32.0012,31.9609,4096,257.2500,5,47.2700,3393,1
9339,32.0012,31.9609,4096,257.2500,5,47.2700,3393,1
9340,32.0012,31.9609,4096,257.2500,5,47.2700,3394,1
9341,32.0012,31.9609,4096,257.2500,5,47.2700,3395,1
9342,32.0012,31.9609,4096,257.2500,5,47.2700,3395,1
9343,32.0012,31.9609,4096,257.2500,5,47.2700,3395,1
9344,32.0012,31.9609,4096,257.2500,5,47.2700,3395,1
9345,32.0012,31.9609,4096,257.2500,5,47.2700,3395,1
9346,32.0012,31.9609,4096,257.2500,5,47.2700,3396,1
9347,32.0012,31.9609,4096,257.2500,5,47.2700,3396,1
9348,32.0012,31.9609,4096,257.2500,5,47.2700,3396,1
9349,32.0012,31.9609,4096,257.2500,5,47.2700,3396,1
9350,32.0012,31.9609,4096,257.2500,5,47.2700,3396,1
9351,32.0012,31.9609,4096,257.2500,5,47.2700,3396,1
9352,32.0012,31.9609,4096,257.2500,5,47.2700,3397,1
9353,32.0012,31.9609,4096,257.2500,5,47.2700,3397,1
9354,32.0012,31.9609,4096,257.2500,5,47.2700,3397,1
9355,32.0012,31.9609,4096,257.2500,5,47.2700,3397,1
9356,32.0012,31.9609,4096,257.2500,5,47.2700,3398,1
9357,32.0012,31.9609,4096,257.2500,5,47.2700,3398,1
9358,32.0012,31.9609,4096,257.2500,5,47.2700,3398,1
9359,32.0012,31.9609,4096,257.2500,5,47.2700,3398,1
9360,32.0012,31.9609,4096,257.2500,5,47.2700,3398,1
9361,32.0012,31.9609,4096,257.2500,5,47.2700,3399,1
9362,32.0012,31.9609,4096,257.2500,5,47.2700,3400,1
9363,32.0012,31.9609,4096,257.2500,5,47.2700,3400,1
9364,32.0012,31.9609,4096,257.2500,5,47.2700,3400,1
9365,32.0012,31.9609,4096,257.2500,5,47.2700,3401,1
9366,32.0012,31.9609,4096,257.2500,5,47.2700,3401,1
9367,32.0012,31.9609,4096,257.2500,5,47.2700,3401,1
9368,32.0012,31.9609,4096,257.2500,5,47.2700,3401,1
9369,32.0012,31.9609,4096,257.2500,5,47.2700,3401,1
9370,32.0012,31.9609,4096,257.2500,5,47.2700,3402,1
9371,32.0012,31.9609,4096,257.2500,5,47.2700,3402,1
9372,32.0012,31.9609,4096,257.2500,5,47.2700,3402,1
9373,32.0012,31.9609,4096,257.2500,5,47.2700,3402,1
9374,32.0012,31.9609,4096,257.2500,5,47.2700,3402,1
9375,32.0012,31.9609,4096,257.2500,5,47.2700,3403,1
9376,32.0012,31.9609,4096,257.2500,5,47.2700,3403,1
9377,32.0012,31.9609,4096,257.2500,5,47.2700,3403,1
9378,32.0012,31.9609,4096,257.2500,5,47.2700,3403,1
9379,32.0012,31.9609,4096,257.2500,5,47.2700,3403,1
9380,32.0012,31.9609,4096,257.2500,5,47.2700,3403,1
9381,32.0012,31.9609,4096,257.2500,5,47.2700,3404,1
9382,32.0012,31.9609,4096,257.2500,5,47.2700,3404,1
9383,32.0012,31.9609,4096,257.2500,5,47.2700,3404,1
9384,32.0012,31.9609,4096,257.2500,5,47.2700,3404,1
9385,32.0012,31.9609,4096,257.2500,5,47.2700,3404,1
9386,32.0012,31.9609,4096,257.2500,5,47.2700,3404,1
9387,32.0012,31.9609,4096,257.2500,5,47.2700,3405,1
9388,32.0012,31.9609,4096,257.2500,5,47.2700,3405,1
9389,32.0012,31.9609,4096,257.2500,5,47.2700,3405,1
9390,32.0012,31.9609,4096,257.2500,5,47.2700,3406,1
9391,32.0012,31.9609,4096,257.2500,5,47.2700,3406,1
9392,32.0012,31.9609,4096,257.2500,5,47.2700,3406,1
9393,32.0012,31.9609,4096,257.2500,5,47.2700,3406,1
9394,32.0012,31.9609,4096,257.2500,5,47.2700,3407,1
9395,32.0012,31.9609,4096,257.2500,5,47.2700,3407,1
9396,32.0012,31.9609,4096,257.2500,5,47.2700,3407,1
9397,32.0012,31.9609,4096,257.2500,5,47.2700,3408,1
9398,32.0012,31.9609,4096,257.2500,5,47.2700,3408,1
9399,32.0012,31.9609,4096,257.2500,5,47.2700,3408,1
9400,32.0012,31.9609,4096,257.2500,5,47.2700,3409,1
9401,32.0012,31.9609,4096,257.2500,5,47.2700,3409,1
9402,32.0012,31.9609,4096,257.2500,5,47.2700,3409,1
9403,32.0012,31.9609,4096,257.2500,5,47.2700,3409,1
9404,32.0012,31.9609,4096,257.2500,5,47.2700,3409,1
9405,32.0012,31.9609,4096,257.2500,5,47.2700,3409,1
9406,32.0012,31.9609,4096,257.2500,5,47.2700,3409,1
9407,32.0012,31.9609,4096,257.2500,5,47.2700,3409,1
9408,32.0012,31.9609,4096,257.2500,5,47.2700,3409,1
9409,32.0012,31.9609,4096,257.2500,5,47.2700,3409,1
9410,32.0012,31.9609,4096,257.2500,5,47.2700,3409,1
9411,32.0012,31.9609,4096,257.2500,5,47.2700,3410,1
9412,32.0012,31.9609,4096,257.2500,5,47.2700,3410,1
9413,32.0012,31.9609,4096,257.2500,5,47.2700,3410,1
9414,32.0012,31.9609,4096,257.2500,5,47.2700,3410,1
9415,32.0012,31.9609,4096,257.2500,5,47.2700,3410,1
9416,32.0012,31.9609,4096,257.2500,5,47.2700,3410,1
9417,32.0012,31.9609,4096,257.2500,5,47.2700,3410,1
9418,32.0012,31.9609,4096,257.2500,5,47.2700,3411,1
9419,32.0012,31.9609,4096,257.2500,5,47.2700,3412,1
9420,32.0012,31.9609,4096,257.2500,5,47.2700,3412,1
9421,32.0012,31.9609,4096,257.2500,5,47.2700,3413,1
9422,32.0012,31.9609,4096,257.2500,5,47.2700,3413,1
9423,32.0012,31.9609,4096,257.2500,5,47.2700,3414,1
9424,32.0012,31.9609,4096,257.2500,5,47.2700,3415,1
9425,32.0012,31.9609,4096,257.2500,5,47.2700,3416,1
9426,32.0012,31.9609,4096,257.2500,5,47.2700,3416,1
9427,32.0012,31.9609,4096,257.2500,5,47.2700,3416,1
9428,32.0012,31.9609,4096,257.2500,5,47.2700,3417,1
9429,32.0012,31.9609,4096,257.2500,5,47.2700,3417,1
9430,32.0012,31.9609,4096,257.2500,5,47.2700,3417,1
9431,32.0012,31.9609,4096,257.2500,5,47.2700,3417,1
9432,32.0012,31.9609,4096,257.2500,5,47.2700,3417,1
9433,32.0012,31.9609,4096,257.2500,5,47.2700,3417,1
9434,32.0012,31.9609,4096,257.2500,5,47.2700,3417,1
9435,32.0012,31.9609,4096,257.2500,5,47.2700,3417,1
9436,32.0012,31.9609,4096,257.2500,5,47.2700,3418,1
9437,32.0012,31.9609,4096,257.2500,5,47.2700,3418,1
9438,32.0012,31.9609,4096,257.2500,5,47.2700,3418,1
9439,32.0012,31.9609,4096,257.2500,5,47.2700,3419,1
9440,32.0012,31.9609,4096,257.2500,5,47.2700,3419,1
9441,32.0012,31.9609,4096,257.2500,5,47.2700,3419,1
9442,32.0012,31.9609,4096,257.2500,5,47.2700,3419,1
9443,32.0012,31.9609,4096,257.2500,5,47.2700,3420,1
9444,32.0012,31.9609,4096,257.2500,5,47.2700,3420,1
9445,32.0012,31.9609,4096,257.2500,5,47.2700,3420,1
9446,32.0012,31.9609,4096,257.2500,5,47.2700,3420,1
9447,32.0012,31.9609,4096,257.2500,5,47.2700,3421,1
9448,32.0012,31.9609,4096,257.2500,5,47.2700,3421,1
9449,32.0012,31.9609,4096,257.2500,5,47.2700,3421,1
9450,32.0012,31.9609,4096,257.2500,5,47.2700,3421,1
9451,32.0012,31.9609,4096,257.2500,5,47.2700,3421,1
9452,32.0012,31.9609,4096,257.2500,5,47.2700,3422,1
9453,32.0012,31.9609,4096,257.2500,5,47.2700,3422,1
9454,32.0012,31.9609,4096,257.2500,5,47.2700,3422,1
9455,32.0012,31.9609,4096,257.2500,5,47.2700,3423,1
9456,32.0012,31.9609,4096,257.2500,5,47.2700,3423,1
9457,32.0012,31.9609,4096,257.2500,5,47.2700,3424,1
9458,32.0012,31.9609,4096,257.2500,5,47.2700,3425,1
9459,32.0012,31.9609,4096,257.2500,5,47.2700,3425,1
9460,32.0012,31.9609,4096,257.2500,5,47.2700,3425,1
9461,32.0012,31.9609,4096,257.2500,5,47.2700,3425,1
9462,32.0012,31.9609,4096,257.2500,5,47.2700,3426,1
9463,32.0012,31.9609,4096,257.2500,5,47.2700,3426,1
9464,32.0012,31.9609,4096,257.2500,5,47.2700,3426,1
9465,32.0012,31.9609,4096,257.2500,5,47.2700,3426,1
9466,32.0012,31.9609,4096,257.2500,5,47.2700,3427,1
9467,32.0012,31.9609,4096,257.2500,5,47.2700,3427,1
9468,32.0012,31.9609,4096,257.2500,5,47.2700,3427,1
9469,32.0012,31.9609,4096,257.2500,5,47.2700,3428,1
9470,32.0012,31.9609,4096,257.2500,5,47.2700,3428,1
9471,32.0012,31.9609,4096,257.2500,5,47.2700,3428,1
9472,32.0012,31.9609,4096,257.2500,5,47.2700,3429,1
9473,32.0012,31.9609,4096,257.2500,5,47.2700,3430,1
9474,32.0012,31.9609,4096,257.2500,5,47.2700,3431,1
9475,32.0012,31.9609,4096,257.2500,5,47.2700,3432,1
9476,32.0012,31.9609,4096,257.2500,5,47.2700,3433,1
9477,32.0012,31.9609,4096,257.2500,5,47.2700,3433,1
9478,32.0012,31.9609,4096,257.2500,5,47.2700,3433,1
9479,32.0012,31.9609,4096,257.2500,5,47.2700,3434,1
9480,32.0012,31.9609,4096,257.2500,5,47.2700,3434,1
9481,32.0012,31.9609,4096,257.2500,5,47.2700,3435,1
9482,32.0012,31.9609,4096,257.2500,5,47.2700,3435,1
9483,32.0012,31.9609,4096,257.2500,5,47.2700,3435,1
9484,32.0012,31.9609,4096,257.2500,5,47.2700,3436,1
9485,32.0012,31.9609,4096,257.2500,5,47.2700,3437,1
9486,32.0012,31.9609,4096,257.2500,5,47.2700,3437,1
9487,32.0012,31.9609,4096,257.2500,5,47.2700,3437,1
9488,32.0012,31.9609,4096,257.2500,5,47.2700,3437,1
9489,32.0012,31.9609,4096,257.2500,5,47.2700,3437,1
9490,32.0012,31.9609,4096,257.2500,5,47.2700,3437,1
9491,32.0012,31.9609,4096,257.2500,5,47.2700,3437,1
9492,32.0012,31.9609,4096,257.2500,5,47.2700,3437,1
9493,32.0012,31.9609,4096,257.2500,5,47.2700,3437,1
9494,32.0012,31.9609,4096,257.2500,5,47.2700,3438,1
9495,32.0012,31.9609,4096,257.2500,5,47.2700,3438,1
9496,32.0012,31.9609,4096,257.2500,5,47.2700,3438,1
9497,32.0012,31.9609,4096,257.2500,5,47.2700,3438,1
9498,32.0012,31.9609,4096,257.2500,5,47.2700,3438,1
9499,32.0012,31.9609,4096,257.2500,5,47.2700,3438,1
9500,32.0012,31.9609,4096,257.2500,5,47.2700,3438,1
9501,32.0012,31.9609,4096,257.2500,5,47.2700,3438,1
9502,32.0012,31.9609,4096,257.2500,5,47.2700,3438,1
9503,32.0012,31.9609,4096,257.2500,5,47.2700,3439,1
9504,32.0012,31.9609,4096,257.2500,5,47.2700,3439,1
9505,32.0012,31.9609,4096,257.2500,5,47.2700,3439,1
9506,32.0012,31.9609,4096,257.2500,5,47.2700,3439,1
9507,32.0012,31.9609,4096,257.2500,5,47.2700,3439,1
9508,32.0012,31.9609,4096,257.2500,5,47.2700,3439,1
9509,32.0012,31.9609,4096,257.2500,5,47.2700,3439,1
9510,32.0012,31.9609,4096,257.2500,5,47.2700,3440,1
9511,32.0012,31.9609,4096,257.2500,5,47.2700,3440,1
9512,32.0012,31.9609,4096,257.2500,5,47.2700,3440,1
9513,32.0012,31.9609,4096,257.2500,5,47.2700,3441,1
9514,32.0012,31.9609,4096,257.2500,5,47.2700,3441,1
9515,32.0012,31.9609,4096,257.2500,5,47.2700,3442,1
9516,32.0012,31.9609,4096,257.2500,5,47.2700,3443,1
9517,32.0012,31.9609,4096,257.2500,5,47.2700,3443,1
9518,32.0012,31.9609,4096,257.2500,5,47.2700,3444,1
9519,32.0012,31.9609,4096,257.2500,5,47.2700,3444,1
9520,32.0012,31.9609,4096,257.2500,5,47.2700,3444,1
9521,32.0012,31.9609,4096,257.2500,5,47.2700,3444,1
9522,32.0012,31.9609,4096,257.2500,5,47.2700,3444,1
9523,32.0012,31.9609,4096,257.2500,5,47.2700,3444,1
9524,32.0012,31.9609,4096,257.2500,5,47.2700,3445,1
9525,32.0012,31.9609,4096,257.2500,5,47.2700,3445,1
9526,32.0012,31.9609,4096,257.2500,5,47.2700,3445,1
9527,32.0012,31.9609,4096,257.2500,5,47.2700,3445,1
9528,32.0012,31.9609,4096,257.2500,5,47.2700,3445,1
9529,32.0012,31.9609,4096,257.2500,5,47.2700,3445,1
9530,32.0012,31.9609,4096,257.2500,5,47.2700,3445,1
9531,32.0012,31.9609,4096,257.2500,5,47.2700,3445,1
9532,32.0012,31.9609,4096,257.2500,5,47.2700,3446,1
9533,32.0012,31.9609,4096,257.2500,5,47.2700,3446,1
9534,32.0012,31.9609,4096,257.2500,5,47.2700,3446,1
9535,32.0012,31.9609,4096,257.2500,5,47.2700,3447,1
9536,32.0012,31.9609,4096,257.2500,5,47.2700,3447,1
9537,32.0012,31.9609,4096,257.2500,5,47.2700,3447,1
9538,32.0012,31.9609,4096,257.2500,5,47.2700,3447,1
9539,32.0012,31.9609,4096,257.2500,5,47.2700,3448,1
9540,32.0012,31.9609,4096,257.2500,5,47.2700,3448,1
9541,32.0012,31.9609,4096,257.2500,5,47.2700,3448,1
9542,32.0012,31.9609,4096,257.2500,5,47.2700,3448,1
9543,32.0012,31.9609,4096,257.2500,5,47.2700,3448,1
9544,32.0012,31.9609,4096,257.2500,5,47.2700,3449,1
9545,32.0012,31.9609,4096,257.2500,5,47.2700,3449,1
9546,32.0012,31.9609,4096,257.2500,5,47.2700,3450,1
9547,32.0012,31.9609,4096,257.2500,5,47.2700,3450,1
9548,32.0012,31.9609,4096,257.2500,5,47.2700,3451,1
9549,32.0012,31.9609,4096,257.2500,5,47.2700,3451,1
9550,32.0012,31.9609,4096,257.2500,5,47.2700,3451,1
9551,32.0012,31.9609,4096,257.2500,5,47.2700,3451,1
9552,32.0012,31.9609,4096,257.2500,5,47.2700,3451,1
9553,32.0012,31.9609,4096,257.2500,5,47.2700,3451,1
9554,32.0012,31.9609,4096,257.2500,5,47.2700,3452,1
9555,32.0012,31.9609,4096,257.2500,5,47.2700,3452,1
9556,32.0012,31.9609,4096,257.2500,5,47.2700,3452,1
9557,32.0012,31.9609,4096,257.2500,5,47.2700,3452,1
9558,32.0012,31.9609,4096,257.2500,5,47.2700,3452,1
9559,32.0012,31.9609,4096,257.2500,5,47.2700,3452,1
9560,32.0012,31.9609,4096,257.2500,5,47.2700,3452,1
9561,32.0012,31.9609,4096,257.2500,5,47.2700,3452,1
9562,32.0012,31.9609,4096,257.2500,5,47.2700,3452,1
9563,32.0012,31.9609,4096,257.2500,5,47.2700,3452,1
9564,32.0012,31.9609,4096,257.2500,5,47.2700,3453,1
9565,32.0012,31.9609,4096,257.2500,5,47.2700,3453,1
9566,32.0012,31.9609,4096,257.2500,5,47.2700,3453,1
9567,32.0012,31.9609,4096,257.2500,5,47.2700,3453,1
9568,32.0012,31.9609,4096,257.2500,5,47.2700,3454,1
9569,32.0012,31.9609,4096,257.2500,5,47.2700,3454,1
9570,32.0012,31.9609,4096,257.2500,5,47.2700,3455,1
9571,32.0012,31.9609,4096,257.2500,5,47.2700,3455,1
9572,32.0012,31.9609,4096,257.2500,5,47.2700,3455,1
9573,32.0012,31.9609,4096,257.2500,5,47.2700,3455,1
9574,32.0012,31.9609,4096,257.2500,5,47.2700,3455,1
9575,32.0012,31.9609,4096,257.2500,5,47.2700,3456,1
9576,32.0012,31.9609,4096,257.2500,5,47.2700,3457,1
9577,32.0012,31.9609,4096,257.2500,5,47.2700,3457,1
9578,32.0012,31.9609,4096,257.2500,5,47.2700,3458,1
9579,32.0012,31.9609,4096,257.2500,5,47.2700,3458,1
9580,32.0012,31.9609,4096,257.2500,5,47.2700,3458,1
9581,32.0012,31.9609,4096,257.2500,5,47.2700,3458,1
9582,32.0012,31.9609,4096,257.2500,5,47.2700,3458,1
9583,32.0012,31.9609,4096,257.2500,5,47.2700,3458,1
9584,32.0012,31.9609,4096,257.2500,5,47.2700,3458,1
9585,32.0012,31.9609,4096,257.2500,5,47.2700,3458,1
9586,32.0012,31.9609,4096,257.2500,5,47.2700,3458,1
9587,32.0012,31.9609,4096,257.2500,5,47.2700,3459,1
9588,32.0012,31.9609,4096,257.2500,5,47.2700,3460,1
9589,32.0012,31.9609,4096,257.2500,5,47.2700,3460,1
9590,32.0012,31.9609,4096,257.2500,5,47.2700,3460,1
9591,32.0012,31.9609,4096,257.2500,5,47.2700,3461,1
9592,32.0012,31.9609,4096,257.2500,5,47.2700,3461,1
9593,32.0012,31.9609,4096,257.2500,5,47.2700,3462,1
9594,32.0012,31.9609,4096,257.2500,5,47.2700,3463,1
9595,32.0012,31.9609,4096,257.2500,5,47.2700,3464,1
9596,32.0012,31.9609,4096,257.2500,5,47.2700,3464,1
9597,32.0012,31.9609,4096,257.2500,5,47.2700,3464,1
9598,32.0012,31.9609,4096,257.2500,5,47.2700,3465,1
9599,32.0012,31.9609,4096,257.2500,5,47.2700,3465,1
9600,32.0012,31.9609,4096,257.2500,5,47.2700,3466,1
9601,32.0012,31.9609,4096,257.2500,5,47.2700,3466,1
9602,32.0012,31.9609,4096,257.2500,5,47.2700,3467,1
9603,32.0012,31.9609,4096,257.2500,5,47.2700,3468,1
9604,32.0012,31.9609,4096,257.2500,5,47.2700,3468,1
9605,32.0012,31.9609,4096,257.2500,5,47.2700,3468,1
9606,32.0012,31.9609,4096,257.2500,5,47.2700,3469,1
9607,32.0012,31.9609,4096,257.2500,5,47.2700,3470,1
9608,32.0012,31.9609,4096,257.2500,5,47.2700,3470,1
9609,32.0012,31.9609,4096,257.2500,5,47.2700,3470,1
9610,32.0012,31.9609,4096,257.2500,5,47.2700,3470,1
9611,32.0012,31.9609,4096,257.2500,5,47.2700,3470,1
9612,32.0012,31.9609,4096,257.2500,5,47.2700,3470,1
9613,32.0012,31.9609,4096,257.2500,5,47.2700,3470,1
9614,32.0012,31.9609,4096,257.2500,5,47.2700,3470,1
9615,32.0012,31.9609,4096,257.2500,5,47.2700,3470,1
9616,32.0012,31.9609,4096,257.2500,5,47.2700,3470,1
9617,32.0012,31.9609,4096,257.2500,5,47.2700,3470,1
9618,32.0012,31.9609,4096,257.2500,5,47.2700,3471,1
9619,32.0012,31.9609,4096,257.2500,5,47.2700,3471,1
9620,32.0012,31.9609,4096,257.2500,5,47.2700,3471,1
9621,32.0012,31.9609,4096,257.2500,5,47.2700,3471,1
9622,32.0012,31.9609,4096,257.2500,5,47.2700,3471,1
9623,32.0012,31.9609,4096,257.2500,5,47.2700,3471,1
9624,32.0012,31.9609,4096,257.2500,5,47.2700,3471,1
9625,32.0012,31.9609,4096,257.2500,5,47.2700,3471,1
9626,32.0012,31.9609,4096,257.2500,5,47.2700,3471,1
9627,32.0012,31.9609,4096,257.2500,5,47.2700,3471,1
9628,32.0012,31.9609,4096,257.2500,5,47.2700,3471,1
9629,32.0012,31.9609,4096,257.2500,5,47.2700,3472,1
9630,32.0012,31.9609,4096,257.2500,5,47.2700,3472,1
9631,32.0012,31.9609,4096,257.2500,5,47.2700,3472,1
9632,32.0012,31.9609,4096,257.2500,5,47.2700,3473,1
9633,32.0012,31.9609,4096,257.2500,5,47.2700,3473,1
9634,32.0012,31.9609,4096,257.2500,5,47.2700,3474,1
9635,32.0012,31.9609,4096,257.2500,5,47.2700,3474,1
9636,32.0012,31.9609,4096,257.2500,5,47.2700,3474,1
9637,32.0012,31.9609,4096,257.2500,5,47.2700,3474,1
9638,32.0012,31.9609,4096,257.2500,5,47.2700,3475,1
9639,32.0012,31.9609,4096,257.2500,5,47.2700,3475,1
9640,32.0012,31.9609,4096,257.2500,5,47.2700,3475,1
9641,32.0012,31.9609,4096,257.2500,5,47.2700,3476,1
9642,32.0012,31.9609,4096,257.2500,5,47.2700,3477,1
9643,32.0012,31.9609,4096,257.2500,5,47.2700,3477,1
9644,32.0012,31.9609,4096,257.2500,5,47.2700,3478,1
9645,32.0012,31.9609,4096,257.2500,5,47.2700,3478,1
9646,32.0012,31.9609,4096,257.2500,5,47.2700,3479,1
9647,32.0012,31.9609,4096,257.2500,5,47.2700,3479,1
9648,32.0012,31.9609,4096,257.2500,5,47.2700,3480,1
9649,32.0012,31.9609,4096,257.2500,5,47.2700,3480,1
9650,32.0012,31.9609,4096,257.2500,5,47.2700,3480,1
9651,32.0012,31.9609,4096,257.2500,5,47.2700,3481,1
9652,32.0012,31.9609,4096,257.2500,5,47.2700,3482,1
9653,32.0012,31.9609,4096,257.2500,5,47.2700,3482,1
9654,32.0012,31.9609,4096,257.2500,5,47.2700,3482,1
9655,32.0012,31.9609,4096,257.2500,5,47.2700,3482,1
9656,32.0012,31.9609,4096,257.2500,5,47.2700,3482,1
9657,32.0012,31.9609,4096,257.2500,5,47.2700,3483,1
9658,32.0012,31.9609,4096,257.2500,5,47.2700,3483,1
9659,32.0012,31.9609,4096,257.2500,5,47.2700,3484,1
9660,32.0012,31.9609,4096,257.2500,5,47.2700,3484,1
9661,32.0012,31.9609,4096,257.2500,5,47.2700,3484,1
9662,32.0012,31.9609,4096,257.2500,5,47.2700,3485,1
9663,32.0012,31.9609,4096,257.2500,5,47.2700,3485,1
9664,32.0012,31.9609,4096,257.2500,5,47.2700,3485,1
9665,32.0012,31.9609,4096,257.2500,5,47.2700,3485,1
9666,32.0012,31.9609,4096,257.2500,5,47.2700,3485,1
9667,32.0012,31.9609,4096,257.2500,5,47.2700,3485,1
9668,32.0012,31.9609,4096,257.2500,5,47.2700,3485,1
9669,32.0012,31.9609,4096,257.2500,5,47.2700,3485,1
9670,32.0012,31.9609,4096,257.2500,5,47.2700,3485,1
9671,32.0012,31.9609,4096,257.2500,5,47.2700,3485,1
9672,32.0012,31.9609,4096,257.2500,5,47.2700,3485,1
9673,32.0012,31.9609,4096,257.2500,5,47.2700,3486,1
9674,32.0012,31.9609,4096,257.2500,5,47.2700,3486,1
9675,32.0012,31.9609,4096,257.2500,5,47.2700,3486,1
9676,32.0012,31.9609,4096,257.2500,5,47.2700,3486,1
9677,32.0012,31.9609,4096,257.2500,5,47.2700,3486,1
9678,32.0012,31.9609,4096,257.2500,5,47.2700,3487,1
9679,32.0012,31.9609,4096,257.2500,5,47.2700,3487,1
9680,32.0012,31.9609,4096,257.2500,5,47.2700,3487,1
9681,32.0012,31.9609,4096,257.2500,5,47.2700,3487,1
9682,32.0012,31.9609,4096,257.2500,5,47.2700,3487,1
9683,32.0012,31.9609,4096,257.2500,5,47.2700,3487,1
9684,32.0012,31.9609,4096,257.2500,5,47.2700,3487,1
9685,32.0012,31.9609,4096,257.2500,5,47.2700,3487,1
9686,32.0012,31.9609,4096,257.2500,5,47.2700,3487,1
9687,32.0012,31.9609,4096,257.2500,5,47.2700,3487,1
9688,32.0012,31.9609,4096,257.2500,5,47.2700,3488,1
9689,32.0012,31.9609,4096,257.2500,5,47.2700,3488,1
9690,32.0012,31.9609,4096,257.2500,5,47.2700,3488,1
9691,32.0012,31.9609,4096,257.2500,5,47.2700,3488,1
9692,32.0012,31.9609,4096,257.2500,5,47.2700,3488,1
9693,32.0012,31.9609,4096,257.2500,5,47.2700,3488,1
9694,32.0012,31.9609,4096,257.2500,5,47.2700,3489,1
9695,32.0012,31.9609,4096,257.2500,5,47.2700,3489,1
9696,32.0012,31.9609,4096,257.2500,5,47.2700,3489,1
9697,32.0012,31.9609,4096,257.2500,5,47.2700,3489,1
9698,32.0012,31.9609,4096,257.2500,5,47.2700,3489,1
9699,32.0012,31.9609,4096,257.2500,5,47.2700,3489,1
9700,32.0012,31.9609,4096,257.2500,5,47.2700,3490,1
9701,32.0012,31.9609,4096,257.2500,5,47.2700,3491,1
9702,32.0012,31.9609,4096,257.2500,5,47.2700,3491,1
9703,32.0012,31.9609,4096,257.2500,5,47.2700,3491,1
9704,32.0012,31.9609,4096,257.2500,5,47.2700,3491,1
9705,32.0012,31.9609,4096,257.2500,5,47.2700,3492,1
9706,32.0012,31.9609,4096,257.2500,5,47.2700,3492,1
9707,32.0012,31.9609,4096,257.2500,5,47.2700,3493,1
9708,32.0012,31.9609,4096,257.2500,5,47.2700,3493,1
9709,32.0012,31.9609,4096,257.2500,5,47.2700,3493,1
9710,32.0012,31.9609,4096,257.2500,5,47.2700,3493,1
9711,32.0012,31.9609,4096,257.2500,5,47.2700,3493,1
9712,32.0012,31.9609,4096,257.2500,5,47.2700,3493,1
9713,32.0012,31.9609,4096,257.2500,5,47.2700,3493,1
9714,32.0012,31.9609,4096,257.2500,5,47.2700,3493,1
9715,32.0012,31.9609,4096,257.2500,5,47.2700,3493,1
9716,32.0012,31.9609,4096,257.2500,5,47.2700,3493,1
9717,32.0012,31.9609,4096,257.2500,5,47.2700,3494,1
9718,32.0012,31.9609,4096,257.2500,5,47.2700,3494,1
9719,32.0012,31.9609,4096,257.2500,5,47.2700,3494,1
9720,32.0012,31.9609,4096,257.2500,5,47.2700,3495,1
9721,32.0012,31.9609,4096,257.2500,5,47.2700,3496,1
9722,32.0012,31.9609,4096,257.2500,5,47.2700,3497,1
9723,32.0012,31.9609,4096,257.2500,5,47.2700,3498,1
9724,32.0012,31.9609,4096,257.2500,5,47.2700,3498,1
9725,32.0012,31.9609,4096,257.2500,5,47.2700,3498,1
9726,32.0012,31.9609,4096,257.2500,5,47.2700,3499,1
9727,32.0012,31.9609,4096,257.2500,5,47.2700,3499,1
9728,32.0012,31.9609,4096,257.2500,5,47.2700,3499,1
9729,32.0012,31.9609,4096,257.2500,5,47.2700,3499,1
9730,32.0012,31.9609,4096,257.2500,5,47.2700,3499,1
9731,32.0012,31.9609,4096,257.2500,5,47.2700,3500,1
9732,32.0012,31.9609,4096,257.2500,5,47.2700,3500,1
9733,32.0012,31.9609,4096,257.2500,5,47.2700,3500,1
9734,32.0012,31.9609,4096,257.2500,5,47.2700,3500,1
9735,32.0012,31.9609,4096,257.2500,5,47.2700,3500,1
9736,32.0012,31.9609,4096,257.2500,5,47.2700,3500,1
9737,32.0012,31.9609,4096,257.2500,5,47.2700,3500,1
9738,32.0012,31.9609,4096,257.2500,5,47.2700,3501,1
9739,32.0012,31.9609,4096,257.2500,5,47.2700,3501,1
9740,32.0012,31.9609,4096,257.2500,5,47.2700,3501,1
9741,32.0012,31.9609,4096,257.2500,5,47.2700,3501,1
9742,32.0012,31.9609,4096,257.2500,5,47.2700,3501,1
9743,32.0012,31.9609,4096,257.2500,5,47.2700,3501,1
9744,32.0012,31.9609,4096,257.2500,5,47.2700,3501,1
9745,32.0012,31.9609,4096,257.2500,5,47.2700,3501,1
9746,32.0012,31.9609,4096,257.2500,5,47.2700,3501,1
9747,32.0012,31.9609,4096,257.2500,5,47.2700,3502,1
9748,32.0012,31.9609,4096,257.2500,5,47.2700,3502,1
9749,32.0012,31.9609,4096,257.2500,5,47.2700,3502,1
9750,32.0012,31.9609,4096,257.2500,5,47.2700,3502,1
9751,32.0012,31.9609,4096,257.2500,5,47.2700,3502,1
9752,32.0012,31.9609,4096,257.2500,5,47.2700,3502,1
9753,32.0012,31.9609,4096,257.2500,5,47.2700,3503,1
9754,32.0012,31.9609,4096,257.2500,5,47.2700,3503,1
9755,32.0012,31.9609,4096,257.2500,5,47.2700,3504,1
9756,32.0012,31.9609,4096,257.2500,5,47.2700,3504,1
9757,32.0012,31.9609,4096,257.2500,5,47.2700,3504,1
9758,32.0012,31.9609,4096,257.2500,5,47.2700,3504,1
9759,32.0012,31.9609,4096,257.2500,5,47.2700,3504,1
9760,32.0012,31.9609,4096,257.2500,5,47.2700,3504,1
9761,32.0012,31.9609,4096,257.2500,5,47.2700,3504,1
9762,32.0012,31.9609,4096,257.2500,5,47.2700,3505,1
9763,32.0012,31.9609,4096,257.2500,5,47.2700,3505,1
9764,32.0012,31.9609,4096,257.2500,5,47.2700,3505,1
9765,32.0012,31.9609,4096,257.2500,5,47.2700,3505,1
9766,32.0012,31.9609,4096,257.2500,5,47.2700,3505,1
9767,32.0012,31.9609,4096,257.2500,5,47.2700,3505,1
9768,32.0012,31.9609,4096,257.2500,5,47.2700,3505,1
9769,32.0012,31.9609,4096,257.2500,5,47.2700,3505,1
9770,32.0012,31.9609,4096,257.2500,5,47.2700,3505,1
9771,32.0012,31.9609,4096,257.2500,5,47.2700,3505,1
9772,32.0012,31.9609,4096,257.2500,5,47.2700,3505,1
9773,32.0012,31.9609,4096,257.2500,5,47.2700,3506,1
9774,32.0012,31.9609,4096,257.2500,5,47.2700,3506,1
9775,32.0012,31.9609,4096,257.2500,5,47.2700,3507,1
9776,32.0012,31.9609,4096,257.2500,5,47.2700,3508,1
9777,32.0012,31.9609,4096,257.2500,5,47.2700,3508,1
9778,32.0012,31.9609,4096,257.2500,5,47.2700,3508,1
9779,32.0012,31.9609,4096,257.2500,5,47.2700,3508,1
9780,32.0012,31.9609,4096,257.2500,5,47.2700,3508,1
9781,32.0012,31.9609,4096,257.2500,5,47.2700,3508,1
9782,32.0012,31.9609,4096,257.2500,5,47.2700,3508,1
9783,32.0012,31.9609,4096,257.2500,5,47.2700,3508,1
9784,32.0012,31.9609,4096,257.2500,5,47.2700,3508,1
9785,32.0012,31.9609,4096,257.2500,5,47.2700,3509,1
9786,32.0012,31.9609,4096,257.2500,5,47.2700,3509,1
9787,32.0012,31.9609,4096,257.2500,5,47.2700,3509,1
9788,32.0012,31.9609,4096,257.2500,5,47.2700,3509,1
9789,32.0012,31.9609,4096,257.2500,5,47.2700,3509,1
9790,32.0012,31.9609,4096,257.2500,5,47.2700,3510,1
9791,32.0012,31.9609,4096,257.2500,5,47.2700,3510,1
9792,32.0012,31.9609,4096,257.2500,5,47.2700,3510,1
9793,32.0012,31.9609,4096,257.2500,5,47.2700,3511,1
9794,32.0012,31.9609,4096,257.2500,5,47.2700,3511,1
9795,32.0012,31.9609,4096,257.2500,5,47.2700,3512,1
9796,32.0012,31.9609,4096,257.2500,5,47.2700,3512,1
9797,32.0012,31.9609,4096,257.2500,5,47.2700,3512,1
9798,32.0012,31.9609,4096,257.2500,5,47.2700,3513,1
9799,32.0012,31.9609,4096,257.2500,5,47.2700,3513,1
9800,32.0012,31.9609,4096,257.2500,5,47.2700,3513,1
9801,32.0012,31.9609,4096,257.2500,5,47.2700,3513,1
9802,32.0012,31.9609,4096,257.2500,5,47.2700,3513,1
9803,32.0012,31.9609,4096,257.2500,5,47.2700,3514,1
9804,32.0012,31.9609,4096,257.2500,5,47.2700,3514,1
9805,32.0012,31.9609,4096,257.2500,5,47.2700,3514,1
9806,32.0012,31.9609,4096,257.2500,5,47.2700,3514,1
9807,32.0012,31.9609,4096,257.2500,5,47.2700,3514,1
9808,32.0012,31.9609,4096,257.2500,5,47.2700,3514,1
9809,32.0012,31.9609,4096,257.2500,5,47.2700,3514,1
9810,32.0012,31.9609,4096,257.2500,5,47.2700,3514,1
9811,32.0012,31.9609,4096,257.2500,5,47.2700,3514,1
9812,32.0012,31.9609,4096,257.2500,5,47.2700,3514,1
9813,32.0012,31.9609,4096,257.2500,5,47.2700,3514,1
9814,32.0012,31.9609,4096,257.2500,5,47.2700,3514,1
9815,32.0012,31.9609,4096,257.2500,5,47.2700,3515,1
9816,32.0012,31.9609,4096,257.2500,5,47.2700,3515,1
9817,32.0012,31.9609,4096,257.2500,5,47.2700,3515,1
9818,32.0012,31.9609,4096,257.2500,5,47.2700,3515,1
9819,32.0012,31.9609,4096,257.2500,5,47.2700,3515,1
9820,32.0012,31.9609,4096,257.2500,5,47.2700,3515,1
9821,32.0012,31.9609,4096,257.2500,5,47.2700,3516,1
9822,32.0012,31.9609,4096,257.2500,5,47.2700,3517,1
9823,32.0012,31.9609,4096,257.2500,5,47.2700,3517,1
9824,32.0012,31.9609,4096,257.2500,5,47.2700,3517,1
9825,32.0012,31.9609,4096,257.2500,5,47.2700,3517,1
9826,32.0012,31.9609,4096,257.2500,5,47.2700,3518,1
9827,32.0012,31.9609,4096,257.2500,5,47.2700,3518,1
9828,32.0012,31.9609,4096,257.2500,5,47.2700,3518,1
9829,32.0012,31.9609,4096,257.2500,5,47.2700,3518,1
9830,32.0012,31.9609,4096,257.2500,5,47.2700,3518,1
9831,32.0012,31.9609,4096,257.2500,5,47.2700,3518,1
9832,32.0012,31.9609,4096,257.2500,5,47.2700,3518,1
9833,32.0012,31.9609,4096,257.2500,5,47.2700,3518,1
9834,32.0012,31.9609,4096,257.2500,5,47.2700,3518,1
9835,32.0012,31.9609,4096,257.2500,5,47.2700,3518,1
9836,32.0012,31.9609,4096,257.2500,5,47.2700,3518,1
9837,32.0012,31.9609,4096,257.2500,5,47.2700,3519,1
9838,32.0012,31.9609,4096,257.2500,5,47.2700,3519,1
9839,32.0012,31.9609,4096,257.2500,5,47.2700,3519,1
9840,32.0012,31.9609,4096,257.2500,5,47.2700,3519,1
9841,32.0012,31.9609,4096,257.2500,5,47.2700,3519,1
9842,32.0012,31.9609,4096,257.2500,5,47.2700,3520,1
9843,32.0012,31.9609,4096,257.2500,5,47.2700,3520,1
9844,32.0012,31.9609,4096,257.2500,5,47.2700,3520,1
9845,32.0012,31.9609,4096,257.2500,5,47.2700,3520,1
9846,32.0012,31.9609,4096,257.2500,5,47.2700,3520,1
9847,32.0012,31.9609,4096,257.2500,5,47.2700,3520,1
9848,32.0012,31.9609,4096,257.2500,5,47.2700,3520,1
9849,32.0012,31.9609,4096,257.2500,5,47.2700,3520,1
9850,32.0012,31.9609,4096,257.2500,5,47.2700,3521,1
9851,32.0012,31.9609,4096,257.2500,5,47.2700,3522,1
9852,32.0012,31.9609,4096,257.2500,5,47.2700,3522,1
9853,32.0012,31.9609,4096,257.2500,5,47.2700,3522,1
9854,32.0012,31.9609,4096,257.2500,5,47.2700,3522,1
9855,32.0012,31.9609,4096,257.2500,5,47.2700,3522,1
9856,32.0012,31.9609,4096,257.2500,5,47.2700,3522,1
9857,32.0012,31.9609,4096,257.2500,5,47.2700,3522,1
9858,32.0012,31.9609,4096,257.2500,5,47.2700,3523,1
9859,32.0012,31.9609,4096,257.2500,5,47.2700,3523,1
9860,32.0012,31.9609,4096,257.2500,5,47.2700,3523,1
9861,32.0012,31.9609,4096,257.2500,5,47.2700,3524,1
9862,32.0012,31.9609,4096,257.2500,5,47.2700,3524,1
9863,32.0012,31.9609,4096,257.2500,5,47.2700,3524,1
9864,32.0012,31.9609,4096,257.2500,5,47.2700,3525,1
9865,32.0012,31.9609,4096,257.2500,5,47.2700,3526,1
9866,32.0012,31.9609,4096,257.2500,5,47.2700,3526,1
9867,32.0012,31.9609,4096,257.2500,5,47.2700,3526,1
9868,32.0012,31.9609,4096,257.2500,5,47.2700,3527,1
9869,32.0012,31.9609,4096,257.2500,5,47.2700,3527,1
9870,32.0012,31.9609,4096,257.2500,5,47.2700,3527,1
9871,32.0012,31.9609,4096,257.2500,5,47.2700,3528,1
9872,32.0012,31.9609,4096,257.2500,5,47.2700,3528,1
9873,32.0012,31.9609,4096,257.2500,5,47.2700,3528,1
9874,32.0012,31.9609,4096,257.2500,5,47.2700,3528,1
9875,32.0012,31.9609,4096,257.2500,5,47.2700,3528,1
9876,32.0012,31.9609,4096,257.2500,5,47.2700,3529,1
9877,32.0012,31.9609,4096,257.2500,5,47.2700,3529,1
9878,32.0012,31.9609,4096,257.2500,5,47.2700,3530,1
9879,32.0012,31.9609,4096,257.2500,5,47.2700,3530,1
9880,32.0012,31.9609,4096,257.2500,5,47.2700,3530,1
9881,32.0012,31.9609,4096,257.2500,5,47.2700,3530,1
9882,32.0012,31.9609,4096,257.2500,5,47.2700,3530,1
9883,32.0012,31.9609,4096,257.2500,5,47.2700,3530,1
9884,32.0012,31.9609,4096,257.2500,5,47.2700,3531,1
9885,32.0012,31.9609,4096,257.2500,5,47.2700,3532,1
9886,32.0012,31.9609,4096,257.2500,5,47.2700,3532,1
9887,32.0012,31.9609,4096,257.2500,5,47.2700,3532,1
9888,32.0012,31.9609,4096,257.2500,5,47.2700,3532,1
9889,32.0012,31.9609,4096,257.2500,5,47.2700,3533,1
9890,32.0012,31.9609,4096,257.2500,5,47.2700,3533,1
9891,32.0012,31.9609,4096,257.2500,5,47.2700,3533,1
9892,32.0012,31.9609,4096,257.2500,5,47.2700,3533,1
9893,32.0012,31.9609,4096,257.2500,5,47.2700,3533,1
9894,32.0012,31.9609,4096,257.2500,5,47.2700,3534,1
9895,32.0012,31.9609,4096,257.2500,5,47.2700,3534,1
9896,32.0012,31.9609,4096,257.2500,5,47.2700,3534,1
9897,32.0012,31.9609,4096,257.2500,5,47.2700,3534,1
9898,32.0012,31.9609,4096,257.2500,5,47.2700,3535,1
9899,32.0012,31.9609,4096,257.2500,5,47.2700,3535,1
9900,32.0012,31.9609,4096,257.2500,5,47.2700,3535,1
9901,32.0012,31.9609,4096,257.2500,5,47.2700,3535,1
9902,32.0012,31.9609,4096,257.2500,5,47.2700,3535,1
9903,32.0012,31.9609,4096,257.2500,5,47.2700,3536,1
9904,32.0012,31.9609,4096,257.2500,5,47.2700,3536,1
9905,32.0012,31.9609,4096,257.2500,5,47.2700,3537,1
9906,32.0012,31.9609,4096,257.2500,5,47.2700,3537,1
9907,32.0012,31.9609,4096,257.2500,5,47.2700,3537,1
9908,32.0012,31.9609,4096,257.2500,5,47.2700,3537,1
9909,32.0012,31.9609,4096,257.2500,5,47.2700,3537,1
9910,32.0012,31.9609,4096,257.2500,5,47.2700,3537,1
9911,32.0012,31.9609,4096,257.2500,5,47.2700,3537,1
9912,32.0012,31.9609,4096,257.2500,5,47.2700,3537,1
9913,32.0012,31.9609,4096,257.2500,5,47.2700,3538,1
9914,32.0012,31.9609,4096,257.2500,5,47.2700,3538,1
9915,32.0012,31.9609,4096,257.2500,5,47.2700,3538,1
9916,32.0012,31.9609,4096,257.2500,5,47.2700,3538,1
9917,32.0012,31.9609,4096,257.2500,5,47.2700,3538,1
9918,32.0012,31.9609,4096,257.2500,5,47.2700,3538,1
9919,32.0012,31.9609,4096,257.2500,5,47.2700,3539,1
9920,32.0012,31.9609,4096,257.2500,5,47.2700,3539,1
9921,32.0012,31.9609,4096,257.2500,5,47.2700,3539,1
9922,32.0012,31.9609,4096,257.2500,5,47.2700,3539,1
9923,32.0012,31.9609,4096,257.2500,5,47.2700,3540,1
9924,32.0012,31.9609,4096,257.2500,5,47.2700,3540,1
9925,32.0012,31.9609,4096,257.2500,5,47.2700,3541,1
9926,32.0012,31.9609,4096,257.2500,5,47.2700,3541,1
9927,32.0012,31.9609,4096,257.2500,5,47.2700,3541,1
9928,32.0012,31.9609,4096,257.2500,5,47.2700,3541,1
9929,32.0012,31.9609,4096,257.2500,5,47.2700,3541,1
9930,32.0012,31.9609,4096,257.2500,5,47.2700,3541,1
9931,32.0012,31.9609,4096,257.2500,5,47.2700,3541,1
9932,32.0012,31.9609,4096,257.2500,5,47.2700,3541,1
9933,32.0012,31.9609,4096,257.2500,5,47.2700,3541,1
9934,32.0012,31.9609,4096,257.2500,5,47.2700,3541,1
9935,32.0012,31.9609,4096,257.2500,5,47.2700,3541,1
9936,32.0012,31.9609,4096,257.2500,5,47.2700,3541,1
9937,32.0012,31.9609,4096,257.2500,5,47.2700,3541,1
9938,32.0012,31.9609,4096,257.2500,5,47.2700,3542,1
9939,32.0012,31.9609,4096,257.2500,5,47.2700,3542,1
9940,32.0012,31.9609,4096,257.2500,5,47.2700,3542,1
9941,32.0012,31.9609,4096,257.2500,5,47.2700,3542,1
9942,32.0012,31.9609,4096,257.2500,5,47.2700,3542,1
9943,32.0012,31.9609,4096,257.2500,5,47.2700,3542,1
9944,32.0012,31.9609,4096,257.2500,5,47.2700,3542,1
9945,32.0012,31.9609,4096,257.2500,5,47.2700,3543,1
9946,32.0012,31.9609,4096,257.2500,5,47.2700,3543,1
9947,32.0012,31.9609,4096,257.2500,5,47.2700,3543,1
9948,32.0012,31.9609,4096,257.2500,5,47.2700,3544,1
9949,32.0012,31.9609,4096,257.2500,5,47.2700,3544,1
9950,32.0012,31.9609,4096,257.2500,5,47.2700,3545,1
9951,32.0012,31.9609,4096,257.2500,5,47.2700,3545,1
9952,32.0012,31.9609,4096,257.2500,5,47.2700,3545,1
9953,32.0012,31.9609,4096,257.2500,5,47.2700,3545,1
9954,32.0012,31.9609,4096,257.2500,5,47.2700,3545,1
9955,32.0012,31.9609,4096,257.2500,5,47.2700,3545,1
9956,32.0012,31.9609,4096,257.2500,5,47.2700,3545,1
9957,32.0012,31.9609,4096,257.2500,5,47.2700,3546,1
9958,32.0012,31.9609,4096,257.2500,5,47.2700,3546,1
9959,32.0012,31.9609,4096,257.2500,5,47.2700,3546,1
9960,32.0012,31.9609,4096,257.2500,5,47.2700,3546,1
9961,32.0012,31.9609,4096,257.2500,5,47.2700,3546,1
9962,32.0012,31.9609,4096,257.2500,5,47.2700,3546,1
9963,32.0012,31.9609,4096,257.2500,5,47.2700,3547,1
9964,32.0012,31.9609,4096,257.2500,5,47.2700,3547,1
9965,32.0012,31.9609,4096,257.2500,5,47.2700,3547,1
9966,32.0012,31.9609,4096,257.2500,5,47.2700,3547,1
9967,32.0012,31.9609,4096,257.2500,5,47.2700,3547,1
9968,32.0012,31.9609,4096,257.2500,5,47.2700,3547,1
9969,32.0012,31.9609,4096,257.2500,5,47.2700,3548,1
9970,32.0012,31.9609,4096,257.2500,5,47.2700,3548,1
9971,32.0012,31.9609,4096,257.2500,5,47.2700,3548,1
9972,32.0012,31.9609,4096,257.2500,5,47.2700,3548,1
9973,32.0012,31.9609,4096,257.2500,5,47.2700,3548,1
9974,32.0012,31.9609,4096,257.2500,5,47.2700,3548,1
9975,32.0012,31.9609,4096,257.2500,5,47.2700,3548,1
9976,32.0012,31.9609,4096,257.2500,5,47.2700,3548,1
9977,32.0012,31.9609,4096,257.2500,5,47.2700,3549,1
9978,32.0012,31.9609,4096,257.2500,5,47.2700,3549,1
9979,32.0012,31.9609,4096,257.2500,5,47.2700,3550,1
9980,32.0012,31.9609,4096,257.2500,5,47.2700,3551,1
9981,32.0012,31.9609,4096,257.2500,5,47.2700,3551,1
9982,32.0012,31.9609,4096,257.2500,5,47.2700,3552,1
9983,32.0012,31.9609,4096,257.2500,5,47.2700,3553,1
9984,32.0012,31.9609,4096,257.2500,5,47.2700,3553,1
9985,32.0012,31.9609,4096,257.2500,5,47.2700,3553,1
9986,32.0012,31.9609,4096,257.2500,5,47.2700,3554,1
9987,32.0012,31.9609,4096,257.2500,5,47.2700,3554,1
9988,32.0012,31.9609,4096,257.2500,5,47.2700,3554,1
9989,32.0012,31.9609,4096,257.2500,5,47.2700,3555,1
9990,32.0012,31.9609,4096,257.2500,5,47.2700,3555,1
9991,32.0012,31.9609,4096,257.2500,5,47.2700,3555,1
9992,32.0012,31.9609,4096,257.2500,5,47.2700,3556,1
9993,32.0012,31.9609,4096,257.2500,5,47.2700,3556,1
9994,32.0012,31.9609,4096,257.2500,5,47.2700,3556,1
9995,32.0012,31.9609,4096,257.2500,5,47.2700,3556,1
9996,32.0012,31.9609,4096,257.2500,5,47.2700,3556,1
9997,32.0012,31.9609,4096,257.2500,5,47.2700,3557,1
9998,32.0012,31.9609,4096,257.2500,5,47.2700,3557,1
9999,32.0012,31.9609,4096,257.2500,5,47.2700,3558,1
10000,32.0012,31.9609,4096,257.2500,5,47.2700,3558,1
10001,32.0012,31.9609,4096,257.2500,5,47.2700,3558,1
10002,32.0012,31.9609,4096,257.2500,5,47.2700,3559,1
10003,32.0012,31.9609,4096,257.2500,5,47.2700,3559,1
10004,32.0012,31.9609,4096,257.2500,5,47.2700,3559,1
10005,32.0012,31.9609,4096,257.2500,5,47.2700,3559,1
10006,32.0012,31.9609,4096,257.2500,5,47.2700,3559,1
10007,32.0012,31.9609,4096,257.2500,5,47.2700,3559,1
10008,32.0012,31.9609,4096,257.2500,5,47.2700,3560,1
10009,32.0012,31.9609,4096,257.2500,5,47.2700,3561,1
10010,32.0012,31.9609,4096,257.2500,5,47.2700,3561,1
10011,32.0012,31.9609,4096,257.2500,5,47.2700,3561,1
10012,32.0012,31.9609,4096,257.2500,5,47.2700,3561,1
10013,32.0012,31.9609,4096,257.2500,5,47.2700,3562,1
10014,32.0012,31.9609,4096,257.2500,5,47.2700,3562,1
10015,32.0012,31.9609,4096,257.2500,5,47.2700,3562,1
10016,32.0012,31.9609,4096,257.2500,5,47.2700,3563,1
10017,32.0012,31.9609,4096,257.2500,5,47.2700,3563,1
10018,32.0012,31.9609,4096,257.2500,5,47.2700,3563,1
10019,32.0012,31.9609,4096,257.2500,5,47.2700,3563,1
10020,32.0012,31.9609,4096,257.2500,5,47.2700,3563,1
10021,32.0012,31.9609,4096,257.2500,5,47.2700,3564,1
10022,32.0012,31.9609,4096,257.2500,5,47.2700,3564,1
10023,32.0012,31.9609,4096,257.2500,5,47.2700,3564,1
10024,32.0012,31.9609,4096,257.2500,5,47.2700,3565,1
10025,32.0012,31.9609,4096,257.2500,5,47.2700,3565,1
10026,32.0012,31.9609,4096,257.2500,5,47.2700,3565,1
10027,32.0012,31.9609,4096,257.2500,5,47.2700,3565,1
10028,32.0012,31.9609,4096,257.2500,5,47.2700,3566,1
10029,32.0012,31.9609,4096,257.2500,5,47.2700,3566,1
10030,32.0012,31.9609,4096,257.2500,5,47.2700,3567,1
10031,32.0012,31.9609,4096,257.2500,5,47.2700,3567,1
10032,32.0012,31.9609,4096,257.2500,5,47.2700,3567,1
10033,32.0012,31.9609,4096,257.2500,5,47.2700,3567,1
10034,32.0012,31.9609,4096,257.2500,5,47.2700,3567,1
10035,32.0012,31.9609,4096,257.2500,5,47.2700,3567,1
10036,32.0012,31.9609,4096,257.2500,5,47.2700,3567,1
10037,32.0012,31.9609,4096,257.2500,5,47.2700,3567,1
10038,32.0012,31.9609,4096,257.2500,5,47.2700,3567,1
10039,32.0012,31.9609,4096,257.2500,5,47.2700,3568,1
10040,32.0012,31.9609,4096,257.2500,5,47.2700,3568,1
10041,32.0012,31.9609,4096,257.2500,5,47.2700,3568,1
10042,32.0012,31.9609,4096,257.2500,5,47.2700,3568,1
10043,32.0012,31.9609,4096,257.2500,5,47.2700,3568,1
10044,32.0012,31.9609,4096,257.2500,5,47.2700,3568,1
10045,32.0012,31.9609,4096,257.2500,5,47.2700,3569,1
10046,32.0012,31.9609,4096,257.2500,5,47.2700,3569,1
10047,32.0012,31.9609,4096,257.2500,5,47.2700,3569,1
10048,32.0012,31.9609,4096,257.2500,5,47.2700,3569,1
10049,32.0012,31.9609,4096,257.2500,5,47.2700,3570,1
10050,32.0012,31.9609,4096,257.2500,5,47.2700,3571,1
10051,32.0012,31.9609,4096,257.2500,5,47.2700,3571,1
10052,32.0012,31.9609,4096,257.2500,5,47.2700,3571,1
10053,32.0012,31.9609,4096,257.2500,5,47.2700,3571,1
10054,32.0012,31.9609,4096,257.2500,5,47.2700,3571,1
10055,32.0012,31.9609,4096,257.2500,5,47.2700,3572,1
10056,32.0012,31.9609,4096,257.2500,5,47.2700,3572,1
10057,32.0012,31.9609,4096,257.2500,5,47.2700,3572,1
10058,32.0012,31.9609,4096,257.2500,5,47.2700,3572,1
10059,32.0012,31.9609,4096,257.2500,5,47.2700,3573,1
10060,32.0012,31.9609,4096,257.2500,5,47.2700,3573,1
10061,32.0012,31.9609,4096,257.2500,5,47.2700,3573,1
10062,32.0012,31.9609,4096,257.2500,5,47.2700,3573,1
10063,32.0012,31.9609,4096,257.2500,5,47.2700,3573,1
10064,32.0012,31.9609,4096,257.2500,5,47.2700,3573,1
10065,32.0012,31.9609,4096,257.2500,5,47.2700,3573,1
10066,32.0012,31.9609,4096,257.2500,5,47.2700,3573,1
10067,32.0012,31.9609,4096,257.2500,5,47.2700,3573,1
10068,32.0012,31.9609,4096,257.2500,5,47.2700,3573,1
10069,32.0012,31.9609,4096,257.2500,5,47.2700,3573,1
10070,32.0012,31.9609,4096,257.2500,5,47.2700,3573,1
10071,32.0012,31.9609,4096,257.2500,5,47.2700,3573,1
10072,32.0012,31.9609,4096,257.2500,5,47.2700,3573,1
10073,32.0012,31.9609,4096,257.2500,5,47.2700,3573,1
10074,32.0012,31.9609,4096,257.2500,5,47.2700,3573,1
10075,32.0012,31.9609,4096,257.2500,5,47.2700,3574,1
10076,32.0012,31.9609,4096,257.2500,5,47.2700,3574,1
10077,32.0012,31.9609,4096,257.2500,5,47.2700,3574,1
10078,32.0012,31.9609,4096,257.2500,5,47.2700,3575,1
10079,32.0012,31.9609,4096,257.2500,5,47.2700,3575,1
10080,32.0012,31.9609,4096,257.2500,5,47.2700,3575,1
10081,32.0012,31.9609,4096,257.2500,5,47.2700,3576,1
10082,32.0012,31.9609,4096,257.2500,5,47.2700,3576,1
10083,32.0012,31.9609,4096,257.2500,5,47.2700,3576,1
10084,32.0012,31.9609,4096,257.2500,5,47.2700,3577,1
10085,32.0012,31.9609,4096,257.2500,5,47.2700,3577,1
10086,32.0012,31.9609,4096,257.2500,5,47.2700,3577,1
10087,32.0012,31.9609,4096,257.2500,5,47.2700,3578,1
10088,32.0012,31.9609,4096,257.2500,5,47.2700,3578,1
10089,32.0012,31.9609,4096,257.2500,5,47.2700,3579,1
10090,32.0012,31.9609,4096,257.2500,5,47.2700,3579,1
10091,32.0012,31.9609,4096,257.2500,5,47.2700,3579,1
10092,32.0012,31.9609,4096,257.2500,5,47.2700,3579,1
10093,32.0012,31.9609,4096,257.2500,5,47.2700,3580,1
10094,32.0012,31.9609,4096,257.2500,5,47.2700,3580,1
10095,32.0012,31.9609,4096,257.2500,5,47.2700,3581,1
10096,32.0012,31.9609,4096,257.2500,5,47.2700,3581,1
10097,32.0012,31.9609,4096,257.2500,5,47.2700,3581,1
10098,32.0012,31.9609,4096,257.2500,5,47.2700,3581,1
10099,32.0012,31.9609,4096,257.2500,5,47.2700,3581,1
10100,32.0012,31.9609,4096,257.2500,5,47.2700,3581,1
10101,32.0012,31.9609,4096,257.2500,5,47.2700,3581,1
10102,32.0012,31.9609,4096,257.2500,5,47.2700,3581,1
10103,32.0012,31.9609,4096,257.2500,5,47.2700,3581,1
10104,32.0012,31.9609,4096,257.2500,5,47.2700,3581,1
10105,32.0012,31.9609,4096,257.2500,5,47.2700,3581,1
10106,32.0012,31.9609,4096,257.2500,5,47.2700,3581,1
10107,32.0012,31.9609,4096,257.2500,5,47.2700,3581,1
10108,32.0012,31.9609,4096,257.2500,5,47.2700,3581,1
10109,32.0012,31.9609,4096,257.2500,5,47.2700,3582,1
10110,32.0012,31.9609,4096,257.2500,5,47.2700,3582,1
10111,32.0012,31.9609,4096,257.2500,5,47.2700,3583,1
10112,32.0012,31.9609,4096,257.2500,5,47.2700,3584,1
10113,32.0012,31.9609,4096,257.2500,5,47.2700,3585,1
10114,32.0012,31.9609,4096,257.2500,5,47.2700,3585,1
10115,32.0012,31.9609,4096,257.2500,5,47.2700,3585,1
10116,32.0012,31.9609,4096,257.2500,5,47.2700,3585,1
10117,32.0012,31.9609,4096,257.2500,5,47.2700,3586,1
10118,32.0012,31.9609,4096,257.2500,5,47.2700,3586,1
10119,32.0012,31.9609,4096,257.2500,5,47.2700,3586,1
10120,32.0012,31.9609,4096,257.2500,5,47.2700,3587,1
10121,32.0012,31.9609,4096,257.2500,5,47.2700,3588,1
10122,32.0012,31.9609,4096,257.2500,5,47.2700,3588,1
10123,32.0012,31.9609,4096,257.2500,5,47.2700,3588,1
10124,32.0012,31.9609,4096,257.2500,5,47.2700,3589,1
10125,32.0012,31.9609,4096,257.2500,5,47.2700,3590,1
10126,32.0012,31.9609,4096,257.2500,5,47.2700,3590,1
10127,32.0012,31.9609,4096,257.2500,5,47.2700,3591,1
10128,32.0012,31.9609,4096,257.2500,5,47.2700,3592,1
10129,32.0012,31.9609,4096,257.2500,5,47.2700,3592,1
10130,32.0012,31.9609,4096,257.2500,5,47.2700,3592,1
10131,32.0012,31.9609,4096,257.2500,5,47.2700,3592,1
10132,32.0012,31.9609,4096,257.2500,5,47.2700,3592,1
10133,32.0012,31.9609,4096,257.2500,5,47.2700,3592,1
10134,32.0012,31.9609,4096,257.2500,5,47.2700,3592,1
10135,32.0012,31.9609,4096,257.2500,5,47.2700,3592,1
10136,32.0012,31.9609,4096,257.2500,5,47.2700,3592,1
10137,32.0012,31.9609,4096,257.2500,5,47.2700,3593,1
10138,32.0012,31.9609,4096,257.2500,5,47.2700,3593,1
10139,32.0012,31.9609,4096,257.2500,5,47.2700,3593,1
10140,32.0012,31.9609,4096,257.2500,5,47.2700,3593,1
10141,32.0012,31.9609,4096,257.2500,5,47.2700,3593,1
10142,32.0012,31.9609,4096,257.2500,5,47.2700,3594,1
10143,32.0012,31.9609,4096,257.2500,5,47.2700,3594,1
10144,32.0012,31.9609,4096,257.2500,5,47.2700,3594,1
10145,32.0012,31.9609,4096,257.2500,5,47.2700,3595,1
10146,32.0012,31.9609,4096,257.2500,5,47.2700,3595,1
10147,32.0012,31.9609,4096,257.2500,5,47.2700,3596,1
10148,32.0012,31.9609,4096,257.2500,5,47.2700,3596,1
10149,32.0012,31.9609,4096,257.2500,5,47.2700,3596,1
10150,32.0012,31.9609,4096,257.2500,5,47.2700,3596,1
10151,32.0012,31.9609,4096,257.2500,5,47.2700,3597,1
10152,32.0012,31.9609,4096,257.2500,5,47.2700,3598,1
10153,32.0012,31.9609,4096,257.2500,5,47.2700,3598,1
10154,32.0012,31.9609,4096,257.2500,5,47.2700,3599,1
10155,32.0012,31.9609,4096,257.2500,5,47.2700,3599,1
10156,32.0012,31.9609,4096,257.2500,5,47.2700,3599,1
10157,32.0012,31.9609,4096,257.2500,5,47.2700,3600,1
10158,32.0012,31.9609,4096,257.2500,5,47.2700,3600,1
10159,31.9802,32.0000,4096,240.5000,5,47.3022,3601,1
10160,31.9802,32.0000,4096,240.5000,5,47.3022,3602,1
10161,31.9802,32.0000,4096,240.5000,5,47.3022,3602,1
10162,31.9802,32.0000,4096,240.5000,5,47.3022,3602,1
10163,31.9802,32.0000,4096,240.5000,5,47.3022,3603,1
10164,31.9802,32.0000,4096,240.5000,5,47.3022,3603,1
10165,31.9802,32.0000,4096,240.5000,5,47.3022,3603,1
10166,31.9802,32.0000,4096,240.5000,5,47.3022,3603,1
10167,31.9802,32.0000,4096,240.5000,5,47.3022,3603,1
10168,31.9802,32.0000,4096,240.5000,5,47.3022,3604,1
10169,31.9802,32.0000,4096,240.5000,5,47.3022,3605,1
10170,31.9802,32.0000,4096,240.5000,5,47.3022,3605,1
10171,31.9802,32.0000,4096,240.5000,5,47.3022,3605,1
10172,31.9802,32.0000,4096,240.5000,5,47.3022,3605,1
10173,31.9802,32.0000,4096,240.5000,5,47.3022,3605,1
10174,31.9802,32.0000,4096,240.5000,5,47.3022,3605,1
10175,31.9802,32.0000,4096,240.5000,5,47.3022,3605,1
10176,31.9802,32.0000,4096,240.5000,5,47.3022,3605,1
10177,31.9802,32.0000,4096,240.5000,5,47.3022,3605,1
10178,31.9802,32.0000,4096,240.5000,5,47.3022,3605,1
10179,31.9802,32.0000,4096,240.5000,5,47.3022,3605,1
10180,31.9802,32.0000,4096,240.5000,5,47.3022,3605,1
10181,31.9802,32.0000,4096,240.5000,5,47.3022,3605,1
10182,31.9802,32.0000,4096,240.5000,5,47.3022,3606,1
10183,31.9802,32.0000,4096,240.5000,5,47.3022,3606,1
10184,31.9802,32.0000,4096,240.5000,5,47.3022,3606,1
10185,31.9802,32.0000,4096,240.5000,5,47.3022,3606,1
10186,31.9802,32.0000,4096,240.5000,5,47.3022,3606,1
10187,31.9802,32.0000,4096,240.5000,5,47.3022,3606,1
10188,31.9802,32.0000,4096,240.5000,5,47.3022,3606,1
10189,31.9802,32.0000,4096,240.5000,5,47.3022,3606,1
10190,31.9802,32.0000,4096,240.5000,5,47.3022,3607,1
10191,31.9802,32.0000,4096,240.5000,5,47.3022,3608,1
10192,31.9802,32.0000,4096,240.5000,5,47.3022,3608,1
10193,31.9802,32.0000,4096,240.5000,5,47.3022,3608,1
10194,31.9802,32.0000,4096,240.5000,5,47.3022,3608,1
10195,31.9802,32.0000,4096,240.5000,5,47.3022,3608,1
10196,31.9802,32.0000,4096,240.5000,5,47.3022,3608,1
10197,31.9802,32.0000,4096,240.5000,5,47.3022,3608,1
10198,31.9802,32.0000,4096,240.5000,5,47.3022,3608,1
10199,31.9802,32.0000,4096,240.5000,5,47.3022,3608,1
10200,31.9802,32.0000,4096,240.5000,5,47.3022,3608,1
10201,31.9802,32.0000,4096,240.5000,5,47.3022,3608,1
10202,31.9802,32.0000,4096,240.5000,5,47.3022,3608,1
10203,31.9802,32.0000,4096,240.5000,5,47.3022,3608,1
10204,31.9802,32.0000,4096,240.5000,5,47.3022,3608,1
10205,31.9802,32.0000,4096,240.5000,5,47.3022,3608,1
10206,31.9802,32.0000,4096,240.5000,5,47.3022,3608,1
10207,31.9802,32.0000,4096,240.5000,5,47.3022,3608,1
10208,31.9802,32.0000,4096,240.5000,5,47.3022,3608,1
10209,31.9802,32.0000,4096,240.5000,5,47.3022,3609,1
10210,31.9802,32.0000,4096,240.5000,5,47.3022,3609,1
10211,31.9802,32.0000,4096,240.5000,5,47.3022,3609,1
10212,31.9802,32.0000,4096,240.5000,5,47.3022,3609,1
10213,31.9802,32.0000,4096,240.5000,5,47.3022,3610,1
10214,31.9802,32.0000,4096,240.5000,5,47.3022,3610,1
10215,31.9802,32.0000,4096,240.5000,5,47.3022,3610,1
10216,31.9802,32.0000,4096,240.5000,5,47.3022,3611,1
10217,31.9802,32.0000,4096,240.5000,5,47.3022,3612,1
10218,31.9802,32.0000,4096,240.5000,5,47.3022,3612,1
10219,31.9802,32.0000,4096,240.5000,5,47.3022,3613,1
10220,31.9802,32.0000,4096,240.5000,5,47.3022,3614,1
10221,31.9802,32.0000,4096,240.5000,5,47.3022,3614,1
10222,31.9802,32.0000,4096,240.5000,5,47.3022,3614,1
10223,31.9802,32.0000,4096,240.5000,5,47.3022,3614,1
10224,31.9802,32.0000,4096,240.5000,5,47.3022,3614,1
10225,31.9802,32.0000,4096,240.5000,5,47.3022,3614,1
10226,31.9802,32.0000,4096,240.5000,5,47.3022,3614,1
10227,31.9802,32.0000,4096,240.5000,5,47.3022,3614,1
10228,31.9802,32.0000,4096,240.5000,5,47.3022,3614,1
10229,31.9802,32.0000,4096,240.5000,5,47.3022,3614,1
10230,31.9802,32.0000,4096,240.5000,5,47.3022,3614,1
10231,31.9802,32.0000,4096,240.5000,5,47.3022,3614,1
10232,31.9802,32.0000,4096,240.5000,5,47.3022,3615,1
10233,31.9802,32.0000,4096,240.5000,5,47.3022,3616,1
10234,31.9802,32.0000,4096,240.5000,5,47.3022,3617,1
10235,31.9802,32.0000,4096,240.5000,5,47.3022,3618,1
10236,31.9802,32.0000,4096,240.5000,5,47.3022,3618,1
10237,31.9802,32.0000,4096,240.5000,5,47.3022,3618,1
10238,31.9802,32.0000,4096,240.5000,5,47.3022,3618,1
10239,31.9802,32.0000,4096,240.5000,5,47.3022,3618,1
10240,31.9802,32.0000,4096,240.5000,5,47.3022,3619,1
10241,31.9802,32.0000,4096,240.5000,5,47.3022,3619,1
10242,31.9802,32.0000,4096,240.5000,5,47.3022,3619,1
10243,31.9802,32.0000,4096,240.5000,5,47.3022,3619,1
10244,31.9802,32.0000,4096,240.5000,5,47.3022,3619,1
10245,31.9802,32.0000,4096,240.5000,5,47.3022,3619,1
10246,31.9802,32.0000,4096,240.5000,5,47.3022,3619,1
10247,31.9802,32.0000,4096,240.5000,5,47.3022,3620,1
10248,31.9802,32.0000,4096,240.5000,5,47.3022,3620,1
10249,31.9802,32.0000,4096,240.5000,5,47.3022,3620,1
10250,31.9802,32.0000,4096,240.5000,5,47.3022,3620,1
10251,31.9802,32.0000,4096,240.5000,5,47.3022,3620,1
10252,31.9802,32.0000,4096,240.5000,5,47.3022,3620,1
10253,31.9802,32.0000,4096,240.5000,5,47.3022,3621,1
10254,31.9802,32.0000,4096,240.5000,5,47.3022,3621,1
10255,31.9802,32.0000,4096,240.5000,5,47.3022,3621,1
10256,31.9802,32.0000,4096,240.5000,5,47.3022,3622,1
10257,31.9802,32.0000,4096,240.5000,5,47.3022,3622,1
10258,31.9802,32.0000,4096,240.5000,5,47.3022,3622,1
10259,31.9802,32.0000,4096,240.5000,5,47.3022,3622,1
10260,31.9802,32.0000,4096,240.5000,5,47.3022,3622,1
10261,31.9802,32.0000,4096,240.5000,5,47.3022,3622,1
10262,31.9802,32.0000,4096,240.5000,5,47.3022,3622,1
10263,31.9802,32.0000,4096,240.5000,5,47.3022,3623,1
10264,31.9802,32.0000,4096,240.5000,5,47.3022,3624,1
10265,31.9802,32.0000,4096,240.5000,5,47.3022,3624,1
10266,31.9802,32.0000,4096,240.5000,5,47.3022,3624,1
10267,31.9802,32.0000,4096,240.5000,5,47.3022,3624,1
10268,31.9802,32.0000,4096,240.5000,5,47.3022,3624,1
10269,31.9802,32.0000,4096,240.5000,5,47.3022,3624,1
10270,31.9802,32.0000,4096,240.5000,5,47.3022,3624,1
10271,31.9802,32.0000,4096,240.5000,5,47.3022,3625,1
10272,31.9802,32.0000,4096,240.5000,5,47.3022,3625,1
10273,31.9802,32.0000,4096,240.5000,5,47.3022,3625,1
10274,31.9802,32.0000,4096,240.5000,5,47.3022,3626,1
10275,31.9802,32.0000,4096,240.5000,5,47.3022,3627,1
10276,31.9802,32.0000,4096,240.5000,5,47.3022,3627,1
10277,31.9802,32.0000,4096,240.5000,5,47.3022,3627,1
10278,31.9802,32.0000,4096,240.5000,5,47.3022,3627,1
10279,31.9802,32.0000,4096,240.5000,5,47.3022,3628,1
10280,31.9802,32.0000,4096,240.5000,5,47.3022,3629,1
10281,31.9802,32.0000,4096,240.5000,5,47.3022,3629,1
10282,31.9802,32.0000,4096,240.5000,5,47.3022,3630,1
10283,31.9802,32.0000,4096,240.5000,5,47.3022,3631,1
10284,31.9802,32.0000,4096,240.5000,5,47.3022,3631,1
10285,31.9802,32.0000,4096,240.5000,5,47.3022,3631,1
10286,31.9802,32.0000,4096,240.5000,5,47.3022,3631,1
10287,31.9802,32.0000,4096,240.5000,5,47.3022,3631,1
10288,31.9802,32.0000,4096,240.5000,5,47.3022,3631,1
10289,31.9802,32.0000,4096,240.5000,5,47.3022,3631,1
10290,31.9802,32.0000,4096,240.5000,5,47.3022,3631,1
10291,31.9802,32.0000,4096,240.5000,5,47.3022,3631,1
10292,31.9802,32.0000,4096,240.5000,5,47.3022,3632,1
10293,31.9802,32.0000,4096,240.5000,5,47.3022,3632,1
10294,31.9802,32.0000,4096,240.5000,5,47.3022,3632,1
10295,31.9802,32.0000,4096,240.5000,5,47.3022,3632,1
10296,31.9802,32.0000,4096,240.5000,5,47.3022,3632,1
10297,31.9802,32.0000,4096,240.5000,5,47.3022,3633,1
10298,31.9802,32.0000,4096,240.5000,5,47.3022,3634,1
10299,31.9802,32.0000,4096,240.5000,5,47.3022,3634,1
10300,31.9802,32.0000,4096,240.5000,5,47.3022,3634,1
10301,31.9802,32.0000,4096,240.5000,5,47.3022,3634,1
10302,31.9802,32.0000,4096,240.5000,5,47.3022,3634,1
10303,31.9802,32.0000,4096,240.5000,5,47.3022,3634,1
10304,31.9802,32.0000,4096,240.5000,5,47.3022,3634,1
10305,31.9802,32.0000,4096,240.5000,5,47.3022,3634,1
10306,31.9802,32.0000,4096,240.5000,5,47.3022,3634,1
10307,31.9802,32.0000,4096,240.5000,5,47.3022,3634,1
10308,31.9802,32.0000,4096,240.5000,5,47.3022,3634,1
10309,31.9802,32.0000,4096,240.5000,5,47.3022,3634,1
10310,31.9802,32.0000,4096,240.5000,5,47.3022,3634,1
10311,31.9802,32.0000,4096,240.5000,5,47.3022,3635,1
10312,31.9802,32.0000,4096,240.5000,5,47.3022,3635,1
10313,31.9802,32.0000,4096,240.5000,5,47.3022,3635,1
10314,31.9802,32.0000,4096,240.5000,5,47.3022,3635,1
10315,31.9802,32.0000,4096,240.5000,5,47.3022,3635,1
10316,31.9802,32.0000,4096,240.5000,5,47.3022,3636,1
10317,31.9802,32.0000,4096,240.5000,5,47.3022,3636,1
10318,31.9802,32.0000,4096,240.5000,5,47.3022,3636,1
10319,31.9802,32.0000,4096,240.5000,5,47.3022,3637,1
10320,31.9802,32.0000,4096,240.5000,5,47.3022,3638,1
10321,31.9802,32.0000,4096,240.5000,5,47.3022,3639,1
10322,31.9802,32.0000,4096,240.5000,5,47.3022,3640,1
10323,31.9802,32.0000,4096,240.5000,5,47.3022,3641,1
10324,31.9802,32.0000,4096,240.5000,5,47.3022,3642,1
10325,31.9802,32.0000,4096,240.5000,5,47.3022,3642,1
10326,31.9802,32.0000,4096,240.5000,5,47.3022,3643,1
10327,31.9802,32.0000,4096,240.5000,5,47.3022,3643,1
10328,31.9802,32.0000,4096,240.5000,5,47.3022,3643,1
10329,31.9802,32.0000,4096,240.5000,5,47.3022,3643,1
10330,31.9802,32.0000,4096,240.5000,5,47.3022,3643,1
10331,31.9802,32.0000,4096,240.5000,5,47.3022,3643,1
10332,31.9802,32.0000,4096,240.5000,5,47.3022,3643,1
10333,31.9802,32.0000,4096,240.5000,5,47.3022,3643,1
10334,31.9802,32.0000,4096,240.5000,5,47.3022,3643,1
10335,31.9802,32.0000,4096,240.5000,5,47.3022,3643,1
10336,31.9802,32.0000,4096,240.5000,5,47.3022,3643,1
10337,31.9802,32.0000,4096,240.5000,5,47.3022,3644,1
10338,31.9802,32.0000,4096,240.5000,5,47.3022,3644,1
10339,31.9802,32.0000,4096,240.5000,5,47.3022,3644,1
10340,31.9802,32.0000,4096,240.5000,5,47.3022,3644,1
10341,31.9802,32.0000,4096,240.5000,5,47.3022,3644,1
10342,31.9802,32.0000,4096,240.5000,5,47.3022,3644,1
10343,31.9802,32.0000,4096,240.5000,5,47.3022,3645,1
10344,31.9802,32.0000,4096,240.5000,5,47.3022,3645,1
10345,31.9802,32.0000,4096,240.5000,5,47.3022,3645,1
10346,31.9802,32.0000,4096,240.5000,5,47.3022,3645,1
10347,31.9802,32.0000,4096,240.5000,5,47.3022,3645,1
10348,31.9802,32.0000,4096,240.5000,5,47.3022,3645,1
10349,31.9802,32.0000,4096,240.5000,5,47.3022,3646,1
10350,31.9802,32.0000,4096,240.5000,5,47.3022,3647,1
10351,31.9802,32.0000,4096,240.5000,5,47.3022,3648,1
10352,31.9802,32.0000,4096,240.5000,5,47.3022,3648,1
10353,31.9802,32.0000,4096,240.5000,5,47.3022,3648,1
10354,31.9802,32.0000,4096,240.5000,5,47.3022,3649,1
10355,31.9802,32.0000,4096,240.5000,5,47.3022,3650,1
10356,31.9802,32.0000,4096,240.5000,5,47.3022,3650,1
10357,31.9802,32.0000,4096,240.5000,5,47.3022,3650,1
10358,31.9802,32.0000,4096,240.5000,5,47.3022,3650,1
10359,31.9802,32.0000,4096,240.5000,5,47.3022,3651,1
10360,31.9802,32.0000,4096,240.5000,5,47.3022,3651,1
10361,31.9802,32.0000,4096,240.5000,5,47.3022,3652,1
10362,31.9802,32.0000,4096,240.5000,5,47.3022,3653,1
10363,31.9802,32.0000,4096,240.5000,5,47.3022,3654,1
10364,31.9802,32.0000,4096,240.5000,5,47.3022,3654,1
10365,31.9802,32.0000,4096,240.5000,5,47.3022,3654,1
10366,31.9802,32.0000,4096,240.5000,5,47.3022,3655,1
10367,31.9802,32.0000,4096,240.5000,5,47.3022,3656,1
10368,31.9802,32.0000,4096,240.5000,5,47.3022,3656,1
10369,31.9802,32.0000,4096,240.5000,5,47.3022,3657,1
10370,31.9802,32.0000,4096,240.5000,5,47.3022,3657,1
10371,31.9802,32.0000,4096,240.5000,5,47.3022,3657,1
10372,31.9802,32.0000,4096,240.5000,5,47.3022,3657,1
10373,31.9802,32.0000,4096,240.5000,5,47.3022,3658,1
10374,31.9802,32.0000,4096,240.5000,5,47.3022,3658,1
10375,31.9802,32.0000,4096,240.5000,5,47.3022,3659,1
10376,31.9802,32.0000,4096,240.5000,5,47.3022,3659,1
10377,31.9802,32.0000,4096,240.5000,5,47.3022,3659,1
10378,31.9802,32.0000,4096,240.5000,5,47.3022,3659,1
10379,31.9802,32.0000,4096,240.5000,5,47.3022,3659,1
10380,31.9802,32.0000,4096,240.5000,5,47.3022,3659,1
10381,31.9802,32.0000,4096,240.5000,5,47.3022,3659,1
10382,31.9802,32.0000,4096,240.5000,5,47.3022,3659,1
10383,31.9802,32.0000,4096,240.5000,5,47.3022,3659,1
10384,31.9802,32.0000,4096,240.5000,5,47.3022,3659,1
10385,31.9802,32.0000,4096,240.5000,5,47.3022,3660,1
10386,31.9802,32.0000,4096,240.5000,5,47.3022,3660,1
10387,31.9802,32.0000,4096,240.5000,5,47.3022,3660,1
10388,31.9802,32.0000,4096,240.5000,5,47.3022,3660,1
10389,31.9802,32.0000,4096,240.5000,5,47.3022,3660,1
10390,31.9802,32.0000,4096,240.5000,5,47.3022,3661,1
10391,31.9802,32.0000,4096,240.5000,5,47.3022,3661,1
10392,31.9802,32.0000,4096,240.5000,5,47.3022,3662,1
10393,31.9802,32.0000,4096,240.5000,5,47.3022,3662,1
10394,31.9802,32.0000,4096,240.5000,5,47.3022,3662,1
10395,31.9802,32.0000,4096,240.5000,5,47.3022,3663,1
10396,31.9802,32.0000,4096,240.5000,5,47.3022,3663,1
10397,31.9802,32.0000,4096,240.5000,5,47.3022,3663,1
10398,31.9802,32.0000,4096,240.5000,5,47.3022,3663,1
10399,31.9802,32.0000,4096,240.5000,5,47.3022,3664,1
10400,31.9802,32.0000,4096,240.5000,5,47.3022,3665,1
10401,31.9802,32.0000,4096,240.5000,5,47.3022,3665,1
10402,31.9802,32.0000,4096,240.5000,5,47.3022,3665,1
10403,31.9802,32.0000,4096,240.5000,5,47.3022,3666,1
10404,31.9802,32.0000,4096,240.5000,5,47.3022,3666,1
10405,31.9802,32.0000,4096,240.5000,5,47.3022,3666,1
10406,31.9802,32.0000,4096,240.5000,5,47.3022,3666,1
10407,31.9802,32.0000,4096,240.5000,5,47.3022,3667,1
10408,31.9802,32.0000,4096,240.5000,5,47.3022,3667,1
10409,31.9802,32.0000,4096,240.5000,5,47.3022,3667,1
10410,31.9802,32.0000,4096,240.5000,5,47.3022,3668,1
10411,31.9802,32.0000,4096,240.5000,5,47.3022,3668,1
10412,31.9802,32.0000,4096,240.5000,5,47.3022,3668,1
10413,31.9802,32.0000,4096,240.5000,5,47.3022,3669,1
10414,31.9802,32.0000,4096,240.5000,5,47.3022,3669,1
10415,31.9802,32.0000,4096,240.5000,5,47.3022,3670,1
10416,31.9802,32.0000,4096,240.5000,5,47.3022,3670,1
10417,31.9802,32.0000,4096,240.5000,5,47.3022,3670,1
10418,31.9802,32.0000,4096,240.5000,5,47.3022,3670,1
10419,31.9802,32.0000,4096,240.5000,5,47.3022,3670,1
10420,31.9802,32.0000,4096,240.5000,5,47.3022,3671,1
10421,31.9802,32.0000,4096,240.5000,5,47.3022,3671,1
10422,31.9802,32.0000,4096,240.5000,5,47.3022,3671,1
10423,31.9802,32.0000,4096,240.5000,5,47.3022,3671,1
10424,31.9802,32.0000,4096,240.5000,5,47.3022,3671,1
10425,31.9802,32.0000,4096,240.5000,5,47.3022,3671,1
10426,31.9802,32.0000,4096,240.5000,5,47.3022,3671,1
10427,31.9802,32.0000,4096,240.5000,5,47.3022,3671,1
10428,31.9802,32.0000,4096,240.5000,5,47.3022,3671,1
10429,31.9802,32.0000,4096,240.5000,5,47.3022,3671,1
10430,31.9802,32.0000,4096,240.5000,5,47.3022,3672,1
10431,31.9802,32.0000,4096,240.5000,5,47.3022,3672,1
10432,31.9802,32.0000,4096,240.5000,5,47.3022,3672,1
10433,31.9802,32.0000,4096,240.5000,5,47.3022,3672,1
10434,31.9802,32.0000,4096,240.5000,5,47.3022,3672,1
10435,31.9802,32.0000,4096,240.5000,5,47.3022,3672,1
10436,31.9802,32.0000,4096,240.5000,5,47.3022,3672,1
10437,31.9802,32.0000,4096,240.5000,5,47.3022,3672,1
10438,31.9802,32.0000,4096,240.5000,5,47.3022,3673,1
10439,31.9802,32.0000,4096,240.5000,5,47.3022,3673,1
10440,31.9802,32.0000,4096,240.5000,5,47.3022,3673,1
10441,31.9802,32.0000,4096,240.5000,5,47.3022,3674,1
10442,31.9802,32.0000,4096,240.5000,5,47.3022,3674,1
10443,31.9802,32.0000,4096,240.5000,5,47.3022,3674,1
10444,31.9802,32.0000,4096,240.5000,5,47.3022,3675,1
10445,31.9802,32.0000,4096,240.5000,5,47.3022,3675,1
10446,31.9802,32.0000,4096,240.5000,5,47.3022,3675,1
10447,31.9802,32.0000,4096,240.5000,5,47.3022,3675,1
10448,31.9802,32.0000,4096,240.5000,5,47.3022,3675,1
10449,31.9802,32.0000,4096,240.5000,5,47.3022,3675,1
10450,31.9802,32.0000,4096,240.5000,5,47.3022,3675,1
10451,31.9802,32.0000,4096,240.5000,5,47.3022,3676,1
10452,31.9802,32.0000,4096,240.5000,5,47.3022,3676,1
10453,31.9802,32.0000,4096,240.5000,5,47.3022,3676,1
10454,31.9802,32.0000,4096,240.5000,5,47.3022,3676,1
10455,31.9802,32.0000,4096,240.5000,5,47.3022,3676,1
10456,31.9802,32.0000,4096,240.5000,5,47.3022,3676,1
10457,31.9802,32.0000,4096,240.5000,5,47.3022,3677,1
10458,31.9802,32.0000,4096,240.5000,5,47.3022,3677,1
10459,31.9802,32.0000,4096,240.5000,5,47.3022,3678,1
10460,31.9802,32.0000,4096,240.5000,5,47.3022,3678,1
10461,31.9802,32.0000,4096,240.5000,5,47.3022,3679,1
10462,31.9802,32.0000,4096,240.5000,5,47.3022,3680,1
10463,31.9802,32.0000,4096,240.5000,5,47.3022,3680,1
10464,31.9802,32.0000,4096,240.5000,5,47.3022,3681,1
10465,31.9802,32.0000,4096,240.5000,5,47.3022,3681,1
10466,31.9802,32.0000,4096,240.5000,5,47.3022,3681,1
10467,31.9802,32.0000,4096,240.5000,5,47.3022,3681,1
10468,31.9802,32.0000,4096,240.5000,5,47.3022,3681,1
10469,31.9802,32.0000,4096,240.5000,5,47.3022,3681,1
10470,31.9802,32.0000,4096,240.5000,5,47.3022,3681,1
10471,31.9802,32.0000,4096,240.5000,5,47.3022,3681,1
10472,31.9802,32.0000,4096,240.5000,5,47.3022,3681,1
10473,31.9802,32.0000,4096,240.5000,5,47.3022,3681,1
10474,31.9802,32.0000,4096,240.5000,5,47.3022,3681,1
10475,31.9802,32.0000,4096,240.5000,5,47.3022,3682,1
10476,31.9802,32.0000,4096,240.5000,5,47.3022,3682,1
10477,31.9802,32.0000,4096,240.5000,5,47.3022,3682,1
10478,31.9802,32.0000,4096,240.5000,5,47.3022,3682,1
10479,31.9802,32.0000,4096,240.5000,5,47.3022,3682,1
10480,31.9802,32.0000,4096,240.5000,5,47.3022,3682,1
10481,31.9802,32.0000,4096,240.5000,5,47.3022,3682,1
10482,31.9802,32.0000,4096,240.5000,5,47.3022,3683,1
10483,31.9802,32.0000,4096,240.5000,5,47.3022,3683,1
10484,31.9802,32.0000,4096,240.5000,5,47.3022,3683,1
10485,31.9802,32.0000,4096,240.5000,5,47.3022,3683,1
10486,31.9802,32.0000,4096,240.5000,5,47.3022,3683,1
10487,31.9802,32.0000,4096,240.5000,5,47.3022,3683,1
10488,31.9802,32.0000,4096,240.5000,5,47.3022,3683,1
10489,31.9802,32.0000,4096,240.5000,5,47.3022,3683,1
10490,31.9802,32.0000,4096,240.5000,5,47.3022,3683,1
10491,31.9802,32.0000,4096,240.5000,5,47.3022,3684,1
10492,31.9802,32.0000,4096,240.5000,5,47.3022,3684,1
10493,31.9802,32.0000,4096,240.5000,5,47.3022,3684,1
10494,31.9802,32.0000,4096,240.5000,5,47.3022,3684,1
10495,31.9802,32.0000,4096,240.5000,5,47.3022,3685,1
10496,31.9802,32.0000,4096,240.5000,5,47.3022,3685,1
10497,31.9802,32.0000,4096,240.5000,5,47.3022,3685,1
10498,31.9802,32.0000,4096,240.5000,5,47.3022,3685,1
10499,31.9802,32.0000,4096,240.5000,5,47.3022,3685,1
10500,31.9802,32.0000,4096,240.5000,5,47.3022,3685,1
10501,31.9802,32.0000,4096,240.5000,5,47.3022,3685,1
10502,31.9802,32.0000,4096,240.5000,5,47.3022,3685,1
10503,31.9802,32.0000,4096,240.5000,5,47.3022,3686,1
10504,31.9802,32.0000,4096,240.5000,5,47.3022,3686,1
10505,31.9802,32.0000,4096,240.5000,5,47.3022,3686,1
10506,31.9802,32.0000,4096,240.5000,5,47.3022,3686,1
10507,31.9802,32.0000,4096,240.5000,5,47.3022,3687,1
10508,31.9802,32.0000,4096,240.5000,5,47.3022,3687,1
10509,31.9802,32.0000,4096,240.5000,5,47.3022,3687,1
10510,31.9802,32.0000,4096,240.5000,5,47.3022,3687,1
10511,31.9802,32.0000,4096,240.5000,5,47.3022,3687,1
10512,31.9802,32.0000,4096,240.5000,5,47.3022,3687,1
10513,31.9802,32.0000,4096,240.5000,5,47.3022,3687,1
10514,31.9802,32.0000,4096,240.5000,5,47.3022,3687,1
10515,31.9802,32.0000,4096,240.5000,5,47.3022,3687,1
10516,31.9802,32.0000,4096,240.5000,5,47.3022,3687,1
10517,31.9802,32.0000,4096,240.5000,5,47.3022,3688,1
10518,31.9802,32.0000,4096,240.5000,5,47.3022,3688,1
10519,31.9802,32.0000,4096,240.5000,5,47.3022,3688,1
10520,31.9802,32.0000,4096,240.5000,5,47.3022,3688,1
10521,31.9802,32.0000,4096,240.5000,5,47.3022,3688,1
10522,31.9802,32.0000,4096,240.5000,5,47.3022,3688,1
10523,31.9802,32.0000,4096,240.5000,5,47.3022,3688,1
10524,31.9802,32.0000,4096,240.5000,5,47.3022,3688,1
10525,31.9802,32.0000,4096,240.5000,5,47.3022,3689,1
10526,31.9802,32.0000,4096,240.5000,5,47.3022,3689,1
10527,31.9802,32.0000,4096,240.5000,5,47.3022,3690,1
10528,31.9802,32.0000,4096,240.5000,5,47.3022,3690,1
10529,31.9802,32.0000,4096,240.5000,5,47.3022,3690,1
10530,31.9802,32.0000,4096,240.5000,5,47.3022,3690,1
10531,31.9802,32.0000,4096,240.5000,5,47.3022,3690,1
10532,31.9802,32.0000,4096,240.5000,5,47.3022,3690,1
10533,31.9802,32.0000,4096,240.5000,5,47.3022,3691,1
10534,31.9802,32.0000,4096,240.5000,5,47.3022,3691,1
10535,31.9802,32.0000,4096,240.5000,5,47.3022,3691,1
10536,31.9802,32.0000,4096,240.5000,5,47.3022,3691,1
10537,31.9802,32.0000,4096,240.5000,5,47.3022,3691,1
10538,31.9802,32.0000,4096,240.5000,5,47.3022,3692,1
10539,31.9802,32.0000,4096,240.5000,5,47.3022,3693,1
10540,31.9802,32.0000,4096,240.5000,5,47.3022,3693,1
10541,31.9802,32.0000,4096,240.5000,5,47.3022,3693,1
10542,31.9802,32.0000,4096,240.5000,5,47.3022,3693,1
10543,31.9802,32.0000,4096,240.5000,5,47.3022,3693,1
10544,31.9802,32.0000,4096,240.5000,5,47.3022,3693,1
10545,31.9802,32.0000,4096,240.5000,5,47.3022,3693,1
10546,31.9802,32.0000,4096,240.5000,5,47.3022,3694,1
10547,31.9802,32.0000,4096,240.5000,5,47.3022,3694,1
10548,31.9802,32.0000,4096,240.5000,5,47.3022,3695,1
10549,31.9802,32.0000,4096,240.5000,5,47.3022,3695,1
10550,31.9802,32.0000,4096,240.5000,5,47.3022,3695,1
10551,31.9802,32.0000,4096,240.5000,5,47.3022,3695,1
10552,31.9802,32.0000,4096,240.5000,5,47.3022,3695,1
10553,31.9802,32.0000,4096,240.5000,5,47.3022,3696,1
10554,31.9802,32.0000,4096,240.5000,5,47.3022,3696,1
10555,31.9802,32.0000,4096,240.5000,5,47.3022,3696,1
10556,31.9802,32.0000,4096,240.5000,5,47.3022,3697,1
10557,31.9802,32.0000,4096,240.5000,5,47.3022,3697,1
10558,31.9802,32.0000,4096,240.5000,5,47.3022,3698,1
10559,31.9802,32.0000,4096,240.5000,5,47.3022,3699,1
10560,31.9802,32.0000,4096,240.5000,5,47.3022,3699,1
10561,31.9802,32.0000,4096,240.5000,5,47.3022,3699,1
10562,31.9802,32.0000,4096,240.5000,5,47.3022,3699,1
10563,31.9802,32.0000,4096,240.5000,5,47.3022,3699,1
10564,31.9802,32.0000,4096,240.5000,5,47.3022,3699,1
10565,31.9802,32.0000,4096,240.5000,5,47.3022,3700,1
10566,31.9802,32.0000,4096,240.5000,5,47.3022,3700,1
10567,31.9802,32.0000,4096,240.5000,5,47.3022,3700,1
10568,31.9802,32.0000,4096,240.5000,5,47.3022,3700,1
10569,31.9802,32.0000,4096,240.5000,5,47.3022,3700,1
10570,31.9802,32.0000,4096,240.5000,5,47.3022,3700,1
10571,31.9802,32.0000,4096,240.5000,5,47.3022,3700,1
10572,31.9802,32.0000,4096,240.5000,5,47.3022,3700,1
10573,31.9802,32.0000,4096,240.5000,5,47.3022,3700,1
10574,31.9802,32.0000,4096,240.5000,5,47.3022,3700,1
10575,31.9802,32.0000,4096,240.5000,5,47.3022,3700,1
10576,31.9802,32.0000,4096,240.5000,5,47.3022,3700,1
10577,31.9802,32.0000,4096,240.5000,5,47.3022,3700,1
10578,31.9802,32.0000,4096,240.5000,5,47.3022,3700,1
10579,31.9802,32.0000,4096,240.5000,5,47.3022,3700,1
10580,31.9802,32.0000,4096,240.5000,5,47.3022,3700,1
10581,31.9802,32.0000,4096,240.5000,5,47.3022,3700,1
10582,31.9802,32.0000,4096,240.5000,5,47.3022,3701,1
10583,31.9802,32.0000,4096,240.5000,5,47.3022,3701,1
10584,31.9802,32.0000,4096,240.5000,5,47.3022,3701,1
10585,31.9802,32.0000,4096,240.5000,5,47.3022,3701,1
10586,31.9802,32.0000,4096,240.5000,5,47.3022,3701,1
10587,31.9802,32.0000,4096,240.5000,5,47.3022,3701,1
10588,31.9802,32.0000,4096,240.5000,5,47.3022,3702,1
10589,31.9802,32.0000,4096,240.5000,5,47.3022,3702,1
10590,31.9802,32.0000,4096,240.5000,5,47.3022,3702,1
10591,31.9802,32.0000,4096,240.5000,5,47.3022,3702,1
10592,31.9802,32.0000,4096,240.5000,5,47.3022,3702,1
10593,31.9802,32.0000,4096,240.5000,5,47.3022,3702,1
10594,31.9802,32.0000,4096,240.5000,5,47.3022,3702,1
10595,31.9802,32.0000,4096,240.5000,5,47.3022,3703,1
10596,31.9802,32.0000,4096,240.5000,5,47.3022,3703,1
10597,31.9802,32.0000,4096,240.5000,5,47.3022,3703,1
10598,31.9802,32.0000,4096,240.5000,5,47.3022,3704,1
10599,31.9802,32.0000,4096,240.5000,5,47.3022,3705,1
10600,31.9802,32.0000,4096,240.5000,5,47.3022,3705,1
10601,31.9802,32.0000,4096,240.5000,5,47.3022,3706,1
10602,31.9802,32.0000,4096,240.5000,5,47.3022,3706,1
10603,31.9802,32.0000,4096,240.5000,5,47.3022,3706,1
10604,31.9802,32.0000,4096,240.5000,5,47.3022,3706,1
10605,31.9802,32.0000,4096,240.5000,5,47.3022,3706,1
10606,31.9802,32.0000,4096,240.5000,5,47.3022,3706,1
10607,31.9802,32.0000,4096,240.5000,5,47.3022,3706,1
10608,31.9802,32.0000,4096,240.5000,5,47.3022,3706,1
10609,31.9802,32.0000,4096,240.5000,5,47.3022,3706,1
10610,31.9802,32.0000,4096,240.5000,5,47.3022,3706,1
10611,31.9802,32.0000,4096,240.5000,5,47.3022,3706,1
10612,31.9802,32.0000,4096,240.5000,5,47.3022,3707,1
10613,31.9802,32.0000,4096,240.5000,5,47.3022,3707,1
10614,31.9802,32.0000,4096,240.5000,5,47.3022,3707,1
10615,31.9802,32.0000,4096,240.5000,5,47.3022,3707,1
10616,31.9802,32.0000,4096,240.5000,5,47.3022,3707,1
10617,31.9802,32.0000,4096,240.5000,5,47.3022,3707,1
10618,31.9802,32.0000,4096,240.5000,5,47.3022,3707,1
10619,31.9802,32.0000,4096,240.5000,5,47.3022,3707,1
10620,31.9802,32.0000,4096,240.5000,5,47.3022,3707,1
10621,31.9802,32.0000,4096,240.5000,5,47.3022,3708,1
10622,31.9802,32.0000,4096,240.5000,5,47.3022,3708,1
10623,31.9802,32.0000,4096,240.5000,5,47.3022,3709,1
10624,31.9802,32.0000,4096,240.5000,5,47.3022,3709,1
10625,31.9802,32.0000,4096,240.5000,5,47.3022,3709,1
10626,31.9802,32.0000,4096,240.5000,5,47.3022,3709,1
10627,31.9802,32.0000,4096,240.5000,5,47.3022,3709,1
10628,31.9802,32.0000,4096,240.5000,5,47.3022,3709,1
10629,31.9802,32.0000,4096,240.5000,5,47.3022,3710,1
10630,31.9802,32.0000,4096,240.5000,5,47.3022,3710,1
10631,31.9802,32.0000,4096,240.5000,5,47.3022,3711,1
10632,31.9802,32.0000,4096,240.5000,5,47.3022,3711,1
10633,31.9802,32.0000,4096,240.5000,5,47.3022,3711,1
10634,31.9802,32.0000,4096,240.5000,5,47.3022,3711,1
10635,31.9802,32.0000,4096,240.5000,5,47.3022,3711,1
10636,31.9802,32.0000,4096,240.5000,5,47.3022,3711,1
10637,31.9802,32.0000,4096,240.5000,5,47.3022,3711,1
10638,31.9802,32.0000,4096,240.5000,5,47.3022,3712,1
10639,31.9802,32.0000,4096,240.5000,5,47.3022,3712,1
10640,31.9802,32.0000,4096,240.5000,5,47.3022,3712,1
10641,31.9802,32.0000,4096,240.5000,5,47.3022,3712,1
10642,31.9802,32.0000,4096,240.5000,5,47.3022,3712,1
10643,31.9802,32.0000,4096,240.5000,5,47.3022,3713,1
10644,31.9802,32.0000,4096,240.5000,5,47.3022,3713,1
10645,31.9802,32.0000,4096,240.5000,5,47.3022,3714,1
10646,31.9802,32.0000,4096,240.5000,5,47.3022,3714,1
10647,31.9802,32.0000,4096,240.5000,5,47.3022,3714,1
10648,31.9802,32.0000,4096,240.5000,5,47.3022,3714,1
10649,31.9802,32.0000,4096,240.5000,5,47.3022,3714,1
10650,31.9802,32.0000,4096,240.5000,5,47.3022,3714,1
10651,31.9802,32.0000,4096,240.5000,5,47.3022,3714,1
10652,31.9802,32.0000,4096,240.5000,5,47.3022,3714,1
10653,31.9802,32.0000,4096,240.5000,5,47.3022,3714,1
10654,31.9802,32.0000,4096,240.5000,5,47.3022,3715,1
10655,31.9802,32.0000,4096,240.5000,5,47.3022,3715,1
10656,31.9802,32.0000,4096,240.5000,5,47.3022,3716,1
10657,31.9802,32.0000,4096,240.5000,5,47.3022,3717,1
10658,31.9802,32.0000,4096,240.5000,5,47.3022,3717,1
10659,31.9802,32.0000,4096,240.5000,5,47.3022,3718,1
10660,31.9802,32.0000,4096,240.5000,5,47.3022,3718,1
10661,31.9802,32.0000,4096,240.5000,5,47.3022,3719,1
10662,31.9802,32.0000,4096,240.5000,5,47.3022,3719,1
10663,31.9802,32.0000,4096,240.5000,5,47.3022,3719,1
10664,31.9802,32.0000,4096,240.5000,5,47.3022,3720,1
10665,31.9802,32.0000,4096,240.5000,5,47.3022,3721,1
10666,31.9802,32.0000,4096,240.5000,5,47.3022,3722,1
10667,31.9802,32.0000,4096,240.5000,5,47.3022,3722,1
10668,31.9802,32.0000,4096,240.5000,5,47.3022,3722,1
10669,31.9802,32.0000,4096,240.5000,5,47.3022,3722,1
10670,31.9802,32.0000,4096,240.5000,5,47.3022,3722,1
10671,31.9802,32.0000,4096,240.5000,5,47.3022,3722,1
10672,31.9802,32.0000,4096,240.5000,5,47.3022,3723,1
10673,31.9802,32.0000,4096,240.5000,5,47.3022,3723,1
10674,31.9802,32.0000,4096,240.5000,5,47.3022,3724,1
10675,31.9802,32.0000,4096,240.5000,5,47.3022,3724,1
10676,31.9802,32.0000,4096,240.5000,5,47.3022,3724,1
10677,31.9802,32.0000,4096,240.5000,5,47.3022,3725,1
10678,31.9802,32.0000,4096,240.5000,5,47.3022,3726,1
10679,31.9802,32.0000,4096,240.5000,5,47.3022,3726,1
10680,31.9802,32.0000,4096,240.5000,5,47.3022,3727,1
10681,31.9802,32.0000,4096,240.5000,5,47.3022,3727,1
10682,31.9802,32.0000,4096,240.5000,5,47.3022,3727,1
10683,31.9802,32.0000,4096,240.5000,5,47.3022,3727,1
10684,31.9802,32.0000,4096,240.5000,5,47.3022,3727,1
10685,31.9802,32.0000,4096,240.5000,5,47.3022,3728,1
10686,31.9802,32.0000,4096,240.5000,5,47.3022,3728,1
10687,31.9802,32.0000,4096,240.5000,5,47.3022,3729,1
10688,31.9802,32.0000,4096,240.5000,5,47.3022,3729,1
10689,31.9802,32.0000,4096,240.5000,5,47.3022,3729,1
10690,31.9802,32.0000,4096,240.5000,5,47.3022,3729,1
10691,31.9802,32.0000,4096,240.5000,5,47.3022,3729,1
10692,31.9802,32.0000,4096,240.5000,5,47.3022,3729,1
10693,31.9802,32.0000,4096,240.5000,5,47.3022,3729,1
10694,31.9802,32.0000,4096,240.5000,5,47.3022,3729,1
10695,31.9802,32.0000,4096,240.5000,5,47.3022,3729,1
10696,31.9802,32.0000,4096,240.5000,5,47.3022,3729,1
10697,31.9802,32.0000,4096,240.5000,5,47.3022,3729,1
10698,31.9802,32.0000,4096,240.5000,5,47.3022,3729,1
10699,31.9802,32.0000,4096,240.5000,5,47.3022,3730,1
10700,31.9802,32.0000,4096,240.5000,5,47.3022,3730,1
10701,31.9802,32.0000,4096,240.5000,5,47.3022,3731,1
10702,31.9802,32.0000,4096,240.5000,5,47.3022,3731,1
10703,31.9802,32.0000,4096,240.5000,5,47.3022,3732,1
10704,31.9802,32.0000,4096,240.5000,5,47.3022,3732,1
10705,31.9802,32.0000,4096,240.5000,5,47.3022,3732,1
10706,31.9802,32.0000,4096,240.5000,5,47.3022,3732,1
10707,31.9802,32.0000,4096,240.5000,5,47.3022,3732,1
10708,31.9802,32.0000,4096,240.5000,5,47.3022,3732,1
10709,31.9802,32.0000,4096,240.5000,5,47.3022,3732,1
10710,31.9802,32.0000,4096,240.5000,5,47.3022,3732,1
10711,31.9802,32.0000,4096,240.5000,5,47.3022,3733,1
10712,31.9802,32.0000,4096,240.5000,5,47.3022,3733,1
10713,31.9802,32.0000,4096,240.5000,5,47.3022,3733,1
10714,31.9802,32.0000,4096,240.5000,5,47.3022,3733,1
10715,31.9802,32.0000,4096,240.5000,5,47.3022,3733,1
10716,31.9802,32.0000,4096,240.5000,5,47.3022,3734,1
10717,31.9802,32.0000,4096,240.5000,5,47.3022,3735,1
10718,31.9802,32.0000,4096,240.5000,5,47.3022,3735,1
10719,31.9802,32.0000,4096,240.5000,5,47.3022,3735,1
10720,31.9802,32.0000,4096,240.5000,5,47.3022,3736,1
10721,31.9802,32.0000,4096,240.5000,5,47.3022,3736,1
10722,31.9802,32.0000,4096,240.5000,5,47.3022,3736,1
10723,31.9802,32.0000,4096,240.5000,5,47.3022,3736,1
10724,31.9802,32.0000,4096,240.5000,5,47.3022,3736,1
10725,31.9802,32.0000,4096,240.5000,5,47.3022,3737,1
10726,31.9802,32.0000,4096,240.5000,5,47.3022,3738,1
10727,31.9802,32.0000,4096,240.5000,5,47.3022,3739,1
10728,31.9802,32.0000,4096,240.5000,5,47.3022,3739,1
10729,31.9802,32.0000,4096,240.5000,5,47.3022,3739,1
10730,31.9802,32.0000,4096,240.5000,5,47.3022,3739,1
10731,31.9802,32.0000,4096,240.5000,5,47.3022,3740,1
10732,31.9802,32.0000,4096,240.5000,5,47.3022,3740,1
10733,31.9802,32.0000,4096,240.5000,5,47.3022,3741,1
10734,31.9802,32.0000,4096,240.5000,5,47.3022,3741,1
10735,31.9802,32.0000,4096,240.5000,5,47.3022,3741,1
10736,31.9802,32.0000,4096,240.5000,5,47.3022,3741,1
10737,31.9802,32.0000,4096,240.5000,5,47.3022,3741,1
10738,31.9802,32.0000,4096,240.5000,5,47.3022,3741,1
10739,31.9802,32.0000,4096,240.5000,5,47.3022,3741,1
10740,31.9802,32.0000,4096,240.5000,5,47.3022,3741,1
10741,31.9802,32.0000,4096,240.5000,5,47.3022,3742,1
10742,31.9802,32.0000,4096,240.5000,5,47.3022,3742,1
10743,31.9802,32.0000,4096,240.5000,5,47.3022,3742,1
10744,31.9802,32.0000,4096,240.5000,5,47.3022,3742,1
10745,31.9802,32.0000,4096,240.5000,5,47.3022,3743,1
10746,31.9802,32.0000,4096,240.5000,5,47.3022,3743,1
10747,31.9802,32.0000,4096,240.5000,5,47.3022,3743,1
10748,31.9802,32.0000,4096,240.5000,5,47.3022,3743,1
10749,31.9802,32.0000,4096,240.5000,5,47.3022,3743,1
10750,31.9802,32.0000,4096,240.5000,5,47.3022,3744,1
10751,31.9802,32.0000,4096,240.5000,5,47.3022,3744,1
10752,31.9802,32.0000,4096,240.5000,5,47.3022,3744,1
10753,31.9802,32.0000,4096,240.5000,5,47.3022,3744,1
10754,31.9802,32.0000,4096,240.5000,5,47.3022,3744,1
10755,31.9802,32.0000,4096,240.5000,5,47.3022,3744,1
10756,31.9802,32.0000,4096,240.5000,5,47.3022,3745,1
10757,31.9802,32.0000,4096,240.5000,5,47.3022,3746,1
10758,31.9802,32.0000,4096,240.5000,5,47.3022,3746,1
10759,31.9802,32.0000,4096,240.5000,5,47.3022,3746,1
10760,31.9802,32.0000,4096,240.5000,5,47.3022,3746,1
10761,31.9802,32.0000,4096,240.5000,5,47.3022,3746,1
10762,31.9802,32.0000,4096,240.5000,5,47.3022,3746,1
10763,31.9802,32.0000,4096,240.5000,5,47.3022,3746,1
10764,31.9802,32.0000,4096,240.5000,5,47.3022,3746,1
10765,31.9802,32.0000,4096,240.5000,5,47.3022,3746,1
10766,31.9802,32.0000,4096,240.5000,5,47.3022,3747,1
10767,31.9802,32.0000,4096,240.5000,5,47.3022,3747,1
10768,31.9802,32.0000,4096,240.5000,5,47.3022,3748,1
10769,31.9802,32.0000,4096,240.5000,5,47.3022,3748,1
10770,31.9802,32.0000,4096,240.5000,5,47.3022,3748,1
10771,31.9802,32.0000,4096,240.5000,5,47.3022,3748,1
10772,31.9802,32.0000,4096,240.5000,5,47.3022,3748,1
10773,31.9802,32.0000,4096,240.5000,5,47.3022,3748,1
10774,31.9802,32.0000,4096,240.5000,5,47.3022,3749,1
10775,31.9802,32.0000,4096,240.5000,5,47.3022,3750,1
10776,31.9802,32.0000,4096,240.5000,5,47.3022,3751,1
10777,31.9802,32.0000,4096,240.5000,5,47.3022,3751,1
10778,31.9802,32.0000,4096,240.5000,5,47.3022,3751,1
10779,31.9802,32.0000,4096,240.5000,5,47.3022,3752,1
10780,31.9802,32.0000,4096,240.5000,5,47.3022,3753,1
10781,31.9802,32.0000,4096,240.5000,5,47.3022,3753,1
10782,31.9802,32.0000,4096,240.5000,5,47.3022,3753,1
10783,31.9802,32.0000,4096,240.5000,5,47.3022,3754,1
10784,31.9802,32.0000,4096,240.5000,5,47.3022,3755,1
10785,31.9802,32.0000,4096,240.5000,5,47.3022,3755,1
10786,31.9802,32.0000,4096,240.5000,5,47.3022,3755,1
10787,31.9802,32.0000,4096,240.5000,5,47.3022,3755,1
10788,31.9802,32.0000,4096,240.5000,5,47.3022,3756,1
10789,31.9802,32.0000,4096,240.5000,5,47.3022,3756,1
10790,31.9802,32.0000,4096,240.5000,5,47.3022,3757,1
10791,31.9802,32.0000,4096,240.5000,5,47.3022,3757,1
10792,31.9802,32.0000,4096,240.5000,5,47.3022,3757,1
10793,31.9802,32.0000,4096,240.5000,5,47.3022,3757,1
10794,31.9802,32.0000,4096,240.5000,5,47.3022,3758,1
10795,31.9802,32.0000,4096,240.5000,5,47.3022,3759,1
10796,31.9802,32.0000,4096,240.5000,5,47.3022,3759,1
10797,31.9802,32.0000,4096,240.5000,5,47.3022,3760,1
10798,31.9802,32.0000,4096,240.5000,5,47.3022,3760,1
10799,31.9802,32.0000,4096,240.5000,5,47.3022,3760,1
10800,31.9802,32.0000,4096,240.5000,5,47.3022,3760,1
10801,31.9802,32.0000,4096,240.5000,5,47.3022,3760,1
10802,31.9802,32.0000,4096,240.5000,5,47.3022,3760,1
10803,31.9802,32.0000,4096,240.5000,5,47.3022,3760,1
10804,31.9802,32.0000,4096,240.5000,5,47.3022,3761,1
10805,31.9802,32.0000,4096,240.5000,5,47.3022,3762,1
10806,31.9802,32.0000,4096,240.5000,5,47.3022,3763,1
10807,31.9802,32.0000,4096,240.5000,5,47.3022,3763,1
10808,31.9802,32.0000,4096,240.5000,5,47.3022,3763,1
10809,31.9802,32.0000,4096,240.5000,5,47.3022,3763,1
10810,31.9802,32.0000,4096,240.5000,5,47.3022,3763,1
10811,31.9802,32.0000,4096,240.5000,5,47.3022,3763,1
10812,31.9802,32.0000,4096,240.5000,5,47.3022,3763,1
10813,31.9802,32.0000,4096,240.5000,5,47.3022,3763,1
10814,31.9802,32.0000,4096,240.5000,5,47.3022,3764,1
10815,31.9802,32.0000,4096,240.5000,5,47.3022,3764,1
10816,31.9802,32.0000,4096,240.5000,5,47.3022,3764,1
10817,31.9802,32.0000,4096,240.5000,5,47.3022,3765,1
10818,31.9802,32.0000,4096,240.5000,5,47.3022,3765,1
10819,31.9802,32.0000,4096,240.5000,5,47.3022,3765,1
10820,31.9802,32.0000,4096,240.5000,5,47.3022,3765,1
10821,31.9802,32.0000,4096,240.5000,5,47.3022,3765,1
10822,31.9802,32.0000,4096,240.5000,5,47.3022,3765,1
10823,31.9802,32.0000,4096,240.5000,5,47.3022,3765,1
10824,31.9802,32.0000,4096,240.5000,5,47.3022,3765,1
10825,31.9802,32.0000,4096,240.5000,5,47.3022,3765,1
10826,31.9802,32.0000,4096,240.5000,5,47.3022,3765,1
10827,31.9802,32.0000,4096,240.5000,5,47.3022,3766,1
10828,31.9802,32.0000,4096,240.5000,5,47.3022,3766,1
10829,31.9802,32.0000,4096,240.5000,5,47.3022,3766,1
10830,31.9802,32.0000,4096,240.5000,5,47.3022,3766,1
10831,31.9802,32.0000,4096,240.5000,5,47.3022,3767,1
10832,31.9802,32.0000,4096,240.5000,5,47.3022,3767,1
10833,31.9802,32.0000,4096,240.5000,5,47.3022,3767,1
10834,31.9802,32.0000,4096,240.5000,5,47.3022,3767,1
10835,31.9802,32.0000,4096,240.5000,5,47.3022,3767,1
10836,31.9802,32.0000,4096,240.5000,5,47.3022,3767,1
10837,31.9802,32.0000,4096,240.5000,5,47.3022,3767,1
10838,31.9802,32.0000,4096,240.5000,5,47.3022,3767,1
10839,31.9802,32.0000,4096,240.5000,5,47.3022,3767,1
10840,31.9802,32.0000,4096,240.5000,5,47.3022,3768,1
10841,31.9802,32.0000,4096,240.5000,5,47.3022,3768,1
10842,31.9802,32.0000,4096,240.5000,5,47.3022,3768,1
10843,31.9802,32.0000,4096,240.5000,5,47.3022,3768,1
10844,31.9802,32.0000,4096,240.5000,5,47.3022,3768,1
10845,31.9802,32.0000,4096,240.5000,5,47.3022,3768,1
10846,31.9802,32.0000,4096,240.5000,5,47.3022,3768,1
10847,31.9802,32.0000,4096,240.5000,5,47.3022,3769,1
10848,31.9802,32.0000,4096,240.5000,5,47.3022,3769,1
10849,31.9802,32.0000,4096,240.5000,5,47.3022,3770,1
10850,31.9802,32.0000,4096,240.5000,5,47.3022,3770,1
10851,31.9802,32.0000,4096,240.5000,5,47.3022,3770,1
10852,31.9802,32.0000,4096,240.5000,5,47.3022,3771,1
10853,31.9802,32.0000,4096,240.5000,5,47.3022,3771,1
10854,31.9802,32.0000,4096,240.5000,5,47.3022,3771,1
10855,31.9802,32.0000,4096,240.5000,5,47.3022,3772,1
10856,31.9802,32.0000,4096,240.5000,5,47.3022,3772,1
10857,31.9802,32.0000,4096,240.5000,5,47.3022,3772,1
10858,31.9802,32.0000,4096,240.5000,5,47.3022,3772,1
10859,31.9802,32.0000,4096,240.5000,5,47.3022,3772,1
10860,31.9802,32.0000,4096,240.5000,5,47.3022,3773,1
10861,31.9802,32.0000,4096,240.5000,5,47.3022,3773,1
10862,31.9802,32.0000,4096,240.5000,5,47.3022,3773,1
10863,31.9802,32.0000,4096,240.5000,5,47.3022,3774,1
10864,31.9802,32.0000,4096,240.5000,5,47.3022,3774,1
10865,31.9802,32.0000,4096,240.5000,5,47.3022,3774,1
10866,31.9802,32.0000,4096,240.5000,5,47.3022,3774,1
10867,31.9802,32.0000,4096,240.5000,5,47.3022,3774,1
10868,31.9802,32.0000,4096,240.5000,5,47.3022,3774,1
10869,31.9802,32.0000,4096,240.5000,5,47.3022,3774,1
10870,31.9802,32.0000,4096,240.5000,5,47.3022,3774,1
10871,31.9802,32.0000,4096,240.5000,5,47.3022,3775,1
10872,31.9802,32.0000,4096,240.5000,5,47.3022,3776,1
10873,31.9802,32.0000,4096,240.5000,5,47.3022,3777,1
10874,31.9802,32.0000,4096,240.5000,5,47.3022,3777,1
10875,31.9802,32.0000,4096,240.5000,5,47.3022,3778,1
10876,31.9802,32.0000,4096,240.5000,5,47.3022,3778,1
10877,31.9802,32.0000,4096,240.5000,5,47.3022,3779,1
10878,31.9802,32.0000,4096,240.5000,5,47.3022,3779,1
10879,31.9802,32.0000,4096,240.5000,5,47.3022,3779,1
10880,31.9802,32.0000,4096,240.5000,5,47.3022,3779,1
10881,31.9802,32.0000,4096,240.5000,5,47.3022,3779,1
10882,31.9802,32.0000,4096,240.5000,5,47.3022,3779,1
10883,31.9802,32.0000,4096,240.5000,5,47.3022,3779,1
10884,31.9802,32.0000,4096,240.5000,5,47.3022,3779,1
10885,31.9802,32.0000,4096,240.5000,5,47.3022,3780,1
10886,31.9802,32.0000,4096,240.5000,5,47.3022,3780,1
10887,31.9802,32.0000,4096,240.5000,5,47.3022,3780,1
10888,31.9802,32.0000,4096,240.5000,5,47.3022,3780,1
10889,31.9802,32.0000,4096,240.5000,5,47.3022,3781,1
10890,31.9802,32.0000,4096,240.5000,5,47.3022,3781,1
10891,31.9802,32.0000,4096,240.5000,5,47.3022,3781,1
10892,31.9802,32.0000,4096,240.5000,5,47.3022,3782,1
10893,31.9802,32.0000,4096,240.5000,5,47.3022,3782,1
10894,31.9802,32.0000,4096,240.5000,5,47.3022,3782,1
10895,31.9802,32.0000,4096,240.5000,5,47.3022,3783,1
10896,31.9802,32.0000,4096,240.5000,5,47.3022,3783,1
10897,31.9802,32.0000,4096,240.5000,5,47.3022,3783,1
10898,31.9802,32.0000,4096,240.5000,5,47.3022,3784,1
10899,31.9802,32.0000,4096,240.5000,5,47.3022,3784,1
10900,31.9802,32.0000,4096,240.5000,5,47.3022,3785,1
10901,31.9802,32.0000,4096,240.5000,5,47.3022,3785,1
10902,31.9802,32.0000,4096,240.5000,5,47.3022,3785,1
10903,31.9802,32.0000,4096,240.5000,5,47.3022,3785,1
10904,31.9802,32.0000,4096,240.5000,5,47.3022,3786,1
10905,31.9802,32.0000,4096,240.5000,5,47.3022,3786,1
10906,31.9802,32.0000,4096,240.5000,5,47.3022,3786,1
10907,31.9802,32.0000,4096,240.5000,5,47.3022,3786,1
10908,31.9802,32.0000,4096,240.5000,5,47.3022,3786,1
10909,31.9802,32.0000,4096,240.5000,5,47.3022,3786,1
10910,31.9802,32.0000,4096,240.5000,5,47.3022,3786,1
10911,31.9802,32.0000,4096,240.5000,5,47.3022,3787,1
10912,31.9802,32.0000,4096,240.5000,5,47.3022,3787,1
10913,31.9802,32.0000,4096,240.5000,5,47.3022,3788,1
10914,31.9802,32.0000,4096,240.5000,5,47.3022,3788,1
10915,31.9802,32.0000,4096,240.5000,5,47.3022,3789,1
10916,31.9802,32.0000,4096,240.5000,5,47.3022,3789,1
10917,31.9802,32.0000,4096,240.5000,5,47.3022,3789,1
10918,31.9802,32.0000,4096,240.5000,5,47.3022,3789,1
10919,31.9802,32.0000,4096,240.5000,5,47.3022,3789,1
10920,31.9802,32.0000,4096,240.5000,5,47.3022,3789,1
10921,31.9802,32.0000,4096,240.5000,5,47.3022,3789,1
10922,31.9802,32.0000,4096,240.5000,5,47.3022,3789,1
10923,31.9802,32.0000,4096,240.5000,5,47.3022,3789,1
10924,31.9802,32.0000,4096,240.5000,5,47.3022,3789,1
10925,31.9802,32.0000,4096,240.5000,5,47.3022,3789,1
10926,31.9802,32.0000,4096,240.5000,5,47.3022,3789,1
10927,31.9802,32.0000,4096,240.5000,5,47.3022,3789,1
10928,31.9802,32.0000,4096,240.5000,5,47.3022,3789,1
10929,31.9802,32.0000,4096,240.5000,5,47.3022,3790,1
10930,31.9802,32.0000,4096,240.5000,5,47.3022,3790,1
10931,31.9802,32.0000,4096,240.5000,5,47.3022,3790,1
10932,31.9802,32.0000,4096,240.5000,5,47.3022,3790,1
10933,31.9802,32.0000,4096,240.5000,5,47.3022,3790,1
10934,31.9802,32.0000,4096,240.5000,5,47.3022,3790,1
10935,31.9802,32.0000,4096,240.5000,5,47.3022,3790,1
10936,31.9802,32.0000,4096,240.5000,5,47.3022,3790,1
10937,31.9802,32.0000,4096,240.5000,5,47.3022,3790,1
10938,31.9802,32.0000,4096,240.5000,5,47.3022,3790,1
10939,31.9802,32.0000,4096,240.5000,5,47.3022,3790,1
10940,31.9802,32.0000,4096,240.5000,5,47.3022,3790,1
10941,31.9802,32.0000,4096,240.5000,5,47.3022,3790,1
10942,31.9802,32.0000,4096,240.5000,5,47.3022,3790,1
10943,31.9802,32.0000,4096,240.5000,5,47.3022,3790,1
10944,31.9802,32.0000,4096,240.5000,5,47.3022,3791,1
10945,31.9802,32.0000,4096,240.5000,5,47.3022,3791,1
10946,31.9802,32.0000,4096,240.5000,5,47.3022,3791,1
10947,31.9802,32.0000,4096,240.5000,5,47.3022,3792,1
10948,31.9802,32.0000,4096,240.5000,5,47.3022,3793,1
10949,31.9802,32.0000,4096,240.5000,5,47.3022,3793,1
10950,31.9802,32.0000,4096,240.5000,5,47.3022,3793,1
10951,31.9802,32.0000,4096,240.5000,5,47.3022,3793,1
10952,31.9802,32.0000,4096,240.5000,5,47.3022,3793,1
10953,31.9802,32.0000,4096,240.5000,5,47.3022,3793,1
10954,31.9802,32.0000,4096,240.5000,5,47.3022,3793,1
10955,31.9802,32.0000,4096,240.5000,5,47.3022,3793,1
10956,31.9802,32.0000,4096,240.5000,5,47.3022,3793,1
10957,31.9802,32.0000,4096,240.5000,5,47.3022,3794,1
10958,31.9802,32.0000,4096,240.5000,5,47.3022,3794,1
10959,31.9802,32.0000,4096,240.5000,5,47.3022,3794,1
10960,31.9802,32.0000,4096,240.5000,5,47.3022,3794,1
10961,31.9802,32.0000,4096,240.5000,5,47.3022,3794,1
10962,31.9802,32.0000,4096,240.5000,5,47.3022,3794,1
10963,31.9802,32.0000,4096,240.5000,5,47.3022,3795,1
10964,31.9802,32.0000,4096,240.5000,5,47.3022,3795,1
10965,31.9802,32.0000,4096,240.5000,5,47.3022,3795,1
10966,31.9802,32.0000,4096,240.5000,5,47.3022,3795,1
10967,31.9802,32.0000,4096,240.5000,5,47.3022,3795,1
10968,31.9802,32.0000,4096,240.5000,5,47.3022,3795,1
10969,31.9802,32.0000,4096,240.5000,5,47.3022,3795,1
10970,31.9802,32.0000,4096,240.5000,5,47.3022,3795,1
10971,31.9802,32.0000,4096,240.5000,5,47.3022,3795,1
10972,31.9802,32.0000,4096,240.5000,5,47.3022,3795,1
10973,31.9802,32.0000,4096,240.5000,5,47.3022,3795,1
10974,31.9802,32.0000,4096,240.5000,5,47.3022,3796,1
10975,31.9802,32.0000,4096,240.5000,5,47.3022,3796,1
10976,31.9802,32.0000,4096,240.5000,5,47.3022,3796,1
10977,31.9802,32.0000,4096,240.5000,5,47.3022,3796,1
10978,31.9802,32.0000,4096,240.5000,5,47.3022,3796,1
10979,31.9802,32.0000,4096,240.5000,5,47.3022,3797,1
10980,31.9802,32.0000,4096,240.5000,5,47.3022,3797,1
10981,31.9802,32.0000,4096,240.5000,5,47.3022,3797,1
10982,31.9802,32.0000,4096,240.5000,5,47.3022,3797,1
10983,31.9802,32.0000,4096,240.5000,5,47.3022,3797,1
10984,31.9802,32.0000,4096,240.5000,5,47.3022,3797,1
10985,31.9802,32.0000,4096,240.5000,5,47.3022,3797,1
10986,31.9802,32.0000,4096,240.5000,5,47.3022,3798,1
10987,31.9802,32.0000,4096,240.5000,5,47.3022,3798,1
10988,31.9802,32.0000,4096,240.5000,5,47.3022,3798,1
10989,31.9802,32.0000,4096,240.5000,5,47.3022,3798,1
10990,31.9802,32.0000,4096,240.5000,5,47.3022,3798,1
10991,31.9802,32.0000,4096,240.5000,5,47.3022,3798,1
10992,31.9802,32.0000,4096,240.5000,5,47.3022,3798,1
10993,31.9802,32.0000,4096,240.5000,5,47.3022,3798,1
10994,31.9802,32.0000,4096,240.5000,5,47.3022,3798,1
10995,31.9802,32.0000,4096,240.5000,5,47.3022,3798,1
10996,31.9802,32.0000,4096,240.5000,5,47.3022,3798,1
10997,31.9802,32.0000,4096,240.5000,5,47.3022,3799,1
10998,31.9802,32.0000,4096,240.5000,5,47.3022,3799,1
10999,31.9802,32.0000,4096,240.5000,5,47.3022,3799,1
11000,31.9802,32.0000,4096,240.5000,5,47.3022,3799,1
11001,31.9802,32.0000,4096,240.5000,5,47.3022,3799,1
11002,31.9802,32.0000,4096,240.5000,5,47.3022,3799,1
11003,31.9802,32.0000,4096,240.5000,5,47.3022,3799,1
11004,31.9802,32.0000,4096,240.5000,5,47.3022,3799,1
11005,31.9802,32.0000,4096,240.5000,5,47.3022,3799,1
11006,31.9802,32.0000,4096,240.5000,5,47.3022,3799,1
11007,31.9802,32.0000,4096,240.5000,5,47.3022,3799,1
11008,31.9802,32.0000,4096,240.5000,5,47.3022,3799,1
11009,31.9802,32.0000,4096,240.5000,5,47.3022,3799,1
11010,31.9802,32.0000,4096,240.5000,5,47.3022,3800,1
11011,31.9802,32.0000,4096,240.5000,5,47.3022,3800,1
11012,31.9802,32.0000,4096,240.5000,5,47.3022,3800,1
11013,31.9802,32.0000,4096,240.5000,5,47.3022,3801,1
11014,31.9802,32.0000,4096,240.5000,5,47.3022,3801,1
11015,31.9802,32.0000,4096,240.5000,5,47.3022,3802,1
11016,31.9802,32.0000,4096,240.5000,5,47.3022,3803,1
11017,31.9802,32.0000,4096,240.5000,5,47.3022,3803,1
11018,31.9802,32.0000,4096,240.5000,5,47.3022,3804,1
11019,31.9802,32.0000,4096,240.5000,5,47.3022,3804,1
11020,31.9802,32.0000,4096,240.5000,5,47.3022,3804,1
11021,31.9802,32.0000,4096,240.5000,5,47.3022,3804,1
11022,31.9802,32.0000,4096,240.5000,5,47.3022,3804,1
11023,31.9802,32.0000,4096,240.5000,5,47.3022,3804,1
11024,31.9802,32.0000,4096,240.5000,5,47.3022,3804,1
11025,31.9802,32.0000,4096,240.5000,5,47.3022,3805,1
11026,31.9802,32.0000,4096,240.5000,5,47.3022,3805,1
11027,31.9802,32.0000,4096,240.5000,5,47.3022,3805,1
11028,31.9802,32.0000,4096,240.5000,5,47.3022,3805,1
11029,31.9802,32.0000,4096,240.5000,5,47.3022,3805,1
11030,31.9802,32.0000,4096,240.5000,5,47.3022,3805,1
11031,31.9802,32.0000,4096,240.5000,5,47.3022,3805,1
11032,31.9802,32.0000,4096,240.5000,5,47.3022,3805,1
11033,31.9802,32.0000,4096,240.5000,5,47.3022,3805,1
11034,31.9802,32.0000,4096,240.5000,5,47.3022,3806,1
11035,31.9802,32.0000,4096,240.5000,5,47.3022,3806,1
11036,31.9802,32.0000,4096,240.5000,5,47.3022,3806,1
11037,31.9802,32.0000,4096,240.5000,5,47.3022,3807,1
11038,31.9802,32.0000,4096,240.5000,5,47.3022,3807,1
11039,31.9802,32.0000,4096,240.5000,5,47.3022,3807,1
11040,31.9802,32.0000,4096,240.5000,5,47.3022,3807,1
11041,31.9802,32.0000,4096,240.5000,5,47.3022,3808,1
11042,31.9802,32.0000,4096,240.5000,5,47.3022,3808,1
11043,31.9802,32.0000,4096,240.5000,5,47.3022,3808,1
11044,31.9802,32.0000,4096,240.5000,5,47.3022,3808,1
11045,31.9802,32.0000,4096,240.5000,5,47.3022,3809,1
11046,31.9802,32.0000,4096,240.5000,5,47.3022,3810,1
11047,31.9802,32.0000,4096,240.5000,5,47.3022,3811,1
11048,31.9802,32.0000,4096,240.5000,5,47.3022,3811,1
11049,31.9802,32.0000,4096,240.5000,5,47.3022,3812,1
11050,31.9802,32.0000,4096,240.5000,5,47.3022,3812,1
11051,31.9802,32.0000,4096,240.5000,5,47.3022,3812,1
11052,31.9802,32.0000,4096,240.5000,5,47.3022,3812,1
11053,31.9802,32.0000,4096,240.5000,5,47.3022,3812,1
11054,31.9802,32.0000,4096,240.5000,5,47.3022,3812,1
11055,31.9802,32.0000,4096,240.5000,5,47.3022,3812,1
11056,31.9802,32.0000,4096,240.5000,5,47.3022,3812,1
11057,31.9802,32.0000,4096,240.5000,5,47.3022,3812,1
11058,31.9802,32.0000,4096,240.5000,5,47.3022,3813,1
11059,31.9802,32.0000,4096,240.5000,5,47.3022,3813,1
11060,31.9802,32.0000,4096,240.5000,5,47.3022,3813,1
11061,31.9802,32.0000,4096,240.5000,5,47.3022,3814,1
11062,31.9802,32.0000,4096,240.5000,5,47.3022,3814,1
11063,31.9802,32.0000,4096,240.5000,5,47.3022,3814,1
11064,31.9802,32.0000,4096,240.5000,5,47.3022,3814,1
11065,31.9802,32.0000,4096,240.5000,5,47.3022,3814,1
11066,31.9802,32.0000,4096,240.5000,5,47.3022,3815,1
11067,31.9802,32.0000,4096,240.5000,5,47.3022,3816,1
11068,31.9802,32.0000,4096,240.5000,5,47.3022,3816,1
11069,31.9802,32.0000,4096,240.5000,5,47.3022,3817,1
11070,31.9802,32.0000,4096,240.5000,5,47.3022,3818,1
11071,31.9802,32.0000,4096,240.5000,5,47.3022,3818,1
11072,31.9802,32.0000,4096,240.5000,5,47.3022,3819,1
11073,31.9802,32.0000,4096,240.5000,5,47.3022,3820,1
11074,31.9802,32.0000,4096,240.5000,5,47.3022,3820,1
11075,31.9802,32.0000,4096,240.5000,5,47.3022,3821,1
11076,31.9802,32.0000,4096,240.5000,5,47.3022,3821,1
11077,31.9802,32.0000,4096,240.5000,5,47.3022,3821,1
11078,31.9802,32.0000,4096,240.5000,5,47.3022,3821,1
11079,31.9802,32.0000,4096,240.5000,5,47.3022,3821,1
11080,31.9802,32.0000,4096,240.5000,5,47.3022,3821,1
11081,31.9802,32.0000,4096,240.5000,5,47.3022,3821,1
11082,31.9802,32.0000,4096,240.5000,5,47.3022,3822,1
11083,31.9802,32.0000,4096,240.5000,5,47.3022,3822,1
11084,31.9802,32.0000,4096,240.5000,5,47.3022,3822,1
11085,31.9802,32.0000,4096,240.5000,5,47.3022,3822,1
11086,31.9802,32.0000,4096,240.5000,5,47.3022,3822,1
11087,31.9802,32.0000,4096,240.5000,5,47.3022,3822,1
11088,31.9802,32.0000,4096,240.5000,5,47.3022,3822,1
11089,31.9802,32.0000,4096,240.5000,5,47.3022,3822,1
11090,31.9802,32.0000,4096,240.5000,5,47.3022,3822,1
11091,31.9802,32.0000,4096,240.5000,5,47.3022,3822,1
11092,31.9802,32.0000,4096,240.5000,5,47.3022,3822,1
11093,31.9802,32.0000,4096,240.5000,5,47.3022,3822,1
11094,31.9802,32.0000,4096,240.5000,5,47.3022,3822,1
11095,31.9802,32.0000,4096,240.5000,5,47.3022,3822,1
11096,31.9802,32.0000,4096,240.5000,5,47.3022,3823,1
11097,31.9802,32.0000,4096,240.5000,5,47.3022,3823,1
11098,31.9802,32.0000,4096,240.5000,5,47.3022,3823,1
11099,31.9802,32.0000,4096,240.5000,5,47.3022,3823,1
11100,31.9802,32.0000,4096,240.5000,5,47.3022,3823,1
11101,31.9802,32.0000,4096,240.5000,5,47.3022,3823,1
11102,31.9802,32.0000,4096,240.5000,5,47.3022,3823,1
11103,31.9802,32.0000,4096,240.5000,5,47.3022,3823,1
11104,31.9802,32.0000,4096,240.5000,5,47.3022,3824,1
11105,31.9802,32.0000,4096,240.5000,5,47.3022,3824,1
11106,31.9802,32.0000,4096,240.5000,5,47.3022,3824,1
11107,31.9802,32.0000,4096,240.5000,5,47.3022,3824,1
11108,31.9802,32.0000,4096,240.5000,5,47.3022,3825,1
11109,31.9802,32.0000,4096,240.5000,5,47.3022,3825,1
11110,31.9802,32.0000,4096,240.5000,5,47.3022,3826,1
11111,31.9802,32.0000,4096,240.5000,5,47.3022,3826,1
11112,31.9802,32.0000,4096,240.5000,5,47.3022,3826,1
11113,31.9802,32.0000,4096,240.5000,5,47.3022,3827,1
11114,31.9802,32.0000,4096,240.5000,5,47.3022,3828,1
11115,31.9802,32.0000,4096,240.5000,5,47.3022,3829,1
11116,31.9802,32.0000,4096,240.5000,5,47.3022,3829,1
11117,31.9802,32.0000,4096,240.5000,5,47.3022,3829,1
11118,31.9802,32.0000,4096,240.5000,5,47.3022,3829,1
11119,31.9802,32.0000,4096,240.5000,5,47.3022,3829,1
11120,31.9802,32.0000,4096,240.5000,5,47.3022,3830,1
11121,31.9802,32.0000,4096,240.5000,5,47.3022,3830,1
11122,31.9802,32.0000,4096,240.5000,5,47.3022,3830,1
11123,31.9802,32.0000,4096,240.5000,5,47.3022,3830,1
11124,31.9802,32.0000,4096,240.5000,5,47.3022,3831,1
11125,31.9802,32.0000,4096,240.5000,5,47.3022,3831,1
11126,31.9802,32.0000,4096,240.5000,5,47.3022,3831,1
11127,31.9802,32.0000,4096,240.5000,5,47.3022,3831,1
11128,31.9802,32.0000,4096,240.5000,5,47.3022,3832,1
11129,31.9802,32.0000,4096,240.5000,5,47.3022,3832,1
11130,31.9802,32.0000,4096,240.5000,5,47.3022,3833,1
11131,31.9802,32.0000,4096,240.5000,5,47.3022,3834,1
11132,31.9802,32.0000,4096,240.5000,5,47.3022,3834,1
11133,31.9802,32.0000,4096,240.5000,5,47.3022,3834,1
11134,31.9802,32.0000,4096,240.5000,5,47.3022,3834,1
11135,31.9802,32.0000,4096,240.5000,5,47.3022,3834,1
11136,31.9802,32.0000,4096,240.5000,5,47.3022,3835,1
11137,31.9802,32.0000,4096,240.5000,5,47.3022,3835,1
11138,31.9802,32.0000,4096,240.5000,5,47.3022,3835,1
11139,31.9802,32.0000,4096,240.5000,5,47.3022,3836,1
11140,31.9802,32.0000,4096,240.5000,5,47.3022,3836,1
11141,31.9802,32.0000,4096,240.5000,5,47.3022,3836,1
11142,31.9802,32.0000,4096,240.5000,5,47.3022,3837,1
11143,31.9802,32.0000,4096,240.5000,5,47.3022,3838,1
11144,31.9802,32.0000,4096,240.5000,5,47.3022,3838,1
11145,31.9802,32.0000,4096,240.5000,5,47.3022,3838,1
11146,31.9802,32.0000,4096,240.5000,5,47.3022,3838,1
11147,31.9802,32.0000,4096,240.5000,5,47.3022,3838,1
11148,31.9802,32.0000,4096,240.5000,5,47.3022,3838,1
11149,31.9802,32.0000,4096,240.5000,5,47.3022,3838,1
11150,31.9802,32.0000,4096,240.5000,5,47.3022,3838,1
11151,31.9802,32.0000,4096,240.5000,5,47.3022,3838,1
11152,31.9802,32.0000,4096,240.5000,5,47.3022,3838,1
11153,31.9802,32.0000,4096,240.5000,5,47.3022,3838,1
11154,31.9802,32.0000,4096,240.5000,5,47.3022,3838,1
11155,31.9802,32.0000,4096,240.5000,5,47.3022,3838,1
11156,31.9802,32.0000,4096,240.5000,5,47.3022,3839,1
11157,31.9802,32.0000,4096,240.5000,5,47.3022,3839,1
11158,31.9802,32.0000,4096,240.5000,5,47.3022,3839,1
11159,31.9802,32.0000,4096,240.5000,5,47.3022,3840,1
11160,31.9802,32.0000,4096,240.5000,5,47.3022,3840,1
11161,31.9802,32.0000,4096,240.5000,5,47.3022,3840,1
11162,31.9802,32.0000,4096,240.5000,5,47.3022,3840,1
11163,31.9802,32.0000,4096,240.5000,5,47.3022,3840,1
11164,31.9802,32.0000,4096,240.5000,5,47.3022,3840,1
11165,31.9802,32.0000,4096,240.5000,5,47.3022,3841,1
11166,31.9802,32.0000,4096,240.5000,5,47.3022,3841,1
11167,31.9802,32.0000,4096,240.5000,5,47.3022,3842,1
11168,31.9802,32.0000,4096,240.5000,5,47.3022,3842,1
11169,31.9802,32.0000,4096,240.5000,5,47.3022,3842,1
11170,31.9802,32.0000,4096,240.5000,5,47.3022,3842,1
11171,31.9802,32.0000,4096,240.5000,5,47.3022,3842,1
11172,31.9802,32.0000,4096,240.5000,5,47.3022,3842,1
11173,31.9802,32.0000,4096,240.5000,5,47.3022,3842,1
11174,31.9802,32.0000,4096,240.5000,5,47.3022,3843,1
11175,31.9802,32.0000,4096,240.5000,5,47.3022,3844,1
11176,31.9802,32.0000,4096,240.5000,5,47.3022,3844,1
11177,31.9802,32.0000,4096,240.5000,5,47.3022,3844,1
11178,31.9802,32.0000,4096,240.5000,5,47.3022,3844,1
11179,31.9802,32.0000,4096,240.5000,5,47.3022,3844,1
11180,31.9802,32.0000,4096,240.5000,5,47.3022,3845,1
11181,31.9802,32.0000,4096,240.5000,5,47.3022,3845,1
11182,31.9802,32.0000,4096,240.5000,5,47.3022,3846,1
11183,31.9802,32.0000,4096,240.5000,5,47.3022,3847,1
11184,31.9802,32.0000,4096,240.5000,5,47.3022,3848,1
11185,31.9802,32.0000,4096,240.5000,5,47.3022,3848,1
11186,31.9802,32.0000,4096,240.5000,5,47.3022,3848,1
11187,31.9802,32.0000,4096,240.5000,5,47.3022,3848,1
11188,31.9802,32.0000,4096,240.5000,5,47.3022,3848,1
11189,31.9802,32.0000,4096,240.5000,5,47.3022,3848,1
11190,31.9802,32.0000,4096,240.5000,5,47.3022,3849,1
11191,31.9802,32.0000,4096,240.5000,5,47.3022,3850,1
11192,31.9802,32.0000,4096,240.5000,5,47.3022,3850,1
11193,31.9802,32.0000,4096,240.5000,5,47.3022,3851,1
11194,31.9802,32.0000,4096,240.5000,5,47.3022,3851,1
11195,31.9802,32.0000,4096,240.5000,5,47.3022,3851,1
11196,31.9802,32.0000,4096,240.5000,5,47.3022,3851,1
11197,31.9802,32.0000,4096,240.5000,5,47.3022,3851,1
11198,31.9802,32.0000,4096,240.5000,5,47.3022,3852,1
11199,31.9802,32.0000,4096,240.5000,5,47.3022,3853,1
11200,31.9802,32.0000,4096,240.5000,5,47.3022,3853,1
11201,31.9802,32.0000,4096,240.5000,5,47.3022,3853,1
11202,31.9802,32.0000,4096,240.5000,5,47.3022,3854,1
11203,31.9802,32.0000,4096,240.5000,5,47.3022,3855,1
11204,31.9802,32.0000,4096,240.5000,5,47.3022,3855,1
11205,31.9802,32.0000,4096,240.5000,5,47.3022,3855,1
11206,31.9802,32.0000,4096,240.5000,5,47.3022,3855,1
11207,31.9802,32.0000,4096,240.5000,5,47.3022,3855,1
11208,31.9802,32.0000,4096,240.5000,5,47.3022,3855,1
11209,31.9802,32.0000,4096,240.5000,5,47.3022,3855,1
11210,31.9802,32.0000,4096,240.5000,5,47.3022,3856,1
11211,31.9802,32.0000,4096,240.5000,5,47.3022,3856,1
11212,31.9802,32.0000,4096,240.5000,5,47.3022,3856,1
11213,31.9802,32.0000,4096,240.5000,5,47.3022,3856,1
11214,31.9802,32.0000,4096,240.5000,5,47.3022,3856,1
11215,31.9802,32.0000,4096,240.5000,5,47.3022,3857,1
11216,31.9802,32.0000,4096,240.5000,5,47.3022,3857,1
11217,31.9802,32.0000,4096,240.5000,5,47.3022,3858,1
11218,31.9802,32.0000,4096,240.5000,5,47.3022,3858,1
11219,31.9802,32.0000,4096,240.5000,5,47.3022,3858,1
11220,31.9802,32.0000,4096,240.5000,5,47.3022,3858,1
11221,31.9802,32.0000,4096,240.5000,5,47.3022,3858,1
11222,31.9802,32.0000,4096,240.5000,5,47.3022,3858,1
11223,31.9802,32.0000,4096,240.5000,5,47.3022,3858,1
11224,31.9802,32.0000,4096,240.5000,5,47.3022,3858,1
11225,31.9802,32.0000,4096,240.5000,5,47.3022,3858,1
11226,31.9802,32.0000,4096,240.5000,5,47.3022,3858,1
11227,31.9802,32.0000,4096,240.5000,5,47.3022,3859,1
11228,31.9802,32.0000,4096,240.5000,5,47.3022,3859,1
11229,31.9802,32.0000,4096,240.5000,5,47.3022,3859,1
11230,31.9802,32.0000,4096,240.5000,5,47.3022,3860,1
11231,31.9802,32.0000,4096,240.5000,5,47.3022,3860,1
11232,31.9802,32.0000,4096,240.5000,5,47.3022,3861,1
11233,31.9802,32.0000,4096,240.5000,5,47.3022,3861,1
11234,31.9802,32.0000,4096,240.5000,5,47.3022,3862,1
11235,31.9802,32.0000,4096,240.5000,5,47.3022,3862,1
11236,31.9802,32.0000,4096,240.5000,5,47.3022,3862,1
11237,31.9802,32.0000,4096,240.5000,5,47.3022,3863,1
11238,31.9802,32.0000,4096,240.5000,5,47.3022,3863,1
11239,31.9802,32.0000,4096,240.5000,5,47.3022,3864,1
11240,31.9802,32.0000,4096,240.5000,5,47.3022,3864,1
11241,31.9802,32.0000,4096,240.5000,5,47.3022,3865,1
11242,31.9802,32.0000,4096,240.5000,5,47.3022,3865,1
11243,31.9802,32.0000,4096,240.5000,5,47.3022,3866,1
11244,31.9802,32.0000,4096,240.5000,5,47.3022,3867,1
11245,31.9802,32.0000,4096,240.5000,5,47.3022,3867,1
11246,31.9802,32.0000,4096,240.5000,5,47.3022,3867,1
11247,31.9802,32.0000,4096,240.5000,5,47.3022,3868,1
11248,31.9802,32.0000,4096,240.5000,5,47.3022,3868,1
11249,31.9802,32.0000,4096,240.5000,5,47.3022,3868,1
11250,31.9802,32.0000,4096,240.5000,5,47.3022,3869,1
11251,31.9802,32.0000,4096,240.5000,5,47.3022,3869,1
11252,31.9802,32.0000,4096,240.5000,5,47.3022,3869,1
11253,31.9802,32.0000,4096,240.5000,5,47.3022,3870,1
11254,31.9802,32.0000,4096,240.5000,5,47.3022,3870,1
11255,31.9802,32.0000,4096,240.5000,5,47.3022,3870,1
11256,31.9802,32.0000,4096,240.5000,5,47.3022,3870,1
11257,31.9802,32.0000,4096,240.5000,5,47.3022,3870,1
11258,31.9802,32.0000,4096,240.5000,5,47.3022,3870,1
11259,31.9802,32.0000,4096,240.5000,5,47.3022,3870,1
11260,31.9802,32.0000,4096,240.5000,5,47.3022,3870,1
11261,31.9802,32.0000,4096,240.5000,5,47.3022,3871,1
11262,31.9802,32.0000,4096,240.5000,5,47.3022,3871,1
11263,31.9802,32.0000,4096,240.5000,5,47.3022,3871,1
11264,31.9802,32.0000,4096,240.5000,5,47.3022,3871,1
11265,31.9802,32.0000,4096,240.5000,5,47.3022,3871,1
11266,31.9802,32.0000,4096,240.5000,5,47.3022,3871,1
11267,31.9802,32.0000,4096,240.5000,5,47.3022,3871,1
11268,31.9802,32.0000,4096,240.5000,5,47.3022,3871,1
11269,31.9802,32.0000,4096,240.5000,5,47.3022,3871,1
11270,31.9802,32.0000,4096,240.5000,5,47.3022,3871,1
11271,31.9802,32.0000,4096,240.5000,5,47.3022,3871,1
11272,31.9802,32.0000,4096,240.5000,5,47.3022,3871,1
11273,31.9802,32.0000,4096,240.5000,5,47.3022,3872,1
11274,31.9802,32.0000,4096,240.5000,5,47.3022,3873,1
11275,31.9802,32.0000,4096,240.5000,5,47.3022,3873,1
11276,31.9802,32.0000,4096,240.5000,5,47.3022,3873,1
11277,31.9802,32.0000,4096,240.5000,5,47.3022,3873,1
11278,31.9802,32.0000,4096,240.5000,5,47.3022,3873,1
11279,31.9802,32.0000,4096,240.5000,5,47.3022,3873,1
11280,31.9802,32.0000,4096,240.5000,5,47.3022,3873,1
11281,31.9802,32.0000,4096,240.5000,5,47.3022,3873,1
11282,31.9802,32.0000,4096,240.5000,5,47.3022,3874,1
11283,31.9802,32.0000,4096,240.5000,5,47.3022,3874,1
11284,31.9802,32.0000,4096,240.5000,5,47.3022,3874,1
11285,31.9802,32.0000,4096,240.5000,5,47.3022,3874,1
11286,31.9802,32.0000,4096,240.5000,5,47.3022,3875,1
11287,31.9802,32.0000,4096,240.5000,5,47.3022,3875,1
11288,31.9802,32.0000,4096,240.5000,5,47.3022,3875,1
11289,31.9802,32.0000,4096,240.5000,5,47.3022,3876,1
11290,31.9802,32.0000,4096,240.5000,5,47.3022,3877,1
11291,31.9802,32.0000,4096,240.5000,5,47.3022,3877,1
11292,31.9802,32.0000,4096,240.5000,5,47.3022,3877,1
11293,31.9802,32.0000,4096,240.5000,5,47.3022,3877,1
11294,31.9802,32.0000,4096,240.5000,5,47.3022,3877,1
11295,31.9802,32.0000,4096,240.5000,5,47.3022,3877,1
11296,31.9802,32.0000,4096,240.5000,5,47.3022,3878,1
11297,31.9802,32.0000,4096,240.5000,5,47.3022,3878,1
11298,31.9802,32.0000,4096,240.5000,5,47.3022,3878,1
11299,31.9802,32.0000,4096,240.5000,5,47.3022,3879,1
11300,31.9802,32.0000,4096,240.5000,5,47.3022,3880,1
11301,31.9802,32.0000,4096,240.5000,5,47.3022,3880,1
11302,31.9802,32.0000,4096,240.5000,5,47.3022,3880,1
11303,31.9802,32.0000,4096,240.5000,5,47.3022,3880,1
11304,31.9802,32.0000,4096,240.5000,5,47.3022,3881,1
11305,31.9802,32.0000,4096,240.5000,5,47.3022,3882,1
11306,31.9802,32.0000,4096,240.5000,5,47.3022,3882,1
11307,31.9802,32.0000,4096,240.5000,5,47.3022,3882,1
11308,31.9802,32.0000,4096,240.5000,5,47.3022,3882,1
11309,31.9802,32.0000,4096,240.5000,5,47.3022,3883,1
11310,31.9802,32.0000,4096,240.5000,5,47.3022,3883,1
11311,31.9802,32.0000,4096,240.5000,5,47.3022,3883,1
11312,31.9802,32.0000,4096,240.5000,5,47.3022,3883,1
11313,31.9802,32.0000,4096,240.5000,5,47.3022,3883,1
11314,31.9802,32.0000,4096,240.5000,5,47.3022,3883,1
11315,31.9802,32.0000,4096,240.5000,5,47.3022,3883,1
11316,31.9802,32.0000,4096,240.5000,5,47.3022,3883,1
11317,31.9802,32.0000,4096,240.5000,5,47.3022,3883,1
11318,31.9802,32.0000,4096,240.5000,5,47.3022,3884,1
11319,31.9802,32.0000,4096,240.5000,5,47.3022,3884,1
11320,31.9802,32.0000,4096,240.5000,5,47.3022,3884,1
11321,31.9802,32.0000,4096,240.5000,5,47.3022,3885,1
11322,31.9802,32.0000,4096,240.5000,5,47.3022,3885,1
11323,31.9802,32.0000,4096,240.5000,5,47.3022,3886,1
11324,31.9802,32.0000,4096,240.5000,5,47.3022,3887,1
11325,31.9802,32.0000,4096,240.5000,5,47.3022,3887,1
11326,31.9802,32.0000,4096,240.5000,5,47.3022,3887,1
11327,31.9802,32.0000,4096,240.5000,5,47.3022,3888,1
11328,31.9802,32.0000,4096,240.5000,5,47.3022,3888,1
11329,31.9802,32.0000,4096,240.5000,5,47.3022,3888,1
11330,31.9802,32.0000,4096,240.5000,5,47.3022,3888,1
11331,31.9802,32.0000,4096,240.5000,5,47.3022,3888,1
11332,31.9802,32.0000,4096,240.5000,5,47.3022,3888,1
11333,31.9802,32.0000,4096,240.5000,5,47.3022,3889,1
11334,31.9802,32.0000,4096,240.5000,5,47.3022,3889,1
11335,31.9802,32.0000,4096,240.5000,5,47.3022,3889,1
11336,31.9802,32.0000,4096,240.5000,5,47.3022,3889,1
11337,31.9802,32.0000,4096,240.5000,5,47.3022,3890,1
11338,31.9802,32.0000,4096,240.5000,5,47.3022,3890,1
11339,31.9802,32.0000,4096,240.5000,5,47.3022,3890,1
11340,31.9802,32.0000,4096,240.5000,5,47.3022,3890,1
11341,31.9802,32.0000,4096,240.5000,5,47.3022,3890,1
11342,31.9802,32.0000,4096,240.5000,5,47.3022,3890,1
11343,31.9802,32.0000,4096,240.5000,5,47.3022,3891,1
11344,31.9802,32.0000,4096,240.5000,5,47.3022,3891,1
11345,31.9802,32.0000,4096,240.5000,5,47.3022,3891,1
11346,31.9802,32.0000,4096,240.5000,5,47.3022,3891,1
11347,31.9802,32.0000,4096,240.5000,5,47.3022,3891,1
11348,31.9802,32.0000,4096,240.5000,5,47.3022,3891,1
11349,31.9802,32.0000,4096,240.5000,5,47.3022,3891,1
11350,31.9802,32.0000,4096,240.5000,5,47.3022,3891,1
11351,31.9802,32.0000,4096,240.5000,5,47.3022,3891,1
11352,31.9802,32.0000,4096,240.5000,5,47.3022,3891,1
11353,31.9802,32.0000,4096,240.5000,5,47.3022,3891,1
11354,31.9802,32.0000,4096,240.5000,5,47.3022,3891,1
11355,31.9802,32.0000,4096,240.5000,5,47.3022,3891,1
11356,31.9802,32.0000,4096,240.5000,5,47.3022,3891,1
11357,31.9802,32.0000,4096,240.5000,5,47.3022,3891,1
11358,31.9802,32.0000,4096,240.5000,5,47.3022,3892,1
11359,31.9802,32.0000,4096,240.5000,5,47.3022,3892,1
11360,31.9802,32.0000,4096,240.5000,5,47.3022,3892,1
11361,31.9802,32.0000,4096,240.5000,5,47.3022,3892,1
11362,31.9802,32.0000,4096,240.5000,5,47.3022,3893,1
11363,31.9802,32.0000,4096,240.5000,5,47.3022,3893,1
11364,31.9802,32.0000,4096,240.5000,5,47.3022,3893,1
11365,31.9802,32.0000,4096,240.5000,5,47.3022,3893,1
11366,31.9802,32.0000,4096,240.5000,5,47.3022,3893,1
11367,31.9802,32.0000,4096,240.5000,5,47.3022,3893,1
11368,31.9802,32.0000,4096,240.5000,5,47.3022,3894,1
11369,31.9802,32.0000,4096,240.5000,5,47.3022,3894,1
11370,31.9802,32.0000,4096,240.5000,5,47.3022,3894,1
11371,31.9802,32.0000,4096,240.5000,5,47.3022,3895,1
11372,31.9802,32.0000,4096,240.5000,5,47.3022,3895,1
11373,31.9802,32.0000,4096,240.5000,5,47.3022,3895,1
11374,31.9802,32.0000,4096,240.5000,5,47.3022,3895,1
11375,31.9802,32.0000,4096,240.5000,5,47.3022,3895,1
11376,31.9802,32.0000,4096,240.5000,5,47.3022,3895,1
11377,31.9802,32.0000,4096,240.5000,5,47.3022,3895,1
11378,31.9802,32.0000,4096,240.5000,5,47.3022,3895,1
11379,31.9802,32.0000,4096,240.5000,5,47.3022,3895,1
11380,31.9802,32.0000,4096,240.5000,5,47.3022,3895,1
11381,31.9802,32.0000,4096,240.5000,5,47.3022,3895,1
11382,31.9802,32.0000,4096,240.5000,5,47.3022,3895,1
11383,31.9802,32.0000,4096,240.5000,5,47.3022,3895,1
11384,31.9802,32.0000,4096,240.5000,5,47.3022,3895,1
11385,31.9802,32.0000,4096,240.5000,5,47.3022,3895,1
11386,31.9802,32.0000,4096,240.5000,5,47.3022,3895,1
11387,31.9802,32.0000,4096,240.5000,5,47.3022,3895,1
11388,31.9802,32.0000,4096,240.5000,5,47.3022,3895,1
11389,31.9802,32.0000,4096,240.5000,5,47.3022,3895,1
11390,31.9802,32.0000,4096,240.5000,5,47.3022,3896,1
11391,31.9802,32.0000,4096,240.5000,5,47.3022,3896,1
11392,31.9802,32.0000,4096,240.5000,5,47.3022,3896,1
11393,31.9802,32.0000,4096,240.5000,5,47.3022,3896,1
11394,31.9802,32.0000,4096,240.5000,5,47.3022,3896,1
11395,31.9802,32.0000,4096,240.5000,5,47.3022,3897,1
11396,31.9802,32.0000,4096,240.5000,5,47.3022,3897,1
11397,31.9802,32.0000,4096,240.5000,5,47.3022,3897,1
11398,31.9802,32.0000,4096,240.5000,5,47.3022,3897,1
11399,31.9802,32.0000,4096,240.5000,5,47.3022,3897,1
11400,31.9802,32.0000,4096,240.5000,5,47.3022,3897,1
11401,31.9802,32.0000,4096,240.5000,5,47.3022,3897,1
11402,31.9802,32.0000,4096,240.5000,5,47.3022,3897,1
11403,31.9802,32.0000,4096,240.5000,5,47.3022,3897,1
11404,31.9802,32.0000,4096,240.5000,5,47.3022,3897,1
11405,31.9802,32.0000,4096,240.5000,5,47.3022,3897,1
11406,31.9802,32.0000,4096,240.5000,5,47.3022,3897,1
11407,31.9802,32.0000,4096,240.5000,5,47.3022,3897,1
11408,31.9802,32.0000,4096,240.5000,5,47.3022,3898,1
11409,31.9802,32.0000,4096,240.5000,5,47.3022,3898,1
11410,31.9802,32.0000,4096,240.5000,5,47.3022,3898,1
11411,31.9802,32.0000,4096,240.5000,5,47.3022,3898,1
11412,31.9802,32.0000,4096,240.5000,5,47.3022,3898,1
11413,31.9802,32.0000,4096,240.5000,5,47.3022,3898,1
11414,31.9802,32.0000,4096,240.5000,5,47.3022,3898,1
11415,31.9802,32.0000,4096,240.5000,5,47.3022,3899,1
11416,31.9802,32.0000,4096,240.5000,5,47.3022,3899,1
11417,31.9802,32.0000,4096,240.5000,5,47.3022,3899,1
11418,31.9802,32.0000,4096,240.5000,5,47.3022,3899,1
11419,31.9802,32.0000,4096,240.5000,5,47.3022,3899,1
11420,31.9802,32.0000,4096,240.5000,5,47.3022,3899,1
11421,31.9802,32.0000,4096,240.5000,5,47.3022,3900,1
11422,31.9802,32.0000,4096,240.5000,5,47.3022,3900,1
11423,31.9802,32.0000,4096,240.5000,5,47.3022,3900,1
11424,31.9802,32.0000,4096,240.5000,5,47.3022,3900,1
11425,31.9802,32.0000,4096,240.5000,5,47.3022,3901,1
11426,31.9802,32.0000,4096,240.5000,5,47.3022,3902,1
11427,31.9802,32.0000,4096,240.5000,5,47.3022,3903,1
11428,31.9802,32.0000,4096,240.5000,5,47.3022,3904,1
11429,31.9802,32.0000,4096,240.5000,5,47.3022,3905,1
11430,31.9802,32.0000,4096,240.5000,5,47.3022,3905,1
11431,31.9802,32.0000,4096,240.5000,5,47.3022,3906,1
11432,31.9802,32.0000,4096,240.5000,5,47.3022,3906,1
11433,31.9802,32.0000,4096,240.5000,5,47.3022,3906,1
11434,31.9802,32.0000,4096,240.5000,5,47.3022,3906,1
11435,31.9802,32.0000,4096,240.5000,5,47.3022,3906,1
11436,31.9802,32.0000,4096,240.5000,5,47.3022,3906,1
11437,31.9802,32.0000,4096,240.5000,5,47.3022,3907,1
11438,31.9802,32.0000,4096,240.5000,5,47.3022,3907,1
11439,31.9802,32.0000,4096,240.5000,5,47.3022,3908,1
11440,31.9802,32.0000,4096,240.5000,5,47.3022,3908,1
11441,31.9802,32.0000,4096,240.5000,5,47.3022,3908,1
11442,31.9802,32.0000,4096,240.5000,5,47.3022,3909,1
11443,31.9802,32.0000,4096,240.5000,5,47.3022,3909,1
11444,31.9802,32.0000,4096,240.5000,5,47.3022,3910,1
11445,31.9802,32.0000,4096,240.5000,5,47.3022,3910,1
11446,31.9802,32.0000,4096,240.5000,5,47.3022,3910,1
11447,31.9802,32.0000,4096,240.5000,5,47.3022,3910,1
11448,31.9802,32.0000,4096,240.5000,5,47.3022,3910,1
11449,31.9802,32.0000,4096,240.5000,5,47.3022,3911,1
11450,31.9802,32.0000,4096,240.5000,5,47.3022,3911,1
11451,31.9802,32.0000,4096,240.5000,5,47.3022,3912,1
11452,31.9802,32.0000,4096,240.5000,5,47.3022,3913,1
11453,31.9802,32.0000,4096,240.5000,5,47.3022,3914,1
11454,31.9802,32.0000,4096,240.5000,5,47.3022,3914,1
11455,31.9802,32.0000,4096,240.5000,5,47.3022,3914,1
11456,31.9802,32.0000,4096,240.5000,5,47.3022,3914,1
11457,31.9802,32.0000,4096,240.5000,5,47.3022,3914,1
11458,31.9802,32.0000,4096,240.5000,5,47.3022,3914,1
11459,31.9802,32.0000,4096,240.5000,5,47.3022,3914,1
11460,31.9802,32.0000,4096,240.5000,5,47.3022,3914,1
11461,31.9802,32.0000,4096,240.5000,5,47.3022,3914,1
11462,31.9802,32.0000,4096,240.5000,5,47.3022,3914,1
11463,31.9802,32.0000,4096,240.5000,5,47.3022,3914,1
11464,31.9802,32.0000,4096,240.5000,5,47.3022,3915,1
11465,31.9802,32.0000,4096,240.5000,5,47.3022,3915,1
11466,31.9802,32.0000,4096,240.5000,5,47.3022,3915,1
11467,31.9802,32.0000,4096,240.5000,5,47.3022,3915,1
11468,31.9802,32.0000,4096,240.5000,5,47.3022,3915,1
11469,31.9802,32.0000,4096,240.5000,5,47.3022,3915,1
11470,31.9802,32.0000,4096,240.5000,5,47.3022,3915,1
11471,31.9802,32.0000,4096,240.5000,5,47.3022,3915,1
11472,31.9802,32.0000,4096,240.5000,5,47.3022,3915,1
11473,31.9802,32.0000,4096,240.5000,5,47.3022,3915,1
11474,31.9802,32.0000,4096,240.5000,5,47.3022,3915,1
11475,31.9802,32.0000,4096,240.5000,5,47.3022,3915,1
11476,31.9802,32.0000,4096,240.5000,5,47.3022,3916,1
11477,31.9802,32.0000,4096,240.5000,5,47.3022,3916,1
11478,31.9802,32.0000,4096,240.5000,5,47.3022,3917,1
11479,31.9802,32.0000,4096,240.5000,5,47.3022,3917,1
11480,31.9802,32.0000,4096,240.5000,5,47.3022,3918,1
11481,31.9802,32.0000,4096,240.5000,5,47.3022,3918,1
11482,31.9802,32.0000,4096,240.5000,5,47.3022,3918,1
11483,31.9802,32.0000,4096,240.5000,5,47.3022,3918,1
11484,31.9802,32.0000,4096,240.5000,5,47.3022,3918,1
11485,31.9802,32.0000,4096,240.5000,5,47.3022,3918,1
11486,31.9802,32.0000,4096,240.5000,5,47.3022,3918,1
11487,31.9802,32.0000,4096,240.5000,5,47.3022,3918,1
11488,31.9802,32.0000,4096,240.5000,5,47.3022,3918,1
11489,31.9802,32.0000,4096,240.5000,5,47.3022,3918,1
11490,31.9802,32.0000,4096,240.5000,5,47.3022,3918,1
11491,31.9802,32.0000,4096,240.5000,5,47.3022,3918,1
11492,31.9802,32.0000,4096,240.5000,5,47.3022,3918,1
11493,31.9802,32.0000,4096,240.5000,5,47.3022,3919,1
11494,31.9802,32.0000,4096,240.5000,5,47.3022,3919,1
11495,31.9802,32.0000,4096,240.5000,5,47.3022,3919,1
11496,31.9802,32.0000,4096,240.5000,5,47.3022,3919,1
11497,31.9802,32.0000,4096,240.5000,5,47.3022,3919,1
11498,31.9802,32.0000,4096,240.5000,5,47.3022,3920,1
11499,31.9802,32.0000,4096,240.5000,5,47.3022,3921,1
11500,31.9802,32.0000,4096,240.5000,5,47.3022,3921,1
11501,31.9802,32.0000,4096,240.5000,5,47.3022,3921,1
11502,31.9802,32.0000,4096,240.5000,5,47.3022,3922,1
11503,31.9802,32.0000,4096,240.5000,5,47.3022,3922,1
11504,31.9802,32.0000,4096,240.5000,5,47.3022,3923,1
11505,31.9802,32.0000,4096,240.5000,5,47.3022,3923,1
11506,31.9802,32.0000,4096,240.5000,5,47.3022,3923,1
11507,31.9802,32.0000,4096,240.5000,5,47.3022,3923,1
11508,31.9802,32.0000,4096,240.5000,5,47.3022,3924,1
11509,31.9802,32.0000,4096,240.5000,5,47.3022,3924,1
11510,31.9802,32.0000,4096,240.5000,5,47.3022,3925,1
11511,31.9802,32.0000,4096,240.5000,5,47.3022,3925,1
11512,31.9802,32.0000,4096,240.5000,5,47.3022,3925,1
11513,31.9802,32.0000,4096,240.5000,5,47.3022,3926,1
11514,31.9802,32.0000,4096,240.5000,5,47.3022,3926,1
11515,31.9802,32.0000,4096,240.5000,5,47.3022,3926,1
11516,31.9802,32.0000,4096,240.5000,5,47.3022,3927,1
11517,31.9802,32.0000,4096,240.5000,5,47.3022,3927,1
11518,31.9802,32.0000,4096,240.5000,5,47.3022,3927,1
11519,31.9802,32.0000,4096,240.5000,5,47.3022,3927,1
11520,31.9802,32.0000,4096,240.5000,5,47.3022,3927,1
11521,31.9802,32.0000,4096,240.5000,5,47.3022,3927,1
11522,31.9802,32.0000,4096,240.5000,5,47.3022,3927,1
11523,31.9802,32.0000,4096,240.5000,5,47.3022,3928,1
11524,31.9802,32.0000,4096,240.5000,5,47.3022,3928,1
11525,31.9802,32.0000,4096,240.5000,5,47.3022,3928,1
11526,31.9802,32.0000,4096,240.5000,5,47.3022,3929,1
11527,31.9802,32.0000,4096,240.5000,5,47.3022,3929,1
11528,31.9802,32.0000,4096,240.5000,5,47.3022,3929,1
11529,31.9802,32.0000,4096,240.5000,5,47.3022,3929,1
11530,31.9802,32.0000,4096,240.5000,5,47.3022,3929,1
11531,31.9802,32.0000,4096,240.5000,5,47.3022,3929,1
11532,31.9802,32.0000,4096,240.5000,5,47.3022,3929,1
11533,31.9802,32.0000,4096,240.5000,5,47.3022,3930,1
11534,31.9802,32.0000,4096,240.5000,5,47.3022,3930,1
11535,31.9802,32.0000,4096,240.5000,5,47.3022,3930,1
11536,31.9802,32.0000,4096,240.5000,5,47.3022,3930,1
11537,31.9802,32.0000,4096,240.5000,5,47.3022,3930,1
11538,31.9802,32.0000,4096,240.5000,5,47.3022,3931,1
11539,31.9802,32.0000,4096,240.5000,5,47.3022,3931,1
11540,31.9802,32.0000,4096,240.5000,5,47.3022,3932,1
11541,31.9802,32.0000,4096,240.5000,5,47.3022,3933,1
11542,31.9802,32.0000,4096,240.5000,5,47.3022,3933,1
11543,31.9802,32.0000,4096,240.5000,5,47.3022,3933,1
11544,31.9802,32.0000,4096,240.5000,5,47.3022,3933,1
11545,31.9802,32.0000,4096,240.5000,5,47.3022,3934,1
11546,31.9802,32.0000,4096,240.5000,5,47.3022,3934,1
11547,31.9802,32.0000,4096,240.5000,5,47.3022,3934,1
11548,31.9802,32.0000,4096,240.5000,5,47.3022,3934,1
11549,31.9802,32.0000,4096,240.5000,5,47.3022,3935,1
11550,31.9802,32.0000,4096,240.5000,5,47.3022,3935,1
11551,31.9802,32.0000,4096,240.5000,5,47.3022,3936,1
11552,31.9802,32.0000,4096,240.5000,5,47.3022,3936,1
11553,31.9802,32.0000,4096,240.5000,5,47.3022,3937,1
11554,31.9802,32.0000,4096,240.5000,5,47.3022,3938,1
11555,31.9802,32.0000,4096,240.5000,5,47.3022,3938,1
11556,31.9802,32.0000,4096,240.5000,5,47.3022,3939,1
11557,31.9802,32.0000,4096,240.5000,5,47.3022,3940,1
11558,31.9802,32.0000,4096,240.5000,5,47.3022,3940,1
11559,31.9802,32.0000,4096,240.5000,5,47.3022,3940,1
11560,31.9802,32.0000,4096,240.5000,5,47.3022,3940,1
11561,31.9802,32.0000,4096,240.5000,5,47.3022,3940,1
11562,31.9802,32.0000,4096,240.5000,5,47.3022,3940,1
11563,31.9802,32.0000,4096,240.5000,5,47.3022,3940,1
11564,31.9802,32.0000,4096,240.5000,5,47.3022,3940,1
11565,31.9802,32.0000,4096,240.5000,5,47.3022,3940,1
11566,31.9802,32.0000,4096,240.5000,5,47.3022,3940,1
11567,31.9802,32.0000,4096,240.5000,5,47.3022,3941,1
11568,31.9802,32.0000,4096,240.5000,5,47.3022,3941,1
11569,31.9802,32.0000,4096,240.5000,5,47.3022,3941,1
11570,31.9802,32.0000,4096,240.5000,5,47.3022,3941,1
11571,31.9802,32.0000,4096,240.5000,5,47.3022,3941,1
11572,31.9802,32.0000,4096,240.5000,5,47.3022,3941,1
11573,31.9802,32.0000,4096,240.5000,5,47.3022,3941,1
11574,31.9802,32.0000,4096,240.5000,5,47.3022,3941,1
11575,31.9802,32.0000,4096,240.5000,5,47.3022,3941,1
11576,31.9802,32.0000,4096,240.5000,5,47.3022,3941,1
11577,31.9802,32.0000,4096,240.5000,5,47.3022,3941,1
11578,31.9802,32.0000,4096,240.5000,5,47.3022,3942,1
11579,31.9802,32.0000,4096,240.5000,5,47.3022,3943,1
11580,31.9802,32.0000,4096,240.5000,5,47.3022,3944,1
11581,31.9802,32.0000,4096,240.5000,5,47.3022,3945,1
11582,31.9802,32.0000,4096,240.5000,5,47.3022,3945,1
11583,31.9802,32.0000,4096,240.5000,5,47.3022,3945,1
11584,31.9802,32.0000,4096,240.5000,5,47.3022,3946,1
11585,31.9802,32.0000,4096,240.5000,5,47.3022,3946,1
11586,31.9802,32.0000,4096,240.5000,5,47.3022,3946,1
11587,31.9802,32.0000,4096,240.5000,5,47.3022,3946,1
11588,31.9802,32.0000,4096,240.5000,5,47.3022,3946,1
11589,31.9802,32.0000,4096,240.5000,5,47.3022,3947,1
11590,31.9802,32.0000,4096,240.5000,5,47.3022,3947,1
11591,31.9802,32.0000,4096,240.5000,5,47.3022,3947,1
11592,31.9802,32.0000,4096,240.5000,5,47.3022,3947,1
11593,31.9802,32.0000,4096,240.5000,5,47.3022,3947,1
11594,31.9802,32.0000,4096,240.5000,5,47.3022,3948,1
11595,31.9802,32.0000,4096,240.5000,5,47.3022,3948,1
11596,31.9802,32.0000,4096,240.5000,5,47.3022,3948,1
11597,31.9802,32.0000,4096,240.5000,5,47.3022,3948,1
11598,31.9802,32.0000,4096,240.5000,5,47.3022,3949,1
11599,31.9802,32.0000,4096,240.5000,5,47.3022,3949,1
11600,31.9802,32.0000,4096,240.5000,5,47.3022,3950,1
11601,31.9802,32.0000,4096,240.5000,5,47.3022,3951,1
11602,31.9802,32.0000,4096,240.5000,5,47.3022,3951,1
11603,31.9802,32.0000,4096,240.5000,5,47.3022,3952,1
11604,31.9802,32.0000,4096,240.5000,5,47.3022,3953,1
11605,31.9802,32.0000,4096,240.5000,5,47.3022,3953,1
11606,31.9802,32.0000,4096,240.5000,5,47.3022,3953,1
11607,31.9802,32.0000,4096,240.5000,5,47.3022,3953,1
11608,31.9802,32.0000,4096,240.5000,5,47.3022,3953,1
11609,31.9802,32.0000,4096,240.5000,5,47.3022,3953,1
11610,31.9802,32.0000,4096,240.5000,5,47.3022,3953,1
11611,31.9802,32.0000,4096,240.5000,5,47.3022,3953,1
11612,31.9802,32.0000,4096,240.5000,5,47.3022,3954,1
11613,31.9802,32.0000,4096,240.5000,5,47.3022,3954,1
11614,31.9802,32.0000,4096,240.5000,5,47.3022,3954,1
11615,31.9802,32.0000,4096,240.5000,5,47.3022,3954,1
11616,31.9802,32.0000,4096,240.5000,5,47.3022,3954,1
11617,31.9802,32.0000,4096,240.5000,5,47.3022,3955,1
11618,31.9802,32.0000,4096,240.5000,5,47.3022,3955,1
11619,31.9802,32.0000,4096,240.5000,5,47.3022,3955,1
11620,31.9802,32.0000,4096,240.5000,5,47.3022,3955,1
11621,31.9802,32.0000,4096,240.5000,5,47.3022,3955,1
11622,31.9802,32.0000,4096,240.5000,5,47.3022,3955,1
11623,31.9802,32.0000,4096,240.5000,5,47.3022,3955,1
11624,31.9802,32.0000,4096,240.5000,5,47.3022,3955,1
11625,31.9802,32.0000,4096,240.5000,5,47.3022,3956,1
11626,31.9802,32.0000,4096,240.5000,5,47.3022,3956,1
11627,31.9802,32.0000,4096,240.5000,5,47.3022,3956,1
11628,31.9802,32.0000,4096,240.5000,5,47.3022,3956,1
11629,31.9802,32.0000,4096,240.5000,5,47.3022,3956,1
11630,31.9802,32.0000,4096,240.5000,5,47.3022,3956,1
11631,31.9802,32.0000,4096,240.5000,5,47.3022,3957,1
11632,31.9802,32.0000,4096,240.5000,5,47.3022,3957,1
11633,31.9802,32.0000,4096,240.5000,5,47.3022,3957,1
11634,31.9802,32.0000,4096,240.5000,5,47.3022,3958,1
11635,31.9802,32.0000,4096,240.5000,5,47.3022,3958,1
11636,31.9802,32.0000,4096,240.5000,5,47.3022,3959,1
11637,31.9802,32.0000,4096,240.5000,5,47.3022,3959,1
11638,31.9802,32.0000,4096,240.5000,5,47.3022,3959,1
11639,31.9802,32.0000,4096,240.5000,5,47.3022,3959,1
11640,31.9802,32.0000,4096,240.5000,5,47.3022,3959,1
11641,31.9802,32.0000,4096,240.5000,5,47.3022,3959,1
11642,31.9802,32.0000,4096,240.5000,5,47.3022,3959,1
11643,31.9802,32.0000,4096,240.5000,5,47.3022,3959,1
11644,31.9802,32.0000,4096,240.5000,5,47.3022,3960,1
11645,31.9802,32.0000,4096,240.5000,5,47.3022,3960,1
11646,31.9802,32.0000,4096,240.5000,5,47.3022,3961,1
11647,31.9802,32.0000,4096,240.5000,5,47.3022,3962,1
11648,31.9802,32.0000,4096,240.5000,5,47.3022,3962,1
11649,31.9802,32.0000,4096,240.5000,5,47.3022,3962,1
11650,31.9802,32.0000,4096,240.5000,5,47.3022,3962,1
11651,31.9802,32.0000,4096,240.5000,5,47.3022,3963,1
11652,31.9802,32.0000,4096,240.5000,5,47.3022,3963,1
11653,31.9802,32.0000,4096,240.5000,5,47.3022,3963,1
11654,31.9802,32.0000,4096,240.5000,5,47.3022,3963,1
11655,31.9802,32.0000,4096,240.5000,5,47.3022,3963,1
11656,31.9802,32.0000,4096,240.5000,5,47.3022,3964,1
11657,31.9802,32.0000,4096,240.5000,5,47.3022,3964,1
11658,31.9802,32.0000,4096,240.5000,5,47.3022,3964,1
11659,31.9802,32.0000,4096,240.5000,5,47.3022,3964,1
11660,31.9802,32.0000,4096,240.5000,5,47.3022,3964,1
11661,31.9802,32.0000,4096,240.5000,5,47.3022,3964,1
11662,31.9802,32.0000,4096,240.5000,5,47.3022,3964,1
11663,31.9802,32.0000,4096,240.5000,5,47.3022,3964,1
11664,31.9802,32.0000,4096,240.5000,5,47.3022,3964,1
11665,31.9802,32.0000,4096,240.5000,5,47.3022,3964,1
11666,31.9802,32.0000,4096,240.5000,5,47.3022,3964,1
11667,31.9802,32.0000,4096,240.5000,5,47.3022,3964,1
11668,31.9802,32.0000,4096,240.5000,5,47.3022,3964,1
11669,31.9802,32.0000,4096,240.5000,5,47.3022,3964,1
11670,31.9802,32.0000,4096,240.5000,5,47.3022,3965,1
11671,31.9802,32.0000,4096,240.5000,5,47.3022,3965,1
11672,31.9802,32.0000,4096,240.5000,5,47.3022,3966,1
11673,31.9802,32.0000,4096,240.5000,5,47.3022,3966,1
11674,31.9802,32.0000,4096,240.5000,5,47.3022,3966,1
11675,31.9802,32.0000,4096,240.5000,5,47.3022,3966,1
11676,31.9802,32.0000,4096,240.5000,5,47.3022,3966,1
11677,31.9802,32.0000,4096,240.5000,5,47.3022,3966,1
11678,31.9802,32.0000,4096,240.5000,5,47.3022,3966,1
11679,31.9802,32.0000,4096,240.5000,5,47.3022,3966,1
11680,31.9802,32.0000,4096,240.5000,5,47.3022,3967,1
11681,31.9802,32.0000,4096,240.5000,5,47.3022,3967,1
11682,31.9802,32.0000,4096,240.5000,5,47.3022,3968,1
11683,31.9802,32.0000,4096,240.5000,5,47.3022,3968,1
11684,31.9802,32.0000,4096,240.5000,5,47.3022,3968,1
11685,31.9802,32.0000,4096,240.5000,5,47.3022,3969,1
11686,31.9802,32.0000,4096,240.5000,5,47.3022,3970,1
11687,31.9802,32.0000,4096,240.5000,5,47.3022,3970,1
11688,31.9802,32.0000,4096,240.5000,5,47.3022,3971,1
11689,31.9802,32.0000,4096,240.5000,5,47.3022,3971,1
11690,31.9802,32.0000,4096,240.5000,5,47.3022,3971,1
11691,31.9802,32.0000,4096,240.5000,5,47.3022,3971,1
11692,31.9802,32.0000,4096,240.5000,5,47.3022,3971,1
11693,31.9802,32.0000,4096,240.5000,5,47.3022,3971,1
11694,31.9802,32.0000,4096,240.5000,5,47.3022,3971,1
11695,31.9802,32.0000,4096,240.5000,5,47.3022,3971,1
11696,31.9802,32.0000,4096,240.5000,5,47.3022,3972,1
11697,31.9802,32.0000,4096,240.5000,5,47.3022,3972,1
11698,31.9802,32.0000,4096,240.5000,5,47.3022,3973,1
11699,31.9802,32.0000,4096,240.5000,5,47.3022,3974,1
11700,31.9802,32.0000,4096,240.5000,5,47.3022,3975,1
11701,31.9802,32.0000,4096,240.5000,5,47.3022,3975,1
11702,31.9802,32.0000,4096,240.5000,5,47.3022,3975,1
11703,31.9802,32.0000,4096,240.5000,5,47.3022,3975,1
11704,31.9802,32.0000,4096,240.5000,5,47.3022,3975,1
11705,31.9802,32.0000,4096,240.5000,5,47.3022,3975,1
11706,31.9802,32.0000,4096,240.5000,5,47.3022,3975,1
11707,31.9802,32.0000,4096,240.5000,5,47.3022,3975,1
11708,31.9802,32.0000,4096,240.5000,5,47.3022,3975,1
11709,31.9802,32.0000,4096,240.5000,5,47.3022,3975,1
11710,31.9802,32.0000,4096,240.5000,5,47.3022,3975,1
11711,31.9802,32.0000,4096,240.5000,5,47.3022,3975,1
11712,31.9802,32.0000,4096,240.5000,5,47.3022,3975,1
11713,31.9802,32.0000,4096,240.5000,5,47.3022,3975,1
11714,31.9802,32.0000,4096,240.5000,5,47.3022,3975,1
11715,31.9802,32.0000,4096,240.5000,5,47.3022,3976,1
11716,31.9802,32.0000,4096,240.5000,5,47.3022,3977,1
11717,31.9802,32.0000,4096,240.5000,5,47.3022,3977,1
11718,31.9802,32.0000,4096,240.5000,5,47.3022,3978,1
11719,31.9802,32.0000,4096,240.5000,5,47.3022,3978,1
11720,31.9802,32.0000,4096,240.5000,5,47.3022,3979,1
11721,31.9802,32.0000,4096,240.5000,5,47.3022,3979,1
11722,31.9802,32.0000,4096,240.5000,5,47.3022,3979,1
11723,31.9802,32.0000,4096,240.5000,5,47.3022,3979,1
11724,31.9802,32.0000,4096,240.5000,5,47.3022,3979,1
11725,31.9802,32.0000,4096,240.5000,5,47.3022,3980,1
11726,31.9802,32.0000,4096,240.5000,5,47.3022,3981,1
11727,31.9802,32.0000,4096,240.5000,5,47.3022,3982,1
11728,31.9802,32.0000,4096,240.5000,5,47.3022,3982,1
11729,31.9802,32.0000,4096,240.5000,5,47.3022,3982,1
11730,31.9802,32.0000,4096,240.5000,5,47.3022,3983,1
11731,31.9802,32.0000,4096,240.5000,5,47.3022,3983,1
11732,31.9802,32.0000,4096,240.5000,5,47.3022,3983,1
11733,31.9802,32.0000,4096,240.5000,5,47.3022,3984,1
11734,31.9802,32.0000,4096,240.5000,5,47.3022,3984,1
11735,31.9802,32.0000,4096,240.5000,5,47.3022,3984,1
11736,31.9802,32.0000,4096,240.5000,5,47.3022,3984,1
11737,31.9802,32.0000,4096,240.5000,5,47.3022,3984,1
11738,31.9802,32.0000,4096,240.5000,5,47.3022,3985,1
11739,31.9802,32.0000,4096,240.5000,5,47.3022,3985,1
11740,31.9802,32.0000,4096,240.5000,5,47.3022,3985,1
11741,31.9802,32.0000,4096,240.5000,5,47.3022,3985,1
11742,31.9802,32.0000,4096,240.5000,5,47.3022,3985,1
11743,31.9802,32.0000,4096,240.5000,5,47.3022,3985,1
11744,31.9802,32.0000,4096,240.5000,5,47.3022,3986,1
11745,31.9802,32.0000,4096,240.5000,5,47.3022,3987,1
11746,31.9802,32.0000,4096,240.5000,5,47.3022,3988,1
11747,31.9802,32.0000,4096,240.5000,5,47.3022,3988,1
11748,31.9802,32.0000,4096,240.5000,5,47.3022,3988,1
11749,31.9802,32.0000,4096,240.5000,5,47.3022,3988,1
11750,31.9802,32.0000,4096,240.5000,5,47.3022,3988,1
11751,31.9802,32.0000,4096,240.5000,5,47.3022,3988,1
11752,31.9802,32.0000,4096,240.5000,5,47.3022,3988,1
11753,31.9802,32.0000,4096,240.5000,5,47.3022,3988,1
11754,31.9802,32.0000,4096,240.5000,5,47.3022,3988,1
11755,31.9802,32.0000,4096,240.5000,5,47.3022,3989,1
11756,31.9802,32.0000,4096,240.5000,5,47.3022,3989,1
11757,31.9802,32.0000,4096,240.5000,5,47.3022,3990,1
11758,31.9802,32.0000,4096,240.5000,5,47.3022,3990,1
11759,31.9802,32.0000,4096,240.5000,5,47.3022,3990,1
11760,31.9802,32.0000,4096,240.5000,5,47.3022,3990,1
11761,31.9802,32.0000,4096,240.5000,5,47.3022,3990,1
11762,31.9802,32.0000,4096,240.5000,5,47.3022,3990,1
11763,31.9802,32.0000,4096,240.5000,5,47.3022,3990,1
11764,31.9802,32.0000,4096,240.5000,5,47.3022,3990,1
11765,31.9802,32.0000,4096,240.5000,5,47.3022,3990,1
11766,31.9802,32.0000,4096,240.5000,5,47.3022,3990,1
11767,31.9802,32.0000,4096,240.5000,5,47.3022,3990,1
11768,31.9802,32.0000,4096,240.5000,5,47.3022,3990,1
11769,31.9802,32.0000,4096,240.5000,5,47.3022,3991,1
11770,31.9802,32.0000,4096,240.5000,5,47.3022,3991,1
11771,31.9802,32.0000,4096,240.5000,5,47.3022,3992,1
11772,31.9802,32.0000,4096,240.5000,5,47.3022,3992,1
11773,31.9802,32.0000,4096,240.5000,5,47.3022,3992,1
11774,31.9802,32.0000,4096,240.5000,5,47.3022,3992,1
11775,31.9802,32.0000,4096,240.5000,5,47.3022,3992,1
11776,31.9802,32.0000,4096,240.5000,5,47.3022,3993,1
11777,31.9802,32.0000,4096,240.5000,5,47.3022,3993,1
11778,31.9802,32.0000,4096,240.5000,5,47.3022,3994,1
11779,31.9802,32.0000,4096,240.5000,5,47.3022,3994,1
11780,31.9802,32.0000,4096,240.5000,5,47.3022,3994,1
11781,31.9802,32.0000,4096,240.5000,5,47.3022,3994,1
11782,31.9802,32.0000,4096,240.5000,5,47.3022,3994,1
11783,31.9802,32.0000,4096,240.5000,5,47.3022,3994,1
11784,31.9802,32.0000,4096,240.5000,5,47.3022,3994,1
11785,31.9802,32.0000,4096,240.5000,5,47.3022,3994,1
11786,31.9802,32.0000,4096,240.5000,5,47.3022,3994,1
11787,31.9802,32.0000,4096,240.5000,5,47.3022,3994,1
11788,31.9802,32.0000,4096,240.5000,5,47.3022,3994,1
11789,31.9802,32.0000,4096,240.5000,5,47.3022,3994,1
11790,31.9802,32.0000,4096,240.5000,5,47.3022,3995,1
11791,31.9802,32.0000,4096,240.5000,5,47.3022,3995,1
11792,31.9802,32.0000,4096,240.5000,5,47.3022,3995,1
11793,31.9802,32.0000,4096,240.5000,5,47.3022,3996,1
11794,31.9802,32.0000,4096,240.5000,5,47.3022,3997,1
11795,31.9802,32.0000,4096,240.5000,5,47.3022,3997,1
11796,31.9802,32.0000,4096,240.5000,5,47.3022,3998,1
11797,31.9802,32.0000,4096,240.5000,5,47.3022,3998,1
11798,31.9802,32.0000,4096,240.5000,5,47.3022,3998,1
11799,31.9802,32.0000,4096,240.5000,5,47.3022,3999,1
11800,31.9802,32.0000,4096,240.5000,5,47.3022,4000,1
11801,31.9802,32.0000,4096,240.5000,5,47.3022,4000,1
11802,31.9802,32.0000,4096,240.5000,5,47.3022,4001,1
11803,31.9802,32.0000,4096,240.5000,5,47.3022,4001,1
11804,31.9802,32.0000,4096,240.5000,5,47.3022,4001,1
11805,31.9802,32.0000,4096,240.5000,5,47.3022,4001,1
11806,31.9802,32.0000,4096,240.5000,5,47.3022,4001,1
11807,31.9802,32.0000,4096,240.5000,5,47.3022,4001,1
11808,31.9802,32.0000,4096,240.5000,5,47.3022,4002,1
11809,31.9802,32.0000,4096,240.5000,5,47.3022,4003,1
11810,31.9802,32.0000,4096,240.5000,5,47.3022,4003,1
11811,31.9802,32.0000,4096,240.5000,5,47.3022,4004,1
11812,31.9802,32.0000,4096,240.5000,5,47.3022,4004,1
11813,31.9802,32.0000,4096,240.5000,5,47.3022,4005,1
11814,31.9802,32.0000,4096,240.5000,5,47.3022,4005,1
11815,31.9802,32.0000,4096,240.5000,5,47.3022,4005,1
11816,31.9802,32.0000,4096,240.5000,5,47.3022,4006,1
11817,31.9802,32.0000,4096,240.5000,5,47.3022,4007,1
11818,31.9802,32.0000,4096,240.5000,5,47.3022,4007,1
11819,31.9802,32.0000,4096,240.5000,5,47.3022,4008,1
11820,31.9802,32.0000,4096,240.5000,5,47.3022,4008,1
11821,31.9802,32.0000,4096,240.5000,5,47.3022,4008,1
11822,31.9802,32.0000,4096,240.5000,5,47.3022,4009,1
11823,31.9802,32.0000,4096,240.5000,5,47.3022,4009,1
11824,31.9802,32.0000,4096,240.5000,5,47.3022,4009,1
11825,31.9802,32.0000,4096,240.5000,5,47.3022,4009,1
11826,31.9802,32.0000,4096,240.5000,5,47.3022,4009,1
11827,31.9802,32.0000,4096,240.5000,5,47.3022,4009,1
11828,31.9802,32.0000,4096,240.5000,5,47.3022,4010,1
11829,31.9802,32.0000,4096,240.5000,5,47.3022,4010,1
11830,31.9802,32.0000,4096,240.5000,5,47.3022,4010,1
11831,31.9802,32.0000,4096,240.5000,5,47.3022,4010,1
11832,31.9802,32.0000,4096,240.5000,5,47.3022,4011,1
11833,31.9802,32.0000,4096,240.5000,5,47.3022,4012,1
11834,31.9802,32.0000,4096,240.5000,5,47.3022,4013,1
11835,31.9802,32.0000,4096,240.5000,5,47.3022,4014,1
11836,31.9802,32.0000,4096,240.5000,5,47.3022,4015,1
11837,31.9802,32.0000,4096,240.5000,5,47.3022,4015,1
11838,31.9802,32.0000,4096,240.5000,5,47.3022,4016,1
11839,31.9802,32.0000,4096,240.5000,5,47.3022,4016,1
11840,31.9802,32.0000,4096,240.5000,5,47.3022,4016,1
11841,31.9802,32.0000,4096,240.5000,5,47.3022,4017,1
11842,31.9802,32.0000,4096,240.5000,5,47.3022,4017,1
11843,31.9802,32.0000,4096,240.5000,5,47.3022,4017,1
11844,31.9802,32.0000,4096,240.5000,5,47.3022,4017,1
11845,31.9802,32.0000,4096,240.5000,5,47.3022,4017,1
11846,31.9802,32.0000,4096,240.5000,5,47.3022,4017,1
11847,31.9802,32.0000,4096,240.5000,5,47.3022,4018,1
11848,31.9802,32.0000,4096,240.5000,5,47.3022,4018,1
11849,31.9802,32.0000,4096,240.5000,5,47.3022,4019,1
11850,31.9802,32.0000,4096,240.5000,5,47.3022,4019,1
11851,31.9802,32.0000,4096,240.5000,5,47.3022,4019,1
11852,31.9802,32.0000,4096,240.5000,5,47.3022,4020,1
11853,31.9802,32.0000,4096,240.5000,5,47.3022,4020,1
11854,31.9802,32.0000,4096,240.5000,5,47.3022,4020,1
11855,31.9802,32.0000,4096,240.5000,5,47.3022,4020,1
11856,31.9802,32.0000,4096,240.5000,5,47.3022,4020,1
11857,31.9802,32.0000,4096,240.5000,5,47.3022,4020,1
11858,31.9802,32.0000,4096,240.5000,5,47.3022,4020,1
11859,31.9802,32.0000,4096,240.5000,5,47.3022,4020,1
11860,31.9802,32.0000,4096,240.5000,5,47.3022,4020,1
11861,31.9802,32.0000,4096,240.5000,5,47.3022,4020,1
11862,31.9802,32.0000,4096,240.5000,5,47.3022,4021,1
11863,31.9802,32.0000,4096,240.5000,5,47.3022,4022,1
11864,31.9802,32.0000,4096,240.5000,5,47.3022,4022,1
11865,31.9802,32.0000,4096,240.5000,5,47.3022,4023,1
11866,31.9802,32.0000,4096,240.5000,5,47.3022,4023,1
11867,31.9802,32.0000,4096,240.5000,5,47.3022,4024,1
11868,31.9802,32.0000,4096,240.5000,5,47.3022,4024,1
11869,31.9802,32.0000,4096,240.5000,5,47.3022,4024,1
11870,31.9802,32.0000,4096,240.5000,5,47.3022,4025,1
11871,31.9802,32.0000,4096,240.5000,5,47.3022,4025,1
11872,31.9802,32.0000,4096,240.5000,5,47.3022,4026,1
11873,31.9802,32.0000,4096,240.5000,5,47.3022,4027,1
11874,31.9802,32.0000,4096,240.5000,5,47.3022,4027,1
11875,31.9802,32.0000,4096,240.5000,5,47.3022,4027,1
11876,31.9802,32.0000,4096,240.5000,5,47.3022,4027,1
11877,31.9802,32.0000,4096,240.5000,5,47.3022,4027,1
11878,31.9802,32.0000,4096,240.5000,5,47.3022,4027,1
11879,31.9802,32.0000,4096,240.5000,5,47.3022,4027,1
11880,31.9802,32.0000,4096,240.5000,5,47.3022,4027,1
11881,31.9802,32.0000,4096,240.5000,5,47.3022,4028,1
11882,31.9802,32.0000,4096,240.5000,5,47.3022,4028,1
11883,31.9802,32.0000,4096,240.5000,5,47.3022,4028,1
11884,31.9802,32.0000,4096,240.5000,5,47.3022,4028,1
11885,31.9802,32.0000,4096,240.5000,5,47.3022,4028,1
11886,31.9802,32.0000,4096,240.5000,5,47.3022,4028,1
11887,31.9802,32.0000,4096,240.5000,5,47.3022,4028,1
11888,31.9802,32.0000,4096,240.5000,5,47.3022,4029,1
11889,31.9802,32.0000,4096,240.5000,5,47.3022,4029,1
11890,31.9802,32.0000,4096,240.5000,5,47.3022,4030,1
11891,31.9802,32.0000,4096,240.5000,5,47.3022,4030,1
11892,31.9802,32.0000,4096,240.5000,5,47.3022,4031,1
11893,31.9802,32.0000,4096,240.5000,5,47.3022,4031,1
11894,31.9802,32.0000,4096,240.5000,5,47.3022,4032,1
11895,31.9802,32.0000,4096,240.5000,5,47.3022,4033,1
11896,31.9802,32.0000,4096,240.5000,5,47.3022,4033,1
11897,31.9802,32.0000,4096,240.5000,5,47.3022,4034,1
11898,31.9802,32.0000,4096,240.5000,5,47.3022,4034,1
11899,31.9802,32.0000,4096,240.5000,5,47.3022,4034,1
11900,31.9802,32.0000,4096,240.5000,5,47.3022,4035,1
11901,31.9802,32.0000,4096,240.5000,5,47.3022,4035,1
11902,31.9802,32.0000,4096,240.5000,5,47.3022,4035,1
11903,31.9802,32.0000,4096,240.5000,5,47.3022,4035,1
11904,31.9802,32.0000,4096,240.5000,5,47.3022,4035,1
11905,31.9802,32.0000,4096,240.5000,5,47.3022,4035,1
11906,31.9802,32.0000,4096,240.5000,5,47.3022,4035,1
11907,31.9802,32.0000,4096,240.5000,5,47.3022,4035,1
11908,31.9802,32.0000,4096,240.5000,5,47.3022,4035,1
11909,31.9802,32.0000,4096,240.5000,5,47.3022,4035,1
11910,31.9802,32.0000,4096,240.5000,5,47.3022,4035,1
11911,31.9802,32.0000,4096,240.5000,5,47.3022,4035,1
11912,31.9802,32.0000,4096,240.5000,5,47.3022,4035,1
11913,31.9802,32.0000,4096,240.5000,5,47.3022,4036,1
11914,31.9802,32.0000,4096,240.5000,5,47.3022,4037,1
11915,31.9802,32.0000,4096,240.5000,5,47.3022,4037,1
11916,31.9802,32.0000,4096,240.5000,5,47.3022,4038,1
11917,31.9802,32.0000,4096,240.5000,5,47.3022,4038,1
11918,31.9802,32.0000,4096,240.5000,5,47.3022,4038,1
11919,31.9802,32.0000,4096,240.5000,5,47.3022,4038,1
11920,31.9802,32.0000,4096,240.5000,5,47.3022,4038,1
11921,31.9802,32.0000,4096,240.5000,5,47.3022,4039,1
11922,31.9802,32.0000,4096,240.5000,5,47.3022,4039,1
11923,31.9802,32.0000,4096,240.5000,5,47.3022,4039,1
11924,31.9802,32.0000,4096,240.5000,5,47.3022,4039,1
11925,31.9802,32.0000,4096,240.5000,5,47.3022,4040,1
11926,31.9802,32.0000,4096,240.5000,5,47.3022,4040,1
11927,31.9802,32.0000,4096,240.5000,5,47.3022,4040,1
11928,31.9802,32.0000,4096,240.5000,5,47.3022,4040,1
11929,31.9802,32.0000,4096,240.5000,5,47.3022,4040,1
11930,31.9802,32.0000,4096,240.5000,5,47.3022,4040,1
11931,31.9802,32.0000,4096,240.5000,5,47.3022,4041,1
11932,31.9802,32.0000,4096,240.5000,5,47.3022,4041,1
11933,31.9802,32.0000,4096,240.5000,5,47.3022,4041,1
11934,31.9802,32.0000,4096,240.5000,5,47.3022,4042,1
11935,31.9802,32.0000,4096,240.5000,5,47.3022,4043,1
11936,31.9802,32.0000,4096,240.5000,5,47.3022,4043,1
11937,31.9802,32.0000,4096,240.5000,5,47.3022,4043,1
11938,31.9802,32.0000,4096,240.5000,5,47.3022,4044,1
11939,31.9802,32.0000,4096,240.5000,5,47.3022,4044,1
11940,31.9802,32.0000,4096,240.5000,5,47.3022,4044,1
11941,31.9802,32.0000,4096,240.5000,5,47.3022,4045,1
11942,31.9802,32.0000,4096,240.5000,5,47.3022,4045,1
11943,31.9802,32.0000,4096,240.5000,5,47.3022,4046,1
11944,31.9802,32.0000,4096,240.5000,5,47.3022,4046,1
11945,31.9802,32.0000,4096,240.5000,5,47.3022,4046,1
11946,31.9802,32.0000,4096,240.5000,5,47.3022,4046,1
11947,31.9802,32.0000,4096,240.5000,5,47.3022,4046,1
11948,31.9802,32.0000,4096,240.5000,5,47.3022,4046,1
11949,31.9802,32.0000,4096,240.5000,5,47.3022,4046,1
11950,31.9802,32.0000,4096,240.5000,5,47.3022,4047,1
11951,31.9802,32.0000,4096,240.5000,5,47.3022,4047,1
11952,31.9802,32.0000,4096,240.5000,5,47.3022,4048,1
11953,31.9802,32.0000,4096,240.5000,5,47.3022,4048,1
11954,31.9802,32.0000,4096,240.5000,5,47.3022,4048,1
11955,31.9802,32.0000,4096,240.5000,5,47.3022,4048,1
11956,31.9802,32.0000,4096,240.5000,5,47.3022,4048,1
11957,31.9802,32.0000,4096,240.5000,5,47.3022,4048,1
11958,31.9802,32.0000,4096,240.5000,5,47.3022,4049,1
11959,31.9802,32.0000,4096,240.5000,5,47.3022,4050,1
11960,31.9802,32.0000,4096,240.5000,5,47.3022,4050,1
11961,31.9802,32.0000,4096,240.5000,5,47.3022,4050,1
11962,31.9802,32.0000,4096,240.5000,5,47.3022,4050,1
11963,31.9802,32.0000,4096,240.5000,5,47.3022,4050,1
11964,31.9802,32.0000,4096,240.5000,5,47.3022,4051,1
11965,31.9802,32.0000,4096,240.5000,5,47.3022,4051,1
11966,31.9802,32.0000,4096,240.5000,5,47.3022,4052,1
11967,31.9802,32.0000,4096,240.5000,5,47.3022,4053,1
11968,31.9802,32.0000,4096,240.5000,5,47.3022,4053,1
11969,31.9802,32.0000,4096,240.5000,5,47.3022,4054,1
11970,31.9802,32.0000,4096,240.5000,5,47.3022,4055,1
11971,31.9802,32.0000,4096,240.5000,5,47.3022,4056,1
11972,31.9802,32.0000,4096,240.5000,5,47.3022,4056,1
11973,31.9802,32.0000,4096,240.5000,5,47.3022,4056,1
11974,31.9802,32.0000,4096,240.5000,5,47.3022,4056,1
11975,31.9802,32.0000,4096,240.5000,5,47.3022,4057,1
11976,31.9802,32.0000,4096,240.5000,5,47.3022,4057,1
11977,31.9802,32.0000,4096,240.5000,5,47.3022,4057,1
11978,31.9802,32.0000,4096,240.5000,5,47.3022,4057,1
11979,31.9802,32.0000,4096,240.5000,5,47.3022,4058,1
11980,31.9802,32.0000,4096,240.5000,5,47.3022,4059,1
11981,31.9802,32.0000,4096,240.5000,5,47.3022,4059,1
11982,31.9802,32.0000,4096,240.5000,5,47.3022,4059,1
11983,31.9802,32.0000,4096,240.5000,5,47.3022,4060,1
11984,31.9802,32.0000,4096,240.5000,5,47.3022,4060,1
11985,31.9802,32.0000,4096,240.5000,5,47.3022,4060,1
11986,31.9802,32.0000,4096,240.5000,5,47.3022,4061,1
11987,31.9802,32.0000,4096,240.5000,5,47.3022,4061,1
11988,31.9802,32.0000,4096,240.5000,5,47.3022,4061,1
11989,31.9802,32.0000,4096,240.5000,5,47.3022,4062,1
11990,31.9802,32.0000,4096,240.5000,5,47.3022,4062,1
11991,31.9802,32.0000,4096,240.5000,5,47.3022,4062,1
11992,31.9802,32.0000,4096,240.5000,5,47.3022,4062,1
11993,31.9802,32.0000,4096,240.5000,5,47.3022,4062,1
11994,31.9802,32.0000,4096,240.5000,5,47.3022,4062,1
11995,31.9802,32.0000,4096,240.5000,5,47.3022,4062,1
11996,31.9802,32.0000,4096,240.5000,5,47.3022,4062,1
11997,31.9802,32.0000,4096,240.5000,5,47.3022,4063,1
11998,31.9802,32.0000,4096,240.5000,5,47.3022,4064,1
11999,31.9802,32.0000,4096,240.5000,5,47.3022,4064,1
12000,31.9802,32.0000,4096,240.5000,5,47.3022,4064,1
12001,31.9802,32.0000,4096,240.5000,5,47.3022,4064,1
12002,31.9802,32.0000,4096,240.5000,5,47.3022,4064,1
12003,31.9802,32.0000,4096,240.5000,5,47.3022,4064,1
12004,31.9802,32.0000,4096,240.5000,5,47.3022,4064,1
12005,31.9802,32.0000,4096,240.5000,5,47.3022,4064,1
12006,31.9802,32.0000,4096,240.5000,5,47.3022,4064,1
12007,31.9802,32.0000,4096,240.5000,5,47.3022,4065,1
12008,31.9802,32.0000,4096,240.5000,5,47.3022,4066,1
12009,31.9802,32.0000,4096,240.5000,5,47.3022,4067,1
12010,31.9802,32.0000,4096,240.5000,5,47.3022,4067,1
12011,31.9802,32.0000,4096,240.5000,5,47.3022,4068,1
12012,31.9802,32.0000,4096,240.5000,5,47.3022,4068,1
12013,31.9802,32.0000,4096,240.5000,5,47.3022,4069,1
12014,31.9802,32.0000,4096,240.5000,5,47.3022,4069,1
12015,31.9802,32.0000,4096,240.5000,5,47.3022,4069,1
12016,31.9802,32.0000,4096,240.5000,5,47.3022,4070,1
12017,31.9802,32.0000,4096,240.5000,5,47.3022,4070,1
12018,31.9802,32.0000,4096,240.5000,5,47.3022,4070,1
12019,31.9802,32.0000,4096,240.5000,5,47.3022,4070,1
12020,31.9802,32.0000,4096,240.5000,5,47.3022,4070,1
12021,31.9802,32.0000,4096,240.5000,5,47.3022,4071,1
12022,31.9802,32.0000,4096,240.5000,5,47.3022,4071,1
12023,31.9802,32.0000,4096,240.5000,5,47.3022,4071,1
12024,31.9802,32.0000,4096,240.5000,5,47.3022,4071,1
12025,31.9802,32.0000,4096,240.5000,5,47.3022,4071,1
12026,31.9802,32.0000,4096,240.5000,5,47.3022,4071,1
12027,31.9802,32.0000,4096,240.5000,5,47.3022,4072,1
12028,31.9802,32.0000,4096,240.5000,5,47.3022,4073,1
12029,31.9802,32.0000,4096,240.5000,5,47.3022,4073,1
12030,31.9802,32.0000,4096,240.5000,5,47.3022,4073,1
12031,31.9802,32.0000,4096,240.5000,5,47.3022,4073,1
12032,31.9802,32.0000,4096,240.5000,5,47.3022,4074,1
12033,31.9802,32.0000,4096,240.5000,5,47.3022,4074,1
12034,31.9802,32.0000,4096,240.5000,5,47.3022,4074,1
12035,31.9802,32.0000,4096,240.5000,5,47.3022,4075,1
12036,31.9802,32.0000,4096,240.5000,5,47.3022,4075,1
12037,31.9802,32.0000,4096,240.5000,5,47.3022,4075,1
12038,31.9802,32.0000,4096,240.5000,5,47.3022,4075,1
12039,31.9802,32.0000,4096,240.5000,5,47.3022,4075,1
12040,31.9802,32.0000,4096,240.5000,5,47.3022,4075,1
12041,31.9802,32.0000,4096,240.5000,5,47.3022,4076,1
12042,31.9802,32.0000,4096,240.5000,5,47.3022,4077,1
12043,31.9802,32.0000,4096,240.5000,5,47.3022,4077,1
12044,31.9802,32.0000,4096,240.5000,5,47.3022,4078,1
12045,31.9802,32.0000,4096,240.5000,5,47.3022,4078,1
12046,31.9802,32.0000,4096,240.5000,5,47.3022,4078,1
12047,31.9802,32.0000,4096,240.5000,5,47.3022,4078,1
12048,31.9802,32.0000,4096,240.5000,5,47.3022,4079,1
12049,31.9802,32.0000,4096,240.5000,5,47.3022,4079,1
12050,31.9802,32.0000,4096,240.5000,5,47.3022,4079,1
12051,31.9802,32.0000,4096,240.5000,5,47.3022,4079,1
12052,31.9802,32.0000,4096,240.5000,5,47.3022,4079,1
12053,31.9802,32.0000,4096,240.5000,5,47.3022,4079,1
12054,31.9802,32.0000,4096,240.5000,5,47.3022,4079,1
12055,31.9802,32.0000,4096,240.5000,5,47.3022,4079,1
12056,31.9802,32.0000,4096,240.5000,5,47.3022,4079,1
12057,31.9802,32.0000,4096,240.5000,5,47.3022,4079,1
12058,31.9802,32.0000,4096,240.5000,5,47.3022,4080,1
12059,31.9802,32.0000,4096,240.5000,5,47.3022,4080,1
12060,31.9802,32.0000,4096,240.5000,5,47.3022,4080,1
12061,31.9802,32.0000,4096,240.5000,5,47.3022,4080,1
12062,31.9802,32.0000,4096,240.5000,5,47.3022,4081,1
12063,31.9802,32.0000,4096,240.5000,5,47.3022,4081,1
12064,31.9802,32.0000,4096,240.5000,5,47.3022,4081,1
12065,31.9802,32.0000,4096,240.5000,5,47.3022,4081,1
12066,31.9802,32.0000,4096,240.5000,5,47.3022,4081,1
12067,31.9802,32.0000,4096,240.5000,5,47.3022,4081,1
12068,31.9802,32.0000,4096,240.5000,5,47.3022,4081,1
12069,31.9802,32.0000,4096,240.5000,5,47.3022,4082,1
12070,31.9802,32.0000,4096,240.5000,5,47.3022,4082,1
12071,31.9802,32.0000,4096,240.5000,5,47.3022,4082,1
12072,31.9802,32.0000,4096,240.5000,5,47.3022,4082,1
12073,31.9802,32.0000,4096,240.5000,5,47.3022,4082,1
12074,31.9802,32.0000,4096,240.5000,5,47.3022,4083,1
12075,31.9802,32.0000,4096,240.5000,5,47.3022,4083,1
12076,31.9802,32.0000,4096,240.5000,5,47.3022,4083,1
12077,31.9802,32.0000,4096,240.5000,5,47.3022,4083,1
12078,31.9802,32.0000,4096,240.5000,5,47.3022,4083,1
12079,31.9802,32.0000,4096,240.5000,5,47.3022,4083,1
12080,31.9802,32.0000,4096,240.5000,5,47.3022,4083,1
12081,31.9802,32.0000,4096,240.5000,5,47.3022,4083,1
12082,31.9802,32.0000,4096,240.5000,5,47.3022,4083,1
12083,31.9802,32.0000,4096,240.5000,5,47.3022,4083,1
12084,31.9802,32.0000,4096,240.5000,5,47.3022,4083,1
12085,31.9802,32.0000,4096,240.5000,5,47.3022,4083,1
12086,31.9802,32.0000,4096,240.5000,5,47.3022,4084,1
12087,31.9802,32.0000,4096,240.5000,5,47.3022,4084,1
12088,31.9802,32.0000,4096,240.5000,5,47.3022,4084,1
12089,31.9802,32.0000,4096,240.5000,5,47.3022,4084,1
12090,31.9802,32.0000,4096,240.5000,5,47.3022,4084,1
12091,31.9802,32.0000,4096,240.5000,5,47.3022,4084,1
12092,31.9802,32.0000,4096,240.5000,5,47.3022,4085,1
12093,31.9802,32.0000,4096,240.5000,5,47.3022,4085,1
12094,31.9802,32.0000,4096,240.5000,5,47.3022,4085,1
12095,31.9802,32.0000,4096,240.5000,5,47.3022,4086,1
12096,31.9802,32.0000,4096,240.5000,5,47.3022,4087,1
12097,31.9802,32.0000,4096,240.5000,5,47.3022,4087,1
12098,31.9802,32.0000,4096,240.5000,5,47.3022,4087,1
12099,31.9802,32.0000,4096,240.5000,5,47.3022,4088,1
12100,31.9802,32.0000,4096,240.5000,5,47.3022,4088,1
12101,31.9802,32.0000,4096,240.5000,5,47.3022,4088,1
12102,31.9802,32.0000,4096,240.5000,5,47.3022,4088,1
12103,31.9802,32.0000,4096,240.5000,5,47.3022,4088,1
12104,31.9802,32.0000,4096,240.5000,5,47.3022,4089,1
12105,31.9802,32.0000,4096,240.5000,5,47.3022,4090,1
12106,31.9802,32.0000,4096,240.5000,5,47.3022,4090,1
12107,31.9802,32.0000,4096,240.5000,5,47.3022,4090,1
12108,31.9802,32.0000,4096,240.5000,5,47.3022,4090,1
12109,31.9802,32.0000,4096,240.5000,5,47.3022,4090,1
12110,31.9802,32.0000,4096,240.5000,5,47.3022,4091,1
12111,31.9802,32.0000,4096,240.5000,5,47.3022,4091,1
12112,31.9802,32.0000,4096,240.5000,5,47.3022,4091,1
12113,31.9802,32.0000,4096,240.5000,5,47.3022,4091,1
12114,31.9802,32.0000,4096,240.5000,5,47.3022,4091,1
12115,31.9802,32.0000,4096,240.5000,5,47.3022,4091,1
12116,31.9802,32.0000,4096,240.5000,5,47.3022,4091,1
12117,31.9802,32.0000,4096,240.5000,5,47.3022,4091,1
12118,31.9802,32.0000,4096,240.5000,5,47.3022,4091,1
12119,31.9802,32.0000,4096,240.5000,5,47.3022,4091,1
12120,31.9802,32.0000,4096,240.5000,5,47.3022,4091,1
12121,31.9802,32.0000,4096,240.5000,5,47.3022,4092,1
12122,31.9802,32.0000,4096,240.5000,5,47.3022,4092,1
12123,31.9802,32.0000,4096,240.5000,5,47.3022,4093,1
12124,31.9802,32.0000,4096,240.5000,5,47.3022,4093,1
12125,31.9802,32.0000,4096,240.5000,5,47.3022,4093,1
12126,31.9802,32.0000,4096,240.5000,5,47.3022,4093,1
12127,31.9802,32.0000,4096,240.5000,5,47.3022,4093,1
12128,31.9802,32.0000,4096,240.5000,5,47.3022,4093,1
12129,31.9802,32.0000,4096,240.5000,5,47.3022,4093,1
12130,31.9802,32.0000,4096,240.5000,5,47.3022,4094,1
12131,31.9802,32.0000,4096,240.5000,5,47.3022,4094,1
12132,31.9802,32.0000,4096,240.5000,5,47.3022,4094,1
12133,31.9802,32.0000,4096,240.5000,5,47.3022,4094,1
12134,31.9802,32.0000,4096,240.5000,5,47.3022,4094,1
12135,31.9802,32.0000,4096,240.5000,5,47.3022,4094,1
12136,31.9802,32.0000,4096,240.5000,5,47.3022,4095,1
12137,31.9802,32.0000,4096,240.5000,5,47.3022,4095,1
12138,31.9802,32.0000,4096,240.5000,5,47.3022,4095,1
12139,31.9802,32.0000,4096,240.5000,5,47.3022,4095,1
12140,31.9802,32.0000,4096,240.5000,5,47.3022,4096,1
12141,31.9802,32.0000,4096,240.5000,5,47.3022,4096,1
12142,31.9802,32.0000,4096,240.5000,5,47.3022,4096,1
12143,31.9802,32.0000,4096,240.5000,5,47.3022,4096,1
12144,31.9802,32.0000,4096,240.5000,5,47.3022,4096,1
12145,31.9802,32.0000,4096,240.5000,5,47.3022,4096,1
12146,31.9802,32.0000,4096,240.5000,5,47.3022,4097,1
12147,31.9802,32.0000,4096,240.5000,5,47.3022,4097,1
12148,31.9802,32.0000,4096,240.5000,5,47.3022,4097,1
12149,31.9802,32.0000,4096,240.5000,5,47.3022,4097,1
12150,31.9802,32.0000,4096,240.5000,5,47.3022,4097,1
12151,31.9802,32.0000,4096,240.5000,5,47.3022,4097,1
12152,31.9802,32.0000,4096,240.5000,5,47.3022,4098,1
12153,31.9802,32.0000,4096,240.5000,5,47.3022,4099,1
12154,31.9802,32.0000,4096,240.5000,5,47.3022,4100,1
12155,31.9802,32.0000,4096,240.5000,5,47.3022,4101,1
12156,31.9802,32.0000,4096,240.5000,5,47.3022,4101,1
12157,31.9802,32.0000,4096,240.5000,5,47.3022,4101,1
12158,31.9802,32.0000,4096,240.5000,5,47.3022,4102,1
12159,31.9802,32.0000,4096,240.5000,5,47.3022,4102,1
12160,31.9802,32.0000,4096,240.5000,5,47.3022,4103,1
12161,31.9802,32.0000,4096,240.5000,5,47.3022,4103,1
12162,31.9802,32.0000,4096,240.5000,5,47.3022,4103,1
12163,31.9802,32.0000,4096,240.5000,5,47.3022,4103,1
12164,31.9802,32.0000,4096,240.5000,5,47.3022,4104,1
12165,31.9802,32.0000,4096,240.5000,5,47.3022,4104,1
12166,31.9802,32.0000,4096,240.5000,5,47.3022,4104,1
12167,31.9802,32.0000,4096,240.5000,5,47.3022,4104,1
12168,31.9802,32.0000,4096,240.5000,5,47.3022,4104,1
12169,31.9802,32.0000,4096,240.5000,5,47.3022,4104,1
12170,31.9802,32.0000,4096,240.5000,5,47.3022,4104,1
12171,31.9802,32.0000,4096,240.5000,5,47.3022,4105,1
12172,31.9802,32.0000,4096,240.5000,5,47.3022,4106,1
12173,31.9802,32.0000,4096,240.5000,5,47.3022,4106,1
12174,31.9802,32.0000,4096,240.5000,5,47.3022,4106,1
12175,31.9802,32.0000,4096,240.5000,5,47.3022,4106,1
12176,31.9802,32.0000,4096,240.5000,5,47.3022,4107,1
12177,31.9802,32.0000,4096,240.5000,5,47.3022,4108,1
12178,31.9802,32.0000,4096,240.5000,5,47.3022,4109,1
12179,31.9802,32.0000,4096,240.5000,5,47.3022,4109,1
12180,31.9802,32.0000,4096,240.5000,5,47.3022,4109,1
12181,31.9802,32.0000,4096,240.5000,5,47.3022,4110,1
12182,31.9802,32.0000,4096,240.5000,5,47.3022,4111,1
12183,31.9802,32.0000,4096,240.5000,5,47.3022,4111,1
12184,31.9802,32.0000,4096,240.5000,5,47.3022,4112,1
12185,31.9802,32.0000,4096,240.5000,5,47.3022,4113,1
12186,31.9802,32.0000,4096,240.5000,5,47.3022,4114,1
12187,31.9802,32.0000,4096,240.5000,5,47.3022,4114,1
12188,31.9802,32.0000,4096,240.5000,5,47.3022,4114,1
12189,31.9802,32.0000,4096,240.5000,5,47.3022,4115,1
12190,31.9802,32.0000,4096,240.5000,5,47.3022,4116,1
12191,31.9802,32.0000,4096,240.5000,5,47.3022,4116,1
12192,31.9802,32.0000,4096,240.5000,5,47.3022,4116,1
12193,31.9802,32.0000,4096,240.5000,5,47.3022,4116,1
12194,31.9802,32.0000,4096,240.5000,5,47.3022,4117,1
12195,31.9802,32.0000,4096,240.5000,5,47.3022,4117,1
12196,31.9802,32.0000,4096,240.5000,5,47.3022,4118,1
12197,31.9802,32.0000,4096,240.5000,5,47.3022,4118,1
12198,31.9802,32.0000,4096,240.5000,5,47.3022,4118,1
12199,31.9802,32.0000,4096,240.5000,5,47.3022,4118,1
12200,31.9802,32.0000,4096,240.5000,5,47.3022,4118,1
12201,31.9802,32.0000,4096,240.5000,5,47.3022,4118,1
12202,31.9802,32.0000,4096,240.5000,5,47.3022,4118,1
12203,31.9802,32.0000,4096,240.5000,5,47.3022,4119,1
12204,31.9802,32.0000,4096,240.5000,5,47.3022,4119,1
12205,31.9802,32.0000,4096,240.5000,5,47.3022,4119,1
12206,31.9802,32.0000,4096,240.5000,5,47.3022,4119,1
12207,31.9802,32.0000,4096,240.5000,5,47.3022,4119,1
12208,31.9802,32.0000,4096,240.5000,5,47.3022,4120,1
12209,31.9802,32.0000,4096,240.5000,5,47.3022,4120,1
12210,31.9802,32.0000,4096,240.5000,5,47.3022,4120,1
12211,31.9802,32.0000,4096,240.5000,5,47.3022,4121,1
12212,31.9802,32.0000,4096,240.5000,5,47.3022,4121,1
12213,31.9802,32.0000,4096,240.5000,5,47.3022,4121,1
12214,31.9802,32.0000,4096,240.5000,5,47.3022,4121,1
12215,31.9802,32.0000,4096,240.5000,5,47.3022,4121,1
12216,31.9802,32.0000,4096,240.5000,5,47.3022,4122,1
12217,31.9802,32.0000,4096,240.5000,5,47.3022,4122,1
12218,31.9802,32.0000,4096,240.5000,5,47.3022,4123,1
12219,31.9802,32.0000,4096,240.5000,5,47.3022,4123,1
12220,31.9802,32.0000,4096,240.5000,5,47.3022,4123,1
12221,31.9802,32.0000,4096,240.5000,5,47.3022,4123,1
12222,31.9802,32.0000,4096,240.5000,5,47.3022,4124,1
12223,31.9802,32.0000,4096,240.5000,5,47.3022,4124,1
12224,31.9802,32.0000,4096,240.5000,5,47.3022,4124,1
12225,31.9802,32.0000,4096,240.5000,5,47.3022,4124,1
12226,31.9802,32.0000,4096,240.5000,5,47.3022,4125,1
12227,31.9802,32.0000,4096,240.5000,5,47.3022,4125,1
12228,31.9802,32.0000,4096,240.5000,5,47.3022,4125,1
12229,31.9802,32.0000,4096,240.5000,5,47.3022,4126,1
12230,31.9802,32.0000,4096,240.5000,5,47.3022,4126,1
12231,31.9802,32.0000,4096,240.5000,5,47.3022,4127,1
12232,31.9802,32.0000,4096,240.5000,5,47.3022,4127,1
12233,31.9802,32.0000,4096,240.5000,5,47.3022,4128,1
12234,31.9802,32.0000,4096,240.5000,5,47.3022,4128,1
12235,31.9802,32.0000,4096,240.5000,5,47.3022,4128,1
12236,31.9802,32.0000,4096,240.5000,5,47.3022,4129,1
12237,31.9802,32.0000,4096,240.5000,5,47.3022,4129,1
12238,31.9802,32.0000,4096,240.5000,5,47.3022,4129,1
12239,31.9802,32.0000,4096,240.5000,5,47.3022,4129,1
12240,31.9802,32.0000,4096,240.5000,5,47.3022,4129,1
12241,31.9802,32.0000,4096,240.5000,5,47.3022,4129,1
12242,31.9802,32.0000,4096,240.5000,5,47.3022,4130,1
12243,31.9802,32.0000,4096,240.5000,5,47.3022,4130,1
12244,31.9802,32.0000,4096,240.5000,5,47.3022,4130,1
12245,31.9802,32.0000,4096,240.5000,5,47.3022,4130,1
12246,31.9802,32.0000,4096,240.5000,5,47.3022,4131,1
12247,31.9802,32.0000,4096,240.5000,5,47.3022,4131,1
12248,31.9802,32.0000,4096,240.5000,5,47.3022,4131,1
12249,31.9802,32.0000,4096,240.5000,5,47.3022,4131,1
12250,31.9802,32.0000,4096,240.5000,5,47.3022,4132,1
12251,31.9802,32.0000,4096,240.5000,5,47.3022,4132,1
12252,31.9802,32.0000,4096,240.5000,5,47.3022,4133,1
12253,31.9802,32.0000,4096,240.5000,5,47.3022,4133,1
12254,31.9802,32.0000,4096,240.5000,5,47.3022,4134,1
12255,31.9802,32.0000,4096,240.5000,5,47.3022,4134,1
12256,31.9802,32.0000,4096,240.5000,5,47.3022,4135,1
12257,31.9802,32.0000,4096,240.5000,5,47.3022,4135,1
12258,31.9802,32.0000,4096,240.5000,5,47.3022,4135,1
12259,31.9802,32.0000,4096,240.5000,5,47.3022,4136,1
12260,31.9802,32.0000,4096,240.5000,5,47.3022,4136,1
12261,31.9802,32.0000,4096,240.5000,5,47.3022,4137,1
12262,31.9802,32.0000,4096,240.5000,5,47.3022,4138,1
12263,31.9802,32.0000,4096,240.5000,5,47.3022,4138,1
12264,31.9802,32.0000,4096,240.5000,5,47.3022,4138,1
12265,31.9802,32.0000,4096,240.5000,5,47.3022,4138,1
12266,31.9802,32.0000,4096,240.5000,5,47.3022,4138,1
12267,31.9802,32.0000,4096,240.5000,5,47.3022,4138,1
12268,31.9802,32.0000,4096,240.5000,5,47.3022,4139,1
12269,31.9802,32.0000,4096,240.5000,5,47.3022,4139,1
12270,31.9802,32.0000,4096,240.5000,5,47.3022,4139,1
12271,31.9802,32.0000,4096,240.5000,5,47.3022,4139,1
12272,31.9802,32.0000,4096,240.5000,5,47.3022,4140,1
12273,31.9802,32.0000,4096,240.5000,5,47.3022,4141,1
12274,31.9802,32.0000,4096,240.5000,5,47.3022,4142,1
12275,31.9802,32.0000,4096,240.5000,5,47.3022,4142,1
12276,31.9802,32.0000,4096,240.5000,5,47.3022,4143,1
12277,31.9802,32.0000,4096,240.5000,5,47.3022,4144,1
12278,31.9802,32.0000,4096,240.5000,5,47.3022,4144,1
12279,31.9802,32.0000,4096,240.5000,5,47.3022,4144,1
12280,31.9802,32.0000,4096,240.5000,5,47.3022,4145,1
12281,31.9802,32.0000,4096,240.5000,5,47.3022,4146,1
12282,31.9802,32.0000,4096,240.5000,5,47.3022,4147,1
12283,31.9802,32.0000,4096,240.5000,5,47.3022,4148,1
12284,31.9802,32.0000,4096,240.5000,5,47.3022,4148,1
12285,31.9802,32.0000,4096,240.5000,5,47.3022,4148,1
12286,31.9802,32.0000,4096,240.5000,5,47.3022,4148,1
12287,31.9802,32.0000,4096,240.5000,5,47.3022,4148,1
12288,31.9802,32.0000,4096,240.5000,5,47.3022,4148,1
12289,31.9802,32.0000,4096,240.5000,5,47.3022,4148,1
12290,31.9802,32.0000,4096,240.5000,5,47.3022,4149,1
12291,31.9802,32.0000,4096,240.5000,5,47.3022,4149,1
12292,31.9802,32.0000,4096,240.5000,5,47.3022,4149,1
12293,31.9802,32.0000,4096,240.5000,5,47.3022,4149,1
12294,31.9802,32.0000,4096,240.5000,5,47.3022,4149,1
12295,31.9802,32.0000,4096,240.5000,5,47.3022,4149,1
12296,31.9802,32.0000,4096,240.5000,5,47.3022,4149,1
12297,31.9802,32.0000,4096,240.5000,5,47.3022,4149,1
12298,31.9802,32.0000,4096,240.5000,5,47.3022,4149,1
12299,31.9802,32.0000,4096,240.5000,5,47.3022,4150,1
12300,31.9802,32.0000,4096,240.5000,5,47.3022,4150,1
12301,31.9802,32.0000,4096,240.5000,5,47.3022,4150,1
12302,31.9802,32.0000,4096,240.5000,5,47.3022,4150,1
12303,31.9802,32.0000,4096,240.5000,5,47.3022,4150,1
12304,31.9802,32.0000,4096,240.5000,5,47.3022,4150,1
12305,31.9802,32.0000,4096,240.5000,5,47.3022,4150,1
12306,31.9802,32.0000,4096,240.5000,5,47.3022,4151,1
12307,31.9802,32.0000,4096,240.5000,5,47.3022,4151,1
12308,31.9802,32.0000,4096,240.5000,5,47.3022,4152,1
12309,31.9802,32.0000,4096,240.5000,5,47.3022,4152,1
12310,31.9802,32.0000,4096,240.5000,5,47.3022,4153,1
12311,31.9802,32.0000,4096,240.5000,5,47.3022,4153,1
12312,31.9802,32.0000,4096,240.5000,5,47.3022,4153,1
12313,31.9802,32.0000,4096,240.5000,5,47.3022,4153,1
12314,31.9802,32.0000,4096,240.5000,5,47.3022,4153,1
12315,31.9802,32.0000,4096,240.5000,5,47.3022,4153,1
12316,31.9802,32.0000,4096,240.5000,5,47.3022,4153,1
12317,31.9802,32.0000,4096,240.5000,5,47.3022,4153,1
12318,31.9802,32.0000,4096,240.5000,5,47.3022,4153,1
12319,31.9802,32.0000,4096,240.5000,5,47.3022,4153,1
12320,31.9802,32.0000,4096,240.5000,5,47.3022,4153,1
12321,31.9802,32.0000,4096,240.5000,5,47.3022,4153,1
12322,31.9802,32.0000,4096,240.5000,5,47.3022,4153,1
12323,31.9802,32.0000,4096,240.5000,5,47.3022,4154,1
12324,31.9802,32.0000,4096,240.5000,5,47.3022,4154,1
12325,31.9802,32.0000,4096,240.5000,5,47.3022,4154,1
12326,31.9802,32.0000,4096,240.5000,5,47.3022,4155,1
12327,31.9802,32.0000,4096,240.5000,5,47.3022,4155,1
12328,31.9802,32.0000,4096,240.5000,5,47.3022,4155,1
12329,31.9802,32.0000,4096,240.5000,5,47.3022,4155,1
12330,31.9802,32.0000,4096,240.5000,5,47.3022,4155,1
12331,31.9802,32.0000,4096,240.5000,5,47.3022,4155,1
12332,31.9802,32.0000,4096,240.5000,5,47.3022,4155,1
12333,31.9802,32.0000,4096,240.5000,5,47.3022,4155,1
12334,31.9802,32.0000,4096,240.5000,5,47.3022,4156,1
12335,31.9802,32.0000,4096,240.5000,5,47.3022,4156,1
12336,31.9802,32.0000,4096,240.5000,5,47.3022,4156,1
12337,31.9802,32.0000,4096,240.5000,5,47.3022,4157,1
12338,31.9802,32.0000,4096,240.5000,5,47.3022,4157,1
12339,31.9802,32.0000,4096,240.5000,5,47.3022,4157,1
12340,31.9802,32.0000,4096,240.5000,5,47.3022,4157,1
12341,31.9802,32.0000,4096,240.5000,5,47.3022,4157,1
12342,31.9802,32.0000,4096,240.5000,5,47.3022,4157,1
12343,31.9802,32.0000,4096,240.5000,5,47.3022,4157,1
12344,31.9802,32.0000,4096,240.5000,5,47.3022,4158,1
12345,31.9802,32.0000,4096,240.5000,5,47.3022,4158,1
12346,31.9802,32.0000,4096,240.5000,5,47.3022,4158,1
12347,31.9802,32.0000,4096,240.5000,5,47.3022,4158,1
12348,31.9802,32.0000,4096,240.5000,5,47.3022,4158,1
12349,31.9802,32.0000,4096,240.5000,5,47.3022,4158,1
12350,31.9802,32.0000,4096,240.5000,5,47.3022,4158,1
12351,31.9802,32.0000,4096,240.5000,5,47.3022,4159,1
12352,31.9802,32.0000,4096,240.5000,5,47.3022,4159,1
12353,31.9802,32.0000,4096,240.5000,5,47.3022,4159,1
12354,31.9802,32.0000,4096,240.5000,5,47.3022,4159,1
12355,31.9802,32.0000,4096,240.5000,5,47.3022,4159,1
12356,31.9802,32.0000,4096,240.5000,5,47.3022,4160,1
12357,31.9802,32.0000,4096,240.5000,5,47.3022,4160,1
12358,31.9802,32.0000,4096,240.5000,5,47.3022,4160,1
12359,31.9802,32.0000,4096,240.5000,5,47.3022,4161,1
12360,31.9802,32.0000,4096,240.5000,5,47.3022,4162,1
12361,31.9802,32.0000,4096,240.5000,5,47.3022,4163,1
12362,31.9802,32.0000,4096,240.5000,5,47.3022,4163,1
12363,31.9802,32.0000,4096,240.5000,5,47.3022,4163,1
12364,31.9802,32.0000,4096,240.5000,5,47.3022,4164,1
12365,31.9802,32.0000,4096,240.5000,5,47.3022,4164,1
12366,31.9802,32.0000,4096,240.5000,5,47.3022,4165,1
12367,31.9802,32.0000,4096,240.5000,5,47.3022,4166,1
12368,31.9802,32.0000,4096,240.5000,5,47.3022,4166,1
12369,31.9802,32.0000,4096,240.5000,5,47.3022,4167,1
12370,31.9802,32.0000,4096,240.5000,5,47.3022,4167,1
12371,31.9802,32.0000,4096,240.5000,5,47.3022,4168,1
12372,31.9802,32.0000,4096,240.5000,5,47.3022,4169,1
12373,31.9802,32.0000,4096,240.5000,5,47.3022,4169,1
12374,31.9802,32.0000,4096,240.5000,5,47.3022,4169,1
12375,31.9802,32.0000,4096,240.5000,5,47.3022,4170,1
12376,31.9802,32.0000,4096,240.5000,5,47.3022,4171,1
12377,31.9802,32.0000,4096,240.5000,5,47.3022,4171,1
12378,31.9802,32.0000,4096,240.5000,5,47.3022,4171,1
12379,31.9802,32.0000,4096,240.5000,5,47.3022,4171,1
12380,31.9802,32.0000,4096,240.5000,5,47.3022,4171,1
12381,31.9802,32.0000,4096,240.5000,5,47.3022,4171,1
12382,31.9802,32.0000,4096,240.5000,5,47.3022,4171,1
12383,31.9802,32.0000,4096,240.5000,5,47.3022,4172,1
12384,31.9802,32.0000,4096,240.5000,5,47.3022,4173,1
12385,31.9802,32.0000,4096,240.5000,5,47.3022,4173,1
12386,31.9802,32.0000,4096,240.5000,5,47.3022,4173,1
12387,31.9802,32.0000,4096,240.5000,5,47.3022,4174,1
12388,31.9802,32.0000,4096,240.5000,5,47.3022,4174,1
12389,31.9802,32.0000,4096,240.5000,5,47.3022,4174,1
12390,31.9802,32.0000,4096,240.5000,5,47.3022,4174,1
12391,31.9802,32.0000,4096,240.5000,5,47.3022,4174,1
12392,31.9802,32.0000,4096,240.5000,5,47.3022,4174,1
12393,31.9802,32.0000,4096,240.5000,5,47.3022,4174,1
12394,31.9802,32.0000,4096,240.5000,5,47.3022,4174,1
12395,31.9802,32.0000,4096,240.5000,5,47.3022,4174,1
12396,31.9802,32.0000,4096,240.5000,5,47.3022,4175,1
12397,31.9802,32.0000,4096,240.5000,5,47.3022,4176,1
12398,31.9802,32.0000,4096,240.5000,5,47.3022,4176,1
12399,31.9802,32.0000,4096,240.5000,5,47.3022,4176,1
12400,31.9802,32.0000,4096,240.5000,5,47.3022,4176,1
12401,31.9802,32.0000,4096,240.5000,5,47.3022,4176,1
12402,31.9802,32.0000,4096,240.5000,5,47.3022,4176,1
12403,31.9802,32.0000,4096,240.5000,5,47.3022,4177,1
12404,31.9802,32.0000,4096,240.5000,5,47.3022,4177,1
12405,31.9802,32.0000,4096,240.5000,5,47.3022,4177,1
12406,31.9802,32.0000,4096,240.5000,5,47.3022,4177,1
12407,31.9802,32.0000,4096,240.5000,5,47.3022,4177,1
12408,31.9802,32.0000,4096,240.5000,5,47.3022,4177,1
12409,31.9802,32.0000,4096,240.5000,5,47.3022,4177,1
12410,31.9802,32.0000,4096,240.5000,5,47.3022,4177,1
12411,31.9802,32.0000,4096,240.5000,5,47.3022,4178,1
12412,31.9802,32.0000,4096,240.5000,5,47.3022,4178,1
12413,31.9802,32.0000,4096,240.5000,5,47.3022,4179,1
12414,31.9802,32.0000,4096,240.5000,5,47.3022,4180,1
12415,31.9802,32.0000,4096,240.5000,5,47.3022,4181,1
12416,31.9802,32.0000,4096,240.5000,5,47.3022,4181,1
12417,31.9802,32.0000,4096,240.5000,5,47.3022,4181,1
12418,31.9802,32.0000,4096,240.5000,5,47.3022,4181,1
12419,31.9802,32.0000,4096,240.5000,5,47.3022,4181,1
12420,31.9802,32.0000,4096,240.5000,5,47.3022,4181,1
12421,31.9802,32.0000,4096,240.5000,5,47.3022,4182,1
12422,31.9802,32.0000,4096,240.5000,5,47.3022,4182,1
12423,31.9802,32.0000,4096,240.5000,5,47.3022,4182,1
12424,31.9802,32.0000,4096,240.5000,5,47.3022,4183,1
12425,31.9802,32.0000,4096,240.5000,5,47.3022,4183,1
12426,31.9802,32.0000,4096,240.5000,5,47.3022,4184,1
12427,31.9802,32.0000,4096,240.5000,5,47.3022,4184,1
12428,31.9802,32.0000,4096,240.5000,5,47.3022,4184,1
12429,31.9802,32.0000,4096,240.5000,5,47.3022,4184,1
12430,31.9802,32.0000,4096,240.5000,5,47.3022,4184,1
12431,31.9802,32.0000,4096,240.5000,5,47.3022,4184,1
12432,31.9802,32.0000,4096,240.5000,5,47.3022,4185,1
12433,31.9802,32.0000,4096,240.5000,5,47.3022,4185,1
12434,31.9802,32.0000,4096,240.5000,5,47.3022,4186,1
12435,31.9802,32.0000,4096,240.5000,5,47.3022,4186,1
12436,31.9802,32.0000,4096,240.5000,5,47.3022,4187,1
12437,31.9802,32.0000,4096,240.5000,5,47.3022,4187,1
12438,31.9802,32.0000,4096,240.5000,5,47.3022,4187,1
12439,31.9802,32.0000,4096,240.5000,5,47.3022,4187,1
12440,31.9802,32.0000,4096,240.5000,5,47.3022,4187,1
12441,31.9802,32.0000,4096,240.5000,5,47.3022,4187,1
12442,31.9802,32.0000,4096,240.5000,5,47.3022,4187,1
12443,31.9802,32.0000,4096,240.5000,5,47.3022,4187,1
12444,31.9802,32.0000,4096,240.5000,5,47.3022,4187,1
12445,31.9802,32.0000,4096,240.5000,5,47.3022,4187,1
12446,31.9802,32.0000,4096,240.5000,5,47.3022,4188,1
12447,31.9802,32.0000,4096,240.5000,5,47.3022,4189,1
12448,31.9802,32.0000,4096,240.5000,5,47.3022,4189,1
12449,31.9802,32.0000,4096,240.5000,5,47.3022,4189,1
12450,31.9802,32.0000,4096,240.5000,5,47.3022,4189,1
12451,31.9802,32.0000,4096,240.5000,5,47.3022,4189,1
12452,31.9802,32.0000,4096,240.5000,5,47.3022,4189,1
12453,31.9802,32.0000,4096,240.5000,5,47.3022,4189,1
12454,31.9802,32.0000,4096,240.5000,5,47.3022,4189,1
12455,31.9802,32.0000,4096,240.5000,5,47.3022,4190,1
12456,31.9802,32.0000,4096,240.5000,5,47.3022,4190,1
12457,31.9802,32.0000,4096,240.5000,5,47.3022,4191,1
12458,31.9802,32.0000,4096,240.5000,5,47.3022,4191,1
12459,31.9802,32.0000,4096,240.5000,5,47.3022,4191,1
12460,31.9802,32.0000,4096,240.5000,5,47.3022,4191,1
12461,31.9802,32.0000,4096,240.5000,5,47.3022,4191,1
12462,31.9802,32.0000,4096,240.5000,5,47.3022,4192,1
12463,31.9802,32.0000,4096,240.5000,5,47.3022,4192,1
12464,31.9802,32.0000,4096,240.5000,5,47.3022,4192,1
12465,31.9802,32.0000,4096,240.5000,5,47.3022,4192,1
12466,31.9802,32.0000,4096,240.5000,5,47.3022,4192,1
12467,31.9802,32.0000,4096,240.5000,5,47.3022,4192,1
12468,31.9802,32.0000,4096,240.5000,5,47.3022,4192,1
12469,31.9802,32.0000,4096,240.5000,5,47.3022,4192,1
12470,31.9802,32.0000,4096,240.5000,5,47.3022,4192,1
12471,31.9802,32.0000,4096,240.5000,5,47.3022,4192,1
12472,31.9802,32.0000,4096,240.5000,5,47.3022,4193,1
12473,31.9802,32.0000,4096,240.5000,5,47.3022,4193,1
12474,31.9802,32.0000,4096,240.5000,5,47.3022,4193,1
12475,31.9802,32.0000,4096,240.5000,5,47.3022,4193,1
12476,31.9802,32.0000,4096,240.5000,5,47.3022,4193,1
12477,31.9802,32.0000,4096,240.5000,5,47.3022,4193,1
12478,31.9802,32.0000,4096,240.5000,5,47.3022,4194,1
12479,31.9802,32.0000,4096,240.5000,5,47.3022,4195,1
12480,31.9802,32.0000,4096,240.5000,5,47.3022,4195,1
12481,31.9802,32.0000,4096,240.5000,5,47.3022,4196,1
12482,31.9802,32.0000,4096,240.5000,5,47.3022,4196,1
12483,31.9802,32.0000,4096,240.5000,5,47.3022,4197,1
12484,31.9802,32.0000,4096,240.5000,5,47.3022,4198,1
12485,31.9802,32.0000,4096,240.5000,5,47.3022,4199,1
12486,31.9802,32.0000,4096,240.5000,5,47.3022,4199,1
12487,31.9802,32.0000,4096,240.5000,5,47.3022,4199,1
12488,31.9802,32.0000,4096,240.5000,5,47.3022,4199,1
12489,31.9802,32.0000,4096,240.5000,5,47.3022,4199,1
12490,31.9802,32.0000,4096,240.5000,5,47.3022,4199,1
12491,31.9802,32.0000,4096,240.5000,5,47.3022,4199,1
12492,31.9802,32.0000,4096,240.5000,5,47.3022,4200,1
12493,31.9802,32.0000,4096,240.5000,5,47.3022,4200,1
12494,31.9802,32.0000,4096,240.5000,5,47.3022,4200,1
12495,31.9802,32.0000,4096,240.5000,5,47.3022,4200,1
12496,31.9802,32.0000,4096,240.5000,5,47.3022,4201,1
12497,31.9802,32.0000,4096,240.5000,5,47.3022,4201,1
12498,31.9802,32.0000,4096,240.5000,5,47.3022,4202,1
12499,31.9802,32.0000,4096,240.5000,5,47.3022,4202,1
12500,31.9802,32.0000,4096,240.5000,5,47.3022,4202,1
12501,31.9802,32.0000,4096,240.5000,5,47.3022,4202,1
12502,31.9802,32.0000,4096,240.5000,5,47.3022,4202,1
12503,31.9802,32.0000,4096,240.5000,5,47.3022,4203,1
12504,31.9802,32.0000,4096,240.5000,5,47.3022,4204,1
12505,31.9802,32.0000,4096,240.5000,5,47.3022,4204,1
12506,31.9802,32.0000,4096,240.5000,5,47.3022,4204,1
12507,31.9802,32.0000,4096,240.5000,5,47.3022,4204,1
12508,31.9802,32.0000,4096,240.5000,5,47.3022,4205,1
12509,31.9802,32.0000,4096,240.5000,5,47.3022,4205,1
12510,31.9802,32.0000,4096,240.5000,5,47.3022,4205,1
12511,31.9802,32.0000,4096,240.5000,5,47.3022,4206,1
12512,31.9802,32.0000,4096,240.5000,5,47.3022,4206,1
12513,31.9802,32.0000,4096,240.5000,5,47.3022,4206,1
12514,31.9802,32.0000,4096,240.5000,5,47.3022,4206,1
12515,31.9802,32.0000,4096,240.5000,5,47.3022,4206,1
12516,31.9802,32.0000,4096,240.5000,5,47.3022,4206,1
12517,31.9802,32.0000,4096,240.5000,5,47.3022,4206,1
12518,31.9802,32.0000,4096,240.5000,5,47.3022,4206,1
12519,31.9802,32.0000,4096,240.5000,5,47.3022,4207,1
12520,31.9802,32.0000,4096,240.5000,5,47.3022,4207,1
12521,31.9802,32.0000,4096,240.5000,5,47.3022,4207,1
12522,31.9802,32.0000,4096,240.5000,5,47.3022,4207,1
12523,31.9802,32.0000,4096,240.5000,5,47.3022,4207,1
12524,31.9802,32.0000,4096,240.5000,5,47.3022,4207,1
12525,31.9802,32.0000,4096,240.5000,5,47.3022,4207,1
12526,31.9802,32.0000,4096,240.5000,5,47.3022,4208,1
12527,31.9802,32.0000,4096,240.5000,5,47.3022,4208,1
12528,31.9802,32.0000,4096,240.5000,5,47.3022,4208,1
12529,31.9802,32.0000,4096,240.5000,5,47.3022,4208,1
12530,31.9802,32.0000,4096,240.5000,5,47.3022,4209,1
12531,31.9802,32.0000,4096,240.5000,5,47.3022,4209,1
12532,31.9802,32.0000,4096,240.5000,5,47.3022,4209,1
12533,31.9802,32.0000,4096,240.5000,5,47.3022,4209,1
12534,31.9802,32.0000,4096,240.5000,5,47.3022,4209,1
12535,31.9802,32.0000,4096,240.5000,5,47.3022,4209,1
12536,31.9802,32.0000,4096,240.5000,5,47.3022,4209,1
12537,31.9802,32.0000,4096,240.5000,5,47.3022,4209,1
12538,31.9802,32.0000,4096,240.5000,5,47.3022,4209,1
12539,31.9802,32.0000,4096,240.5000,5,47.3022,4209,1
12540,31.9802,32.0000,4096,240.5000,5,47.3022,4209,1
12541,31.9802,32.0000,4096,240.5000,5,47.3022,4210,1
12542,31.9802,32.0000,4096,240.5000,5,47.3022,4211,1
12543,31.9802,32.0000,4096,240.5000,5,47.3022,4211,1
12544,31.9802,32.0000,4096,240.5000,5,47.3022,4211,1
12545,31.9802,32.0000,4096,240.5000,5,47.3022,4212,1
12546,31.9802,32.0000,4096,240.5000,5,47.3022,4212,1
12547,31.9802,32.0000,4096,240.5000,5,47.3022,4212,1
12548,31.9802,32.0000,4096,240.5000,5,47.3022,4212,1
12549,31.9802,32.0000,4096,240.5000,5,47.3022,4213,1
12550,31.9802,32.0000,4096,240.5000,5,47.3022,4213,1
12551,31.9802,32.0000,4096,240.5000,5,47.3022,4214,1
12552,31.9802,32.0000,4096,240.5000,5,47.3022,4214,1
12553,31.9802,32.0000,4096,240.5000,5,47.3022,4215,1
12554,31.9802,32.0000,4096,240.5000,5,47.3022,4215,1
12555,31.9802,32.0000,4096,240.5000,5,47.3022,4215,1
12556,31.9802,32.0000,4096,240.5000,5,47.3022,4215,1
12557,31.9802,32.0000,4096,240.5000,5,47.3022,4215,1
12558,31.9802,32.0000,4096,240.5000,5,47.3022,4216,1
12559,31.9802,32.0000,4096,240.5000,5,47.3022,4217,1
12560,31.9802,32.0000,4096,240.5000,5,47.3022,4217,1
12561,31.9802,32.0000,4096,240.5000,5,47.3022,4217,1
12562,31.9802,32.0000,4096,240.5000,5,47.3022,4218,1
12563,31.9802,32.0000,4096,240.5000,5,47.3022,4219,1
12564,31.9802,32.0000,4096,240.5000,5,47.3022,4219,1
12565,31.9802,32.0000,4096,240.5000,5,47.3022,4219,1
12566,31.9802,32.0000,4096,240.5000,5,47.3022,4220,1
12567,31.9802,32.0000,4096,240.5000,5,47.3022,4221,1
12568,31.9802,32.0000,4096,240.5000,5,47.3022,4222,1
12569,31.9802,32.0000,4096,240.5000,5,47.3022,4223,1
12570,31.9802,32.0000,4096,240.5000,5,47.3022,4223,1
12571,31.9802,32.0000,4096,240.5000,5,47.3022,4224,1
12572,31.9802,32.0000,4096,240.5000,5,47.3022,4225,1
12573,31.9802,32.0000,4096,240.5000,5,47.3022,4225,1
12574,31.9802,32.0000,4096,240.5000,5,47.3022,4225,1
12575,31.9802,32.0000,4096,240.5000,5,47.3022,4225,1
12576,31.9802,32.0000,4096,240.5000,5,47.3022,4226,1
12577,31.9802,32.0000,4096,240.5000,5,47.3022,4226,1
12578,31.9802,32.0000,4096,240.5000,5,47.3022,4226,1
12579,31.9802,32.0000,4096,240.5000,5,47.3022,4226,1
12580,31.9802,32.0000,4096,240.5000,5,47.3022,4226,1
12581,31.9802,32.0000,4096,240.5000,5,47.3022,4226,1
12582,31.9802,32.0000,4096,240.5000,5,47.3022,4226,1
12583,31.9802,32.0000,4096,240.5000,5,47.3022,4226,1
12584,31.9802,32.0000,4096,240.5000,5,47.3022,4226,1
12585,31.9802,32.0000,4096,240.5000,5,47.3022,4226,1
12586,31.9802,32.0000,4096,240.5000,5,47.3022,4226,1
12587,31.9802,32.0000,4096,240.5000,5,47.3022,4226,1
12588,31.9802,32.0000,4096,240.5000,5,47.3022,4227,1
12589,31.9802,32.0000,4096,240.5000,5,47.3022,4227,1
12590,31.9802,32.0000,4096,240.5000,5,47.3022,4227,1
12591,31.9802,32.0000,4096,240.5000,5,47.3022,4227,1
12592,31.9802,32.0000,4096,240.5000,5,47.3022,4227,1
12593,31.9802,32.0000,4096,240.5000,5,47.3022,4227,1
12594,31.9802,32.0000,4096,240.5000,5,47.3022,4227,1
12595,31.9802,32.0000,4096,240.5000,5,47.3022,4227,1
12596,31.9802,32.0000,4096,240.5000,5,47.3022,4227,1
12597,31.9802,32.0000,4096,240.5000,5,47.3022,4228,1
12598,31.9802,32.0000,4096,240.5000,5,47.3022,4228,1
12599,31.9802,32.0000,4096,240.5000,5,47.3022,4229,1
12600,31.9802,32.0000,4096,240.5000,5,47.3022,4229,1
12601,31.9802,32.0000,4096,240.5000,5,47.3022,4229,1
12602,31.9802,32.0000,4096,240.5000,5,47.3022,4230,1
12603,31.9802,32.0000,4096,240.5000,5,47.3022,4230,1
12604,31.9802,32.0000,4096,240.5000,5,47.3022,4231,1
12605,31.9802,32.0000,4096,240.5000,5,47.3022,4231,1
12606,31.9802,32.0000,4096,240.5000,5,47.3022,4231,1
12607,31.9802,32.0000,4096,240.5000,5,47.3022,4231,1
12608,31.9802,32.0000,4096,240.5000,5,47.3022,4231,1
12609,31.9802,32.0000,4096,240.5000,5,47.3022,4231,1
12610,31.9802,32.0000,4096,240.5000,5,47.3022,4231,1
12611,31.9802,32.0000,4096,240.5000,5,47.3022,4231,1
12612,31.9802,32.0000,4096,240.5000,5,47.3022,4231,1
12613,31.9802,32.0000,4096,240.5000,5,47.3022,4232,1
12614,31.9802,32.0000,4096,240.5000,5,47.3022,4232,1
12615,31.9802,32.0000,4096,240.5000,5,47.3022,4232,1
12616,31.9802,32.0000,4096,240.5000,5,47.3022,4232,1
12617,31.9802,32.0000,4096,240.5000,5,47.3022,4232,1
12618,31.9802,32.0000,4096,240.5000,5,47.3022,4233,1
12619,31.9802,32.0000,4096,240.5000,5,47.3022,4233,1
12620,31.9802,32.0000,4096,240.5000,5,47.3022,4233,1
12621,31.9802,32.0000,4096,240.5000,5,47.3022,4234,1
12622,31.9802,32.0000,4096,240.5000,5,47.3022,4234,1
12623,31.9802,32.0000,4096,240.5000,5,47.3022,4234,1
12624,31.9802,32.0000,4096,240.5000,5,47.3022,4234,1
12625,31.9802,32.0000,4096,240.5000,5,47.3022,4234,1
12626,31.9802,32.0000,4096,240.5000,5,47.3022,4235,1
12627,31.9802,32.0000,4096,240.5000,5,47.3022,4235,1
12628,31.9802,32.0000,4096,240.5000,5,47.3022,4236,1
12629,31.9802,32.0000,4096,240.5000,5,47.3022,4236,1
12630,31.9802,32.0000,4096,240.5000,5,47.3022,4237,1
12631,31.9802,32.0000,4096,240.5000,5,47.3022,4237,1
12632,31.9802,32.0000,4096,240.5000,5,47.3022,4237,1
12633,31.9802,32.0000,4096,240.5000,5,47.3022,4237,1
12634,31.9802,32.0000,4096,240.5000,5,47.3022,4237,1
12635,31.9802,32.0000,4096,240.5000,5,47.3022,4238,1
12636,31.9802,32.0000,4096,240.5000,5,47.3022,4239,1
12637,31.9802,32.0000,4096,240.5000,5,47.3022,4240,1
12638,31.9802,32.0000,4096,240.5000,5,47.3022,4240,1
12639,31.9802,32.0000,4096,240.5000,5,47.3022,4241,1
12640,31.9802,32.0000,4096,240.5000,5,47.3022,4241,1
12641,31.9802,32.0000,4096,240.5000,5,47.3022,4241,1
12642,31.9802,32.0000,4096,240.5000,5,47.3022,4241,1
12643,31.9802,32.0000,4096,240.5000,5,47.3022,4241,1
12644,31.9802,32.0000,4096,240.5000,5,47.3022,4241,1
12645,31.9802,32.0000,4096,240.5000,5,47.3022,4241,1
12646,31.9802,32.0000,4096,240.5000,5,47.3022,4241,1
12647,31.9802,32.0000,4096,240.5000,5,47.3022,4241,1
12648,31.9802,32.0000,4096,240.5000,5,47.3022,4241,1
12649,31.9802,32.0000,4096,240.5000,5,47.3022,4241,1
12650,31.9802,32.0000,4096,240.5000,5,47.3022,4242,1
12651,31.9802,32.0000,4096,240.5000,5,47.3022,4242,1
12652,31.9802,32.0000,4096,240.5000,5,47.3022,4242,1
12653,31.9802,32.0000,4096,240.5000,5,47.3022,4243,1
12654,31.9802,32.0000,4096,240.5000,5,47.3022,4244,1
12655,31.9802,32.0000,4096,240.5000,5,47.3022,4244,1
12656,31.9802,32.0000,4096,240.5000,5,47.3022,4244,1
12657,31.9802,32.0000,4096,240.5000,5,47.3022,4245,1
12658,31.9802,32.0000,4096,240.5000,5,47.3022,4245,1
12659,31.9802,32.0000,4096,240.5000,5,47.3022,4246,1
12660,31.9802,32.0000,4096,240.5000,5,47.3022,4246,1
12661,31.9802,32.0000,4096,240.5000,5,47.3022,4246,1
12662,31.9802,32.0000,4096,240.5000,5,47.3022,4246,1
12663,31.9802,32.0000,4096,240.5000,5,47.3022,4247,1
12664,31.9802,32.0000,4096,240.5000,5,47.3022,4248,1
12665,31.9802,32.0000,4096,240.5000,5,47.3022,4248,1
12666,31.9802,32.0000,4096,240.5000,5,47.3022,4248,1
12667,31.9802,32.0000,4096,240.5000,5,47.3022,4248,1
12668,31.9802,32.0000,4096,240.5000,5,47.3022,4248,1
12669,31.9802,32.0000,4096,240.5000,5,47.3022,4248,1
12670,31.9802,32.0000,4096,240.5000,5,47.3022,4248,1
12671,31.9802,32.0000,4096,240.5000,5,47.3022,4248,1
12672,31.9802,32.0000,4096,240.5000,5,47.3022,4248,1
12673,31.9802,32.0000,4096,240.5000,5,47.3022,4248,1
12674,31.9802,32.0000,4096,240.5000,5,47.3022,4249,1
12675,31.9802,32.0000,4096,240.5000,5,47.3022,4249,1
12676,31.9802,32.0000,4096,240.5000,5,47.3022,4250,1
12677,31.9802,32.0000,4096,240.5000,5,47.3022,4250,1
12678,31.9802,32.0000,4096,240.5000,5,47.3022,4250,1
12679,31.9802,32.0000,4096,240.5000,5,47.3022,4250,1
12680,31.9802,32.0000,4096,240.5000,5,47.3022,4251,1
12681,31.9802,32.0000,4096,240.5000,5,47.3022,4251,1
12682,31.9802,32.0000,4096,240.5000,5,47.3022,4251,1
12683,31.9802,32.0000,4096,240.5000,5,47.3022,4251,1
12684,31.9802,32.0000,4096,240.5000,5,47.3022,4252,1
12685,31.9802,32.0000,4096,240.5000,5,47.3022,4252,1
12686,31.9802,32.0000,4096,240.5000,5,47.3022,4252,1
12687,31.9802,32.0000,4096,240.5000,5,47.3022,4253,1
12688,31.9802,32.0000,4096,240.5000,5,47.3022,4253,1
12689,31.9802,32.0000,4096,240.5000,5,47.3022,4254,1
12690,31.9802,32.0000,4096,240.5000,5,47.3022,4254,1
12691,31.9802,32.0000,4096,240.5000,5,47.3022,4254,1
12692,31.9802,32.0000,4096,240.5000,5,47.3022,4254,1
12693,31.9802,32.0000,4096,240.5000,5,47.3022,4254,1
12694,31.9802,32.0000,4096,240.5000,5,47.3022,4255,1
12695,31.9802,32.0000,4096,240.5000,5,47.3022,4256,1
12696,31.9802,32.0000,4096,240.5000,5,47.3022,4257,1
12697,31.9802,32.0000,4096,240.5000,5,47.3022,4257,1
12698,31.9802,32.0000,4096,240.5000,5,47.3022,4258,1
12699,31.9802,32.0000,4096,240.5000,5,47.3022,4258,1
12700,31.9802,32.0000,4096,240.5000,5,47.3022,4258,1
12701,31.9802,32.0000,4096,240.5000,5,47.3022,4258,1
12702,31.9802,32.0000,4096,240.5000,5,47.3022,4258,1
12703,31.9802,32.0000,4096,240.5000,5,47.3022,4259,1
12704,31.9802,32.0000,4096,240.5000,5,47.3022,4259,1
12705,31.9802,32.0000,4096,240.5000,5,47.3022,4259,1
12706,31.9802,32.0000,4096,240.5000,5,47.3022,4260,1
12707,31.9802,32.0000,4096,240.5000,5,47.3022,4261,1
12708,31.9802,32.0000,4096,240.5000,5,47.3022,4261,1
12709,31.9802,32.0000,4096,240.5000,5,47.3022,4261,1
12710,31.9802,32.0000,4096,240.5000,5,47.3022,4261,1
12711,31.9802,32.0000,4096,240.5000,5,47.3022,4262,1
12712,31.9802,32.0000,4096,240.5000,5,47.3022,4262,1
12713,31.9802,32.0000,4096,240.5000,5,47.3022,4263,1
12714,31.9802,32.0000,4096,240.5000,5,47.3022,4263,1
12715,31.9802,32.0000,4096,240.5000,5,47.3022,4264,1
12716,31.9802,32.0000,4096,240.5000,5,47.3022,4264,1
12717,31.9802,32.0000,4096,240.5000,5,47.3022,4264,1
12718,31.9802,32.0000,4096,240.5000,5,47.3022,4265,1
12719,31.9802,32.0000,4096,240.5000,5,47.3022,4266,1
12720,31.9802,32.0000,4096,240.5000,5,47.3022,4267,1
12721,31.9802,32.0000,4096,240.5000,5,47.3022,4267,1
12722,31.9802,32.0000,4096,240.5000,5,47.3022,4267,1
12723,31.9802,32.0000,4096,240.5000,5,47.3022,4267,1
12724,31.9802,32.0000,4096,240.5000,5,47.3022,4267,1
12725,31.9802,32.0000,4096,240.5000,5,47.3022,4267,1
12726,31.9802,32.0000,4096,240.5000,5,47.3022,4267,1
12727,31.9802,32.0000,4096,240.5000,5,47.3022,4267,1
12728,31.9802,32.0000,4096,240.5000,5,47.3022,4267,1
12729,31.9802,32.0000,4096,240.5000,5,47.3022,4267,1
12730,31.9802,32.0000,4096,240.5000,5,47.3022,4267,1
12731,31.9802,32.0000,4096,240.5000,5,47.3022,4267,1
12732,31.9802,32.0000,4096,240.5000,5,47.3022,4267,1
12733,31.9802,32.0000,4096,240.5000,5,47.3022,4267,1
12734,31.9802,32.0000,4096,240.5000,5,47.3022,4267,1
12735,31.9802,32.0000,4096,240.5000,5,47.3022,4267,1
12736,31.9802,32.0000,4096,240.5000,5,47.3022,4267,1
12737,31.9802,32.0000,4096,240.5000,5,47.3022,4267,1
12738,31.9802,32.0000,4096,240.5000,5,47.3022,4267,1
12739,31.9802,32.0000,4096,240.5000,5,47.3022,4268,1
12740,31.9802,32.0000,4096,240.5000,5,47.3022,4268,1
12741,31.9802,32.0000,4096,240.5000,5,47.3022,4268,1
12742,31.9802,32.0000,4096,240.5000,5,47.3022,4268,1
12743,31.9802,32.0000,4096,240.5000,5,47.3022,4268,1
12744,31.9802,32.0000,4096,240.5000,5,47.3022,4268,1
12745,31.9802,32.0000,4096,240.5000,5,47.3022,4268,1
12746,31.9802,32.0000,4096,240.5000,5,47.3022,4269,1
12747,31.9802,32.0000,4096,240.5000,5,47.3022,4270,1
12748,31.9802,32.0000,4096,240.5000,5,47.3022,4270,1
12749,31.9802,32.0000,4096,240.5000,5,47.3022,4271,1
12750,31.9802,32.0000,4096,240.5000,5,47.3022,4272,1
12751,31.9802,32.0000,4096,240.5000,5,47.3022,4272,1
12752,31.9802,32.0000,4096,240.5000,5,47.3022,4272,1
12753,31.9802,32.0000,4096,240.5000,5,47.3022,4273,1
12754,31.9802,32.0000,4096,240.5000,5,47.3022,4274,1
12755,31.9802,32.0000,4096,240.5000,5,47.3022,4275,1
12756,31.9802,32.0000,4096,240.5000,5,47.3022,4275,1
12757,31.9802,32.0000,4096,240.5000,5,47.3022,4275,1
12758,31.9802,32.0000,4096,240.5000,5,47.3022,4275,1
12759,31.9802,32.0000,4096,240.5000,5,47.3022,4275,1
12760,31.9802,32.0000,4096,240.5000,5,47.3022,4275,1
12761,31.9802,32.0000,4096,240.5000,5,47.3022,4276,1
12762,31.9802,32.0000,4096,240.5000,5,47.3022,4277,1
12763,31.9802,32.0000,4096,240.5000,5,47.3022,4278,1
12764,31.9802,32.0000,4096,240.5000,5,47.3022,4278,1
12765,31.9802,32.0000,4096,240.5000,5,47.3022,4278,1
12766,31.9802,32.0000,4096,240.5000,5,47.3022,4278,1
12767,31.9802,32.0000,4096,240.5000,5,47.3022,4279,1
12768,31.9802,32.0000,4096,240.5000,5,47.3022,4279,1
12769,31.9802,32.0000,4096,240.5000,5,47.3022,4279,1
12770,31.9802,32.0000,4096,240.5000,5,47.3022,4280,1
12771,31.9802,32.0000,4096,240.5000,5,47.3022,4281,1
12772,31.9802,32.0000,4096,240.5000,5,47.3022,4282,1
12773,31.9802,32.0000,4096,240.5000,5,47.3022,4282,1
12774,31.9802,32.0000,4096,240.5000,5,47.3022,4282,1
12775,31.9802,32.0000,4096,240.5000,5,47.3022,4282,1
12776,31.9802,32.0000,4096,240.5000,5,47.3022,4283,1
12777,31.9802,32.0000,4096,240.5000,5,47.3022,4283,1
12778,31.9802,32.0000,4096,240.5000,5,47.3022,4283,1
12779,31.9802,32.0000,4096,240.5000,5,47.3022,4283,1
12780,31.9802,32.0000,4096,240.5000,5,47.3022,4284,1
12781,31.9802,32.0000,4096,240.5000,5,47.3022,4285,1
12782,31.9802,32.0000,4096,240.5000,5,47.3022,4285,1
12783,31.9802,32.0000,4096,240.5000,5,47.3022,4285,1
12784,31.9802,32.0000,4096,240.5000,5,47.3022,4285,1
12785,31.9802,32.0000,4096,240.5000,5,47.3022,4285,1
12786,31.9802,32.0000,4096,240.5000,5,47.3022,4285,1
12787,31.9802,32.0000,4096,240.5000,5,47.3022,4285,1
12788,31.9802,32.0000,4096,240.5000,5,47.3022,4285,1
12789,31.9802,32.0000,4096,240.5000,5,47.3022,4286,1
12790,31.9802,32.0000,4096,240.5000,5,47.3022,4286,1
12791,31.9802,32.0000,4096,240.5000,5,47.3022,4286,1
12792,31.9802,32.0000,4096,240.5000,5,47.3022,4286,1
12793,31.9802,32.0000,4096,240.5000,5,47.3022,4286,1
12794,31.9802,32.0000,4096,240.5000,5,47.3022,4287,1
12795,31.9802,32.0000,4096,240.5000,5,47.3022,4287,1
12796,31.9802,32.0000,4096,240.5000,5,47.3022,4287,1
12797,31.9802,32.0000,4096,240.5000,5,47.3022,4288,1
12798,31.9802,32.0000,4096,240.5000,5,47.3022,4288,1
12799,31.9802,32.0000,4096,240.5000,5,47.3022,4288,1
12800,31.9802,32.0000,4096,240.5000,5,47.3022,4289,1
12801,31.9802,32.0000,4096,240.5000,5,47.3022,4289,1
12802,31.9802,32.0000,4096,240.5000,5,47.3022,4289,1
12803,31.9802,32.0000,4096,240.5000,5,47.3022,4289,1
12804,31.9802,32.0000,4096,240.5000,5,47.3022,4289,1
12805,31.9802,32.0000,4096,240.5000,5,47.3022,4289,1
12806,31.9802,32.0000,4096,240.5000,5,47.3022,4289,1
12807,31.9802,32.0000,4096,240.5000,5,47.3022,4289,1
12808,31.9802,32.0000,4096,240.5000,5,47.3022,4289,1
12809,31.9802,32.0000,4096,240.5000,5,47.3022,4290,1
12810,31.9802,32.0000,4096,240.5000,5,47.3022,4290,1
12811,31.9802,32.0000,4096,240.5000,5,47.3022,4290,1
12812,31.9802,32.0000,4096,240.5000,5,47.3022,4291,1
12813,31.9802,32.0000,4096,240.5000,5,47.3022,4291,1
12814,31.9802,32.0000,4096,240.5000,5,47.3022,4291,1
12815,31.9802,32.0000,4096,240.5000,5,47.3022,4291,1
12816,31.9802,32.0000,4096,240.5000,5,47.3022,4291,1
12817,31.9802,32.0000,4096,240.5000,5,47.3022,4292,1
12818,31.9802,32.0000,4096,240.5000,5,47.3022,4292,1
12819,31.9802,32.0000,4096,240.5000,5,47.3022,4293,1
12820,31.9802,32.0000,4096,240.5000,5,47.3022,4293,1
12821,31.9802,32.0000,4096,240.5000,5,47.3022,4293,1
12822,31.9802,32.0000,4096,240.5000,5,47.3022,4293,1
12823,31.9802,32.0000,4096,240.5000,5,47.3022,4293,1
12824,31.9802,32.0000,4096,240.5000,5,47.3022,4293,1
12825,31.9802,32.0000,4096,240.5000,5,47.3022,4294,1
12826,31.9802,32.0000,4096,240.5000,5,47.3022,4294,1
12827,31.9802,32.0000,4096,240.5000,5,47.3022,4294,1
12828,31.9802,32.0000,4096,240.5000,5,47.3022,4294,1
12829,31.9802,32.0000,4096,240.5000,5,47.3022,4295,1
12830,31.9802,32.0000,4096,240.5000,5,47.3022,4295,1
12831,31.9802,32.0000,4096,240.5000,5,47.3022,4296,1
12832,31.9802,32.0000,4096,240.5000,5,47.3022,4296,1
12833,31.9802,32.0000,4096,240.5000,5,47.3022,4296,1
12834,31.9802,32.0000,4096,240.5000,5,47.3022,4296,1
12835,31.9802,32.0000,4096,240.5000,5,47.3022,4296,1
12836,31.9802,32.0000,4096,240.5000,5,47.3022,4296,1
12837,31.9802,32.0000,4096,240.5000,5,47.3022,4296,1
12838,31.9802,32.0000,4096,240.5000,5,47.3022,4297,1
12839,31.9802,32.0000,4096,240.5000,5,47.3022,4297,1
12840,31.9802,32.0000,4096,240.5000,5,47.3022,4297,1
12841,31.9802,32.0000,4096,240.5000,5,47.3022,4297,1
12842,31.9802,32.0000,4096,240.5000,5,47.3022,4298,1
12843,31.9802,32.0000,4096,240.5000,5,47.3022,4299,1
12844,31.9802,32.0000,4096,240.5000,5,47.3022,4300,1
12845,31.9802,32.0000,4096,240.5000,5,47.3022,4300,1
12846,31.9802,32.0000,4096,240.5000,5,47.3022,4300,1
12847,31.9802,32.0000,4096,240.5000,5,47.3022,4300,1
12848,31.9802,32.0000,4096,240.5000,5,47.3022,4300,1
12849,31.9802,32.0000,4096,240.5000,5,47.3022,4300,1
12850,31.9802,32.0000,4096,240.5000,5,47.3022,4300,1
12851,31.9802,32.0000,4096,240.5000,5,47.3022,4300,1
12852,31.9802,32.0000,4096,240.5000,5,47.3022,4300,1
12853,31.9802,32.0000,4096,240.5000,5,47.3022,4300,1
12854,31.9802,32.0000,4096,240.5000,5,47.3022,4300,1
12855,31.9802,32.0000,4096,240.5000,5,47.3022,4300,1
12856,31.9802,32.0000,4096,240.5000,5,47.3022,4301,1
12857,31.9802,32.0000,4096,240.5000,5,47.3022,4301,1
12858,31.9802,32.0000,4096,240.5000,5,47.3022,4301,1
12859,31.9802,32.0000,4096,240.5000,5,47.3022,4301,1
12860,31.9802,32.0000,4096,240.5000,5,47.3022,4301,1
12861,31.9802,32.0000,4096,240.5000,5,47.3022,4301,1
12862,31.9802,32.0000,4096,240.5000,5,47.3022,4301,1
12863,31.9802,32.0000,4096,240.5000,5,47.3022,4302,1
12864,31.9802,32.0000,4096,240.5000,5,47.3022,4302,1
12865,31.9802,32.0000,4096,240.5000,5,47.3022,4302,1
12866,31.9802,32.0000,4096,240.5000,5,47.3022,4302,1
12867,31.9802,32.0000,4096,240.5000,5,47.3022,4302,1
12868,31.9802,32.0000,4096,240.5000,5,47.3022,4303,1
12869,31.9802,32.0000,4096,240.5000,5,47.3022,4303,1
12870,31.9802,32.0000,4096,240.5000,5,47.3022,4303,1
12871,31.9802,32.0000,4096,240.5000,5,47.3022,4304,1
12872,31.9802,32.0000,4096,240.5000,5,47.3022,4304,1
12873,31.9802,32.0000,4096,240.5000,5,47.3022,4304,1
12874,31.9802,32.0000,4096,240.5000,5,47.3022,4305,1
12875,31.9802,32.0000,4096,240.5000,5,47.3022,4305,1
12876,31.9802,32.0000,4096,240.5000,5,47.3022,4306,1
12877,31.9802,32.0000,4096,240.5000,5,47.3022,4307,1
12878,31.9802,32.0000,4096,240.5000,5,47.3022,4307,1
12879,31.9802,32.0000,4096,240.5000,5,47.3022,4307,1
12880,31.9802,32.0000,4096,240.5000,5,47.3022,4307,1
12881,31.9802,32.0000,4096,240.5000,5,47.3022,4308,1
12882,31.9802,32.0000,4096,240.5000,5,47.3022,4309,1
12883,31.9802,32.0000,4096,240.5000,5,47.3022,4309,1
12884,31.9802,32.0000,4096,240.5000,5,47.3022,4309,1
12885,31.9802,32.0000,4096,240.5000,5,47.3022,4310,1
12886,31.9802,32.0000,4096,240.5000,5,47.3022,4310,1
12887,31.9802,32.0000,4096,240.5000,5,47.3022,4311,1
12888,31.9802,32.0000,4096,240.5000,5,47.3022,4311,1
12889,31.9802,32.0000,4096,240.5000,5,47.3022,4311,1
12890,31.9802,32.0000,4096,240.5000,5,47.3022,4311,1
12891,31.9802,32.0000,4096,240.5000,5,47.3022,4312,1
12892,31.9802,32.0000,4096,240.5000,5,47.3022,4312,1
12893,31.9802,32.0000,4096,240.5000,5,47.3022,4312,1
12894,31.9802,32.0000,4096,240.5000,5,47.3022,4312,1
12895,31.9802,32.0000,4096,240.5000,5,47.3022,4312,1
12896,31.9802,32.0000,4096,240.5000,5,47.3022,4312,1
12897,31.9802,32.0000,4096,240.5000,5,47.3022,4312,1
12898,31.9802,32.0000,4096,240.5000,5,47.3022,4313,1
12899,31.9802,32.0000,4096,240.5000,5,47.3022,4313,1
12900,31.9802,32.0000,4096,240.5000,5,47.3022,4313,1
12901,31.9802,32.0000,4096,240.5000,5,47.3022,4313,1
12902,31.9802,32.0000,4096,240.5000,5,47.3022,4313,1
12903,31.9802,32.0000,4096,240.5000,5,47.3022,4313,1
12904,31.9802,32.0000,4096,240.5000,5,47.3022,4313,1
12905,31.9802,32.0000,4096,240.5000,5,47.3022,4314,1
12906,31.9802,32.0000,4096,240.5000,5,47.3022,4314,1
12907,31.9802,32.0000,4096,240.5000,5,47.3022,4315,1
12908,31.9802,32.0000,4096,240.5000,5,47.3022,4315,1
12909,31.9802,32.0000,4096,240.5000,5,47.3022,4316,1
12910,31.9802,32.0000,4096,240.5000,5,47.3022,4316,1
12911,31.9802,32.0000,4096,240.5000,5,47.3022,4316,1
12912,31.9802,32.0000,4096,240.5000,5,47.3022,4317,1
12913,31.9802,32.0000,4096,240.5000,5,47.3022,4318,1
12914,31.9802,32.0000,4096,240.5000,5,47.3022,4318,1
12915,31.9802,32.0000,4096,240.5000,5,47.3022,4318,1
12916,31.9802,32.0000,4096,240.5000,5,47.3022,4318,1
12917,31.9802,32.0000,4096,240.5000,5,47.3022,4318,1
12918,31.9802,32.0000,4096,240.5000,5,47.3022,4319,1
12919,31.9802,32.0000,4096,240.5000,5,47.3022,4319,1
12920,31.9802,32.0000,4096,240.5000,5,47.3022,4319,1
12921,31.9802,32.0000,4096,240.5000,5,47.3022,4319,1
12922,31.9802,32.0000,4096,240.5000,5,47.3022,4319,1
12923,31.9802,32.0000,4096,240.5000,5,47.3022,4319,1
12924,31.9802,32.0000,4096,240.5000,5,47.3022,4319,1
12925,31.9802,32.0000,4096,240.5000,5,47.3022,4319,1
12926,31.9802,32.0000,4096,240.5000,5,47.3022,4319,1
12927,31.9802,32.0000,4096,240.5000,5,47.3022,4319,1
12928,31.9802,32.0000,4096,240.5000,5,47.3022,4319,1
12929,31.9802,32.0000,4096,240.5000,5,47.3022,4319,1
12930,31.9802,32.0000,4096,240.5000,5,47.3022,4319,1
12931,31.9802,32.0000,4096,240.5000,5,47.3022,4319,1
12932,31.9802,32.0000,4096,240.5000,5,47.3022,4319,1
12933,31.9802,32.0000,4096,240.5000,5,47.3022,4319,1
12934,31.9802,32.0000,4096,240.5000,5,47.3022,4319,1
12935,31.9802,32.0000,4096,240.5000,5,47.3022,4320,1
12936,31.9802,32.0000,4096,240.5000,5,47.3022,4320,1
12937,31.9802,32.0000,4096,240.5000,5,47.3022,4320,1
12938,31.9802,32.0000,4096,240.5000,5,47.3022,4320,1
12939,31.9802,32.0000,4096,240.5000,5,47.3022,4320,1
12940,31.9802,32.0000,4096,240.5000,5,47.3022,4320,1
12941,31.9802,32.0000,4096,240.5000,5,47.3022,4320,1
12942,31.9802,32.0000,4096,240.5000,5,47.3022,4320,1
12943,31.9802,32.0000,4096,240.5000,5,47.3022,4320,1
12944,31.9802,32.0000,4096,240.5000,5,47.3022,4320,1
12945,31.9802,32.0000,4096,240.5000,5,47.3022,4320,1
12946,31.9802,32.0000,4096,240.5000,5,47.3022,4320,1
12947,31.9802,32.0000,4096,240.5000,5,47.3022,4321,1
12948,31.9802,32.0000,4096,240.5000,5,47.3022,4321,1
12949,31.9802,32.0000,4096,240.5000,5,47.3022,4322,1
12950,31.9802,32.0000,4096,240.5000,5,47.3022,4322,1
12951,31.9802,32.0000,4096,240.5000,5,47.3022,4322,1
12952,31.9802,32.0000,4096,240.5000,5,47.3022,4322,1
12953,31.9802,32.0000,4096,240.5000,5,47.3022,4322,1
12954,31.9802,32.0000,4096,240.5000,5,47.3022,4322,1
12955,31.9802,32.0000,4096,240.5000,5,47.3022,4322,1
12956,31.9802,32.0000,4096,240.5000,5,47.3022,4322,1
12957,31.9802,32.0000,4096,240.5000,5,47.3022,4323,1
12958,31.9802,32.0000,4096,240.5000,5,47.3022,4323,1
12959,31.9802,32.0000,4096,240.5000,5,47.3022,4324,1
12960,31.9802,32.0000,4096,240.5000,5,47.3022,4324,1
12961,31.9802,32.0000,4096,240.5000,5,47.3022,4324,1
12962,31.9802,32.0000,4096,240.5000,5,47.3022,4324,1
12963,31.9802,32.0000,4096,240.5000,5,47.3022,4324,1
12964,31.9802,32.0000,4096,240.5000,5,47.3022,4324,1
12965,31.9802,32.0000,4096,240.5000,5,47.3022,4324,1
12966,31.9802,32.0000,4096,240.5000,5,47.3022,4324,1
12967,31.9802,32.0000,4096,240.5000,5,47.3022,4324,1
12968,31.9802,32.0000,4096,240.5000,5,47.3022,4324,1
12969,31.9802,32.0000,4096,240.5000,5,47.3022,4324,1
12970,31.9802,32.0000,4096,240.5000,5,47.3022,4324,1
12971,31.9802,32.0000,4096,240.5000,5,47.3022,4324,1
12972,31.9802,32.0000,4096,240.5000,5,47.3022,4324,1
12973,31.9802,32.0000,4096,240.5000,5,47.3022,4325,1
12974,31.9802,32.0000,4096,240.5000,5,47.3022,4326,1
12975,31.9802,32.0000,4096,240.5000,5,47.3022,4326,1
12976,31.9802,32.0000,4096,240.5000,5,47.3022,4326,1
12977,31.9802,32.0000,4096,240.5000,5,47.3022,4326,1
12978,31.9802,32.0000,4096,240.5000,5,47.3022,4326,1
12979,31.9802,32.0000,4096,240.5000,5,47.3022,4326,1
12980,31.9802,32.0000,4096,240.5000,5,47.3022,4326,1
12981,31.9802,32.0000,4096,240.5000,5,47.3022,4326,1
12982,31.9802,32.0000,4096,240.5000,5,47.3022,4326,1
12983,31.9802,32.0000,4096,240.5000,5,47.3022,4326,1
12984,31.9802,32.0000,4096,240.5000,5,47.3022,4326,1
12985,31.9802,32.0000,4096,240.5000,5,47.3022,4326,1
12986,31.9802,32.0000,4096,240.5000,5,47.3022,4326,1
12987,31.9802,32.0000,4096,240.5000,5,47.3022,4327,1
12988,31.9802,32.0000,4096,240.5000,5,47.3022,4328,1
12989,31.9802,32.0000,4096,240.5000,5,47.3022,4328,1
12990,31.9802,32.0000,4096,240.5000,5,47.3022,4329,1
12991,31.9802,32.0000,4096,240.5000,5,47.3022,4329,1
12992,31.9802,32.0000,4096,240.5000,5,47.3022,4330,1
12993,31.9802,32.0000,4096,240.5000,5,47.3022,4331,1
12994,31.9802,32.0000,4096,240.5000,5,47.3022,4331,1
12995,31.9802,32.0000,4096,240.5000,5,47.3022,4332,1
12996,31.9802,32.0000,4096,240.5000,5,47.3022,4332,1
12997,31.9802,32.0000,4096,240.5000,5,47.3022,4332,1
12998,31.9802,32.0000,4096,240.5000,5,47.3022,4332,1
12999,31.9802,32.0000,4096,240.5000,5,47.3022,4333,1
13000,31.9802,32.0000,4096,240.5000,5,47.3022,4333,1
13001,31.9802,32.0000,4096,240.5000,5,47.3022,4334,1
13002,31.9802,32.0000,4096,240.5000,5,47.3022,4334,1
13003,31.9802,32.0000,4096,240.5000,5,47.3022,4334,1
13004,31.9802,32.0000,4096,240.5000,5,47.3022,4334,1
13005,31.9802,32.0000,4096,240.5000,5,47.3022,4334,1
13006,31.9802,32.0000,4096,240.5000,5,47.3022,4334,1
13007,31.9802,32.0000,4096,240.5000,5,47.3022,4334,1
13008,31.9802,32.0000,4096,240.5000,5,47.3022,4334,1
13009,31.9802,32.0000,4096,240.5000,5,47.3022,4334,1
13010,31.9802,32.0000,4096,240.5000,5,47.3022,4334,1
13011,31.9802,32.0000,4096,240.5000,5,47.3022,4334,1
13012,31.9802,32.0000,4096,240.5000,5,47.3022,4334,1
13013,31.9802,32.0000,4096,240.5000,5,47.3022,4335,1
13014,31.9802,32.0000,4096,240.5000,5,47.3022,4335,1
13015,31.9802,32.0000,4096,240.5000,5,47.3022,4335,1
13016,31.9802,32.0000,4096,240.5000,5,47.3022,4335,1
13017,31.9802,32.0000,4096,240.5000,5,47.3022,4335,1
13018,31.9802,32.0000,4096,240.5000,5,47.3022,4336,1
13019,31.9802,32.0000,4096,240.5000,5,47.3022,4336,1
13020,31.9802,32.0000,4096,240.5000,5,47.3022,4337,1
13021,31.9802,32.0000,4096,240.5000,5,47.3022,4337,1
13022,31.9802,32.0000,4096,240.5000,5,47.3022,4338,1
13023,31.9802,32.0000,4096,240.5000,5,47.3022,4338,1
13024,31.9802,32.0000,4096,240.5000,5,47.3022,4338,1
13025,31.9802,32.0000,4096,240.5000,5,47.3022,4338,1
13026,31.9802,32.0000,4096,240.5000,5,47.3022,4338,1
13027,31.9802,32.0000,4096,240.5000,5,47.3022,4338,1
13028,31.9802,32.0000,4096,240.5000,5,47.3022,4338,1
13029,31.9802,32.0000,4096,240.5000,5,47.3022,4338,1
13030,31.9802,32.0000,4096,240.5000,5,47.3022,4339,1
13031,31.9802,32.0000,4096,240.5000,5,47.3022,4339,1
13032,31.9802,32.0000,4096,240.5000,5,47.3022,4339,1
13033,31.9802,32.0000,4096,240.5000,5,47.3022,4340,1
13034,31.9802,32.0000,4096,240.5000,5,47.3022,4340,1
13035,31.9802,32.0000,4096,240.5000,5,47.3022,4340,1
13036,31.9802,32.0000,4096,240.5000,5,47.3022,4340,1
13037,31.9802,32.0000,4096,240.5000,5,47.3022,4340,1
13038,31.9802,32.0000,4096,240.5000,5,47.3022,4341,1
13039,31.9802,32.0000,4096,240.5000,5,47.3022,4342,1
13040,31.9802,32.0000,4096,240.5000,5,47.3022,4342,1
13041,31.9802,32.0000,4096,240.5000,5,47.3022,4342,1
13042,31.9802,32.0000,4096,240.5000,5,47.3022,4343,1
13043,31.9802,32.0000,4096,240.5000,5,47.3022,4343,1
13044,31.9802,32.0000,4096,240.5000,5,47.3022,4343,1
13045,31.9802,32.0000,4096,240.5000,5,47.3022,4343,1
13046,31.9802,32.0000,4096,240.5000,5,47.3022,4343,1
13047,31.9802,32.0000,4096,240.5000,5,47.3022,4343,1
13048,31.9802,32.0000,4096,240.5000,5,47.3022,4343,1
13049,31.9802,32.0000,4096,240.5000,5,47.3022,4344,1
13050,31.9802,32.0000,4096,240.5000,5,47.3022,4345,1
13051,31.9802,32.0000,4096,240.5000,5,47.3022,4345,1
13052,31.9802,32.0000,4096,240.5000,5,47.3022,4345,1
13053,31.9802,32.0000,4096,240.5000,5,47.3022,4346,1
13054,31.9802,32.0000,4096,240.5000,5,47.3022,4346,1
13055,31.9802,32.0000,4096,240.5000,5,47.3022,4346,1
13056,31.9802,32.0000,4096,240.5000,5,47.3022,4346,1
13057,31.9802,32.0000,4096,240.5000,5,47.3022,4346,1
13058,31.9802,32.0000,4096,240.5000,5,47.3022,4346,1
13059,31.9802,32.0000,4096,240.5000,5,47.3022,4347,1
13060,31.9802,32.0000,4096,240.5000,5,47.3022,4347,1
13061,31.9802,32.0000,4096,240.5000,5,47.3022,4347,1
13062,31.9802,32.0000,4096,240.5000,5,47.3022,4347,1
13063,31.9802,32.0000,4096,240.5000,5,47.3022,4347,1
13064,31.9802,32.0000,4096,240.5000,5,47.3022,4347,1
13065,31.9802,32.0000,4096,240.5000,5,47.3022,4347,1
13066,31.9802,32.0000,4096,240.5000,5,47.3022,4348,1
13067,31.9802,32.0000,4096,240.5000,5,47.3022,4348,1
13068,31.9802,32.0000,4096,240.5000,5,47.3022,4349,1
13069,31.9802,32.0000,4096,240.5000,5,47.3022,4349,1
13070,31.9802,32.0000,4096,240.5000,5,47.3022,4349,1
13071,31.9802,32.0000,4096,240.5000,5,47.3022,4350,1
13072,31.9802,32.0000,4096,240.5000,5,47.3022,4350,1
13073,31.9802,32.0000,4096,240.5000,5,47.3022,4350,1
13074,31.9802,32.0000,4096,240.5000,5,47.3022,4350,1
13075,31.9802,32.0000,4096,240.5000,5,47.3022,4351,1
13076,31.9802,32.0000,4096,240.5000,5,47.3022,4351,1
13077,31.9802,32.0000,4096,240.5000,5,47.3022,4351,1
13078,31.9802,32.0000,4096,240.5000,5,47.3022,4351,1
13079,31.9802,32.0000,4096,240.5000,5,47.3022,4351,1
13080,31.9802,32.0000,4096,240.5000,5,47.3022,4352,1
13081,31.9802,32.0000,4096,240.5000,5,47.3022,4352,1
13082,31.9802,32.0000,4096,240.5000,5,47.3022,4353,1
13083,31.9802,32.0000,4096,240.5000,5,47.3022,4353,1
13084,31.9802,32.0000,4096,240.5000,5,47.3022,4353,1
13085,31.9802,32.0000,4096,240.5000,5,47.3022,4353,1
13086,31.9802,32.0000,4096,240.5000,5,47.3022,4353,1
13087,31.9802,32.0000,4096,240.5000,5,47.3022,4353,1
13088,31.9802,32.0000,4096,240.5000,5,47.3022,4354,1
13089,31.9802,32.0000,4096,240.5000,5,47.3022,4355,1
13090,31.9802,32.0000,4096,240.5000,5,47.3022,4356,1
13091,31.9802,32.0000,4096,240.5000,5,47.3022,4356,1
13092,31.9802,32.0000,4096,240.5000,5,47.3022,4356,1
13093,31.9802,32.0000,4096,240.5000,5,47.3022,4356,1
13094,31.9802,32.0000,4096,240.5000,5,47.3022,4356,1
13095,31.9802,32.0000,4096,240.5000,5,47.3022,4357,1
13096,31.9802,32.0000,4096,240.5000,5,47.3022,4357,1
13097,31.9802,32.0000,4096,240.5000,5,47.3022,4357,1
13098,31.9802,32.0000,4096,240.5000,5,47.3022,4357,1
13099,31.9802,32.0000,4096,240.5000,5,47.3022,4357,1
13100,31.9802,32.0000,4096,240.5000,5,47.3022,4358,1
13101,31.9802,32.0000,4096,240.5000,5,47.3022,4358,1
13102,31.9802,32.0000,4096,240.5000,5,47.3022,4358,1
13103,31.9802,32.0000,4096,240.5000,5,47.3022,4358,1
13104,31.9802,32.0000,4096,240.5000,5,47.3022,4358,1
13105,31.9802,32.0000,4096,240.5000,5,47.3022,4358,1
13106,31.9802,32.0000,4096,240.5000,5,47.3022,4358,1
13107,31.9802,32.0000,4096,240.5000,5,47.3022,4358,1
13108,31.9802,32.0000,4096,240.5000,5,47.3022,4358,1
13109,31.9802,32.0000,4096,240.5000,5,47.3022,4358,1
13110,31.9802,32.0000,4096,240.5000,5,47.3022,4358,1
13111,31.9802,32.0000,4096,240.5000,5,47.3022,4359,1
13112,31.9802,32.0000,4096,240.5000,5,47.3022,4359,1
13113,31.9802,32.0000,4096,240.5000,5,47.3022,4359,1
13114,31.9802,32.0000,4096,240.5000,5,47.3022,4360,1
13115,31.9802,32.0000,4096,240.5000,5,47.3022,4360,1
13116,31.9802,32.0000,4096,240.5000,5,47.3022,4360,1
13117,31.9802,32.0000,4096,240.5000,5,47.3022,4360,1
13118,31.9802,32.0000,4096,240.5000,5,47.3022,4360,1
13119,31.9802,32.0000,4096,240.5000,5,47.3022,4360,1
13120,31.9802,32.0000,4096,240.5000,5,47.3022,4360,1
13121,31.9802,32.0000,4096,240.5000,5,47.3022,4360,1
13122,31.9802,32.0000,4096,240.5000,5,47.3022,4361,1
13123,31.9802,32.0000,4096,240.5000,5,47.3022,4361,1
13124,31.9802,32.0000,4096,240.5000,5,47.3022,4361,1
13125,31.9802,32.0000,4096,240.5000,5,47.3022,4361,1
13126,31.9802,32.0000,4096,240.5000,5,47.3022,4361,1
13127,31.9802,32.0000,4096,240.5000,5,47.3022,4361,1
13128,31.9802,32.0000,4096,240.5000,5,47.3022,4361,1
13129,31.9802,32.0000,4096,240.5000,5,47.3022,4362,1
13130,31.9802,32.0000,4096,240.5000,5,47.3022,4363,1
13131,31.9802,32.0000,4096,240.5000,5,47.3022,4364,1
13132,31.9802,32.0000,4096,240.5000,5,47.3022,4364,1
13133,31.9802,32.0000,4096,240.5000,5,47.3022,4364,1
13134,31.9802,32.0000,4096,240.5000,5,47.3022,4364,1
13135,31.9802,32.0000,4096,240.5000,5,47.3022,4364,1
13136,31.9802,32.0000,4096,240.5000,5,47.3022,4364,1
13137,31.9802,32.0000,4096,240.5000,5,47.3022,4364,1
13138,31.9802,32.0000,4096,240.5000,5,47.3022,4364,1
13139,31.9802,32.0000,4096,240.5000,5,47.3022,4364,1
13140,31.9802,32.0000,4096,240.5000,5,47.3022,4364,1
13141,31.9802,32.0000,4096,240.5000,5,47.3022,4364,1
13142,31.9802,32.0000,4096,240.5000,5,47.3022,4365,1
13143,31.9802,32.0000,4096,240.5000,5,47.3022,4365,1
13144,31.9802,32.0000,4096,240.5000,5,47.3022,4365,1
13145,31.9802,32.0000,4096,240.5000,5,47.3022,4366,1
13146,31.9802,32.0000,4096,240.5000,5,47.3022,4366,1
13147,31.9802,32.0000,4096,240.5000,5,47.3022,4367,1
13148,31.9802,32.0000,4096,240.5000,5,47.3022,4367,1
13149,31.9802,32.0000,4096,240.5000,5,47.3022,4367,1
13150,31.9802,32.0000,4096,240.5000,5,47.3022,4367,1
13151,31.9802,32.0000,4096,240.5000,5,47.3022,4367,1
13152,31.9802,32.0000,4096,240.5000,5,47.3022,4367,1
13153,31.9802,32.0000,4096,240.5000,5,47.3022,4367,1
13154,31.9802,32.0000,4096,240.5000,5,47.3022,4367,1
13155,31.9802,32.0000,4096,240.5000,5,47.3022,4367,1
13156,31.9802,32.0000,4096,240.5000,5,47.3022,4368,1
13157,31.9802,32.0000,4096,240.5000,5,47.3022,4368,1
13158,31.9802,32.0000,4096,240.5000,5,47.3022,4368,1
13159,31.9802,32.0000,4096,240.5000,5,47.3022,4368,1
13160,31.9802,32.0000,4096,240.5000,5,47.3022,4368,1
13161,31.9802,32.0000,4096,240.5000,5,47.3022,4368,1
13162,31.9802,32.0000,4096,240.5000,5,47.3022,4368,1
13163,31.9802,32.0000,4096,240.5000,5,47.3022,4368,1
13164,31.9802,32.0000,4096,240.5000,5,47.3022,4368,1
13165,31.9802,32.0000,4096,240.5000,5,47.3022,4368,1
13166,31.9802,32.0000,4096,240.5000,5,47.3022,4368,1
13167,31.9802,32.0000,4096,240.5000,5,47.3022,4368,1
13168,31.9802,32.0000,4096,240.5000,5,47.3022,4368,1
13169,31.9802,32.0000,4096,240.5000,5,47.3022,4368,1
13170,31.9802,32.0000,4096,240.5000,5,47.3022,4368,1
13171,31.9802,32.0000,4096,240.5000,5,47.3022,4368,1
13172,31.9802,32.0000,4096,240.5000,5,47.3022,4368,1
13173,31.9802,32.0000,4096,240.5000,5,47.3022,4368,1
13174,31.9802,32.0000,4096,240.5000,5,47.3022,4368,1
13175,31.9802,32.0000,4096,240.5000,5,47.3022,4368,1
13176,31.9802,32.0000,4096,240.5000,5,47.3022,4369,1
13177,31.9802,32.0000,4096,240.5000,5,47.3022,4370,1
13178,31.9802,32.0000,4096,240.5000,5,47.3022,4371,1
13179,31.9802,32.0000,4096,240.5000,5,47.3022,4371,1
13180,31.9802,32.0000,4096,240.5000,5,47.3022,4372,1
13181,31.9802,32.0000,4096,240.5000,5,47.3022,4372,1
13182,31.9802,32.0000,4096,240.5000,5,47.3022,4372,1
13183,31.9802,32.0000,4096,240.5000,5,47.3022,4372,1
13184,31.9802,32.0000,4096,240.5000,5,47.3022,4372,1
13185,31.9802,32.0000,4096,240.5000,5,47.3022,4372,1
13186,31.9802,32.0000,4096,240.5000,5,47.3022,4373,1
13187,31.9802,32.0000,4096,240.5000,5,47.3022,4373,1
13188,31.9802,32.0000,4096,240.5000,5,47.3022,4373,1
13189,31.9802,32.0000,4096,240.5000,5,47.3022,4373,1
13190,31.9802,32.0000,4096,240.5000,5,47.3022,4374,1
13191,31.9802,32.0000,4096,240.5000,5,47.3022,4374,1
13192,31.9802,32.0000,4096,240.5000,5,47.3022,4375,1
13193,31.9802,32.0000,4096,240.5000,5,47.3022,4376,1
13194,31.9802,32.0000,4096,240.5000,5,47.3022,4377,1
13195,31.9802,32.0000,4096,240.5000,5,47.3022,4378,1
13196,31.9802,32.0000,4096,240.5000,5,47.3022,4378,1
13197,31.9802,32.0000,4096,240.5000,5,47.3022,4378,1
13198,31.9802,32.0000,4096,240.5000,5,47.3022,4378,1
13199,31.9802,32.0000,4096,240.5000,5,47.3022,4379,1
13200,31.9802,32.0000,4096,240.5000,5,47.3022,4379,1
13201,31.9802,32.0000,4096,240.5000,5,47.3022,4379,1
13202,31.9802,32.0000,4096,240.5000,5,47.3022,4380,1
13203,31.9802,32.0000,4096,240.5000,5,47.3022,4380,1
13204,31.9802,32.0000,4096,240.5000,5,47.3022,4380,1
13205,31.9802,32.0000,4096,240.5000,5,47.3022,4380,1
13206,31.9802,32.0000,4096,240.5000,5,47.3022,4380,1
13207,31.9802,32.0000,4096,240.5000,5,47.3022,4380,1
13208,31.9802,32.0000,4096,240.5000,5,47.3022,4380,1
13209,31.9802,32.0000,4096,240.5000,5,47.3022,4380,1
13210,31.9802,32.0000,4096,240.5000,5,47.3022,4380,1
13211,31.9802,32.0000,4096,240.5000,5,47.3022,4380,1
13212,31.9802,32.0000,4096,240.5000,5,47.3022,4380,1
13213,31.9802,32.0000,4096,240.5000,5,47.3022,4380,1
13214,31.9802,32.0000,4096,240.5000,5,47.3022,4380,1
13215,31.9802,32.0000,4096,240.5000,5,47.3022,4380,1
13216,31.9802,32.0000,4096,240.5000,5,47.3022,4380,1
13217,31.9802,32.0000,4096,240.5000,5,47.3022,4380,1
13218,31.9802,32.0000,4096,240.5000,5,47.3022,4381,1
13219,31.9802,32.0000,4096,240.5000,5,47.3022,4382,1
13220,31.9802,32.0000,4096,240.5000,5,47.3022,4382,1
13221,31.9802,32.0000,4096,240.5000,5,47.3022,4382,1
13222,31.9802,32.0000,4096,240.5000,5,47.3022,4382,1
13223,31.9802,32.0000,4096,240.5000,5,47.3022,4383,1
13224,31.9802,32.0000,4096,240.5000,5,47.3022,4383,1
13225,31.9802,32.0000,4096,240.5000,5,47.3022,4384,1
13226,31.9802,32.0000,4096,240.5000,5,47.3022,4384,1
13227,31.9802,32.0000,4096,240.5000,5,47.3022,4384,1
13228,31.9802,32.0000,4096,240.5000,5,47.3022,4384,1
13229,31.9802,32.0000,4096,240.5000,5,47.3022,4385,1
13230,31.9802,32.0000,4096,240.5000,5,47.3022,4385,1
13231,31.9802,32.0000,4096,240.5000,5,47.3022,4385,1
13232,31.9802,32.0000,4096,240.5000,5,47.3022,4385,1
13233,31.9802,32.0000,4096,240.5000,5,47.3022,4385,1
13234,31.9802,32.0000,4096,240.5000,5,47.3022,4385,1
13235,31.9802,32.0000,4096,240.5000,5,47.3022,4385,1
13236,31.9802,32.0000,4096,240.5000,5,47.3022,4385,1
13237,31.9802,32.0000,4096,240.5000,5,47.3022,4385,1
13238,31.9802,32.0000,4096,240.5000,5,47.3022,4385,1
13239,31.9802,32.0000,4096,240.5000,5,47.3022,4385,1
13240,31.9802,32.0000,4096,240.5000,5,47.3022,4385,1
13241,31.9802,32.0000,4096,240.5000,5,47.3022,4385,1
13242,31.9802,32.0000,4096,240.5000,5,47.3022,4385,1
13243,31.9802,32.0000,4096,240.5000,5,47.3022,4385,1
13244,31.9802,32.0000,4096,240.5000,5,47.3022,4385,1
13245,31.9802,32.0000,4096,240.5000,5,47.3022,4385,1
13246,31.9802,32.0000,4096,240.5000,5,47.3022,4385,1
13247,31.9802,32.0000,4096,240.5000,5,47.3022,4385,1
13248,31.9802,32.0000,4096,240.5000,5,47.3022,4385,1
13249,31.9802,32.0000,4096,240.5000,5,47.3022,4385,1
13250,31.9802,32.0000,4096,240.5000,5,47.3022,4386,1
13251,31.9802,32.0000,4096,240.5000,5,47.3022,4386,1
13252,31.9802,32.0000,4096,240.5000,5,47.3022,4387,1
13253,31.9802,32.0000,4096,240.5000,5,47.3022,4387,1
13254,31.9802,32.0000,4096,240.5000,5,47.3022,4387,1
13255,31.9802,32.0000,4096,240.5000,5,47.3022,4387,1
13256,31.9802,32.0000,4096,240.5000,5,47.3022,4388,1
13257,31.9802,32.0000,4096,240.5000,5,47.3022,4389,1
13258,31.9802,32.0000,4096,240.5000,5,47.3022,4389,1
13259,31.9802,32.0000,4096,240.5000,5,47.3022,4389,1
13260,31.9802,32.0000,4096,240.5000,5,47.3022,4389,1
13261,31.9802,32.0000,4096,240.5000,5,47.3022,4389,1
13262,31.9802,32.0000,4096,240.5000,5,47.3022,4389,1
13263,31.9802,32.0000,4096,240.5000,5,47.3022,4389,1
13264,31.9802,32.0000,4096,240.5000,5,47.3022,4390,1
13265,31.9802,32.0000,4096,240.5000,5,47.3022,4390,1
13266,31.9802,32.0000,4096,240.5000,5,47.3022,4390,1
13267,31.9802,32.0000,4096,240.5000,5,47.3022,4390,1
13268,31.9802,32.0000,4096,240.5000,5,47.3022,4390,1
13269,31.9802,32.0000,4096,240.5000,5,47.3022,4390,1
13270,31.9802,32.0000,4096,240.5000,5,47.3022,4390,1
13271,31.9802,32.0000,4096,240.5000,5,47.3022,4391,1
13272,31.9802,32.0000,4096,240.5000,5,47.3022,4391,1
13273,31.9802,32.0000,4096,240.5000,5,47.3022,4392,1
13274,31.9802,32.0000,4096,240.5000,5,47.3022,4393,1
13275,31.9802,32.0000,4096,240.5000,5,47.3022,4393,1
13276,31.9802,32.0000,4096,240.5000,5,47.3022,4393,1
13277,31.9802,32.0000,4096,240.5000,5,47.3022,4393,1
13278,31.9802,32.0000,4096,240.5000,5,47.3022,4393,1
13279,31.9802,32.0000,4096,240.5000,5,47.3022,4393,1
13280,31.9802,32.0000,4096,240.5000,5,47.3022,4393,1
13281,31.9802,32.0000,4096,240.5000,5,47.3022,4393,1
13282,31.9802,32.0000,4096,240.5000,5,47.3022,4393,1
13283,31.9802,32.0000,4096,240.5000,5,47.3022,4393,1
13284,31.9802,32.0000,4096,240.5000,5,47.3022,4393,1
13285,31.9802,32.0000,4096,240.5000,5,47.3022,4393,1
13286,31.9802,32.0000,4096,240.5000,5,47.3022,4394,1
13287,31.9802,32.0000,4096,240.5000,5,47.3022,4394,1
13288,31.9802,32.0000,4096,240.5000,5,47.3022,4394,1
13289,31.9802,32.0000,4096,240.5000,5,47.3022,4394,1
13290,31.9802,32.0000,4096,240.5000,5,47.3022,4394,1
13291,31.9802,32.0000,4096,240.5000,5,47.3022,4395,1
13292,31.9802,32.0000,4096,240.5000,5,47.3022,4396,1
13293,31.9802,32.0000,4096,240.5000,5,47.3022,4396,1
13294,31.9802,32.0000,4096,240.5000,5,47.3022,4396,1
13295,31.9802,32.0000,4096,240.5000,5,47.3022,4397,1
13296,31.9802,32.0000,4096,240.5000,5,47.3022,4397,1
13297,31.9802,32.0000,4096,240.5000,5,47.3022,4397,1
13298,31.9802,32.0000,4096,240.5000,5,47.3022,4397,1
13299,31.9802,32.0000,4096,240.5000,5,47.3022,4398,1
13300,31.9802,32.0000,4096,240.5000,5,47.3022,4398,1
13301,31.9802,32.0000,4096,240.5000,5,47.3022,4398,1
13302,31.9802,32.0000,4096,240.5000,5,47.3022,4398,1
13303,31.9802,32.0000,4096,240.5000,5,47.3022,4398,1
13304,31.9802,32.0000,4096,240.5000,5,47.3022,4398,1
13305,31.9802,32.0000,4096,240.5000,5,47.3022,4398,1
13306,31.9802,32.0000,4096,240.5000,5,47.3022,4398,1
13307,31.9802,32.0000,4096,240.5000,5,47.3022,4398,1
13308,31.9802,32.0000,4096,240.5000,5,47.3022,4398,1
13309,31.9802,32.0000,4096,240.5000,5,47.3022,4399,1
13310,31.9802,32.0000,4096,240.5000,5,47.3022,4399,1
13311,31.9802,32.0000,4096,240.5000,5,47.3022,4399,1
13312,31.9802,32.0000,4096,240.5000,5,47.3022,4399,1
13313,31.9802,32.0000,4096,240.5000,5,47.3022,4399,1
13314,31.9802,32.0000,4096,240.5000,5,47.3022,4399,1
13315,31.9802,32.0000,4096,240.5000,5,47.3022,4400,1
13316,31.9802,32.0000,4096,240.5000,5,47.3022,4401,1
13317,31.9802,32.0000,4096,240.5000,5,47.3022,4401,1
13318,31.9802,32.0000,4096,240.5000,5,47.3022,4402,1
13319,31.9802,32.0000,4096,240.5000,5,47.3022,4402,1
13320,31.9802,32.0000,4096,240.5000,5,47.3022,4403,1
13321,31.9802,32.0000,4096,240.5000,5,47.3022,4403,1
13322,31.9802,32.0000,4096,240.5000,5,47.3022,4403,1
13323,31.9802,32.0000,4096,240.5000,5,47.3022,4404,1
13324,31.9802,32.0000,4096,240.5000,5,47.3022,4404,1
13325,31.9802,32.0000,4096,240.5000,5,47.3022,4404,1
13326,31.9802,32.0000,4096,240.5000,5,47.3022,4404,1
13327,31.9802,32.0000,4096,240.5000,5,47.3022,4404,1
13328,31.9802,32.0000,4096,240.5000,5,47.3022,4404,1
13329,31.9802,32.0000,4096,240.5000,5,47.3022,4404,1
13330,31.9802,32.0000,4096,240.5000,5,47.3022,4404,1
13331,31.9802,32.0000,4096,240.5000,5,47.3022,4404,1
13332,31.9802,32.0000,4096,240.5000,5,47.3022,4404,1
13333,31.9802,32.0000,4096,240.5000,5,47.3022,4404,1
13334,31.9802,32.0000,4096,240.5000,5,47.3022,4404,1
13335,31.9802,32.0000,4096,240.5000,5,47.3022,4404,1
13336,31.9802,32.0000,4096,240.5000,5,47.3022,4404,1
13337,31.9802,32.0000,4096,240.5000,5,47.3022,4404,1
13338,31.9802,32.0000,4096,240.5000,5,47.3022,4404,1
13339,31.9802,32.0000,4096,240.5000,5,47.3022,4405,1
13340,31.9802,32.0000,4096,240.5000,5,47.3022,4406,1
13341,31.9802,32.0000,4096,240.5000,5,47.3022,4406,1
13342,31.9802,32.0000,4096,240.5000,5,47.3022,4406,1
13343,31.9802,32.0000,4096,240.5000,5,47.3022,4406,1
13344,31.9802,32.0000,4096,240.5000,5,47.3022,4406,1
13345,31.9802,32.0000,4096,240.5000,5,47.3022,4406,1
13346,31.9802,32.0000,4096,240.5000,5,47.3022,4406,1
13347,31.9802,32.0000,4096,240.5000,5,47.3022,4407,1
13348,31.9802,32.0000,4096,240.5000,5,47.3022,4407,1
13349,31.9802,32.0000,4096,240.5000,5,47.3022,4407,1
13350,31.9802,32.0000,4096,240.5000,5,47.3022,4407,1
13351,31.9802,32.0000,4096,240.5000,5,47.3022,4407,1
13352,31.9802,32.0000,4096,240.5000,5,47.3022,4407,1
13353,31.9802,32.0000,4096,240.5000,5,47.3022,4407,1
13354,31.9802,32.0000,4096,240.5000,5,47.3022,4407,1
13355,31.9802,32.0000,4096,240.5000,5,47.3022,4408,1
13356,31.9802,32.0000,4096,240.5000,5,47.3022,4408,1
13357,31.9802,32.0000,4096,240.5000,5,47.3022,4408,1
13358,31.9802,32.0000,4096,240.5000,5,47.3022,4408,1
13359,31.9802,32.0000,4096,240.5000,5,47.3022,4408,1
13360,31.9802,32.0000,4096,240.5000,5,47.3022,4408,1
13361,31.9802,32.0000,4096,240.5000,5,47.3022,4408,1
13362,31.9802,32.0000,4096,240.5000,5,47.3022,4408,1
13363,31.9802,32.0000,4096,240.5000,5,47.3022,4408,1
13364,31.9802,32.0000,4096,240.5000,5,47.3022,4409,1
13365,31.9802,32.0000,4096,240.5000,5,47.3022,4409,1
13366,31.9802,32.0000,4096,240.5000,5,47.3022,4410,1
13367,31.9802,32.0000,4096,240.5000,5,47.3022,4410,1
13368,31.9802,32.0000,4096,240.5000,5,47.3022,4410,1
13369,31.9802,32.0000,4096,240.5000,5,47.3022,4410,1
13370,31.9802,32.0000,4096,240.5000,5,47.3022,4411,1
13371,31.9802,32.0000,4096,240.5000,5,47.3022,4411,1
13372,31.9802,32.0000,4096,240.5000,5,47.3022,4411,1
13373,31.9802,32.0000,4096,240.5000,5,47.3022,4412,1
13374,31.9802,32.0000,4096,240.5000,5,47.3022,4412,1
13375,31.9802,32.0000,4096,240.5000,5,47.3022,4412,1
13376,31.9802,32.0000,4096,240.5000,5,47.3022,4412,1
13377,31.9802,32.0000,4096,240.5000,5,47.3022,4412,1
13378,31.9802,32.0000,4096,240.5000,5,47.3022,4413,1
13379,31.9802,32.0000,4096,240.5000,5,47.3022,4413,1
13380,31.9802,32.0000,4096,240.5000,5,47.3022,4413,1
13381,31.9802,32.0000,4096,240.5000,5,47.3022,4413,1
13382,31.9802,32.0000,4096,240.5000,5,47.3022,4413,1
13383,31.9802,32.0000,4096,240.5000,5,47.3022,4414,1
13384,31.9802,32.0000,4096,240.5000,5,47.3022,4414,1
13385,31.9802,32.0000,4096,240.5000,5,47.3022,4415,1
13386,31.9802,32.0000,4096,240.5000,5,47.3022,4415,1
13387,31.9802,32.0000,4096,240.5000,5,47.3022,4416,1
13388,31.9802,32.0000,4096,240.5000,5,47.3022,4416,1
13389,31.9802,32.0000,4096,240.5000,5,47.3022,4416,1
13390,31.9802,32.0000,4096,240.5000,5,47.3022,4416,1
13391,31.9802,32.0000,4096,240.5000,5,47.3022,4416,1
13392,31.9802,32.0000,4096,240.5000,5,47.3022,4416,1
13393,31.9802,32.0000,4096,240.5000,5,47.3022,4416,1
13394,31.9802,32.0000,4096,240.5000,5,47.3022,4416,1
13395,31.9802,32.0000,4096,240.5000,5,47.3022,4416,1
13396,31.9802,32.0000,4096,240.5000,5,47.3022,4416,1
13397,31.9802,32.0000,4096,240.5000,5,47.3022,4416,1
13398,31.9802,32.0000,4096,240.5000,5,47.3022,4416,1
13399,31.9802,32.0000,4096,240.5000,5,47.3022,4416,1
13400,31.9802,32.0000,4096,240.5000,5,47.3022,4417,1
13401,31.9802,32.0000,4096,240.5000,5,47.3022,4418,1
13402,31.9802,32.0000,4096,240.5000,5,47.3022,4418,1
13403,31.9802,32.0000,4096,240.5000,5,47.3022,4418,1
13404,31.9802,32.0000,4096,240.5000,5,47.3022,4418,1
13405,31.9802,32.0000,4096,240.5000,5,47.3022,4419,1
13406,31.9802,32.0000,4096,240.5000,5,47.3022,4419,1
13407,31.9802,32.0000,4096,240.5000,5,47.3022,4419,1
13408,31.9802,32.0000,4096,240.5000,5,47.3022,4419,1
13409,31.9802,32.0000,4096,240.5000,5,47.3022,4419,1
13410,31.9802,32.0000,4096,240.5000,5,47.3022,4419,1
13411,31.9802,32.0000,4096,240.5000,5,47.3022,4419,1
13412,31.9802,32.0000,4096,240.5000,5,47.3022,4420,1
13413,31.9802,32.0000,4096,240.5000,5,47.3022,4421,1
13414,31.9802,32.0000,4096,240.5000,5,47.3022,4421,1
13415,31.9802,32.0000,4096,240.5000,5,47.3022,4421,1
13416,31.9802,32.0000,4096,240.5000,5,47.3022,4422,1
13417,31.9802,32.0000,4096,240.5000,5,47.3022,4423,1
13418,31.9802,32.0000,4096,240.5000,5,47.3022,4423,1
13419,31.9802,32.0000,4096,240.5000,5,47.3022,4424,1
13420,31.9802,32.0000,4096,240.5000,5,47.3022,4424,1
13421,31.9802,32.0000,4096,240.5000,5,47.3022,4424,1
13422,31.9802,32.0000,4096,240.5000,5,47.3022,4425,1
13423,31.9802,32.0000,4096,240.5000,5,47.3022,4425,1
13424,31.9802,32.0000,4096,240.5000,5,47.3022,4425,1
13425,31.9802,32.0000,4096,240.5000,5,47.3022,4425,1
13426,31.9802,32.0000,4096,240.5000,5,47.3022,4425,1
13427,31.9802,32.0000,4096,240.5000,5,47.3022,4425,1
13428,31.9802,32.0000,4096,240.5000,5,47.3022,4425,1
13429,31.9802,32.0000,4096,240.5000,5,47.3022,4425,1
13430,31.9802,32.0000,4096,240.5000,5,47.3022,4425,1
13431,31.9802,32.0000,4096,240.5000,5,47.3022,4426,1
13432,31.9802,32.0000,4096,240.5000,5,47.3022,4426,1
13433,31.9802,32.0000,4096,240.5000,5,47.3022,4427,1
13434,31.9802,32.0000,4096,240.5000,5,47.3022,4427,1
13435,31.9802,32.0000,4096,240.5000,5,47.3022,4427,1
13436,31.9802,32.0000,4096,240.5000,5,47.3022,4427,1
13437,31.9802,32.0000,4096,240.5000,5,47.3022,4427,1
13438,31.9802,32.0000,4096,240.5000,5,47.3022,4428,1
13439,31.9802,32.0000,4096,240.5000,5,47.3022,4428,1
13440,31.9802,32.0000,4096,240.5000,5,47.3022,4428,1
13441,31.9802,32.0000,4096,240.5000,5,47.3022,4429,1
13442,31.9802,32.0000,4096,240.5000,5,47.3022,4430,1
13443,31.9802,32.0000,4096,240.5000,5,47.3022,4430,1
13444,31.9802,32.0000,4096,240.5000,5,47.3022,4430,1
13445,31.9802,32.0000,4096,240.5000,5,47.3022,4430,1
13446,31.9802,32.0000,4096,240.5000,5,47.3022,4430,1
13447,31.9802,32.0000,4096,240.5000,5,47.3022,4430,1
13448,31.9802,32.0000,4096,240.5000,5,47.3022,4430,1
13449,31.9802,32.0000,4096,240.5000,5,47.3022,4430,1
13450,31.9802,32.0000,4096,240.5000,5,47.3022,4430,1
13451,31.9802,32.0000,4096,240.5000,5,47.3022,4430,1
13452,31.9802,32.0000,4096,240.5000,5,47.3022,4430,1
13453,31.9802,32.0000,4096,240.5000,5,47.3022,4431,1
13454,31.9802,32.0000,4096,240.5000,5,47.3022,4431,1
13455,31.9802,32.0000,4096,240.5000,5,47.3022,4431,1
13456,31.9802,32.0000,4096,240.5000,5,47.3022,4431,1
13457,31.9802,32.0000,4096,240.5000,5,47.3022,4431,1
13458,31.9802,32.0000,4096,240.5000,5,47.3022,4432,1
13459,31.9802,32.0000,4096,240.5000,5,47.3022,4432,1
13460,31.9802,32.0000,4096,240.5000,5,47.3022,4432,1
13461,31.9802,32.0000,4096,240.5000,5,47.3022,4432,1
13462,31.9802,32.0000,4096,240.5000,5,47.3022,4432,1
13463,31.9802,32.0000,4096,240.5000,5,47.3022,4432,1
13464,31.9802,32.0000,4096,240.5000,5,47.3022,4432,1
13465,31.9802,32.0000,4096,240.5000,5,47.3022,4432,1
13466,31.9802,32.0000,4096,240.5000,5,47.3022,4432,1
13467,31.9802,32.0000,4096,240.5000,5,47.3022,4432,1
13468,31.9802,32.0000,4096,240.5000,5,47.3022,4433,1
13469,31.9802,32.0000,4096,240.5000,5,47.3022,4433,1
13470,31.9802,32.0000,4096,240.5000,5,47.3022,4433,1
13471,31.9802,32.0000,4096,240.5000,5,47.3022,4433,1
13472,31.9802,32.0000,4096,240.5000,5,47.3022,4433,1
13473,31.9802,32.0000,4096,240.5000,5,47.3022,4433,1
13474,31.9802,32.0000,4096,240.5000,5,47.3022,4433,1
13475,31.9802,32.0000,4096,240.5000,5,47.3022,4433,1
13476,31.9802,32.0000,4096,240.5000,5,47.3022,4434,1
13477,31.9802,32.0000,4096,240.5000,5,47.3022,4434,1
13478,31.9802,32.0000,4096,240.5000,5,47.3022,4435,1
13479,31.9802,32.0000,4096,240.5000,5,47.3022,4435,1
13480,31.9802,32.0000,4096,240.5000,5,47.3022,4435,1
13481,31.9802,32.0000,4096,240.5000,5,47.3022,4435,1
13482,31.9802,32.0000,4096,240.5000,5,47.3022,4435,1
13483,31.9802,32.0000,4096,240.5000,5,47.3022,4435,1
13484,31.9802,32.0000,4096,240.5000,5,47.3022,4435,1
13485,31.9802,32.0000,4096,240.5000,5,47.3022,4435,1
13486,31.9802,32.0000,4096,240.5000,5,47.3022,4435,1
13487,31.9802,32.0000,4096,240.5000,5,47.3022,4435,1
13488,31.9802,32.0000,4096,240.5000,5,47.3022,4435,1
13489,31.9802,32.0000,4096,240.5000,5,47.3022,4435,1
13490,31.9802,32.0000,4096,240.5000,5,47.3022,4435,1
13491,31.9802,32.0000,4096,240.5000,5,47.3022,4435,1
13492,31.9802,32.0000,4096,240.5000,5,47.3022,4436,1
13493,31.9802,32.0000,4096,240.5000,5,47.3022,4437,1
13494,31.9802,32.0000,4096,240.5000,5,47.3022,4437,1
13495,31.9802,32.0000,4096,240.5000,5,47.3022,4437,1
13496,31.9802,32.0000,4096,240.5000,5,47.3022,4437,1
13497,31.9802,32.0000,4096,240.5000,5,47.3022,4437,1
13498,31.9802,32.0000,4096,240.5000,5,47.3022,4437,1
13499,31.9802,32.0000,4096,240.5000,5,47.3022,4438,1
13500,31.9802,32.0000,4096,240.5000,5,47.3022,4438,1
13501,31.9802,32.0000,4096,240.5000,5,47.3022,4438,1
13502,31.9802,32.0000,4096,240.5000,5,47.3022,4438,1
13503,31.9802,32.0000,4096,240.5000,5,47.3022,4439,1
13504,31.9802,32.0000,4096,240.5000,5,47.3022,4439,1
13505,31.9802,32.0000,4096,240.5000,5,47.3022,4439,1
13506,31.9802,32.0000,4096,240.5000,5,47.3022,4439,1
13507,31.9802,32.0000,4096,240.5000,5,47.3022,4439,1
13508,31.9802,32.0000,4096,240.5000,5,47.3022,4440,1
13509,31.9802,32.0000,4096,240.5000,5,47.3022,4441,1
13510,31.9802,32.0000,4096,240.5000,5,47.3022,4441,1
13511,31.9802,32.0000,4096,240.5000,5,47.3022,4441,1
13512,31.9802,32.0000,4096,240.5000,5,47.3022,4441,1
13513,31.9802,32.0000,4096,240.5000,5,47.3022,4441,1
13514,31.9802,32.0000,4096,240.5000,5,47.3022,4441,1
13515,31.9802,32.0000,4096,240.5000,5,47.3022,4441,1
13516,31.9802,32.0000,4096,240.5000,5,47.3022,4441,1
13517,31.9802,32.0000,4096,240.5000,5,47.3022,4441,1
13518,31.9802,32.0000,4096,240.5000,5,47.3022,4441,1
13519,31.9802,32.0000,4096,240.5000,5,47.3022,4441,1
13520,31.9802,32.0000,4096,240.5000,5,47.3022,4441,1
13521,31.9802,32.0000,4096,240.5000,5,47.3022,4441,1
13522,31.9802,32.0000,4096,240.5000,5,47.3022,4441,1
13523,31.9802,32.0000,4096,240.5000,5,47.3022,4442,1
13524,31.9802,32.0000,4096,240.5000,5,47.3022,4442,1
13525,31.9802,32.0000,4096,240.5000,5,47.3022,4442,1
13526,31.9802,32.0000,4096,240.5000,5,47.3022,4442,1
13527,31.9802,32.0000,4096,240.5000,5,47.3022,4442,1
13528,31.9802,32.0000,4096,240.5000,5,47.3022,4442,1
13529,31.9802,32.0000,4096,240.5000,5,47.3022,4442,1
13530,31.9802,32.0000,4096,240.5000,5,47.3022,4442,1
13531,31.9802,32.0000,4096,240.5000,5,47.3022,4442,1
13532,31.9802,32.0000,4096,240.5000,5,47.3022,4442,1
13533,31.9802,32.0000,4096,240.5000,5,47.3022,4443,1
13534,31.9802,32.0000,4096,240.5000,5,47.3022,4443,1
13535,31.9802,32.0000,4096,240.5000,5,47.3022,4443,1
13536,31.9802,32.0000,4096,240.5000,5,47.3022,4444,1
13537,31.9802,32.0000,4096,240.5000,5,47.3022,4444,1
13538,31.9802,32.0000,4096,240.5000,5,47.3022,4445,1
13539,31.9802,32.0000,4096,240.5000,5,47.3022,4445,1
13540,31.9802,32.0000,4096,240.5000,5,47.3022,4445,1
13541,31.9802,32.0000,4096,240.5000,5,47.3022,4445,1
13542,31.9802,32.0000,4096,240.5000,5,47.3022,4445,1
13543,31.9802,32.0000,4096,240.5000,5,47.3022,4445,1
13544,31.9802,32.0000,4096,240.5000,5,47.3022,4445,1
13545,31.9802,32.0000,4096,240.5000,5,47.3022,4446,1
13546,31.9802,32.0000,4096,240.5000,5,47.3022,4446,1
13547,31.9802,32.0000,4096,240.5000,5,47.3022,4446,1
13548,31.9802,32.0000,4096,240.5000,5,47.3022,4446,1
13549,31.9802,32.0000,4096,240.5000,5,47.3022,4446,1
13550,31.9802,32.0000,4096,240.5000,5,47.3022,4446,1
13551,31.9802,32.0000,4096,240.5000,5,47.3022,4446,1
13552,31.9802,32.0000,4096,240.5000,5,47.3022,4446,1
13553,31.9802,32.0000,4096,240.5000,5,47.3022,4446,1
13554,31.9802,32.0000,4096,240.5000,5,47.3022,4446,1
13555,31.9802,32.0000,4096,240.5000,5,47.3022,4446,1
13556,31.9802,32.0000,4096,240.5000,5,47.3022,4446,1
13557,31.9802,32.0000,4096,240.5000,5,47.3022,4447,1
13558,31.9802,32.0000,4096,240.5000,5,47.3022,4447,1
13559,31.9802,32.0000,4096,240.5000,5,47.3022,4447,1
13560,31.9802,32.0000,4096,240.5000,5,47.3022,4447,1
13561,31.9802,32.0000,4096,240.5000,5,47.3022,4448,1
13562,31.9802,32.0000,4096,240.5000,5,47.3022,4448,1
13563,31.9802,32.0000,4096,240.5000,5,47.3022,4448,1
13564,31.9802,32.0000,4096,240.5000,5,47.3022,4448,1
13565,31.9802,32.0000,4096,240.5000,5,47.3022,4449,1
13566,31.9802,32.0000,4096,240.5000,5,47.3022,4450,1
13567,31.9802,32.0000,4096,240.5000,5,47.3022,4451,1
13568,31.9802,32.0000,4096,240.5000,5,47.3022,4451,1
13569,31.9802,32.0000,4096,240.5000,5,47.3022,4451,1
13570,31.9802,32.0000,4096,240.5000,5,47.3022,4451,1
13571,31.9802,32.0000,4096,240.5000,5,47.3022,4451,1
13572,31.9802,32.0000,4096,240.5000,5,47.3022,4451,1
13573,31.9802,32.0000,4096,240.5000,5,47.3022,4451,1
13574,31.9802,32.0000,4096,240.5000,5,47.3022,4451,1
13575,31.9802,32.0000,4096,240.5000,5,47.3022,4451,1
13576,31.9802,32.0000,4096,240.5000,5,47.3022,4452,1
13577,31.9802,32.0000,4096,240.5000,5,47.3022,4452,1
13578,31.9802,32.0000,4096,240.5000,5,47.3022,4452,1
13579,31.9802,32.0000,4096,240.5000,5,47.3022,4452,1
13580,31.9802,32.0000,4096,240.5000,5,47.3022,4452,1
13581,31.9802,32.0000,4096,240.5000,5,47.3022,4452,1
13582,31.9802,32.0000,4096,240.5000,5,47.3022,4452,1
13583,31.9802,32.0000,4096,240.5000,5,47.3022,4452,1
13584,31.9802,32.0000,4096,240.5000,5,47.3022,4452,1
13585,31.9802,32.0000,4096,240.5000,5,47.3022,4452,1
13586,31.9802,32.0000,4096,240.5000,5,47.3022,4452,1
13587,31.9802,32.0000,4096,240.5000,5,47.3022,4452,1
13588,31.9802,32.0000,4096,240.5000,5,47.3022,4452,1
13589,31.9802,32.0000,4096,240.5000,5,47.3022,4452,1
13590,31.9802,32.0000,4096,240.5000,5,47.3022,4452,1
13591,31.9802,32.0000,4096,240.5000,5,47.3022,4452,1
13592,31.9802,32.0000,4096,240.5000,5,47.3022,4452,1
13593,31.9802,32.0000,4096,240.5000,5,47.3022,4452,1
13594,31.9802,32.0000,4096,240.5000,5,47.3022,4452,1
13595,31.9802,32.0000,4096,240.5000,5,47.3022,4453,1
13596,31.9802,32.0000,4096,240.5000,5,47.3022,4454,1
13597,31.9802,32.0000,4096,240.5000,5,47.3022,4455,1
13598,31.9802,32.0000,4096,240.5000,5,47.3022,4455,1
13599,31.9802,32.0000,4096,240.5000,5,47.3022,4455,1
13600,31.9802,32.0000,4096,240.5000,5,47.3022,4455,1
13601,31.9802,32.0000,4096,240.5000,5,47.3022,4455,1
13602,31.9802,32.0000,4096,240.5000,5,47.3022,4455,1
13603,31.9802,32.0000,4096,240.5000,5,47.3022,4455,1
13604,31.9802,32.0000,4096,240.5000,5,47.3022,4455,1
13605,31.9802,32.0000,4096,240.5000,5,47.3022,4455,1
13606,31.9802,32.0000,4096,240.5000,5,47.3022,4455,1
13607,31.9802,32.0000,4096,240.5000,5,47.3022,4456,1
13608,31.9802,32.0000,4096,240.5000,5,47.3022,4456,1
13609,31.9802,32.0000,4096,240.5000,5,47.3022,4457,1
13610,31.9802,32.0000,4096,240.5000,5,47.3022,4457,1
13611,31.9802,32.0000,4096,240.5000,5,47.3022,4457,1
13612,31.9802,32.0000,4096,240.5000,5,47.3022,4457,1
13613,31.9802,32.0000,4096,240.5000,5,47.3022,4457,1
13614,31.9802,32.0000,4096,240.5000,5,47.3022,4457,1
13615,31.9802,32.0000,4096,240.5000,5,47.3022,4457,1
13616,31.9802,32.0000,4096,240.5000,5,47.3022,4457,1
13617,31.9802,32.0000,4096,240.5000,5,47.3022,4458,1
13618,31.9802,32.0000,4096,240.5000,5,47.3022,4458,1
13619,31.9802,32.0000,4096,240.5000,5,47.3022,4458,1
13620,31.9802,32.0000,4096,240.5000,5,47.3022,4458,1
13621,31.9802,32.0000,4096,240.5000,5,47.3022,4458,1
13622,31.9802,32.0000,4096,240.5000,5,47.3022,4458,1
13623,31.9802,32.0000,4096,240.5000,5,47.3022,4459,1
13624,31.9802,32.0000,4096,240.5000,5,47.3022,4459,1
13625,31.9802,32.0000,4096,240.5000,5,47.3022,4459,1
13626,31.9802,32.0000,4096,240.5000,5,47.3022,4459,1
13627,31.9802,32.0000,4096,240.5000,5,47.3022,4460,1
13628,31.9802,32.0000,4096,240.5000,5,47.3022,4460,1
13629,31.9802,32.0000,4096,240.5000,5,47.3022,4460,1
13630,31.9802,32.0000,4096,240.5000,5,47.3022,4460,1
13631,31.9802,32.0000,4096,240.5000,5,47.3022,4461,1
13632,31.9802,32.0000,4096,240.5000,5,47.3022,4462,1
13633,31.9802,32.0000,4096,240.5000,5,47.3022,4463,1
13634,31.9802,32.0000,4096,240.5000,5,47.3022,4463,1
13635,31.9802,32.0000,4096,240.5000,5,47.3022,4463,1
13636,31.9802,32.0000,4096,240.5000,5,47.3022,4463,1
13637,31.9802,32.0000,4096,240.5000,5,47.3022,4463,1
13638,31.9802,32.0000,4096,240.5000,5,47.3022,4463,1
13639,31.9802,32.0000,4096,240.5000,5,47.3022,4463,1
13640,31.9802,32.0000,4096,240.5000,5,47.3022,4463,1
13641,31.9802,32.0000,4096,240.5000,5,47.3022,4463,1
13642,31.9802,32.0000,4096,240.5000,5,47.3022,4463,1
13643,31.9802,32.0000,4096,240.5000,5,47.3022,4463,1
13644,31.9802,32.0000,4096,240.5000,5,47.3022,4463,1
13645,31.9802,32.0000,4096,240.5000,5,47.3022,4463,1
13646,31.9802,32.0000,4096,240.5000,5,47.3022,4464,1
13647,31.9802,32.0000,4096,240.5000,5,47.3022,4465,1
13648,31.9802,32.0000,4096,240.5000,5,47.3022,4465,1
13649,31.9802,32.0000,4096,240.5000,5,47.3022,4465,1
13650,31.9802,32.0000,4096,240.5000,5,47.3022,4465,1
13651,31.9802,32.0000,4096,240.5000,5,47.3022,4465,1
13652,31.9802,32.0000,4096,240.5000,5,47.3022,4465,1
13653,31.9802,32.0000,4096,240.5000,5,47.3022,4465,1
13654,31.9802,32.0000,4096,240.5000,5,47.3022,4465,1
13655,31.9802,32.0000,4096,240.5000,5,47.3022,4465,1
13656,31.9802,32.0000,4096,240.5000,5,47.3022,4465,1
13657,31.9802,32.0000,4096,240.5000,5,47.3022,4466,1
13658,31.9802,32.0000,4096,240.5000,5,47.3022,4466,1
13659,31.9802,32.0000,4096,240.5000,5,47.3022,4466,1
13660,31.9802,32.0000,4096,240.5000,5,47.3022,4466,1
13661,31.9802,32.0000,4096,240.5000,5,47.3022,4466,1
13662,31.9802,32.0000,4096,240.5000,5,47.3022,4467,1
13663,31.9802,32.0000,4096,240.5000,5,47.3022,4467,1
13664,31.9802,32.0000,4096,240.5000,5,47.3022,4467,1
13665,31.9802,32.0000,4096,240.5000,5,47.3022,4467,1
13666,31.9802,32.0000,4096,240.5000,5,47.3022,4468,1
13667,31.9802,32.0000,4096,240.5000,5,47.3022,4469,1
13668,31.9802,32.0000,4096,240.5000,5,47.3022,4470,1
13669,31.9802,32.0000,4096,240.5000,5,47.3022,4470,1
13670,31.9802,32.0000,4096,240.5000,5,47.3022,4470,1
13671,31.9802,32.0000,4096,240.5000,5,47.3022,4471,1
13672,31.9802,32.0000,4096,240.5000,5,47.3022,4472,1
13673,31.9802,32.0000,4096,240.5000,5,47.3022,4472,1
13674,31.9802,32.0000,4096,240.5000,5,47.3022,4472,1
13675,31.9802,32.0000,4096,240.5000,5,47.3022,4472,1
13676,31.9802,32.0000,4096,240.5000,5,47.3022,4472,1
13677,31.9802,32.0000,4096,240.5000,5,47.3022,4472,1
13678,31.9802,32.0000,4096,240.5000,5,47.3022,4473,1
13679,31.9802,32.0000,4096,240.5000,5,47.3022,4474,1
13680,31.9802,32.0000,4096,240.5000,5,47.3022,4474,1
13681,31.9802,32.0000,4096,240.5000,5,47.3022,4474,1
13682,31.9802,32.0000,4096,240.5000,5,47.3022,4475,1
13683,31.9802,32.0000,4096,240.5000,5,47.3022,4475,1
13684,31.9802,32.0000,4096,240.5000,5,47.3022,4475,1
13685,31.9802,32.0000,4096,240.5000,5,47.3022,4475,1
13686,31.9802,32.0000,4096,240.5000,5,47.3022,4476,1
13687,31.9802,32.0000,4096,240.5000,5,47.3022,4476,1
13688,31.9802,32.0000,4096,240.5000,5,47.3022,4476,1
13689,31.9802,32.0000,4096,240.5000,5,47.3022,4476,1
13690,31.9802,32.0000,4096,240.5000,5,47.3022,4476,1
13691,31.9802,32.0000,4096,240.5000,5,47.3022,4476,1
13692,31.9802,32.0000,4096,240.5000,5,47.3022,4477,1
13693,31.9802,32.0000,4096,240.5000,5,47.3022,4478,1
13694,31.9802,32.0000,4096,240.5000,5,47.3022,4479,1
13695,31.9802,32.0000,4096,240.5000,5,47.3022,4479,1
13696,31.9802,32.0000,4096,240.5000,5,47.3022,4479,1
13697,31.9802,32.0000,4096,240.5000,5,47.3022,4479,1
13698,31.9802,32.0000,4096,240.5000,5,47.3022,4479,1
13699,31.9802,32.0000,4096,240.5000,5,47.3022,4479,1
13700,31.9802,32.0000,4096,240.5000,5,47.3022,4479,1
13701,31.9802,32.0000,4096,240.5000,5,47.3022,4479,1
13702,31.9802,32.0000,4096,240.5000,5,47.3022,4479,1
13703,31.9802,32.0000,4096,240.5000,5,47.3022,4479,1
13704,31.9802,32.0000,4096,240.5000,5,47.3022,4480,1
13705,31.9802,32.0000,4096,240.5000,5,47.3022,4480,1
13706,31.9802,32.0000,4096,240.5000,5,47.3022,4480,1
13707,31.9802,32.0000,4096,240.5000,5,47.3022,4480,1
13708,31.9802,32.0000,4096,240.5000,5,47.3022,4481,1
13709,31.9802,32.0000,4096,240.5000,5,47.3022,4481,1
13710,31.9802,32.0000,4096,240.5000,5,47.3022,4481,1
13711,31.9802,32.0000,4096,240.5000,5,47.3022,4481,1
13712,31.9802,32.0000,4096,240.5000,5,47.3022,4481,1
13713,31.9802,32.0000,4096,240.5000,5,47.3022,4481,1
13714,31.9802,32.0000,4096,240.5000,5,47.3022,4482,1
13715,31.9802,32.0000,4096,240.5000,5,47.3022,4482,1
13716,31.9802,32.0000,4096,240.5000,5,47.3022,4482,1
13717,31.9802,32.0000,4096,240.5000,5,47.3022,4483,1
13718,31.9802,32.0000,4096,240.5000,5,47.3022,4483,1
13719,31.9802,32.0000,4096,240.5000,5,47.3022,4483,1
13720,31.9802,32.0000,4096,240.5000,5,47.3022,4484,1
13721,31.9802,32.0000,4096,240.5000,5,47.3022,4485,1
13722,31.9802,32.0000,4096,240.5000,5,47.3022,4485,1
13723,31.9802,32.0000,4096,240.5000,5,47.3022,4485,1
13724,31.9802,32.0000,4096,240.5000,5,47.3022,4485,1
13725,31.9802,32.0000,4096,240.5000,5,47.3022,4486,1
13726,31.9802,32.0000,4096,240.5000,5,47.3022,4486,1
13727,31.9802,32.0000,4096,240.5000,5,47.3022,4486,1
13728,31.9802,32.0000,4096,240.5000,5,47.3022,4487,1
13729,31.9802,32.0000,4096,240.5000,5,47.3022,4487,1
13730,31.9802,32.0000,4096,240.5000,5,47.3022,4487,1
13731,31.9802,32.0000,4096,240.5000,5,47.3022,4487,1
13732,31.9802,32.0000,4096,240.5000,5,47.3022,4487,1
13733,31.9802,32.0000,4096,240.5000,5,47.3022,4487,1
13734,31.9802,32.0000,4096,240.5000,5,47.3022,4487,1
13735,31.9802,32.0000,4096,240.5000,5,47.3022,4488,1
13736,31.9802,32.0000,4096,240.5000,5,47.3022,4488,1
13737,31.9802,32.0000,4096,240.5000,5,47.3022,4488,1
13738,31.9802,32.0000,4096,240.5000,5,47.3022,4488,1
13739,31.9802,32.0000,4096,240.5000,5,47.3022,4488,1
13740,31.9802,32.0000,4096,240.5000,5,47.3022,4489,1
13741,31.9802,32.0000,4096,240.5000,5,47.3022,4489,1
13742,31.9802,32.0000,4096,240.5000,5,47.3022,4489,1
13743,31.9802,32.0000,4096,240.5000,5,47.3022,4489,1
13744,31.9802,32.0000,4096,240.5000,5,47.3022,4489,1
13745,31.9802,32.0000,4096,240.5000,5,47.3022,4489,1
13746,31.9802,32.0000,4096,240.5000,5,47.3022,4489,1
13747,31.9802,32.0000,4096,240.5000,5,47.3022,4489,1
13748,31.9802,32.0000,4096,240.5000,5,47.3022,4489,1
13749,31.9802,32.0000,4096,240.5000,5,47.3022,4490,1
13750,31.9802,32.0000,4096,240.5000,5,47.3022,4490,1
13751,31.9802,32.0000,4096,240.5000,5,47.3022,4490,1
13752,31.9802,32.0000,4096,240.5000,5,47.3022,4490,1
13753,31.9802,32.0000,4096,240.5000,5,47.3022,4490,1
13754,31.9802,32.0000,4096,240.5000,5,47.3022,4490,1
13755,31.9802,32.0000,4096,240.5000,5,47.3022,4490,1
13756,31.9802,32.0000,4096,240.5000,5,47.3022,4491,1
13757,31.9802,32.0000,4096,240.5000,5,47.3022,4491,1
13758,31.9802,32.0000,4096,240.5000,5,47.3022,4492,1
13759,31.9802,32.0000,4096,240.5000,5,47.3022,4492,1
13760,31.9802,32.0000,4096,240.5000,5,47.3022,4492,1
13761,31.9802,32.0000,4096,240.5000,5,47.3022,4492,1
13762,31.9802,32.0000,4096,240.5000,5,47.3022,4493,1
13763,31.9802,32.0000,4096,240.5000,5,47.3022,4493,1
13764,31.9802,32.0000,4096,240.5000,5,47.3022,4493,1
13765,31.9802,32.0000,4096,240.5000,5,47.3022,4493,1
13766,31.9802,32.0000,4096,240.5000,5,47.3022,4493,1
13767,31.9802,32.0000,4096,240.5000,5,47.3022,4494,1
13768,31.9802,32.0000,4096,240.5000,5,47.3022,4494,1
13769,31.9802,32.0000,4096,240.5000,5,47.3022,4494,1
13770,31.9802,32.0000,4096,240.5000,5,47.3022,4494,1
13771,31.9802,32.0000,4096,240.5000,5,47.3022,4494,1
13772,31.9802,32.0000,4096,240.5000,5,47.3022,4495,1
13773,31.9802,32.0000,4096,240.5000,5,47.3022,4496,1
13774,31.9802,32.0000,4096,240.5000,5,47.3022,4496,1
13775,31.9802,32.0000,4096,240.5000,5,47.3022,4496,1
13776,31.9802,32.0000,4096,240.5000,5,47.3022,4496,1
13777,31.9802,32.0000,4096,240.5000,5,47.3022,4496,1
13778,31.9802,32.0000,4096,240.5000,5,47.3022,4497,1
13779,31.9802,32.0000,4096,240.5000,5,47.3022,4497,1
13780,31.9802,32.0000,4096,240.5000,5,47.3022,4497,1
13781,31.9802,32.0000,4096,240.5000,5,47.3022,4498,1
13782,31.9802,32.0000,4096,240.5000,5,47.3022,4499,1
13783,31.9802,32.0000,4096,240.5000,5,47.3022,4499,1
13784,31.9802,32.0000,4096,240.5000,5,47.3022,4499,1
13785,31.9802,32.0000,4096,240.5000,5,47.3022,4500,1
13786,31.9802,32.0000,4096,240.5000,5,47.3022,4501,1
13787,31.9802,32.0000,4096,240.5000,5,47.3022,4502,1
13788,31.9802,32.0000,4096,240.5000,5,47.3022,4502,1
13789,31.9802,32.0000,4096,240.5000,5,47.3022,4503,1
13790,31.9802,32.0000,4096,240.5000,5,47.3022,4504,1
13791,31.9802,32.0000,4096,240.5000,5,47.3022,4504,1
13792,31.9802,32.0000,4096,240.5000,5,47.3022,4504,1
13793,31.9802,32.0000,4096,240.5000,5,47.3022,4504,1
13794,31.9802,32.0000,4096,240.5000,5,47.3022,4504,1
13795,31.9802,32.0000,4096,240.5000,5,47.3022,4505,1
13796,31.9802,32.0000,4096,240.5000,5,47.3022,4506,1
13797,31.9802,32.0000,4096,240.5000,5,47.3022,4506,1
13798,31.9802,32.0000,4096,240.5000,5,47.3022,4506,1
13799,31.9802,32.0000,4096,240.5000,5,47.3022,4506,1
13800,31.9802,32.0000,4096,240.5000,5,47.3022,4506,1
13801,31.9802,32.0000,4096,240.5000,5,47.3022,4507,1
13802,31.9802,32.0000,4096,240.5000,5,47.3022,4507,1
13803,31.9802,32.0000,4096,240.5000,5,47.3022,4508,1
13804,31.9802,32.0000,4096,240.5000,5,47.3022,4509,1
13805,31.9802,32.0000,4096,240.5000,5,47.3022,4510,1
13806,31.9802,32.0000,4096,240.5000,5,47.3022,4510,1
13807,31.9802,32.0000,4096,240.5000,5,47.3022,4510,1
13808,31.9802,32.0000,4096,240.5000,5,47.3022,4510,1
13809,31.9802,32.0000,4096,240.5000,5,47.3022,4511,1
13810,31.9802,32.0000,4096,240.5000,5,47.3022,4511,1
13811,31.9802,32.0000,4096,240.5000,5,47.3022,4512,1
13812,31.9802,32.0000,4096,240.5000,5,47.3022,4512,1
13813,31.9802,32.0000,4096,240.5000,5,47.3022,4512,1
13814,31.9802,32.0000,4096,240.5000,5,47.3022,4512,1
13815,31.9802,32.0000,4096,240.5000,5,47.3022,4513,1
13816,31.9802,32.0000,4096,240.5000,5,47.3022,4513,1
13817,31.9802,32.0000,4096,240.5000,5,47.3022,4513,1
13818,31.9802,32.0000,4096,240.5000,5,47.3022,4514,1
13819,31.9802,32.0000,4096,240.5000,5,47.3022,4515,1
13820,31.9802,32.0000,4096,240.5000,5,47.3022,4515,1
13821,31.9802,32.0000,4096,240.5000,5,47.3022,4516,1
13822,31.9802,32.0000,4096,240.5000,5,47.3022,4516,1
13823,31.9802,32.0000,4096,240.5000,5,47.3022,4516,1
13824,31.9802,32.0000,4096,240.5000,5,47.3022,4516,1
13825,31.9802,32.0000,4096,240.5000,5,47.3022,4517,1
13826,31.9802,32.0000,4096,240.5000,5,47.3022,4517,1
13827,31.9802,32.0000,4096,240.5000,5,47.3022,4517,1
13828,31.9802,32.0000,4096,240.5000,5,47.3022,4517,1
13829,31.9802,32.0000,4096,240.5000,5,47.3022,4517,1
13830,31.9802,32.0000,4096,240.5000,5,47.3022,4517,1
13831,31.9802,32.0000,4096,240.5000,5,47.3022,4517,1
13832,31.9802,32.0000,4096,240.5000,5,47.3022,4517,1
13833,31.9802,32.0000,4096,240.5000,5,47.3022,4518,1
13834,31.9802,32.0000,4096,240.5000,5,47.3022,4518,1
13835,31.9802,32.0000,4096,240.5000,5,47.3022,4518,1
13836,31.9802,32.0000,4096,240.5000,5,47.3022,4519,1
13837,31.9802,32.0000,4096,240.5000,5,47.3022,4520,1
13838,31.9802,32.0000,4096,240.5000,5,47.3022,4520,1
13839,31.9802,32.0000,4096,240.5000,5,47.3022,4520,1
13840,31.9802,32.0000,4096,240.5000,5,47.3022,4520,1
13841,31.9802,32.0000,4096,240.5000,5,47.3022,4520,1
13842,31.9802,32.0000,4096,240.5000,5,47.3022,4520,1
13843,31.9802,32.0000,4096,240.5000,5,47.3022,4521,1
13844,31.9802,32.0000,4096,240.5000,5,47.3022,4521,1
13845,31.9802,32.0000,4096,240.5000,5,47.3022,4521,1
13846,31.9802,32.0000,4096,240.5000,5,47.3022,4522,1
13847,31.9802,32.0000,4096,240.5000,5,47.3022,4523,1
13848,31.9802,32.0000,4096,240.5000,5,47.3022,4524,1
13849,31.9802,32.0000,4096,240.5000,5,47.3022,4524,1
13850,31.9802,32.0000,4096,240.5000,5,47.3022,4525,1
13851,31.9802,32.0000,4096,240.5000,5,47.3022,4525,1
13852,31.9802,32.0000,4096,240.5000,5,47.3022,4525,1
13853,31.9802,32.0000,4096,240.5000,5,47.3022,4525,1
13854,31.9802,32.0000,4096,240.5000,5,47.3022,4525,1
13855,31.9802,32.0000,4096,240.5000,5,47.3022,4526,1
13856,31.9802,32.0000,4096,240.5000,5,47.3022,4526,1
13857,31.9802,32.0000,4096,240.5000,5,47.3022,4526,1
13858,31.9802,32.0000,4096,240.5000,5,47.3022,4526,1
13859,31.9802,32.0000,4096,240.5000,5,47.3022,4526,1
13860,31.9802,32.0000,4096,240.5000,5,47.3022,4527,1
13861,31.9802,32.0000,4096,240.5000,5,47.3022,4527,1
13862,31.9802,32.0000,4096,240.5000,5,47.3022,4527,1
13863,31.9802,32.0000,4096,240.5000,5,47.3022,4527,1
13864,31.9802,32.0000,4096,240.5000,5,47.3022,4527,1
13865,31.9802,32.0000,4096,240.5000,5,47.3022,4528,1
13866,31.9802,32.0000,4096,240.5000,5,47.3022,4529,1
13867,31.9802,32.0000,4096,240.5000,5,47.3022,4529,1
13868,31.9802,32.0000,4096,240.5000,5,47.3022,4530,1
13869,31.9802,32.0000,4096,240.5000,5,47.3022,4530,1
13870,31.9802,32.0000,4096,240.5000,5,47.3022,4530,1
13871,31.9802,32.0000,4096,240.5000,5,47.3022,4530,1
13872,31.9802,32.0000,4096,240.5000,5,47.3022,4530,1
13873,31.9802,32.0000,4096,240.5000,5,47.3022,4530,1
13874,31.9802,32.0000,4096,240.5000,5,47.3022,4531,1
13875,31.9802,32.0000,4096,240.5000,5,47.3022,4532,1
13876,31.9802,32.0000,4096,240.5000,5,47.3022,4532,1
13877,31.9802,32.0000,4096,240.5000,5,47.3022,4532,1
13878,31.9802,32.0000,4096,240.5000,5,47.3022,4532,1
13879,31.9802,32.0000,4096,240.5000,5,47.3022,4532,1
13880,31.9802,32.0000,4096,240.5000,5,47.3022,4532,1
13881,31.9802,32.0000,4096,240.5000,5,47.3022,4532,1
13882,31.9802,32.0000,4096,240.5000,5,47.3022,4532,1
13883,31.9802,32.0000,4096,240.5000,5,47.3022,4533,1
13884,31.9802,32.0000,4096,240.5000,5,47.3022,4533,1
13885,31.9802,32.0000,4096,240.5000,5,47.3022,4534,1
13886,31.9802,32.0000,4096,240.5000,5,47.3022,4534,1
13887,31.9802,32.0000,4096,240.5000,5,47.3022,4534,1
13888,31.9802,32.0000,4096,240.5000,5,47.3022,4534,1
13889,31.9802,32.0000,4096,240.5000,5,47.3022,4535,1
13890,31.9802,32.0000,4096,240.5000,5,47.3022,4535,1
13891,31.9802,32.0000,4096,240.5000,5,47.3022,4535,1
13892,31.9802,32.0000,4096,240.5000,5,47.3022,4535,1
13893,31.9802,32.0000,4096,240.5000,5,47.3022,4535,1
13894,31.9802,32.0000,4096,240.5000,5,47.3022,4536,1
13895,31.9802,32.0000,4096,240.5000,5,47.3022,4537,1
13896,31.9802,32.0000,4096,240.5000,5,47.3022,4537,1
13897,31.9802,32.0000,4096,240.5000,5,47.3022,4537,1
13898,31.9802,32.0000,4096,240.5000,5,47.3022,4537,1
13899,31.9802,32.0000,4096,240.5000,5,47.3022,4538,1
13900,31.9802,32.0000,4096,240.5000,5,47.3022,4538,1
13901,31.9802,32.0000,4096,240.5000,5,47.3022,4539,1
13902,31.9802,32.0000,4096,240.5000,5,47.3022,4540,1
13903,31.9802,32.0000,4096,240.5000,5,47.3022,4540,1
13904,31.9802,32.0000,4096,240.5000,5,47.3022,4540,1
13905,31.9802,32.0000,4096,240.5000,5,47.3022,4540,1
13906,31.9802,32.0000,4096,240.5000,5,47.3022,4541,1
13907,31.9802,32.0000,4096,240.5000,5,47.3022,4541,1
13908,31.9802,32.0000,4096,240.5000,5,47.3022,4541,1
13909,31.9802,32.0000,4096,240.5000,5,47.3022,4541,1
13910,31.9802,32.0000,4096,240.5000,5,47.3022,4542,1
13911,31.9802,32.0000,4096,240.5000,5,47.3022,4542,1
13912,31.9802,32.0000,4096,240.5000,5,47.3022,4542,1
13913,31.9802,32.0000,4096,240.5000,5,47.3022,4542,1
13914,31.9802,32.0000,4096,240.5000,5,47.3022,4542,1
13915,31.9802,32.0000,4096,240.5000,5,47.3022,4542,1
13916,31.9802,32.0000,4096,240.5000,5,47.3022,4542,1
13917,31.9802,32.0000,4096,240.5000,5,47.3022,4543,1
13918,31.9802,32.0000,4096,240.5000,5,47.3022,4543,1
13919,31.9802,32.0000,4096,240.5000,5,47.3022,4543,1
13920,31.9802,32.0000,4096,240.5000,5,47.3022,4543,1
13921,31.9802,32.0000,4096,240.5000,5,47.3022,4543,1
13922,31.9802,32.0000,4096,240.5000,5,47.3022,4543,1
13923,31.9802,32.0000,4096,240.5000,5,47.3022,4543,1
13924,31.9802,32.0000,4096,240.5000,5,47.3022,4543,1
13925,31.9802,32.0000,4096,240.5000,5,47.3022,4543,1
13926,31.9802,32.0000,4096,240.5000,5,47.3022,4544,1
13927,31.9802,32.0000,4096,240.5000,5,47.3022,4544,1
13928,31.9802,32.0000,4096,240.5000,5,47.3022,4544,1
13929,31.9802,32.0000,4096,240.5000,5,47.3022,4544,1
13930,31.9802,32.0000,4096,240.5000,5,47.3022,4544,1
13931,31.9802,32.0000,4096,240.5000,5,47.3022,4544,1
13932,31.9802,32.0000,4096,240.5000,5,47.3022,4545,1
13933,31.9802,32.0000,4096,240.5000,5,47.3022,4545,1
13934,31.9802,32.0000,4096,240.5000,5,47.3022,4545,1
13935,31.9802,32.0000,4096,240.5000,5,47.3022,4545,1
13936,31.9802,32.0000,4096,240.5000,5,47.3022,4545,1
13937,31.9802,32.0000,4096,240.5000,5,47.3022,4545,1
13938,31.9802,32.0000,4096,240.5000,5,47.3022,4545,1
13939,31.9802,32.0000,4096,240.5000,5,47.3022,4545,1
13940,31.9802,32.0000,4096,240.5000,5,47.3022,4545,1
13941,31.9802,32.0000,4096,240.5000,5,47.3022,4545,1
13942,31.9802,32.0000,4096,240.5000,5,47.3022,4545,1
13943,31.9802,32.0000,4096,240.5000,5,47.3022,4545,1
13944,31.9802,32.0000,4096,240.5000,5,47.3022,4545,1
13945,31.9802,32.0000,4096,240.5000,5,47.3022,4546,1
13946,31.9802,32.0000,4096,240.5000,5,47.3022,4546,1
13947,31.9802,32.0000,4096,240.5000,5,47.3022,4546,1
13948,31.9802,32.0000,4096,240.5000,5,47.3022,4546,1
13949,31.9802,32.0000,4096,240.5000,5,47.3022,4546,1
13950,31.9802,32.0000,4096,240.5000,5,47.3022,4546,1
13951,31.9802,32.0000,4096,240.5000,5,47.3022,4546,1
13952,31.9802,32.0000,4096,240.5000,5,47.3022,4546,1
13953,31.9802,32.0000,4096,240.5000,5,47.3022,4546,1
13954,31.9802,32.0000,4096,240.5000,5,47.3022,4547,1
13955,31.9802,32.0000,4096,240.5000,5,47.3022,4548,1
13956,31.9802,32.0000,4096,240.5000,5,47.3022,4549,1
13957,31.9802,32.0000,4096,240.5000,5,47.3022,4550,1
13958,31.9802,32.0000,4096,240.5000,5,47.3022,4550,1
13959,31.9802,32.0000,4096,240.5000,5,47.3022,4551,1
13960,31.9802,32.0000,4096,240.5000,5,47.3022,4551,1
13961,31.9802,32.0000,4096,240.5000,5,47.3022,4551,1
13962,31.9802,32.0000,4096,240.5000,5,47.3022,4551,1
13963,31.9802,32.0000,4096,240.5000,5,47.3022,4551,1
13964,31.9802,32.0000,4096,240.5000,5,47.3022,4552,1
13965,31.9802,32.0000,4096,240.5000,5,47.3022,4553,1
13966,31.9802,32.0000,4096,240.5000,5,47.3022,4553,1
13967,31.9802,32.0000,4096,240.5000,5,47.3022,4553,1
13968,31.9802,32.0000,4096,240.5000,5,47.3022,4553,1
13969,31.9802,32.0000,4096,240.5000,5,47.3022,4553,1
13970,31.9802,32.0000,4096,240.5000,5,47.3022,4553,1
13971,31.9802,32.0000,4096,240.5000,5,47.3022,4553,1
13972,31.9802,32.0000,4096,240.5000,5,47.3022,4553,1
13973,31.9802,32.0000,4096,240.5000,5,47.3022,4553,1
13974,31.9802,32.0000,4096,240.5000,5,47.3022,4553,1
13975,31.9802,32.0000,4096,240.5000,5,47.3022,4553,1
13976,31.9802,32.0000,4096,240.5000,5,47.3022,4554,1
13977,31.9802,32.0000,4096,240.5000,5,47.3022,4555,1
13978,31.9802,32.0000,4096,240.5000,5,47.3022,4555,1
13979,31.9802,32.0000,4096,240.5000,5,47.3022,4555,1
13980,31.9802,32.0000,4096,240.5000,5,47.3022,4555,1
13981,31.9802,32.0000,4096,240.5000,5,47.3022,4555,1
13982,31.9802,32.0000,4096,240.5000,5,47.3022,4555,1
13983,31.9802,32.0000,4096,240.5000,5,47.3022,4555,1
13984,31.9802,32.0000,4096,240.5000,5,47.3022,4555,1
13985,31.9802,32.0000,4096,240.5000,5,47.3022,4555,1
13986,31.9802,32.0000,4096,240.5000,5,47.3022,4556,1
13987,31.9802,32.0000,4096,240.5000,5,47.3022,4556,1
13988,31.9802,32.0000,4096,240.5000,5,47.3022,4556,1
13989,31.9802,32.0000,4096,240.5000,5,47.3022,4556,1
13990,31.9802,32.0000,4096,240.5000,5,47.3022,4556,1
13991,31.9802,32.0000,4096,240.5000,5,47.3022,4556,1
13992,31.9802,32.0000,4096,240.5000,5,47.3022,4556,1
13993,31.9802,32.0000,4096,240.5000,5,47.3022,4556,1
13994,31.9802,32.0000,4096,240.5000,5,47.3022,4556,1
13995,31.9802,32.0000,4096,240.5000,5,47.3022,4556,1
13996,31.9802,32.0000,4096,240.5000,5,47.3022,4556,1
13997,31.9802,32.0000,4096,240.5000,5,47.3022,4556,1
13998,31.9802,32.0000,4096,240.5000,5,47.3022,4557,1
13999,31.9802,32.0000,4096,240.5000,5,47.3022,4557,1
14000,31.9802,32.0000,4096,240.5000,5,47.3022,4557,1
14001,31.9802,32.0000,4096,240.5000,5,47.3022,4557,1
14002,31.9802,32.0000,4096,240.5000,5,47.3022,4557,1
14003,31.9802,32.0000,4096,240.5000,5,47.3022,4557,1
14004,31.9802,32.0000,4096,240.5000,5,47.3022,4557,1
14005,31.9802,32.0000,4096,240.5000,5,47.3022,4557,1
14006,31.9802,32.0000,4096,240.5000,5,47.3022,4557,1
14007,31.9802,32.0000,4096,240.5000,5,47.3022,4557,1
14008,31.9802,32.0000,4096,240.5000,5,47.3022,4558,1
14009,31.9802,32.0000,4096,240.5000,5,47.3022,4558,1
14010,31.9802,32.0000,4096,240.5000,5,47.3022,4558,1
14011,31.9802,32.0000,4096,240.5000,5,47.3022,4558,1
14012,31.9802,32.0000,4096,240.5000,5,47.3022,4559,1
14013,31.9802,32.0000,4096,240.5000,5,47.3022,4559,1
14014,31.9802,32.0000,4096,240.5000,5,47.3022,4559,1
14015,31.9802,32.0000,4096,240.5000,5,47.3022,4559,1
14016,31.9802,32.0000,4096,240.5000,5,47.3022,4559,1
14017,31.9802,32.0000,4096,240.5000,5,47.3022,4559,1
14018,31.9802,32.0000,4096,240.5000,5,47.3022,4559,1
14019,31.9802,32.0000,4096,240.5000,5,47.3022,4559,1
14020,31.9802,32.0000,4096,240.5000,5,47.3022,4560,1
14021,31.9802,32.0000,4096,240.5000,5,47.3022,4560,1
14022,31.9802,32.0000,4096,240.5000,5,47.3022,4560,1
14023,31.9802,32.0000,4096,240.5000,5,47.3022,4560,1
14024,31.9802,32.0000,4096,240.5000,5,47.3022,4561,1
14025,31.9802,32.0000,4096,240.5000,5,47.3022,4561,1
14026,31.9802,32.0000,4096,240.5000,5,47.3022,4561,1
14027,31.9802,32.0000,4096,240.5000,5,47.3022,4562,1
14028,31.9802,32.0000,4096,240.5000,5,47.3022,4562,1
14029,31.9802,32.0000,4096,240.5000,5,47.3022,4562,1
14030,31.9802,32.0000,4096,240.5000,5,47.3022,4562,1
14031,31.9802,32.0000,4096,240.5000,5,47.3022,4562,1
14032,31.9802,32.0000,4096,240.5000,5,47.3022,4562,1
14033,31.9802,32.0000,4096,240.5000,5,47.3022,4562,1
14034,31.9802,32.0000,4096,240.5000,5,47.3022,4562,1
14035,31.9802,32.0000,4096,240.5000,5,47.3022,4563,1
14036,31.9802,32.0000,4096,240.5000,5,47.3022,4563,1
14037,31.9802,32.0000,4096,240.5000,5,47.3022,4563,1
14038,31.9802,32.0000,4096,240.5000,5,47.3022,4563,1
14039,31.9802,32.0000,4096,240.5000,5,47.3022,4563,1
14040,31.9802,32.0000,4096,240.5000,5,47.3022,4563,1
14041,31.9802,32.0000,4096,240.5000,5,47.3022,4563,1
14042,31.9802,32.0000,4096,240.5000,5,47.3022,4563,1
14043,31.9802,32.0000,4096,240.5000,5,47.3022,4564,1
14044,31.9802,32.0000,4096,240.5000,5,47.3022,4565,1
14045,31.9802,32.0000,4096,240.5000,5,47.3022,4565,1
14046,31.9802,32.0000,4096,240.5000,5,47.3022,4565,1
14047,31.9802,32.0000,4096,240.5000,5,47.3022,4565,1
14048,31.9802,32.0000,4096,240.5000,5,47.3022,4565,1
14049,31.9802,32.0000,4096,240.5000,5,47.3022,4565,1
14050,31.9802,32.0000,4096,240.5000,5,47.3022,4565,1
14051,31.9802,32.0000,4096,240.5000,5,47.3022,4565,1
14052,31.9802,32.0000,4096,240.5000,5,47.3022,4566,1
14053,31.9802,32.0000,4096,240.5000,5,47.3022,4567,1
14054,31.9802,32.0000,4096,240.5000,5,47.3022,4568,1
14055,31.9802,32.0000,4096,240.5000,5,47.3022,4568,1
14056,31.9802,32.0000,4096,240.5000,5,47.3022,4568,1
14057,31.9802,32.0000,4096,240.5000,5,47.3022,4568,1
14058,31.9802,32.0000,4096,240.5000,5,47.3022,4568,1
14059,31.9802,32.0000,4096,240.5000,5,47.3022,4568,1
14060,31.9802,32.0000,4096,240.5000,5,47.3022,4569,1
14061,31.9802,32.0000,4096,240.5000,5,47.3022,4569,1
14062,31.9802,32.0000,4096,240.5000,5,47.3022,4569,1
14063,31.9802,32.0000,4096,240.5000,5,47.3022,4569,1
14064,31.9802,32.0000,4096,240.5000,5,47.3022,4569,1
14065,31.9802,32.0000,4096,240.5000,5,47.3022,4570,1
14066,31.9802,32.0000,4096,240.5000,5,47.3022,4570,1
14067,31.9802,32.0000,4096,240.5000,5,47.3022,4570,1
14068,31.9802,32.0000,4096,240.5000,5,47.3022,4570,1
14069,31.9802,32.0000,4096,240.5000,5,47.3022,4571,1
14070,31.9802,32.0000,4096,240.5000,5,47.3022,4571,1
14071,31.9802,32.0000,4096,240.5000,5,47.3022,4571,1
14072,31.9802,32.0000,4096,240.5000,5,47.3022,4571,1
14073,31.9802,32.0000,4096,240.5000,5,47.3022,4572,1
14074,31.9802,32.0000,4096,240.5000,5,47.3022,4572,1
14075,31.9802,32.0000,4096,240.5000,5,47.3022,4573,1
14076,31.9802,32.0000,4096,240.5000,5,47.3022,4574,1
14077,31.9802,32.0000,4096,240.5000,5,47.3022,4574,1
14078,31.9802,32.0000,4096,240.5000,5,47.3022,4574,1
14079,31.9802,32.0000,4096,240.5000,5,47.3022,4574,1
14080,31.9802,32.0000,4096,240.5000,5,47.3022,4575,1
14081,31.9802,32.0000,4096,240.5000,5,47.3022,4576,1
14082,31.9802,32.0000,4096,240.5000,5,47.3022,4577,1
14083,31.9802,32.0000,4096,240.5000,5,47.3022,4577,1
14084,31.9802,32.0000,4096,240.5000,5,47.3022,4578,1
14085,31.9802,32.0000,4096,240.5000,5,47.3022,4578,1
14086,31.9802,32.0000,4096,240.5000,5,47.3022,4578,1
14087,31.9802,32.0000,4096,240.5000,5,47.3022,4578,1
14088,31.9802,32.0000,4096,240.5000,5,47.3022,4578,1
14089,31.9802,32.0000,4096,240.5000,5,47.3022,4578,1
14090,31.9802,32.0000,4096,240.5000,5,47.3022,4578,1
14091,31.9802,32.0000,4096,240.5000,5,47.3022,4578,1
14092,31.9802,32.0000,4096,240.5000,5,47.3022,4578,1
14093,31.9802,32.0000,4096,240.5000,5,47.3022,4579,1
14094,31.9802,32.0000,4096,240.5000,5,47.3022,4579,1
14095,31.9802,32.0000,4096,240.5000,5,47.3022,4580,1
14096,31.9802,32.0000,4096,240.5000,5,47.3022,4580,1
14097,31.9802,32.0000,4096,240.5000,5,47.3022,4581,1
14098,31.9802,32.0000,4096,240.5000,5,47.3022,4581,1
14099,31.9802,32.0000,4096,240.5000,5,47.3022,4582,1
14100,31.9802,32.0000,4096,240.5000,5,47.3022,4582,1
14101,31.9802,32.0000,4096,240.5000,5,47.3022,4582,1
14102,31.9802,32.0000,4096,240.5000,5,47.3022,4582,1
14103,31.9802,32.0000,4096,240.5000,5,47.3022,4582,1
14104,31.9802,32.0000,4096,240.5000,5,47.3022,4583,1
14105,31.9802,32.0000,4096,240.5000,5,47.3022,4584,1
14106,31.9802,32.0000,4096,240.5000,5,47.3022,4584,1
14107,31.9802,32.0000,4096,240.5000,5,47.3022,4584,1
14108,31.9802,32.0000,4096,240.5000,5,47.3022,4584,1
14109,31.9802,32.0000,4096,240.5000,5,47.3022,4584,1
14110,31.9802,32.0000,4096,240.5000,5,47.3022,4584,1
14111,31.9802,32.0000,4096,240.5000,5,47.3022,4584,1
14112,31.9802,32.0000,4096,240.5000,5,47.3022,4584,1
14113,31.9802,32.0000,4096,240.5000,5,47.3022,4585,1
14114,31.9802,32.0000,4096,240.5000,5,47.3022,4585,1
14115,31.9802,32.0000,4096,240.5000,5,47.3022,4585,1
14116,31.9802,32.0000,4096,240.5000,5,47.3022,4586,1
14117,31.9802,32.0000,4096,240.5000,5,47.3022,4586,1
14118,31.9802,32.0000,4096,240.5000,5,47.3022,4586,1
14119,31.9802,32.0000,4096,240.5000,5,47.3022,4586,1
14120,31.9802,32.0000,4096,240.5000,5,47.3022,4587,1
14121,31.9802,32.0000,4096,240.5000,5,47.3022,4587,1
14122,31.9802,32.0000,4096,240.5000,5,47.3022,4587,1
14123,31.9802,32.0000,4096,240.5000,5,47.3022,4587,1
14124,31.9802,32.0000,4096,240.5000,5,47.3022,4587,1
14125,31.9802,32.0000,4096,240.5000,5,47.3022,4587,1
14126,31.9802,32.0000,4096,240.5000,5,47.3022,4587,1
14127,31.9802,32.0000,4096,240.5000,5,47.3022,4587,1
14128,31.9802,32.0000,4096,240.5000,5,47.3022,4588,1
14129,31.9802,32.0000,4096,240.5000,5,47.3022,4588,1
14130,31.9802,32.0000,4096,240.5000,5,47.3022,4588,1
14131,31.9802,32.0000,4096,240.5000,5,47.3022,4588,1
14132,31.9802,32.0000,4096,240.5000,5,47.3022,4588,1
14133,31.9802,32.0000,4096,240.5000,5,47.3022,4588,1
14134,31.9802,32.0000,4096,240.5000,5,47.3022,4588,1
14135,31.9802,32.0000,4096,240.5000,5,47.3022,4589,1
14136,31.9802,32.0000,4096,240.5000,5,47.3022,4590,1
14137,31.9802,32.0000,4096,240.5000,5,47.3022,4590,1
14138,31.9802,32.0000,4096,240.5000,5,47.3022,4590,1
14139,31.9802,32.0000,4096,240.5000,5,47.3022,4591,1
14140,31.9802,32.0000,4096,240.5000,5,47.3022,4591,1
14141,31.9802,32.0000,4096,240.5000,5,47.3022,4591,1
14142,31.9802,32.0000,4096,240.5000,5,47.3022,4591,1
14143,31.9802,32.0000,4096,240.5000,5,47.3022,4591,1
14144,31.9802,32.0000,4096,240.5000,5,47.3022,4591,1
14145,31.9802,32.0000,4096,240.5000,5,47.3022,4591,1
14146,31.9802,32.0000,4096,240.5000,5,47.3022,4591,1
14147,31.9802,32.0000,4096,240.5000,5,47.3022,4591,1
14148,31.9802,32.0000,4096,240.5000,5,47.3022,4591,1
14149,31.9802,32.0000,4096,240.5000,5,47.3022,4592,1
14150,31.9802,32.0000,4096,240.5000,5,47.3022,4592,1
14151,31.9802,32.0000,4096,240.5000,5,47.3022,4592,1
14152,31.9802,32.0000,4096,240.5000,5,47.3022,4592,1
14153,31.9802,32.0000,4096,240.5000,5,47.3022,4593,1
14154,31.9802,32.0000,4096,240.5000,5,47.3022,4594,1
14155,31.9802,32.0000,4096,240.5000,5,47.3022,4594,1
14156,31.9802,32.0000,4096,240.5000,5,47.3022,4594,1
14157,31.9802,32.0000,4096,240.5000,5,47.3022,4594,1
14158,31.9802,32.0000,4096,240.5000,5,47.3022,4594,1
14159,31.9802,32.0000,4096,240.5000,5,47.3022,4594,1
14160,31.9802,32.0000,4096,240.5000,5,47.3022,4594,1
14161,31.9802,32.0000,4096,240.5000,5,47.3022,4594,1
14162,31.9802,32.0000,4096,240.5000,5,47.3022,4595,1
14163,31.9802,32.0000,4096,240.5000,5,47.3022,4595,1
14164,31.9802,32.0000,4096,240.5000,5,47.3022,4595,1
14165,31.9802,32.0000,4096,240.5000,5,47.3022,4596,1
14166,31.9802,32.0000,4096,240.5000,5,47.3022,4596,1
14167,31.9802,32.0000,4096,240.5000,5,47.3022,4597,1
14168,31.9802,32.0000,4096,240.5000,5,47.3022,4597,1
14169,31.9802,32.0000,4096,240.5000,5,47.3022,4597,1
14170,31.9802,32.0000,4096,240.5000,5,47.3022,4597,1
14171,31.9802,32.0000,4096,240.5000,5,47.3022,4598,1
14172,31.9802,32.0000,4096,240.5000,5,47.3022,4598,1
14173,31.9802,32.0000,4096,240.5000,5,47.3022,4598,1
14174,31.9802,32.0000,4096,240.5000,5,47.3022,4598,1
14175,31.9802,32.0000,4096,240.5000,5,47.3022,4598,1
14176,31.9802,32.0000,4096,240.5000,5,47.3022,4599,1
14177,31.9802,32.0000,4096,240.5000,5,47.3022,4599,1
14178,31.9802,32.0000,4096,240.5000,5,47.3022,4599,1
14179,31.9802,32.0000,4096,240.5000,5,47.3022,4600,1
14180,31.9802,32.0000,4096,240.5000,5,47.3022,4600,1
14181,31.9802,32.0000,4096,240.5000,5,47.3022,4600,1
14182,31.9802,32.0000,4096,240.5000,5,47.3022,4600,1
14183,31.9802,32.0000,4096,240.5000,5,47.3022,4600,1
14184,31.9802,32.0000,4096,240.5000,5,47.3022,4600,1
14185,31.9802,32.0000,4096,240.5000,5,47.3022,4600,1
14186,31.9802,32.0000,4096,240.5000,5,47.3022,4601,1
14187,31.9802,32.0000,4096,240.5000,5,47.3022,4601,1
14188,31.9802,32.0000,4096,240.5000,5,47.3022,4601,1
14189,31.9802,32.0000,4096,240.5000,5,47.3022,4601,1
14190,31.9802,32.0000,4096,240.5000,5,47.3022,4601,1
14191,31.9802,32.0000,4096,240.5000,5,47.3022,4601,1
14192,31.9802,32.0000,4096,240.5000,5,47.3022,4601,1
14193,31.9802,32.0000,4096,240.5000,5,47.3022,4601,1
14194,31.9802,32.0000,4096,240.5000,5,47.3022,4602,1
14195,31.9802,32.0000,4096,240.5000,5,47.3022,4602,1
14196,31.9802,32.0000,4096,240.5000,5,47.3022,4602,1
14197,31.9802,32.0000,4096,240.5000,5,47.3022,4602,1
14198,31.9802,32.0000,4096,240.5000,5,47.3022,4602,1
14199,31.9802,32.0000,4096,240.5000,5,47.3022,4603,1
14200,31.9802,32.0000,4096,240.5000,5,47.3022,4604,1
14201,31.9802,32.0000,4096,240.5000,5,47.3022,4605,1
14202,31.9802,32.0000,4096,240.5000,5,47.3022,4605,1
14203,31.9802,32.0000,4096,240.5000,5,47.3022,4605,1
14204,31.9802,32.0000,4096,240.5000,5,47.3022,4605,1
14205,31.9802,32.0000,4096,240.5000,5,47.3022,4605,1
14206,31.9802,32.0000,4096,240.5000,5,47.3022,4605,1
14207,31.9802,32.0000,4096,240.5000,5,47.3022,4606,1
14208,31.9802,32.0000,4096,240.5000,5,47.3022,4607,1
14209,31.9802,32.0000,4096,240.5000,5,47.3022,4608,1
14210,31.9802,32.0000,4096,240.5000,5,47.3022,4608,1
14211,31.9802,32.0000,4096,240.5000,5,47.3022,4609,1
14212,31.9802,32.0000,4096,240.5000,5,47.3022,4610,1
14213,31.9802,32.0000,4096,240.5000,5,47.3022,4610,1
14214,31.9802,32.0000,4096,240.5000,5,47.3022,4610,1
14215,31.9802,32.0000,4096,240.5000,5,47.3022,4610,1
14216,31.9802,32.0000,4096,240.5000,5,47.3022,4610,1
14217,31.9802,32.0000,4096,240.5000,5,47.3022,4611,1
14218,31.9802,32.0000,4096,240.5000,5,47.3022,4611,1
14219,31.9802,32.0000,4096,240.5000,5,47.3022,4611,1
14220,31.9802,32.0000,4096,240.5000,5,47.3022,4611,1
14221,31.9802,32.0000,4096,240.5000,5,47.3022,4612,1
14222,31.9802,32.0000,4096,240.5000,5,47.3022,4612,1
14223,31.9802,32.0000,4096,240.5000,5,47.3022,4613,1
14224,31.9802,32.0000,4096,240.5000,5,47.3022,4613,1
14225,31.9802,32.0000,4096,240.5000,5,47.3022,4614,1
14226,31.9802,32.0000,4096,240.5000,5,47.3022,4615,1
14227,31.9802,32.0000,4096,240.5000,5,47.3022,4615,1
14228,31.9802,32.0000,4096,240.5000,5,47.3022,4615,1
14229,31.9802,32.0000,4096,240.5000,5,47.3022,4616,1
14230,31.9802,32.0000,4096,240.5000,5,47.3022,4617,1
14231,31.9802,32.0000,4096,240.5000,5,47.3022,4618,1
14232,31.9802,32.0000,4096,240.5000,5,47.3022,4619,1
14233,31.9802,32.0000,4096,240.5000,5,47.3022,4620,1
14234,31.9802,32.0000,4096,240.5000,5,47.3022,4621,1
14235,31.9802,32.0000,4096,240.5000,5,47.3022,4621,1
14236,31.9802,32.0000,4096,240.5000,5,47.3022,4622,1
14237,31.9802,32.0000,4096,240.5000,5,47.3022,4623,1
14238,31.9802,32.0000,4096,240.5000,5,47.3022,4624,1
14239,31.9802,32.0000,4096,240.5000,5,47.3022,4624,1
14240,31.9802,32.0000,4096,240.5000,5,47.3022,4624,1
14241,31.9802,32.0000,4096,240.5000,5,47.3022,4624,1
14242,31.9802,32.0000,4096,240.5000,5,47.3022,4624,1
14243,31.9802,32.0000,4096,240.5000,5,47.3022,4624,1
14244,31.9802,32.0000,4096,240.5000,5,47.3022,4625,1
14245,31.9802,32.0000,4096,240.5000,5,47.3022,4625,1
14246,31.9802,32.0000,4096,240.5000,5,47.3022,4625,1
14247,31.9802,32.0000,4096,240.5000,5,47.3022,4625,1
14248,31.9802,32.0000,4096,240.5000,5,47.3022,4625,1
14249,31.9802,32.0000,4096,240.5000,5,47.3022,4625,1
14250,31.9802,32.0000,4096,240.5000,5,47.3022,4625,1
14251,31.9802,32.0000,4096,240.5000,5,47.3022,4625,1
14252,31.9802,32.0000,4096,240.5000,5,47.3022,4625,1
14253,31.9802,32.0000,4096,240.5000,5,47.3022,4625,1
14254,31.9802,32.0000,4096,240.5000,5,47.3022,4626,1
14255,31.9802,32.0000,4096,240.5000,5,47.3022,4626,1
14256,31.9802,32.0000,4096,240.5000,5,47.3022,4627,1
14257,31.9802,32.0000,4096,240.5000,5,47.3022,4628,1
14258,31.9802,32.0000,4096,240.5000,5,47.3022,4628,1
14259,31.9802,32.0000,4096,240.5000,5,47.3022,4628,1
14260,31.9802,32.0000,4096,240.5000,5,47.3022,4628,1
14261,31.9802,32.0000,4096,240.5000,5,47.3022,4628,1
14262,31.9802,32.0000,4096,240.5000,5,47.3022,4628,1
14263,31.9802,32.0000,4096,240.5000,5,47.3022,4628,1
14264,31.9802,32.0000,4096,240.5000,5,47.3022,4628,1
14265,31.9802,32.0000,4096,240.5000,5,47.3022,4629,1
14266,31.9802,32.0000,4096,240.5000,5,47.3022,4629,1
14267,31.9802,32.0000,4096,240.5000,5,47.3022,4630,1
14268,31.9802,32.0000,4096,240.5000,5,47.3022,4630,1
14269,31.9802,32.0000,4096,240.5000,5,47.3022,4630,1
14270,31.9802,32.0000,4096,240.5000,5,47.3022,4630,1
14271,31.9802,32.0000,4096,240.5000,5,47.3022,4630,1
14272,31.9802,32.0000,4096,240.5000,5,47.3022,4630,1
14273,31.9802,32.0000,4096,240.5000,5,47.3022,4630,1
14274,31.9802,32.0000,4096,240.5000,5,47.3022,4630,1
14275,31.9802,32.0000,4096,240.5000,5,47.3022,4631,1
14276,31.9802,32.0000,4096,240.5000,5,47.3022,4631,1
14277,31.9802,32.0000,4096,240.5000,5,47.3022,4632,1
14278,31.9802,32.0000,4096,240.5000,5,47.3022,4632,1
14279,31.9802,32.0000,4096,240.5000,5,47.3022,4632,1
14280,31.9802,32.0000,4096,240.5000,5,47.3022,4632,1
14281,31.9802,32.0000,4096,240.5000,5,47.3022,4632,1
14282,31.9802,32.0000,4096,240.5000,5,47.3022,4632,1
14283,31.9802,32.0000,4096,240.5000,5,47.3022,4633,1
14284,31.9802,32.0000,4096,240.5000,5,47.3022,4633,1
14285,31.9802,32.0000,4096,240.5000,5,47.3022,4634,1
14286,31.9802,32.0000,4096,240.5000,5,47.3022,4634,1
14287,31.9802,32.0000,4096,240.5000,5,47.3022,4634,1
14288,31.9802,32.0000,4096,240.5000,5,47.3022,4634,1
14289,31.9802,32.0000,4096,240.5000,5,47.3022,4634,1
14290,31.9802,32.0000,4096,240.5000,5,47.3022,4634,1
14291,31.9802,32.0000,4096,240.5000,5,47.3022,4634,1
14292,31.9802,32.0000,4096,240.5000,5,47.3022,4634,1
14293,31.9802,32.0000,4096,240.5000,5,47.3022,4634,1
14294,31.9802,32.0000,4096,240.5000,5,47.3022,4634,1
14295,31.9802,32.0000,4096,240.5000,5,47.3022,4634,1
14296,31.9802,32.0000,4096,240.5000,5,47.3022,4635,1
14297,31.9802,32.0000,4096,240.5000,5,47.3022,4636,1
14298,31.9802,32.0000,4096,240.5000,5,47.3022,4637,1
14299,31.9802,32.0000,4096,240.5000,5,47.3022,4638,1
14300,31.9802,32.0000,4096,240.5000,5,47.3022,4638,1
14301,31.9802,32.0000,4096,240.5000,5,47.3022,4638,1
14302,31.9802,32.0000,4096,240.5000,5,47.3022,4638,1
14303,31.9802,32.0000,4096,240.5000,5,47.3022,4639,1
14304,31.9802,32.0000,4096,240.5000,5,47.3022,4639,1
14305,31.9802,32.0000,4096,240.5000,5,47.3022,4639,1
14306,31.9802,32.0000,4096,240.5000,5,47.3022,4639,1
14307,31.9802,32.0000,4096,240.5000,5,47.3022,4639,1
14308,31.9802,32.0000,4096,240.5000,5,47.3022,4639,1
14309,31.9802,32.0000,4096,240.5000,5,47.3022,4639,1
14310,31.9802,32.0000,4096,240.5000,5,47.3022,4639,1
14311,31.9802,32.0000,4096,240.5000,5,47.3022,4639,1
14312,31.9802,32.0000,4096,240.5000,5,47.3022,4639,1
14313,31.9802,32.0000,4096,240.5000,5,47.3022,4639,1
14314,31.9802,32.0000,4096,240.5000,5,47.3022,4639,1
14315,31.9802,32.0000,4096,240.5000,5,47.3022,4640,1
14316,31.9802,32.0000,4096,240.5000,5,47.3022,4640,1
14317,31.9802,32.0000,4096,240.5000,5,47.3022,4640,1
14318,31.9802,32.0000,4096,240.5000,5,47.3022,4641,1
14319,31.9802,32.0000,4096,240.5000,5,47.3022,4641,1
14320,31.9802,32.0000,4096,240.5000,5,47.3022,4641,1
14321,31.9802,32.0000,4096,240.5000,5,47.3022,4641,1
14322,31.9802,32.0000,4096,240.5000,5,47.3022,4642,1
14323,31.9802,32.0000,4096,240.5000,5,47.3022,4642,1
14324,31.9802,32.0000,4096,240.5000,5,47.3022,4642,1
14325,31.9802,32.0000,4096,240.5000,5,47.3022,4643,1
14326,31.9802,32.0000,4096,240.5000,5,47.3022,4643,1
14327,31.9802,32.0000,4096,240.5000,5,47.3022,4643,1
14328,31.9802,32.0000,4096,240.5000,5,47.3022,4643,1
14329,31.9802,32.0000,4096,240.5000,5,47.3022,4644,1
14330,31.9802,32.0000,4096,240.5000,5,47.3022,4644,1
14331,31.9802,32.0000,4096,240.5000,5,47.3022,4645,1
14332,31.9802,32.0000,4096,240.5000,5,47.3022,4645,1
14333,31.9802,32.0000,4096,240.5000,5,47.3022,4645,1
14334,31.9802,32.0000,4096,240.5000,5,47.3022,4645,1
14335,31.9802,32.0000,4096,240.5000,5,47.3022,4645,1
14336,31.9802,32.0000,4096,240.5000,5,47.3022,4645,1
14337,31.9802,32.0000,4096,240.5000,5,47.3022,4645,1
14338,31.9802,32.0000,4096,240.5000,5,47.3022,4645,1
14339,31.9802,32.0000,4096,240.5000,5,47.3022,4646,1
14340,31.9802,32.0000,4096,240.5000,5,47.3022,4646,1
14341,31.9802,32.0000,4096,240.5000,5,47.3022,4646,1
14342,31.9802,32.0000,4096,240.5000,5,47.3022,4646,1
14343,31.9802,32.0000,4096,240.5000,5,47.3022,4646,1
14344,31.9802,32.0000,4096,240.5000,5,47.3022,4647,1
14345,31.9802,32.0000,4096,240.5000,5,47.3022,4647,1
14346,31.9802,32.0000,4096,240.5000,5,47.3022,4647,1
14347,31.9802,32.0000,4096,240.5000,5,47.3022,4647,1
14348,31.9802,32.0000,4096,240.5000,5,47.3022,4647,1
14349,31.9802,32.0000,4096,240.5000,5,47.3022,4647,1
14350,31.9802,32.0000,4096,240.5000,5,47.3022,4647,1
14351,31.9802,32.0000,4096,240.5000,5,47.3022,4648,1
14352,31.9802,32.0000,4096,240.5000,5,47.3022,4648,1
14353,31.9802,32.0000,4096,240.5000,5,47.3022,4648,1
14354,31.9802,32.0000,4096,240.5000,5,47.3022,4648,1
14355,31.9802,32.0000,4096,240.5000,5,47.3022,4648,1
14356,31.9802,32.0000,4096,240.5000,5,47.3022,4648,1
14357,31.9802,32.0000,4096,240.5000,5,47.3022,4649,1
14358,31.9802,32.0000,4096,240.5000,5,47.3022,4649,1
14359,31.9802,32.0000,4096,240.5000,5,47.3022,4649,1
14360,31.9802,32.0000,4096,240.5000,5,47.3022,4650,1
14361,31.9802,32.0000,4096,240.5000,5,47.3022,4650,1
14362,31.9802,32.0000,4096,240.5000,5,47.3022,4650,1
14363,31.9802,32.0000,4096,240.5000,5,47.3022,4650,1
14364,31.9802,32.0000,4096,240.5000,5,47.3022,4650,1
14365,31.9802,32.0000,4096,240.5000,5,47.3022,4650,1
14366,31.9802,32.0000,4096,240.5000,5,47.3022,4651,1
14367,31.9802,32.0000,4096,240.5000,5,47.3022,4652,1
14368,31.9802,32.0000,4096,240.5000,5,47.3022,4652,1
14369,31.9802,32.0000,4096,240.5000,5,47.3022,4652,1
14370,31.9802,32.0000,4096,240.5000,5,47.3022,4652,1
14371,31.9802,32.0000,4096,240.5000,5,47.3022,4652,1
14372,31.9802,32.0000,4096,240.5000,5,47.3022,4652,1
14373,31.9802,32.0000,4096,240.5000,5,47.3022,4652,1
14374,31.9802,32.0000,4096,240.5000,5,47.3022,4652,1
14375,31.9802,32.0000,4096,240.5000,5,47.3022,4652,1
14376,31.9802,32.0000,4096,240.5000,5,47.3022,4652,1
14377,31.9802,32.0000,4096,240.5000,5,47.3022,4652,1
14378,31.9802,32.0000,4096,240.5000,5,47.3022,4652,1
14379,31.9802,32.0000,4096,240.5000,5,47.3022,4652,1
14380,31.9802,32.0000,4096,240.5000,5,47.3022,4652,1
14381,31.9802,32.0000,4096,240.5000,5,47.3022,4652,1
14382,31.9802,32.0000,4096,240.5000,5,47.3022,4652,1
14383,31.9802,32.0000,4096,240.5000,5,47.3022,4652,1
14384,31.9802,32.0000,4096,240.5000,5,47.3022,4652,1
14385,31.9802,32.0000,4096,240.5000,5,47.3022,4652,1
14386,31.9802,32.0000,4096,240.5000,5,47.3022,4652,1
14387,31.9802,32.0000,4096,240.5000,5,47.3022,4653,1
14388,31.9802,32.0000,4096,240.5000,5,47.3022,4653,1
14389,31.9802,32.0000,4096,240.5000,5,47.3022,4654,1
14390,31.9802,32.0000,4096,240.5000,5,47.3022,4654,1
14391,31.9802,32.0000,4096,240.5000,5,47.3022,4654,1
14392,31.9802,32.0000,4096,240.5000,5,47.3022,4655,1
14393,31.9802,32.0000,4096,240.5000,5,47.3022,4656,1
14394,31.9802,32.0000,4096,240.5000,5,47.3022,4656,1
14395,31.9802,32.0000,4096,240.5000,5,47.3022,4656,1
14396,31.9802,32.0000,4096,240.5000,5,47.3022,4656,1
14397,31.9802,32.0000,4096,240.5000,5,47.3022,4656,1
14398,31.9802,32.0000,4096,240.5000,5,47.3022,4656,1
14399,31.9802,32.0000,4096,240.5000,5,47.3022,4656,1
14400,31.9802,32.0000,4096,240.5000,5,47.3022,4657,1
14401,31.9802,32.0000,4096,240.5000,5,47.3022,4657,1
14402,31.9802,32.0000,4096,240.5000,5,47.3022,4657,1
14403,31.9802,32.0000,4096,240.5000,5,47.3022,4658,1
14404,31.9802,32.0000,4096,240.5000,5,47.3022,4658,1
14405,31.9802,32.0000,4096,240.5000,5,47.3022,4658,1
14406,31.9802,32.0000,4096,240.5000,5,47.3022,4658,1
14407,31.9802,32.0000,4096,240.5000,5,47.3022,4658,1
14408,31.9802,32.0000,4096,240.5000,5,47.3022,4658,1
14409,31.9802,32.0000,4096,240.5000,5,47.3022,4658,1
14410,31.9802,32.0000,4096,240.5000,5,47.3022,4658,1
14411,31.9802,32.0000,4096,240.5000,5,47.3022,4658,1
14412,31.9802,32.0000,4096,240.5000,5,47.3022,4659,1
14413,31.9802,32.0000,4096,240.5000,5,47.3022,4659,1
14414,31.9802,32.0000,4096,240.5000,5,47.3022,4660,1
14415,31.9802,32.0000,4096,240.5000,5,47.3022,4660,1
14416,31.9802,32.0000,4096,240.5000,5,47.3022,4661,1
14417,31.9802,32.0000,4096,240.5000,5,47.3022,4661,1
14418,31.9802,32.0000,4096,240.5000,5,47.3022,4662,1
14419,31.9802,32.0000,4096,240.5000,5,47.3022,4662,1
14420,31.9802,32.0000,4096,240.5000,5,47.3022,4663,1
14421,31.9802,32.0000,4096,240.5000,5,47.3022,4664,1
14422,31.9802,32.0000,4096,240.5000,5,47.3022,4665,1
14423,31.9802,32.0000,4096,240.5000,5,47.3022,4665,1
14424,31.9802,32.0000,4096,240.5000,5,47.3022,4665,1
14425,31.9802,32.0000,4096,240.5000,5,47.3022,4665,1
14426,31.9802,32.0000,4096,240.5000,5,47.3022,4666,1
14427,31.9802,32.0000,4096,240.5000,5,47.3022,4667,1
14428,31.9802,32.0000,4096,240.5000,5,47.3022,4667,1
14429,31.9802,32.0000,4096,240.5000,5,47.3022,4667,1
14430,31.9802,32.0000,4096,240.5000,5,47.3022,4668,1
14431,31.9802,32.0000,4096,240.5000,5,47.3022,4668,1
14432,31.9802,32.0000,4096,240.5000,5,47.3022,4668,1
14433,31.9802,32.0000,4096,240.5000,5,47.3022,4668,1
14434,31.9802,32.0000,4096,240.5000,5,47.3022,4668,1
14435,31.9802,32.0000,4096,240.5000,5,47.3022,4668,1
14436,31.9802,32.0000,4096,240.5000,5,47.3022,4668,1
14437,31.9802,32.0000,4096,240.5000,5,47.3022,4668,1
14438,31.9802,32.0000,4096,240.5000,5,47.3022,4669,1
14439,31.9802,32.0000,4096,240.5000,5,47.3022,4669,1
14440,31.9802,32.0000,4096,240.5000,5,47.3022,4669,1
14441,31.9802,32.0000,4096,240.5000,5,47.3022,4670,1
14442,31.9802,32.0000,4096,240.5000,5,47.3022,4670,1
14443,31.9802,32.0000,4096,240.5000,5,47.3022,4671,1
14444,31.9802,32.0000,4096,240.5000,5,47.3022,4671,1
14445,31.9802,32.0000,4096,240.5000,5,47.3022,4671,1
14446,31.9802,32.0000,4096,240.5000,5,47.3022,4671,1
14447,31.9802,32.0000,4096,240.5000,5,47.3022,4671,1
14448,31.9802,32.0000,4096,240.5000,5,47.3022,4671,1
14449,31.9802,32.0000,4096,240.5000,5,47.3022,4671,1
14450,31.9802,32.0000,4096,240.5000,5,47.3022,4671,1
14451,31.9802,32.0000,4096,240.5000,5,47.3022,4671,1
14452,31.9802,32.0000,4096,240.5000,5,47.3022,4671,1
14453,31.9802,32.0000,4096,240.5000,5,47.3022,4671,1
14454,31.9802,32.0000,4096,240.5000,5,47.3022,4671,1
14455,31.9802,32.0000,4096,240.5000,5,47.3022,4671,1
14456,31.9802,32.0000,4096,240.5000,5,47.3022,4672,1
14457,31.9802,32.0000,4096,240.5000,5,47.3022,4672,1
14458,31.9802,32.0000,4096,240.5000,5,47.3022,4673,1
14459,31.9802,32.0000,4096,240.5000,5,47.3022,4674,1
14460,31.9802,32.0000,4096,240.5000,5,47.3022,4675,1
14461,31.9802,32.0000,4096,240.5000,5,47.3022,4675,1
14462,31.9802,32.0000,4096,240.5000,5,47.3022,4675,1
14463,31.9802,32.0000,4096,240.5000,5,47.3022,4675,1
14464,31.9802,32.0000,4096,240.5000,5,47.3022,4675,1
14465,31.9802,32.0000,4096,240.5000,5,47.3022,4675,1
14466,31.9802,32.0000,4096,240.5000,5,47.3022,4675,1
14467,31.9802,32.0000,4096,240.5000,5,47.3022,4675,1
14468,31.9802,32.0000,4096,240.5000,5,47.3022,4675,1
14469,31.9802,32.0000,4096,240.5000,5,47.3022,4676,1
14470,31.9802,32.0000,4096,240.5000,5,47.3022,4677,1
14471,31.9802,32.0000,4096,240.5000,5,47.3022,4677,1
14472,31.9802,32.0000,4096,240.5000,5,47.3022,4677,1
14473,31.9802,32.0000,4096,240.5000,5,47.3022,4677,1
14474,31.9802,32.0000,4096,240.5000,5,47.3022,4677,1
14475,31.9802,32.0000,4096,240.5000,5,47.3022,4677,1
14476,31.9802,32.0000,4096,240.5000,5,47.3022,4678,1
14477,31.9802,32.0000,4096,240.5000,5,47.3022,4678,1
14478,31.9802,32.0000,4096,240.5000,5,47.3022,4678,1
14479,31.9802,32.0000,4096,240.5000,5,47.3022,4678,1
14480,31.9802,32.0000,4096,240.5000,5,47.3022,4678,1
14481,31.9802,32.0000,4096,240.5000,5,47.3022,4678,1
14482,31.9802,32.0000,4096,240.5000,5,47.3022,4678,1
14483,31.9802,32.0000,4096,240.5000,5,47.3022,4678,1
14484,31.9802,32.0000,4096,240.5000,5,47.3022,4678,1
14485,31.9802,32.0000,4096,240.5000,5,47.3022,4679,1
14486,31.9802,32.0000,4096,240.5000,5,47.3022,4679,1
14487,31.9802,32.0000,4096,240.5000,5,47.3022,4679,1
14488,31.9802,32.0000,4096,240.5000,5,47.3022,4679,1
14489,31.9802,32.0000,4096,240.5000,5,47.3022,4679,1
14490,31.9802,32.0000,4096,240.5000,5,47.3022,4679,1
14491,31.9802,32.0000,4096,240.5000,5,47.3022,4680,1
14492,31.9802,32.0000,4096,240.5000,5,47.3022,4680,1
14493,31.9802,32.0000,4096,240.5000,5,47.3022,4680,1
14494,31.9802,32.0000,4096,240.5000,5,47.3022,4681,1
14495,31.9802,32.0000,4096,240.5000,5,47.3022,4681,1
14496,31.9802,32.0000,4096,240.5000,5,47.3022,4681,1
14497,31.9802,32.0000,4096,240.5000,5,47.3022,4681,1
14498,31.9802,32.0000,4096,240.5000,5,47.3022,4681,1
14499,31.9802,32.0000,4096,240.5000,5,47.3022,4682,1
14500,31.9802,32.0000,4096,240.5000,5,47.3022,4682,1
14501,31.9802,32.0000,4096,240.5000,5,47.3022,4682,1
14502,31.9802,32.0000,4096,240.5000,5,47.3022,4682,1
14503,31.9802,32.0000,4096,240.5000,5,47.3022,4682,1
14504,31.9802,32.0000,4096,240.5000,5,47.3022,4682,1
14505,31.9802,32.0000,4096,240.5000,5,47.3022,4682,1
14506,31.9802,32.0000,4096,240.5000,5,47.3022,4682,1
14507,31.9802,32.0000,4096,240.5000,5,47.3022,4682,1
14508,31.9802,32.0000,4096,240.5000,5,47.3022,4683,1
14509,31.9802,32.0000,4096,240.5000,5,47.3022,4683,1
14510,31.9802,32.0000,4096,240.5000,5,47.3022,4683,1
14511,31.9802,32.0000,4096,240.5000,5,47.3022,4684,1
14512,31.9802,32.0000,4096,240.5000,5,47.3022,4684,1
14513,31.9802,32.0000,4096,240.5000,5,47.3022,4684,1
14514,31.9802,32.0000,4096,240.5000,5,47.3022,4684,1
14515,31.9802,32.0000,4096,240.5000,5,47.3022,4684,1
14516,31.9802,32.0000,4096,240.5000,5,47.3022,4684,1
14517,31.9802,32.0000,4096,240.5000,5,47.3022,4685,1
14518,31.9802,32.0000,4096,240.5000,5,47.3022,4685,1
14519,31.9802,32.0000,4096,240.5000,5,47.3022,4685,1
14520,31.9802,32.0000,4096,240.5000,5,47.3022,4685,1
14521,31.9802,32.0000,4096,240.5000,5,47.3022,4686,1
14522,31.9802,32.0000,4096,240.5000,5,47.3022,4686,1
14523,31.9802,32.0000,4096,240.5000,5,47.3022,4686,1
14524,31.9802,32.0000,4096,240.5000,5,47.3022,4686,1
14525,31.9802,32.0000,4096,240.5000,5,47.3022,4686,1
14526,31.9802,32.0000,4096,240.5000,5,47.3022,4686,1
14527,31.9802,32.0000,4096,240.5000,5,47.3022,4687,1
14528,31.9802,32.0000,4096,240.5000,5,47.3022,4687,1
14529,31.9802,32.0000,4096,240.5000,5,47.3022,4687,1
14530,31.9802,32.0000,4096,240.5000,5,47.3022,4687,1
14531,31.9802,32.0000,4096,240.5000,5,47.3022,4687,1
14532,31.9802,32.0000,4096,240.5000,5,47.3022,4687,1
14533,31.9802,32.0000,4096,240.5000,5,47.3022,4688,1
14534,31.9802,32.0000,4096,240.5000,5,47.3022,4689,1
14535,31.9802,32.0000,4096,240.5000,5,47.3022,4689,1
14536,31.9802,32.0000,4096,240.5000,5,47.3022,4689,1
14537,31.9802,32.0000,4096,240.5000,5,47.3022,4689,1
14538,31.9802,32.0000,4096,240.5000,5,47.3022,4689,1
14539,31.9802,32.0000,4096,240.5000,5,47.3022,4689,1
14540,31.9802,32.0000,4096,240.5000,5,47.3022,4689,1
14541,31.9802,32.0000,4096,240.5000,5,47.3022,4689,1
14542,31.9802,32.0000,4096,240.5000,5,47.3022,4690,1
14543,31.9802,32.0000,4096,240.5000,5,47.3022,4690,1
14544,31.9802,32.0000,4096,240.5000,5,47.3022,4690,1
14545,31.9802,32.0000,4096,240.5000,5,47.3022,4690,1
14546,31.9802,32.0000,4096,240.5000,5,47.3022,4690,1
14547,31.9802,32.0000,4096,240.5000,5,47.3022,4690,1
14548,31.9802,32.0000,4096,240.5000,5,47.3022,4690,1
14549,31.9802,32.0000,4096,240.5000,5,47.3022,4691,1
14550,31.9802,32.0000,4096,240.5000,5,47.3022,4691,1
14551,31.9802,32.0000,4096,240.5000,5,47.3022,4691,1
14552,31.9802,32.0000,4096,240.5000,5,47.3022,4691,1
14553,31.9802,32.0000,4096,240.5000,5,47.3022,4691,1
14554,31.9802,32.0000,4096,240.5000,5,47.3022,4691,1
14555,31.9802,32.0000,4096,240.5000,5,47.3022,4691,1
14556,31.9802,32.0000,4096,240.5000,5,47.3022,4691,1
14557,31.9802,32.0000,4096,240.5000,5,47.3022,4691,1
14558,31.9802,32.0000,4096,240.5000,5,47.3022,4691,1
14559,31.9802,32.0000,4096,240.5000,5,47.3022,4691,1
14560,31.9802,32.0000,4096,240.5000,5,47.3022,4691,1
14561,31.9802,32.0000,4096,240.5000,5,47.3022,4691,1
14562,31.9802,32.0000,4096,240.5000,5,47.3022,4691,1
14563,31.9802,32.0000,4096,240.5000,5,47.3022,4692,1
14564,31.9802,32.0000,4096,240.5000,5,47.3022,4692,1
14565,31.9802,32.0000,4096,240.5000,5,47.3022,4692,1
14566,31.9802,32.0000,4096,240.5000,5,47.3022,4692,1
14567,31.9802,32.0000,4096,240.5000,5,47.3022,4693,1
14568,31.9802,32.0000,4096,240.5000,5,47.3022,4694,1
14569,31.9802,32.0000,4096,240.5000,5,47.3022,4694,1
14570,31.9802,32.0000,4096,240.5000,5,47.3022,4694,1
14571,31.9802,32.0000,4096,240.5000,5,47.3022,4694,1
14572,31.9802,32.0000,4096,240.5000,5,47.3022,4694,1
14573,31.9802,32.0000,4096,240.5000,5,47.3022,4694,1
14574,31.9802,32.0000,4096,240.5000,5,47.3022,4694,1
14575,31.9802,32.0000,4096,240.5000,5,47.3022,4694,1
14576,31.9802,32.0000,4096,240.5000,5,47.3022,4694,1
14577,31.9802,32.0000,4096,240.5000,5,47.3022,4694,1
14578,31.9802,32.0000,4096,240.5000,5,47.3022,4694,1
14579,31.9802,32.0000,4096,240.5000,5,47.3022,4694,1
14580,31.9802,32.0000,4096,240.5000,5,47.3022,4694,1
14581,31.9802,32.0000,4096,240.5000,5,47.3022,4694,1
14582,31.9802,32.0000,4096,240.5000,5,47.3022,4694,1
14583,31.9802,32.0000,4096,240.5000,5,47.3022,4694,1
14584,31.9802,32.0000,4096,240.5000,5,47.3022,4694,1
14585,31.9802,32.0000,4096,240.5000,5,47.3022,4695,1
14586,31.9802,32.0000,4096,240.5000,5,47.3022,4696,1
14587,31.9802,32.0000,4096,240.5000,5,47.3022,4697,1
14588,31.9802,32.0000,4096,240.5000,5,47.3022,4697,1
14589,31.9802,32.0000,4096,240.5000,5,47.3022,4697,1
14590,31.9802,32.0000,4096,240.5000,5,47.3022,4697,1
14591,31.9802,32.0000,4096,240.5000,5,47.3022,4698,1
14592,31.9802,32.0000,4096,240.5000,5,47.3022,4698,1
14593,31.9802,32.0000,4096,240.5000,5,47.3022,4699,1
14594,31.9802,32.0000,4096,240.5000,5,47.3022,4699,1
14595,31.9802,32.0000,4096,240.5000,5,47.3022,4699,1
14596,31.9802,32.0000,4096,240.5000,5,47.3022,4699,1
14597,31.9802,32.0000,4096,240.5000,5,47.3022,4699,1
14598,31.9802,32.0000,4096,240.5000,5,47.3022,4699,1
14599,31.9802,32.0000,4096,240.5000,5,47.3022,4699,1
14600,31.9802,32.0000,4096,240.5000,5,47.3022,4700,1
14601,31.9802,32.0000,4096,240.5000,5,47.3022,4700,1
14602,31.9802,32.0000,4096,240.5000,5,47.3022,4700,1
14603,31.9802,32.0000,4096,240.5000,5,47.3022,4700,1
14604,31.9802,32.0000,4096,240.5000,5,47.3022,4700,1
14605,31.9802,32.0000,4096,240.5000,5,47.3022,4700,1
14606,31.9802,32.0000,4096,240.5000,5,47.3022,4700,1
14607,31.9802,32.0000,4096,240.5000,5,47.3022,4700,1
14608,31.9802,32.0000,4096,240.5000,5,47.3022,4700,1
14609,31.9802,32.0000,4096,240.5000,5,47.3022,4700,1
14610,31.9802,32.0000,4096,240.5000,5,47.3022,4700,1
14611,31.9802,32.0000,4096,240.5000,5,47.3022,4700,1
14612,31.9802,32.0000,4096,240.5000,5,47.3022,4700,1
14613,31.9802,32.0000,4096,240.5000,5,47.3022,4700,1
14614,31.9802,32.0000,4096,240.5000,5,47.3022,4700,1
14615,31.9802,32.0000,4096,240.5000,5,47.3022,4700,1
14616,31.9802,32.0000,4096,240.5000,5,47.3022,4700,1
14617,31.9802,32.0000,4096,240.5000,5,47.3022,4700,1
14618,31.9802,32.0000,4096,240.5000,5,47.3022,4700,1
14619,31.9802,32.0000,4096,240.5000,5,47.3022,4700,1
14620,31.9802,32.0000,4096,240.5000,5,47.3022,4700,1
14621,31.9802,32.0000,4096,240.5000,5,47.3022,4700,1
14622,31.9802,32.0000,4096,240.5000,5,47.3022,4700,1
14623,31.9802,32.0000,4096,240.5000,5,47.3022,4700,1
14624,31.9802,32.0000,4096,240.5000,5,47.3022,4701,1
14625,31.9802,32.0000,4096,240.5000,5,47.3022,4701,1
14626,31.9802,32.0000,4096,240.5000,5,47.3022,4701,1
14627,31.9802,32.0000,4096,240.5000,5,47.3022,4702,1
14628,31.9802,32.0000,4096,240.5000,5,47.3022,4702,1
14629,31.9802,32.0000,4096,240.5000,5,47.3022,4702,1
14630,31.9802,32.0000,4096,240.5000,5,47.3022,4703,1
14631,31.9802,32.0000,4096,240.5000,5,47.3022,4703,1
14632,31.9802,32.0000,4096,240.5000,5,47.3022,4703,1
14633,31.9802,32.0000,4096,240.5000,5,47.3022,4703,1
14634,31.9802,32.0000,4096,240.5000,5,47.3022,4703,1
14635,31.9802,32.0000,4096,240.5000,5,47.3022,4703,1
14636,31.9802,32.0000,4096,240.5000,5,47.3022,4704,1
14637,31.9802,32.0000,4096,240.5000,5,47.3022,4704,1
14638,31.9802,32.0000,4096,240.5000,5,47.3022,4704,1
14639,31.9802,32.0000,4096,240.5000,5,47.3022,4704,1
14640,31.9802,32.0000,4096,240.5000,5,47.3022,4704,1
14641,31.9802,32.0000,4096,240.5000,5,47.3022,4704,1
14642,31.9802,32.0000,4096,240.5000,5,47.3022,4704,1
14643,31.9802,32.0000,4096,240.5000,5,47.3022,4704,1
14644,31.9802,32.0000,4096,240.5000,5,47.3022,4705,1
14645,31.9802,32.0000,4096,240.5000,5,47.3022,4706,1
14646,31.9802,32.0000,4096,240.5000,5,47.3022,4706,1
14647,31.9802,32.0000,4096,240.5000,5,47.3022,4706,1
14648,31.9802,32.0000,4096,240.5000,5,47.3022,4707,1
14649,31.9802,32.0000,4096,240.5000,5,47.3022,4708,1
14650,31.9802,32.0000,4096,240.5000,5,47.3022,4708,1
14651,31.9802,32.0000,4096,240.5000,5,47.3022,4709,1
14652,31.9802,32.0000,4096,240.5000,5,47.3022,4710,1
14653,31.9802,32.0000,4096,240.5000,5,47.3022,4711,1
14654,31.9802,32.0000,4096,240.5000,5,47.3022,4711,1
14655,31.9802,32.0000,4096,240.5000,5,47.3022,4711,1
14656,31.9802,32.0000,4096,240.5000,5,47.3022,4712,1
14657,31.9802,32.0000,4096,240.5000,5,47.3022,4713,1
14658,31.9802,32.0000,4096,240.5000,5,47.3022,4713,1
14659,31.9802,32.0000,4096,240.5000,5,47.3022,4713,1
14660,31.9802,32.0000,4096,240.5000,5,47.3022,4714,1
14661,31.9802,32.0000,4096,240.5000,5,47.3022,4714,1
14662,31.9802,32.0000,4096,240.5000,5,47.3022,4714,1
14663,31.9802,32.0000,4096,240.5000,5,47.3022,4715,1
14664,31.9802,32.0000,4096,240.5000,5,47.3022,4716,1
14665,31.9802,32.0000,4096,240.5000,5,47.3022,4716,1
14666,31.9802,32.0000,4096,240.5000,5,47.3022,4716,1
14667,31.9802,32.0000,4096,240.5000,5,47.3022,4716,1
14668,31.9802,32.0000,4096,240.5000,5,47.3022,4717,1
14669,31.9802,32.0000,4096,240.5000,5,47.3022,4717,1
14670,31.9802,32.0000,4096,240.5000,5,47.3022,4717,1
14671,31.9802,32.0000,4096,240.5000,5,47.3022,4717,1
14672,31.9802,32.0000,4096,240.5000,5,47.3022,4717,1
14673,31.9802,32.0000,4096,240.5000,5,47.3022,4717,1
14674,31.9802,32.0000,4096,240.5000,5,47.3022,4718,1
14675,31.9802,32.0000,4096,240.5000,5,47.3022,4718,1
14676,31.9802,32.0000,4096,240.5000,5,47.3022,4718,1
14677,31.9802,32.0000,4096,240.5000,5,47.3022,4718,1
14678,31.9802,32.0000,4096,240.5000,5,47.3022,4718,1
14679,31.9802,32.0000,4096,240.5000,5,47.3022,4718,1
14680,31.9802,32.0000,4096,240.5000,5,47.3022,4719,1
14681,31.9802,32.0000,4096,240.5000,5,47.3022,4719,1
14682,31.9802,32.0000,4096,240.5000,5,47.3022,4720,1
14683,31.9802,32.0000,4096,240.5000,5,47.3022,4720,1
14684,31.9802,32.0000,4096,240.5000,5,47.3022,4720,1
14685,31.9802,32.0000,4096,240.5000,5,47.3022,4720,1
14686,31.9802,32.0000,4096,240.5000,5,47.3022,4720,1
14687,31.9802,32.0000,4096,240.5000,5,47.3022,4721,1
14688,31.9802,32.0000,4096,240.5000,5,47.3022,4721,1
14689,31.9802,32.0000,4096,240.5000,5,47.3022,4722,1
14690,31.9802,32.0000,4096,240.5000,5,47.3022,4723,1
14691,31.9802,32.0000,4096,240.5000,5,47.3022,4723,1
14692,31.9802,32.0000,4096,240.5000,5,47.3022,4724,1
14693,31.9802,32.0000,4096,240.5000,5,47.3022,4724,1
14694,31.9802,32.0000,4096,240.5000,5,47.3022,4724,1
14695,31.9802,32.0000,4096,240.5000,5,47.3022,4724,1
14696,31.9802,32.0000,4096,240.5000,5,47.3022,4724,1
14697,31.9802,32.0000,4096,240.5000,5,47.3022,4724,1
14698,31.9802,32.0000,4096,240.5000,5,47.3022,4724,1
14699,31.9802,32.0000,4096,240.5000,5,47.3022,4724,1
14700,31.9802,32.0000,4096,240.5000,5,47.3022,4724,1
14701,31.9802,32.0000,4096,240.5000,5,47.3022,4725,1
14702,31.9802,32.0000,4096,240.5000,5,47.3022,4725,1
14703,31.9802,32.0000,4096,240.5000,5,47.3022,4725,1
14704,31.9802,32.0000,4096,240.5000,5,47.3022,4726,1
14705,31.9802,32.0000,4096,240.5000,5,47.3022,4727,1
14706,31.9802,32.0000,4096,240.5000,5,47.3022,4728,1
14707,31.9802,32.0000,4096,240.5000,5,47.3022,4728,1
14708,31.9802,32.0000,4096,240.5000,5,47.3022,4728,1
14709,31.9802,32.0000,4096,240.5000,5,47.3022,4728,1
14710,31.9802,32.0000,4096,240.5000,5,47.3022,4728,1
14711,31.9802,32.0000,4096,240.5000,5,47.3022,4728,1
14712,31.9802,32.0000,4096,240.5000,5,47.3022,4729,1
14713,31.9802,32.0000,4096,240.5000,5,47.3022,4729,1
14714,31.9802,32.0000,4096,240.5000,5,47.3022,4729,1
14715,31.9802,32.0000,4096,240.5000,5,47.3022,4729,1
14716,31.9802,32.0000,4096,240.5000,5,47.3022,4729,1
14717,31.9802,32.0000,4096,240.5000,5,47.3022,4729,1
14718,31.9802,32.0000,4096,240.5000,5,47.3022,4729,1
14719,31.9802,32.0000,4096,240.5000,5,47.3022,4729,1
14720,31.9802,32.0000,4096,240.5000,5,47.3022,4729,1
14721,31.9802,32.0000,4096,240.5000,5,47.3022,4729,1
14722,31.9802,32.0000,4096,240.5000,5,47.3022,4729,1
14723,31.9802,32.0000,4096,240.5000,5,47.3022,4730,1
14724,31.9802,32.0000,4096,240.5000,5,47.3022,4730,1
14725,31.9802,32.0000,4096,240.5000,5,47.3022,4730,1
14726,31.9802,32.0000,4096,240.5000,5,47.3022,4730,1
14727,31.9802,32.0000,4096,240.5000,5,47.3022,4730,1
14728,31.9802,32.0000,4096,240.5000,5,47.3022,4730,1
14729,31.9802,32.0000,4096,240.5000,5,47.3022,4730,1
14730,31.9802,32.0000,4096,240.5000,5,47.3022,4730,1
14731,31.9802,32.0000,4096,240.5000,5,47.3022,4731,1
14732,31.9802,32.0000,4096,240.5000,5,47.3022,4731,1
14733,31.9802,32.0000,4096,240.5000,5,47.3022,4731,1
14734,31.9802,32.0000,4096,240.5000,5,47.3022,4731,1
14735,31.9802,32.0000,4096,240.5000,5,47.3022,4731,1
14736,31.9802,32.0000,4096,240.5000,5,47.3022,4731,1
14737,31.9802,32.0000,4096,240.5000,5,47.3022,4731,1
14738,31.9802,32.0000,4096,240.5000,5,47.3022,4731,1
14739,31.9802,32.0000,4096,240.5000,5,47.3022,4731,1
14740,31.9802,32.0000,4096,240.5000,5,47.3022,4731,1
14741,31.9802,32.0000,4096,240.5000,5,47.3022,4732,1
14742,31.9802,32.0000,4096,240.5000,5,47.3022,4732,1
14743,31.9802,32.0000,4096,240.5000,5,47.3022,4732,1
14744,31.9802,32.0000,4096,240.5000,5,47.3022,4732,1
14745,31.9802,32.0000,4096,240.5000,5,47.3022,4733,1
14746,31.9802,32.0000,4096,240.5000,5,47.3022,4733,1
14747,31.9802,32.0000,4096,240.5000,5,47.3022,4733,1
14748,31.9802,32.0000,4096,240.5000,5,47.3022,4733,1
14749,31.9802,32.0000,4096,240.5000,5,47.3022,4733,1
14750,31.9802,32.0000,4096,240.5000,5,47.3022,4733,1
14751,31.9802,32.0000,4096,240.5000,5,47.3022,4734,1
14752,31.9802,32.0000,4096,240.5000,5,47.3022,4734,1
14753,31.9802,32.0000,4096,240.5000,5,47.3022,4735,1
14754,31.9802,32.0000,4096,240.5000,5,47.3022,4736,1
14755,31.9802,32.0000,4096,240.5000,5,47.3022,4737,1
14756,31.9802,32.0000,4096,240.5000,5,47.3022,4737,1
14757,31.9802,32.0000,4096,240.5000,5,47.3022,4738,1
14758,31.9802,32.0000,4096,240.5000,5,47.3022,4738,1
14759,31.9802,32.0000,4096,240.5000,5,47.3022,4738,1
14760,31.9802,32.0000,4096,240.5000,5,47.3022,4738,1
14761,31.9802,32.0000,4096,240.5000,5,47.3022,4739,1
14762,31.9802,32.0000,4096,240.5000,5,47.3022,4739,1
14763,31.9802,32.0000,4096,240.5000,5,47.3022,4739,1
14764,31.9802,32.0000,4096,240.5000,5,47.3022,4740,1
14765,31.9802,32.0000,4096,240.5000,5,47.3022,4740,1
14766,31.9802,32.0000,4096,240.5000,5,47.3022,4741,1
14767,31.9802,32.0000,4096,240.5000,5,47.3022,4741,1
14768,31.9802,32.0000,4096,240.5000,5,47.3022,4742,1
14769,31.9802,32.0000,4096,240.5000,5,47.3022,4742,1
14770,31.9802,32.0000,4096,240.5000,5,47.3022,4742,1
14771,31.9802,32.0000,4096,240.5000,5,47.3022,4743,1
14772,31.9802,32.0000,4096,240.5000,5,47.3022,4744,1
14773,31.9802,32.0000,4096,240.5000,5,47.3022,4744,1
14774,31.9802,32.0000,4096,240.5000,5,47.3022,4744,1
14775,31.9802,32.0000,4096,240.5000,5,47.3022,4745,1
14776,31.9802,32.0000,4096,240.5000,5,47.3022,4745,1
14777,31.9802,32.0000,4096,240.5000,5,47.3022,4745,1
14778,31.9802,32.0000,4096,240.5000,5,47.3022,4745,1
14779,31.9802,32.0000,4096,240.5000,5,47.3022,4746,1
14780,31.9802,32.0000,4096,240.5000,5,47.3022,4746,1
14781,31.9802,32.0000,4096,240.5000,5,47.3022,4746,1
14782,31.9802,32.0000,4096,240.5000,5,47.3022,4746,1
14783,31.9802,32.0000,4096,240.5000,5,47.3022,4747,1
14784,31.9802,32.0000,4096,240.5000,5,47.3022,4747,1
14785,31.9802,32.0000,4096,240.5000,5,47.3022,4747,1
14786,31.9802,32.0000,4096,240.5000,5,47.3022,4747,1
14787,31.9802,32.0000,4096,240.5000,5,47.3022,4747,1
14788,31.9802,32.0000,4096,240.5000,5,47.3022,4747,1
14789,31.9802,32.0000,4096,240.5000,5,47.3022,4748,1
14790,31.9802,32.0000,4096,240.5000,5,47.3022,4748,1
14791,31.9802,32.0000,4096,240.5000,5,47.3022,4748,1
14792,31.9802,32.0000,4096,240.5000,5,47.3022,4748,1
14793,31.9802,32.0000,4096,240.5000,5,47.3022,4748,1
14794,31.9802,32.0000,4096,240.5000,5,47.3022,4748,1
14795,31.9802,32.0000,4096,240.5000,5,47.3022,4749,1
14796,31.9802,32.0000,4096,240.5000,5,47.3022,4749,1
14797,31.9802,32.0000,4096,240.5000,5,47.3022,4750,1
14798,31.9802,32.0000,4096,240.5000,5,47.3022,4751,1
14799,31.9802,32.0000,4096,240.5000,5,47.3022,4752,1
14800,31.9802,32.0000,4096,240.5000,5,47.3022,4752,1
14801,31.9802,32.0000,4096,240.5000,5,47.3022,4752,1
14802,31.9802,32.0000,4096,240.5000,5,47.3022,4753,1
14803,31.9802,32.0000,4096,240.5000,5,47.3022,4753,1
14804,31.9802,32.0000,4096,240.5000,5,47.3022,4753,1
14805,31.9802,32.0000,4096,240.5000,5,47.3022,4753,1
14806,31.9802,32.0000,4096,240.5000,5,47.3022,4753,1
14807,31.9802,32.0000,4096,240.5000,5,47.3022,4753,1
14808,31.9802,32.0000,4096,240.5000,5,47.3022,4754,1
14809,31.9802,32.0000,4096,240.5000,5,47.3022,4754,1
14810,31.9802,32.0000,4096,240.5000,5,47.3022,4754,1
14811,31.9802,32.0000,4096,240.5000,5,47.3022,4754,1
14812,31.9802,32.0000,4096,240.5000,5,47.3022,4754,1
14813,31.9802,32.0000,4096,240.5000,5,47.3022,4754,1
14814,31.9802,32.0000,4096,240.5000,5,47.3022,4754,1
14815,31.9802,32.0000,4096,240.5000,5,47.3022,4754,1
14816,31.9802,32.0000,4096,240.5000,5,47.3022,4754,1
14817,31.9802,32.0000,4096,240.5000,5,47.3022,4754,1
14818,31.9802,32.0000,4096,240.5000,5,47.3022,4754,1
14819,31.9802,32.0000,4096,240.5000,5,47.3022,4754,1
14820,31.9802,32.0000,4096,240.5000,5,47.3022,4754,1
14821,31.9802,32.0000,4096,240.5000,5,47.3022,4754,1
14822,31.9802,32.0000,4096,240.5000,5,47.3022,4754,1
14823,31.9802,32.0000,4096,240.5000,5,47.3022,4754,1
14824,31.9802,32.0000,4096,240.5000,5,47.3022,4754,1
14825,31.9802,32.0000,4096,240.5000,5,47.3022,4754,1
14826,31.9802,32.0000,4096,240.5000,5,47.3022,4754,1
14827,31.9802,32.0000,4096,240.5000,5,47.3022,4754,1
14828,31.9802,32.0000,4096,240.5000,5,47.3022,4755,1
14829,31.9802,32.0000,4096,240.5000,5,47.3022,4755,1
14830,31.9802,32.0000,4096,240.5000,5,47.3022,4756,1
14831,31.9802,32.0000,4096,240.5000,5,47.3022,4756,1
14832,31.9802,32.0000,4096,240.5000,5,47.3022,4757,1
14833,31.9802,32.0000,4096,240.5000,5,47.3022,4757,1
14834,31.9802,32.0000,4096,240.5000,5,47.3022,4757,1
14835,31.9802,32.0000,4096,240.5000,5,47.3022,4757,1
14836,31.9802,32.0000,4096,240.5000,5,47.3022,4757,1
14837,31.9802,32.0000,4096,240.5000,5,47.3022,4758,1
14838,31.9802,32.0000,4096,240.5000,5,47.3022,4758,1
14839,31.9802,32.0000,4096,240.5000,5,47.3022,4759,1
14840,31.9802,32.0000,4096,240.5000,5,47.3022,4759,1
14841,31.9802,32.0000,4096,240.5000,5,47.3022,4760,1
14842,31.9802,32.0000,4096,240.5000,5,47.3022,4760,1
14843,31.9802,32.0000,4096,240.5000,5,47.3022,4760,1
14844,31.9802,32.0000,4096,240.5000,5,47.3022,4761,1
14845,31.9802,32.0000,4096,240.5000,5,47.3022,4762,1
14846,31.9802,32.0000,4096,240.5000,5,47.3022,4762,1
14847,31.9802,32.0000,4096,240.5000,5,47.3022,4762,1
14848,31.9802,32.0000,4096,240.5000,5,47.3022,4762,1
14849,31.9802,32.0000,4096,240.5000,5,47.3022,4762,1
14850,31.9802,32.0000,4096,240.5000,5,47.3022,4762,1
14851,31.9802,32.0000,4096,240.5000,5,47.3022,4763,1
14852,31.9802,32.0000,4096,240.5000,5,47.3022,4763,1
14853,31.9802,32.0000,4096,240.5000,5,47.3022,4763,1
14854,31.9802,32.0000,4096,240.5000,5,47.3022,4763,1
14855,31.9802,32.0000,4096,240.5000,5,47.3022,4763,1
14856,31.9802,32.0000,4096,240.5000,5,47.3022,4764,1
14857,31.9802,32.0000,4096,240.5000,5,47.3022,4764,1
14858,31.9802,32.0000,4096,240.5000,5,47.3022,4764,1
14859,31.9802,32.0000,4096,240.5000,5,47.3022,4764,1
14860,31.9802,32.0000,4096,240.5000,5,47.3022,4765,1
14861,31.9802,32.0000,4096,240.5000,5,47.3022,4765,1
14862,31.9802,32.0000,4096,240.5000,5,47.3022,4765,1
14863,31.9802,32.0000,4096,240.5000,5,47.3022,4765,1
14864,31.9802,32.0000,4096,240.5000,5,47.3022,4765,1
14865,31.9802,32.0000,4096,240.5000,5,47.3022,4765,1
14866,31.9802,32.0000,4096,240.5000,5,47.3022,4765,1
14867,31.9802,32.0000,4096,240.5000,5,47.3022,4766,1
14868,31.9802,32.0000,4096,240.5000,5,47.3022,4766,1
14869,31.9802,32.0000,4096,240.5000,5,47.3022,4766,1
14870,31.9802,32.0000,4096,240.5000,5,47.3022,4766,1
14871,31.9802,32.0000,4096,240.5000,5,47.3022,4767,1
14872,31.9802,32.0000,4096,240.5000,5,47.3022,4768,1
14873,31.9802,32.0000,4096,240.5000,5,47.3022,4768,1
14874,31.9802,32.0000,4096,240.5000,5,47.3022,4768,1
14875,31.9802,32.0000,4096,240.5000,5,47.3022,4768,1
14876,31.9802,32.0000,4096,240.5000,5,47.3022,4768,1
14877,31.9802,32.0000,4096,240.5000,5,47.3022,4769,1
14878,31.9802,32.0000,4096,240.5000,5,47.3022,4770,1
14879,31.9802,32.0000,4096,240.5000,5,47.3022,4770,1
14880,31.9802,32.0000,4096,240.5000,5,47.3022,4770,1
14881,31.9802,32.0000,4096,240.5000,5,47.3022,4770,1
14882,31.9802,32.0000,4096,240.5000,5,47.3022,4771,1
14883,31.9802,32.0000,4096,240.5000,5,47.3022,4772,1
14884,31.9802,32.0000,4096,240.5000,5,47.3022,4772,1
14885,31.9802,32.0000,4096,240.5000,5,47.3022,4772,1
14886,31.9802,32.0000,4096,240.5000,5,47.3022,4773,1
14887,31.9802,32.0000,4096,240.5000,5,47.3022,4774,1
14888,31.9802,32.0000,4096,240.5000,5,47.3022,4774,1
14889,31.9802,32.0000,4096,240.5000,5,47.3022,4775,1
14890,31.9802,32.0000,4096,240.5000,5,47.3022,4775,1
14891,31.9802,32.0000,4096,240.5000,5,47.3022,4776,1
14892,31.9802,32.0000,4096,240.5000,5,47.3022,4776,1
14893,31.9802,32.0000,4096,240.5000,5,47.3022,4776,1
14894,31.9802,32.0000,4096,240.5000,5,47.3022,4776,1
14895,31.9802,32.0000,4096,240.5000,5,47.3022,4776,1
14896,31.9802,32.0000,4096,240.5000,5,47.3022,4776,1
14897,31.9802,32.0000,4096,240.5000,5,47.3022,4777,1
14898,31.9802,32.0000,4096,240.5000,5,47.3022,4777,1
14899,31.9802,32.0000,4096,240.5000,5,47.3022,4778,1
14900,31.9802,32.0000,4096,240.5000,5,47.3022,4778,1
14901,31.9802,32.0000,4096,240.5000,5,47.3022,4778,1
14902,31.9802,32.0000,4096,240.5000,5,47.3022,4778,1
14903,31.9802,32.0000,4096,240.5000,5,47.3022,4779,1
14904,31.9802,32.0000,4096,240.5000,5,47.3022,4779,1
14905,31.9802,32.0000,4096,240.5000,5,47.3022,4780,1
14906,31.9802,32.0000,4096,240.5000,5,47.3022,4781,1
14907,31.9802,32.0000,4096,240.5000,5,47.3022,4781,1
14908,31.9802,32.0000,4096,240.5000,5,47.3022,4781,1
14909,31.9802,32.0000,4096,240.5000,5,47.3022,4782,1
14910,31.9802,32.0000,4096,240.5000,5,47.3022,4782,1
14911,31.9802,32.0000,4096,240.5000,5,47.3022,4782,1
14912,31.9802,32.0000,4096,240.5000,5,47.3022,4782,1
14913,31.9802,32.0000,4096,240.5000,5,47.3022,4783,1
14914,31.9802,32.0000,4096,240.5000,5,47.3022,4783,1
14915,31.9802,32.0000,4096,240.5000,5,47.3022,4784,1
14916,31.9802,32.0000,4096,240.5000,5,47.3022,4785,1
14917,31.9802,32.0000,4096,240.5000,5,47.3022,4785,1
14918,31.9802,32.0000,4096,240.5000,5,47.3022,4785,1
14919,31.9802,32.0000,4096,240.5000,5,47.3022,4785,1
14920,31.9802,32.0000,4096,240.5000,5,47.3022,4785,1
14921,31.9802,32.0000,4096,240.5000,5,47.3022,4785,1
14922,31.9802,32.0000,4096,240.5000,5,47.3022,4785,1
14923,31.9802,32.0000,4096,240.5000,5,47.3022,4786,1
14924,31.9802,32.0000,4096,240.5000,5,47.3022,4787,1
14925,31.9802,32.0000,4096,240.5000,5,47.3022,4787,1
14926,31.9802,32.0000,4096,240.5000,5,47.3022,4787,1
14927,31.9802,32.0000,4096,240.5000,5,47.3022,4787,1
14928,31.9802,32.0000,4096,240.5000,5,47.3022,4787,1
14929,31.9802,32.0000,4096,240.5000,5,47.3022,4788,1
14930,31.9802,32.0000,4096,240.5000,5,47.3022,4788,1
14931,31.9802,32.0000,4096,240.5000,5,47.3022,4788,1
14932,31.9802,32.0000,4096,240.5000,5,47.3022,4789,1
14933,31.9802,32.0000,4096,240.5000,5,47.3022,4789,1
14934,31.9802,32.0000,4096,240.5000,5,47.3022,4790,1
14935,31.9802,32.0000,4096,240.5000,5,47.3022,4790,1
14936,31.9802,32.0000,4096,240.5000,5,47.3022,4791,1
14937,31.9802,32.0000,4096,240.5000,5,47.3022,4791,1
14938,31.9802,32.0000,4096,240.5000,5,47.3022,4791,1
14939,31.9802,32.0000,4096,240.5000,5,47.3022,4791,1
14940,31.9802,32.0000,4096,240.5000,5,47.3022,4791,1
14941,31.9802,32.0000,4096,240.5000,5,47.3022,4791,1
14942,31.9802,32.0000,4096,240.5000,5,47.3022,4792,1
14943,31.9802,32.0000,4096,240.5000,5,47.3022,4793,1
14944,31.9802,32.0000,4096,240.5000,5,47.3022,4794,1
14945,31.9802,32.0000,4096,240.5000,5,47.3022,4795,1
14946,31.9802,32.0000,4096,240.5000,5,47.3022,4795,1
14947,31.9802,32.0000,4096,240.5000,5,47.3022,4795,1
14948,31.9802,32.0000,4096,240.5000,5,47.3022,4795,1
14949,31.9802,32.0000,4096,240.5000,5,47.3022,4796,1
14950,31.9802,32.0000,4096,240.5000,5,47.3022,4796,1
14951,31.9802,32.0000,4096,240.5000,5,47.3022,4796,1
14952,31.9802,32.0000,4096,240.5000,5,47.3022,4797,1
14953,31.9802,32.0000,4096,240.5000,5,47.3022,4797,1
14954,31.9802,32.0000,4096,240.5000,5,47.3022,4797,1
14955,31.9802,32.0000,4096,240.5000,5,47.3022,4797,1
14956,31.9802,32.0000,4096,240.5000,5,47.3022,4797,1
14957,31.9802,32.0000,4096,240.5000,5,47.3022,4797,1
14958,31.9802,32.0000,4096,240.5000,5,47.3022,4798,1
14959,31.9802,32.0000,4096,240.5000,5,47.3022,4798,1
14960,31.9802,32.0000,4096,240.5000,5,47.3022,4798,1
14961,31.9802,32.0000,4096,240.5000,5,47.3022,4798,1
14962,31.9802,32.0000,4096,240.5000,5,47.3022,4798,1
14963,31.9802,32.0000,4096,240.5000,5,47.3022,4798,1
14964,31.9802,32.0000,4096,240.5000,5,47.3022,4798,1
14965,31.9802,32.0000,4096,240.5000,5,47.3022,4798,1
14966,31.9802,32.0000,4096,240.5000,5,47.3022,4798,1
14967,31.9802,32.0000,4096,240.5000,5,47.3022,4798,1
14968,31.9802,32.0000,4096,240.5000,5,47.3022,4799,1
14969,31.9802,32.0000,4096,240.5000,5,47.3022,4800,1
14970,31.9802,32.0000,4096,240.5000,5,47.3022,4800,1
14971,31.9802,32.0000,4096,240.5000,5,47.3022,4800,1
14972,31.9802,32.0000,4096,240.5000,5,47.3022,4800,1
14973,31.9802,32.0000,4096,240.5000,5,47.3022,4801,1
14974,31.9802,32.0000,4096,240.5000,5,47.3022,4801,1
14975,31.9802,32.0000,4096,240.5000,5,47.3022,4801,1
14976,31.9802,32.0000,4096,240.5000,5,47.3022,4801,1
14977,31.9802,32.0000,4096,240.5000,5,47.3022,4801,1
14978,31.9802,32.0000,4096,240.5000,5,47.3022,4801,1
14979,31.9802,32.0000,4096,240.5000,5,47.3022,4801,1
14980,31.9802,32.0000,4096,240.5000,5,47.3022,4802,1
14981,31.9802,32.0000,4096,240.5000,5,47.3022,4802,1
14982,31.9802,32.0000,4096,240.5000,5,47.3022,4803,1
14983,31.9802,32.0000,4096,240.5000,5,47.3022,4803,1
14984,31.9802,32.0000,4096,240.5000,5,47.3022,4803,1
14985,31.9802,32.0000,4096,240.5000,5,47.3022,4804,1
14986,31.9802,32.0000,4096,240.5000,5,47.3022,4804,1
14987,31.9802,32.0000,4096,240.5000,5,47.3022,4804,1
14988,31.9802,32.0000,4096,240.5000,5,47.3022,4805,1
14989,31.9802,32.0000,4096,240.5000,5,47.3022,4805,1
14990,31.9802,32.0000,4096,240.5000,5,47.3022,4806,1
14991,31.9802,32.0000,4096,240.5000,5,47.3022,4807,1
14992,31.9802,32.0000,4096,240.5000,5,47.3022,4807,1
14993,31.9802,32.0000,4096,240.5000,5,47.3022,4807,1
14994,31.9802,32.0000,4096,240.5000,5,47.3022,4807,1
14995,31.9802,32.0000,4096,240.5000,5,47.3022,4808,1
14996,31.9802,32.0000,4096,240.5000,5,47.3022,4809,1
14997,31.9802,32.0000,4096,240.5000,5,47.3022,4809,1
14998,31.9802,32.0000,4096,240.5000,5,47.3022,4809,1
14999,31.9802,32.0000,4096,240.5000,5,47.3022,4809,1
