iter,best_avalanche,best_balance,best_period,best_chisq,best_length,best_composite,accepted,beats_ref
0,28.7744,31.8828,4096,270.2500,9,12.5057,1,0
1,28.7744,31.8828,4096,270.2500,9,12.5057,2,0
2,28.7744,31.8828,4096,270.2500,9,12.5057,2,0
3,28.7744,31.8828,4096,270.2500,9,12.5057,3,0
4,28.7744,31.8828,4096,270.2500,9,12.5057,3,0
5,28.7744,31.8828,4096,270.2500,9,12.5057,3,0
6,28.7744,31.8828,4096,270.2500,9,12.5057,4,0
7,28.7744,31.8828,4096,270.2500,9,12.5057,5,0
8,28.7744,31.8828,4096,270.2500,9,12.5057,6,0
9,28.7744,31.8828,4096,270.2500,9,12.5057,7,0
10,28.7744,31.8828,4096,270.2500,9,12.5057,8,0
11,28.7744,31.8828,4096,270.2500,9,12.5057,9,0
12,28.7744,31.8828,4096,270.2500,9,12.5057,10,0
13,28.7744,31.8828,4096,270.2500,9,12.5057,10,0
14,28.7744,31.8828,4096,270.2500,8,13.0057,11,0
15,28.7744,31.8828,4096,270.2500,8,13.0057,11,0
16,28.7744,31.8828,4096,270.2500,8,13.0057,12,0
17,28.7744,31.8828,4096,270.2500,8,13.0057,13,0
18,28.7744,31.8828,4096,270.2500,8,13.0057,13,0
19,28.7744,31.8828,4096,270.2500,8,13.0057,13,0
20,28.7744,31.8828,4096,270.2500,8,13.0057,14,0
21,28.7744,31.8828,4096,270.2500,8,13.0057,15,0
22,31.4426,32.1367,4096,270.2500,9,39.0902,16,0
23,31.4426,32.1367,4096,270.2500,9,39.0902,16,0
24,31.4426,32.1367,4096,270.2500,9,39.0902,17,0
25,31.4426,32.1367,4096,270.2500,9,39.0902,17,0
26,31.4426,32.1367,4096,270.2500,9,39.0902,18,0
27,31.4426,32.1367,4096,270.2500,9,39.0902,19,0
28,31.4426,32.1367,4096,270.2500,9,39.0902,20,0
29,31.4426,32.1367,4096,270.2500,9,39.0902,20,0
30,31.4426,32.1367,4096,270.2500,9,39.0902,20,0
31,31.4426,32.1367,4096,270.2500,9,39.0902,21,0
32,31.4426,32.1367,4096,270.2500,9,39.0902,22,0
33,31.4426,32.1367,4096,270.2500,9,39.0902,23,0
34,31.4426,32.1367,4096,270.2500,9,39.0902,24,0
35,31.4426,32.1367,4096,270.2500,9,39.0902,25,0
36,31.4426,32.1367,4096,270.2500,9,39.0902,26,0
37,31.4426,32.1367,4096,270.2500,8,39.5902,27,0
38,31.4426,32.1367,4096,270.2500,8,39.5902,28,0
39,31.4426,32.1367,4096,270.2500,8,39.5902,28,0
40,31.4426,32.1367,4096,270.2500,8,39.5902,29,0
41,31.4426,32.1367,4096,270.2500,8,39.5902,29,0
42,31.4426,32.1367,4096,270.2500,8,39.5902,30,0
43,31.4426,32.1367,4096,270.2500,8,39.5902,31,0
44,31.4426,32.1367,4096,270.2500,8,39.5902,32,0
45,31.4426,32.1367,4096,270.2500,8,39.5902,32,0
46,31.4426,32.1367,4096,270.2500,8,39.5902,33,0
47,31.4426,32.1367,4096,270.2500,8,39.5902,34,0
48,31.4426,32.1367,4096,270.2500,8,39.5902,35,0
49,31.4426,32.1367,4096,270.2500,8,39.5902,35,0
50,31.4426,32.1367,4096,270.2500,8,39.5902,36,0
51,31.4426,32.1367,4096,270.2500,8,39.5902,37,0
52,31.4426,32.1367,4096,270.2500,8,39.5902,37,0
53,31.4426,32.1367,4096,270.2500,8,39.5902,38,0
54,31.4426,32.1367,4096,270.2500,8,39.5902,38,0
55,31.4426,32.1367,4096,270.2500,8,39.5902,38,0
56,31.4426,32.1367,4096,270.2500,8,39.5902,39,0
57,31.4426,32.1367,4096,270.2500,8,39.5902,39,0
58,31.4426,32.1367,4096,270.2500,8,39.5902,40,0
59,31.4426,32.1367,4096,270.2500,8,39.5902,40,0
60,31.4426,32.1367,4096,270.2500,8,39.5902,40,0
61,31.4426,32.1367,4096,270.2500,7,40.0902,41,0
62,31.4426,32.1367,4096,270.2500,7,40.0902,42,0
63,31.4426,32.1367,4096,270.2500,7,40.0902,42,0
64,31.4426,32.1367,4096,270.2500,7,40.0902,42,0
65,31.4426,32.1367,4096,270.2500,7,40.0902,43,0
66,31.4426,32.1367,4096,270.2500,7,40.0902,44,0
67,31.4426,32.1367,4096,270.2500,7,40.0902,44,0
68,31.4426,32.1367,4096,270.2500,7,40.0902,44,0
69,31.4426,32.1367,4096,270.2500,7,40.0902,45,0
70,31.4426,32.1367,4096,270.2500,7,40.0902,46,0
71,31.4426,32.1367,4096,270.2500,7,40.0902,47,0
72,31.4426,32.1367,4096,270.2500,7,40.0902,47,0
73,31.4426,32.1367,4096,270.2500,7,40.0902,47,0
74,31.4426,32.1367,4096,270.2500,7,40.0902,48,0
75,31.4426,32.1367,4096,270.2500,7,40.0902,48,0
76,31.4426,32.1367,4096,270.2500,7,40.0902,49,0
77,31.4426,32.1367,4096,270.2500,7,40.0902,50,0
78,31.4426,32.1367,4096,270.2500,7,40.0902,50,0
79,31.4426,32.1367,4096,270.2500,7,40.0902,50,0
80,31.4426,32.1367,4096,270.2500,7,40.0902,50,0
81,31.4426,32.1367,4096,270.2500,7,40.0902,50,0
82,31.4426,32.1367,4096,270.2500,7,40.0902,51,0
83,31.4426,32.1367,4096,270.2500,7,40.0902,51,0
84,31.4426,32.1367,4096,270.2500,7,40.0902,52,0
85,31.4426,32.1367,4096,270.2500,7,40.0902,53,0
86,31.4426,32.1367,4096,270.2500,7,40.0902,54,0
87,31.4426,32.1367,4096,270.2500,7,40.0902,55,0
88,31.4426,32.1367,4096,270.2500,7,40.0902,55,0
89,31.4426,32.1367,4096,270.2500,7,40.0902,56,0
90,31.4426,32.1367,4096,270.2500,7,40.0902,57,0
91,31.4426,32.1367,4096,270.2500,7,40.0902,58,0
92,31.4426,32.1367,4096,270.2500,7,40.0902,59,0
93,31.4426,32.1367,4096,270.2500,7,40.0902,60,0
94,31.4426,32.1367,4096,270.2500,7,40.0902,60,0
95,31.4426,32.1367,4096,270.2500,7,40.0902,61,0
96,31.4426,32.1367,4096,270.2500,7,40.0902,62,0
97,31.4426,32.1367,4096,270.2500,7,40.0902,63,0
98,31.4426,32.1367,4096,270.2500,7,40.0902,63,0
99,31.4426,32.1367,4096,270.2500,7,40.0902,63,0
100,31.4426,32.1367,4096,270.2500,6,40.5902,64,0
101,31.4426,32.1367,4096,270.2500,6,40.5902,64,0
102,31.4426,32.1367,4096,270.2500,6,40.5902,64,0
103,31.4426,32.1367,4096,270.2500,6,40.5902,65,0
104,31.4426,32.1367,4096,270.2500,6,40.5902,66,0
105,31.4426,32.1367,4096,270.2500,6,40.5902,66,0
106,31.4426,32.1367,4096,270.2500,6,40.5902,67,0
107,31.4426,32.1367,4096,270.2500,6,40.5902,68,0
108,31.4426,32.1367,4096,270.2500,6,40.5902,69,0
109,31.4426,32.1367,4096,270.2500,6,40.5902,70,0
110,31.4426,32.1367,4096,270.2500,6,40.5902,71,0
111,31.4426,32.1367,4096,270.2500,6,40.5902,71,0
112,31.4426,32.1367,4096,270.2500,6,40.5902,71,0
113,31.4426,32.1367,4096,270.2500,6,40.5902,72,0
114,31.4426,32.1367,4096,270.2500,6,40.5902,72,0
115,31.4426,32.1367,4096,270.2500,6,40.5902,73,0
116,31.4426,32.1367,4096,270.2500,6,40.5902,74,0
117,31.4426,32.1367,4096,270.2500,6,40.5902,75,0
118,31.4426,32.1367,4096,270.2500,6,40.5902,75,0
119,31.4426,32.1367,4096,270.2500,6,40.5902,76,0
120,31.4426,32.1367,4096,270.2500,6,40.5902,76,0
121,31.4426,32.1367,4096,270.2500,6,40.5902,77,0
122,31.4426,32.1367,4096,270.2500,6,40.5902,78,0
123,31.4426,32.1367,4096,270.2500,6,40.5902,78,0
124,31.4426,32.1367,4096,270.2500,6,40.5902,79,0
125,31.4426,32.1367,4096,270.2500,6,40.5902,79,0
126,31.4426,32.1367,4096,270.2500,6,40.5902,79,0
127,31.4426,32.1367,4096,270.2500,6,40.5902,80,0
128,31.4426,32.1367,4096,270.2500,5,41.0902,81,0
129,31.4426,32.1367,4096,270.2500,5,41.0902,82,0
130,31.4426,32.1367,4096,270.2500,4,41.5902,83,0
131,31.4426,32.1367,4096,270.2500,4,41.5902,83,0
132,31.4426,32.1367,4096,270.2500,4,41.5902,84,0
133,31.4426,32.1367,4096,270.2500,4,41.5902,84,0
134,31.4426,32.1367,4096,270.2500,4,41.5902,85,0
135,31.4426,32.1367,4096,270.2500,4,41.5902,85,0
136,31.4426,32.1367,4096,270.2500,4,41.5902,86,0
137,31.4426,32.1367,4096,270.2500,4,41.5902,86,0
138,31.4426,32.1367,4096,270.2500,4,41.5902,87,0
139,31.4426,32.1367,4096,270.2500,4,41.5902,88,0
140,31.4426,32.1367,4096,270.2500,4,41.5902,88,0
141,31.4426,32.1367,4096,270.2500,4,41.5902,89,0
142,31.4426,32.1367,4096,270.2500,4,41.5902,90,0
143,31.4426,32.1367,4096,270.2500,4,41.5902,90,0
144,31.4426,32.1367,4096,270.2500,4,41.5902,91,0
145,31.4426,32.1367,4096,270.2500,4,41.5902,92,0
146,31.4426,32.1367,4096,270.2500,4,41.5902,92,0
147,31.4426,32.1367,4096,270.2500,4,41.5902,92,0
148,31.4426,32.1367,4096,270.2500,4,41.5902,93,0
149,31.4426,32.1367,4096,270.2500,4,41.5902,93,0
150,31.4426,32.1367,4096,270.2500,4,41.5902,93,0
151,31.4426,32.1367,4096,270.2500,4,41.5902,94,0
152,31.4426,32.1367,4096,270.2500,4,41.5902,94,0
153,31.4426,32.1367,4096,270.2500,4,41.5902,95,0
154,31.4426,32.1367,4096,270.2500,4,41.5902,96,0
155,31.4426,32.1367,4096,270.2500,4,41.5902,96,0
156,31.4426,32.1367,4096,270.2500,4,41.5902,97,0
157,31.4426,32.1367,4096,270.2500,4,41.5902,98,0
158,31.4426,32.1367,4096,270.2500,4,41.5902,99,0
159,31.4426,32.1367,4096,270.2500,4,41.5902,100,0
160,31.4426,32.1367,4096,270.2500,4,41.5902,101,0
161,31.4426,32.1367,4096,270.2500,4,41.5902,101,0
162,31.4426,32.1367,4096,270.2500,4,41.5902,102,0
163,31.4426,32.1367,4096,270.2500,4,41.5902,102,0
164,31.4426,32.1367,4096,270.2500,4,41.5902,102,0
165,31.4426,32.1367,4096,270.2500,4,41.5902,102,0
166,31.4426,32.1367,4096,270.2500,4,41.5902,102,0
167,31.4426,32.1367,4096,270.2500,4,41.5902,102,0
168,31.4426,32.1367,4096,270.2500,4,41.5902,103,0
169,31.4426,32.1367,4096,270.2500,4,41.5902,103,0
170,31.4426,32.1367,4096,270.2500,4,41.5902,104,0
171,31.4426,32.1367,4096,270.2500,4,41.5902,104,0
172,31.4426,32.1367,4096,270.2500,4,41.5902,105,0
173,31.4426,32.1367,4096,270.2500,4,41.5902,106,0
174,31.4426,32.1367,4096,270.2500,4,41.5902,106,0
175,31.4426,32.1367,4096,270.2500,4,41.5902,106,0
176,31.4426,32.1367,4096,270.2500,4,41.5902,106,0
177,31.4426,32.1367,4096,270.2500,4,41.5902,106,0
178,31.4426,32.1367,4096,270.2500,4,41.5902,107,0
179,31.4426,32.1367,4096,270.2500,4,41.5902,107,0
180,31.4426,32.1367,4096,270.2500,4,41.5902,107,0
181,31.4426,32.1367,4096,270.2500,4,41.5902,107,0
182,31.4426,32.1367,4096,270.2500,4,41.5902,107,0
183,31.4426,32.1367,4096,270.2500,4,41.5902,107,0
184,31.4426,32.1367,4096,270.2500,4,41.5902,108,0
185,31.4426,32.1367,4096,270.2500,4,41.5902,109,0
186,31.4426,32.1367,4096,270.2500,4,41.5902,110,0
187,31.4426,32.1367,4096,270.2500,4,41.5902,111,0
188,31.4426,32.1367,4096,270.2500,4,41.5902,112,0
189,31.4426,32.1367,4096,270.2500,4,41.5902,112,0
190,31.4426,32.1367,4096,270.2500,4,41.5902,112,0
191,31.4426,32.1367,4096,270.2500,4,41.5902,112,0
192,31.4426,32.1367,4096,270.2500,4,41.5902,112,0
193,31.4426,32.1367,4096,270.2500,4,41.5902,112,0
194,31.4426,32.1367,4096,270.2500,4,41.5902,112,0
195,31.4426,32.1367,4096,270.2500,4,41.5902,112,0
196,31.4426,32.1367,4096,270.2500,4,41.5902,112,0
197,31.4426,32.1367,4096,270.2500,4,41.5902,112,0
198,31.4426,32.1367,4096,270.2500,4,41.5902,112,0
199,31.4426,32.1367,4096,270.2500,4,41.5902,113,0
200,31.4426,32.1367,4096,270.2500,4,41.5902,113,0
201,31.4426,32.1367,4096,270.2500,4,41.5902,114,0
202,31.4426,32.1367,4096,270.2500,4,41.5902,114,0
203,31.4426,32.1367,4096,270.2500,4,41.5902,114,0
204,31.4426,32.1367,4096,270.2500,4,41.5902,115,0
205,31.4426,32.1367,4096,270.2500,4,41.5902,116,0
206,31.4426,32.1367,4096,270.2500,4,41.5902,117,0
207,31.4426,32.1367,4096,270.2500,4,41.5902,117,0
208,31.4426,32.1367,4096,270.2500,4,41.5902,118,0
209,31.4426,32.1367,4096,270.2500,4,41.5902,119,0
210,31.4426,32.1367,4096,270.2500,4,41.5902,120,0
211,31.4426,32.1367,4096,270.2500,4,41.5902,120,0
212,31.4426,32.1367,4096,270.2500,4,41.5902,121,0
213,31.4426,32.1367,4096,270.2500,4,41.5902,122,0
214,31.4426,32.1367,4096,270.2500,4,41.5902,122,0
215,31.4426,32.1367,4096,270.2500,4,41.5902,123,0
216,31.4812,31.8672,4096,275.8750,4,41.9392,124,0
217,31.9773,32.1250,4096,281.2500,4,46.8854,125,1
218,31.9773,32.1250,4096,281.2500,4,46.8854,126,1
219,31.9773,32.1250,4096,281.2500,4,46.8854,127,1
220,31.9773,32.1250,4096,281.2500,4,46.8854,128,1
221,31.9773,32.1250,4096,281.2500,4,46.8854,129,1
222,31.9773,32.1250,4096,281.2500,4,46.8854,129,1
223,31.9773,32.1250,4096,281.2500,4,46.8854,130,1
224,31.9773,32.1250,4096,281.2500,4,46.8854,130,1
225,31.9773,32.1250,4096,281.2500,4,46.8854,131,1
226,31.9773,32.1250,4096,281.2500,4,46.8854,132,1
227,31.9773,32.1250,4096,281.2500,4,46.8854,133,1
228,31.9773,32.1250,4096,281.2500,4,46.8854,133,1
229,31.9773,32.1250,4096,281.2500,4,46.8854,134,1
230,31.9773,32.1250,4096,281.2500,4,46.8854,134,1
231,31.9773,32.1250,4096,281.2500,4,46.8854,134,1
232,31.9773,32.1250,4096,281.2500,4,46.8854,134,1
233,31.9773,32.1250,4096,281.2500,4,46.8854,134,1
234,31.9773,32.1250,4096,281.2500,4,46.8854,135,1
235,31.9773,32.1250,4096,281.2500,4,46.8854,135,1
236,31.9773,32.1250,4096,281.2500,4,46.8854,136,1
237,31.9773,32.1250,4096,281.2500,4,46.8854,136,1
238,31.9773,32.1250,4096,281.2500,4,46.8854,136,1
239,31.9773,32.1250,4096,281.2500,4,46.8854,136,1
240,31.9773,32.1250,4096,281.2500,4,46.8854,137,1
241,31.9773,32.1250,4096,281.2500,4,46.8854,137,1
242,31.9773,32.1250,4096,281.2500,4,46.8854,138,1
243,31.9773,32.1250,4096,281.2500,4,46.8854,139,1
244,31.9773,32.1250,4096,281.2500,4,46.8854,139,1
245,31.9773,32.1250,4096,281.2500,4,46.8854,139,1
246,31.9773,32.1250,4096,281.2500,4,46.8854,140,1
247,31.9773,32.1250,4096,281.2500,4,46.8854,140,1
248,31.9773,32.1250,4096,281.2500,4,46.8854,140,1
249,31.9773,32.1250,4096,281.2500,4,46.8854,140,1
250,31.9773,32.1250,4096,281.2500,4,46.8854,141,1
251,31.9773,32.1250,4096,281.2500,4,46.8854,142,1
252,31.9773,32.1250,4096,281.2500,4,46.8854,143,1
253,31.9773,32.1250,4096,281.2500,4,46.8854,143,1
254,31.9773,32.1250,4096,281.2500,4,46.8854,144,1
255,31.9773,32.1250,4096,281.2500,4,46.8854,145,1
256,31.9773,32.1250,4096,281.2500,4,46.8854,145,1
257,31.9773,32.1250,4096,281.2500,4,46.8854,146,1
258,31.9773,32.1250,4096,281.2500,4,46.8854,146,1
259,31.9773,32.1250,4096,281.2500,4,46.8854,147,1
260,31.9773,32.1250,4096,281.2500,4,46.8854,148,1
261,31.9773,32.1250,4096,281.2500,4,46.8854,148,1
262,31.9773,32.1250,4096,281.2500,4,46.8854,149,1
263,31.9773,32.1250,4096,281.2500,4,46.8854,149,1
264,31.9773,32.1250,4096,281.2500,4,46.8854,149,1
265,31.9773,32.1250,4096,281.2500,4,46.8854,150,1
266,31.9773,32.1250,4096,281.2500,4,46.8854,150,1
267,31.9773,32.1250,4096,281.2500,4,46.8854,151,1
268,31.9773,32.1250,4096,281.2500,4,46.8854,151,1
269,31.9773,32.1250,4096,281.2500,4,46.8854,152,1
270,31.9773,32.1250,4096,281.2500,4,46.8854,153,1
271,31.9773,32.1250,4096,281.2500,4,46.8854,153,1
272,31.9773,32.1250,4096,281.2500,4,46.8854,154,1
273,31.9773,32.1250,4096,281.2500,4,46.8854,155,1
274,31.9773,32.1250,4096,281.2500,4,46.8854,155,1
275,31.9773,32.1250,4096,281.2500,4,46.8854,155,1
276,31.9773,32.1250,4096,281.2500,4,46.8854,155,1
277,31.9773,32.1250,4096,281.2500,4,46.8854,155,1
278,31.9773,32.1250,4096,281.2500,4,46.8854,155,1
279,31.9773,32.1250,4096,281.2500,4,46.8854,155,1
280,31.9773,32.1250,4096,281.2500,4,46.8854,155,1
281,31.9773,32.1250,4096,281.2500,4,46.8854,155,1
282,31.9773,32.1250,4096,281.2500,4,46.8854,156,1
283,31.9773,32.1250,4096,281.2500,4,46.8854,156,1
284,31.9773,32.1250,4096,281.2500,4,46.8854,157,1
285,31.9773,32.1250,4096,281.2500,4,46.8854,158,1
286,31.9773,32.1250,4096,281.2500,4,46.8854,158,1
287,31.9773,32.1250,4096,281.2500,4,46.8854,159,1
288,31.9773,32.1250,4096,281.2500,4,46.8854,160,1
289,31.9773,32.1250,4096,281.2500,4,46.8854,161,1
290,31.9773,32.1250,4096,281.2500,4,46.8854,161,1
291,31.9773,32.1250,4096,281.2500,4,46.8854,162,1
292,31.9773,32.1250,4096,281.2500,4,46.8854,163,1
293,31.9773,32.1250,4096,281.2500,4,46.8854,163,1
294,31.9773,32.1250,4096,281.2500,4,46.8854,163,1
295,31.9773,32.1250,4096,281.2500,4,46.8854,163,1
296,32.0322,31.8672,4096,258.3750,4,46.9799,164,1
297,32.0322,31.8672,4096,258.3750,4,46.9799,165,1
298,32.0322,31.8672,4096,258.3750,4,46.9799,165,1
299,32.0322,31.8672,4096,258.3750,4,46.9799,166,1
300,32.0322,31.8672,4096,258.3750,4,46.9799,167,1
301,32.0322,31.8672,4096,258.3750,4,46.9799,167,1
302,32.0322,31.8672,4096,258.3750,4,46.9799,168,1
303,32.0322,31.8672,4096,258.3750,4,46.9799,169,1
304,32.0322,31.8672,4096,258.3750,4,46.9799,169,1
305,32.0322,31.8672,4096,258.3750,4,46.9799,169,1
306,32.0322,31.8672,4096,258.3750,4,46.9799,169,1
307,32.0322,31.8672,4096,258.3750,4,46.9799,170,1
308,32.0322,31.8672,4096,258.3750,4,46.9799,171,1
309,32.0322,31.8672,4096,258.3750,4,46.9799,172,1
310,32.0322,31.8672,4096,258.3750,4,46.9799,173,1
311,32.0322,31.8672,4096,258.3750,4,46.9799,173,1
312,32.0322,31.8672,4096,258.3750,4,46.9799,174,1
313,32.0322,31.8672,4096,258.3750,4,46.9799,174,1
314,32.0322,31.8672,4096,258.3750,4,46.9799,175,1
315,32.0322,31.8672,4096,258.3750,4,46.9799,175,1
316,32.0322,31.8672,4096,258.3750,4,46.9799,175,1
317,31.9714,31.8945,4096,263.0000,4,47.1070,176,1
318,31.9714,31.8945,4096,263.0000,4,47.1070,176,1
319,31.9714,31.8945,4096,263.0000,4,47.1070,177,1
320,31.9714,31.8945,4096,263.0000,4,47.1070,178,1
321,31.9714,31.8945,4096,263.0000,4,47.1070,178,1
322,31.9714,31.8945,4096,263.0000,4,47.1070,178,1
323,31.9714,31.8945,4096,263.0000,4,47.1070,178,1
324,31.9714,31.8945,4096,263.0000,4,47.1070,179,1
325,31.9714,31.8945,4096,263.0000,4,47.1070,180,1
326,31.9714,31.8945,4096,263.0000,4,47.1070,181,1
327,31.9714,31.8945,4096,263.0000,4,47.1070,182,1
328,31.9714,31.8945,4096,263.0000,4,47.1070,182,1
329,31.9714,31.8945,4096,263.0000,4,47.1070,183,1
330,31.9714,31.8945,4096,263.0000,4,47.1070,184,1
331,31.9714,31.8945,4096,263.0000,4,47.1070,184,1
332,31.9714,31.8945,4096,263.0000,4,47.1070,184,1
333,31.9714,31.8945,4096,263.0000,4,47.1070,184,1
334,31.9714,31.8945,4096,263.0000,4,47.1070,184,1
335,31.9714,31.8945,4096,263.0000,4,47.1070,184,1
336,31.9714,31.8945,4096,263.0000,4,47.1070,185,1
337,31.9714,31.8945,4096,263.0000,4,47.1070,185,1
338,31.9714,31.8945,4096,263.0000,4,47.1070,186,1
339,31.9714,31.8945,4096,263.0000,4,47.1070,186,1
340,31.9714,31.8945,4096,263.0000,4,47.1070,187,1
341,31.9714,31.8945,4096,263.0000,4,47.1070,188,1
342,31.9714,31.8945,4096,263.0000,4,47.1070,189,1
343,31.9714,31.8945,4096,263.0000,4,47.1070,189,1
344,31.9714,31.8945,4096,263.0000,4,47.1070,189,1
345,31.9714,31.8945,4096,263.0000,4,47.1070,190,1
346,31.9714,31.8945,4096,263.0000,4,47.1070,191,1
347,31.9714,31.8945,4096,263.0000,4,47.1070,191,1
348,31.9714,31.8945,4096,263.0000,4,47.1070,192,1
349,31.9714,31.8945,4096,263.0000,4,47.1070,193,1
350,31.9714,31.8945,4096,263.0000,4,47.1070,193,1
351,31.9714,31.8945,4096,263.0000,4,47.1070,193,1
352,31.9714,31.8945,4096,263.0000,4,47.1070,194,1
353,31.9714,31.8945,4096,263.0000,4,47.1070,195,1
354,31.9714,31.8945,4096,263.0000,4,47.1070,196,1
355,31.9714,31.8945,4096,263.0000,4,47.1070,196,1
356,31.9714,31.8945,4096,263.0000,4,47.1070,197,1
357,31.9714,31.8945,4096,263.0000,4,47.1070,197,1
358,31.9714,31.8945,4096,263.0000,4,47.1070,197,1
359,31.9714,31.8945,4096,263.0000,4,47.1070,197,1
360,31.9714,31.8945,4096,263.0000,4,47.1070,197,1
361,31.9714,31.8945,4096,263.0000,4,47.1070,198,1
362,31.9714,31.8945,4096,263.0000,4,47.1070,198,1
363,31.9714,31.8945,4096,263.0000,4,47.1070,199,1
364,31.9714,31.8945,4096,263.0000,4,47.1070,199,1
365,31.9714,31.8945,4096,263.0000,4,47.1070,200,1
366,31.9714,31.8945,4096,263.0000,4,47.1070,200,1
367,31.9714,31.8945,4096,263.0000,4,47.1070,200,1
368,31.9714,31.8945,4096,263.0000,4,47.1070,200,1
369,31.9714,31.8945,4096,263.0000,4,47.1070,200,1
370,31.9714,31.8945,4096,263.0000,4,47.1070,201,1
371,31.9714,31.8945,4096,263.0000,4,47.1070,202,1
372,31.9714,31.8945,4096,263.0000,4,47.1070,203,1
373,31.9714,31.8945,4096,263.0000,4,47.1070,204,1
374,31.9714,31.8945,4096,263.0000,4,47.1070,204,1
375,31.9714,31.8945,4096,263.0000,4,47.1070,204,1
376,31.9714,31.8945,4096,263.0000,4,47.1070,204,1
377,31.9714,31.8945,4096,263.0000,4,47.1070,204,1
378,31.9714,31.8945,4096,263.0000,4,47.1070,205,1
379,31.9714,31.8945,4096,263.0000,4,47.1070,206,1
380,31.9714,31.8945,4096,263.0000,4,47.1070,207,1
381,31.9714,31.8945,4096,263.0000,4,47.1070,208,1
382,31.9714,31.8945,4096,263.0000,4,47.1070,208,1
383,31.9714,31.8945,4096,263.0000,4,47.1070,208,1
384,31.9714,31.8945,4096,263.0000,4,47.1070,208,1
385,31.9714,31.8945,4096,263.0000,4,47.1070,209,1
386,31.9714,31.8945,4096,263.0000,4,47.1070,210,1
387,31.9714,31.8945,4096,263.0000,4,47.1070,210,1
388,31.9714,31.8945,4096,263.0000,4,47.1070,210,1
389,31.9714,31.8945,4096,263.0000,4,47.1070,210,1
390,31.9714,31.8945,4096,263.0000,4,47.1070,211,1
391,31.9714,31.8945,4096,263.0000,4,47.1070,211,1
392,31.9714,31.8945,4096,263.0000,4,47.1070,212,1
393,31.9714,31.8945,4096,263.0000,4,47.1070,213,1
394,31.9714,31.8945,4096,263.0000,4,47.1070,214,1
395,31.9714,31.8945,4096,263.0000,4,47.1070,214,1
396,31.9714,31.8945,4096,263.0000,4,47.1070,214,1
397,31.9714,31.8945,4096,263.0000,4,47.1070,215,1
398,31.9714,31.8945,4096,263.0000,4,47.1070,215,1
399,31.9714,31.8945,4096,263.0000,4,47.1070,216,1
400,31.9714,31.8945,4096,263.0000,4,47.1070,216,1
401,31.9714,31.8945,4096,263.0000,4,47.1070,216,1
402,31.9714,31.8945,4096,263.0000,4,47.1070,216,1
403,31.9714,31.8945,4096,263.0000,4,47.1070,216,1
404,31.9714,31.8945,4096,263.0000,4,47.1070,216,1
405,31.9714,31.8945,4096,263.0000,4,47.1070,216,1
406,31.9714,31.8945,4096,263.0000,4,47.1070,216,1
407,31.9714,31.8945,4096,263.0000,4,47.1070,217,1
408,31.9714,31.8945,4096,263.0000,4,47.1070,217,1
409,31.9714,31.8945,4096,263.0000,4,47.1070,217,1
410,31.9714,31.8945,4096,263.0000,4,47.1070,217,1
411,31.9714,31.8945,4096,263.0000,4,47.1070,218,1
412,31.9714,31.8945,4096,263.0000,4,47.1070,218,1
413,31.9714,31.8945,4096,263.0000,4,47.1070,219,1
414,31.9714,31.8945,4096,263.0000,4,47.1070,220,1
415,31.9714,31.8945,4096,263.0000,4,47.1070,220,1
416,31.9714,31.8945,4096,263.0000,4,47.1070,220,1
417,31.9714,31.8945,4096,263.0000,4,47.1070,220,1
418,31.9714,31.8945,4096,263.0000,4,47.1070,220,1
419,31.9714,31.8945,4096,263.0000,4,47.1070,220,1
420,31.9714,31.8945,4096,263.0000,4,47.1070,220,1
421,31.9714,31.8945,4096,263.0000,4,47.1070,220,1
422,31.9714,31.8945,4096,263.0000,4,47.1070,221,1
423,31.9714,31.8945,4096,263.0000,4,47.1070,222,1
424,31.9714,31.8945,4096,263.0000,4,47.1070,222,1
425,31.9714,31.8945,4096,263.0000,4,47.1070,222,1
426,31.9714,31.8945,4096,263.0000,4,47.1070,223,1
427,31.9714,31.8945,4096,263.0000,4,47.1070,224,1
428,31.9714,31.8945,4096,263.0000,4,47.1070,225,1
429,31.9714,31.8945,4096,263.0000,4,47.1070,225,1
430,31.9714,31.8945,4096,263.0000,4,47.1070,225,1
431,31.9714,31.8945,4096,263.0000,4,47.1070,226,1
432,31.9714,31.8945,4096,263.0000,4,47.1070,226,1
433,31.9714,31.8945,4096,263.0000,4,47.1070,226,1
434,31.9714,31.8945,4096,263.0000,4,47.1070,226,1
435,31.9714,31.8945,4096,263.0000,4,47.1070,226,1
436,31.9714,31.8945,4096,263.0000,4,47.1070,227,1
437,31.9714,31.8945,4096,263.0000,4,47.1070,227,1
438,31.9714,31.8945,4096,263.0000,4,47.1070,228,1
439,31.9714,31.8945,4096,263.0000,4,47.1070,228,1
440,31.9714,31.8945,4096,263.0000,4,47.1070,228,1
441,31.9714,31.8945,4096,263.0000,4,47.1070,228,1
442,31.9714,31.8945,4096,263.0000,4,47.1070,228,1
443,31.9714,31.8945,4096,263.0000,4,47.1070,228,1
444,31.9714,31.8945,4096,263.0000,4,47.1070,229,1
445,31.9714,31.8945,4096,263.0000,4,47.1070,230,1
446,31.9714,31.8945,4096,263.0000,4,47.1070,230,1
447,31.9714,31.8945,4096,263.0000,4,47.1070,231,1
448,31.9714,31.8945,4096,263.0000,4,47.1070,231,1
449,31.9714,31.8945,4096,263.0000,4,47.1070,231,1
450,31.9714,31.8945,4096,263.0000,4,47.1070,232,1
451,31.9714,31.8945,4096,263.0000,4,47.1070,233,1
452,31.9714,31.8945,4096,263.0000,4,47.1070,233,1
453,31.9714,31.8945,4096,263.0000,4,47.1070,233,1
454,31.9714,31.8945,4096,263.0000,4,47.1070,234,1
455,31.9714,31.8945,4096,263.0000,4,47.1070,235,1
456,31.9714,31.8945,4096,263.0000,4,47.1070,235,1
457,31.9714,31.8945,4096,263.0000,4,47.1070,236,1
458,31.9714,31.8945,4096,263.0000,4,47.1070,237,1
459,31.9714,31.8945,4096,263.0000,4,47.1070,238,1
460,31.9714,31.8945,4096,263.0000,4,47.1070,238,1
461,31.9714,31.8945,4096,263.0000,4,47.1070,238,1
462,31.9714,31.8945,4096,263.0000,4,47.1070,239,1
463,31.9714,31.8945,4096,263.0000,4,47.1070,240,1
464,31.9924,31.9492,4096,263.0000,4,47.5904,241,1
465,31.9924,31.9492,4096,263.0000,4,47.5904,241,1
466,31.9924,31.9492,4096,263.0000,4,47.5904,241,1
467,31.9924,31.9492,4096,263.0000,4,47.5904,242,1
468,31.9924,31.9492,4096,263.0000,4,47.5904,242,1
469,31.9924,31.9492,4096,263.0000,4,47.5904,243,1
470,31.9924,31.9492,4096,263.0000,4,47.5904,244,1
471,31.9924,31.9492,4096,263.0000,4,47.5904,245,1
472,31.9924,31.9492,4096,263.0000,4,47.5904,245,1
473,31.9924,31.9492,4096,263.0000,4,47.5904,246,1
474,31.9924,31.9492,4096,263.0000,4,47.5904,246,1
475,31.9924,31.9492,4096,263.0000,4,47.5904,247,1
476,31.9924,31.9492,4096,263.0000,4,47.5904,247,1
477,31.9924,31.9492,4096,263.0000,4,47.5904,248,1
478,31.9924,31.9492,4096,263.0000,4,47.5904,249,1
479,31.9924,31.9492,4096,263.0000,4,47.5904,249,1
480,31.9924,31.9492,4096,263.0000,4,47.5904,249,1
481,31.9924,31.9492,4096,263.0000,4,47.5904,250,1
482,31.9924,31.9492,4096,263.0000,4,47.5904,250,1
483,31.9924,31.9492,4096,263.0000,4,47.5904,251,1
484,31.9924,31.9492,4096,263.0000,4,47.5904,251,1
485,31.9924,31.9492,4096,263.0000,4,47.5904,252,1
486,31.9924,31.9492,4096,263.0000,4,47.5904,253,1
487,31.9924,31.9492,4096,263.0000,4,47.5904,253,1
488,31.9924,31.9492,4096,263.0000,4,47.5904,253,1
489,31.9924,31.9492,4096,263.0000,4,47.5904,254,1
490,31.9924,31.9492,4096,263.0000,4,47.5904,255,1
491,31.9924,31.9492,4096,263.0000,4,47.5904,256,1
492,31.9924,31.9492,4096,263.0000,4,47.5904,256,1
493,31.9924,31.9492,4096,263.0000,4,47.5904,257,1
494,31.9924,31.9492,4096,263.0000,4,47.5904,257,1
495,31.9924,31.9492,4096,263.0000,4,47.5904,258,1
496,31.9924,31.9492,4096,263.0000,4,47.5904,258,1
497,31.9924,31.9492,4096,263.0000,4,47.5904,259,1
498,31.9924,31.9492,4096,263.0000,4,47.5904,259,1
499,31.9924,31.9492,4096,263.0000,4,47.5904,259,1
500,31.9924,31.9492,4096,263.0000,4,47.5904,259,1
501,31.9924,31.9492,4096,263.0000,4,47.5904,259,1
502,31.9924,31.9492,4096,263.0000,4,47.5904,259,1
503,31.9924,31.9492,4096,263.0000,4,47.5904,260,1
504,31.9924,31.9492,4096,263.0000,4,47.5904,260,1
505,31.9924,31.9492,4096,263.0000,4,47.5904,261,1
506,31.9924,31.9492,4096,263.0000,4,47.5904,261,1
507,31.9924,31.9492,4096,263.0000,4,47.5904,262,1
508,31.9924,31.9492,4096,263.0000,4,47.5904,262,1
509,31.9924,31.9492,4096,263.0000,4,47.5904,262,1
510,31.9924,31.9492,4096,263.0000,4,47.5904,262,1
511,31.9924,31.9492,4096,263.0000,4,47.5904,262,1
512,31.9924,31.9492,4096,263.0000,4,47.5904,263,1
513,31.9924,31.9492,4096,263.0000,4,47.5904,263,1
514,31.9924,31.9492,4096,263.0000,4,47.5904,264,1
515,31.9924,31.9492,4096,263.0000,4,47.5904,264,1
516,31.9924,31.9492,4096,263.0000,4,47.5904,265,1
517,31.9924,31.9492,4096,263.0000,4,47.5904,265,1
518,31.9924,31.9492,4096,263.0000,4,47.5904,265,1
519,31.9924,31.9492,4096,263.0000,4,47.5904,266,1
520,31.9924,31.9492,4096,263.0000,4,47.5904,266,1
521,31.9924,31.9492,4096,263.0000,4,47.5904,267,1
522,31.9924,31.9492,4096,263.0000,4,47.5904,267,1
523,31.9924,31.9492,4096,263.0000,4,47.5904,267,1
524,31.9924,31.9492,4096,263.0000,4,47.5904,268,1
525,31.9924,31.9492,4096,263.0000,4,47.5904,268,1
526,31.9924,31.9492,4096,263.0000,4,47.5904,268,1
527,31.9924,31.9492,4096,263.0000,4,47.5904,269,1
528,31.9924,31.9492,4096,263.0000,4,47.5904,269,1
529,31.9924,31.9492,4096,263.0000,4,47.5904,269,1
530,31.9924,31.9492,4096,263.0000,4,47.5904,270,1
531,31.9924,31.9492,4096,263.0000,4,47.5904,270,1
532,31.9924,31.9492,4096,263.0000,4,47.5904,270,1
533,31.9924,31.9492,4096,263.0000,4,47.5904,271,1
534,31.9924,31.9492,4096,263.0000,4,47.5904,272,1
535,31.9924,31.9492,4096,263.0000,4,47.5904,273,1
536,31.9924,31.9492,4096,263.0000,4,47.5904,274,1
537,31.9924,31.9492,4096,263.0000,4,47.5904,275,1
538,31.9924,31.9492,4096,263.0000,4,47.5904,275,1
539,31.9924,31.9492,4096,263.0000,4,47.5904,276,1
540,31.9924,31.9492,4096,263.0000,4,47.5904,277,1
541,31.9924,31.9492,4096,263.0000,4,47.5904,278,1
542,31.9924,31.9492,4096,263.0000,4,47.5904,278,1
543,31.9924,31.9492,4096,263.0000,4,47.5904,279,1
544,31.9924,31.9492,4096,263.0000,4,47.5904,280,1
545,31.9924,31.9492,4096,263.0000,4,47.5904,280,1
546,31.9924,31.9492,4096,263.0000,4,47.5904,281,1
547,31.9924,31.9492,4096,263.0000,4,47.5904,282,1
548,31.9924,31.9492,4096,263.0000,4,47.5904,283,1
549,31.9924,31.9492,4096,263.0000,4,47.5904,284,1
550,31.9924,31.9492,4096,263.0000,4,47.5904,284,1
551,31.9924,31.9492,4096,263.0000,4,47.5904,284,1
552,31.9924,31.9492,4096,263.0000,4,47.5904,284,1
553,31.9924,31.9492,4096,263.0000,4,47.5904,284,1
554,31.9924,31.9492,4096,263.0000,4,47.5904,284,1
555,31.9924,31.9492,4096,263.0000,4,47.5904,284,1
556,31.9924,31.9492,4096,263.0000,4,47.5904,284,1
557,31.9924,31.9492,4096,263.0000,4,47.5904,284,1
558,31.9924,31.9492,4096,263.0000,4,47.5904,284,1
559,31.9924,31.9492,4096,263.0000,4,47.5904,285,1
560,31.9924,31.9492,4096,263.0000,4,47.5904,286,1
561,31.9924,31.9492,4096,263.0000,4,47.5904,286,1
562,31.9924,31.9492,4096,263.0000,4,47.5904,287,1
563,31.9924,31.9492,4096,263.0000,4,47.5904,288,1
564,31.9924,31.9492,4096,263.0000,4,47.5904,288,1
565,31.9924,31.9492,4096,263.0000,4,47.5904,288,1
566,31.9924,31.9492,4096,263.0000,4,47.5904,289,1
567,31.9924,31.9492,4096,263.0000,4,47.5904,289,1
568,31.9924,31.9492,4096,263.0000,4,47.5904,290,1
569,31.9924,31.9492,4096,263.0000,4,47.5904,291,1
570,31.9924,31.9492,4096,263.0000,4,47.5904,291,1
571,31.9924,31.9492,4096,263.0000,4,47.5904,291,1
572,31.9924,31.9492,4096,263.0000,4,47.5904,292,1
573,31.9924,31.9492,4096,263.0000,4,47.5904,293,1
574,31.9924,31.9492,4096,263.0000,4,47.5904,293,1
575,31.9924,31.9492,4096,263.0000,4,47.5904,294,1
576,31.9924,31.9492,4096,263.0000,4,47.5904,295,1
577,31.9924,31.9492,4096,263.0000,4,47.5904,296,1
578,31.9924,31.9492,4096,263.0000,4,47.5904,296,1
579,31.9924,31.9492,4096,263.0000,4,47.5904,296,1
580,31.9924,31.9492,4096,263.0000,4,47.5904,296,1
581,31.9924,31.9492,4096,263.0000,4,47.5904,296,1
582,31.9924,31.9492,4096,263.0000,4,47.5904,296,1
583,31.9924,31.9492,4096,263.0000,4,47.5904,297,1
584,31.9924,31.9492,4096,263.0000,4,47.5904,297,1
585,31.9924,31.9492,4096,263.0000,4,47.5904,297,1
586,31.9924,31.9492,4096,263.0000,4,47.5904,297,1
587,31.9924,31.9492,4096,263.0000,4,47.5904,297,1
588,31.9924,31.9492,4096,263.0000,4,47.5904,298,1
589,31.9924,31.9492,4096,263.0000,4,47.5904,299,1
590,31.9924,31.9492,4096,263.0000,4,47.5904,299,1
591,31.9924,31.9492,4096,263.0000,4,47.5904,299,1
592,31.9924,31.9492,4096,263.0000,4,47.5904,299,1
593,31.9924,31.9492,4096,263.0000,4,47.5904,299,1
594,31.9924,31.9492,4096,263.0000,4,47.5904,299,1
595,31.9924,31.9492,4096,263.0000,4,47.5904,299,1
596,31.9924,31.9492,4096,263.0000,4,47.5904,299,1
597,31.9924,31.9492,4096,263.0000,4,47.5904,300,1
598,31.9924,31.9492,4096,263.0000,4,47.5904,300,1
599,31.9924,31.9492,4096,263.0000,4,47.5904,301,1
600,31.9924,31.9492,4096,263.0000,4,47.5904,302,1
601,31.9924,31.9492,4096,263.0000,4,47.5904,303,1
602,31.9924,31.9492,4096,263.0000,4,47.5904,304,1
603,31.9924,31.9492,4096,263.0000,4,47.5904,304,1
604,31.9924,31.9492,4096,263.0000,4,47.5904,305,1
605,31.9924,31.9492,4096,263.0000,4,47.5904,305,1
606,31.9924,31.9492,4096,263.0000,4,47.5904,306,1
607,31.9924,31.9492,4096,263.0000,4,47.5904,306,1
608,31.9924,31.9492,4096,263.0000,4,47.5904,307,1
609,31.9924,31.9492,4096,263.0000,4,47.5904,307,1
610,31.9924,31.9492,4096,263.0000,4,47.5904,307,1
611,31.9924,31.9492,4096,263.0000,4,47.5904,308,1
612,31.9924,31.9492,4096,263.0000,4,47.5904,309,1
613,31.9924,31.9492,4096,263.0000,4,47.5904,310,1
614,31.9924,31.9492,4096,263.0000,4,47.5904,310,1
615,31.9924,31.9492,4096,263.0000,4,47.5904,310,1
616,31.9924,31.9492,4096,263.0000,4,47.5904,310,1
617,31.9924,31.9492,4096,263.0000,4,47.5904,311,1
618,31.9924,31.9492,4096,263.0000,4,47.5904,311,1
619,31.9924,31.9492,4096,263.0000,4,47.5904,311,1
620,31.9924,31.9492,4096,263.0000,4,47.5904,311,1
621,31.9924,31.9492,4096,263.0000,4,47.5904,311,1
622,31.9924,31.9492,4096,263.0000,4,47.5904,312,1
623,31.9924,31.9492,4096,263.0000,4,47.5904,312,1
624,31.9924,31.9492,4096,263.0000,4,47.5904,313,1
625,31.9924,31.9492,4096,263.0000,4,47.5904,313,1
626,31.9924,31.9492,4096,263.0000,4,47.5904,313,1
627,31.9924,31.9492,4096,263.0000,4,47.5904,313,1
628,31.9924,31.9492,4096,263.0000,4,47.5904,314,1
629,31.9924,31.9492,4096,263.0000,4,47.5904,314,1
630,31.9924,31.9492,4096,263.0000,4,47.5904,315,1
631,31.9924,31.9492,4096,263.0000,4,47.5904,315,1
632,31.9924,31.9492,4096,263.0000,4,47.5904,316,1
633,31.9924,31.9492,4096,263.0000,4,47.5904,317,1
634,31.9924,31.9492,4096,263.0000,4,47.5904,318,1
635,31.9924,31.9492,4096,263.0000,4,47.5904,318,1
636,31.9924,31.9492,4096,263.0000,4,47.5904,318,1
637,31.9924,31.9492,4096,263.0000,4,47.5904,318,1
638,31.9924,31.9492,4096,263.0000,4,47.5904,319,1
639,31.9924,31.9492,4096,263.0000,4,47.5904,319,1
640,31.9924,31.9492,4096,263.0000,4,47.5904,319,1
641,31.9924,31.9492,4096,263.0000,4,47.5904,319,1
642,31.9924,31.9492,4096,263.0000,4,47.5904,319,1
643,31.9924,31.9492,4096,263.0000,4,47.5904,320,1
644,31.9924,31.9492,4096,263.0000,4,47.5904,320,1
645,31.9924,31.9492,4096,263.0000,4,47.5904,320,1
646,31.9924,31.9492,4096,263.0000,4,47.5904,321,1
647,31.9924,31.9492,4096,263.0000,4,47.5904,321,1
648,31.9924,31.9492,4096,263.0000,4,47.5904,321,1
649,31.9924,31.9492,4096,263.0000,4,47.5904,321,1
650,31.9924,31.9492,4096,263.0000,4,47.5904,322,1
651,31.9924,31.9492,4096,263.0000,4,47.5904,323,1
652,31.9924,31.9492,4096,263.0000,4,47.5904,324,1
653,31.9924,31.9492,4096,263.0000,4,47.5904,324,1
654,31.9924,31.9492,4096,263.0000,4,47.5904,325,1
655,31.9924,31.9492,4096,263.0000,4,47.5904,326,1
656,31.9924,31.9492,4096,263.0000,4,47.5904,327,1
657,31.9924,31.9492,4096,263.0000,4,47.5904,328,1
658,31.9924,31.9492,4096,263.0000,4,47.5904,329,1
659,31.9924,31.9492,4096,263.0000,4,47.5904,330,1
660,31.9924,31.9492,4096,263.0000,4,47.5904,330,1
661,31.9924,31.9492,4096,263.0000,4,47.5904,330,1
662,31.9924,31.9492,4096,263.0000,4,47.5904,331,1
663,31.9924,31.9492,4096,263.0000,4,47.5904,331,1
664,31.9924,31.9492,4096,263.0000,4,47.5904,332,1
665,31.9924,31.9492,4096,263.0000,4,47.5904,332,1
666,31.9924,31.9492,4096,263.0000,4,47.5904,333,1
667,31.9924,31.9492,4096,263.0000,4,47.5904,334,1
668,31.9924,31.9492,4096,263.0000,4,47.5904,334,1
669,31.9924,31.9492,4096,263.0000,4,47.5904,334,1
670,31.9924,31.9492,4096,263.0000,4,47.5904,335,1
671,31.9924,31.9492,4096,263.0000,4,47.5904,336,1
672,31.9924,31.9492,4096,263.0000,4,47.5904,337,1
673,31.9924,31.9492,4096,263.0000,4,47.5904,338,1
674,31.9924,31.9492,4096,263.0000,4,47.5904,338,1
675,31.9924,31.9492,4096,263.0000,4,47.5904,338,1
676,31.9924,31.9492,4096,263.0000,4,47.5904,339,1
677,31.9924,31.9492,4096,263.0000,4,47.5904,340,1
678,31.9924,31.9492,4096,263.0000,4,47.5904,341,1
679,31.9924,31.9492,4096,263.0000,4,47.5904,341,1
680,31.9924,31.9492,4096,263.0000,4,47.5904,341,1
681,31.9924,31.9492,4096,263.0000,4,47.5904,341,1
682,31.9924,31.9492,4096,263.0000,4,47.5904,341,1
683,31.9924,31.9492,4096,263.0000,4,47.5904,341,1
684,31.9924,31.9492,4096,263.0000,4,47.5904,341,1
685,31.9924,31.9492,4096,263.0000,4,47.5904,341,1
686,31.9924,31.9492,4096,263.0000,4,47.5904,341,1
687,31.9924,31.9492,4096,263.0000,4,47.5904,342,1
688,31.9924,31.9492,4096,263.0000,4,47.5904,342,1
689,31.9924,31.9492,4096,263.0000,4,47.5904,342,1
690,31.9924,31.9492,4096,263.0000,4,47.5904,343,1
691,31.9924,31.9492,4096,263.0000,4,47.5904,343,1
692,31.9924,31.9492,4096,263.0000,4,47.5904,344,1
693,31.9924,31.9492,4096,263.0000,4,47.5904,345,1
694,31.9924,31.9492,4096,263.0000,4,47.5904,346,1
695,31.9924,31.9492,4096,263.0000,4,47.5904,347,1
696,31.9924,31.9492,4096,263.0000,4,47.5904,348,1
697,31.9924,31.9492,4096,263.0000,4,47.5904,348,1
698,31.9924,31.9492,4096,263.0000,4,47.5904,348,1
699,31.9924,31.9492,4096,263.0000,4,47.5904,349,1
700,31.9924,31.9492,4096,263.0000,4,47.5904,350,1
701,31.9924,31.9492,4096,263.0000,4,47.5904,351,1
702,31.9924,31.9492,4096,263.0000,4,47.5904,352,1
703,31.9924,31.9492,4096,263.0000,4,47.5904,352,1
704,31.9924,31.9492,4096,263.0000,4,47.5904,353,1
705,31.9924,31.9492,4096,263.0000,4,47.5904,353,1
706,31.9924,31.9492,4096,263.0000,4,47.5904,353,1
707,31.9924,31.9492,4096,263.0000,4,47.5904,353,1
708,31.9924,31.9492,4096,263.0000,4,47.5904,354,1
709,31.9924,31.9492,4096,263.0000,4,47.5904,355,1
710,31.9924,31.9492,4096,263.0000,4,47.5904,355,1
711,31.9924,31.9492,4096,263.0000,4,47.5904,356,1
712,31.9924,31.9492,4096,263.0000,4,47.5904,357,1
713,31.9924,31.9492,4096,263.0000,4,47.5904,357,1
714,31.9924,31.9492,4096,263.0000,4,47.5904,358,1
715,31.9924,31.9492,4096,263.0000,4,47.5904,359,1
716,31.9924,31.9492,4096,263.0000,4,47.5904,359,1
717,31.9924,31.9492,4096,263.0000,4,47.5904,360,1
718,31.9924,31.9492,4096,263.0000,4,47.5904,360,1
719,31.9924,31.9492,4096,263.0000,4,47.5904,361,1
720,31.9924,31.9492,4096,263.0000,4,47.5904,361,1
721,31.9924,31.9492,4096,263.0000,4,47.5904,361,1
722,31.9924,31.9492,4096,263.0000,4,47.5904,362,1
723,31.9924,31.9492,4096,263.0000,4,47.5904,362,1
724,31.9924,31.9492,4096,263.0000,4,47.5904,362,1
725,31.9924,31.9492,4096,263.0000,4,47.5904,363,1
726,31.9924,31.9492,4096,263.0000,4,47.5904,364,1
727,31.9924,31.9492,4096,263.0000,4,47.5904,365,1
728,31.9924,31.9492,4096,263.0000,4,47.5904,366,1
729,31.9924,31.9492,4096,263.0000,4,47.5904,367,1
730,31.9924,31.9492,4096,263.0000,4,47.5904,367,1
731,31.9924,31.9492,4096,263.0000,4,47.5904,367,1
732,31.9924,31.9492,4096,263.0000,4,47.5904,367,1
733,31.9924,31.9492,4096,263.0000,4,47.5904,368,1
734,31.9924,31.9492,4096,263.0000,4,47.5904,368,1
735,31.9924,31.9492,4096,263.0000,4,47.5904,369,1
736,31.9924,31.9492,4096,263.0000,4,47.5904,370,1
737,31.9924,31.9492,4096,263.0000,4,47.5904,371,1
738,31.9924,31.9492,4096,263.0000,4,47.5904,371,1
739,31.9924,31.9492,4096,263.0000,4,47.5904,371,1
740,31.9924,31.9492,4096,263.0000,4,47.5904,372,1
741,31.9924,31.9492,4096,263.0000,4,47.5904,373,1
742,31.9924,31.9492,4096,263.0000,4,47.5904,373,1
743,31.9924,31.9492,4096,263.0000,4,47.5904,373,1
744,31.9924,31.9492,4096,263.0000,4,47.5904,374,1
745,31.9924,31.9492,4096,263.0000,4,47.5904,375,1
746,31.9924,31.9492,4096,263.0000,4,47.5904,375,1
747,31.9924,31.9492,4096,263.0000,4,47.5904,375,1
748,31.9924,31.9492,4096,263.0000,4,47.5904,375,1
749,31.9924,31.9492,4096,263.0000,4,47.5904,375,1
750,31.9924,31.9492,4096,263.0000,4,47.5904,376,1
751,31.9924,31.9492,4096,263.0000,4,47.5904,376,1
752,31.9924,31.9492,4096,263.0000,4,47.5904,377,1
753,31.9924,31.9492,4096,263.0000,4,47.5904,378,1
754,31.9924,31.9492,4096,263.0000,4,47.5904,379,1
755,31.9924,31.9492,4096,263.0000,4,47.5904,379,1
756,31.9924,31.9492,4096,263.0000,4,47.5904,379,1
757,31.9924,31.9492,4096,263.0000,4,47.5904,380,1
758,31.9924,31.9492,4096,263.0000,4,47.5904,380,1
759,31.9924,31.9492,4096,263.0000,4,47.5904,381,1
760,31.9924,31.9492,4096,263.0000,4,47.5904,381,1
761,31.9924,31.9492,4096,263.0000,4,47.5904,381,1
762,31.9924,31.9492,4096,263.0000,4,47.5904,381,1
763,31.9924,31.9492,4096,263.0000,4,47.5904,381,1
764,31.9924,31.9492,4096,263.0000,4,47.5904,381,1
765,31.9924,31.9492,4096,263.0000,4,47.5904,381,1
766,31.9924,31.9492,4096,263.0000,4,47.5904,382,1
767,31.9924,31.9492,4096,263.0000,4,47.5904,382,1
768,31.9924,31.9492,4096,263.0000,4,47.5904,383,1
769,31.9924,31.9492,4096,263.0000,4,47.5904,383,1
770,31.9924,31.9492,4096,263.0000,4,47.5904,383,1
771,31.9924,31.9492,4096,263.0000,4,47.5904,383,1
772,31.9924,31.9492,4096,263.0000,4,47.5904,383,1
773,31.9924,31.9492,4096,263.0000,4,47.5904,383,1
774,31.9924,31.9492,4096,263.0000,4,47.5904,383,1
775,31.9924,31.9492,4096,263.0000,4,47.5904,383,1
776,31.9924,31.9492,4096,263.0000,4,47.5904,383,1
777,31.9924,31.9492,4096,263.0000,4,47.5904,384,1
778,31.9924,31.9492,4096,263.0000,4,47.5904,385,1
779,31.9924,31.9492,4096,263.0000,4,47.5904,385,1
780,31.9924,31.9492,4096,263.0000,4,47.5904,385,1
781,31.9924,31.9492,4096,263.0000,4,47.5904,386,1
782,31.9924,31.9492,4096,263.0000,4,47.5904,386,1
783,31.9924,31.9492,4096,263.0000,4,47.5904,386,1
784,31.9924,31.9492,4096,263.0000,4,47.5904,387,1
785,31.9924,31.9492,4096,263.0000,4,47.5904,388,1
786,31.9924,31.9492,4096,263.0000,4,47.5904,389,1
787,31.9924,31.9492,4096,263.0000,4,47.5904,389,1
788,31.9924,31.9492,4096,263.0000,4,47.5904,389,1
789,31.9924,31.9492,4096,263.0000,4,47.5904,389,1
790,31.9924,31.9492,4096,263.0000,4,47.5904,390,1
791,31.9924,31.9492,4096,263.0000,4,47.5904,390,1
792,31.9924,31.9492,4096,263.0000,4,47.5904,390,1
793,31.9924,31.9492,4096,263.0000,4,47.5904,391,1
794,31.9924,31.9492,4096,263.0000,4,47.5904,391,1
795,31.9924,31.9492,4096,263.0000,4,47.5904,391,1
796,31.9924,31.9492,4096,263.0000,4,47.5904,391,1
797,31.9924,31.9492,4096,263.0000,4,47.5904,392,1
798,31.9924,31.9492,4096,263.0000,4,47.5904,392,1
799,31.9924,31.9492,4096,263.0000,4,47.5904,393,1
800,31.9924,31.9492,4096,263.0000,4,47.5904,394,1
801,31.9924,31.9492,4096,263.0000,4,47.5904,395,1
802,31.9924,31.9492,4096,263.0000,4,47.5904,396,1
803,31.9924,31.9492,4096,263.0000,4,47.5904,396,1
804,31.9924,31.9492,4096,263.0000,4,47.5904,396,1
805,31.9924,31.9492,4096,263.0000,4,47.5904,397,1
806,31.9924,31.9492,4096,263.0000,4,47.5904,398,1
807,31.9924,31.9492,4096,263.0000,4,47.5904,399,1
808,31.9924,31.9492,4096,263.0000,4,47.5904,400,1
809,31.9924,31.9492,4096,263.0000,4,47.5904,400,1
810,31.9924,31.9492,4096,263.0000,4,47.5904,400,1
811,31.9924,31.9492,4096,263.0000,4,47.5904,400,1
812,31.9924,31.9492,4096,263.0000,4,47.5904,400,1
813,31.9924,31.9492,4096,263.0000,4,47.5904,401,1
814,31.9924,31.9492,4096,263.0000,4,47.5904,401,1
815,31.9924,31.9492,4096,263.0000,4,47.5904,402,1
816,31.9924,31.9492,4096,263.0000,4,47.5904,403,1
817,31.9924,31.9492,4096,263.0000,4,47.5904,403,1
818,31.9924,31.9492,4096,263.0000,4,47.5904,403,1
819,31.9924,31.9492,4096,263.0000,4,47.5904,403,1
820,31.9924,31.9492,4096,263.0000,4,47.5904,404,1
821,31.9924,31.9492,4096,263.0000,4,47.5904,405,1
822,31.9924,31.9492,4096,263.0000,4,47.5904,405,1
823,31.9924,31.9492,4096,263.0000,4,47.5904,406,1
824,31.9924,31.9492,4096,263.0000,4,47.5904,406,1
825,31.9924,31.9492,4096,263.0000,4,47.5904,406,1
826,31.9924,31.9492,4096,263.0000,4,47.5904,406,1
827,31.9924,31.9492,4096,263.0000,4,47.5904,407,1
828,31.9924,31.9492,4096,263.0000,4,47.5904,408,1
829,31.9924,31.9492,4096,263.0000,4,47.5904,408,1
830,31.9924,31.9492,4096,263.0000,4,47.5904,409,1
831,31.9924,31.9492,4096,263.0000,4,47.5904,410,1
832,31.9924,31.9492,4096,263.0000,4,47.5904,411,1
833,31.9924,31.9492,4096,263.0000,4,47.5904,412,1
834,31.9924,31.9492,4096,263.0000,4,47.5904,412,1
835,31.9924,31.9492,4096,263.0000,4,47.5904,413,1
836,31.9924,31.9492,4096,263.0000,4,47.5904,413,1
837,31.9924,31.9492,4096,263.0000,4,47.5904,413,1
838,31.9924,31.9492,4096,263.0000,4,47.5904,413,1
839,31.9924,31.9492,4096,263.0000,4,47.5904,414,1
840,31.9924,31.9492,4096,263.0000,4,47.5904,414,1
841,31.9924,31.9492,4096,263.0000,4,47.5904,414,1
842,31.9924,31.9492,4096,263.0000,4,47.5904,415,1
843,31.9924,31.9492,4096,263.0000,4,47.5904,415,1
844,31.9924,31.9492,4096,263.0000,4,47.5904,415,1
845,31.9924,31.9492,4096,263.0000,4,47.5904,415,1
846,31.9924,31.9492,4096,263.0000,4,47.5904,416,1
847,31.9924,31.9492,4096,263.0000,4,47.5904,416,1
848,31.9924,31.9492,4096,263.0000,4,47.5904,416,1
849,31.9924,31.9492,4096,263.0000,4,47.5904,416,1
850,31.9924,31.9492,4096,263.0000,4,47.5904,417,1
851,31.9924,31.9492,4096,263.0000,4,47.5904,418,1
852,31.9924,31.9492,4096,263.0000,4,47.5904,419,1
853,31.9924,31.9492,4096,263.0000,4,47.5904,419,1
854,31.9924,31.9492,4096,263.0000,4,47.5904,420,1
855,31.9924,31.9492,4096,263.0000,4,47.5904,421,1
856,31.9924,31.9492,4096,263.0000,4,47.5904,422,1
857,31.9924,31.9492,4096,263.0000,4,47.5904,422,1
858,31.9924,31.9492,4096,263.0000,4,47.5904,423,1
859,31.9924,31.9492,4096,263.0000,4,47.5904,424,1
860,31.9924,31.9492,4096,263.0000,4,47.5904,425,1
861,31.9924,31.9492,4096,263.0000,4,47.5904,425,1
862,31.9924,31.9492,4096,263.0000,4,47.5904,426,1
863,31.9924,31.9492,4096,263.0000,4,47.5904,427,1
864,31.9924,31.9492,4096,263.0000,4,47.5904,427,1
865,31.9924,31.9492,4096,263.0000,4,47.5904,428,1
866,31.9924,31.9492,4096,263.0000,4,47.5904,428,1
867,31.9924,31.9492,4096,263.0000,4,47.5904,428,1
868,31.9924,31.9492,4096,263.0000,4,47.5904,429,1
869,31.9924,31.9492,4096,263.0000,4,47.5904,429,1
870,31.9924,31.9492,4096,263.0000,4,47.5904,429,1
871,31.9924,31.9492,4096,263.0000,4,47.5904,429,1
872,31.9924,31.9492,4096,263.0000,4,47.5904,429,1
873,31.9924,31.9492,4096,263.0000,4,47.5904,429,1
874,31.9924,31.9492,4096,263.0000,4,47.5904,429,1
875,31.9924,31.9492,4096,263.0000,4,47.5904,429,1
876,31.9924,31.9492,4096,263.0000,4,47.5904,430,1
877,31.9924,31.9492,4096,263.0000,4,47.5904,431,1
878,31.9924,31.9492,4096,263.0000,4,47.5904,432,1
879,31.9924,31.9492,4096,263.0000,4,47.5904,433,1
880,31.9924,31.9492,4096,263.0000,4,47.5904,433,1
881,31.9924,31.9492,4096,263.0000,4,47.5904,433,1
882,31.9924,31.9492,4096,263.0000,4,47.5904,434,1
883,31.9924,31.9492,4096,263.0000,4,47.5904,434,1
884,31.9924,31.9492,4096,263.0000,4,47.5904,435,1
885,31.9924,31.9492,4096,263.0000,4,47.5904,436,1
886,31.9924,31.9492,4096,263.0000,4,47.5904,437,1
887,31.9924,31.9492,4096,263.0000,4,47.5904,438,1
888,31.9924,31.9492,4096,263.0000,4,47.5904,439,1
889,31.9924,31.9492,4096,263.0000,4,47.5904,439,1
890,31.9924,31.9492,4096,263.0000,4,47.5904,439,1
891,31.9924,31.9492,4096,263.0000,4,47.5904,440,1
892,31.9924,31.9492,4096,263.0000,4,47.5904,441,1
893,31.9924,31.9492,4096,263.0000,4,47.5904,441,1
894,31.9924,31.9492,4096,263.0000,4,47.5904,442,1
895,31.9924,31.9492,4096,263.0000,4,47.5904,442,1
896,31.9924,31.9492,4096,263.0000,4,47.5904,442,1
897,31.9924,31.9492,4096,263.0000,4,47.5904,442,1
898,31.9924,31.9492,4096,263.0000,4,47.5904,443,1
899,31.9924,31.9492,4096,263.0000,4,47.5904,443,1
900,31.9924,31.9492,4096,263.0000,4,47.5904,443,1
901,31.9924,31.9492,4096,263.0000,4,47.5904,443,1
902,31.9924,31.9492,4096,263.0000,4,47.5904,443,1
903,31.9924,31.9492,4096,263.0000,4,47.5904,444,1
904,31.9924,31.9492,4096,263.0000,4,47.5904,444,1
905,31.9924,31.9492,4096,263.0000,4,47.5904,445,1
906,31.9924,31.9492,4096,263.0000,4,47.5904,446,1
907,31.9924,31.9492,4096,263.0000,4,47.5904,447,1
908,31.9924,31.9492,4096,263.0000,4,47.5904,447,1
909,31.9924,31.9492,4096,263.0000,4,47.5904,447,1
910,31.9924,31.9492,4096,263.0000,4,47.5904,448,1
911,31.9924,31.9492,4096,263.0000,4,47.5904,449,1
912,31.9924,31.9492,4096,263.0000,4,47.5904,450,1
913,31.9924,31.9492,4096,263.0000,4,47.5904,450,1
914,31.9924,31.9492,4096,263.0000,4,47.5904,450,1
915,31.9924,31.9492,4096,263.0000,4,47.5904,450,1
916,31.9924,31.9492,4096,263.0000,4,47.5904,451,1
917,31.9924,31.9492,4096,263.0000,4,47.5904,452,1
918,31.9924,31.9492,4096,263.0000,4,47.5904,453,1
919,31.9924,31.9492,4096,263.0000,4,47.5904,454,1
920,31.9924,31.9492,4096,263.0000,4,47.5904,454,1
921,31.9924,31.9492,4096,263.0000,4,47.5904,454,1
922,31.9924,31.9492,4096,263.0000,4,47.5904,455,1
923,31.9924,31.9492,4096,263.0000,4,47.5904,456,1
924,31.9924,31.9492,4096,263.0000,4,47.5904,456,1
925,31.9924,31.9492,4096,263.0000,4,47.5904,456,1
926,31.9924,31.9492,4096,263.0000,4,47.5904,457,1
927,31.9924,31.9492,4096,263.0000,4,47.5904,457,1
928,31.9924,31.9492,4096,263.0000,4,47.5904,458,1
929,31.9924,31.9492,4096,263.0000,4,47.5904,459,1
930,31.9924,31.9492,4096,263.0000,4,47.5904,459,1
931,31.9924,31.9492,4096,263.0000,4,47.5904,460,1
932,31.9924,31.9492,4096,263.0000,4,47.5904,460,1
933,31.9924,31.9492,4096,263.0000,4,47.5904,461,1
934,31.9924,31.9492,4096,263.0000,4,47.5904,462,1
935,31.9924,31.9492,4096,263.0000,4,47.5904,463,1
936,31.9924,31.9492,4096,263.0000,4,47.5904,463,1
937,31.9924,31.9492,4096,263.0000,4,47.5904,463,1
938,31.9924,31.9492,4096,263.0000,4,47.5904,463,1
939,31.9924,31.9492,4096,263.0000,4,47.5904,463,1
940,31.9924,31.9492,4096,263.0000,4,47.5904,463,1
941,31.9924,31.9492,4096,263.0000,4,47.5904,463,1
942,31.9924,31.9492,4096,263.0000,4,47.5904,463,1
943,31.9924,31.9492,4096,263.0000,4,47.5904,463,1
944,31.9924,31.9492,4096,263.0000,4,47.5904,464,1
945,31.9924,31.9492,4096,263.0000,4,47.5904,464,1
946,31.9924,31.9492,4096,263.0000,4,47.5904,464,1
947,31.9924,31.9492,4096,263.0000,4,47.5904,464,1
948,31.9924,31.9492,4096,263.0000,4,47.5904,465,1
949,31.9924,31.9492,4096,263.0000,4,47.5904,465,1
950,31.9924,31.9492,4096,263.0000,4,47.5904,465,1
951,31.9924,31.9492,4096,263.0000,4,47.5904,465,1
952,31.9924,31.9492,4096,263.0000,4,47.5904,465,1
953,31.9924,31.9492,4096,263.0000,4,47.5904,465,1
954,31.9924,31.9492,4096,263.0000,4,47.5904,466,1
955,31.9924,31.9492,4096,263.0000,4,47.5904,467,1
956,31.9924,31.9492,4096,263.0000,4,47.5904,467,1
957,31.9924,31.9492,4096,263.0000,4,47.5904,468,1
958,31.9924,31.9492,4096,263.0000,4,47.5904,468,1
959,31.9924,31.9492,4096,263.0000,4,47.5904,469,1
960,31.9924,31.9492,4096,263.0000,4,47.5904,470,1
961,31.9924,31.9492,4096,263.0000,4,47.5904,470,1
962,31.9924,31.9492,4096,263.0000,4,47.5904,470,1
963,31.9924,31.9492,4096,263.0000,4,47.5904,470,1
964,31.9924,31.9492,4096,263.0000,4,47.5904,471,1
965,31.9924,31.9492,4096,263.0000,4,47.5904,472,1
966,31.9924,31.9492,4096,263.0000,4,47.5904,472,1
967,31.9924,31.9492,4096,263.0000,4,47.5904,472,1
968,31.9924,31.9492,4096,263.0000,4,47.5904,472,1
969,31.9924,31.9492,4096,263.0000,4,47.5904,472,1
970,31.9924,31.9492,4096,263.0000,4,47.5904,472,1
971,31.9924,31.9492,4096,263.0000,4,47.5904,472,1
972,31.9924,31.9492,4096,263.0000,4,47.5904,472,1
973,31.9924,31.9492,4096,263.0000,4,47.5904,473,1
974,31.9924,31.9492,4096,263.0000,4,47.5904,474,1
975,31.9924,31.9492,4096,263.0000,4,47.5904,475,1
976,31.9924,31.9492,4096,263.0000,4,47.5904,476,1
977,31.9924,31.9492,4096,263.0000,4,47.5904,477,1
978,31.9924,31.9492,4096,263.0000,4,47.5904,478,1
979,31.9924,31.9492,4096,263.0000,4,47.5904,478,1
980,31.9924,31.9492,4096,263.0000,4,47.5904,478,1
981,31.9924,31.9492,4096,263.0000,4,47.5904,479,1
982,31.9924,31.9492,4096,263.0000,4,47.5904,479,1
983,31.9924,31.9492,4096,263.0000,4,47.5904,480,1
984,31.9924,31.9492,4096,263.0000,4,47.5904,481,1
985,31.9924,31.9492,4096,263.0000,4,47.5904,482,1
986,31.9968,31.9609,4096,248.8750,4,47.7729,483,1
987,31.9968,31.9609,4096,248.8750,4,47.7729,484,1
988,31.9968,31.9609,4096,248.8750,4,47.7729,485,1
989,31.9968,31.9609,4096,248.8750,4,47.7729,485,1
990,31.9968,31.9609,4096,248.8750,4,47.7729,485,1
991,31.9968,31.9609,4096,248.8750,4,47.7729,485,1
992,31.9968,31.9609,4096,248.8750,4,47.7729,485,1
993,31.9968,31.9609,4096,248.8750,4,47.7729,485,1
994,31.9968,31.9609,4096,248.8750,4,47.7729,485,1
995,31.9968,31.9609,4096,248.8750,4,47.7729,485,1
996,31.9968,31.9609,4096,248.8750,4,47.7729,485,1
997,31.9968,31.9609,4096,248.8750,4,47.7729,486,1
998,31.9968,31.9609,4096,248.8750,4,47.7729,486,1
999,31.9968,31.9609,4096,248.8750,4,47.7729,486,1
1000,31.9968,31.9609,4096,248.8750,4,47.7729,486,1
1001,31.9968,31.9609,4096,248.8750,4,47.7729,487,1
1002,31.9968,31.9609,4096,248.8750,4,47.7729,488,1
1003,31.9968,31.9609,4096,248.8750,4,47.7729,489,1
1004,31.9968,31.9609,4096,248.8750,4,47.7729,490,1
1005,31.9968,31.9609,4096,248.8750,4,47.7729,491,1
1006,31.9968,31.9609,4096,248.8750,4,47.7729,491,1
1007,31.9968,31.9609,4096,248.8750,4,47.7729,491,1
1008,31.9968,31.9609,4096,248.8750,4,47.7729,492,1
1009,31.9968,31.9609,4096,248.8750,4,47.7729,493,1
1010,31.9968,31.9609,4096,248.8750,4,47.7729,494,1
1011,31.9968,31.9609,4096,248.8750,4,47.7729,494,1
1012,31.9968,31.9609,4096,248.8750,4,47.7729,495,1
1013,31.9968,31.9609,4096,248.8750,4,47.7729,496,1
1014,31.9968,31.9609,4096,248.8750,4,47.7729,496,1
1015,31.9968,31.9609,4096,248.8750,4,47.7729,496,1
1016,31.9968,31.9609,4096,248.8750,4,47.7729,497,1
1017,31.9968,31.9609,4096,248.8750,4,47.7729,498,1
1018,31.9968,31.9609,4096,248.8750,4,47.7729,498,1
1019,31.9968,31.9609,4096,248.8750,4,47.7729,498,1
1020,31.9968,31.9609,4096,248.8750,4,47.7729,498,1
1021,31.9968,31.9609,4096,248.8750,4,47.7729,498,1
1022,31.9968,31.9609,4096,248.8750,4,47.7729,499,1
1023,31.9968,31.9609,4096,248.8750,4,47.7729,500,1
1024,31.9968,31.9609,4096,248.8750,4,47.7729,501,1
1025,31.9968,31.9609,4096,248.8750,4,47.7729,501,1
1026,31.9968,31.9609,4096,248.8750,4,47.7729,502,1
1027,31.9968,31.9609,4096,248.8750,4,47.7729,502,1
1028,31.9968,31.9609,4096,248.8750,4,47.7729,502,1
1029,31.9968,31.9609,4096,248.8750,4,47.7729,502,1
1030,31.9968,31.9609,4096,248.8750,4,47.7729,502,1
1031,31.9968,31.9609,4096,248.8750,4,47.7729,503,1
1032,31.9968,31.9609,4096,248.8750,4,47.7729,503,1
1033,31.9968,31.9609,4096,248.8750,4,47.7729,503,1
1034,31.9968,31.9609,4096,248.8750,4,47.7729,504,1
1035,31.9968,31.9609,4096,248.8750,4,47.7729,504,1
1036,31.9968,31.9609,4096,248.8750,4,47.7729,504,1
1037,31.9968,31.9609,4096,248.8750,4,47.7729,505,1
1038,31.9968,31.9609,4096,248.8750,4,47.7729,505,1
1039,31.9968,31.9609,4096,248.8750,4,47.7729,506,1
1040,31.9968,31.9609,4096,248.8750,4,47.7729,506,1
1041,31.9968,31.9609,4096,248.8750,4,47.7729,506,1
1042,31.9968,31.9609,4096,248.8750,4,47.7729,506,1
1043,31.9968,31.9609,4096,248.8750,4,47.7729,507,1
1044,31.9968,31.9609,4096,248.8750,4,47.7729,507,1
1045,31.9968,31.9609,4096,248.8750,4,47.7729,507,1
1046,31.9968,31.9609,4096,248.8750,4,47.7729,508,1
1047,31.9968,31.9609,4096,248.8750,4,47.7729,509,1
1048,31.9968,31.9609,4096,248.8750,4,47.7729,509,1
1049,31.9968,31.9609,4096,248.8750,4,47.7729,510,1
1050,31.9968,31.9609,4096,248.8750,4,47.7729,511,1
1051,31.9968,31.9609,4096,248.8750,4,47.7729,511,1
1052,31.9968,31.9609,4096,248.8750,4,47.7729,511,1
1053,31.9968,31.9609,4096,248.8750,4,47.7729,511,1
1054,31.9968,31.9609,4096,248.8750,4,47.7729,511,1
1055,31.9968,31.9609,4096,248.8750,4,47.7729,512,1
1056,31.9968,31.9609,4096,248.8750,4,47.7729,512,1
1057,31.9968,31.9609,4096,248.8750,4,47.7729,512,1
1058,31.9966,32.0078,4096,235.8750,4,47.9268,513,1
1059,31.9966,32.0078,4096,235.8750,4,47.9268,513,1
1060,31.9966,32.0078,4096,235.8750,4,47.9268,513,1
1061,31.9966,32.0078,4096,235.8750,4,47.9268,513,1
1062,31.9966,32.0078,4096,235.8750,4,47.9268,513,1
1063,31.9966,32.0078,4096,235.8750,4,47.9268,514,1
1064,31.9966,32.0078,4096,235.8750,4,47.9268,514,1
1065,31.9966,32.0078,4096,235.8750,4,47.9268,514,1
1066,31.9966,32.0078,4096,235.8750,4,47.9268,514,1
1067,31.9966,32.0078,4096,235.8750,4,47.9268,514,1
1068,31.9966,32.0078,4096,235.8750,4,47.9268,515,1
1069,31.9966,32.0078,4096,235.8750,4,47.9268,515,1
1070,31.9966,32.0078,4096,235.8750,4,47.9268,515,1
1071,31.9966,32.0078,4096,235.8750,4,47.9268,515,1
1072,31.9966,32.0078,4096,235.8750,4,47.9268,516,1
1073,31.9966,32.0078,4096,235.8750,4,47.9268,516,1
1074,31.9966,32.0078,4096,235.8750,4,47.9268,516,1
1075,31.9966,32.0078,4096,235.8750,4,47.9268,516,1
1076,31.9966,32.0078,4096,235.8750,4,47.9268,516,1
1077,31.9966,32.0078,4096,235.8750,4,47.9268,516,1
1078,31.9966,32.0078,4096,235.8750,4,47.9268,516,1
1079,31.9966,32.0078,4096,235.8750,4,47.9268,516,1
1080,31.9966,32.0078,4096,235.8750,4,47.9268,516,1
1081,31.9966,32.0078,4096,235.8750,4,47.9268,516,1
1082,31.9966,32.0078,4096,235.8750,4,47.9268,517,1
1083,31.9966,32.0078,4096,235.8750,4,47.9268,517,1
1084,31.9966,32.0078,4096,235.8750,4,47.9268,518,1
1085,31.9966,32.0078,4096,235.8750,4,47.9268,518,1
1086,31.9966,32.0078,4096,235.8750,4,47.9268,519,1
1087,31.9966,32.0078,4096,235.8750,4,47.9268,519,1
1088,31.9966,32.0078,4096,235.8750,4,47.9268,519,1
1089,31.9966,32.0078,4096,235.8750,4,47.9268,520,1
1090,31.9966,32.0078,4096,235.8750,4,47.9268,521,1
1091,31.9966,32.0078,4096,235.8750,4,47.9268,521,1
1092,31.9966,32.0078,4096,235.8750,4,47.9268,522,1
1093,31.9966,32.0078,4096,235.8750,4,47.9268,523,1
1094,31.9966,32.0078,4096,235.8750,4,47.9268,523,1
1095,31.9966,32.0078,4096,235.8750,4,47.9268,523,1
1096,31.9966,32.0078,4096,235.8750,4,47.9268,524,1
1097,31.9966,32.0078,4096,235.8750,4,47.9268,524,1
1098,31.9966,32.0078,4096,235.8750,4,47.9268,525,1
1099,31.9966,32.0078,4096,235.8750,4,47.9268,525,1
1100,31.9966,32.0078,4096,235.8750,4,47.9268,526,1
1101,31.9966,32.0078,4096,235.8750,4,47.9268,526,1
1102,31.9966,32.0078,4096,235.8750,4,47.9268,527,1
1103,31.9966,32.0078,4096,235.8750,4,47.9268,528,1
1104,31.9966,32.0078,4096,235.8750,4,47.9268,529,1
1105,31.9966,32.0078,4096,235.8750,4,47.9268,529,1
1106,31.9966,32.0078,4096,235.8750,4,47.9268,529,1
1107,31.9966,32.0078,4096,235.8750,4,47.9268,529,1
1108,31.9966,32.0078,4096,235.8750,4,47.9268,529,1
1109,31.9966,32.0078,4096,235.8750,4,47.9268,529,1
1110,31.9966,32.0078,4096,235.8750,4,47.9268,529,1
1111,31.9966,32.0078,4096,235.8750,4,47.9268,529,1
1112,31.9966,32.0078,4096,235.8750,4,47.9268,529,1
1113,31.9966,32.0078,4096,235.8750,4,47.9268,530,1
1114,31.9966,32.0078,4096,235.8750,4,47.9268,530,1
1115,31.9966,32.0078,4096,235.8750,4,47.9268,531,1
1116,31.9966,32.0078,4096,235.8750,4,47.9268,531,1
1117,31.9966,32.0078,4096,235.8750,4,47.9268,531,1
1118,31.9966,32.0078,4096,235.8750,4,47.9268,532,1
1119,31.9966,32.0078,4096,235.8750,4,47.9268,532,1
1120,31.9966,32.0078,4096,235.8750,4,47.9268,533,1
1121,31.9966,32.0078,4096,235.8750,4,47.9268,534,1
1122,31.9966,32.0078,4096,235.8750,4,47.9268,535,1
1123,31.9966,32.0078,4096,235.8750,4,47.9268,535,1
1124,31.9966,32.0078,4096,235.8750,4,47.9268,535,1
1125,31.9966,32.0078,4096,235.8750,4,47.9268,535,1
1126,31.9966,32.0078,4096,235.8750,4,47.9268,535,1
1127,31.9966,32.0078,4096,235.8750,4,47.9268,535,1
1128,31.9966,32.0078,4096,235.8750,4,47.9268,536,1
1129,31.9966,32.0078,4096,235.8750,4,47.9268,536,1
1130,31.9966,32.0078,4096,235.8750,4,47.9268,537,1
1131,31.9966,32.0078,4096,235.8750,4,47.9268,537,1
1132,31.9966,32.0078,4096,235.8750,4,47.9268,538,1
1133,31.9966,32.0078,4096,235.8750,4,47.9268,538,1
1134,31.9966,32.0078,4096,235.8750,4,47.9268,539,1
1135,31.9966,32.0078,4096,235.8750,4,47.9268,539,1
1136,31.9966,32.0078,4096,235.8750,4,47.9268,540,1
1137,31.9966,32.0078,4096,235.8750,4,47.9268,540,1
1138,31.9966,32.0078,4096,235.8750,4,47.9268,540,1
1139,31.9966,32.0078,4096,235.8750,4,47.9268,540,1
1140,31.9966,32.0078,4096,235.8750,4,47.9268,541,1
1141,31.9966,32.0078,4096,235.8750,4,47.9268,541,1
1142,31.9966,32.0078,4096,235.8750,4,47.9268,541,1
1143,31.9966,32.0078,4096,235.8750,4,47.9268,541,1
1144,31.9966,32.0078,4096,235.8750,4,47.9268,541,1
1145,31.9966,32.0078,4096,235.8750,4,47.9268,542,1
1146,31.9966,32.0078,4096,235.8750,4,47.9268,542,1
1147,31.9966,32.0078,4096,235.8750,4,47.9268,543,1
1148,31.9966,32.0078,4096,235.8750,4,47.9268,543,1
1149,31.9966,32.0078,4096,235.8750,4,47.9268,544,1
1150,31.9966,32.0078,4096,235.8750,4,47.9268,545,1
1151,31.9966,32.0078,4096,235.8750,4,47.9268,545,1
1152,31.9966,32.0078,4096,235.8750,4,47.9268,545,1
1153,31.9966,32.0078,4096,235.8750,4,47.9268,546,1
1154,31.9966,32.0078,4096,235.8750,4,47.9268,547,1
1155,31.9966,32.0078,4096,235.8750,4,47.9268,547,1
1156,31.9966,32.0078,4096,235.8750,4,47.9268,548,1
1157,31.9966,32.0078,4096,235.8750,4,47.9268,548,1
1158,31.9966,32.0078,4096,235.8750,4,47.9268,549,1
1159,31.9966,32.0078,4096,235.8750,4,47.9268,550,1
1160,31.9966,32.0078,4096,235.8750,4,47.9268,551,1
1161,31.9966,32.0078,4096,235.8750,4,47.9268,551,1
1162,31.9966,32.0078,4096,235.8750,4,47.9268,551,1
1163,31.9966,32.0078,4096,235.8750,4,47.9268,551,1
1164,31.9966,32.0078,4096,235.8750,4,47.9268,551,1
1165,31.9966,32.0078,4096,235.8750,4,47.9268,551,1
1166,31.9966,32.0078,4096,235.8750,4,47.9268,552,1
1167,31.9966,32.0078,4096,235.8750,4,47.9268,553,1
1168,31.9966,32.0078,4096,235.8750,4,47.9268,553,1
1169,31.9966,32.0078,4096,235.8750,4,47.9268,553,1
1170,31.9966,32.0078,4096,235.8750,4,47.9268,554,1
1171,31.9966,32.0078,4096,235.8750,4,47.9268,555,1
1172,31.9966,32.0078,4096,235.8750,4,47.9268,555,1
1173,31.9966,32.0078,4096,235.8750,4,47.9268,555,1
1174,31.9966,32.0078,4096,235.8750,4,47.9268,555,1
1175,31.9966,32.0078,4096,235.8750,4,47.9268,555,1
1176,31.9966,32.0078,4096,235.8750,4,47.9268,556,1
1177,31.9966,32.0078,4096,235.8750,4,47.9268,556,1
1178,31.9966,32.0078,4096,235.8750,4,47.9268,556,1
1179,31.9966,32.0078,4096,235.8750,4,47.9268,556,1
1180,31.9966,32.0078,4096,235.8750,4,47.9268,557,1
1181,31.9966,32.0078,4096,235.8750,4,47.9268,558,1
1182,31.9966,32.0078,4096,235.8750,4,47.9268,558,1
1183,31.9966,32.0078,4096,235.8750,4,47.9268,559,1
1184,31.9966,32.0078,4096,235.8750,4,47.9268,559,1
1185,31.9966,32.0078,4096,235.8750,4,47.9268,560,1
1186,31.9966,32.0078,4096,235.8750,4,47.9268,560,1
1187,31.9966,32.0078,4096,235.8750,4,47.9268,560,1
1188,31.9966,32.0078,4096,235.8750,4,47.9268,560,1
1189,31.9966,32.0078,4096,235.8750,4,47.9268,560,1
1190,31.9966,32.0078,4096,235.8750,4,47.9268,560,1
1191,31.9966,32.0078,4096,235.8750,4,47.9268,561,1
1192,31.9966,32.0078,4096,235.8750,4,47.9268,562,1
1193,31.9966,32.0078,4096,235.8750,4,47.9268,562,1
1194,31.9966,32.0078,4096,235.8750,4,47.9268,562,1
1195,31.9966,32.0078,4096,235.8750,4,47.9268,563,1
1196,31.9966,32.0078,4096,235.8750,4,47.9268,563,1
1197,31.9966,32.0078,4096,235.8750,4,47.9268,564,1
1198,31.9966,32.0078,4096,235.8750,4,47.9268,564,1
1199,31.9966,32.0078,4096,235.8750,4,47.9268,564,1
1200,31.9966,32.0078,4096,235.8750,4,47.9268,564,1
1201,31.9966,32.0078,4096,235.8750,4,47.9268,565,1
1202,31.9966,32.0078,4096,235.8750,4,47.9268,566,1
1203,31.9966,32.0078,4096,235.8750,4,47.9268,566,1
1204,31.9966,32.0078,4096,235.8750,4,47.9268,566,1
1205,31.9966,32.0078,4096,235.8750,4,47.9268,567,1
1206,31.9966,32.0078,4096,235.8750,4,47.9268,567,1
1207,31.9966,32.0078,4096,235.8750,4,47.9268,568,1
1208,31.9966,32.0078,4096,235.8750,4,47.9268,569,1
1209,31.9966,32.0078,4096,235.8750,4,47.9268,569,1
1210,31.9966,32.0078,4096,235.8750,4,47.9268,570,1
1211,31.9966,32.0078,4096,235.8750,4,47.9268,570,1
1212,31.9966,32.0078,4096,235.8750,4,47.9268,570,1
1213,31.9966,32.0078,4096,235.8750,4,47.9268,571,1
1214,31.9966,32.0078,4096,235.8750,4,47.9268,571,1
1215,31.9966,32.0078,4096,235.8750,4,47.9268,572,1
1216,31.9966,32.0078,4096,235.8750,4,47.9268,572,1
1217,31.9966,32.0078,4096,235.8750,4,47.9268,572,1
1218,31.9966,32.0078,4096,235.8750,4,47.9268,573,1
1219,31.9966,32.0078,4096,235.8750,4,47.9268,573,1
1220,31.9966,32.0078,4096,235.8750,4,47.9268,573,1
1221,31.9966,32.0078,4096,235.8750,4,47.9268,573,1
1222,31.9966,32.0078,4096,235.8750,4,47.9268,573,1
1223,31.9966,32.0078,4096,235.8750,4,47.9268,573,1
1224,31.9966,32.0078,4096,235.8750,4,47.9268,573,1
1225,31.9966,32.0078,4096,235.8750,4,47.9268,573,1
1226,31.9966,32.0078,4096,235.8750,4,47.9268,574,1
1227,31.9966,32.0078,4096,235.8750,4,47.9268,574,1
1228,31.9966,32.0078,4096,235.8750,4,47.9268,575,1
1229,31.9966,32.0078,4096,235.8750,4,47.9268,576,1
1230,31.9966,32.0078,4096,235.8750,4,47.9268,576,1
1231,31.9966,32.0078,4096,235.8750,4,47.9268,576,1
1232,31.9966,32.0078,4096,235.8750,4,47.9268,576,1
1233,31.9966,32.0078,4096,235.8750,4,47.9268,576,1
1234,31.9966,32.0078,4096,235.8750,4,47.9268,576,1
1235,31.9966,32.0078,4096,235.8750,4,47.9268,576,1
1236,31.9966,32.0078,4096,235.8750,4,47.9268,577,1
1237,31.9966,32.0078,4096,235.8750,4,47.9268,578,1
1238,31.9966,32.0078,4096,235.8750,4,47.9268,578,1
1239,31.9966,32.0078,4096,235.8750,4,47.9268,579,1
1240,31.9966,32.0078,4096,235.8750,4,47.9268,580,1
1241,31.9966,32.0078,4096,235.8750,4,47.9268,580,1
1242,31.9966,32.0078,4096,235.8750,4,47.9268,580,1
1243,31.9966,32.0078,4096,235.8750,4,47.9268,580,1
1244,31.9966,32.0078,4096,235.8750,4,47.9268,580,1
1245,31.9966,32.0078,4096,235.8750,4,47.9268,581,1
1246,31.9966,32.0078,4096,235.8750,4,47.9268,581,1
1247,31.9966,32.0078,4096,235.8750,4,47.9268,581,1
1248,31.9966,32.0078,4096,235.8750,4,47.9268,582,1
1249,31.9966,32.0078,4096,235.8750,4,47.9268,582,1
1250,31.9966,32.0078,4096,235.8750,4,47.9268,583,1
1251,31.9966,32.0078,4096,235.8750,4,47.9268,584,1
1252,31.9966,32.0078,4096,235.8750,4,47.9268,584,1
1253,31.9966,32.0078,4096,235.8750,4,47.9268,584,1
1254,31.9966,32.0078,4096,235.8750,4,47.9268,585,1
1255,31.9966,32.0078,4096,235.8750,4,47.9268,585,1
1256,31.9966,32.0078,4096,235.8750,4,47.9268,585,1
1257,31.9966,32.0078,4096,235.8750,4,47.9268,585,1
1258,31.9966,32.0078,4096,235.8750,4,47.9268,585,1
1259,31.9966,32.0078,4096,235.8750,4,47.9268,585,1
1260,31.9966,32.0078,4096,235.8750,4,47.9268,586,1
1261,31.9966,32.0078,4096,235.8750,4,47.9268,587,1
1262,31.9966,32.0078,4096,235.8750,4,47.9268,587,1
1263,31.9966,32.0078,4096,235.8750,4,47.9268,587,1
1264,31.9966,32.0078,4096,235.8750,4,47.9268,588,1
1265,31.9966,32.0078,4096,235.8750,4,47.9268,589,1
1266,31.9966,32.0078,4096,235.8750,4,47.9268,589,1
1267,31.9966,32.0078,4096,235.8750,4,47.9268,590,1
1268,31.9966,32.0078,4096,235.8750,4,47.9268,590,1
1269,31.9966,32.0078,4096,235.8750,4,47.9268,591,1
1270,31.9966,32.0078,4096,235.8750,4,47.9268,591,1
1271,31.9966,32.0078,4096,235.8750,4,47.9268,591,1
1272,31.9966,32.0078,4096,235.8750,4,47.9268,592,1
1273,31.9966,32.0078,4096,235.8750,4,47.9268,593,1
1274,31.9966,32.0078,4096,235.8750,4,47.9268,594,1
1275,31.9966,32.0078,4096,235.8750,4,47.9268,594,1
1276,31.9966,32.0078,4096,235.8750,4,47.9268,594,1
1277,31.9966,32.0078,4096,235.8750,4,47.9268,595,1
1278,31.9966,32.0078,4096,235.8750,4,47.9268,595,1
1279,31.9966,32.0078,4096,235.8750,4,47.9268,596,1
1280,31.9966,32.0078,4096,235.8750,4,47.9268,597,1
1281,31.9966,32.0078,4096,235.8750,4,47.9268,598,1
1282,31.9966,32.0078,4096,235.8750,4,47.9268,599,1
1283,31.9966,32.0078,4096,235.8750,4,47.9268,599,1
1284,31.9966,32.0078,4096,235.8750,4,47.9268,600,1
1285,31.9966,32.0078,4096,235.8750,4,47.9268,601,1
1286,31.9966,32.0078,4096,235.8750,4,47.9268,602,1
1287,31.9966,32.0078,4096,235.8750,4,47.9268,603,1
1288,31.9966,32.0078,4096,235.8750,4,47.9268,604,1
1289,31.9966,32.0078,4096,235.8750,4,47.9268,604,1
1290,31.9966,32.0078,4096,235.8750,4,47.9268,605,1
1291,31.9966,32.0078,4096,235.8750,4,47.9268,605,1
1292,31.9966,32.0078,4096,235.8750,4,47.9268,605,1
1293,31.9966,32.0078,4096,235.8750,4,47.9268,605,1
1294,31.9966,32.0078,4096,235.8750,4,47.9268,605,1
1295,31.9966,32.0078,4096,235.8750,4,47.9268,605,1
1296,31.9966,32.0078,4096,235.8750,4,47.9268,605,1
1297,31.9966,32.0078,4096,235.8750,4,47.9268,605,1
1298,31.9966,32.0078,4096,235.8750,4,47.9268,606,1
1299,31.9966,32.0078,4096,235.8750,4,47.9268,606,1
1300,31.9966,32.0078,4096,235.8750,4,47.9268,606,1
1301,31.9966,32.0078,4096,235.8750,4,47.9268,606,1
1302,31.9966,32.0078,4096,235.8750,4,47.9268,606,1
1303,31.9966,32.0078,4096,235.8750,4,47.9268,606,1
1304,31.9966,32.0078,4096,235.8750,4,47.9268,606,1
1305,31.9966,32.0078,4096,235.8750,4,47.9268,607,1
1306,31.9966,32.0078,4096,235.8750,4,47.9268,607,1
1307,31.9966,32.0078,4096,235.8750,4,47.9268,608,1
1308,31.9966,32.0078,4096,235.8750,4,47.9268,608,1
1309,31.9966,32.0078,4096,235.8750,4,47.9268,609,1
1310,31.9966,32.0078,4096,235.8750,4,47.9268,609,1
1311,31.9966,32.0078,4096,235.8750,4,47.9268,609,1
1312,31.9966,32.0078,4096,235.8750,4,47.9268,610,1
1313,31.9966,32.0078,4096,235.8750,4,47.9268,610,1
1314,31.9966,32.0078,4096,235.8750,4,47.9268,611,1
1315,31.9966,32.0078,4096,235.8750,4,47.9268,611,1
1316,31.9966,32.0078,4096,235.8750,4,47.9268,612,1
1317,31.9966,32.0078,4096,235.8750,4,47.9268,613,1
1318,31.9966,32.0078,4096,235.8750,4,47.9268,614,1
1319,31.9966,32.0078,4096,235.8750,4,47.9268,614,1
1320,31.9966,32.0078,4096,235.8750,4,47.9268,614,1
1321,31.9966,32.0078,4096,235.8750,4,47.9268,615,1
1322,31.9966,32.0078,4096,235.8750,4,47.9268,615,1
1323,31.9966,32.0078,4096,235.8750,4,47.9268,616,1
1324,31.9966,32.0078,4096,235.8750,4,47.9268,616,1
1325,31.9966,32.0078,4096,235.8750,4,47.9268,617,1
1326,31.9966,32.0078,4096,235.8750,4,47.9268,617,1
1327,31.9966,32.0078,4096,235.8750,4,47.9268,618,1
1328,31.9966,32.0078,4096,235.8750,4,47.9268,619,1
1329,31.9966,32.0078,4096,235.8750,4,47.9268,619,1
1330,31.9966,32.0078,4096,235.8750,4,47.9268,619,1
1331,31.9966,32.0078,4096,235.8750,4,47.9268,619,1
1332,31.9966,32.0078,4096,235.8750,4,47.9268,619,1
1333,31.9966,32.0078,4096,235.8750,4,47.9268,619,1
1334,31.9966,32.0078,4096,235.8750,4,47.9268,619,1
1335,31.9966,32.0078,4096,235.8750,4,47.9268,620,1
1336,31.9966,32.0078,4096,235.8750,4,47.9268,621,1
1337,31.9966,32.0078,4096,235.8750,4,47.9268,621,1
1338,31.9966,32.0078,4096,235.8750,4,47.9268,622,1
1339,31.9966,32.0078,4096,235.8750,4,47.9268,622,1
1340,31.9966,32.0078,4096,235.8750,4,47.9268,623,1
1341,31.9966,32.0078,4096,235.8750,4,47.9268,623,1
1342,31.9966,32.0078,4096,235.8750,4,47.9268,623,1
1343,31.9966,32.0078,4096,235.8750,4,47.9268,624,1
1344,31.9966,32.0078,4096,235.8750,4,47.9268,625,1
1345,31.9966,32.0078,4096,235.8750,4,47.9268,625,1
1346,31.9966,32.0078,4096,235.8750,4,47.9268,626,1
1347,31.9966,32.0078,4096,235.8750,4,47.9268,626,1
1348,31.9966,32.0078,4096,235.8750,4,47.9268,627,1
1349,31.9966,32.0078,4096,235.8750,4,47.9268,628,1
1350,31.9966,32.0078,4096,235.8750,4,47.9268,628,1
1351,31.9966,32.0078,4096,235.8750,4,47.9268,628,1
1352,31.9966,32.0078,4096,235.8750,4,47.9268,628,1
1353,31.9966,32.0078,4096,235.8750,4,47.9268,628,1
1354,31.9966,32.0078,4096,235.8750,4,47.9268,628,1
1355,31.9966,32.0078,4096,235.8750,4,47.9268,629,1
1356,31.9966,32.0078,4096,235.8750,4,47.9268,630,1
1357,31.9966,32.0078,4096,235.8750,4,47.9268,631,1
1358,31.9966,32.0078,4096,235.8750,4,47.9268,631,1
1359,31.9966,32.0078,4096,235.8750,4,47.9268,631,1
1360,31.9966,32.0078,4096,235.8750,4,47.9268,631,1
1361,31.9966,32.0078,4096,235.8750,4,47.9268,632,1
1362,31.9966,32.0078,4096,235.8750,4,47.9268,632,1
1363,31.9966,32.0078,4096,235.8750,4,47.9268,633,1
1364,31.9966,32.0078,4096,235.8750,4,47.9268,633,1
1365,31.9966,32.0078,4096,235.8750,4,47.9268,634,1
1366,31.9966,32.0078,4096,235.8750,4,47.9268,635,1
1367,31.9966,32.0078,4096,235.8750,4,47.9268,636,1
1368,31.9966,32.0078,4096,235.8750,4,47.9268,636,1
1369,31.9966,32.0078,4096,235.8750,4,47.9268,637,1
1370,31.9966,32.0078,4096,235.8750,4,47.9268,638,1
1371,31.9966,32.0078,4096,235.8750,4,47.9268,638,1
1372,31.9966,32.0078,4096,235.8750,4,47.9268,638,1
1373,31.9966,32.0078,4096,235.8750,4,47.9268,638,1
1374,31.9966,32.0078,4096,235.8750,4,47.9268,639,1
1375,31.9966,32.0078,4096,235.8750,4,47.9268,640,1
1376,31.9966,32.0078,4096,235.8750,4,47.9268,641,1
1377,31.9966,32.0078,4096,235.8750,4,47.9268,641,1
1378,31.9966,32.0078,4096,235.8750,4,47.9268,641,1
1379,31.9966,32.0078,4096,235.8750,4,47.9268,642,1
1380,31.9966,32.0078,4096,235.8750,4,47.9268,643,1
1381,31.9966,32.0078,4096,235.8750,4,47.9268,644,1
1382,31.9966,32.0078,4096,235.8750,4,47.9268,644,1
1383,31.9966,32.0078,4096,235.8750,4,47.9268,644,1
1384,31.9966,32.0078,4096,235.8750,4,47.9268,645,1
1385,31.9966,32.0078,4096,235.8750,4,47.9268,646,1
1386,31.9966,32.0078,4096,235.8750,4,47.9268,646,1
1387,31.9966,32.0078,4096,235.8750,4,47.9268,646,1
1388,31.9966,32.0078,4096,235.8750,4,47.9268,646,1
1389,31.9966,32.0078,4096,235.8750,4,47.9268,646,1
1390,31.9966,32.0078,4096,235.8750,4,47.9268,647,1
1391,31.9966,32.0078,4096,235.8750,4,47.9268,647,1
1392,31.9966,32.0078,4096,235.8750,4,47.9268,647,1
1393,31.9966,32.0078,4096,235.8750,4,47.9268,648,1
1394,31.9966,32.0078,4096,235.8750,4,47.9268,648,1
1395,31.9966,32.0078,4096,235.8750,4,47.9268,649,1
1396,31.9966,32.0078,4096,235.8750,4,47.9268,649,1
1397,31.9966,32.0078,4096,235.8750,4,47.9268,650,1
1398,31.9966,32.0078,4096,235.8750,4,47.9268,650,1
1399,31.9966,32.0078,4096,235.8750,4,47.9268,650,1
1400,31.9966,32.0078,4096,235.8750,4,47.9268,650,1
1401,31.9966,32.0078,4096,235.8750,4,47.9268,650,1
1402,31.9966,32.0078,4096,235.8750,4,47.9268,650,1
1403,31.9966,32.0078,4096,235.8750,4,47.9268,651,1
1404,31.9966,32.0078,4096,235.8750,4,47.9268,651,1
1405,31.9966,32.0078,4096,235.8750,4,47.9268,651,1
1406,31.9966,32.0078,4096,235.8750,4,47.9268,652,1
1407,31.9966,32.0078,4096,235.8750,4,47.9268,652,1
1408,31.9966,32.0078,4096,235.8750,4,47.9268,652,1
1409,31.9966,32.0078,4096,235.8750,4,47.9268,652,1
1410,31.9966,32.0078,4096,235.8750,4,47.9268,653,1
1411,31.9966,32.0078,4096,235.8750,4,47.9268,653,1
1412,31.9966,32.0078,4096,235.8750,4,47.9268,654,1
1413,31.9966,32.0078,4096,235.8750,4,47.9268,654,1
1414,31.9966,32.0078,4096,235.8750,4,47.9268,655,1
1415,31.9966,32.0078,4096,235.8750,4,47.9268,655,1
1416,31.9966,32.0078,4096,235.8750,4,47.9268,655,1
1417,31.9966,32.0078,4096,235.8750,4,47.9268,656,1
1418,31.9966,32.0078,4096,235.8750,4,47.9268,656,1
1419,31.9966,32.0078,4096,235.8750,4,47.9268,657,1
1420,31.9966,32.0078,4096,235.8750,4,47.9268,658,1
1421,31.9966,32.0078,4096,235.8750,4,47.9268,659,1
1422,31.9966,32.0078,4096,235.8750,4,47.9268,659,1
1423,31.9966,32.0078,4096,235.8750,4,47.9268,659,1
1424,31.9966,32.0078,4096,235.8750,4,47.9268,659,1
1425,31.9966,32.0078,4096,235.8750,4,47.9268,659,1
1426,31.9966,32.0078,4096,235.8750,4,47.9268,660,1
1427,31.9966,32.0078,4096,235.8750,4,47.9268,660,1
1428,31.9966,32.0078,4096,235.8750,4,47.9268,660,1
1429,31.9966,32.0078,4096,235.8750,4,47.9268,661,1
1430,31.9966,32.0078,4096,235.8750,4,47.9268,661,1
1431,31.9966,32.0078,4096,235.8750,4,47.9268,662,1
1432,31.9966,32.0078,4096,235.8750,4,47.9268,662,1
1433,31.9966,32.0078,4096,235.8750,4,47.9268,662,1
1434,31.9966,32.0078,4096,235.8750,4,47.9268,662,1
1435,31.9966,32.0078,4096,235.8750,4,47.9268,662,1
1436,31.9966,32.0078,4096,235.8750,4,47.9268,662,1
1437,31.9966,32.0078,4096,235.8750,4,47.9268,662,1
1438,31.9966,32.0078,4096,235.8750,4,47.9268,662,1
1439,31.9966,32.0078,4096,235.8750,4,47.9268,662,1
1440,31.9966,32.0078,4096,235.8750,4,47.9268,662,1
1441,31.9966,32.0078,4096,235.8750,4,47.9268,662,1
1442,31.9966,32.0078,4096,235.8750,4,47.9268,663,1
1443,31.9966,32.0078,4096,235.8750,4,47.9268,663,1
1444,31.9966,32.0078,4096,235.8750,4,47.9268,664,1
1445,31.9966,32.0078,4096,235.8750,4,47.9268,665,1
1446,31.9966,32.0078,4096,235.8750,4,47.9268,665,1
1447,31.9966,32.0078,4096,235.8750,4,47.9268,666,1
1448,31.9966,32.0078,4096,235.8750,4,47.9268,666,1
1449,31.9966,32.0078,4096,235.8750,4,47.9268,667,1
1450,31.9966,32.0078,4096,235.8750,4,47.9268,667,1
1451,31.9966,32.0078,4096,235.8750,4,47.9268,667,1
1452,31.9966,32.0078,4096,235.8750,4,47.9268,667,1
1453,31.9966,32.0078,4096,235.8750,4,47.9268,668,1
1454,31.9966,32.0078,4096,235.8750,4,47.9268,668,1
1455,31.9966,32.0078,4096,235.8750,4,47.9268,669,1
1456,31.9966,32.0078,4096,235.8750,4,47.9268,670,1
1457,31.9966,32.0078,4096,235.8750,4,47.9268,670,1
1458,31.9966,32.0078,4096,235.8750,4,47.9268,671,1
1459,31.9966,32.0078,4096,235.8750,4,47.9268,672,1
1460,31.9966,32.0078,4096,235.8750,4,47.9268,673,1
1461,31.9966,32.0078,4096,235.8750,4,47.9268,673,1
1462,31.9966,32.0078,4096,235.8750,4,47.9268,673,1
1463,31.9966,32.0078,4096,235.8750,4,47.9268,673,1
1464,31.9966,32.0078,4096,235.8750,4,47.9268,673,1
1465,31.9966,32.0078,4096,235.8750,4,47.9268,674,1
1466,31.9966,32.0078,4096,235.8750,4,47.9268,675,1
1467,31.9966,32.0078,4096,235.8750,4,47.9268,675,1
1468,31.9966,32.0078,4096,235.8750,4,47.9268,676,1
1469,31.9966,32.0078,4096,235.8750,4,47.9268,676,1
1470,31.9966,32.0078,4096,235.8750,4,47.9268,676,1
1471,31.9966,32.0078,4096,235.8750,4,47.9268,676,1
1472,31.9966,32.0078,4096,235.8750,4,47.9268,676,1
1473,31.9966,32.0078,4096,235.8750,4,47.9268,676,1
1474,31.9966,32.0078,4096,235.8750,4,47.9268,677,1
1475,31.9966,32.0078,4096,235.8750,4,47.9268,677,1
1476,31.9966,32.0078,4096,235.8750,4,47.9268,678,1
1477,31.9966,32.0078,4096,235.8750,4,47.9268,679,1
1478,31.9966,32.0078,4096,235.8750,4,47.9268,679,1
1479,31.9966,32.0078,4096,235.8750,4,47.9268,680,1
1480,31.9966,32.0078,4096,235.8750,4,47.9268,680,1
1481,31.9966,32.0078,4096,235.8750,4,47.9268,681,1
1482,31.9966,32.0078,4096,235.8750,4,47.9268,682,1
1483,31.9966,32.0078,4096,235.8750,4,47.9268,683,1
1484,31.9966,32.0078,4096,235.8750,4,47.9268,683,1
1485,31.9966,32.0078,4096,235.8750,4,47.9268,683,1
1486,31.9966,32.0078,4096,235.8750,4,47.9268,684,1
1487,31.9966,32.0078,4096,235.8750,4,47.9268,685,1
1488,31.9966,32.0078,4096,235.8750,4,47.9268,686,1
1489,31.9966,32.0078,4096,235.8750,4,47.9268,687,1
1490,31.9966,32.0078,4096,235.8750,4,47.9268,687,1
1491,31.9966,32.0078,4096,235.8750,4,47.9268,687,1
1492,31.9966,32.0078,4096,235.8750,4,47.9268,687,1
1493,31.9966,32.0078,4096,235.8750,4,47.9268,687,1
1494,31.9966,32.0078,4096,235.8750,4,47.9268,688,1
1495,31.9966,32.0078,4096,235.8750,4,47.9268,688,1
1496,31.9966,32.0078,4096,235.8750,4,47.9268,688,1
1497,31.9966,32.0078,4096,235.8750,4,47.9268,688,1
1498,31.9966,32.0078,4096,235.8750,4,47.9268,689,1
1499,31.9966,32.0078,4096,235.8750,4,47.9268,689,1
1500,31.9966,32.0078,4096,235.8750,4,47.9268,690,1
1501,31.9966,32.0078,4096,235.8750,4,47.9268,690,1
1502,31.9966,32.0078,4096,235.8750,4,47.9268,691,1
1503,31.9966,32.0078,4096,235.8750,4,47.9268,692,1
1504,31.9966,32.0078,4096,235.8750,4,47.9268,692,1
1505,31.9966,32.0078,4096,235.8750,4,47.9268,692,1
1506,31.9966,32.0078,4096,235.8750,4,47.9268,693,1
1507,31.9966,32.0078,4096,235.8750,4,47.9268,694,1
1508,31.9966,32.0078,4096,235.8750,4,47.9268,695,1
1509,31.9966,32.0078,4096,235.8750,4,47.9268,696,1
1510,31.9966,32.0078,4096,235.8750,4,47.9268,696,1
1511,31.9966,32.0078,4096,235.8750,4,47.9268,697,1
1512,31.9966,32.0078,4096,235.8750,4,47.9268,697,1
1513,31.9966,32.0078,4096,235.8750,4,47.9268,697,1
1514,31.9966,32.0078,4096,235.8750,4,47.9268,697,1
1515,31.9966,32.0078,4096,235.8750,4,47.9268,697,1
1516,31.9966,32.0078,4096,235.8750,4,47.9268,697,1
1517,31.9966,32.0078,4096,235.8750,4,47.9268,697,1
1518,31.9966,32.0078,4096,235.8750,4,47.9268,698,1
1519,31.9966,32.0078,4096,235.8750,4,47.9268,699,1
1520,31.9966,32.0078,4096,235.8750,4,47.9268,699,1
1521,31.9966,32.0078,4096,235.8750,4,47.9268,699,1
1522,31.9966,32.0078,4096,235.8750,4,47.9268,699,1
1523,31.9966,32.0078,4096,235.8750,4,47.9268,699,1
1524,31.9966,32.0078,4096,235.8750,4,47.9268,700,1
1525,31.9966,32.0078,4096,235.8750,4,47.9268,701,1
1526,31.9966,32.0078,4096,235.8750,4,47.9268,702,1
1527,31.9966,32.0078,4096,235.8750,4,47.9268,702,1
1528,31.9966,32.0078,4096,235.8750,4,47.9268,703,1
1529,31.9966,32.0078,4096,235.8750,4,47.9268,703,1
1530,31.9966,32.0078,4096,235.8750,4,47.9268,704,1
1531,31.9966,32.0078,4096,235.8750,4,47.9268,704,1
1532,31.9966,32.0078,4096,235.8750,4,47.9268,704,1
1533,31.9966,32.0078,4096,235.8750,4,47.9268,704,1
1534,31.9966,32.0078,4096,235.8750,4,47.9268,704,1
1535,31.9966,32.0078,4096,235.8750,4,47.9268,704,1
1536,31.9966,32.0078,4096,235.8750,4,47.9268,705,1
1537,31.9966,32.0078,4096,235.8750,4,47.9268,706,1
1538,31.9966,32.0078,4096,235.8750,4,47.9268,707,1
1539,31.9966,32.0078,4096,235.8750,4,47.9268,707,1
1540,31.9966,32.0078,4096,235.8750,4,47.9268,707,1
1541,31.9966,32.0078,4096,235.8750,4,47.9268,707,1
1542,31.9966,32.0078,4096,235.8750,4,47.9268,708,1
1543,31.9966,32.0078,4096,235.8750,4,47.9268,708,1
1544,31.9966,32.0078,4096,235.8750,4,47.9268,709,1
1545,31.9966,32.0078,4096,235.8750,4,47.9268,710,1
1546,31.9966,32.0078,4096,235.8750,4,47.9268,711,1
1547,31.9966,32.0078,4096,235.8750,4,47.9268,711,1
1548,31.9966,32.0078,4096,235.8750,4,47.9268,711,1
1549,31.9966,32.0078,4096,235.8750,4,47.9268,712,1
1550,31.9966,32.0078,4096,235.8750,4,47.9268,712,1
1551,31.9966,32.0078,4096,235.8750,4,47.9268,712,1
1552,31.9966,32.0078,4096,235.8750,4,47.9268,713,1
1553,31.9966,32.0078,4096,235.8750,4,47.9268,714,1
1554,31.9966,32.0078,4096,235.8750,4,47.9268,714,1
1555,31.9966,32.0078,4096,235.8750,4,47.9268,715,1
1556,31.9966,32.0078,4096,235.8750,4,47.9268,715,1
1557,31.9966,32.0078,4096,235.8750,4,47.9268,716,1
1558,31.9966,32.0078,4096,235.8750,4,47.9268,716,1
1559,31.9966,32.0078,4096,235.8750,4,47.9268,717,1
1560,31.9966,32.0078,4096,235.8750,4,47.9268,717,1
1561,31.9966,32.0078,4096,235.8750,4,47.9268,718,1
1562,31.9966,32.0078,4096,235.8750,4,47.9268,719,1
1563,31.9966,32.0078,4096,235.8750,4,47.9268,719,1
1564,31.9966,32.0078,4096,235.8750,4,47.9268,719,1
1565,31.9966,32.0078,4096,235.8750,4,47.9268,719,1
1566,31.9966,32.0078,4096,235.8750,4,47.9268,719,1
1567,31.9966,32.0078,4096,235.8750,4,47.9268,719,1
1568,31.9966,32.0078,4096,235.8750,4,47.9268,720,1
1569,31.9966,32.0078,4096,235.8750,4,47.9268,721,1
1570,31.9966,32.0078,4096,235.8750,4,47.9268,722,1
1571,31.9966,32.0078,4096,235.8750,4,47.9268,722,1
1572,31.9966,32.0078,4096,235.8750,4,47.9268,722,1
1573,31.9966,32.0078,4096,235.8750,4,47.9268,722,1
1574,31.9966,32.0078,4096,235.8750,4,47.9268,722,1
1575,31.9966,32.0078,4096,235.8750,4,47.9268,722,1
1576,31.9966,32.0078,4096,235.8750,4,47.9268,722,1
1577,31.9966,32.0078,4096,235.8750,4,47.9268,722,1
1578,31.9966,32.0078,4096,235.8750,4,47.9268,723,1
1579,31.9966,32.0078,4096,235.8750,4,47.9268,724,1
1580,31.9966,32.0078,4096,235.8750,4,47.9268,724,1
1581,31.9966,32.0078,4096,235.8750,4,47.9268,724,1
1582,31.9966,32.0078,4096,235.8750,4,47.9268,724,1
1583,31.9966,32.0078,4096,235.8750,4,47.9268,724,1
1584,31.9966,32.0078,4096,235.8750,4,47.9268,724,1
1585,31.9966,32.0078,4096,235.8750,4,47.9268,725,1
1586,31.9966,32.0078,4096,235.8750,4,47.9268,726,1
1587,31.9966,32.0078,4096,235.8750,4,47.9268,726,1
1588,31.9966,32.0078,4096,235.8750,4,47.9268,727,1
1589,31.9966,32.0078,4096,235.8750,4,47.9268,727,1
1590,31.9966,32.0078,4096,235.8750,4,47.9268,728,1
1591,31.9966,32.0078,4096,235.8750,4,47.9268,728,1
1592,31.9966,32.0078,4096,235.8750,4,47.9268,728,1
1593,31.9966,32.0078,4096,235.8750,4,47.9268,728,1
1594,31.9966,32.0078,4096,235.8750,4,47.9268,728,1
1595,31.9966,32.0078,4096,235.8750,4,47.9268,728,1
1596,31.9966,32.0078,4096,235.8750,4,47.9268,728,1
1597,31.9966,32.0078,4096,235.8750,4,47.9268,728,1
1598,31.9966,32.0078,4096,235.8750,4,47.9268,728,1
1599,31.9966,32.0078,4096,235.8750,4,47.9268,729,1
1600,31.9966,32.0078,4096,235.8750,4,47.9268,729,1
1601,31.9966,32.0078,4096,235.8750,4,47.9268,730,1
1602,31.9966,32.0078,4096,235.8750,4,47.9268,730,1
1603,31.9966,32.0078,4096,235.8750,4,47.9268,730,1
1604,31.9966,32.0078,4096,235.8750,4,47.9268,730,1
1605,31.9966,32.0078,4096,235.8750,4,47.9268,731,1
1606,31.9966,32.0078,4096,235.8750,4,47.9268,732,1
1607,31.9966,32.0078,4096,235.8750,4,47.9268,732,1
1608,31.9966,32.0078,4096,235.8750,4,47.9268,732,1
1609,31.9966,32.0078,4096,235.8750,4,47.9268,732,1
1610,31.9966,32.0078,4096,235.8750,4,47.9268,732,1
1611,31.9966,32.0078,4096,235.8750,4,47.9268,732,1
1612,31.9966,32.0078,4096,235.8750,4,47.9268,732,1
1613,31.9966,32.0078,4096,235.8750,4,47.9268,733,1
1614,31.9966,32.0078,4096,235.8750,4,47.9268,733,1
1615,31.9966,32.0078,4096,235.8750,4,47.9268,733,1
1616,31.9966,32.0078,4096,235.8750,4,47.9268,734,1
1617,31.9966,32.0078,4096,235.8750,4,47.9268,734,1
1618,31.9966,32.0078,4096,235.8750,4,47.9268,735,1
1619,31.9966,32.0078,4096,235.8750,4,47.9268,736,1
1620,31.9966,32.0078,4096,235.8750,4,47.9268,736,1
1621,31.9966,32.0078,4096,235.8750,4,47.9268,736,1
1622,31.9966,32.0078,4096,235.8750,4,47.9268,736,1
1623,31.9966,32.0078,4096,235.8750,4,47.9268,737,1
1624,31.9966,32.0078,4096,235.8750,4,47.9268,737,1
1625,31.9966,32.0078,4096,235.8750,4,47.9268,738,1
1626,31.9966,32.0078,4096,235.8750,4,47.9268,739,1
1627,31.9966,32.0078,4096,235.8750,4,47.9268,740,1
1628,31.9966,32.0078,4096,235.8750,4,47.9268,741,1
1629,31.9966,32.0078,4096,235.8750,4,47.9268,742,1
1630,31.9966,32.0078,4096,235.8750,4,47.9268,742,1
1631,31.9966,32.0078,4096,235.8750,4,47.9268,742,1
1632,31.9966,32.0078,4096,235.8750,4,47.9268,742,1
1633,31.9966,32.0078,4096,235.8750,4,47.9268,743,1
1634,31.9966,32.0078,4096,235.8750,4,47.9268,743,1
1635,31.9966,32.0078,4096,235.8750,4,47.9268,743,1
1636,31.9966,32.0078,4096,235.8750,4,47.9268,743,1
1637,31.9966,32.0078,4096,235.8750,4,47.9268,744,1
1638,31.9966,32.0078,4096,235.8750,4,47.9268,744,1
1639,31.9966,32.0078,4096,235.8750,4,47.9268,745,1
1640,31.9966,32.0078,4096,235.8750,4,47.9268,745,1
1641,31.9966,32.0078,4096,235.8750,4,47.9268,745,1
1642,31.9966,32.0078,4096,235.8750,4,47.9268,745,1
1643,31.9966,32.0078,4096,235.8750,4,47.9268,746,1
1644,31.9966,32.0078,4096,235.8750,4,47.9268,746,1
1645,31.9966,32.0078,4096,235.8750,4,47.9268,746,1
1646,31.9966,32.0078,4096,235.8750,4,47.9268,747,1
1647,31.9966,32.0078,4096,235.8750,4,47.9268,748,1
1648,31.9966,32.0078,4096,235.8750,4,47.9268,748,1
1649,31.9966,32.0078,4096,235.8750,4,47.9268,749,1
1650,31.9966,32.0078,4096,235.8750,4,47.9268,750,1
1651,31.9966,32.0078,4096,235.8750,4,47.9268,751,1
1652,31.9966,32.0078,4096,235.8750,4,47.9268,751,1
1653,31.9966,32.0078,4096,235.8750,4,47.9268,752,1
1654,31.9966,32.0078,4096,235.8750,4,47.9268,753,1
1655,31.9966,32.0078,4096,235.8750,4,47.9268,753,1
1656,31.9966,32.0078,4096,235.8750,4,47.9268,753,1
1657,31.9966,32.0078,4096,235.8750,4,47.9268,754,1
1658,31.9966,32.0078,4096,235.8750,4,47.9268,755,1
1659,31.9966,32.0078,4096,235.8750,4,47.9268,755,1
1660,31.9966,32.0078,4096,235.8750,4,47.9268,756,1
1661,31.9966,32.0078,4096,235.8750,4,47.9268,756,1
1662,31.9966,32.0078,4096,235.8750,4,47.9268,756,1
1663,31.9966,32.0078,4096,235.8750,4,47.9268,757,1
1664,31.9966,32.0078,4096,235.8750,4,47.9268,757,1
1665,31.9966,32.0078,4096,235.8750,4,47.9268,757,1
1666,31.9966,32.0078,4096,235.8750,4,47.9268,757,1
1667,31.9966,32.0078,4096,235.8750,4,47.9268,757,1
1668,31.9966,32.0078,4096,235.8750,4,47.9268,757,1
1669,31.9966,32.0078,4096,235.8750,4,47.9268,757,1
1670,31.9966,32.0078,4096,235.8750,4,47.9268,758,1
1671,31.9966,32.0078,4096,235.8750,4,47.9268,758,1
1672,31.9966,32.0078,4096,235.8750,4,47.9268,758,1
1673,31.9966,32.0078,4096,235.8750,4,47.9268,758,1
1674,31.9966,32.0078,4096,235.8750,4,47.9268,759,1
1675,31.9966,32.0078,4096,235.8750,4,47.9268,759,1
1676,31.9966,32.0078,4096,235.8750,4,47.9268,760,1
1677,31.9966,32.0078,4096,235.8750,4,47.9268,761,1
1678,31.9966,32.0078,4096,235.8750,4,47.9268,761,1
1679,31.9966,32.0078,4096,235.8750,4,47.9268,761,1
1680,31.9966,32.0078,4096,235.8750,4,47.9268,762,1
1681,31.9966,32.0078,4096,235.8750,4,47.9268,762,1
1682,31.9966,32.0078,4096,235.8750,4,47.9268,763,1
1683,31.9966,32.0078,4096,235.8750,4,47.9268,764,1
1684,31.9966,32.0078,4096,235.8750,4,47.9268,764,1
1685,31.9966,32.0078,4096,235.8750,4,47.9268,764,1
1686,31.9966,32.0078,4096,235.8750,4,47.9268,765,1
1687,31.9966,32.0078,4096,235.8750,4,47.9268,765,1
1688,31.9966,32.0078,4096,235.8750,4,47.9268,765,1
1689,31.9966,32.0078,4096,235.8750,4,47.9268,766,1
1690,31.9966,32.0078,4096,235.8750,4,47.9268,766,1
1691,31.9966,32.0078,4096,235.8750,4,47.9268,766,1
1692,31.9966,32.0078,4096,235.8750,4,47.9268,766,1
1693,31.9966,32.0078,4096,235.8750,4,47.9268,767,1
1694,31.9966,32.0078,4096,235.8750,4,47.9268,767,1
1695,31.9966,32.0078,4096,235.8750,4,47.9268,768,1
1696,31.9966,32.0078,4096,235.8750,4,47.9268,768,1
1697,31.9966,32.0078,4096,235.8750,4,47.9268,769,1
1698,31.9966,32.0078,4096,235.8750,4,47.9268,769,1
1699,31.9966,32.0078,4096,235.8750,4,47.9268,770,1
1700,31.9966,32.0078,4096,235.8750,4,47.9268,770,1
1701,31.9966,32.0078,4096,235.8750,4,47.9268,770,1
1702,31.9966,32.0078,4096,235.8750,4,47.9268,770,1
1703,31.9966,32.0078,4096,235.8750,4,47.9268,770,1
1704,31.9966,32.0078,4096,235.8750,4,47.9268,770,1
1705,31.9966,32.0078,4096,235.8750,4,47.9268,771,1
1706,31.9966,32.0078,4096,235.8750,4,47.9268,771,1
1707,31.9966,32.0078,4096,235.8750,4,47.9268,772,1
1708,31.9966,32.0078,4096,235.8750,4,47.9268,772,1
1709,31.9966,32.0078,4096,235.8750,4,47.9268,773,1
1710,31.9966,32.0078,4096,235.8750,4,47.9268,773,1
1711,31.9966,32.0078,4096,235.8750,4,47.9268,773,1
1712,31.9966,32.0078,4096,235.8750,4,47.9268,773,1
1713,31.9966,32.0078,4096,235.8750,4,47.9268,774,1
1714,31.9966,32.0078,4096,235.8750,4,47.9268,775,1
1715,31.9966,32.0078,4096,235.8750,4,47.9268,775,1
1716,31.9966,32.0078,4096,235.8750,4,47.9268,776,1
1717,31.9966,32.0078,4096,235.8750,4,47.9268,777,1
1718,31.9966,32.0078,4096,235.8750,4,47.9268,777,1
1719,31.9966,32.0078,4096,235.8750,4,47.9268,777,1
1720,31.9966,32.0078,4096,235.8750,4,47.9268,777,1
1721,31.9966,32.0078,4096,235.8750,4,47.9268,778,1
1722,31.9966,32.0078,4096,235.8750,4,47.9268,778,1
1723,31.9966,32.0078,4096,235.8750,4,47.9268,779,1
1724,31.9966,32.0078,4096,235.8750,4,47.9268,779,1
1725,31.9966,32.0078,4096,235.8750,4,47.9268,779,1
1726,31.9966,32.0078,4096,235.8750,4,47.9268,779,1
1727,31.9966,32.0078,4096,235.8750,4,47.9268,780,1
1728,31.9966,32.0078,4096,235.8750,4,47.9268,781,1
1729,31.9966,32.0078,4096,235.8750,4,47.9268,781,1
1730,31.9966,32.0078,4096,235.8750,4,47.9268,781,1
1731,31.9966,32.0078,4096,235.8750,4,47.9268,782,1
1732,31.9966,32.0078,4096,235.8750,4,47.9268,782,1
1733,31.9966,32.0078,4096,235.8750,4,47.9268,782,1
1734,31.9966,32.0078,4096,235.8750,4,47.9268,782,1
1735,31.9966,32.0078,4096,235.8750,4,47.9268,783,1
1736,31.9966,32.0078,4096,235.8750,4,47.9268,783,1
1737,31.9966,32.0078,4096,235.8750,4,47.9268,783,1
1738,31.9966,32.0078,4096,235.8750,4,47.9268,784,1
1739,31.9966,32.0078,4096,235.8750,4,47.9268,784,1
1740,31.9966,32.0078,4096,235.8750,4,47.9268,784,1
1741,31.9966,32.0078,4096,235.8750,4,47.9268,784,1
1742,31.9966,32.0078,4096,235.8750,4,47.9268,785,1
1743,31.9966,32.0078,4096,235.8750,4,47.9268,786,1
1744,31.9966,32.0078,4096,235.8750,4,47.9268,786,1
1745,31.9966,32.0078,4096,235.8750,4,47.9268,787,1
1746,31.9966,32.0078,4096,235.8750,4,47.9268,788,1
1747,31.9966,32.0078,4096,235.8750,4,47.9268,788,1
1748,31.9966,32.0078,4096,235.8750,4,47.9268,789,1
1749,31.9966,32.0078,4096,235.8750,4,47.9268,789,1
1750,31.9966,32.0078,4096,235.8750,4,47.9268,789,1
1751,31.9966,32.0078,4096,235.8750,4,47.9268,790,1
1752,31.9966,32.0078,4096,235.8750,4,47.9268,790,1
1753,31.9966,32.0078,4096,235.8750,4,47.9268,790,1
1754,31.9966,32.0078,4096,235.8750,4,47.9268,791,1
1755,31.9966,32.0078,4096,235.8750,4,47.9268,791,1
1756,31.9966,32.0078,4096,235.8750,4,47.9268,791,1
1757,31.9966,32.0078,4096,235.8750,4,47.9268,791,1
1758,31.9966,32.0078,4096,235.8750,4,47.9268,791,1
1759,31.9966,32.0078,4096,235.8750,4,47.9268,792,1
1760,31.9966,32.0078,4096,235.8750,4,47.9268,792,1
1761,31.9966,32.0078,4096,235.8750,4,47.9268,793,1
1762,31.9966,32.0078,4096,235.8750,4,47.9268,793,1
1763,31.9966,32.0078,4096,235.8750,4,47.9268,794,1
1764,31.9966,32.0078,4096,235.8750,4,47.9268,794,1
1765,31.9966,32.0078,4096,235.8750,4,47.9268,795,1
1766,31.9966,32.0078,4096,235.8750,4,47.9268,795,1
1767,31.9966,32.0078,4096,235.8750,4,47.9268,795,1
1768,31.9966,32.0078,4096,235.8750,4,47.9268,795,1
1769,31.9966,32.0078,4096,235.8750,4,47.9268,796,1
1770,31.9966,32.0078,4096,235.8750,4,47.9268,797,1
1771,31.9966,32.0078,4096,235.8750,4,47.9268,798,1
1772,31.9966,32.0078,4096,235.8750,4,47.9268,798,1
1773,31.9966,32.0078,4096,235.8750,4,47.9268,798,1
1774,31.9966,32.0078,4096,235.8750,4,47.9268,799,1
1775,31.9966,32.0078,4096,235.8750,4,47.9268,799,1
1776,31.9966,32.0078,4096,235.8750,4,47.9268,799,1
1777,31.9966,32.0078,4096,235.8750,4,47.9268,799,1
1778,31.9966,32.0078,4096,235.8750,4,47.9268,800,1
1779,31.9966,32.0078,4096,235.8750,4,47.9268,800,1
1780,31.9966,32.0078,4096,235.8750,4,47.9268,800,1
1781,31.9966,32.0078,4096,235.8750,4,47.9268,801,1
1782,31.9966,32.0078,4096,235.8750,4,47.9268,801,1
1783,31.9966,32.0078,4096,235.8750,4,47.9268,802,1
1784,31.9966,32.0078,4096,235.8750,4,47.9268,802,1
1785,31.9966,32.0078,4096,235.8750,4,47.9268,802,1
1786,31.9966,32.0078,4096,235.8750,4,47.9268,803,1
1787,31.9966,32.0078,4096,235.8750,4,47.9268,804,1
1788,31.9966,32.0078,4096,235.8750,4,47.9268,805,1
1789,31.9966,32.0078,4096,235.8750,4,47.9268,806,1
1790,31.9966,32.0078,4096,235.8750,4,47.9268,807,1
1791,31.9966,32.0078,4096,235.8750,4,47.9268,808,1
1792,31.9966,32.0078,4096,235.8750,4,47.9268,808,1
1793,31.9966,32.0078,4096,235.8750,4,47.9268,809,1
1794,31.9966,32.0078,4096,235.8750,4,47.9268,810,1
1795,31.9966,32.0078,4096,235.8750,4,47.9268,811,1
1796,31.9966,32.0078,4096,235.8750,4,47.9268,811,1
1797,31.9966,32.0078,4096,235.8750,4,47.9268,811,1
1798,31.9966,32.0078,4096,235.8750,4,47.9268,811,1
1799,31.9966,32.0078,4096,235.8750,4,47.9268,812,1
1800,31.9966,32.0078,4096,235.8750,4,47.9268,812,1
1801,31.9966,32.0078,4096,235.8750,4,47.9268,813,1
1802,31.9966,32.0078,4096,235.8750,4,47.9268,813,1
1803,31.9966,32.0078,4096,235.8750,4,47.9268,813,1
1804,31.9966,32.0078,4096,235.8750,4,47.9268,813,1
1805,31.9966,32.0078,4096,235.8750,4,47.9268,814,1
1806,31.9966,32.0078,4096,235.8750,4,47.9268,814,1
1807,31.9966,32.0078,4096,235.8750,4,47.9268,815,1
1808,31.9966,32.0078,4096,235.8750,4,47.9268,816,1
1809,31.9966,32.0078,4096,235.8750,4,47.9268,816,1
1810,31.9966,32.0078,4096,235.8750,4,47.9268,816,1
1811,31.9966,32.0078,4096,235.8750,4,47.9268,816,1
1812,31.9966,32.0078,4096,235.8750,4,47.9268,816,1
1813,31.9966,32.0078,4096,235.8750,4,47.9268,817,1
1814,31.9966,32.0078,4096,235.8750,4,47.9268,817,1
1815,31.9966,32.0078,4096,235.8750,4,47.9268,817,1
1816,31.9966,32.0078,4096,235.8750,4,47.9268,817,1
1817,31.9966,32.0078,4096,235.8750,4,47.9268,817,1
1818,31.9966,32.0078,4096,235.8750,4,47.9268,818,1
1819,31.9966,32.0078,4096,235.8750,4,47.9268,819,1
1820,31.9966,32.0078,4096,235.8750,4,47.9268,820,1
1821,31.9966,32.0078,4096,235.8750,4,47.9268,820,1
1822,31.9966,32.0078,4096,235.8750,4,47.9268,821,1
1823,31.9966,32.0078,4096,235.8750,4,47.9268,822,1
1824,31.9966,32.0078,4096,235.8750,4,47.9268,823,1
1825,31.9966,32.0078,4096,235.8750,4,47.9268,824,1
1826,31.9966,32.0078,4096,235.8750,4,47.9268,825,1
1827,31.9966,32.0078,4096,235.8750,4,47.9268,826,1
1828,31.9966,32.0078,4096,235.8750,4,47.9268,826,1
1829,31.9966,32.0078,4096,235.8750,4,47.9268,826,1
1830,31.9966,32.0078,4096,235.8750,4,47.9268,826,1
1831,31.9966,32.0078,4096,235.8750,4,47.9268,827,1
1832,31.9966,32.0078,4096,235.8750,4,47.9268,827,1
1833,31.9966,32.0078,4096,235.8750,4,47.9268,827,1
1834,31.9966,32.0078,4096,235.8750,4,47.9268,828,1
1835,31.9966,32.0078,4096,235.8750,4,47.9268,828,1
1836,31.9966,32.0078,4096,235.8750,4,47.9268,829,1
1837,31.9966,32.0078,4096,235.8750,4,47.9268,829,1
1838,31.9966,32.0078,4096,235.8750,4,47.9268,830,1
1839,31.9966,32.0078,4096,235.8750,4,47.9268,831,1
1840,31.9966,32.0078,4096,235.8750,4,47.9268,832,1
1841,31.9966,32.0078,4096,235.8750,4,47.9268,833,1
1842,31.9966,32.0078,4096,235.8750,4,47.9268,834,1
1843,31.9966,32.0078,4096,235.8750,4,47.9268,834,1
1844,31.9966,32.0078,4096,235.8750,4,47.9268,834,1
1845,31.9966,32.0078,4096,235.8750,4,47.9268,834,1
1846,31.9966,32.0078,4096,235.8750,4,47.9268,835,1
1847,31.9966,32.0078,4096,235.8750,4,47.9268,835,1
1848,31.9966,32.0078,4096,235.8750,4,47.9268,836,1
1849,31.9966,32.0078,4096,235.8750,4,47.9268,837,1
1850,31.9966,32.0078,4096,235.8750,4,47.9268,837,1
1851,31.9966,32.0078,4096,235.8750,4,47.9268,838,1
1852,31.9966,32.0078,4096,235.8750,4,47.9268,838,1
1853,31.9966,32.0078,4096,235.8750,4,47.9268,839,1
1854,31.9966,32.0078,4096,235.8750,4,47.9268,840,1
1855,31.9966,32.0078,4096,235.8750,4,47.9268,840,1
1856,31.9966,32.0078,4096,235.8750,4,47.9268,840,1
1857,31.9966,32.0078,4096,235.8750,4,47.9268,840,1
1858,31.9966,32.0078,4096,235.8750,4,47.9268,840,1
1859,31.9966,32.0078,4096,235.8750,4,47.9268,840,1
1860,31.9966,32.0078,4096,235.8750,4,47.9268,841,1
1861,31.9966,32.0078,4096,235.8750,4,47.9268,842,1
1862,31.9966,32.0078,4096,235.8750,4,47.9268,843,1
1863,31.9966,32.0078,4096,235.8750,4,47.9268,844,1
1864,31.9966,32.0078,4096,235.8750,4,47.9268,844,1
1865,31.9966,32.0078,4096,235.8750,4,47.9268,845,1
1866,31.9966,32.0078,4096,235.8750,4,47.9268,846,1
1867,31.9966,32.0078,4096,235.8750,4,47.9268,846,1
1868,31.9966,32.0078,4096,235.8750,4,47.9268,846,1
1869,31.9966,32.0078,4096,235.8750,4,47.9268,847,1
1870,31.9966,32.0078,4096,235.8750,4,47.9268,848,1
1871,31.9966,32.0078,4096,235.8750,4,47.9268,849,1
1872,31.9966,32.0078,4096,235.8750,4,47.9268,850,1
1873,31.9966,32.0078,4096,235.8750,4,47.9268,850,1
1874,31.9966,32.0078,4096,235.8750,4,47.9268,850,1
1875,31.9966,32.0078,4096,235.8750,4,47.9268,850,1
1876,31.9966,32.0078,4096,235.8750,4,47.9268,850,1
1877,31.9966,32.0078,4096,235.8750,4,47.9268,851,1
1878,31.9966,32.0078,4096,235.8750,4,47.9268,852,1
1879,31.9966,32.0078,4096,235.8750,4,47.9268,853,1
1880,31.9966,32.0078,4096,235.8750,4,47.9268,853,1
1881,31.9966,32.0078,4096,235.8750,4,47.9268,853,1
1882,31.9966,32.0078,4096,235.8750,4,47.9268,853,1
1883,31.9966,32.0078,4096,235.8750,4,47.9268,853,1
1884,31.9966,32.0078,4096,235.8750,4,47.9268,854,1
1885,31.9966,32.0078,4096,235.8750,4,47.9268,855,1
1886,31.9966,32.0078,4096,235.8750,4,47.9268,855,1
1887,31.9966,32.0078,4096,235.8750,4,47.9268,855,1
1888,31.9966,32.0078,4096,235.8750,4,47.9268,855,1
1889,31.9966,32.0078,4096,235.8750,4,47.9268,856,1
1890,31.9966,32.0078,4096,235.8750,4,47.9268,856,1
1891,31.9966,32.0078,4096,235.8750,4,47.9268,856,1
1892,31.9966,32.0078,4096,235.8750,4,47.9268,856,1
1893,31.9966,32.0078,4096,235.8750,4,47.9268,856,1
1894,31.9966,32.0078,4096,235.8750,4,47.9268,857,1
1895,31.9966,32.0078,4096,235.8750,4,47.9268,857,1
1896,31.9966,32.0078,4096,235.8750,4,47.9268,858,1
1897,31.9966,32.0078,4096,235.8750,4,47.9268,858,1
1898,31.9966,32.0078,4096,235.8750,4,47.9268,859,1
1899,31.9966,32.0078,4096,235.8750,4,47.9268,859,1
1900,31.9966,32.0078,4096,235.8750,4,47.9268,859,1
1901,31.9966,32.0078,4096,235.8750,4,47.9268,859,1
1902,31.9966,32.0078,4096,235.8750,4,47.9268,860,1
1903,31.9966,32.0078,4096,235.8750,4,47.9268,860,1
1904,31.9966,32.0078,4096,235.8750,4,47.9268,861,1
1905,31.9966,32.0078,4096,235.8750,4,47.9268,862,1
1906,31.9966,32.0078,4096,235.8750,4,47.9268,863,1
1907,31.9966,32.0078,4096,235.8750,4,47.9268,863,1
1908,31.9966,32.0078,4096,235.8750,4,47.9268,864,1
1909,31.9966,32.0078,4096,235.8750,4,47.9268,864,1
1910,31.9966,32.0078,4096,235.8750,4,47.9268,865,1
1911,31.9966,32.0078,4096,235.8750,4,47.9268,865,1
1912,31.9966,32.0078,4096,235.8750,4,47.9268,865,1
1913,31.9966,32.0078,4096,235.8750,4,47.9268,865,1
1914,31.9966,32.0078,4096,235.8750,4,47.9268,865,1
1915,31.9966,32.0078,4096,235.8750,4,47.9268,865,1
1916,31.9966,32.0078,4096,235.8750,4,47.9268,866,1
1917,31.9966,32.0078,4096,235.8750,4,47.9268,867,1
1918,31.9966,32.0078,4096,235.8750,4,47.9268,868,1
1919,31.9966,32.0078,4096,235.8750,4,47.9268,868,1
1920,31.9966,32.0078,4096,235.8750,4,47.9268,869,1
1921,31.9966,32.0078,4096,235.8750,4,47.9268,869,1
1922,31.9966,32.0078,4096,235.8750,4,47.9268,869,1
1923,31.9966,32.0078,4096,235.8750,4,47.9268,869,1
1924,31.9966,32.0078,4096,235.8750,4,47.9268,869,1
1925,31.9966,32.0078,4096,235.8750,4,47.9268,869,1
1926,31.9966,32.0078,4096,235.8750,4,47.9268,869,1
1927,31.9966,32.0078,4096,235.8750,4,47.9268,869,1
1928,31.9966,32.0078,4096,235.8750,4,47.9268,869,1
1929,31.9966,32.0078,4096,235.8750,4,47.9268,870,1
1930,31.9966,32.0078,4096,235.8750,4,47.9268,870,1
1931,31.9966,32.0078,4096,235.8750,4,47.9268,870,1
1932,31.9966,32.0078,4096,235.8750,4,47.9268,871,1
1933,31.9966,32.0078,4096,235.8750,4,47.9268,871,1
1934,31.9966,32.0078,4096,235.8750,4,47.9268,871,1
1935,31.9966,32.0078,4096,235.8750,4,47.9268,872,1
1936,31.9966,32.0078,4096,235.8750,4,47.9268,873,1
1937,31.9966,32.0078,4096,235.8750,4,47.9268,873,1
1938,31.9966,32.0078,4096,235.8750,4,47.9268,873,1
1939,31.9966,32.0078,4096,235.8750,4,47.9268,873,1
1940,31.9966,32.0078,4096,235.8750,4,47.9268,874,1
1941,31.9966,32.0078,4096,235.8750,4,47.9268,875,1
1942,31.9966,32.0078,4096,235.8750,4,47.9268,876,1
1943,31.9966,32.0078,4096,235.8750,4,47.9268,877,1
1944,31.9966,32.0078,4096,235.8750,4,47.9268,878,1
1945,31.9966,32.0078,4096,235.8750,4,47.9268,878,1
1946,31.9966,32.0078,4096,235.8750,4,47.9268,878,1
1947,31.9966,32.0078,4096,235.8750,4,47.9268,879,1
1948,31.9966,32.0078,4096,235.8750,4,47.9268,879,1
1949,31.9966,32.0078,4096,235.8750,4,47.9268,879,1
1950,31.9966,32.0078,4096,235.8750,4,47.9268,879,1
1951,31.9966,32.0078,4096,235.8750,4,47.9268,880,1
1952,31.9966,32.0078,4096,235.8750,4,47.9268,881,1
1953,31.9966,32.0078,4096,235.8750,4,47.9268,881,1
1954,31.9966,32.0078,4096,235.8750,4,47.9268,881,1
1955,31.9966,32.0078,4096,235.8750,4,47.9268,882,1
1956,31.9966,32.0078,4096,235.8750,4,47.9268,882,1
1957,31.9966,32.0078,4096,235.8750,4,47.9268,883,1
1958,31.9966,32.0078,4096,235.8750,4,47.9268,884,1
1959,31.9966,32.0078,4096,235.8750,4,47.9268,885,1
1960,31.9966,32.0078,4096,235.8750,4,47.9268,885,1
1961,31.9966,32.0078,4096,235.8750,4,47.9268,886,1
1962,31.9966,32.0078,4096,235.8750,4,47.9268,887,1
1963,31.9966,32.0078,4096,235.8750,4,47.9268,888,1
1964,31.9966,32.0078,4096,235.8750,4,47.9268,889,1
1965,31.9966,32.0078,4096,235.8750,4,47.9268,890,1
1966,31.9966,32.0078,4096,235.8750,4,47.9268,891,1
1967,31.9966,32.0078,4096,235.8750,4,47.9268,892,1
1968,31.9966,32.0078,4096,235.8750,4,47.9268,892,1
1969,31.9966,32.0078,4096,235.8750,4,47.9268,893,1
1970,31.9966,32.0078,4096,235.8750,4,47.9268,893,1
1971,31.9966,32.0078,4096,235.8750,4,47.9268,894,1
1972,31.9966,32.0078,4096,235.8750,4,47.9268,895,1
1973,31.9966,32.0078,4096,235.8750,4,47.9268,895,1
1974,31.9966,32.0078,4096,235.8750,4,47.9268,896,1
1975,31.9966,32.0078,4096,235.8750,4,47.9268,897,1
1976,31.9966,32.0078,4096,235.8750,4,47.9268,897,1
1977,31.9966,32.0078,4096,235.8750,4,47.9268,898,1
1978,31.9966,32.0078,4096,235.8750,4,47.9268,899,1
1979,31.9966,32.0078,4096,235.8750,4,47.9268,899,1
1980,31.9966,32.0078,4096,235.8750,4,47.9268,900,1
1981,31.9966,32.0078,4096,235.8750,4,47.9268,900,1
1982,31.9966,32.0078,4096,235.8750,4,47.9268,900,1
1983,31.9966,32.0078,4096,235.8750,4,47.9268,900,1
1984,31.9966,32.0078,4096,235.8750,4,47.9268,900,1
1985,31.9966,32.0078,4096,235.8750,4,47.9268,901,1
1986,31.9966,32.0078,4096,235.8750,4,47.9268,902,1
1987,31.9966,32.0078,4096,235.8750,4,47.9268,902,1
1988,31.9966,32.0078,4096,235.8750,4,47.9268,902,1
1989,31.9966,32.0078,4096,235.8750,4,47.9268,902,1
1990,31.9966,32.0078,4096,235.8750,4,47.9268,903,1
1991,31.9966,32.0078,4096,235.8750,4,47.9268,904,1
1992,31.9966,32.0078,4096,235.8750,4,47.9268,904,1
1993,31.9966,32.0078,4096,235.8750,4,47.9268,904,1
1994,31.9966,32.0078,4096,235.8750,4,47.9268,905,1
1995,31.9966,32.0078,4096,235.8750,4,47.9268,905,1
1996,31.9966,32.0078,4096,235.8750,4,47.9268,906,1
1997,31.9966,32.0078,4096,235.8750,4,47.9268,906,1
1998,31.9966,32.0078,4096,235.8750,4,47.9268,907,1
1999,31.9966,32.0078,4096,235.8750,4,47.9268,908,1
2000,31.9966,32.0078,4096,235.8750,4,47.9268,909,1
2001,31.9966,32.0078,4096,235.8750,4,47.9268,909,1
2002,31.9966,32.0078,4096,235.8750,4,47.9268,909,1
2003,31.9966,32.0078,4096,235.8750,4,47.9268,909,1
2004,31.9966,32.0078,4096,235.8750,4,47.9268,910,1
2005,31.9966,32.0078,4096,235.8750,4,47.9268,911,1
2006,31.9966,32.0078,4096,235.8750,4,47.9268,911,1
2007,31.9966,32.0078,4096,235.8750,4,47.9268,912,1
2008,31.9966,32.0078,4096,235.8750,4,47.9268,913,1
2009,31.9966,32.0078,4096,235.8750,4,47.9268,913,1
2010,31.9966,32.0078,4096,235.8750,4,47.9268,914,1
2011,31.9966,32.0078,4096,235.8750,4,47.9268,915,1
2012,31.9966,32.0078,4096,235.8750,4,47.9268,915,1
2013,31.9966,32.0078,4096,235.8750,4,47.9268,916,1
2014,31.9966,32.0078,4096,235.8750,4,47.9268,917,1
2015,31.9966,32.0078,4096,235.8750,4,47.9268,917,1
2016,31.9966,32.0078,4096,235.8750,4,47.9268,918,1
2017,31.9966,32.0078,4096,235.8750,4,47.9268,918,1
2018,31.9966,32.0078,4096,235.8750,4,47.9268,919,1
2019,31.9966,32.0078,4096,235.8750,4,47.9268,919,1
2020,31.9966,32.0078,4096,235.8750,4,47.9268,919,1
2021,31.9966,32.0078,4096,235.8750,4,47.9268,919,1
2022,31.9966,32.0078,4096,235.8750,4,47.9268,919,1
2023,31.9966,32.0078,4096,235.8750,4,47.9268,920,1
2024,31.9966,32.0078,4096,235.8750,4,47.9268,921,1
2025,31.9966,32.0078,4096,235.8750,4,47.9268,921,1
2026,31.9966,32.0078,4096,235.8750,4,47.9268,922,1
2027,31.9966,32.0078,4096,235.8750,4,47.9268,923,1
2028,31.9966,32.0078,4096,235.8750,4,47.9268,923,1
2029,31.9966,32.0078,4096,235.8750,4,47.9268,923,1
2030,31.9966,32.0078,4096,235.8750,4,47.9268,924,1
2031,31.9966,32.0078,4096,235.8750,4,47.9268,925,1
2032,31.9966,32.0078,4096,235.8750,4,47.9268,925,1
2033,31.9966,32.0078,4096,235.8750,4,47.9268,926,1
2034,31.9966,32.0078,4096,235.8750,4,47.9268,926,1
2035,31.9966,32.0078,4096,235.8750,4,47.9268,926,1
2036,31.9966,32.0078,4096,235.8750,4,47.9268,926,1
2037,31.9966,32.0078,4096,235.8750,4,47.9268,926,1
2038,31.9966,32.0078,4096,235.8750,4,47.9268,926,1
2039,31.9966,32.0078,4096,235.8750,4,47.9268,926,1
2040,31.9966,32.0078,4096,235.8750,4,47.9268,927,1
2041,31.9966,32.0078,4096,235.8750,4,47.9268,928,1
2042,31.9966,32.0078,4096,235.8750,4,47.9268,928,1
2043,31.9966,32.0078,4096,235.8750,4,47.9268,929,1
2044,31.9966,32.0078,4096,235.8750,4,47.9268,929,1
2045,31.9966,32.0078,4096,235.8750,4,47.9268,930,1
2046,31.9966,32.0078,4096,235.8750,4,47.9268,931,1
2047,31.9966,32.0078,4096,235.8750,4,47.9268,931,1
2048,31.9966,32.0078,4096,235.8750,4,47.9268,931,1
2049,31.9966,32.0078,4096,235.8750,4,47.9268,931,1
2050,31.9966,32.0078,4096,235.8750,4,47.9268,932,1
2051,31.9966,32.0078,4096,235.8750,4,47.9268,932,1
2052,31.9966,32.0078,4096,235.8750,4,47.9268,932,1
2053,31.9966,32.0078,4096,235.8750,4,47.9268,932,1
2054,31.9966,32.0078,4096,235.8750,4,47.9268,932,1
2055,31.9966,32.0078,4096,235.8750,4,47.9268,932,1
2056,31.9966,32.0078,4096,235.8750,4,47.9268,933,1
2057,31.9966,32.0078,4096,235.8750,4,47.9268,934,1
2058,31.9966,32.0078,4096,235.8750,4,47.9268,935,1
2059,31.9966,32.0078,4096,235.8750,4,47.9268,936,1
2060,31.9966,32.0078,4096,235.8750,4,47.9268,936,1
2061,31.9966,32.0078,4096,235.8750,4,47.9268,936,1
2062,31.9966,32.0078,4096,235.8750,4,47.9268,936,1
2063,31.9966,32.0078,4096,235.8750,4,47.9268,936,1
2064,31.9966,32.0078,4096,235.8750,4,47.9268,937,1
2065,31.9966,32.0078,4096,235.8750,4,47.9268,938,1
2066,31.9966,32.0078,4096,235.8750,4,47.9268,938,1
2067,31.9966,32.0078,4096,235.8750,4,47.9268,938,1
2068,31.9966,32.0078,4096,235.8750,4,47.9268,938,1
2069,31.9966,32.0078,4096,235.8750,4,47.9268,938,1
2070,31.9966,32.0078,4096,235.8750,4,47.9268,938,1
2071,31.9966,32.0078,4096,235.8750,4,47.9268,938,1
2072,31.9966,32.0078,4096,235.8750,4,47.9268,939,1
2073,31.9966,32.0078,4096,235.8750,4,47.9268,939,1
2074,31.9966,32.0078,4096,235.8750,4,47.9268,939,1
2075,31.9966,32.0078,4096,235.8750,4,47.9268,939,1
2076,31.9966,32.0078,4096,235.8750,4,47.9268,940,1
2077,31.9966,32.0078,4096,235.8750,4,47.9268,941,1
2078,31.9966,32.0078,4096,235.8750,4,47.9268,942,1
2079,31.9966,32.0078,4096,235.8750,4,47.9268,942,1
2080,31.9966,32.0078,4096,235.8750,4,47.9268,943,1
2081,31.9966,32.0078,4096,235.8750,4,47.9268,943,1
2082,31.9966,32.0078,4096,235.8750,4,47.9268,944,1
2083,31.9966,32.0078,4096,235.8750,4,47.9268,944,1
2084,31.9966,32.0078,4096,235.8750,4,47.9268,944,1
2085,31.9966,32.0078,4096,235.8750,4,47.9268,945,1
2086,31.9966,32.0078,4096,235.8750,4,47.9268,946,1
2087,31.9966,32.0078,4096,235.8750,4,47.9268,946,1
2088,31.9966,32.0078,4096,235.8750,4,47.9268,947,1
2089,31.9966,32.0078,4096,235.8750,4,47.9268,947,1
2090,31.9966,32.0078,4096,235.8750,4,47.9268,947,1
2091,31.9966,32.0078,4096,235.8750,4,47.9268,947,1
2092,31.9966,32.0078,4096,235.8750,4,47.9268,948,1
2093,31.9966,32.0078,4096,235.8750,4,47.9268,948,1
2094,31.9966,32.0078,4096,235.8750,4,47.9268,949,1
2095,31.9966,32.0078,4096,235.8750,4,47.9268,950,1
2096,31.9966,32.0078,4096,235.8750,4,47.9268,950,1
2097,31.9966,32.0078,4096,235.8750,4,47.9268,950,1
2098,31.9966,32.0078,4096,235.8750,4,47.9268,950,1
2099,31.9966,32.0078,4096,235.8750,4,47.9268,950,1
2100,31.9966,32.0078,4096,235.8750,4,47.9268,950,1
2101,31.9966,32.0078,4096,235.8750,4,47.9268,950,1
2102,31.9966,32.0078,4096,235.8750,4,47.9268,950,1
2103,31.9966,32.0078,4096,235.8750,4,47.9268,950,1
2104,31.9966,32.0078,4096,235.8750,4,47.9268,950,1
2105,31.9966,32.0078,4096,235.8750,4,47.9268,950,1
2106,31.9966,32.0078,4096,235.8750,4,47.9268,951,1
2107,31.9966,32.0078,4096,235.8750,4,47.9268,952,1
2108,31.9966,32.0078,4096,235.8750,4,47.9268,953,1
2109,31.9966,32.0078,4096,235.8750,4,47.9268,954,1
2110,31.9966,32.0078,4096,235.8750,4,47.9268,955,1
2111,31.9966,32.0078,4096,235.8750,4,47.9268,955,1
2112,31.9966,32.0078,4096,235.8750,4,47.9268,956,1
2113,31.9966,32.0078,4096,235.8750,4,47.9268,957,1
2114,31.9966,32.0078,4096,235.8750,4,47.9268,957,1
2115,31.9966,32.0078,4096,235.8750,4,47.9268,957,1
2116,31.9966,32.0078,4096,235.8750,4,47.9268,957,1
2117,31.9966,32.0078,4096,235.8750,4,47.9268,957,1
2118,31.9966,32.0078,4096,235.8750,4,47.9268,957,1
2119,31.9966,32.0078,4096,235.8750,4,47.9268,957,1
2120,31.9966,32.0078,4096,235.8750,4,47.9268,957,1
2121,31.9966,32.0078,4096,235.8750,4,47.9268,957,1
2122,31.9966,32.0078,4096,235.8750,4,47.9268,958,1
2123,31.9966,32.0078,4096,235.8750,4,47.9268,958,1
2124,31.9966,32.0078,4096,235.8750,4,47.9268,958,1
2125,31.9966,32.0078,4096,235.8750,4,47.9268,958,1
2126,31.9966,32.0078,4096,235.8750,4,47.9268,958,1
2127,31.9966,32.0078,4096,235.8750,4,47.9268,958,1
2128,31.9966,32.0078,4096,235.8750,4,47.9268,959,1
2129,31.9966,32.0078,4096,235.8750,4,47.9268,960,1
2130,31.9966,32.0078,4096,235.8750,4,47.9268,961,1
2131,31.9966,32.0078,4096,235.8750,4,47.9268,962,1
2132,31.9966,32.0078,4096,235.8750,4,47.9268,963,1
2133,31.9966,32.0078,4096,235.8750,4,47.9268,963,1
2134,31.9966,32.0078,4096,235.8750,4,47.9268,963,1
2135,31.9966,32.0078,4096,235.8750,4,47.9268,964,1
2136,31.9966,32.0078,4096,235.8750,4,47.9268,964,1
2137,31.9966,32.0078,4096,235.8750,4,47.9268,964,1
2138,31.9966,32.0078,4096,235.8750,4,47.9268,964,1
2139,31.9966,32.0078,4096,235.8750,4,47.9268,965,1
2140,31.9966,32.0078,4096,235.8750,4,47.9268,965,1
2141,31.9966,32.0078,4096,235.8750,4,47.9268,966,1
2142,31.9966,32.0078,4096,235.8750,4,47.9268,967,1
2143,31.9966,32.0078,4096,235.8750,4,47.9268,967,1
2144,31.9966,32.0078,4096,235.8750,4,47.9268,967,1
2145,31.9966,32.0078,4096,235.8750,4,47.9268,968,1
2146,31.9966,32.0078,4096,235.8750,4,47.9268,969,1
2147,31.9966,32.0078,4096,235.8750,4,47.9268,969,1
2148,31.9966,32.0078,4096,235.8750,4,47.9268,970,1
2149,31.9966,32.0078,4096,235.8750,4,47.9268,971,1
2150,31.9966,32.0078,4096,235.8750,4,47.9268,971,1
2151,31.9966,32.0078,4096,235.8750,4,47.9268,972,1
2152,31.9966,32.0078,4096,235.8750,4,47.9268,973,1
2153,31.9966,32.0078,4096,235.8750,4,47.9268,973,1
2154,31.9966,32.0078,4096,235.8750,4,47.9268,974,1
2155,31.9966,32.0078,4096,235.8750,4,47.9268,975,1
2156,31.9966,32.0078,4096,235.8750,4,47.9268,976,1
2157,31.9966,32.0078,4096,235.8750,4,47.9268,976,1
2158,31.9966,32.0078,4096,235.8750,4,47.9268,977,1
2159,31.9966,32.0078,4096,235.8750,4,47.9268,978,1
2160,31.9966,32.0078,4096,235.8750,4,47.9268,978,1
2161,31.9966,32.0078,4096,235.8750,4,47.9268,978,1
2162,31.9966,32.0078,4096,235.8750,4,47.9268,979,1
2163,31.9966,32.0078,4096,235.8750,4,47.9268,979,1
2164,31.9966,32.0078,4096,235.8750,4,47.9268,980,1
2165,31.9966,32.0078,4096,235.8750,4,47.9268,980,1
2166,31.9966,32.0078,4096,235.8750,4,47.9268,980,1
2167,31.9966,32.0078,4096,235.8750,4,47.9268,980,1
2168,31.9966,32.0078,4096,235.8750,4,47.9268,980,1
2169,31.9966,32.0078,4096,235.8750,4,47.9268,980,1
2170,31.9966,32.0078,4096,235.8750,4,47.9268,980,1
2171,31.9966,32.0078,4096,235.8750,4,47.9268,981,1
2172,31.9966,32.0078,4096,235.8750,4,47.9268,981,1
2173,31.9966,32.0078,4096,235.8750,4,47.9268,982,1
2174,31.9966,32.0078,4096,235.8750,4,47.9268,982,1
2175,31.9966,32.0078,4096,235.8750,4,47.9268,982,1
2176,31.9966,32.0078,4096,235.8750,4,47.9268,982,1
2177,31.9966,32.0078,4096,235.8750,4,47.9268,983,1
2178,31.9966,32.0078,4096,235.8750,4,47.9268,983,1
2179,31.9966,32.0078,4096,235.8750,4,47.9268,983,1
2180,31.9966,32.0078,4096,235.8750,4,47.9268,984,1
2181,31.9966,32.0078,4096,235.8750,4,47.9268,985,1
2182,31.9966,32.0078,4096,235.8750,4,47.9268,985,1
2183,31.9966,32.0078,4096,235.8750,4,47.9268,985,1
2184,31.9966,32.0078,4096,235.8750,4,47.9268,985,1
2185,31.9966,32.0078,4096,235.8750,4,47.9268,986,1
2186,31.9966,32.0078,4096,235.8750,4,47.9268,987,1
2187,31.9966,32.0078,4096,235.8750,4,47.9268,987,1
2188,31.9966,32.0078,4096,235.8750,4,47.9268,987,1
2189,31.9966,32.0078,4096,235.8750,4,47.9268,987,1
2190,31.9966,32.0078,4096,235.8750,4,47.9268,988,1
2191,31.9966,32.0078,4096,235.8750,4,47.9268,989,1
2192,31.9966,32.0078,4096,235.8750,4,47.9268,990,1
2193,31.9966,32.0078,4096,235.8750,4,47.9268,991,1
2194,31.9966,32.0078,4096,235.8750,4,47.9268,992,1
2195,31.9966,32.0078,4096,235.8750,4,47.9268,993,1
2196,31.9966,32.0078,4096,235.8750,4,47.9268,993,1
2197,31.9966,32.0078,4096,235.8750,4,47.9268,993,1
2198,31.9966,32.0078,4096,235.8750,4,47.9268,994,1
2199,31.9966,32.0078,4096,235.8750,4,47.9268,994,1
2200,31.9966,32.0078,4096,235.8750,4,47.9268,995,1
2201,31.9966,32.0078,4096,235.8750,4,47.9268,996,1
2202,31.9966,32.0078,4096,235.8750,4,47.9268,996,1
2203,31.9966,32.0078,4096,235.8750,4,47.9268,997,1
2204,31.9966,32.0078,4096,235.8750,4,47.9268,997,1
2205,31.9966,32.0078,4096,235.8750,4,47.9268,998,1
2206,31.9966,32.0078,4096,235.8750,4,47.9268,998,1
2207,31.9966,32.0078,4096,235.8750,4,47.9268,999,1
2208,31.9966,32.0078,4096,235.8750,4,47.9268,1000,1
2209,31.9966,32.0078,4096,235.8750,4,47.9268,1001,1
2210,31.9966,32.0078,4096,235.8750,4,47.9268,1002,1
2211,31.9966,32.0078,4096,235.8750,4,47.9268,1003,1
2212,31.9966,32.0078,4096,235.8750,4,47.9268,1003,1
2213,31.9966,32.0078,4096,235.8750,4,47.9268,1004,1
2214,31.9966,32.0078,4096,235.8750,4,47.9268,1005,1
2215,31.9966,32.0078,4096,235.8750,4,47.9268,1005,1
2216,31.9966,32.0078,4096,235.8750,4,47.9268,1005,1
2217,31.9966,32.0078,4096,235.8750,4,47.9268,1006,1
2218,31.9966,32.0078,4096,235.8750,4,47.9268,1007,1
2219,31.9966,32.0078,4096,235.8750,4,47.9268,1007,1
2220,31.9966,32.0078,4096,235.8750,4,47.9268,1007,1
2221,31.9966,32.0078,4096,235.8750,4,47.9268,1007,1
2222,31.9966,32.0078,4096,235.8750,4,47.9268,1007,1
2223,31.9966,32.0078,4096,235.8750,4,47.9268,1008,1
2224,31.9966,32.0078,4096,235.8750,4,47.9268,1009,1
2225,31.9966,32.0078,4096,235.8750,4,47.9268,1010,1
2226,31.9966,32.0078,4096,235.8750,4,47.9268,1010,1
2227,31.9966,32.0078,4096,235.8750,4,47.9268,1010,1
2228,31.9966,32.0078,4096,235.8750,4,47.9268,1010,1
2229,31.9966,32.0078,4096,235.8750,4,47.9268,1010,1
2230,31.9966,32.0078,4096,235.8750,4,47.9268,1010,1
2231,31.9966,32.0078,4096,235.8750,4,47.9268,1010,1
2232,31.9966,32.0078,4096,235.8750,4,47.9268,1011,1
2233,31.9966,32.0078,4096,235.8750,4,47.9268,1011,1
2234,31.9966,32.0078,4096,235.8750,4,47.9268,1012,1
2235,31.9966,32.0078,4096,235.8750,4,47.9268,1013,1
2236,31.9966,32.0078,4096,235.8750,4,47.9268,1013,1
2237,31.9966,32.0078,4096,235.8750,4,47.9268,1013,1
2238,31.9966,32.0078,4096,235.8750,4,47.9268,1014,1
2239,31.9966,32.0078,4096,235.8750,4,47.9268,1014,1
2240,31.9966,32.0078,4096,235.8750,4,47.9268,1014,1
2241,31.9966,32.0078,4096,235.8750,4,47.9268,1015,1
2242,31.9966,32.0078,4096,235.8750,4,47.9268,1015,1
2243,31.9966,32.0078,4096,235.8750,4,47.9268,1016,1
2244,31.9966,32.0078,4096,235.8750,4,47.9268,1017,1
2245,31.9966,32.0078,4096,235.8750,4,47.9268,1018,1
2246,31.9966,32.0078,4096,235.8750,4,47.9268,1019,1
2247,31.9966,32.0078,4096,235.8750,4,47.9268,1019,1
2248,31.9966,32.0078,4096,235.8750,4,47.9268,1020,1
2249,31.9966,32.0078,4096,235.8750,4,47.9268,1020,1
2250,31.9966,32.0078,4096,235.8750,4,47.9268,1021,1
2251,31.9966,32.0078,4096,235.8750,4,47.9268,1021,1
2252,31.9966,32.0078,4096,235.8750,4,47.9268,1021,1
2253,31.9966,32.0078,4096,235.8750,4,47.9268,1021,1
2254,31.9966,32.0078,4096,235.8750,4,47.9268,1021,1
2255,31.9966,32.0078,4096,235.8750,4,47.9268,1021,1
2256,31.9966,32.0078,4096,235.8750,4,47.9268,1022,1
2257,31.9966,32.0078,4096,235.8750,4,47.9268,1023,1
2258,31.9966,32.0078,4096,235.8750,4,47.9268,1023,1
2259,31.9966,32.0078,4096,235.8750,4,47.9268,1024,1
2260,31.9966,32.0078,4096,235.8750,4,47.9268,1024,1
2261,31.9966,32.0078,4096,235.8750,4,47.9268,1025,1
2262,31.9966,32.0078,4096,235.8750,4,47.9268,1026,1
2263,31.9966,32.0078,4096,235.8750,4,47.9268,1026,1
2264,31.9966,32.0078,4096,235.8750,4,47.9268,1026,1
2265,31.9966,32.0078,4096,235.8750,4,47.9268,1026,1
2266,31.9966,32.0078,4096,235.8750,4,47.9268,1026,1
2267,31.9966,32.0078,4096,235.8750,4,47.9268,1027,1
2268,31.9966,32.0078,4096,235.8750,4,47.9268,1028,1
2269,31.9966,32.0078,4096,235.8750,4,47.9268,1028,1
2270,31.9966,32.0078,4096,235.8750,4,47.9268,1028,1
2271,31.9966,32.0078,4096,235.8750,4,47.9268,1029,1
2272,31.9966,32.0078,4096,235.8750,4,47.9268,1030,1
2273,31.9966,32.0078,4096,235.8750,4,47.9268,1030,1
2274,31.9966,32.0078,4096,235.8750,4,47.9268,1031,1
2275,31.9966,32.0078,4096,235.8750,4,47.9268,1031,1
2276,31.9966,32.0078,4096,235.8750,4,47.9268,1031,1
2277,31.9966,32.0078,4096,235.8750,4,47.9268,1031,1
2278,31.9966,32.0078,4096,235.8750,4,47.9268,1032,1
2279,31.9966,32.0078,4096,235.8750,4,47.9268,1033,1
2280,31.9966,32.0078,4096,235.8750,4,47.9268,1034,1
2281,31.9966,32.0078,4096,235.8750,4,47.9268,1035,1
2282,31.9966,32.0078,4096,235.8750,4,47.9268,1036,1
2283,31.9966,32.0078,4096,235.8750,4,47.9268,1036,1
2284,31.9966,32.0078,4096,235.8750,4,47.9268,1036,1
2285,31.9966,32.0078,4096,235.8750,4,47.9268,1037,1
2286,31.9966,32.0078,4096,235.8750,4,47.9268,1037,1
2287,31.9966,32.0078,4096,235.8750,4,47.9268,1037,1
2288,31.9966,32.0078,4096,235.8750,4,47.9268,1037,1
2289,31.9966,32.0078,4096,235.8750,4,47.9268,1037,1
2290,31.9966,32.0078,4096,235.8750,4,47.9268,1037,1
2291,31.9966,32.0078,4096,235.8750,4,47.9268,1038,1
2292,31.9966,32.0078,4096,235.8750,4,47.9268,1039,1
2293,31.9966,32.0078,4096,235.8750,4,47.9268,1039,1
2294,31.9966,32.0078,4096,235.8750,4,47.9268,1040,1
2295,31.9966,32.0078,4096,235.8750,4,47.9268,1041,1
2296,31.9966,32.0078,4096,235.8750,4,47.9268,1041,1
2297,31.9966,32.0078,4096,235.8750,4,47.9268,1041,1
2298,31.9966,32.0078,4096,235.8750,4,47.9268,1042,1
2299,31.9966,32.0078,4096,235.8750,4,47.9268,1042,1
2300,31.9966,32.0078,4096,235.8750,4,47.9268,1042,1
2301,31.9966,32.0078,4096,235.8750,4,47.9268,1042,1
2302,31.9966,32.0078,4096,235.8750,4,47.9268,1043,1
2303,31.9966,32.0078,4096,235.8750,4,47.9268,1043,1
2304,31.9966,32.0078,4096,235.8750,4,47.9268,1044,1
2305,31.9966,32.0078,4096,235.8750,4,47.9268,1044,1
2306,31.9966,32.0078,4096,235.8750,4,47.9268,1045,1
2307,31.9966,32.0078,4096,235.8750,4,47.9268,1045,1
2308,31.9966,32.0078,4096,235.8750,4,47.9268,1045,1
2309,31.9966,32.0078,4096,235.8750,4,47.9268,1045,1
2310,31.9966,32.0078,4096,235.8750,4,47.9268,1045,1
2311,31.9966,32.0078,4096,235.8750,4,47.9268,1045,1
2312,31.9966,32.0078,4096,235.8750,4,47.9268,1046,1
2313,31.9966,32.0078,4096,235.8750,4,47.9268,1046,1
2314,31.9966,32.0078,4096,235.8750,4,47.9268,1046,1
2315,31.9966,32.0078,4096,235.8750,4,47.9268,1046,1
2316,31.9966,32.0078,4096,235.8750,4,47.9268,1046,1
2317,31.9966,32.0078,4096,235.8750,4,47.9268,1047,1
2318,31.9966,32.0078,4096,235.8750,4,47.9268,1048,1
2319,31.9966,32.0078,4096,235.8750,4,47.9268,1048,1
2320,31.9966,32.0078,4096,235.8750,4,47.9268,1048,1
2321,31.9966,32.0078,4096,235.8750,4,47.9268,1049,1
2322,31.9966,32.0078,4096,235.8750,4,47.9268,1049,1
2323,31.9966,32.0078,4096,235.8750,4,47.9268,1049,1
2324,31.9966,32.0078,4096,235.8750,4,47.9268,1049,1
2325,31.9966,32.0078,4096,235.8750,4,47.9268,1049,1
2326,31.9966,32.0078,4096,235.8750,4,47.9268,1050,1
2327,31.9966,32.0078,4096,235.8750,4,47.9268,1050,1
2328,31.9966,32.0078,4096,235.8750,4,47.9268,1051,1
2329,31.9966,32.0078,4096,235.8750,4,47.9268,1051,1
2330,31.9966,32.0078,4096,235.8750,4,47.9268,1051,1
2331,31.9966,32.0078,4096,235.8750,4,47.9268,1051,1
2332,31.9966,32.0078,4096,235.8750,4,47.9268,1051,1
2333,31.9966,32.0078,4096,235.8750,4,47.9268,1052,1
2334,31.9966,32.0078,4096,235.8750,4,47.9268,1053,1
2335,31.9966,32.0078,4096,235.8750,4,47.9268,1053,1
2336,31.9966,32.0078,4096,235.8750,4,47.9268,1053,1
2337,31.9966,32.0078,4096,235.8750,4,47.9268,1053,1
2338,31.9966,32.0078,4096,235.8750,4,47.9268,1054,1
2339,31.9966,32.0078,4096,235.8750,4,47.9268,1055,1
2340,31.9966,32.0078,4096,235.8750,4,47.9268,1055,1
2341,31.9966,32.0078,4096,235.8750,4,47.9268,1055,1
2342,31.9966,32.0078,4096,235.8750,4,47.9268,1055,1
2343,31.9966,32.0078,4096,235.8750,4,47.9268,1055,1
2344,31.9966,32.0078,4096,235.8750,4,47.9268,1055,1
2345,31.9966,32.0078,4096,235.8750,4,47.9268,1055,1
2346,31.9966,32.0078,4096,235.8750,4,47.9268,1055,1
2347,31.9966,32.0078,4096,235.8750,4,47.9268,1056,1
2348,31.9966,32.0078,4096,235.8750,4,47.9268,1056,1
2349,31.9966,32.0078,4096,235.8750,4,47.9268,1057,1
2350,31.9966,32.0078,4096,235.8750,4,47.9268,1057,1
2351,31.9966,32.0078,4096,235.8750,4,47.9268,1057,1
2352,31.9966,32.0078,4096,235.8750,4,47.9268,1057,1
2353,31.9966,32.0078,4096,235.8750,4,47.9268,1058,1
2354,31.9966,32.0078,4096,235.8750,4,47.9268,1058,1
2355,31.9966,32.0078,4096,235.8750,4,47.9268,1058,1
2356,31.9966,32.0078,4096,235.8750,4,47.9268,1058,1
2357,31.9966,32.0078,4096,235.8750,4,47.9268,1058,1
2358,31.9966,32.0078,4096,235.8750,4,47.9268,1059,1
2359,31.9966,32.0078,4096,235.8750,4,47.9268,1059,1
2360,31.9966,32.0078,4096,235.8750,4,47.9268,1059,1
2361,31.9966,32.0078,4096,235.8750,4,47.9268,1060,1
2362,31.9966,32.0078,4096,235.8750,4,47.9268,1060,1
2363,31.9966,32.0078,4096,235.8750,4,47.9268,1060,1
2364,31.9966,32.0078,4096,235.8750,4,47.9268,1061,1
2365,31.9966,32.0078,4096,235.8750,4,47.9268,1062,1
2366,31.9966,32.0078,4096,235.8750,4,47.9268,1063,1
2367,31.9966,32.0078,4096,235.8750,4,47.9268,1063,1
2368,31.9966,32.0078,4096,235.8750,4,47.9268,1064,1
2369,31.9966,32.0078,4096,235.8750,4,47.9268,1064,1
2370,31.9966,32.0078,4096,235.8750,4,47.9268,1064,1
2371,31.9966,32.0078,4096,235.8750,4,47.9268,1064,1
2372,31.9966,32.0078,4096,235.8750,4,47.9268,1065,1
2373,31.9966,32.0078,4096,235.8750,4,47.9268,1066,1
2374,31.9966,32.0078,4096,235.8750,4,47.9268,1067,1
2375,31.9966,32.0078,4096,235.8750,4,47.9268,1067,1
2376,31.9966,32.0078,4096,235.8750,4,47.9268,1067,1
2377,31.9966,32.0078,4096,235.8750,4,47.9268,1068,1
2378,31.9966,32.0078,4096,235.8750,4,47.9268,1068,1
2379,31.9966,32.0078,4096,235.8750,4,47.9268,1068,1
2380,31.9966,32.0078,4096,235.8750,4,47.9268,1068,1
2381,31.9966,32.0078,4096,235.8750,4,47.9268,1068,1
2382,31.9966,32.0078,4096,235.8750,4,47.9268,1068,1
2383,31.9966,32.0078,4096,235.8750,4,47.9268,1069,1
2384,31.9966,32.0078,4096,235.8750,4,47.9268,1070,1
2385,31.9966,32.0078,4096,235.8750,4,47.9268,1070,1
2386,31.9966,32.0078,4096,235.8750,4,47.9268,1070,1
2387,31.9966,32.0078,4096,235.8750,4,47.9268,1071,1
2388,31.9966,32.0078,4096,235.8750,4,47.9268,1072,1
2389,31.9966,32.0078,4096,235.8750,4,47.9268,1073,1
2390,31.9966,32.0078,4096,235.8750,4,47.9268,1074,1
2391,31.9966,32.0078,4096,235.8750,4,47.9268,1074,1
2392,31.9966,32.0078,4096,235.8750,4,47.9268,1074,1
2393,31.9966,32.0078,4096,235.8750,4,47.9268,1074,1
2394,31.9966,32.0078,4096,235.8750,4,47.9268,1074,1
2395,31.9966,32.0078,4096,235.8750,4,47.9268,1075,1
2396,31.9966,32.0078,4096,235.8750,4,47.9268,1075,1
2397,31.9966,32.0078,4096,235.8750,4,47.9268,1075,1
2398,31.9966,32.0078,4096,235.8750,4,47.9268,1076,1
2399,31.9966,32.0078,4096,235.8750,4,47.9268,1077,1
2400,31.9966,32.0078,4096,235.8750,4,47.9268,1077,1
2401,31.9966,32.0078,4096,235.8750,4,47.9268,1077,1
2402,31.9966,32.0078,4096,235.8750,4,47.9268,1077,1
2403,31.9966,32.0078,4096,235.8750,4,47.9268,1077,1
2404,31.9966,32.0078,4096,235.8750,4,47.9268,1077,1
2405,31.9966,32.0078,4096,235.8750,4,47.9268,1078,1
2406,31.9966,32.0078,4096,235.8750,4,47.9268,1079,1
2407,31.9966,32.0078,4096,235.8750,4,47.9268,1080,1
2408,31.9966,32.0078,4096,235.8750,4,47.9268,1080,1
2409,31.9966,32.0078,4096,235.8750,4,47.9268,1080,1
2410,31.9966,32.0078,4096,235.8750,4,47.9268,1081,1
2411,31.9966,32.0078,4096,235.8750,4,47.9268,1082,1
2412,31.9966,32.0078,4096,235.8750,4,47.9268,1082,1
2413,31.9966,32.0078,4096,235.8750,4,47.9268,1083,1
2414,31.9966,32.0078,4096,235.8750,4,47.9268,1083,1
2415,31.9966,32.0078,4096,235.8750,4,47.9268,1084,1
2416,31.9966,32.0078,4096,235.8750,4,47.9268,1085,1
2417,31.9966,32.0078,4096,235.8750,4,47.9268,1086,1
2418,31.9966,32.0078,4096,235.8750,4,47.9268,1086,1
2419,31.9966,32.0078,4096,235.8750,4,47.9268,1087,1
2420,31.9966,32.0078,4096,235.8750,4,47.9268,1088,1
2421,31.9966,32.0078,4096,235.8750,4,47.9268,1088,1
2422,31.9966,32.0078,4096,235.8750,4,47.9268,1088,1
2423,31.9966,32.0078,4096,235.8750,4,47.9268,1088,1
2424,31.9966,32.0078,4096,235.8750,4,47.9268,1089,1
2425,31.9966,32.0078,4096,235.8750,4,47.9268,1090,1
2426,31.9966,32.0078,4096,235.8750,4,47.9268,1090,1
2427,31.9966,32.0078,4096,235.8750,4,47.9268,1090,1
2428,31.9966,32.0078,4096,235.8750,4,47.9268,1090,1
2429,31.9966,32.0078,4096,235.8750,4,47.9268,1090,1
2430,31.9966,32.0078,4096,235.8750,4,47.9268,1090,1
2431,31.9966,32.0078,4096,235.8750,4,47.9268,1091,1
2432,31.9966,32.0078,4096,235.8750,4,47.9268,1092,1
2433,31.9966,32.0078,4096,235.8750,4,47.9268,1092,1
2434,31.9966,32.0078,4096,235.8750,4,47.9268,1092,1
2435,31.9966,32.0078,4096,235.8750,4,47.9268,1092,1
2436,31.9966,32.0078,4096,235.8750,4,47.9268,1092,1
2437,31.9966,32.0078,4096,235.8750,4,47.9268,1093,1
2438,31.9966,32.0078,4096,235.8750,4,47.9268,1093,1
2439,31.9966,32.0078,4096,235.8750,4,47.9268,1093,1
2440,31.9966,32.0078,4096,235.8750,4,47.9268,1094,1
2441,31.9966,32.0078,4096,235.8750,4,47.9268,1095,1
2442,31.9966,32.0078,4096,235.8750,4,47.9268,1096,1
2443,31.9966,32.0078,4096,235.8750,4,47.9268,1097,1
2444,31.9966,32.0078,4096,235.8750,4,47.9268,1098,1
2445,31.9966,32.0078,4096,235.8750,4,47.9268,1099,1
2446,31.9966,32.0078,4096,235.8750,4,47.9268,1099,1
2447,31.9966,32.0078,4096,235.8750,4,47.9268,1099,1
2448,31.9966,32.0078,4096,235.8750,4,47.9268,1099,1
2449,31.9966,32.0078,4096,235.8750,4,47.9268,1100,1
2450,31.9966,32.0078,4096,235.8750,4,47.9268,1101,1
2451,31.9966,32.0078,4096,235.8750,4,47.9268,1102,1
2452,31.9966,32.0078,4096,235.8750,4,47.9268,1102,1
2453,31.9966,32.0078,4096,235.8750,4,47.9268,1102,1
2454,31.9966,32.0078,4096,235.8750,4,47.9268,1102,1
2455,31.9966,32.0078,4096,235.8750,4,47.9268,1103,1
2456,31.9966,32.0078,4096,235.8750,4,47.9268,1103,1
2457,31.9966,32.0078,4096,235.8750,4,47.9268,1104,1
2458,31.9966,32.0078,4096,235.8750,4,47.9268,1104,1
2459,31.9966,32.0078,4096,235.8750,4,47.9268,1104,1
2460,31.9966,32.0078,4096,235.8750,4,47.9268,1105,1
2461,31.9966,32.0078,4096,235.8750,4,47.9268,1106,1
2462,31.9966,32.0078,4096,235.8750,4,47.9268,1107,1
2463,31.9966,32.0078,4096,235.8750,4,47.9268,1107,1
2464,31.9966,32.0078,4096,235.8750,4,47.9268,1108,1
2465,31.9966,32.0078,4096,235.8750,4,47.9268,1109,1
2466,31.9966,32.0078,4096,235.8750,4,47.9268,1109,1
2467,31.9966,32.0078,4096,235.8750,4,47.9268,1109,1
2468,31.9966,32.0078,4096,235.8750,4,47.9268,1110,1
2469,31.9966,32.0078,4096,235.8750,4,47.9268,1111,1
2470,31.9966,32.0078,4096,235.8750,4,47.9268,1111,1
2471,31.9966,32.0078,4096,235.8750,4,47.9268,1111,1
2472,31.9966,32.0078,4096,235.8750,4,47.9268,1111,1
2473,31.9966,32.0078,4096,235.8750,4,47.9268,1111,1
2474,31.9966,32.0078,4096,235.8750,4,47.9268,1111,1
2475,31.9966,32.0078,4096,235.8750,4,47.9268,1111,1
2476,31.9966,32.0078,4096,235.8750,4,47.9268,1112,1
2477,31.9966,32.0078,4096,235.8750,4,47.9268,1113,1
2478,31.9966,32.0078,4096,235.8750,4,47.9268,1114,1
2479,31.9966,32.0078,4096,235.8750,4,47.9268,1115,1
2480,31.9966,32.0078,4096,235.8750,4,47.9268,1115,1
2481,31.9966,32.0078,4096,235.8750,4,47.9268,1115,1
2482,31.9966,32.0078,4096,235.8750,4,47.9268,1115,1
2483,31.9966,32.0078,4096,235.8750,4,47.9268,1115,1
2484,31.9966,32.0078,4096,235.8750,4,47.9268,1115,1
2485,31.9966,32.0078,4096,235.8750,4,47.9268,1116,1
2486,31.9966,32.0078,4096,235.8750,4,47.9268,1117,1
2487,31.9966,32.0078,4096,235.8750,4,47.9268,1118,1
2488,31.9966,32.0078,4096,235.8750,4,47.9268,1118,1
2489,31.9966,32.0078,4096,235.8750,4,47.9268,1118,1
2490,31.9966,32.0078,4096,235.8750,4,47.9268,1118,1
2491,31.9966,32.0078,4096,235.8750,4,47.9268,1119,1
2492,31.9966,32.0078,4096,235.8750,4,47.9268,1120,1
2493,31.9966,32.0078,4096,235.8750,4,47.9268,1120,1
2494,31.9966,32.0078,4096,235.8750,4,47.9268,1121,1
2495,31.9966,32.0078,4096,235.8750,4,47.9268,1122,1
2496,31.9966,32.0078,4096,235.8750,4,47.9268,1122,1
2497,31.9966,32.0078,4096,235.8750,4,47.9268,1122,1
2498,31.9966,32.0078,4096,235.8750,4,47.9268,1123,1
2499,31.9966,32.0078,4096,235.8750,4,47.9268,1124,1
2500,31.9966,32.0078,4096,235.8750,4,47.9268,1124,1
2501,31.9966,32.0078,4096,235.8750,4,47.9268,1125,1
2502,31.9966,32.0078,4096,235.8750,4,47.9268,1126,1
2503,31.9966,32.0078,4096,235.8750,4,47.9268,1127,1
2504,31.9966,32.0078,4096,235.8750,4,47.9268,1127,1
2505,31.9966,32.0078,4096,235.8750,4,47.9268,1127,1
2506,31.9966,32.0078,4096,235.8750,4,47.9268,1128,1
2507,31.9966,32.0078,4096,235.8750,4,47.9268,1129,1
2508,31.9966,32.0078,4096,235.8750,4,47.9268,1129,1
2509,31.9966,32.0078,4096,235.8750,4,47.9268,1129,1
2510,31.9966,32.0078,4096,235.8750,4,47.9268,1129,1
2511,31.9966,32.0078,4096,235.8750,4,47.9268,1130,1
2512,31.9966,32.0078,4096,235.8750,4,47.9268,1130,1
2513,31.9966,32.0078,4096,235.8750,4,47.9268,1130,1
2514,31.9966,32.0078,4096,235.8750,4,47.9268,1130,1
2515,31.9966,32.0078,4096,235.8750,4,47.9268,1131,1
2516,31.9966,32.0078,4096,235.8750,4,47.9268,1132,1
2517,31.9966,32.0078,4096,235.8750,4,47.9268,1133,1
2518,31.9966,32.0078,4096,235.8750,4,47.9268,1133,1
2519,31.9966,32.0078,4096,235.8750,4,47.9268,1134,1
2520,31.9966,32.0078,4096,235.8750,4,47.9268,1135,1
2521,31.9966,32.0078,4096,235.8750,4,47.9268,1136,1
2522,31.9966,32.0078,4096,235.8750,4,47.9268,1137,1
2523,31.9966,32.0078,4096,235.8750,4,47.9268,1138,1
2524,31.9966,32.0078,4096,235.8750,4,47.9268,1139,1
2525,31.9966,32.0078,4096,235.8750,4,47.9268,1139,1
2526,31.9966,32.0078,4096,235.8750,4,47.9268,1140,1
2527,31.9966,32.0078,4096,235.8750,4,47.9268,1140,1
2528,31.9966,32.0078,4096,235.8750,4,47.9268,1141,1
2529,31.9966,32.0078,4096,235.8750,4,47.9268,1141,1
2530,31.9966,32.0078,4096,235.8750,4,47.9268,1141,1
2531,31.9966,32.0078,4096,235.8750,4,47.9268,1141,1
2532,31.9966,32.0078,4096,235.8750,4,47.9268,1141,1
2533,31.9966,32.0078,4096,235.8750,4,47.9268,1142,1
2534,31.9966,32.0078,4096,235.8750,4,47.9268,1143,1
2535,31.9966,32.0078,4096,235.8750,4,47.9268,1143,1
2536,31.9966,32.0078,4096,235.8750,4,47.9268,1143,1
2537,31.9966,32.0078,4096,235.8750,4,47.9268,1143,1
2538,31.9966,32.0078,4096,235.8750,4,47.9268,1143,1
2539,31.9966,32.0078,4096,235.8750,4,47.9268,1143,1
2540,31.9966,32.0078,4096,235.8750,4,47.9268,1144,1
2541,31.9966,32.0078,4096,235.8750,4,47.9268,1144,1
2542,31.9966,32.0078,4096,235.8750,4,47.9268,1145,1
2543,31.9966,32.0078,4096,235.8750,4,47.9268,1146,1
2544,31.9966,32.0078,4096,235.8750,4,47.9268,1146,1
2545,31.9966,32.0078,4096,235.8750,4,47.9268,1146,1
2546,31.9966,32.0078,4096,235.8750,4,47.9268,1146,1
2547,31.9966,32.0078,4096,235.8750,4,47.9268,1146,1
2548,31.9966,32.0078,4096,235.8750,4,47.9268,1147,1
2549,31.9966,32.0078,4096,235.8750,4,47.9268,1147,1
2550,31.9966,32.0078,4096,235.8750,4,47.9268,1147,1
2551,31.9966,32.0078,4096,235.8750,4,47.9268,1148,1
2552,31.9966,32.0078,4096,235.8750,4,47.9268,1149,1
2553,31.9966,32.0078,4096,235.8750,4,47.9268,1149,1
2554,31.9966,32.0078,4096,235.8750,4,47.9268,1149,1
2555,31.9966,32.0078,4096,235.8750,4,47.9268,1150,1
2556,31.9966,32.0078,4096,235.8750,4,47.9268,1150,1
2557,31.9966,32.0078,4096,235.8750,4,47.9268,1151,1
2558,31.9966,32.0078,4096,235.8750,4,47.9268,1152,1
2559,31.9966,32.0078,4096,235.8750,4,47.9268,1152,1
2560,31.9966,32.0078,4096,235.8750,4,47.9268,1152,1
2561,31.9966,32.0078,4096,235.8750,4,47.9268,1152,1
2562,31.9966,32.0078,4096,235.8750,4,47.9268,1152,1
2563,31.9966,32.0078,4096,235.8750,4,47.9268,1153,1
2564,31.9966,32.0078,4096,235.8750,4,47.9268,1153,1
2565,31.9966,32.0078,4096,235.8750,4,47.9268,1154,1
2566,31.9966,32.0078,4096,235.8750,4,47.9268,1155,1
2567,31.9966,32.0078,4096,235.8750,4,47.9268,1156,1
2568,31.9966,32.0078,4096,235.8750,4,47.9268,1156,1
2569,31.9966,32.0078,4096,235.8750,4,47.9268,1156,1
2570,31.9966,32.0078,4096,235.8750,4,47.9268,1156,1
2571,31.9966,32.0078,4096,235.8750,4,47.9268,1157,1
2572,31.9966,32.0078,4096,235.8750,4,47.9268,1157,1
2573,31.9966,32.0078,4096,235.8750,4,47.9268,1157,1
2574,31.9966,32.0078,4096,235.8750,4,47.9268,1157,1
2575,31.9966,32.0078,4096,235.8750,4,47.9268,1157,1
2576,31.9966,32.0078,4096,235.8750,4,47.9268,1157,1
2577,31.9966,32.0078,4096,235.8750,4,47.9268,1157,1
2578,31.9966,32.0078,4096,235.8750,4,47.9268,1157,1
2579,31.9966,32.0078,4096,235.8750,4,47.9268,1157,1
2580,31.9966,32.0078,4096,235.8750,4,47.9268,1158,1
2581,31.9966,32.0078,4096,235.8750,4,47.9268,1158,1
2582,31.9966,32.0078,4096,235.8750,4,47.9268,1158,1
2583,31.9966,32.0078,4096,235.8750,4,47.9268,1158,1
2584,31.9966,32.0078,4096,235.8750,4,47.9268,1158,1
2585,31.9966,32.0078,4096,235.8750,4,47.9268,1158,1
2586,31.9966,32.0078,4096,235.8750,4,47.9268,1158,1
2587,31.9966,32.0078,4096,235.8750,4,47.9268,1159,1
2588,31.9966,32.0078,4096,235.8750,4,47.9268,1159,1
2589,31.9966,32.0078,4096,235.8750,4,47.9268,1159,1
2590,31.9966,32.0078,4096,235.8750,4,47.9268,1160,1
2591,31.9966,32.0078,4096,235.8750,4,47.9268,1160,1
2592,31.9966,32.0078,4096,235.8750,4,47.9268,1161,1
2593,31.9966,32.0078,4096,235.8750,4,47.9268,1161,1
2594,31.9966,32.0078,4096,235.8750,4,47.9268,1161,1
2595,31.9966,32.0078,4096,235.8750,4,47.9268,1162,1
2596,31.9966,32.0078,4096,235.8750,4,47.9268,1163,1
2597,31.9966,32.0078,4096,235.8750,4,47.9268,1164,1
2598,31.9966,32.0078,4096,235.8750,4,47.9268,1165,1
2599,31.9966,32.0078,4096,235.8750,4,47.9268,1165,1
2600,31.9966,32.0078,4096,235.8750,4,47.9268,1166,1
2601,31.9966,32.0078,4096,235.8750,4,47.9268,1167,1
2602,31.9966,32.0078,4096,235.8750,4,47.9268,1168,1
2603,31.9966,32.0078,4096,235.8750,4,47.9268,1168,1
2604,31.9966,32.0078,4096,235.8750,4,47.9268,1169,1
2605,31.9966,32.0078,4096,235.8750,4,47.9268,1170,1
2606,31.9966,32.0078,4096,235.8750,4,47.9268,1171,1
2607,31.9966,32.0078,4096,235.8750,4,47.9268,1172,1
2608,31.9966,32.0078,4096,235.8750,4,47.9268,1173,1
2609,31.9966,32.0078,4096,235.8750,4,47.9268,1173,1
2610,31.9966,32.0078,4096,235.8750,4,47.9268,1174,1
2611,31.9966,32.0078,4096,235.8750,4,47.9268,1175,1
2612,31.9966,32.0078,4096,235.8750,4,47.9268,1175,1
2613,31.9966,32.0078,4096,235.8750,4,47.9268,1175,1
2614,31.9966,32.0078,4096,235.8750,4,47.9268,1175,1
2615,31.9966,32.0078,4096,235.8750,4,47.9268,1175,1
2616,31.9966,32.0078,4096,235.8750,4,47.9268,1176,1
2617,31.9966,32.0078,4096,235.8750,4,47.9268,1177,1
2618,31.9966,32.0078,4096,235.8750,4,47.9268,1178,1
2619,31.9966,32.0078,4096,235.8750,4,47.9268,1179,1
2620,31.9966,32.0078,4096,235.8750,4,47.9268,1180,1
2621,31.9966,32.0078,4096,235.8750,4,47.9268,1181,1
2622,31.9966,32.0078,4096,235.8750,4,47.9268,1182,1
2623,31.9966,32.0078,4096,235.8750,4,47.9268,1183,1
2624,31.9966,32.0078,4096,235.8750,4,47.9268,1184,1
2625,31.9966,32.0078,4096,235.8750,4,47.9268,1185,1
2626,31.9966,32.0078,4096,235.8750,4,47.9268,1185,1
2627,31.9966,32.0078,4096,235.8750,4,47.9268,1186,1
2628,31.9966,32.0078,4096,235.8750,4,47.9268,1187,1
2629,31.9966,32.0078,4096,235.8750,4,47.9268,1187,1
2630,31.9966,32.0078,4096,235.8750,4,47.9268,1188,1
2631,31.9966,32.0078,4096,235.8750,4,47.9268,1188,1
2632,31.9966,32.0078,4096,235.8750,4,47.9268,1188,1
2633,31.9966,32.0078,4096,235.8750,4,47.9268,1189,1
2634,31.9966,32.0078,4096,235.8750,4,47.9268,1189,1
2635,31.9966,32.0078,4096,235.8750,4,47.9268,1189,1
2636,31.9966,32.0078,4096,235.8750,4,47.9268,1189,1
2637,31.9966,32.0078,4096,235.8750,4,47.9268,1189,1
2638,31.9966,32.0078,4096,235.8750,4,47.9268,1190,1
2639,31.9966,32.0078,4096,235.8750,4,47.9268,1191,1
2640,31.9966,32.0078,4096,235.8750,4,47.9268,1192,1
2641,31.9966,32.0078,4096,235.8750,4,47.9268,1192,1
2642,31.9966,32.0078,4096,235.8750,4,47.9268,1192,1
2643,31.9966,32.0078,4096,235.8750,4,47.9268,1192,1
2644,31.9966,32.0078,4096,235.8750,4,47.9268,1193,1
2645,31.9966,32.0078,4096,235.8750,4,47.9268,1194,1
2646,31.9966,32.0078,4096,235.8750,4,47.9268,1195,1
2647,31.9966,32.0078,4096,235.8750,4,47.9268,1196,1
2648,31.9966,32.0078,4096,235.8750,4,47.9268,1196,1
2649,31.9966,32.0078,4096,235.8750,4,47.9268,1197,1
2650,31.9966,32.0078,4096,235.8750,4,47.9268,1198,1
2651,31.9966,32.0078,4096,235.8750,4,47.9268,1198,1
2652,31.9966,32.0078,4096,235.8750,4,47.9268,1198,1
2653,31.9966,32.0078,4096,235.8750,4,47.9268,1199,1
2654,31.9966,32.0078,4096,235.8750,4,47.9268,1199,1
2655,31.9966,32.0078,4096,235.8750,4,47.9268,1199,1
2656,31.9966,32.0078,4096,235.8750,4,47.9268,1199,1
2657,31.9966,32.0078,4096,235.8750,4,47.9268,1199,1
2658,31.9966,32.0078,4096,235.8750,4,47.9268,1199,1
2659,31.9966,32.0078,4096,235.8750,4,47.9268,1200,1
2660,31.9966,32.0078,4096,235.8750,4,47.9268,1201,1
2661,31.9966,32.0078,4096,235.8750,4,47.9268,1201,1
2662,31.9966,32.0078,4096,235.8750,4,47.9268,1201,1
2663,31.9966,32.0078,4096,235.8750,4,47.9268,1201,1
2664,31.9966,32.0078,4096,235.8750,4,47.9268,1202,1
2665,31.9966,32.0078,4096,235.8750,4,47.9268,1202,1
2666,31.9966,32.0078,4096,235.8750,4,47.9268,1202,1
2667,31.9966,32.0078,4096,235.8750,4,47.9268,1203,1
2668,31.9966,32.0078,4096,235.8750,4,47.9268,1203,1
2669,31.9966,32.0078,4096,235.8750,4,47.9268,1203,1
2670,31.9966,32.0078,4096,235.8750,4,47.9268,1203,1
2671,31.9966,32.0078,4096,235.8750,4,47.9268,1203,1
2672,31.9966,32.0078,4096,235.8750,4,47.9268,1203,1
2673,31.9966,32.0078,4096,235.8750,4,47.9268,1203,1
2674,31.9966,32.0078,4096,235.8750,4,47.9268,1204,1
2675,31.9966,32.0078,4096,235.8750,4,47.9268,1204,1
2676,31.9966,32.0078,4096,235.8750,4,47.9268,1205,1
2677,31.9966,32.0078,4096,235.8750,4,47.9268,1205,1
2678,31.9966,32.0078,4096,235.8750,4,47.9268,1205,1
2679,31.9966,32.0078,4096,235.8750,4,47.9268,1206,1
2680,31.9966,32.0078,4096,235.8750,4,47.9268,1207,1
2681,31.9966,32.0078,4096,235.8750,4,47.9268,1207,1
2682,31.9966,32.0078,4096,235.8750,4,47.9268,1208,1
2683,31.9966,32.0078,4096,235.8750,4,47.9268,1208,1
2684,31.9966,32.0078,4096,235.8750,4,47.9268,1208,1
2685,31.9966,32.0078,4096,235.8750,4,47.9268,1208,1
2686,31.9966,32.0078,4096,235.8750,4,47.9268,1209,1
2687,31.9966,32.0078,4096,235.8750,4,47.9268,1210,1
2688,31.9966,32.0078,4096,235.8750,4,47.9268,1211,1
2689,31.9966,32.0078,4096,235.8750,4,47.9268,1211,1
2690,31.9966,32.0078,4096,235.8750,4,47.9268,1211,1
2691,31.9966,32.0078,4096,235.8750,4,47.9268,1212,1
2692,31.9966,32.0078,4096,235.8750,4,47.9268,1212,1
2693,31.9966,32.0078,4096,235.8750,4,47.9268,1212,1
2694,31.9966,32.0078,4096,235.8750,4,47.9268,1212,1
2695,31.9966,32.0078,4096,235.8750,4,47.9268,1213,1
2696,31.9966,32.0078,4096,235.8750,4,47.9268,1213,1
2697,31.9966,32.0078,4096,235.8750,4,47.9268,1214,1
2698,31.9966,32.0078,4096,235.8750,4,47.9268,1214,1
2699,31.9966,32.0078,4096,235.8750,4,47.9268,1215,1
2700,31.9966,32.0078,4096,235.8750,4,47.9268,1216,1
2701,31.9966,32.0078,4096,235.8750,4,47.9268,1217,1
2702,31.9966,32.0078,4096,235.8750,4,47.9268,1218,1
2703,31.9966,32.0078,4096,235.8750,4,47.9268,1218,1
2704,31.9966,32.0078,4096,235.8750,4,47.9268,1219,1
2705,31.9966,32.0078,4096,235.8750,4,47.9268,1220,1
2706,31.9966,32.0078,4096,235.8750,4,47.9268,1220,1
2707,31.9966,32.0078,4096,235.8750,4,47.9268,1220,1
2708,31.9966,32.0078,4096,235.8750,4,47.9268,1220,1
2709,31.9966,32.0078,4096,235.8750,4,47.9268,1220,1
2710,31.9966,32.0078,4096,235.8750,4,47.9268,1220,1
2711,31.9966,32.0078,4096,235.8750,4,47.9268,1221,1
2712,31.9966,32.0078,4096,235.8750,4,47.9268,1221,1
2713,31.9966,32.0078,4096,235.8750,4,47.9268,1222,1
2714,31.9966,32.0078,4096,235.8750,4,47.9268,1222,1
2715,31.9966,32.0078,4096,235.8750,4,47.9268,1222,1
2716,31.9966,32.0078,4096,235.8750,4,47.9268,1222,1
2717,31.9966,32.0078,4096,235.8750,4,47.9268,1222,1
2718,31.9966,32.0078,4096,235.8750,4,47.9268,1222,1
2719,31.9966,32.0078,4096,235.8750,4,47.9268,1222,1
2720,31.9966,32.0078,4096,235.8750,4,47.9268,1223,1
2721,31.9966,32.0078,4096,235.8750,4,47.9268,1223,1
2722,31.9966,32.0078,4096,235.8750,4,47.9268,1223,1
2723,31.9966,32.0078,4096,235.8750,4,47.9268,1223,1
2724,31.9966,32.0078,4096,235.8750,4,47.9268,1224,1
2725,31.9966,32.0078,4096,235.8750,4,47.9268,1225,1
2726,31.9966,32.0078,4096,235.8750,4,47.9268,1226,1
2727,31.9966,32.0078,4096,235.8750,4,47.9268,1226,1
2728,31.9966,32.0078,4096,235.8750,4,47.9268,1226,1
2729,31.9966,32.0078,4096,235.8750,4,47.9268,1227,1
2730,31.9966,32.0078,4096,235.8750,4,47.9268,1228,1
2731,31.9966,32.0078,4096,235.8750,4,47.9268,1228,1
2732,31.9966,32.0078,4096,235.8750,4,47.9268,1229,1
2733,31.9966,32.0078,4096,235.8750,4,47.9268,1229,1
2734,31.9966,32.0078,4096,235.8750,4,47.9268,1229,1
2735,31.9966,32.0078,4096,235.8750,4,47.9268,1229,1
2736,31.9966,32.0078,4096,235.8750,4,47.9268,1230,1
2737,31.9966,32.0078,4096,235.8750,4,47.9268,1231,1
2738,31.9966,32.0078,4096,235.8750,4,47.9268,1231,1
2739,31.9966,32.0078,4096,235.8750,4,47.9268,1231,1
2740,31.9966,32.0078,4096,235.8750,4,47.9268,1232,1
2741,31.9966,32.0078,4096,235.8750,4,47.9268,1232,1
2742,31.9966,32.0078,4096,235.8750,4,47.9268,1232,1
2743,31.9966,32.0078,4096,235.8750,4,47.9268,1233,1
2744,31.9966,32.0078,4096,235.8750,4,47.9268,1233,1
2745,31.9966,32.0078,4096,235.8750,4,47.9268,1234,1
2746,31.9966,32.0078,4096,235.8750,4,47.9268,1235,1
2747,31.9966,32.0078,4096,235.8750,4,47.9268,1235,1
2748,31.9966,32.0078,4096,235.8750,4,47.9268,1236,1
2749,31.9966,32.0078,4096,235.8750,4,47.9268,1237,1
2750,31.9966,32.0078,4096,235.8750,4,47.9268,1237,1
2751,31.9966,32.0078,4096,235.8750,4,47.9268,1238,1
2752,31.9966,32.0078,4096,235.8750,4,47.9268,1239,1
2753,31.9966,32.0078,4096,235.8750,4,47.9268,1239,1
2754,31.9966,32.0078,4096,235.8750,4,47.9268,1240,1
2755,31.9966,32.0078,4096,235.8750,4,47.9268,1241,1
2756,31.9966,32.0078,4096,235.8750,4,47.9268,1241,1
2757,31.9966,32.0078,4096,235.8750,4,47.9268,1241,1
2758,31.9966,32.0078,4096,235.8750,4,47.9268,1241,1
2759,31.9966,32.0078,4096,235.8750,4,47.9268,1241,1
2760,31.9966,32.0078,4096,235.8750,4,47.9268,1242,1
2761,31.9966,32.0078,4096,235.8750,4,47.9268,1242,1
2762,31.9966,32.0078,4096,235.8750,4,47.9268,1243,1
2763,31.9966,32.0078,4096,235.8750,4,47.9268,1243,1
2764,31.9966,32.0078,4096,235.8750,4,47.9268,1243,1
2765,31.9966,32.0078,4096,235.8750,4,47.9268,1243,1
2766,31.9966,32.0078,4096,235.8750,4,47.9268,1243,1
2767,31.9966,32.0078,4096,235.8750,4,47.9268,1243,1
2768,31.9966,32.0078,4096,235.8750,4,47.9268,1244,1
2769,31.9966,32.0078,4096,235.8750,4,47.9268,1244,1
2770,31.9966,32.0078,4096,235.8750,4,47.9268,1245,1
2771,31.9966,32.0078,4096,235.8750,4,47.9268,1245,1
2772,31.9966,32.0078,4096,235.8750,4,47.9268,1246,1
2773,31.9966,32.0078,4096,235.8750,4,47.9268,1247,1
2774,31.9966,32.0078,4096,235.8750,4,47.9268,1247,1
2775,31.9966,32.0078,4096,235.8750,4,47.9268,1248,1
2776,31.9966,32.0078,4096,235.8750,4,47.9268,1249,1
2777,31.9966,32.0078,4096,235.8750,4,47.9268,1250,1
2778,31.9966,32.0078,4096,235.8750,4,47.9268,1250,1
2779,31.9966,32.0078,4096,235.8750,4,47.9268,1251,1
2780,31.9966,32.0078,4096,235.8750,4,47.9268,1252,1
2781,31.9966,32.0078,4096,235.8750,4,47.9268,1252,1
2782,31.9966,32.0078,4096,235.8750,4,47.9268,1253,1
2783,31.9966,32.0078,4096,235.8750,4,47.9268,1253,1
2784,31.9966,32.0078,4096,235.8750,4,47.9268,1254,1
2785,31.9966,32.0078,4096,235.8750,4,47.9268,1255,1
2786,31.9966,32.0078,4096,235.8750,4,47.9268,1255,1
2787,31.9966,32.0078,4096,235.8750,4,47.9268,1255,1
2788,31.9966,32.0078,4096,235.8750,4,47.9268,1255,1
2789,31.9966,32.0078,4096,235.8750,4,47.9268,1256,1
2790,31.9966,32.0078,4096,235.8750,4,47.9268,1256,1
2791,31.9966,32.0078,4096,235.8750,4,47.9268,1256,1
2792,31.9966,32.0078,4096,235.8750,4,47.9268,1257,1
2793,31.9966,32.0078,4096,235.8750,4,47.9268,1257,1
2794,31.9966,32.0078,4096,235.8750,4,47.9268,1258,1
2795,31.9966,32.0078,4096,235.8750,4,47.9268,1258,1
2796,31.9966,32.0078,4096,235.8750,4,47.9268,1259,1
2797,31.9966,32.0078,4096,235.8750,4,47.9268,1260,1
2798,31.9966,32.0078,4096,235.8750,4,47.9268,1260,1
2799,31.9966,32.0078,4096,235.8750,4,47.9268,1260,1
2800,31.9966,32.0078,4096,235.8750,4,47.9268,1261,1
2801,31.9966,32.0078,4096,235.8750,4,47.9268,1262,1
2802,31.9966,32.0078,4096,235.8750,4,47.9268,1262,1
2803,31.9966,32.0078,4096,235.8750,4,47.9268,1262,1
2804,31.9966,32.0078,4096,235.8750,4,47.9268,1262,1
2805,31.9966,32.0078,4096,235.8750,4,47.9268,1262,1
2806,31.9966,32.0078,4096,235.8750,4,47.9268,1263,1
2807,31.9966,32.0078,4096,235.8750,4,47.9268,1264,1
2808,31.9966,32.0078,4096,235.8750,4,47.9268,1264,1
2809,31.9966,32.0078,4096,235.8750,4,47.9268,1264,1
2810,31.9966,32.0078,4096,235.8750,4,47.9268,1264,1
2811,31.9966,32.0078,4096,235.8750,4,47.9268,1265,1
2812,31.9966,32.0078,4096,235.8750,4,47.9268,1265,1
2813,31.9966,32.0078,4096,235.8750,4,47.9268,1266,1
2814,31.9966,32.0078,4096,235.8750,4,47.9268,1266,1
2815,31.9966,32.0078,4096,235.8750,4,47.9268,1266,1
2816,31.9966,32.0078,4096,235.8750,4,47.9268,1267,1
2817,31.9966,32.0078,4096,235.8750,4,47.9268,1267,1
2818,31.9966,32.0078,4096,235.8750,4,47.9268,1267,1
2819,31.9966,32.0078,4096,235.8750,4,47.9268,1268,1
2820,31.9966,32.0078,4096,235.8750,4,47.9268,1269,1
2821,31.9966,32.0078,4096,235.8750,4,47.9268,1269,1
2822,31.9966,32.0078,4096,235.8750,4,47.9268,1269,1
2823,31.9966,32.0078,4096,235.8750,4,47.9268,1269,1
2824,31.9966,32.0078,4096,235.8750,4,47.9268,1269,1
2825,31.9966,32.0078,4096,235.8750,4,47.9268,1269,1
2826,31.9966,32.0078,4096,235.8750,4,47.9268,1270,1
2827,31.9966,32.0078,4096,235.8750,4,47.9268,1271,1
2828,31.9966,32.0078,4096,235.8750,4,47.9268,1272,1
2829,31.9966,32.0078,4096,235.8750,4,47.9268,1272,1
2830,31.9966,32.0078,4096,235.8750,4,47.9268,1272,1
2831,31.9966,32.0078,4096,235.8750,4,47.9268,1273,1
2832,31.9966,32.0078,4096,235.8750,4,47.9268,1273,1
2833,31.9966,32.0078,4096,235.8750,4,47.9268,1274,1
2834,31.9966,32.0078,4096,235.8750,4,47.9268,1274,1
2835,31.9966,32.0078,4096,235.8750,4,47.9268,1274,1
2836,31.9966,32.0078,4096,235.8750,4,47.9268,1274,1
2837,31.9966,32.0078,4096,235.8750,4,47.9268,1275,1
2838,31.9966,32.0078,4096,235.8750,4,47.9268,1276,1
2839,31.9966,32.0078,4096,235.8750,4,47.9268,1276,1
2840,31.9966,32.0078,4096,235.8750,4,47.9268,1277,1
2841,31.9966,32.0078,4096,235.8750,4,47.9268,1278,1
2842,31.9966,32.0078,4096,235.8750,4,47.9268,1278,1
2843,31.9966,32.0078,4096,235.8750,4,47.9268,1278,1
2844,31.9966,32.0078,4096,235.8750,4,47.9268,1279,1
2845,31.9966,32.0078,4096,235.8750,4,47.9268,1279,1
2846,31.9966,32.0078,4096,235.8750,4,47.9268,1280,1
2847,31.9966,32.0078,4096,235.8750,4,47.9268,1280,1
2848,31.9966,32.0078,4096,235.8750,4,47.9268,1280,1
2849,31.9966,32.0078,4096,235.8750,4,47.9268,1280,1
2850,31.9966,32.0078,4096,235.8750,4,47.9268,1280,1
2851,31.9966,32.0078,4096,235.8750,4,47.9268,1281,1
2852,31.9966,32.0078,4096,235.8750,4,47.9268,1281,1
2853,31.9966,32.0078,4096,235.8750,4,47.9268,1282,1
2854,31.9966,32.0078,4096,235.8750,4,47.9268,1282,1
2855,31.9966,32.0078,4096,235.8750,4,47.9268,1283,1
2856,31.9966,32.0078,4096,235.8750,4,47.9268,1284,1
2857,31.9966,32.0078,4096,235.8750,4,47.9268,1285,1
2858,31.9966,32.0078,4096,235.8750,4,47.9268,1285,1
2859,31.9966,32.0078,4096,235.8750,4,47.9268,1285,1
2860,31.9966,32.0078,4096,235.8750,4,47.9268,1285,1
2861,31.9966,32.0078,4096,235.8750,4,47.9268,1285,1
2862,31.9966,32.0078,4096,235.8750,4,47.9268,1286,1
2863,31.9966,32.0078,4096,235.8750,4,47.9268,1286,1
2864,31.9966,32.0078,4096,235.8750,4,47.9268,1287,1
2865,31.9966,32.0078,4096,235.8750,4,47.9268,1288,1
2866,31.9966,32.0078,4096,235.8750,4,47.9268,1288,1
2867,31.9966,32.0078,4096,235.8750,4,47.9268,1289,1
2868,31.9966,32.0078,4096,235.8750,4,47.9268,1289,1
2869,31.9966,32.0078,4096,235.8750,4,47.9268,1290,1
2870,31.9966,32.0078,4096,235.8750,4,47.9268,1291,1
2871,31.9966,32.0078,4096,235.8750,4,47.9268,1291,1
2872,31.9966,32.0078,4096,235.8750,4,47.9268,1292,1
2873,31.9966,32.0078,4096,235.8750,4,47.9268,1293,1
2874,31.9966,32.0078,4096,235.8750,4,47.9268,1293,1
2875,31.9966,32.0078,4096,235.8750,4,47.9268,1293,1
2876,31.9966,32.0078,4096,235.8750,4,47.9268,1293,1
2877,31.9966,32.0078,4096,235.8750,4,47.9268,1293,1
2878,31.9966,32.0078,4096,235.8750,4,47.9268,1294,1
2879,31.9966,32.0078,4096,235.8750,4,47.9268,1295,1
2880,31.9966,32.0078,4096,235.8750,4,47.9268,1296,1
2881,31.9966,32.0078,4096,235.8750,4,47.9268,1296,1
2882,31.9966,32.0078,4096,235.8750,4,47.9268,1297,1
2883,31.9966,32.0078,4096,235.8750,4,47.9268,1297,1
2884,31.9966,32.0078,4096,235.8750,4,47.9268,1297,1
2885,31.9966,32.0078,4096,235.8750,4,47.9268,1297,1
2886,31.9966,32.0078,4096,235.8750,4,47.9268,1297,1
2887,31.9966,32.0078,4096,235.8750,4,47.9268,1298,1
2888,31.9966,32.0078,4096,235.8750,4,47.9268,1298,1
2889,31.9966,32.0078,4096,235.8750,4,47.9268,1298,1
2890,31.9966,32.0078,4096,235.8750,4,47.9268,1299,1
2891,31.9966,32.0078,4096,235.8750,4,47.9268,1300,1
2892,31.9966,32.0078,4096,235.8750,4,47.9268,1300,1
2893,31.9966,32.0078,4096,235.8750,4,47.9268,1301,1
2894,31.9966,32.0078,4096,235.8750,4,47.9268,1301,1
2895,31.9966,32.0078,4096,235.8750,4,47.9268,1302,1
2896,31.9966,32.0078,4096,235.8750,4,47.9268,1302,1
2897,31.9966,32.0078,4096,235.8750,4,47.9268,1302,1
2898,31.9966,32.0078,4096,235.8750,4,47.9268,1303,1
2899,31.9966,32.0078,4096,235.8750,4,47.9268,1303,1
2900,31.9966,32.0078,4096,235.8750,4,47.9268,1303,1
2901,31.9966,32.0078,4096,235.8750,4,47.9268,1303,1
2902,31.9966,32.0078,4096,235.8750,4,47.9268,1304,1
2903,31.9966,32.0078,4096,235.8750,4,47.9268,1304,1
2904,31.9966,32.0078,4096,235.8750,4,47.9268,1305,1
2905,31.9966,32.0078,4096,235.8750,4,47.9268,1306,1
2906,31.9966,32.0078,4096,235.8750,4,47.9268,1306,1
2907,31.9966,32.0078,4096,235.8750,4,47.9268,1307,1
2908,31.9966,32.0078,4096,235.8750,4,47.9268,1308,1
2909,31.9966,32.0078,4096,235.8750,4,47.9268,1309,1
2910,31.9966,32.0078,4096,235.8750,4,47.9268,1309,1
2911,31.9966,32.0078,4096,235.8750,4,47.9268,1309,1
2912,31.9966,32.0078,4096,235.8750,4,47.9268,1309,1
2913,31.9966,32.0078,4096,235.8750,4,47.9268,1309,1
2914,31.9966,32.0078,4096,235.8750,4,47.9268,1309,1
2915,31.9966,32.0078,4096,235.8750,4,47.9268,1309,1
2916,31.9966,32.0078,4096,235.8750,4,47.9268,1309,1
2917,31.9966,32.0078,4096,235.8750,4,47.9268,1310,1
2918,31.9966,32.0078,4096,235.8750,4,47.9268,1310,1
2919,31.9966,32.0078,4096,235.8750,4,47.9268,1310,1
2920,31.9966,32.0078,4096,235.8750,4,47.9268,1310,1
2921,31.9966,32.0078,4096,235.8750,4,47.9268,1311,1
2922,31.9966,32.0078,4096,235.8750,4,47.9268,1312,1
2923,31.9966,32.0078,4096,235.8750,4,47.9268,1313,1
2924,31.9966,32.0078,4096,235.8750,4,47.9268,1313,1
2925,31.9966,32.0078,4096,235.8750,4,47.9268,1314,1
2926,31.9966,32.0078,4096,235.8750,4,47.9268,1314,1
2927,31.9966,32.0078,4096,235.8750,4,47.9268,1314,1
2928,31.9966,32.0078,4096,235.8750,4,47.9268,1315,1
2929,31.9966,32.0078,4096,235.8750,4,47.9268,1315,1
2930,31.9966,32.0078,4096,235.8750,4,47.9268,1315,1
2931,31.9966,32.0078,4096,235.8750,4,47.9268,1315,1
2932,31.9966,32.0078,4096,235.8750,4,47.9268,1315,1
2933,31.9966,32.0078,4096,235.8750,4,47.9268,1315,1
2934,31.9966,32.0078,4096,235.8750,4,47.9268,1315,1
2935,31.9966,32.0078,4096,235.8750,4,47.9268,1315,1
2936,31.9966,32.0078,4096,235.8750,4,47.9268,1316,1
2937,31.9966,32.0078,4096,235.8750,4,47.9268,1316,1
2938,31.9966,32.0078,4096,235.8750,4,47.9268,1316,1
2939,31.9966,32.0078,4096,235.8750,4,47.9268,1317,1
2940,31.9966,32.0078,4096,235.8750,4,47.9268,1318,1
2941,31.9966,32.0078,4096,235.8750,4,47.9268,1319,1
2942,31.9966,32.0078,4096,235.8750,4,47.9268,1319,1
2943,31.9966,32.0078,4096,235.8750,4,47.9268,1319,1
2944,31.9966,32.0078,4096,235.8750,4,47.9268,1319,1
2945,31.9966,32.0078,4096,235.8750,4,47.9268,1319,1
2946,31.9966,32.0078,4096,235.8750,4,47.9268,1319,1
2947,31.9966,32.0078,4096,235.8750,4,47.9268,1319,1
2948,31.9966,32.0078,4096,235.8750,4,47.9268,1319,1
2949,31.9966,32.0078,4096,235.8750,4,47.9268,1320,1
2950,31.9966,32.0078,4096,235.8750,4,47.9268,1320,1
2951,31.9966,32.0078,4096,235.8750,4,47.9268,1321,1
2952,31.9966,32.0078,4096,235.8750,4,47.9268,1322,1
2953,31.9966,32.0078,4096,235.8750,4,47.9268,1323,1
2954,31.9966,32.0078,4096,235.8750,4,47.9268,1323,1
2955,31.9966,32.0078,4096,235.8750,4,47.9268,1323,1
2956,31.9966,32.0078,4096,235.8750,4,47.9268,1323,1
2957,31.9966,32.0078,4096,235.8750,4,47.9268,1323,1
2958,31.9966,32.0078,4096,235.8750,4,47.9268,1323,1
2959,31.9966,32.0078,4096,235.8750,4,47.9268,1324,1
2960,31.9966,32.0078,4096,235.8750,4,47.9268,1324,1
2961,31.9966,32.0078,4096,235.8750,4,47.9268,1324,1
2962,31.9966,32.0078,4096,235.8750,4,47.9268,1325,1
2963,31.9966,32.0078,4096,235.8750,4,47.9268,1326,1
2964,31.9966,32.0078,4096,235.8750,4,47.9268,1326,1
2965,31.9966,32.0078,4096,235.8750,4,47.9268,1327,1
2966,31.9966,32.0078,4096,235.8750,4,47.9268,1327,1
2967,31.9966,32.0078,4096,235.8750,4,47.9268,1327,1
2968,31.9966,32.0078,4096,235.8750,4,47.9268,1328,1
2969,31.9966,32.0078,4096,235.8750,4,47.9268,1328,1
2970,31.9966,32.0078,4096,235.8750,4,47.9268,1329,1
2971,31.9966,32.0078,4096,235.8750,4,47.9268,1329,1
2972,31.9966,32.0078,4096,235.8750,4,47.9268,1329,1
2973,31.9966,32.0078,4096,235.8750,4,47.9268,1329,1
2974,31.9966,32.0078,4096,235.8750,4,47.9268,1329,1
2975,31.9966,32.0078,4096,235.8750,4,47.9268,1329,1
2976,31.9966,32.0078,4096,235.8750,4,47.9268,1330,1
2977,31.9966,32.0078,4096,235.8750,4,47.9268,1330,1
2978,31.9966,32.0078,4096,235.8750,4,47.9268,1330,1
2979,31.9966,32.0078,4096,235.8750,4,47.9268,1331,1
2980,31.9966,32.0078,4096,235.8750,4,47.9268,1332,1
2981,31.9966,32.0078,4096,235.8750,4,47.9268,1332,1
2982,31.9966,32.0078,4096,235.8750,4,47.9268,1332,1
2983,31.9966,32.0078,4096,235.8750,4,47.9268,1332,1
2984,31.9966,32.0078,4096,235.8750,4,47.9268,1332,1
2985,31.9966,32.0078,4096,235.8750,4,47.9268,1333,1
2986,31.9966,32.0078,4096,235.8750,4,47.9268,1334,1
2987,31.9966,32.0078,4096,235.8750,4,47.9268,1334,1
2988,31.9966,32.0078,4096,235.8750,4,47.9268,1335,1
2989,31.9966,32.0078,4096,235.8750,4,47.9268,1335,1
2990,31.9966,32.0078,4096,235.8750,4,47.9268,1335,1
2991,31.9966,32.0078,4096,235.8750,4,47.9268,1335,1
2992,31.9966,32.0078,4096,235.8750,4,47.9268,1336,1
2993,31.9966,32.0078,4096,235.8750,4,47.9268,1336,1
2994,31.9966,32.0078,4096,235.8750,4,47.9268,1337,1
2995,31.9966,32.0078,4096,235.8750,4,47.9268,1338,1
2996,31.9966,32.0078,4096,235.8750,4,47.9268,1338,1
2997,31.9966,32.0078,4096,235.8750,4,47.9268,1339,1
2998,31.9966,32.0078,4096,235.8750,4,47.9268,1339,1
2999,31.9966,32.0078,4096,235.8750,4,47.9268,1340,1
3000,31.9966,32.0078,4096,235.8750,4,47.9268,1341,1
3001,31.9966,32.0078,4096,235.8750,4,47.9268,1342,1
3002,31.9966,32.0078,4096,235.8750,4,47.9268,1343,1
3003,31.9966,32.0078,4096,235.8750,4,47.9268,1344,1
3004,31.9966,32.0078,4096,235.8750,4,47.9268,1344,1
3005,31.9966,32.0078,4096,235.8750,4,47.9268,1344,1
3006,31.9966,32.0078,4096,235.8750,4,47.9268,1345,1
3007,31.9966,32.0078,4096,235.8750,4,47.9268,1345,1
3008,31.9966,32.0078,4096,235.8750,4,47.9268,1346,1
3009,31.9966,32.0078,4096,235.8750,4,47.9268,1346,1
3010,31.9966,32.0078,4096,235.8750,4,47.9268,1346,1
3011,31.9966,32.0078,4096,235.8750,4,47.9268,1347,1
3012,31.9966,32.0078,4096,235.8750,4,47.9268,1347,1
3013,31.9966,32.0078,4096,235.8750,4,47.9268,1347,1
3014,31.9966,32.0078,4096,235.8750,4,47.9268,1347,1
3015,31.9966,32.0078,4096,235.8750,4,47.9268,1347,1
3016,31.9966,32.0078,4096,235.8750,4,47.9268,1347,1
3017,31.9966,32.0078,4096,235.8750,4,47.9268,1348,1
3018,31.9966,32.0078,4096,235.8750,4,47.9268,1349,1
3019,31.9966,32.0078,4096,235.8750,4,47.9268,1349,1
3020,31.9966,32.0078,4096,235.8750,4,47.9268,1349,1
3021,31.9966,32.0078,4096,235.8750,4,47.9268,1349,1
3022,31.9966,32.0078,4096,235.8750,4,47.9268,1349,1
3023,31.9966,32.0078,4096,235.8750,4,47.9268,1349,1
3024,31.9966,32.0078,4096,235.8750,4,47.9268,1349,1
3025,31.9966,32.0078,4096,235.8750,4,47.9268,1349,1
3026,31.9966,32.0078,4096,235.8750,4,47.9268,1349,1
3027,31.9966,32.0078,4096,235.8750,4,47.9268,1350,1
3028,31.9966,32.0078,4096,235.8750,4,47.9268,1350,1
3029,31.9966,32.0078,4096,235.8750,4,47.9268,1351,1
3030,31.9966,32.0078,4096,235.8750,4,47.9268,1351,1
3031,31.9966,32.0078,4096,235.8750,4,47.9268,1352,1
3032,31.9966,32.0078,4096,235.8750,4,47.9268,1352,1
3033,31.9966,32.0078,4096,235.8750,4,47.9268,1352,1
3034,31.9966,32.0078,4096,235.8750,4,47.9268,1353,1
3035,31.9966,32.0078,4096,235.8750,4,47.9268,1353,1
3036,31.9966,32.0078,4096,235.8750,4,47.9268,1354,1
3037,31.9966,32.0078,4096,235.8750,4,47.9268,1354,1
3038,31.9966,32.0078,4096,235.8750,4,47.9268,1354,1
3039,31.9966,32.0078,4096,235.8750,4,47.9268,1354,1
3040,31.9966,32.0078,4096,235.8750,4,47.9268,1354,1
3041,31.9966,32.0078,4096,235.8750,4,47.9268,1354,1
3042,31.9966,32.0078,4096,235.8750,4,47.9268,1354,1
3043,31.9966,32.0078,4096,235.8750,4,47.9268,1354,1
3044,31.9966,32.0078,4096,235.8750,4,47.9268,1355,1
3045,31.9966,32.0078,4096,235.8750,4,47.9268,1355,1
3046,31.9966,32.0078,4096,235.8750,4,47.9268,1355,1
3047,31.9966,32.0078,4096,235.8750,4,47.9268,1356,1
3048,31.9966,32.0078,4096,235.8750,4,47.9268,1357,1
3049,31.9966,32.0078,4096,235.8750,4,47.9268,1357,1
3050,31.9966,32.0078,4096,235.8750,4,47.9268,1357,1
3051,31.9966,32.0078,4096,235.8750,4,47.9268,1357,1
3052,31.9966,32.0078,4096,235.8750,4,47.9268,1358,1
3053,31.9966,32.0078,4096,235.8750,4,47.9268,1359,1
3054,31.9966,32.0078,4096,235.8750,4,47.9268,1359,1
3055,31.9966,32.0078,4096,235.8750,4,47.9268,1360,1
3056,31.9966,32.0078,4096,235.8750,4,47.9268,1361,1
3057,31.9966,32.0078,4096,235.8750,4,47.9268,1361,1
3058,31.9966,32.0078,4096,235.8750,4,47.9268,1361,1
3059,31.9966,32.0078,4096,235.8750,4,47.9268,1362,1
3060,31.9966,32.0078,4096,235.8750,4,47.9268,1362,1
3061,31.9966,32.0078,4096,235.8750,4,47.9268,1362,1
3062,31.9966,32.0078,4096,235.8750,4,47.9268,1363,1
3063,31.9966,32.0078,4096,235.8750,4,47.9268,1364,1
3064,31.9966,32.0078,4096,235.8750,4,47.9268,1364,1
3065,31.9966,32.0078,4096,235.8750,4,47.9268,1364,1
3066,31.9966,32.0078,4096,235.8750,4,47.9268,1365,1
3067,31.9966,32.0078,4096,235.8750,4,47.9268,1365,1
3068,31.9966,32.0078,4096,235.8750,4,47.9268,1365,1
3069,31.9966,32.0078,4096,235.8750,4,47.9268,1365,1
3070,31.9966,32.0078,4096,235.8750,4,47.9268,1365,1
3071,31.9966,32.0078,4096,235.8750,4,47.9268,1366,1
3072,31.9966,32.0078,4096,235.8750,4,47.9268,1366,1
3073,31.9966,32.0078,4096,235.8750,4,47.9268,1367,1
3074,31.9966,32.0078,4096,235.8750,4,47.9268,1368,1
3075,31.9966,32.0078,4096,235.8750,4,47.9268,1369,1
3076,31.9966,32.0078,4096,235.8750,4,47.9268,1369,1
3077,31.9966,32.0078,4096,235.8750,4,47.9268,1369,1
3078,31.9966,32.0078,4096,235.8750,4,47.9268,1369,1
3079,31.9966,32.0078,4096,235.8750,4,47.9268,1369,1
3080,31.9966,32.0078,4096,235.8750,4,47.9268,1370,1
3081,31.9966,32.0078,4096,235.8750,4,47.9268,1371,1
3082,31.9966,32.0078,4096,235.8750,4,47.9268,1372,1
3083,31.9966,32.0078,4096,235.8750,4,47.9268,1372,1
3084,31.9966,32.0078,4096,235.8750,4,47.9268,1372,1
3085,31.9966,32.0078,4096,235.8750,4,47.9268,1372,1
3086,31.9966,32.0078,4096,235.8750,4,47.9268,1372,1
3087,31.9966,32.0078,4096,235.8750,4,47.9268,1372,1
3088,31.9966,32.0078,4096,235.8750,4,47.9268,1373,1
3089,31.9966,32.0078,4096,235.8750,4,47.9268,1374,1
3090,31.9966,32.0078,4096,235.8750,4,47.9268,1374,1
3091,31.9966,32.0078,4096,235.8750,4,47.9268,1374,1
3092,31.9966,32.0078,4096,235.8750,4,47.9268,1375,1
3093,31.9966,32.0078,4096,235.8750,4,47.9268,1375,1
3094,31.9966,32.0078,4096,235.8750,4,47.9268,1375,1
3095,31.9966,32.0078,4096,235.8750,4,47.9268,1375,1
3096,31.9966,32.0078,4096,235.8750,4,47.9268,1376,1
3097,31.9966,32.0078,4096,235.8750,4,47.9268,1376,1
3098,31.9966,32.0078,4096,235.8750,4,47.9268,1376,1
3099,31.9966,32.0078,4096,235.8750,4,47.9268,1376,1
3100,31.9966,32.0078,4096,235.8750,4,47.9268,1377,1
3101,31.9966,32.0078,4096,235.8750,4,47.9268,1377,1
3102,31.9966,32.0078,4096,235.8750,4,47.9268,1378,1
3103,31.9966,32.0078,4096,235.8750,4,47.9268,1379,1
3104,31.9966,32.0078,4096,235.8750,4,47.9268,1380,1
3105,31.9966,32.0078,4096,235.8750,4,47.9268,1381,1
3106,31.9966,32.0078,4096,235.8750,4,47.9268,1382,1
3107,31.9966,32.0078,4096,235.8750,4,47.9268,1383,1
3108,31.9966,32.0078,4096,235.8750,4,47.9268,1384,1
3109,31.9966,32.0078,4096,235.8750,4,47.9268,1385,1
3110,31.9966,32.0078,4096,235.8750,4,47.9268,1386,1
3111,31.9966,32.0078,4096,235.8750,4,47.9268,1387,1
3112,31.9966,32.0078,4096,235.8750,4,47.9268,1387,1
3113,31.9966,32.0078,4096,235.8750,4,47.9268,1387,1
3114,31.9966,32.0078,4096,235.8750,4,47.9268,1388,1
3115,31.9966,32.0078,4096,235.8750,4,47.9268,1389,1
3116,31.9966,32.0078,4096,235.8750,4,47.9268,1389,1
3117,31.9966,32.0078,4096,235.8750,4,47.9268,1389,1
3118,31.9966,32.0078,4096,235.8750,4,47.9268,1389,1
3119,31.9966,32.0078,4096,235.8750,4,47.9268,1390,1
3120,31.9966,32.0078,4096,235.8750,4,47.9268,1390,1
3121,31.9966,32.0078,4096,235.8750,4,47.9268,1391,1
3122,31.9966,32.0078,4096,235.8750,4,47.9268,1391,1
3123,31.9966,32.0078,4096,235.8750,4,47.9268,1392,1
3124,31.9966,32.0078,4096,235.8750,4,47.9268,1393,1
3125,31.9966,32.0078,4096,235.8750,4,47.9268,1394,1
3126,31.9966,32.0078,4096,235.8750,4,47.9268,1394,1
3127,31.9966,32.0078,4096,235.8750,4,47.9268,1395,1
3128,31.9966,32.0078,4096,235.8750,4,47.9268,1396,1
3129,31.9966,32.0078,4096,235.8750,4,47.9268,1396,1
3130,31.9966,32.0078,4096,235.8750,4,47.9268,1396,1
3131,31.9966,32.0078,4096,235.8750,4,47.9268,1396,1
3132,31.9966,32.0078,4096,235.8750,4,47.9268,1396,1
3133,31.9966,32.0078,4096,235.8750,4,47.9268,1396,1
3134,31.9966,32.0078,4096,235.8750,4,47.9268,1396,1
3135,31.9966,32.0078,4096,235.8750,4,47.9268,1396,1
3136,31.9966,32.0078,4096,235.8750,4,47.9268,1397,1
3137,31.9966,32.0078,4096,235.8750,4,47.9268,1398,1
3138,31.9966,32.0078,4096,235.8750,4,47.9268,1398,1
3139,31.9966,32.0078,4096,235.8750,4,47.9268,1399,1
3140,31.9966,32.0078,4096,235.8750,4,47.9268,1399,1
3141,31.9966,32.0078,4096,235.8750,4,47.9268,1399,1
3142,31.9966,32.0078,4096,235.8750,4,47.9268,1399,1
3143,31.9966,32.0078,4096,235.8750,4,47.9268,1399,1
3144,31.9966,32.0078,4096,235.8750,4,47.9268,1400,1
3145,31.9966,32.0078,4096,235.8750,4,47.9268,1401,1
3146,31.9966,32.0078,4096,235.8750,4,47.9268,1402,1
3147,31.9966,32.0078,4096,235.8750,4,47.9268,1402,1
3148,31.9966,32.0078,4096,235.8750,4,47.9268,1402,1
3149,31.9966,32.0078,4096,235.8750,4,47.9268,1403,1
3150,31.9966,32.0078,4096,235.8750,4,47.9268,1404,1
3151,31.9966,32.0078,4096,235.8750,4,47.9268,1404,1
3152,31.9966,32.0078,4096,235.8750,4,47.9268,1404,1
3153,31.9966,32.0078,4096,235.8750,4,47.9268,1405,1
3154,31.9966,32.0078,4096,235.8750,4,47.9268,1405,1
3155,31.9966,32.0078,4096,235.8750,4,47.9268,1406,1
3156,31.9966,32.0078,4096,235.8750,4,47.9268,1407,1
3157,31.9966,32.0078,4096,235.8750,4,47.9268,1407,1
3158,31.9966,32.0078,4096,235.8750,4,47.9268,1407,1
3159,31.9966,32.0078,4096,235.8750,4,47.9268,1407,1
3160,31.9966,32.0078,4096,235.8750,4,47.9268,1407,1
3161,31.9966,32.0078,4096,235.8750,4,47.9268,1408,1
3162,31.9966,32.0078,4096,235.8750,4,47.9268,1408,1
3163,31.9966,32.0078,4096,235.8750,4,47.9268,1409,1
3164,31.9966,32.0078,4096,235.8750,4,47.9268,1409,1
3165,31.9966,32.0078,4096,235.8750,4,47.9268,1409,1
3166,31.9966,32.0078,4096,235.8750,4,47.9268,1410,1
3167,31.9966,32.0078,4096,235.8750,4,47.9268,1410,1
3168,31.9966,32.0078,4096,235.8750,4,47.9268,1411,1
3169,31.9966,32.0078,4096,235.8750,4,47.9268,1412,1
3170,31.9966,32.0078,4096,235.8750,4,47.9268,1412,1
3171,31.9966,32.0078,4096,235.8750,4,47.9268,1412,1
3172,31.9966,32.0078,4096,235.8750,4,47.9268,1413,1
3173,31.9966,32.0078,4096,235.8750,4,47.9268,1414,1
3174,31.9966,32.0078,4096,235.8750,4,47.9268,1415,1
3175,31.9966,32.0078,4096,235.8750,4,47.9268,1415,1
3176,31.9966,32.0078,4096,235.8750,4,47.9268,1415,1
3177,31.9966,32.0078,4096,235.8750,4,47.9268,1415,1
3178,31.9966,32.0078,4096,235.8750,4,47.9268,1415,1
3179,31.9966,32.0078,4096,235.8750,4,47.9268,1415,1
3180,31.9966,32.0078,4096,235.8750,4,47.9268,1416,1
3181,31.9966,32.0078,4096,235.8750,4,47.9268,1416,1
3182,31.9966,32.0078,4096,235.8750,4,47.9268,1416,1
3183,31.9966,32.0078,4096,235.8750,4,47.9268,1416,1
3184,31.9966,32.0078,4096,235.8750,4,47.9268,1416,1
3185,31.9966,32.0078,4096,235.8750,4,47.9268,1417,1
3186,31.9966,32.0078,4096,235.8750,4,47.9268,1417,1
3187,31.9966,32.0078,4096,235.8750,4,47.9268,1418,1
3188,31.9966,32.0078,4096,235.8750,4,47.9268,1418,1
3189,31.9966,32.0078,4096,235.8750,4,47.9268,1418,1
3190,31.9966,32.0078,4096,235.8750,4,47.9268,1419,1
3191,31.9966,32.0078,4096,235.8750,4,47.9268,1419,1
3192,31.9966,32.0078,4096,235.8750,4,47.9268,1419,1
3193,31.9966,32.0078,4096,235.8750,4,47.9268,1419,1
3194,31.9966,32.0078,4096,235.8750,4,47.9268,1419,1
3195,31.9966,32.0078,4096,235.8750,4,47.9268,1419,1
3196,31.9966,32.0078,4096,235.8750,4,47.9268,1420,1
3197,31.9966,32.0078,4096,235.8750,4,47.9268,1420,1
3198,31.9966,32.0078,4096,235.8750,4,47.9268,1420,1
3199,31.9966,32.0078,4096,235.8750,4,47.9268,1420,1
3200,31.9966,32.0078,4096,235.8750,4,47.9268,1421,1
3201,31.9966,32.0078,4096,235.8750,4,47.9268,1422,1
3202,31.9966,32.0078,4096,235.8750,4,47.9268,1423,1
3203,31.9966,32.0078,4096,235.8750,4,47.9268,1424,1
3204,31.9966,32.0078,4096,235.8750,4,47.9268,1424,1
3205,31.9966,32.0078,4096,235.8750,4,47.9268,1425,1
3206,31.9966,32.0078,4096,235.8750,4,47.9268,1426,1
3207,31.9966,32.0078,4096,235.8750,4,47.9268,1426,1
3208,31.9966,32.0078,4096,235.8750,4,47.9268,1427,1
3209,31.9966,32.0078,4096,235.8750,4,47.9268,1427,1
3210,31.9966,32.0078,4096,235.8750,4,47.9268,1427,1
3211,31.9966,32.0078,4096,235.8750,4,47.9268,1427,1
3212,31.9966,32.0078,4096,235.8750,4,47.9268,1427,1
3213,31.9966,32.0078,4096,235.8750,4,47.9268,1427,1
3214,31.9966,32.0078,4096,235.8750,4,47.9268,1427,1
3215,31.9966,32.0078,4096,235.8750,4,47.9268,1427,1
3216,31.9966,32.0078,4096,235.8750,4,47.9268,1427,1
3217,31.9966,32.0078,4096,235.8750,4,47.9268,1427,1
3218,31.9966,32.0078,4096,235.8750,4,47.9268,1427,1
3219,31.9966,32.0078,4096,235.8750,4,47.9268,1428,1
3220,31.9966,32.0078,4096,235.8750,4,47.9268,1428,1
3221,31.9966,32.0078,4096,235.8750,4,47.9268,1428,1
3222,31.9966,32.0078,4096,235.8750,4,47.9268,1428,1
3223,31.9966,32.0078,4096,235.8750,4,47.9268,1429,1
3224,31.9966,32.0078,4096,235.8750,4,47.9268,1429,1
3225,31.9966,32.0078,4096,235.8750,4,47.9268,1430,1
3226,31.9966,32.0078,4096,235.8750,4,47.9268,1431,1
3227,31.9966,32.0078,4096,235.8750,4,47.9268,1431,1
3228,31.9966,32.0078,4096,235.8750,4,47.9268,1431,1
3229,31.9966,32.0078,4096,235.8750,4,47.9268,1431,1
3230,31.9966,32.0078,4096,235.8750,4,47.9268,1432,1
3231,31.9966,32.0078,4096,235.8750,4,47.9268,1433,1
3232,31.9966,32.0078,4096,235.8750,4,47.9268,1434,1
3233,31.9966,32.0078,4096,235.8750,4,47.9268,1434,1
3234,31.9966,32.0078,4096,235.8750,4,47.9268,1434,1
3235,31.9966,32.0078,4096,235.8750,4,47.9268,1434,1
3236,31.9966,32.0078,4096,235.8750,4,47.9268,1434,1
3237,31.9966,32.0078,4096,235.8750,4,47.9268,1434,1
3238,31.9966,32.0078,4096,235.8750,4,47.9268,1434,1
3239,31.9966,32.0078,4096,235.8750,4,47.9268,1435,1
3240,31.9966,32.0078,4096,235.8750,4,47.9268,1436,1
3241,31.9966,32.0078,4096,235.8750,4,47.9268,1436,1
3242,31.9966,32.0078,4096,235.8750,4,47.9268,1437,1
3243,31.9966,32.0078,4096,235.8750,4,47.9268,1437,1
3244,31.9966,32.0078,4096,235.8750,4,47.9268,1437,1
3245,31.9966,32.0078,4096,235.8750,4,47.9268,1437,1
3246,31.9966,32.0078,4096,235.8750,4,47.9268,1437,1
3247,31.9966,32.0078,4096,235.8750,4,47.9268,1438,1
3248,31.9966,32.0078,4096,235.8750,4,47.9268,1439,1
3249,31.9966,32.0078,4096,235.8750,4,47.9268,1439,1
3250,31.9966,32.0078,4096,235.8750,4,47.9268,1439,1
3251,31.9966,32.0078,4096,235.8750,4,47.9268,1439,1
3252,31.9966,32.0078,4096,235.8750,4,47.9268,1439,1
3253,31.9966,32.0078,4096,235.8750,4,47.9268,1440,1
3254,31.9966,32.0078,4096,235.8750,4,47.9268,1440,1
3255,31.9966,32.0078,4096,235.8750,4,47.9268,1440,1
3256,31.9966,32.0078,4096,235.8750,4,47.9268,1440,1
3257,31.9966,32.0078,4096,235.8750,4,47.9268,1441,1
3258,31.9966,32.0078,4096,235.8750,4,47.9268,1441,1
3259,31.9966,32.0078,4096,235.8750,4,47.9268,1441,1
3260,31.9966,32.0078,4096,235.8750,4,47.9268,1441,1
3261,31.9966,32.0078,4096,235.8750,4,47.9268,1441,1
3262,31.9966,32.0078,4096,235.8750,4,47.9268,1441,1
3263,31.9966,32.0078,4096,235.8750,4,47.9268,1441,1
3264,31.9966,32.0078,4096,235.8750,4,47.9268,1441,1
3265,31.9966,32.0078,4096,235.8750,4,47.9268,1441,1
3266,31.9966,32.0078,4096,235.8750,4,47.9268,1441,1
3267,31.9966,32.0078,4096,235.8750,4,47.9268,1441,1
3268,31.9966,32.0078,4096,235.8750,4,47.9268,1442,1
3269,31.9966,32.0078,4096,235.8750,4,47.9268,1443,1
3270,31.9966,32.0078,4096,235.8750,4,47.9268,1444,1
3271,31.9966,32.0078,4096,235.8750,4,47.9268,1444,1
3272,31.9966,32.0078,4096,235.8750,4,47.9268,1445,1
3273,31.9966,32.0078,4096,235.8750,4,47.9268,1446,1
3274,31.9966,32.0078,4096,235.8750,4,47.9268,1447,1
3275,31.9966,32.0078,4096,235.8750,4,47.9268,1448,1
3276,31.9966,32.0078,4096,235.8750,4,47.9268,1449,1
3277,31.9966,32.0078,4096,235.8750,4,47.9268,1449,1
3278,31.9966,32.0078,4096,235.8750,4,47.9268,1449,1
3279,31.9966,32.0078,4096,235.8750,4,47.9268,1449,1
3280,31.9966,32.0078,4096,235.8750,4,47.9268,1449,1
3281,31.9966,32.0078,4096,235.8750,4,47.9268,1450,1
3282,31.9966,32.0078,4096,235.8750,4,47.9268,1450,1
3283,31.9966,32.0078,4096,235.8750,4,47.9268,1450,1
3284,31.9966,32.0078,4096,235.8750,4,47.9268,1451,1
3285,31.9966,32.0078,4096,235.8750,4,47.9268,1451,1
3286,31.9966,32.0078,4096,235.8750,4,47.9268,1451,1
3287,31.9966,32.0078,4096,235.8750,4,47.9268,1451,1
3288,31.9966,32.0078,4096,235.8750,4,47.9268,1452,1
3289,31.9966,32.0078,4096,235.8750,4,47.9268,1453,1
3290,31.9966,32.0078,4096,235.8750,4,47.9268,1454,1
3291,31.9966,32.0078,4096,235.8750,4,47.9268,1454,1
3292,31.9966,32.0078,4096,235.8750,4,47.9268,1455,1
3293,31.9966,32.0078,4096,235.8750,4,47.9268,1456,1
3294,31.9966,32.0078,4096,235.8750,4,47.9268,1457,1
3295,31.9966,32.0078,4096,235.8750,4,47.9268,1458,1
3296,31.9966,32.0078,4096,235.8750,4,47.9268,1459,1
3297,31.9966,32.0078,4096,235.8750,4,47.9268,1459,1
3298,31.9966,32.0078,4096,235.8750,4,47.9268,1459,1
3299,31.9966,32.0078,4096,235.8750,4,47.9268,1460,1
3300,31.9966,32.0078,4096,235.8750,4,47.9268,1460,1
3301,31.9966,32.0078,4096,235.8750,4,47.9268,1460,1
3302,31.9966,32.0078,4096,235.8750,4,47.9268,1461,1
3303,31.9966,32.0078,4096,235.8750,4,47.9268,1461,1
3304,31.9966,32.0078,4096,235.8750,4,47.9268,1461,1
3305,31.9966,32.0078,4096,235.8750,4,47.9268,1461,1
3306,31.9966,32.0078,4096,235.8750,4,47.9268,1461,1
3307,31.9966,32.0078,4096,235.8750,4,47.9268,1461,1
3308,31.9966,32.0078,4096,235.8750,4,47.9268,1461,1
3309,31.9966,32.0078,4096,235.8750,4,47.9268,1461,1
3310,31.9966,32.0078,4096,235.8750,4,47.9268,1462,1
3311,31.9966,32.0078,4096,235.8750,4,47.9268,1462,1
3312,31.9966,32.0078,4096,235.8750,4,47.9268,1462,1
3313,31.9966,32.0078,4096,235.8750,4,47.9268,1462,1
3314,31.9966,32.0078,4096,235.8750,4,47.9268,1462,1
3315,31.9966,32.0078,4096,235.8750,4,47.9268,1462,1
3316,31.9966,32.0078,4096,235.8750,4,47.9268,1462,1
3317,31.9966,32.0078,4096,235.8750,4,47.9268,1462,1
3318,31.9966,32.0078,4096,235.8750,4,47.9268,1462,1
3319,31.9966,32.0078,4096,235.8750,4,47.9268,1462,1
3320,31.9966,32.0078,4096,235.8750,4,47.9268,1463,1
3321,31.9966,32.0078,4096,235.8750,4,47.9268,1463,1
3322,31.9966,32.0078,4096,235.8750,4,47.9268,1463,1
3323,31.9966,32.0078,4096,235.8750,4,47.9268,1464,1
3324,31.9966,32.0078,4096,235.8750,4,47.9268,1465,1
3325,31.9966,32.0078,4096,235.8750,4,47.9268,1465,1
3326,31.9966,32.0078,4096,235.8750,4,47.9268,1465,1
3327,31.9966,32.0078,4096,235.8750,4,47.9268,1466,1
3328,31.9966,32.0078,4096,235.8750,4,47.9268,1466,1
3329,31.9966,32.0078,4096,235.8750,4,47.9268,1466,1
3330,31.9966,32.0078,4096,235.8750,4,47.9268,1466,1
3331,31.9966,32.0078,4096,235.8750,4,47.9268,1466,1
3332,31.9966,32.0078,4096,235.8750,4,47.9268,1466,1
3333,31.9966,32.0078,4096,235.8750,4,47.9268,1466,1
3334,31.9966,32.0078,4096,235.8750,4,47.9268,1466,1
3335,31.9966,32.0078,4096,235.8750,4,47.9268,1466,1
3336,31.9966,32.0078,4096,235.8750,4,47.9268,1466,1
3337,31.9966,32.0078,4096,235.8750,4,47.9268,1466,1
3338,31.9966,32.0078,4096,235.8750,4,47.9268,1466,1
3339,31.9966,32.0078,4096,235.8750,4,47.9268,1466,1
3340,31.9966,32.0078,4096,235.8750,4,47.9268,1467,1
3341,31.9966,32.0078,4096,235.8750,4,47.9268,1468,1
3342,31.9966,32.0078,4096,235.8750,4,47.9268,1469,1
3343,31.9966,32.0078,4096,235.8750,4,47.9268,1469,1
3344,31.9966,32.0078,4096,235.8750,4,47.9268,1469,1
3345,31.9966,32.0078,4096,235.8750,4,47.9268,1469,1
3346,31.9966,32.0078,4096,235.8750,4,47.9268,1470,1
3347,31.9966,32.0078,4096,235.8750,4,47.9268,1470,1
3348,31.9966,32.0078,4096,235.8750,4,47.9268,1471,1
3349,31.9966,32.0078,4096,235.8750,4,47.9268,1471,1
3350,31.9966,32.0078,4096,235.8750,4,47.9268,1471,1
3351,31.9966,32.0078,4096,235.8750,4,47.9268,1471,1
3352,31.9966,32.0078,4096,235.8750,4,47.9268,1472,1
3353,31.9966,32.0078,4096,235.8750,4,47.9268,1472,1
3354,31.9966,32.0078,4096,235.8750,4,47.9268,1472,1
3355,31.9966,32.0078,4096,235.8750,4,47.9268,1472,1
3356,31.9966,32.0078,4096,235.8750,4,47.9268,1473,1
3357,31.9966,32.0078,4096,235.8750,4,47.9268,1473,1
3358,31.9966,32.0078,4096,235.8750,4,47.9268,1473,1
3359,31.9966,32.0078,4096,235.8750,4,47.9268,1474,1
3360,31.9966,32.0078,4096,235.8750,4,47.9268,1474,1
3361,31.9966,32.0078,4096,235.8750,4,47.9268,1474,1
3362,31.9966,32.0078,4096,235.8750,4,47.9268,1474,1
3363,31.9966,32.0078,4096,235.8750,4,47.9268,1474,1
3364,31.9966,32.0078,4096,235.8750,4,47.9268,1474,1
3365,31.9966,32.0078,4096,235.8750,4,47.9268,1474,1
3366,31.9966,32.0078,4096,235.8750,4,47.9268,1474,1
3367,31.9966,32.0078,4096,235.8750,4,47.9268,1475,1
3368,31.9966,32.0078,4096,235.8750,4,47.9268,1476,1
3369,31.9966,32.0078,4096,235.8750,4,47.9268,1477,1
3370,31.9966,32.0078,4096,235.8750,4,47.9268,1477,1
3371,31.9966,32.0078,4096,235.8750,4,47.9268,1477,1
3372,31.9966,32.0078,4096,235.8750,4,47.9268,1477,1
3373,31.9966,32.0078,4096,235.8750,4,47.9268,1477,1
3374,31.9966,32.0078,4096,235.8750,4,47.9268,1478,1
3375,31.9966,32.0078,4096,235.8750,4,47.9268,1478,1
3376,31.9966,32.0078,4096,235.8750,4,47.9268,1479,1
3377,31.9966,32.0078,4096,235.8750,4,47.9268,1480,1
3378,31.9966,32.0078,4096,235.8750,4,47.9268,1481,1
3379,31.9966,32.0078,4096,235.8750,4,47.9268,1481,1
3380,31.9966,32.0078,4096,235.8750,4,47.9268,1481,1
3381,31.9966,32.0078,4096,235.8750,4,47.9268,1482,1
3382,31.9966,32.0078,4096,235.8750,4,47.9268,1482,1
3383,31.9966,32.0078,4096,235.8750,4,47.9268,1482,1
3384,31.9966,32.0078,4096,235.8750,4,47.9268,1482,1
3385,31.9966,32.0078,4096,235.8750,4,47.9268,1482,1
3386,31.9966,32.0078,4096,235.8750,4,47.9268,1482,1
3387,31.9966,32.0078,4096,235.8750,4,47.9268,1483,1
3388,31.9966,32.0078,4096,235.8750,4,47.9268,1483,1
3389,31.9966,32.0078,4096,235.8750,4,47.9268,1484,1
3390,31.9966,32.0078,4096,235.8750,4,47.9268,1484,1
3391,31.9966,32.0078,4096,235.8750,4,47.9268,1484,1
3392,31.9966,32.0078,4096,235.8750,4,47.9268,1485,1
3393,31.9966,32.0078,4096,235.8750,4,47.9268,1486,1
3394,31.9966,32.0078,4096,235.8750,4,47.9268,1487,1
3395,31.9966,32.0078,4096,235.8750,4,47.9268,1487,1
3396,31.9966,32.0078,4096,235.8750,4,47.9268,1488,1
3397,31.9966,32.0078,4096,235.8750,4,47.9268,1488,1
3398,31.9966,32.0078,4096,235.8750,4,47.9268,1489,1
3399,31.9966,32.0078,4096,235.8750,4,47.9268,1490,1
3400,31.9966,32.0078,4096,235.8750,4,47.9268,1490,1
3401,31.9966,32.0078,4096,235.8750,4,47.9268,1490,1
3402,31.9966,32.0078,4096,235.8750,4,47.9268,1490,1
3403,31.9966,32.0078,4096,235.8750,4,47.9268,1490,1
3404,31.9966,32.0078,4096,235.8750,4,47.9268,1490,1
3405,31.9966,32.0078,4096,235.8750,4,47.9268,1491,1
3406,31.9966,32.0078,4096,235.8750,4,47.9268,1491,1
3407,31.9966,32.0078,4096,235.8750,4,47.9268,1491,1
3408,31.9966,32.0078,4096,235.8750,4,47.9268,1491,1
3409,31.9966,32.0078,4096,235.8750,4,47.9268,1492,1
3410,31.9966,32.0078,4096,235.8750,4,47.9268,1492,1
3411,31.9966,32.0078,4096,235.8750,4,47.9268,1492,1
3412,31.9966,32.0078,4096,235.8750,4,47.9268,1492,1
3413,31.9966,32.0078,4096,235.8750,4,47.9268,1492,1
3414,31.9966,32.0078,4096,235.8750,4,47.9268,1492,1
3415,31.9966,32.0078,4096,235.8750,4,47.9268,1492,1
3416,31.9966,32.0078,4096,235.8750,4,47.9268,1492,1
3417,31.9966,32.0078,4096,235.8750,4,47.9268,1492,1
3418,31.9966,32.0078,4096,235.8750,4,47.9268,1493,1
3419,31.9966,32.0078,4096,235.8750,4,47.9268,1494,1
3420,31.9966,32.0078,4096,235.8750,4,47.9268,1494,1
3421,31.9966,32.0078,4096,235.8750,4,47.9268,1494,1
3422,31.9966,32.0078,4096,235.8750,4,47.9268,1494,1
3423,31.9966,32.0078,4096,235.8750,4,47.9268,1495,1
3424,31.9966,32.0078,4096,235.8750,4,47.9268,1495,1
3425,31.9966,32.0078,4096,235.8750,4,47.9268,1495,1
3426,31.9966,32.0078,4096,235.8750,4,47.9268,1496,1
3427,31.9966,32.0078,4096,235.8750,4,47.9268,1497,1
3428,31.9966,32.0078,4096,235.8750,4,47.9268,1497,1
3429,31.9966,32.0078,4096,235.8750,4,47.9268,1497,1
3430,31.9966,32.0078,4096,235.8750,4,47.9268,1498,1
3431,31.9966,32.0078,4096,235.8750,4,47.9268,1498,1
3432,31.9966,32.0078,4096,235.8750,4,47.9268,1499,1
3433,31.9966,32.0078,4096,235.8750,4,47.9268,1499,1
3434,31.9966,32.0078,4096,235.8750,4,47.9268,1500,1
3435,31.9966,32.0078,4096,235.8750,4,47.9268,1500,1
3436,31.9966,32.0078,4096,235.8750,4,47.9268,1500,1
3437,31.9966,32.0078,4096,235.8750,4,47.9268,1500,1
3438,31.9966,32.0078,4096,235.8750,4,47.9268,1501,1
3439,31.9966,32.0078,4096,235.8750,4,47.9268,1501,1
3440,31.9966,32.0078,4096,235.8750,4,47.9268,1501,1
3441,31.9966,32.0078,4096,235.8750,4,47.9268,1501,1
3442,31.9966,32.0078,4096,235.8750,4,47.9268,1501,1
3443,31.9966,32.0078,4096,235.8750,4,47.9268,1501,1
3444,31.9966,32.0078,4096,235.8750,4,47.9268,1502,1
3445,31.9966,32.0078,4096,235.8750,4,47.9268,1502,1
3446,31.9966,32.0078,4096,235.8750,4,47.9268,1502,1
3447,31.9966,32.0078,4096,235.8750,4,47.9268,1503,1
3448,31.9966,32.0078,4096,235.8750,4,47.9268,1504,1
3449,31.9966,32.0078,4096,235.8750,4,47.9268,1505,1
3450,31.9966,32.0078,4096,235.8750,4,47.9268,1506,1
3451,31.9966,32.0078,4096,235.8750,4,47.9268,1506,1
3452,31.9966,32.0078,4096,235.8750,4,47.9268,1506,1
3453,31.9966,32.0078,4096,235.8750,4,47.9268,1506,1
3454,31.9966,32.0078,4096,235.8750,4,47.9268,1507,1
3455,31.9966,32.0078,4096,235.8750,4,47.9268,1508,1
3456,31.9966,32.0078,4096,235.8750,4,47.9268,1508,1
3457,31.9966,32.0078,4096,235.8750,4,47.9268,1509,1
3458,31.9966,32.0078,4096,235.8750,4,47.9268,1509,1
3459,31.9966,32.0078,4096,235.8750,4,47.9268,1509,1
3460,31.9966,32.0078,4096,235.8750,4,47.9268,1509,1
3461,31.9966,32.0078,4096,235.8750,4,47.9268,1509,1
3462,31.9966,32.0078,4096,235.8750,4,47.9268,1509,1
3463,31.9966,32.0078,4096,235.8750,4,47.9268,1509,1
3464,31.9966,32.0078,4096,235.8750,4,47.9268,1509,1
3465,31.9966,32.0078,4096,235.8750,4,47.9268,1509,1
3466,31.9966,32.0078,4096,235.8750,4,47.9268,1509,1
3467,31.9966,32.0078,4096,235.8750,4,47.9268,1509,1
3468,31.9966,32.0078,4096,235.8750,4,47.9268,1510,1
3469,31.9966,32.0078,4096,235.8750,4,47.9268,1511,1
3470,31.9966,32.0078,4096,235.8750,4,47.9268,1511,1
3471,31.9966,32.0078,4096,235.8750,4,47.9268,1512,1
3472,31.9966,32.0078,4096,235.8750,4,47.9268,1512,1
3473,31.9966,32.0078,4096,235.8750,4,47.9268,1512,1
3474,31.9966,32.0078,4096,235.8750,4,47.9268,1512,1
3475,31.9966,32.0078,4096,235.8750,4,47.9268,1512,1
3476,31.9966,32.0078,4096,235.8750,4,47.9268,1512,1
3477,31.9966,32.0078,4096,235.8750,4,47.9268,1513,1
3478,31.9966,32.0078,4096,235.8750,4,47.9268,1513,1
3479,31.9966,32.0078,4096,235.8750,4,47.9268,1514,1
3480,31.9966,32.0078,4096,235.8750,4,47.9268,1514,1
3481,31.9966,32.0078,4096,235.8750,4,47.9268,1515,1
3482,31.9966,32.0078,4096,235.8750,4,47.9268,1516,1
3483,31.9966,32.0078,4096,235.8750,4,47.9268,1516,1
3484,31.9966,32.0078,4096,235.8750,4,47.9268,1516,1
3485,31.9966,32.0078,4096,235.8750,4,47.9268,1516,1
3486,31.9966,32.0078,4096,235.8750,4,47.9268,1516,1
3487,31.9966,32.0078,4096,235.8750,4,47.9268,1517,1
3488,31.9966,32.0078,4096,235.8750,4,47.9268,1517,1
3489,31.9966,32.0078,4096,235.8750,4,47.9268,1518,1
3490,31.9966,32.0078,4096,235.8750,4,47.9268,1518,1
3491,31.9966,32.0078,4096,235.8750,4,47.9268,1519,1
3492,31.9966,32.0078,4096,235.8750,4,47.9268,1519,1
3493,31.9966,32.0078,4096,235.8750,4,47.9268,1520,1
3494,31.9966,32.0078,4096,235.8750,4,47.9268,1520,1
3495,31.9966,32.0078,4096,235.8750,4,47.9268,1520,1
3496,31.9966,32.0078,4096,235.8750,4,47.9268,1521,1
3497,31.9966,32.0078,4096,235.8750,4,47.9268,1522,1
3498,31.9966,32.0078,4096,235.8750,4,47.9268,1523,1
3499,31.9966,32.0078,4096,235.8750,4,47.9268,1523,1
3500,31.9966,32.0078,4096,235.8750,4,47.9268,1523,1
3501,31.9966,32.0078,4096,235.8750,4,47.9268,1523,1
3502,31.9966,32.0078,4096,235.8750,4,47.9268,1524,1
3503,31.9966,32.0078,4096,235.8750,4,47.9268,1524,1
3504,31.9966,32.0078,4096,235.8750,4,47.9268,1525,1
3505,31.9966,32.0078,4096,235.8750,4,47.9268,1525,1
3506,31.9966,32.0078,4096,235.8750,4,47.9268,1525,1
3507,31.9966,32.0078,4096,235.8750,4,47.9268,1526,1
3508,31.9966,32.0078,4096,235.8750,4,47.9268,1526,1
3509,31.9966,32.0078,4096,235.8750,4,47.9268,1527,1
3510,31.9966,32.0078,4096,235.8750,4,47.9268,1527,1
3511,31.9966,32.0078,4096,235.8750,4,47.9268,1527,1
3512,31.9966,32.0078,4096,235.8750,4,47.9268,1527,1
3513,31.9966,32.0078,4096,235.8750,4,47.9268,1527,1
3514,31.9966,32.0078,4096,235.8750,4,47.9268,1528,1
3515,31.9966,32.0078,4096,235.8750,4,47.9268,1528,1
3516,31.9966,32.0078,4096,235.8750,4,47.9268,1528,1
3517,31.9966,32.0078,4096,235.8750,4,47.9268,1529,1
3518,31.9966,32.0078,4096,235.8750,4,47.9268,1530,1
3519,31.9966,32.0078,4096,235.8750,4,47.9268,1531,1
3520,31.9966,32.0078,4096,235.8750,4,47.9268,1531,1
3521,31.9966,32.0078,4096,235.8750,4,47.9268,1532,1
3522,31.9966,32.0078,4096,235.8750,4,47.9268,1532,1
3523,31.9966,32.0078,4096,235.8750,4,47.9268,1533,1
3524,31.9966,32.0078,4096,235.8750,4,47.9268,1533,1
3525,31.9966,32.0078,4096,235.8750,4,47.9268,1533,1
3526,31.9966,32.0078,4096,235.8750,4,47.9268,1533,1
3527,31.9966,32.0078,4096,235.8750,4,47.9268,1533,1
3528,31.9966,32.0078,4096,235.8750,4,47.9268,1534,1
3529,31.9966,32.0078,4096,235.8750,4,47.9268,1534,1
3530,31.9966,32.0078,4096,235.8750,4,47.9268,1534,1
3531,31.9966,32.0078,4096,235.8750,4,47.9268,1535,1
3532,31.9966,32.0078,4096,235.8750,4,47.9268,1535,1
3533,31.9966,32.0078,4096,235.8750,4,47.9268,1535,1
3534,31.9966,32.0078,4096,235.8750,4,47.9268,1536,1
3535,31.9966,32.0078,4096,235.8750,4,47.9268,1537,1
3536,31.9966,32.0078,4096,235.8750,4,47.9268,1537,1
3537,31.9966,32.0078,4096,235.8750,4,47.9268,1538,1
3538,31.9966,32.0078,4096,235.8750,4,47.9268,1539,1
3539,31.9966,32.0078,4096,235.8750,4,47.9268,1540,1
3540,31.9966,32.0078,4096,235.8750,4,47.9268,1540,1
3541,31.9966,32.0078,4096,235.8750,4,47.9268,1540,1
3542,31.9966,32.0078,4096,235.8750,4,47.9268,1541,1
3543,31.9966,32.0078,4096,235.8750,4,47.9268,1542,1
3544,31.9966,32.0078,4096,235.8750,4,47.9268,1543,1
3545,31.9966,32.0078,4096,235.8750,4,47.9268,1543,1
3546,31.9966,32.0078,4096,235.8750,4,47.9268,1543,1
3547,31.9966,32.0078,4096,235.8750,4,47.9268,1544,1
3548,31.9966,32.0078,4096,235.8750,4,47.9268,1545,1
3549,31.9966,32.0078,4096,235.8750,4,47.9268,1545,1
3550,31.9966,32.0078,4096,235.8750,4,47.9268,1545,1
3551,31.9966,32.0078,4096,235.8750,4,47.9268,1546,1
3552,31.9966,32.0078,4096,235.8750,4,47.9268,1546,1
3553,31.9966,32.0078,4096,235.8750,4,47.9268,1546,1
3554,31.9966,32.0078,4096,235.8750,4,47.9268,1546,1
3555,31.9966,32.0078,4096,235.8750,4,47.9268,1546,1
3556,31.9966,32.0078,4096,235.8750,4,47.9268,1546,1
3557,31.9966,32.0078,4096,235.8750,4,47.9268,1546,1
3558,31.9966,32.0078,4096,235.8750,4,47.9268,1546,1
3559,31.9966,32.0078,4096,235.8750,4,47.9268,1546,1
3560,31.9966,32.0078,4096,235.8750,4,47.9268,1547,1
3561,31.9966,32.0078,4096,235.8750,4,47.9268,1548,1
3562,31.9966,32.0078,4096,235.8750,4,47.9268,1549,1
3563,31.9966,32.0078,4096,235.8750,4,47.9268,1549,1
3564,31.9966,32.0078,4096,235.8750,4,47.9268,1550,1
3565,31.9966,32.0078,4096,235.8750,4,47.9268,1550,1
3566,31.9966,32.0078,4096,235.8750,4,47.9268,1551,1
3567,31.9966,32.0078,4096,235.8750,4,47.9268,1551,1
3568,31.9966,32.0078,4096,235.8750,4,47.9268,1551,1
3569,31.9966,32.0078,4096,235.8750,4,47.9268,1551,1
3570,31.9966,32.0078,4096,235.8750,4,47.9268,1551,1
3571,31.9966,32.0078,4096,235.8750,4,47.9268,1551,1
3572,31.9966,32.0078,4096,235.8750,4,47.9268,1551,1
3573,31.9966,32.0078,4096,235.8750,4,47.9268,1551,1
3574,31.9966,32.0078,4096,235.8750,4,47.9268,1552,1
3575,31.9966,32.0078,4096,235.8750,4,47.9268,1552,1
3576,31.9966,32.0078,4096,235.8750,4,47.9268,1553,1
3577,31.9966,32.0078,4096,235.8750,4,47.9268,1554,1
3578,31.9966,32.0078,4096,235.8750,4,47.9268,1554,1
3579,31.9966,32.0078,4096,235.8750,4,47.9268,1554,1
3580,31.9966,32.0078,4096,235.8750,4,47.9268,1554,1
3581,31.9966,32.0078,4096,235.8750,4,47.9268,1555,1
3582,31.9966,32.0078,4096,235.8750,4,47.9268,1556,1
3583,31.9966,32.0078,4096,235.8750,4,47.9268,1556,1
3584,31.9966,32.0078,4096,235.8750,4,47.9268,1557,1
3585,31.9966,32.0078,4096,235.8750,4,47.9268,1557,1
3586,31.9966,32.0078,4096,235.8750,4,47.9268,1557,1
3587,31.9966,32.0078,4096,235.8750,4,47.9268,1557,1
3588,31.9966,32.0078,4096,235.8750,4,47.9268,1558,1
3589,31.9966,32.0078,4096,235.8750,4,47.9268,1558,1
3590,31.9966,32.0078,4096,235.8750,4,47.9268,1558,1
3591,31.9966,32.0078,4096,235.8750,4,47.9268,1559,1
3592,31.9966,32.0078,4096,235.8750,4,47.9268,1559,1
3593,31.9966,32.0078,4096,235.8750,4,47.9268,1559,1
3594,31.9966,32.0078,4096,235.8750,4,47.9268,1559,1
3595,31.9966,32.0078,4096,235.8750,4,47.9268,1560,1
3596,31.9966,32.0078,4096,235.8750,4,47.9268,1560,1
3597,31.9966,32.0078,4096,235.8750,4,47.9268,1561,1
3598,31.9966,32.0078,4096,235.8750,4,47.9268,1562,1
3599,31.9966,32.0078,4096,235.8750,4,47.9268,1562,1
3600,31.9966,32.0078,4096,235.8750,4,47.9268,1562,1
3601,31.9966,32.0078,4096,235.8750,4,47.9268,1562,1
3602,31.9966,32.0078,4096,235.8750,4,47.9268,1563,1
3603,31.9966,32.0078,4096,235.8750,4,47.9268,1564,1
3604,31.9966,32.0078,4096,235.8750,4,47.9268,1564,1
3605,31.9966,32.0078,4096,235.8750,4,47.9268,1564,1
3606,31.9966,32.0078,4096,235.8750,4,47.9268,1564,1
3607,31.9966,32.0078,4096,235.8750,4,47.9268,1565,1
3608,31.9966,32.0078,4096,235.8750,4,47.9268,1566,1
3609,31.9966,32.0078,4096,235.8750,4,47.9268,1566,1
3610,31.9966,32.0078,4096,235.8750,4,47.9268,1567,1
3611,31.9966,32.0078,4096,235.8750,4,47.9268,1568,1
3612,31.9966,32.0078,4096,235.8750,4,47.9268,1568,1
3613,31.9966,32.0078,4096,235.8750,4,47.9268,1568,1
3614,31.9966,32.0078,4096,235.8750,4,47.9268,1568,1
3615,31.9966,32.0078,4096,235.8750,4,47.9268,1568,1
3616,31.9966,32.0078,4096,235.8750,4,47.9268,1569,1
3617,31.9966,32.0078,4096,235.8750,4,47.9268,1569,1
3618,31.9966,32.0078,4096,235.8750,4,47.9268,1569,1
3619,31.9966,32.0078,4096,235.8750,4,47.9268,1570,1
3620,31.9966,32.0078,4096,235.8750,4,47.9268,1570,1
3621,31.9966,32.0078,4096,235.8750,4,47.9268,1570,1
3622,31.9966,32.0078,4096,235.8750,4,47.9268,1570,1
3623,31.9966,32.0078,4096,235.8750,4,47.9268,1570,1
3624,31.9966,32.0078,4096,235.8750,4,47.9268,1570,1
3625,31.9966,32.0078,4096,235.8750,4,47.9268,1571,1
3626,31.9966,32.0078,4096,235.8750,4,47.9268,1572,1
3627,31.9966,32.0078,4096,235.8750,4,47.9268,1572,1
3628,31.9966,32.0078,4096,235.8750,4,47.9268,1572,1
3629,31.9966,32.0078,4096,235.8750,4,47.9268,1572,1
3630,31.9966,32.0078,4096,235.8750,4,47.9268,1573,1
3631,31.9966,32.0078,4096,235.8750,4,47.9268,1573,1
3632,31.9966,32.0078,4096,235.8750,4,47.9268,1573,1
3633,31.9966,32.0078,4096,235.8750,4,47.9268,1573,1
3634,31.9966,32.0078,4096,235.8750,4,47.9268,1573,1
3635,31.9966,32.0078,4096,235.8750,4,47.9268,1573,1
3636,31.9966,32.0078,4096,235.8750,4,47.9268,1573,1
3637,31.9966,32.0078,4096,235.8750,4,47.9268,1574,1
3638,31.9966,32.0078,4096,235.8750,4,47.9268,1574,1
3639,31.9966,32.0078,4096,235.8750,4,47.9268,1575,1
3640,31.9966,32.0078,4096,235.8750,4,47.9268,1575,1
3641,31.9966,32.0078,4096,235.8750,4,47.9268,1575,1
3642,31.9966,32.0078,4096,235.8750,4,47.9268,1575,1
3643,31.9966,32.0078,4096,235.8750,4,47.9268,1575,1
3644,31.9966,32.0078,4096,235.8750,4,47.9268,1575,1
3645,31.9966,32.0078,4096,235.8750,4,47.9268,1576,1
3646,31.9966,32.0078,4096,235.8750,4,47.9268,1577,1
3647,31.9966,32.0078,4096,235.8750,4,47.9268,1577,1
3648,31.9966,32.0078,4096,235.8750,4,47.9268,1578,1
3649,31.9966,32.0078,4096,235.8750,4,47.9268,1578,1
3650,31.9966,32.0078,4096,235.8750,4,47.9268,1578,1
3651,31.9966,32.0078,4096,235.8750,4,47.9268,1578,1
3652,31.9966,32.0078,4096,235.8750,4,47.9268,1578,1
3653,31.9966,32.0078,4096,235.8750,4,47.9268,1578,1
3654,31.9966,32.0078,4096,235.8750,4,47.9268,1578,1
3655,31.9966,32.0078,4096,235.8750,4,47.9268,1578,1
3656,31.9966,32.0078,4096,235.8750,4,47.9268,1579,1
3657,31.9966,32.0078,4096,235.8750,4,47.9268,1579,1
3658,31.9966,32.0078,4096,235.8750,4,47.9268,1579,1
3659,31.9966,32.0078,4096,235.8750,4,47.9268,1579,1
3660,31.9966,32.0078,4096,235.8750,4,47.9268,1579,1
3661,31.9966,32.0078,4096,235.8750,4,47.9268,1579,1
3662,31.9966,32.0078,4096,235.8750,4,47.9268,1579,1
3663,31.9966,32.0078,4096,235.8750,4,47.9268,1579,1
3664,31.9966,32.0078,4096,235.8750,4,47.9268,1579,1
3665,31.9966,32.0078,4096,235.8750,4,47.9268,1580,1
3666,31.9966,32.0078,4096,235.8750,4,47.9268,1580,1
3667,31.9966,32.0078,4096,235.8750,4,47.9268,1580,1
3668,31.9966,32.0078,4096,235.8750,4,47.9268,1581,1
3669,31.9966,32.0078,4096,235.8750,4,47.9268,1581,1
3670,31.9966,32.0078,4096,235.8750,4,47.9268,1582,1
3671,31.9966,32.0078,4096,235.8750,4,47.9268,1583,1
3672,31.9966,32.0078,4096,235.8750,4,47.9268,1584,1
3673,31.9966,32.0078,4096,235.8750,4,47.9268,1585,1
3674,31.9966,32.0078,4096,235.8750,4,47.9268,1586,1
3675,31.9966,32.0078,4096,235.8750,4,47.9268,1587,1
3676,31.9966,32.0078,4096,235.8750,4,47.9268,1587,1
3677,31.9966,32.0078,4096,235.8750,4,47.9268,1587,1
3678,31.9966,32.0078,4096,235.8750,4,47.9268,1587,1
3679,31.9966,32.0078,4096,235.8750,4,47.9268,1587,1
3680,31.9966,32.0078,4096,235.8750,4,47.9268,1587,1
3681,31.9966,32.0078,4096,235.8750,4,47.9268,1587,1
3682,31.9966,32.0078,4096,235.8750,4,47.9268,1587,1
3683,31.9966,32.0078,4096,235.8750,4,47.9268,1587,1
3684,31.9966,32.0078,4096,235.8750,4,47.9268,1588,1
3685,31.9966,32.0078,4096,235.8750,4,47.9268,1588,1
3686,31.9966,32.0078,4096,235.8750,4,47.9268,1588,1
3687,31.9966,32.0078,4096,235.8750,4,47.9268,1588,1
3688,31.9966,32.0078,4096,235.8750,4,47.9268,1588,1
3689,31.9966,32.0078,4096,235.8750,4,47.9268,1588,1
3690,31.9966,32.0078,4096,235.8750,4,47.9268,1588,1
3691,31.9966,32.0078,4096,235.8750,4,47.9268,1589,1
3692,31.9966,32.0078,4096,235.8750,4,47.9268,1589,1
3693,31.9966,32.0078,4096,235.8750,4,47.9268,1589,1
3694,31.9966,32.0078,4096,235.8750,4,47.9268,1589,1
3695,31.9966,32.0078,4096,235.8750,4,47.9268,1589,1
3696,31.9966,32.0078,4096,235.8750,4,47.9268,1589,1
3697,31.9966,32.0078,4096,235.8750,4,47.9268,1589,1
3698,31.9966,32.0078,4096,235.8750,4,47.9268,1589,1
3699,31.9966,32.0078,4096,235.8750,4,47.9268,1589,1
3700,31.9966,32.0078,4096,235.8750,4,47.9268,1589,1
3701,31.9966,32.0078,4096,235.8750,4,47.9268,1589,1
3702,31.9966,32.0078,4096,235.8750,4,47.9268,1590,1
3703,31.9966,32.0078,4096,235.8750,4,47.9268,1591,1
3704,31.9966,32.0078,4096,235.8750,4,47.9268,1592,1
3705,31.9966,32.0078,4096,235.8750,4,47.9268,1592,1
3706,31.9966,32.0078,4096,235.8750,4,47.9268,1592,1
3707,31.9966,32.0078,4096,235.8750,4,47.9268,1592,1
3708,31.9966,32.0078,4096,235.8750,4,47.9268,1593,1
3709,31.9966,32.0078,4096,235.8750,4,47.9268,1594,1
3710,31.9966,32.0078,4096,235.8750,4,47.9268,1594,1
3711,31.9966,32.0078,4096,235.8750,4,47.9268,1595,1
3712,31.9966,32.0078,4096,235.8750,4,47.9268,1596,1
3713,31.9966,32.0078,4096,235.8750,4,47.9268,1597,1
3714,31.9966,32.0078,4096,235.8750,4,47.9268,1597,1
3715,31.9966,32.0078,4096,235.8750,4,47.9268,1598,1
3716,31.9966,32.0078,4096,235.8750,4,47.9268,1598,1
3717,31.9966,32.0078,4096,235.8750,4,47.9268,1598,1
3718,31.9966,32.0078,4096,235.8750,4,47.9268,1599,1
3719,31.9966,32.0078,4096,235.8750,4,47.9268,1599,1
3720,31.9966,32.0078,4096,235.8750,4,47.9268,1600,1
3721,31.9966,32.0078,4096,235.8750,4,47.9268,1601,1
3722,31.9966,32.0078,4096,235.8750,4,47.9268,1601,1
3723,31.9966,32.0078,4096,235.8750,4,47.9268,1601,1
3724,31.9966,32.0078,4096,235.8750,4,47.9268,1602,1
3725,31.9966,32.0078,4096,235.8750,4,47.9268,1602,1
3726,31.9966,32.0078,4096,235.8750,4,47.9268,1603,1
3727,31.9966,32.0078,4096,235.8750,4,47.9268,1604,1
3728,31.9966,32.0078,4096,235.8750,4,47.9268,1605,1
3729,31.9966,32.0078,4096,235.8750,4,47.9268,1605,1
3730,31.9966,32.0078,4096,235.8750,4,47.9268,1605,1
3731,31.9966,32.0078,4096,235.8750,4,47.9268,1605,1
3732,31.9966,32.0078,4096,235.8750,4,47.9268,1606,1
3733,31.9966,32.0078,4096,235.8750,4,47.9268,1607,1
3734,31.9966,32.0078,4096,235.8750,4,47.9268,1608,1
3735,31.9966,32.0078,4096,235.8750,4,47.9268,1608,1
3736,31.9966,32.0078,4096,235.8750,4,47.9268,1608,1
3737,31.9966,32.0078,4096,235.8750,4,47.9268,1608,1
3738,31.9966,32.0078,4096,235.8750,4,47.9268,1608,1
3739,31.9966,32.0078,4096,235.8750,4,47.9268,1608,1
3740,31.9966,32.0078,4096,235.8750,4,47.9268,1609,1
3741,31.9966,32.0078,4096,235.8750,4,47.9268,1610,1
3742,31.9966,32.0078,4096,235.8750,4,47.9268,1611,1
3743,31.9966,32.0078,4096,235.8750,4,47.9268,1611,1
3744,31.9966,32.0078,4096,235.8750,4,47.9268,1611,1
3745,31.9966,32.0078,4096,235.8750,4,47.9268,1612,1
3746,31.9966,32.0078,4096,235.8750,4,47.9268,1612,1
3747,31.9966,32.0078,4096,235.8750,4,47.9268,1613,1
3748,31.9966,32.0078,4096,235.8750,4,47.9268,1614,1
3749,31.9966,32.0078,4096,235.8750,4,47.9268,1614,1
3750,31.9966,32.0078,4096,235.8750,4,47.9268,1614,1
3751,31.9966,32.0078,4096,235.8750,4,47.9268,1615,1
3752,31.9966,32.0078,4096,235.8750,4,47.9268,1615,1
3753,31.9966,32.0078,4096,235.8750,4,47.9268,1616,1
3754,31.9966,32.0078,4096,235.8750,4,47.9268,1616,1
3755,31.9966,32.0078,4096,235.8750,4,47.9268,1617,1
3756,31.9966,32.0078,4096,235.8750,4,47.9268,1618,1
3757,31.9966,32.0078,4096,235.8750,4,47.9268,1619,1
3758,31.9966,32.0078,4096,235.8750,4,47.9268,1619,1
3759,31.9966,32.0078,4096,235.8750,4,47.9268,1619,1
3760,31.9966,32.0078,4096,235.8750,4,47.9268,1619,1
3761,31.9966,32.0078,4096,235.8750,4,47.9268,1620,1
3762,31.9966,32.0078,4096,235.8750,4,47.9268,1621,1
3763,31.9966,32.0078,4096,235.8750,4,47.9268,1622,1
3764,31.9966,32.0078,4096,235.8750,4,47.9268,1623,1
3765,31.9966,32.0078,4096,235.8750,4,47.9268,1623,1
3766,31.9966,32.0078,4096,235.8750,4,47.9268,1623,1
3767,31.9966,32.0078,4096,235.8750,4,47.9268,1623,1
3768,31.9966,32.0078,4096,235.8750,4,47.9268,1623,1
3769,31.9966,32.0078,4096,235.8750,4,47.9268,1624,1
3770,31.9966,32.0078,4096,235.8750,4,47.9268,1625,1
3771,31.9966,32.0078,4096,235.8750,4,47.9268,1625,1
3772,31.9966,32.0078,4096,235.8750,4,47.9268,1625,1
3773,31.9966,32.0078,4096,235.8750,4,47.9268,1625,1
3774,31.9966,32.0078,4096,235.8750,4,47.9268,1625,1
3775,31.9966,32.0078,4096,235.8750,4,47.9268,1625,1
3776,31.9966,32.0078,4096,235.8750,4,47.9268,1626,1
3777,31.9966,32.0078,4096,235.8750,4,47.9268,1626,1
3778,31.9966,32.0078,4096,235.8750,4,47.9268,1627,1
3779,31.9966,32.0078,4096,235.8750,4,47.9268,1627,1
3780,31.9966,32.0078,4096,235.8750,4,47.9268,1627,1
3781,31.9966,32.0078,4096,235.8750,4,47.9268,1627,1
3782,31.9966,32.0078,4096,235.8750,4,47.9268,1627,1
3783,31.9966,32.0078,4096,235.8750,4,47.9268,1627,1
3784,31.9966,32.0078,4096,235.8750,4,47.9268,1627,1
3785,31.9966,32.0078,4096,235.8750,4,47.9268,1628,1
3786,31.9966,32.0078,4096,235.8750,4,47.9268,1628,1
3787,31.9966,32.0078,4096,235.8750,4,47.9268,1629,1
3788,31.9966,32.0078,4096,235.8750,4,47.9268,1629,1
3789,31.9966,32.0078,4096,235.8750,4,47.9268,1629,1
3790,31.9966,32.0078,4096,235.8750,4,47.9268,1629,1
3791,31.9966,32.0078,4096,235.8750,4,47.9268,1629,1
3792,31.9966,32.0078,4096,235.8750,4,47.9268,1630,1
3793,31.9966,32.0078,4096,235.8750,4,47.9268,1631,1
3794,31.9966,32.0078,4096,235.8750,4,47.9268,1631,1
3795,31.9966,32.0078,4096,235.8750,4,47.9268,1631,1
3796,31.9966,32.0078,4096,235.8750,4,47.9268,1631,1
3797,31.9966,32.0078,4096,235.8750,4,47.9268,1632,1
3798,31.9966,32.0078,4096,235.8750,4,47.9268,1632,1
3799,31.9966,32.0078,4096,235.8750,4,47.9268,1633,1
3800,31.9966,32.0078,4096,235.8750,4,47.9268,1633,1
3801,31.9966,32.0078,4096,235.8750,4,47.9268,1633,1
3802,31.9966,32.0078,4096,235.8750,4,47.9268,1633,1
3803,31.9966,32.0078,4096,235.8750,4,47.9268,1634,1
3804,31.9966,32.0078,4096,235.8750,4,47.9268,1634,1
3805,31.9966,32.0078,4096,235.8750,4,47.9268,1635,1
3806,31.9966,32.0078,4096,235.8750,4,47.9268,1636,1
3807,31.9966,32.0078,4096,235.8750,4,47.9268,1636,1
3808,31.9966,32.0078,4096,235.8750,4,47.9268,1637,1
3809,31.9966,32.0078,4096,235.8750,4,47.9268,1637,1
3810,31.9966,32.0078,4096,235.8750,4,47.9268,1638,1
3811,31.9966,32.0078,4096,235.8750,4,47.9268,1639,1
3812,31.9966,32.0078,4096,235.8750,4,47.9268,1639,1
3813,31.9966,32.0078,4096,235.8750,4,47.9268,1640,1
3814,31.9966,32.0078,4096,235.8750,4,47.9268,1640,1
3815,31.9966,32.0078,4096,235.8750,4,47.9268,1641,1
3816,31.9966,32.0078,4096,235.8750,4,47.9268,1641,1
3817,31.9966,32.0078,4096,235.8750,4,47.9268,1641,1
3818,31.9966,32.0078,4096,235.8750,4,47.9268,1642,1
3819,31.9966,32.0078,4096,235.8750,4,47.9268,1642,1
3820,31.9966,32.0078,4096,235.8750,4,47.9268,1643,1
3821,31.9966,32.0078,4096,235.8750,4,47.9268,1643,1
3822,31.9966,32.0078,4096,235.8750,4,47.9268,1644,1
3823,31.9966,32.0078,4096,235.8750,4,47.9268,1645,1
3824,31.9966,32.0078,4096,235.8750,4,47.9268,1645,1
3825,31.9966,32.0078,4096,235.8750,4,47.9268,1646,1
3826,31.9966,32.0078,4096,235.8750,4,47.9268,1647,1
3827,31.9966,32.0078,4096,235.8750,4,47.9268,1647,1
3828,31.9966,32.0078,4096,235.8750,4,47.9268,1647,1
3829,31.9966,32.0078,4096,235.8750,4,47.9268,1647,1
3830,31.9966,32.0078,4096,235.8750,4,47.9268,1647,1
3831,31.9966,32.0078,4096,235.8750,4,47.9268,1647,1
3832,31.9966,32.0078,4096,235.8750,4,47.9268,1647,1
3833,31.9966,32.0078,4096,235.8750,4,47.9268,1648,1
3834,31.9966,32.0078,4096,235.8750,4,47.9268,1648,1
3835,31.9966,32.0078,4096,235.8750,4,47.9268,1649,1
3836,31.9966,32.0078,4096,235.8750,4,47.9268,1649,1
3837,31.9966,32.0078,4096,235.8750,4,47.9268,1649,1
3838,31.9966,32.0078,4096,235.8750,4,47.9268,1650,1
3839,31.9966,32.0078,4096,235.8750,4,47.9268,1651,1
3840,31.9966,32.0078,4096,235.8750,4,47.9268,1652,1
3841,31.9966,32.0078,4096,235.8750,4,47.9268,1653,1
3842,31.9966,32.0078,4096,235.8750,4,47.9268,1654,1
3843,31.9966,32.0078,4096,235.8750,4,47.9268,1654,1
3844,31.9966,32.0078,4096,235.8750,4,47.9268,1654,1
3845,31.9966,32.0078,4096,235.8750,4,47.9268,1654,1
3846,31.9966,32.0078,4096,235.8750,4,47.9268,1655,1
3847,31.9966,32.0078,4096,235.8750,4,47.9268,1655,1
3848,31.9966,32.0078,4096,235.8750,4,47.9268,1655,1
3849,31.9966,32.0078,4096,235.8750,4,47.9268,1655,1
3850,31.9966,32.0078,4096,235.8750,4,47.9268,1655,1
3851,31.9966,32.0078,4096,235.8750,4,47.9268,1655,1
3852,31.9966,32.0078,4096,235.8750,4,47.9268,1655,1
3853,31.9966,32.0078,4096,235.8750,4,47.9268,1655,1
3854,31.9966,32.0078,4096,235.8750,4,47.9268,1655,1
3855,31.9966,32.0078,4096,235.8750,4,47.9268,1655,1
3856,31.9966,32.0078,4096,235.8750,4,47.9268,1656,1
3857,31.9966,32.0078,4096,235.8750,4,47.9268,1656,1
3858,31.9966,32.0078,4096,235.8750,4,47.9268,1656,1
3859,31.9966,32.0078,4096,235.8750,4,47.9268,1656,1
3860,31.9966,32.0078,4096,235.8750,4,47.9268,1656,1
3861,31.9966,32.0078,4096,235.8750,4,47.9268,1657,1
3862,31.9966,32.0078,4096,235.8750,4,47.9268,1657,1
3863,31.9966,32.0078,4096,235.8750,4,47.9268,1658,1
3864,31.9966,32.0078,4096,235.8750,4,47.9268,1659,1
3865,31.9966,32.0078,4096,235.8750,4,47.9268,1659,1
3866,31.9966,32.0078,4096,235.8750,4,47.9268,1659,1
3867,31.9966,32.0078,4096,235.8750,4,47.9268,1659,1
3868,31.9966,32.0078,4096,235.8750,4,47.9268,1659,1
3869,31.9966,32.0078,4096,235.8750,4,47.9268,1659,1
3870,31.9966,32.0078,4096,235.8750,4,47.9268,1660,1
3871,31.9966,32.0078,4096,235.8750,4,47.9268,1661,1
3872,31.9966,32.0078,4096,235.8750,4,47.9268,1662,1
3873,31.9966,32.0078,4096,235.8750,4,47.9268,1663,1
3874,31.9966,32.0078,4096,235.8750,4,47.9268,1664,1
3875,31.9966,32.0078,4096,235.8750,4,47.9268,1664,1
3876,31.9966,32.0078,4096,235.8750,4,47.9268,1665,1
3877,31.9966,32.0078,4096,235.8750,4,47.9268,1666,1
3878,31.9966,32.0078,4096,235.8750,4,47.9268,1666,1
3879,31.9966,32.0078,4096,235.8750,4,47.9268,1666,1
3880,31.9966,32.0078,4096,235.8750,4,47.9268,1666,1
3881,31.9966,32.0078,4096,235.8750,4,47.9268,1666,1
3882,31.9966,32.0078,4096,235.8750,4,47.9268,1667,1
3883,31.9966,32.0078,4096,235.8750,4,47.9268,1667,1
3884,31.9966,32.0078,4096,235.8750,4,47.9268,1668,1
3885,31.9966,32.0078,4096,235.8750,4,47.9268,1669,1
3886,31.9966,32.0078,4096,235.8750,4,47.9268,1670,1
3887,31.9966,32.0078,4096,235.8750,4,47.9268,1671,1
3888,31.9966,32.0078,4096,235.8750,4,47.9268,1671,1
3889,31.9966,32.0078,4096,235.8750,4,47.9268,1672,1
3890,31.9966,32.0078,4096,235.8750,4,47.9268,1672,1
3891,31.9966,32.0078,4096,235.8750,4,47.9268,1672,1
3892,31.9966,32.0078,4096,235.8750,4,47.9268,1673,1
3893,31.9966,32.0078,4096,235.8750,4,47.9268,1673,1
3894,31.9966,32.0078,4096,235.8750,4,47.9268,1673,1
3895,31.9966,32.0078,4096,235.8750,4,47.9268,1674,1
3896,31.9966,32.0078,4096,235.8750,4,47.9268,1674,1
3897,31.9966,32.0078,4096,235.8750,4,47.9268,1675,1
3898,31.9966,32.0078,4096,235.8750,4,47.9268,1675,1
3899,31.9966,32.0078,4096,235.8750,4,47.9268,1675,1
3900,31.9966,32.0078,4096,235.8750,4,47.9268,1676,1
3901,31.9966,32.0078,4096,235.8750,4,47.9268,1676,1
3902,31.9966,32.0078,4096,235.8750,4,47.9268,1677,1
3903,31.9966,32.0078,4096,235.8750,4,47.9268,1677,1
3904,31.9966,32.0078,4096,235.8750,4,47.9268,1677,1
3905,31.9966,32.0078,4096,235.8750,4,47.9268,1677,1
3906,31.9966,32.0078,4096,235.8750,4,47.9268,1677,1
3907,31.9966,32.0078,4096,235.8750,4,47.9268,1677,1
3908,31.9966,32.0078,4096,235.8750,4,47.9268,1677,1
3909,31.9966,32.0078,4096,235.8750,4,47.9268,1678,1
3910,31.9966,32.0078,4096,235.8750,4,47.9268,1679,1
3911,31.9966,32.0078,4096,235.8750,4,47.9268,1679,1
3912,31.9966,32.0078,4096,235.8750,4,47.9268,1679,1
3913,31.9966,32.0078,4096,235.8750,4,47.9268,1679,1
3914,31.9966,32.0078,4096,235.8750,4,47.9268,1679,1
3915,31.9966,32.0078,4096,235.8750,4,47.9268,1680,1
3916,31.9966,32.0078,4096,235.8750,4,47.9268,1681,1
3917,31.9966,32.0078,4096,235.8750,4,47.9268,1682,1
3918,31.9966,32.0078,4096,235.8750,4,47.9268,1682,1
3919,31.9966,32.0078,4096,235.8750,4,47.9268,1682,1
3920,31.9966,32.0078,4096,235.8750,4,47.9268,1683,1
3921,31.9966,32.0078,4096,235.8750,4,47.9268,1683,1
3922,31.9966,32.0078,4096,235.8750,4,47.9268,1684,1
3923,31.9966,32.0078,4096,235.8750,4,47.9268,1684,1
3924,31.9966,32.0078,4096,235.8750,4,47.9268,1684,1
3925,31.9966,32.0078,4096,235.8750,4,47.9268,1684,1
3926,31.9966,32.0078,4096,235.8750,4,47.9268,1684,1
3927,31.9966,32.0078,4096,235.8750,4,47.9268,1684,1
3928,31.9966,32.0078,4096,235.8750,4,47.9268,1684,1
3929,31.9966,32.0078,4096,235.8750,4,47.9268,1685,1
3930,31.9966,32.0078,4096,235.8750,4,47.9268,1685,1
3931,31.9966,32.0078,4096,235.8750,4,47.9268,1686,1
3932,31.9966,32.0078,4096,235.8750,4,47.9268,1687,1
3933,31.9966,32.0078,4096,235.8750,4,47.9268,1688,1
3934,31.9966,32.0078,4096,235.8750,4,47.9268,1689,1
3935,31.9966,32.0078,4096,235.8750,4,47.9268,1689,1
3936,31.9966,32.0078,4096,235.8750,4,47.9268,1689,1
3937,31.9966,32.0078,4096,235.8750,4,47.9268,1689,1
3938,31.9966,32.0078,4096,235.8750,4,47.9268,1689,1
3939,31.9966,32.0078,4096,235.8750,4,47.9268,1690,1
3940,31.9966,32.0078,4096,235.8750,4,47.9268,1690,1
3941,31.9966,32.0078,4096,235.8750,4,47.9268,1691,1
3942,31.9966,32.0078,4096,235.8750,4,47.9268,1691,1
3943,31.9966,32.0078,4096,235.8750,4,47.9268,1691,1
3944,31.9966,32.0078,4096,235.8750,4,47.9268,1691,1
3945,31.9966,32.0078,4096,235.8750,4,47.9268,1691,1
3946,31.9966,32.0078,4096,235.8750,4,47.9268,1692,1
3947,31.9966,32.0078,4096,235.8750,4,47.9268,1692,1
3948,31.9966,32.0078,4096,235.8750,4,47.9268,1692,1
3949,31.9966,32.0078,4096,235.8750,4,47.9268,1692,1
3950,31.9966,32.0078,4096,235.8750,4,47.9268,1693,1
3951,31.9966,32.0078,4096,235.8750,4,47.9268,1694,1
3952,31.9966,32.0078,4096,235.8750,4,47.9268,1694,1
3953,31.9966,32.0078,4096,235.8750,4,47.9268,1695,1
3954,31.9966,32.0078,4096,235.8750,4,47.9268,1696,1
3955,31.9966,32.0078,4096,235.8750,4,47.9268,1697,1
3956,31.9966,32.0078,4096,235.8750,4,47.9268,1697,1
3957,31.9966,32.0078,4096,235.8750,4,47.9268,1697,1
3958,31.9966,32.0078,4096,235.8750,4,47.9268,1697,1
3959,31.9966,32.0078,4096,235.8750,4,47.9268,1697,1
3960,31.9966,32.0078,4096,235.8750,4,47.9268,1697,1
3961,31.9966,32.0078,4096,235.8750,4,47.9268,1697,1
3962,31.9966,32.0078,4096,235.8750,4,47.9268,1697,1
3963,31.9966,32.0078,4096,235.8750,4,47.9268,1698,1
3964,31.9966,32.0078,4096,235.8750,4,47.9268,1699,1
3965,31.9966,32.0078,4096,235.8750,4,47.9268,1700,1
3966,31.9966,32.0078,4096,235.8750,4,47.9268,1701,1
3967,31.9966,32.0078,4096,235.8750,4,47.9268,1701,1
3968,31.9966,32.0078,4096,235.8750,4,47.9268,1701,1
3969,31.9966,32.0078,4096,235.8750,4,47.9268,1702,1
3970,31.9966,32.0078,4096,235.8750,4,47.9268,1702,1
3971,31.9966,32.0078,4096,235.8750,4,47.9268,1702,1
3972,31.9966,32.0078,4096,235.8750,4,47.9268,1702,1
3973,31.9966,32.0078,4096,235.8750,4,47.9268,1703,1
3974,31.9966,32.0078,4096,235.8750,4,47.9268,1703,1
3975,31.9966,32.0078,4096,235.8750,4,47.9268,1704,1
3976,31.9966,32.0078,4096,235.8750,4,47.9268,1704,1
3977,31.9966,32.0078,4096,235.8750,4,47.9268,1704,1
3978,31.9966,32.0078,4096,235.8750,4,47.9268,1705,1
3979,31.9966,32.0078,4096,235.8750,4,47.9268,1706,1
3980,31.9966,32.0078,4096,235.8750,4,47.9268,1706,1
3981,31.9966,32.0078,4096,235.8750,4,47.9268,1706,1
3982,31.9966,32.0078,4096,235.8750,4,47.9268,1706,1
3983,31.9966,32.0078,4096,235.8750,4,47.9268,1707,1
3984,31.9966,32.0078,4096,235.8750,4,47.9268,1707,1
3985,31.9966,32.0078,4096,235.8750,4,47.9268,1708,1
3986,31.9966,32.0078,4096,235.8750,4,47.9268,1709,1
3987,31.9966,32.0078,4096,235.8750,4,47.9268,1710,1
3988,31.9966,32.0078,4096,235.8750,4,47.9268,1711,1
3989,31.9966,32.0078,4096,235.8750,4,47.9268,1711,1
3990,31.9966,32.0078,4096,235.8750,4,47.9268,1711,1
3991,31.9966,32.0078,4096,235.8750,4,47.9268,1712,1
3992,31.9966,32.0078,4096,235.8750,4,47.9268,1713,1
3993,31.9966,32.0078,4096,235.8750,4,47.9268,1713,1
3994,31.9966,32.0078,4096,235.8750,4,47.9268,1713,1
3995,31.9966,32.0078,4096,235.8750,4,47.9268,1713,1
3996,31.9966,32.0078,4096,235.8750,4,47.9268,1713,1
3997,31.9966,32.0078,4096,235.8750,4,47.9268,1713,1
3998,31.9966,32.0078,4096,235.8750,4,47.9268,1713,1
3999,31.9966,32.0078,4096,235.8750,4,47.9268,1713,1
4000,31.9966,32.0078,4096,235.8750,4,47.9268,1714,1
4001,31.9966,32.0078,4096,235.8750,4,47.9268,1714,1
4002,31.9966,32.0078,4096,235.8750,4,47.9268,1715,1
4003,31.9966,32.0078,4096,235.8750,4,47.9268,1716,1
4004,31.9966,32.0078,4096,235.8750,4,47.9268,1716,1
4005,31.9966,32.0078,4096,235.8750,4,47.9268,1716,1
4006,31.9966,32.0078,4096,235.8750,4,47.9268,1716,1
4007,31.9966,32.0078,4096,235.8750,4,47.9268,1716,1
4008,31.9966,32.0078,4096,235.8750,4,47.9268,1717,1
4009,31.9966,32.0078,4096,235.8750,4,47.9268,1718,1
4010,31.9966,32.0078,4096,235.8750,4,47.9268,1719,1
4011,31.9966,32.0078,4096,235.8750,4,47.9268,1719,1
4012,31.9966,32.0078,4096,235.8750,4,47.9268,1719,1
4013,31.9966,32.0078,4096,235.8750,4,47.9268,1720,1
4014,31.9966,32.0078,4096,235.8750,4,47.9268,1721,1
4015,31.9966,32.0078,4096,235.8750,4,47.9268,1722,1
4016,31.9966,32.0078,4096,235.8750,4,47.9268,1722,1
4017,31.9966,32.0078,4096,235.8750,4,47.9268,1723,1
4018,31.9966,32.0078,4096,235.8750,4,47.9268,1724,1
4019,31.9966,32.0078,4096,235.8750,4,47.9268,1725,1
4020,31.9966,32.0078,4096,235.8750,4,47.9268,1725,1
4021,31.9966,32.0078,4096,235.8750,4,47.9268,1726,1
4022,31.9966,32.0078,4096,235.8750,4,47.9268,1726,1
4023,31.9966,32.0078,4096,235.8750,4,47.9268,1726,1
4024,31.9966,32.0078,4096,235.8750,4,47.9268,1726,1
4025,31.9966,32.0078,4096,235.8750,4,47.9268,1726,1
4026,31.9966,32.0078,4096,235.8750,4,47.9268,1727,1
4027,31.9966,32.0078,4096,235.8750,4,47.9268,1727,1
4028,31.9966,32.0078,4096,235.8750,4,47.9268,1727,1
4029,31.9966,32.0078,4096,235.8750,4,47.9268,1727,1
4030,31.9966,32.0078,4096,235.8750,4,47.9268,1728,1
4031,31.9966,32.0078,4096,235.8750,4,47.9268,1728,1
4032,31.9966,32.0078,4096,235.8750,4,47.9268,1728,1
4033,31.9966,32.0078,4096,235.8750,4,47.9268,1728,1
4034,31.9966,32.0078,4096,235.8750,4,47.9268,1728,1
4035,31.9966,32.0078,4096,235.8750,4,47.9268,1728,1
4036,31.9966,32.0078,4096,235.8750,4,47.9268,1728,1
4037,31.9966,32.0078,4096,235.8750,4,47.9268,1728,1
4038,31.9966,32.0078,4096,235.8750,4,47.9268,1728,1
4039,31.9966,32.0078,4096,235.8750,4,47.9268,1729,1
4040,31.9966,32.0078,4096,235.8750,4,47.9268,1730,1
4041,31.9966,32.0078,4096,235.8750,4,47.9268,1730,1
4042,31.9966,32.0078,4096,235.8750,4,47.9268,1730,1
4043,31.9966,32.0078,4096,235.8750,4,47.9268,1731,1
4044,31.9966,32.0078,4096,235.8750,4,47.9268,1732,1
4045,31.9966,32.0078,4096,235.8750,4,47.9268,1732,1
4046,31.9966,32.0078,4096,235.8750,4,47.9268,1732,1
4047,31.9966,32.0078,4096,235.8750,4,47.9268,1732,1
4048,31.9966,32.0078,4096,235.8750,4,47.9268,1732,1
4049,31.9966,32.0078,4096,235.8750,4,47.9268,1732,1
4050,31.9966,32.0078,4096,235.8750,4,47.9268,1732,1
4051,31.9966,32.0078,4096,235.8750,4,47.9268,1732,1
4052,31.9966,32.0078,4096,235.8750,4,47.9268,1733,1
4053,31.9966,32.0078,4096,235.8750,4,47.9268,1733,1
4054,31.9966,32.0078,4096,235.8750,4,47.9268,1734,1
4055,31.9966,32.0078,4096,235.8750,4,47.9268,1734,1
4056,31.9966,32.0078,4096,235.8750,4,47.9268,1735,1
4057,31.9966,32.0078,4096,235.8750,4,47.9268,1735,1
4058,31.9966,32.0078,4096,235.8750,4,47.9268,1735,1
4059,31.9966,32.0078,4096,235.8750,4,47.9268,1736,1
4060,31.9966,32.0078,4096,235.8750,4,47.9268,1737,1
4061,31.9966,32.0078,4096,235.8750,4,47.9268,1738,1
4062,31.9966,32.0078,4096,235.8750,4,47.9268,1738,1
4063,31.9966,32.0078,4096,235.8750,4,47.9268,1739,1
4064,31.9966,32.0078,4096,235.8750,4,47.9268,1739,1
4065,31.9966,32.0078,4096,235.8750,4,47.9268,1739,1
4066,31.9966,32.0078,4096,235.8750,4,47.9268,1740,1
4067,31.9966,32.0078,4096,235.8750,4,47.9268,1740,1
4068,31.9966,32.0078,4096,235.8750,4,47.9268,1740,1
4069,31.9966,32.0078,4096,235.8750,4,47.9268,1740,1
4070,31.9966,32.0078,4096,235.8750,4,47.9268,1740,1
4071,31.9966,32.0078,4096,235.8750,4,47.9268,1741,1
4072,31.9966,32.0078,4096,235.8750,4,47.9268,1741,1
4073,31.9966,32.0078,4096,235.8750,4,47.9268,1742,1
4074,31.9966,32.0078,4096,235.8750,4,47.9268,1742,1
4075,31.9966,32.0078,4096,235.8750,4,47.9268,1743,1
4076,31.9966,32.0078,4096,235.8750,4,47.9268,1744,1
4077,31.9966,32.0078,4096,235.8750,4,47.9268,1745,1
4078,31.9966,32.0078,4096,235.8750,4,47.9268,1746,1
4079,31.9966,32.0078,4096,235.8750,4,47.9268,1747,1
4080,31.9966,32.0078,4096,235.8750,4,47.9268,1747,1
4081,31.9966,32.0078,4096,235.8750,4,47.9268,1747,1
4082,31.9966,32.0078,4096,235.8750,4,47.9268,1747,1
4083,31.9966,32.0078,4096,235.8750,4,47.9268,1748,1
4084,31.9966,32.0078,4096,235.8750,4,47.9268,1748,1
4085,31.9966,32.0078,4096,235.8750,4,47.9268,1749,1
4086,31.9966,32.0078,4096,235.8750,4,47.9268,1749,1
4087,31.9966,32.0078,4096,235.8750,4,47.9268,1750,1
4088,31.9966,32.0078,4096,235.8750,4,47.9268,1750,1
4089,31.9966,32.0078,4096,235.8750,4,47.9268,1750,1
4090,31.9966,32.0078,4096,235.8750,4,47.9268,1751,1
4091,31.9966,32.0078,4096,235.8750,4,47.9268,1751,1
4092,31.9966,32.0078,4096,235.8750,4,47.9268,1751,1
4093,31.9966,32.0078,4096,235.8750,4,47.9268,1751,1
4094,31.9966,32.0078,4096,235.8750,4,47.9268,1751,1
4095,31.9966,32.0078,4096,235.8750,4,47.9268,1751,1
4096,31.9966,32.0078,4096,235.8750,4,47.9268,1751,1
4097,31.9966,32.0078,4096,235.8750,4,47.9268,1752,1
4098,31.9966,32.0078,4096,235.8750,4,47.9268,1753,1
4099,31.9966,32.0078,4096,235.8750,4,47.9268,1753,1
4100,31.9966,32.0078,4096,235.8750,4,47.9268,1754,1
4101,31.9966,32.0078,4096,235.8750,4,47.9268,1754,1
4102,31.9966,32.0078,4096,235.8750,4,47.9268,1755,1
4103,31.9966,32.0078,4096,235.8750,4,47.9268,1755,1
4104,31.9966,32.0078,4096,235.8750,4,47.9268,1755,1
4105,31.9966,32.0078,4096,235.8750,4,47.9268,1756,1
4106,31.9966,32.0078,4096,235.8750,4,47.9268,1756,1
4107,31.9966,32.0078,4096,235.8750,4,47.9268,1756,1
4108,31.9966,32.0078,4096,235.8750,4,47.9268,1757,1
4109,31.9966,32.0078,4096,235.8750,4,47.9268,1758,1
4110,31.9966,32.0078,4096,235.8750,4,47.9268,1758,1
4111,31.9966,32.0078,4096,235.8750,4,47.9268,1758,1
4112,31.9966,32.0078,4096,235.8750,4,47.9268,1759,1
4113,31.9966,32.0078,4096,235.8750,4,47.9268,1760,1
4114,31.9966,32.0078,4096,235.8750,4,47.9268,1761,1
4115,31.9966,32.0078,4096,235.8750,4,47.9268,1761,1
4116,31.9966,32.0078,4096,235.8750,4,47.9268,1762,1
4117,31.9966,32.0078,4096,235.8750,4,47.9268,1763,1
4118,31.9966,32.0078,4096,235.8750,4,47.9268,1763,1
4119,31.9966,32.0078,4096,235.8750,4,47.9268,1764,1
4120,31.9966,32.0078,4096,235.8750,4,47.9268,1765,1
4121,31.9966,32.0078,4096,235.8750,4,47.9268,1765,1
4122,31.9966,32.0078,4096,235.8750,4,47.9268,1765,1
4123,31.9966,32.0078,4096,235.8750,4,47.9268,1765,1
4124,31.9966,32.0078,4096,235.8750,4,47.9268,1765,1
4125,31.9966,32.0078,4096,235.8750,4,47.9268,1766,1
4126,31.9966,32.0078,4096,235.8750,4,47.9268,1767,1
4127,31.9966,32.0078,4096,235.8750,4,47.9268,1767,1
4128,31.9966,32.0078,4096,235.8750,4,47.9268,1767,1
4129,31.9966,32.0078,4096,235.8750,4,47.9268,1767,1
4130,31.9966,32.0078,4096,235.8750,4,47.9268,1767,1
4131,31.9966,32.0078,4096,235.8750,4,47.9268,1767,1
4132,31.9966,32.0078,4096,235.8750,4,47.9268,1768,1
4133,31.9966,32.0078,4096,235.8750,4,47.9268,1768,1
4134,31.9966,32.0078,4096,235.8750,4,47.9268,1768,1
4135,31.9966,32.0078,4096,235.8750,4,47.9268,1769,1
4136,31.9966,32.0078,4096,235.8750,4,47.9268,1769,1
4137,31.9966,32.0078,4096,235.8750,4,47.9268,1769,1
4138,31.9966,32.0078,4096,235.8750,4,47.9268,1769,1
4139,31.9966,32.0078,4096,235.8750,4,47.9268,1770,1
4140,31.9966,32.0078,4096,235.8750,4,47.9268,1771,1
4141,31.9966,32.0078,4096,235.8750,4,47.9268,1771,1
4142,31.9966,32.0078,4096,235.8750,4,47.9268,1771,1
4143,31.9966,32.0078,4096,235.8750,4,47.9268,1771,1
4144,31.9966,32.0078,4096,235.8750,4,47.9268,1771,1
4145,31.9966,32.0078,4096,235.8750,4,47.9268,1772,1
4146,31.9966,32.0078,4096,235.8750,4,47.9268,1772,1
4147,31.9966,32.0078,4096,235.8750,4,47.9268,1772,1
4148,31.9966,32.0078,4096,235.8750,4,47.9268,1772,1
4149,31.9966,32.0078,4096,235.8750,4,47.9268,1772,1
4150,31.9966,32.0078,4096,235.8750,4,47.9268,1773,1
4151,31.9966,32.0078,4096,235.8750,4,47.9268,1773,1
4152,31.9966,32.0078,4096,235.8750,4,47.9268,1773,1
4153,31.9966,32.0078,4096,235.8750,4,47.9268,1774,1
4154,31.9966,32.0078,4096,235.8750,4,47.9268,1774,1
4155,31.9966,32.0078,4096,235.8750,4,47.9268,1774,1
4156,31.9966,32.0078,4096,235.8750,4,47.9268,1775,1
4157,31.9966,32.0078,4096,235.8750,4,47.9268,1775,1
4158,31.9966,32.0078,4096,235.8750,4,47.9268,1776,1
4159,31.9966,32.0078,4096,235.8750,4,47.9268,1777,1
4160,31.9966,32.0078,4096,235.8750,4,47.9268,1777,1
4161,31.9966,32.0078,4096,235.8750,4,47.9268,1777,1
4162,31.9966,32.0078,4096,235.8750,4,47.9268,1777,1
4163,31.9966,32.0078,4096,235.8750,4,47.9268,1777,1
4164,31.9966,32.0078,4096,235.8750,4,47.9268,1778,1
4165,31.9966,32.0078,4096,235.8750,4,47.9268,1779,1
4166,31.9966,32.0078,4096,235.8750,4,47.9268,1779,1
4167,31.9966,32.0078,4096,235.8750,4,47.9268,1779,1
4168,31.9966,32.0078,4096,235.8750,4,47.9268,1779,1
4169,31.9966,32.0078,4096,235.8750,4,47.9268,1779,1
4170,31.9966,32.0078,4096,235.8750,4,47.9268,1780,1
4171,31.9966,32.0078,4096,235.8750,4,47.9268,1781,1
4172,31.9966,32.0078,4096,235.8750,4,47.9268,1781,1
4173,31.9966,32.0078,4096,235.8750,4,47.9268,1781,1
4174,31.9966,32.0078,4096,235.8750,4,47.9268,1781,1
4175,31.9966,32.0078,4096,235.8750,4,47.9268,1782,1
4176,31.9966,32.0078,4096,235.8750,4,47.9268,1783,1
4177,31.9966,32.0078,4096,235.8750,4,47.9268,1783,1
4178,31.9966,32.0078,4096,235.8750,4,47.9268,1784,1
4179,31.9966,32.0078,4096,235.8750,4,47.9268,1784,1
4180,31.9966,32.0078,4096,235.8750,4,47.9268,1784,1
4181,31.9966,32.0078,4096,235.8750,4,47.9268,1784,1
4182,31.9966,32.0078,4096,235.8750,4,47.9268,1784,1
4183,31.9966,32.0078,4096,235.8750,4,47.9268,1784,1
4184,31.9966,32.0078,4096,235.8750,4,47.9268,1785,1
4185,31.9966,32.0078,4096,235.8750,4,47.9268,1785,1
4186,31.9966,32.0078,4096,235.8750,4,47.9268,1786,1
4187,31.9966,32.0078,4096,235.8750,4,47.9268,1787,1
4188,31.9966,32.0078,4096,235.8750,4,47.9268,1787,1
4189,31.9966,32.0078,4096,235.8750,4,47.9268,1788,1
4190,31.9966,32.0078,4096,235.8750,4,47.9268,1788,1
4191,31.9966,32.0078,4096,235.8750,4,47.9268,1788,1
4192,31.9966,32.0078,4096,235.8750,4,47.9268,1788,1
4193,31.9966,32.0078,4096,235.8750,4,47.9268,1789,1
4194,31.9966,32.0078,4096,235.8750,4,47.9268,1789,1
4195,31.9966,32.0078,4096,235.8750,4,47.9268,1790,1
4196,31.9966,32.0078,4096,235.8750,4,47.9268,1791,1
4197,31.9966,32.0078,4096,235.8750,4,47.9268,1791,1
4198,31.9966,32.0078,4096,235.8750,4,47.9268,1791,1
4199,31.9966,32.0078,4096,235.8750,4,47.9268,1792,1
4200,31.9966,32.0078,4096,235.8750,4,47.9268,1792,1
4201,31.9966,32.0078,4096,235.8750,4,47.9268,1792,1
4202,31.9966,32.0078,4096,235.8750,4,47.9268,1792,1
4203,31.9966,32.0078,4096,235.8750,4,47.9268,1792,1
4204,31.9966,32.0078,4096,235.8750,4,47.9268,1793,1
4205,31.9966,32.0078,4096,235.8750,4,47.9268,1793,1
4206,31.9966,32.0078,4096,235.8750,4,47.9268,1794,1
4207,31.9966,32.0078,4096,235.8750,4,47.9268,1794,1
4208,31.9966,32.0078,4096,235.8750,4,47.9268,1794,1
4209,31.9966,32.0078,4096,235.8750,4,47.9268,1794,1
4210,31.9966,32.0078,4096,235.8750,4,47.9268,1795,1
4211,31.9966,32.0078,4096,235.8750,4,47.9268,1795,1
4212,31.9966,32.0078,4096,235.8750,4,47.9268,1795,1
4213,31.9966,32.0078,4096,235.8750,4,47.9268,1795,1
4214,31.9966,32.0078,4096,235.8750,4,47.9268,1795,1
4215,31.9966,32.0078,4096,235.8750,4,47.9268,1796,1
4216,31.9966,32.0078,4096,235.8750,4,47.9268,1796,1
4217,31.9966,32.0078,4096,235.8750,4,47.9268,1797,1
4218,31.9966,32.0078,4096,235.8750,4,47.9268,1798,1
4219,31.9966,32.0078,4096,235.8750,4,47.9268,1799,1
4220,31.9966,32.0078,4096,235.8750,4,47.9268,1799,1
4221,31.9966,32.0078,4096,235.8750,4,47.9268,1799,1
4222,31.9966,32.0078,4096,235.8750,4,47.9268,1799,1
4223,31.9966,32.0078,4096,235.8750,4,47.9268,1799,1
4224,31.9966,32.0078,4096,235.8750,4,47.9268,1800,1
4225,31.9966,32.0078,4096,235.8750,4,47.9268,1801,1
4226,31.9966,32.0078,4096,235.8750,4,47.9268,1801,1
4227,31.9966,32.0078,4096,235.8750,4,47.9268,1801,1
4228,31.9966,32.0078,4096,235.8750,4,47.9268,1802,1
4229,31.9966,32.0078,4096,235.8750,4,47.9268,1803,1
4230,31.9966,32.0078,4096,235.8750,4,47.9268,1804,1
4231,31.9966,32.0078,4096,235.8750,4,47.9268,1805,1
4232,31.9966,32.0078,4096,235.8750,4,47.9268,1805,1
4233,31.9966,32.0078,4096,235.8750,4,47.9268,1805,1
4234,31.9966,32.0078,4096,235.8750,4,47.9268,1805,1
4235,31.9966,32.0078,4096,235.8750,4,47.9268,1805,1
4236,31.9966,32.0078,4096,235.8750,4,47.9268,1805,1
4237,31.9966,32.0078,4096,235.8750,4,47.9268,1805,1
4238,31.9966,32.0078,4096,235.8750,4,47.9268,1805,1
4239,31.9966,32.0078,4096,235.8750,4,47.9268,1806,1
4240,31.9966,32.0078,4096,235.8750,4,47.9268,1806,1
4241,31.9966,32.0078,4096,235.8750,4,47.9268,1806,1
4242,31.9966,32.0078,4096,235.8750,4,47.9268,1806,1
4243,31.9966,32.0078,4096,235.8750,4,47.9268,1806,1
4244,31.9966,32.0078,4096,235.8750,4,47.9268,1806,1
4245,31.9966,32.0078,4096,235.8750,4,47.9268,1806,1
4246,31.9966,32.0078,4096,235.8750,4,47.9268,1806,1
4247,31.9966,32.0078,4096,235.8750,4,47.9268,1806,1
4248,31.9966,32.0078,4096,235.8750,4,47.9268,1806,1
4249,31.9966,32.0078,4096,235.8750,4,47.9268,1806,1
4250,31.9966,32.0078,4096,235.8750,4,47.9268,1806,1
4251,31.9966,32.0078,4096,235.8750,4,47.9268,1806,1
4252,31.9966,32.0078,4096,235.8750,4,47.9268,1806,1
4253,31.9966,32.0078,4096,235.8750,4,47.9268,1806,1
4254,31.9966,32.0078,4096,235.8750,4,47.9268,1807,1
4255,31.9966,32.0078,4096,235.8750,4,47.9268,1807,1
4256,31.9966,32.0078,4096,235.8750,4,47.9268,1808,1
4257,31.9966,32.0078,4096,235.8750,4,47.9268,1808,1
4258,31.9966,32.0078,4096,235.8750,4,47.9268,1808,1
4259,31.9966,32.0078,4096,235.8750,4,47.9268,1809,1
4260,31.9966,32.0078,4096,235.8750,4,47.9268,1809,1
4261,31.9966,32.0078,4096,235.8750,4,47.9268,1810,1
4262,31.9966,32.0078,4096,235.8750,4,47.9268,1810,1
4263,31.9966,32.0078,4096,235.8750,4,47.9268,1810,1
4264,31.9966,32.0078,4096,235.8750,4,47.9268,1810,1
4265,31.9966,32.0078,4096,235.8750,4,47.9268,1810,1
4266,31.9966,32.0078,4096,235.8750,4,47.9268,1810,1
4267,31.9966,32.0078,4096,235.8750,4,47.9268,1810,1
4268,31.9966,32.0078,4096,235.8750,4,47.9268,1810,1
4269,31.9966,32.0078,4096,235.8750,4,47.9268,1810,1
4270,31.9966,32.0078,4096,235.8750,4,47.9268,1810,1
4271,31.9966,32.0078,4096,235.8750,4,47.9268,1810,1
4272,31.9966,32.0078,4096,235.8750,4,47.9268,1810,1
4273,31.9966,32.0078,4096,235.8750,4,47.9268,1810,1
4274,31.9966,32.0078,4096,235.8750,4,47.9268,1810,1
4275,31.9966,32.0078,4096,235.8750,4,47.9268,1810,1
4276,31.9966,32.0078,4096,235.8750,4,47.9268,1811,1
4277,31.9966,32.0078,4096,235.8750,4,47.9268,1811,1
4278,31.9966,32.0078,4096,235.8750,4,47.9268,1812,1
4279,31.9966,32.0078,4096,235.8750,4,47.9268,1813,1
4280,31.9966,32.0078,4096,235.8750,4,47.9268,1814,1
4281,31.9966,32.0078,4096,235.8750,4,47.9268,1814,1
4282,31.9966,32.0078,4096,235.8750,4,47.9268,1814,1
4283,31.9966,32.0078,4096,235.8750,4,47.9268,1814,1
4284,31.9966,32.0078,4096,235.8750,4,47.9268,1815,1
4285,31.9966,32.0078,4096,235.8750,4,47.9268,1816,1
4286,31.9966,32.0078,4096,235.8750,4,47.9268,1816,1
4287,31.9966,32.0078,4096,235.8750,4,47.9268,1816,1
4288,31.9966,32.0078,4096,235.8750,4,47.9268,1816,1
4289,31.9966,32.0078,4096,235.8750,4,47.9268,1817,1
4290,31.9966,32.0078,4096,235.8750,4,47.9268,1817,1
4291,31.9966,32.0078,4096,235.8750,4,47.9268,1818,1
4292,31.9966,32.0078,4096,235.8750,4,47.9268,1819,1
4293,31.9966,32.0078,4096,235.8750,4,47.9268,1819,1
4294,31.9966,32.0078,4096,235.8750,4,47.9268,1819,1
4295,31.9966,32.0078,4096,235.8750,4,47.9268,1819,1
4296,31.9966,32.0078,4096,235.8750,4,47.9268,1819,1
4297,31.9966,32.0078,4096,235.8750,4,47.9268,1819,1
4298,31.9966,32.0078,4096,235.8750,4,47.9268,1820,1
4299,31.9966,32.0078,4096,235.8750,4,47.9268,1820,1
4300,31.9966,32.0078,4096,235.8750,4,47.9268,1821,1
4301,31.9966,32.0078,4096,235.8750,4,47.9268,1821,1
4302,31.9966,32.0078,4096,235.8750,4,47.9268,1821,1
4303,31.9966,32.0078,4096,235.8750,4,47.9268,1821,1
4304,31.9966,32.0078,4096,235.8750,4,47.9268,1822,1
4305,31.9966,32.0078,4096,235.8750,4,47.9268,1823,1
4306,31.9966,32.0078,4096,235.8750,4,47.9268,1824,1
4307,31.9966,32.0078,4096,235.8750,4,47.9268,1825,1
4308,31.9966,32.0078,4096,235.8750,4,47.9268,1825,1
4309,31.9966,32.0078,4096,235.8750,4,47.9268,1825,1
4310,31.9966,32.0078,4096,235.8750,4,47.9268,1825,1
4311,31.9966,32.0078,4096,235.8750,4,47.9268,1825,1
4312,31.9966,32.0078,4096,235.8750,4,47.9268,1826,1
4313,31.9966,32.0078,4096,235.8750,4,47.9268,1826,1
4314,31.9966,32.0078,4096,235.8750,4,47.9268,1826,1
4315,31.9966,32.0078,4096,235.8750,4,47.9268,1826,1
4316,31.9966,32.0078,4096,235.8750,4,47.9268,1826,1
4317,31.9966,32.0078,4096,235.8750,4,47.9268,1826,1
4318,31.9966,32.0078,4096,235.8750,4,47.9268,1826,1
4319,31.9966,32.0078,4096,235.8750,4,47.9268,1827,1
4320,31.9966,32.0078,4096,235.8750,4,47.9268,1827,1
4321,31.9966,32.0078,4096,235.8750,4,47.9268,1827,1
4322,31.9966,32.0078,4096,235.8750,4,47.9268,1827,1
4323,31.9966,32.0078,4096,235.8750,4,47.9268,1827,1
4324,31.9966,32.0078,4096,235.8750,4,47.9268,1828,1
4325,31.9966,32.0078,4096,235.8750,4,47.9268,1829,1
4326,31.9966,32.0078,4096,235.8750,4,47.9268,1830,1
4327,31.9966,32.0078,4096,235.8750,4,47.9268,1830,1
4328,31.9966,32.0078,4096,235.8750,4,47.9268,1830,1
4329,31.9966,32.0078,4096,235.8750,4,47.9268,1830,1
4330,31.9966,32.0078,4096,235.8750,4,47.9268,1830,1
4331,31.9966,32.0078,4096,235.8750,4,47.9268,1830,1
4332,31.9966,32.0078,4096,235.8750,4,47.9268,1830,1
4333,31.9966,32.0078,4096,235.8750,4,47.9268,1831,1
4334,31.9966,32.0078,4096,235.8750,4,47.9268,1832,1
4335,31.9966,32.0078,4096,235.8750,4,47.9268,1833,1
4336,31.9966,32.0078,4096,235.8750,4,47.9268,1833,1
4337,31.9966,32.0078,4096,235.8750,4,47.9268,1834,1
4338,31.9966,32.0078,4096,235.8750,4,47.9268,1835,1
4339,31.9966,32.0078,4096,235.8750,4,47.9268,1835,1
4340,31.9966,32.0078,4096,235.8750,4,47.9268,1836,1
4341,31.9966,32.0078,4096,235.8750,4,47.9268,1837,1
4342,31.9966,32.0078,4096,235.8750,4,47.9268,1837,1
4343,31.9966,32.0078,4096,235.8750,4,47.9268,1838,1
4344,31.9966,32.0078,4096,235.8750,4,47.9268,1839,1
4345,31.9966,32.0078,4096,235.8750,4,47.9268,1840,1
4346,31.9966,32.0078,4096,235.8750,4,47.9268,1840,1
4347,31.9966,32.0078,4096,235.8750,4,47.9268,1840,1
4348,31.9966,32.0078,4096,235.8750,4,47.9268,1840,1
4349,31.9966,32.0078,4096,235.8750,4,47.9268,1840,1
4350,31.9966,32.0078,4096,235.8750,4,47.9268,1840,1
4351,31.9966,32.0078,4096,235.8750,4,47.9268,1840,1
4352,31.9966,32.0078,4096,235.8750,4,47.9268,1840,1
4353,31.9966,32.0078,4096,235.8750,4,47.9268,1840,1
4354,31.9966,32.0078,4096,235.8750,4,47.9268,1840,1
4355,31.9966,32.0078,4096,235.8750,4,47.9268,1841,1
4356,31.9966,32.0078,4096,235.8750,4,47.9268,1841,1
4357,31.9966,32.0078,4096,235.8750,4,47.9268,1841,1
4358,31.9966,32.0078,4096,235.8750,4,47.9268,1841,1
4359,31.9966,32.0078,4096,235.8750,4,47.9268,1841,1
4360,31.9966,32.0078,4096,235.8750,4,47.9268,1841,1
4361,31.9966,32.0078,4096,235.8750,4,47.9268,1841,1
4362,31.9966,32.0078,4096,235.8750,4,47.9268,1841,1
4363,31.9966,32.0078,4096,235.8750,4,47.9268,1842,1
4364,31.9966,32.0078,4096,235.8750,4,47.9268,1842,1
4365,31.9966,32.0078,4096,235.8750,4,47.9268,1842,1
4366,31.9966,32.0078,4096,235.8750,4,47.9268,1842,1
4367,31.9966,32.0078,4096,235.8750,4,47.9268,1843,1
4368,31.9966,32.0078,4096,235.8750,4,47.9268,1843,1
4369,31.9966,32.0078,4096,235.8750,4,47.9268,1843,1
4370,31.9966,32.0078,4096,235.8750,4,47.9268,1844,1
4371,31.9966,32.0078,4096,235.8750,4,47.9268,1844,1
4372,31.9966,32.0078,4096,235.8750,4,47.9268,1845,1
4373,31.9966,32.0078,4096,235.8750,4,47.9268,1846,1
4374,31.9966,32.0078,4096,235.8750,4,47.9268,1846,1
4375,31.9966,32.0078,4096,235.8750,4,47.9268,1847,1
4376,31.9966,32.0078,4096,235.8750,4,47.9268,1847,1
4377,31.9966,32.0078,4096,235.8750,4,47.9268,1848,1
4378,31.9966,32.0078,4096,235.8750,4,47.9268,1848,1
4379,31.9966,32.0078,4096,235.8750,4,47.9268,1848,1
4380,31.9966,32.0078,4096,235.8750,4,47.9268,1849,1
4381,31.9966,32.0078,4096,235.8750,4,47.9268,1849,1
4382,31.9966,32.0078,4096,235.8750,4,47.9268,1850,1
4383,31.9966,32.0078,4096,235.8750,4,47.9268,1850,1
4384,31.9966,32.0078,4096,235.8750,4,47.9268,1850,1
4385,31.9966,32.0078,4096,235.8750,4,47.9268,1850,1
4386,31.9966,32.0078,4096,235.8750,4,47.9268,1850,1
4387,31.9966,32.0078,4096,235.8750,4,47.9268,1851,1
4388,31.9966,32.0078,4096,235.8750,4,47.9268,1852,1
4389,31.9966,32.0078,4096,235.8750,4,47.9268,1852,1
4390,31.9966,32.0078,4096,235.8750,4,47.9268,1853,1
4391,31.9966,32.0078,4096,235.8750,4,47.9268,1853,1
4392,31.9966,32.0078,4096,235.8750,4,47.9268,1853,1
4393,31.9966,32.0078,4096,235.8750,4,47.9268,1853,1
4394,31.9966,32.0078,4096,235.8750,4,47.9268,1853,1
4395,31.9966,32.0078,4096,235.8750,4,47.9268,1853,1
4396,31.9966,32.0078,4096,235.8750,4,47.9268,1853,1
4397,31.9966,32.0078,4096,235.8750,4,47.9268,1853,1
4398,31.9966,32.0078,4096,235.8750,4,47.9268,1854,1
4399,31.9966,32.0078,4096,235.8750,4,47.9268,1854,1
4400,31.9966,32.0078,4096,235.8750,4,47.9268,1854,1
4401,31.9966,32.0078,4096,235.8750,4,47.9268,1854,1
4402,31.9966,32.0078,4096,235.8750,4,47.9268,1854,1
4403,31.9966,32.0078,4096,235.8750,4,47.9268,1855,1
4404,31.9966,32.0078,4096,235.8750,4,47.9268,1856,1
4405,31.9966,32.0078,4096,235.8750,4,47.9268,1857,1
4406,31.9966,32.0078,4096,235.8750,4,47.9268,1857,1
4407,31.9966,32.0078,4096,235.8750,4,47.9268,1858,1
4408,31.9966,32.0078,4096,235.8750,4,47.9268,1858,1
4409,31.9966,32.0078,4096,235.8750,4,47.9268,1859,1
4410,31.9966,32.0078,4096,235.8750,4,47.9268,1859,1
4411,31.9966,32.0078,4096,235.8750,4,47.9268,1859,1
4412,31.9966,32.0078,4096,235.8750,4,47.9268,1859,1
4413,31.9966,32.0078,4096,235.8750,4,47.9268,1859,1
4414,31.9966,32.0078,4096,235.8750,4,47.9268,1859,1
4415,31.9966,32.0078,4096,235.8750,4,47.9268,1859,1
4416,31.9966,32.0078,4096,235.8750,4,47.9268,1859,1
4417,31.9966,32.0078,4096,235.8750,4,47.9268,1860,1
4418,31.9966,32.0078,4096,235.8750,4,47.9268,1860,1
4419,31.9966,32.0078,4096,235.8750,4,47.9268,1860,1
4420,31.9966,32.0078,4096,235.8750,4,47.9268,1860,1
4421,31.9966,32.0078,4096,235.8750,4,47.9268,1860,1
4422,31.9966,32.0078,4096,235.8750,4,47.9268,1860,1
4423,31.9966,32.0078,4096,235.8750,4,47.9268,1860,1
4424,31.9966,32.0078,4096,235.8750,4,47.9268,1860,1
4425,31.9966,32.0078,4096,235.8750,4,47.9268,1860,1
4426,31.9966,32.0078,4096,235.8750,4,47.9268,1861,1
4427,31.9966,32.0078,4096,235.8750,4,47.9268,1861,1
4428,31.9966,32.0078,4096,235.8750,4,47.9268,1861,1
4429,31.9966,32.0078,4096,235.8750,4,47.9268,1861,1
4430,31.9966,32.0078,4096,235.8750,4,47.9268,1861,1
4431,31.9966,32.0078,4096,235.8750,4,47.9268,1862,1
4432,31.9966,32.0078,4096,235.8750,4,47.9268,1862,1
4433,31.9966,32.0078,4096,235.8750,4,47.9268,1862,1
4434,31.9966,32.0078,4096,235.8750,4,47.9268,1863,1
4435,31.9966,32.0078,4096,235.8750,4,47.9268,1864,1
4436,31.9966,32.0078,4096,235.8750,4,47.9268,1865,1
4437,31.9966,32.0078,4096,235.8750,4,47.9268,1866,1
4438,31.9966,32.0078,4096,235.8750,4,47.9268,1867,1
4439,31.9966,32.0078,4096,235.8750,4,47.9268,1867,1
4440,31.9966,32.0078,4096,235.8750,4,47.9268,1868,1
4441,31.9966,32.0078,4096,235.8750,4,47.9268,1869,1
4442,31.9966,32.0078,4096,235.8750,4,47.9268,1869,1
4443,31.9966,32.0078,4096,235.8750,4,47.9268,1870,1
4444,31.9966,32.0078,4096,235.8750,4,47.9268,1870,1
4445,31.9966,32.0078,4096,235.8750,4,47.9268,1871,1
4446,31.9966,32.0078,4096,235.8750,4,47.9268,1872,1
4447,31.9966,32.0078,4096,235.8750,4,47.9268,1873,1
4448,31.9966,32.0078,4096,235.8750,4,47.9268,1873,1
4449,31.9966,32.0078,4096,235.8750,4,47.9268,1874,1
4450,31.9966,32.0078,4096,235.8750,4,47.9268,1874,1
4451,31.9966,32.0078,4096,235.8750,4,47.9268,1874,1
4452,31.9966,32.0078,4096,235.8750,4,47.9268,1874,1
4453,31.9966,32.0078,4096,235.8750,4,47.9268,1875,1
4454,31.9966,32.0078,4096,235.8750,4,47.9268,1875,1
4455,31.9966,32.0078,4096,235.8750,4,47.9268,1875,1
4456,31.9966,32.0078,4096,235.8750,4,47.9268,1875,1
4457,31.9966,32.0078,4096,235.8750,4,47.9268,1875,1
4458,31.9966,32.0078,4096,235.8750,4,47.9268,1875,1
4459,31.9966,32.0078,4096,235.8750,4,47.9268,1875,1
4460,31.9966,32.0078,4096,235.8750,4,47.9268,1875,1
4461,31.9966,32.0078,4096,235.8750,4,47.9268,1875,1
4462,31.9966,32.0078,4096,235.8750,4,47.9268,1876,1
4463,31.9966,32.0078,4096,235.8750,4,47.9268,1877,1
4464,31.9966,32.0078,4096,235.8750,4,47.9268,1877,1
4465,31.9966,32.0078,4096,235.8750,4,47.9268,1877,1
4466,31.9966,32.0078,4096,235.8750,4,47.9268,1877,1
4467,31.9966,32.0078,4096,235.8750,4,47.9268,1878,1
4468,31.9966,32.0078,4096,235.8750,4,47.9268,1878,1
4469,31.9966,32.0078,4096,235.8750,4,47.9268,1878,1
4470,31.9966,32.0078,4096,235.8750,4,47.9268,1878,1
4471,31.9966,32.0078,4096,235.8750,4,47.9268,1878,1
4472,31.9966,32.0078,4096,235.8750,4,47.9268,1878,1
4473,31.9966,32.0078,4096,235.8750,4,47.9268,1878,1
4474,31.9966,32.0078,4096,235.8750,4,47.9268,1878,1
4475,31.9966,32.0078,4096,235.8750,4,47.9268,1879,1
4476,31.9966,32.0078,4096,235.8750,4,47.9268,1880,1
4477,31.9966,32.0078,4096,235.8750,4,47.9268,1880,1
4478,31.9966,32.0078,4096,235.8750,4,47.9268,1880,1
4479,31.9966,32.0078,4096,235.8750,4,47.9268,1881,1
4480,31.9966,32.0078,4096,235.8750,4,47.9268,1881,1
4481,31.9966,32.0078,4096,235.8750,4,47.9268,1881,1
4482,31.9966,32.0078,4096,235.8750,4,47.9268,1882,1
4483,31.9966,32.0078,4096,235.8750,4,47.9268,1883,1
4484,31.9966,32.0078,4096,235.8750,4,47.9268,1883,1
4485,31.9966,32.0078,4096,235.8750,4,47.9268,1883,1
4486,31.9966,32.0078,4096,235.8750,4,47.9268,1883,1
4487,31.9966,32.0078,4096,235.8750,4,47.9268,1883,1
4488,31.9966,32.0078,4096,235.8750,4,47.9268,1883,1
4489,31.9966,32.0078,4096,235.8750,4,47.9268,1883,1
4490,31.9966,32.0078,4096,235.8750,4,47.9268,1883,1
4491,31.9966,32.0078,4096,235.8750,4,47.9268,1884,1
4492,31.9966,32.0078,4096,235.8750,4,47.9268,1884,1
4493,31.9966,32.0078,4096,235.8750,4,47.9268,1885,1
4494,31.9966,32.0078,4096,235.8750,4,47.9268,1885,1
4495,31.9966,32.0078,4096,235.8750,4,47.9268,1885,1
4496,31.9966,32.0078,4096,235.8750,4,47.9268,1885,1
4497,31.9966,32.0078,4096,235.8750,4,47.9268,1885,1
4498,31.9966,32.0078,4096,235.8750,4,47.9268,1886,1
4499,31.9966,32.0078,4096,235.8750,4,47.9268,1886,1
4500,31.9966,32.0078,4096,235.8750,4,47.9268,1886,1
4501,31.9966,32.0078,4096,235.8750,4,47.9268,1886,1
4502,31.9966,32.0078,4096,235.8750,4,47.9268,1886,1
4503,31.9966,32.0078,4096,235.8750,4,47.9268,1887,1
4504,31.9966,32.0078,4096,235.8750,4,47.9268,1887,1
4505,31.9966,32.0078,4096,235.8750,4,47.9268,1887,1
4506,31.9966,32.0078,4096,235.8750,4,47.9268,1888,1
4507,31.9966,32.0078,4096,235.8750,4,47.9268,1889,1
4508,31.9966,32.0078,4096,235.8750,4,47.9268,1889,1
4509,31.9966,32.0078,4096,235.8750,4,47.9268,1889,1
4510,31.9966,32.0078,4096,235.8750,4,47.9268,1889,1
4511,31.9966,32.0078,4096,235.8750,4,47.9268,1889,1
4512,31.9966,32.0078,4096,235.8750,4,47.9268,1889,1
4513,31.9966,32.0078,4096,235.8750,4,47.9268,1889,1
4514,31.9966,32.0078,4096,235.8750,4,47.9268,1890,1
4515,31.9966,32.0078,4096,235.8750,4,47.9268,1890,1
4516,31.9966,32.0078,4096,235.8750,4,47.9268,1890,1
4517,31.9966,32.0078,4096,235.8750,4,47.9268,1890,1
4518,31.9966,32.0078,4096,235.8750,4,47.9268,1890,1
4519,31.9966,32.0078,4096,235.8750,4,47.9268,1890,1
4520,31.9966,32.0078,4096,235.8750,4,47.9268,1891,1
4521,31.9966,32.0078,4096,235.8750,4,47.9268,1891,1
4522,31.9966,32.0078,4096,235.8750,4,47.9268,1891,1
4523,31.9966,32.0078,4096,235.8750,4,47.9268,1892,1
4524,31.9966,32.0078,4096,235.8750,4,47.9268,1892,1
4525,31.9966,32.0078,4096,235.8750,4,47.9268,1892,1
4526,31.9966,32.0078,4096,235.8750,4,47.9268,1892,1
4527,31.9966,32.0078,4096,235.8750,4,47.9268,1892,1
4528,31.9966,32.0078,4096,235.8750,4,47.9268,1892,1
4529,31.9966,32.0078,4096,235.8750,4,47.9268,1892,1
4530,31.9966,32.0078,4096,235.8750,4,47.9268,1892,1
4531,31.9966,32.0078,4096,235.8750,4,47.9268,1893,1
4532,31.9966,32.0078,4096,235.8750,4,47.9268,1893,1
4533,31.9966,32.0078,4096,235.8750,4,47.9268,1894,1
4534,31.9966,32.0078,4096,235.8750,4,47.9268,1894,1
4535,31.9966,32.0078,4096,235.8750,4,47.9268,1895,1
4536,31.9966,32.0078,4096,235.8750,4,47.9268,1895,1
4537,31.9966,32.0078,4096,235.8750,4,47.9268,1896,1
4538,31.9966,32.0078,4096,235.8750,4,47.9268,1897,1
4539,31.9966,32.0078,4096,235.8750,4,47.9268,1898,1
4540,31.9966,32.0078,4096,235.8750,4,47.9268,1898,1
4541,31.9966,32.0078,4096,235.8750,4,47.9268,1898,1
4542,31.9966,32.0078,4096,235.8750,4,47.9268,1899,1
4543,31.9966,32.0078,4096,235.8750,4,47.9268,1899,1
4544,31.9966,32.0078,4096,235.8750,4,47.9268,1899,1
4545,31.9966,32.0078,4096,235.8750,4,47.9268,1900,1
4546,31.9966,32.0078,4096,235.8750,4,47.9268,1900,1
4547,31.9966,32.0078,4096,235.8750,4,47.9268,1900,1
4548,31.9966,32.0078,4096,235.8750,4,47.9268,1900,1
4549,31.9966,32.0078,4096,235.8750,4,47.9268,1900,1
4550,31.9966,32.0078,4096,235.8750,4,47.9268,1900,1
4551,31.9966,32.0078,4096,235.8750,4,47.9268,1900,1
4552,31.9966,32.0078,4096,235.8750,4,47.9268,1900,1
4553,31.9966,32.0078,4096,235.8750,4,47.9268,1901,1
4554,31.9966,32.0078,4096,235.8750,4,47.9268,1901,1
4555,31.9966,32.0078,4096,235.8750,4,47.9268,1901,1
4556,31.9966,32.0078,4096,235.8750,4,47.9268,1902,1
4557,31.9966,32.0078,4096,235.8750,4,47.9268,1902,1
4558,31.9966,32.0078,4096,235.8750,4,47.9268,1902,1
4559,31.9966,32.0078,4096,235.8750,4,47.9268,1902,1
4560,31.9966,32.0078,4096,235.8750,4,47.9268,1902,1
4561,31.9966,32.0078,4096,235.8750,4,47.9268,1903,1
4562,31.9966,32.0078,4096,235.8750,4,47.9268,1903,1
4563,31.9966,32.0078,4096,235.8750,4,47.9268,1903,1
4564,31.9966,32.0078,4096,235.8750,4,47.9268,1903,1
4565,31.9966,32.0078,4096,235.8750,4,47.9268,1904,1
4566,31.9966,32.0078,4096,235.8750,4,47.9268,1904,1
4567,31.9966,32.0078,4096,235.8750,4,47.9268,1904,1
4568,31.9966,32.0078,4096,235.8750,4,47.9268,1904,1
4569,31.9966,32.0078,4096,235.8750,4,47.9268,1905,1
4570,31.9966,32.0078,4096,235.8750,4,47.9268,1905,1
4571,31.9966,32.0078,4096,235.8750,4,47.9268,1905,1
4572,31.9966,32.0078,4096,235.8750,4,47.9268,1905,1
4573,31.9966,32.0078,4096,235.8750,4,47.9268,1905,1
4574,31.9966,32.0078,4096,235.8750,4,47.9268,1905,1
4575,31.9966,32.0078,4096,235.8750,4,47.9268,1905,1
4576,31.9966,32.0078,4096,235.8750,4,47.9268,1905,1
4577,31.9966,32.0078,4096,235.8750,4,47.9268,1905,1
4578,31.9966,32.0078,4096,235.8750,4,47.9268,1905,1
4579,31.9966,32.0078,4096,235.8750,4,47.9268,1906,1
4580,31.9966,32.0078,4096,235.8750,4,47.9268,1906,1
4581,31.9966,32.0078,4096,235.8750,4,47.9268,1906,1
4582,31.9966,32.0078,4096,235.8750,4,47.9268,1907,1
4583,31.9966,32.0078,4096,235.8750,4,47.9268,1907,1
4584,31.9966,32.0078,4096,235.8750,4,47.9268,1908,1
4585,31.9966,32.0078,4096,235.8750,4,47.9268,1909,1
4586,31.9966,32.0078,4096,235.8750,4,47.9268,1909,1
4587,31.9966,32.0078,4096,235.8750,4,47.9268,1909,1
4588,31.9966,32.0078,4096,235.8750,4,47.9268,1910,1
4589,31.9966,32.0078,4096,235.8750,4,47.9268,1911,1
4590,31.9966,32.0078,4096,235.8750,4,47.9268,1912,1
4591,31.9966,32.0078,4096,235.8750,4,47.9268,1913,1
4592,31.9966,32.0078,4096,235.8750,4,47.9268,1914,1
4593,31.9966,32.0078,4096,235.8750,4,47.9268,1915,1
4594,31.9966,32.0078,4096,235.8750,4,47.9268,1915,1
4595,31.9966,32.0078,4096,235.8750,4,47.9268,1915,1
4596,31.9966,32.0078,4096,235.8750,4,47.9268,1915,1
4597,31.9966,32.0078,4096,235.8750,4,47.9268,1916,1
4598,31.9966,32.0078,4096,235.8750,4,47.9268,1916,1
4599,31.9966,32.0078,4096,235.8750,4,47.9268,1917,1
4600,31.9966,32.0078,4096,235.8750,4,47.9268,1917,1
4601,31.9966,32.0078,4096,235.8750,4,47.9268,1917,1
4602,31.9966,32.0078,4096,235.8750,4,47.9268,1918,1
4603,31.9966,32.0078,4096,235.8750,4,47.9268,1919,1
4604,31.9966,32.0078,4096,235.8750,4,47.9268,1919,1
4605,31.9966,32.0078,4096,235.8750,4,47.9268,1919,1
4606,31.9966,32.0078,4096,235.8750,4,47.9268,1919,1
4607,31.9966,32.0078,4096,235.8750,4,47.9268,1919,1
4608,31.9966,32.0078,4096,235.8750,4,47.9268,1920,1
4609,31.9966,32.0078,4096,235.8750,4,47.9268,1920,1
4610,31.9966,32.0078,4096,235.8750,4,47.9268,1920,1
4611,31.9966,32.0078,4096,235.8750,4,47.9268,1920,1
4612,31.9966,32.0078,4096,235.8750,4,47.9268,1921,1
4613,31.9966,32.0078,4096,235.8750,4,47.9268,1922,1
4614,31.9966,32.0078,4096,235.8750,4,47.9268,1922,1
4615,31.9966,32.0078,4096,235.8750,4,47.9268,1922,1
4616,31.9966,32.0078,4096,235.8750,4,47.9268,1922,1
4617,31.9966,32.0078,4096,235.8750,4,47.9268,1922,1
4618,31.9966,32.0078,4096,235.8750,4,47.9268,1922,1
4619,31.9966,32.0078,4096,235.8750,4,47.9268,1923,1
4620,31.9966,32.0078,4096,235.8750,4,47.9268,1924,1
4621,31.9966,32.0078,4096,235.8750,4,47.9268,1925,1
4622,31.9966,32.0078,4096,235.8750,4,47.9268,1926,1
4623,31.9966,32.0078,4096,235.8750,4,47.9268,1926,1
4624,31.9966,32.0078,4096,235.8750,4,47.9268,1927,1
4625,31.9966,32.0078,4096,235.8750,4,47.9268,1927,1
4626,31.9966,32.0078,4096,235.8750,4,47.9268,1927,1
4627,31.9966,32.0078,4096,235.8750,4,47.9268,1927,1
4628,31.9966,32.0078,4096,235.8750,4,47.9268,1928,1
4629,31.9966,32.0078,4096,235.8750,4,47.9268,1928,1
4630,31.9966,32.0078,4096,235.8750,4,47.9268,1929,1
4631,31.9966,32.0078,4096,235.8750,4,47.9268,1929,1
4632,31.9966,32.0078,4096,235.8750,4,47.9268,1929,1
4633,31.9966,32.0078,4096,235.8750,4,47.9268,1929,1
4634,31.9966,32.0078,4096,235.8750,4,47.9268,1929,1
4635,31.9966,32.0078,4096,235.8750,4,47.9268,1930,1
4636,31.9966,32.0078,4096,235.8750,4,47.9268,1930,1
4637,31.9966,32.0078,4096,235.8750,4,47.9268,1930,1
4638,31.9966,32.0078,4096,235.8750,4,47.9268,1931,1
4639,31.9966,32.0078,4096,235.8750,4,47.9268,1932,1
4640,31.9966,32.0078,4096,235.8750,4,47.9268,1932,1
4641,31.9966,32.0078,4096,235.8750,4,47.9268,1932,1
4642,31.9966,32.0078,4096,235.8750,4,47.9268,1933,1
4643,31.9966,32.0078,4096,235.8750,4,47.9268,1933,1
4644,31.9966,32.0078,4096,235.8750,4,47.9268,1933,1
4645,31.9966,32.0078,4096,235.8750,4,47.9268,1933,1
4646,31.9966,32.0078,4096,235.8750,4,47.9268,1934,1
4647,31.9966,32.0078,4096,235.8750,4,47.9268,1935,1
4648,31.9966,32.0078,4096,235.8750,4,47.9268,1936,1
4649,31.9966,32.0078,4096,235.8750,4,47.9268,1936,1
4650,31.9966,32.0078,4096,235.8750,4,47.9268,1937,1
4651,31.9966,32.0078,4096,235.8750,4,47.9268,1937,1
4652,31.9966,32.0078,4096,235.8750,4,47.9268,1938,1
4653,31.9966,32.0078,4096,235.8750,4,47.9268,1939,1
4654,31.9966,32.0078,4096,235.8750,4,47.9268,1939,1
4655,31.9966,32.0078,4096,235.8750,4,47.9268,1940,1
4656,31.9966,32.0078,4096,235.8750,4,47.9268,1940,1
4657,31.9966,32.0078,4096,235.8750,4,47.9268,1940,1
4658,31.9966,32.0078,4096,235.8750,4,47.9268,1940,1
4659,31.9966,32.0078,4096,235.8750,4,47.9268,1940,1
4660,31.9966,32.0078,4096,235.8750,4,47.9268,1941,1
4661,31.9966,32.0078,4096,235.8750,4,47.9268,1942,1
4662,31.9966,32.0078,4096,235.8750,4,47.9268,1942,1
4663,31.9966,32.0078,4096,235.8750,4,47.9268,1943,1
4664,31.9966,32.0078,4096,235.8750,4,47.9268,1943,1
4665,31.9966,32.0078,4096,235.8750,4,47.9268,1943,1
4666,31.9966,32.0078,4096,235.8750,4,47.9268,1944,1
4667,31.9966,32.0078,4096,235.8750,4,47.9268,1944,1
4668,31.9966,32.0078,4096,235.8750,4,47.9268,1945,1
4669,31.9966,32.0078,4096,235.8750,4,47.9268,1946,1
4670,31.9966,32.0078,4096,235.8750,4,47.9268,1946,1
4671,31.9966,32.0078,4096,235.8750,4,47.9268,1947,1
4672,31.9966,32.0078,4096,235.8750,4,47.9268,1947,1
4673,31.9966,32.0078,4096,235.8750,4,47.9268,1947,1
4674,31.9966,32.0078,4096,235.8750,4,47.9268,1947,1
4675,31.9966,32.0078,4096,235.8750,4,47.9268,1948,1
4676,31.9966,32.0078,4096,235.8750,4,47.9268,1948,1
4677,31.9966,32.0078,4096,235.8750,4,47.9268,1948,1
4678,31.9966,32.0078,4096,235.8750,4,47.9268,1948,1
4679,31.9966,32.0078,4096,235.8750,4,47.9268,1948,1
4680,31.9966,32.0078,4096,235.8750,4,47.9268,1949,1
4681,31.9966,32.0078,4096,235.8750,4,47.9268,1949,1
4682,31.9966,32.0078,4096,235.8750,4,47.9268,1950,1
4683,31.9966,32.0078,4096,235.8750,4,47.9268,1951,1
4684,31.9966,32.0078,4096,235.8750,4,47.9268,1951,1
4685,31.9966,32.0078,4096,235.8750,4,47.9268,1951,1
4686,31.9966,32.0078,4096,235.8750,4,47.9268,1952,1
4687,31.9966,32.0078,4096,235.8750,4,47.9268,1952,1
4688,31.9966,32.0078,4096,235.8750,4,47.9268,1952,1
4689,31.9966,32.0078,4096,235.8750,4,47.9268,1952,1
4690,31.9966,32.0078,4096,235.8750,4,47.9268,1953,1
4691,31.9966,32.0078,4096,235.8750,4,47.9268,1954,1
4692,31.9966,32.0078,4096,235.8750,4,47.9268,1955,1
4693,31.9966,32.0078,4096,235.8750,4,47.9268,1956,1
4694,31.9966,32.0078,4096,235.8750,4,47.9268,1956,1
4695,31.9966,32.0078,4096,235.8750,4,47.9268,1956,1
4696,31.9966,32.0078,4096,235.8750,4,47.9268,1956,1
4697,31.9966,32.0078,4096,235.8750,4,47.9268,1956,1
4698,31.9966,32.0078,4096,235.8750,4,47.9268,1956,1
4699,31.9966,32.0078,4096,235.8750,4,47.9268,1956,1
4700,31.9966,32.0078,4096,235.8750,4,47.9268,1956,1
4701,31.9966,32.0078,4096,235.8750,4,47.9268,1956,1
4702,31.9966,32.0078,4096,235.8750,4,47.9268,1956,1
4703,31.9966,32.0078,4096,235.8750,4,47.9268,1956,1
4704,31.9966,32.0078,4096,235.8750,4,47.9268,1956,1
4705,31.9966,32.0078,4096,235.8750,4,47.9268,1957,1
4706,31.9966,32.0078,4096,235.8750,4,47.9268,1958,1
4707,31.9966,32.0078,4096,235.8750,4,47.9268,1958,1
4708,31.9966,32.0078,4096,235.8750,4,47.9268,1958,1
4709,31.9966,32.0078,4096,235.8750,4,47.9268,1958,1
4710,31.9966,32.0078,4096,235.8750,4,47.9268,1958,1
4711,31.9966,32.0078,4096,235.8750,4,47.9268,1958,1
4712,31.9966,32.0078,4096,235.8750,4,47.9268,1959,1
4713,31.9966,32.0078,4096,235.8750,4,47.9268,1959,1
4714,31.9966,32.0078,4096,235.8750,4,47.9268,1959,1
4715,31.9966,32.0078,4096,235.8750,4,47.9268,1959,1
4716,31.9966,32.0078,4096,235.8750,4,47.9268,1960,1
4717,31.9966,32.0078,4096,235.8750,4,47.9268,1960,1
4718,31.9966,32.0078,4096,235.8750,4,47.9268,1961,1
4719,31.9966,32.0078,4096,235.8750,4,47.9268,1961,1
4720,31.9966,32.0078,4096,235.8750,4,47.9268,1961,1
4721,31.9966,32.0078,4096,235.8750,4,47.9268,1961,1
4722,31.9966,32.0078,4096,235.8750,4,47.9268,1961,1
4723,31.9966,32.0078,4096,235.8750,4,47.9268,1961,1
4724,31.9966,32.0078,4096,235.8750,4,47.9268,1961,1
4725,31.9966,32.0078,4096,235.8750,4,47.9268,1962,1
4726,31.9966,32.0078,4096,235.8750,4,47.9268,1962,1
4727,31.9966,32.0078,4096,235.8750,4,47.9268,1963,1
4728,31.9966,32.0078,4096,235.8750,4,47.9268,1963,1
4729,31.9966,32.0078,4096,235.8750,4,47.9268,1964,1
4730,31.9966,32.0078,4096,235.8750,4,47.9268,1965,1
4731,31.9966,32.0078,4096,235.8750,4,47.9268,1965,1
4732,31.9966,32.0078,4096,235.8750,4,47.9268,1966,1
4733,31.9966,32.0078,4096,235.8750,4,47.9268,1966,1
4734,31.9966,32.0078,4096,235.8750,4,47.9268,1966,1
4735,31.9966,32.0078,4096,235.8750,4,47.9268,1967,1
4736,31.9966,32.0078,4096,235.8750,4,47.9268,1967,1
4737,31.9966,32.0078,4096,235.8750,4,47.9268,1967,1
4738,31.9966,32.0078,4096,235.8750,4,47.9268,1968,1
4739,31.9966,32.0078,4096,235.8750,4,47.9268,1968,1
4740,31.9966,32.0078,4096,235.8750,4,47.9268,1968,1
4741,31.9966,32.0078,4096,235.8750,4,47.9268,1968,1
4742,31.9966,32.0078,4096,235.8750,4,47.9268,1969,1
4743,31.9966,32.0078,4096,235.8750,4,47.9268,1969,1
4744,31.9966,32.0078,4096,235.8750,4,47.9268,1969,1
4745,31.9966,32.0078,4096,235.8750,4,47.9268,1969,1
4746,31.9966,32.0078,4096,235.8750,4,47.9268,1969,1
4747,31.9966,32.0078,4096,235.8750,4,47.9268,1970,1
4748,31.9966,32.0078,4096,235.8750,4,47.9268,1971,1
4749,31.9966,32.0078,4096,235.8750,4,47.9268,1972,1
4750,31.9966,32.0078,4096,235.8750,4,47.9268,1973,1
4751,31.9966,32.0078,4096,235.8750,4,47.9268,1973,1
4752,31.9966,32.0078,4096,235.8750,4,47.9268,1974,1
4753,31.9966,32.0078,4096,235.8750,4,47.9268,1974,1
4754,31.9966,32.0078,4096,235.8750,4,47.9268,1974,1
4755,31.9966,32.0078,4096,235.8750,4,47.9268,1974,1
4756,31.9966,32.0078,4096,235.8750,4,47.9268,1974,1
4757,31.9966,32.0078,4096,235.8750,4,47.9268,1974,1
4758,31.9966,32.0078,4096,235.8750,4,47.9268,1975,1
4759,31.9966,32.0078,4096,235.8750,4,47.9268,1975,1
4760,31.9966,32.0078,4096,235.8750,4,47.9268,1976,1
4761,31.9966,32.0078,4096,235.8750,4,47.9268,1977,1
4762,31.9966,32.0078,4096,235.8750,4,47.9268,1977,1
4763,31.9966,32.0078,4096,235.8750,4,47.9268,1977,1
4764,31.9966,32.0078,4096,235.8750,4,47.9268,1978,1
4765,31.9966,32.0078,4096,235.8750,4,47.9268,1979,1
4766,31.9966,32.0078,4096,235.8750,4,47.9268,1979,1
4767,31.9966,32.0078,4096,235.8750,4,47.9268,1979,1
4768,31.9966,32.0078,4096,235.8750,4,47.9268,1979,1
4769,31.9966,32.0078,4096,235.8750,4,47.9268,1979,1
4770,31.9966,32.0078,4096,235.8750,4,47.9268,1979,1
4771,31.9966,32.0078,4096,235.8750,4,47.9268,1980,1
4772,31.9966,32.0078,4096,235.8750,4,47.9268,1980,1
4773,31.9966,32.0078,4096,235.8750,4,47.9268,1980,1
4774,31.9966,32.0078,4096,235.8750,4,47.9268,1981,1
4775,31.9966,32.0078,4096,235.8750,4,47.9268,1981,1
4776,31.9966,32.0078,4096,235.8750,4,47.9268,1981,1
4777,31.9966,32.0078,4096,235.8750,4,47.9268,1981,1
4778,31.9966,32.0078,4096,235.8750,4,47.9268,1982,1
4779,31.9966,32.0078,4096,235.8750,4,47.9268,1982,1
4780,31.9966,32.0078,4096,235.8750,4,47.9268,1983,1
4781,31.9966,32.0078,4096,235.8750,4,47.9268,1983,1
4782,31.9966,32.0078,4096,235.8750,4,47.9268,1983,1
4783,31.9966,32.0078,4096,235.8750,4,47.9268,1983,1
4784,31.9966,32.0078,4096,235.8750,4,47.9268,1984,1
4785,31.9966,32.0078,4096,235.8750,4,47.9268,1984,1
4786,31.9966,32.0078,4096,235.8750,4,47.9268,1985,1
4787,31.9966,32.0078,4096,235.8750,4,47.9268,1986,1
4788,31.9966,32.0078,4096,235.8750,4,47.9268,1986,1
4789,31.9966,32.0078,4096,235.8750,4,47.9268,1987,1
4790,31.9966,32.0078,4096,235.8750,4,47.9268,1988,1
4791,31.9966,32.0078,4096,235.8750,4,47.9268,1988,1
4792,31.9966,32.0078,4096,235.8750,4,47.9268,1988,1
4793,31.9966,32.0078,4096,235.8750,4,47.9268,1988,1
4794,31.9966,32.0078,4096,235.8750,4,47.9268,1988,1
4795,31.9966,32.0078,4096,235.8750,4,47.9268,1988,1
4796,31.9966,32.0078,4096,235.8750,4,47.9268,1988,1
4797,31.9966,32.0078,4096,235.8750,4,47.9268,1989,1
4798,31.9966,32.0078,4096,235.8750,4,47.9268,1989,1
4799,31.9966,32.0078,4096,235.8750,4,47.9268,1990,1
4800,31.9966,32.0078,4096,235.8750,4,47.9268,1990,1
4801,31.9966,32.0078,4096,235.8750,4,47.9268,1990,1
4802,31.9966,32.0078,4096,235.8750,4,47.9268,1991,1
4803,31.9966,32.0078,4096,235.8750,4,47.9268,1992,1
4804,31.9966,32.0078,4096,235.8750,4,47.9268,1993,1
4805,31.9966,32.0078,4096,235.8750,4,47.9268,1994,1
4806,31.9966,32.0078,4096,235.8750,4,47.9268,1995,1
4807,31.9966,32.0078,4096,235.8750,4,47.9268,1995,1
4808,31.9966,32.0078,4096,235.8750,4,47.9268,1995,1
4809,31.9966,32.0078,4096,235.8750,4,47.9268,1996,1
4810,31.9966,32.0078,4096,235.8750,4,47.9268,1997,1
4811,31.9966,32.0078,4096,235.8750,4,47.9268,1998,1
4812,31.9966,32.0078,4096,235.8750,4,47.9268,1999,1
4813,31.9966,32.0078,4096,235.8750,4,47.9268,1999,1
4814,31.9966,32.0078,4096,235.8750,4,47.9268,2000,1
4815,31.9966,32.0078,4096,235.8750,4,47.9268,2000,1
4816,31.9966,32.0078,4096,235.8750,4,47.9268,2000,1
4817,31.9966,32.0078,4096,235.8750,4,47.9268,2001,1
4818,31.9966,32.0078,4096,235.8750,4,47.9268,2001,1
4819,31.9966,32.0078,4096,235.8750,4,47.9268,2002,1
4820,31.9966,32.0078,4096,235.8750,4,47.9268,2002,1
4821,31.9966,32.0078,4096,235.8750,4,47.9268,2003,1
4822,31.9966,32.0078,4096,235.8750,4,47.9268,2004,1
4823,31.9966,32.0078,4096,235.8750,4,47.9268,2005,1
4824,31.9966,32.0078,4096,235.8750,4,47.9268,2005,1
4825,31.9966,32.0078,4096,235.8750,4,47.9268,2005,1
4826,31.9966,32.0078,4096,235.8750,4,47.9268,2006,1
4827,31.9966,32.0078,4096,235.8750,4,47.9268,2007,1
4828,31.9966,32.0078,4096,235.8750,4,47.9268,2007,1
4829,31.9966,32.0078,4096,235.8750,4,47.9268,2008,1
4830,31.9966,32.0078,4096,235.8750,4,47.9268,2009,1
4831,31.9966,32.0078,4096,235.8750,4,47.9268,2010,1
4832,31.9966,32.0078,4096,235.8750,4,47.9268,2010,1
4833,31.9966,32.0078,4096,235.8750,4,47.9268,2011,1
4834,31.9966,32.0078,4096,235.8750,4,47.9268,2012,1
4835,31.9966,32.0078,4096,235.8750,4,47.9268,2012,1
4836,31.9966,32.0078,4096,235.8750,4,47.9268,2012,1
4837,31.9966,32.0078,4096,235.8750,4,47.9268,2013,1
4838,31.9966,32.0078,4096,235.8750,4,47.9268,2013,1
4839,31.9966,32.0078,4096,235.8750,4,47.9268,2013,1
4840,31.9966,32.0078,4096,235.8750,4,47.9268,2013,1
4841,31.9966,32.0078,4096,235.8750,4,47.9268,2013,1
4842,31.9966,32.0078,4096,235.8750,4,47.9268,2013,1
4843,31.9966,32.0078,4096,235.8750,4,47.9268,2013,1
4844,31.9966,32.0078,4096,235.8750,4,47.9268,2014,1
4845,31.9966,32.0078,4096,235.8750,4,47.9268,2015,1
4846,31.9966,32.0078,4096,235.8750,4,47.9268,2015,1
4847,31.9966,32.0078,4096,235.8750,4,47.9268,2016,1
4848,31.9966,32.0078,4096,235.8750,4,47.9268,2016,1
4849,31.9966,32.0078,4096,235.8750,4,47.9268,2016,1
4850,31.9966,32.0078,4096,235.8750,4,47.9268,2017,1
4851,31.9966,32.0078,4096,235.8750,4,47.9268,2017,1
4852,31.9966,32.0078,4096,235.8750,4,47.9268,2017,1
4853,31.9966,32.0078,4096,235.8750,4,47.9268,2018,1
4854,31.9966,32.0078,4096,235.8750,4,47.9268,2019,1
4855,31.9966,32.0078,4096,235.8750,4,47.9268,2019,1
4856,31.9966,32.0078,4096,235.8750,4,47.9268,2020,1
4857,31.9966,32.0078,4096,235.8750,4,47.9268,2020,1
4858,31.9966,32.0078,4096,235.8750,4,47.9268,2021,1
4859,31.9966,32.0078,4096,235.8750,4,47.9268,2021,1
4860,31.9966,32.0078,4096,235.8750,4,47.9268,2022,1
4861,31.9966,32.0078,4096,235.8750,4,47.9268,2022,1
4862,31.9966,32.0078,4096,235.8750,4,47.9268,2023,1
4863,31.9966,32.0078,4096,235.8750,4,47.9268,2023,1
4864,31.9966,32.0078,4096,235.8750,4,47.9268,2024,1
4865,31.9966,32.0078,4096,235.8750,4,47.9268,2024,1
4866,31.9966,32.0078,4096,235.8750,4,47.9268,2024,1
4867,31.9966,32.0078,4096,235.8750,4,47.9268,2024,1
4868,31.9966,32.0078,4096,235.8750,4,47.9268,2025,1
4869,31.9966,32.0078,4096,235.8750,4,47.9268,2025,1
4870,31.9966,32.0078,4096,235.8750,4,47.9268,2025,1
4871,31.9966,32.0078,4096,235.8750,4,47.9268,2026,1
4872,31.9966,32.0078,4096,235.8750,4,47.9268,2026,1
4873,31.9966,32.0078,4096,235.8750,4,47.9268,2026,1
4874,31.9966,32.0078,4096,235.8750,4,47.9268,2026,1
4875,31.9966,32.0078,4096,235.8750,4,47.9268,2026,1
4876,31.9966,32.0078,4096,235.8750,4,47.9268,2027,1
4877,31.9966,32.0078,4096,235.8750,4,47.9268,2028,1
4878,31.9966,32.0078,4096,235.8750,4,47.9268,2029,1
4879,31.9966,32.0078,4096,235.8750,4,47.9268,2029,1
4880,31.9966,32.0078,4096,235.8750,4,47.9268,2029,1
4881,31.9966,32.0078,4096,235.8750,4,47.9268,2029,1
4882,31.9966,32.0078,4096,235.8750,4,47.9268,2029,1
4883,31.9966,32.0078,4096,235.8750,4,47.9268,2029,1
4884,31.9966,32.0078,4096,235.8750,4,47.9268,2030,1
4885,31.9966,32.0078,4096,235.8750,4,47.9268,2031,1
4886,31.9966,32.0078,4096,235.8750,4,47.9268,2032,1
4887,31.9966,32.0078,4096,235.8750,4,47.9268,2032,1
4888,31.9966,32.0078,4096,235.8750,4,47.9268,2032,1
4889,31.9966,32.0078,4096,235.8750,4,47.9268,2032,1
4890,31.9966,32.0078,4096,235.8750,4,47.9268,2033,1
4891,31.9966,32.0078,4096,235.8750,4,47.9268,2034,1
4892,31.9966,32.0078,4096,235.8750,4,47.9268,2034,1
4893,31.9966,32.0078,4096,235.8750,4,47.9268,2035,1
4894,31.9966,32.0078,4096,235.8750,4,47.9268,2035,1
4895,31.9966,32.0078,4096,235.8750,4,47.9268,2035,1
4896,31.9966,32.0078,4096,235.8750,4,47.9268,2036,1
4897,31.9966,32.0078,4096,235.8750,4,47.9268,2037,1
4898,31.9966,32.0078,4096,235.8750,4,47.9268,2038,1
4899,31.9966,32.0078,4096,235.8750,4,47.9268,2038,1
4900,31.9966,32.0078,4096,235.8750,4,47.9268,2038,1
4901,31.9966,32.0078,4096,235.8750,4,47.9268,2038,1
4902,31.9966,32.0078,4096,235.8750,4,47.9268,2038,1
4903,31.9966,32.0078,4096,235.8750,4,47.9268,2038,1
4904,31.9966,32.0078,4096,235.8750,4,47.9268,2039,1
4905,31.9966,32.0078,4096,235.8750,4,47.9268,2039,1
4906,31.9966,32.0078,4096,235.8750,4,47.9268,2039,1
4907,31.9966,32.0078,4096,235.8750,4,47.9268,2040,1
4908,31.9966,32.0078,4096,235.8750,4,47.9268,2040,1
4909,31.9966,32.0078,4096,235.8750,4,47.9268,2040,1
4910,31.9966,32.0078,4096,235.8750,4,47.9268,2040,1
4911,31.9966,32.0078,4096,235.8750,4,47.9268,2040,1
4912,31.9966,32.0078,4096,235.8750,4,47.9268,2041,1
4913,31.9966,32.0078,4096,235.8750,4,47.9268,2041,1
4914,31.9966,32.0078,4096,235.8750,4,47.9268,2041,1
4915,31.9966,32.0078,4096,235.8750,4,47.9268,2041,1
4916,31.9966,32.0078,4096,235.8750,4,47.9268,2041,1
4917,31.9966,32.0078,4096,235.8750,4,47.9268,2042,1
4918,31.9966,32.0078,4096,235.8750,4,47.9268,2043,1
4919,31.9966,32.0078,4096,235.8750,4,47.9268,2043,1
4920,31.9966,32.0078,4096,235.8750,4,47.9268,2043,1
4921,31.9966,32.0078,4096,235.8750,4,47.9268,2043,1
4922,31.9966,32.0078,4096,235.8750,4,47.9268,2043,1
4923,31.9966,32.0078,4096,235.8750,4,47.9268,2043,1
4924,31.9966,32.0078,4096,235.8750,4,47.9268,2044,1
4925,31.9966,32.0078,4096,235.8750,4,47.9268,2044,1
4926,31.9966,32.0078,4096,235.8750,4,47.9268,2045,1
4927,31.9966,32.0078,4096,235.8750,4,47.9268,2045,1
4928,31.9966,32.0078,4096,235.8750,4,47.9268,2046,1
4929,31.9966,32.0078,4096,235.8750,4,47.9268,2046,1
4930,31.9966,32.0078,4096,235.8750,4,47.9268,2047,1
4931,31.9966,32.0078,4096,235.8750,4,47.9268,2047,1
4932,31.9966,32.0078,4096,235.8750,4,47.9268,2048,1
4933,31.9966,32.0078,4096,235.8750,4,47.9268,2048,1
4934,31.9966,32.0078,4096,235.8750,4,47.9268,2048,1
4935,31.9966,32.0078,4096,235.8750,4,47.9268,2048,1
4936,31.9966,32.0078,4096,235.8750,4,47.9268,2048,1
4937,31.9966,32.0078,4096,235.8750,4,47.9268,2048,1
4938,31.9966,32.0078,4096,235.8750,4,47.9268,2048,1
4939,31.9966,32.0078,4096,235.8750,4,47.9268,2048,1
4940,31.9966,32.0078,4096,235.8750,4,47.9268,2048,1
4941,31.9966,32.0078,4096,235.8750,4,47.9268,2048,1
4942,31.9966,32.0078,4096,235.8750,4,47.9268,2049,1
4943,31.9966,32.0078,4096,235.8750,4,47.9268,2049,1
4944,31.9966,32.0078,4096,235.8750,4,47.9268,2050,1
4945,31.9966,32.0078,4096,235.8750,4,47.9268,2050,1
4946,31.9966,32.0078,4096,235.8750,4,47.9268,2050,1
4947,31.9966,32.0078,4096,235.8750,4,47.9268,2050,1
4948,31.9966,32.0078,4096,235.8750,4,47.9268,2050,1
4949,31.9966,32.0078,4096,235.8750,4,47.9268,2051,1
4950,31.9966,32.0078,4096,235.8750,4,47.9268,2052,1
4951,31.9966,32.0078,4096,235.8750,4,47.9268,2052,1
4952,31.9966,32.0078,4096,235.8750,4,47.9268,2052,1
4953,31.9966,32.0078,4096,235.8750,4,47.9268,2052,1
4954,31.9966,32.0078,4096,235.8750,4,47.9268,2053,1
4955,31.9966,32.0078,4096,235.8750,4,47.9268,2054,1
4956,31.9966,32.0078,4096,235.8750,4,47.9268,2054,1
4957,31.9966,32.0078,4096,235.8750,4,47.9268,2055,1
4958,31.9966,32.0078,4096,235.8750,4,47.9268,2055,1
4959,31.9966,32.0078,4096,235.8750,4,47.9268,2055,1
4960,31.9966,32.0078,4096,235.8750,4,47.9268,2055,1
4961,31.9966,32.0078,4096,235.8750,4,47.9268,2056,1
4962,31.9966,32.0078,4096,235.8750,4,47.9268,2056,1
4963,31.9966,32.0078,4096,235.8750,4,47.9268,2056,1
4964,31.9966,32.0078,4096,235.8750,4,47.9268,2057,1
4965,31.9966,32.0078,4096,235.8750,4,47.9268,2057,1
4966,31.9966,32.0078,4096,235.8750,4,47.9268,2058,1
4967,31.9966,32.0078,4096,235.8750,4,47.9268,2058,1
4968,31.9966,32.0078,4096,235.8750,4,47.9268,2058,1
4969,31.9966,32.0078,4096,235.8750,4,47.9268,2059,1
4970,31.9966,32.0078,4096,235.8750,4,47.9268,2060,1
4971,31.9966,32.0078,4096,235.8750,4,47.9268,2061,1
4972,31.9966,32.0078,4096,235.8750,4,47.9268,2061,1
4973,31.9966,32.0078,4096,235.8750,4,47.9268,2062,1
4974,31.9966,32.0078,4096,235.8750,4,47.9268,2062,1
4975,31.9966,32.0078,4096,235.8750,4,47.9268,2062,1
4976,31.9966,32.0078,4096,235.8750,4,47.9268,2062,1
4977,31.9966,32.0078,4096,235.8750,4,47.9268,2062,1
4978,31.9966,32.0078,4096,235.8750,4,47.9268,2062,1
4979,31.9966,32.0078,4096,235.8750,4,47.9268,2062,1
4980,31.9966,32.0078,4096,235.8750,4,47.9268,2062,1
4981,31.9966,32.0078,4096,235.8750,4,47.9268,2062,1
4982,31.9966,32.0078,4096,235.8750,4,47.9268,2062,1
4983,31.9966,32.0078,4096,235.8750,4,47.9268,2062,1
4984,31.9966,32.0078,4096,235.8750,4,47.9268,2062,1
4985,31.9966,32.0078,4096,235.8750,4,47.9268,2062,1
4986,31.9966,32.0078,4096,235.8750,4,47.9268,2062,1
4987,31.9966,32.0078,4096,235.8750,4,47.9268,2063,1
4988,31.9966,32.0078,4096,235.8750,4,47.9268,2063,1
4989,31.9966,32.0078,4096,235.8750,4,47.9268,2063,1
4990,31.9966,32.0078,4096,235.8750,4,47.9268,2063,1
4991,31.9966,32.0078,4096,235.8750,4,47.9268,2064,1
4992,31.9966,32.0078,4096,235.8750,4,47.9268,2064,1
4993,31.9966,32.0078,4096,235.8750,4,47.9268,2064,1
4994,31.9966,32.0078,4096,235.8750,4,47.9268,2064,1
4995,31.9966,32.0078,4096,235.8750,4,47.9268,2065,1
4996,31.9966,32.0078,4096,235.8750,4,47.9268,2065,1
4997,31.9966,32.0078,4096,235.8750,4,47.9268,2065,1
4998,31.9966,32.0078,4096,235.8750,4,47.9268,2066,1
4999,31.9966,32.0078,4096,235.8750,4,47.9268,2066,1
5000,31.9966,32.0078,4096,235.8750,4,47.9268,2066,1
5001,31.9966,32.0078,4096,235.8750,4,47.9268,2066,1
5002,31.9966,32.0078,4096,235.8750,4,47.9268,2066,1
5003,31.9966,32.0078,4096,235.8750,4,47.9268,2066,1
5004,31.9966,32.0078,4096,235.8750,4,47.9268,2067,1
5005,31.9966,32.0078,4096,235.8750,4,47.9268,2067,1
5006,31.9966,32.0078,4096,235.8750,4,47.9268,2067,1
5007,31.9966,32.0078,4096,235.8750,4,47.9268,2067,1
5008,31.9966,32.0078,4096,235.8750,4,47.9268,2068,1
5009,31.9966,32.0078,4096,235.8750,4,47.9268,2068,1
5010,31.9966,32.0078,4096,235.8750,4,47.9268,2068,1
5011,31.9966,32.0078,4096,235.8750,4,47.9268,2069,1
5012,31.9966,32.0078,4096,235.8750,4,47.9268,2070,1
5013,31.9966,32.0078,4096,235.8750,4,47.9268,2070,1
5014,31.9966,32.0078,4096,235.8750,4,47.9268,2070,1
5015,31.9966,32.0078,4096,235.8750,4,47.9268,2070,1
5016,31.9966,32.0078,4096,235.8750,4,47.9268,2070,1
5017,31.9966,32.0078,4096,235.8750,4,47.9268,2071,1
5018,31.9966,32.0078,4096,235.8750,4,47.9268,2071,1
5019,31.9966,32.0078,4096,235.8750,4,47.9268,2071,1
5020,31.9966,32.0078,4096,235.8750,4,47.9268,2072,1
5021,31.9966,32.0078,4096,235.8750,4,47.9268,2073,1
5022,31.9966,32.0078,4096,235.8750,4,47.9268,2074,1
5023,31.9966,32.0078,4096,235.8750,4,47.9268,2074,1
5024,31.9966,32.0078,4096,235.8750,4,47.9268,2075,1
5025,31.9966,32.0078,4096,235.8750,4,47.9268,2075,1
5026,31.9966,32.0078,4096,235.8750,4,47.9268,2076,1
5027,31.9966,32.0078,4096,235.8750,4,47.9268,2076,1
5028,31.9966,32.0078,4096,235.8750,4,47.9268,2076,1
5029,31.9966,32.0078,4096,235.8750,4,47.9268,2077,1
5030,31.9966,32.0078,4096,235.8750,4,47.9268,2078,1
5031,31.9966,32.0078,4096,235.8750,4,47.9268,2078,1
5032,31.9966,32.0078,4096,235.8750,4,47.9268,2078,1
5033,31.9966,32.0078,4096,235.8750,4,47.9268,2078,1
5034,31.9966,32.0078,4096,235.8750,4,47.9268,2078,1
5035,31.9966,32.0078,4096,235.8750,4,47.9268,2078,1
5036,31.9966,32.0078,4096,235.8750,4,47.9268,2078,1
5037,31.9966,32.0078,4096,235.8750,4,47.9268,2078,1
5038,31.9966,32.0078,4096,235.8750,4,47.9268,2079,1
5039,31.9966,32.0078,4096,235.8750,4,47.9268,2079,1
5040,31.9966,32.0078,4096,235.8750,4,47.9268,2080,1
5041,31.9966,32.0078,4096,235.8750,4,47.9268,2081,1
5042,31.9966,32.0078,4096,235.8750,4,47.9268,2081,1
5043,31.9966,32.0078,4096,235.8750,4,47.9268,2081,1
5044,31.9966,32.0078,4096,235.8750,4,47.9268,2082,1
5045,31.9966,32.0078,4096,235.8750,4,47.9268,2083,1
5046,31.9966,32.0078,4096,235.8750,4,47.9268,2083,1
5047,31.9966,32.0078,4096,235.8750,4,47.9268,2083,1
5048,31.9966,32.0078,4096,235.8750,4,47.9268,2083,1
5049,31.9966,32.0078,4096,235.8750,4,47.9268,2083,1
5050,31.9966,32.0078,4096,235.8750,4,47.9268,2083,1
5051,31.9966,32.0078,4096,235.8750,4,47.9268,2083,1
5052,31.9966,32.0078,4096,235.8750,4,47.9268,2083,1
5053,31.9966,32.0078,4096,235.8750,4,47.9268,2083,1
5054,31.9966,32.0078,4096,235.8750,4,47.9268,2083,1
5055,31.9966,32.0078,4096,235.8750,4,47.9268,2083,1
5056,31.9966,32.0078,4096,235.8750,4,47.9268,2083,1
5057,31.9966,32.0078,4096,235.8750,4,47.9268,2083,1
5058,31.9966,32.0078,4096,235.8750,4,47.9268,2084,1
5059,31.9966,32.0078,4096,235.8750,4,47.9268,2085,1
5060,31.9966,32.0078,4096,235.8750,4,47.9268,2085,1
5061,31.9966,32.0078,4096,235.8750,4,47.9268,2085,1
5062,31.9966,32.0078,4096,235.8750,4,47.9268,2085,1
5063,31.9966,32.0078,4096,235.8750,4,47.9268,2086,1
5064,31.9966,32.0078,4096,235.8750,4,47.9268,2086,1
5065,31.9966,32.0078,4096,235.8750,4,47.9268,2087,1
5066,31.9966,32.0078,4096,235.8750,4,47.9268,2087,1
5067,31.9966,32.0078,4096,235.8750,4,47.9268,2087,1
5068,31.9966,32.0078,4096,235.8750,4,47.9268,2087,1
5069,31.9966,32.0078,4096,235.8750,4,47.9268,2087,1
5070,31.9966,32.0078,4096,235.8750,4,47.9268,2087,1
5071,31.9966,32.0078,4096,235.8750,4,47.9268,2088,1
5072,31.9966,32.0078,4096,235.8750,4,47.9268,2088,1
5073,31.9966,32.0078,4096,235.8750,4,47.9268,2088,1
5074,31.9966,32.0078,4096,235.8750,4,47.9268,2088,1
5075,31.9966,32.0078,4096,235.8750,4,47.9268,2088,1
5076,31.9966,32.0078,4096,235.8750,4,47.9268,2089,1
5077,31.9966,32.0078,4096,235.8750,4,47.9268,2090,1
5078,31.9966,32.0078,4096,235.8750,4,47.9268,2090,1
5079,31.9966,32.0078,4096,235.8750,4,47.9268,2090,1
5080,31.9966,32.0078,4096,235.8750,4,47.9268,2090,1
5081,31.9966,32.0078,4096,235.8750,4,47.9268,2091,1
5082,31.9966,32.0078,4096,235.8750,4,47.9268,2091,1
5083,31.9966,32.0078,4096,235.8750,4,47.9268,2092,1
5084,31.9966,32.0078,4096,235.8750,4,47.9268,2092,1
5085,31.9966,32.0078,4096,235.8750,4,47.9268,2092,1
5086,31.9966,32.0078,4096,235.8750,4,47.9268,2092,1
5087,31.9966,32.0078,4096,235.8750,4,47.9268,2093,1
5088,31.9966,32.0078,4096,235.8750,4,47.9268,2093,1
5089,31.9966,32.0078,4096,235.8750,4,47.9268,2094,1
5090,31.9966,32.0078,4096,235.8750,4,47.9268,2094,1
5091,31.9966,32.0078,4096,235.8750,4,47.9268,2094,1
5092,31.9966,32.0078,4096,235.8750,4,47.9268,2094,1
5093,31.9966,32.0078,4096,235.8750,4,47.9268,2094,1
5094,31.9966,32.0078,4096,235.8750,4,47.9268,2094,1
5095,31.9966,32.0078,4096,235.8750,4,47.9268,2095,1
5096,31.9966,32.0078,4096,235.8750,4,47.9268,2096,1
5097,31.9966,32.0078,4096,235.8750,4,47.9268,2096,1
5098,31.9966,32.0078,4096,235.8750,4,47.9268,2096,1
5099,31.9966,32.0078,4096,235.8750,4,47.9268,2096,1
5100,31.9966,32.0078,4096,235.8750,4,47.9268,2096,1
5101,31.9966,32.0078,4096,235.8750,4,47.9268,2096,1
5102,31.9966,32.0078,4096,235.8750,4,47.9268,2097,1
5103,31.9966,32.0078,4096,235.8750,4,47.9268,2097,1
5104,31.9966,32.0078,4096,235.8750,4,47.9268,2098,1
5105,31.9966,32.0078,4096,235.8750,4,47.9268,2098,1
5106,31.9966,32.0078,4096,235.8750,4,47.9268,2098,1
5107,31.9966,32.0078,4096,235.8750,4,47.9268,2098,1
5108,31.9966,32.0078,4096,235.8750,4,47.9268,2099,1
5109,31.9966,32.0078,4096,235.8750,4,47.9268,2100,1
5110,31.9966,32.0078,4096,235.8750,4,47.9268,2100,1
5111,31.9966,32.0078,4096,235.8750,4,47.9268,2101,1
5112,31.9966,32.0078,4096,235.8750,4,47.9268,2101,1
5113,31.9966,32.0078,4096,235.8750,4,47.9268,2101,1
5114,31.9966,32.0078,4096,235.8750,4,47.9268,2102,1
5115,31.9966,32.0078,4096,235.8750,4,47.9268,2102,1
5116,31.9966,32.0078,4096,235.8750,4,47.9268,2102,1
5117,31.9966,32.0078,4096,235.8750,4,47.9268,2102,1
5118,31.9966,32.0078,4096,235.8750,4,47.9268,2102,1
5119,31.9966,32.0078,4096,235.8750,4,47.9268,2102,1
5120,31.9966,32.0078,4096,235.8750,4,47.9268,2103,1
5121,31.9966,32.0078,4096,235.8750,4,47.9268,2103,1
5122,31.9966,32.0078,4096,235.8750,4,47.9268,2103,1
5123,31.9966,32.0078,4096,235.8750,4,47.9268,2103,1
5124,31.9966,32.0078,4096,235.8750,4,47.9268,2103,1
5125,31.9966,32.0078,4096,235.8750,4,47.9268,2104,1
5126,31.9966,32.0078,4096,235.8750,4,47.9268,2104,1
5127,31.9966,32.0078,4096,235.8750,4,47.9268,2105,1
5128,31.9966,32.0078,4096,235.8750,4,47.9268,2106,1
5129,31.9966,32.0078,4096,235.8750,4,47.9268,2107,1
5130,31.9966,32.0078,4096,235.8750,4,47.9268,2107,1
5131,31.9966,32.0078,4096,235.8750,4,47.9268,2107,1
5132,31.9966,32.0078,4096,235.8750,4,47.9268,2108,1
5133,31.9966,32.0078,4096,235.8750,4,47.9268,2108,1
5134,31.9966,32.0078,4096,235.8750,4,47.9268,2109,1
5135,31.9966,32.0078,4096,235.8750,4,47.9268,2109,1
5136,31.9966,32.0078,4096,235.8750,4,47.9268,2109,1
5137,31.9966,32.0078,4096,235.8750,4,47.9268,2109,1
5138,31.9966,32.0078,4096,235.8750,4,47.9268,2109,1
5139,31.9966,32.0078,4096,235.8750,4,47.9268,2109,1
5140,31.9966,32.0078,4096,235.8750,4,47.9268,2109,1
5141,31.9966,32.0078,4096,235.8750,4,47.9268,2109,1
5142,31.9966,32.0078,4096,235.8750,4,47.9268,2109,1
5143,31.9966,32.0078,4096,235.8750,4,47.9268,2109,1
5144,31.9966,32.0078,4096,235.8750,4,47.9268,2109,1
5145,31.9966,32.0078,4096,235.8750,4,47.9268,2109,1
5146,31.9966,32.0078,4096,235.8750,4,47.9268,2109,1
5147,31.9966,32.0078,4096,235.8750,4,47.9268,2110,1
5148,31.9966,32.0078,4096,235.8750,4,47.9268,2111,1
5149,31.9966,32.0078,4096,235.8750,4,47.9268,2111,1
5150,31.9966,32.0078,4096,235.8750,4,47.9268,2112,1
5151,31.9966,32.0078,4096,235.8750,4,47.9268,2112,1
5152,31.9966,32.0078,4096,235.8750,4,47.9268,2112,1
5153,31.9966,32.0078,4096,235.8750,4,47.9268,2112,1
5154,31.9966,32.0078,4096,235.8750,4,47.9268,2112,1
5155,31.9966,32.0078,4096,235.8750,4,47.9268,2113,1
5156,31.9966,32.0078,4096,235.8750,4,47.9268,2113,1
5157,31.9966,32.0078,4096,235.8750,4,47.9268,2113,1
5158,31.9966,32.0078,4096,235.8750,4,47.9268,2114,1
5159,31.9966,32.0078,4096,235.8750,4,47.9268,2114,1
5160,31.9966,32.0078,4096,235.8750,4,47.9268,2114,1
5161,31.9966,32.0078,4096,235.8750,4,47.9268,2114,1
5162,31.9966,32.0078,4096,235.8750,4,47.9268,2115,1
5163,31.9966,32.0078,4096,235.8750,4,47.9268,2115,1
5164,31.9966,32.0078,4096,235.8750,4,47.9268,2115,1
5165,31.9966,32.0078,4096,235.8750,4,47.9268,2115,1
5166,31.9966,32.0078,4096,235.8750,4,47.9268,2116,1
5167,31.9966,32.0078,4096,235.8750,4,47.9268,2117,1
5168,31.9966,32.0078,4096,235.8750,4,47.9268,2117,1
5169,31.9966,32.0078,4096,235.8750,4,47.9268,2118,1
5170,31.9966,32.0078,4096,235.8750,4,47.9268,2118,1
5171,31.9966,32.0078,4096,235.8750,4,47.9268,2119,1
5172,31.9966,32.0078,4096,235.8750,4,47.9268,2119,1
5173,31.9966,32.0078,4096,235.8750,4,47.9268,2120,1
5174,31.9966,32.0078,4096,235.8750,4,47.9268,2121,1
5175,31.9966,32.0078,4096,235.8750,4,47.9268,2122,1
5176,31.9966,32.0078,4096,235.8750,4,47.9268,2122,1
5177,31.9966,32.0078,4096,235.8750,4,47.9268,2122,1
5178,31.9966,32.0078,4096,235.8750,4,47.9268,2122,1
5179,31.9966,32.0078,4096,235.8750,4,47.9268,2122,1
5180,31.9966,32.0078,4096,235.8750,4,47.9268,2123,1
5181,31.9966,32.0078,4096,235.8750,4,47.9268,2123,1
5182,31.9966,32.0078,4096,235.8750,4,47.9268,2124,1
5183,31.9966,32.0078,4096,235.8750,4,47.9268,2124,1
5184,31.9966,32.0078,4096,235.8750,4,47.9268,2125,1
5185,31.9966,32.0078,4096,235.8750,4,47.9268,2125,1
5186,31.9966,32.0078,4096,235.8750,4,47.9268,2125,1
5187,31.9966,32.0078,4096,235.8750,4,47.9268,2125,1
5188,31.9966,32.0078,4096,235.8750,4,47.9268,2125,1
5189,31.9966,32.0078,4096,235.8750,4,47.9268,2125,1
5190,31.9966,32.0078,4096,235.8750,4,47.9268,2125,1
5191,31.9966,32.0078,4096,235.8750,4,47.9268,2125,1
5192,31.9966,32.0078,4096,235.8750,4,47.9268,2125,1
5193,31.9966,32.0078,4096,235.8750,4,47.9268,2125,1
5194,31.9966,32.0078,4096,235.8750,4,47.9268,2125,1
5195,31.9966,32.0078,4096,235.8750,4,47.9268,2125,1
5196,31.9966,32.0078,4096,235.8750,4,47.9268,2126,1
5197,31.9966,32.0078,4096,235.8750,4,47.9268,2126,1
5198,31.9966,32.0078,4096,235.8750,4,47.9268,2127,1
5199,31.9966,32.0078,4096,235.8750,4,47.9268,2127,1
5200,31.9966,32.0078,4096,235.8750,4,47.9268,2127,1
5201,31.9966,32.0078,4096,235.8750,4,47.9268,2127,1
5202,31.9966,32.0078,4096,235.8750,4,47.9268,2127,1
5203,31.9966,32.0078,4096,235.8750,4,47.9268,2127,1
5204,31.9966,32.0078,4096,235.8750,4,47.9268,2128,1
5205,31.9966,32.0078,4096,235.8750,4,47.9268,2128,1
5206,31.9966,32.0078,4096,235.8750,4,47.9268,2128,1
5207,31.9966,32.0078,4096,235.8750,4,47.9268,2128,1
5208,31.9966,32.0078,4096,235.8750,4,47.9268,2128,1
5209,31.9966,32.0078,4096,235.8750,4,47.9268,2128,1
5210,31.9966,32.0078,4096,235.8750,4,47.9268,2129,1
5211,31.9966,32.0078,4096,235.8750,4,47.9268,2129,1
5212,31.9966,32.0078,4096,235.8750,4,47.9268,2129,1
5213,31.9966,32.0078,4096,235.8750,4,47.9268,2129,1
5214,31.9966,32.0078,4096,235.8750,4,47.9268,2130,1
5215,31.9966,32.0078,4096,235.8750,4,47.9268,2131,1
5216,31.9966,32.0078,4096,235.8750,4,47.9268,2131,1
5217,31.9966,32.0078,4096,235.8750,4,47.9268,2131,1
5218,31.9966,32.0078,4096,235.8750,4,47.9268,2131,1
5219,31.9966,32.0078,4096,235.8750,4,47.9268,2132,1
5220,31.9966,32.0078,4096,235.8750,4,47.9268,2133,1
5221,31.9966,32.0078,4096,235.8750,4,47.9268,2133,1
5222,31.9966,32.0078,4096,235.8750,4,47.9268,2134,1
5223,31.9966,32.0078,4096,235.8750,4,47.9268,2134,1
5224,31.9966,32.0078,4096,235.8750,4,47.9268,2135,1
5225,31.9966,32.0078,4096,235.8750,4,47.9268,2135,1
5226,31.9966,32.0078,4096,235.8750,4,47.9268,2135,1
5227,31.9966,32.0078,4096,235.8750,4,47.9268,2135,1
5228,31.9966,32.0078,4096,235.8750,4,47.9268,2135,1
5229,31.9966,32.0078,4096,235.8750,4,47.9268,2136,1
5230,31.9966,32.0078,4096,235.8750,4,47.9268,2137,1
5231,31.9966,32.0078,4096,235.8750,4,47.9268,2137,1
5232,31.9966,32.0078,4096,235.8750,4,47.9268,2138,1
5233,31.9966,32.0078,4096,235.8750,4,47.9268,2139,1
5234,31.9966,32.0078,4096,235.8750,4,47.9268,2140,1
5235,31.9966,32.0078,4096,235.8750,4,47.9268,2140,1
5236,31.9966,32.0078,4096,235.8750,4,47.9268,2140,1
5237,31.9966,32.0078,4096,235.8750,4,47.9268,2140,1
5238,31.9966,32.0078,4096,235.8750,4,47.9268,2140,1
5239,31.9966,32.0078,4096,235.8750,4,47.9268,2141,1
5240,31.9966,32.0078,4096,235.8750,4,47.9268,2141,1
5241,31.9966,32.0078,4096,235.8750,4,47.9268,2142,1
5242,31.9966,32.0078,4096,235.8750,4,47.9268,2143,1
5243,31.9966,32.0078,4096,235.8750,4,47.9268,2144,1
5244,31.9966,32.0078,4096,235.8750,4,47.9268,2144,1
5245,31.9966,32.0078,4096,235.8750,4,47.9268,2145,1
5246,31.9966,32.0078,4096,235.8750,4,47.9268,2145,1
5247,31.9966,32.0078,4096,235.8750,4,47.9268,2145,1
5248,31.9966,32.0078,4096,235.8750,4,47.9268,2146,1
5249,31.9966,32.0078,4096,235.8750,4,47.9268,2146,1
5250,31.9966,32.0078,4096,235.8750,4,47.9268,2146,1
5251,31.9966,32.0078,4096,235.8750,4,47.9268,2146,1
5252,31.9966,32.0078,4096,235.8750,4,47.9268,2147,1
5253,31.9966,32.0078,4096,235.8750,4,47.9268,2148,1
5254,31.9966,32.0078,4096,235.8750,4,47.9268,2149,1
5255,31.9966,32.0078,4096,235.8750,4,47.9268,2149,1
5256,31.9966,32.0078,4096,235.8750,4,47.9268,2149,1
5257,31.9966,32.0078,4096,235.8750,4,47.9268,2149,1
5258,31.9966,32.0078,4096,235.8750,4,47.9268,2149,1
5259,31.9966,32.0078,4096,235.8750,4,47.9268,2149,1
5260,31.9966,32.0078,4096,235.8750,4,47.9268,2150,1
5261,31.9966,32.0078,4096,235.8750,4,47.9268,2151,1
5262,31.9966,32.0078,4096,235.8750,4,47.9268,2152,1
5263,31.9966,32.0078,4096,235.8750,4,47.9268,2152,1
5264,31.9966,32.0078,4096,235.8750,4,47.9268,2153,1
5265,31.9966,32.0078,4096,235.8750,4,47.9268,2153,1
5266,31.9966,32.0078,4096,235.8750,4,47.9268,2153,1
5267,31.9966,32.0078,4096,235.8750,4,47.9268,2154,1
5268,31.9966,32.0078,4096,235.8750,4,47.9268,2155,1
5269,31.9966,32.0078,4096,235.8750,4,47.9268,2155,1
5270,31.9966,32.0078,4096,235.8750,4,47.9268,2156,1
5271,31.9966,32.0078,4096,235.8750,4,47.9268,2156,1
5272,31.9966,32.0078,4096,235.8750,4,47.9268,2156,1
5273,31.9966,32.0078,4096,235.8750,4,47.9268,2157,1
5274,31.9966,32.0078,4096,235.8750,4,47.9268,2157,1
5275,31.9966,32.0078,4096,235.8750,4,47.9268,2157,1
5276,31.9966,32.0078,4096,235.8750,4,47.9268,2157,1
5277,31.9966,32.0078,4096,235.8750,4,47.9268,2157,1
5278,31.9966,32.0078,4096,235.8750,4,47.9268,2157,1
5279,31.9966,32.0078,4096,235.8750,4,47.9268,2157,1
5280,31.9966,32.0078,4096,235.8750,4,47.9268,2157,1
5281,31.9966,32.0078,4096,235.8750,4,47.9268,2158,1
5282,31.9966,32.0078,4096,235.8750,4,47.9268,2158,1
5283,31.9966,32.0078,4096,235.8750,4,47.9268,2158,1
5284,31.9966,32.0078,4096,235.8750,4,47.9268,2159,1
5285,31.9966,32.0078,4096,235.8750,4,47.9268,2159,1
5286,31.9966,32.0078,4096,235.8750,4,47.9268,2159,1
5287,31.9966,32.0078,4096,235.8750,4,47.9268,2159,1
5288,31.9966,32.0078,4096,235.8750,4,47.9268,2159,1
5289,31.9966,32.0078,4096,235.8750,4,47.9268,2160,1
5290,31.9966,32.0078,4096,235.8750,4,47.9268,2160,1
5291,31.9966,32.0078,4096,235.8750,4,47.9268,2161,1
5292,31.9966,32.0078,4096,235.8750,4,47.9268,2161,1
5293,31.9966,32.0078,4096,235.8750,4,47.9268,2161,1
5294,31.9966,32.0078,4096,235.8750,4,47.9268,2161,1
5295,31.9966,32.0078,4096,235.8750,4,47.9268,2162,1
5296,31.9966,32.0078,4096,235.8750,4,47.9268,2162,1
5297,31.9966,32.0078,4096,235.8750,4,47.9268,2162,1
5298,31.9966,32.0078,4096,235.8750,4,47.9268,2163,1
5299,31.9966,32.0078,4096,235.8750,4,47.9268,2163,1
5300,31.9966,32.0078,4096,235.8750,4,47.9268,2163,1
5301,31.9966,32.0078,4096,235.8750,4,47.9268,2163,1
5302,31.9966,32.0078,4096,235.8750,4,47.9268,2164,1
5303,31.9966,32.0078,4096,235.8750,4,47.9268,2164,1
5304,31.9966,32.0078,4096,235.8750,4,47.9268,2165,1
5305,31.9966,32.0078,4096,235.8750,4,47.9268,2165,1
5306,31.9966,32.0078,4096,235.8750,4,47.9268,2165,1
5307,31.9966,32.0078,4096,235.8750,4,47.9268,2165,1
5308,31.9966,32.0078,4096,235.8750,4,47.9268,2165,1
5309,31.9966,32.0078,4096,235.8750,4,47.9268,2166,1
5310,31.9966,32.0078,4096,235.8750,4,47.9268,2167,1
5311,31.9966,32.0078,4096,235.8750,4,47.9268,2167,1
5312,31.9966,32.0078,4096,235.8750,4,47.9268,2168,1
5313,31.9966,32.0078,4096,235.8750,4,47.9268,2168,1
5314,31.9966,32.0078,4096,235.8750,4,47.9268,2169,1
5315,31.9966,32.0078,4096,235.8750,4,47.9268,2169,1
5316,31.9966,32.0078,4096,235.8750,4,47.9268,2169,1
5317,31.9966,32.0078,4096,235.8750,4,47.9268,2170,1
5318,31.9966,32.0078,4096,235.8750,4,47.9268,2170,1
5319,31.9966,32.0078,4096,235.8750,4,47.9268,2170,1
5320,31.9966,32.0078,4096,235.8750,4,47.9268,2170,1
5321,31.9966,32.0078,4096,235.8750,4,47.9268,2170,1
5322,31.9966,32.0078,4096,235.8750,4,47.9268,2171,1
5323,31.9966,32.0078,4096,235.8750,4,47.9268,2172,1
5324,31.9966,32.0078,4096,235.8750,4,47.9268,2172,1
5325,31.9966,32.0078,4096,235.8750,4,47.9268,2173,1
5326,31.9966,32.0078,4096,235.8750,4,47.9268,2173,1
5327,31.9966,32.0078,4096,235.8750,4,47.9268,2174,1
5328,31.9966,32.0078,4096,235.8750,4,47.9268,2174,1
5329,31.9966,32.0078,4096,235.8750,4,47.9268,2174,1
5330,31.9966,32.0078,4096,235.8750,4,47.9268,2175,1
5331,31.9966,32.0078,4096,235.8750,4,47.9268,2176,1
5332,31.9966,32.0078,4096,235.8750,4,47.9268,2177,1
5333,31.9966,32.0078,4096,235.8750,4,47.9268,2177,1
5334,31.9966,32.0078,4096,235.8750,4,47.9268,2177,1
5335,31.9966,32.0078,4096,235.8750,4,47.9268,2177,1
5336,31.9966,32.0078,4096,235.8750,4,47.9268,2177,1
5337,31.9966,32.0078,4096,235.8750,4,47.9268,2178,1
5338,31.9966,32.0078,4096,235.8750,4,47.9268,2179,1
5339,31.9966,32.0078,4096,235.8750,4,47.9268,2179,1
5340,31.9966,32.0078,4096,235.8750,4,47.9268,2179,1
5341,31.9966,32.0078,4096,235.8750,4,47.9268,2179,1
5342,31.9966,32.0078,4096,235.8750,4,47.9268,2179,1
5343,31.9966,32.0078,4096,235.8750,4,47.9268,2179,1
5344,31.9966,32.0078,4096,235.8750,4,47.9268,2180,1
5345,31.9966,32.0078,4096,235.8750,4,47.9268,2181,1
5346,31.9966,32.0078,4096,235.8750,4,47.9268,2181,1
5347,31.9966,32.0078,4096,235.8750,4,47.9268,2182,1
5348,31.9966,32.0078,4096,235.8750,4,47.9268,2182,1
5349,31.9966,32.0078,4096,235.8750,4,47.9268,2183,1
5350,31.9966,32.0078,4096,235.8750,4,47.9268,2183,1
5351,31.9966,32.0078,4096,235.8750,4,47.9268,2183,1
5352,31.9966,32.0078,4096,235.8750,4,47.9268,2184,1
5353,31.9966,32.0078,4096,235.8750,4,47.9268,2184,1
5354,31.9966,32.0078,4096,235.8750,4,47.9268,2184,1
5355,31.9966,32.0078,4096,235.8750,4,47.9268,2184,1
5356,31.9966,32.0078,4096,235.8750,4,47.9268,2184,1
5357,31.9966,32.0078,4096,235.8750,4,47.9268,2184,1
5358,31.9966,32.0078,4096,235.8750,4,47.9268,2184,1
5359,31.9966,32.0078,4096,235.8750,4,47.9268,2184,1
5360,31.9966,32.0078,4096,235.8750,4,47.9268,2184,1
5361,31.9966,32.0078,4096,235.8750,4,47.9268,2185,1
5362,31.9966,32.0078,4096,235.8750,4,47.9268,2185,1
5363,31.9966,32.0078,4096,235.8750,4,47.9268,2185,1
5364,31.9966,32.0078,4096,235.8750,4,47.9268,2185,1
5365,31.9966,32.0078,4096,235.8750,4,47.9268,2186,1
5366,31.9966,32.0078,4096,235.8750,4,47.9268,2186,1
5367,31.9966,32.0078,4096,235.8750,4,47.9268,2186,1
5368,31.9966,32.0078,4096,235.8750,4,47.9268,2187,1
5369,31.9966,32.0078,4096,235.8750,4,47.9268,2187,1
5370,31.9966,32.0078,4096,235.8750,4,47.9268,2188,1
5371,31.9966,32.0078,4096,235.8750,4,47.9268,2188,1
5372,31.9966,32.0078,4096,235.8750,4,47.9268,2189,1
5373,31.9966,32.0078,4096,235.8750,4,47.9268,2189,1
5374,31.9966,32.0078,4096,235.8750,4,47.9268,2189,1
5375,31.9966,32.0078,4096,235.8750,4,47.9268,2190,1
5376,31.9966,32.0078,4096,235.8750,4,47.9268,2190,1
5377,31.9966,32.0078,4096,235.8750,4,47.9268,2191,1
5378,31.9966,32.0078,4096,235.8750,4,47.9268,2192,1
5379,31.9966,32.0078,4096,235.8750,4,47.9268,2192,1
5380,31.9966,32.0078,4096,235.8750,4,47.9268,2192,1
5381,31.9966,32.0078,4096,235.8750,4,47.9268,2193,1
5382,31.9966,32.0078,4096,235.8750,4,47.9268,2193,1
5383,31.9966,32.0078,4096,235.8750,4,47.9268,2193,1
5384,31.9966,32.0078,4096,235.8750,4,47.9268,2194,1
5385,31.9966,32.0078,4096,235.8750,4,47.9268,2194,1
5386,31.9966,32.0078,4096,235.8750,4,47.9268,2194,1
5387,31.9966,32.0078,4096,235.8750,4,47.9268,2194,1
5388,31.9966,32.0078,4096,235.8750,4,47.9268,2194,1
5389,31.9966,32.0078,4096,235.8750,4,47.9268,2194,1
5390,31.9966,32.0078,4096,235.8750,4,47.9268,2195,1
5391,31.9966,32.0078,4096,235.8750,4,47.9268,2195,1
5392,31.9966,32.0078,4096,235.8750,4,47.9268,2196,1
5393,31.9966,32.0078,4096,235.8750,4,47.9268,2196,1
5394,31.9966,32.0078,4096,235.8750,4,47.9268,2196,1
5395,31.9966,32.0078,4096,235.8750,4,47.9268,2197,1
5396,31.9966,32.0078,4096,235.8750,4,47.9268,2197,1
5397,31.9966,32.0078,4096,235.8750,4,47.9268,2197,1
5398,31.9966,32.0078,4096,235.8750,4,47.9268,2197,1
5399,31.9966,32.0078,4096,235.8750,4,47.9268,2198,1
5400,31.9966,32.0078,4096,235.8750,4,47.9268,2198,1
5401,31.9966,32.0078,4096,235.8750,4,47.9268,2198,1
5402,31.9966,32.0078,4096,235.8750,4,47.9268,2198,1
5403,31.9966,32.0078,4096,235.8750,4,47.9268,2198,1
5404,31.9966,32.0078,4096,235.8750,4,47.9268,2198,1
5405,31.9966,32.0078,4096,235.8750,4,47.9268,2199,1
5406,31.9966,32.0078,4096,235.8750,4,47.9268,2199,1
5407,31.9966,32.0078,4096,235.8750,4,47.9268,2199,1
5408,31.9966,32.0078,4096,235.8750,4,47.9268,2200,1
5409,31.9966,32.0078,4096,235.8750,4,47.9268,2201,1
5410,31.9966,32.0078,4096,235.8750,4,47.9268,2201,1
5411,31.9966,32.0078,4096,235.8750,4,47.9268,2201,1
5412,31.9966,32.0078,4096,235.8750,4,47.9268,2201,1
5413,31.9966,32.0078,4096,235.8750,4,47.9268,2201,1
5414,31.9966,32.0078,4096,235.8750,4,47.9268,2201,1
5415,31.9966,32.0078,4096,235.8750,4,47.9268,2202,1
5416,31.9966,32.0078,4096,235.8750,4,47.9268,2202,1
5417,31.9966,32.0078,4096,235.8750,4,47.9268,2202,1
5418,31.9966,32.0078,4096,235.8750,4,47.9268,2203,1
5419,31.9966,32.0078,4096,235.8750,4,47.9268,2203,1
5420,31.9966,32.0078,4096,235.8750,4,47.9268,2203,1
5421,31.9966,32.0078,4096,235.8750,4,47.9268,2203,1
5422,31.9966,32.0078,4096,235.8750,4,47.9268,2203,1
5423,31.9966,32.0078,4096,235.8750,4,47.9268,2203,1
5424,31.9966,32.0078,4096,235.8750,4,47.9268,2203,1
5425,31.9966,32.0078,4096,235.8750,4,47.9268,2203,1
5426,31.9966,32.0078,4096,235.8750,4,47.9268,2203,1
5427,31.9966,32.0078,4096,235.8750,4,47.9268,2203,1
5428,31.9966,32.0078,4096,235.8750,4,47.9268,2203,1
5429,31.9966,32.0078,4096,235.8750,4,47.9268,2203,1
5430,31.9966,32.0078,4096,235.8750,4,47.9268,2203,1
5431,31.9966,32.0078,4096,235.8750,4,47.9268,2203,1
5432,31.9966,32.0078,4096,235.8750,4,47.9268,2203,1
5433,31.9966,32.0078,4096,235.8750,4,47.9268,2203,1
5434,31.9966,32.0078,4096,235.8750,4,47.9268,2203,1
5435,31.9966,32.0078,4096,235.8750,4,47.9268,2204,1
5436,31.9966,32.0078,4096,235.8750,4,47.9268,2205,1
5437,31.9966,32.0078,4096,235.8750,4,47.9268,2206,1
5438,31.9966,32.0078,4096,235.8750,4,47.9268,2207,1
5439,31.9966,32.0078,4096,235.8750,4,47.9268,2207,1
5440,31.9966,32.0078,4096,235.8750,4,47.9268,2207,1
5441,31.9966,32.0078,4096,235.8750,4,47.9268,2208,1
5442,31.9966,32.0078,4096,235.8750,4,47.9268,2209,1
5443,31.9966,32.0078,4096,235.8750,4,47.9268,2209,1
5444,31.9966,32.0078,4096,235.8750,4,47.9268,2209,1
5445,31.9966,32.0078,4096,235.8750,4,47.9268,2209,1
5446,31.9966,32.0078,4096,235.8750,4,47.9268,2210,1
5447,31.9966,32.0078,4096,235.8750,4,47.9268,2210,1
5448,31.9966,32.0078,4096,235.8750,4,47.9268,2211,1
5449,31.9966,32.0078,4096,235.8750,4,47.9268,2212,1
5450,31.9966,32.0078,4096,235.8750,4,47.9268,2212,1
5451,31.9966,32.0078,4096,235.8750,4,47.9268,2212,1
5452,31.9966,32.0078,4096,235.8750,4,47.9268,2213,1
5453,31.9966,32.0078,4096,235.8750,4,47.9268,2214,1
5454,31.9966,32.0078,4096,235.8750,4,47.9268,2214,1
5455,31.9966,32.0078,4096,235.8750,4,47.9268,2214,1
5456,31.9966,32.0078,4096,235.8750,4,47.9268,2214,1
5457,31.9966,32.0078,4096,235.8750,4,47.9268,2214,1
5458,31.9966,32.0078,4096,235.8750,4,47.9268,2214,1
5459,31.9966,32.0078,4096,235.8750,4,47.9268,2215,1
5460,31.9966,32.0078,4096,235.8750,4,47.9268,2216,1
5461,31.9966,32.0078,4096,235.8750,4,47.9268,2216,1
5462,31.9966,32.0078,4096,235.8750,4,47.9268,2217,1
5463,31.9966,32.0078,4096,235.8750,4,47.9268,2218,1
5464,31.9966,32.0078,4096,235.8750,4,47.9268,2219,1
5465,31.9966,32.0078,4096,235.8750,4,47.9268,2219,1
5466,31.9966,32.0078,4096,235.8750,4,47.9268,2219,1
5467,31.9966,32.0078,4096,235.8750,4,47.9268,2219,1
5468,31.9966,32.0078,4096,235.8750,4,47.9268,2219,1
5469,31.9966,32.0078,4096,235.8750,4,47.9268,2219,1
5470,31.9966,32.0078,4096,235.8750,4,47.9268,2219,1
5471,31.9966,32.0078,4096,235.8750,4,47.9268,2219,1
5472,31.9966,32.0078,4096,235.8750,4,47.9268,2220,1
5473,31.9966,32.0078,4096,235.8750,4,47.9268,2221,1
5474,31.9966,32.0078,4096,235.8750,4,47.9268,2221,1
5475,31.9966,32.0078,4096,235.8750,4,47.9268,2222,1
5476,31.9966,32.0078,4096,235.8750,4,47.9268,2223,1
5477,31.9966,32.0078,4096,235.8750,4,47.9268,2223,1
5478,31.9966,32.0078,4096,235.8750,4,47.9268,2223,1
5479,31.9966,32.0078,4096,235.8750,4,47.9268,2223,1
5480,31.9966,32.0078,4096,235.8750,4,47.9268,2223,1
5481,31.9966,32.0078,4096,235.8750,4,47.9268,2223,1
5482,31.9966,32.0078,4096,235.8750,4,47.9268,2223,1
5483,31.9966,32.0078,4096,235.8750,4,47.9268,2223,1
5484,31.9966,32.0078,4096,235.8750,4,47.9268,2224,1
5485,31.9966,32.0078,4096,235.8750,4,47.9268,2224,1
5486,31.9966,32.0078,4096,235.8750,4,47.9268,2224,1
5487,31.9966,32.0078,4096,235.8750,4,47.9268,2224,1
5488,31.9966,32.0078,4096,235.8750,4,47.9268,2224,1
5489,31.9966,32.0078,4096,235.8750,4,47.9268,2224,1
5490,31.9966,32.0078,4096,235.8750,4,47.9268,2224,1
5491,31.9966,32.0078,4096,235.8750,4,47.9268,2225,1
5492,31.9966,32.0078,4096,235.8750,4,47.9268,2225,1
5493,31.9966,32.0078,4096,235.8750,4,47.9268,2226,1
5494,31.9966,32.0078,4096,235.8750,4,47.9268,2226,1
5495,31.9966,32.0078,4096,235.8750,4,47.9268,2227,1
5496,31.9966,32.0078,4096,235.8750,4,47.9268,2228,1
5497,31.9966,32.0078,4096,235.8750,4,47.9268,2228,1
5498,31.9966,32.0078,4096,235.8750,4,47.9268,2228,1
5499,31.9966,32.0078,4096,235.8750,4,47.9268,2228,1
5500,31.9966,32.0078,4096,235.8750,4,47.9268,2228,1
5501,31.9966,32.0078,4096,235.8750,4,47.9268,2228,1
5502,31.9966,32.0078,4096,235.8750,4,47.9268,2229,1
5503,31.9966,32.0078,4096,235.8750,4,47.9268,2229,1
5504,31.9966,32.0078,4096,235.8750,4,47.9268,2229,1
5505,31.9966,32.0078,4096,235.8750,4,47.9268,2229,1
5506,31.9966,32.0078,4096,235.8750,4,47.9268,2229,1
5507,31.9966,32.0078,4096,235.8750,4,47.9268,2229,1
5508,31.9966,32.0078,4096,235.8750,4,47.9268,2229,1
5509,31.9966,32.0078,4096,235.8750,4,47.9268,2229,1
5510,31.9966,32.0078,4096,235.8750,4,47.9268,2229,1
5511,31.9966,32.0078,4096,235.8750,4,47.9268,2230,1
5512,31.9966,32.0078,4096,235.8750,4,47.9268,2230,1
5513,31.9966,32.0078,4096,235.8750,4,47.9268,2230,1
5514,31.9966,32.0078,4096,235.8750,4,47.9268,2230,1
5515,31.9966,32.0078,4096,235.8750,4,47.9268,2231,1
5516,31.9966,32.0078,4096,235.8750,4,47.9268,2231,1
5517,31.9966,32.0078,4096,235.8750,4,47.9268,2231,1
5518,31.9966,32.0078,4096,235.8750,4,47.9268,2231,1
5519,31.9966,32.0078,4096,235.8750,4,47.9268,2232,1
5520,31.9966,32.0078,4096,235.8750,4,47.9268,2232,1
5521,31.9966,32.0078,4096,235.8750,4,47.9268,2232,1
5522,31.9966,32.0078,4096,235.8750,4,47.9268,2233,1
5523,31.9966,32.0078,4096,235.8750,4,47.9268,2233,1
5524,31.9966,32.0078,4096,235.8750,4,47.9268,2234,1
5525,31.9966,32.0078,4096,235.8750,4,47.9268,2235,1
5526,31.9966,32.0078,4096,235.8750,4,47.9268,2235,1
5527,31.9966,32.0078,4096,235.8750,4,47.9268,2235,1
5528,31.9966,32.0078,4096,235.8750,4,47.9268,2236,1
5529,31.9966,32.0078,4096,235.8750,4,47.9268,2236,1
5530,31.9966,32.0078,4096,235.8750,4,47.9268,2237,1
5531,31.9966,32.0078,4096,235.8750,4,47.9268,2237,1
5532,31.9966,32.0078,4096,235.8750,4,47.9268,2238,1
5533,31.9966,32.0078,4096,235.8750,4,47.9268,2238,1
5534,31.9966,32.0078,4096,235.8750,4,47.9268,2238,1
5535,31.9966,32.0078,4096,235.8750,4,47.9268,2238,1
5536,31.9966,32.0078,4096,235.8750,4,47.9268,2238,1
5537,31.9966,32.0078,4096,235.8750,4,47.9268,2239,1
5538,31.9966,32.0078,4096,235.8750,4,47.9268,2239,1
5539,31.9966,32.0078,4096,235.8750,4,47.9268,2239,1
5540,31.9966,32.0078,4096,235.8750,4,47.9268,2239,1
5541,31.9966,32.0078,4096,235.8750,4,47.9268,2239,1
5542,31.9966,32.0078,4096,235.8750,4,47.9268,2240,1
5543,31.9966,32.0078,4096,235.8750,4,47.9268,2240,1
5544,31.9966,32.0078,4096,235.8750,4,47.9268,2241,1
5545,31.9966,32.0078,4096,235.8750,4,47.9268,2242,1
5546,31.9966,32.0078,4096,235.8750,4,47.9268,2243,1
5547,31.9966,32.0078,4096,235.8750,4,47.9268,2243,1
5548,31.9966,32.0078,4096,235.8750,4,47.9268,2244,1
5549,31.9966,32.0078,4096,235.8750,4,47.9268,2244,1
5550,31.9966,32.0078,4096,235.8750,4,47.9268,2244,1
5551,31.9966,32.0078,4096,235.8750,4,47.9268,2245,1
5552,31.9966,32.0078,4096,235.8750,4,47.9268,2245,1
5553,31.9966,32.0078,4096,235.8750,4,47.9268,2246,1
5554,31.9966,32.0078,4096,235.8750,4,47.9268,2246,1
5555,31.9966,32.0078,4096,235.8750,4,47.9268,2246,1
5556,31.9966,32.0078,4096,235.8750,4,47.9268,2247,1
5557,31.9966,32.0078,4096,235.8750,4,47.9268,2247,1
5558,31.9966,32.0078,4096,235.8750,4,47.9268,2248,1
5559,31.9966,32.0078,4096,235.8750,4,47.9268,2248,1
5560,31.9966,32.0078,4096,235.8750,4,47.9268,2248,1
5561,31.9966,32.0078,4096,235.8750,4,47.9268,2248,1
5562,31.9966,32.0078,4096,235.8750,4,47.9268,2248,1
5563,31.9966,32.0078,4096,235.8750,4,47.9268,2248,1
5564,31.9966,32.0078,4096,235.8750,4,47.9268,2248,1
5565,31.9966,32.0078,4096,235.8750,4,47.9268,2248,1
5566,31.9966,32.0078,4096,235.8750,4,47.9268,2248,1
5567,31.9966,32.0078,4096,235.8750,4,47.9268,2249,1
5568,31.9966,32.0078,4096,235.8750,4,47.9268,2249,1
5569,31.9966,32.0078,4096,235.8750,4,47.9268,2249,1
5570,31.9966,32.0078,4096,235.8750,4,47.9268,2250,1
5571,31.9966,32.0078,4096,235.8750,4,47.9268,2250,1
5572,31.9966,32.0078,4096,235.8750,4,47.9268,2251,1
5573,31.9966,32.0078,4096,235.8750,4,47.9268,2251,1
5574,31.9966,32.0078,4096,235.8750,4,47.9268,2251,1
5575,31.9966,32.0078,4096,235.8750,4,47.9268,2251,1
5576,31.9966,32.0078,4096,235.8750,4,47.9268,2251,1
5577,31.9966,32.0078,4096,235.8750,4,47.9268,2251,1
5578,31.9966,32.0078,4096,235.8750,4,47.9268,2251,1
5579,31.9966,32.0078,4096,235.8750,4,47.9268,2251,1
5580,31.9966,32.0078,4096,235.8750,4,47.9268,2251,1
5581,31.9966,32.0078,4096,235.8750,4,47.9268,2252,1
5582,31.9966,32.0078,4096,235.8750,4,47.9268,2253,1
5583,31.9966,32.0078,4096,235.8750,4,47.9268,2254,1
5584,31.9966,32.0078,4096,235.8750,4,47.9268,2254,1
5585,31.9966,32.0078,4096,235.8750,4,47.9268,2254,1
5586,31.9966,32.0078,4096,235.8750,4,47.9268,2255,1
5587,31.9966,32.0078,4096,235.8750,4,47.9268,2255,1
5588,31.9966,32.0078,4096,235.8750,4,47.9268,2255,1
5589,31.9966,32.0078,4096,235.8750,4,47.9268,2256,1
5590,31.9966,32.0078,4096,235.8750,4,47.9268,2256,1
5591,31.9966,32.0078,4096,235.8750,4,47.9268,2256,1
5592,31.9966,32.0078,4096,235.8750,4,47.9268,2257,1
5593,31.9966,32.0078,4096,235.8750,4,47.9268,2258,1
5594,31.9966,32.0078,4096,235.8750,4,47.9268,2259,1
5595,31.9966,32.0078,4096,235.8750,4,47.9268,2260,1
5596,31.9966,32.0078,4096,235.8750,4,47.9268,2260,1
5597,31.9966,32.0078,4096,235.8750,4,47.9268,2261,1
5598,31.9966,32.0078,4096,235.8750,4,47.9268,2262,1
5599,31.9966,32.0078,4096,235.8750,4,47.9268,2262,1
5600,31.9966,32.0078,4096,235.8750,4,47.9268,2262,1
5601,31.9966,32.0078,4096,235.8750,4,47.9268,2263,1
5602,31.9966,32.0078,4096,235.8750,4,47.9268,2263,1
5603,31.9966,32.0078,4096,235.8750,4,47.9268,2264,1
5604,31.9966,32.0078,4096,235.8750,4,47.9268,2264,1
5605,31.9966,32.0078,4096,235.8750,4,47.9268,2264,1
5606,31.9966,32.0078,4096,235.8750,4,47.9268,2264,1
5607,31.9966,32.0078,4096,235.8750,4,47.9268,2264,1
5608,31.9966,32.0078,4096,235.8750,4,47.9268,2265,1
5609,31.9966,32.0078,4096,235.8750,4,47.9268,2265,1
5610,31.9966,32.0078,4096,235.8750,4,47.9268,2266,1
5611,31.9966,32.0078,4096,235.8750,4,47.9268,2266,1
5612,31.9966,32.0078,4096,235.8750,4,47.9268,2266,1
5613,31.9966,32.0078,4096,235.8750,4,47.9268,2267,1
5614,31.9966,32.0078,4096,235.8750,4,47.9268,2268,1
5615,31.9966,32.0078,4096,235.8750,4,47.9268,2268,1
5616,31.9966,32.0078,4096,235.8750,4,47.9268,2268,1
5617,31.9966,32.0078,4096,235.8750,4,47.9268,2268,1
5618,31.9966,32.0078,4096,235.8750,4,47.9268,2268,1
5619,31.9966,32.0078,4096,235.8750,4,47.9268,2268,1
5620,31.9966,32.0078,4096,235.8750,4,47.9268,2269,1
5621,31.9966,32.0078,4096,235.8750,4,47.9268,2269,1
5622,31.9966,32.0078,4096,235.8750,4,47.9268,2269,1
5623,31.9966,32.0078,4096,235.8750,4,47.9268,2270,1
5624,31.9966,32.0078,4096,235.8750,4,47.9268,2270,1
5625,31.9966,32.0078,4096,235.8750,4,47.9268,2271,1
5626,31.9966,32.0078,4096,235.8750,4,47.9268,2272,1
5627,31.9966,32.0078,4096,235.8750,4,47.9268,2273,1
5628,31.9966,32.0078,4096,235.8750,4,47.9268,2273,1
5629,31.9966,32.0078,4096,235.8750,4,47.9268,2274,1
5630,31.9966,32.0078,4096,235.8750,4,47.9268,2274,1
5631,31.9966,32.0078,4096,235.8750,4,47.9268,2275,1
5632,31.9966,32.0078,4096,235.8750,4,47.9268,2275,1
5633,31.9966,32.0078,4096,235.8750,4,47.9268,2276,1
5634,31.9966,32.0078,4096,235.8750,4,47.9268,2276,1
5635,31.9966,32.0078,4096,235.8750,4,47.9268,2276,1
5636,31.9966,32.0078,4096,235.8750,4,47.9268,2277,1
5637,31.9966,32.0078,4096,235.8750,4,47.9268,2278,1
5638,31.9966,32.0078,4096,235.8750,4,47.9268,2278,1
5639,31.9966,32.0078,4096,235.8750,4,47.9268,2279,1
5640,31.9966,32.0078,4096,235.8750,4,47.9268,2279,1
5641,31.9966,32.0078,4096,235.8750,4,47.9268,2279,1
5642,31.9966,32.0078,4096,235.8750,4,47.9268,2280,1
5643,31.9966,32.0078,4096,235.8750,4,47.9268,2280,1
5644,31.9966,32.0078,4096,235.8750,4,47.9268,2280,1
5645,31.9966,32.0078,4096,235.8750,4,47.9268,2280,1
5646,31.9966,32.0078,4096,235.8750,4,47.9268,2281,1
5647,31.9966,32.0078,4096,235.8750,4,47.9268,2281,1
5648,31.9966,32.0078,4096,235.8750,4,47.9268,2282,1
5649,31.9966,32.0078,4096,235.8750,4,47.9268,2282,1
5650,31.9966,32.0078,4096,235.8750,4,47.9268,2283,1
5651,31.9966,32.0078,4096,235.8750,4,47.9268,2283,1
5652,31.9966,32.0078,4096,235.8750,4,47.9268,2283,1
5653,31.9966,32.0078,4096,235.8750,4,47.9268,2283,1
5654,31.9966,32.0078,4096,235.8750,4,47.9268,2283,1
5655,31.9966,32.0078,4096,235.8750,4,47.9268,2283,1
5656,31.9966,32.0078,4096,235.8750,4,47.9268,2283,1
5657,31.9966,32.0078,4096,235.8750,4,47.9268,2283,1
5658,31.9966,32.0078,4096,235.8750,4,47.9268,2283,1
5659,31.9966,32.0078,4096,235.8750,4,47.9268,2283,1
5660,31.9966,32.0078,4096,235.8750,4,47.9268,2283,1
5661,31.9966,32.0078,4096,235.8750,4,47.9268,2284,1
5662,31.9966,32.0078,4096,235.8750,4,47.9268,2285,1
5663,31.9966,32.0078,4096,235.8750,4,47.9268,2285,1
5664,31.9966,32.0078,4096,235.8750,4,47.9268,2286,1
5665,31.9966,32.0078,4096,235.8750,4,47.9268,2286,1
5666,31.9966,32.0078,4096,235.8750,4,47.9268,2287,1
5667,31.9966,32.0078,4096,235.8750,4,47.9268,2287,1
5668,31.9966,32.0078,4096,235.8750,4,47.9268,2287,1
5669,31.9966,32.0078,4096,235.8750,4,47.9268,2288,1
5670,31.9966,32.0078,4096,235.8750,4,47.9268,2288,1
5671,31.9966,32.0078,4096,235.8750,4,47.9268,2289,1
5672,31.9966,32.0078,4096,235.8750,4,47.9268,2289,1
5673,31.9966,32.0078,4096,235.8750,4,47.9268,2290,1
5674,31.9966,32.0078,4096,235.8750,4,47.9268,2290,1
5675,31.9966,32.0078,4096,235.8750,4,47.9268,2290,1
5676,31.9966,32.0078,4096,235.8750,4,47.9268,2290,1
5677,31.9966,32.0078,4096,235.8750,4,47.9268,2290,1
5678,31.9966,32.0078,4096,235.8750,4,47.9268,2290,1
5679,31.9966,32.0078,4096,235.8750,4,47.9268,2291,1
5680,31.9966,32.0078,4096,235.8750,4,47.9268,2291,1
5681,31.9966,32.0078,4096,235.8750,4,47.9268,2291,1
5682,31.9966,32.0078,4096,235.8750,4,47.9268,2291,1
5683,31.9966,32.0078,4096,235.8750,4,47.9268,2291,1
5684,31.9966,32.0078,4096,235.8750,4,47.9268,2292,1
5685,31.9966,32.0078,4096,235.8750,4,47.9268,2292,1
5686,31.9966,32.0078,4096,235.8750,4,47.9268,2292,1
5687,31.9966,32.0078,4096,235.8750,4,47.9268,2293,1
5688,31.9966,32.0078,4096,235.8750,4,47.9268,2293,1
5689,31.9966,32.0078,4096,235.8750,4,47.9268,2293,1
5690,31.9966,32.0078,4096,235.8750,4,47.9268,2293,1
5691,31.9966,32.0078,4096,235.8750,4,47.9268,2293,1
5692,31.9966,32.0078,4096,235.8750,4,47.9268,2293,1
5693,31.9966,32.0078,4096,235.8750,4,47.9268,2293,1
5694,31.9966,32.0078,4096,235.8750,4,47.9268,2293,1
5695,31.9966,32.0078,4096,235.8750,4,47.9268,2294,1
5696,31.9966,32.0078,4096,235.8750,4,47.9268,2294,1
5697,31.9966,32.0078,4096,235.8750,4,47.9268,2294,1
5698,31.9966,32.0078,4096,235.8750,4,47.9268,2294,1
5699,31.9966,32.0078,4096,235.8750,4,47.9268,2295,1
5700,31.9966,32.0078,4096,235.8750,4,47.9268,2295,1
5701,31.9966,32.0078,4096,235.8750,4,47.9268,2295,1
5702,31.9966,32.0078,4096,235.8750,4,47.9268,2296,1
5703,31.9966,32.0078,4096,235.8750,4,47.9268,2296,1
5704,31.9966,32.0078,4096,235.8750,4,47.9268,2296,1
5705,31.9966,32.0078,4096,235.8750,4,47.9268,2296,1
5706,31.9966,32.0078,4096,235.8750,4,47.9268,2296,1
5707,31.9966,32.0078,4096,235.8750,4,47.9268,2296,1
5708,31.9966,32.0078,4096,235.8750,4,47.9268,2296,1
5709,31.9966,32.0078,4096,235.8750,4,47.9268,2296,1
5710,31.9966,32.0078,4096,235.8750,4,47.9268,2297,1
5711,31.9966,32.0078,4096,235.8750,4,47.9268,2297,1
5712,31.9966,32.0078,4096,235.8750,4,47.9268,2297,1
5713,31.9966,32.0078,4096,235.8750,4,47.9268,2297,1
5714,31.9966,32.0078,4096,235.8750,4,47.9268,2297,1
5715,31.9966,32.0078,4096,235.8750,4,47.9268,2297,1
5716,31.9966,32.0078,4096,235.8750,4,47.9268,2297,1
5717,31.9966,32.0078,4096,235.8750,4,47.9268,2297,1
5718,31.9966,32.0078,4096,235.8750,4,47.9268,2297,1
5719,31.9966,32.0078,4096,235.8750,4,47.9268,2297,1
5720,31.9966,32.0078,4096,235.8750,4,47.9268,2297,1
5721,31.9966,32.0078,4096,235.8750,4,47.9268,2297,1
5722,31.9966,32.0078,4096,235.8750,4,47.9268,2297,1
5723,31.9966,32.0078,4096,235.8750,4,47.9268,2297,1
5724,31.9966,32.0078,4096,235.8750,4,47.9268,2297,1
5725,31.9966,32.0078,4096,235.8750,4,47.9268,2297,1
5726,31.9966,32.0078,4096,235.8750,4,47.9268,2297,1
5727,31.9966,32.0078,4096,235.8750,4,47.9268,2297,1
5728,31.9966,32.0078,4096,235.8750,4,47.9268,2297,1
5729,31.9966,32.0078,4096,235.8750,4,47.9268,2297,1
5730,31.9966,32.0078,4096,235.8750,4,47.9268,2298,1
5731,31.9966,32.0078,4096,235.8750,4,47.9268,2298,1
5732,31.9966,32.0078,4096,235.8750,4,47.9268,2298,1
5733,31.9966,32.0078,4096,235.8750,4,47.9268,2299,1
5734,31.9966,32.0078,4096,235.8750,4,47.9268,2300,1
5735,31.9966,32.0078,4096,235.8750,4,47.9268,2300,1
5736,31.9966,32.0078,4096,235.8750,4,47.9268,2300,1
5737,31.9966,32.0078,4096,235.8750,4,47.9268,2300,1
5738,31.9966,32.0078,4096,235.8750,4,47.9268,2301,1
5739,31.9966,32.0078,4096,235.8750,4,47.9268,2301,1
5740,31.9966,32.0078,4096,235.8750,4,47.9268,2302,1
5741,31.9966,32.0078,4096,235.8750,4,47.9268,2303,1
5742,31.9966,32.0078,4096,235.8750,4,47.9268,2303,1
5743,31.9966,32.0078,4096,235.8750,4,47.9268,2303,1
5744,31.9966,32.0078,4096,235.8750,4,47.9268,2303,1
5745,31.9966,32.0078,4096,235.8750,4,47.9268,2304,1
5746,31.9966,32.0078,4096,235.8750,4,47.9268,2305,1
5747,31.9966,32.0078,4096,235.8750,4,47.9268,2305,1
5748,31.9966,32.0078,4096,235.8750,4,47.9268,2305,1
5749,31.9966,32.0078,4096,235.8750,4,47.9268,2305,1
5750,31.9966,32.0078,4096,235.8750,4,47.9268,2305,1
5751,31.9966,32.0078,4096,235.8750,4,47.9268,2306,1
5752,31.9966,32.0078,4096,235.8750,4,47.9268,2306,1
5753,31.9966,32.0078,4096,235.8750,4,47.9268,2306,1
5754,31.9966,32.0078,4096,235.8750,4,47.9268,2307,1
5755,31.9966,32.0078,4096,235.8750,4,47.9268,2308,1
5756,31.9966,32.0078,4096,235.8750,4,47.9268,2308,1
5757,31.9966,32.0078,4096,235.8750,4,47.9268,2309,1
5758,31.9966,32.0078,4096,235.8750,4,47.9268,2309,1
5759,31.9966,32.0078,4096,235.8750,4,47.9268,2309,1
5760,31.9966,32.0078,4096,235.8750,4,47.9268,2309,1
5761,31.9966,32.0078,4096,235.8750,4,47.9268,2309,1
5762,31.9966,32.0078,4096,235.8750,4,47.9268,2310,1
5763,31.9966,32.0078,4096,235.8750,4,47.9268,2311,1
5764,31.9966,32.0078,4096,235.8750,4,47.9268,2311,1
5765,31.9966,32.0078,4096,235.8750,4,47.9268,2311,1
5766,31.9966,32.0078,4096,235.8750,4,47.9268,2311,1
5767,31.9966,32.0078,4096,235.8750,4,47.9268,2311,1
5768,31.9966,32.0078,4096,235.8750,4,47.9268,2311,1
5769,31.9966,32.0078,4096,235.8750,4,47.9268,2311,1
5770,31.9966,32.0078,4096,235.8750,4,47.9268,2311,1
5771,31.9966,32.0078,4096,235.8750,4,47.9268,2311,1
5772,31.9966,32.0078,4096,235.8750,4,47.9268,2311,1
5773,31.9966,32.0078,4096,235.8750,4,47.9268,2311,1
5774,31.9966,32.0078,4096,235.8750,4,47.9268,2311,1
5775,31.9966,32.0078,4096,235.8750,4,47.9268,2312,1
5776,31.9966,32.0078,4096,235.8750,4,47.9268,2312,1
5777,31.9966,32.0078,4096,235.8750,4,47.9268,2312,1
5778,31.9966,32.0078,4096,235.8750,4,47.9268,2312,1
5779,31.9966,32.0078,4096,235.8750,4,47.9268,2312,1
5780,31.9966,32.0078,4096,235.8750,4,47.9268,2312,1
5781,31.9966,32.0078,4096,235.8750,4,47.9268,2312,1
5782,31.9966,32.0078,4096,235.8750,4,47.9268,2313,1
5783,31.9966,32.0078,4096,235.8750,4,47.9268,2314,1
5784,31.9966,32.0078,4096,235.8750,4,47.9268,2315,1
5785,31.9966,32.0078,4096,235.8750,4,47.9268,2316,1
5786,31.9966,32.0078,4096,235.8750,4,47.9268,2316,1
5787,31.9966,32.0078,4096,235.8750,4,47.9268,2316,1
5788,31.9966,32.0078,4096,235.8750,4,47.9268,2317,1
5789,31.9966,32.0078,4096,235.8750,4,47.9268,2318,1
5790,31.9966,32.0078,4096,235.8750,4,47.9268,2318,1
5791,31.9966,32.0078,4096,235.8750,4,47.9268,2318,1
5792,31.9966,32.0078,4096,235.8750,4,47.9268,2319,1
5793,31.9966,32.0078,4096,235.8750,4,47.9268,2319,1
5794,31.9966,32.0078,4096,235.8750,4,47.9268,2319,1
5795,31.9966,32.0078,4096,235.8750,4,47.9268,2320,1
5796,31.9966,32.0078,4096,235.8750,4,47.9268,2320,1
5797,31.9966,32.0078,4096,235.8750,4,47.9268,2320,1
5798,31.9966,32.0078,4096,235.8750,4,47.9268,2321,1
5799,31.9966,32.0078,4096,235.8750,4,47.9268,2321,1
5800,31.9966,32.0078,4096,235.8750,4,47.9268,2321,1
5801,31.9966,32.0078,4096,235.8750,4,47.9268,2321,1
5802,31.9966,32.0078,4096,235.8750,4,47.9268,2322,1
5803,31.9966,32.0078,4096,235.8750,4,47.9268,2322,1
5804,31.9966,32.0078,4096,235.8750,4,47.9268,2322,1
5805,31.9966,32.0078,4096,235.8750,4,47.9268,2323,1
5806,31.9966,32.0078,4096,235.8750,4,47.9268,2323,1
5807,31.9966,32.0078,4096,235.8750,4,47.9268,2323,1
5808,31.9966,32.0078,4096,235.8750,4,47.9268,2323,1
5809,31.9966,32.0078,4096,235.8750,4,47.9268,2324,1
5810,31.9966,32.0078,4096,235.8750,4,47.9268,2324,1
5811,31.9966,32.0078,4096,235.8750,4,47.9268,2325,1
5812,31.9966,32.0078,4096,235.8750,4,47.9268,2325,1
5813,31.9966,32.0078,4096,235.8750,4,47.9268,2326,1
5814,31.9966,32.0078,4096,235.8750,4,47.9268,2326,1
5815,31.9966,32.0078,4096,235.8750,4,47.9268,2326,1
5816,31.9966,32.0078,4096,235.8750,4,47.9268,2326,1
5817,31.9966,32.0078,4096,235.8750,4,47.9268,2327,1
5818,31.9966,32.0078,4096,235.8750,4,47.9268,2327,1
5819,31.9966,32.0078,4096,235.8750,4,47.9268,2327,1
5820,31.9966,32.0078,4096,235.8750,4,47.9268,2327,1
5821,31.9966,32.0078,4096,235.8750,4,47.9268,2327,1
5822,31.9966,32.0078,4096,235.8750,4,47.9268,2328,1
5823,31.9966,32.0078,4096,235.8750,4,47.9268,2328,1
5824,31.9966,32.0078,4096,235.8750,4,47.9268,2329,1
5825,31.9966,32.0078,4096,235.8750,4,47.9268,2330,1
5826,31.9966,32.0078,4096,235.8750,4,47.9268,2330,1
5827,31.9966,32.0078,4096,235.8750,4,47.9268,2330,1
5828,31.9966,32.0078,4096,235.8750,4,47.9268,2330,1
5829,31.9966,32.0078,4096,235.8750,4,47.9268,2330,1
5830,31.9966,32.0078,4096,235.8750,4,47.9268,2330,1
5831,31.9966,32.0078,4096,235.8750,4,47.9268,2331,1
5832,31.9966,32.0078,4096,235.8750,4,47.9268,2331,1
5833,31.9966,32.0078,4096,235.8750,4,47.9268,2331,1
5834,31.9966,32.0078,4096,235.8750,4,47.9268,2332,1
5835,31.9966,32.0078,4096,235.8750,4,47.9268,2332,1
5836,31.9966,32.0078,4096,235.8750,4,47.9268,2332,1
5837,31.9966,32.0078,4096,235.8750,4,47.9268,2333,1
5838,31.9966,32.0078,4096,235.8750,4,47.9268,2334,1
5839,31.9966,32.0078,4096,235.8750,4,47.9268,2335,1
5840,31.9966,32.0078,4096,235.8750,4,47.9268,2335,1
5841,31.9966,32.0078,4096,235.8750,4,47.9268,2336,1
5842,31.9966,32.0078,4096,235.8750,4,47.9268,2337,1
5843,31.9966,32.0078,4096,235.8750,4,47.9268,2337,1
5844,31.9966,32.0078,4096,235.8750,4,47.9268,2337,1
5845,31.9966,32.0078,4096,235.8750,4,47.9268,2337,1
5846,31.9966,32.0078,4096,235.8750,4,47.9268,2338,1
5847,31.9966,32.0078,4096,235.8750,4,47.9268,2338,1
5848,31.9966,32.0078,4096,235.8750,4,47.9268,2338,1
5849,31.9966,32.0078,4096,235.8750,4,47.9268,2338,1
5850,31.9966,32.0078,4096,235.8750,4,47.9268,2339,1
5851,31.9966,32.0078,4096,235.8750,4,47.9268,2339,1
5852,31.9966,32.0078,4096,235.8750,4,47.9268,2339,1
5853,31.9966,32.0078,4096,235.8750,4,47.9268,2340,1
5854,31.9966,32.0078,4096,235.8750,4,47.9268,2340,1
5855,31.9966,32.0078,4096,235.8750,4,47.9268,2340,1
5856,31.9966,32.0078,4096,235.8750,4,47.9268,2341,1
5857,31.9966,32.0078,4096,235.8750,4,47.9268,2341,1
5858,31.9966,32.0078,4096,235.8750,4,47.9268,2341,1
5859,31.9966,32.0078,4096,235.8750,4,47.9268,2342,1
5860,31.9966,32.0078,4096,235.8750,4,47.9268,2342,1
5861,31.9966,32.0078,4096,235.8750,4,47.9268,2342,1
5862,31.9966,32.0078,4096,235.8750,4,47.9268,2343,1
5863,31.9966,32.0078,4096,235.8750,4,47.9268,2343,1
5864,31.9966,32.0078,4096,235.8750,4,47.9268,2344,1
5865,31.9966,32.0078,4096,235.8750,4,47.9268,2344,1
5866,31.9966,32.0078,4096,235.8750,4,47.9268,2345,1
5867,31.9966,32.0078,4096,235.8750,4,47.9268,2345,1
5868,31.9966,32.0078,4096,235.8750,4,47.9268,2346,1
5869,31.9966,32.0078,4096,235.8750,4,47.9268,2346,1
5870,31.9966,32.0078,4096,235.8750,4,47.9268,2347,1
5871,31.9966,32.0078,4096,235.8750,4,47.9268,2347,1
5872,31.9966,32.0078,4096,235.8750,4,47.9268,2348,1
5873,31.9966,32.0078,4096,235.8750,4,47.9268,2348,1
5874,31.9966,32.0078,4096,235.8750,4,47.9268,2348,1
5875,31.9966,32.0078,4096,235.8750,4,47.9268,2348,1
5876,31.9966,32.0078,4096,235.8750,4,47.9268,2349,1
5877,31.9966,32.0078,4096,235.8750,4,47.9268,2349,1
5878,31.9966,32.0078,4096,235.8750,4,47.9268,2349,1
5879,31.9966,32.0078,4096,235.8750,4,47.9268,2350,1
5880,31.9966,32.0078,4096,235.8750,4,47.9268,2350,1
5881,31.9966,32.0078,4096,235.8750,4,47.9268,2351,1
5882,31.9966,32.0078,4096,235.8750,4,47.9268,2351,1
5883,31.9966,32.0078,4096,235.8750,4,47.9268,2352,1
5884,31.9966,32.0078,4096,235.8750,4,47.9268,2352,1
5885,31.9966,32.0078,4096,235.8750,4,47.9268,2353,1
5886,31.9966,32.0078,4096,235.8750,4,47.9268,2354,1
5887,31.9966,32.0078,4096,235.8750,4,47.9268,2354,1
5888,31.9966,32.0078,4096,235.8750,4,47.9268,2355,1
5889,31.9966,32.0078,4096,235.8750,4,47.9268,2355,1
5890,31.9966,32.0078,4096,235.8750,4,47.9268,2355,1
5891,31.9966,32.0078,4096,235.8750,4,47.9268,2355,1
5892,31.9966,32.0078,4096,235.8750,4,47.9268,2356,1
5893,31.9966,32.0078,4096,235.8750,4,47.9268,2356,1
5894,31.9966,32.0078,4096,235.8750,4,47.9268,2357,1
5895,31.9966,32.0078,4096,235.8750,4,47.9268,2357,1
5896,31.9966,32.0078,4096,235.8750,4,47.9268,2357,1
5897,31.9966,32.0078,4096,235.8750,4,47.9268,2357,1
5898,31.9966,32.0078,4096,235.8750,4,47.9268,2358,1
5899,31.9966,32.0078,4096,235.8750,4,47.9268,2358,1
5900,31.9966,32.0078,4096,235.8750,4,47.9268,2358,1
5901,31.9966,32.0078,4096,235.8750,4,47.9268,2358,1
5902,31.9966,32.0078,4096,235.8750,4,47.9268,2358,1
5903,31.9966,32.0078,4096,235.8750,4,47.9268,2359,1
5904,31.9966,32.0078,4096,235.8750,4,47.9268,2359,1
5905,31.9966,32.0078,4096,235.8750,4,47.9268,2359,1
5906,31.9966,32.0078,4096,235.8750,4,47.9268,2359,1
5907,31.9966,32.0078,4096,235.8750,4,47.9268,2359,1
5908,31.9966,32.0078,4096,235.8750,4,47.9268,2359,1
5909,31.9966,32.0078,4096,235.8750,4,47.9268,2359,1
5910,31.9966,32.0078,4096,235.8750,4,47.9268,2359,1
5911,31.9966,32.0078,4096,235.8750,4,47.9268,2360,1
5912,31.9966,32.0078,4096,235.8750,4,47.9268,2360,1
5913,31.9966,32.0078,4096,235.8750,4,47.9268,2360,1
5914,31.9966,32.0078,4096,235.8750,4,47.9268,2360,1
5915,31.9966,32.0078,4096,235.8750,4,47.9268,2361,1
5916,31.9966,32.0078,4096,235.8750,4,47.9268,2361,1
5917,31.9966,32.0078,4096,235.8750,4,47.9268,2361,1
5918,31.9966,32.0078,4096,235.8750,4,47.9268,2362,1
5919,31.9966,32.0078,4096,235.8750,4,47.9268,2362,1
5920,31.9966,32.0078,4096,235.8750,4,47.9268,2362,1
5921,31.9966,32.0078,4096,235.8750,4,47.9268,2362,1
5922,31.9966,32.0078,4096,235.8750,4,47.9268,2363,1
5923,31.9966,32.0078,4096,235.8750,4,47.9268,2363,1
5924,31.9966,32.0078,4096,235.8750,4,47.9268,2363,1
5925,31.9966,32.0078,4096,235.8750,4,47.9268,2363,1
5926,31.9966,32.0078,4096,235.8750,4,47.9268,2363,1
5927,31.9966,32.0078,4096,235.8750,4,47.9268,2364,1
5928,31.9966,32.0078,4096,235.8750,4,47.9268,2365,1
5929,31.9966,32.0078,4096,235.8750,4,47.9268,2366,1
5930,31.9966,32.0078,4096,235.8750,4,47.9268,2366,1
5931,31.9966,32.0078,4096,235.8750,4,47.9268,2367,1
5932,31.9966,32.0078,4096,235.8750,4,47.9268,2367,1
5933,31.9966,32.0078,4096,235.8750,4,47.9268,2367,1
5934,31.9966,32.0078,4096,235.8750,4,47.9268,2368,1
5935,31.9966,32.0078,4096,235.8750,4,47.9268,2369,1
5936,31.9966,32.0078,4096,235.8750,4,47.9268,2369,1
5937,31.9966,32.0078,4096,235.8750,4,47.9268,2369,1
5938,31.9966,32.0078,4096,235.8750,4,47.9268,2369,1
5939,31.9966,32.0078,4096,235.8750,4,47.9268,2369,1
5940,31.9966,32.0078,4096,235.8750,4,47.9268,2370,1
5941,31.9966,32.0078,4096,235.8750,4,47.9268,2370,1
5942,31.9966,32.0078,4096,235.8750,4,47.9268,2370,1
5943,31.9966,32.0078,4096,235.8750,4,47.9268,2370,1
5944,31.9966,32.0078,4096,235.8750,4,47.9268,2371,1
5945,31.9966,32.0078,4096,235.8750,4,47.9268,2371,1
5946,31.9966,32.0078,4096,235.8750,4,47.9268,2372,1
5947,31.9966,32.0078,4096,235.8750,4,47.9268,2372,1
5948,31.9966,32.0078,4096,235.8750,4,47.9268,2372,1
5949,31.9966,32.0078,4096,235.8750,4,47.9268,2372,1
5950,31.9966,32.0078,4096,235.8750,4,47.9268,2373,1
5951,31.9966,32.0078,4096,235.8750,4,47.9268,2374,1
5952,31.9966,32.0078,4096,235.8750,4,47.9268,2374,1
5953,31.9966,32.0078,4096,235.8750,4,47.9268,2375,1
5954,31.9966,32.0078,4096,235.8750,4,47.9268,2375,1
5955,31.9966,32.0078,4096,235.8750,4,47.9268,2376,1
5956,31.9966,32.0078,4096,235.8750,4,47.9268,2376,1
5957,31.9966,32.0078,4096,235.8750,4,47.9268,2377,1
5958,31.9966,32.0078,4096,235.8750,4,47.9268,2377,1
5959,31.9966,32.0078,4096,235.8750,4,47.9268,2377,1
5960,31.9966,32.0078,4096,235.8750,4,47.9268,2377,1
5961,31.9966,32.0078,4096,235.8750,4,47.9268,2377,1
5962,31.9966,32.0078,4096,235.8750,4,47.9268,2377,1
5963,31.9966,32.0078,4096,235.8750,4,47.9268,2377,1
5964,31.9966,32.0078,4096,235.8750,4,47.9268,2377,1
5965,31.9966,32.0078,4096,235.8750,4,47.9268,2377,1
5966,31.9966,32.0078,4096,235.8750,4,47.9268,2377,1
5967,31.9966,32.0078,4096,235.8750,4,47.9268,2378,1
5968,31.9966,32.0078,4096,235.8750,4,47.9268,2378,1
5969,31.9966,32.0078,4096,235.8750,4,47.9268,2379,1
5970,31.9966,32.0078,4096,235.8750,4,47.9268,2380,1
5971,31.9966,32.0078,4096,235.8750,4,47.9268,2380,1
5972,31.9966,32.0078,4096,235.8750,4,47.9268,2381,1
5973,31.9966,32.0078,4096,235.8750,4,47.9268,2381,1
5974,31.9966,32.0078,4096,235.8750,4,47.9268,2381,1
5975,31.9966,32.0078,4096,235.8750,4,47.9268,2381,1
5976,31.9966,32.0078,4096,235.8750,4,47.9268,2381,1
5977,31.9966,32.0078,4096,235.8750,4,47.9268,2382,1
5978,31.9966,32.0078,4096,235.8750,4,47.9268,2383,1
5979,31.9966,32.0078,4096,235.8750,4,47.9268,2383,1
5980,31.9966,32.0078,4096,235.8750,4,47.9268,2384,1
5981,31.9966,32.0078,4096,235.8750,4,47.9268,2384,1
5982,31.9966,32.0078,4096,235.8750,4,47.9268,2385,1
5983,31.9966,32.0078,4096,235.8750,4,47.9268,2386,1
5984,31.9966,32.0078,4096,235.8750,4,47.9268,2387,1
5985,31.9966,32.0078,4096,235.8750,4,47.9268,2387,1
5986,31.9966,32.0078,4096,235.8750,4,47.9268,2387,1
5987,31.9966,32.0078,4096,235.8750,4,47.9268,2387,1
5988,31.9966,32.0078,4096,235.8750,4,47.9268,2387,1
5989,31.9966,32.0078,4096,235.8750,4,47.9268,2388,1
5990,31.9966,32.0078,4096,235.8750,4,47.9268,2388,1
5991,31.9966,32.0078,4096,235.8750,4,47.9268,2389,1
5992,31.9966,32.0078,4096,235.8750,4,47.9268,2390,1
5993,31.9966,32.0078,4096,235.8750,4,47.9268,2390,1
5994,31.9966,32.0078,4096,235.8750,4,47.9268,2391,1
5995,31.9966,32.0078,4096,235.8750,4,47.9268,2391,1
5996,31.9966,32.0078,4096,235.8750,4,47.9268,2391,1
5997,31.9966,32.0078,4096,235.8750,4,47.9268,2392,1
5998,31.9966,32.0078,4096,235.8750,4,47.9268,2392,1
5999,31.9966,32.0078,4096,235.8750,4,47.9268,2392,1
6000,31.9966,32.0078,4096,235.8750,4,47.9268,2393,1
6001,31.9966,32.0078,4096,235.8750,4,47.9268,2394,1
6002,31.9966,32.0078,4096,235.8750,4,47.9268,2394,1
6003,31.9966,32.0078,4096,235.8750,4,47.9268,2395,1
6004,31.9966,32.0078,4096,235.8750,4,47.9268,2395,1
6005,31.9966,32.0078,4096,235.8750,4,47.9268,2395,1
6006,31.9966,32.0078,4096,235.8750,4,47.9268,2395,1
6007,31.9966,32.0078,4096,235.8750,4,47.9268,2396,1
6008,31.9966,32.0078,4096,235.8750,4,47.9268,2397,1
6009,31.9966,32.0078,4096,235.8750,4,47.9268,2397,1
6010,31.9966,32.0078,4096,235.8750,4,47.9268,2397,1
6011,31.9966,32.0078,4096,235.8750,4,47.9268,2398,1
6012,31.9966,32.0078,4096,235.8750,4,47.9268,2399,1
6013,31.9966,32.0078,4096,235.8750,4,47.9268,2400,1
6014,31.9966,32.0078,4096,235.8750,4,47.9268,2400,1
6015,31.9966,32.0078,4096,235.8750,4,47.9268,2401,1
6016,31.9966,32.0078,4096,235.8750,4,47.9268,2401,1
6017,31.9966,32.0078,4096,235.8750,4,47.9268,2402,1
6018,31.9966,32.0078,4096,235.8750,4,47.9268,2402,1
6019,31.9966,32.0078,4096,235.8750,4,47.9268,2402,1
6020,31.9966,32.0078,4096,235.8750,4,47.9268,2402,1
6021,31.9966,32.0078,4096,235.8750,4,47.9268,2402,1
6022,31.9966,32.0078,4096,235.8750,4,47.9268,2403,1
6023,31.9966,32.0078,4096,235.8750,4,47.9268,2403,1
6024,31.9966,32.0078,4096,235.8750,4,47.9268,2404,1
6025,31.9966,32.0078,4096,235.8750,4,47.9268,2404,1
6026,31.9966,32.0078,4096,235.8750,4,47.9268,2405,1
6027,31.9966,32.0078,4096,235.8750,4,47.9268,2405,1
6028,31.9966,32.0078,4096,235.8750,4,47.9268,2406,1
6029,31.9966,32.0078,4096,235.8750,4,47.9268,2406,1
6030,31.9966,32.0078,4096,235.8750,4,47.9268,2406,1
6031,31.9966,32.0078,4096,235.8750,4,47.9268,2407,1
6032,31.9966,32.0078,4096,235.8750,4,47.9268,2407,1
6033,31.9966,32.0078,4096,235.8750,4,47.9268,2407,1
6034,31.9966,32.0078,4096,235.8750,4,47.9268,2407,1
6035,31.9966,32.0078,4096,235.8750,4,47.9268,2408,1
6036,31.9966,32.0078,4096,235.8750,4,47.9268,2408,1
6037,31.9966,32.0078,4096,235.8750,4,47.9268,2408,1
6038,31.9966,32.0078,4096,235.8750,4,47.9268,2408,1
6039,31.9966,32.0078,4096,235.8750,4,47.9268,2409,1
6040,31.9966,32.0078,4096,235.8750,4,47.9268,2410,1
6041,31.9966,32.0078,4096,235.8750,4,47.9268,2410,1
6042,31.9966,32.0078,4096,235.8750,4,47.9268,2410,1
6043,31.9966,32.0078,4096,235.8750,4,47.9268,2410,1
6044,31.9966,32.0078,4096,235.8750,4,47.9268,2411,1
6045,31.9966,32.0078,4096,235.8750,4,47.9268,2411,1
6046,31.9966,32.0078,4096,235.8750,4,47.9268,2411,1
6047,31.9966,32.0078,4096,235.8750,4,47.9268,2411,1
6048,31.9966,32.0078,4096,235.8750,4,47.9268,2411,1
6049,31.9966,32.0078,4096,235.8750,4,47.9268,2412,1
6050,31.9966,32.0078,4096,235.8750,4,47.9268,2412,1
6051,31.9966,32.0078,4096,235.8750,4,47.9268,2413,1
6052,31.9966,32.0078,4096,235.8750,4,47.9268,2413,1
6053,31.9966,32.0078,4096,235.8750,4,47.9268,2413,1
6054,31.9966,32.0078,4096,235.8750,4,47.9268,2413,1
6055,31.9966,32.0078,4096,235.8750,4,47.9268,2414,1
6056,31.9966,32.0078,4096,235.8750,4,47.9268,2414,1
6057,31.9966,32.0078,4096,235.8750,4,47.9268,2414,1
6058,31.9966,32.0078,4096,235.8750,4,47.9268,2414,1
6059,31.9966,32.0078,4096,235.8750,4,47.9268,2414,1
6060,31.9966,32.0078,4096,235.8750,4,47.9268,2415,1
6061,31.9966,32.0078,4096,235.8750,4,47.9268,2416,1
6062,31.9966,32.0078,4096,235.8750,4,47.9268,2416,1
6063,31.9966,32.0078,4096,235.8750,4,47.9268,2416,1
6064,31.9966,32.0078,4096,235.8750,4,47.9268,2417,1
6065,31.9966,32.0078,4096,235.8750,4,47.9268,2417,1
6066,31.9966,32.0078,4096,235.8750,4,47.9268,2417,1
6067,31.9966,32.0078,4096,235.8750,4,47.9268,2417,1
6068,31.9966,32.0078,4096,235.8750,4,47.9268,2417,1
6069,31.9966,32.0078,4096,235.8750,4,47.9268,2418,1
6070,31.9966,32.0078,4096,235.8750,4,47.9268,2418,1
6071,31.9966,32.0078,4096,235.8750,4,47.9268,2418,1
6072,31.9966,32.0078,4096,235.8750,4,47.9268,2418,1
6073,31.9966,32.0078,4096,235.8750,4,47.9268,2419,1
6074,31.9966,32.0078,4096,235.8750,4,47.9268,2420,1
6075,31.9966,32.0078,4096,235.8750,4,47.9268,2420,1
6076,31.9966,32.0078,4096,235.8750,4,47.9268,2421,1
6077,31.9966,32.0078,4096,235.8750,4,47.9268,2422,1
6078,31.9966,32.0078,4096,235.8750,4,47.9268,2422,1
6079,31.9966,32.0078,4096,235.8750,4,47.9268,2422,1
6080,31.9966,32.0078,4096,235.8750,4,47.9268,2423,1
6081,31.9966,32.0078,4096,235.8750,4,47.9268,2424,1
6082,31.9966,32.0078,4096,235.8750,4,47.9268,2425,1
6083,31.9966,32.0078,4096,235.8750,4,47.9268,2425,1
6084,31.9966,32.0078,4096,235.8750,4,47.9268,2426,1
6085,31.9966,32.0078,4096,235.8750,4,47.9268,2427,1
6086,31.9966,32.0078,4096,235.8750,4,47.9268,2427,1
6087,31.9966,32.0078,4096,235.8750,4,47.9268,2427,1
6088,31.9966,32.0078,4096,235.8750,4,47.9268,2427,1
6089,31.9966,32.0078,4096,235.8750,4,47.9268,2427,1
6090,31.9966,32.0078,4096,235.8750,4,47.9268,2427,1
6091,31.9966,32.0078,4096,235.8750,4,47.9268,2427,1
6092,31.9966,32.0078,4096,235.8750,4,47.9268,2427,1
6093,31.9966,32.0078,4096,235.8750,4,47.9268,2428,1
6094,31.9966,32.0078,4096,235.8750,4,47.9268,2428,1
6095,31.9966,32.0078,4096,235.8750,4,47.9268,2428,1
6096,31.9966,32.0078,4096,235.8750,4,47.9268,2428,1
6097,31.9966,32.0078,4096,235.8750,4,47.9268,2428,1
6098,31.9966,32.0078,4096,235.8750,4,47.9268,2428,1
6099,31.9966,32.0078,4096,235.8750,4,47.9268,2428,1
6100,31.9966,32.0078,4096,235.8750,4,47.9268,2428,1
6101,31.9966,32.0078,4096,235.8750,4,47.9268,2428,1
6102,31.9966,32.0078,4096,235.8750,4,47.9268,2428,1
6103,31.9966,32.0078,4096,235.8750,4,47.9268,2428,1
6104,31.9966,32.0078,4096,235.8750,4,47.9268,2428,1
6105,31.9966,32.0078,4096,235.8750,4,47.9268,2428,1
6106,31.9966,32.0078,4096,235.8750,4,47.9268,2428,1
6107,31.9966,32.0078,4096,235.8750,4,47.9268,2428,1
6108,31.9966,32.0078,4096,235.8750,4,47.9268,2428,1
6109,31.9966,32.0078,4096,235.8750,4,47.9268,2429,1
6110,31.9966,32.0078,4096,235.8750,4,47.9268,2430,1
6111,31.9966,32.0078,4096,235.8750,4,47.9268,2431,1
6112,31.9966,32.0078,4096,235.8750,4,47.9268,2432,1
6113,31.9966,32.0078,4096,235.8750,4,47.9268,2433,1
6114,31.9966,32.0078,4096,235.8750,4,47.9268,2433,1
6115,31.9966,32.0078,4096,235.8750,4,47.9268,2433,1
6116,31.9966,32.0078,4096,235.8750,4,47.9268,2434,1
6117,31.9966,32.0078,4096,235.8750,4,47.9268,2435,1
6118,31.9966,32.0078,4096,235.8750,4,47.9268,2435,1
6119,31.9966,32.0078,4096,235.8750,4,47.9268,2435,1
6120,31.9966,32.0078,4096,235.8750,4,47.9268,2435,1
6121,31.9966,32.0078,4096,235.8750,4,47.9268,2436,1
6122,31.9966,32.0078,4096,235.8750,4,47.9268,2436,1
6123,31.9966,32.0078,4096,235.8750,4,47.9268,2436,1
6124,31.9966,32.0078,4096,235.8750,4,47.9268,2437,1
6125,31.9966,32.0078,4096,235.8750,4,47.9268,2438,1
6126,31.9966,32.0078,4096,235.8750,4,47.9268,2438,1
6127,31.9966,32.0078,4096,235.8750,4,47.9268,2439,1
6128,31.9966,32.0078,4096,235.8750,4,47.9268,2439,1
6129,31.9966,32.0078,4096,235.8750,4,47.9268,2440,1
6130,31.9966,32.0078,4096,235.8750,4,47.9268,2440,1
6131,31.9966,32.0078,4096,235.8750,4,47.9268,2441,1
6132,31.9966,32.0078,4096,235.8750,4,47.9268,2441,1
6133,31.9966,32.0078,4096,235.8750,4,47.9268,2441,1
6134,31.9966,32.0078,4096,235.8750,4,47.9268,2441,1
6135,31.9966,32.0078,4096,235.8750,4,47.9268,2441,1
6136,31.9966,32.0078,4096,235.8750,4,47.9268,2441,1
6137,31.9966,32.0078,4096,235.8750,4,47.9268,2441,1
6138,31.9966,32.0078,4096,235.8750,4,47.9268,2441,1
6139,31.9966,32.0078,4096,235.8750,4,47.9268,2441,1
6140,31.9966,32.0078,4096,235.8750,4,47.9268,2441,1
6141,31.9966,32.0078,4096,235.8750,4,47.9268,2441,1
6142,31.9966,32.0078,4096,235.8750,4,47.9268,2441,1
6143,31.9966,32.0078,4096,235.8750,4,47.9268,2441,1
6144,31.9966,32.0078,4096,235.8750,4,47.9268,2441,1
6145,31.9966,32.0078,4096,235.8750,4,47.9268,2441,1
6146,31.9966,32.0078,4096,235.8750,4,47.9268,2441,1
6147,31.9966,32.0078,4096,235.8750,4,47.9268,2441,1
6148,31.9966,32.0078,4096,235.8750,4,47.9268,2441,1
6149,31.9966,32.0078,4096,235.8750,4,47.9268,2441,1
6150,31.9966,32.0078,4096,235.8750,4,47.9268,2441,1
6151,31.9966,32.0078,4096,235.8750,4,47.9268,2441,1
6152,31.9966,32.0078,4096,235.8750,4,47.9268,2441,1
6153,31.9966,32.0078,4096,235.8750,4,47.9268,2441,1
6154,31.9966,32.0078,4096,235.8750,4,47.9268,2441,1
6155,31.9966,32.0078,4096,235.8750,4,47.9268,2441,1
6156,31.9966,32.0078,4096,235.8750,4,47.9268,2442,1
6157,31.9966,32.0078,4096,235.8750,4,47.9268,2443,1
6158,31.9966,32.0078,4096,235.8750,4,47.9268,2443,1
6159,31.9966,32.0078,4096,235.8750,4,47.9268,2443,1
6160,31.9966,32.0078,4096,235.8750,4,47.9268,2444,1
6161,31.9966,32.0078,4096,235.8750,4,47.9268,2445,1
6162,31.9966,32.0078,4096,235.8750,4,47.9268,2446,1
6163,31.9966,32.0078,4096,235.8750,4,47.9268,2447,1
6164,31.9966,32.0078,4096,235.8750,4,47.9268,2448,1
6165,31.9966,32.0078,4096,235.8750,4,47.9268,2448,1
6166,31.9966,32.0078,4096,235.8750,4,47.9268,2449,1
6167,31.9966,32.0078,4096,235.8750,4,47.9268,2450,1
6168,31.9966,32.0078,4096,235.8750,4,47.9268,2450,1
6169,31.9966,32.0078,4096,235.8750,4,47.9268,2451,1
6170,31.9966,32.0078,4096,235.8750,4,47.9268,2451,1
6171,31.9966,32.0078,4096,235.8750,4,47.9268,2451,1
6172,31.9966,32.0078,4096,235.8750,4,47.9268,2451,1
6173,31.9966,32.0078,4096,235.8750,4,47.9268,2451,1
6174,31.9966,32.0078,4096,235.8750,4,47.9268,2451,1
6175,31.9966,32.0078,4096,235.8750,4,47.9268,2451,1
6176,31.9966,32.0078,4096,235.8750,4,47.9268,2452,1
6177,31.9966,32.0078,4096,235.8750,4,47.9268,2452,1
6178,31.9966,32.0078,4096,235.8750,4,47.9268,2452,1
6179,31.9966,32.0078,4096,235.8750,4,47.9268,2452,1
6180,31.9966,32.0078,4096,235.8750,4,47.9268,2452,1
6181,31.9966,32.0078,4096,235.8750,4,47.9268,2452,1
6182,31.9966,32.0078,4096,235.8750,4,47.9268,2452,1
6183,31.9966,32.0078,4096,235.8750,4,47.9268,2452,1
6184,31.9966,32.0078,4096,235.8750,4,47.9268,2453,1
6185,31.9966,32.0078,4096,235.8750,4,47.9268,2453,1
6186,31.9966,32.0078,4096,235.8750,4,47.9268,2453,1
6187,31.9966,32.0078,4096,235.8750,4,47.9268,2454,1
6188,31.9966,32.0078,4096,235.8750,4,47.9268,2454,1
6189,31.9966,32.0078,4096,235.8750,4,47.9268,2454,1
6190,31.9966,32.0078,4096,235.8750,4,47.9268,2455,1
6191,31.9966,32.0078,4096,235.8750,4,47.9268,2456,1
6192,31.9966,32.0078,4096,235.8750,4,47.9268,2457,1
6193,31.9966,32.0078,4096,235.8750,4,47.9268,2457,1
6194,31.9966,32.0078,4096,235.8750,4,47.9268,2458,1
6195,31.9966,32.0078,4096,235.8750,4,47.9268,2458,1
6196,31.9966,32.0078,4096,235.8750,4,47.9268,2458,1
6197,31.9966,32.0078,4096,235.8750,4,47.9268,2459,1
6198,31.9966,32.0078,4096,235.8750,4,47.9268,2459,1
6199,31.9966,32.0078,4096,235.8750,4,47.9268,2459,1
6200,31.9966,32.0078,4096,235.8750,4,47.9268,2459,1
6201,31.9966,32.0078,4096,235.8750,4,47.9268,2459,1
6202,31.9966,32.0078,4096,235.8750,4,47.9268,2459,1
6203,31.9966,32.0078,4096,235.8750,4,47.9268,2459,1
6204,31.9966,32.0078,4096,235.8750,4,47.9268,2459,1
6205,31.9966,32.0078,4096,235.8750,4,47.9268,2459,1
6206,31.9966,32.0078,4096,235.8750,4,47.9268,2460,1
6207,31.9966,32.0078,4096,235.8750,4,47.9268,2461,1
6208,31.9966,32.0078,4096,235.8750,4,47.9268,2462,1
6209,31.9966,32.0078,4096,235.8750,4,47.9268,2462,1
6210,31.9966,32.0078,4096,235.8750,4,47.9268,2462,1
6211,31.9966,32.0078,4096,235.8750,4,47.9268,2462,1
6212,31.9966,32.0078,4096,235.8750,4,47.9268,2463,1
6213,31.9966,32.0078,4096,235.8750,4,47.9268,2463,1
6214,31.9966,32.0078,4096,235.8750,4,47.9268,2463,1
6215,31.9966,32.0078,4096,235.8750,4,47.9268,2463,1
6216,31.9966,32.0078,4096,235.8750,4,47.9268,2463,1
6217,31.9966,32.0078,4096,235.8750,4,47.9268,2463,1
6218,31.9966,32.0078,4096,235.8750,4,47.9268,2464,1
6219,31.9966,32.0078,4096,235.8750,4,47.9268,2465,1
6220,31.9966,32.0078,4096,235.8750,4,47.9268,2465,1
6221,31.9966,32.0078,4096,235.8750,4,47.9268,2466,1
6222,31.9966,32.0078,4096,235.8750,4,47.9268,2467,1
6223,31.9966,32.0078,4096,235.8750,4,47.9268,2467,1
6224,31.9966,32.0078,4096,235.8750,4,47.9268,2467,1
6225,31.9966,32.0078,4096,235.8750,4,47.9268,2467,1
6226,31.9966,32.0078,4096,235.8750,4,47.9268,2467,1
6227,31.9966,32.0078,4096,235.8750,4,47.9268,2467,1
6228,31.9966,32.0078,4096,235.8750,4,47.9268,2468,1
6229,31.9966,32.0078,4096,235.8750,4,47.9268,2468,1
6230,31.9966,32.0078,4096,235.8750,4,47.9268,2469,1
6231,31.9966,32.0078,4096,235.8750,4,47.9268,2470,1
6232,31.9966,32.0078,4096,235.8750,4,47.9268,2471,1
6233,31.9966,32.0078,4096,235.8750,4,47.9268,2471,1
6234,31.9966,32.0078,4096,235.8750,4,47.9268,2471,1
6235,31.9966,32.0078,4096,235.8750,4,47.9268,2471,1
6236,31.9966,32.0078,4096,235.8750,4,47.9268,2472,1
6237,31.9966,32.0078,4096,235.8750,4,47.9268,2473,1
6238,31.9966,32.0078,4096,235.8750,4,47.9268,2473,1
6239,31.9966,32.0078,4096,235.8750,4,47.9268,2473,1
6240,31.9966,32.0078,4096,235.8750,4,47.9268,2473,1
6241,31.9966,32.0078,4096,235.8750,4,47.9268,2474,1
6242,31.9966,32.0078,4096,235.8750,4,47.9268,2474,1
6243,31.9966,32.0078,4096,235.8750,4,47.9268,2474,1
6244,31.9966,32.0078,4096,235.8750,4,47.9268,2475,1
6245,31.9966,32.0078,4096,235.8750,4,47.9268,2475,1
6246,31.9966,32.0078,4096,235.8750,4,47.9268,2475,1
6247,31.9966,32.0078,4096,235.8750,4,47.9268,2475,1
6248,31.9966,32.0078,4096,235.8750,4,47.9268,2475,1
6249,31.9966,32.0078,4096,235.8750,4,47.9268,2476,1
6250,31.9966,32.0078,4096,235.8750,4,47.9268,2476,1
6251,31.9966,32.0078,4096,235.8750,4,47.9268,2477,1
6252,31.9966,32.0078,4096,235.8750,4,47.9268,2477,1
6253,31.9966,32.0078,4096,235.8750,4,47.9268,2477,1
6254,31.9966,32.0078,4096,235.8750,4,47.9268,2477,1
6255,31.9966,32.0078,4096,235.8750,4,47.9268,2477,1
6256,31.9966,32.0078,4096,235.8750,4,47.9268,2477,1
6257,31.9966,32.0078,4096,235.8750,4,47.9268,2478,1
6258,31.9966,32.0078,4096,235.8750,4,47.9268,2478,1
6259,31.9966,32.0078,4096,235.8750,4,47.9268,2478,1
6260,31.9966,32.0078,4096,235.8750,4,47.9268,2478,1
6261,31.9966,32.0078,4096,235.8750,4,47.9268,2479,1
6262,31.9966,32.0078,4096,235.8750,4,47.9268,2479,1
6263,31.9966,32.0078,4096,235.8750,4,47.9268,2479,1
6264,31.9966,32.0078,4096,235.8750,4,47.9268,2479,1
6265,31.9966,32.0078,4096,235.8750,4,47.9268,2479,1
6266,31.9966,32.0078,4096,235.8750,4,47.9268,2479,1
6267,31.9966,32.0078,4096,235.8750,4,47.9268,2479,1
6268,31.9966,32.0078,4096,235.8750,4,47.9268,2479,1
6269,31.9966,32.0078,4096,235.8750,4,47.9268,2479,1
6270,31.9966,32.0078,4096,235.8750,4,47.9268,2479,1
6271,31.9966,32.0078,4096,235.8750,4,47.9268,2479,1
6272,31.9966,32.0078,4096,235.8750,4,47.9268,2479,1
6273,31.9966,32.0078,4096,235.8750,4,47.9268,2480,1
6274,31.9966,32.0078,4096,235.8750,4,47.9268,2480,1
6275,31.9966,32.0078,4096,235.8750,4,47.9268,2481,1
6276,31.9966,32.0078,4096,235.8750,4,47.9268,2481,1
6277,31.9966,32.0078,4096,235.8750,4,47.9268,2481,1
6278,31.9966,32.0078,4096,235.8750,4,47.9268,2482,1
6279,31.9966,32.0078,4096,235.8750,4,47.9268,2483,1
6280,31.9966,32.0078,4096,235.8750,4,47.9268,2484,1
6281,31.9966,32.0078,4096,235.8750,4,47.9268,2484,1
6282,31.9966,32.0078,4096,235.8750,4,47.9268,2484,1
6283,31.9966,32.0078,4096,235.8750,4,47.9268,2485,1
6284,31.9966,32.0078,4096,235.8750,4,47.9268,2485,1
6285,31.9966,32.0078,4096,235.8750,4,47.9268,2485,1
6286,31.9966,32.0078,4096,235.8750,4,47.9268,2486,1
6287,31.9966,32.0078,4096,235.8750,4,47.9268,2487,1
6288,31.9966,32.0078,4096,235.8750,4,47.9268,2487,1
6289,31.9966,32.0078,4096,235.8750,4,47.9268,2487,1
6290,31.9966,32.0078,4096,235.8750,4,47.9268,2487,1
6291,31.9966,32.0078,4096,235.8750,4,47.9268,2488,1
6292,31.9966,32.0078,4096,235.8750,4,47.9268,2488,1
6293,31.9966,32.0078,4096,235.8750,4,47.9268,2488,1
6294,31.9966,32.0078,4096,235.8750,4,47.9268,2488,1
6295,31.9966,32.0078,4096,235.8750,4,47.9268,2489,1
6296,31.9966,32.0078,4096,235.8750,4,47.9268,2489,1
6297,31.9966,32.0078,4096,235.8750,4,47.9268,2489,1
6298,31.9966,32.0078,4096,235.8750,4,47.9268,2489,1
6299,31.9966,32.0078,4096,235.8750,4,47.9268,2489,1
6300,31.9966,32.0078,4096,235.8750,4,47.9268,2489,1
6301,31.9966,32.0078,4096,235.8750,4,47.9268,2489,1
6302,31.9966,32.0078,4096,235.8750,4,47.9268,2489,1
6303,31.9966,32.0078,4096,235.8750,4,47.9268,2490,1
6304,31.9966,32.0078,4096,235.8750,4,47.9268,2490,1
6305,31.9966,32.0078,4096,235.8750,4,47.9268,2490,1
6306,31.9966,32.0078,4096,235.8750,4,47.9268,2490,1
6307,31.9966,32.0078,4096,235.8750,4,47.9268,2491,1
6308,31.9966,32.0078,4096,235.8750,4,47.9268,2492,1
6309,31.9966,32.0078,4096,235.8750,4,47.9268,2493,1
6310,31.9966,32.0078,4096,235.8750,4,47.9268,2494,1
6311,31.9966,32.0078,4096,235.8750,4,47.9268,2495,1
6312,31.9966,32.0078,4096,235.8750,4,47.9268,2495,1
6313,31.9966,32.0078,4096,235.8750,4,47.9268,2496,1
6314,31.9966,32.0078,4096,235.8750,4,47.9268,2496,1
6315,31.9966,32.0078,4096,235.8750,4,47.9268,2497,1
6316,31.9966,32.0078,4096,235.8750,4,47.9268,2497,1
6317,31.9966,32.0078,4096,235.8750,4,47.9268,2498,1
6318,31.9966,32.0078,4096,235.8750,4,47.9268,2498,1
6319,31.9966,32.0078,4096,235.8750,4,47.9268,2499,1
6320,31.9966,32.0078,4096,235.8750,4,47.9268,2500,1
6321,31.9966,32.0078,4096,235.8750,4,47.9268,2500,1
6322,31.9966,32.0078,4096,235.8750,4,47.9268,2501,1
6323,31.9966,32.0078,4096,235.8750,4,47.9268,2502,1
6324,31.9966,32.0078,4096,235.8750,4,47.9268,2503,1
6325,31.9966,32.0078,4096,235.8750,4,47.9268,2503,1
6326,31.9966,32.0078,4096,235.8750,4,47.9268,2504,1
6327,31.9966,32.0078,4096,235.8750,4,47.9268,2505,1
6328,31.9966,32.0078,4096,235.8750,4,47.9268,2505,1
6329,31.9966,32.0078,4096,235.8750,4,47.9268,2506,1
6330,31.9966,32.0078,4096,235.8750,4,47.9268,2507,1
6331,31.9966,32.0078,4096,235.8750,4,47.9268,2507,1
6332,31.9966,32.0078,4096,235.8750,4,47.9268,2507,1
6333,31.9966,32.0078,4096,235.8750,4,47.9268,2508,1
6334,31.9966,32.0078,4096,235.8750,4,47.9268,2509,1
6335,31.9966,32.0078,4096,235.8750,4,47.9268,2509,1
6336,31.9966,32.0078,4096,235.8750,4,47.9268,2509,1
6337,31.9966,32.0078,4096,235.8750,4,47.9268,2509,1
6338,31.9966,32.0078,4096,235.8750,4,47.9268,2509,1
6339,31.9966,32.0078,4096,235.8750,4,47.9268,2509,1
6340,31.9966,32.0078,4096,235.8750,4,47.9268,2509,1
6341,31.9966,32.0078,4096,235.8750,4,47.9268,2510,1
6342,31.9966,32.0078,4096,235.8750,4,47.9268,2510,1
6343,31.9966,32.0078,4096,235.8750,4,47.9268,2511,1
6344,31.9966,32.0078,4096,235.8750,4,47.9268,2511,1
6345,31.9966,32.0078,4096,235.8750,4,47.9268,2512,1
6346,31.9966,32.0078,4096,235.8750,4,47.9268,2512,1
6347,31.9966,32.0078,4096,235.8750,4,47.9268,2513,1
6348,31.9966,32.0078,4096,235.8750,4,47.9268,2514,1
6349,31.9966,32.0078,4096,235.8750,4,47.9268,2514,1
6350,31.9966,32.0078,4096,235.8750,4,47.9268,2514,1
6351,31.9966,32.0078,4096,235.8750,4,47.9268,2515,1
6352,31.9966,32.0078,4096,235.8750,4,47.9268,2515,1
6353,31.9966,32.0078,4096,235.8750,4,47.9268,2515,1
6354,31.9966,32.0078,4096,235.8750,4,47.9268,2515,1
6355,31.9966,32.0078,4096,235.8750,4,47.9268,2516,1
6356,31.9966,32.0078,4096,235.8750,4,47.9268,2517,1
6357,31.9966,32.0078,4096,235.8750,4,47.9268,2518,1
6358,31.9966,32.0078,4096,235.8750,4,47.9268,2519,1
6359,31.9966,32.0078,4096,235.8750,4,47.9268,2519,1
6360,31.9966,32.0078,4096,235.8750,4,47.9268,2520,1
6361,31.9966,32.0078,4096,235.8750,4,47.9268,2521,1
6362,31.9966,32.0078,4096,235.8750,4,47.9268,2522,1
6363,31.9966,32.0078,4096,235.8750,4,47.9268,2522,1
6364,31.9966,32.0078,4096,235.8750,4,47.9268,2523,1
6365,31.9966,32.0078,4096,235.8750,4,47.9268,2523,1
6366,31.9966,32.0078,4096,235.8750,4,47.9268,2524,1
6367,31.9966,32.0078,4096,235.8750,4,47.9268,2524,1
6368,31.9966,32.0078,4096,235.8750,4,47.9268,2525,1
6369,31.9966,32.0078,4096,235.8750,4,47.9268,2525,1
6370,31.9966,32.0078,4096,235.8750,4,47.9268,2526,1
6371,31.9966,32.0078,4096,235.8750,4,47.9268,2526,1
6372,31.9966,32.0078,4096,235.8750,4,47.9268,2527,1
6373,31.9966,32.0078,4096,235.8750,4,47.9268,2527,1
6374,31.9966,32.0078,4096,235.8750,4,47.9268,2528,1
6375,31.9966,32.0078,4096,235.8750,4,47.9268,2528,1
6376,31.9966,32.0078,4096,235.8750,4,47.9268,2528,1
6377,31.9966,32.0078,4096,235.8750,4,47.9268,2528,1
6378,31.9966,32.0078,4096,235.8750,4,47.9268,2528,1
6379,31.9966,32.0078,4096,235.8750,4,47.9268,2528,1
6380,31.9966,32.0078,4096,235.8750,4,47.9268,2528,1
6381,31.9966,32.0078,4096,235.8750,4,47.9268,2528,1
6382,31.9966,32.0078,4096,235.8750,4,47.9268,2528,1
6383,31.9966,32.0078,4096,235.8750,4,47.9268,2529,1
6384,31.9966,32.0078,4096,235.8750,4,47.9268,2529,1
6385,31.9966,32.0078,4096,235.8750,4,47.9268,2529,1
6386,31.9966,32.0078,4096,235.8750,4,47.9268,2529,1
6387,31.9966,32.0078,4096,235.8750,4,47.9268,2529,1
6388,31.9966,32.0078,4096,235.8750,4,47.9268,2529,1
6389,31.9966,32.0078,4096,235.8750,4,47.9268,2530,1
6390,31.9966,32.0078,4096,235.8750,4,47.9268,2530,1
6391,31.9966,32.0078,4096,235.8750,4,47.9268,2531,1
6392,31.9966,32.0078,4096,235.8750,4,47.9268,2532,1
6393,31.9966,32.0078,4096,235.8750,4,47.9268,2532,1
6394,31.9966,32.0078,4096,235.8750,4,47.9268,2533,1
6395,31.9966,32.0078,4096,235.8750,4,47.9268,2534,1
6396,31.9966,32.0078,4096,235.8750,4,47.9268,2534,1
6397,31.9966,32.0078,4096,235.8750,4,47.9268,2534,1
6398,31.9966,32.0078,4096,235.8750,4,47.9268,2534,1
6399,31.9966,32.0078,4096,235.8750,4,47.9268,2534,1
6400,31.9966,32.0078,4096,235.8750,4,47.9268,2535,1
6401,31.9966,32.0078,4096,235.8750,4,47.9268,2535,1
6402,31.9966,32.0078,4096,235.8750,4,47.9268,2535,1
6403,31.9966,32.0078,4096,235.8750,4,47.9268,2535,1
6404,31.9966,32.0078,4096,235.8750,4,47.9268,2536,1
6405,31.9966,32.0078,4096,235.8750,4,47.9268,2536,1
6406,31.9966,32.0078,4096,235.8750,4,47.9268,2536,1
6407,31.9966,32.0078,4096,235.8750,4,47.9268,2536,1
6408,31.9966,32.0078,4096,235.8750,4,47.9268,2536,1
6409,31.9966,32.0078,4096,235.8750,4,47.9268,2536,1
6410,31.9966,32.0078,4096,235.8750,4,47.9268,2537,1
6411,31.9966,32.0078,4096,235.8750,4,47.9268,2537,1
6412,31.9966,32.0078,4096,235.8750,4,47.9268,2538,1
6413,31.9966,32.0078,4096,235.8750,4,47.9268,2538,1
6414,31.9966,32.0078,4096,235.8750,4,47.9268,2538,1
6415,31.9966,32.0078,4096,235.8750,4,47.9268,2538,1
6416,31.9966,32.0078,4096,235.8750,4,47.9268,2539,1
6417,31.9966,32.0078,4096,235.8750,4,47.9268,2539,1
6418,31.9966,32.0078,4096,235.8750,4,47.9268,2539,1
6419,31.9966,32.0078,4096,235.8750,4,47.9268,2539,1
6420,31.9966,32.0078,4096,235.8750,4,47.9268,2539,1
6421,31.9966,32.0078,4096,235.8750,4,47.9268,2540,1
6422,31.9966,32.0078,4096,235.8750,4,47.9268,2541,1
6423,31.9966,32.0078,4096,235.8750,4,47.9268,2541,1
6424,31.9966,32.0078,4096,235.8750,4,47.9268,2541,1
6425,31.9966,32.0078,4096,235.8750,4,47.9268,2542,1
6426,31.9966,32.0078,4096,235.8750,4,47.9268,2542,1
6427,31.9966,32.0078,4096,235.8750,4,47.9268,2542,1
6428,31.9966,32.0078,4096,235.8750,4,47.9268,2543,1
6429,31.9966,32.0078,4096,235.8750,4,47.9268,2543,1
6430,31.9966,32.0078,4096,235.8750,4,47.9268,2543,1
6431,31.9966,32.0078,4096,235.8750,4,47.9268,2544,1
6432,31.9966,32.0078,4096,235.8750,4,47.9268,2545,1
6433,31.9966,32.0078,4096,235.8750,4,47.9268,2545,1
6434,31.9966,32.0078,4096,235.8750,4,47.9268,2545,1
6435,31.9966,32.0078,4096,235.8750,4,47.9268,2546,1
6436,31.9966,32.0078,4096,235.8750,4,47.9268,2547,1
6437,31.9966,32.0078,4096,235.8750,4,47.9268,2547,1
6438,31.9966,32.0078,4096,235.8750,4,47.9268,2547,1
6439,31.9966,32.0078,4096,235.8750,4,47.9268,2547,1
6440,31.9966,32.0078,4096,235.8750,4,47.9268,2548,1
6441,31.9966,32.0078,4096,235.8750,4,47.9268,2548,1
6442,31.9966,32.0078,4096,235.8750,4,47.9268,2549,1
6443,31.9966,32.0078,4096,235.8750,4,47.9268,2549,1
6444,31.9966,32.0078,4096,235.8750,4,47.9268,2550,1
6445,31.9966,32.0078,4096,235.8750,4,47.9268,2550,1
6446,31.9966,32.0078,4096,235.8750,4,47.9268,2550,1
6447,31.9966,32.0078,4096,235.8750,4,47.9268,2550,1
6448,31.9966,32.0078,4096,235.8750,4,47.9268,2551,1
6449,31.9966,32.0078,4096,235.8750,4,47.9268,2551,1
6450,31.9966,32.0078,4096,235.8750,4,47.9268,2551,1
6451,31.9966,32.0078,4096,235.8750,4,47.9268,2551,1
6452,31.9966,32.0078,4096,235.8750,4,47.9268,2551,1
6453,31.9966,32.0078,4096,235.8750,4,47.9268,2551,1
6454,31.9966,32.0078,4096,235.8750,4,47.9268,2552,1
6455,31.9966,32.0078,4096,235.8750,4,47.9268,2553,1
6456,31.9966,32.0078,4096,235.8750,4,47.9268,2553,1
6457,31.9966,32.0078,4096,235.8750,4,47.9268,2554,1
6458,31.9966,32.0078,4096,235.8750,4,47.9268,2554,1
6459,31.9966,32.0078,4096,235.8750,4,47.9268,2554,1
6460,31.9966,32.0078,4096,235.8750,4,47.9268,2555,1
6461,31.9966,32.0078,4096,235.8750,4,47.9268,2556,1
6462,31.9966,32.0078,4096,235.8750,4,47.9268,2557,1
6463,31.9966,32.0078,4096,235.8750,4,47.9268,2557,1
6464,31.9966,32.0078,4096,235.8750,4,47.9268,2557,1
6465,31.9966,32.0078,4096,235.8750,4,47.9268,2557,1
6466,31.9966,32.0078,4096,235.8750,4,47.9268,2557,1
6467,31.9966,32.0078,4096,235.8750,4,47.9268,2557,1
6468,31.9966,32.0078,4096,235.8750,4,47.9268,2557,1
6469,31.9966,32.0078,4096,235.8750,4,47.9268,2557,1
6470,31.9966,32.0078,4096,235.8750,4,47.9268,2557,1
6471,31.9966,32.0078,4096,235.8750,4,47.9268,2558,1
6472,31.9966,32.0078,4096,235.8750,4,47.9268,2559,1
6473,31.9966,32.0078,4096,235.8750,4,47.9268,2560,1
6474,31.9966,32.0078,4096,235.8750,4,47.9268,2560,1
6475,31.9966,32.0078,4096,235.8750,4,47.9268,2560,1
6476,31.9966,32.0078,4096,235.8750,4,47.9268,2560,1
6477,31.9966,32.0078,4096,235.8750,4,47.9268,2561,1
6478,31.9966,32.0078,4096,235.8750,4,47.9268,2562,1
6479,31.9966,32.0078,4096,235.8750,4,47.9268,2562,1
6480,31.9966,32.0078,4096,235.8750,4,47.9268,2563,1
6481,31.9966,32.0078,4096,235.8750,4,47.9268,2563,1
6482,31.9966,32.0078,4096,235.8750,4,47.9268,2563,1
6483,31.9966,32.0078,4096,235.8750,4,47.9268,2563,1
6484,31.9966,32.0078,4096,235.8750,4,47.9268,2563,1
6485,31.9966,32.0078,4096,235.8750,4,47.9268,2563,1
6486,31.9966,32.0078,4096,235.8750,4,47.9268,2563,1
6487,31.9966,32.0078,4096,235.8750,4,47.9268,2563,1
6488,31.9966,32.0078,4096,235.8750,4,47.9268,2564,1
6489,31.9966,32.0078,4096,235.8750,4,47.9268,2564,1
6490,31.9966,32.0078,4096,235.8750,4,47.9268,2564,1
6491,31.9966,32.0078,4096,235.8750,4,47.9268,2564,1
6492,31.9966,32.0078,4096,235.8750,4,47.9268,2564,1
6493,31.9966,32.0078,4096,235.8750,4,47.9268,2564,1
6494,31.9966,32.0078,4096,235.8750,4,47.9268,2565,1
6495,31.9966,32.0078,4096,235.8750,4,47.9268,2565,1
6496,31.9966,32.0078,4096,235.8750,4,47.9268,2566,1
6497,31.9966,32.0078,4096,235.8750,4,47.9268,2566,1
6498,31.9966,32.0078,4096,235.8750,4,47.9268,2566,1
6499,31.9966,32.0078,4096,235.8750,4,47.9268,2567,1
6500,31.9966,32.0078,4096,235.8750,4,47.9268,2567,1
6501,31.9966,32.0078,4096,235.8750,4,47.9268,2568,1
6502,31.9966,32.0078,4096,235.8750,4,47.9268,2569,1
6503,31.9966,32.0078,4096,235.8750,4,47.9268,2570,1
6504,31.9966,32.0078,4096,235.8750,4,47.9268,2571,1
6505,31.9966,32.0078,4096,235.8750,4,47.9268,2572,1
6506,31.9966,32.0078,4096,235.8750,4,47.9268,2572,1
6507,31.9966,32.0078,4096,235.8750,4,47.9268,2572,1
6508,31.9966,32.0078,4096,235.8750,4,47.9268,2572,1
6509,31.9966,32.0078,4096,235.8750,4,47.9268,2572,1
6510,31.9966,32.0078,4096,235.8750,4,47.9268,2573,1
6511,31.9966,32.0078,4096,235.8750,4,47.9268,2573,1
6512,31.9966,32.0078,4096,235.8750,4,47.9268,2573,1
6513,31.9966,32.0078,4096,235.8750,4,47.9268,2573,1
6514,31.9966,32.0078,4096,235.8750,4,47.9268,2573,1
6515,31.9966,32.0078,4096,235.8750,4,47.9268,2573,1
6516,31.9966,32.0078,4096,235.8750,4,47.9268,2574,1
6517,31.9966,32.0078,4096,235.8750,4,47.9268,2574,1
6518,31.9966,32.0078,4096,235.8750,4,47.9268,2575,1
6519,31.9966,32.0078,4096,235.8750,4,47.9268,2575,1
6520,31.9966,32.0078,4096,235.8750,4,47.9268,2576,1
6521,31.9966,32.0078,4096,235.8750,4,47.9268,2577,1
6522,31.9966,32.0078,4096,235.8750,4,47.9268,2577,1
6523,31.9966,32.0078,4096,235.8750,4,47.9268,2578,1
6524,31.9966,32.0078,4096,235.8750,4,47.9268,2579,1
6525,31.9966,32.0078,4096,235.8750,4,47.9268,2579,1
6526,31.9966,32.0078,4096,235.8750,4,47.9268,2579,1
6527,31.9966,32.0078,4096,235.8750,4,47.9268,2579,1
6528,31.9966,32.0078,4096,235.8750,4,47.9268,2580,1
6529,31.9966,32.0078,4096,235.8750,4,47.9268,2580,1
6530,31.9966,32.0078,4096,235.8750,4,47.9268,2581,1
6531,31.9966,32.0078,4096,235.8750,4,47.9268,2581,1
6532,31.9966,32.0078,4096,235.8750,4,47.9268,2581,1
6533,31.9966,32.0078,4096,235.8750,4,47.9268,2581,1
6534,31.9966,32.0078,4096,235.8750,4,47.9268,2581,1
6535,31.9966,32.0078,4096,235.8750,4,47.9268,2582,1
6536,31.9966,32.0078,4096,235.8750,4,47.9268,2583,1
6537,31.9966,32.0078,4096,235.8750,4,47.9268,2583,1
6538,31.9966,32.0078,4096,235.8750,4,47.9268,2583,1
6539,31.9966,32.0078,4096,235.8750,4,47.9268,2584,1
6540,31.9966,32.0078,4096,235.8750,4,47.9268,2584,1
6541,31.9966,32.0078,4096,235.8750,4,47.9268,2585,1
6542,31.9966,32.0078,4096,235.8750,4,47.9268,2585,1
6543,31.9966,32.0078,4096,235.8750,4,47.9268,2585,1
6544,31.9966,32.0078,4096,235.8750,4,47.9268,2585,1
6545,31.9966,32.0078,4096,235.8750,4,47.9268,2585,1
6546,31.9966,32.0078,4096,235.8750,4,47.9268,2585,1
6547,31.9966,32.0078,4096,235.8750,4,47.9268,2586,1
6548,31.9966,32.0078,4096,235.8750,4,47.9268,2586,1
6549,31.9966,32.0078,4096,235.8750,4,47.9268,2587,1
6550,31.9966,32.0078,4096,235.8750,4,47.9268,2588,1
6551,31.9966,32.0078,4096,235.8750,4,47.9268,2588,1
6552,31.9966,32.0078,4096,235.8750,4,47.9268,2589,1
6553,31.9966,32.0078,4096,235.8750,4,47.9268,2589,1
6554,31.9966,32.0078,4096,235.8750,4,47.9268,2589,1
6555,31.9966,32.0078,4096,235.8750,4,47.9268,2590,1
6556,31.9966,32.0078,4096,235.8750,4,47.9268,2590,1
6557,31.9966,32.0078,4096,235.8750,4,47.9268,2590,1
6558,31.9966,32.0078,4096,235.8750,4,47.9268,2590,1
6559,31.9966,32.0078,4096,235.8750,4,47.9268,2591,1
6560,31.9966,32.0078,4096,235.8750,4,47.9268,2591,1
6561,31.9966,32.0078,4096,235.8750,4,47.9268,2591,1
6562,31.9966,32.0078,4096,235.8750,4,47.9268,2591,1
6563,31.9966,32.0078,4096,235.8750,4,47.9268,2591,1
6564,31.9966,32.0078,4096,235.8750,4,47.9268,2591,1
6565,31.9966,32.0078,4096,235.8750,4,47.9268,2592,1
6566,31.9966,32.0078,4096,235.8750,4,47.9268,2592,1
6567,31.9966,32.0078,4096,235.8750,4,47.9268,2592,1
6568,31.9966,32.0078,4096,235.8750,4,47.9268,2593,1
6569,31.9966,32.0078,4096,235.8750,4,47.9268,2593,1
6570,31.9966,32.0078,4096,235.8750,4,47.9268,2593,1
6571,31.9966,32.0078,4096,235.8750,4,47.9268,2593,1
6572,31.9966,32.0078,4096,235.8750,4,47.9268,2593,1
6573,31.9966,32.0078,4096,235.8750,4,47.9268,2593,1
6574,31.9966,32.0078,4096,235.8750,4,47.9268,2593,1
6575,31.9966,32.0078,4096,235.8750,4,47.9268,2593,1
6576,31.9966,32.0078,4096,235.8750,4,47.9268,2593,1
6577,31.9966,32.0078,4096,235.8750,4,47.9268,2594,1
6578,31.9966,32.0078,4096,235.8750,4,47.9268,2594,1
6579,31.9966,32.0078,4096,235.8750,4,47.9268,2594,1
6580,31.9966,32.0078,4096,235.8750,4,47.9268,2594,1
6581,31.9966,32.0078,4096,235.8750,4,47.9268,2594,1
6582,31.9966,32.0078,4096,235.8750,4,47.9268,2594,1
6583,31.9966,32.0078,4096,235.8750,4,47.9268,2594,1
6584,31.9966,32.0078,4096,235.8750,4,47.9268,2595,1
6585,31.9966,32.0078,4096,235.8750,4,47.9268,2596,1
6586,31.9966,32.0078,4096,235.8750,4,47.9268,2597,1
6587,31.9966,32.0078,4096,235.8750,4,47.9268,2598,1
6588,31.9966,32.0078,4096,235.8750,4,47.9268,2599,1
6589,31.9966,32.0078,4096,235.8750,4,47.9268,2599,1
6590,31.9966,32.0078,4096,235.8750,4,47.9268,2599,1
6591,31.9966,32.0078,4096,235.8750,4,47.9268,2599,1
6592,31.9966,32.0078,4096,235.8750,4,47.9268,2599,1
6593,31.9966,32.0078,4096,235.8750,4,47.9268,2600,1
6594,31.9966,32.0078,4096,235.8750,4,47.9268,2600,1
6595,31.9966,32.0078,4096,235.8750,4,47.9268,2600,1
6596,31.9966,32.0078,4096,235.8750,4,47.9268,2600,1
6597,31.9966,32.0078,4096,235.8750,4,47.9268,2601,1
6598,31.9966,32.0078,4096,235.8750,4,47.9268,2602,1
6599,31.9966,32.0078,4096,235.8750,4,47.9268,2603,1
6600,31.9966,32.0078,4096,235.8750,4,47.9268,2604,1
6601,31.9966,32.0078,4096,235.8750,4,47.9268,2604,1
6602,31.9966,32.0078,4096,235.8750,4,47.9268,2604,1
6603,31.9966,32.0078,4096,235.8750,4,47.9268,2605,1
6604,31.9966,32.0078,4096,235.8750,4,47.9268,2605,1
6605,31.9966,32.0078,4096,235.8750,4,47.9268,2605,1
6606,31.9966,32.0078,4096,235.8750,4,47.9268,2606,1
6607,31.9966,32.0078,4096,235.8750,4,47.9268,2607,1
6608,31.9966,32.0078,4096,235.8750,4,47.9268,2607,1
6609,31.9966,32.0078,4096,235.8750,4,47.9268,2607,1
6610,31.9966,32.0078,4096,235.8750,4,47.9268,2608,1
6611,31.9966,32.0078,4096,235.8750,4,47.9268,2608,1
6612,31.9966,32.0078,4096,235.8750,4,47.9268,2609,1
6613,31.9966,32.0078,4096,235.8750,4,47.9268,2609,1
6614,31.9966,32.0078,4096,235.8750,4,47.9268,2609,1
6615,31.9966,32.0078,4096,235.8750,4,47.9268,2609,1
6616,31.9966,32.0078,4096,235.8750,4,47.9268,2609,1
6617,31.9966,32.0078,4096,235.8750,4,47.9268,2610,1
6618,31.9966,32.0078,4096,235.8750,4,47.9268,2610,1
6619,31.9966,32.0078,4096,235.8750,4,47.9268,2611,1
6620,31.9966,32.0078,4096,235.8750,4,47.9268,2611,1
6621,31.9966,32.0078,4096,235.8750,4,47.9268,2611,1
6622,31.9966,32.0078,4096,235.8750,4,47.9268,2612,1
6623,31.9966,32.0078,4096,235.8750,4,47.9268,2613,1
6624,31.9966,32.0078,4096,235.8750,4,47.9268,2613,1
6625,31.9966,32.0078,4096,235.8750,4,47.9268,2613,1
6626,31.9966,32.0078,4096,235.8750,4,47.9268,2614,1
6627,31.9966,32.0078,4096,235.8750,4,47.9268,2614,1
6628,31.9966,32.0078,4096,235.8750,4,47.9268,2615,1
6629,31.9966,32.0078,4096,235.8750,4,47.9268,2616,1
6630,31.9966,32.0078,4096,235.8750,4,47.9268,2617,1
6631,31.9966,32.0078,4096,235.8750,4,47.9268,2617,1
6632,31.9966,32.0078,4096,235.8750,4,47.9268,2617,1
6633,31.9966,32.0078,4096,235.8750,4,47.9268,2617,1
6634,31.9966,32.0078,4096,235.8750,4,47.9268,2617,1
6635,31.9966,32.0078,4096,235.8750,4,47.9268,2617,1
6636,31.9966,32.0078,4096,235.8750,4,47.9268,2617,1
6637,31.9966,32.0078,4096,235.8750,4,47.9268,2617,1
6638,31.9966,32.0078,4096,235.8750,4,47.9268,2617,1
6639,31.9966,32.0078,4096,235.8750,4,47.9268,2617,1
6640,31.9966,32.0078,4096,235.8750,4,47.9268,2618,1
6641,31.9966,32.0078,4096,235.8750,4,47.9268,2618,1
6642,31.9966,32.0078,4096,235.8750,4,47.9268,2618,1
6643,31.9966,32.0078,4096,235.8750,4,47.9268,2619,1
6644,31.9966,32.0078,4096,235.8750,4,47.9268,2619,1
6645,31.9966,32.0078,4096,235.8750,4,47.9268,2619,1
6646,31.9966,32.0078,4096,235.8750,4,47.9268,2619,1
6647,31.9966,32.0078,4096,235.8750,4,47.9268,2619,1
6648,31.9966,32.0078,4096,235.8750,4,47.9268,2619,1
6649,31.9966,32.0078,4096,235.8750,4,47.9268,2620,1
6650,31.9966,32.0078,4096,235.8750,4,47.9268,2620,1
6651,31.9966,32.0078,4096,235.8750,4,47.9268,2620,1
6652,31.9966,32.0078,4096,235.8750,4,47.9268,2620,1
6653,31.9966,32.0078,4096,235.8750,4,47.9268,2620,1
6654,31.9966,32.0078,4096,235.8750,4,47.9268,2620,1
6655,31.9966,32.0078,4096,235.8750,4,47.9268,2620,1
6656,31.9966,32.0078,4096,235.8750,4,47.9268,2620,1
6657,31.9966,32.0078,4096,235.8750,4,47.9268,2621,1
6658,31.9966,32.0078,4096,235.8750,4,47.9268,2622,1
6659,31.9966,32.0078,4096,235.8750,4,47.9268,2622,1
6660,31.9966,32.0078,4096,235.8750,4,47.9268,2622,1
6661,31.9966,32.0078,4096,235.8750,4,47.9268,2622,1
6662,31.9966,32.0078,4096,235.8750,4,47.9268,2622,1
6663,31.9966,32.0078,4096,235.8750,4,47.9268,2623,1
6664,31.9966,32.0078,4096,235.8750,4,47.9268,2623,1
6665,31.9966,32.0078,4096,235.8750,4,47.9268,2624,1
6666,31.9966,32.0078,4096,235.8750,4,47.9268,2624,1
6667,31.9966,32.0078,4096,235.8750,4,47.9268,2624,1
6668,31.9966,32.0078,4096,235.8750,4,47.9268,2624,1
6669,31.9966,32.0078,4096,235.8750,4,47.9268,2625,1
6670,31.9966,32.0078,4096,235.8750,4,47.9268,2625,1
6671,31.9966,32.0078,4096,235.8750,4,47.9268,2626,1
6672,31.9966,32.0078,4096,235.8750,4,47.9268,2627,1
6673,31.9966,32.0078,4096,235.8750,4,47.9268,2627,1
6674,31.9966,32.0078,4096,235.8750,4,47.9268,2627,1
6675,31.9966,32.0078,4096,235.8750,4,47.9268,2627,1
6676,31.9966,32.0078,4096,235.8750,4,47.9268,2627,1
6677,31.9966,32.0078,4096,235.8750,4,47.9268,2627,1
6678,31.9966,32.0078,4096,235.8750,4,47.9268,2627,1
6679,31.9966,32.0078,4096,235.8750,4,47.9268,2628,1
6680,31.9966,32.0078,4096,235.8750,4,47.9268,2628,1
6681,31.9966,32.0078,4096,235.8750,4,47.9268,2628,1
6682,31.9966,32.0078,4096,235.8750,4,47.9268,2629,1
6683,31.9966,32.0078,4096,235.8750,4,47.9268,2630,1
6684,31.9966,32.0078,4096,235.8750,4,47.9268,2631,1
6685,31.9966,32.0078,4096,235.8750,4,47.9268,2632,1
6686,31.9966,32.0078,4096,235.8750,4,47.9268,2632,1
6687,31.9966,32.0078,4096,235.8750,4,47.9268,2632,1
6688,31.9966,32.0078,4096,235.8750,4,47.9268,2632,1
6689,31.9966,32.0078,4096,235.8750,4,47.9268,2632,1
6690,31.9966,32.0078,4096,235.8750,4,47.9268,2632,1
6691,31.9966,32.0078,4096,235.8750,4,47.9268,2632,1
6692,31.9966,32.0078,4096,235.8750,4,47.9268,2632,1
6693,31.9966,32.0078,4096,235.8750,4,47.9268,2632,1
6694,31.9966,32.0078,4096,235.8750,4,47.9268,2633,1
6695,31.9966,32.0078,4096,235.8750,4,47.9268,2634,1
6696,31.9966,32.0078,4096,235.8750,4,47.9268,2634,1
6697,31.9966,32.0078,4096,235.8750,4,47.9268,2634,1
6698,31.9966,32.0078,4096,235.8750,4,47.9268,2634,1
6699,31.9966,32.0078,4096,235.8750,4,47.9268,2634,1
6700,31.9966,32.0078,4096,235.8750,4,47.9268,2634,1
6701,31.9966,32.0078,4096,235.8750,4,47.9268,2635,1
6702,31.9966,32.0078,4096,235.8750,4,47.9268,2635,1
6703,31.9966,32.0078,4096,235.8750,4,47.9268,2635,1
6704,31.9966,32.0078,4096,235.8750,4,47.9268,2635,1
6705,31.9966,32.0078,4096,235.8750,4,47.9268,2636,1
6706,31.9966,32.0078,4096,235.8750,4,47.9268,2636,1
6707,31.9966,32.0078,4096,235.8750,4,47.9268,2636,1
6708,31.9966,32.0078,4096,235.8750,4,47.9268,2637,1
6709,31.9966,32.0078,4096,235.8750,4,47.9268,2637,1
6710,31.9966,32.0078,4096,235.8750,4,47.9268,2638,1
6711,31.9966,32.0078,4096,235.8750,4,47.9268,2638,1
6712,31.9966,32.0078,4096,235.8750,4,47.9268,2638,1
6713,31.9966,32.0078,4096,235.8750,4,47.9268,2638,1
6714,31.9966,32.0078,4096,235.8750,4,47.9268,2638,1
6715,31.9966,32.0078,4096,235.8750,4,47.9268,2638,1
6716,31.9966,32.0078,4096,235.8750,4,47.9268,2638,1
6717,31.9966,32.0078,4096,235.8750,4,47.9268,2639,1
6718,31.9966,32.0078,4096,235.8750,4,47.9268,2640,1
6719,31.9966,32.0078,4096,235.8750,4,47.9268,2640,1
6720,31.9966,32.0078,4096,235.8750,4,47.9268,2641,1
6721,31.9966,32.0078,4096,235.8750,4,47.9268,2641,1
6722,31.9966,32.0078,4096,235.8750,4,47.9268,2641,1
6723,31.9966,32.0078,4096,235.8750,4,47.9268,2642,1
6724,31.9966,32.0078,4096,235.8750,4,47.9268,2643,1
6725,31.9966,32.0078,4096,235.8750,4,47.9268,2643,1
6726,31.9966,32.0078,4096,235.8750,4,47.9268,2643,1
6727,31.9966,32.0078,4096,235.8750,4,47.9268,2644,1
6728,31.9966,32.0078,4096,235.8750,4,47.9268,2644,1
6729,31.9966,32.0078,4096,235.8750,4,47.9268,2644,1
6730,31.9966,32.0078,4096,235.8750,4,47.9268,2644,1
6731,31.9966,32.0078,4096,235.8750,4,47.9268,2644,1
6732,31.9966,32.0078,4096,235.8750,4,47.9268,2644,1
6733,31.9966,32.0078,4096,235.8750,4,47.9268,2645,1
6734,31.9966,32.0078,4096,235.8750,4,47.9268,2646,1
6735,31.9966,32.0078,4096,235.8750,4,47.9268,2646,1
6736,31.9966,32.0078,4096,235.8750,4,47.9268,2646,1
6737,31.9966,32.0078,4096,235.8750,4,47.9268,2646,1
6738,31.9966,32.0078,4096,235.8750,4,47.9268,2647,1
6739,31.9966,32.0078,4096,235.8750,4,47.9268,2648,1
6740,31.9966,32.0078,4096,235.8750,4,47.9268,2649,1
6741,31.9966,32.0078,4096,235.8750,4,47.9268,2649,1
6742,31.9966,32.0078,4096,235.8750,4,47.9268,2650,1
6743,31.9966,32.0078,4096,235.8750,4,47.9268,2650,1
6744,31.9966,32.0078,4096,235.8750,4,47.9268,2650,1
6745,31.9966,32.0078,4096,235.8750,4,47.9268,2650,1
6746,31.9966,32.0078,4096,235.8750,4,47.9268,2651,1
6747,31.9966,32.0078,4096,235.8750,4,47.9268,2651,1
6748,31.9966,32.0078,4096,235.8750,4,47.9268,2651,1
6749,31.9966,32.0078,4096,235.8750,4,47.9268,2651,1
6750,31.9966,32.0078,4096,235.8750,4,47.9268,2651,1
6751,31.9966,32.0078,4096,235.8750,4,47.9268,2651,1
6752,31.9966,32.0078,4096,235.8750,4,47.9268,2652,1
6753,31.9966,32.0078,4096,235.8750,4,47.9268,2652,1
6754,31.9966,32.0078,4096,235.8750,4,47.9268,2653,1
6755,31.9966,32.0078,4096,235.8750,4,47.9268,2653,1
6756,31.9966,32.0078,4096,235.8750,4,47.9268,2653,1
6757,31.9966,32.0078,4096,235.8750,4,47.9268,2653,1
6758,31.9966,32.0078,4096,235.8750,4,47.9268,2653,1
6759,31.9966,32.0078,4096,235.8750,4,47.9268,2653,1
6760,31.9966,32.0078,4096,235.8750,4,47.9268,2653,1
6761,31.9966,32.0078,4096,235.8750,4,47.9268,2653,1
6762,31.9966,32.0078,4096,235.8750,4,47.9268,2653,1
6763,31.9966,32.0078,4096,235.8750,4,47.9268,2654,1
6764,31.9966,32.0078,4096,235.8750,4,47.9268,2654,1
6765,31.9966,32.0078,4096,235.8750,4,47.9268,2654,1
6766,31.9966,32.0078,4096,235.8750,4,47.9268,2654,1
6767,31.9966,32.0078,4096,235.8750,4,47.9268,2654,1
6768,31.9966,32.0078,4096,235.8750,4,47.9268,2654,1
6769,31.9966,32.0078,4096,235.8750,4,47.9268,2654,1
6770,31.9966,32.0078,4096,235.8750,4,47.9268,2655,1
6771,31.9966,32.0078,4096,235.8750,4,47.9268,2656,1
6772,31.9966,32.0078,4096,235.8750,4,47.9268,2656,1
6773,31.9966,32.0078,4096,235.8750,4,47.9268,2657,1
6774,31.9966,32.0078,4096,235.8750,4,47.9268,2657,1
6775,31.9966,32.0078,4096,235.8750,4,47.9268,2658,1
6776,31.9966,32.0078,4096,235.8750,4,47.9268,2658,1
6777,31.9966,32.0078,4096,235.8750,4,47.9268,2658,1
6778,31.9966,32.0078,4096,235.8750,4,47.9268,2658,1
6779,31.9966,32.0078,4096,235.8750,4,47.9268,2659,1
6780,31.9966,32.0078,4096,235.8750,4,47.9268,2659,1
6781,31.9966,32.0078,4096,235.8750,4,47.9268,2659,1
6782,31.9966,32.0078,4096,235.8750,4,47.9268,2659,1
6783,31.9966,32.0078,4096,235.8750,4,47.9268,2659,1
6784,31.9966,32.0078,4096,235.8750,4,47.9268,2659,1
6785,31.9966,32.0078,4096,235.8750,4,47.9268,2659,1
6786,31.9966,32.0078,4096,235.8750,4,47.9268,2659,1
6787,31.9966,32.0078,4096,235.8750,4,47.9268,2660,1
6788,31.9966,32.0078,4096,235.8750,4,47.9268,2660,1
6789,31.9966,32.0078,4096,235.8750,4,47.9268,2660,1
6790,31.9966,32.0078,4096,235.8750,4,47.9268,2660,1
6791,31.9966,32.0078,4096,235.8750,4,47.9268,2660,1
6792,31.9966,32.0078,4096,235.8750,4,47.9268,2660,1
6793,31.9966,32.0078,4096,235.8750,4,47.9268,2660,1
6794,31.9966,32.0078,4096,235.8750,4,47.9268,2660,1
6795,31.9966,32.0078,4096,235.8750,4,47.9268,2661,1
6796,31.9966,32.0078,4096,235.8750,4,47.9268,2661,1
6797,31.9966,32.0078,4096,235.8750,4,47.9268,2661,1
6798,31.9966,32.0078,4096,235.8750,4,47.9268,2662,1
6799,31.9966,32.0078,4096,235.8750,4,47.9268,2662,1
6800,31.9966,32.0078,4096,235.8750,4,47.9268,2662,1
6801,31.9966,32.0078,4096,235.8750,4,47.9268,2662,1
6802,31.9966,32.0078,4096,235.8750,4,47.9268,2662,1
6803,31.9966,32.0078,4096,235.8750,4,47.9268,2662,1
6804,31.9966,32.0078,4096,235.8750,4,47.9268,2662,1
6805,31.9966,32.0078,4096,235.8750,4,47.9268,2662,1
6806,31.9966,32.0078,4096,235.8750,4,47.9268,2662,1
6807,31.9966,32.0078,4096,235.8750,4,47.9268,2662,1
6808,31.9966,32.0078,4096,235.8750,4,47.9268,2662,1
6809,31.9966,32.0078,4096,235.8750,4,47.9268,2662,1
6810,31.9966,32.0078,4096,235.8750,4,47.9268,2662,1
6811,31.9966,32.0078,4096,235.8750,4,47.9268,2662,1
6812,31.9966,32.0078,4096,235.8750,4,47.9268,2662,1
6813,31.9966,32.0078,4096,235.8750,4,47.9268,2662,1
6814,31.9966,32.0078,4096,235.8750,4,47.9268,2662,1
6815,31.9966,32.0078,4096,235.8750,4,47.9268,2663,1
6816,31.9966,32.0078,4096,235.8750,4,47.9268,2663,1
6817,31.9966,32.0078,4096,235.8750,4,47.9268,2663,1
6818,31.9966,32.0078,4096,235.8750,4,47.9268,2663,1
6819,31.9966,32.0078,4096,235.8750,4,47.9268,2663,1
6820,31.9966,32.0078,4096,235.8750,4,47.9268,2663,1
6821,31.9966,32.0078,4096,235.8750,4,47.9268,2663,1
6822,31.9966,32.0078,4096,235.8750,4,47.9268,2663,1
6823,31.9966,32.0078,4096,235.8750,4,47.9268,2663,1
6824,31.9966,32.0078,4096,235.8750,4,47.9268,2663,1
6825,31.9966,32.0078,4096,235.8750,4,47.9268,2664,1
6826,31.9966,32.0078,4096,235.8750,4,47.9268,2664,1
6827,31.9966,32.0078,4096,235.8750,4,47.9268,2665,1
6828,31.9966,32.0078,4096,235.8750,4,47.9268,2666,1
6829,31.9966,32.0078,4096,235.8750,4,47.9268,2666,1
6830,31.9966,32.0078,4096,235.8750,4,47.9268,2666,1
6831,31.9966,32.0078,4096,235.8750,4,47.9268,2666,1
6832,31.9966,32.0078,4096,235.8750,4,47.9268,2667,1
6833,31.9966,32.0078,4096,235.8750,4,47.9268,2667,1
6834,31.9966,32.0078,4096,235.8750,4,47.9268,2667,1
6835,31.9966,32.0078,4096,235.8750,4,47.9268,2667,1
6836,31.9966,32.0078,4096,235.8750,4,47.9268,2668,1
6837,31.9966,32.0078,4096,235.8750,4,47.9268,2668,1
6838,31.9966,32.0078,4096,235.8750,4,47.9268,2668,1
6839,31.9966,32.0078,4096,235.8750,4,47.9268,2668,1
6840,31.9966,32.0078,4096,235.8750,4,47.9268,2668,1
6841,31.9966,32.0078,4096,235.8750,4,47.9268,2668,1
6842,31.9966,32.0078,4096,235.8750,4,47.9268,2668,1
6843,31.9966,32.0078,4096,235.8750,4,47.9268,2668,1
6844,31.9966,32.0078,4096,235.8750,4,47.9268,2668,1
6845,31.9966,32.0078,4096,235.8750,4,47.9268,2668,1
6846,31.9966,32.0078,4096,235.8750,4,47.9268,2668,1
6847,31.9966,32.0078,4096,235.8750,4,47.9268,2668,1
6848,31.9966,32.0078,4096,235.8750,4,47.9268,2669,1
6849,31.9966,32.0078,4096,235.8750,4,47.9268,2670,1
6850,31.9966,32.0078,4096,235.8750,4,47.9268,2670,1
6851,31.9966,32.0078,4096,235.8750,4,47.9268,2671,1
6852,31.9966,32.0078,4096,235.8750,4,47.9268,2672,1
6853,31.9966,32.0078,4096,235.8750,4,47.9268,2672,1
6854,31.9966,32.0078,4096,235.8750,4,47.9268,2673,1
6855,31.9966,32.0078,4096,235.8750,4,47.9268,2674,1
6856,31.9966,32.0078,4096,235.8750,4,47.9268,2675,1
6857,31.9966,32.0078,4096,235.8750,4,47.9268,2675,1
6858,31.9966,32.0078,4096,235.8750,4,47.9268,2676,1
6859,31.9966,32.0078,4096,235.8750,4,47.9268,2676,1
6860,31.9966,32.0078,4096,235.8750,4,47.9268,2677,1
6861,31.9966,32.0078,4096,235.8750,4,47.9268,2677,1
6862,31.9966,32.0078,4096,235.8750,4,47.9268,2677,1
6863,31.9966,32.0078,4096,235.8750,4,47.9268,2678,1
6864,31.9966,32.0078,4096,235.8750,4,47.9268,2678,1
6865,31.9966,32.0078,4096,235.8750,4,47.9268,2679,1
6866,31.9966,32.0078,4096,235.8750,4,47.9268,2680,1
6867,31.9966,32.0078,4096,235.8750,4,47.9268,2681,1
6868,31.9966,32.0078,4096,235.8750,4,47.9268,2681,1
6869,31.9966,32.0078,4096,235.8750,4,47.9268,2681,1
6870,31.9966,32.0078,4096,235.8750,4,47.9268,2681,1
6871,31.9966,32.0078,4096,235.8750,4,47.9268,2681,1
6872,31.9966,32.0078,4096,235.8750,4,47.9268,2681,1
6873,31.9966,32.0078,4096,235.8750,4,47.9268,2682,1
6874,31.9966,32.0078,4096,235.8750,4,47.9268,2682,1
6875,31.9966,32.0078,4096,235.8750,4,47.9268,2683,1
6876,31.9966,32.0078,4096,235.8750,4,47.9268,2684,1
6877,31.9966,32.0078,4096,235.8750,4,47.9268,2684,1
6878,31.9966,32.0078,4096,235.8750,4,47.9268,2684,1
6879,31.9966,32.0078,4096,235.8750,4,47.9268,2685,1
6880,31.9966,32.0078,4096,235.8750,4,47.9268,2685,1
6881,31.9966,32.0078,4096,235.8750,4,47.9268,2686,1
6882,31.9966,32.0078,4096,235.8750,4,47.9268,2686,1
6883,31.9966,32.0078,4096,235.8750,4,47.9268,2687,1
6884,31.9966,32.0078,4096,235.8750,4,47.9268,2688,1
6885,31.9966,32.0078,4096,235.8750,4,47.9268,2689,1
6886,31.9966,32.0078,4096,235.8750,4,47.9268,2689,1
6887,31.9966,32.0078,4096,235.8750,4,47.9268,2689,1
6888,31.9966,32.0078,4096,235.8750,4,47.9268,2689,1
6889,31.9966,32.0078,4096,235.8750,4,47.9268,2689,1
6890,31.9966,32.0078,4096,235.8750,4,47.9268,2689,1
6891,31.9966,32.0078,4096,235.8750,4,47.9268,2689,1
6892,31.9966,32.0078,4096,235.8750,4,47.9268,2690,1
6893,31.9966,32.0078,4096,235.8750,4,47.9268,2690,1
6894,31.9966,32.0078,4096,235.8750,4,47.9268,2690,1
6895,31.9966,32.0078,4096,235.8750,4,47.9268,2690,1
6896,31.9966,32.0078,4096,235.8750,4,47.9268,2690,1
6897,31.9966,32.0078,4096,235.8750,4,47.9268,2691,1
6898,31.9966,32.0078,4096,235.8750,4,47.9268,2691,1
6899,31.9966,32.0078,4096,235.8750,4,47.9268,2691,1
6900,31.9966,32.0078,4096,235.8750,4,47.9268,2692,1
6901,31.9966,32.0078,4096,235.8750,4,47.9268,2692,1
6902,31.9966,32.0078,4096,235.8750,4,47.9268,2692,1
6903,31.9966,32.0078,4096,235.8750,4,47.9268,2693,1
6904,31.9966,32.0078,4096,235.8750,4,47.9268,2693,1
6905,31.9966,32.0078,4096,235.8750,4,47.9268,2693,1
6906,31.9966,32.0078,4096,235.8750,4,47.9268,2693,1
6907,31.9966,32.0078,4096,235.8750,4,47.9268,2693,1
6908,31.9966,32.0078,4096,235.8750,4,47.9268,2693,1
6909,31.9966,32.0078,4096,235.8750,4,47.9268,2693,1
6910,31.9966,32.0078,4096,235.8750,4,47.9268,2693,1
6911,31.9966,32.0078,4096,235.8750,4,47.9268,2693,1
6912,31.9966,32.0078,4096,235.8750,4,47.9268,2693,1
6913,31.9966,32.0078,4096,235.8750,4,47.9268,2693,1
6914,31.9966,32.0078,4096,235.8750,4,47.9268,2693,1
6915,31.9966,32.0078,4096,235.8750,4,47.9268,2694,1
6916,31.9966,32.0078,4096,235.8750,4,47.9268,2694,1
6917,31.9966,32.0078,4096,235.8750,4,47.9268,2695,1
6918,31.9966,32.0078,4096,235.8750,4,47.9268,2695,1
6919,31.9966,32.0078,4096,235.8750,4,47.9268,2695,1
6920,31.9966,32.0078,4096,235.8750,4,47.9268,2695,1
6921,31.9966,32.0078,4096,235.8750,4,47.9268,2695,1
6922,31.9966,32.0078,4096,235.8750,4,47.9268,2695,1
6923,31.9966,32.0078,4096,235.8750,4,47.9268,2695,1
6924,31.9966,32.0078,4096,235.8750,4,47.9268,2695,1
6925,31.9966,32.0078,4096,235.8750,4,47.9268,2695,1
6926,31.9966,32.0078,4096,235.8750,4,47.9268,2695,1
6927,31.9966,32.0078,4096,235.8750,4,47.9268,2695,1
6928,31.9966,32.0078,4096,235.8750,4,47.9268,2695,1
6929,31.9966,32.0078,4096,235.8750,4,47.9268,2695,1
6930,31.9966,32.0078,4096,235.8750,4,47.9268,2695,1
6931,31.9966,32.0078,4096,235.8750,4,47.9268,2696,1
6932,31.9966,32.0078,4096,235.8750,4,47.9268,2696,1
6933,31.9966,32.0078,4096,235.8750,4,47.9268,2696,1
6934,31.9966,32.0078,4096,235.8750,4,47.9268,2696,1
6935,31.9966,32.0078,4096,235.8750,4,47.9268,2696,1
6936,31.9966,32.0078,4096,235.8750,4,47.9268,2696,1
6937,31.9966,32.0078,4096,235.8750,4,47.9268,2697,1
6938,31.9966,32.0078,4096,235.8750,4,47.9268,2697,1
6939,31.9966,32.0078,4096,235.8750,4,47.9268,2697,1
6940,31.9966,32.0078,4096,235.8750,4,47.9268,2697,1
6941,31.9966,32.0078,4096,235.8750,4,47.9268,2697,1
6942,31.9966,32.0078,4096,235.8750,4,47.9268,2697,1
6943,31.9966,32.0078,4096,235.8750,4,47.9268,2698,1
6944,31.9966,32.0078,4096,235.8750,4,47.9268,2698,1
6945,31.9966,32.0078,4096,235.8750,4,47.9268,2699,1
6946,31.9966,32.0078,4096,235.8750,4,47.9268,2699,1
6947,31.9966,32.0078,4096,235.8750,4,47.9268,2700,1
6948,31.9966,32.0078,4096,235.8750,4,47.9268,2701,1
6949,31.9966,32.0078,4096,235.8750,4,47.9268,2701,1
6950,31.9966,32.0078,4096,235.8750,4,47.9268,2701,1
6951,31.9966,32.0078,4096,235.8750,4,47.9268,2701,1
6952,31.9966,32.0078,4096,235.8750,4,47.9268,2701,1
6953,31.9966,32.0078,4096,235.8750,4,47.9268,2701,1
6954,31.9966,32.0078,4096,235.8750,4,47.9268,2701,1
6955,31.9966,32.0078,4096,235.8750,4,47.9268,2701,1
6956,31.9966,32.0078,4096,235.8750,4,47.9268,2701,1
6957,31.9966,32.0078,4096,235.8750,4,47.9268,2701,1
6958,31.9966,32.0078,4096,235.8750,4,47.9268,2701,1
6959,31.9966,32.0078,4096,235.8750,4,47.9268,2701,1
6960,31.9966,32.0078,4096,235.8750,4,47.9268,2701,1
6961,31.9966,32.0078,4096,235.8750,4,47.9268,2701,1
6962,31.9966,32.0078,4096,235.8750,4,47.9268,2701,1
6963,31.9966,32.0078,4096,235.8750,4,47.9268,2702,1
6964,31.9966,32.0078,4096,235.8750,4,47.9268,2702,1
6965,31.9966,32.0078,4096,235.8750,4,47.9268,2702,1
6966,31.9966,32.0078,4096,235.8750,4,47.9268,2702,1
6967,31.9966,32.0078,4096,235.8750,4,47.9268,2702,1
6968,31.9966,32.0078,4096,235.8750,4,47.9268,2703,1
6969,31.9966,32.0078,4096,235.8750,4,47.9268,2703,1
6970,31.9966,32.0078,4096,235.8750,4,47.9268,2703,1
6971,31.9966,32.0078,4096,235.8750,4,47.9268,2704,1
6972,31.9966,32.0078,4096,235.8750,4,47.9268,2705,1
6973,31.9966,32.0078,4096,235.8750,4,47.9268,2705,1
6974,31.9966,32.0078,4096,235.8750,4,47.9268,2706,1
6975,31.9966,32.0078,4096,235.8750,4,47.9268,2706,1
6976,31.9966,32.0078,4096,235.8750,4,47.9268,2706,1
6977,31.9966,32.0078,4096,235.8750,4,47.9268,2706,1
6978,31.9966,32.0078,4096,235.8750,4,47.9268,2706,1
6979,31.9966,32.0078,4096,235.8750,4,47.9268,2706,1
6980,31.9966,32.0078,4096,235.8750,4,47.9268,2707,1
6981,31.9966,32.0078,4096,235.8750,4,47.9268,2708,1
6982,31.9966,32.0078,4096,235.8750,4,47.9268,2708,1
6983,31.9966,32.0078,4096,235.8750,4,47.9268,2708,1
6984,31.9966,32.0078,4096,235.8750,4,47.9268,2708,1
6985,31.9966,32.0078,4096,235.8750,4,47.9268,2708,1
6986,31.9966,32.0078,4096,235.8750,4,47.9268,2708,1
6987,31.9966,32.0078,4096,235.8750,4,47.9268,2708,1
6988,31.9966,32.0078,4096,235.8750,4,47.9268,2708,1
6989,31.9966,32.0078,4096,235.8750,4,47.9268,2708,1
6990,31.9966,32.0078,4096,235.8750,4,47.9268,2708,1
6991,31.9966,32.0078,4096,235.8750,4,47.9268,2709,1
6992,31.9966,32.0078,4096,235.8750,4,47.9268,2709,1
6993,31.9966,32.0078,4096,235.8750,4,47.9268,2709,1
6994,31.9966,32.0078,4096,235.8750,4,47.9268,2709,1
6995,31.9966,32.0078,4096,235.8750,4,47.9268,2709,1
6996,31.9966,32.0078,4096,235.8750,4,47.9268,2709,1
6997,31.9966,32.0078,4096,235.8750,4,47.9268,2710,1
6998,31.9966,32.0078,4096,235.8750,4,47.9268,2710,1
6999,31.9966,32.0078,4096,235.8750,4,47.9268,2710,1
7000,31.9966,32.0078,4096,235.8750,4,47.9268,2710,1
7001,31.9966,32.0078,4096,235.8750,4,47.9268,2710,1
7002,31.9966,32.0078,4096,235.8750,4,47.9268,2710,1
7003,31.9966,32.0078,4096,235.8750,4,47.9268,2710,1
7004,31.9966,32.0078,4096,235.8750,4,47.9268,2710,1
7005,31.9966,32.0078,4096,235.8750,4,47.9268,2711,1
7006,31.9966,32.0078,4096,235.8750,4,47.9268,2712,1
7007,31.9966,32.0078,4096,235.8750,4,47.9268,2712,1
7008,31.9966,32.0078,4096,235.8750,4,47.9268,2712,1
7009,31.9966,32.0078,4096,235.8750,4,47.9268,2712,1
7010,31.9966,32.0078,4096,235.8750,4,47.9268,2712,1
7011,31.9966,32.0078,4096,235.8750,4,47.9268,2712,1
7012,31.9966,32.0078,4096,235.8750,4,47.9268,2712,1
7013,31.9966,32.0078,4096,235.8750,4,47.9268,2712,1
7014,31.9966,32.0078,4096,235.8750,4,47.9268,2712,1
7015,31.9966,32.0078,4096,235.8750,4,47.9268,2712,1
7016,31.9966,32.0078,4096,235.8750,4,47.9268,2712,1
7017,31.9966,32.0078,4096,235.8750,4,47.9268,2713,1
7018,31.9966,32.0078,4096,235.8750,4,47.9268,2713,1
7019,31.9966,32.0078,4096,235.8750,4,47.9268,2714,1
7020,31.9966,32.0078,4096,235.8750,4,47.9268,2714,1
7021,31.9966,32.0078,4096,235.8750,4,47.9268,2714,1
7022,31.9966,32.0078,4096,235.8750,4,47.9268,2715,1
7023,31.9966,32.0078,4096,235.8750,4,47.9268,2716,1
7024,31.9966,32.0078,4096,235.8750,4,47.9268,2717,1
7025,31.9966,32.0078,4096,235.8750,4,47.9268,2718,1
7026,31.9966,32.0078,4096,235.8750,4,47.9268,2718,1
7027,31.9966,32.0078,4096,235.8750,4,47.9268,2718,1
7028,31.9966,32.0078,4096,235.8750,4,47.9268,2718,1
7029,31.9966,32.0078,4096,235.8750,4,47.9268,2719,1
7030,31.9966,32.0078,4096,235.8750,4,47.9268,2720,1
7031,31.9966,32.0078,4096,235.8750,4,47.9268,2720,1
7032,31.9966,32.0078,4096,235.8750,4,47.9268,2720,1
7033,31.9966,32.0078,4096,235.8750,4,47.9268,2720,1
7034,31.9966,32.0078,4096,235.8750,4,47.9268,2720,1
7035,31.9966,32.0078,4096,235.8750,4,47.9268,2721,1
7036,31.9966,32.0078,4096,235.8750,4,47.9268,2721,1
7037,31.9966,32.0078,4096,235.8750,4,47.9268,2721,1
7038,31.9966,32.0078,4096,235.8750,4,47.9268,2721,1
7039,31.9966,32.0078,4096,235.8750,4,47.9268,2721,1
7040,31.9966,32.0078,4096,235.8750,4,47.9268,2721,1
7041,31.9966,32.0078,4096,235.8750,4,47.9268,2722,1
7042,31.9966,32.0078,4096,235.8750,4,47.9268,2722,1
7043,31.9966,32.0078,4096,235.8750,4,47.9268,2722,1
7044,31.9966,32.0078,4096,235.8750,4,47.9268,2722,1
7045,31.9966,32.0078,4096,235.8750,4,47.9268,2723,1
7046,31.9966,32.0078,4096,235.8750,4,47.9268,2723,1
7047,31.9966,32.0078,4096,235.8750,4,47.9268,2723,1
7048,31.9966,32.0078,4096,235.8750,4,47.9268,2723,1
7049,31.9966,32.0078,4096,235.8750,4,47.9268,2724,1
7050,31.9966,32.0078,4096,235.8750,4,47.9268,2725,1
7051,31.9966,32.0078,4096,235.8750,4,47.9268,2725,1
7052,31.9966,32.0078,4096,235.8750,4,47.9268,2725,1
7053,31.9966,32.0078,4096,235.8750,4,47.9268,2725,1
7054,31.9966,32.0078,4096,235.8750,4,47.9268,2725,1
7055,31.9966,32.0078,4096,235.8750,4,47.9268,2725,1
7056,31.9966,32.0078,4096,235.8750,4,47.9268,2725,1
7057,31.9966,32.0078,4096,235.8750,4,47.9268,2725,1
7058,31.9966,32.0078,4096,235.8750,4,47.9268,2725,1
7059,31.9966,32.0078,4096,235.8750,4,47.9268,2725,1
7060,31.9966,32.0078,4096,235.8750,4,47.9268,2725,1
7061,31.9966,32.0078,4096,235.8750,4,47.9268,2725,1
7062,31.9966,32.0078,4096,235.8750,4,47.9268,2725,1
7063,31.9966,32.0078,4096,235.8750,4,47.9268,2726,1
7064,31.9966,32.0078,4096,235.8750,4,47.9268,2727,1
7065,31.9966,32.0078,4096,235.8750,4,47.9268,2727,1
7066,31.9966,32.0078,4096,235.8750,4,47.9268,2727,1
7067,31.9966,32.0078,4096,235.8750,4,47.9268,2727,1
7068,31.9966,32.0078,4096,235.8750,4,47.9268,2727,1
7069,31.9966,32.0078,4096,235.8750,4,47.9268,2728,1
7070,31.9966,32.0078,4096,235.8750,4,47.9268,2729,1
7071,31.9966,32.0078,4096,235.8750,4,47.9268,2729,1
7072,31.9966,32.0078,4096,235.8750,4,47.9268,2729,1
7073,31.9966,32.0078,4096,235.8750,4,47.9268,2729,1
7074,31.9966,32.0078,4096,235.8750,4,47.9268,2729,1
7075,31.9966,32.0078,4096,235.8750,4,47.9268,2729,1
7076,31.9966,32.0078,4096,235.8750,4,47.9268,2730,1
7077,31.9966,32.0078,4096,235.8750,4,47.9268,2730,1
7078,31.9966,32.0078,4096,235.8750,4,47.9268,2730,1
7079,31.9966,32.0078,4096,235.8750,4,47.9268,2730,1
7080,31.9966,32.0078,4096,235.8750,4,47.9268,2731,1
7081,31.9966,32.0078,4096,235.8750,4,47.9268,2732,1
7082,31.9966,32.0078,4096,235.8750,4,47.9268,2732,1
7083,31.9966,32.0078,4096,235.8750,4,47.9268,2732,1
7084,31.9966,32.0078,4096,235.8750,4,47.9268,2732,1
7085,31.9966,32.0078,4096,235.8750,4,47.9268,2732,1
7086,31.9966,32.0078,4096,235.8750,4,47.9268,2733,1
7087,31.9966,32.0078,4096,235.8750,4,47.9268,2733,1
7088,31.9966,32.0078,4096,235.8750,4,47.9268,2733,1
7089,31.9966,32.0078,4096,235.8750,4,47.9268,2734,1
7090,31.9966,32.0078,4096,235.8750,4,47.9268,2734,1
7091,31.9966,32.0078,4096,235.8750,4,47.9268,2734,1
7092,31.9966,32.0078,4096,235.8750,4,47.9268,2734,1
7093,31.9966,32.0078,4096,235.8750,4,47.9268,2734,1
7094,31.9966,32.0078,4096,235.8750,4,47.9268,2734,1
7095,31.9966,32.0078,4096,235.8750,4,47.9268,2734,1
7096,31.9966,32.0078,4096,235.8750,4,47.9268,2735,1
7097,31.9966,32.0078,4096,235.8750,4,47.9268,2736,1
7098,31.9966,32.0078,4096,235.8750,4,47.9268,2736,1
7099,31.9966,32.0078,4096,235.8750,4,47.9268,2736,1
7100,31.9966,32.0078,4096,235.8750,4,47.9268,2736,1
7101,31.9966,32.0078,4096,235.8750,4,47.9268,2737,1
7102,31.9966,32.0078,4096,235.8750,4,47.9268,2737,1
7103,31.9966,32.0078,4096,235.8750,4,47.9268,2738,1
7104,31.9966,32.0078,4096,235.8750,4,47.9268,2738,1
7105,31.9966,32.0078,4096,235.8750,4,47.9268,2739,1
7106,31.9966,32.0078,4096,235.8750,4,47.9268,2740,1
7107,31.9966,32.0078,4096,235.8750,4,47.9268,2740,1
7108,31.9966,32.0078,4096,235.8750,4,47.9268,2740,1
7109,31.9966,32.0078,4096,235.8750,4,47.9268,2740,1
7110,31.9966,32.0078,4096,235.8750,4,47.9268,2740,1
7111,31.9966,32.0078,4096,235.8750,4,47.9268,2741,1
7112,31.9966,32.0078,4096,235.8750,4,47.9268,2741,1
7113,31.9966,32.0078,4096,235.8750,4,47.9268,2742,1
7114,31.9966,32.0078,4096,235.8750,4,47.9268,2742,1
7115,31.9966,32.0078,4096,235.8750,4,47.9268,2742,1
7116,31.9966,32.0078,4096,235.8750,4,47.9268,2742,1
7117,31.9966,32.0078,4096,235.8750,4,47.9268,2742,1
7118,31.9966,32.0078,4096,235.8750,4,47.9268,2742,1
7119,31.9966,32.0078,4096,235.8750,4,47.9268,2743,1
7120,31.9966,32.0078,4096,235.8750,4,47.9268,2744,1
7121,31.9966,32.0078,4096,235.8750,4,47.9268,2744,1
7122,31.9966,32.0078,4096,235.8750,4,47.9268,2744,1
7123,31.9966,32.0078,4096,235.8750,4,47.9268,2745,1
7124,31.9966,32.0078,4096,235.8750,4,47.9268,2745,1
7125,31.9966,32.0078,4096,235.8750,4,47.9268,2745,1
7126,31.9966,32.0078,4096,235.8750,4,47.9268,2745,1
7127,31.9966,32.0078,4096,235.8750,4,47.9268,2745,1
7128,31.9966,32.0078,4096,235.8750,4,47.9268,2746,1
7129,31.9966,32.0078,4096,235.8750,4,47.9268,2746,1
7130,31.9966,32.0078,4096,235.8750,4,47.9268,2747,1
7131,31.9966,32.0078,4096,235.8750,4,47.9268,2747,1
7132,31.9966,32.0078,4096,235.8750,4,47.9268,2747,1
7133,31.9966,32.0078,4096,235.8750,4,47.9268,2747,1
7134,31.9966,32.0078,4096,235.8750,4,47.9268,2748,1
7135,31.9966,32.0078,4096,235.8750,4,47.9268,2748,1
7136,31.9966,32.0078,4096,235.8750,4,47.9268,2748,1
7137,31.9966,32.0078,4096,235.8750,4,47.9268,2748,1
7138,31.9966,32.0078,4096,235.8750,4,47.9268,2748,1
7139,31.9966,32.0078,4096,235.8750,4,47.9268,2749,1
7140,31.9966,32.0078,4096,235.8750,4,47.9268,2749,1
7141,31.9966,32.0078,4096,235.8750,4,47.9268,2750,1
7142,31.9966,32.0078,4096,235.8750,4,47.9268,2750,1
7143,31.9966,32.0078,4096,235.8750,4,47.9268,2750,1
7144,31.9966,32.0078,4096,235.8750,4,47.9268,2751,1
7145,31.9966,32.0078,4096,235.8750,4,47.9268,2752,1
7146,31.9966,32.0078,4096,235.8750,4,47.9268,2753,1
7147,31.9966,32.0078,4096,235.8750,4,47.9268,2753,1
7148,31.9966,32.0078,4096,235.8750,4,47.9268,2753,1
7149,31.9966,32.0078,4096,235.8750,4,47.9268,2753,1
7150,31.9966,32.0078,4096,235.8750,4,47.9268,2753,1
7151,31.9966,32.0078,4096,235.8750,4,47.9268,2753,1
7152,31.9966,32.0078,4096,235.8750,4,47.9268,2753,1
7153,31.9966,32.0078,4096,235.8750,4,47.9268,2753,1
7154,31.9966,32.0078,4096,235.8750,4,47.9268,2754,1
7155,31.9966,32.0078,4096,235.8750,4,47.9268,2754,1
7156,31.9966,32.0078,4096,235.8750,4,47.9268,2755,1
7157,31.9966,32.0078,4096,235.8750,4,47.9268,2756,1
7158,31.9966,32.0078,4096,235.8750,4,47.9268,2756,1
7159,31.9966,32.0078,4096,235.8750,4,47.9268,2756,1
7160,31.9966,32.0078,4096,235.8750,4,47.9268,2756,1
7161,31.9966,32.0078,4096,235.8750,4,47.9268,2757,1
7162,31.9966,32.0078,4096,235.8750,4,47.9268,2757,1
7163,31.9966,32.0078,4096,235.8750,4,47.9268,2757,1
7164,31.9966,32.0078,4096,235.8750,4,47.9268,2758,1
7165,31.9966,32.0078,4096,235.8750,4,47.9268,2759,1
7166,31.9966,32.0078,4096,235.8750,4,47.9268,2759,1
7167,31.9966,32.0078,4096,235.8750,4,47.9268,2759,1
7168,31.9966,32.0078,4096,235.8750,4,47.9268,2759,1
7169,31.9966,32.0078,4096,235.8750,4,47.9268,2760,1
7170,31.9966,32.0078,4096,235.8750,4,47.9268,2760,1
7171,31.9966,32.0078,4096,235.8750,4,47.9268,2761,1
7172,31.9966,32.0078,4096,235.8750,4,47.9268,2762,1
7173,31.9966,32.0078,4096,235.8750,4,47.9268,2763,1
7174,31.9966,32.0078,4096,235.8750,4,47.9268,2764,1
7175,31.9966,32.0078,4096,235.8750,4,47.9268,2764,1
7176,31.9966,32.0078,4096,235.8750,4,47.9268,2765,1
7177,31.9966,32.0078,4096,235.8750,4,47.9268,2765,1
7178,31.9966,32.0078,4096,235.8750,4,47.9268,2765,1
7179,31.9966,32.0078,4096,235.8750,4,47.9268,2765,1
7180,31.9966,32.0078,4096,235.8750,4,47.9268,2766,1
7181,31.9966,32.0078,4096,235.8750,4,47.9268,2766,1
7182,31.9966,32.0078,4096,235.8750,4,47.9268,2766,1
7183,31.9966,32.0078,4096,235.8750,4,47.9268,2766,1
7184,31.9966,32.0078,4096,235.8750,4,47.9268,2767,1
7185,31.9966,32.0078,4096,235.8750,4,47.9268,2767,1
7186,31.9966,32.0078,4096,235.8750,4,47.9268,2767,1
7187,31.9966,32.0078,4096,235.8750,4,47.9268,2768,1
7188,31.9966,32.0078,4096,235.8750,4,47.9268,2769,1
7189,31.9966,32.0078,4096,235.8750,4,47.9268,2769,1
7190,31.9966,32.0078,4096,235.8750,4,47.9268,2769,1
7191,31.9966,32.0078,4096,235.8750,4,47.9268,2769,1
7192,31.9966,32.0078,4096,235.8750,4,47.9268,2769,1
7193,31.9966,32.0078,4096,235.8750,4,47.9268,2769,1
7194,31.9966,32.0078,4096,235.8750,4,47.9268,2769,1
7195,31.9966,32.0078,4096,235.8750,4,47.9268,2769,1
7196,31.9966,32.0078,4096,235.8750,4,47.9268,2770,1
7197,31.9966,32.0078,4096,235.8750,4,47.9268,2771,1
7198,31.9966,32.0078,4096,235.8750,4,47.9268,2771,1
7199,31.9966,32.0078,4096,235.8750,4,47.9268,2772,1
7200,31.9966,32.0078,4096,235.8750,4,47.9268,2773,1
7201,31.9966,32.0078,4096,235.8750,4,47.9268,2773,1
7202,31.9966,32.0078,4096,235.8750,4,47.9268,2773,1
7203,31.9966,32.0078,4096,235.8750,4,47.9268,2773,1
7204,31.9966,32.0078,4096,235.8750,4,47.9268,2773,1
7205,31.9966,32.0078,4096,235.8750,4,47.9268,2773,1
7206,31.9966,32.0078,4096,235.8750,4,47.9268,2773,1
7207,31.9966,32.0078,4096,235.8750,4,47.9268,2773,1
7208,31.9966,32.0078,4096,235.8750,4,47.9268,2774,1
7209,31.9966,32.0078,4096,235.8750,4,47.9268,2774,1
7210,31.9966,32.0078,4096,235.8750,4,47.9268,2775,1
7211,31.9966,32.0078,4096,235.8750,4,47.9268,2776,1
7212,31.9966,32.0078,4096,235.8750,4,47.9268,2776,1
7213,31.9966,32.0078,4096,235.8750,4,47.9268,2776,1
7214,31.9966,32.0078,4096,235.8750,4,47.9268,2776,1
7215,31.9966,32.0078,4096,235.8750,4,47.9268,2777,1
7216,31.9966,32.0078,4096,235.8750,4,47.9268,2777,1
7217,31.9966,32.0078,4096,235.8750,4,47.9268,2777,1
7218,31.9966,32.0078,4096,235.8750,4,47.9268,2777,1
7219,31.9966,32.0078,4096,235.8750,4,47.9268,2777,1
7220,31.9966,32.0078,4096,235.8750,4,47.9268,2777,1
7221,31.9966,32.0078,4096,235.8750,4,47.9268,2777,1
7222,31.9966,32.0078,4096,235.8750,4,47.9268,2777,1
7223,31.9966,32.0078,4096,235.8750,4,47.9268,2778,1
7224,31.9966,32.0078,4096,235.8750,4,47.9268,2778,1
7225,31.9966,32.0078,4096,235.8750,4,47.9268,2778,1
7226,31.9966,32.0078,4096,235.8750,4,47.9268,2778,1
7227,31.9966,32.0078,4096,235.8750,4,47.9268,2779,1
7228,31.9966,32.0078,4096,235.8750,4,47.9268,2779,1
7229,31.9966,32.0078,4096,235.8750,4,47.9268,2779,1
7230,31.9966,32.0078,4096,235.8750,4,47.9268,2780,1
7231,31.9966,32.0078,4096,235.8750,4,47.9268,2780,1
7232,31.9966,32.0078,4096,235.8750,4,47.9268,2781,1
7233,31.9966,32.0078,4096,235.8750,4,47.9268,2782,1
7234,31.9966,32.0078,4096,235.8750,4,47.9268,2782,1
7235,31.9966,32.0078,4096,235.8750,4,47.9268,2783,1
7236,31.9966,32.0078,4096,235.8750,4,47.9268,2783,1
7237,31.9966,32.0078,4096,235.8750,4,47.9268,2784,1
7238,31.9966,32.0078,4096,235.8750,4,47.9268,2784,1
7239,31.9966,32.0078,4096,235.8750,4,47.9268,2784,1
7240,31.9966,32.0078,4096,235.8750,4,47.9268,2784,1
7241,31.9966,32.0078,4096,235.8750,4,47.9268,2784,1
7242,31.9966,32.0078,4096,235.8750,4,47.9268,2784,1
7243,31.9966,32.0078,4096,235.8750,4,47.9268,2785,1
7244,31.9966,32.0078,4096,235.8750,4,47.9268,2785,1
7245,31.9966,32.0078,4096,235.8750,4,47.9268,2786,1
7246,31.9966,32.0078,4096,235.8750,4,47.9268,2787,1
7247,31.9966,32.0078,4096,235.8750,4,47.9268,2787,1
7248,31.9966,32.0078,4096,235.8750,4,47.9268,2787,1
7249,31.9966,32.0078,4096,235.8750,4,47.9268,2787,1
7250,31.9966,32.0078,4096,235.8750,4,47.9268,2787,1
7251,31.9966,32.0078,4096,235.8750,4,47.9268,2788,1
7252,31.9966,32.0078,4096,235.8750,4,47.9268,2789,1
7253,31.9966,32.0078,4096,235.8750,4,47.9268,2789,1
7254,31.9966,32.0078,4096,235.8750,4,47.9268,2789,1
7255,31.9966,32.0078,4096,235.8750,4,47.9268,2789,1
7256,31.9966,32.0078,4096,235.8750,4,47.9268,2790,1
7257,31.9966,32.0078,4096,235.8750,4,47.9268,2790,1
7258,31.9966,32.0078,4096,235.8750,4,47.9268,2790,1
7259,31.9966,32.0078,4096,235.8750,4,47.9268,2790,1
7260,31.9966,32.0078,4096,235.8750,4,47.9268,2790,1
7261,31.9966,32.0078,4096,235.8750,4,47.9268,2790,1
7262,31.9966,32.0078,4096,235.8750,4,47.9268,2790,1
7263,31.9966,32.0078,4096,235.8750,4,47.9268,2790,1
7264,31.9966,32.0078,4096,235.8750,4,47.9268,2790,1
7265,31.9966,32.0078,4096,235.8750,4,47.9268,2790,1
7266,31.9966,32.0078,4096,235.8750,4,47.9268,2790,1
7267,31.9966,32.0078,4096,235.8750,4,47.9268,2790,1
7268,31.9966,32.0078,4096,235.8750,4,47.9268,2790,1
7269,31.9966,32.0078,4096,235.8750,4,47.9268,2790,1
7270,31.9966,32.0078,4096,235.8750,4,47.9268,2791,1
7271,31.9966,32.0078,4096,235.8750,4,47.9268,2792,1
7272,31.9966,32.0078,4096,235.8750,4,47.9268,2793,1
7273,31.9966,32.0078,4096,235.8750,4,47.9268,2794,1
7274,31.9966,32.0078,4096,235.8750,4,47.9268,2795,1
7275,31.9966,32.0078,4096,235.8750,4,47.9268,2795,1
7276,31.9966,32.0078,4096,235.8750,4,47.9268,2795,1
7277,31.9966,32.0078,4096,235.8750,4,47.9268,2795,1
7278,31.9966,32.0078,4096,235.8750,4,47.9268,2796,1
7279,31.9966,32.0078,4096,235.8750,4,47.9268,2796,1
7280,31.9966,32.0078,4096,235.8750,4,47.9268,2797,1
7281,31.9966,32.0078,4096,235.8750,4,47.9268,2797,1
7282,31.9966,32.0078,4096,235.8750,4,47.9268,2798,1
7283,31.9966,32.0078,4096,235.8750,4,47.9268,2798,1
7284,31.9966,32.0078,4096,235.8750,4,47.9268,2799,1
7285,31.9966,32.0078,4096,235.8750,4,47.9268,2799,1
7286,31.9966,32.0078,4096,235.8750,4,47.9268,2800,1
7287,31.9966,32.0078,4096,235.8750,4,47.9268,2800,1
7288,31.9966,32.0078,4096,235.8750,4,47.9268,2801,1
7289,31.9966,32.0078,4096,235.8750,4,47.9268,2801,1
7290,31.9966,32.0078,4096,235.8750,4,47.9268,2802,1
7291,31.9966,32.0078,4096,235.8750,4,47.9268,2803,1
7292,31.9966,32.0078,4096,235.8750,4,47.9268,2803,1
7293,31.9966,32.0078,4096,235.8750,4,47.9268,2803,1
7294,31.9966,32.0078,4096,235.8750,4,47.9268,2803,1
7295,31.9966,32.0078,4096,235.8750,4,47.9268,2804,1
7296,31.9966,32.0078,4096,235.8750,4,47.9268,2804,1
7297,31.9966,32.0078,4096,235.8750,4,47.9268,2804,1
7298,31.9966,32.0078,4096,235.8750,4,47.9268,2804,1
7299,31.9966,32.0078,4096,235.8750,4,47.9268,2804,1
7300,31.9966,32.0078,4096,235.8750,4,47.9268,2804,1
7301,31.9966,32.0078,4096,235.8750,4,47.9268,2804,1
7302,31.9966,32.0078,4096,235.8750,4,47.9268,2805,1
7303,31.9966,32.0078,4096,235.8750,4,47.9268,2805,1
7304,31.9966,32.0078,4096,235.8750,4,47.9268,2805,1
7305,31.9966,32.0078,4096,235.8750,4,47.9268,2806,1
7306,31.9966,32.0078,4096,235.8750,4,47.9268,2807,1
7307,31.9966,32.0078,4096,235.8750,4,47.9268,2807,1
7308,31.9966,32.0078,4096,235.8750,4,47.9268,2808,1
7309,31.9966,32.0078,4096,235.8750,4,47.9268,2809,1
7310,31.9966,32.0078,4096,235.8750,4,47.9268,2809,1
7311,31.9966,32.0078,4096,235.8750,4,47.9268,2810,1
7312,31.9966,32.0078,4096,235.8750,4,47.9268,2810,1
7313,31.9966,32.0078,4096,235.8750,4,47.9268,2811,1
7314,31.9966,32.0078,4096,235.8750,4,47.9268,2811,1
7315,31.9966,32.0078,4096,235.8750,4,47.9268,2812,1
7316,31.9966,32.0078,4096,235.8750,4,47.9268,2812,1
7317,31.9966,32.0078,4096,235.8750,4,47.9268,2812,1
7318,31.9966,32.0078,4096,235.8750,4,47.9268,2812,1
7319,31.9966,32.0078,4096,235.8750,4,47.9268,2813,1
7320,31.9966,32.0078,4096,235.8750,4,47.9268,2813,1
7321,31.9966,32.0078,4096,235.8750,4,47.9268,2813,1
7322,31.9966,32.0078,4096,235.8750,4,47.9268,2814,1
7323,31.9966,32.0078,4096,235.8750,4,47.9268,2815,1
7324,31.9966,32.0078,4096,235.8750,4,47.9268,2815,1
7325,31.9966,32.0078,4096,235.8750,4,47.9268,2815,1
7326,31.9966,32.0078,4096,235.8750,4,47.9268,2816,1
7327,31.9966,32.0078,4096,235.8750,4,47.9268,2816,1
7328,31.9966,32.0078,4096,235.8750,4,47.9268,2816,1
7329,31.9966,32.0078,4096,235.8750,4,47.9268,2816,1
7330,31.9966,32.0078,4096,235.8750,4,47.9268,2816,1
7331,31.9966,32.0078,4096,235.8750,4,47.9268,2816,1
7332,31.9966,32.0078,4096,235.8750,4,47.9268,2816,1
7333,31.9966,32.0078,4096,235.8750,4,47.9268,2816,1
7334,31.9966,32.0078,4096,235.8750,4,47.9268,2816,1
7335,31.9966,32.0078,4096,235.8750,4,47.9268,2816,1
7336,31.9966,32.0078,4096,235.8750,4,47.9268,2816,1
7337,31.9966,32.0078,4096,235.8750,4,47.9268,2817,1
7338,31.9966,32.0078,4096,235.8750,4,47.9268,2818,1
7339,31.9966,32.0078,4096,235.8750,4,47.9268,2819,1
7340,31.9966,32.0078,4096,235.8750,4,47.9268,2819,1
7341,31.9966,32.0078,4096,235.8750,4,47.9268,2819,1
7342,31.9966,32.0078,4096,235.8750,4,47.9268,2819,1
7343,31.9966,32.0078,4096,235.8750,4,47.9268,2819,1
7344,31.9966,32.0078,4096,235.8750,4,47.9268,2819,1
7345,31.9966,32.0078,4096,235.8750,4,47.9268,2819,1
7346,31.9966,32.0078,4096,235.8750,4,47.9268,2819,1
7347,31.9966,32.0078,4096,235.8750,4,47.9268,2819,1
7348,31.9966,32.0078,4096,235.8750,4,47.9268,2819,1
7349,31.9966,32.0078,4096,235.8750,4,47.9268,2819,1
7350,31.9966,32.0078,4096,235.8750,4,47.9268,2819,1
7351,31.9966,32.0078,4096,235.8750,4,47.9268,2819,1
7352,31.9966,32.0078,4096,235.8750,4,47.9268,2820,1
7353,31.9966,32.0078,4096,235.8750,4,47.9268,2820,1
7354,31.9966,32.0078,4096,235.8750,4,47.9268,2820,1
7355,31.9966,32.0078,4096,235.8750,4,47.9268,2820,1
7356,31.9966,32.0078,4096,235.8750,4,47.9268,2820,1
7357,31.9966,32.0078,4096,235.8750,4,47.9268,2820,1
7358,31.9966,32.0078,4096,235.8750,4,47.9268,2821,1
7359,31.9966,32.0078,4096,235.8750,4,47.9268,2821,1
7360,31.9966,32.0078,4096,235.8750,4,47.9268,2822,1
7361,31.9966,32.0078,4096,235.8750,4,47.9268,2822,1
7362,31.9966,32.0078,4096,235.8750,4,47.9268,2822,1
7363,31.9966,32.0078,4096,235.8750,4,47.9268,2822,1
7364,31.9966,32.0078,4096,235.8750,4,47.9268,2822,1
7365,31.9966,32.0078,4096,235.8750,4,47.9268,2822,1
7366,31.9966,32.0078,4096,235.8750,4,47.9268,2822,1
7367,31.9966,32.0078,4096,235.8750,4,47.9268,2822,1
7368,31.9966,32.0078,4096,235.8750,4,47.9268,2822,1
7369,31.9966,32.0078,4096,235.8750,4,47.9268,2823,1
7370,31.9966,32.0078,4096,235.8750,4,47.9268,2823,1
7371,31.9966,32.0078,4096,235.8750,4,47.9268,2824,1
7372,31.9966,32.0078,4096,235.8750,4,47.9268,2824,1
7373,31.9966,32.0078,4096,235.8750,4,47.9268,2824,1
7374,31.9966,32.0078,4096,235.8750,4,47.9268,2825,1
7375,31.9966,32.0078,4096,235.8750,4,47.9268,2825,1
7376,31.9966,32.0078,4096,235.8750,4,47.9268,2825,1
7377,31.9966,32.0078,4096,235.8750,4,47.9268,2825,1
7378,31.9966,32.0078,4096,235.8750,4,47.9268,2825,1
7379,31.9966,32.0078,4096,235.8750,4,47.9268,2825,1
7380,31.9966,32.0078,4096,235.8750,4,47.9268,2826,1
7381,31.9966,32.0078,4096,235.8750,4,47.9268,2826,1
7382,31.9966,32.0078,4096,235.8750,4,47.9268,2827,1
7383,31.9966,32.0078,4096,235.8750,4,47.9268,2827,1
7384,31.9966,32.0078,4096,235.8750,4,47.9268,2827,1
7385,31.9966,32.0078,4096,235.8750,4,47.9268,2827,1
7386,31.9966,32.0078,4096,235.8750,4,47.9268,2827,1
7387,31.9966,32.0078,4096,235.8750,4,47.9268,2828,1
7388,31.9966,32.0078,4096,235.8750,4,47.9268,2828,1
7389,31.9966,32.0078,4096,235.8750,4,47.9268,2828,1
7390,31.9966,32.0078,4096,235.8750,4,47.9268,2829,1
7391,31.9966,32.0078,4096,235.8750,4,47.9268,2830,1
7392,31.9966,32.0078,4096,235.8750,4,47.9268,2830,1
7393,31.9966,32.0078,4096,235.8750,4,47.9268,2831,1
7394,31.9966,32.0078,4096,235.8750,4,47.9268,2832,1
7395,31.9966,32.0078,4096,235.8750,4,47.9268,2832,1
7396,31.9966,32.0078,4096,235.8750,4,47.9268,2832,1
7397,31.9966,32.0078,4096,235.8750,4,47.9268,2832,1
7398,31.9966,32.0078,4096,235.8750,4,47.9268,2833,1
7399,31.9966,32.0078,4096,235.8750,4,47.9268,2833,1
7400,31.9966,32.0078,4096,235.8750,4,47.9268,2834,1
7401,31.9966,32.0078,4096,235.8750,4,47.9268,2834,1
7402,31.9966,32.0078,4096,235.8750,4,47.9268,2835,1
7403,31.9966,32.0078,4096,235.8750,4,47.9268,2835,1
7404,31.9966,32.0078,4096,235.8750,4,47.9268,2835,1
7405,31.9966,32.0078,4096,235.8750,4,47.9268,2835,1
7406,31.9966,32.0078,4096,235.8750,4,47.9268,2835,1
7407,31.9966,32.0078,4096,235.8750,4,47.9268,2835,1
7408,31.9966,32.0078,4096,235.8750,4,47.9268,2835,1
7409,31.9966,32.0078,4096,235.8750,4,47.9268,2835,1
7410,31.9966,32.0078,4096,235.8750,4,47.9268,2835,1
7411,31.9966,32.0078,4096,235.8750,4,47.9268,2835,1
7412,31.9966,32.0078,4096,235.8750,4,47.9268,2835,1
7413,31.9966,32.0078,4096,235.8750,4,47.9268,2835,1
7414,31.9966,32.0078,4096,235.8750,4,47.9268,2835,1
7415,31.9966,32.0078,4096,235.8750,4,47.9268,2836,1
7416,31.9966,32.0078,4096,235.8750,4,47.9268,2836,1
7417,31.9966,32.0078,4096,235.8750,4,47.9268,2837,1
7418,31.9966,32.0078,4096,235.8750,4,47.9268,2838,1
7419,31.9966,32.0078,4096,235.8750,4,47.9268,2838,1
7420,31.9966,32.0078,4096,235.8750,4,47.9268,2838,1
7421,31.9966,32.0078,4096,235.8750,4,47.9268,2838,1
7422,31.9966,32.0078,4096,235.8750,4,47.9268,2838,1
7423,31.9966,32.0078,4096,235.8750,4,47.9268,2839,1
7424,31.9966,32.0078,4096,235.8750,4,47.9268,2839,1
7425,31.9966,32.0078,4096,235.8750,4,47.9268,2840,1
7426,31.9966,32.0078,4096,235.8750,4,47.9268,2840,1
7427,31.9966,32.0078,4096,235.8750,4,47.9268,2840,1
7428,31.9966,32.0078,4096,235.8750,4,47.9268,2840,1
7429,31.9966,32.0078,4096,235.8750,4,47.9268,2840,1
7430,31.9966,32.0078,4096,235.8750,4,47.9268,2840,1
7431,31.9966,32.0078,4096,235.8750,4,47.9268,2840,1
7432,31.9966,32.0078,4096,235.8750,4,47.9268,2840,1
7433,31.9966,32.0078,4096,235.8750,4,47.9268,2841,1
7434,31.9966,32.0078,4096,235.8750,4,47.9268,2841,1
7435,31.9966,32.0078,4096,235.8750,4,47.9268,2842,1
7436,31.9966,32.0078,4096,235.8750,4,47.9268,2843,1
7437,31.9966,32.0078,4096,235.8750,4,47.9268,2844,1
7438,31.9966,32.0078,4096,235.8750,4,47.9268,2845,1
7439,31.9966,32.0078,4096,235.8750,4,47.9268,2845,1
7440,31.9966,32.0078,4096,235.8750,4,47.9268,2846,1
7441,31.9966,32.0078,4096,235.8750,4,47.9268,2847,1
7442,31.9966,32.0078,4096,235.8750,4,47.9268,2848,1
7443,31.9966,32.0078,4096,235.8750,4,47.9268,2848,1
7444,31.9966,32.0078,4096,235.8750,4,47.9268,2848,1
7445,31.9966,32.0078,4096,235.8750,4,47.9268,2848,1
7446,31.9966,32.0078,4096,235.8750,4,47.9268,2848,1
7447,31.9966,32.0078,4096,235.8750,4,47.9268,2848,1
7448,31.9966,32.0078,4096,235.8750,4,47.9268,2848,1
7449,31.9966,32.0078,4096,235.8750,4,47.9268,2848,1
7450,31.9966,32.0078,4096,235.8750,4,47.9268,2849,1
7451,31.9966,32.0078,4096,235.8750,4,47.9268,2849,1
7452,31.9966,32.0078,4096,235.8750,4,47.9268,2850,1
7453,31.9966,32.0078,4096,235.8750,4,47.9268,2850,1
7454,31.9966,32.0078,4096,235.8750,4,47.9268,2850,1
7455,31.9966,32.0078,4096,235.8750,4,47.9268,2850,1
7456,31.9966,32.0078,4096,235.8750,4,47.9268,2850,1
7457,31.9966,32.0078,4096,235.8750,4,47.9268,2851,1
7458,31.9966,32.0078,4096,235.8750,4,47.9268,2852,1
7459,31.9966,32.0078,4096,235.8750,4,47.9268,2852,1
7460,31.9966,32.0078,4096,235.8750,4,47.9268,2852,1
7461,31.9966,32.0078,4096,235.8750,4,47.9268,2852,1
7462,31.9966,32.0078,4096,235.8750,4,47.9268,2852,1
7463,31.9966,32.0078,4096,235.8750,4,47.9268,2853,1
7464,31.9966,32.0078,4096,235.8750,4,47.9268,2853,1
7465,31.9966,32.0078,4096,235.8750,4,47.9268,2853,1
7466,31.9966,32.0078,4096,235.8750,4,47.9268,2854,1
7467,31.9966,32.0078,4096,235.8750,4,47.9268,2854,1
7468,31.9966,32.0078,4096,235.8750,4,47.9268,2855,1
7469,31.9966,32.0078,4096,235.8750,4,47.9268,2855,1
7470,31.9966,32.0078,4096,235.8750,4,47.9268,2856,1
7471,31.9966,32.0078,4096,235.8750,4,47.9268,2857,1
7472,31.9966,32.0078,4096,235.8750,4,47.9268,2857,1
7473,31.9966,32.0078,4096,235.8750,4,47.9268,2857,1
7474,31.9966,32.0078,4096,235.8750,4,47.9268,2858,1
7475,31.9966,32.0078,4096,235.8750,4,47.9268,2859,1
7476,31.9966,32.0078,4096,235.8750,4,47.9268,2860,1
7477,31.9966,32.0078,4096,235.8750,4,47.9268,2860,1
7478,31.9966,32.0078,4096,235.8750,4,47.9268,2860,1
7479,31.9966,32.0078,4096,235.8750,4,47.9268,2860,1
7480,31.9966,32.0078,4096,235.8750,4,47.9268,2860,1
7481,31.9966,32.0078,4096,235.8750,4,47.9268,2860,1
7482,31.9966,32.0078,4096,235.8750,4,47.9268,2861,1
7483,31.9966,32.0078,4096,235.8750,4,47.9268,2861,1
7484,31.9966,32.0078,4096,235.8750,4,47.9268,2862,1
7485,31.9966,32.0078,4096,235.8750,4,47.9268,2862,1
7486,31.9966,32.0078,4096,235.8750,4,47.9268,2863,1
7487,31.9966,32.0078,4096,235.8750,4,47.9268,2864,1
7488,31.9966,32.0078,4096,235.8750,4,47.9268,2864,1
7489,31.9966,32.0078,4096,235.8750,4,47.9268,2864,1
7490,31.9966,32.0078,4096,235.8750,4,47.9268,2864,1
7491,31.9966,32.0078,4096,235.8750,4,47.9268,2864,1
7492,31.9966,32.0078,4096,235.8750,4,47.9268,2864,1
7493,31.9966,32.0078,4096,235.8750,4,47.9268,2864,1
7494,31.9966,32.0078,4096,235.8750,4,47.9268,2864,1
7495,31.9966,32.0078,4096,235.8750,4,47.9268,2864,1
7496,31.9966,32.0078,4096,235.8750,4,47.9268,2864,1
7497,31.9966,32.0078,4096,235.8750,4,47.9268,2864,1
7498,31.9966,32.0078,4096,235.8750,4,47.9268,2865,1
7499,31.9966,32.0078,4096,235.8750,4,47.9268,2866,1
7500,31.9966,32.0078,4096,235.8750,4,47.9268,2866,1
7501,31.9966,32.0078,4096,235.8750,4,47.9268,2866,1
7502,31.9966,32.0078,4096,235.8750,4,47.9268,2866,1
7503,31.9966,32.0078,4096,235.8750,4,47.9268,2866,1
7504,31.9966,32.0078,4096,235.8750,4,47.9268,2866,1
7505,31.9966,32.0078,4096,235.8750,4,47.9268,2866,1
7506,31.9966,32.0078,4096,235.8750,4,47.9268,2867,1
7507,31.9966,32.0078,4096,235.8750,4,47.9268,2868,1
7508,31.9966,32.0078,4096,235.8750,4,47.9268,2869,1
7509,31.9966,32.0078,4096,235.8750,4,47.9268,2869,1
7510,31.9966,32.0078,4096,235.8750,4,47.9268,2869,1
7511,31.9966,32.0078,4096,235.8750,4,47.9268,2870,1
7512,31.9966,32.0078,4096,235.8750,4,47.9268,2870,1
7513,31.9966,32.0078,4096,235.8750,4,47.9268,2871,1
7514,31.9966,32.0078,4096,235.8750,4,47.9268,2871,1
7515,31.9966,32.0078,4096,235.8750,4,47.9268,2871,1
7516,31.9966,32.0078,4096,235.8750,4,47.9268,2871,1
7517,31.9966,32.0078,4096,235.8750,4,47.9268,2871,1
7518,31.9966,32.0078,4096,235.8750,4,47.9268,2871,1
7519,31.9966,32.0078,4096,235.8750,4,47.9268,2871,1
7520,31.9966,32.0078,4096,235.8750,4,47.9268,2871,1
7521,31.9966,32.0078,4096,235.8750,4,47.9268,2871,1
7522,31.9966,32.0078,4096,235.8750,4,47.9268,2871,1
7523,31.9966,32.0078,4096,235.8750,4,47.9268,2871,1
7524,31.9966,32.0078,4096,235.8750,4,47.9268,2871,1
7525,31.9966,32.0078,4096,235.8750,4,47.9268,2871,1
7526,31.9966,32.0078,4096,235.8750,4,47.9268,2871,1
7527,31.9966,32.0078,4096,235.8750,4,47.9268,2871,1
7528,31.9966,32.0078,4096,235.8750,4,47.9268,2872,1
7529,31.9966,32.0078,4096,235.8750,4,47.9268,2872,1
7530,31.9966,32.0078,4096,235.8750,4,47.9268,2872,1
7531,31.9966,32.0078,4096,235.8750,4,47.9268,2873,1
7532,31.9966,32.0078,4096,235.8750,4,47.9268,2873,1
7533,31.9966,32.0078,4096,235.8750,4,47.9268,2873,1
7534,31.9966,32.0078,4096,235.8750,4,47.9268,2874,1
7535,31.9966,32.0078,4096,235.8750,4,47.9268,2874,1
7536,31.9966,32.0078,4096,235.8750,4,47.9268,2874,1
7537,31.9966,32.0078,4096,235.8750,4,47.9268,2875,1
7538,31.9966,32.0078,4096,235.8750,4,47.9268,2875,1
7539,31.9966,32.0078,4096,235.8750,4,47.9268,2876,1
7540,31.9966,32.0078,4096,235.8750,4,47.9268,2876,1
7541,31.9966,32.0078,4096,235.8750,4,47.9268,2876,1
7542,31.9966,32.0078,4096,235.8750,4,47.9268,2876,1
7543,31.9966,32.0078,4096,235.8750,4,47.9268,2877,1
7544,31.9966,32.0078,4096,235.8750,4,47.9268,2877,1
7545,31.9966,32.0078,4096,235.8750,4,47.9268,2878,1
7546,31.9966,32.0078,4096,235.8750,4,47.9268,2878,1
7547,31.9966,32.0078,4096,235.8750,4,47.9268,2878,1
7548,31.9966,32.0078,4096,235.8750,4,47.9268,2878,1
7549,31.9966,32.0078,4096,235.8750,4,47.9268,2878,1
7550,31.9966,32.0078,4096,235.8750,4,47.9268,2878,1
7551,31.9966,32.0078,4096,235.8750,4,47.9268,2879,1
7552,31.9966,32.0078,4096,235.8750,4,47.9268,2879,1
7553,31.9966,32.0078,4096,235.8750,4,47.9268,2879,1
7554,31.9966,32.0078,4096,235.8750,4,47.9268,2879,1
7555,31.9966,32.0078,4096,235.8750,4,47.9268,2880,1
7556,31.9966,32.0078,4096,235.8750,4,47.9268,2880,1
7557,31.9966,32.0078,4096,235.8750,4,47.9268,2880,1
7558,31.9966,32.0078,4096,235.8750,4,47.9268,2880,1
7559,31.9966,32.0078,4096,235.8750,4,47.9268,2880,1
7560,31.9966,32.0078,4096,235.8750,4,47.9268,2880,1
7561,31.9966,32.0078,4096,235.8750,4,47.9268,2881,1
7562,31.9966,32.0078,4096,235.8750,4,47.9268,2881,1
7563,31.9966,32.0078,4096,235.8750,4,47.9268,2882,1
7564,31.9966,32.0078,4096,235.8750,4,47.9268,2882,1
7565,31.9966,32.0078,4096,235.8750,4,47.9268,2882,1
7566,31.9966,32.0078,4096,235.8750,4,47.9268,2882,1
7567,31.9966,32.0078,4096,235.8750,4,47.9268,2882,1
7568,31.9966,32.0078,4096,235.8750,4,47.9268,2882,1
7569,31.9966,32.0078,4096,235.8750,4,47.9268,2882,1
7570,31.9966,32.0078,4096,235.8750,4,47.9268,2882,1
7571,31.9966,32.0078,4096,235.8750,4,47.9268,2882,1
7572,31.9966,32.0078,4096,235.8750,4,47.9268,2882,1
7573,31.9966,32.0078,4096,235.8750,4,47.9268,2882,1
7574,31.9966,32.0078,4096,235.8750,4,47.9268,2882,1
7575,31.9966,32.0078,4096,235.8750,4,47.9268,2882,1
7576,31.9966,32.0078,4096,235.8750,4,47.9268,2883,1
7577,31.9966,32.0078,4096,235.8750,4,47.9268,2883,1
7578,31.9966,32.0078,4096,235.8750,4,47.9268,2883,1
7579,31.9966,32.0078,4096,235.8750,4,47.9268,2884,1
7580,31.9966,32.0078,4096,235.8750,4,47.9268,2884,1
7581,31.9966,32.0078,4096,235.8750,4,47.9268,2884,1
7582,31.9966,32.0078,4096,235.8750,4,47.9268,2884,1
7583,31.9966,32.0078,4096,235.8750,4,47.9268,2884,1
7584,31.9966,32.0078,4096,235.8750,4,47.9268,2884,1
7585,31.9966,32.0078,4096,235.8750,4,47.9268,2885,1
7586,31.9966,32.0078,4096,235.8750,4,47.9268,2886,1
7587,31.9966,32.0078,4096,235.8750,4,47.9268,2886,1
7588,31.9966,32.0078,4096,235.8750,4,47.9268,2886,1
7589,31.9966,32.0078,4096,235.8750,4,47.9268,2886,1
7590,31.9966,32.0078,4096,235.8750,4,47.9268,2886,1
7591,31.9966,32.0078,4096,235.8750,4,47.9268,2886,1
7592,31.9966,32.0078,4096,235.8750,4,47.9268,2886,1
7593,31.9966,32.0078,4096,235.8750,4,47.9268,2886,1
7594,31.9966,32.0078,4096,235.8750,4,47.9268,2886,1
7595,31.9966,32.0078,4096,235.8750,4,47.9268,2886,1
7596,31.9966,32.0078,4096,235.8750,4,47.9268,2887,1
7597,31.9966,32.0078,4096,235.8750,4,47.9268,2887,1
7598,31.9966,32.0078,4096,235.8750,4,47.9268,2887,1
7599,31.9966,32.0078,4096,235.8750,4,47.9268,2887,1
7600,31.9966,32.0078,4096,235.8750,4,47.9268,2887,1
7601,31.9966,32.0078,4096,235.8750,4,47.9268,2888,1
7602,31.9966,32.0078,4096,235.8750,4,47.9268,2888,1
7603,31.9966,32.0078,4096,235.8750,4,47.9268,2889,1
7604,31.9966,32.0078,4096,235.8750,4,47.9268,2889,1
7605,31.9966,32.0078,4096,235.8750,4,47.9268,2889,1
7606,31.9966,32.0078,4096,235.8750,4,47.9268,2889,1
7607,31.9966,32.0078,4096,235.8750,4,47.9268,2890,1
7608,31.9966,32.0078,4096,235.8750,4,47.9268,2890,1
7609,31.9966,32.0078,4096,235.8750,4,47.9268,2890,1
7610,31.9966,32.0078,4096,235.8750,4,47.9268,2891,1
7611,31.9966,32.0078,4096,235.8750,4,47.9268,2892,1
7612,31.9966,32.0078,4096,235.8750,4,47.9268,2892,1
7613,31.9966,32.0078,4096,235.8750,4,47.9268,2892,1
7614,31.9966,32.0078,4096,235.8750,4,47.9268,2893,1
7615,31.9966,32.0078,4096,235.8750,4,47.9268,2893,1
7616,31.9966,32.0078,4096,235.8750,4,47.9268,2893,1
7617,31.9966,32.0078,4096,235.8750,4,47.9268,2894,1
7618,31.9966,32.0078,4096,235.8750,4,47.9268,2894,1
7619,31.9966,32.0078,4096,235.8750,4,47.9268,2895,1
7620,31.9966,32.0078,4096,235.8750,4,47.9268,2896,1
7621,31.9966,32.0078,4096,235.8750,4,47.9268,2896,1
7622,31.9966,32.0078,4096,235.8750,4,47.9268,2896,1
7623,31.9966,32.0078,4096,235.8750,4,47.9268,2896,1
7624,31.9966,32.0078,4096,235.8750,4,47.9268,2896,1
7625,31.9966,32.0078,4096,235.8750,4,47.9268,2896,1
7626,31.9966,32.0078,4096,235.8750,4,47.9268,2896,1
7627,31.9966,32.0078,4096,235.8750,4,47.9268,2896,1
7628,31.9966,32.0078,4096,235.8750,4,47.9268,2896,1
7629,31.9966,32.0078,4096,235.8750,4,47.9268,2897,1
7630,31.9966,32.0078,4096,235.8750,4,47.9268,2897,1
7631,31.9966,32.0078,4096,235.8750,4,47.9268,2897,1
7632,31.9966,32.0078,4096,235.8750,4,47.9268,2897,1
7633,31.9966,32.0078,4096,235.8750,4,47.9268,2897,1
7634,31.9966,32.0078,4096,235.8750,4,47.9268,2897,1
7635,31.9966,32.0078,4096,235.8750,4,47.9268,2897,1
7636,31.9966,32.0078,4096,235.8750,4,47.9268,2897,1
7637,31.9966,32.0078,4096,235.8750,4,47.9268,2897,1
7638,31.9966,32.0078,4096,235.8750,4,47.9268,2897,1
7639,31.9966,32.0078,4096,235.8750,4,47.9268,2897,1
7640,31.9966,32.0078,4096,235.8750,4,47.9268,2897,1
7641,31.9966,32.0078,4096,235.8750,4,47.9268,2897,1
7642,31.9966,32.0078,4096,235.8750,4,47.9268,2897,1
7643,31.9966,32.0078,4096,235.8750,4,47.9268,2898,1
7644,31.9966,32.0078,4096,235.8750,4,47.9268,2898,1
7645,31.9966,32.0078,4096,235.8750,4,47.9268,2898,1
7646,31.9966,32.0078,4096,235.8750,4,47.9268,2898,1
7647,31.9966,32.0078,4096,235.8750,4,47.9268,2898,1
7648,31.9966,32.0078,4096,235.8750,4,47.9268,2898,1
7649,31.9966,32.0078,4096,235.8750,4,47.9268,2898,1
7650,31.9966,32.0078,4096,235.8750,4,47.9268,2898,1
7651,31.9966,32.0078,4096,235.8750,4,47.9268,2898,1
7652,31.9966,32.0078,4096,235.8750,4,47.9268,2898,1
7653,31.9966,32.0078,4096,235.8750,4,47.9268,2898,1
7654,31.9966,32.0078,4096,235.8750,4,47.9268,2898,1
7655,31.9966,32.0078,4096,235.8750,4,47.9268,2899,1
7656,31.9966,32.0078,4096,235.8750,4,47.9268,2899,1
7657,31.9966,32.0078,4096,235.8750,4,47.9268,2899,1
7658,31.9966,32.0078,4096,235.8750,4,47.9268,2900,1
7659,31.9966,32.0078,4096,235.8750,4,47.9268,2900,1
7660,31.9966,32.0078,4096,235.8750,4,47.9268,2901,1
7661,31.9966,32.0078,4096,235.8750,4,47.9268,2901,1
7662,31.9966,32.0078,4096,235.8750,4,47.9268,2901,1
7663,31.9966,32.0078,4096,235.8750,4,47.9268,2901,1
7664,31.9966,32.0078,4096,235.8750,4,47.9268,2901,1
7665,31.9966,32.0078,4096,235.8750,4,47.9268,2901,1
7666,31.9966,32.0078,4096,235.8750,4,47.9268,2901,1
7667,31.9966,32.0078,4096,235.8750,4,47.9268,2901,1
7668,31.9966,32.0078,4096,235.8750,4,47.9268,2902,1
7669,31.9966,32.0078,4096,235.8750,4,47.9268,2902,1
7670,31.9966,32.0078,4096,235.8750,4,47.9268,2902,1
7671,31.9966,32.0078,4096,235.8750,4,47.9268,2902,1
7672,31.9966,32.0078,4096,235.8750,4,47.9268,2902,1
7673,31.9966,32.0078,4096,235.8750,4,47.9268,2902,1
7674,31.9966,32.0078,4096,235.8750,4,47.9268,2902,1
7675,31.9966,32.0078,4096,235.8750,4,47.9268,2902,1
7676,31.9966,32.0078,4096,235.8750,4,47.9268,2902,1
7677,31.9966,32.0078,4096,235.8750,4,47.9268,2902,1
7678,31.9966,32.0078,4096,235.8750,4,47.9268,2903,1
7679,31.9966,32.0078,4096,235.8750,4,47.9268,2903,1
7680,31.9966,32.0078,4096,235.8750,4,47.9268,2903,1
7681,31.9966,32.0078,4096,235.8750,4,47.9268,2903,1
7682,31.9966,32.0078,4096,235.8750,4,47.9268,2903,1
7683,31.9966,32.0078,4096,235.8750,4,47.9268,2904,1
7684,31.9966,32.0078,4096,235.8750,4,47.9268,2904,1
7685,31.9966,32.0078,4096,235.8750,4,47.9268,2905,1
7686,31.9966,32.0078,4096,235.8750,4,47.9268,2905,1
7687,31.9966,32.0078,4096,235.8750,4,47.9268,2906,1
7688,31.9966,32.0078,4096,235.8750,4,47.9268,2907,1
7689,31.9966,32.0078,4096,235.8750,4,47.9268,2907,1
7690,31.9966,32.0078,4096,235.8750,4,47.9268,2908,1
7691,31.9966,32.0078,4096,235.8750,4,47.9268,2908,1
7692,31.9966,32.0078,4096,235.8750,4,47.9268,2908,1
7693,31.9966,32.0078,4096,235.8750,4,47.9268,2908,1
7694,31.9966,32.0078,4096,235.8750,4,47.9268,2908,1
7695,31.9966,32.0078,4096,235.8750,4,47.9268,2908,1
7696,31.9966,32.0078,4096,235.8750,4,47.9268,2908,1
7697,31.9966,32.0078,4096,235.8750,4,47.9268,2908,1
7698,31.9966,32.0078,4096,235.8750,4,47.9268,2909,1
7699,31.9966,32.0078,4096,235.8750,4,47.9268,2910,1
7700,31.9966,32.0078,4096,235.8750,4,47.9268,2910,1
7701,31.9966,32.0078,4096,235.8750,4,47.9268,2911,1
7702,31.9966,32.0078,4096,235.8750,4,47.9268,2912,1
7703,31.9966,32.0078,4096,235.8750,4,47.9268,2912,1
7704,31.9966,32.0078,4096,235.8750,4,47.9268,2912,1
7705,31.9966,32.0078,4096,235.8750,4,47.9268,2912,1
7706,31.9966,32.0078,4096,235.8750,4,47.9268,2912,1
7707,31.9966,32.0078,4096,235.8750,4,47.9268,2912,1
7708,31.9966,32.0078,4096,235.8750,4,47.9268,2912,1
7709,31.9966,32.0078,4096,235.8750,4,47.9268,2912,1
7710,31.9966,32.0078,4096,235.8750,4,47.9268,2912,1
7711,31.9966,32.0078,4096,235.8750,4,47.9268,2912,1
7712,31.9966,32.0078,4096,235.8750,4,47.9268,2912,1
7713,31.9966,32.0078,4096,235.8750,4,47.9268,2912,1
7714,31.9966,32.0078,4096,235.8750,4,47.9268,2912,1
7715,31.9966,32.0078,4096,235.8750,4,47.9268,2913,1
7716,31.9966,32.0078,4096,235.8750,4,47.9268,2914,1
7717,31.9966,32.0078,4096,235.8750,4,47.9268,2914,1
7718,31.9966,32.0078,4096,235.8750,4,47.9268,2914,1
7719,31.9966,32.0078,4096,235.8750,4,47.9268,2914,1
7720,31.9966,32.0078,4096,235.8750,4,47.9268,2914,1
7721,31.9966,32.0078,4096,235.8750,4,47.9268,2914,1
7722,31.9966,32.0078,4096,235.8750,4,47.9268,2914,1
7723,31.9966,32.0078,4096,235.8750,4,47.9268,2914,1
7724,31.9966,32.0078,4096,235.8750,4,47.9268,2914,1
7725,31.9966,32.0078,4096,235.8750,4,47.9268,2915,1
7726,31.9966,32.0078,4096,235.8750,4,47.9268,2915,1
7727,31.9966,32.0078,4096,235.8750,4,47.9268,2915,1
7728,31.9966,32.0078,4096,235.8750,4,47.9268,2915,1
7729,31.9966,32.0078,4096,235.8750,4,47.9268,2915,1
7730,31.9966,32.0078,4096,235.8750,4,47.9268,2915,1
7731,31.9966,32.0078,4096,235.8750,4,47.9268,2915,1
7732,31.9966,32.0078,4096,235.8750,4,47.9268,2915,1
7733,31.9966,32.0078,4096,235.8750,4,47.9268,2916,1
7734,31.9966,32.0078,4096,235.8750,4,47.9268,2917,1
7735,31.9966,32.0078,4096,235.8750,4,47.9268,2917,1
7736,31.9966,32.0078,4096,235.8750,4,47.9268,2918,1
7737,31.9966,32.0078,4096,235.8750,4,47.9268,2918,1
7738,31.9966,32.0078,4096,235.8750,4,47.9268,2918,1
7739,31.9966,32.0078,4096,235.8750,4,47.9268,2919,1
7740,31.9966,32.0078,4096,235.8750,4,47.9268,2919,1
7741,31.9966,32.0078,4096,235.8750,4,47.9268,2919,1
7742,31.9966,32.0078,4096,235.8750,4,47.9268,2919,1
7743,31.9966,32.0078,4096,235.8750,4,47.9268,2920,1
7744,31.9966,32.0078,4096,235.8750,4,47.9268,2920,1
7745,31.9966,32.0078,4096,235.8750,4,47.9268,2921,1
7746,31.9966,32.0078,4096,235.8750,4,47.9268,2922,1
7747,31.9966,32.0078,4096,235.8750,4,47.9268,2922,1
7748,31.9966,32.0078,4096,235.8750,4,47.9268,2922,1
7749,31.9966,32.0078,4096,235.8750,4,47.9268,2922,1
7750,31.9966,32.0078,4096,235.8750,4,47.9268,2923,1
7751,31.9966,32.0078,4096,235.8750,4,47.9268,2923,1
7752,31.9966,32.0078,4096,235.8750,4,47.9268,2924,1
7753,31.9966,32.0078,4096,235.8750,4,47.9268,2925,1
7754,31.9966,32.0078,4096,235.8750,4,47.9268,2925,1
7755,31.9966,32.0078,4096,235.8750,4,47.9268,2925,1
7756,31.9966,32.0078,4096,235.8750,4,47.9268,2925,1
7757,31.9966,32.0078,4096,235.8750,4,47.9268,2925,1
7758,31.9966,32.0078,4096,235.8750,4,47.9268,2925,1
7759,31.9966,32.0078,4096,235.8750,4,47.9268,2925,1
7760,31.9966,32.0078,4096,235.8750,4,47.9268,2925,1
7761,31.9966,32.0078,4096,235.8750,4,47.9268,2926,1
7762,31.9966,32.0078,4096,235.8750,4,47.9268,2926,1
7763,31.9966,32.0078,4096,235.8750,4,47.9268,2926,1
7764,31.9966,32.0078,4096,235.8750,4,47.9268,2926,1
7765,31.9966,32.0078,4096,235.8750,4,47.9268,2926,1
7766,31.9966,32.0078,4096,235.8750,4,47.9268,2926,1
7767,31.9966,32.0078,4096,235.8750,4,47.9268,2926,1
7768,31.9966,32.0078,4096,235.8750,4,47.9268,2926,1
7769,31.9966,32.0078,4096,235.8750,4,47.9268,2927,1
7770,31.9966,32.0078,4096,235.8750,4,47.9268,2927,1
7771,31.9966,32.0078,4096,235.8750,4,47.9268,2927,1
7772,31.9966,32.0078,4096,235.8750,4,47.9268,2927,1
7773,31.9966,32.0078,4096,235.8750,4,47.9268,2927,1
7774,31.9966,32.0078,4096,235.8750,4,47.9268,2927,1
7775,31.9966,32.0078,4096,235.8750,4,47.9268,2927,1
7776,31.9966,32.0078,4096,235.8750,4,47.9268,2927,1
7777,31.9966,32.0078,4096,235.8750,4,47.9268,2928,1
7778,31.9966,32.0078,4096,235.8750,4,47.9268,2928,1
7779,31.9966,32.0078,4096,235.8750,4,47.9268,2928,1
7780,31.9966,32.0078,4096,235.8750,4,47.9268,2928,1
7781,31.9966,32.0078,4096,235.8750,4,47.9268,2928,1
7782,31.9966,32.0078,4096,235.8750,4,47.9268,2928,1
7783,31.9966,32.0078,4096,235.8750,4,47.9268,2928,1
7784,31.9966,32.0078,4096,235.8750,4,47.9268,2928,1
7785,31.9966,32.0078,4096,235.8750,4,47.9268,2928,1
7786,31.9966,32.0078,4096,235.8750,4,47.9268,2928,1
7787,31.9966,32.0078,4096,235.8750,4,47.9268,2928,1
7788,31.9966,32.0078,4096,235.8750,4,47.9268,2928,1
7789,31.9966,32.0078,4096,235.8750,4,47.9268,2928,1
7790,31.9966,32.0078,4096,235.8750,4,47.9268,2928,1
7791,31.9966,32.0078,4096,235.8750,4,47.9268,2929,1
7792,31.9966,32.0078,4096,235.8750,4,47.9268,2929,1
7793,31.9966,32.0078,4096,235.8750,4,47.9268,2930,1
7794,31.9966,32.0078,4096,235.8750,4,47.9268,2930,1
7795,31.9966,32.0078,4096,235.8750,4,47.9268,2930,1
7796,31.9966,32.0078,4096,235.8750,4,47.9268,2930,1
7797,31.9966,32.0078,4096,235.8750,4,47.9268,2930,1
7798,31.9966,32.0078,4096,235.8750,4,47.9268,2930,1
7799,31.9966,32.0078,4096,235.8750,4,47.9268,2931,1
7800,31.9966,32.0078,4096,235.8750,4,47.9268,2931,1
7801,31.9966,32.0078,4096,235.8750,4,47.9268,2932,1
7802,31.9966,32.0078,4096,235.8750,4,47.9268,2933,1
7803,31.9966,32.0078,4096,235.8750,4,47.9268,2933,1
7804,31.9966,32.0078,4096,235.8750,4,47.9268,2933,1
7805,31.9966,32.0078,4096,235.8750,4,47.9268,2934,1
7806,31.9966,32.0078,4096,235.8750,4,47.9268,2935,1
7807,31.9966,32.0078,4096,235.8750,4,47.9268,2935,1
7808,31.9966,32.0078,4096,235.8750,4,47.9268,2935,1
7809,31.9966,32.0078,4096,235.8750,4,47.9268,2935,1
7810,31.9966,32.0078,4096,235.8750,4,47.9268,2936,1
7811,31.9966,32.0078,4096,235.8750,4,47.9268,2937,1
7812,31.9966,32.0078,4096,235.8750,4,47.9268,2937,1
7813,31.9966,32.0078,4096,235.8750,4,47.9268,2937,1
7814,31.9966,32.0078,4096,235.8750,4,47.9268,2937,1
7815,31.9966,32.0078,4096,235.8750,4,47.9268,2937,1
7816,31.9966,32.0078,4096,235.8750,4,47.9268,2937,1
7817,31.9966,32.0078,4096,235.8750,4,47.9268,2938,1
7818,31.9966,32.0078,4096,235.8750,4,47.9268,2938,1
7819,31.9966,32.0078,4096,235.8750,4,47.9268,2939,1
7820,31.9966,32.0078,4096,235.8750,4,47.9268,2939,1
7821,31.9966,32.0078,4096,235.8750,4,47.9268,2939,1
7822,31.9966,32.0078,4096,235.8750,4,47.9268,2939,1
7823,31.9966,32.0078,4096,235.8750,4,47.9268,2939,1
7824,31.9966,32.0078,4096,235.8750,4,47.9268,2939,1
7825,31.9966,32.0078,4096,235.8750,4,47.9268,2940,1
7826,31.9966,32.0078,4096,235.8750,4,47.9268,2940,1
7827,31.9966,32.0078,4096,235.8750,4,47.9268,2940,1
7828,31.9966,32.0078,4096,235.8750,4,47.9268,2940,1
7829,31.9966,32.0078,4096,235.8750,4,47.9268,2941,1
7830,31.9966,32.0078,4096,235.8750,4,47.9268,2941,1
7831,31.9966,32.0078,4096,235.8750,4,47.9268,2941,1
7832,31.9966,32.0078,4096,235.8750,4,47.9268,2942,1
7833,31.9966,32.0078,4096,235.8750,4,47.9268,2943,1
7834,31.9966,32.0078,4096,235.8750,4,47.9268,2943,1
7835,31.9966,32.0078,4096,235.8750,4,47.9268,2944,1
7836,31.9966,32.0078,4096,235.8750,4,47.9268,2944,1
7837,31.9966,32.0078,4096,235.8750,4,47.9268,2944,1
7838,31.9966,32.0078,4096,235.8750,4,47.9268,2944,1
7839,31.9966,32.0078,4096,235.8750,4,47.9268,2944,1
7840,31.9966,32.0078,4096,235.8750,4,47.9268,2945,1
7841,31.9966,32.0078,4096,235.8750,4,47.9268,2945,1
7842,31.9966,32.0078,4096,235.8750,4,47.9268,2945,1
7843,31.9966,32.0078,4096,235.8750,4,47.9268,2945,1
7844,31.9966,32.0078,4096,235.8750,4,47.9268,2945,1
7845,31.9966,32.0078,4096,235.8750,4,47.9268,2946,1
7846,31.9966,32.0078,4096,235.8750,4,47.9268,2946,1
7847,31.9966,32.0078,4096,235.8750,4,47.9268,2946,1
7848,31.9966,32.0078,4096,235.8750,4,47.9268,2947,1
7849,31.9966,32.0078,4096,235.8750,4,47.9268,2948,1
7850,31.9966,32.0078,4096,235.8750,4,47.9268,2949,1
7851,31.9966,32.0078,4096,235.8750,4,47.9268,2949,1
7852,31.9966,32.0078,4096,235.8750,4,47.9268,2950,1
7853,31.9966,32.0078,4096,235.8750,4,47.9268,2951,1
7854,31.9966,32.0078,4096,235.8750,4,47.9268,2951,1
7855,31.9966,32.0078,4096,235.8750,4,47.9268,2952,1
7856,31.9966,32.0078,4096,235.8750,4,47.9268,2953,1
7857,31.9966,32.0078,4096,235.8750,4,47.9268,2954,1
7858,31.9966,32.0078,4096,235.8750,4,47.9268,2955,1
7859,31.9966,32.0078,4096,235.8750,4,47.9268,2955,1
7860,31.9966,32.0078,4096,235.8750,4,47.9268,2955,1
7861,31.9966,32.0078,4096,235.8750,4,47.9268,2955,1
7862,31.9966,32.0078,4096,235.8750,4,47.9268,2955,1
7863,31.9966,32.0078,4096,235.8750,4,47.9268,2955,1
7864,31.9966,32.0078,4096,235.8750,4,47.9268,2955,1
7865,31.9966,32.0078,4096,235.8750,4,47.9268,2956,1
7866,31.9966,32.0078,4096,235.8750,4,47.9268,2956,1
7867,31.9966,32.0078,4096,235.8750,4,47.9268,2956,1
7868,31.9966,32.0078,4096,235.8750,4,47.9268,2956,1
7869,31.9966,32.0078,4096,235.8750,4,47.9268,2956,1
7870,31.9966,32.0078,4096,235.8750,4,47.9268,2957,1
7871,31.9966,32.0078,4096,235.8750,4,47.9268,2958,1
7872,31.9966,32.0078,4096,235.8750,4,47.9268,2958,1
7873,31.9966,32.0078,4096,235.8750,4,47.9268,2958,1
7874,31.9966,32.0078,4096,235.8750,4,47.9268,2958,1
7875,31.9966,32.0078,4096,235.8750,4,47.9268,2959,1
7876,31.9966,32.0078,4096,235.8750,4,47.9268,2959,1
7877,31.9966,32.0078,4096,235.8750,4,47.9268,2959,1
7878,31.9966,32.0078,4096,235.8750,4,47.9268,2959,1
7879,31.9966,32.0078,4096,235.8750,4,47.9268,2959,1
7880,31.9966,32.0078,4096,235.8750,4,47.9268,2959,1
7881,31.9966,32.0078,4096,235.8750,4,47.9268,2959,1
7882,31.9966,32.0078,4096,235.8750,4,47.9268,2959,1
7883,31.9966,32.0078,4096,235.8750,4,47.9268,2960,1
7884,31.9966,32.0078,4096,235.8750,4,47.9268,2960,1
7885,31.9966,32.0078,4096,235.8750,4,47.9268,2961,1
7886,31.9966,32.0078,4096,235.8750,4,47.9268,2961,1
7887,31.9966,32.0078,4096,235.8750,4,47.9268,2961,1
7888,31.9966,32.0078,4096,235.8750,4,47.9268,2961,1
7889,31.9966,32.0078,4096,235.8750,4,47.9268,2961,1
7890,31.9966,32.0078,4096,235.8750,4,47.9268,2961,1
7891,31.9966,32.0078,4096,235.8750,4,47.9268,2961,1
7892,31.9966,32.0078,4096,235.8750,4,47.9268,2961,1
7893,31.9966,32.0078,4096,235.8750,4,47.9268,2961,1
7894,31.9966,32.0078,4096,235.8750,4,47.9268,2962,1
7895,31.9966,32.0078,4096,235.8750,4,47.9268,2962,1
7896,31.9966,32.0078,4096,235.8750,4,47.9268,2962,1
7897,31.9966,32.0078,4096,235.8750,4,47.9268,2962,1
7898,31.9966,32.0078,4096,235.8750,4,47.9268,2963,1
7899,31.9966,32.0078,4096,235.8750,4,47.9268,2963,1
7900,31.9966,32.0078,4096,235.8750,4,47.9268,2963,1
7901,31.9966,32.0078,4096,235.8750,4,47.9268,2964,1
7902,31.9966,32.0078,4096,235.8750,4,47.9268,2964,1
7903,31.9966,32.0078,4096,235.8750,4,47.9268,2965,1
7904,31.9966,32.0078,4096,235.8750,4,47.9268,2965,1
7905,31.9966,32.0078,4096,235.8750,4,47.9268,2966,1
7906,31.9966,32.0078,4096,235.8750,4,47.9268,2966,1
7907,31.9966,32.0078,4096,235.8750,4,47.9268,2966,1
7908,31.9966,32.0078,4096,235.8750,4,47.9268,2967,1
7909,31.9966,32.0078,4096,235.8750,4,47.9268,2968,1
7910,31.9966,32.0078,4096,235.8750,4,47.9268,2969,1
7911,31.9966,32.0078,4096,235.8750,4,47.9268,2969,1
7912,31.9966,32.0078,4096,235.8750,4,47.9268,2969,1
7913,31.9966,32.0078,4096,235.8750,4,47.9268,2969,1
7914,31.9966,32.0078,4096,235.8750,4,47.9268,2970,1
7915,31.9966,32.0078,4096,235.8750,4,47.9268,2970,1
7916,31.9966,32.0078,4096,235.8750,4,47.9268,2970,1
7917,31.9966,32.0078,4096,235.8750,4,47.9268,2971,1
7918,31.9966,32.0078,4096,235.8750,4,47.9268,2971,1
7919,31.9966,32.0078,4096,235.8750,4,47.9268,2972,1
7920,31.9966,32.0078,4096,235.8750,4,47.9268,2972,1
7921,31.9966,32.0078,4096,235.8750,4,47.9268,2973,1
7922,31.9966,32.0078,4096,235.8750,4,47.9268,2973,1
7923,31.9966,32.0078,4096,235.8750,4,47.9268,2973,1
7924,31.9966,32.0078,4096,235.8750,4,47.9268,2973,1
7925,31.9966,32.0078,4096,235.8750,4,47.9268,2973,1
7926,31.9966,32.0078,4096,235.8750,4,47.9268,2973,1
7927,31.9966,32.0078,4096,235.8750,4,47.9268,2973,1
7928,31.9966,32.0078,4096,235.8750,4,47.9268,2973,1
7929,31.9966,32.0078,4096,235.8750,4,47.9268,2973,1
7930,31.9966,32.0078,4096,235.8750,4,47.9268,2973,1
7931,31.9966,32.0078,4096,235.8750,4,47.9268,2974,1
7932,31.9966,32.0078,4096,235.8750,4,47.9268,2974,1
7933,31.9966,32.0078,4096,235.8750,4,47.9268,2974,1
7934,31.9966,32.0078,4096,235.8750,4,47.9268,2975,1
7935,31.9966,32.0078,4096,235.8750,4,47.9268,2975,1
7936,31.9966,32.0078,4096,235.8750,4,47.9268,2975,1
7937,31.9966,32.0078,4096,235.8750,4,47.9268,2975,1
7938,31.9966,32.0078,4096,235.8750,4,47.9268,2976,1
7939,31.9966,32.0078,4096,235.8750,4,47.9268,2976,1
7940,31.9966,32.0078,4096,235.8750,4,47.9268,2976,1
7941,31.9966,32.0078,4096,235.8750,4,47.9268,2977,1
7942,31.9966,32.0078,4096,235.8750,4,47.9268,2977,1
7943,31.9966,32.0078,4096,235.8750,4,47.9268,2977,1
7944,31.9966,32.0078,4096,235.8750,4,47.9268,2977,1
7945,31.9966,32.0078,4096,235.8750,4,47.9268,2977,1
7946,31.9966,32.0078,4096,235.8750,4,47.9268,2977,1
7947,31.9966,32.0078,4096,235.8750,4,47.9268,2977,1
7948,31.9966,32.0078,4096,235.8750,4,47.9268,2978,1
7949,31.9966,32.0078,4096,235.8750,4,47.9268,2979,1
7950,31.9966,32.0078,4096,235.8750,4,47.9268,2979,1
7951,31.9966,32.0078,4096,235.8750,4,47.9268,2979,1
7952,31.9966,32.0078,4096,235.8750,4,47.9268,2979,1
7953,31.9966,32.0078,4096,235.8750,4,47.9268,2979,1
7954,31.9966,32.0078,4096,235.8750,4,47.9268,2980,1
7955,31.9966,32.0078,4096,235.8750,4,47.9268,2980,1
7956,31.9966,32.0078,4096,235.8750,4,47.9268,2980,1
7957,31.9966,32.0078,4096,235.8750,4,47.9268,2980,1
7958,31.9966,32.0078,4096,235.8750,4,47.9268,2980,1
7959,31.9966,32.0078,4096,235.8750,4,47.9268,2980,1
7960,31.9966,32.0078,4096,235.8750,4,47.9268,2981,1
7961,31.9966,32.0078,4096,235.8750,4,47.9268,2981,1
7962,31.9966,32.0078,4096,235.8750,4,47.9268,2982,1
7963,31.9966,32.0078,4096,235.8750,4,47.9268,2982,1
7964,31.9966,32.0078,4096,235.8750,4,47.9268,2982,1
7965,31.9966,32.0078,4096,235.8750,4,47.9268,2983,1
7966,31.9966,32.0078,4096,235.8750,4,47.9268,2983,1
7967,31.9966,32.0078,4096,235.8750,4,47.9268,2983,1
7968,31.9966,32.0078,4096,235.8750,4,47.9268,2984,1
7969,31.9966,32.0078,4096,235.8750,4,47.9268,2985,1
7970,31.9966,32.0078,4096,235.8750,4,47.9268,2985,1
7971,31.9966,32.0078,4096,235.8750,4,47.9268,2986,1
7972,31.9966,32.0078,4096,235.8750,4,47.9268,2986,1
7973,31.9966,32.0078,4096,235.8750,4,47.9268,2986,1
7974,31.9966,32.0078,4096,235.8750,4,47.9268,2986,1
7975,31.9966,32.0078,4096,235.8750,4,47.9268,2986,1
7976,31.9966,32.0078,4096,235.8750,4,47.9268,2987,1
7977,31.9966,32.0078,4096,235.8750,4,47.9268,2987,1
7978,31.9966,32.0078,4096,235.8750,4,47.9268,2988,1
7979,31.9966,32.0078,4096,235.8750,4,47.9268,2988,1
7980,31.9966,32.0078,4096,235.8750,4,47.9268,2988,1
7981,31.9966,32.0078,4096,235.8750,4,47.9268,2988,1
7982,31.9966,32.0078,4096,235.8750,4,47.9268,2989,1
7983,31.9966,32.0078,4096,235.8750,4,47.9268,2990,1
7984,31.9966,32.0078,4096,235.8750,4,47.9268,2990,1
7985,31.9966,32.0078,4096,235.8750,4,47.9268,2990,1
7986,31.9966,32.0078,4096,235.8750,4,47.9268,2991,1
7987,31.9966,32.0078,4096,235.8750,4,47.9268,2992,1
7988,31.9966,32.0078,4096,235.8750,4,47.9268,2992,1
7989,31.9966,32.0078,4096,235.8750,4,47.9268,2993,1
7990,31.9966,32.0078,4096,235.8750,4,47.9268,2993,1
7991,31.9966,32.0078,4096,235.8750,4,47.9268,2993,1
7992,31.9966,32.0078,4096,235.8750,4,47.9268,2994,1
7993,31.9966,32.0078,4096,235.8750,4,47.9268,2994,1
7994,31.9966,32.0078,4096,235.8750,4,47.9268,2995,1
7995,31.9966,32.0078,4096,235.8750,4,47.9268,2995,1
7996,31.9966,32.0078,4096,235.8750,4,47.9268,2996,1
7997,31.9966,32.0078,4096,235.8750,4,47.9268,2996,1
7998,31.9966,32.0078,4096,235.8750,4,47.9268,2996,1
7999,31.9966,32.0078,4096,235.8750,4,47.9268,2996,1
8000,31.9966,32.0078,4096,235.8750,4,47.9268,2997,1
8001,31.9966,32.0078,4096,235.8750,4,47.9268,2997,1
8002,31.9966,32.0078,4096,235.8750,4,47.9268,2998,1
8003,31.9966,32.0078,4096,235.8750,4,47.9268,2998,1
8004,31.9966,32.0078,4096,235.8750,4,47.9268,2998,1
8005,31.9966,32.0078,4096,235.8750,4,47.9268,2998,1
8006,31.9966,32.0078,4096,235.8750,4,47.9268,2998,1
8007,31.9966,32.0078,4096,235.8750,4,47.9268,2999,1
8008,31.9966,32.0078,4096,235.8750,4,47.9268,2999,1
8009,31.9966,32.0078,4096,235.8750,4,47.9268,3000,1
8010,31.9966,32.0078,4096,235.8750,4,47.9268,3000,1
8011,31.9966,32.0078,4096,235.8750,4,47.9268,3000,1
8012,31.9966,32.0078,4096,235.8750,4,47.9268,3000,1
8013,31.9966,32.0078,4096,235.8750,4,47.9268,3001,1
8014,31.9966,32.0078,4096,235.8750,4,47.9268,3001,1
8015,31.9966,32.0078,4096,235.8750,4,47.9268,3001,1
8016,31.9966,32.0078,4096,235.8750,4,47.9268,3001,1
8017,31.9966,32.0078,4096,235.8750,4,47.9268,3001,1
8018,31.9966,32.0078,4096,235.8750,4,47.9268,3001,1
8019,31.9966,32.0078,4096,235.8750,4,47.9268,3002,1
8020,31.9966,32.0078,4096,235.8750,4,47.9268,3002,1
8021,31.9966,32.0078,4096,235.8750,4,47.9268,3002,1
8022,31.9966,32.0078,4096,235.8750,4,47.9268,3002,1
8023,31.9966,32.0078,4096,235.8750,4,47.9268,3002,1
8024,31.9966,32.0078,4096,235.8750,4,47.9268,3003,1
8025,31.9966,32.0078,4096,235.8750,4,47.9268,3003,1
8026,31.9966,32.0078,4096,235.8750,4,47.9268,3003,1
8027,31.9966,32.0078,4096,235.8750,4,47.9268,3003,1
8028,31.9966,32.0078,4096,235.8750,4,47.9268,3003,1
8029,31.9966,32.0078,4096,235.8750,4,47.9268,3003,1
8030,31.9966,32.0078,4096,235.8750,4,47.9268,3003,1
8031,31.9966,32.0078,4096,235.8750,4,47.9268,3003,1
8032,31.9966,32.0078,4096,235.8750,4,47.9268,3003,1
8033,31.9966,32.0078,4096,235.8750,4,47.9268,3003,1
8034,31.9966,32.0078,4096,235.8750,4,47.9268,3003,1
8035,31.9966,32.0078,4096,235.8750,4,47.9268,3003,1
8036,31.9966,32.0078,4096,235.8750,4,47.9268,3003,1
8037,31.9966,32.0078,4096,235.8750,4,47.9268,3003,1
8038,31.9966,32.0078,4096,235.8750,4,47.9268,3003,1
8039,31.9966,32.0078,4096,235.8750,4,47.9268,3003,1
8040,31.9966,32.0078,4096,235.8750,4,47.9268,3003,1
8041,31.9966,32.0078,4096,235.8750,4,47.9268,3003,1
8042,31.9966,32.0078,4096,235.8750,4,47.9268,3003,1
8043,31.9966,32.0078,4096,235.8750,4,47.9268,3003,1
8044,31.9966,32.0078,4096,235.8750,4,47.9268,3003,1
8045,31.9966,32.0078,4096,235.8750,4,47.9268,3004,1
8046,31.9966,32.0078,4096,235.8750,4,47.9268,3004,1
8047,31.9966,32.0078,4096,235.8750,4,47.9268,3005,1
8048,31.9966,32.0078,4096,235.8750,4,47.9268,3006,1
8049,31.9966,32.0078,4096,235.8750,4,47.9268,3007,1
8050,31.9966,32.0078,4096,235.8750,4,47.9268,3007,1
8051,31.9966,32.0078,4096,235.8750,4,47.9268,3007,1
8052,31.9966,32.0078,4096,235.8750,4,47.9268,3007,1
8053,31.9966,32.0078,4096,235.8750,4,47.9268,3008,1
8054,31.9966,32.0078,4096,235.8750,4,47.9268,3009,1
8055,31.9966,32.0078,4096,235.8750,4,47.9268,3009,1
8056,31.9966,32.0078,4096,235.8750,4,47.9268,3010,1
8057,31.9966,32.0078,4096,235.8750,4,47.9268,3011,1
8058,31.9966,32.0078,4096,235.8750,4,47.9268,3011,1
8059,31.9966,32.0078,4096,235.8750,4,47.9268,3012,1
8060,31.9966,32.0078,4096,235.8750,4,47.9268,3012,1
8061,31.9966,32.0078,4096,235.8750,4,47.9268,3012,1
8062,31.9966,32.0078,4096,235.8750,4,47.9268,3012,1
8063,31.9966,32.0078,4096,235.8750,4,47.9268,3012,1
8064,31.9966,32.0078,4096,235.8750,4,47.9268,3012,1
8065,31.9966,32.0078,4096,235.8750,4,47.9268,3012,1
8066,31.9966,32.0078,4096,235.8750,4,47.9268,3012,1
8067,31.9966,32.0078,4096,235.8750,4,47.9268,3012,1
8068,31.9966,32.0078,4096,235.8750,4,47.9268,3012,1
8069,31.9966,32.0078,4096,235.8750,4,47.9268,3013,1
8070,31.9966,32.0078,4096,235.8750,4,47.9268,3013,1
8071,31.9966,32.0078,4096,235.8750,4,47.9268,3013,1
8072,31.9966,32.0078,4096,235.8750,4,47.9268,3014,1
8073,31.9966,32.0078,4096,235.8750,4,47.9268,3014,1
8074,31.9966,32.0078,4096,235.8750,4,47.9268,3015,1
8075,31.9966,32.0078,4096,235.8750,4,47.9268,3016,1
8076,31.9966,32.0078,4096,235.8750,4,47.9268,3017,1
8077,31.9966,32.0078,4096,235.8750,4,47.9268,3017,1
8078,31.9966,32.0078,4096,235.8750,4,47.9268,3017,1
8079,31.9966,32.0078,4096,235.8750,4,47.9268,3017,1
8080,31.9966,32.0078,4096,235.8750,4,47.9268,3018,1
8081,31.9966,32.0078,4096,235.8750,4,47.9268,3018,1
8082,31.9966,32.0078,4096,235.8750,4,47.9268,3018,1
8083,31.9966,32.0078,4096,235.8750,4,47.9268,3018,1
8084,31.9966,32.0078,4096,235.8750,4,47.9268,3018,1
8085,31.9966,32.0078,4096,235.8750,4,47.9268,3018,1
8086,31.9966,32.0078,4096,235.8750,4,47.9268,3019,1
8087,31.9966,32.0078,4096,235.8750,4,47.9268,3019,1
8088,31.9966,32.0078,4096,235.8750,4,47.9268,3020,1
8089,31.9966,32.0078,4096,235.8750,4,47.9268,3020,1
8090,31.9966,32.0078,4096,235.8750,4,47.9268,3020,1
8091,31.9966,32.0078,4096,235.8750,4,47.9268,3021,1
8092,31.9966,32.0078,4096,235.8750,4,47.9268,3021,1
8093,31.9966,32.0078,4096,235.8750,4,47.9268,3022,1
8094,31.9966,32.0078,4096,235.8750,4,47.9268,3022,1
8095,31.9966,32.0078,4096,235.8750,4,47.9268,3023,1
8096,31.9966,32.0078,4096,235.8750,4,47.9268,3024,1
8097,31.9966,32.0078,4096,235.8750,4,47.9268,3025,1
8098,31.9966,32.0078,4096,235.8750,4,47.9268,3026,1
8099,31.9966,32.0078,4096,235.8750,4,47.9268,3027,1
8100,31.9966,32.0078,4096,235.8750,4,47.9268,3027,1
8101,31.9966,32.0078,4096,235.8750,4,47.9268,3027,1
8102,31.9966,32.0078,4096,235.8750,4,47.9268,3027,1
8103,31.9966,32.0078,4096,235.8750,4,47.9268,3028,1
8104,31.9966,32.0078,4096,235.8750,4,47.9268,3028,1
8105,31.9966,32.0078,4096,235.8750,4,47.9268,3028,1
8106,31.9966,32.0078,4096,235.8750,4,47.9268,3028,1
8107,31.9966,32.0078,4096,235.8750,4,47.9268,3029,1
8108,31.9966,32.0078,4096,235.8750,4,47.9268,3029,1
8109,31.9966,32.0078,4096,235.8750,4,47.9268,3030,1
8110,31.9966,32.0078,4096,235.8750,4,47.9268,3030,1
8111,31.9966,32.0078,4096,235.8750,4,47.9268,3030,1
8112,31.9966,32.0078,4096,235.8750,4,47.9268,3030,1
8113,31.9966,32.0078,4096,235.8750,4,47.9268,3030,1
8114,31.9966,32.0078,4096,235.8750,4,47.9268,3030,1
8115,31.9966,32.0078,4096,235.8750,4,47.9268,3030,1
8116,31.9966,32.0078,4096,235.8750,4,47.9268,3030,1
8117,31.9966,32.0078,4096,235.8750,4,47.9268,3030,1
8118,31.9966,32.0078,4096,235.8750,4,47.9268,3030,1
8119,31.9966,32.0078,4096,235.8750,4,47.9268,3030,1
8120,31.9966,32.0078,4096,235.8750,4,47.9268,3030,1
8121,31.9966,32.0078,4096,235.8750,4,47.9268,3030,1
8122,31.9966,32.0078,4096,235.8750,4,47.9268,3030,1
8123,31.9966,32.0078,4096,235.8750,4,47.9268,3030,1
8124,31.9966,32.0078,4096,235.8750,4,47.9268,3030,1
8125,31.9966,32.0078,4096,235.8750,4,47.9268,3030,1
8126,31.9966,32.0078,4096,235.8750,4,47.9268,3030,1
8127,31.9966,32.0078,4096,235.8750,4,47.9268,3030,1
8128,31.9966,32.0078,4096,235.8750,4,47.9268,3030,1
8129,31.9966,32.0078,4096,235.8750,4,47.9268,3030,1
8130,31.9966,32.0078,4096,235.8750,4,47.9268,3030,1
8131,31.9966,32.0078,4096,235.8750,4,47.9268,3031,1
8132,31.9966,32.0078,4096,235.8750,4,47.9268,3032,1
8133,31.9966,32.0078,4096,235.8750,4,47.9268,3033,1
8134,31.9966,32.0078,4096,235.8750,4,47.9268,3033,1
8135,31.9966,32.0078,4096,235.8750,4,47.9268,3033,1
8136,31.9966,32.0078,4096,235.8750,4,47.9268,3034,1
8137,31.9966,32.0078,4096,235.8750,4,47.9268,3034,1
8138,31.9966,32.0078,4096,235.8750,4,47.9268,3034,1
8139,31.9966,32.0078,4096,235.8750,4,47.9268,3035,1
8140,31.9966,32.0078,4096,235.8750,4,47.9268,3035,1
8141,31.9966,32.0078,4096,235.8750,4,47.9268,3036,1
8142,31.9966,32.0078,4096,235.8750,4,47.9268,3036,1
8143,31.9966,32.0078,4096,235.8750,4,47.9268,3036,1
8144,31.9966,32.0078,4096,235.8750,4,47.9268,3036,1
8145,31.9966,32.0078,4096,235.8750,4,47.9268,3036,1
8146,31.9966,32.0078,4096,235.8750,4,47.9268,3037,1
8147,31.9966,32.0078,4096,235.8750,4,47.9268,3038,1
8148,31.9966,32.0078,4096,235.8750,4,47.9268,3039,1
8149,31.9966,32.0078,4096,235.8750,4,47.9268,3039,1
8150,31.9966,32.0078,4096,235.8750,4,47.9268,3040,1
8151,31.9966,32.0078,4096,235.8750,4,47.9268,3040,1
8152,31.9966,32.0078,4096,235.8750,4,47.9268,3040,1
8153,31.9966,32.0078,4096,235.8750,4,47.9268,3041,1
8154,31.9966,32.0078,4096,235.8750,4,47.9268,3042,1
8155,31.9966,32.0078,4096,235.8750,4,47.9268,3042,1
8156,31.9966,32.0078,4096,235.8750,4,47.9268,3042,1
8157,31.9966,32.0078,4096,235.8750,4,47.9268,3042,1
8158,31.9966,32.0078,4096,235.8750,4,47.9268,3042,1
8159,31.9966,32.0078,4096,235.8750,4,47.9268,3042,1
8160,31.9966,32.0078,4096,235.8750,4,47.9268,3042,1
8161,31.9966,32.0078,4096,235.8750,4,47.9268,3043,1
8162,31.9966,32.0078,4096,235.8750,4,47.9268,3043,1
8163,31.9966,32.0078,4096,235.8750,4,47.9268,3044,1
8164,31.9966,32.0078,4096,235.8750,4,47.9268,3045,1
8165,31.9966,32.0078,4096,235.8750,4,47.9268,3045,1
8166,31.9966,32.0078,4096,235.8750,4,47.9268,3045,1
8167,31.9966,32.0078,4096,235.8750,4,47.9268,3045,1
8168,31.9966,32.0078,4096,235.8750,4,47.9268,3045,1
8169,31.9966,32.0078,4096,235.8750,4,47.9268,3046,1
8170,31.9966,32.0078,4096,235.8750,4,47.9268,3046,1
8171,31.9966,32.0078,4096,235.8750,4,47.9268,3047,1
8172,31.9966,32.0078,4096,235.8750,4,47.9268,3047,1
8173,31.9966,32.0078,4096,235.8750,4,47.9268,3048,1
8174,31.9966,32.0078,4096,235.8750,4,47.9268,3049,1
8175,31.9966,32.0078,4096,235.8750,4,47.9268,3049,1
8176,31.9966,32.0078,4096,235.8750,4,47.9268,3050,1
8177,31.9966,32.0078,4096,235.8750,4,47.9268,3050,1
8178,31.9966,32.0078,4096,235.8750,4,47.9268,3050,1
8179,31.9966,32.0078,4096,235.8750,4,47.9268,3051,1
8180,31.9966,32.0078,4096,235.8750,4,47.9268,3052,1
8181,31.9966,32.0078,4096,235.8750,4,47.9268,3052,1
8182,31.9966,32.0078,4096,235.8750,4,47.9268,3052,1
8183,31.9966,32.0078,4096,235.8750,4,47.9268,3052,1
8184,31.9966,32.0078,4096,235.8750,4,47.9268,3052,1
8185,31.9966,32.0078,4096,235.8750,4,47.9268,3053,1
8186,31.9966,32.0078,4096,235.8750,4,47.9268,3053,1
8187,31.9966,32.0078,4096,235.8750,4,47.9268,3053,1
8188,31.9966,32.0078,4096,235.8750,4,47.9268,3053,1
8189,31.9966,32.0078,4096,235.8750,4,47.9268,3053,1
8190,31.9966,32.0078,4096,235.8750,4,47.9268,3053,1
8191,31.9966,32.0078,4096,235.8750,4,47.9268,3053,1
8192,31.9966,32.0078,4096,235.8750,4,47.9268,3053,1
8193,31.9966,32.0078,4096,235.8750,4,47.9268,3053,1
8194,31.9966,32.0078,4096,235.8750,4,47.9268,3053,1
8195,31.9966,32.0078,4096,235.8750,4,47.9268,3053,1
8196,31.9966,32.0078,4096,235.8750,4,47.9268,3053,1
8197,31.9966,32.0078,4096,235.8750,4,47.9268,3053,1
8198,31.9966,32.0078,4096,235.8750,4,47.9268,3053,1
8199,31.9966,32.0078,4096,235.8750,4,47.9268,3053,1
8200,31.9966,32.0078,4096,235.8750,4,47.9268,3053,1
8201,31.9966,32.0078,4096,235.8750,4,47.9268,3054,1
8202,31.9966,32.0078,4096,235.8750,4,47.9268,3055,1
8203,31.9966,32.0078,4096,235.8750,4,47.9268,3055,1
8204,31.9966,32.0078,4096,235.8750,4,47.9268,3055,1
8205,31.9966,32.0078,4096,235.8750,4,47.9268,3055,1
8206,31.9966,32.0078,4096,235.8750,4,47.9268,3055,1
8207,31.9966,32.0078,4096,235.8750,4,47.9268,3056,1
8208,31.9966,32.0078,4096,235.8750,4,47.9268,3057,1
8209,31.9966,32.0078,4096,235.8750,4,47.9268,3057,1
8210,31.9966,32.0078,4096,235.8750,4,47.9268,3057,1
8211,31.9966,32.0078,4096,235.8750,4,47.9268,3058,1
8212,31.9966,32.0078,4096,235.8750,4,47.9268,3058,1
8213,31.9966,32.0078,4096,235.8750,4,47.9268,3058,1
8214,31.9966,32.0078,4096,235.8750,4,47.9268,3058,1
8215,31.9966,32.0078,4096,235.8750,4,47.9268,3058,1
8216,31.9966,32.0078,4096,235.8750,4,47.9268,3058,1
8217,31.9966,32.0078,4096,235.8750,4,47.9268,3058,1
8218,31.9966,32.0078,4096,235.8750,4,47.9268,3058,1
8219,31.9966,32.0078,4096,235.8750,4,47.9268,3058,1
8220,31.9966,32.0078,4096,235.8750,4,47.9268,3058,1
8221,31.9966,32.0078,4096,235.8750,4,47.9268,3058,1
8222,31.9966,32.0078,4096,235.8750,4,47.9268,3058,1
8223,31.9966,32.0078,4096,235.8750,4,47.9268,3058,1
8224,31.9966,32.0078,4096,235.8750,4,47.9268,3058,1
8225,31.9966,32.0078,4096,235.8750,4,47.9268,3058,1
8226,31.9966,32.0078,4096,235.8750,4,47.9268,3058,1
8227,31.9966,32.0078,4096,235.8750,4,47.9268,3058,1
8228,31.9966,32.0078,4096,235.8750,4,47.9268,3058,1
8229,31.9966,32.0078,4096,235.8750,4,47.9268,3058,1
8230,31.9966,32.0078,4096,235.8750,4,47.9268,3059,1
8231,31.9966,32.0078,4096,235.8750,4,47.9268,3060,1
8232,31.9966,32.0078,4096,235.8750,4,47.9268,3061,1
8233,31.9966,32.0078,4096,235.8750,4,47.9268,3061,1
8234,31.9966,32.0078,4096,235.8750,4,47.9268,3061,1
8235,31.9966,32.0078,4096,235.8750,4,47.9268,3061,1
8236,31.9966,32.0078,4096,235.8750,4,47.9268,3061,1
8237,31.9966,32.0078,4096,235.8750,4,47.9268,3061,1
8238,31.9966,32.0078,4096,235.8750,4,47.9268,3061,1
8239,31.9966,32.0078,4096,235.8750,4,47.9268,3061,1
8240,31.9966,32.0078,4096,235.8750,4,47.9268,3061,1
8241,31.9966,32.0078,4096,235.8750,4,47.9268,3061,1
8242,31.9966,32.0078,4096,235.8750,4,47.9268,3061,1
8243,31.9966,32.0078,4096,235.8750,4,47.9268,3062,1
8244,31.9966,32.0078,4096,235.8750,4,47.9268,3062,1
8245,31.9966,32.0078,4096,235.8750,4,47.9268,3062,1
8246,31.9966,32.0078,4096,235.8750,4,47.9268,3062,1
8247,31.9966,32.0078,4096,235.8750,4,47.9268,3062,1
8248,31.9966,32.0078,4096,235.8750,4,47.9268,3062,1
8249,31.9966,32.0078,4096,235.8750,4,47.9268,3063,1
8250,31.9966,32.0078,4096,235.8750,4,47.9268,3063,1
8251,31.9966,32.0078,4096,235.8750,4,47.9268,3063,1
8252,31.9966,32.0078,4096,235.8750,4,47.9268,3063,1
8253,31.9966,32.0078,4096,235.8750,4,47.9268,3063,1
8254,31.9966,32.0078,4096,235.8750,4,47.9268,3063,1
8255,31.9966,32.0078,4096,235.8750,4,47.9268,3064,1
8256,31.9966,32.0078,4096,235.8750,4,47.9268,3064,1
8257,31.9966,32.0078,4096,235.8750,4,47.9268,3064,1
8258,31.9966,32.0078,4096,235.8750,4,47.9268,3064,1
8259,31.9966,32.0078,4096,235.8750,4,47.9268,3064,1
8260,31.9966,32.0078,4096,235.8750,4,47.9268,3064,1
8261,31.9966,32.0078,4096,235.8750,4,47.9268,3064,1
8262,31.9966,32.0078,4096,235.8750,4,47.9268,3065,1
8263,31.9966,32.0078,4096,235.8750,4,47.9268,3065,1
8264,31.9966,32.0078,4096,235.8750,4,47.9268,3065,1
8265,31.9966,32.0078,4096,235.8750,4,47.9268,3065,1
8266,31.9966,32.0078,4096,235.8750,4,47.9268,3066,1
8267,31.9966,32.0078,4096,235.8750,4,47.9268,3066,1
8268,31.9966,32.0078,4096,235.8750,4,47.9268,3067,1
8269,31.9966,32.0078,4096,235.8750,4,47.9268,3067,1
8270,31.9966,32.0078,4096,235.8750,4,47.9268,3067,1
8271,31.9966,32.0078,4096,235.8750,4,47.9268,3067,1
8272,31.9966,32.0078,4096,235.8750,4,47.9268,3067,1
8273,31.9966,32.0078,4096,235.8750,4,47.9268,3067,1
8274,31.9966,32.0078,4096,235.8750,4,47.9268,3068,1
8275,31.9966,32.0078,4096,235.8750,4,47.9268,3068,1
8276,31.9966,32.0078,4096,235.8750,4,47.9268,3068,1
8277,31.9966,32.0078,4096,235.8750,4,47.9268,3069,1
8278,31.9966,32.0078,4096,235.8750,4,47.9268,3069,1
8279,31.9966,32.0078,4096,235.8750,4,47.9268,3070,1
8280,31.9966,32.0078,4096,235.8750,4,47.9268,3070,1
8281,31.9966,32.0078,4096,235.8750,4,47.9268,3070,1
8282,31.9966,32.0078,4096,235.8750,4,47.9268,3070,1
8283,31.9966,32.0078,4096,235.8750,4,47.9268,3070,1
8284,31.9966,32.0078,4096,235.8750,4,47.9268,3070,1
8285,31.9966,32.0078,4096,235.8750,4,47.9268,3070,1
8286,31.9966,32.0078,4096,235.8750,4,47.9268,3071,1
8287,31.9966,32.0078,4096,235.8750,4,47.9268,3071,1
8288,31.9966,32.0078,4096,235.8750,4,47.9268,3071,1
8289,31.9966,32.0078,4096,235.8750,4,47.9268,3071,1
8290,31.9966,32.0078,4096,235.8750,4,47.9268,3072,1
8291,31.9966,32.0078,4096,235.8750,4,47.9268,3072,1
8292,31.9966,32.0078,4096,235.8750,4,47.9268,3072,1
8293,31.9966,32.0078,4096,235.8750,4,47.9268,3072,1
8294,31.9966,32.0078,4096,235.8750,4,47.9268,3073,1
8295,31.9966,32.0078,4096,235.8750,4,47.9268,3074,1
8296,31.9966,32.0078,4096,235.8750,4,47.9268,3074,1
8297,31.9966,32.0078,4096,235.8750,4,47.9268,3075,1
8298,31.9966,32.0078,4096,235.8750,4,47.9268,3075,1
8299,31.9966,32.0078,4096,235.8750,4,47.9268,3075,1
8300,31.9966,32.0078,4096,235.8750,4,47.9268,3076,1
8301,31.9966,32.0078,4096,235.8750,4,47.9268,3076,1
8302,31.9966,32.0078,4096,235.8750,4,47.9268,3077,1
8303,31.9966,32.0078,4096,235.8750,4,47.9268,3078,1
8304,31.9966,32.0078,4096,235.8750,4,47.9268,3078,1
8305,31.9966,32.0078,4096,235.8750,4,47.9268,3079,1
8306,31.9966,32.0078,4096,235.8750,4,47.9268,3079,1
8307,31.9966,32.0078,4096,235.8750,4,47.9268,3079,1
8308,31.9966,32.0078,4096,235.8750,4,47.9268,3079,1
8309,31.9966,32.0078,4096,235.8750,4,47.9268,3079,1
8310,31.9966,32.0078,4096,235.8750,4,47.9268,3079,1
8311,31.9966,32.0078,4096,235.8750,4,47.9268,3080,1
8312,31.9966,32.0078,4096,235.8750,4,47.9268,3080,1
8313,31.9966,32.0078,4096,235.8750,4,47.9268,3081,1
8314,31.9966,32.0078,4096,235.8750,4,47.9268,3082,1
8315,31.9966,32.0078,4096,235.8750,4,47.9268,3083,1
8316,31.9966,32.0078,4096,235.8750,4,47.9268,3083,1
8317,31.9966,32.0078,4096,235.8750,4,47.9268,3083,1
8318,31.9966,32.0078,4096,235.8750,4,47.9268,3083,1
8319,31.9966,32.0078,4096,235.8750,4,47.9268,3084,1
8320,31.9966,32.0078,4096,235.8750,4,47.9268,3084,1
8321,31.9966,32.0078,4096,235.8750,4,47.9268,3084,1
8322,31.9966,32.0078,4096,235.8750,4,47.9268,3084,1
8323,31.9966,32.0078,4096,235.8750,4,47.9268,3085,1
8324,31.9966,32.0078,4096,235.8750,4,47.9268,3085,1
8325,31.9966,32.0078,4096,235.8750,4,47.9268,3085,1
8326,31.9966,32.0078,4096,235.8750,4,47.9268,3085,1
8327,31.9966,32.0078,4096,235.8750,4,47.9268,3085,1
8328,31.9966,32.0078,4096,235.8750,4,47.9268,3085,1
8329,31.9966,32.0078,4096,235.8750,4,47.9268,3085,1
8330,31.9966,32.0078,4096,235.8750,4,47.9268,3086,1
8331,31.9966,32.0078,4096,235.8750,4,47.9268,3086,1
8332,31.9966,32.0078,4096,235.8750,4,47.9268,3086,1
8333,31.9966,32.0078,4096,235.8750,4,47.9268,3086,1
8334,31.9966,32.0078,4096,235.8750,4,47.9268,3086,1
8335,31.9966,32.0078,4096,235.8750,4,47.9268,3087,1
8336,31.9966,32.0078,4096,235.8750,4,47.9268,3087,1
8337,31.9966,32.0078,4096,235.8750,4,47.9268,3087,1
8338,31.9966,32.0078,4096,235.8750,4,47.9268,3088,1
8339,31.9966,32.0078,4096,235.8750,4,47.9268,3088,1
8340,31.9966,32.0078,4096,235.8750,4,47.9268,3088,1
8341,31.9966,32.0078,4096,235.8750,4,47.9268,3089,1
8342,31.9966,32.0078,4096,235.8750,4,47.9268,3089,1
8343,31.9966,32.0078,4096,235.8750,4,47.9268,3090,1
8344,31.9966,32.0078,4096,235.8750,4,47.9268,3090,1
8345,31.9966,32.0078,4096,235.8750,4,47.9268,3090,1
8346,31.9966,32.0078,4096,235.8750,4,47.9268,3090,1
8347,31.9966,32.0078,4096,235.8750,4,47.9268,3090,1
8348,31.9966,32.0078,4096,235.8750,4,47.9268,3091,1
8349,31.9966,32.0078,4096,235.8750,4,47.9268,3092,1
8350,31.9966,32.0078,4096,235.8750,4,47.9268,3092,1
8351,31.9966,32.0078,4096,235.8750,4,47.9268,3092,1
8352,31.9966,32.0078,4096,235.8750,4,47.9268,3092,1
8353,31.9966,32.0078,4096,235.8750,4,47.9268,3092,1
8354,31.9966,32.0078,4096,235.8750,4,47.9268,3092,1
8355,31.9966,32.0078,4096,235.8750,4,47.9268,3092,1
8356,31.9966,32.0078,4096,235.8750,4,47.9268,3092,1
8357,31.9966,32.0078,4096,235.8750,4,47.9268,3093,1
8358,31.9966,32.0078,4096,235.8750,4,47.9268,3093,1
8359,31.9966,32.0078,4096,235.8750,4,47.9268,3093,1
8360,31.9966,32.0078,4096,235.8750,4,47.9268,3094,1
8361,31.9966,32.0078,4096,235.8750,4,47.9268,3094,1
8362,31.9966,32.0078,4096,235.8750,4,47.9268,3094,1
8363,31.9966,32.0078,4096,235.8750,4,47.9268,3094,1
8364,31.9966,32.0078,4096,235.8750,4,47.9268,3094,1
8365,31.9966,32.0078,4096,235.8750,4,47.9268,3095,1
8366,31.9966,32.0078,4096,235.8750,4,47.9268,3095,1
8367,31.9966,32.0078,4096,235.8750,4,47.9268,3096,1
8368,31.9966,32.0078,4096,235.8750,4,47.9268,3096,1
8369,31.9966,32.0078,4096,235.8750,4,47.9268,3097,1
8370,31.9966,32.0078,4096,235.8750,4,47.9268,3097,1
8371,31.9966,32.0078,4096,235.8750,4,47.9268,3097,1
8372,31.9966,32.0078,4096,235.8750,4,47.9268,3097,1
8373,31.9966,32.0078,4096,235.8750,4,47.9268,3097,1
8374,31.9966,32.0078,4096,235.8750,4,47.9268,3098,1
8375,31.9966,32.0078,4096,235.8750,4,47.9268,3098,1
8376,31.9966,32.0078,4096,235.8750,4,47.9268,3098,1
8377,31.9966,32.0078,4096,235.8750,4,47.9268,3098,1
8378,31.9966,32.0078,4096,235.8750,4,47.9268,3098,1
8379,31.9966,32.0078,4096,235.8750,4,47.9268,3098,1
8380,31.9966,32.0078,4096,235.8750,4,47.9268,3099,1
8381,31.9966,32.0078,4096,235.8750,4,47.9268,3099,1
8382,31.9966,32.0078,4096,235.8750,4,47.9268,3099,1
8383,31.9966,32.0078,4096,235.8750,4,47.9268,3099,1
8384,31.9966,32.0078,4096,235.8750,4,47.9268,3100,1
8385,31.9966,32.0078,4096,235.8750,4,47.9268,3101,1
8386,31.9966,32.0078,4096,235.8750,4,47.9268,3102,1
8387,31.9966,32.0078,4096,235.8750,4,47.9268,3102,1
8388,31.9966,32.0078,4096,235.8750,4,47.9268,3103,1
8389,31.9966,32.0078,4096,235.8750,4,47.9268,3104,1
8390,31.9966,32.0078,4096,235.8750,4,47.9268,3105,1
8391,31.9966,32.0078,4096,235.8750,4,47.9268,3105,1
8392,31.9966,32.0078,4096,235.8750,4,47.9268,3106,1
8393,31.9966,32.0078,4096,235.8750,4,47.9268,3107,1
8394,31.9966,32.0078,4096,235.8750,4,47.9268,3107,1
8395,31.9966,32.0078,4096,235.8750,4,47.9268,3108,1
8396,31.9966,32.0078,4096,235.8750,4,47.9268,3108,1
8397,31.9966,32.0078,4096,235.8750,4,47.9268,3108,1
8398,31.9966,32.0078,4096,235.8750,4,47.9268,3108,1
8399,31.9966,32.0078,4096,235.8750,4,47.9268,3108,1
8400,31.9966,32.0078,4096,235.8750,4,47.9268,3108,1
8401,31.9966,32.0078,4096,235.8750,4,47.9268,3108,1
8402,31.9966,32.0078,4096,235.8750,4,47.9268,3108,1
8403,31.9966,32.0078,4096,235.8750,4,47.9268,3109,1
8404,31.9966,32.0078,4096,235.8750,4,47.9268,3109,1
8405,31.9966,32.0078,4096,235.8750,4,47.9268,3109,1
8406,31.9966,32.0078,4096,235.8750,4,47.9268,3109,1
8407,31.9966,32.0078,4096,235.8750,4,47.9268,3109,1
8408,31.9966,32.0078,4096,235.8750,4,47.9268,3109,1
8409,31.9966,32.0078,4096,235.8750,4,47.9268,3110,1
8410,31.9966,32.0078,4096,235.8750,4,47.9268,3110,1
8411,31.9966,32.0078,4096,235.8750,4,47.9268,3110,1
8412,31.9966,32.0078,4096,235.8750,4,47.9268,3110,1
8413,31.9966,32.0078,4096,235.8750,4,47.9268,3110,1
8414,31.9966,32.0078,4096,235.8750,4,47.9268,3110,1
8415,31.9966,32.0078,4096,235.8750,4,47.9268,3111,1
8416,31.9966,32.0078,4096,235.8750,4,47.9268,3112,1
8417,31.9966,32.0078,4096,235.8750,4,47.9268,3112,1
8418,31.9966,32.0078,4096,235.8750,4,47.9268,3112,1
8419,31.9966,32.0078,4096,235.8750,4,47.9268,3112,1
8420,31.9966,32.0078,4096,235.8750,4,47.9268,3113,1
8421,31.9966,32.0078,4096,235.8750,4,47.9268,3113,1
8422,31.9966,32.0078,4096,235.8750,4,47.9268,3113,1
8423,31.9966,32.0078,4096,235.8750,4,47.9268,3114,1
8424,31.9966,32.0078,4096,235.8750,4,47.9268,3114,1
8425,31.9966,32.0078,4096,235.8750,4,47.9268,3115,1
8426,31.9966,32.0078,4096,235.8750,4,47.9268,3115,1
8427,31.9966,32.0078,4096,235.8750,4,47.9268,3116,1
8428,31.9966,32.0078,4096,235.8750,4,47.9268,3116,1
8429,31.9966,32.0078,4096,235.8750,4,47.9268,3116,1
8430,31.9966,32.0078,4096,235.8750,4,47.9268,3116,1
8431,31.9966,32.0078,4096,235.8750,4,47.9268,3116,1
8432,31.9966,32.0078,4096,235.8750,4,47.9268,3116,1
8433,31.9966,32.0078,4096,235.8750,4,47.9268,3117,1
8434,31.9966,32.0078,4096,235.8750,4,47.9268,3117,1
8435,31.9966,32.0078,4096,235.8750,4,47.9268,3117,1
8436,31.9966,32.0078,4096,235.8750,4,47.9268,3118,1
8437,31.9966,32.0078,4096,235.8750,4,47.9268,3118,1
8438,31.9966,32.0078,4096,235.8750,4,47.9268,3118,1
8439,31.9966,32.0078,4096,235.8750,4,47.9268,3118,1
8440,31.9966,32.0078,4096,235.8750,4,47.9268,3119,1
8441,31.9966,32.0078,4096,235.8750,4,47.9268,3120,1
8442,31.9966,32.0078,4096,235.8750,4,47.9268,3121,1
8443,31.9966,32.0078,4096,235.8750,4,47.9268,3122,1
8444,31.9966,32.0078,4096,235.8750,4,47.9268,3122,1
8445,31.9966,32.0078,4096,235.8750,4,47.9268,3122,1
8446,31.9966,32.0078,4096,235.8750,4,47.9268,3122,1
8447,31.9966,32.0078,4096,235.8750,4,47.9268,3122,1
8448,31.9966,32.0078,4096,235.8750,4,47.9268,3123,1
8449,31.9966,32.0078,4096,235.8750,4,47.9268,3123,1
8450,31.9966,32.0078,4096,235.8750,4,47.9268,3123,1
8451,31.9966,32.0078,4096,235.8750,4,47.9268,3123,1
8452,31.9966,32.0078,4096,235.8750,4,47.9268,3123,1
8453,31.9966,32.0078,4096,235.8750,4,47.9268,3123,1
8454,31.9966,32.0078,4096,235.8750,4,47.9268,3123,1
8455,31.9966,32.0078,4096,235.8750,4,47.9268,3124,1
8456,31.9966,32.0078,4096,235.8750,4,47.9268,3125,1
8457,31.9966,32.0078,4096,235.8750,4,47.9268,3125,1
8458,31.9966,32.0078,4096,235.8750,4,47.9268,3125,1
8459,31.9966,32.0078,4096,235.8750,4,47.9268,3126,1
8460,31.9966,32.0078,4096,235.8750,4,47.9268,3126,1
8461,31.9966,32.0078,4096,235.8750,4,47.9268,3126,1
8462,31.9966,32.0078,4096,235.8750,4,47.9268,3126,1
8463,31.9966,32.0078,4096,235.8750,4,47.9268,3127,1
8464,31.9966,32.0078,4096,235.8750,4,47.9268,3128,1
8465,31.9966,32.0078,4096,235.8750,4,47.9268,3129,1
8466,31.9966,32.0078,4096,235.8750,4,47.9268,3130,1
8467,31.9966,32.0078,4096,235.8750,4,47.9268,3131,1
8468,31.9966,32.0078,4096,235.8750,4,47.9268,3132,1
8469,31.9966,32.0078,4096,235.8750,4,47.9268,3132,1
8470,31.9966,32.0078,4096,235.8750,4,47.9268,3132,1
8471,31.9966,32.0078,4096,235.8750,4,47.9268,3132,1
8472,31.9966,32.0078,4096,235.8750,4,47.9268,3132,1
8473,31.9966,32.0078,4096,235.8750,4,47.9268,3132,1
8474,31.9966,32.0078,4096,235.8750,4,47.9268,3132,1
8475,31.9966,32.0078,4096,235.8750,4,47.9268,3133,1
8476,31.9966,32.0078,4096,235.8750,4,47.9268,3134,1
8477,31.9966,32.0078,4096,235.8750,4,47.9268,3135,1
8478,31.9966,32.0078,4096,235.8750,4,47.9268,3136,1
8479,31.9966,32.0078,4096,235.8750,4,47.9268,3137,1
8480,31.9966,32.0078,4096,235.8750,4,47.9268,3137,1
8481,31.9966,32.0078,4096,235.8750,4,47.9268,3137,1
8482,31.9966,32.0078,4096,235.8750,4,47.9268,3137,1
8483,31.9966,32.0078,4096,235.8750,4,47.9268,3138,1
8484,31.9966,32.0078,4096,235.8750,4,47.9268,3138,1
8485,31.9966,32.0078,4096,235.8750,4,47.9268,3138,1
8486,31.9966,32.0078,4096,235.8750,4,47.9268,3139,1
8487,31.9966,32.0078,4096,235.8750,4,47.9268,3139,1
8488,31.9966,32.0078,4096,235.8750,4,47.9268,3140,1
8489,31.9966,32.0078,4096,235.8750,4,47.9268,3140,1
8490,31.9966,32.0078,4096,235.8750,4,47.9268,3140,1
8491,31.9966,32.0078,4096,235.8750,4,47.9268,3140,1
8492,31.9966,32.0078,4096,235.8750,4,47.9268,3141,1
8493,31.9966,32.0078,4096,235.8750,4,47.9268,3141,1
8494,31.9966,32.0078,4096,235.8750,4,47.9268,3141,1
8495,31.9966,32.0078,4096,235.8750,4,47.9268,3141,1
8496,31.9966,32.0078,4096,235.8750,4,47.9268,3141,1
8497,31.9966,32.0078,4096,235.8750,4,47.9268,3141,1
8498,31.9966,32.0078,4096,235.8750,4,47.9268,3141,1
8499,31.9966,32.0078,4096,235.8750,4,47.9268,3141,1
8500,31.9966,32.0078,4096,235.8750,4,47.9268,3141,1
8501,31.9966,32.0078,4096,235.8750,4,47.9268,3141,1
8502,31.9966,32.0078,4096,235.8750,4,47.9268,3141,1
8503,31.9966,32.0078,4096,235.8750,4,47.9268,3141,1
8504,31.9966,32.0078,4096,235.8750,4,47.9268,3141,1
8505,31.9966,32.0078,4096,235.8750,4,47.9268,3141,1
8506,31.9966,32.0078,4096,235.8750,4,47.9268,3141,1
8507,31.9966,32.0078,4096,235.8750,4,47.9268,3142,1
8508,31.9966,32.0078,4096,235.8750,4,47.9268,3142,1
8509,31.9966,32.0078,4096,235.8750,4,47.9268,3142,1
8510,31.9966,32.0078,4096,235.8750,4,47.9268,3142,1
8511,31.9966,32.0078,4096,235.8750,4,47.9268,3143,1
8512,31.9966,32.0078,4096,235.8750,4,47.9268,3143,1
8513,31.9966,32.0078,4096,235.8750,4,47.9268,3144,1
8514,31.9966,32.0078,4096,235.8750,4,47.9268,3144,1
8515,31.9966,32.0078,4096,235.8750,4,47.9268,3144,1
8516,31.9966,32.0078,4096,235.8750,4,47.9268,3144,1
8517,31.9966,32.0078,4096,235.8750,4,47.9268,3145,1
8518,31.9966,32.0078,4096,235.8750,4,47.9268,3145,1
8519,31.9966,32.0078,4096,235.8750,4,47.9268,3146,1
8520,31.9966,32.0078,4096,235.8750,4,47.9268,3147,1
8521,31.9966,32.0078,4096,235.8750,4,47.9268,3147,1
8522,31.9966,32.0078,4096,235.8750,4,47.9268,3147,1
8523,31.9966,32.0078,4096,235.8750,4,47.9268,3147,1
8524,31.9966,32.0078,4096,235.8750,4,47.9268,3148,1
8525,31.9966,32.0078,4096,235.8750,4,47.9268,3148,1
8526,31.9966,32.0078,4096,235.8750,4,47.9268,3148,1
8527,31.9966,32.0078,4096,235.8750,4,47.9268,3148,1
8528,31.9966,32.0078,4096,235.8750,4,47.9268,3148,1
8529,31.9966,32.0078,4096,235.8750,4,47.9268,3148,1
8530,31.9966,32.0078,4096,235.8750,4,47.9268,3148,1
8531,31.9966,32.0078,4096,235.8750,4,47.9268,3148,1
8532,31.9966,32.0078,4096,235.8750,4,47.9268,3149,1
8533,31.9966,32.0078,4096,235.8750,4,47.9268,3149,1
8534,31.9966,32.0078,4096,235.8750,4,47.9268,3150,1
8535,31.9966,32.0078,4096,235.8750,4,47.9268,3151,1
8536,31.9966,32.0078,4096,235.8750,4,47.9268,3152,1
8537,31.9966,32.0078,4096,235.8750,4,47.9268,3153,1
8538,31.9966,32.0078,4096,235.8750,4,47.9268,3153,1
8539,31.9966,32.0078,4096,235.8750,4,47.9268,3153,1
8540,31.9966,32.0078,4096,235.8750,4,47.9268,3153,1
8541,31.9966,32.0078,4096,235.8750,4,47.9268,3153,1
8542,31.9966,32.0078,4096,235.8750,4,47.9268,3153,1
8543,31.9966,32.0078,4096,235.8750,4,47.9268,3154,1
8544,31.9966,32.0078,4096,235.8750,4,47.9268,3154,1
8545,31.9966,32.0078,4096,235.8750,4,47.9268,3154,1
8546,31.9966,32.0078,4096,235.8750,4,47.9268,3154,1
8547,31.9966,32.0078,4096,235.8750,4,47.9268,3154,1
8548,31.9966,32.0078,4096,235.8750,4,47.9268,3154,1
8549,31.9966,32.0078,4096,235.8750,4,47.9268,3154,1
8550,31.9966,32.0078,4096,235.8750,4,47.9268,3154,1
8551,31.9966,32.0078,4096,235.8750,4,47.9268,3154,1
8552,31.9966,32.0078,4096,235.8750,4,47.9268,3154,1
8553,31.9966,32.0078,4096,235.8750,4,47.9268,3155,1
8554,31.9966,32.0078,4096,235.8750,4,47.9268,3156,1
8555,31.9966,32.0078,4096,235.8750,4,47.9268,3156,1
8556,31.9966,32.0078,4096,235.8750,4,47.9268,3156,1
8557,31.9966,32.0078,4096,235.8750,4,47.9268,3156,1
8558,31.9966,32.0078,4096,235.8750,4,47.9268,3156,1
8559,31.9966,32.0078,4096,235.8750,4,47.9268,3156,1
8560,31.9966,32.0078,4096,235.8750,4,47.9268,3156,1
8561,31.9966,32.0078,4096,235.8750,4,47.9268,3157,1
8562,31.9966,32.0078,4096,235.8750,4,47.9268,3158,1
8563,31.9966,32.0078,4096,235.8750,4,47.9268,3158,1
8564,31.9966,32.0078,4096,235.8750,4,47.9268,3158,1
8565,31.9966,32.0078,4096,235.8750,4,47.9268,3158,1
8566,31.9966,32.0078,4096,235.8750,4,47.9268,3159,1
8567,31.9966,32.0078,4096,235.8750,4,47.9268,3160,1
8568,31.9966,32.0078,4096,235.8750,4,47.9268,3160,1
8569,31.9966,32.0078,4096,235.8750,4,47.9268,3160,1
8570,31.9966,32.0078,4096,235.8750,4,47.9268,3160,1
8571,31.9966,32.0078,4096,235.8750,4,47.9268,3160,1
8572,31.9966,32.0078,4096,235.8750,4,47.9268,3160,1
8573,31.9966,32.0078,4096,235.8750,4,47.9268,3160,1
8574,31.9966,32.0078,4096,235.8750,4,47.9268,3161,1
8575,31.9966,32.0078,4096,235.8750,4,47.9268,3162,1
8576,31.9966,32.0078,4096,235.8750,4,47.9268,3162,1
8577,31.9966,32.0078,4096,235.8750,4,47.9268,3162,1
8578,31.9966,32.0078,4096,235.8750,4,47.9268,3163,1
8579,31.9966,32.0078,4096,235.8750,4,47.9268,3164,1
8580,31.9966,32.0078,4096,235.8750,4,47.9268,3164,1
8581,31.9966,32.0078,4096,235.8750,4,47.9268,3164,1
8582,31.9966,32.0078,4096,235.8750,4,47.9268,3164,1
8583,31.9966,32.0078,4096,235.8750,4,47.9268,3164,1
8584,31.9966,32.0078,4096,235.8750,4,47.9268,3165,1
8585,31.9966,32.0078,4096,235.8750,4,47.9268,3165,1
8586,31.9966,32.0078,4096,235.8750,4,47.9268,3165,1
8587,31.9966,32.0078,4096,235.8750,4,47.9268,3165,1
8588,31.9966,32.0078,4096,235.8750,4,47.9268,3165,1
8589,31.9966,32.0078,4096,235.8750,4,47.9268,3166,1
8590,31.9966,32.0078,4096,235.8750,4,47.9268,3167,1
8591,31.9966,32.0078,4096,235.8750,4,47.9268,3168,1
8592,31.9966,32.0078,4096,235.8750,4,47.9268,3168,1
8593,31.9966,32.0078,4096,235.8750,4,47.9268,3168,1
8594,31.9966,32.0078,4096,235.8750,4,47.9268,3169,1
8595,31.9966,32.0078,4096,235.8750,4,47.9268,3169,1
8596,31.9966,32.0078,4096,235.8750,4,47.9268,3169,1
8597,31.9966,32.0078,4096,235.8750,4,47.9268,3169,1
8598,31.9966,32.0078,4096,235.8750,4,47.9268,3170,1
8599,31.9966,32.0078,4096,235.8750,4,47.9268,3171,1
8600,31.9966,32.0078,4096,235.8750,4,47.9268,3172,1
8601,31.9966,32.0078,4096,235.8750,4,47.9268,3172,1
8602,31.9966,32.0078,4096,235.8750,4,47.9268,3172,1
8603,31.9966,32.0078,4096,235.8750,4,47.9268,3172,1
8604,31.9966,32.0078,4096,235.8750,4,47.9268,3173,1
8605,31.9966,32.0078,4096,235.8750,4,47.9268,3173,1
8606,31.9966,32.0078,4096,235.8750,4,47.9268,3173,1
8607,31.9966,32.0078,4096,235.8750,4,47.9268,3174,1
8608,31.9966,32.0078,4096,235.8750,4,47.9268,3174,1
8609,31.9966,32.0078,4096,235.8750,4,47.9268,3174,1
8610,31.9966,32.0078,4096,235.8750,4,47.9268,3174,1
8611,31.9966,32.0078,4096,235.8750,4,47.9268,3174,1
8612,31.9966,32.0078,4096,235.8750,4,47.9268,3174,1
8613,31.9966,32.0078,4096,235.8750,4,47.9268,3174,1
8614,31.9966,32.0078,4096,235.8750,4,47.9268,3174,1
8615,31.9966,32.0078,4096,235.8750,4,47.9268,3174,1
8616,31.9966,32.0078,4096,235.8750,4,47.9268,3174,1
8617,31.9966,32.0078,4096,235.8750,4,47.9268,3174,1
8618,31.9966,32.0078,4096,235.8750,4,47.9268,3174,1
8619,31.9966,32.0078,4096,235.8750,4,47.9268,3175,1
8620,31.9966,32.0078,4096,235.8750,4,47.9268,3175,1
8621,31.9966,32.0078,4096,235.8750,4,47.9268,3175,1
8622,31.9966,32.0078,4096,235.8750,4,47.9268,3175,1
8623,31.9966,32.0078,4096,235.8750,4,47.9268,3175,1
8624,31.9966,32.0078,4096,235.8750,4,47.9268,3175,1
8625,31.9966,32.0078,4096,235.8750,4,47.9268,3175,1
8626,31.9966,32.0078,4096,235.8750,4,47.9268,3175,1
8627,31.9966,32.0078,4096,235.8750,4,47.9268,3175,1
8628,31.9966,32.0078,4096,235.8750,4,47.9268,3175,1
8629,31.9966,32.0078,4096,235.8750,4,47.9268,3175,1
8630,31.9966,32.0078,4096,235.8750,4,47.9268,3175,1
8631,31.9966,32.0078,4096,235.8750,4,47.9268,3176,1
8632,31.9966,32.0078,4096,235.8750,4,47.9268,3177,1
8633,31.9966,32.0078,4096,235.8750,4,47.9268,3177,1
8634,31.9966,32.0078,4096,235.8750,4,47.9268,3178,1
8635,31.9966,32.0078,4096,235.8750,4,47.9268,3178,1
8636,31.9966,32.0078,4096,235.8750,4,47.9268,3178,1
8637,31.9966,32.0078,4096,235.8750,4,47.9268,3178,1
8638,31.9966,32.0078,4096,235.8750,4,47.9268,3178,1
8639,31.9966,32.0078,4096,235.8750,4,47.9268,3178,1
8640,31.9966,32.0078,4096,235.8750,4,47.9268,3178,1
8641,31.9966,32.0078,4096,235.8750,4,47.9268,3179,1
8642,31.9966,32.0078,4096,235.8750,4,47.9268,3180,1
8643,31.9966,32.0078,4096,235.8750,4,47.9268,3181,1
8644,31.9966,32.0078,4096,235.8750,4,47.9268,3181,1
8645,31.9966,32.0078,4096,235.8750,4,47.9268,3181,1
8646,31.9966,32.0078,4096,235.8750,4,47.9268,3181,1
8647,31.9966,32.0078,4096,235.8750,4,47.9268,3181,1
8648,31.9966,32.0078,4096,235.8750,4,47.9268,3181,1
8649,31.9966,32.0078,4096,235.8750,4,47.9268,3181,1
8650,31.9966,32.0078,4096,235.8750,4,47.9268,3181,1
8651,31.9966,32.0078,4096,235.8750,4,47.9268,3181,1
8652,31.9966,32.0078,4096,235.8750,4,47.9268,3181,1
8653,31.9966,32.0078,4096,235.8750,4,47.9268,3181,1
8654,31.9966,32.0078,4096,235.8750,4,47.9268,3182,1
8655,31.9966,32.0078,4096,235.8750,4,47.9268,3182,1
8656,31.9966,32.0078,4096,235.8750,4,47.9268,3182,1
8657,31.9966,32.0078,4096,235.8750,4,47.9268,3183,1
8658,31.9966,32.0078,4096,235.8750,4,47.9268,3183,1
8659,31.9966,32.0078,4096,235.8750,4,47.9268,3183,1
8660,31.9966,32.0078,4096,235.8750,4,47.9268,3184,1
8661,31.9966,32.0078,4096,235.8750,4,47.9268,3185,1
8662,31.9966,32.0078,4096,235.8750,4,47.9268,3186,1
8663,31.9966,32.0078,4096,235.8750,4,47.9268,3186,1
8664,31.9966,32.0078,4096,235.8750,4,47.9268,3186,1
8665,31.9966,32.0078,4096,235.8750,4,47.9268,3187,1
8666,31.9966,32.0078,4096,235.8750,4,47.9268,3187,1
8667,31.9966,32.0078,4096,235.8750,4,47.9268,3187,1
8668,31.9966,32.0078,4096,235.8750,4,47.9268,3187,1
8669,31.9966,32.0078,4096,235.8750,4,47.9268,3187,1
8670,31.9966,32.0078,4096,235.8750,4,47.9268,3187,1
8671,31.9966,32.0078,4096,235.8750,4,47.9268,3187,1
8672,31.9966,32.0078,4096,235.8750,4,47.9268,3187,1
8673,31.9966,32.0078,4096,235.8750,4,47.9268,3187,1
8674,31.9966,32.0078,4096,235.8750,4,47.9268,3188,1
8675,31.9966,32.0078,4096,235.8750,4,47.9268,3188,1
8676,31.9966,32.0078,4096,235.8750,4,47.9268,3189,1
8677,31.9966,32.0078,4096,235.8750,4,47.9268,3190,1
8678,31.9966,32.0078,4096,235.8750,4,47.9268,3191,1
8679,31.9966,32.0078,4096,235.8750,4,47.9268,3192,1
8680,31.9966,32.0078,4096,235.8750,4,47.9268,3192,1
8681,31.9966,32.0078,4096,235.8750,4,47.9268,3192,1
8682,31.9966,32.0078,4096,235.8750,4,47.9268,3193,1
8683,31.9966,32.0078,4096,235.8750,4,47.9268,3193,1
8684,31.9966,32.0078,4096,235.8750,4,47.9268,3194,1
8685,31.9966,32.0078,4096,235.8750,4,47.9268,3194,1
8686,31.9966,32.0078,4096,235.8750,4,47.9268,3194,1
8687,31.9966,32.0078,4096,235.8750,4,47.9268,3195,1
8688,31.9966,32.0078,4096,235.8750,4,47.9268,3195,1
8689,31.9966,32.0078,4096,235.8750,4,47.9268,3195,1
8690,31.9966,32.0078,4096,235.8750,4,47.9268,3195,1
8691,31.9966,32.0078,4096,235.8750,4,47.9268,3195,1
8692,31.9966,32.0078,4096,235.8750,4,47.9268,3195,1
8693,31.9966,32.0078,4096,235.8750,4,47.9268,3195,1
8694,31.9966,32.0078,4096,235.8750,4,47.9268,3195,1
8695,31.9966,32.0078,4096,235.8750,4,47.9268,3195,1
8696,31.9966,32.0078,4096,235.8750,4,47.9268,3196,1
8697,31.9966,32.0078,4096,235.8750,4,47.9268,3196,1
8698,31.9966,32.0078,4096,235.8750,4,47.9268,3196,1
8699,31.9966,32.0078,4096,235.8750,4,47.9268,3196,1
8700,31.9966,32.0078,4096,235.8750,4,47.9268,3196,1
8701,31.9966,32.0078,4096,235.8750,4,47.9268,3196,1
8702,31.9966,32.0078,4096,235.8750,4,47.9268,3196,1
8703,31.9966,32.0078,4096,235.8750,4,47.9268,3197,1
8704,31.9966,32.0078,4096,235.8750,4,47.9268,3197,1
8705,31.9966,32.0078,4096,235.8750,4,47.9268,3197,1
8706,31.9966,32.0078,4096,235.8750,4,47.9268,3197,1
8707,31.9966,32.0078,4096,235.8750,4,47.9268,3197,1
8708,31.9966,32.0078,4096,235.8750,4,47.9268,3197,1
8709,31.9966,32.0078,4096,235.8750,4,47.9268,3197,1
8710,31.9966,32.0078,4096,235.8750,4,47.9268,3198,1
8711,31.9966,32.0078,4096,235.8750,4,47.9268,3198,1
8712,31.9966,32.0078,4096,235.8750,4,47.9268,3199,1
8713,31.9966,32.0078,4096,235.8750,4,47.9268,3199,1
8714,31.9966,32.0078,4096,235.8750,4,47.9268,3199,1
8715,31.9966,32.0078,4096,235.8750,4,47.9268,3199,1
8716,31.9966,32.0078,4096,235.8750,4,47.9268,3199,1
8717,31.9966,32.0078,4096,235.8750,4,47.9268,3199,1
8718,31.9966,32.0078,4096,235.8750,4,47.9268,3199,1
8719,31.9966,32.0078,4096,235.8750,4,47.9268,3199,1
8720,31.9966,32.0078,4096,235.8750,4,47.9268,3200,1
8721,31.9966,32.0078,4096,235.8750,4,47.9268,3200,1
8722,31.9966,32.0078,4096,235.8750,4,47.9268,3200,1
8723,31.9966,32.0078,4096,235.8750,4,47.9268,3200,1
8724,31.9966,32.0078,4096,235.8750,4,47.9268,3200,1
8725,31.9966,32.0078,4096,235.8750,4,47.9268,3200,1
8726,31.9966,32.0078,4096,235.8750,4,47.9268,3200,1
8727,31.9966,32.0078,4096,235.8750,4,47.9268,3200,1
8728,31.9966,32.0078,4096,235.8750,4,47.9268,3200,1
8729,31.9966,32.0078,4096,235.8750,4,47.9268,3201,1
8730,31.9966,32.0078,4096,235.8750,4,47.9268,3201,1
8731,31.9966,32.0078,4096,235.8750,4,47.9268,3201,1
8732,31.9966,32.0078,4096,235.8750,4,47.9268,3202,1
8733,31.9966,32.0078,4096,235.8750,4,47.9268,3202,1
8734,31.9966,32.0078,4096,235.8750,4,47.9268,3202,1
8735,31.9966,32.0078,4096,235.8750,4,47.9268,3202,1
8736,31.9966,32.0078,4096,235.8750,4,47.9268,3202,1
8737,31.9966,32.0078,4096,235.8750,4,47.9268,3202,1
8738,31.9966,32.0078,4096,235.8750,4,47.9268,3202,1
8739,31.9966,32.0078,4096,235.8750,4,47.9268,3202,1
8740,31.9966,32.0078,4096,235.8750,4,47.9268,3202,1
8741,31.9966,32.0078,4096,235.8750,4,47.9268,3202,1
8742,31.9966,32.0078,4096,235.8750,4,47.9268,3203,1
8743,31.9966,32.0078,4096,235.8750,4,47.9268,3204,1
8744,31.9966,32.0078,4096,235.8750,4,47.9268,3205,1
8745,31.9966,32.0078,4096,235.8750,4,47.9268,3205,1
8746,31.9966,32.0078,4096,235.8750,4,47.9268,3205,1
8747,31.9966,32.0078,4096,235.8750,4,47.9268,3205,1
8748,31.9966,32.0078,4096,235.8750,4,47.9268,3205,1
8749,31.9966,32.0078,4096,235.8750,4,47.9268,3205,1
8750,31.9966,32.0078,4096,235.8750,4,47.9268,3205,1
8751,31.9966,32.0078,4096,235.8750,4,47.9268,3205,1
8752,31.9966,32.0078,4096,235.8750,4,47.9268,3205,1
8753,31.9966,32.0078,4096,235.8750,4,47.9268,3205,1
8754,31.9966,32.0078,4096,235.8750,4,47.9268,3206,1
8755,31.9966,32.0078,4096,235.8750,4,47.9268,3206,1
8756,31.9966,32.0078,4096,235.8750,4,47.9268,3206,1
8757,31.9966,32.0078,4096,235.8750,4,47.9268,3206,1
8758,31.9966,32.0078,4096,235.8750,4,47.9268,3207,1
8759,31.9966,32.0078,4096,235.8750,4,47.9268,3207,1
8760,31.9966,32.0078,4096,235.8750,4,47.9268,3207,1
8761,31.9966,32.0078,4096,235.8750,4,47.9268,3207,1
8762,31.9966,32.0078,4096,235.8750,4,47.9268,3208,1
8763,31.9966,32.0078,4096,235.8750,4,47.9268,3209,1
8764,31.9966,32.0078,4096,235.8750,4,47.9268,3209,1
8765,31.9966,32.0078,4096,235.8750,4,47.9268,3210,1
8766,31.9966,32.0078,4096,235.8750,4,47.9268,3210,1
8767,31.9966,32.0078,4096,235.8750,4,47.9268,3210,1
8768,31.9966,32.0078,4096,235.8750,4,47.9268,3210,1
8769,31.9966,32.0078,4096,235.8750,4,47.9268,3210,1
8770,31.9966,32.0078,4096,235.8750,4,47.9268,3211,1
8771,31.9966,32.0078,4096,235.8750,4,47.9268,3212,1
8772,31.9966,32.0078,4096,235.8750,4,47.9268,3212,1
8773,31.9966,32.0078,4096,235.8750,4,47.9268,3212,1
8774,31.9966,32.0078,4096,235.8750,4,47.9268,3213,1
8775,31.9966,32.0078,4096,235.8750,4,47.9268,3214,1
8776,31.9966,32.0078,4096,235.8750,4,47.9268,3214,1
8777,31.9966,32.0078,4096,235.8750,4,47.9268,3214,1
8778,31.9966,32.0078,4096,235.8750,4,47.9268,3215,1
8779,31.9966,32.0078,4096,235.8750,4,47.9268,3215,1
8780,31.9966,32.0078,4096,235.8750,4,47.9268,3215,1
8781,31.9966,32.0078,4096,235.8750,4,47.9268,3215,1
8782,31.9966,32.0078,4096,235.8750,4,47.9268,3215,1
8783,31.9966,32.0078,4096,235.8750,4,47.9268,3215,1
8784,31.9966,32.0078,4096,235.8750,4,47.9268,3215,1
8785,31.9966,32.0078,4096,235.8750,4,47.9268,3215,1
8786,31.9966,32.0078,4096,235.8750,4,47.9268,3216,1
8787,31.9966,32.0078,4096,235.8750,4,47.9268,3216,1
8788,31.9966,32.0078,4096,235.8750,4,47.9268,3216,1
8789,31.9966,32.0078,4096,235.8750,4,47.9268,3216,1
8790,31.9966,32.0078,4096,235.8750,4,47.9268,3216,1
8791,31.9966,32.0078,4096,235.8750,4,47.9268,3216,1
8792,31.9966,32.0078,4096,235.8750,4,47.9268,3217,1
8793,31.9966,32.0078,4096,235.8750,4,47.9268,3217,1
8794,31.9966,32.0078,4096,235.8750,4,47.9268,3218,1
8795,31.9966,32.0078,4096,235.8750,4,47.9268,3219,1
8796,31.9966,32.0078,4096,235.8750,4,47.9268,3219,1
8797,31.9966,32.0078,4096,235.8750,4,47.9268,3220,1
8798,31.9966,32.0078,4096,235.8750,4,47.9268,3220,1
8799,31.9966,32.0078,4096,235.8750,4,47.9268,3220,1
8800,31.9966,32.0078,4096,235.8750,4,47.9268,3220,1
8801,31.9966,32.0078,4096,235.8750,4,47.9268,3220,1
8802,31.9966,32.0078,4096,235.8750,4,47.9268,3221,1
8803,31.9966,32.0078,4096,235.8750,4,47.9268,3221,1
8804,31.9966,32.0078,4096,235.8750,4,47.9268,3221,1
8805,31.9966,32.0078,4096,235.8750,4,47.9268,3222,1
8806,31.9966,32.0078,4096,235.8750,4,47.9268,3222,1
8807,31.9966,32.0078,4096,235.8750,4,47.9268,3222,1
8808,31.9966,32.0078,4096,235.8750,4,47.9268,3222,1
8809,31.9966,32.0078,4096,235.8750,4,47.9268,3222,1
8810,31.9966,32.0078,4096,235.8750,4,47.9268,3223,1
8811,31.9966,32.0078,4096,235.8750,4,47.9268,3223,1
8812,31.9966,32.0078,4096,235.8750,4,47.9268,3223,1
8813,31.9966,32.0078,4096,235.8750,4,47.9268,3223,1
8814,31.9966,32.0078,4096,235.8750,4,47.9268,3224,1
8815,31.9966,32.0078,4096,235.8750,4,47.9268,3224,1
8816,31.9966,32.0078,4096,235.8750,4,47.9268,3225,1
8817,31.9966,32.0078,4096,235.8750,4,47.9268,3225,1
8818,31.9966,32.0078,4096,235.8750,4,47.9268,3226,1
8819,31.9966,32.0078,4096,235.8750,4,47.9268,3226,1
8820,31.9966,32.0078,4096,235.8750,4,47.9268,3226,1
8821,31.9966,32.0078,4096,235.8750,4,47.9268,3226,1
8822,31.9966,32.0078,4096,235.8750,4,47.9268,3226,1
8823,31.9966,32.0078,4096,235.8750,4,47.9268,3226,1
8824,31.9966,32.0078,4096,235.8750,4,47.9268,3227,1
8825,31.9966,32.0078,4096,235.8750,4,47.9268,3227,1
8826,31.9966,32.0078,4096,235.8750,4,47.9268,3228,1
8827,31.9966,32.0078,4096,235.8750,4,47.9268,3228,1
8828,31.9966,32.0078,4096,235.8750,4,47.9268,3228,1
8829,31.9966,32.0078,4096,235.8750,4,47.9268,3228,1
8830,31.9966,32.0078,4096,235.8750,4,47.9268,3228,1
8831,31.9966,32.0078,4096,235.8750,4,47.9268,3228,1
8832,31.9966,32.0078,4096,235.8750,4,47.9268,3228,1
8833,31.9966,32.0078,4096,235.8750,4,47.9268,3228,1
8834,31.9966,32.0078,4096,235.8750,4,47.9268,3228,1
8835,31.9966,32.0078,4096,235.8750,4,47.9268,3229,1
8836,31.9966,32.0078,4096,235.8750,4,47.9268,3230,1
8837,31.9966,32.0078,4096,235.8750,4,47.9268,3230,1
8838,31.9966,32.0078,4096,235.8750,4,47.9268,3231,1
8839,31.9966,32.0078,4096,235.8750,4,47.9268,3231,1
8840,31.9966,32.0078,4096,235.8750,4,47.9268,3232,1
8841,31.9966,32.0078,4096,235.8750,4,47.9268,3232,1
8842,31.9966,32.0078,4096,235.8750,4,47.9268,3232,1
8843,31.9966,32.0078,4096,235.8750,4,47.9268,3232,1
8844,31.9966,32.0078,4096,235.8750,4,47.9268,3232,1
8845,31.9966,32.0078,4096,235.8750,4,47.9268,3232,1
8846,31.9966,32.0078,4096,235.8750,4,47.9268,3232,1
8847,31.9966,32.0078,4096,235.8750,4,47.9268,3232,1
8848,31.9966,32.0078,4096,235.8750,4,47.9268,3233,1
8849,31.9966,32.0078,4096,235.8750,4,47.9268,3233,1
8850,31.9966,32.0078,4096,235.8750,4,47.9268,3233,1
8851,31.9966,32.0078,4096,235.8750,4,47.9268,3234,1
8852,31.9966,32.0078,4096,235.8750,4,47.9268,3234,1
8853,31.9966,32.0078,4096,235.8750,4,47.9268,3234,1
8854,31.9966,32.0078,4096,235.8750,4,47.9268,3235,1
8855,31.9966,32.0078,4096,235.8750,4,47.9268,3235,1
8856,31.9966,32.0078,4096,235.8750,4,47.9268,3236,1
8857,31.9966,32.0078,4096,235.8750,4,47.9268,3236,1
8858,31.9966,32.0078,4096,235.8750,4,47.9268,3236,1
8859,31.9966,32.0078,4096,235.8750,4,47.9268,3236,1
8860,31.9966,32.0078,4096,235.8750,4,47.9268,3237,1
8861,31.9966,32.0078,4096,235.8750,4,47.9268,3237,1
8862,31.9966,32.0078,4096,235.8750,4,47.9268,3238,1
8863,31.9966,32.0078,4096,235.8750,4,47.9268,3238,1
8864,31.9966,32.0078,4096,235.8750,4,47.9268,3238,1
8865,31.9966,32.0078,4096,235.8750,4,47.9268,3238,1
8866,31.9966,32.0078,4096,235.8750,4,47.9268,3239,1
8867,31.9966,32.0078,4096,235.8750,4,47.9268,3239,1
8868,31.9966,32.0078,4096,235.8750,4,47.9268,3239,1
8869,31.9966,32.0078,4096,235.8750,4,47.9268,3239,1
8870,31.9966,32.0078,4096,235.8750,4,47.9268,3239,1
8871,31.9966,32.0078,4096,235.8750,4,47.9268,3239,1
8872,31.9966,32.0078,4096,235.8750,4,47.9268,3239,1
8873,31.9966,32.0078,4096,235.8750,4,47.9268,3240,1
8874,31.9966,32.0078,4096,235.8750,4,47.9268,3240,1
8875,31.9966,32.0078,4096,235.8750,4,47.9268,3240,1
8876,31.9966,32.0078,4096,235.8750,4,47.9268,3240,1
8877,31.9966,32.0078,4096,235.8750,4,47.9268,3241,1
8878,31.9966,32.0078,4096,235.8750,4,47.9268,3241,1
8879,31.9966,32.0078,4096,235.8750,4,47.9268,3242,1
8880,31.9966,32.0078,4096,235.8750,4,47.9268,3243,1
8881,31.9966,32.0078,4096,235.8750,4,47.9268,3243,1
8882,31.9966,32.0078,4096,235.8750,4,47.9268,3243,1
8883,31.9966,32.0078,4096,235.8750,4,47.9268,3243,1
8884,31.9966,32.0078,4096,235.8750,4,47.9268,3243,1
8885,31.9966,32.0078,4096,235.8750,4,47.9268,3244,1
8886,31.9966,32.0078,4096,235.8750,4,47.9268,3244,1
8887,31.9966,32.0078,4096,235.8750,4,47.9268,3244,1
8888,31.9966,32.0078,4096,235.8750,4,47.9268,3244,1
8889,31.9966,32.0078,4096,235.8750,4,47.9268,3245,1
8890,31.9966,32.0078,4096,235.8750,4,47.9268,3245,1
8891,31.9966,32.0078,4096,235.8750,4,47.9268,3245,1
8892,31.9966,32.0078,4096,235.8750,4,47.9268,3245,1
8893,31.9966,32.0078,4096,235.8750,4,47.9268,3245,1
8894,31.9966,32.0078,4096,235.8750,4,47.9268,3246,1
8895,31.9966,32.0078,4096,235.8750,4,47.9268,3247,1
8896,31.9966,32.0078,4096,235.8750,4,47.9268,3247,1
8897,31.9966,32.0078,4096,235.8750,4,47.9268,3247,1
8898,31.9966,32.0078,4096,235.8750,4,47.9268,3247,1
8899,31.9966,32.0078,4096,235.8750,4,47.9268,3247,1
8900,31.9966,32.0078,4096,235.8750,4,47.9268,3247,1
8901,31.9966,32.0078,4096,235.8750,4,47.9268,3247,1
8902,31.9966,32.0078,4096,235.8750,4,47.9268,3247,1
8903,31.9966,32.0078,4096,235.8750,4,47.9268,3247,1
8904,31.9966,32.0078,4096,235.8750,4,47.9268,3248,1
8905,31.9966,32.0078,4096,235.8750,4,47.9268,3249,1
8906,31.9966,32.0078,4096,235.8750,4,47.9268,3249,1
8907,31.9966,32.0078,4096,235.8750,4,47.9268,3249,1
8908,31.9966,32.0078,4096,235.8750,4,47.9268,3249,1
8909,31.9966,32.0078,4096,235.8750,4,47.9268,3249,1
8910,31.9966,32.0078,4096,235.8750,4,47.9268,3250,1
8911,31.9966,32.0078,4096,235.8750,4,47.9268,3250,1
8912,31.9966,32.0078,4096,235.8750,4,47.9268,3251,1
8913,31.9966,32.0078,4096,235.8750,4,47.9268,3251,1
8914,31.9966,32.0078,4096,235.8750,4,47.9268,3251,1
8915,31.9966,32.0078,4096,235.8750,4,47.9268,3251,1
8916,31.9966,32.0078,4096,235.8750,4,47.9268,3251,1
8917,31.9966,32.0078,4096,235.8750,4,47.9268,3251,1
8918,31.9966,32.0078,4096,235.8750,4,47.9268,3251,1
8919,31.9966,32.0078,4096,235.8750,4,47.9268,3251,1
8920,31.9966,32.0078,4096,235.8750,4,47.9268,3251,1
8921,31.9966,32.0078,4096,235.8750,4,47.9268,3251,1
8922,31.9966,32.0078,4096,235.8750,4,47.9268,3251,1
8923,31.9966,32.0078,4096,235.8750,4,47.9268,3252,1
8924,31.9966,32.0078,4096,235.8750,4,47.9268,3252,1
8925,31.9966,32.0078,4096,235.8750,4,47.9268,3253,1
8926,31.9966,32.0078,4096,235.8750,4,47.9268,3254,1
8927,31.9966,32.0078,4096,235.8750,4,47.9268,3254,1
8928,31.9966,32.0078,4096,235.8750,4,47.9268,3254,1
8929,31.9966,32.0078,4096,235.8750,4,47.9268,3254,1
8930,31.9966,32.0078,4096,235.8750,4,47.9268,3254,1
8931,31.9966,32.0078,4096,235.8750,4,47.9268,3254,1
8932,31.9966,32.0078,4096,235.8750,4,47.9268,3254,1
8933,31.9966,32.0078,4096,235.8750,4,47.9268,3254,1
8934,31.9966,32.0078,4096,235.8750,4,47.9268,3254,1
8935,31.9966,32.0078,4096,235.8750,4,47.9268,3254,1
8936,31.9966,32.0078,4096,235.8750,4,47.9268,3255,1
8937,31.9966,32.0078,4096,235.8750,4,47.9268,3255,1
8938,31.9966,32.0078,4096,235.8750,4,47.9268,3255,1
8939,31.9966,32.0078,4096,235.8750,4,47.9268,3256,1
8940,31.9966,32.0078,4096,235.8750,4,47.9268,3256,1
8941,31.9966,32.0078,4096,235.8750,4,47.9268,3256,1
8942,31.9966,32.0078,4096,235.8750,4,47.9268,3256,1
8943,31.9966,32.0078,4096,235.8750,4,47.9268,3256,1
8944,31.9966,32.0078,4096,235.8750,4,47.9268,3256,1
8945,31.9966,32.0078,4096,235.8750,4,47.9268,3256,1
8946,31.9966,32.0078,4096,235.8750,4,47.9268,3256,1
8947,31.9966,32.0078,4096,235.8750,4,47.9268,3256,1
8948,31.9966,32.0078,4096,235.8750,4,47.9268,3256,1
8949,31.9966,32.0078,4096,235.8750,4,47.9268,3256,1
8950,31.9966,32.0078,4096,235.8750,4,47.9268,3256,1
8951,31.9966,32.0078,4096,235.8750,4,47.9268,3256,1
8952,31.9966,32.0078,4096,235.8750,4,47.9268,3256,1
8953,31.9966,32.0078,4096,235.8750,4,47.9268,3256,1
8954,31.9966,32.0078,4096,235.8750,4,47.9268,3256,1
8955,31.9966,32.0078,4096,235.8750,4,47.9268,3256,1
8956,31.9966,32.0078,4096,235.8750,4,47.9268,3256,1
8957,31.9966,32.0078,4096,235.8750,4,47.9268,3256,1
8958,31.9966,32.0078,4096,235.8750,4,47.9268,3257,1
8959,31.9966,32.0078,4096,235.8750,4,47.9268,3258,1
8960,31.9966,32.0078,4096,235.8750,4,47.9268,3258,1
8961,31.9966,32.0078,4096,235.8750,4,47.9268,3259,1
8962,31.9966,32.0078,4096,235.8750,4,47.9268,3259,1
8963,31.9966,32.0078,4096,235.8750,4,47.9268,3259,1
8964,31.9966,32.0078,4096,235.8750,4,47.9268,3260,1
8965,31.9966,32.0078,4096,235.8750,4,47.9268,3260,1
8966,31.9966,32.0078,4096,235.8750,4,47.9268,3260,1
8967,31.9966,32.0078,4096,235.8750,4,47.9268,3260,1
8968,31.9966,32.0078,4096,235.8750,4,47.9268,3260,1
8969,31.9966,32.0078,4096,235.8750,4,47.9268,3260,1
8970,31.9966,32.0078,4096,235.8750,4,47.9268,3260,1
8971,31.9966,32.0078,4096,235.8750,4,47.9268,3260,1
8972,31.9966,32.0078,4096,235.8750,4,47.9268,3260,1
8973,31.9966,32.0078,4096,235.8750,4,47.9268,3261,1
8974,31.9966,32.0078,4096,235.8750,4,47.9268,3261,1
8975,31.9966,32.0078,4096,235.8750,4,47.9268,3262,1
8976,31.9966,32.0078,4096,235.8750,4,47.9268,3262,1
8977,31.9966,32.0078,4096,235.8750,4,47.9268,3262,1
8978,31.9966,32.0078,4096,235.8750,4,47.9268,3262,1
8979,31.9966,32.0078,4096,235.8750,4,47.9268,3263,1
8980,31.9966,32.0078,4096,235.8750,4,47.9268,3263,1
8981,31.9966,32.0078,4096,235.8750,4,47.9268,3264,1
8982,31.9966,32.0078,4096,235.8750,4,47.9268,3264,1
8983,31.9966,32.0078,4096,235.8750,4,47.9268,3265,1
8984,31.9966,32.0078,4096,235.8750,4,47.9268,3266,1
8985,31.9966,32.0078,4096,235.8750,4,47.9268,3266,1
8986,31.9966,32.0078,4096,235.8750,4,47.9268,3266,1
8987,31.9966,32.0078,4096,235.8750,4,47.9268,3266,1
8988,31.9966,32.0078,4096,235.8750,4,47.9268,3266,1
8989,31.9966,32.0078,4096,235.8750,4,47.9268,3266,1
8990,31.9966,32.0078,4096,235.8750,4,47.9268,3266,1
8991,31.9966,32.0078,4096,235.8750,4,47.9268,3266,1
8992,31.9966,32.0078,4096,235.8750,4,47.9268,3266,1
8993,31.9966,32.0078,4096,235.8750,4,47.9268,3266,1
8994,31.9966,32.0078,4096,235.8750,4,47.9268,3266,1
8995,31.9966,32.0078,4096,235.8750,4,47.9268,3266,1
8996,31.9966,32.0078,4096,235.8750,4,47.9268,3266,1
8997,31.9966,32.0078,4096,235.8750,4,47.9268,3266,1
8998,31.9966,32.0078,4096,235.8750,4,47.9268,3266,1
8999,31.9966,32.0078,4096,235.8750,4,47.9268,3266,1
9000,31.9966,32.0078,4096,235.8750,4,47.9268,3266,1
9001,31.9966,32.0078,4096,235.8750,4,47.9268,3266,1
9002,31.9966,32.0078,4096,235.8750,4,47.9268,3267,1
9003,31.9966,32.0078,4096,235.8750,4,47.9268,3267,1
9004,31.9966,32.0078,4096,235.8750,4,47.9268,3268,1
9005,31.9966,32.0078,4096,235.8750,4,47.9268,3269,1
9006,31.9966,32.0078,4096,235.8750,4,47.9268,3269,1
9007,31.9966,32.0078,4096,235.8750,4,47.9268,3269,1
9008,31.9966,32.0078,4096,235.8750,4,47.9268,3269,1
9009,31.9966,32.0078,4096,235.8750,4,47.9268,3270,1
9010,31.9966,32.0078,4096,235.8750,4,47.9268,3270,1
9011,31.9966,32.0078,4096,235.8750,4,47.9268,3270,1
9012,31.9966,32.0078,4096,235.8750,4,47.9268,3270,1
9013,31.9966,32.0078,4096,235.8750,4,47.9268,3271,1
9014,31.9966,32.0078,4096,235.8750,4,47.9268,3271,1
9015,31.9966,32.0078,4096,235.8750,4,47.9268,3271,1
9016,31.9966,32.0078,4096,235.8750,4,47.9268,3271,1
9017,31.9966,32.0078,4096,235.8750,4,47.9268,3271,1
9018,31.9966,32.0078,4096,235.8750,4,47.9268,3271,1
9019,31.9966,32.0078,4096,235.8750,4,47.9268,3271,1
9020,31.9966,32.0078,4096,235.8750,4,47.9268,3271,1
9021,31.9966,32.0078,4096,235.8750,4,47.9268,3271,1
9022,31.9966,32.0078,4096,235.8750,4,47.9268,3271,1
9023,31.9966,32.0078,4096,235.8750,4,47.9268,3271,1
9024,31.9966,32.0078,4096,235.8750,4,47.9268,3271,1
9025,31.9966,32.0078,4096,235.8750,4,47.9268,3272,1
9026,31.9966,32.0078,4096,235.8750,4,47.9268,3272,1
9027,31.9966,32.0078,4096,235.8750,4,47.9268,3272,1
9028,31.9966,32.0078,4096,235.8750,4,47.9268,3273,1
9029,31.9966,32.0078,4096,235.8750,4,47.9268,3273,1
9030,31.9966,32.0078,4096,235.8750,4,47.9268,3273,1
9031,31.9966,32.0078,4096,235.8750,4,47.9268,3273,1
9032,31.9966,32.0078,4096,235.8750,4,47.9268,3273,1
9033,31.9966,32.0078,4096,235.8750,4,47.9268,3273,1
9034,31.9966,32.0078,4096,235.8750,4,47.9268,3274,1
9035,31.9966,32.0078,4096,235.8750,4,47.9268,3274,1
9036,31.9966,32.0078,4096,235.8750,4,47.9268,3275,1
9037,31.9966,32.0078,4096,235.8750,4,47.9268,3275,1
9038,31.9966,32.0078,4096,235.8750,4,47.9268,3275,1
9039,31.9966,32.0078,4096,235.8750,4,47.9268,3275,1
9040,31.9966,32.0078,4096,235.8750,4,47.9268,3276,1
9041,31.9966,32.0078,4096,235.8750,4,47.9268,3277,1
9042,31.9966,32.0078,4096,235.8750,4,47.9268,3277,1
9043,31.9966,32.0078,4096,235.8750,4,47.9268,3277,1
9044,31.9966,32.0078,4096,235.8750,4,47.9268,3278,1
9045,31.9966,32.0078,4096,235.8750,4,47.9268,3278,1
9046,31.9966,32.0078,4096,235.8750,4,47.9268,3278,1
9047,31.9966,32.0078,4096,235.8750,4,47.9268,3278,1
9048,31.9966,32.0078,4096,235.8750,4,47.9268,3279,1
9049,31.9966,32.0078,4096,235.8750,4,47.9268,3280,1
9050,31.9966,32.0078,4096,235.8750,4,47.9268,3280,1
9051,31.9966,32.0078,4096,235.8750,4,47.9268,3281,1
9052,31.9966,32.0078,4096,235.8750,4,47.9268,3281,1
9053,31.9966,32.0078,4096,235.8750,4,47.9268,3281,1
9054,31.9966,32.0078,4096,235.8750,4,47.9268,3282,1
9055,31.9966,32.0078,4096,235.8750,4,47.9268,3282,1
9056,31.9966,32.0078,4096,235.8750,4,47.9268,3282,1
9057,31.9966,32.0078,4096,235.8750,4,47.9268,3282,1
9058,31.9966,32.0078,4096,235.8750,4,47.9268,3282,1
9059,31.9966,32.0078,4096,235.8750,4,47.9268,3283,1
9060,31.9966,32.0078,4096,235.8750,4,47.9268,3283,1
9061,31.9966,32.0078,4096,235.8750,4,47.9268,3283,1
9062,31.9966,32.0078,4096,235.8750,4,47.9268,3283,1
9063,31.9966,32.0078,4096,235.8750,4,47.9268,3284,1
9064,31.9966,32.0078,4096,235.8750,4,47.9268,3284,1
9065,31.9966,32.0078,4096,235.8750,4,47.9268,3284,1
9066,31.9966,32.0078,4096,235.8750,4,47.9268,3284,1
9067,31.9966,32.0078,4096,235.8750,4,47.9268,3284,1
9068,31.9966,32.0078,4096,235.8750,4,47.9268,3284,1
9069,31.9966,32.0078,4096,235.8750,4,47.9268,3284,1
9070,31.9966,32.0078,4096,235.8750,4,47.9268,3285,1
9071,31.9966,32.0078,4096,235.8750,4,47.9268,3285,1
9072,31.9966,32.0078,4096,235.8750,4,47.9268,3285,1
9073,31.9966,32.0078,4096,235.8750,4,47.9268,3286,1
9074,31.9966,32.0078,4096,235.8750,4,47.9268,3286,1
9075,31.9966,32.0078,4096,235.8750,4,47.9268,3286,1
9076,31.9966,32.0078,4096,235.8750,4,47.9268,3287,1
9077,31.9966,32.0078,4096,235.8750,4,47.9268,3288,1
9078,31.9966,32.0078,4096,235.8750,4,47.9268,3288,1
9079,31.9966,32.0078,4096,235.8750,4,47.9268,3288,1
9080,31.9966,32.0078,4096,235.8750,4,47.9268,3288,1
9081,31.9966,32.0078,4096,235.8750,4,47.9268,3288,1
9082,31.9966,32.0078,4096,235.8750,4,47.9268,3289,1
9083,31.9966,32.0078,4096,235.8750,4,47.9268,3289,1
9084,31.9966,32.0078,4096,235.8750,4,47.9268,3289,1
9085,31.9966,32.0078,4096,235.8750,4,47.9268,3289,1
9086,31.9966,32.0078,4096,235.8750,4,47.9268,3289,1
9087,31.9966,32.0078,4096,235.8750,4,47.9268,3290,1
9088,31.9966,32.0078,4096,235.8750,4,47.9268,3290,1
9089,31.9966,32.0078,4096,235.8750,4,47.9268,3290,1
9090,31.9966,32.0078,4096,235.8750,4,47.9268,3290,1
9091,31.9966,32.0078,4096,235.8750,4,47.9268,3290,1
9092,31.9966,32.0078,4096,235.8750,4,47.9268,3290,1
9093,31.9966,32.0078,4096,235.8750,4,47.9268,3290,1
9094,31.9966,32.0078,4096,235.8750,4,47.9268,3290,1
9095,31.9966,32.0078,4096,235.8750,4,47.9268,3290,1
9096,31.9966,32.0078,4096,235.8750,4,47.9268,3290,1
9097,31.9966,32.0078,4096,235.8750,4,47.9268,3290,1
9098,31.9966,32.0078,4096,235.8750,4,47.9268,3291,1
9099,31.9966,32.0078,4096,235.8750,4,47.9268,3291,1
9100,31.9966,32.0078,4096,235.8750,4,47.9268,3291,1
9101,31.9966,32.0078,4096,235.8750,4,47.9268,3291,1
9102,31.9966,32.0078,4096,235.8750,4,47.9268,3291,1
9103,31.9966,32.0078,4096,235.8750,4,47.9268,3292,1
9104,31.9966,32.0078,4096,235.8750,4,47.9268,3292,1
9105,31.9966,32.0078,4096,235.8750,4,47.9268,3292,1
9106,31.9966,32.0078,4096,235.8750,4,47.9268,3292,1
9107,31.9966,32.0078,4096,235.8750,4,47.9268,3293,1
9108,31.9966,32.0078,4096,235.8750,4,47.9268,3293,1
9109,31.9966,32.0078,4096,235.8750,4,47.9268,3293,1
9110,31.9966,32.0078,4096,235.8750,4,47.9268,3294,1
9111,31.9966,32.0078,4096,235.8750,4,47.9268,3295,1
9112,31.9966,32.0078,4096,235.8750,4,47.9268,3295,1
9113,31.9966,32.0078,4096,235.8750,4,47.9268,3295,1
9114,31.9966,32.0078,4096,235.8750,4,47.9268,3295,1
9115,31.9966,32.0078,4096,235.8750,4,47.9268,3295,1
9116,31.9966,32.0078,4096,235.8750,4,47.9268,3295,1
9117,31.9966,32.0078,4096,235.8750,4,47.9268,3295,1
9118,31.9966,32.0078,4096,235.8750,4,47.9268,3295,1
9119,31.9966,32.0078,4096,235.8750,4,47.9268,3296,1
9120,31.9966,32.0078,4096,235.8750,4,47.9268,3296,1
9121,31.9966,32.0078,4096,235.8750,4,47.9268,3296,1
9122,31.9966,32.0078,4096,235.8750,4,47.9268,3296,1
9123,31.9966,32.0078,4096,235.8750,4,47.9268,3296,1
9124,31.9966,32.0078,4096,235.8750,4,47.9268,3296,1
9125,31.9966,32.0078,4096,235.8750,4,47.9268,3297,1
9126,31.9966,32.0078,4096,235.8750,4,47.9268,3297,1
9127,31.9966,32.0078,4096,235.8750,4,47.9268,3298,1
9128,31.9966,32.0078,4096,235.8750,4,47.9268,3298,1
9129,31.9966,32.0078,4096,235.8750,4,47.9268,3298,1
9130,31.9966,32.0078,4096,235.8750,4,47.9268,3298,1
9131,31.9966,32.0078,4096,235.8750,4,47.9268,3298,1
9132,31.9966,32.0078,4096,235.8750,4,47.9268,3299,1
9133,31.9966,32.0078,4096,235.8750,4,47.9268,3299,1
9134,31.9966,32.0078,4096,235.8750,4,47.9268,3299,1
9135,31.9966,32.0078,4096,235.8750,4,47.9268,3299,1
9136,31.9966,32.0078,4096,235.8750,4,47.9268,3299,1
9137,31.9966,32.0078,4096,235.8750,4,47.9268,3299,1
9138,31.9966,32.0078,4096,235.8750,4,47.9268,3300,1
9139,31.9966,32.0078,4096,235.8750,4,47.9268,3301,1
9140,31.9966,32.0078,4096,235.8750,4,47.9268,3301,1
9141,31.9966,32.0078,4096,235.8750,4,47.9268,3302,1
9142,31.9966,32.0078,4096,235.8750,4,47.9268,3302,1
9143,31.9966,32.0078,4096,235.8750,4,47.9268,3302,1
9144,31.9966,32.0078,4096,235.8750,4,47.9268,3302,1
9145,31.9966,32.0078,4096,235.8750,4,47.9268,3302,1
9146,31.9966,32.0078,4096,235.8750,4,47.9268,3302,1
9147,31.9966,32.0078,4096,235.8750,4,47.9268,3302,1
9148,31.9966,32.0078,4096,235.8750,4,47.9268,3302,1
9149,31.9966,32.0078,4096,235.8750,4,47.9268,3303,1
9150,31.9966,32.0078,4096,235.8750,4,47.9268,3303,1
9151,31.9966,32.0078,4096,235.8750,4,47.9268,3304,1
9152,31.9966,32.0078,4096,235.8750,4,47.9268,3304,1
9153,31.9966,32.0078,4096,235.8750,4,47.9268,3305,1
9154,31.9966,32.0078,4096,235.8750,4,47.9268,3305,1
9155,31.9966,32.0078,4096,235.8750,4,47.9268,3305,1
9156,31.9966,32.0078,4096,235.8750,4,47.9268,3306,1
9157,31.9966,32.0078,4096,235.8750,4,47.9268,3307,1
9158,31.9966,32.0078,4096,235.8750,4,47.9268,3307,1
9159,31.9966,32.0078,4096,235.8750,4,47.9268,3307,1
9160,31.9966,32.0078,4096,235.8750,4,47.9268,3307,1
9161,31.9966,32.0078,4096,235.8750,4,47.9268,3307,1
9162,31.9966,32.0078,4096,235.8750,4,47.9268,3307,1
9163,31.9966,32.0078,4096,235.8750,4,47.9268,3308,1
9164,31.9966,32.0078,4096,235.8750,4,47.9268,3308,1
9165,31.9966,32.0078,4096,235.8750,4,47.9268,3309,1
9166,31.9966,32.0078,4096,235.8750,4,47.9268,3309,1
9167,31.9966,32.0078,4096,235.8750,4,47.9268,3309,1
9168,31.9966,32.0078,4096,235.8750,4,47.9268,3310,1
9169,31.9966,32.0078,4096,235.8750,4,47.9268,3310,1
9170,31.9966,32.0078,4096,235.8750,4,47.9268,3310,1
9171,31.9966,32.0078,4096,235.8750,4,47.9268,3311,1
9172,31.9966,32.0078,4096,235.8750,4,47.9268,3311,1
9173,31.9966,32.0078,4096,235.8750,4,47.9268,3311,1
9174,31.9966,32.0078,4096,235.8750,4,47.9268,3312,1
9175,31.9966,32.0078,4096,235.8750,4,47.9268,3312,1
9176,31.9966,32.0078,4096,235.8750,4,47.9268,3313,1
9177,31.9966,32.0078,4096,235.8750,4,47.9268,3313,1
9178,31.9966,32.0078,4096,235.8750,4,47.9268,3313,1
9179,31.9966,32.0078,4096,235.8750,4,47.9268,3313,1
9180,31.9966,32.0078,4096,235.8750,4,47.9268,3314,1
9181,31.9966,32.0078,4096,235.8750,4,47.9268,3314,1
9182,31.9966,32.0078,4096,235.8750,4,47.9268,3315,1
9183,31.9966,32.0078,4096,235.8750,4,47.9268,3315,1
9184,31.9966,32.0078,4096,235.8750,4,47.9268,3316,1
9185,31.9966,32.0078,4096,235.8750,4,47.9268,3317,1
9186,31.9966,32.0078,4096,235.8750,4,47.9268,3317,1
9187,31.9966,32.0078,4096,235.8750,4,47.9268,3317,1
9188,31.9966,32.0078,4096,235.8750,4,47.9268,3317,1
9189,31.9966,32.0078,4096,235.8750,4,47.9268,3317,1
9190,31.9966,32.0078,4096,235.8750,4,47.9268,3317,1
9191,31.9966,32.0078,4096,235.8750,4,47.9268,3317,1
9192,31.9966,32.0078,4096,235.8750,4,47.9268,3318,1
9193,31.9966,32.0078,4096,235.8750,4,47.9268,3319,1
9194,31.9966,32.0078,4096,235.8750,4,47.9268,3320,1
9195,31.9966,32.0078,4096,235.8750,4,47.9268,3320,1
9196,31.9966,32.0078,4096,235.8750,4,47.9268,3320,1
9197,31.9966,32.0078,4096,235.8750,4,47.9268,3321,1
9198,31.9966,32.0078,4096,235.8750,4,47.9268,3321,1
9199,31.9966,32.0078,4096,235.8750,4,47.9268,3321,1
9200,31.9966,32.0078,4096,235.8750,4,47.9268,3321,1
9201,31.9966,32.0078,4096,235.8750,4,47.9268,3321,1
9202,31.9966,32.0078,4096,235.8750,4,47.9268,3322,1
9203,31.9966,32.0078,4096,235.8750,4,47.9268,3323,1
9204,31.9966,32.0078,4096,235.8750,4,47.9268,3324,1
9205,31.9966,32.0078,4096,235.8750,4,47.9268,3324,1
9206,31.9966,32.0078,4096,235.8750,4,47.9268,3324,1
9207,31.9966,32.0078,4096,235.8750,4,47.9268,3324,1
9208,31.9966,32.0078,4096,235.8750,4,47.9268,3325,1
9209,31.9966,32.0078,4096,235.8750,4,47.9268,3326,1
9210,31.9966,32.0078,4096,235.8750,4,47.9268,3326,1
9211,31.9966,32.0078,4096,235.8750,4,47.9268,3326,1
9212,31.9966,32.0078,4096,235.8750,4,47.9268,3326,1
9213,31.9966,32.0078,4096,235.8750,4,47.9268,3326,1
9214,31.9966,32.0078,4096,235.8750,4,47.9268,3326,1
9215,31.9966,32.0078,4096,235.8750,4,47.9268,3326,1
9216,31.9966,32.0078,4096,235.8750,4,47.9268,3327,1
9217,31.9966,32.0078,4096,235.8750,4,47.9268,3327,1
9218,31.9966,32.0078,4096,235.8750,4,47.9268,3327,1
9219,31.9966,32.0078,4096,235.8750,4,47.9268,3328,1
9220,31.9966,32.0078,4096,235.8750,4,47.9268,3328,1
9221,31.9966,32.0078,4096,235.8750,4,47.9268,3328,1
9222,31.9966,32.0078,4096,235.8750,4,47.9268,3329,1
9223,31.9966,32.0078,4096,235.8750,4,47.9268,3329,1
9224,31.9966,32.0078,4096,235.8750,4,47.9268,3329,1
9225,31.9966,32.0078,4096,235.8750,4,47.9268,3329,1
9226,31.9966,32.0078,4096,235.8750,4,47.9268,3330,1
9227,31.9966,32.0078,4096,235.8750,4,47.9268,3330,1
9228,31.9966,32.0078,4096,235.8750,4,47.9268,3330,1
9229,31.9966,32.0078,4096,235.8750,4,47.9268,3330,1
9230,31.9966,32.0078,4096,235.8750,4,47.9268,3330,1
9231,31.9966,32.0078,4096,235.8750,4,47.9268,3330,1
9232,31.9966,32.0078,4096,235.8750,4,47.9268,3330,1
9233,31.9966,32.0078,4096,235.8750,4,47.9268,3330,1
9234,31.9966,32.0078,4096,235.8750,4,47.9268,3330,1
9235,31.9966,32.0078,4096,235.8750,4,47.9268,3330,1
9236,31.9966,32.0078,4096,235.8750,4,47.9268,3331,1
9237,31.9966,32.0078,4096,235.8750,4,47.9268,3332,1
9238,31.9966,32.0078,4096,235.8750,4,47.9268,3332,1
9239,31.9966,32.0078,4096,235.8750,4,47.9268,3332,1
9240,31.9966,32.0078,4096,235.8750,4,47.9268,3332,1
9241,31.9966,32.0078,4096,235.8750,4,47.9268,3332,1
9242,31.9966,32.0078,4096,235.8750,4,47.9268,3332,1
9243,31.9966,32.0078,4096,235.8750,4,47.9268,3333,1
9244,31.9966,32.0078,4096,235.8750,4,47.9268,3333,1
9245,31.9966,32.0078,4096,235.8750,4,47.9268,3333,1
9246,31.9966,32.0078,4096,235.8750,4,47.9268,3333,1
9247,31.9966,32.0078,4096,235.8750,4,47.9268,3333,1
9248,31.9966,32.0078,4096,235.8750,4,47.9268,3333,1
9249,31.9966,32.0078,4096,235.8750,4,47.9268,3334,1
9250,31.9966,32.0078,4096,235.8750,4,47.9268,3334,1
9251,31.9966,32.0078,4096,235.8750,4,47.9268,3334,1
9252,31.9966,32.0078,4096,235.8750,4,47.9268,3334,1
9253,31.9966,32.0078,4096,235.8750,4,47.9268,3334,1
9254,31.9966,32.0078,4096,235.8750,4,47.9268,3334,1
9255,31.9966,32.0078,4096,235.8750,4,47.9268,3334,1
9256,31.9966,32.0078,4096,235.8750,4,47.9268,3334,1
9257,31.9966,32.0078,4096,235.8750,4,47.9268,3334,1
9258,31.9966,32.0078,4096,235.8750,4,47.9268,3334,1
9259,31.9966,32.0078,4096,235.8750,4,47.9268,3334,1
9260,31.9966,32.0078,4096,235.8750,4,47.9268,3334,1
9261,31.9966,32.0078,4096,235.8750,4,47.9268,3334,1
9262,31.9966,32.0078,4096,235.8750,4,47.9268,3334,1
9263,31.9966,32.0078,4096,235.8750,4,47.9268,3334,1
9264,31.9966,32.0078,4096,235.8750,4,47.9268,3334,1
9265,31.9966,32.0078,4096,235.8750,4,47.9268,3334,1
9266,31.9966,32.0078,4096,235.8750,4,47.9268,3335,1
9267,31.9966,32.0078,4096,235.8750,4,47.9268,3335,1
9268,31.9966,32.0078,4096,235.8750,4,47.9268,3335,1
9269,31.9966,32.0078,4096,235.8750,4,47.9268,3335,1
9270,31.9966,32.0078,4096,235.8750,4,47.9268,3335,1
9271,31.9966,32.0078,4096,235.8750,4,47.9268,3335,1
9272,31.9966,32.0078,4096,235.8750,4,47.9268,3335,1
9273,31.9966,32.0078,4096,235.8750,4,47.9268,3335,1
9274,31.9966,32.0078,4096,235.8750,4,47.9268,3335,1
9275,31.9966,32.0078,4096,235.8750,4,47.9268,3335,1
9276,31.9966,32.0078,4096,235.8750,4,47.9268,3335,1
9277,31.9966,32.0078,4096,235.8750,4,47.9268,3335,1
9278,31.9966,32.0078,4096,235.8750,4,47.9268,3335,1
9279,31.9966,32.0078,4096,235.8750,4,47.9268,3335,1
9280,31.9966,32.0078,4096,235.8750,4,47.9268,3336,1
9281,31.9966,32.0078,4096,235.8750,4,47.9268,3337,1
9282,31.9966,32.0078,4096,235.8750,4,47.9268,3337,1
9283,31.9966,32.0078,4096,235.8750,4,47.9268,3337,1
9284,31.9966,32.0078,4096,235.8750,4,47.9268,3337,1
9285,31.9966,32.0078,4096,235.8750,4,47.9268,3337,1
9286,31.9966,32.0078,4096,235.8750,4,47.9268,3337,1
9287,31.9966,32.0078,4096,235.8750,4,47.9268,3337,1
9288,31.9966,32.0078,4096,235.8750,4,47.9268,3337,1
9289,31.9966,32.0078,4096,235.8750,4,47.9268,3338,1
9290,31.9966,32.0078,4096,235.8750,4,47.9268,3338,1
9291,31.9966,32.0078,4096,235.8750,4,47.9268,3339,1
9292,31.9966,32.0078,4096,235.8750,4,47.9268,3340,1
9293,31.9966,32.0078,4096,235.8750,4,47.9268,3341,1
9294,31.9966,32.0078,4096,235.8750,4,47.9268,3341,1
9295,31.9966,32.0078,4096,235.8750,4,47.9268,3341,1
9296,31.9966,32.0078,4096,235.8750,4,47.9268,3342,1
9297,31.9966,32.0078,4096,235.8750,4,47.9268,3342,1
9298,31.9966,32.0078,4096,235.8750,4,47.9268,3343,1
9299,31.9966,32.0078,4096,235.8750,4,47.9268,3343,1
9300,31.9966,32.0078,4096,235.8750,4,47.9268,3343,1
9301,31.9966,32.0078,4096,235.8750,4,47.9268,3344,1
9302,31.9966,32.0078,4096,235.8750,4,47.9268,3344,1
9303,31.9966,32.0078,4096,235.8750,4,47.9268,3344,1
9304,31.9966,32.0078,4096,235.8750,4,47.9268,3344,1
9305,31.9966,32.0078,4096,235.8750,4,47.9268,3345,1
9306,31.9966,32.0078,4096,235.8750,4,47.9268,3345,1
9307,31.9966,32.0078,4096,235.8750,4,47.9268,3345,1
9308,31.9966,32.0078,4096,235.8750,4,47.9268,3345,1
9309,31.9966,32.0078,4096,235.8750,4,47.9268,3346,1
9310,31.9966,32.0078,4096,235.8750,4,47.9268,3346,1
9311,31.9966,32.0078,4096,235.8750,4,47.9268,3346,1
9312,31.9966,32.0078,4096,235.8750,4,47.9268,3346,1
9313,31.9966,32.0078,4096,235.8750,4,47.9268,3346,1
9314,31.9966,32.0078,4096,235.8750,4,47.9268,3347,1
9315,31.9966,32.0078,4096,235.8750,4,47.9268,3347,1
9316,31.9966,32.0078,4096,235.8750,4,47.9268,3347,1
9317,31.9966,32.0078,4096,235.8750,4,47.9268,3348,1
9318,31.9966,32.0078,4096,235.8750,4,47.9268,3348,1
9319,31.9966,32.0078,4096,235.8750,4,47.9268,3348,1
9320,31.9966,32.0078,4096,235.8750,4,47.9268,3348,1
9321,31.9966,32.0078,4096,235.8750,4,47.9268,3348,1
9322,31.9966,32.0078,4096,235.8750,4,47.9268,3348,1
9323,31.9966,32.0078,4096,235.8750,4,47.9268,3349,1
9324,31.9966,32.0078,4096,235.8750,4,47.9268,3350,1
9325,31.9966,32.0078,4096,235.8750,4,47.9268,3350,1
9326,31.9966,32.0078,4096,235.8750,4,47.9268,3350,1
9327,31.9966,32.0078,4096,235.8750,4,47.9268,3351,1
9328,31.9966,32.0078,4096,235.8750,4,47.9268,3352,1
9329,31.9966,32.0078,4096,235.8750,4,47.9268,3352,1
9330,31.9966,32.0078,4096,235.8750,4,47.9268,3352,1
9331,31.9966,32.0078,4096,235.8750,4,47.9268,3352,1
9332,31.9966,32.0078,4096,235.8750,4,47.9268,3352,1
9333,31.9966,32.0078,4096,235.8750,4,47.9268,3352,1
9334,31.9966,32.0078,4096,235.8750,4,47.9268,3352,1
9335,31.9966,32.0078,4096,235.8750,4,47.9268,3352,1
9336,31.9966,32.0078,4096,235.8750,4,47.9268,3352,1
9337,31.9966,32.0078,4096,235.8750,4,47.9268,3352,1
9338,31.9966,32.0078,4096,235.8750,4,47.9268,3352,1
9339,31.9966,32.0078,4096,235.8750,4,47.9268,3353,1
9340,31.9966,32.0078,4096,235.8750,4,47.9268,3353,1
9341,31.9966,32.0078,4096,235.8750,4,47.9268,3354,1
9342,31.9966,32.0078,4096,235.8750,4,47.9268,3355,1
9343,31.9966,32.0078,4096,235.8750,4,47.9268,3355,1
9344,31.9966,32.0078,4096,235.8750,4,47.9268,3355,1
9345,31.9966,32.0078,4096,235.8750,4,47.9268,3355,1
9346,31.9966,32.0078,4096,235.8750,4,47.9268,3356,1
9347,31.9966,32.0078,4096,235.8750,4,47.9268,3356,1
9348,31.9966,32.0078,4096,235.8750,4,47.9268,3356,1
9349,31.9966,32.0078,4096,235.8750,4,47.9268,3356,1
9350,31.9966,32.0078,4096,235.8750,4,47.9268,3357,1
9351,31.9966,32.0078,4096,235.8750,4,47.9268,3357,1
9352,31.9966,32.0078,4096,235.8750,4,47.9268,3357,1
9353,31.9966,32.0078,4096,235.8750,4,47.9268,3357,1
9354,31.9966,32.0078,4096,235.8750,4,47.9268,3358,1
9355,31.9966,32.0078,4096,235.8750,4,47.9268,3358,1
9356,31.9966,32.0078,4096,235.8750,4,47.9268,3358,1
9357,31.9966,32.0078,4096,235.8750,4,47.9268,3359,1
9358,31.9966,32.0078,4096,235.8750,4,47.9268,3359,1
9359,31.9966,32.0078,4096,235.8750,4,47.9268,3359,1
9360,31.9966,32.0078,4096,235.8750,4,47.9268,3359,1
9361,31.9966,32.0078,4096,235.8750,4,47.9268,3359,1
9362,31.9966,32.0078,4096,235.8750,4,47.9268,3359,1
9363,31.9966,32.0078,4096,235.8750,4,47.9268,3359,1
9364,31.9966,32.0078,4096,235.8750,4,47.9268,3360,1
9365,31.9966,32.0078,4096,235.8750,4,47.9268,3361,1
9366,31.9966,32.0078,4096,235.8750,4,47.9268,3362,1
9367,31.9966,32.0078,4096,235.8750,4,47.9268,3362,1
9368,31.9966,32.0078,4096,235.8750,4,47.9268,3363,1
9369,31.9966,32.0078,4096,235.8750,4,47.9268,3363,1
9370,31.9966,32.0078,4096,235.8750,4,47.9268,3363,1
9371,31.9966,32.0078,4096,235.8750,4,47.9268,3363,1
9372,31.9966,32.0078,4096,235.8750,4,47.9268,3363,1
9373,31.9966,32.0078,4096,235.8750,4,47.9268,3363,1
9374,31.9966,32.0078,4096,235.8750,4,47.9268,3363,1
9375,31.9966,32.0078,4096,235.8750,4,47.9268,3363,1
9376,31.9966,32.0078,4096,235.8750,4,47.9268,3364,1
9377,31.9966,32.0078,4096,235.8750,4,47.9268,3365,1
9378,31.9966,32.0078,4096,235.8750,4,47.9268,3366,1
9379,31.9966,32.0078,4096,235.8750,4,47.9268,3366,1
9380,31.9966,32.0078,4096,235.8750,4,47.9268,3367,1
9381,31.9966,32.0078,4096,235.8750,4,47.9268,3367,1
9382,31.9966,32.0078,4096,235.8750,4,47.9268,3367,1
9383,31.9966,32.0078,4096,235.8750,4,47.9268,3367,1
9384,31.9966,32.0078,4096,235.8750,4,47.9268,3368,1
9385,31.9966,32.0078,4096,235.8750,4,47.9268,3368,1
9386,31.9966,32.0078,4096,235.8750,4,47.9268,3368,1
9387,31.9966,32.0078,4096,235.8750,4,47.9268,3368,1
9388,31.9966,32.0078,4096,235.8750,4,47.9268,3369,1
9389,31.9966,32.0078,4096,235.8750,4,47.9268,3370,1
9390,31.9966,32.0078,4096,235.8750,4,47.9268,3370,1
9391,31.9966,32.0078,4096,235.8750,4,47.9268,3370,1
9392,31.9966,32.0078,4096,235.8750,4,47.9268,3371,1
9393,31.9966,32.0078,4096,235.8750,4,47.9268,3372,1
9394,31.9966,32.0078,4096,235.8750,4,47.9268,3372,1
9395,31.9966,32.0078,4096,235.8750,4,47.9268,3373,1
9396,31.9966,32.0078,4096,235.8750,4,47.9268,3373,1
9397,31.9966,32.0078,4096,235.8750,4,47.9268,3373,1
9398,31.9966,32.0078,4096,235.8750,4,47.9268,3373,1
9399,31.9966,32.0078,4096,235.8750,4,47.9268,3373,1
9400,31.9966,32.0078,4096,235.8750,4,47.9268,3373,1
9401,31.9966,32.0078,4096,235.8750,4,47.9268,3373,1
9402,31.9966,32.0078,4096,235.8750,4,47.9268,3374,1
9403,31.9966,32.0078,4096,235.8750,4,47.9268,3374,1
9404,31.9966,32.0078,4096,235.8750,4,47.9268,3374,1
9405,31.9966,32.0078,4096,235.8750,4,47.9268,3375,1
9406,31.9966,32.0078,4096,235.8750,4,47.9268,3375,1
9407,31.9966,32.0078,4096,235.8750,4,47.9268,3375,1
9408,31.9966,32.0078,4096,235.8750,4,47.9268,3375,1
9409,31.9966,32.0078,4096,235.8750,4,47.9268,3375,1
9410,31.9966,32.0078,4096,235.8750,4,47.9268,3375,1
9411,31.9966,32.0078,4096,235.8750,4,47.9268,3375,1
9412,31.9966,32.0078,4096,235.8750,4,47.9268,3376,1
9413,31.9966,32.0078,4096,235.8750,4,47.9268,3376,1
9414,31.9966,32.0078,4096,235.8750,4,47.9268,3376,1
9415,31.9966,32.0078,4096,235.8750,4,47.9268,3376,1
9416,31.9966,32.0078,4096,235.8750,4,47.9268,3376,1
9417,31.9966,32.0078,4096,235.8750,4,47.9268,3377,1
9418,31.9966,32.0078,4096,235.8750,4,47.9268,3378,1
9419,31.9966,32.0078,4096,235.8750,4,47.9268,3378,1
9420,31.9966,32.0078,4096,235.8750,4,47.9268,3378,1
9421,31.9966,32.0078,4096,235.8750,4,47.9268,3378,1
9422,31.9966,32.0078,4096,235.8750,4,47.9268,3378,1
9423,31.9966,32.0078,4096,235.8750,4,47.9268,3378,1
9424,31.9966,32.0078,4096,235.8750,4,47.9268,3379,1
9425,31.9966,32.0078,4096,235.8750,4,47.9268,3380,1
9426,31.9966,32.0078,4096,235.8750,4,47.9268,3380,1
9427,31.9966,32.0078,4096,235.8750,4,47.9268,3381,1
9428,31.9966,32.0078,4096,235.8750,4,47.9268,3381,1
9429,31.9966,32.0078,4096,235.8750,4,47.9268,3381,1
9430,31.9966,32.0078,4096,235.8750,4,47.9268,3382,1
9431,31.9966,32.0078,4096,235.8750,4,47.9268,3382,1
9432,31.9966,32.0078,4096,235.8750,4,47.9268,3383,1
9433,31.9966,32.0078,4096,235.8750,4,47.9268,3384,1
9434,31.9966,32.0078,4096,235.8750,4,47.9268,3384,1
9435,31.9966,32.0078,4096,235.8750,4,47.9268,3384,1
9436,31.9966,32.0078,4096,235.8750,4,47.9268,3384,1
9437,31.9966,32.0078,4096,235.8750,4,47.9268,3384,1
9438,31.9966,32.0078,4096,235.8750,4,47.9268,3384,1
9439,31.9966,32.0078,4096,235.8750,4,47.9268,3384,1
9440,31.9966,32.0078,4096,235.8750,4,47.9268,3384,1
9441,31.9966,32.0078,4096,235.8750,4,47.9268,3384,1
9442,31.9966,32.0078,4096,235.8750,4,47.9268,3385,1
9443,31.9966,32.0078,4096,235.8750,4,47.9268,3385,1
9444,31.9966,32.0078,4096,235.8750,4,47.9268,3385,1
9445,31.9966,32.0078,4096,235.8750,4,47.9268,3385,1
9446,31.9966,32.0078,4096,235.8750,4,47.9268,3385,1
9447,31.9966,32.0078,4096,235.8750,4,47.9268,3385,1
9448,31.9966,32.0078,4096,235.8750,4,47.9268,3385,1
9449,31.9966,32.0078,4096,235.8750,4,47.9268,3386,1
9450,31.9966,32.0078,4096,235.8750,4,47.9268,3386,1
9451,31.9966,32.0078,4096,235.8750,4,47.9268,3387,1
9452,31.9966,32.0078,4096,235.8750,4,47.9268,3387,1
9453,31.9966,32.0078,4096,235.8750,4,47.9268,3387,1
9454,31.9966,32.0078,4096,235.8750,4,47.9268,3388,1
9455,31.9966,32.0078,4096,235.8750,4,47.9268,3388,1
9456,31.9966,32.0078,4096,235.8750,4,47.9268,3388,1
9457,31.9966,32.0078,4096,235.8750,4,47.9268,3388,1
9458,31.9966,32.0078,4096,235.8750,4,47.9268,3388,1
9459,31.9966,32.0078,4096,235.8750,4,47.9268,3388,1
9460,31.9966,32.0078,4096,235.8750,4,47.9268,3388,1
9461,31.9966,32.0078,4096,235.8750,4,47.9268,3388,1
9462,31.9966,32.0078,4096,235.8750,4,47.9268,3388,1
9463,31.9966,32.0078,4096,235.8750,4,47.9268,3388,1
9464,31.9966,32.0078,4096,235.8750,4,47.9268,3388,1
9465,31.9966,32.0078,4096,235.8750,4,47.9268,3389,1
9466,31.9966,32.0078,4096,235.8750,4,47.9268,3389,1
9467,31.9966,32.0078,4096,235.8750,4,47.9268,3389,1
9468,31.9966,32.0078,4096,235.8750,4,47.9268,3389,1
9469,31.9966,32.0078,4096,235.8750,4,47.9268,3390,1
9470,31.9966,32.0078,4096,235.8750,4,47.9268,3391,1
9471,31.9966,32.0078,4096,235.8750,4,47.9268,3392,1
9472,31.9966,32.0078,4096,235.8750,4,47.9268,3392,1
9473,31.9966,32.0078,4096,235.8750,4,47.9268,3393,1
9474,31.9966,32.0078,4096,235.8750,4,47.9268,3393,1
9475,31.9966,32.0078,4096,235.8750,4,47.9268,3394,1
9476,31.9966,32.0078,4096,235.8750,4,47.9268,3394,1
9477,31.9966,32.0078,4096,235.8750,4,47.9268,3394,1
9478,31.9966,32.0078,4096,235.8750,4,47.9268,3394,1
9479,31.9966,32.0078,4096,235.8750,4,47.9268,3394,1
9480,31.9966,32.0078,4096,235.8750,4,47.9268,3394,1
9481,31.9966,32.0078,4096,235.8750,4,47.9268,3395,1
9482,31.9966,32.0078,4096,235.8750,4,47.9268,3395,1
9483,31.9966,32.0078,4096,235.8750,4,47.9268,3395,1
9484,31.9966,32.0078,4096,235.8750,4,47.9268,3395,1
9485,31.9966,32.0078,4096,235.8750,4,47.9268,3395,1
9486,31.9966,32.0078,4096,235.8750,4,47.9268,3395,1
9487,31.9966,32.0078,4096,235.8750,4,47.9268,3396,1
9488,31.9966,32.0078,4096,235.8750,4,47.9268,3397,1
9489,31.9966,32.0078,4096,235.8750,4,47.9268,3397,1
9490,31.9966,32.0078,4096,235.8750,4,47.9268,3398,1
9491,31.9966,32.0078,4096,235.8750,4,47.9268,3399,1
9492,31.9966,32.0078,4096,235.8750,4,47.9268,3399,1
9493,31.9966,32.0078,4096,235.8750,4,47.9268,3399,1
9494,31.9966,32.0078,4096,235.8750,4,47.9268,3399,1
9495,31.9966,32.0078,4096,235.8750,4,47.9268,3399,1
9496,31.9966,32.0078,4096,235.8750,4,47.9268,3399,1
9497,31.9966,32.0078,4096,235.8750,4,47.9268,3400,1
9498,31.9966,32.0078,4096,235.8750,4,47.9268,3400,1
9499,31.9966,32.0078,4096,235.8750,4,47.9268,3400,1
9500,31.9966,32.0078,4096,235.8750,4,47.9268,3401,1
9501,31.9966,32.0078,4096,235.8750,4,47.9268,3401,1
9502,31.9966,32.0078,4096,235.8750,4,47.9268,3401,1
9503,31.9966,32.0078,4096,235.8750,4,47.9268,3402,1
9504,31.9966,32.0078,4096,235.8750,4,47.9268,3402,1
9505,31.9966,32.0078,4096,235.8750,4,47.9268,3402,1
9506,31.9966,32.0078,4096,235.8750,4,47.9268,3403,1
9507,31.9966,32.0078,4096,235.8750,4,47.9268,3403,1
9508,31.9966,32.0078,4096,235.8750,4,47.9268,3403,1
9509,31.9966,32.0078,4096,235.8750,4,47.9268,3404,1
9510,31.9966,32.0078,4096,235.8750,4,47.9268,3404,1
9511,31.9966,32.0078,4096,235.8750,4,47.9268,3404,1
9512,31.9966,32.0078,4096,235.8750,4,47.9268,3404,1
9513,31.9966,32.0078,4096,235.8750,4,47.9268,3404,1
9514,31.9966,32.0078,4096,235.8750,4,47.9268,3404,1
9515,31.9966,32.0078,4096,235.8750,4,47.9268,3405,1
9516,31.9966,32.0078,4096,235.8750,4,47.9268,3405,1
9517,31.9966,32.0078,4096,235.8750,4,47.9268,3405,1
9518,31.9966,32.0078,4096,235.8750,4,47.9268,3405,1
9519,31.9966,32.0078,4096,235.8750,4,47.9268,3405,1
9520,31.9966,32.0078,4096,235.8750,4,47.9268,3406,1
9521,31.9966,32.0078,4096,235.8750,4,47.9268,3406,1
9522,31.9966,32.0078,4096,235.8750,4,47.9268,3406,1
9523,31.9966,32.0078,4096,235.8750,4,47.9268,3407,1
9524,31.9966,32.0078,4096,235.8750,4,47.9268,3407,1
9525,31.9966,32.0078,4096,235.8750,4,47.9268,3407,1
9526,31.9966,32.0078,4096,235.8750,4,47.9268,3407,1
9527,31.9966,32.0078,4096,235.8750,4,47.9268,3407,1
9528,31.9966,32.0078,4096,235.8750,4,47.9268,3407,1
9529,31.9966,32.0078,4096,235.8750,4,47.9268,3407,1
9530,31.9966,32.0078,4096,235.8750,4,47.9268,3407,1
9531,31.9966,32.0078,4096,235.8750,4,47.9268,3408,1
9532,31.9966,32.0078,4096,235.8750,4,47.9268,3408,1
9533,31.9966,32.0078,4096,235.8750,4,47.9268,3408,1
9534,31.9966,32.0078,4096,235.8750,4,47.9268,3408,1
9535,31.9966,32.0078,4096,235.8750,4,47.9268,3408,1
9536,31.9966,32.0078,4096,235.8750,4,47.9268,3408,1
9537,31.9966,32.0078,4096,235.8750,4,47.9268,3408,1
9538,31.9966,32.0078,4096,235.8750,4,47.9268,3408,1
9539,31.9966,32.0078,4096,235.8750,4,47.9268,3408,1
9540,31.9966,32.0078,4096,235.8750,4,47.9268,3408,1
9541,31.9966,32.0078,4096,235.8750,4,47.9268,3409,1
9542,31.9966,32.0078,4096,235.8750,4,47.9268,3410,1
9543,31.9966,32.0078,4096,235.8750,4,47.9268,3410,1
9544,31.9966,32.0078,4096,235.8750,4,47.9268,3410,1
9545,31.9966,32.0078,4096,235.8750,4,47.9268,3410,1
9546,31.9966,32.0078,4096,235.8750,4,47.9268,3410,1
9547,31.9966,32.0078,4096,235.8750,4,47.9268,3411,1
9548,31.9966,32.0078,4096,235.8750,4,47.9268,3411,1
9549,31.9966,32.0078,4096,235.8750,4,47.9268,3411,1
9550,31.9966,32.0078,4096,235.8750,4,47.9268,3412,1
9551,31.9966,32.0078,4096,235.8750,4,47.9268,3412,1
9552,31.9966,32.0078,4096,235.8750,4,47.9268,3412,1
9553,31.9966,32.0078,4096,235.8750,4,47.9268,3413,1
9554,31.9966,32.0078,4096,235.8750,4,47.9268,3413,1
9555,31.9966,32.0078,4096,235.8750,4,47.9268,3413,1
9556,31.9966,32.0078,4096,235.8750,4,47.9268,3413,1
9557,31.9966,32.0078,4096,235.8750,4,47.9268,3413,1
9558,31.9966,32.0078,4096,235.8750,4,47.9268,3414,1
9559,31.9966,32.0078,4096,235.8750,4,47.9268,3414,1
9560,31.9966,32.0078,4096,235.8750,4,47.9268,3415,1
9561,31.9966,32.0078,4096,235.8750,4,47.9268,3415,1
9562,31.9966,32.0078,4096,235.8750,4,47.9268,3416,1
9563,31.9966,32.0078,4096,235.8750,4,47.9268,3416,1
9564,31.9966,32.0078,4096,235.8750,4,47.9268,3416,1
9565,31.9966,32.0078,4096,235.8750,4,47.9268,3417,1
9566,31.9966,32.0078,4096,235.8750,4,47.9268,3417,1
9567,31.9966,32.0078,4096,235.8750,4,47.9268,3417,1
9568,31.9966,32.0078,4096,235.8750,4,47.9268,3418,1
9569,31.9966,32.0078,4096,235.8750,4,47.9268,3419,1
9570,31.9966,32.0078,4096,235.8750,4,47.9268,3420,1
9571,31.9966,32.0078,4096,235.8750,4,47.9268,3420,1
9572,31.9966,32.0078,4096,235.8750,4,47.9268,3420,1
9573,31.9966,32.0078,4096,235.8750,4,47.9268,3420,1
9574,31.9966,32.0078,4096,235.8750,4,47.9268,3420,1
9575,31.9966,32.0078,4096,235.8750,4,47.9268,3420,1
9576,31.9966,32.0078,4096,235.8750,4,47.9268,3420,1
9577,31.9966,32.0078,4096,235.8750,4,47.9268,3421,1
9578,31.9966,32.0078,4096,235.8750,4,47.9268,3421,1
9579,31.9966,32.0078,4096,235.8750,4,47.9268,3422,1
9580,31.9966,32.0078,4096,235.8750,4,47.9268,3422,1
9581,31.9966,32.0078,4096,235.8750,4,47.9268,3423,1
9582,31.9966,32.0078,4096,235.8750,4,47.9268,3423,1
9583,31.9966,32.0078,4096,235.8750,4,47.9268,3423,1
9584,31.9966,32.0078,4096,235.8750,4,47.9268,3424,1
9585,31.9966,32.0078,4096,235.8750,4,47.9268,3424,1
9586,31.9966,32.0078,4096,235.8750,4,47.9268,3424,1
9587,31.9966,32.0078,4096,235.8750,4,47.9268,3424,1
9588,31.9966,32.0078,4096,235.8750,4,47.9268,3425,1
9589,31.9966,32.0078,4096,235.8750,4,47.9268,3425,1
9590,31.9966,32.0078,4096,235.8750,4,47.9268,3426,1
9591,31.9966,32.0078,4096,235.8750,4,47.9268,3426,1
9592,31.9966,32.0078,4096,235.8750,4,47.9268,3427,1
9593,31.9966,32.0078,4096,235.8750,4,47.9268,3427,1
9594,31.9966,32.0078,4096,235.8750,4,47.9268,3427,1
9595,31.9966,32.0078,4096,235.8750,4,47.9268,3428,1
9596,31.9966,32.0078,4096,235.8750,4,47.9268,3428,1
9597,31.9966,32.0078,4096,235.8750,4,47.9268,3428,1
9598,31.9966,32.0078,4096,235.8750,4,47.9268,3428,1
9599,31.9966,32.0078,4096,235.8750,4,47.9268,3428,1
9600,31.9966,32.0078,4096,235.8750,4,47.9268,3428,1
9601,31.9966,32.0078,4096,235.8750,4,47.9268,3428,1
9602,31.9966,32.0078,4096,235.8750,4,47.9268,3428,1
9603,31.9966,32.0078,4096,235.8750,4,47.9268,3429,1
9604,31.9966,32.0078,4096,235.8750,4,47.9268,3429,1
9605,31.9966,32.0078,4096,235.8750,4,47.9268,3429,1
9606,31.9966,32.0078,4096,235.8750,4,47.9268,3429,1
9607,31.9966,32.0078,4096,235.8750,4,47.9268,3429,1
9608,31.9966,32.0078,4096,235.8750,4,47.9268,3429,1
9609,31.9966,32.0078,4096,235.8750,4,47.9268,3429,1
9610,31.9966,32.0078,4096,235.8750,4,47.9268,3430,1
9611,31.9966,32.0078,4096,235.8750,4,47.9268,3430,1
9612,31.9966,32.0078,4096,235.8750,4,47.9268,3430,1
9613,31.9966,32.0078,4096,235.8750,4,47.9268,3431,1
9614,31.9966,32.0078,4096,235.8750,4,47.9268,3431,1
9615,31.9966,32.0078,4096,235.8750,4,47.9268,3431,1
9616,31.9966,32.0078,4096,235.8750,4,47.9268,3432,1
9617,31.9966,32.0078,4096,235.8750,4,47.9268,3432,1
9618,31.9966,32.0078,4096,235.8750,4,47.9268,3432,1
9619,31.9966,32.0078,4096,235.8750,4,47.9268,3432,1
9620,31.9966,32.0078,4096,235.8750,4,47.9268,3433,1
9621,31.9966,32.0078,4096,235.8750,4,47.9268,3433,1
9622,31.9966,32.0078,4096,235.8750,4,47.9268,3434,1
9623,31.9966,32.0078,4096,235.8750,4,47.9268,3435,1
9624,31.9966,32.0078,4096,235.8750,4,47.9268,3435,1
9625,31.9966,32.0078,4096,235.8750,4,47.9268,3435,1
9626,31.9966,32.0078,4096,235.8750,4,47.9268,3435,1
9627,31.9966,32.0078,4096,235.8750,4,47.9268,3435,1
9628,31.9966,32.0078,4096,235.8750,4,47.9268,3435,1
9629,31.9966,32.0078,4096,235.8750,4,47.9268,3436,1
9630,31.9966,32.0078,4096,235.8750,4,47.9268,3436,1
9631,31.9966,32.0078,4096,235.8750,4,47.9268,3436,1
9632,31.9966,32.0078,4096,235.8750,4,47.9268,3437,1
9633,31.9966,32.0078,4096,235.8750,4,47.9268,3438,1
9634,31.9966,32.0078,4096,235.8750,4,47.9268,3438,1
9635,31.9966,32.0078,4096,235.8750,4,47.9268,3438,1
9636,31.9966,32.0078,4096,235.8750,4,47.9268,3438,1
9637,31.9966,32.0078,4096,235.8750,4,47.9268,3438,1
9638,31.9966,32.0078,4096,235.8750,4,47.9268,3438,1
9639,31.9966,32.0078,4096,235.8750,4,47.9268,3438,1
9640,31.9966,32.0078,4096,235.8750,4,47.9268,3438,1
9641,31.9966,32.0078,4096,235.8750,4,47.9268,3438,1
9642,31.9966,32.0078,4096,235.8750,4,47.9268,3438,1
9643,31.9966,32.0078,4096,235.8750,4,47.9268,3438,1
9644,31.9966,32.0078,4096,235.8750,4,47.9268,3438,1
9645,31.9966,32.0078,4096,235.8750,4,47.9268,3438,1
9646,31.9966,32.0078,4096,235.8750,4,47.9268,3438,1
9647,31.9966,32.0078,4096,235.8750,4,47.9268,3439,1
9648,31.9966,32.0078,4096,235.8750,4,47.9268,3439,1
9649,31.9966,32.0078,4096,235.8750,4,47.9268,3439,1
9650,31.9966,32.0078,4096,235.8750,4,47.9268,3439,1
9651,31.9966,32.0078,4096,235.8750,4,47.9268,3439,1
9652,31.9966,32.0078,4096,235.8750,4,47.9268,3439,1
9653,31.9966,32.0078,4096,235.8750,4,47.9268,3439,1
9654,31.9966,32.0078,4096,235.8750,4,47.9268,3439,1
9655,31.9966,32.0078,4096,235.8750,4,47.9268,3439,1
9656,31.9966,32.0078,4096,235.8750,4,47.9268,3440,1
9657,31.9966,32.0078,4096,235.8750,4,47.9268,3440,1
9658,31.9966,32.0078,4096,235.8750,4,47.9268,3441,1
9659,31.9966,32.0078,4096,235.8750,4,47.9268,3441,1
9660,31.9966,32.0078,4096,235.8750,4,47.9268,3441,1
9661,31.9966,32.0078,4096,235.8750,4,47.9268,3441,1
9662,31.9966,32.0078,4096,235.8750,4,47.9268,3441,1
9663,31.9966,32.0078,4096,235.8750,4,47.9268,3441,1
9664,31.9966,32.0078,4096,235.8750,4,47.9268,3441,1
9665,31.9966,32.0078,4096,235.8750,4,47.9268,3441,1
9666,31.9966,32.0078,4096,235.8750,4,47.9268,3441,1
9667,31.9966,32.0078,4096,235.8750,4,47.9268,3441,1
9668,31.9966,32.0078,4096,235.8750,4,47.9268,3442,1
9669,31.9966,32.0078,4096,235.8750,4,47.9268,3442,1
9670,31.9966,32.0078,4096,235.8750,4,47.9268,3442,1
9671,31.9966,32.0078,4096,235.8750,4,47.9268,3443,1
9672,31.9966,32.0078,4096,235.8750,4,47.9268,3444,1
9673,31.9966,32.0078,4096,235.8750,4,47.9268,3444,1
9674,31.9966,32.0078,4096,235.8750,4,47.9268,3444,1
9675,31.9966,32.0078,4096,235.8750,4,47.9268,3444,1
9676,31.9966,32.0078,4096,235.8750,4,47.9268,3444,1
9677,31.9966,32.0078,4096,235.8750,4,47.9268,3445,1
9678,31.9966,32.0078,4096,235.8750,4,47.9268,3445,1
9679,31.9966,32.0078,4096,235.8750,4,47.9268,3445,1
9680,31.9966,32.0078,4096,235.8750,4,47.9268,3446,1
9681,31.9966,32.0078,4096,235.8750,4,47.9268,3446,1
9682,31.9966,32.0078,4096,235.8750,4,47.9268,3446,1
9683,31.9966,32.0078,4096,235.8750,4,47.9268,3446,1
9684,31.9966,32.0078,4096,235.8750,4,47.9268,3447,1
9685,31.9966,32.0078,4096,235.8750,4,47.9268,3447,1
9686,31.9966,32.0078,4096,235.8750,4,47.9268,3448,1
9687,31.9966,32.0078,4096,235.8750,4,47.9268,3448,1
9688,31.9966,32.0078,4096,235.8750,4,47.9268,3448,1
9689,31.9966,32.0078,4096,235.8750,4,47.9268,3449,1
9690,31.9966,32.0078,4096,235.8750,4,47.9268,3449,1
9691,31.9966,32.0078,4096,235.8750,4,47.9268,3449,1
9692,31.9966,32.0078,4096,235.8750,4,47.9268,3449,1
9693,31.9966,32.0078,4096,235.8750,4,47.9268,3449,1
9694,31.9966,32.0078,4096,235.8750,4,47.9268,3449,1
9695,31.9966,32.0078,4096,235.8750,4,47.9268,3450,1
9696,31.9966,32.0078,4096,235.8750,4,47.9268,3450,1
9697,31.9966,32.0078,4096,235.8750,4,47.9268,3451,1
9698,31.9966,32.0078,4096,235.8750,4,47.9268,3451,1
9699,31.9966,32.0078,4096,235.8750,4,47.9268,3451,1
9700,31.9966,32.0078,4096,235.8750,4,47.9268,3452,1
9701,31.9966,32.0078,4096,235.8750,4,47.9268,3453,1
9702,31.9966,32.0078,4096,235.8750,4,47.9268,3453,1
9703,31.9966,32.0078,4096,235.8750,4,47.9268,3453,1
9704,31.9966,32.0078,4096,235.8750,4,47.9268,3453,1
9705,31.9966,32.0078,4096,235.8750,4,47.9268,3453,1
9706,31.9966,32.0078,4096,235.8750,4,47.9268,3453,1
9707,31.9966,32.0078,4096,235.8750,4,47.9268,3453,1
9708,31.9966,32.0078,4096,235.8750,4,47.9268,3453,1
9709,31.9966,32.0078,4096,235.8750,4,47.9268,3453,1
9710,31.9966,32.0078,4096,235.8750,4,47.9268,3453,1
9711,31.9966,32.0078,4096,235.8750,4,47.9268,3453,1
9712,31.9966,32.0078,4096,235.8750,4,47.9268,3453,1
9713,31.9966,32.0078,4096,235.8750,4,47.9268,3453,1
9714,31.9966,32.0078,4096,235.8750,4,47.9268,3453,1
9715,31.9966,32.0078,4096,235.8750,4,47.9268,3453,1
9716,31.9966,32.0078,4096,235.8750,4,47.9268,3453,1
9717,31.9966,32.0078,4096,235.8750,4,47.9268,3453,1
9718,31.9966,32.0078,4096,235.8750,4,47.9268,3453,1
9719,31.9966,32.0078,4096,235.8750,4,47.9268,3453,1
9720,31.9966,32.0078,4096,235.8750,4,47.9268,3453,1
9721,31.9966,32.0078,4096,235.8750,4,47.9268,3453,1
9722,31.9966,32.0078,4096,235.8750,4,47.9268,3453,1
9723,31.9966,32.0078,4096,235.8750,4,47.9268,3453,1
9724,31.9966,32.0078,4096,235.8750,4,47.9268,3453,1
9725,31.9966,32.0078,4096,235.8750,4,47.9268,3453,1
9726,31.9966,32.0078,4096,235.8750,4,47.9268,3453,1
9727,31.9966,32.0078,4096,235.8750,4,47.9268,3453,1
9728,31.9966,32.0078,4096,235.8750,4,47.9268,3453,1
9729,31.9966,32.0078,4096,235.8750,4,47.9268,3453,1
9730,31.9966,32.0078,4096,235.8750,4,47.9268,3453,1
9731,31.9966,32.0078,4096,235.8750,4,47.9268,3453,1
9732,31.9966,32.0078,4096,235.8750,4,47.9268,3453,1
9733,31.9966,32.0078,4096,235.8750,4,47.9268,3453,1
9734,31.9966,32.0078,4096,235.8750,4,47.9268,3453,1
9735,31.9966,32.0078,4096,235.8750,4,47.9268,3453,1
9736,31.9966,32.0078,4096,235.8750,4,47.9268,3453,1
9737,31.9966,32.0078,4096,235.8750,4,47.9268,3453,1
9738,31.9966,32.0078,4096,235.8750,4,47.9268,3453,1
9739,31.9966,32.0078,4096,235.8750,4,47.9268,3454,1
9740,31.9966,32.0078,4096,235.8750,4,47.9268,3455,1
9741,31.9966,32.0078,4096,235.8750,4,47.9268,3455,1
9742,31.9966,32.0078,4096,235.8750,4,47.9268,3456,1
9743,31.9966,32.0078,4096,235.8750,4,47.9268,3456,1
9744,31.9966,32.0078,4096,235.8750,4,47.9268,3456,1
9745,31.9966,32.0078,4096,235.8750,4,47.9268,3456,1
9746,31.9966,32.0078,4096,235.8750,4,47.9268,3456,1
9747,31.9966,32.0078,4096,235.8750,4,47.9268,3456,1
9748,31.9966,32.0078,4096,235.8750,4,47.9268,3457,1
9749,31.9966,32.0078,4096,235.8750,4,47.9268,3458,1
9750,31.9966,32.0078,4096,235.8750,4,47.9268,3458,1
9751,31.9966,32.0078,4096,235.8750,4,47.9268,3458,1
9752,31.9966,32.0078,4096,235.8750,4,47.9268,3458,1
9753,31.9966,32.0078,4096,235.8750,4,47.9268,3458,1
9754,31.9966,32.0078,4096,235.8750,4,47.9268,3458,1
9755,31.9966,32.0078,4096,235.8750,4,47.9268,3458,1
9756,31.9966,32.0078,4096,235.8750,4,47.9268,3458,1
9757,31.9966,32.0078,4096,235.8750,4,47.9268,3458,1
9758,31.9966,32.0078,4096,235.8750,4,47.9268,3458,1
9759,31.9966,32.0078,4096,235.8750,4,47.9268,3458,1
9760,31.9966,32.0078,4096,235.8750,4,47.9268,3458,1
9761,31.9966,32.0078,4096,235.8750,4,47.9268,3458,1
9762,31.9966,32.0078,4096,235.8750,4,47.9268,3458,1
9763,31.9966,32.0078,4096,235.8750,4,47.9268,3458,1
9764,31.9966,32.0078,4096,235.8750,4,47.9268,3458,1
9765,31.9966,32.0078,4096,235.8750,4,47.9268,3458,1
9766,31.9966,32.0078,4096,235.8750,4,47.9268,3458,1
9767,31.9966,32.0078,4096,235.8750,4,47.9268,3458,1
9768,31.9966,32.0078,4096,235.8750,4,47.9268,3458,1
9769,31.9966,32.0078,4096,235.8750,4,47.9268,3458,1
9770,31.9966,32.0078,4096,235.8750,4,47.9268,3458,1
9771,31.9966,32.0078,4096,235.8750,4,47.9268,3459,1
9772,31.9966,32.0078,4096,235.8750,4,47.9268,3459,1
9773,31.9966,32.0078,4096,235.8750,4,47.9268,3459,1
9774,31.9966,32.0078,4096,235.8750,4,47.9268,3460,1
9775,31.9966,32.0078,4096,235.8750,4,47.9268,3460,1
9776,31.9966,32.0078,4096,235.8750,4,47.9268,3460,1
9777,31.9966,32.0078,4096,235.8750,4,47.9268,3460,1
9778,31.9966,32.0078,4096,235.8750,4,47.9268,3460,1
9779,31.9966,32.0078,4096,235.8750,4,47.9268,3460,1
9780,31.9966,32.0078,4096,235.8750,4,47.9268,3460,1
9781,31.9966,32.0078,4096,235.8750,4,47.9268,3460,1
9782,31.9966,32.0078,4096,235.8750,4,47.9268,3460,1
9783,31.9966,32.0078,4096,235.8750,4,47.9268,3460,1
9784,31.9966,32.0078,4096,235.8750,4,47.9268,3460,1
9785,31.9966,32.0078,4096,235.8750,4,47.9268,3460,1
9786,31.9966,32.0078,4096,235.8750,4,47.9268,3460,1
9787,31.9966,32.0078,4096,235.8750,4,47.9268,3460,1
9788,31.9966,32.0078,4096,235.8750,4,47.9268,3460,1
9789,31.9966,32.0078,4096,235.8750,4,47.9268,3460,1
9790,31.9966,32.0078,4096,235.8750,4,47.9268,3460,1
9791,31.9966,32.0078,4096,235.8750,4,47.9268,3461,1
9792,31.9966,32.0078,4096,235.8750,4,47.9268,3462,1
9793,31.9966,32.0078,4096,235.8750,4,47.9268,3462,1
9794,31.9966,32.0078,4096,235.8750,4,47.9268,3462,1
9795,31.9966,32.0078,4096,235.8750,4,47.9268,3462,1
9796,31.9966,32.0078,4096,235.8750,4,47.9268,3462,1
9797,31.9966,32.0078,4096,235.8750,4,47.9268,3462,1
9798,31.9966,32.0078,4096,235.8750,4,47.9268,3463,1
9799,31.9966,32.0078,4096,235.8750,4,47.9268,3463,1
9800,31.9966,32.0078,4096,235.8750,4,47.9268,3464,1
9801,31.9966,32.0078,4096,235.8750,4,47.9268,3464,1
9802,31.9966,32.0078,4096,235.8750,4,47.9268,3464,1
9803,31.9966,32.0078,4096,235.8750,4,47.9268,3464,1
9804,31.9966,32.0078,4096,235.8750,4,47.9268,3464,1
9805,31.9966,32.0078,4096,235.8750,4,47.9268,3465,1
9806,31.9966,32.0078,4096,235.8750,4,47.9268,3465,1
9807,31.9966,32.0078,4096,235.8750,4,47.9268,3465,1
9808,31.9966,32.0078,4096,235.8750,4,47.9268,3466,1
9809,31.9966,32.0078,4096,235.8750,4,47.9268,3466,1
9810,31.9966,32.0078,4096,235.8750,4,47.9268,3466,1
9811,31.9966,32.0078,4096,235.8750,4,47.9268,3466,1
9812,31.9966,32.0078,4096,235.8750,4,47.9268,3466,1
9813,31.9966,32.0078,4096,235.8750,4,47.9268,3466,1
9814,31.9966,32.0078,4096,235.8750,4,47.9268,3466,1
9815,31.9966,32.0078,4096,235.8750,4,47.9268,3466,1
9816,31.9966,32.0078,4096,235.8750,4,47.9268,3466,1
9817,31.9966,32.0078,4096,235.8750,4,47.9268,3466,1
9818,31.9966,32.0078,4096,235.8750,4,47.9268,3466,1
9819,31.9966,32.0078,4096,235.8750,4,47.9268,3467,1
9820,31.9966,32.0078,4096,235.8750,4,47.9268,3467,1
9821,31.9966,32.0078,4096,235.8750,4,47.9268,3468,1
9822,31.9966,32.0078,4096,235.8750,4,47.9268,3469,1
9823,31.9966,32.0078,4096,235.8750,4,47.9268,3469,1
9824,31.9966,32.0078,4096,235.8750,4,47.9268,3469,1
9825,31.9966,32.0078,4096,235.8750,4,47.9268,3469,1
9826,31.9966,32.0078,4096,235.8750,4,47.9268,3469,1
9827,31.9966,32.0078,4096,235.8750,4,47.9268,3469,1
9828,31.9966,32.0078,4096,235.8750,4,47.9268,3469,1
9829,31.9966,32.0078,4096,235.8750,4,47.9268,3469,1
9830,31.9966,32.0078,4096,235.8750,4,47.9268,3469,1
9831,31.9966,32.0078,4096,235.8750,4,47.9268,3469,1
9832,31.9966,32.0078,4096,235.8750,4,47.9268,3469,1
9833,31.9966,32.0078,4096,235.8750,4,47.9268,3469,1
9834,31.9966,32.0078,4096,235.8750,4,47.9268,3470,1
9835,31.9966,32.0078,4096,235.8750,4,47.9268,3470,1
9836,31.9966,32.0078,4096,235.8750,4,47.9268,3470,1
9837,31.9966,32.0078,4096,235.8750,4,47.9268,3470,1
9838,31.9966,32.0078,4096,235.8750,4,47.9268,3470,1
9839,31.9966,32.0078,4096,235.8750,4,47.9268,3470,1
9840,31.9966,32.0078,4096,235.8750,4,47.9268,3471,1
9841,31.9966,32.0078,4096,235.8750,4,47.9268,3472,1
9842,31.9966,32.0078,4096,235.8750,4,47.9268,3472,1
9843,31.9966,32.0078,4096,235.8750,4,47.9268,3472,1
9844,31.9966,32.0078,4096,235.8750,4,47.9268,3473,1
9845,31.9966,32.0078,4096,235.8750,4,47.9268,3473,1
9846,31.9966,32.0078,4096,235.8750,4,47.9268,3474,1
9847,31.9966,32.0078,4096,235.8750,4,47.9268,3474,1
9848,31.9966,32.0078,4096,235.8750,4,47.9268,3475,1
9849,31.9966,32.0078,4096,235.8750,4,47.9268,3475,1
9850,31.9966,32.0078,4096,235.8750,4,47.9268,3476,1
9851,31.9966,32.0078,4096,235.8750,4,47.9268,3476,1
9852,31.9966,32.0078,4096,235.8750,4,47.9268,3476,1
9853,31.9966,32.0078,4096,235.8750,4,47.9268,3476,1
9854,31.9966,32.0078,4096,235.8750,4,47.9268,3477,1
9855,31.9966,32.0078,4096,235.8750,4,47.9268,3477,1
9856,31.9966,32.0078,4096,235.8750,4,47.9268,3477,1
9857,31.9966,32.0078,4096,235.8750,4,47.9268,3478,1
9858,31.9966,32.0078,4096,235.8750,4,47.9268,3478,1
9859,31.9966,32.0078,4096,235.8750,4,47.9268,3478,1
9860,31.9966,32.0078,4096,235.8750,4,47.9268,3478,1
9861,31.9966,32.0078,4096,235.8750,4,47.9268,3479,1
9862,31.9966,32.0078,4096,235.8750,4,47.9268,3479,1
9863,31.9966,32.0078,4096,235.8750,4,47.9268,3479,1
9864,31.9966,32.0078,4096,235.8750,4,47.9268,3480,1
9865,31.9966,32.0078,4096,235.8750,4,47.9268,3480,1
9866,31.9966,32.0078,4096,235.8750,4,47.9268,3480,1
9867,31.9966,32.0078,4096,235.8750,4,47.9268,3480,1
9868,31.9966,32.0078,4096,235.8750,4,47.9268,3480,1
9869,31.9966,32.0078,4096,235.8750,4,47.9268,3480,1
9870,31.9966,32.0078,4096,235.8750,4,47.9268,3480,1
9871,31.9966,32.0078,4096,235.8750,4,47.9268,3480,1
9872,31.9966,32.0078,4096,235.8750,4,47.9268,3480,1
9873,31.9966,32.0078,4096,235.8750,4,47.9268,3480,1
9874,31.9966,32.0078,4096,235.8750,4,47.9268,3480,1
9875,31.9966,32.0078,4096,235.8750,4,47.9268,3480,1
9876,31.9966,32.0078,4096,235.8750,4,47.9268,3481,1
9877,31.9966,32.0078,4096,235.8750,4,47.9268,3481,1
9878,31.9966,32.0078,4096,235.8750,4,47.9268,3481,1
9879,31.9966,32.0078,4096,235.8750,4,47.9268,3481,1
9880,31.9966,32.0078,4096,235.8750,4,47.9268,3482,1
9881,31.9966,32.0078,4096,235.8750,4,47.9268,3483,1
9882,31.9966,32.0078,4096,235.8750,4,47.9268,3483,1
9883,31.9966,32.0078,4096,235.8750,4,47.9268,3483,1
9884,31.9966,32.0078,4096,235.8750,4,47.9268,3483,1
9885,31.9966,32.0078,4096,235.8750,4,47.9268,3483,1
9886,31.9966,32.0078,4096,235.8750,4,47.9268,3484,1
9887,31.9966,32.0078,4096,235.8750,4,47.9268,3484,1
9888,31.9966,32.0078,4096,235.8750,4,47.9268,3484,1
9889,31.9966,32.0078,4096,235.8750,4,47.9268,3485,1
9890,31.9966,32.0078,4096,235.8750,4,47.9268,3485,1
9891,31.9966,32.0078,4096,235.8750,4,47.9268,3486,1
9892,31.9966,32.0078,4096,235.8750,4,47.9268,3486,1
9893,31.9966,32.0078,4096,235.8750,4,47.9268,3487,1
9894,31.9966,32.0078,4096,235.8750,4,47.9268,3487,1
9895,31.9966,32.0078,4096,235.8750,4,47.9268,3487,1
9896,31.9966,32.0078,4096,235.8750,4,47.9268,3487,1
9897,31.9966,32.0078,4096,235.8750,4,47.9268,3488,1
9898,31.9966,32.0078,4096,235.8750,4,47.9268,3488,1
9899,31.9966,32.0078,4096,235.8750,4,47.9268,3488,1
9900,31.9966,32.0078,4096,235.8750,4,47.9268,3488,1
9901,31.9966,32.0078,4096,235.8750,4,47.9268,3488,1
9902,31.9966,32.0078,4096,235.8750,4,47.9268,3488,1
9903,31.9966,32.0078,4096,235.8750,4,47.9268,3488,1
9904,31.9966,32.0078,4096,235.8750,4,47.9268,3488,1
9905,31.9966,32.0078,4096,235.8750,4,47.9268,3489,1
9906,31.9966,32.0078,4096,235.8750,4,47.9268,3489,1
9907,31.9966,32.0078,4096,235.8750,4,47.9268,3489,1
9908,31.9966,32.0078,4096,235.8750,4,47.9268,3489,1
9909,31.9966,32.0078,4096,235.8750,4,47.9268,3489,1
9910,31.9966,32.0078,4096,235.8750,4,47.9268,3489,1
9911,31.9966,32.0078,4096,235.8750,4,47.9268,3490,1
9912,31.9966,32.0078,4096,235.8750,4,47.9268,3491,1
9913,31.9966,32.0078,4096,235.8750,4,47.9268,3491,1
9914,31.9966,32.0078,4096,235.8750,4,47.9268,3491,1
9915,31.9966,32.0078,4096,235.8750,4,47.9268,3492,1
9916,31.9966,32.0078,4096,235.8750,4,47.9268,3492,1
9917,31.9966,32.0078,4096,235.8750,4,47.9268,3492,1
9918,31.9966,32.0078,4096,235.8750,4,47.9268,3493,1
9919,31.9966,32.0078,4096,235.8750,4,47.9268,3493,1
9920,31.9966,32.0078,4096,235.8750,4,47.9268,3493,1
9921,31.9966,32.0078,4096,235.8750,4,47.9268,3493,1
9922,31.9966,32.0078,4096,235.8750,4,47.9268,3494,1
9923,31.9966,32.0078,4096,235.8750,4,47.9268,3494,1
9924,31.9966,32.0078,4096,235.8750,4,47.9268,3494,1
9925,31.9966,32.0078,4096,235.8750,4,47.9268,3494,1
9926,31.9966,32.0078,4096,235.8750,4,47.9268,3494,1
9927,31.9966,32.0078,4096,235.8750,4,47.9268,3494,1
9928,31.9966,32.0078,4096,235.8750,4,47.9268,3494,1
9929,31.9966,32.0078,4096,235.8750,4,47.9268,3495,1
9930,31.9966,32.0078,4096,235.8750,4,47.9268,3495,1
9931,31.9966,32.0078,4096,235.8750,4,47.9268,3496,1
9932,31.9966,32.0078,4096,235.8750,4,47.9268,3496,1
9933,31.9966,32.0078,4096,235.8750,4,47.9268,3496,1
9934,31.9966,32.0078,4096,235.8750,4,47.9268,3496,1
9935,31.9966,32.0078,4096,235.8750,4,47.9268,3496,1
9936,31.9966,32.0078,4096,235.8750,4,47.9268,3496,1
9937,31.9966,32.0078,4096,235.8750,4,47.9268,3496,1
9938,31.9966,32.0078,4096,235.8750,4,47.9268,3496,1
9939,31.9966,32.0078,4096,235.8750,4,47.9268,3496,1
9940,31.9966,32.0078,4096,235.8750,4,47.9268,3496,1
9941,31.9966,32.0078,4096,235.8750,4,47.9268,3496,1
9942,31.9966,32.0078,4096,235.8750,4,47.9268,3496,1
9943,31.9966,32.0078,4096,235.8750,4,47.9268,3496,1
9944,31.9966,32.0078,4096,235.8750,4,47.9268,3496,1
9945,31.9966,32.0078,4096,235.8750,4,47.9268,3496,1
9946,31.9966,32.0078,4096,235.8750,4,47.9268,3497,1
9947,31.9966,32.0078,4096,235.8750,4,47.9268,3497,1
9948,31.9966,32.0078,4096,235.8750,4,47.9268,3497,1
9949,31.9966,32.0078,4096,235.8750,4,47.9268,3497,1
9950,31.9966,32.0078,4096,235.8750,4,47.9268,3497,1
9951,31.9966,32.0078,4096,235.8750,4,47.9268,3497,1
9952,31.9966,32.0078,4096,235.8750,4,47.9268,3497,1
9953,31.9966,32.0078,4096,235.8750,4,47.9268,3497,1
9954,31.9966,32.0078,4096,235.8750,4,47.9268,3497,1
9955,31.9966,32.0078,4096,235.8750,4,47.9268,3497,1
9956,31.9966,32.0078,4096,235.8750,4,47.9268,3497,1
9957,31.9966,32.0078,4096,235.8750,4,47.9268,3497,1
9958,31.9966,32.0078,4096,235.8750,4,47.9268,3498,1
9959,31.9966,32.0078,4096,235.8750,4,47.9268,3499,1
9960,31.9966,32.0078,4096,235.8750,4,47.9268,3499,1
9961,31.9966,32.0078,4096,235.8750,4,47.9268,3499,1
9962,31.9966,32.0078,4096,235.8750,4,47.9268,3499,1
9963,31.9966,32.0078,4096,235.8750,4,47.9268,3499,1
9964,31.9966,32.0078,4096,235.8750,4,47.9268,3499,1
9965,31.9966,32.0078,4096,235.8750,4,47.9268,3499,1
9966,31.9966,32.0078,4096,235.8750,4,47.9268,3500,1
9967,31.9966,32.0078,4096,235.8750,4,47.9268,3500,1
9968,31.9966,32.0078,4096,235.8750,4,47.9268,3500,1
9969,31.9966,32.0078,4096,235.8750,4,47.9268,3500,1
9970,31.9966,32.0078,4096,235.8750,4,47.9268,3501,1
9971,31.9966,32.0078,4096,235.8750,4,47.9268,3501,1
9972,31.9966,32.0078,4096,235.8750,4,47.9268,3501,1
9973,31.9966,32.0078,4096,235.8750,4,47.9268,3501,1
9974,31.9966,32.0078,4096,235.8750,4,47.9268,3502,1
9975,31.9966,32.0078,4096,235.8750,4,47.9268,3502,1
9976,31.9966,32.0078,4096,235.8750,4,47.9268,3502,1
9977,31.9966,32.0078,4096,235.8750,4,47.9268,3502,1
9978,31.9966,32.0078,4096,235.8750,4,47.9268,3502,1
9979,31.9966,32.0078,4096,235.8750,4,47.9268,3503,1
9980,31.9966,32.0078,4096,235.8750,4,47.9268,3503,1
9981,31.9966,32.0078,4096,235.8750,4,47.9268,3503,1
9982,31.9966,32.0078,4096,235.8750,4,47.9268,3503,1
9983,31.9966,32.0078,4096,235.8750,4,47.9268,3504,1
9984,31.9966,32.0078,4096,235.8750,4,47.9268,3505,1
9985,31.9966,32.0078,4096,235.8750,4,47.9268,3505,1
9986,31.9966,32.0078,4096,235.8750,4,47.9268,3505,1
9987,31.9966,32.0078,4096,235.8750,4,47.9268,3505,1
9988,31.9966,32.0078,4096,235.8750,4,47.9268,3505,1
9989,31.9966,32.0078,4096,235.8750,4,47.9268,3505,1
9990,31.9966,32.0078,4096,235.8750,4,47.9268,3505,1
9991,31.9966,32.0078,4096,235.8750,4,47.9268,3505,1
9992,31.9966,32.0078,4096,235.8750,4,47.9268,3505,1
9993,31.9966,32.0078,4096,235.8750,4,47.9268,3505,1
9994,31.9966,32.0078,4096,235.8750,4,47.9268,3505,1
9995,31.9966,32.0078,4096,235.8750,4,47.9268,3505,1
9996,31.9966,32.0078,4096,235.8750,4,47.9268,3506,1
9997,31.9966,32.0078,4096,235.8750,4,47.9268,3507,1
9998,31.9966,32.0078,4096,235.8750,4,47.9268,3507,1
9999,31.9966,32.0078,4096,235.8750,4,47.9268,3507,1
10000,31.9966,32.0078,4096,235.8750,4,47.9268,3508,1
10001,31.9966,32.0078,4096,235.8750,4,47.9268,3508,1
10002,31.9966,32.0078,4096,235.8750,4,47.9268,3508,1
10003,31.9966,32.0078,4096,235.8750,4,47.9268,3508,1
10004,31.9966,32.0078,4096,235.8750,4,47.9268,3509,1
10005,31.9966,32.0078,4096,235.8750,4,47.9268,3509,1
10006,31.9966,32.0078,4096,235.8750,4,47.9268,3510,1
10007,31.9966,32.0078,4096,235.8750,4,47.9268,3511,1
10008,31.9966,32.0078,4096,235.8750,4,47.9268,3512,1
10009,31.9966,32.0078,4096,235.8750,4,47.9268,3512,1
10010,31.9966,32.0078,4096,235.8750,4,47.9268,3513,1
10011,31.9966,32.0078,4096,235.8750,4,47.9268,3513,1
10012,31.9966,32.0078,4096,235.8750,4,47.9268,3513,1
10013,31.9966,32.0078,4096,235.8750,4,47.9268,3514,1
10014,31.9966,32.0078,4096,235.8750,4,47.9268,3514,1
10015,31.9966,32.0078,4096,235.8750,4,47.9268,3515,1
10016,31.9966,32.0078,4096,235.8750,4,47.9268,3515,1
10017,31.9966,32.0078,4096,235.8750,4,47.9268,3515,1
10018,31.9966,32.0078,4096,235.8750,4,47.9268,3515,1
10019,31.9966,32.0078,4096,235.8750,4,47.9268,3515,1
10020,31.9966,32.0078,4096,235.8750,4,47.9268,3516,1
10021,31.9966,32.0078,4096,235.8750,4,47.9268,3517,1
10022,31.9966,32.0078,4096,235.8750,4,47.9268,3517,1
10023,31.9966,32.0078,4096,235.8750,4,47.9268,3517,1
10024,31.9966,32.0078,4096,235.8750,4,47.9268,3517,1
10025,31.9966,32.0078,4096,235.8750,4,47.9268,3518,1
10026,31.9966,32.0078,4096,235.8750,4,47.9268,3518,1
10027,31.9966,32.0078,4096,235.8750,4,47.9268,3518,1
10028,31.9966,32.0078,4096,235.8750,4,47.9268,3518,1
10029,31.9966,32.0078,4096,235.8750,4,47.9268,3518,1
10030,31.9966,32.0078,4096,235.8750,4,47.9268,3519,1
10031,31.9966,32.0078,4096,235.8750,4,47.9268,3519,1
10032,31.9966,32.0078,4096,235.8750,4,47.9268,3519,1
10033,31.9966,32.0078,4096,235.8750,4,47.9268,3519,1
10034,31.9966,32.0078,4096,235.8750,4,47.9268,3520,1
10035,31.9966,32.0078,4096,235.8750,4,47.9268,3520,1
10036,31.9966,32.0078,4096,235.8750,4,47.9268,3520,1
10037,31.9966,32.0078,4096,235.8750,4,47.9268,3520,1
10038,31.9966,32.0078,4096,235.8750,4,47.9268,3520,1
10039,31.9966,32.0078,4096,235.8750,4,47.9268,3521,1
10040,31.9966,32.0078,4096,235.8750,4,47.9268,3521,1
10041,31.9966,32.0078,4096,235.8750,4,47.9268,3522,1
10042,31.9966,32.0078,4096,235.8750,4,47.9268,3522,1
10043,31.9966,32.0078,4096,235.8750,4,47.9268,3522,1
10044,31.9966,32.0078,4096,235.8750,4,47.9268,3522,1
10045,31.9966,32.0078,4096,235.8750,4,47.9268,3522,1
10046,31.9966,32.0078,4096,235.8750,4,47.9268,3522,1
10047,31.9966,32.0078,4096,235.8750,4,47.9268,3523,1
10048,31.9966,32.0078,4096,235.8750,4,47.9268,3523,1
10049,31.9966,32.0078,4096,235.8750,4,47.9268,3523,1
10050,31.9966,32.0078,4096,235.8750,4,47.9268,3524,1
10051,31.9966,32.0078,4096,235.8750,4,47.9268,3524,1
10052,31.9966,32.0078,4096,235.8750,4,47.9268,3525,1
10053,31.9966,32.0078,4096,235.8750,4,47.9268,3525,1
10054,31.9966,32.0078,4096,235.8750,4,47.9268,3526,1
10055,31.9966,32.0078,4096,235.8750,4,47.9268,3526,1
10056,31.9966,32.0078,4096,235.8750,4,47.9268,3526,1
10057,31.9966,32.0078,4096,235.8750,4,47.9268,3526,1
10058,31.9966,32.0078,4096,235.8750,4,47.9268,3526,1
10059,31.9966,32.0078,4096,235.8750,4,47.9268,3526,1
10060,31.9966,32.0078,4096,235.8750,4,47.9268,3526,1
10061,31.9966,32.0078,4096,235.8750,4,47.9268,3526,1
10062,31.9966,32.0078,4096,235.8750,4,47.9268,3526,1
10063,31.9966,32.0078,4096,235.8750,4,47.9268,3526,1
10064,31.9966,32.0078,4096,235.8750,4,47.9268,3527,1
10065,31.9966,32.0078,4096,235.8750,4,47.9268,3527,1
10066,31.9966,32.0078,4096,235.8750,4,47.9268,3527,1
10067,31.9966,32.0078,4096,235.8750,4,47.9268,3527,1
10068,31.9966,32.0078,4096,235.8750,4,47.9268,3527,1
10069,31.9966,32.0078,4096,235.8750,4,47.9268,3528,1
10070,31.9966,32.0078,4096,235.8750,4,47.9268,3528,1
10071,31.9966,32.0078,4096,235.8750,4,47.9268,3528,1
10072,31.9966,32.0078,4096,235.8750,4,47.9268,3528,1
10073,31.9966,32.0078,4096,235.8750,4,47.9268,3528,1
10074,31.9966,32.0078,4096,235.8750,4,47.9268,3528,1
10075,31.9966,32.0078,4096,235.8750,4,47.9268,3528,1
10076,31.9966,32.0078,4096,235.8750,4,47.9268,3528,1
10077,31.9966,32.0078,4096,235.8750,4,47.9268,3529,1
10078,31.9966,32.0078,4096,235.8750,4,47.9268,3529,1
10079,31.9966,32.0078,4096,235.8750,4,47.9268,3530,1
10080,31.9966,32.0078,4096,235.8750,4,47.9268,3531,1
10081,31.9966,32.0078,4096,235.8750,4,47.9268,3531,1
10082,31.9966,32.0078,4096,235.8750,4,47.9268,3531,1
10083,31.9966,32.0078,4096,235.8750,4,47.9268,3531,1
10084,31.9966,32.0078,4096,235.8750,4,47.9268,3531,1
10085,31.9966,32.0078,4096,235.8750,4,47.9268,3531,1
10086,31.9966,32.0078,4096,235.8750,4,47.9268,3531,1
10087,31.9966,32.0078,4096,235.8750,4,47.9268,3531,1
10088,31.9966,32.0078,4096,235.8750,4,47.9268,3532,1
10089,31.9966,32.0078,4096,235.8750,4,47.9268,3532,1
10090,31.9966,32.0078,4096,235.8750,4,47.9268,3532,1
10091,31.9966,32.0078,4096,235.8750,4,47.9268,3532,1
10092,31.9966,32.0078,4096,235.8750,4,47.9268,3532,1
10093,31.9966,32.0078,4096,235.8750,4,47.9268,3532,1
10094,31.9966,32.0078,4096,235.8750,4,47.9268,3532,1
10095,31.9966,32.0078,4096,235.8750,4,47.9268,3532,1
10096,31.9966,32.0078,4096,235.8750,4,47.9268,3532,1
10097,31.9966,32.0078,4096,235.8750,4,47.9268,3533,1
10098,31.9966,32.0078,4096,235.8750,4,47.9268,3534,1
10099,31.9966,32.0078,4096,235.8750,4,47.9268,3534,1
10100,31.9966,32.0078,4096,235.8750,4,47.9268,3534,1
10101,31.9966,32.0078,4096,235.8750,4,47.9268,3535,1
10102,31.9966,32.0078,4096,235.8750,4,47.9268,3535,1
10103,31.9966,32.0078,4096,235.8750,4,47.9268,3535,1
10104,31.9966,32.0078,4096,235.8750,4,47.9268,3536,1
10105,31.9966,32.0078,4096,235.8750,4,47.9268,3536,1
10106,31.9966,32.0078,4096,235.8750,4,47.9268,3536,1
10107,31.9966,32.0078,4096,235.8750,4,47.9268,3537,1
10108,31.9966,32.0078,4096,235.8750,4,47.9268,3538,1
10109,31.9966,32.0078,4096,235.8750,4,47.9268,3538,1
10110,31.9966,32.0078,4096,235.8750,4,47.9268,3539,1
10111,31.9966,32.0078,4096,235.8750,4,47.9268,3539,1
10112,31.9966,32.0078,4096,235.8750,4,47.9268,3539,1
10113,31.9966,32.0078,4096,235.8750,4,47.9268,3540,1
10114,31.9966,32.0078,4096,235.8750,4,47.9268,3540,1
10115,31.9966,32.0078,4096,235.8750,4,47.9268,3540,1
10116,31.9966,32.0078,4096,235.8750,4,47.9268,3541,1
10117,31.9966,32.0078,4096,235.8750,4,47.9268,3542,1
10118,31.9966,32.0078,4096,235.8750,4,47.9268,3542,1
10119,31.9966,32.0078,4096,235.8750,4,47.9268,3542,1
10120,31.9966,32.0078,4096,235.8750,4,47.9268,3543,1
10121,31.9966,32.0078,4096,235.8750,4,47.9268,3543,1
10122,31.9966,32.0078,4096,235.8750,4,47.9268,3544,1
10123,31.9966,32.0078,4096,235.8750,4,47.9268,3544,1
10124,31.9966,32.0078,4096,235.8750,4,47.9268,3544,1
10125,31.9966,32.0078,4096,235.8750,4,47.9268,3544,1
10126,31.9966,32.0078,4096,235.8750,4,47.9268,3544,1
10127,31.9966,32.0078,4096,235.8750,4,47.9268,3544,1
10128,31.9966,32.0078,4096,235.8750,4,47.9268,3544,1
10129,31.9966,32.0078,4096,235.8750,4,47.9268,3544,1
10130,31.9966,32.0078,4096,235.8750,4,47.9268,3544,1
10131,31.9966,32.0078,4096,235.8750,4,47.9268,3545,1
10132,31.9966,32.0078,4096,235.8750,4,47.9268,3545,1
10133,31.9966,32.0078,4096,235.8750,4,47.9268,3545,1
10134,31.9966,32.0078,4096,235.8750,4,47.9268,3545,1
10135,31.9966,32.0078,4096,235.8750,4,47.9268,3545,1
10136,31.9966,32.0078,4096,235.8750,4,47.9268,3546,1
10137,31.9966,32.0078,4096,235.8750,4,47.9268,3546,1
10138,31.9966,32.0078,4096,235.8750,4,47.9268,3546,1
10139,31.9966,32.0078,4096,235.8750,4,47.9268,3546,1
10140,31.9966,32.0078,4096,235.8750,4,47.9268,3546,1
10141,31.9966,32.0078,4096,235.8750,4,47.9268,3546,1
10142,31.9966,32.0078,4096,235.8750,4,47.9268,3546,1
10143,31.9966,32.0078,4096,235.8750,4,47.9268,3546,1
10144,31.9966,32.0078,4096,235.8750,4,47.9268,3546,1
10145,31.9966,32.0078,4096,235.8750,4,47.9268,3547,1
10146,31.9966,32.0078,4096,235.8750,4,47.9268,3547,1
10147,31.9966,32.0078,4096,235.8750,4,47.9268,3547,1
10148,31.9966,32.0078,4096,235.8750,4,47.9268,3547,1
10149,31.9966,32.0078,4096,235.8750,4,47.9268,3548,1
10150,31.9966,32.0078,4096,235.8750,4,47.9268,3549,1
10151,31.9966,32.0078,4096,235.8750,4,47.9268,3550,1
10152,31.9966,32.0078,4096,235.8750,4,47.9268,3550,1
10153,31.9966,32.0078,4096,235.8750,4,47.9268,3550,1
10154,31.9966,32.0078,4096,235.8750,4,47.9268,3550,1
10155,31.9966,32.0078,4096,235.8750,4,47.9268,3550,1
10156,31.9966,32.0078,4096,235.8750,4,47.9268,3550,1
10157,31.9966,32.0078,4096,235.8750,4,47.9268,3551,1
10158,31.9966,32.0078,4096,235.8750,4,47.9268,3551,1
10159,31.9966,32.0078,4096,235.8750,4,47.9268,3551,1
10160,31.9966,32.0078,4096,235.8750,4,47.9268,3551,1
10161,31.9966,32.0078,4096,235.8750,4,47.9268,3551,1
10162,31.9966,32.0078,4096,235.8750,4,47.9268,3551,1
10163,31.9966,32.0078,4096,235.8750,4,47.9268,3552,1
10164,31.9966,32.0078,4096,235.8750,4,47.9268,3552,1
10165,31.9966,32.0078,4096,235.8750,4,47.9268,3553,1
10166,31.9966,32.0078,4096,235.8750,4,47.9268,3554,1
10167,31.9966,32.0078,4096,235.8750,4,47.9268,3554,1
10168,31.9966,32.0078,4096,235.8750,4,47.9268,3555,1
10169,31.9966,32.0078,4096,235.8750,4,47.9268,3556,1
10170,31.9966,32.0078,4096,235.8750,4,47.9268,3556,1
10171,31.9966,32.0078,4096,235.8750,4,47.9268,3556,1
10172,31.9966,32.0078,4096,235.8750,4,47.9268,3556,1
10173,31.9966,32.0078,4096,235.8750,4,47.9268,3557,1
10174,31.9966,32.0078,4096,235.8750,4,47.9268,3557,1
10175,31.9966,32.0078,4096,235.8750,4,47.9268,3557,1
10176,31.9966,32.0078,4096,235.8750,4,47.9268,3557,1
10177,31.9966,32.0078,4096,235.8750,4,47.9268,3557,1
10178,31.9966,32.0078,4096,235.8750,4,47.9268,3557,1
10179,31.9966,32.0078,4096,235.8750,4,47.9268,3557,1
10180,31.9966,32.0078,4096,235.8750,4,47.9268,3557,1
10181,31.9966,32.0078,4096,235.8750,4,47.9268,3557,1
10182,31.9966,32.0078,4096,235.8750,4,47.9268,3557,1
10183,31.9966,32.0078,4096,235.8750,4,47.9268,3557,1
10184,31.9966,32.0078,4096,235.8750,4,47.9268,3557,1
10185,31.9966,32.0078,4096,235.8750,4,47.9268,3557,1
10186,31.9966,32.0078,4096,235.8750,4,47.9268,3558,1
10187,31.9966,32.0078,4096,235.8750,4,47.9268,3558,1
10188,31.9966,32.0078,4096,235.8750,4,47.9268,3559,1
10189,31.9966,32.0078,4096,235.8750,4,47.9268,3559,1
10190,31.9966,32.0078,4096,235.8750,4,47.9268,3559,1
10191,31.9966,32.0078,4096,235.8750,4,47.9268,3559,1
10192,31.9966,32.0078,4096,235.8750,4,47.9268,3560,1
10193,31.9966,32.0078,4096,235.8750,4,47.9268,3560,1
10194,31.9966,32.0078,4096,235.8750,4,47.9268,3560,1
10195,31.9966,32.0078,4096,235.8750,4,47.9268,3560,1
10196,31.9966,32.0078,4096,235.8750,4,47.9268,3560,1
10197,31.9966,32.0078,4096,235.8750,4,47.9268,3561,1
10198,31.9966,32.0078,4096,235.8750,4,47.9268,3562,1
10199,31.9966,32.0078,4096,235.8750,4,47.9268,3563,1
10200,31.9966,32.0078,4096,235.8750,4,47.9268,3563,1
10201,31.9966,32.0078,4096,235.8750,4,47.9268,3563,1
10202,31.9966,32.0078,4096,235.8750,4,47.9268,3563,1
10203,31.9966,32.0078,4096,235.8750,4,47.9268,3563,1
10204,31.9966,32.0078,4096,235.8750,4,47.9268,3563,1
10205,31.9966,32.0078,4096,235.8750,4,47.9268,3563,1
10206,31.9966,32.0078,4096,235.8750,4,47.9268,3564,1
10207,31.9966,32.0078,4096,235.8750,4,47.9268,3565,1
10208,31.9966,32.0078,4096,235.8750,4,47.9268,3565,1
10209,31.9966,32.0078,4096,235.8750,4,47.9268,3565,1
10210,31.9966,32.0078,4096,235.8750,4,47.9268,3565,1
10211,31.9966,32.0078,4096,235.8750,4,47.9268,3565,1
10212,31.9966,32.0078,4096,235.8750,4,47.9268,3565,1
10213,31.9966,32.0078,4096,235.8750,4,47.9268,3566,1
10214,31.9966,32.0078,4096,235.8750,4,47.9268,3566,1
10215,31.9966,32.0078,4096,235.8750,4,47.9268,3566,1
10216,31.9966,32.0078,4096,235.8750,4,47.9268,3566,1
10217,31.9966,32.0078,4096,235.8750,4,47.9268,3566,1
10218,31.9966,32.0078,4096,235.8750,4,47.9268,3566,1
10219,31.9966,32.0078,4096,235.8750,4,47.9268,3566,1
10220,31.9966,32.0078,4096,235.8750,4,47.9268,3566,1
10221,31.9966,32.0078,4096,235.8750,4,47.9268,3566,1
10222,31.9966,32.0078,4096,235.8750,4,47.9268,3566,1
10223,31.9966,32.0078,4096,235.8750,4,47.9268,3567,1
10224,31.9966,32.0078,4096,235.8750,4,47.9268,3568,1
10225,31.9966,32.0078,4096,235.8750,4,47.9268,3568,1
10226,31.9966,32.0078,4096,235.8750,4,47.9268,3568,1
10227,31.9966,32.0078,4096,235.8750,4,47.9268,3569,1
10228,31.9966,32.0078,4096,235.8750,4,47.9268,3569,1
10229,31.9966,32.0078,4096,235.8750,4,47.9268,3569,1
10230,31.9966,32.0078,4096,235.8750,4,47.9268,3569,1
10231,31.9966,32.0078,4096,235.8750,4,47.9268,3569,1
10232,31.9966,32.0078,4096,235.8750,4,47.9268,3570,1
10233,31.9966,32.0078,4096,235.8750,4,47.9268,3570,1
10234,31.9966,32.0078,4096,235.8750,4,47.9268,3570,1
10235,31.9966,32.0078,4096,235.8750,4,47.9268,3570,1
10236,31.9966,32.0078,4096,235.8750,4,47.9268,3570,1
10237,31.9966,32.0078,4096,235.8750,4,47.9268,3570,1
10238,31.9966,32.0078,4096,235.8750,4,47.9268,3570,1
10239,31.9966,32.0078,4096,235.8750,4,47.9268,3570,1
10240,31.9966,32.0078,4096,235.8750,4,47.9268,3570,1
10241,31.9966,32.0078,4096,235.8750,4,47.9268,3571,1
10242,31.9966,32.0078,4096,235.8750,4,47.9268,3571,1
10243,31.9966,32.0078,4096,235.8750,4,47.9268,3572,1
10244,31.9966,32.0078,4096,235.8750,4,47.9268,3572,1
10245,31.9966,32.0078,4096,235.8750,4,47.9268,3572,1
10246,31.9966,32.0078,4096,235.8750,4,47.9268,3572,1
10247,31.9966,32.0078,4096,235.8750,4,47.9268,3572,1
10248,31.9966,32.0078,4096,235.8750,4,47.9268,3573,1
10249,31.9966,32.0078,4096,235.8750,4,47.9268,3573,1
10250,31.9966,32.0078,4096,235.8750,4,47.9268,3574,1
10251,31.9966,32.0078,4096,235.8750,4,47.9268,3574,1
10252,31.9966,32.0078,4096,235.8750,4,47.9268,3574,1
10253,31.9966,32.0078,4096,235.8750,4,47.9268,3574,1
10254,31.9966,32.0078,4096,235.8750,4,47.9268,3575,1
10255,31.9966,32.0078,4096,235.8750,4,47.9268,3575,1
10256,31.9966,32.0078,4096,235.8750,4,47.9268,3576,1
10257,31.9966,32.0078,4096,235.8750,4,47.9268,3576,1
10258,31.9966,32.0078,4096,235.8750,4,47.9268,3576,1
10259,31.9966,32.0078,4096,235.8750,4,47.9268,3576,1
10260,31.9966,32.0078,4096,235.8750,4,47.9268,3577,1
10261,31.9966,32.0078,4096,235.8750,4,47.9268,3577,1
10262,31.9966,32.0078,4096,235.8750,4,47.9268,3577,1
10263,31.9966,32.0078,4096,235.8750,4,47.9268,3577,1
10264,31.9966,32.0078,4096,235.8750,4,47.9268,3577,1
10265,31.9966,32.0078,4096,235.8750,4,47.9268,3577,1
10266,31.9966,32.0078,4096,235.8750,4,47.9268,3577,1
10267,31.9966,32.0078,4096,235.8750,4,47.9268,3577,1
10268,31.9966,32.0078,4096,235.8750,4,47.9268,3577,1
10269,31.9966,32.0078,4096,235.8750,4,47.9268,3578,1
10270,31.9966,32.0078,4096,235.8750,4,47.9268,3579,1
10271,31.9966,32.0078,4096,235.8750,4,47.9268,3580,1
10272,31.9966,32.0078,4096,235.8750,4,47.9268,3581,1
10273,31.9966,32.0078,4096,235.8750,4,47.9268,3581,1
10274,31.9966,32.0078,4096,235.8750,4,47.9268,3581,1
10275,31.9966,32.0078,4096,235.8750,4,47.9268,3581,1
10276,31.9966,32.0078,4096,235.8750,4,47.9268,3581,1
10277,31.9966,32.0078,4096,235.8750,4,47.9268,3581,1
10278,31.9966,32.0078,4096,235.8750,4,47.9268,3581,1
10279,31.9966,32.0078,4096,235.8750,4,47.9268,3581,1
10280,31.9966,32.0078,4096,235.8750,4,47.9268,3581,1
10281,31.9966,32.0078,4096,235.8750,4,47.9268,3581,1
10282,31.9966,32.0078,4096,235.8750,4,47.9268,3581,1
10283,31.9966,32.0078,4096,235.8750,4,47.9268,3581,1
10284,31.9966,32.0078,4096,235.8750,4,47.9268,3581,1
10285,31.9966,32.0078,4096,235.8750,4,47.9268,3581,1
10286,31.9966,32.0078,4096,235.8750,4,47.9268,3582,1
10287,31.9966,32.0078,4096,235.8750,4,47.9268,3582,1
10288,31.9966,32.0078,4096,235.8750,4,47.9268,3582,1
10289,31.9966,32.0078,4096,235.8750,4,47.9268,3582,1
10290,31.9966,32.0078,4096,235.8750,4,47.9268,3582,1
10291,31.9966,32.0078,4096,235.8750,4,47.9268,3582,1
10292,31.9966,32.0078,4096,235.8750,4,47.9268,3582,1
10293,31.9966,32.0078,4096,235.8750,4,47.9268,3582,1
10294,31.9966,32.0078,4096,235.8750,4,47.9268,3582,1
10295,31.9966,32.0078,4096,235.8750,4,47.9268,3582,1
10296,31.9966,32.0078,4096,235.8750,4,47.9268,3582,1
10297,31.9966,32.0078,4096,235.8750,4,47.9268,3583,1
10298,31.9966,32.0078,4096,235.8750,4,47.9268,3583,1
10299,31.9966,32.0078,4096,235.8750,4,47.9268,3583,1
10300,31.9966,32.0078,4096,235.8750,4,47.9268,3583,1
10301,31.9966,32.0078,4096,235.8750,4,47.9268,3583,1
10302,31.9966,32.0078,4096,235.8750,4,47.9268,3583,1
10303,31.9966,32.0078,4096,235.8750,4,47.9268,3584,1
10304,31.9966,32.0078,4096,235.8750,4,47.9268,3584,1
10305,31.9966,32.0078,4096,235.8750,4,47.9268,3584,1
10306,31.9966,32.0078,4096,235.8750,4,47.9268,3585,1
10307,31.9966,32.0078,4096,235.8750,4,47.9268,3585,1
10308,31.9966,32.0078,4096,235.8750,4,47.9268,3586,1
10309,31.9966,32.0078,4096,235.8750,4,47.9268,3586,1
10310,31.9966,32.0078,4096,235.8750,4,47.9268,3586,1
10311,31.9966,32.0078,4096,235.8750,4,47.9268,3586,1
10312,31.9966,32.0078,4096,235.8750,4,47.9268,3586,1
10313,31.9966,32.0078,4096,235.8750,4,47.9268,3586,1
10314,31.9966,32.0078,4096,235.8750,4,47.9268,3586,1
10315,31.9966,32.0078,4096,235.8750,4,47.9268,3586,1
10316,31.9966,32.0078,4096,235.8750,4,47.9268,3587,1
10317,31.9966,32.0078,4096,235.8750,4,47.9268,3587,1
10318,31.9966,32.0078,4096,235.8750,4,47.9268,3587,1
10319,31.9966,32.0078,4096,235.8750,4,47.9268,3587,1
10320,31.9966,32.0078,4096,235.8750,4,47.9268,3587,1
10321,31.9966,32.0078,4096,235.8750,4,47.9268,3587,1
10322,31.9966,32.0078,4096,235.8750,4,47.9268,3587,1
10323,31.9966,32.0078,4096,235.8750,4,47.9268,3587,1
10324,31.9966,32.0078,4096,235.8750,4,47.9268,3587,1
10325,31.9966,32.0078,4096,235.8750,4,47.9268,3587,1
10326,31.9966,32.0078,4096,235.8750,4,47.9268,3587,1
10327,31.9966,32.0078,4096,235.8750,4,47.9268,3587,1
10328,31.9966,32.0078,4096,235.8750,4,47.9268,3587,1
10329,31.9966,32.0078,4096,235.8750,4,47.9268,3587,1
10330,31.9966,32.0078,4096,235.8750,4,47.9268,3588,1
10331,31.9966,32.0078,4096,235.8750,4,47.9268,3588,1
10332,31.9966,32.0078,4096,235.8750,4,47.9268,3589,1
10333,31.9966,32.0078,4096,235.8750,4,47.9268,3590,1
10334,31.9966,32.0078,4096,235.8750,4,47.9268,3591,1
10335,31.9966,32.0078,4096,235.8750,4,47.9268,3592,1
10336,31.9966,32.0078,4096,235.8750,4,47.9268,3592,1
10337,31.9966,32.0078,4096,235.8750,4,47.9268,3592,1
10338,31.9966,32.0078,4096,235.8750,4,47.9268,3592,1
10339,31.9966,32.0078,4096,235.8750,4,47.9268,3592,1
10340,31.9966,32.0078,4096,235.8750,4,47.9268,3592,1
10341,31.9966,32.0078,4096,235.8750,4,47.9268,3593,1
10342,31.9966,32.0078,4096,235.8750,4,47.9268,3593,1
10343,31.9966,32.0078,4096,235.8750,4,47.9268,3594,1
10344,31.9966,32.0078,4096,235.8750,4,47.9268,3594,1
10345,31.9966,32.0078,4096,235.8750,4,47.9268,3594,1
10346,31.9966,32.0078,4096,235.8750,4,47.9268,3594,1
10347,31.9966,32.0078,4096,235.8750,4,47.9268,3594,1
10348,31.9966,32.0078,4096,235.8750,4,47.9268,3594,1
10349,31.9966,32.0078,4096,235.8750,4,47.9268,3594,1
10350,31.9966,32.0078,4096,235.8750,4,47.9268,3594,1
10351,31.9966,32.0078,4096,235.8750,4,47.9268,3595,1
10352,31.9966,32.0078,4096,235.8750,4,47.9268,3595,1
10353,31.9966,32.0078,4096,235.8750,4,47.9268,3595,1
10354,31.9966,32.0078,4096,235.8750,4,47.9268,3595,1
10355,31.9966,32.0078,4096,235.8750,4,47.9268,3595,1
10356,31.9966,32.0078,4096,235.8750,4,47.9268,3596,1
10357,31.9966,32.0078,4096,235.8750,4,47.9268,3597,1
10358,31.9966,32.0078,4096,235.8750,4,47.9268,3597,1
10359,31.9966,32.0078,4096,235.8750,4,47.9268,3597,1
10360,31.9966,32.0078,4096,235.8750,4,47.9268,3597,1
10361,31.9966,32.0078,4096,235.8750,4,47.9268,3597,1
10362,31.9966,32.0078,4096,235.8750,4,47.9268,3597,1
10363,31.9966,32.0078,4096,235.8750,4,47.9268,3597,1
10364,31.9966,32.0078,4096,235.8750,4,47.9268,3598,1
10365,31.9966,32.0078,4096,235.8750,4,47.9268,3599,1
10366,31.9966,32.0078,4096,235.8750,4,47.9268,3599,1
10367,31.9966,32.0078,4096,235.8750,4,47.9268,3599,1
10368,31.9966,32.0078,4096,235.8750,4,47.9268,3599,1
10369,31.9966,32.0078,4096,235.8750,4,47.9268,3599,1
10370,31.9966,32.0078,4096,235.8750,4,47.9268,3600,1
10371,31.9966,32.0078,4096,235.8750,4,47.9268,3600,1
10372,31.9966,32.0078,4096,235.8750,4,47.9268,3600,1
10373,31.9966,32.0078,4096,235.8750,4,47.9268,3600,1
10374,31.9966,32.0078,4096,235.8750,4,47.9268,3601,1
10375,31.9966,32.0078,4096,235.8750,4,47.9268,3601,1
10376,31.9966,32.0078,4096,235.8750,4,47.9268,3602,1
10377,31.9966,32.0078,4096,235.8750,4,47.9268,3603,1
10378,31.9966,32.0078,4096,235.8750,4,47.9268,3603,1
10379,31.9966,32.0078,4096,235.8750,4,47.9268,3603,1
10380,31.9966,32.0078,4096,235.8750,4,47.9268,3604,1
10381,31.9966,32.0078,4096,235.8750,4,47.9268,3604,1
10382,31.9966,32.0078,4096,235.8750,4,47.9268,3604,1
10383,31.9966,32.0078,4096,235.8750,4,47.9268,3605,1
10384,31.9966,32.0078,4096,235.8750,4,47.9268,3605,1
10385,31.9966,32.0078,4096,235.8750,4,47.9268,3605,1
10386,31.9966,32.0078,4096,235.8750,4,47.9268,3605,1
10387,31.9966,32.0078,4096,235.8750,4,47.9268,3605,1
10388,31.9966,32.0078,4096,235.8750,4,47.9268,3605,1
10389,31.9966,32.0078,4096,235.8750,4,47.9268,3605,1
10390,31.9966,32.0078,4096,235.8750,4,47.9268,3605,1
10391,31.9966,32.0078,4096,235.8750,4,47.9268,3605,1
10392,31.9966,32.0078,4096,235.8750,4,47.9268,3605,1
10393,31.9966,32.0078,4096,235.8750,4,47.9268,3605,1
10394,31.9966,32.0078,4096,235.8750,4,47.9268,3606,1
10395,31.9966,32.0078,4096,235.8750,4,47.9268,3606,1
10396,31.9966,32.0078,4096,235.8750,4,47.9268,3607,1
10397,31.9966,32.0078,4096,235.8750,4,47.9268,3607,1
10398,31.9966,32.0078,4096,235.8750,4,47.9268,3607,1
10399,31.9966,32.0078,4096,235.8750,4,47.9268,3607,1
10400,31.9966,32.0078,4096,235.8750,4,47.9268,3607,1
10401,31.9966,32.0078,4096,235.8750,4,47.9268,3607,1
10402,31.9966,32.0078,4096,235.8750,4,47.9268,3608,1
10403,31.9966,32.0078,4096,235.8750,4,47.9268,3609,1
10404,31.9966,32.0078,4096,235.8750,4,47.9268,3609,1
10405,31.9966,32.0078,4096,235.8750,4,47.9268,3609,1
10406,31.9966,32.0078,4096,235.8750,4,47.9268,3609,1
10407,31.9966,32.0078,4096,235.8750,4,47.9268,3609,1
10408,31.9966,32.0078,4096,235.8750,4,47.9268,3610,1
10409,31.9966,32.0078,4096,235.8750,4,47.9268,3611,1
10410,31.9966,32.0078,4096,235.8750,4,47.9268,3612,1
10411,31.9966,32.0078,4096,235.8750,4,47.9268,3612,1
10412,31.9966,32.0078,4096,235.8750,4,47.9268,3612,1
10413,31.9966,32.0078,4096,235.8750,4,47.9268,3612,1
10414,31.9966,32.0078,4096,235.8750,4,47.9268,3612,1
10415,31.9966,32.0078,4096,235.8750,4,47.9268,3612,1
10416,31.9966,32.0078,4096,235.8750,4,47.9268,3612,1
10417,31.9966,32.0078,4096,235.8750,4,47.9268,3612,1
10418,31.9966,32.0078,4096,235.8750,4,47.9268,3612,1
10419,31.9966,32.0078,4096,235.8750,4,47.9268,3613,1
10420,31.9966,32.0078,4096,235.8750,4,47.9268,3613,1
10421,31.9966,32.0078,4096,235.8750,4,47.9268,3613,1
10422,31.9966,32.0078,4096,235.8750,4,47.9268,3613,1
10423,31.9966,32.0078,4096,235.8750,4,47.9268,3613,1
10424,31.9966,32.0078,4096,235.8750,4,47.9268,3613,1
10425,31.9966,32.0078,4096,235.8750,4,47.9268,3613,1
10426,31.9966,32.0078,4096,235.8750,4,47.9268,3614,1
10427,31.9966,32.0078,4096,235.8750,4,47.9268,3615,1
10428,31.9966,32.0078,4096,235.8750,4,47.9268,3616,1
10429,31.9966,32.0078,4096,235.8750,4,47.9268,3616,1
10430,31.9966,32.0078,4096,235.8750,4,47.9268,3616,1
10431,31.9966,32.0078,4096,235.8750,4,47.9268,3617,1
10432,31.9966,32.0078,4096,235.8750,4,47.9268,3617,1
10433,31.9966,32.0078,4096,235.8750,4,47.9268,3617,1
10434,31.9966,32.0078,4096,235.8750,4,47.9268,3618,1
10435,31.9966,32.0078,4096,235.8750,4,47.9268,3619,1
10436,31.9966,32.0078,4096,235.8750,4,47.9268,3619,1
10437,31.9966,32.0078,4096,235.8750,4,47.9268,3619,1
10438,31.9966,32.0078,4096,235.8750,4,47.9268,3619,1
10439,31.9966,32.0078,4096,235.8750,4,47.9268,3619,1
10440,31.9966,32.0078,4096,235.8750,4,47.9268,3619,1
10441,31.9966,32.0078,4096,235.8750,4,47.9268,3619,1
10442,31.9966,32.0078,4096,235.8750,4,47.9268,3619,1
10443,31.9966,32.0078,4096,235.8750,4,47.9268,3619,1
10444,31.9966,32.0078,4096,235.8750,4,47.9268,3620,1
10445,31.9966,32.0078,4096,235.8750,4,47.9268,3620,1
10446,31.9966,32.0078,4096,235.8750,4,47.9268,3620,1
10447,31.9966,32.0078,4096,235.8750,4,47.9268,3621,1
10448,31.9966,32.0078,4096,235.8750,4,47.9268,3622,1
10449,31.9966,32.0078,4096,235.8750,4,47.9268,3622,1
10450,31.9966,32.0078,4096,235.8750,4,47.9268,3623,1
10451,31.9966,32.0078,4096,235.8750,4,47.9268,3623,1
10452,31.9966,32.0078,4096,235.8750,4,47.9268,3623,1
10453,31.9966,32.0078,4096,235.8750,4,47.9268,3623,1
10454,31.9966,32.0078,4096,235.8750,4,47.9268,3624,1
10455,31.9966,32.0078,4096,235.8750,4,47.9268,3625,1
10456,31.9966,32.0078,4096,235.8750,4,47.9268,3626,1
10457,31.9966,32.0078,4096,235.8750,4,47.9268,3626,1
10458,31.9966,32.0078,4096,235.8750,4,47.9268,3626,1
10459,31.9966,32.0078,4096,235.8750,4,47.9268,3627,1
10460,31.9966,32.0078,4096,235.8750,4,47.9268,3627,1
10461,31.9966,32.0078,4096,235.8750,4,47.9268,3627,1
10462,31.9966,32.0078,4096,235.8750,4,47.9268,3627,1
10463,31.9966,32.0078,4096,235.8750,4,47.9268,3627,1
10464,31.9966,32.0078,4096,235.8750,4,47.9268,3627,1
10465,31.9966,32.0078,4096,235.8750,4,47.9268,3628,1
10466,31.9966,32.0078,4096,235.8750,4,47.9268,3628,1
10467,31.9966,32.0078,4096,235.8750,4,47.9268,3629,1
10468,31.9966,32.0078,4096,235.8750,4,47.9268,3630,1
10469,31.9966,32.0078,4096,235.8750,4,47.9268,3631,1
10470,31.9966,32.0078,4096,235.8750,4,47.9268,3632,1
10471,31.9966,32.0078,4096,235.8750,4,47.9268,3632,1
10472,31.9966,32.0078,4096,235.8750,4,47.9268,3632,1
10473,31.9966,32.0078,4096,235.8750,4,47.9268,3632,1
10474,31.9966,32.0078,4096,235.8750,4,47.9268,3632,1
10475,31.9966,32.0078,4096,235.8750,4,47.9268,3632,1
10476,31.9966,32.0078,4096,235.8750,4,47.9268,3632,1
10477,31.9966,32.0078,4096,235.8750,4,47.9268,3633,1
10478,31.9966,32.0078,4096,235.8750,4,47.9268,3633,1
10479,31.9966,32.0078,4096,235.8750,4,47.9268,3634,1
10480,31.9966,32.0078,4096,235.8750,4,47.9268,3634,1
10481,31.9966,32.0078,4096,235.8750,4,47.9268,3634,1
10482,31.9966,32.0078,4096,235.8750,4,47.9268,3635,1
10483,31.9966,32.0078,4096,235.8750,4,47.9268,3636,1
10484,31.9966,32.0078,4096,235.8750,4,47.9268,3636,1
10485,31.9966,32.0078,4096,235.8750,4,47.9268,3636,1
10486,31.9966,32.0078,4096,235.8750,4,47.9268,3636,1
10487,31.9966,32.0078,4096,235.8750,4,47.9268,3636,1
10488,31.9966,32.0078,4096,235.8750,4,47.9268,3636,1
10489,31.9966,32.0078,4096,235.8750,4,47.9268,3636,1
10490,31.9966,32.0078,4096,235.8750,4,47.9268,3636,1
10491,31.9966,32.0078,4096,235.8750,4,47.9268,3636,1
10492,31.9966,32.0078,4096,235.8750,4,47.9268,3636,1
10493,31.9966,32.0078,4096,235.8750,4,47.9268,3636,1
10494,31.9966,32.0078,4096,235.8750,4,47.9268,3637,1
10495,31.9966,32.0078,4096,235.8750,4,47.9268,3637,1
10496,31.9966,32.0078,4096,235.8750,4,47.9268,3637,1
10497,31.9966,32.0078,4096,235.8750,4,47.9268,3638,1
10498,31.9966,32.0078,4096,235.8750,4,47.9268,3638,1
10499,31.9966,32.0078,4096,235.8750,4,47.9268,3638,1
10500,31.9966,32.0078,4096,235.8750,4,47.9268,3638,1
10501,31.9966,32.0078,4096,235.8750,4,47.9268,3638,1
10502,31.9966,32.0078,4096,235.8750,4,47.9268,3638,1
10503,31.9966,32.0078,4096,235.8750,4,47.9268,3638,1
10504,31.9966,32.0078,4096,235.8750,4,47.9268,3638,1
10505,31.9966,32.0078,4096,235.8750,4,47.9268,3638,1
10506,31.9966,32.0078,4096,235.8750,4,47.9268,3638,1
10507,31.9966,32.0078,4096,235.8750,4,47.9268,3638,1
10508,31.9966,32.0078,4096,235.8750,4,47.9268,3638,1
10509,31.9966,32.0078,4096,235.8750,4,47.9268,3639,1
10510,31.9966,32.0078,4096,235.8750,4,47.9268,3639,1
10511,31.9966,32.0078,4096,235.8750,4,47.9268,3639,1
10512,31.9966,32.0078,4096,235.8750,4,47.9268,3639,1
10513,31.9966,32.0078,4096,235.8750,4,47.9268,3639,1
10514,31.9966,32.0078,4096,235.8750,4,47.9268,3639,1
10515,31.9966,32.0078,4096,235.8750,4,47.9268,3640,1
10516,31.9966,32.0078,4096,235.8750,4,47.9268,3640,1
10517,31.9966,32.0078,4096,235.8750,4,47.9268,3641,1
10518,31.9966,32.0078,4096,235.8750,4,47.9268,3641,1
10519,31.9966,32.0078,4096,235.8750,4,47.9268,3641,1
10520,31.9966,32.0078,4096,235.8750,4,47.9268,3641,1
10521,31.9966,32.0078,4096,235.8750,4,47.9268,3641,1
10522,31.9966,32.0078,4096,235.8750,4,47.9268,3641,1
10523,31.9966,32.0078,4096,235.8750,4,47.9268,3642,1
10524,31.9966,32.0078,4096,235.8750,4,47.9268,3642,1
10525,31.9966,32.0078,4096,235.8750,4,47.9268,3642,1
10526,31.9966,32.0078,4096,235.8750,4,47.9268,3642,1
10527,31.9966,32.0078,4096,235.8750,4,47.9268,3642,1
10528,31.9966,32.0078,4096,235.8750,4,47.9268,3642,1
10529,31.9966,32.0078,4096,235.8750,4,47.9268,3643,1
10530,31.9966,32.0078,4096,235.8750,4,47.9268,3643,1
10531,31.9966,32.0078,4096,235.8750,4,47.9268,3643,1
10532,31.9966,32.0078,4096,235.8750,4,47.9268,3643,1
10533,31.9966,32.0078,4096,235.8750,4,47.9268,3643,1
10534,31.9966,32.0078,4096,235.8750,4,47.9268,3643,1
10535,31.9966,32.0078,4096,235.8750,4,47.9268,3643,1
10536,31.9966,32.0078,4096,235.8750,4,47.9268,3643,1
10537,31.9966,32.0078,4096,235.8750,4,47.9268,3643,1
10538,31.9966,32.0078,4096,235.8750,4,47.9268,3643,1
10539,31.9966,32.0078,4096,235.8750,4,47.9268,3643,1
10540,31.9966,32.0078,4096,235.8750,4,47.9268,3644,1
10541,31.9966,32.0078,4096,235.8750,4,47.9268,3644,1
10542,31.9966,32.0078,4096,235.8750,4,47.9268,3644,1
10543,31.9966,32.0078,4096,235.8750,4,47.9268,3644,1
10544,31.9966,32.0078,4096,235.8750,4,47.9268,3645,1
10545,31.9966,32.0078,4096,235.8750,4,47.9268,3645,1
10546,31.9966,32.0078,4096,235.8750,4,47.9268,3645,1
10547,31.9966,32.0078,4096,235.8750,4,47.9268,3646,1
10548,31.9966,32.0078,4096,235.8750,4,47.9268,3646,1
10549,31.9966,32.0078,4096,235.8750,4,47.9268,3646,1
10550,31.9966,32.0078,4096,235.8750,4,47.9268,3647,1
10551,31.9966,32.0078,4096,235.8750,4,47.9268,3647,1
10552,31.9966,32.0078,4096,235.8750,4,47.9268,3647,1
10553,31.9966,32.0078,4096,235.8750,4,47.9268,3647,1
10554,31.9966,32.0078,4096,235.8750,4,47.9268,3648,1
10555,31.9966,32.0078,4096,235.8750,4,47.9268,3648,1
10556,31.9966,32.0078,4096,235.8750,4,47.9268,3649,1
10557,31.9966,32.0078,4096,235.8750,4,47.9268,3649,1
10558,31.9966,32.0078,4096,235.8750,4,47.9268,3649,1
10559,31.9966,32.0078,4096,235.8750,4,47.9268,3649,1
10560,31.9966,32.0078,4096,235.8750,4,47.9268,3650,1
10561,31.9966,32.0078,4096,235.8750,4,47.9268,3650,1
10562,31.9966,32.0078,4096,235.8750,4,47.9268,3650,1
10563,31.9966,32.0078,4096,235.8750,4,47.9268,3650,1
10564,31.9966,32.0078,4096,235.8750,4,47.9268,3650,1
10565,31.9966,32.0078,4096,235.8750,4,47.9268,3650,1
10566,31.9966,32.0078,4096,235.8750,4,47.9268,3651,1
10567,31.9966,32.0078,4096,235.8750,4,47.9268,3652,1
10568,31.9966,32.0078,4096,235.8750,4,47.9268,3652,1
10569,31.9966,32.0078,4096,235.8750,4,47.9268,3652,1
10570,31.9966,32.0078,4096,235.8750,4,47.9268,3652,1
10571,31.9966,32.0078,4096,235.8750,4,47.9268,3653,1
10572,31.9966,32.0078,4096,235.8750,4,47.9268,3653,1
10573,31.9966,32.0078,4096,235.8750,4,47.9268,3653,1
10574,31.9966,32.0078,4096,235.8750,4,47.9268,3653,1
10575,31.9966,32.0078,4096,235.8750,4,47.9268,3654,1
10576,31.9966,32.0078,4096,235.8750,4,47.9268,3655,1
10577,31.9966,32.0078,4096,235.8750,4,47.9268,3655,1
10578,31.9966,32.0078,4096,235.8750,4,47.9268,3655,1
10579,31.9966,32.0078,4096,235.8750,4,47.9268,3655,1
10580,31.9966,32.0078,4096,235.8750,4,47.9268,3656,1
10581,31.9966,32.0078,4096,235.8750,4,47.9268,3656,1
10582,31.9966,32.0078,4096,235.8750,4,47.9268,3656,1
10583,31.9966,32.0078,4096,235.8750,4,47.9268,3656,1
10584,31.9966,32.0078,4096,235.8750,4,47.9268,3656,1
10585,31.9966,32.0078,4096,235.8750,4,47.9268,3657,1
10586,31.9966,32.0078,4096,235.8750,4,47.9268,3657,1
10587,31.9966,32.0078,4096,235.8750,4,47.9268,3658,1
10588,31.9966,32.0078,4096,235.8750,4,47.9268,3658,1
10589,31.9966,32.0078,4096,235.8750,4,47.9268,3658,1
10590,31.9966,32.0078,4096,235.8750,4,47.9268,3658,1
10591,31.9966,32.0078,4096,235.8750,4,47.9268,3658,1
10592,31.9966,32.0078,4096,235.8750,4,47.9268,3659,1
10593,31.9966,32.0078,4096,235.8750,4,47.9268,3659,1
10594,31.9966,32.0078,4096,235.8750,4,47.9268,3660,1
10595,31.9966,32.0078,4096,235.8750,4,47.9268,3660,1
10596,31.9966,32.0078,4096,235.8750,4,47.9268,3660,1
10597,31.9966,32.0078,4096,235.8750,4,47.9268,3660,1
10598,31.9966,32.0078,4096,235.8750,4,47.9268,3660,1
10599,31.9966,32.0078,4096,235.8750,4,47.9268,3660,1
10600,31.9966,32.0078,4096,235.8750,4,47.9268,3660,1
10601,31.9966,32.0078,4096,235.8750,4,47.9268,3661,1
10602,31.9966,32.0078,4096,235.8750,4,47.9268,3662,1
10603,31.9966,32.0078,4096,235.8750,4,47.9268,3662,1
10604,31.9966,32.0078,4096,235.8750,4,47.9268,3662,1
10605,31.9966,32.0078,4096,235.8750,4,47.9268,3662,1
10606,31.9966,32.0078,4096,235.8750,4,47.9268,3663,1
10607,31.9966,32.0078,4096,235.8750,4,47.9268,3663,1
10608,31.9966,32.0078,4096,235.8750,4,47.9268,3663,1
10609,31.9966,32.0078,4096,235.8750,4,47.9268,3664,1
10610,31.9966,32.0078,4096,235.8750,4,47.9268,3664,1
10611,31.9966,32.0078,4096,235.8750,4,47.9268,3664,1
10612,31.9966,32.0078,4096,235.8750,4,47.9268,3664,1
10613,31.9966,32.0078,4096,235.8750,4,47.9268,3664,1
10614,31.9966,32.0078,4096,235.8750,4,47.9268,3664,1
10615,31.9966,32.0078,4096,235.8750,4,47.9268,3664,1
10616,31.9966,32.0078,4096,235.8750,4,47.9268,3664,1
10617,31.9966,32.0078,4096,235.8750,4,47.9268,3664,1
10618,31.9966,32.0078,4096,235.8750,4,47.9268,3664,1
10619,31.9966,32.0078,4096,235.8750,4,47.9268,3664,1
10620,31.9966,32.0078,4096,235.8750,4,47.9268,3665,1
10621,31.9966,32.0078,4096,235.8750,4,47.9268,3665,1
10622,31.9966,32.0078,4096,235.8750,4,47.9268,3666,1
10623,31.9966,32.0078,4096,235.8750,4,47.9268,3666,1
10624,31.9966,32.0078,4096,235.8750,4,47.9268,3666,1
10625,31.9966,32.0078,4096,235.8750,4,47.9268,3666,1
10626,31.9966,32.0078,4096,235.8750,4,47.9268,3666,1
10627,31.9966,32.0078,4096,235.8750,4,47.9268,3667,1
10628,31.9966,32.0078,4096,235.8750,4,47.9268,3667,1
10629,31.9966,32.0078,4096,235.8750,4,47.9268,3667,1
10630,31.9966,32.0078,4096,235.8750,4,47.9268,3668,1
10631,31.9966,32.0078,4096,235.8750,4,47.9268,3668,1
10632,31.9966,32.0078,4096,235.8750,4,47.9268,3669,1
10633,31.9966,32.0078,4096,235.8750,4,47.9268,3669,1
10634,31.9966,32.0078,4096,235.8750,4,47.9268,3669,1
10635,31.9966,32.0078,4096,235.8750,4,47.9268,3670,1
10636,31.9966,32.0078,4096,235.8750,4,47.9268,3671,1
10637,31.9966,32.0078,4096,235.8750,4,47.9268,3671,1
10638,31.9966,32.0078,4096,235.8750,4,47.9268,3671,1
10639,31.9966,32.0078,4096,235.8750,4,47.9268,3671,1
10640,31.9966,32.0078,4096,235.8750,4,47.9268,3671,1
10641,31.9966,32.0078,4096,235.8750,4,47.9268,3672,1
10642,31.9966,32.0078,4096,235.8750,4,47.9268,3672,1
10643,31.9966,32.0078,4096,235.8750,4,47.9268,3672,1
10644,31.9966,32.0078,4096,235.8750,4,47.9268,3673,1
10645,31.9966,32.0078,4096,235.8750,4,47.9268,3673,1
10646,31.9966,32.0078,4096,235.8750,4,47.9268,3673,1
10647,31.9966,32.0078,4096,235.8750,4,47.9268,3673,1
10648,31.9966,32.0078,4096,235.8750,4,47.9268,3673,1
10649,31.9966,32.0078,4096,235.8750,4,47.9268,3673,1
10650,31.9966,32.0078,4096,235.8750,4,47.9268,3673,1
10651,31.9966,32.0078,4096,235.8750,4,47.9268,3673,1
10652,31.9966,32.0078,4096,235.8750,4,47.9268,3673,1
10653,31.9966,32.0078,4096,235.8750,4,47.9268,3673,1
10654,31.9966,32.0078,4096,235.8750,4,47.9268,3673,1
10655,31.9966,32.0078,4096,235.8750,4,47.9268,3673,1
10656,31.9966,32.0078,4096,235.8750,4,47.9268,3673,1
10657,31.9966,32.0078,4096,235.8750,4,47.9268,3673,1
10658,31.9966,32.0078,4096,235.8750,4,47.9268,3673,1
10659,31.9966,32.0078,4096,235.8750,4,47.9268,3674,1
10660,31.9966,32.0078,4096,235.8750,4,47.9268,3675,1
10661,31.9966,32.0078,4096,235.8750,4,47.9268,3676,1
10662,31.9966,32.0078,4096,235.8750,4,47.9268,3676,1
10663,31.9966,32.0078,4096,235.8750,4,47.9268,3676,1
10664,31.9966,32.0078,4096,235.8750,4,47.9268,3676,1
10665,31.9966,32.0078,4096,235.8750,4,47.9268,3676,1
10666,31.9966,32.0078,4096,235.8750,4,47.9268,3677,1
10667,31.9966,32.0078,4096,235.8750,4,47.9268,3677,1
10668,31.9966,32.0078,4096,235.8750,4,47.9268,3677,1
10669,31.9966,32.0078,4096,235.8750,4,47.9268,3677,1
10670,31.9966,32.0078,4096,235.8750,4,47.9268,3678,1
10671,31.9966,32.0078,4096,235.8750,4,47.9268,3679,1
10672,31.9966,32.0078,4096,235.8750,4,47.9268,3679,1
10673,31.9966,32.0078,4096,235.8750,4,47.9268,3679,1
10674,31.9966,32.0078,4096,235.8750,4,47.9268,3679,1
10675,31.9966,32.0078,4096,235.8750,4,47.9268,3679,1
10676,31.9966,32.0078,4096,235.8750,4,47.9268,3679,1
10677,31.9966,32.0078,4096,235.8750,4,47.9268,3679,1
10678,31.9966,32.0078,4096,235.8750,4,47.9268,3679,1
10679,31.9966,32.0078,4096,235.8750,4,47.9268,3680,1
10680,31.9966,32.0078,4096,235.8750,4,47.9268,3681,1
10681,31.9966,32.0078,4096,235.8750,4,47.9268,3681,1
10682,31.9966,32.0078,4096,235.8750,4,47.9268,3681,1
10683,31.9966,32.0078,4096,235.8750,4,47.9268,3681,1
10684,31.9966,32.0078,4096,235.8750,4,47.9268,3681,1
10685,31.9966,32.0078,4096,235.8750,4,47.9268,3682,1
10686,31.9966,32.0078,4096,235.8750,4,47.9268,3682,1
10687,31.9966,32.0078,4096,235.8750,4,47.9268,3682,1
10688,31.9966,32.0078,4096,235.8750,4,47.9268,3683,1
10689,31.9966,32.0078,4096,235.8750,4,47.9268,3683,1
10690,31.9966,32.0078,4096,235.8750,4,47.9268,3683,1
10691,31.9966,32.0078,4096,235.8750,4,47.9268,3683,1
10692,31.9966,32.0078,4096,235.8750,4,47.9268,3683,1
10693,31.9966,32.0078,4096,235.8750,4,47.9268,3683,1
10694,31.9966,32.0078,4096,235.8750,4,47.9268,3683,1
10695,31.9966,32.0078,4096,235.8750,4,47.9268,3683,1
10696,31.9966,32.0078,4096,235.8750,4,47.9268,3683,1
10697,31.9966,32.0078,4096,235.8750,4,47.9268,3683,1
10698,31.9966,32.0078,4096,235.8750,4,47.9268,3683,1
10699,31.9966,32.0078,4096,235.8750,4,47.9268,3683,1
10700,31.9966,32.0078,4096,235.8750,4,47.9268,3683,1
10701,31.9966,32.0078,4096,235.8750,4,47.9268,3684,1
10702,31.9966,32.0078,4096,235.8750,4,47.9268,3685,1
10703,31.9966,32.0078,4096,235.8750,4,47.9268,3686,1
10704,31.9966,32.0078,4096,235.8750,4,47.9268,3686,1
10705,31.9966,32.0078,4096,235.8750,4,47.9268,3686,1
10706,31.9966,32.0078,4096,235.8750,4,47.9268,3686,1
10707,31.9966,32.0078,4096,235.8750,4,47.9268,3686,1
10708,31.9966,32.0078,4096,235.8750,4,47.9268,3686,1
10709,31.9966,32.0078,4096,235.8750,4,47.9268,3686,1
10710,31.9966,32.0078,4096,235.8750,4,47.9268,3686,1
10711,31.9966,32.0078,4096,235.8750,4,47.9268,3686,1
10712,31.9966,32.0078,4096,235.8750,4,47.9268,3686,1
10713,31.9966,32.0078,4096,235.8750,4,47.9268,3686,1
10714,31.9966,32.0078,4096,235.8750,4,47.9268,3686,1
10715,31.9966,32.0078,4096,235.8750,4,47.9268,3686,1
10716,31.9966,32.0078,4096,235.8750,4,47.9268,3686,1
10717,31.9966,32.0078,4096,235.8750,4,47.9268,3686,1
10718,31.9966,32.0078,4096,235.8750,4,47.9268,3686,1
10719,31.9966,32.0078,4096,235.8750,4,47.9268,3686,1
10720,31.9966,32.0078,4096,235.8750,4,47.9268,3687,1
10721,31.9966,32.0078,4096,235.8750,4,47.9268,3688,1
10722,31.9966,32.0078,4096,235.8750,4,47.9268,3688,1
10723,31.9966,32.0078,4096,235.8750,4,47.9268,3688,1
10724,31.9966,32.0078,4096,235.8750,4,47.9268,3688,1
10725,31.9966,32.0078,4096,235.8750,4,47.9268,3689,1
10726,31.9966,32.0078,4096,235.8750,4,47.9268,3690,1
10727,31.9966,32.0078,4096,235.8750,4,47.9268,3690,1
10728,31.9966,32.0078,4096,235.8750,4,47.9268,3690,1
10729,31.9966,32.0078,4096,235.8750,4,47.9268,3690,1
10730,31.9966,32.0078,4096,235.8750,4,47.9268,3691,1
10731,31.9966,32.0078,4096,235.8750,4,47.9268,3691,1
10732,31.9966,32.0078,4096,235.8750,4,47.9268,3691,1
10733,31.9966,32.0078,4096,235.8750,4,47.9268,3691,1
10734,31.9966,32.0078,4096,235.8750,4,47.9268,3692,1
10735,31.9966,32.0078,4096,235.8750,4,47.9268,3692,1
10736,31.9966,32.0078,4096,235.8750,4,47.9268,3692,1
10737,31.9966,32.0078,4096,235.8750,4,47.9268,3692,1
10738,31.9966,32.0078,4096,235.8750,4,47.9268,3693,1
10739,31.9966,32.0078,4096,235.8750,4,47.9268,3694,1
10740,31.9966,32.0078,4096,235.8750,4,47.9268,3695,1
10741,31.9966,32.0078,4096,235.8750,4,47.9268,3696,1
10742,31.9966,32.0078,4096,235.8750,4,47.9268,3696,1
10743,31.9966,32.0078,4096,235.8750,4,47.9268,3696,1
10744,31.9966,32.0078,4096,235.8750,4,47.9268,3696,1
10745,31.9966,32.0078,4096,235.8750,4,47.9268,3697,1
10746,31.9966,32.0078,4096,235.8750,4,47.9268,3697,1
10747,31.9966,32.0078,4096,235.8750,4,47.9268,3698,1
10748,31.9966,32.0078,4096,235.8750,4,47.9268,3698,1
10749,31.9966,32.0078,4096,235.8750,4,47.9268,3698,1
10750,31.9966,32.0078,4096,235.8750,4,47.9268,3698,1
10751,31.9966,32.0078,4096,235.8750,4,47.9268,3698,1
10752,31.9966,32.0078,4096,235.8750,4,47.9268,3698,1
10753,31.9966,32.0078,4096,235.8750,4,47.9268,3698,1
10754,31.9966,32.0078,4096,235.8750,4,47.9268,3698,1
10755,31.9966,32.0078,4096,235.8750,4,47.9268,3698,1
10756,31.9966,32.0078,4096,235.8750,4,47.9268,3699,1
10757,31.9966,32.0078,4096,235.8750,4,47.9268,3699,1
10758,31.9966,32.0078,4096,235.8750,4,47.9268,3700,1
10759,31.9966,32.0078,4096,235.8750,4,47.9268,3700,1
10760,31.9966,32.0078,4096,235.8750,4,47.9268,3701,1
10761,31.9966,32.0078,4096,235.8750,4,47.9268,3702,1
10762,31.9966,32.0078,4096,235.8750,4,47.9268,3702,1
10763,31.9966,32.0078,4096,235.8750,4,47.9268,3702,1
10764,31.9966,32.0078,4096,235.8750,4,47.9268,3702,1
10765,31.9966,32.0078,4096,235.8750,4,47.9268,3702,1
10766,31.9966,32.0078,4096,235.8750,4,47.9268,3703,1
10767,31.9966,32.0078,4096,235.8750,4,47.9268,3703,1
10768,31.9966,32.0078,4096,235.8750,4,47.9268,3704,1
10769,31.9966,32.0078,4096,235.8750,4,47.9268,3704,1
10770,31.9966,32.0078,4096,235.8750,4,47.9268,3705,1
10771,31.9966,32.0078,4096,235.8750,4,47.9268,3705,1
10772,31.9966,32.0078,4096,235.8750,4,47.9268,3705,1
10773,31.9966,32.0078,4096,235.8750,4,47.9268,3706,1
10774,31.9966,32.0078,4096,235.8750,4,47.9268,3707,1
10775,31.9966,32.0078,4096,235.8750,4,47.9268,3707,1
10776,31.9966,32.0078,4096,235.8750,4,47.9268,3707,1
10777,31.9966,32.0078,4096,235.8750,4,47.9268,3707,1
10778,31.9966,32.0078,4096,235.8750,4,47.9268,3707,1
10779,31.9966,32.0078,4096,235.8750,4,47.9268,3707,1
10780,31.9966,32.0078,4096,235.8750,4,47.9268,3707,1
10781,31.9966,32.0078,4096,235.8750,4,47.9268,3707,1
10782,31.9966,32.0078,4096,235.8750,4,47.9268,3707,1
10783,31.9966,32.0078,4096,235.8750,4,47.9268,3707,1
10784,31.9966,32.0078,4096,235.8750,4,47.9268,3707,1
10785,31.9966,32.0078,4096,235.8750,4,47.9268,3708,1
10786,31.9966,32.0078,4096,235.8750,4,47.9268,3708,1
10787,31.9966,32.0078,4096,235.8750,4,47.9268,3708,1
10788,31.9966,32.0078,4096,235.8750,4,47.9268,3708,1
10789,31.9966,32.0078,4096,235.8750,4,47.9268,3708,1
10790,31.9966,32.0078,4096,235.8750,4,47.9268,3708,1
10791,31.9966,32.0078,4096,235.8750,4,47.9268,3708,1
10792,31.9966,32.0078,4096,235.8750,4,47.9268,3708,1
10793,31.9966,32.0078,4096,235.8750,4,47.9268,3708,1
10794,31.9966,32.0078,4096,235.8750,4,47.9268,3708,1
10795,31.9966,32.0078,4096,235.8750,4,47.9268,3708,1
10796,31.9966,32.0078,4096,235.8750,4,47.9268,3708,1
10797,31.9966,32.0078,4096,235.8750,4,47.9268,3708,1
10798,31.9966,32.0078,4096,235.8750,4,47.9268,3708,1
10799,31.9966,32.0078,4096,235.8750,4,47.9268,3708,1
10800,31.9966,32.0078,4096,235.8750,4,47.9268,3709,1
10801,31.9966,32.0078,4096,235.8750,4,47.9268,3709,1
10802,31.9966,32.0078,4096,235.8750,4,47.9268,3709,1
10803,31.9966,32.0078,4096,235.8750,4,47.9268,3709,1
10804,31.9966,32.0078,4096,235.8750,4,47.9268,3709,1
10805,31.9966,32.0078,4096,235.8750,4,47.9268,3710,1
10806,31.9966,32.0078,4096,235.8750,4,47.9268,3710,1
10807,31.9966,32.0078,4096,235.8750,4,47.9268,3710,1
10808,31.9966,32.0078,4096,235.8750,4,47.9268,3710,1
10809,31.9966,32.0078,4096,235.8750,4,47.9268,3711,1
10810,31.9966,32.0078,4096,235.8750,4,47.9268,3711,1
10811,31.9966,32.0078,4096,235.8750,4,47.9268,3711,1
10812,31.9966,32.0078,4096,235.8750,4,47.9268,3711,1
10813,31.9966,32.0078,4096,235.8750,4,47.9268,3711,1
10814,31.9966,32.0078,4096,235.8750,4,47.9268,3711,1
10815,31.9966,32.0078,4096,235.8750,4,47.9268,3712,1
10816,31.9966,32.0078,4096,235.8750,4,47.9268,3712,1
10817,31.9966,32.0078,4096,235.8750,4,47.9268,3712,1
10818,31.9966,32.0078,4096,235.8750,4,47.9268,3712,1
10819,31.9966,32.0078,4096,235.8750,4,47.9268,3713,1
10820,31.9966,32.0078,4096,235.8750,4,47.9268,3713,1
10821,31.9966,32.0078,4096,235.8750,4,47.9268,3714,1
10822,31.9966,32.0078,4096,235.8750,4,47.9268,3714,1
10823,31.9966,32.0078,4096,235.8750,4,47.9268,3715,1
10824,31.9966,32.0078,4096,235.8750,4,47.9268,3716,1
10825,31.9966,32.0078,4096,235.8750,4,47.9268,3716,1
10826,31.9966,32.0078,4096,235.8750,4,47.9268,3716,1
10827,31.9966,32.0078,4096,235.8750,4,47.9268,3716,1
10828,31.9966,32.0078,4096,235.8750,4,47.9268,3716,1
10829,31.9966,32.0078,4096,235.8750,4,47.9268,3716,1
10830,31.9966,32.0078,4096,235.8750,4,47.9268,3717,1
10831,31.9966,32.0078,4096,235.8750,4,47.9268,3717,1
10832,31.9966,32.0078,4096,235.8750,4,47.9268,3717,1
10833,31.9966,32.0078,4096,235.8750,4,47.9268,3717,1
10834,31.9966,32.0078,4096,235.8750,4,47.9268,3717,1
10835,31.9966,32.0078,4096,235.8750,4,47.9268,3717,1
10836,31.9966,32.0078,4096,235.8750,4,47.9268,3717,1
10837,31.9966,32.0078,4096,235.8750,4,47.9268,3717,1
10838,31.9966,32.0078,4096,235.8750,4,47.9268,3717,1
10839,31.9966,32.0078,4096,235.8750,4,47.9268,3717,1
10840,31.9966,32.0078,4096,235.8750,4,47.9268,3717,1
10841,31.9966,32.0078,4096,235.8750,4,47.9268,3717,1
10842,31.9966,32.0078,4096,235.8750,4,47.9268,3718,1
10843,31.9966,32.0078,4096,235.8750,4,47.9268,3718,1
10844,31.9966,32.0078,4096,235.8750,4,47.9268,3719,1
10845,31.9966,32.0078,4096,235.8750,4,47.9268,3719,1
10846,31.9966,32.0078,4096,235.8750,4,47.9268,3719,1
10847,31.9966,32.0078,4096,235.8750,4,47.9268,3719,1
10848,31.9966,32.0078,4096,235.8750,4,47.9268,3719,1
10849,31.9966,32.0078,4096,235.8750,4,47.9268,3719,1
10850,31.9966,32.0078,4096,235.8750,4,47.9268,3720,1
10851,31.9966,32.0078,4096,235.8750,4,47.9268,3720,1
10852,31.9966,32.0078,4096,235.8750,4,47.9268,3720,1
10853,31.9966,32.0078,4096,235.8750,4,47.9268,3720,1
10854,31.9966,32.0078,4096,235.8750,4,47.9268,3720,1
10855,31.9966,32.0078,4096,235.8750,4,47.9268,3721,1
10856,31.9966,32.0078,4096,235.8750,4,47.9268,3721,1
10857,31.9966,32.0078,4096,235.8750,4,47.9268,3721,1
10858,31.9966,32.0078,4096,235.8750,4,47.9268,3721,1
10859,31.9966,32.0078,4096,235.8750,4,47.9268,3721,1
10860,31.9966,32.0078,4096,235.8750,4,47.9268,3721,1
10861,31.9966,32.0078,4096,235.8750,4,47.9268,3721,1
10862,31.9966,32.0078,4096,235.8750,4,47.9268,3721,1
10863,31.9966,32.0078,4096,235.8750,4,47.9268,3721,1
10864,31.9966,32.0078,4096,235.8750,4,47.9268,3721,1
10865,31.9966,32.0078,4096,235.8750,4,47.9268,3721,1
10866,31.9966,32.0078,4096,235.8750,4,47.9268,3722,1
10867,31.9966,32.0078,4096,235.8750,4,47.9268,3723,1
10868,31.9966,32.0078,4096,235.8750,4,47.9268,3723,1
10869,31.9966,32.0078,4096,235.8750,4,47.9268,3723,1
10870,31.9966,32.0078,4096,235.8750,4,47.9268,3724,1
10871,31.9966,32.0078,4096,235.8750,4,47.9268,3724,1
10872,31.9966,32.0078,4096,235.8750,4,47.9268,3724,1
10873,31.9966,32.0078,4096,235.8750,4,47.9268,3724,1
10874,31.9966,32.0078,4096,235.8750,4,47.9268,3724,1
10875,31.9966,32.0078,4096,235.8750,4,47.9268,3724,1
10876,31.9966,32.0078,4096,235.8750,4,47.9268,3724,1
10877,31.9966,32.0078,4096,235.8750,4,47.9268,3724,1
10878,31.9966,32.0078,4096,235.8750,4,47.9268,3724,1
10879,31.9966,32.0078,4096,235.8750,4,47.9268,3725,1
10880,31.9966,32.0078,4096,235.8750,4,47.9268,3725,1
10881,31.9966,32.0078,4096,235.8750,4,47.9268,3725,1
10882,31.9966,32.0078,4096,235.8750,4,47.9268,3725,1
10883,31.9966,32.0078,4096,235.8750,4,47.9268,3725,1
10884,31.9966,32.0078,4096,235.8750,4,47.9268,3725,1
10885,31.9966,32.0078,4096,235.8750,4,47.9268,3725,1
10886,31.9966,32.0078,4096,235.8750,4,47.9268,3725,1
10887,31.9966,32.0078,4096,235.8750,4,47.9268,3725,1
10888,31.9966,32.0078,4096,235.8750,4,47.9268,3725,1
10889,31.9966,32.0078,4096,235.8750,4,47.9268,3725,1
10890,31.9966,32.0078,4096,235.8750,4,47.9268,3725,1
10891,31.9966,32.0078,4096,235.8750,4,47.9268,3725,1
10892,31.9966,32.0078,4096,235.8750,4,47.9268,3725,1
10893,31.9966,32.0078,4096,235.8750,4,47.9268,3725,1
10894,31.9966,32.0078,4096,235.8750,4,47.9268,3725,1
10895,31.9966,32.0078,4096,235.8750,4,47.9268,3725,1
10896,31.9966,32.0078,4096,235.8750,4,47.9268,3725,1
10897,31.9966,32.0078,4096,235.8750,4,47.9268,3725,1
10898,31.9966,32.0078,4096,235.8750,4,47.9268,3725,1
10899,31.9966,32.0078,4096,235.8750,4,47.9268,3725,1
10900,31.9966,32.0078,4096,235.8750,4,47.9268,3725,1
10901,31.9966,32.0078,4096,235.8750,4,47.9268,3725,1
10902,31.9966,32.0078,4096,235.8750,4,47.9268,3725,1
10903,31.9966,32.0078,4096,235.8750,4,47.9268,3725,1
10904,31.9966,32.0078,4096,235.8750,4,47.9268,3726,1
10905,31.9966,32.0078,4096,235.8750,4,47.9268,3727,1
10906,31.9966,32.0078,4096,235.8750,4,47.9268,3727,1
10907,31.9966,32.0078,4096,235.8750,4,47.9268,3727,1
10908,31.9966,32.0078,4096,235.8750,4,47.9268,3728,1
10909,31.9966,32.0078,4096,235.8750,4,47.9268,3728,1
10910,31.9966,32.0078,4096,235.8750,4,47.9268,3728,1
10911,31.9966,32.0078,4096,235.8750,4,47.9268,3728,1
10912,31.9966,32.0078,4096,235.8750,4,47.9268,3728,1
10913,31.9966,32.0078,4096,235.8750,4,47.9268,3728,1
10914,31.9966,32.0078,4096,235.8750,4,47.9268,3728,1
10915,31.9966,32.0078,4096,235.8750,4,47.9268,3728,1
10916,31.9966,32.0078,4096,235.8750,4,47.9268,3728,1
10917,31.9966,32.0078,4096,235.8750,4,47.9268,3728,1
10918,31.9966,32.0078,4096,235.8750,4,47.9268,3728,1
10919,31.9966,32.0078,4096,235.8750,4,47.9268,3728,1
10920,31.9966,32.0078,4096,235.8750,4,47.9268,3728,1
10921,31.9966,32.0078,4096,235.8750,4,47.9268,3728,1
10922,31.9966,32.0078,4096,235.8750,4,47.9268,3728,1
10923,31.9966,32.0078,4096,235.8750,4,47.9268,3729,1
10924,31.9966,32.0078,4096,235.8750,4,47.9268,3729,1
10925,31.9966,32.0078,4096,235.8750,4,47.9268,3729,1
10926,31.9966,32.0078,4096,235.8750,4,47.9268,3729,1
10927,31.9966,32.0078,4096,235.8750,4,47.9268,3729,1
10928,31.9966,32.0078,4096,235.8750,4,47.9268,3729,1
10929,31.9966,32.0078,4096,235.8750,4,47.9268,3729,1
10930,31.9966,32.0078,4096,235.8750,4,47.9268,3729,1
10931,31.9966,32.0078,4096,235.8750,4,47.9268,3729,1
10932,31.9966,32.0078,4096,235.8750,4,47.9268,3729,1
10933,31.9966,32.0078,4096,235.8750,4,47.9268,3730,1
10934,31.9966,32.0078,4096,235.8750,4,47.9268,3730,1
10935,31.9966,32.0078,4096,235.8750,4,47.9268,3730,1
10936,31.9966,32.0078,4096,235.8750,4,47.9268,3731,1
10937,31.9966,32.0078,4096,235.8750,4,47.9268,3731,1
10938,31.9966,32.0078,4096,235.8750,4,47.9268,3731,1
10939,31.9966,32.0078,4096,235.8750,4,47.9268,3731,1
10940,31.9966,32.0078,4096,235.8750,4,47.9268,3731,1
10941,31.9966,32.0078,4096,235.8750,4,47.9268,3731,1
10942,31.9966,32.0078,4096,235.8750,4,47.9268,3732,1
10943,31.9966,32.0078,4096,235.8750,4,47.9268,3732,1
10944,31.9966,32.0078,4096,235.8750,4,47.9268,3732,1
10945,31.9966,32.0078,4096,235.8750,4,47.9268,3732,1
10946,31.9966,32.0078,4096,235.8750,4,47.9268,3732,1
10947,31.9966,32.0078,4096,235.8750,4,47.9268,3733,1
10948,31.9966,32.0078,4096,235.8750,4,47.9268,3734,1
10949,31.9966,32.0078,4096,235.8750,4,47.9268,3734,1
10950,31.9966,32.0078,4096,235.8750,4,47.9268,3734,1
10951,31.9966,32.0078,4096,235.8750,4,47.9268,3734,1
10952,31.9966,32.0078,4096,235.8750,4,47.9268,3734,1
10953,31.9966,32.0078,4096,235.8750,4,47.9268,3735,1
10954,31.9966,32.0078,4096,235.8750,4,47.9268,3736,1
10955,31.9966,32.0078,4096,235.8750,4,47.9268,3736,1
10956,31.9966,32.0078,4096,235.8750,4,47.9268,3736,1
10957,31.9966,32.0078,4096,235.8750,4,47.9268,3736,1
10958,31.9966,32.0078,4096,235.8750,4,47.9268,3737,1
10959,31.9966,32.0078,4096,235.8750,4,47.9268,3737,1
10960,31.9966,32.0078,4096,235.8750,4,47.9268,3738,1
10961,31.9966,32.0078,4096,235.8750,4,47.9268,3738,1
10962,31.9966,32.0078,4096,235.8750,4,47.9268,3738,1
10963,31.9966,32.0078,4096,235.8750,4,47.9268,3738,1
10964,31.9966,32.0078,4096,235.8750,4,47.9268,3738,1
10965,31.9966,32.0078,4096,235.8750,4,47.9268,3738,1
10966,31.9966,32.0078,4096,235.8750,4,47.9268,3739,1
10967,31.9966,32.0078,4096,235.8750,4,47.9268,3739,1
10968,31.9966,32.0078,4096,235.8750,4,47.9268,3740,1
10969,31.9966,32.0078,4096,235.8750,4,47.9268,3740,1
10970,31.9966,32.0078,4096,235.8750,4,47.9268,3740,1
10971,31.9966,32.0078,4096,235.8750,4,47.9268,3741,1
10972,31.9966,32.0078,4096,235.8750,4,47.9268,3741,1
10973,31.9966,32.0078,4096,235.8750,4,47.9268,3741,1
10974,31.9966,32.0078,4096,235.8750,4,47.9268,3741,1
10975,31.9966,32.0078,4096,235.8750,4,47.9268,3741,1
10976,31.9966,32.0078,4096,235.8750,4,47.9268,3741,1
10977,31.9966,32.0078,4096,235.8750,4,47.9268,3741,1
10978,31.9966,32.0078,4096,235.8750,4,47.9268,3741,1
10979,31.9966,32.0078,4096,235.8750,4,47.9268,3741,1
10980,31.9966,32.0078,4096,235.8750,4,47.9268,3741,1
10981,31.9966,32.0078,4096,235.8750,4,47.9268,3741,1
10982,31.9966,32.0078,4096,235.8750,4,47.9268,3741,1
10983,31.9966,32.0078,4096,235.8750,4,47.9268,3742,1
10984,31.9966,32.0078,4096,235.8750,4,47.9268,3742,1
10985,31.9966,32.0078,4096,235.8750,4,47.9268,3742,1
10986,31.9966,32.0078,4096,235.8750,4,47.9268,3743,1
10987,31.9966,32.0078,4096,235.8750,4,47.9268,3743,1
10988,31.9966,32.0078,4096,235.8750,4,47.9268,3743,1
10989,31.9966,32.0078,4096,235.8750,4,47.9268,3743,1
10990,31.9966,32.0078,4096,235.8750,4,47.9268,3743,1
10991,31.9966,32.0078,4096,235.8750,4,47.9268,3743,1
10992,31.9966,32.0078,4096,235.8750,4,47.9268,3744,1
10993,31.9966,32.0078,4096,235.8750,4,47.9268,3744,1
10994,31.9966,32.0078,4096,235.8750,4,47.9268,3745,1
10995,31.9966,32.0078,4096,235.8750,4,47.9268,3746,1
10996,31.9966,32.0078,4096,235.8750,4,47.9268,3746,1
10997,31.9966,32.0078,4096,235.8750,4,47.9268,3747,1
10998,31.9966,32.0078,4096,235.8750,4,47.9268,3747,1
10999,31.9966,32.0078,4096,235.8750,4,47.9268,3747,1
11000,31.9966,32.0078,4096,235.8750,4,47.9268,3747,1
11001,31.9966,32.0078,4096,235.8750,4,47.9268,3748,1
11002,31.9966,32.0078,4096,235.8750,4,47.9268,3748,1
11003,31.9966,32.0078,4096,235.8750,4,47.9268,3749,1
11004,31.9966,32.0078,4096,235.8750,4,47.9268,3749,1
11005,31.9966,32.0078,4096,235.8750,4,47.9268,3749,1
11006,31.9966,32.0078,4096,235.8750,4,47.9268,3749,1
11007,31.9966,32.0078,4096,235.8750,4,47.9268,3749,1
11008,31.9966,32.0078,4096,235.8750,4,47.9268,3749,1
11009,31.9966,32.0078,4096,235.8750,4,47.9268,3750,1
11010,31.9966,32.0078,4096,235.8750,4,47.9268,3750,1
11011,31.9966,32.0078,4096,235.8750,4,47.9268,3751,1
11012,31.9966,32.0078,4096,235.8750,4,47.9268,3752,1
11013,31.9966,32.0078,4096,235.8750,4,47.9268,3752,1
11014,31.9966,32.0078,4096,235.8750,4,47.9268,3752,1
11015,31.9966,32.0078,4096,235.8750,4,47.9268,3752,1
11016,31.9966,32.0078,4096,235.8750,4,47.9268,3753,1
11017,31.9966,32.0078,4096,235.8750,4,47.9268,3753,1
11018,31.9966,32.0078,4096,235.8750,4,47.9268,3753,1
11019,31.9966,32.0078,4096,235.8750,4,47.9268,3753,1
11020,31.9966,32.0078,4096,235.8750,4,47.9268,3754,1
11021,31.9966,32.0078,4096,235.8750,4,47.9268,3755,1
11022,31.9966,32.0078,4096,235.8750,4,47.9268,3755,1
11023,31.9966,32.0078,4096,235.8750,4,47.9268,3755,1
11024,31.9966,32.0078,4096,235.8750,4,47.9268,3755,1
11025,31.9966,32.0078,4096,235.8750,4,47.9268,3755,1
11026,31.9966,32.0078,4096,235.8750,4,47.9268,3755,1
11027,31.9966,32.0078,4096,235.8750,4,47.9268,3755,1
11028,31.9966,32.0078,4096,235.8750,4,47.9268,3755,1
11029,31.9966,32.0078,4096,235.8750,4,47.9268,3755,1
11030,31.9966,32.0078,4096,235.8750,4,47.9268,3755,1
11031,31.9966,32.0078,4096,235.8750,4,47.9268,3756,1
11032,31.9966,32.0078,4096,235.8750,4,47.9268,3756,1
11033,31.9966,32.0078,4096,235.8750,4,47.9268,3756,1
11034,31.9966,32.0078,4096,235.8750,4,47.9268,3756,1
11035,31.9966,32.0078,4096,235.8750,4,47.9268,3756,1
11036,31.9966,32.0078,4096,235.8750,4,47.9268,3756,1
11037,31.9966,32.0078,4096,235.8750,4,47.9268,3756,1
11038,31.9966,32.0078,4096,235.8750,4,47.9268,3756,1
11039,31.9966,32.0078,4096,235.8750,4,47.9268,3756,1
11040,31.9966,32.0078,4096,235.8750,4,47.9268,3757,1
11041,31.9966,32.0078,4096,235.8750,4,47.9268,3757,1
11042,31.9966,32.0078,4096,235.8750,4,47.9268,3757,1
11043,31.9966,32.0078,4096,235.8750,4,47.9268,3757,1
11044,31.9966,32.0078,4096,235.8750,4,47.9268,3757,1
11045,31.9966,32.0078,4096,235.8750,4,47.9268,3758,1
11046,31.9966,32.0078,4096,235.8750,4,47.9268,3758,1
11047,31.9966,32.0078,4096,235.8750,4,47.9268,3758,1
11048,31.9966,32.0078,4096,235.8750,4,47.9268,3759,1
11049,31.9966,32.0078,4096,235.8750,4,47.9268,3759,1
11050,31.9966,32.0078,4096,235.8750,4,47.9268,3760,1
11051,31.9966,32.0078,4096,235.8750,4,47.9268,3761,1
11052,31.9966,32.0078,4096,235.8750,4,47.9268,3761,1
11053,31.9966,32.0078,4096,235.8750,4,47.9268,3761,1
11054,31.9966,32.0078,4096,235.8750,4,47.9268,3761,1
11055,31.9966,32.0078,4096,235.8750,4,47.9268,3761,1
11056,31.9966,32.0078,4096,235.8750,4,47.9268,3761,1
11057,31.9966,32.0078,4096,235.8750,4,47.9268,3761,1
11058,31.9966,32.0078,4096,235.8750,4,47.9268,3761,1
11059,31.9966,32.0078,4096,235.8750,4,47.9268,3761,1
11060,31.9966,32.0078,4096,235.8750,4,47.9268,3761,1
11061,31.9966,32.0078,4096,235.8750,4,47.9268,3761,1
11062,31.9966,32.0078,4096,235.8750,4,47.9268,3762,1
11063,31.9966,32.0078,4096,235.8750,4,47.9268,3763,1
11064,31.9966,32.0078,4096,235.8750,4,47.9268,3763,1
11065,31.9966,32.0078,4096,235.8750,4,47.9268,3763,1
11066,31.9966,32.0078,4096,235.8750,4,47.9268,3764,1
11067,31.9966,32.0078,4096,235.8750,4,47.9268,3765,1
11068,31.9966,32.0078,4096,235.8750,4,47.9268,3765,1
11069,31.9966,32.0078,4096,235.8750,4,47.9268,3765,1
11070,31.9966,32.0078,4096,235.8750,4,47.9268,3766,1
11071,31.9966,32.0078,4096,235.8750,4,47.9268,3766,1
11072,31.9966,32.0078,4096,235.8750,4,47.9268,3766,1
11073,31.9966,32.0078,4096,235.8750,4,47.9268,3767,1
11074,31.9966,32.0078,4096,235.8750,4,47.9268,3767,1
11075,31.9966,32.0078,4096,235.8750,4,47.9268,3767,1
11076,31.9966,32.0078,4096,235.8750,4,47.9268,3767,1
11077,31.9966,32.0078,4096,235.8750,4,47.9268,3767,1
11078,31.9966,32.0078,4096,235.8750,4,47.9268,3767,1
11079,31.9966,32.0078,4096,235.8750,4,47.9268,3767,1
11080,31.9966,32.0078,4096,235.8750,4,47.9268,3768,1
11081,31.9966,32.0078,4096,235.8750,4,47.9268,3768,1
11082,31.9966,32.0078,4096,235.8750,4,47.9268,3768,1
11083,31.9966,32.0078,4096,235.8750,4,47.9268,3768,1
11084,31.9966,32.0078,4096,235.8750,4,47.9268,3768,1
11085,31.9966,32.0078,4096,235.8750,4,47.9268,3768,1
11086,31.9966,32.0078,4096,235.8750,4,47.9268,3768,1
11087,31.9966,32.0078,4096,235.8750,4,47.9268,3768,1
11088,31.9966,32.0078,4096,235.8750,4,47.9268,3768,1
11089,31.9966,32.0078,4096,235.8750,4,47.9268,3768,1
11090,31.9966,32.0078,4096,235.8750,4,47.9268,3768,1
11091,31.9966,32.0078,4096,235.8750,4,47.9268,3768,1
11092,31.9966,32.0078,4096,235.8750,4,47.9268,3768,1
11093,31.9966,32.0078,4096,235.8750,4,47.9268,3768,1
11094,31.9966,32.0078,4096,235.8750,4,47.9268,3768,1
11095,31.9966,32.0078,4096,235.8750,4,47.9268,3769,1
11096,31.9966,32.0078,4096,235.8750,4,47.9268,3770,1
11097,31.9966,32.0078,4096,235.8750,4,47.9268,3770,1
11098,31.9966,32.0078,4096,235.8750,4,47.9268,3770,1
11099,31.9966,32.0078,4096,235.8750,4,47.9268,3771,1
11100,31.9966,32.0078,4096,235.8750,4,47.9268,3771,1
11101,31.9966,32.0078,4096,235.8750,4,47.9268,3771,1
11102,31.9966,32.0078,4096,235.8750,4,47.9268,3771,1
11103,31.9966,32.0078,4096,235.8750,4,47.9268,3771,1
11104,31.9966,32.0078,4096,235.8750,4,47.9268,3771,1
11105,31.9966,32.0078,4096,235.8750,4,47.9268,3771,1
11106,31.9966,32.0078,4096,235.8750,4,47.9268,3771,1
11107,31.9966,32.0078,4096,235.8750,4,47.9268,3772,1
11108,31.9966,32.0078,4096,235.8750,4,47.9268,3772,1
11109,31.9966,32.0078,4096,235.8750,4,47.9268,3772,1
11110,31.9966,32.0078,4096,235.8750,4,47.9268,3773,1
11111,31.9966,32.0078,4096,235.8750,4,47.9268,3773,1
11112,31.9966,32.0078,4096,235.8750,4,47.9268,3773,1
11113,31.9966,32.0078,4096,235.8750,4,47.9268,3773,1
11114,31.9966,32.0078,4096,235.8750,4,47.9268,3773,1
11115,31.9966,32.0078,4096,235.8750,4,47.9268,3773,1
11116,31.9966,32.0078,4096,235.8750,4,47.9268,3774,1
11117,31.9966,32.0078,4096,235.8750,4,47.9268,3775,1
11118,31.9966,32.0078,4096,235.8750,4,47.9268,3776,1
11119,31.9966,32.0078,4096,235.8750,4,47.9268,3776,1
11120,31.9966,32.0078,4096,235.8750,4,47.9268,3776,1
11121,31.9966,32.0078,4096,235.8750,4,47.9268,3776,1
11122,31.9966,32.0078,4096,235.8750,4,47.9268,3777,1
11123,31.9966,32.0078,4096,235.8750,4,47.9268,3777,1
11124,31.9966,32.0078,4096,235.8750,4,47.9268,3777,1
11125,31.9966,32.0078,4096,235.8750,4,47.9268,3777,1
11126,31.9966,32.0078,4096,235.8750,4,47.9268,3778,1
11127,31.9966,32.0078,4096,235.8750,4,47.9268,3778,1
11128,31.9966,32.0078,4096,235.8750,4,47.9268,3778,1
11129,31.9966,32.0078,4096,235.8750,4,47.9268,3778,1
11130,31.9966,32.0078,4096,235.8750,4,47.9268,3778,1
11131,31.9966,32.0078,4096,235.8750,4,47.9268,3778,1
11132,31.9966,32.0078,4096,235.8750,4,47.9268,3778,1
11133,31.9966,32.0078,4096,235.8750,4,47.9268,3778,1
11134,31.9966,32.0078,4096,235.8750,4,47.9268,3778,1
11135,31.9966,32.0078,4096,235.8750,4,47.9268,3779,1
11136,31.9966,32.0078,4096,235.8750,4,47.9268,3779,1
11137,31.9966,32.0078,4096,235.8750,4,47.9268,3779,1
11138,31.9966,32.0078,4096,235.8750,4,47.9268,3779,1
11139,31.9966,32.0078,4096,235.8750,4,47.9268,3779,1
11140,31.9966,32.0078,4096,235.8750,4,47.9268,3779,1
11141,31.9966,32.0078,4096,235.8750,4,47.9268,3779,1
11142,31.9966,32.0078,4096,235.8750,4,47.9268,3780,1
11143,31.9966,32.0078,4096,235.8750,4,47.9268,3781,1
11144,31.9966,32.0078,4096,235.8750,4,47.9268,3781,1
11145,31.9966,32.0078,4096,235.8750,4,47.9268,3781,1
11146,31.9966,32.0078,4096,235.8750,4,47.9268,3781,1
11147,31.9966,32.0078,4096,235.8750,4,47.9268,3781,1
11148,31.9966,32.0078,4096,235.8750,4,47.9268,3781,1
11149,31.9966,32.0078,4096,235.8750,4,47.9268,3782,1
11150,31.9966,32.0078,4096,235.8750,4,47.9268,3782,1
11151,31.9966,32.0078,4096,235.8750,4,47.9268,3782,1
11152,31.9966,32.0078,4096,235.8750,4,47.9268,3782,1
11153,31.9966,32.0078,4096,235.8750,4,47.9268,3782,1
11154,31.9966,32.0078,4096,235.8750,4,47.9268,3782,1
11155,31.9966,32.0078,4096,235.8750,4,47.9268,3783,1
11156,31.9966,32.0078,4096,235.8750,4,47.9268,3783,1
11157,31.9966,32.0078,4096,235.8750,4,47.9268,3783,1
11158,31.9966,32.0078,4096,235.8750,4,47.9268,3783,1
11159,31.9966,32.0078,4096,235.8750,4,47.9268,3783,1
11160,31.9966,32.0078,4096,235.8750,4,47.9268,3783,1
11161,31.9966,32.0078,4096,235.8750,4,47.9268,3784,1
11162,31.9966,32.0078,4096,235.8750,4,47.9268,3784,1
11163,31.9966,32.0078,4096,235.8750,4,47.9268,3784,1
11164,31.9966,32.0078,4096,235.8750,4,47.9268,3785,1
11165,31.9966,32.0078,4096,235.8750,4,47.9268,3786,1
11166,31.9966,32.0078,4096,235.8750,4,47.9268,3786,1
11167,31.9966,32.0078,4096,235.8750,4,47.9268,3786,1
11168,31.9966,32.0078,4096,235.8750,4,47.9268,3786,1
11169,31.9966,32.0078,4096,235.8750,4,47.9268,3786,1
11170,31.9966,32.0078,4096,235.8750,4,47.9268,3786,1
11171,31.9966,32.0078,4096,235.8750,4,47.9268,3786,1
11172,31.9966,32.0078,4096,235.8750,4,47.9268,3786,1
11173,31.9966,32.0078,4096,235.8750,4,47.9268,3786,1
11174,31.9966,32.0078,4096,235.8750,4,47.9268,3786,1
11175,31.9966,32.0078,4096,235.8750,4,47.9268,3787,1
11176,31.9966,32.0078,4096,235.8750,4,47.9268,3787,1
11177,31.9966,32.0078,4096,235.8750,4,47.9268,3787,1
11178,31.9966,32.0078,4096,235.8750,4,47.9268,3787,1
11179,31.9966,32.0078,4096,235.8750,4,47.9268,3787,1
11180,31.9966,32.0078,4096,235.8750,4,47.9268,3788,1
11181,31.9966,32.0078,4096,235.8750,4,47.9268,3789,1
11182,31.9966,32.0078,4096,235.8750,4,47.9268,3789,1
11183,31.9966,32.0078,4096,235.8750,4,47.9268,3789,1
11184,31.9966,32.0078,4096,235.8750,4,47.9268,3790,1
11185,31.9966,32.0078,4096,235.8750,4,47.9268,3790,1
11186,31.9966,32.0078,4096,235.8750,4,47.9268,3791,1
11187,31.9966,32.0078,4096,235.8750,4,47.9268,3791,1
11188,31.9966,32.0078,4096,235.8750,4,47.9268,3792,1
11189,31.9966,32.0078,4096,235.8750,4,47.9268,3792,1
11190,31.9966,32.0078,4096,235.8750,4,47.9268,3793,1
11191,31.9966,32.0078,4096,235.8750,4,47.9268,3794,1
11192,31.9966,32.0078,4096,235.8750,4,47.9268,3794,1
11193,31.9966,32.0078,4096,235.8750,4,47.9268,3794,1
11194,31.9966,32.0078,4096,235.8750,4,47.9268,3794,1
11195,31.9966,32.0078,4096,235.8750,4,47.9268,3794,1
11196,31.9966,32.0078,4096,235.8750,4,47.9268,3795,1
11197,31.9966,32.0078,4096,235.8750,4,47.9268,3796,1
11198,31.9966,32.0078,4096,235.8750,4,47.9268,3796,1
11199,31.9966,32.0078,4096,235.8750,4,47.9268,3797,1
11200,31.9966,32.0078,4096,235.8750,4,47.9268,3797,1
11201,31.9966,32.0078,4096,235.8750,4,47.9268,3797,1
11202,31.9966,32.0078,4096,235.8750,4,47.9268,3798,1
11203,31.9966,32.0078,4096,235.8750,4,47.9268,3798,1
11204,31.9966,32.0078,4096,235.8750,4,47.9268,3798,1
11205,31.9966,32.0078,4096,235.8750,4,47.9268,3799,1
11206,31.9966,32.0078,4096,235.8750,4,47.9268,3800,1
11207,31.9966,32.0078,4096,235.8750,4,47.9268,3801,1
11208,31.9966,32.0078,4096,235.8750,4,47.9268,3801,1
11209,31.9966,32.0078,4096,235.8750,4,47.9268,3801,1
11210,31.9966,32.0078,4096,235.8750,4,47.9268,3801,1
11211,31.9966,32.0078,4096,235.8750,4,47.9268,3801,1
11212,31.9966,32.0078,4096,235.8750,4,47.9268,3801,1
11213,31.9966,32.0078,4096,235.8750,4,47.9268,3801,1
11214,31.9966,32.0078,4096,235.8750,4,47.9268,3801,1
11215,31.9966,32.0078,4096,235.8750,4,47.9268,3802,1
11216,31.9966,32.0078,4096,235.8750,4,47.9268,3803,1
11217,31.9966,32.0078,4096,235.8750,4,47.9268,3803,1
11218,31.9966,32.0078,4096,235.8750,4,47.9268,3803,1
11219,31.9966,32.0078,4096,235.8750,4,47.9268,3803,1
11220,31.9966,32.0078,4096,235.8750,4,47.9268,3803,1
11221,31.9966,32.0078,4096,235.8750,4,47.9268,3804,1
11222,31.9966,32.0078,4096,235.8750,4,47.9268,3804,1
11223,31.9966,32.0078,4096,235.8750,4,47.9268,3805,1
11224,31.9966,32.0078,4096,235.8750,4,47.9268,3805,1
11225,31.9966,32.0078,4096,235.8750,4,47.9268,3805,1
11226,31.9966,32.0078,4096,235.8750,4,47.9268,3806,1
11227,31.9966,32.0078,4096,235.8750,4,47.9268,3806,1
11228,31.9966,32.0078,4096,235.8750,4,47.9268,3806,1
11229,31.9966,32.0078,4096,235.8750,4,47.9268,3807,1
11230,31.9966,32.0078,4096,235.8750,4,47.9268,3808,1
11231,31.9966,32.0078,4096,235.8750,4,47.9268,3808,1
11232,31.9966,32.0078,4096,235.8750,4,47.9268,3808,1
11233,31.9966,32.0078,4096,235.8750,4,47.9268,3809,1
11234,31.9966,32.0078,4096,235.8750,4,47.9268,3809,1
11235,31.9966,32.0078,4096,235.8750,4,47.9268,3809,1
11236,31.9966,32.0078,4096,235.8750,4,47.9268,3809,1
11237,31.9966,32.0078,4096,235.8750,4,47.9268,3809,1
11238,31.9966,32.0078,4096,235.8750,4,47.9268,3809,1
11239,31.9966,32.0078,4096,235.8750,4,47.9268,3810,1
11240,31.9966,32.0078,4096,235.8750,4,47.9268,3810,1
11241,31.9966,32.0078,4096,235.8750,4,47.9268,3811,1
11242,31.9966,32.0078,4096,235.8750,4,47.9268,3812,1
11243,31.9966,32.0078,4096,235.8750,4,47.9268,3812,1
11244,31.9966,32.0078,4096,235.8750,4,47.9268,3812,1
11245,31.9966,32.0078,4096,235.8750,4,47.9268,3812,1
11246,31.9966,32.0078,4096,235.8750,4,47.9268,3812,1
11247,31.9966,32.0078,4096,235.8750,4,47.9268,3812,1
11248,31.9966,32.0078,4096,235.8750,4,47.9268,3812,1
11249,31.9966,32.0078,4096,235.8750,4,47.9268,3812,1
11250,31.9966,32.0078,4096,235.8750,4,47.9268,3812,1
11251,31.9966,32.0078,4096,235.8750,4,47.9268,3813,1
11252,31.9966,32.0078,4096,235.8750,4,47.9268,3813,1
11253,31.9966,32.0078,4096,235.8750,4,47.9268,3813,1
11254,31.9966,32.0078,4096,235.8750,4,47.9268,3813,1
11255,31.9966,32.0078,4096,235.8750,4,47.9268,3813,1
11256,31.9966,32.0078,4096,235.8750,4,47.9268,3814,1
11257,31.9966,32.0078,4096,235.8750,4,47.9268,3814,1
11258,31.9966,32.0078,4096,235.8750,4,47.9268,3815,1
11259,31.9966,32.0078,4096,235.8750,4,47.9268,3815,1
11260,31.9966,32.0078,4096,235.8750,4,47.9268,3815,1
11261,31.9966,32.0078,4096,235.8750,4,47.9268,3816,1
11262,31.9966,32.0078,4096,235.8750,4,47.9268,3817,1
11263,31.9966,32.0078,4096,235.8750,4,47.9268,3817,1
11264,31.9966,32.0078,4096,235.8750,4,47.9268,3817,1
11265,31.9966,32.0078,4096,235.8750,4,47.9268,3818,1
11266,31.9966,32.0078,4096,235.8750,4,47.9268,3818,1
11267,31.9966,32.0078,4096,235.8750,4,47.9268,3818,1
11268,31.9966,32.0078,4096,235.8750,4,47.9268,3818,1
11269,31.9966,32.0078,4096,235.8750,4,47.9268,3818,1
11270,31.9966,32.0078,4096,235.8750,4,47.9268,3818,1
11271,31.9966,32.0078,4096,235.8750,4,47.9268,3818,1
11272,31.9966,32.0078,4096,235.8750,4,47.9268,3818,1
11273,31.9966,32.0078,4096,235.8750,4,47.9268,3818,1
11274,31.9966,32.0078,4096,235.8750,4,47.9268,3818,1
11275,31.9966,32.0078,4096,235.8750,4,47.9268,3819,1
11276,31.9966,32.0078,4096,235.8750,4,47.9268,3819,1
11277,31.9966,32.0078,4096,235.8750,4,47.9268,3819,1
11278,31.9966,32.0078,4096,235.8750,4,47.9268,3819,1
11279,31.9966,32.0078,4096,235.8750,4,47.9268,3819,1
11280,31.9966,32.0078,4096,235.8750,4,47.9268,3819,1
11281,31.9966,32.0078,4096,235.8750,4,47.9268,3819,1
11282,31.9966,32.0078,4096,235.8750,4,47.9268,3819,1
11283,31.9966,32.0078,4096,235.8750,4,47.9268,3819,1
11284,31.9966,32.0078,4096,235.8750,4,47.9268,3819,1
11285,31.9966,32.0078,4096,235.8750,4,47.9268,3819,1
11286,31.9966,32.0078,4096,235.8750,4,47.9268,3820,1
11287,31.9966,32.0078,4096,235.8750,4,47.9268,3821,1
11288,31.9966,32.0078,4096,235.8750,4,47.9268,3821,1
11289,31.9966,32.0078,4096,235.8750,4,47.9268,3822,1
11290,31.9966,32.0078,4096,235.8750,4,47.9268,3823,1
11291,31.9966,32.0078,4096,235.8750,4,47.9268,3823,1
11292,31.9966,32.0078,4096,235.8750,4,47.9268,3823,1
11293,31.9966,32.0078,4096,235.8750,4,47.9268,3823,1
11294,31.9966,32.0078,4096,235.8750,4,47.9268,3823,1
11295,31.9966,32.0078,4096,235.8750,4,47.9268,3823,1
11296,31.9966,32.0078,4096,235.8750,4,47.9268,3824,1
11297,31.9966,32.0078,4096,235.8750,4,47.9268,3824,1
11298,31.9966,32.0078,4096,235.8750,4,47.9268,3824,1
11299,31.9966,32.0078,4096,235.8750,4,47.9268,3825,1
11300,31.9966,32.0078,4096,235.8750,4,47.9268,3825,1
11301,31.9966,32.0078,4096,235.8750,4,47.9268,3825,1
11302,31.9966,32.0078,4096,235.8750,4,47.9268,3825,1
11303,31.9966,32.0078,4096,235.8750,4,47.9268,3825,1
11304,31.9966,32.0078,4096,235.8750,4,47.9268,3825,1
11305,31.9966,32.0078,4096,235.8750,4,47.9268,3825,1
11306,31.9966,32.0078,4096,235.8750,4,47.9268,3826,1
11307,31.9966,32.0078,4096,235.8750,4,47.9268,3826,1
11308,31.9966,32.0078,4096,235.8750,4,47.9268,3826,1
11309,31.9966,32.0078,4096,235.8750,4,47.9268,3827,1
11310,31.9966,32.0078,4096,235.8750,4,47.9268,3827,1
11311,31.9966,32.0078,4096,235.8750,4,47.9268,3828,1
11312,31.9966,32.0078,4096,235.8750,4,47.9268,3828,1
11313,31.9966,32.0078,4096,235.8750,4,47.9268,3829,1
11314,31.9966,32.0078,4096,235.8750,4,47.9268,3830,1
11315,31.9966,32.0078,4096,235.8750,4,47.9268,3830,1
11316,31.9966,32.0078,4096,235.8750,4,47.9268,3830,1
11317,31.9966,32.0078,4096,235.8750,4,47.9268,3830,1
11318,31.9966,32.0078,4096,235.8750,4,47.9268,3831,1
11319,31.9966,32.0078,4096,235.8750,4,47.9268,3831,1
11320,31.9966,32.0078,4096,235.8750,4,47.9268,3832,1
11321,31.9966,32.0078,4096,235.8750,4,47.9268,3832,1
11322,31.9966,32.0078,4096,235.8750,4,47.9268,3832,1
11323,31.9966,32.0078,4096,235.8750,4,47.9268,3832,1
11324,31.9966,32.0078,4096,235.8750,4,47.9268,3832,1
11325,31.9966,32.0078,4096,235.8750,4,47.9268,3833,1
11326,31.9966,32.0078,4096,235.8750,4,47.9268,3833,1
11327,31.9966,32.0078,4096,235.8750,4,47.9268,3833,1
11328,31.9966,32.0078,4096,235.8750,4,47.9268,3833,1
11329,31.9966,32.0078,4096,235.8750,4,47.9268,3834,1
11330,31.9966,32.0078,4096,235.8750,4,47.9268,3834,1
11331,31.9966,32.0078,4096,235.8750,4,47.9268,3834,1
11332,31.9966,32.0078,4096,235.8750,4,47.9268,3834,1
11333,31.9966,32.0078,4096,235.8750,4,47.9268,3834,1
11334,31.9966,32.0078,4096,235.8750,4,47.9268,3834,1
11335,31.9966,32.0078,4096,235.8750,4,47.9268,3834,1
11336,31.9966,32.0078,4096,235.8750,4,47.9268,3835,1
11337,31.9966,32.0078,4096,235.8750,4,47.9268,3835,1
11338,31.9966,32.0078,4096,235.8750,4,47.9268,3836,1
11339,31.9966,32.0078,4096,235.8750,4,47.9268,3836,1
11340,31.9966,32.0078,4096,235.8750,4,47.9268,3837,1
11341,31.9966,32.0078,4096,235.8750,4,47.9268,3838,1
11342,31.9966,32.0078,4096,235.8750,4,47.9268,3838,1
11343,31.9966,32.0078,4096,235.8750,4,47.9268,3839,1
11344,31.9966,32.0078,4096,235.8750,4,47.9268,3839,1
11345,31.9966,32.0078,4096,235.8750,4,47.9268,3839,1
11346,31.9966,32.0078,4096,235.8750,4,47.9268,3839,1
11347,31.9966,32.0078,4096,235.8750,4,47.9268,3839,1
11348,31.9966,32.0078,4096,235.8750,4,47.9268,3839,1
11349,31.9966,32.0078,4096,235.8750,4,47.9268,3839,1
11350,31.9966,32.0078,4096,235.8750,4,47.9268,3840,1
11351,31.9966,32.0078,4096,235.8750,4,47.9268,3841,1
11352,31.9966,32.0078,4096,235.8750,4,47.9268,3841,1
11353,31.9966,32.0078,4096,235.8750,4,47.9268,3842,1
11354,31.9966,32.0078,4096,235.8750,4,47.9268,3842,1
11355,31.9966,32.0078,4096,235.8750,4,47.9268,3842,1
11356,31.9966,32.0078,4096,235.8750,4,47.9268,3843,1
11357,31.9966,32.0078,4096,235.8750,4,47.9268,3843,1
11358,31.9966,32.0078,4096,235.8750,4,47.9268,3843,1
11359,31.9966,32.0078,4096,235.8750,4,47.9268,3844,1
11360,31.9966,32.0078,4096,235.8750,4,47.9268,3844,1
11361,31.9966,32.0078,4096,235.8750,4,47.9268,3844,1
11362,31.9966,32.0078,4096,235.8750,4,47.9268,3844,1
11363,31.9966,32.0078,4096,235.8750,4,47.9268,3845,1
11364,31.9966,32.0078,4096,235.8750,4,47.9268,3845,1
11365,31.9966,32.0078,4096,235.8750,4,47.9268,3846,1
11366,31.9966,32.0078,4096,235.8750,4,47.9268,3846,1
11367,31.9966,32.0078,4096,235.8750,4,47.9268,3847,1
11368,31.9966,32.0078,4096,235.8750,4,47.9268,3847,1
11369,31.9966,32.0078,4096,235.8750,4,47.9268,3847,1
11370,31.9966,32.0078,4096,235.8750,4,47.9268,3847,1
11371,31.9966,32.0078,4096,235.8750,4,47.9268,3847,1
11372,31.9966,32.0078,4096,235.8750,4,47.9268,3848,1
11373,31.9966,32.0078,4096,235.8750,4,47.9268,3848,1
11374,31.9966,32.0078,4096,235.8750,4,47.9268,3848,1
11375,31.9966,32.0078,4096,235.8750,4,47.9268,3848,1
11376,31.9966,32.0078,4096,235.8750,4,47.9268,3848,1
11377,31.9966,32.0078,4096,235.8750,4,47.9268,3848,1
11378,31.9966,32.0078,4096,235.8750,4,47.9268,3848,1
11379,31.9966,32.0078,4096,235.8750,4,47.9268,3848,1
11380,31.9966,32.0078,4096,235.8750,4,47.9268,3848,1
11381,31.9966,32.0078,4096,235.8750,4,47.9268,3849,1
11382,31.9966,32.0078,4096,235.8750,4,47.9268,3849,1
11383,31.9966,32.0078,4096,235.8750,4,47.9268,3849,1
11384,31.9966,32.0078,4096,235.8750,4,47.9268,3850,1
11385,31.9966,32.0078,4096,235.8750,4,47.9268,3850,1
11386,31.9966,32.0078,4096,235.8750,4,47.9268,3850,1
11387,31.9966,32.0078,4096,235.8750,4,47.9268,3851,1
11388,31.9966,32.0078,4096,235.8750,4,47.9268,3851,1
11389,31.9966,32.0078,4096,235.8750,4,47.9268,3851,1
11390,31.9966,32.0078,4096,235.8750,4,47.9268,3852,1
11391,31.9966,32.0078,4096,235.8750,4,47.9268,3853,1
11392,31.9966,32.0078,4096,235.8750,4,47.9268,3853,1
11393,31.9966,32.0078,4096,235.8750,4,47.9268,3853,1
11394,31.9966,32.0078,4096,235.8750,4,47.9268,3853,1
11395,31.9966,32.0078,4096,235.8750,4,47.9268,3853,1
11396,31.9966,32.0078,4096,235.8750,4,47.9268,3853,1
11397,31.9966,32.0078,4096,235.8750,4,47.9268,3853,1
11398,31.9966,32.0078,4096,235.8750,4,47.9268,3853,1
11399,31.9966,32.0078,4096,235.8750,4,47.9268,3853,1
11400,31.9966,32.0078,4096,235.8750,4,47.9268,3854,1
11401,31.9966,32.0078,4096,235.8750,4,47.9268,3854,1
11402,31.9966,32.0078,4096,235.8750,4,47.9268,3854,1
11403,31.9966,32.0078,4096,235.8750,4,47.9268,3854,1
11404,31.9966,32.0078,4096,235.8750,4,47.9268,3855,1
11405,31.9966,32.0078,4096,235.8750,4,47.9268,3855,1
11406,31.9966,32.0078,4096,235.8750,4,47.9268,3856,1
11407,31.9966,32.0078,4096,235.8750,4,47.9268,3856,1
11408,31.9966,32.0078,4096,235.8750,4,47.9268,3856,1
11409,31.9966,32.0078,4096,235.8750,4,47.9268,3856,1
11410,31.9966,32.0078,4096,235.8750,4,47.9268,3856,1
11411,31.9966,32.0078,4096,235.8750,4,47.9268,3856,1
11412,31.9966,32.0078,4096,235.8750,4,47.9268,3857,1
11413,31.9966,32.0078,4096,235.8750,4,47.9268,3857,1
11414,31.9966,32.0078,4096,235.8750,4,47.9268,3857,1
11415,31.9966,32.0078,4096,235.8750,4,47.9268,3857,1
11416,31.9966,32.0078,4096,235.8750,4,47.9268,3857,1
11417,31.9966,32.0078,4096,235.8750,4,47.9268,3857,1
11418,31.9966,32.0078,4096,235.8750,4,47.9268,3857,1
11419,31.9966,32.0078,4096,235.8750,4,47.9268,3857,1
11420,31.9966,32.0078,4096,235.8750,4,47.9268,3857,1
11421,31.9966,32.0078,4096,235.8750,4,47.9268,3857,1
11422,31.9966,32.0078,4096,235.8750,4,47.9268,3857,1
11423,31.9966,32.0078,4096,235.8750,4,47.9268,3857,1
11424,31.9966,32.0078,4096,235.8750,4,47.9268,3857,1
11425,31.9966,32.0078,4096,235.8750,4,47.9268,3858,1
11426,31.9966,32.0078,4096,235.8750,4,47.9268,3858,1
11427,31.9966,32.0078,4096,235.8750,4,47.9268,3858,1
11428,31.9966,32.0078,4096,235.8750,4,47.9268,3858,1
11429,31.9966,32.0078,4096,235.8750,4,47.9268,3858,1
11430,31.9966,32.0078,4096,235.8750,4,47.9268,3858,1
11431,31.9966,32.0078,4096,235.8750,4,47.9268,3858,1
11432,31.9966,32.0078,4096,235.8750,4,47.9268,3858,1
11433,31.9966,32.0078,4096,235.8750,4,47.9268,3859,1
11434,31.9966,32.0078,4096,235.8750,4,47.9268,3859,1
11435,31.9966,32.0078,4096,235.8750,4,47.9268,3859,1
11436,31.9966,32.0078,4096,235.8750,4,47.9268,3859,1
11437,31.9966,32.0078,4096,235.8750,4,47.9268,3859,1
11438,31.9966,32.0078,4096,235.8750,4,47.9268,3860,1
11439,31.9966,32.0078,4096,235.8750,4,47.9268,3860,1
11440,31.9966,32.0078,4096,235.8750,4,47.9268,3860,1
11441,31.9966,32.0078,4096,235.8750,4,47.9268,3860,1
11442,31.9966,32.0078,4096,235.8750,4,47.9268,3860,1
11443,31.9966,32.0078,4096,235.8750,4,47.9268,3860,1
11444,31.9966,32.0078,4096,235.8750,4,47.9268,3861,1
11445,31.9966,32.0078,4096,235.8750,4,47.9268,3861,1
11446,31.9966,32.0078,4096,235.8750,4,47.9268,3861,1
11447,31.9966,32.0078,4096,235.8750,4,47.9268,3861,1
11448,31.9966,32.0078,4096,235.8750,4,47.9268,3862,1
11449,31.9966,32.0078,4096,235.8750,4,47.9268,3862,1
11450,31.9966,32.0078,4096,235.8750,4,47.9268,3863,1
11451,31.9966,32.0078,4096,235.8750,4,47.9268,3863,1
11452,31.9966,32.0078,4096,235.8750,4,47.9268,3864,1
11453,31.9966,32.0078,4096,235.8750,4,47.9268,3864,1
11454,31.9966,32.0078,4096,235.8750,4,47.9268,3864,1
11455,31.9966,32.0078,4096,235.8750,4,47.9268,3864,1
11456,31.9966,32.0078,4096,235.8750,4,47.9268,3864,1
11457,31.9966,32.0078,4096,235.8750,4,47.9268,3864,1
11458,31.9966,32.0078,4096,235.8750,4,47.9268,3864,1
11459,31.9966,32.0078,4096,235.8750,4,47.9268,3864,1
11460,31.9966,32.0078,4096,235.8750,4,47.9268,3864,1
11461,31.9966,32.0078,4096,235.8750,4,47.9268,3864,1
11462,31.9966,32.0078,4096,235.8750,4,47.9268,3864,1
11463,31.9966,32.0078,4096,235.8750,4,47.9268,3865,1
11464,31.9966,32.0078,4096,235.8750,4,47.9268,3865,1
11465,31.9966,32.0078,4096,235.8750,4,47.9268,3865,1
11466,31.9966,32.0078,4096,235.8750,4,47.9268,3865,1
11467,31.9966,32.0078,4096,235.8750,4,47.9268,3865,1
11468,31.9966,32.0078,4096,235.8750,4,47.9268,3865,1
11469,31.9966,32.0078,4096,235.8750,4,47.9268,3865,1
11470,31.9966,32.0078,4096,235.8750,4,47.9268,3865,1
11471,31.9966,32.0078,4096,235.8750,4,47.9268,3866,1
11472,31.9966,32.0078,4096,235.8750,4,47.9268,3866,1
11473,31.9966,32.0078,4096,235.8750,4,47.9268,3867,1
11474,31.9966,32.0078,4096,235.8750,4,47.9268,3867,1
11475,31.9966,32.0078,4096,235.8750,4,47.9268,3867,1
11476,31.9966,32.0078,4096,235.8750,4,47.9268,3867,1
11477,31.9966,32.0078,4096,235.8750,4,47.9268,3867,1
11478,31.9966,32.0078,4096,235.8750,4,47.9268,3868,1
11479,31.9966,32.0078,4096,235.8750,4,47.9268,3868,1
11480,31.9966,32.0078,4096,235.8750,4,47.9268,3869,1
11481,31.9966,32.0078,4096,235.8750,4,47.9268,3869,1
11482,31.9966,32.0078,4096,235.8750,4,47.9268,3870,1
11483,31.9966,32.0078,4096,235.8750,4,47.9268,3870,1
11484,31.9966,32.0078,4096,235.8750,4,47.9268,3870,1
11485,31.9966,32.0078,4096,235.8750,4,47.9268,3870,1
11486,31.9966,32.0078,4096,235.8750,4,47.9268,3870,1
11487,31.9966,32.0078,4096,235.8750,4,47.9268,3870,1
11488,31.9966,32.0078,4096,235.8750,4,47.9268,3870,1
11489,31.9966,32.0078,4096,235.8750,4,47.9268,3870,1
11490,31.9966,32.0078,4096,235.8750,4,47.9268,3871,1
11491,31.9966,32.0078,4096,235.8750,4,47.9268,3872,1
11492,31.9966,32.0078,4096,235.8750,4,47.9268,3873,1
11493,31.9966,32.0078,4096,235.8750,4,47.9268,3873,1
11494,31.9966,32.0078,4096,235.8750,4,47.9268,3873,1
11495,31.9966,32.0078,4096,235.8750,4,47.9268,3873,1
11496,31.9966,32.0078,4096,235.8750,4,47.9268,3873,1
11497,31.9966,32.0078,4096,235.8750,4,47.9268,3874,1
11498,31.9966,32.0078,4096,235.8750,4,47.9268,3874,1
11499,31.9966,32.0078,4096,235.8750,4,47.9268,3874,1
11500,31.9966,32.0078,4096,235.8750,4,47.9268,3874,1
11501,31.9966,32.0078,4096,235.8750,4,47.9268,3874,1
11502,31.9966,32.0078,4096,235.8750,4,47.9268,3874,1
11503,31.9966,32.0078,4096,235.8750,4,47.9268,3874,1
11504,31.9966,32.0078,4096,235.8750,4,47.9268,3874,1
11505,31.9966,32.0078,4096,235.8750,4,47.9268,3874,1
11506,31.9966,32.0078,4096,235.8750,4,47.9268,3874,1
11507,31.9966,32.0078,4096,235.8750,4,47.9268,3874,1
11508,31.9966,32.0078,4096,235.8750,4,47.9268,3875,1
11509,31.9966,32.0078,4096,235.8750,4,47.9268,3876,1
11510,31.9966,32.0078,4096,235.8750,4,47.9268,3876,1
11511,31.9966,32.0078,4096,235.8750,4,47.9268,3877,1
11512,31.9966,32.0078,4096,235.8750,4,47.9268,3877,1
11513,31.9966,32.0078,4096,235.8750,4,47.9268,3877,1
11514,31.9966,32.0078,4096,235.8750,4,47.9268,3878,1
11515,31.9966,32.0078,4096,235.8750,4,47.9268,3878,1
11516,31.9966,32.0078,4096,235.8750,4,47.9268,3878,1
11517,31.9966,32.0078,4096,235.8750,4,47.9268,3878,1
11518,31.9966,32.0078,4096,235.8750,4,47.9268,3878,1
11519,31.9966,32.0078,4096,235.8750,4,47.9268,3878,1
11520,31.9966,32.0078,4096,235.8750,4,47.9268,3878,1
11521,31.9966,32.0078,4096,235.8750,4,47.9268,3878,1
11522,31.9966,32.0078,4096,235.8750,4,47.9268,3878,1
11523,31.9966,32.0078,4096,235.8750,4,47.9268,3878,1
11524,31.9966,32.0078,4096,235.8750,4,47.9268,3878,1
11525,31.9966,32.0078,4096,235.8750,4,47.9268,3878,1
11526,31.9966,32.0078,4096,235.8750,4,47.9268,3878,1
11527,31.9966,32.0078,4096,235.8750,4,47.9268,3878,1
11528,31.9966,32.0078,4096,235.8750,4,47.9268,3878,1
11529,31.9966,32.0078,4096,235.8750,4,47.9268,3878,1
11530,31.9966,32.0078,4096,235.8750,4,47.9268,3878,1
11531,31.9966,32.0078,4096,235.8750,4,47.9268,3878,1
11532,31.9966,32.0078,4096,235.8750,4,47.9268,3879,1
11533,31.9966,32.0078,4096,235.8750,4,47.9268,3879,1
11534,31.9966,32.0078,4096,235.8750,4,47.9268,3880,1
11535,31.9966,32.0078,4096,235.8750,4,47.9268,3881,1
11536,31.9966,32.0078,4096,235.8750,4,47.9268,3881,1
11537,31.9966,32.0078,4096,235.8750,4,47.9268,3881,1
11538,31.9966,32.0078,4096,235.8750,4,47.9268,3881,1
11539,31.9966,32.0078,4096,235.8750,4,47.9268,3881,1
11540,31.9966,32.0078,4096,235.8750,4,47.9268,3881,1
11541,31.9966,32.0078,4096,235.8750,4,47.9268,3881,1
11542,31.9966,32.0078,4096,235.8750,4,47.9268,3881,1
11543,31.9966,32.0078,4096,235.8750,4,47.9268,3881,1
11544,31.9966,32.0078,4096,235.8750,4,47.9268,3882,1
11545,31.9966,32.0078,4096,235.8750,4,47.9268,3882,1
11546,31.9966,32.0078,4096,235.8750,4,47.9268,3882,1
11547,31.9966,32.0078,4096,235.8750,4,47.9268,3883,1
11548,31.9966,32.0078,4096,235.8750,4,47.9268,3883,1
11549,31.9966,32.0078,4096,235.8750,4,47.9268,3883,1
11550,31.9966,32.0078,4096,235.8750,4,47.9268,3883,1
11551,31.9966,32.0078,4096,235.8750,4,47.9268,3883,1
11552,31.9966,32.0078,4096,235.8750,4,47.9268,3883,1
11553,31.9966,32.0078,4096,235.8750,4,47.9268,3883,1
11554,31.9966,32.0078,4096,235.8750,4,47.9268,3883,1
11555,31.9966,32.0078,4096,235.8750,4,47.9268,3883,1
11556,31.9966,32.0078,4096,235.8750,4,47.9268,3883,1
11557,31.9966,32.0078,4096,235.8750,4,47.9268,3883,1
11558,31.9966,32.0078,4096,235.8750,4,47.9268,3883,1
11559,31.9966,32.0078,4096,235.8750,4,47.9268,3883,1
11560,31.9966,32.0078,4096,235.8750,4,47.9268,3883,1
11561,31.9966,32.0078,4096,235.8750,4,47.9268,3883,1
11562,31.9966,32.0078,4096,235.8750,4,47.9268,3883,1
11563,31.9966,32.0078,4096,235.8750,4,47.9268,3883,1
11564,31.9966,32.0078,4096,235.8750,4,47.9268,3883,1
11565,31.9966,32.0078,4096,235.8750,4,47.9268,3884,1
11566,31.9966,32.0078,4096,235.8750,4,47.9268,3885,1
11567,31.9966,32.0078,4096,235.8750,4,47.9268,3885,1
11568,31.9966,32.0078,4096,235.8750,4,47.9268,3885,1
11569,31.9966,32.0078,4096,235.8750,4,47.9268,3885,1
11570,31.9966,32.0078,4096,235.8750,4,47.9268,3885,1
11571,31.9966,32.0078,4096,235.8750,4,47.9268,3885,1
11572,31.9966,32.0078,4096,235.8750,4,47.9268,3885,1
11573,31.9966,32.0078,4096,235.8750,4,47.9268,3885,1
11574,31.9966,32.0078,4096,235.8750,4,47.9268,3885,1
11575,31.9966,32.0078,4096,235.8750,4,47.9268,3885,1
11576,31.9966,32.0078,4096,235.8750,4,47.9268,3885,1
11577,31.9966,32.0078,4096,235.8750,4,47.9268,3885,1
11578,31.9966,32.0078,4096,235.8750,4,47.9268,3885,1
11579,31.9966,32.0078,4096,235.8750,4,47.9268,3885,1
11580,31.9966,32.0078,4096,235.8750,4,47.9268,3885,1
11581,31.9966,32.0078,4096,235.8750,4,47.9268,3885,1
11582,31.9966,32.0078,4096,235.8750,4,47.9268,3886,1
11583,31.9966,32.0078,4096,235.8750,4,47.9268,3886,1
11584,31.9966,32.0078,4096,235.8750,4,47.9268,3886,1
11585,31.9966,32.0078,4096,235.8750,4,47.9268,3886,1
11586,31.9966,32.0078,4096,235.8750,4,47.9268,3886,1
11587,31.9966,32.0078,4096,235.8750,4,47.9268,3886,1
11588,31.9966,32.0078,4096,235.8750,4,47.9268,3886,1
11589,31.9966,32.0078,4096,235.8750,4,47.9268,3886,1
11590,31.9966,32.0078,4096,235.8750,4,47.9268,3886,1
11591,31.9966,32.0078,4096,235.8750,4,47.9268,3886,1
11592,31.9966,32.0078,4096,235.8750,4,47.9268,3887,1
11593,31.9966,32.0078,4096,235.8750,4,47.9268,3887,1
11594,31.9966,32.0078,4096,235.8750,4,47.9268,3887,1
11595,31.9966,32.0078,4096,235.8750,4,47.9268,3887,1
11596,31.9966,32.0078,4096,235.8750,4,47.9268,3887,1
11597,31.9966,32.0078,4096,235.8750,4,47.9268,3888,1
11598,31.9966,32.0078,4096,235.8750,4,47.9268,3888,1
11599,31.9966,32.0078,4096,235.8750,4,47.9268,3888,1
11600,31.9966,32.0078,4096,235.8750,4,47.9268,3888,1
11601,31.9966,32.0078,4096,235.8750,4,47.9268,3888,1
11602,31.9966,32.0078,4096,235.8750,4,47.9268,3888,1
11603,31.9966,32.0078,4096,235.8750,4,47.9268,3888,1
11604,31.9966,32.0078,4096,235.8750,4,47.9268,3888,1
11605,31.9966,32.0078,4096,235.8750,4,47.9268,3888,1
11606,31.9966,32.0078,4096,235.8750,4,47.9268,3889,1
11607,31.9966,32.0078,4096,235.8750,4,47.9268,3889,1
11608,31.9966,32.0078,4096,235.8750,4,47.9268,3890,1
11609,31.9966,32.0078,4096,235.8750,4,47.9268,3890,1
11610,31.9966,32.0078,4096,235.8750,4,47.9268,3890,1
11611,31.9966,32.0078,4096,235.8750,4,47.9268,3890,1
11612,31.9966,32.0078,4096,235.8750,4,47.9268,3890,1
11613,31.9966,32.0078,4096,235.8750,4,47.9268,3891,1
11614,31.9966,32.0078,4096,235.8750,4,47.9268,3891,1
11615,31.9966,32.0078,4096,235.8750,4,47.9268,3891,1
11616,31.9966,32.0078,4096,235.8750,4,47.9268,3891,1
11617,31.9966,32.0078,4096,235.8750,4,47.9268,3891,1
11618,31.9966,32.0078,4096,235.8750,4,47.9268,3891,1
11619,31.9966,32.0078,4096,235.8750,4,47.9268,3892,1
11620,31.9966,32.0078,4096,235.8750,4,47.9268,3893,1
11621,31.9966,32.0078,4096,235.8750,4,47.9268,3893,1
11622,31.9966,32.0078,4096,235.8750,4,47.9268,3893,1
11623,31.9966,32.0078,4096,235.8750,4,47.9268,3894,1
11624,31.9966,32.0078,4096,235.8750,4,47.9268,3895,1
11625,31.9966,32.0078,4096,235.8750,4,47.9268,3896,1
11626,31.9966,32.0078,4096,235.8750,4,47.9268,3897,1
11627,31.9966,32.0078,4096,235.8750,4,47.9268,3897,1
11628,31.9966,32.0078,4096,235.8750,4,47.9268,3897,1
11629,31.9966,32.0078,4096,235.8750,4,47.9268,3897,1
11630,31.9966,32.0078,4096,235.8750,4,47.9268,3897,1
11631,31.9966,32.0078,4096,235.8750,4,47.9268,3897,1
11632,31.9966,32.0078,4096,235.8750,4,47.9268,3897,1
11633,31.9966,32.0078,4096,235.8750,4,47.9268,3898,1
11634,31.9966,32.0078,4096,235.8750,4,47.9268,3899,1
11635,31.9966,32.0078,4096,235.8750,4,47.9268,3899,1
11636,31.9966,32.0078,4096,235.8750,4,47.9268,3900,1
11637,31.9966,32.0078,4096,235.8750,4,47.9268,3901,1
11638,31.9966,32.0078,4096,235.8750,4,47.9268,3901,1
11639,31.9966,32.0078,4096,235.8750,4,47.9268,3901,1
11640,31.9966,32.0078,4096,235.8750,4,47.9268,3902,1
11641,31.9966,32.0078,4096,235.8750,4,47.9268,3902,1
11642,31.9966,32.0078,4096,235.8750,4,47.9268,3902,1
11643,31.9966,32.0078,4096,235.8750,4,47.9268,3902,1
11644,31.9966,32.0078,4096,235.8750,4,47.9268,3902,1
11645,31.9966,32.0078,4096,235.8750,4,47.9268,3902,1
11646,31.9966,32.0078,4096,235.8750,4,47.9268,3902,1
11647,31.9966,32.0078,4096,235.8750,4,47.9268,3902,1
11648,31.9966,32.0078,4096,235.8750,4,47.9268,3902,1
11649,31.9966,32.0078,4096,235.8750,4,47.9268,3902,1
11650,31.9966,32.0078,4096,235.8750,4,47.9268,3903,1
11651,31.9966,32.0078,4096,235.8750,4,47.9268,3903,1
11652,31.9966,32.0078,4096,235.8750,4,47.9268,3903,1
11653,31.9966,32.0078,4096,235.8750,4,47.9268,3903,1
11654,31.9966,32.0078,4096,235.8750,4,47.9268,3903,1
11655,31.9966,32.0078,4096,235.8750,4,47.9268,3904,1
11656,31.9966,32.0078,4096,235.8750,4,47.9268,3904,1
11657,31.9966,32.0078,4096,235.8750,4,47.9268,3905,1
11658,31.9966,32.0078,4096,235.8750,4,47.9268,3905,1
11659,31.9966,32.0078,4096,235.8750,4,47.9268,3905,1
11660,31.9966,32.0078,4096,235.8750,4,47.9268,3905,1
11661,31.9966,32.0078,4096,235.8750,4,47.9268,3905,1
11662,31.9966,32.0078,4096,235.8750,4,47.9268,3905,1
11663,31.9966,32.0078,4096,235.8750,4,47.9268,3905,1
11664,31.9966,32.0078,4096,235.8750,4,47.9268,3905,1
11665,31.9966,32.0078,4096,235.8750,4,47.9268,3906,1
11666,31.9966,32.0078,4096,235.8750,4,47.9268,3907,1
11667,31.9966,32.0078,4096,235.8750,4,47.9268,3907,1
11668,31.9966,32.0078,4096,235.8750,4,47.9268,3907,1
11669,31.9966,32.0078,4096,235.8750,4,47.9268,3907,1
11670,31.9966,32.0078,4096,235.8750,4,47.9268,3907,1
11671,31.9966,32.0078,4096,235.8750,4,47.9268,3907,1
11672,31.9966,32.0078,4096,235.8750,4,47.9268,3907,1
11673,31.9966,32.0078,4096,235.8750,4,47.9268,3907,1
11674,31.9966,32.0078,4096,235.8750,4,47.9268,3908,1
11675,31.9966,32.0078,4096,235.8750,4,47.9268,3908,1
11676,31.9966,32.0078,4096,235.8750,4,47.9268,3908,1
11677,31.9966,32.0078,4096,235.8750,4,47.9268,3909,1
11678,31.9966,32.0078,4096,235.8750,4,47.9268,3909,1
11679,31.9966,32.0078,4096,235.8750,4,47.9268,3909,1
11680,31.9966,32.0078,4096,235.8750,4,47.9268,3909,1
11681,31.9966,32.0078,4096,235.8750,4,47.9268,3910,1
11682,31.9966,32.0078,4096,235.8750,4,47.9268,3910,1
11683,31.9966,32.0078,4096,235.8750,4,47.9268,3910,1
11684,31.9966,32.0078,4096,235.8750,4,47.9268,3910,1
11685,31.9966,32.0078,4096,235.8750,4,47.9268,3910,1
11686,31.9966,32.0078,4096,235.8750,4,47.9268,3911,1
11687,31.9966,32.0078,4096,235.8750,4,47.9268,3911,1
11688,31.9966,32.0078,4096,235.8750,4,47.9268,3912,1
11689,31.9966,32.0078,4096,235.8750,4,47.9268,3912,1
11690,31.9966,32.0078,4096,235.8750,4,47.9268,3912,1
11691,31.9966,32.0078,4096,235.8750,4,47.9268,3912,1
11692,31.9966,32.0078,4096,235.8750,4,47.9268,3912,1
11693,31.9966,32.0078,4096,235.8750,4,47.9268,3912,1
11694,31.9966,32.0078,4096,235.8750,4,47.9268,3912,1
11695,31.9966,32.0078,4096,235.8750,4,47.9268,3912,1
11696,31.9966,32.0078,4096,235.8750,4,47.9268,3912,1
11697,31.9966,32.0078,4096,235.8750,4,47.9268,3912,1
11698,31.9966,32.0078,4096,235.8750,4,47.9268,3912,1
11699,31.9966,32.0078,4096,235.8750,4,47.9268,3912,1
11700,31.9966,32.0078,4096,235.8750,4,47.9268,3912,1
11701,31.9966,32.0078,4096,235.8750,4,47.9268,3912,1
11702,31.9966,32.0078,4096,235.8750,4,47.9268,3912,1
11703,31.9966,32.0078,4096,235.8750,4,47.9268,3912,1
11704,31.9966,32.0078,4096,235.8750,4,47.9268,3912,1
11705,31.9966,32.0078,4096,235.8750,4,47.9268,3912,1
11706,31.9966,32.0078,4096,235.8750,4,47.9268,3912,1
11707,31.9966,32.0078,4096,235.8750,4,47.9268,3912,1
11708,31.9966,32.0078,4096,235.8750,4,47.9268,3912,1
11709,31.9966,32.0078,4096,235.8750,4,47.9268,3912,1
11710,31.9966,32.0078,4096,235.8750,4,47.9268,3912,1
11711,31.9966,32.0078,4096,235.8750,4,47.9268,3912,1
11712,31.9966,32.0078,4096,235.8750,4,47.9268,3912,1
11713,31.9966,32.0078,4096,235.8750,4,47.9268,3912,1
11714,31.9966,32.0078,4096,235.8750,4,47.9268,3912,1
11715,31.9966,32.0078,4096,235.8750,4,47.9268,3912,1
11716,31.9966,32.0078,4096,235.8750,4,47.9268,3912,1
11717,31.9966,32.0078,4096,235.8750,4,47.9268,3912,1
11718,31.9966,32.0078,4096,235.8750,4,47.9268,3912,1
11719,31.9966,32.0078,4096,235.8750,4,47.9268,3912,1
11720,31.9966,32.0078,4096,235.8750,4,47.9268,3912,1
11721,31.9966,32.0078,4096,235.8750,4,47.9268,3912,1
11722,31.9966,32.0078,4096,235.8750,4,47.9268,3912,1
11723,31.9966,32.0078,4096,235.8750,4,47.9268,3912,1
11724,31.9966,32.0078,4096,235.8750,4,47.9268,3912,1
11725,31.9966,32.0078,4096,235.8750,4,47.9268,3912,1
11726,31.9966,32.0078,4096,235.8750,4,47.9268,3913,1
11727,31.9966,32.0078,4096,235.8750,4,47.9268,3913,1
11728,31.9966,32.0078,4096,235.8750,4,47.9268,3913,1
11729,31.9966,32.0078,4096,235.8750,4,47.9268,3913,1
11730,31.9966,32.0078,4096,235.8750,4,47.9268,3913,1
11731,31.9966,32.0078,4096,235.8750,4,47.9268,3913,1
11732,31.9966,32.0078,4096,235.8750,4,47.9268,3913,1
11733,31.9966,32.0078,4096,235.8750,4,47.9268,3913,1
11734,31.9966,32.0078,4096,235.8750,4,47.9268,3913,1
11735,31.9966,32.0078,4096,235.8750,4,47.9268,3913,1
11736,31.9966,32.0078,4096,235.8750,4,47.9268,3914,1
11737,31.9966,32.0078,4096,235.8750,4,47.9268,3914,1
11738,31.9966,32.0078,4096,235.8750,4,47.9268,3915,1
11739,31.9966,32.0078,4096,235.8750,4,47.9268,3915,1
11740,31.9966,32.0078,4096,235.8750,4,47.9268,3915,1
11741,31.9966,32.0078,4096,235.8750,4,47.9268,3915,1
11742,31.9966,32.0078,4096,235.8750,4,47.9268,3915,1
11743,31.9966,32.0078,4096,235.8750,4,47.9268,3915,1
11744,31.9966,32.0078,4096,235.8750,4,47.9268,3915,1
11745,31.9966,32.0078,4096,235.8750,4,47.9268,3916,1
11746,31.9966,32.0078,4096,235.8750,4,47.9268,3916,1
11747,31.9966,32.0078,4096,235.8750,4,47.9268,3917,1
11748,31.9966,32.0078,4096,235.8750,4,47.9268,3918,1
11749,31.9966,32.0078,4096,235.8750,4,47.9268,3918,1
11750,31.9966,32.0078,4096,235.8750,4,47.9268,3918,1
11751,31.9966,32.0078,4096,235.8750,4,47.9268,3918,1
11752,31.9966,32.0078,4096,235.8750,4,47.9268,3918,1
11753,31.9966,32.0078,4096,235.8750,4,47.9268,3918,1
11754,31.9966,32.0078,4096,235.8750,4,47.9268,3918,1
11755,31.9966,32.0078,4096,235.8750,4,47.9268,3918,1
11756,31.9966,32.0078,4096,235.8750,4,47.9268,3918,1
11757,31.9966,32.0078,4096,235.8750,4,47.9268,3918,1
11758,31.9966,32.0078,4096,235.8750,4,47.9268,3918,1
11759,31.9966,32.0078,4096,235.8750,4,47.9268,3918,1
11760,31.9966,32.0078,4096,235.8750,4,47.9268,3918,1
11761,31.9966,32.0078,4096,235.8750,4,47.9268,3919,1
11762,31.9966,32.0078,4096,235.8750,4,47.9268,3919,1
11763,31.9966,32.0078,4096,235.8750,4,47.9268,3919,1
11764,31.9966,32.0078,4096,235.8750,4,47.9268,3920,1
11765,31.9966,32.0078,4096,235.8750,4,47.9268,3920,1
11766,31.9966,32.0078,4096,235.8750,4,47.9268,3921,1
11767,31.9966,32.0078,4096,235.8750,4,47.9268,3921,1
11768,31.9966,32.0078,4096,235.8750,4,47.9268,3921,1
11769,31.9966,32.0078,4096,235.8750,4,47.9268,3922,1
11770,31.9966,32.0078,4096,235.8750,4,47.9268,3922,1
11771,31.9966,32.0078,4096,235.8750,4,47.9268,3923,1
11772,31.9966,32.0078,4096,235.8750,4,47.9268,3923,1
11773,31.9966,32.0078,4096,235.8750,4,47.9268,3924,1
11774,31.9966,32.0078,4096,235.8750,4,47.9268,3925,1
11775,31.9966,32.0078,4096,235.8750,4,47.9268,3925,1
11776,31.9966,32.0078,4096,235.8750,4,47.9268,3925,1
11777,31.9966,32.0078,4096,235.8750,4,47.9268,3925,1
11778,31.9966,32.0078,4096,235.8750,4,47.9268,3925,1
11779,31.9966,32.0078,4096,235.8750,4,47.9268,3925,1
11780,31.9966,32.0078,4096,235.8750,4,47.9268,3926,1
11781,31.9966,32.0078,4096,235.8750,4,47.9268,3926,1
11782,31.9966,32.0078,4096,235.8750,4,47.9268,3927,1
11783,31.9966,32.0078,4096,235.8750,4,47.9268,3927,1
11784,31.9966,32.0078,4096,235.8750,4,47.9268,3927,1
11785,31.9966,32.0078,4096,235.8750,4,47.9268,3927,1
11786,31.9966,32.0078,4096,235.8750,4,47.9268,3928,1
11787,31.9966,32.0078,4096,235.8750,4,47.9268,3929,1
11788,31.9966,32.0078,4096,235.8750,4,47.9268,3929,1
11789,31.9966,32.0078,4096,235.8750,4,47.9268,3929,1
11790,31.9966,32.0078,4096,235.8750,4,47.9268,3929,1
11791,31.9966,32.0078,4096,235.8750,4,47.9268,3929,1
11792,31.9966,32.0078,4096,235.8750,4,47.9268,3929,1
11793,31.9966,32.0078,4096,235.8750,4,47.9268,3929,1
11794,31.9966,32.0078,4096,235.8750,4,47.9268,3930,1
11795,31.9966,32.0078,4096,235.8750,4,47.9268,3931,1
11796,31.9966,32.0078,4096,235.8750,4,47.9268,3932,1
11797,31.9966,32.0078,4096,235.8750,4,47.9268,3932,1
11798,31.9966,32.0078,4096,235.8750,4,47.9268,3932,1
11799,31.9966,32.0078,4096,235.8750,4,47.9268,3932,1
11800,31.9966,32.0078,4096,235.8750,4,47.9268,3932,1
11801,31.9966,32.0078,4096,235.8750,4,47.9268,3932,1
11802,31.9966,32.0078,4096,235.8750,4,47.9268,3932,1
11803,31.9966,32.0078,4096,235.8750,4,47.9268,3932,1
11804,31.9966,32.0078,4096,235.8750,4,47.9268,3933,1
11805,31.9966,32.0078,4096,235.8750,4,47.9268,3934,1
11806,31.9966,32.0078,4096,235.8750,4,47.9268,3934,1
11807,31.9966,32.0078,4096,235.8750,4,47.9268,3934,1
11808,31.9966,32.0078,4096,235.8750,4,47.9268,3935,1
11809,31.9966,32.0078,4096,235.8750,4,47.9268,3935,1
11810,31.9966,32.0078,4096,235.8750,4,47.9268,3936,1
11811,31.9966,32.0078,4096,235.8750,4,47.9268,3937,1
11812,31.9966,32.0078,4096,235.8750,4,47.9268,3937,1
11813,31.9966,32.0078,4096,235.8750,4,47.9268,3937,1
11814,31.9966,32.0078,4096,235.8750,4,47.9268,3937,1
11815,31.9966,32.0078,4096,235.8750,4,47.9268,3937,1
11816,31.9966,32.0078,4096,235.8750,4,47.9268,3937,1
11817,31.9966,32.0078,4096,235.8750,4,47.9268,3938,1
11818,31.9966,32.0078,4096,235.8750,4,47.9268,3938,1
11819,31.9966,32.0078,4096,235.8750,4,47.9268,3938,1
11820,31.9966,32.0078,4096,235.8750,4,47.9268,3938,1
11821,31.9966,32.0078,4096,235.8750,4,47.9268,3939,1
11822,31.9966,32.0078,4096,235.8750,4,47.9268,3940,1
11823,31.9966,32.0078,4096,235.8750,4,47.9268,3941,1
11824,31.9966,32.0078,4096,235.8750,4,47.9268,3941,1
11825,31.9966,32.0078,4096,235.8750,4,47.9268,3942,1
11826,31.9966,32.0078,4096,235.8750,4,47.9268,3942,1
11827,31.9966,32.0078,4096,235.8750,4,47.9268,3942,1
11828,31.9966,32.0078,4096,235.8750,4,47.9268,3942,1
11829,31.9966,32.0078,4096,235.8750,4,47.9268,3942,1
11830,31.9966,32.0078,4096,235.8750,4,47.9268,3943,1
11831,31.9966,32.0078,4096,235.8750,4,47.9268,3943,1
11832,31.9966,32.0078,4096,235.8750,4,47.9268,3943,1
11833,31.9966,32.0078,4096,235.8750,4,47.9268,3943,1
11834,31.9966,32.0078,4096,235.8750,4,47.9268,3943,1
11835,31.9966,32.0078,4096,235.8750,4,47.9268,3944,1
11836,31.9966,32.0078,4096,235.8750,4,47.9268,3944,1
11837,31.9966,32.0078,4096,235.8750,4,47.9268,3944,1
11838,31.9966,32.0078,4096,235.8750,4,47.9268,3945,1
11839,31.9966,32.0078,4096,235.8750,4,47.9268,3945,1
11840,31.9966,32.0078,4096,235.8750,4,47.9268,3945,1
11841,31.9966,32.0078,4096,235.8750,4,47.9268,3945,1
11842,31.9966,32.0078,4096,235.8750,4,47.9268,3945,1
11843,31.9966,32.0078,4096,235.8750,4,47.9268,3946,1
11844,31.9966,32.0078,4096,235.8750,4,47.9268,3946,1
11845,31.9966,32.0078,4096,235.8750,4,47.9268,3946,1
11846,31.9966,32.0078,4096,235.8750,4,47.9268,3947,1
11847,31.9966,32.0078,4096,235.8750,4,47.9268,3947,1
11848,31.9966,32.0078,4096,235.8750,4,47.9268,3947,1
11849,31.9966,32.0078,4096,235.8750,4,47.9268,3948,1
11850,31.9966,32.0078,4096,235.8750,4,47.9268,3948,1
11851,31.9966,32.0078,4096,235.8750,4,47.9268,3948,1
11852,31.9966,32.0078,4096,235.8750,4,47.9268,3948,1
11853,31.9966,32.0078,4096,235.8750,4,47.9268,3949,1
11854,31.9966,32.0078,4096,235.8750,4,47.9268,3950,1
11855,31.9966,32.0078,4096,235.8750,4,47.9268,3950,1
11856,31.9966,32.0078,4096,235.8750,4,47.9268,3950,1
11857,31.9966,32.0078,4096,235.8750,4,47.9268,3950,1
11858,31.9966,32.0078,4096,235.8750,4,47.9268,3951,1
11859,31.9966,32.0078,4096,235.8750,4,47.9268,3951,1
11860,31.9966,32.0078,4096,235.8750,4,47.9268,3951,1
11861,31.9966,32.0078,4096,235.8750,4,47.9268,3951,1
11862,31.9966,32.0078,4096,235.8750,4,47.9268,3951,1
11863,31.9966,32.0078,4096,235.8750,4,47.9268,3951,1
11864,31.9966,32.0078,4096,235.8750,4,47.9268,3951,1
11865,31.9966,32.0078,4096,235.8750,4,47.9268,3951,1
11866,31.9966,32.0078,4096,235.8750,4,47.9268,3951,1
11867,31.9966,32.0078,4096,235.8750,4,47.9268,3951,1
11868,31.9966,32.0078,4096,235.8750,4,47.9268,3951,1
11869,31.9966,32.0078,4096,235.8750,4,47.9268,3951,1
11870,31.9966,32.0078,4096,235.8750,4,47.9268,3951,1
11871,31.9966,32.0078,4096,235.8750,4,47.9268,3952,1
11872,31.9966,32.0078,4096,235.8750,4,47.9268,3953,1
11873,31.9966,32.0078,4096,235.8750,4,47.9268,3953,1
11874,31.9966,32.0078,4096,235.8750,4,47.9268,3953,1
11875,31.9966,32.0078,4096,235.8750,4,47.9268,3953,1
11876,31.9966,32.0078,4096,235.8750,4,47.9268,3953,1
11877,31.9966,32.0078,4096,235.8750,4,47.9268,3953,1
11878,31.9966,32.0078,4096,235.8750,4,47.9268,3954,1
11879,31.9966,32.0078,4096,235.8750,4,47.9268,3954,1
11880,31.9966,32.0078,4096,235.8750,4,47.9268,3954,1
11881,31.9966,32.0078,4096,235.8750,4,47.9268,3954,1
11882,31.9966,32.0078,4096,235.8750,4,47.9268,3954,1
11883,31.9966,32.0078,4096,235.8750,4,47.9268,3954,1
11884,31.9966,32.0078,4096,235.8750,4,47.9268,3954,1
11885,31.9966,32.0078,4096,235.8750,4,47.9268,3954,1
11886,31.9966,32.0078,4096,235.8750,4,47.9268,3954,1
11887,31.9966,32.0078,4096,235.8750,4,47.9268,3955,1
11888,31.9966,32.0078,4096,235.8750,4,47.9268,3955,1
11889,31.9966,32.0078,4096,235.8750,4,47.9268,3955,1
11890,31.9966,32.0078,4096,235.8750,4,47.9268,3955,1
11891,31.9966,32.0078,4096,235.8750,4,47.9268,3956,1
11892,31.9966,32.0078,4096,235.8750,4,47.9268,3956,1
11893,31.9966,32.0078,4096,235.8750,4,47.9268,3956,1
11894,31.9966,32.0078,4096,235.8750,4,47.9268,3956,1
11895,31.9966,32.0078,4096,235.8750,4,47.9268,3957,1
11896,31.9966,32.0078,4096,235.8750,4,47.9268,3957,1
11897,31.9966,32.0078,4096,235.8750,4,47.9268,3957,1
11898,31.9966,32.0078,4096,235.8750,4,47.9268,3957,1
11899,31.9966,32.0078,4096,235.8750,4,47.9268,3957,1
11900,31.9966,32.0078,4096,235.8750,4,47.9268,3957,1
11901,31.9966,32.0078,4096,235.8750,4,47.9268,3957,1
11902,31.9966,32.0078,4096,235.8750,4,47.9268,3958,1
11903,31.9966,32.0078,4096,235.8750,4,47.9268,3958,1
11904,31.9966,32.0078,4096,235.8750,4,47.9268,3958,1
11905,31.9966,32.0078,4096,235.8750,4,47.9268,3958,1
11906,31.9966,32.0078,4096,235.8750,4,47.9268,3959,1
11907,31.9966,32.0078,4096,235.8750,4,47.9268,3960,1
11908,31.9966,32.0078,4096,235.8750,4,47.9268,3961,1
11909,31.9966,32.0078,4096,235.8750,4,47.9268,3962,1
11910,31.9966,32.0078,4096,235.8750,4,47.9268,3963,1
11911,31.9966,32.0078,4096,235.8750,4,47.9268,3963,1
11912,31.9966,32.0078,4096,235.8750,4,47.9268,3964,1
11913,31.9966,32.0078,4096,235.8750,4,47.9268,3964,1
11914,31.9966,32.0078,4096,235.8750,4,47.9268,3965,1
11915,31.9966,32.0078,4096,235.8750,4,47.9268,3966,1
11916,31.9966,32.0078,4096,235.8750,4,47.9268,3966,1
11917,31.9966,32.0078,4096,235.8750,4,47.9268,3966,1
11918,31.9966,32.0078,4096,235.8750,4,47.9268,3966,1
11919,31.9966,32.0078,4096,235.8750,4,47.9268,3966,1
11920,31.9966,32.0078,4096,235.8750,4,47.9268,3966,1
11921,31.9966,32.0078,4096,235.8750,4,47.9268,3967,1
11922,31.9966,32.0078,4096,235.8750,4,47.9268,3967,1
11923,31.9966,32.0078,4096,235.8750,4,47.9268,3967,1
11924,31.9966,32.0078,4096,235.8750,4,47.9268,3967,1
11925,31.9966,32.0078,4096,235.8750,4,47.9268,3967,1
11926,31.9966,32.0078,4096,235.8750,4,47.9268,3967,1
11927,31.9966,32.0078,4096,235.8750,4,47.9268,3967,1
11928,31.9966,32.0078,4096,235.8750,4,47.9268,3967,1
11929,31.9966,32.0078,4096,235.8750,4,47.9268,3968,1
11930,31.9966,32.0078,4096,235.8750,4,47.9268,3968,1
11931,31.9966,32.0078,4096,235.8750,4,47.9268,3968,1
11932,31.9966,32.0078,4096,235.8750,4,47.9268,3968,1
11933,31.9966,32.0078,4096,235.8750,4,47.9268,3969,1
11934,31.9966,32.0078,4096,235.8750,4,47.9268,3970,1
11935,31.9966,32.0078,4096,235.8750,4,47.9268,3970,1
11936,31.9966,32.0078,4096,235.8750,4,47.9268,3970,1
11937,31.9966,32.0078,4096,235.8750,4,47.9268,3970,1
11938,31.9966,32.0078,4096,235.8750,4,47.9268,3971,1
11939,31.9966,32.0078,4096,235.8750,4,47.9268,3971,1
11940,31.9966,32.0078,4096,235.8750,4,47.9268,3971,1
11941,31.9966,32.0078,4096,235.8750,4,47.9268,3971,1
11942,31.9966,32.0078,4096,235.8750,4,47.9268,3971,1
11943,31.9966,32.0078,4096,235.8750,4,47.9268,3971,1
11944,31.9966,32.0078,4096,235.8750,4,47.9268,3972,1
11945,31.9966,32.0078,4096,235.8750,4,47.9268,3972,1
11946,31.9966,32.0078,4096,235.8750,4,47.9268,3973,1
11947,31.9966,32.0078,4096,235.8750,4,47.9268,3973,1
11948,31.9966,32.0078,4096,235.8750,4,47.9268,3973,1
11949,31.9966,32.0078,4096,235.8750,4,47.9268,3973,1
11950,31.9966,32.0078,4096,235.8750,4,47.9268,3973,1
11951,31.9966,32.0078,4096,235.8750,4,47.9268,3973,1
11952,31.9966,32.0078,4096,235.8750,4,47.9268,3974,1
11953,31.9966,32.0078,4096,235.8750,4,47.9268,3975,1
11954,31.9966,32.0078,4096,235.8750,4,47.9268,3975,1
11955,31.9966,32.0078,4096,235.8750,4,47.9268,3975,1
11956,31.9966,32.0078,4096,235.8750,4,47.9268,3975,1
11957,31.9966,32.0078,4096,235.8750,4,47.9268,3975,1
11958,31.9966,32.0078,4096,235.8750,4,47.9268,3976,1
11959,31.9966,32.0078,4096,235.8750,4,47.9268,3976,1
11960,31.9966,32.0078,4096,235.8750,4,47.9268,3976,1
11961,31.9966,32.0078,4096,235.8750,4,47.9268,3977,1
11962,31.9966,32.0078,4096,235.8750,4,47.9268,3977,1
11963,31.9966,32.0078,4096,235.8750,4,47.9268,3978,1
11964,31.9966,32.0078,4096,235.8750,4,47.9268,3979,1
11965,31.9966,32.0078,4096,235.8750,4,47.9268,3979,1
11966,31.9966,32.0078,4096,235.8750,4,47.9268,3979,1
11967,31.9966,32.0078,4096,235.8750,4,47.9268,3980,1
11968,31.9966,32.0078,4096,235.8750,4,47.9268,3981,1
11969,31.9966,32.0078,4096,235.8750,4,47.9268,3981,1
11970,31.9966,32.0078,4096,235.8750,4,47.9268,3981,1
11971,31.9966,32.0078,4096,235.8750,4,47.9268,3981,1
11972,31.9966,32.0078,4096,235.8750,4,47.9268,3981,1
11973,31.9966,32.0078,4096,235.8750,4,47.9268,3981,1
11974,31.9966,32.0078,4096,235.8750,4,47.9268,3981,1
11975,31.9966,32.0078,4096,235.8750,4,47.9268,3981,1
11976,31.9966,32.0078,4096,235.8750,4,47.9268,3981,1
11977,31.9966,32.0078,4096,235.8750,4,47.9268,3981,1
11978,31.9966,32.0078,4096,235.8750,4,47.9268,3982,1
11979,31.9966,32.0078,4096,235.8750,4,47.9268,3982,1
11980,31.9966,32.0078,4096,235.8750,4,47.9268,3982,1
11981,31.9966,32.0078,4096,235.8750,4,47.9268,3982,1
11982,31.9966,32.0078,4096,235.8750,4,47.9268,3982,1
11983,31.9966,32.0078,4096,235.8750,4,47.9268,3982,1
11984,31.9966,32.0078,4096,235.8750,4,47.9268,3982,1
11985,31.9966,32.0078,4096,235.8750,4,47.9268,3983,1
11986,31.9966,32.0078,4096,235.8750,4,47.9268,3984,1
11987,31.9966,32.0078,4096,235.8750,4,47.9268,3984,1
11988,31.9966,32.0078,4096,235.8750,4,47.9268,3985,1
11989,31.9966,32.0078,4096,235.8750,4,47.9268,3986,1
11990,31.9966,32.0078,4096,235.8750,4,47.9268,3986,1
11991,31.9966,32.0078,4096,235.8750,4,47.9268,3986,1
11992,31.9966,32.0078,4096,235.8750,4,47.9268,3987,1
11993,31.9966,32.0078,4096,235.8750,4,47.9268,3987,1
11994,31.9966,32.0078,4096,235.8750,4,47.9268,3988,1
11995,31.9966,32.0078,4096,235.8750,4,47.9268,3989,1
11996,31.9966,32.0078,4096,235.8750,4,47.9268,3990,1
11997,31.9966,32.0078,4096,235.8750,4,47.9268,3991,1
11998,31.9966,32.0078,4096,235.8750,4,47.9268,3991,1
11999,31.9966,32.0078,4096,235.8750,4,47.9268,3991,1
12000,31.9966,32.0078,4096,235.8750,4,47.9268,3991,1
12001,31.9966,32.0078,4096,235.8750,4,47.9268,3992,1
12002,31.9966,32.0078,4096,235.8750,4,47.9268,3992,1
12003,31.9966,32.0078,4096,235.8750,4,47.9268,3992,1
12004,31.9966,32.0078,4096,235.8750,4,47.9268,3992,1
12005,31.9966,32.0078,4096,235.8750,4,47.9268,3993,1
12006,31.9966,32.0078,4096,235.8750,4,47.9268,3993,1
12007,31.9966,32.0078,4096,235.8750,4,47.9268,3993,1
12008,31.9966,32.0078,4096,235.8750,4,47.9268,3993,1
12009,31.9966,32.0078,4096,235.8750,4,47.9268,3993,1
12010,31.9966,32.0078,4096,235.8750,4,47.9268,3993,1
12011,31.9966,32.0078,4096,235.8750,4,47.9268,3993,1
12012,31.9966,32.0078,4096,235.8750,4,47.9268,3993,1
12013,31.9966,32.0078,4096,235.8750,4,47.9268,3993,1
12014,31.9966,32.0078,4096,235.8750,4,47.9268,3993,1
12015,31.9966,32.0078,4096,235.8750,4,47.9268,3994,1
12016,31.9966,32.0078,4096,235.8750,4,47.9268,3994,1
12017,31.9966,32.0078,4096,235.8750,4,47.9268,3995,1
12018,31.9966,32.0078,4096,235.8750,4,47.9268,3995,1
12019,31.9966,32.0078,4096,235.8750,4,47.9268,3995,1
12020,31.9966,32.0078,4096,235.8750,4,47.9268,3996,1
12021,31.9966,32.0078,4096,235.8750,4,47.9268,3996,1
12022,31.9966,32.0078,4096,235.8750,4,47.9268,3997,1
12023,31.9966,32.0078,4096,235.8750,4,47.9268,3997,1
12024,31.9966,32.0078,4096,235.8750,4,47.9268,3997,1
12025,31.9966,32.0078,4096,235.8750,4,47.9268,3998,1
12026,31.9966,32.0078,4096,235.8750,4,47.9268,3998,1
12027,31.9966,32.0078,4096,235.8750,4,47.9268,3999,1
12028,31.9966,32.0078,4096,235.8750,4,47.9268,3999,1
12029,31.9966,32.0078,4096,235.8750,4,47.9268,3999,1
12030,31.9966,32.0078,4096,235.8750,4,47.9268,3999,1
12031,31.9966,32.0078,4096,235.8750,4,47.9268,4000,1
12032,31.9966,32.0078,4096,235.8750,4,47.9268,4000,1
12033,31.9966,32.0078,4096,235.8750,4,47.9268,4001,1
12034,31.9966,32.0078,4096,235.8750,4,47.9268,4001,1
12035,31.9966,32.0078,4096,235.8750,4,47.9268,4002,1
12036,31.9966,32.0078,4096,235.8750,4,47.9268,4002,1
12037,31.9966,32.0078,4096,235.8750,4,47.9268,4002,1
12038,31.9966,32.0078,4096,235.8750,4,47.9268,4002,1
12039,31.9966,32.0078,4096,235.8750,4,47.9268,4002,1
12040,31.9966,32.0078,4096,235.8750,4,47.9268,4003,1
12041,31.9966,32.0078,4096,235.8750,4,47.9268,4003,1
12042,31.9966,32.0078,4096,235.8750,4,47.9268,4003,1
12043,31.9966,32.0078,4096,235.8750,4,47.9268,4003,1
12044,31.9966,32.0078,4096,235.8750,4,47.9268,4003,1
12045,31.9966,32.0078,4096,235.8750,4,47.9268,4003,1
12046,31.9966,32.0078,4096,235.8750,4,47.9268,4004,1
12047,31.9966,32.0078,4096,235.8750,4,47.9268,4004,1
12048,31.9966,32.0078,4096,235.8750,4,47.9268,4004,1
12049,31.9966,32.0078,4096,235.8750,4,47.9268,4004,1
12050,31.9966,32.0078,4096,235.8750,4,47.9268,4004,1
12051,31.9966,32.0078,4096,235.8750,4,47.9268,4004,1
12052,31.9966,32.0078,4096,235.8750,4,47.9268,4004,1
12053,31.9966,32.0078,4096,235.8750,4,47.9268,4004,1
12054,31.9966,32.0078,4096,235.8750,4,47.9268,4004,1
12055,31.9966,32.0078,4096,235.8750,4,47.9268,4004,1
12056,31.9966,32.0078,4096,235.8750,4,47.9268,4004,1
12057,31.9966,32.0078,4096,235.8750,4,47.9268,4004,1
12058,31.9966,32.0078,4096,235.8750,4,47.9268,4004,1
12059,31.9966,32.0078,4096,235.8750,4,47.9268,4004,1
12060,31.9966,32.0078,4096,235.8750,4,47.9268,4004,1
12061,31.9966,32.0078,4096,235.8750,4,47.9268,4004,1
12062,31.9966,32.0078,4096,235.8750,4,47.9268,4004,1
12063,31.9966,32.0078,4096,235.8750,4,47.9268,4004,1
12064,31.9966,32.0078,4096,235.8750,4,47.9268,4004,1
12065,31.9966,32.0078,4096,235.8750,4,47.9268,4004,1
12066,31.9966,32.0078,4096,235.8750,4,47.9268,4004,1
12067,31.9966,32.0078,4096,235.8750,4,47.9268,4004,1
12068,31.9966,32.0078,4096,235.8750,4,47.9268,4004,1
12069,31.9966,32.0078,4096,235.8750,4,47.9268,4004,1
12070,31.9966,32.0078,4096,235.8750,4,47.9268,4004,1
12071,31.9966,32.0078,4096,235.8750,4,47.9268,4004,1
12072,31.9966,32.0078,4096,235.8750,4,47.9268,4004,1
12073,31.9966,32.0078,4096,235.8750,4,47.9268,4004,1
12074,31.9966,32.0078,4096,235.8750,4,47.9268,4004,1
12075,31.9966,32.0078,4096,235.8750,4,47.9268,4004,1
12076,31.9966,32.0078,4096,235.8750,4,47.9268,4004,1
12077,31.9966,32.0078,4096,235.8750,4,47.9268,4005,1
12078,31.9966,32.0078,4096,235.8750,4,47.9268,4005,1
12079,31.9966,32.0078,4096,235.8750,4,47.9268,4005,1
12080,31.9966,32.0078,4096,235.8750,4,47.9268,4005,1
12081,31.9966,32.0078,4096,235.8750,4,47.9268,4005,1
12082,31.9966,32.0078,4096,235.8750,4,47.9268,4005,1
12083,31.9966,32.0078,4096,235.8750,4,47.9268,4006,1
12084,31.9966,32.0078,4096,235.8750,4,47.9268,4006,1
12085,31.9966,32.0078,4096,235.8750,4,47.9268,4006,1
12086,31.9966,32.0078,4096,235.8750,4,47.9268,4006,1
12087,31.9966,32.0078,4096,235.8750,4,47.9268,4006,1
12088,31.9966,32.0078,4096,235.8750,4,47.9268,4006,1
12089,31.9966,32.0078,4096,235.8750,4,47.9268,4006,1
12090,31.9966,32.0078,4096,235.8750,4,47.9268,4006,1
12091,31.9966,32.0078,4096,235.8750,4,47.9268,4006,1
12092,31.9966,32.0078,4096,235.8750,4,47.9268,4006,1
12093,31.9966,32.0078,4096,235.8750,4,47.9268,4006,1
12094,31.9966,32.0078,4096,235.8750,4,47.9268,4007,1
12095,31.9966,32.0078,4096,235.8750,4,47.9268,4007,1
12096,31.9966,32.0078,4096,235.8750,4,47.9268,4008,1
12097,31.9966,32.0078,4096,235.8750,4,47.9268,4008,1
12098,31.9966,32.0078,4096,235.8750,4,47.9268,4008,1
12099,31.9966,32.0078,4096,235.8750,4,47.9268,4008,1
12100,31.9966,32.0078,4096,235.8750,4,47.9268,4008,1
12101,31.9966,32.0078,4096,235.8750,4,47.9268,4008,1
12102,31.9966,32.0078,4096,235.8750,4,47.9268,4008,1
12103,31.9966,32.0078,4096,235.8750,4,47.9268,4008,1
12104,31.9966,32.0078,4096,235.8750,4,47.9268,4008,1
12105,31.9966,32.0078,4096,235.8750,4,47.9268,4008,1
12106,31.9966,32.0078,4096,235.8750,4,47.9268,4008,1
12107,31.9966,32.0078,4096,235.8750,4,47.9268,4009,1
12108,31.9966,32.0078,4096,235.8750,4,47.9268,4009,1
12109,31.9966,32.0078,4096,235.8750,4,47.9268,4009,1
12110,31.9966,32.0078,4096,235.8750,4,47.9268,4009,1
12111,31.9966,32.0078,4096,235.8750,4,47.9268,4009,1
12112,31.9966,32.0078,4096,235.8750,4,47.9268,4009,1
12113,31.9966,32.0078,4096,235.8750,4,47.9268,4010,1
12114,31.9966,32.0078,4096,235.8750,4,47.9268,4010,1
12115,31.9966,32.0078,4096,235.8750,4,47.9268,4010,1
12116,31.9966,32.0078,4096,235.8750,4,47.9268,4010,1
12117,31.9966,32.0078,4096,235.8750,4,47.9268,4010,1
12118,31.9966,32.0078,4096,235.8750,4,47.9268,4010,1
12119,31.9966,32.0078,4096,235.8750,4,47.9268,4010,1
12120,31.9966,32.0078,4096,235.8750,4,47.9268,4010,1
12121,31.9966,32.0078,4096,235.8750,4,47.9268,4010,1
12122,31.9966,32.0078,4096,235.8750,4,47.9268,4010,1
12123,31.9966,32.0078,4096,235.8750,4,47.9268,4011,1
12124,31.9966,32.0078,4096,235.8750,4,47.9268,4012,1
12125,31.9966,32.0078,4096,235.8750,4,47.9268,4013,1
12126,31.9966,32.0078,4096,235.8750,4,47.9268,4013,1
12127,31.9966,32.0078,4096,235.8750,4,47.9268,4014,1
12128,31.9966,32.0078,4096,235.8750,4,47.9268,4015,1
12129,31.9966,32.0078,4096,235.8750,4,47.9268,4015,1
12130,31.9966,32.0078,4096,235.8750,4,47.9268,4016,1
12131,31.9966,32.0078,4096,235.8750,4,47.9268,4016,1
12132,31.9966,32.0078,4096,235.8750,4,47.9268,4016,1
12133,31.9966,32.0078,4096,235.8750,4,47.9268,4016,1
12134,31.9966,32.0078,4096,235.8750,4,47.9268,4016,1
12135,31.9966,32.0078,4096,235.8750,4,47.9268,4017,1
12136,31.9966,32.0078,4096,235.8750,4,47.9268,4017,1
12137,31.9966,32.0078,4096,235.8750,4,47.9268,4018,1
12138,31.9966,32.0078,4096,235.8750,4,47.9268,4018,1
12139,31.9966,32.0078,4096,235.8750,4,47.9268,4018,1
12140,31.9966,32.0078,4096,235.8750,4,47.9268,4019,1
12141,31.9966,32.0078,4096,235.8750,4,47.9268,4019,1
12142,31.9966,32.0078,4096,235.8750,4,47.9268,4019,1
12143,31.9966,32.0078,4096,235.8750,4,47.9268,4019,1
12144,31.9966,32.0078,4096,235.8750,4,47.9268,4020,1
12145,31.9966,32.0078,4096,235.8750,4,47.9268,4020,1
12146,31.9966,32.0078,4096,235.8750,4,47.9268,4020,1
12147,31.9966,32.0078,4096,235.8750,4,47.9268,4020,1
12148,31.9966,32.0078,4096,235.8750,4,47.9268,4020,1
12149,31.9966,32.0078,4096,235.8750,4,47.9268,4020,1
12150,31.9966,32.0078,4096,235.8750,4,47.9268,4020,1
12151,31.9966,32.0078,4096,235.8750,4,47.9268,4020,1
12152,31.9966,32.0078,4096,235.8750,4,47.9268,4020,1
12153,31.9966,32.0078,4096,235.8750,4,47.9268,4020,1
12154,31.9966,32.0078,4096,235.8750,4,47.9268,4021,1
12155,31.9966,32.0078,4096,235.8750,4,47.9268,4021,1
12156,31.9966,32.0078,4096,235.8750,4,47.9268,4021,1
12157,31.9966,32.0078,4096,235.8750,4,47.9268,4021,1
12158,31.9966,32.0078,4096,235.8750,4,47.9268,4021,1
12159,31.9966,32.0078,4096,235.8750,4,47.9268,4021,1
12160,31.9966,32.0078,4096,235.8750,4,47.9268,4021,1
12161,31.9966,32.0078,4096,235.8750,4,47.9268,4021,1
12162,31.9966,32.0078,4096,235.8750,4,47.9268,4021,1
12163,31.9966,32.0078,4096,235.8750,4,47.9268,4021,1
12164,31.9966,32.0078,4096,235.8750,4,47.9268,4021,1
12165,31.9966,32.0078,4096,235.8750,4,47.9268,4021,1
12166,31.9966,32.0078,4096,235.8750,4,47.9268,4021,1
12167,31.9966,32.0078,4096,235.8750,4,47.9268,4021,1
12168,31.9966,32.0078,4096,235.8750,4,47.9268,4021,1
12169,31.9966,32.0078,4096,235.8750,4,47.9268,4021,1
12170,31.9966,32.0078,4096,235.8750,4,47.9268,4022,1
12171,31.9966,32.0078,4096,235.8750,4,47.9268,4022,1
12172,31.9966,32.0078,4096,235.8750,4,47.9268,4022,1
12173,31.9966,32.0078,4096,235.8750,4,47.9268,4022,1
12174,31.9966,32.0078,4096,235.8750,4,47.9268,4022,1
12175,31.9966,32.0078,4096,235.8750,4,47.9268,4022,1
12176,31.9966,32.0078,4096,235.8750,4,47.9268,4023,1
12177,31.9966,32.0078,4096,235.8750,4,47.9268,4023,1
12178,31.9966,32.0078,4096,235.8750,4,47.9268,4023,1
12179,31.9966,32.0078,4096,235.8750,4,47.9268,4024,1
12180,31.9966,32.0078,4096,235.8750,4,47.9268,4024,1
12181,31.9966,32.0078,4096,235.8750,4,47.9268,4025,1
12182,31.9966,32.0078,4096,235.8750,4,47.9268,4025,1
12183,31.9966,32.0078,4096,235.8750,4,47.9268,4025,1
12184,31.9966,32.0078,4096,235.8750,4,47.9268,4025,1
12185,31.9966,32.0078,4096,235.8750,4,47.9268,4025,1
12186,31.9966,32.0078,4096,235.8750,4,47.9268,4026,1
12187,31.9966,32.0078,4096,235.8750,4,47.9268,4027,1
12188,31.9966,32.0078,4096,235.8750,4,47.9268,4028,1
12189,31.9966,32.0078,4096,235.8750,4,47.9268,4028,1
12190,31.9966,32.0078,4096,235.8750,4,47.9268,4028,1
12191,31.9966,32.0078,4096,235.8750,4,47.9268,4028,1
12192,31.9966,32.0078,4096,235.8750,4,47.9268,4028,1
12193,31.9966,32.0078,4096,235.8750,4,47.9268,4028,1
12194,31.9966,32.0078,4096,235.8750,4,47.9268,4028,1
12195,31.9966,32.0078,4096,235.8750,4,47.9268,4028,1
12196,31.9966,32.0078,4096,235.8750,4,47.9268,4028,1
12197,31.9966,32.0078,4096,235.8750,4,47.9268,4028,1
12198,31.9966,32.0078,4096,235.8750,4,47.9268,4028,1
12199,31.9966,32.0078,4096,235.8750,4,47.9268,4029,1
12200,31.9966,32.0078,4096,235.8750,4,47.9268,4029,1
12201,31.9966,32.0078,4096,235.8750,4,47.9268,4029,1
12202,31.9966,32.0078,4096,235.8750,4,47.9268,4029,1
12203,31.9966,32.0078,4096,235.8750,4,47.9268,4029,1
12204,31.9966,32.0078,4096,235.8750,4,47.9268,4029,1
12205,31.9966,32.0078,4096,235.8750,4,47.9268,4029,1
12206,31.9966,32.0078,4096,235.8750,4,47.9268,4030,1
12207,31.9966,32.0078,4096,235.8750,4,47.9268,4031,1
12208,31.9966,32.0078,4096,235.8750,4,47.9268,4032,1
12209,31.9966,32.0078,4096,235.8750,4,47.9268,4032,1
12210,31.9966,32.0078,4096,235.8750,4,47.9268,4033,1
12211,31.9966,32.0078,4096,235.8750,4,47.9268,4033,1
12212,31.9966,32.0078,4096,235.8750,4,47.9268,4033,1
12213,31.9966,32.0078,4096,235.8750,4,47.9268,4034,1
12214,31.9966,32.0078,4096,235.8750,4,47.9268,4035,1
12215,31.9966,32.0078,4096,235.8750,4,47.9268,4035,1
12216,31.9966,32.0078,4096,235.8750,4,47.9268,4035,1
12217,31.9966,32.0078,4096,235.8750,4,47.9268,4035,1
12218,31.9966,32.0078,4096,235.8750,4,47.9268,4035,1
12219,31.9966,32.0078,4096,235.8750,4,47.9268,4035,1
12220,31.9966,32.0078,4096,235.8750,4,47.9268,4036,1
12221,31.9966,32.0078,4096,235.8750,4,47.9268,4036,1
12222,31.9966,32.0078,4096,235.8750,4,47.9268,4036,1
12223,31.9966,32.0078,4096,235.8750,4,47.9268,4036,1
12224,31.9966,32.0078,4096,235.8750,4,47.9268,4036,1
12225,31.9966,32.0078,4096,235.8750,4,47.9268,4036,1
12226,31.9966,32.0078,4096,235.8750,4,47.9268,4037,1
12227,31.9966,32.0078,4096,235.8750,4,47.9268,4037,1
12228,31.9966,32.0078,4096,235.8750,4,47.9268,4037,1
12229,31.9966,32.0078,4096,235.8750,4,47.9268,4037,1
12230,31.9966,32.0078,4096,235.8750,4,47.9268,4037,1
12231,31.9966,32.0078,4096,235.8750,4,47.9268,4038,1
12232,31.9966,32.0078,4096,235.8750,4,47.9268,4038,1
12233,31.9966,32.0078,4096,235.8750,4,47.9268,4039,1
12234,31.9966,32.0078,4096,235.8750,4,47.9268,4040,1
12235,31.9966,32.0078,4096,235.8750,4,47.9268,4040,1
12236,31.9966,32.0078,4096,235.8750,4,47.9268,4040,1
12237,31.9966,32.0078,4096,235.8750,4,47.9268,4041,1
12238,31.9966,32.0078,4096,235.8750,4,47.9268,4041,1
12239,31.9966,32.0078,4096,235.8750,4,47.9268,4041,1
12240,31.9966,32.0078,4096,235.8750,4,47.9268,4041,1
12241,31.9966,32.0078,4096,235.8750,4,47.9268,4041,1
12242,31.9966,32.0078,4096,235.8750,4,47.9268,4041,1
12243,31.9966,32.0078,4096,235.8750,4,47.9268,4042,1
12244,31.9966,32.0078,4096,235.8750,4,47.9268,4042,1
12245,31.9966,32.0078,4096,235.8750,4,47.9268,4043,1
12246,31.9966,32.0078,4096,235.8750,4,47.9268,4043,1
12247,31.9966,32.0078,4096,235.8750,4,47.9268,4043,1
12248,31.9966,32.0078,4096,235.8750,4,47.9268,4044,1
12249,31.9966,32.0078,4096,235.8750,4,47.9268,4044,1
12250,31.9966,32.0078,4096,235.8750,4,47.9268,4044,1
12251,31.9966,32.0078,4096,235.8750,4,47.9268,4044,1
12252,31.9966,32.0078,4096,235.8750,4,47.9268,4044,1
12253,31.9966,32.0078,4096,235.8750,4,47.9268,4044,1
12254,31.9966,32.0078,4096,235.8750,4,47.9268,4045,1
12255,31.9966,32.0078,4096,235.8750,4,47.9268,4045,1
12256,31.9966,32.0078,4096,235.8750,4,47.9268,4045,1
12257,31.9966,32.0078,4096,235.8750,4,47.9268,4045,1
12258,31.9966,32.0078,4096,235.8750,4,47.9268,4045,1
12259,31.9966,32.0078,4096,235.8750,4,47.9268,4045,1
12260,31.9966,32.0078,4096,235.8750,4,47.9268,4046,1
12261,31.9966,32.0078,4096,235.8750,4,47.9268,4046,1
12262,31.9966,32.0078,4096,235.8750,4,47.9268,4046,1
12263,31.9966,32.0078,4096,235.8750,4,47.9268,4046,1
12264,31.9966,32.0078,4096,235.8750,4,47.9268,4046,1
12265,31.9966,32.0078,4096,235.8750,4,47.9268,4046,1
12266,31.9966,32.0078,4096,235.8750,4,47.9268,4046,1
12267,31.9966,32.0078,4096,235.8750,4,47.9268,4046,1
12268,31.9966,32.0078,4096,235.8750,4,47.9268,4046,1
12269,31.9966,32.0078,4096,235.8750,4,47.9268,4046,1
12270,31.9966,32.0078,4096,235.8750,4,47.9268,4047,1
12271,31.9966,32.0078,4096,235.8750,4,47.9268,4047,1
12272,31.9966,32.0078,4096,235.8750,4,47.9268,4047,1
12273,31.9966,32.0078,4096,235.8750,4,47.9268,4047,1
12274,31.9966,32.0078,4096,235.8750,4,47.9268,4047,1
12275,31.9966,32.0078,4096,235.8750,4,47.9268,4048,1
12276,31.9966,32.0078,4096,235.8750,4,47.9268,4049,1
12277,31.9966,32.0078,4096,235.8750,4,47.9268,4050,1
12278,31.9966,32.0078,4096,235.8750,4,47.9268,4050,1
12279,31.9966,32.0078,4096,235.8750,4,47.9268,4050,1
12280,31.9966,32.0078,4096,235.8750,4,47.9268,4051,1
12281,31.9966,32.0078,4096,235.8750,4,47.9268,4051,1
12282,31.9966,32.0078,4096,235.8750,4,47.9268,4051,1
12283,31.9966,32.0078,4096,235.8750,4,47.9268,4051,1
12284,31.9966,32.0078,4096,235.8750,4,47.9268,4052,1
12285,31.9966,32.0078,4096,235.8750,4,47.9268,4052,1
12286,31.9966,32.0078,4096,235.8750,4,47.9268,4052,1
12287,31.9966,32.0078,4096,235.8750,4,47.9268,4052,1
12288,31.9966,32.0078,4096,235.8750,4,47.9268,4052,1
12289,31.9966,32.0078,4096,235.8750,4,47.9268,4052,1
12290,31.9966,32.0078,4096,235.8750,4,47.9268,4053,1
12291,31.9966,32.0078,4096,235.8750,4,47.9268,4053,1
12292,31.9966,32.0078,4096,235.8750,4,47.9268,4054,1
12293,31.9966,32.0078,4096,235.8750,4,47.9268,4054,1
12294,31.9966,32.0078,4096,235.8750,4,47.9268,4054,1
12295,31.9966,32.0078,4096,235.8750,4,47.9268,4055,1
12296,31.9966,32.0078,4096,235.8750,4,47.9268,4055,1
12297,31.9966,32.0078,4096,235.8750,4,47.9268,4056,1
12298,31.9966,32.0078,4096,235.8750,4,47.9268,4056,1
12299,31.9966,32.0078,4096,235.8750,4,47.9268,4056,1
12300,31.9966,32.0078,4096,235.8750,4,47.9268,4056,1
12301,31.9966,32.0078,4096,235.8750,4,47.9268,4056,1
12302,31.9966,32.0078,4096,235.8750,4,47.9268,4056,1
12303,31.9966,32.0078,4096,235.8750,4,47.9268,4056,1
12304,31.9966,32.0078,4096,235.8750,4,47.9268,4057,1
12305,31.9966,32.0078,4096,235.8750,4,47.9268,4057,1
12306,31.9966,32.0078,4096,235.8750,4,47.9268,4057,1
12307,31.9966,32.0078,4096,235.8750,4,47.9268,4058,1
12308,31.9966,32.0078,4096,235.8750,4,47.9268,4058,1
12309,31.9966,32.0078,4096,235.8750,4,47.9268,4058,1
12310,31.9966,32.0078,4096,235.8750,4,47.9268,4059,1
12311,31.9966,32.0078,4096,235.8750,4,47.9268,4060,1
12312,31.9966,32.0078,4096,235.8750,4,47.9268,4060,1
12313,31.9966,32.0078,4096,235.8750,4,47.9268,4061,1
12314,31.9966,32.0078,4096,235.8750,4,47.9268,4061,1
12315,31.9966,32.0078,4096,235.8750,4,47.9268,4061,1
12316,31.9966,32.0078,4096,235.8750,4,47.9268,4061,1
12317,31.9966,32.0078,4096,235.8750,4,47.9268,4062,1
12318,31.9966,32.0078,4096,235.8750,4,47.9268,4063,1
12319,31.9966,32.0078,4096,235.8750,4,47.9268,4063,1
12320,31.9966,32.0078,4096,235.8750,4,47.9268,4064,1
12321,31.9966,32.0078,4096,235.8750,4,47.9268,4064,1
12322,31.9966,32.0078,4096,235.8750,4,47.9268,4064,1
12323,31.9966,32.0078,4096,235.8750,4,47.9268,4064,1
12324,31.9966,32.0078,4096,235.8750,4,47.9268,4064,1
12325,31.9966,32.0078,4096,235.8750,4,47.9268,4064,1
12326,31.9966,32.0078,4096,235.8750,4,47.9268,4064,1
12327,31.9966,32.0078,4096,235.8750,4,47.9268,4065,1
12328,31.9966,32.0078,4096,235.8750,4,47.9268,4065,1
12329,31.9966,32.0078,4096,235.8750,4,47.9268,4065,1
12330,31.9966,32.0078,4096,235.8750,4,47.9268,4066,1
12331,31.9966,32.0078,4096,235.8750,4,47.9268,4066,1
12332,31.9966,32.0078,4096,235.8750,4,47.9268,4066,1
12333,31.9966,32.0078,4096,235.8750,4,47.9268,4067,1
12334,31.9966,32.0078,4096,235.8750,4,47.9268,4067,1
12335,31.9966,32.0078,4096,235.8750,4,47.9268,4067,1
12336,31.9966,32.0078,4096,235.8750,4,47.9268,4068,1
12337,31.9966,32.0078,4096,235.8750,4,47.9268,4068,1
12338,31.9966,32.0078,4096,235.8750,4,47.9268,4068,1
12339,31.9966,32.0078,4096,235.8750,4,47.9268,4069,1
12340,31.9966,32.0078,4096,235.8750,4,47.9268,4069,1
12341,31.9966,32.0078,4096,235.8750,4,47.9268,4070,1
12342,31.9966,32.0078,4096,235.8750,4,47.9268,4070,1
12343,31.9966,32.0078,4096,235.8750,4,47.9268,4070,1
12344,31.9966,32.0078,4096,235.8750,4,47.9268,4070,1
12345,31.9966,32.0078,4096,235.8750,4,47.9268,4070,1
12346,31.9966,32.0078,4096,235.8750,4,47.9268,4070,1
12347,31.9966,32.0078,4096,235.8750,4,47.9268,4070,1
12348,31.9966,32.0078,4096,235.8750,4,47.9268,4070,1
12349,31.9966,32.0078,4096,235.8750,4,47.9268,4070,1
12350,31.9966,32.0078,4096,235.8750,4,47.9268,4071,1
12351,31.9966,32.0078,4096,235.8750,4,47.9268,4071,1
12352,31.9966,32.0078,4096,235.8750,4,47.9268,4071,1
12353,31.9966,32.0078,4096,235.8750,4,47.9268,4071,1
12354,31.9966,32.0078,4096,235.8750,4,47.9268,4071,1
12355,31.9966,32.0078,4096,235.8750,4,47.9268,4071,1
12356,31.9966,32.0078,4096,235.8750,4,47.9268,4071,1
12357,31.9966,32.0078,4096,235.8750,4,47.9268,4071,1
12358,31.9966,32.0078,4096,235.8750,4,47.9268,4071,1
12359,31.9966,32.0078,4096,235.8750,4,47.9268,4071,1
12360,31.9966,32.0078,4096,235.8750,4,47.9268,4072,1
12361,31.9966,32.0078,4096,235.8750,4,47.9268,4072,1
12362,31.9966,32.0078,4096,235.8750,4,47.9268,4072,1
12363,31.9966,32.0078,4096,235.8750,4,47.9268,4072,1
12364,31.9966,32.0078,4096,235.8750,4,47.9268,4072,1
12365,31.9966,32.0078,4096,235.8750,4,47.9268,4072,1
12366,31.9966,32.0078,4096,235.8750,4,47.9268,4072,1
12367,31.9966,32.0078,4096,235.8750,4,47.9268,4072,1
12368,31.9966,32.0078,4096,235.8750,4,47.9268,4072,1
12369,31.9966,32.0078,4096,235.8750,4,47.9268,4073,1
12370,31.9966,32.0078,4096,235.8750,4,47.9268,4073,1
12371,31.9966,32.0078,4096,235.8750,4,47.9268,4073,1
12372,31.9966,32.0078,4096,235.8750,4,47.9268,4074,1
12373,31.9966,32.0078,4096,235.8750,4,47.9268,4074,1
12374,31.9966,32.0078,4096,235.8750,4,47.9268,4075,1
12375,31.9966,32.0078,4096,235.8750,4,47.9268,4075,1
12376,31.9966,32.0078,4096,235.8750,4,47.9268,4075,1
12377,31.9966,32.0078,4096,235.8750,4,47.9268,4076,1
12378,31.9966,32.0078,4096,235.8750,4,47.9268,4076,1
12379,31.9966,32.0078,4096,235.8750,4,47.9268,4076,1
12380,31.9966,32.0078,4096,235.8750,4,47.9268,4076,1
12381,31.9966,32.0078,4096,235.8750,4,47.9268,4077,1
12382,31.9966,32.0078,4096,235.8750,4,47.9268,4077,1
12383,31.9966,32.0078,4096,235.8750,4,47.9268,4078,1
12384,31.9966,32.0078,4096,235.8750,4,47.9268,4079,1
12385,31.9966,32.0078,4096,235.8750,4,47.9268,4080,1
12386,31.9966,32.0078,4096,235.8750,4,47.9268,4080,1
12387,31.9966,32.0078,4096,235.8750,4,47.9268,4080,1
12388,31.9966,32.0078,4096,235.8750,4,47.9268,4080,1
12389,31.9966,32.0078,4096,235.8750,4,47.9268,4081,1
12390,31.9966,32.0078,4096,235.8750,4,47.9268,4081,1
12391,31.9966,32.0078,4096,235.8750,4,47.9268,4081,1
12392,31.9966,32.0078,4096,235.8750,4,47.9268,4081,1
12393,31.9966,32.0078,4096,235.8750,4,47.9268,4081,1
12394,31.9966,32.0078,4096,235.8750,4,47.9268,4081,1
12395,31.9966,32.0078,4096,235.8750,4,47.9268,4081,1
12396,31.9966,32.0078,4096,235.8750,4,47.9268,4081,1
12397,31.9966,32.0078,4096,235.8750,4,47.9268,4081,1
12398,31.9966,32.0078,4096,235.8750,4,47.9268,4081,1
12399,31.9966,32.0078,4096,235.8750,4,47.9268,4081,1
12400,31.9966,32.0078,4096,235.8750,4,47.9268,4081,1
12401,31.9966,32.0078,4096,235.8750,4,47.9268,4081,1
12402,31.9966,32.0078,4096,235.8750,4,47.9268,4082,1
12403,31.9966,32.0078,4096,235.8750,4,47.9268,4082,1
12404,31.9966,32.0078,4096,235.8750,4,47.9268,4083,1
12405,31.9966,32.0078,4096,235.8750,4,47.9268,4083,1
12406,31.9966,32.0078,4096,235.8750,4,47.9268,4084,1
12407,31.9966,32.0078,4096,235.8750,4,47.9268,4084,1
12408,31.9966,32.0078,4096,235.8750,4,47.9268,4085,1
12409,31.9966,32.0078,4096,235.8750,4,47.9268,4085,1
12410,31.9966,32.0078,4096,235.8750,4,47.9268,4085,1
12411,31.9966,32.0078,4096,235.8750,4,47.9268,4085,1
12412,31.9966,32.0078,4096,235.8750,4,47.9268,4086,1
12413,31.9966,32.0078,4096,235.8750,4,47.9268,4087,1
12414,31.9966,32.0078,4096,235.8750,4,47.9268,4087,1
12415,31.9966,32.0078,4096,235.8750,4,47.9268,4087,1
12416,31.9966,32.0078,4096,235.8750,4,47.9268,4087,1
12417,31.9966,32.0078,4096,235.8750,4,47.9268,4088,1
12418,31.9966,32.0078,4096,235.8750,4,47.9268,4088,1
12419,31.9966,32.0078,4096,235.8750,4,47.9268,4088,1
12420,31.9966,32.0078,4096,235.8750,4,47.9268,4088,1
12421,31.9966,32.0078,4096,235.8750,4,47.9268,4089,1
12422,31.9966,32.0078,4096,235.8750,4,47.9268,4089,1
12423,31.9966,32.0078,4096,235.8750,4,47.9268,4089,1
12424,31.9966,32.0078,4096,235.8750,4,47.9268,4089,1
12425,31.9966,32.0078,4096,235.8750,4,47.9268,4089,1
12426,31.9966,32.0078,4096,235.8750,4,47.9268,4089,1
12427,31.9966,32.0078,4096,235.8750,4,47.9268,4090,1
12428,31.9966,32.0078,4096,235.8750,4,47.9268,4091,1
12429,31.9966,32.0078,4096,235.8750,4,47.9268,4091,1
12430,31.9966,32.0078,4096,235.8750,4,47.9268,4091,1
12431,31.9966,32.0078,4096,235.8750,4,47.9268,4091,1
12432,31.9966,32.0078,4096,235.8750,4,47.9268,4091,1
12433,31.9966,32.0078,4096,235.8750,4,47.9268,4091,1
12434,31.9966,32.0078,4096,235.8750,4,47.9268,4091,1
12435,31.9966,32.0078,4096,235.8750,4,47.9268,4091,1
12436,31.9966,32.0078,4096,235.8750,4,47.9268,4092,1
12437,31.9966,32.0078,4096,235.8750,4,47.9268,4093,1
12438,31.9966,32.0078,4096,235.8750,4,47.9268,4093,1
12439,31.9966,32.0078,4096,235.8750,4,47.9268,4093,1
12440,31.9966,32.0078,4096,235.8750,4,47.9268,4093,1
12441,31.9966,32.0078,4096,235.8750,4,47.9268,4093,1
12442,31.9966,32.0078,4096,235.8750,4,47.9268,4093,1
12443,31.9966,32.0078,4096,235.8750,4,47.9268,4094,1
12444,31.9966,32.0078,4096,235.8750,4,47.9268,4094,1
12445,31.9966,32.0078,4096,235.8750,4,47.9268,4094,1
12446,31.9966,32.0078,4096,235.8750,4,47.9268,4094,1
12447,31.9966,32.0078,4096,235.8750,4,47.9268,4094,1
12448,31.9966,32.0078,4096,235.8750,4,47.9268,4094,1
12449,31.9966,32.0078,4096,235.8750,4,47.9268,4094,1
12450,31.9966,32.0078,4096,235.8750,4,47.9268,4094,1
12451,31.9966,32.0078,4096,235.8750,4,47.9268,4094,1
12452,31.9966,32.0078,4096,235.8750,4,47.9268,4095,1
12453,31.9966,32.0078,4096,235.8750,4,47.9268,4095,1
12454,31.9966,32.0078,4096,235.8750,4,47.9268,4095,1
12455,31.9966,32.0078,4096,235.8750,4,47.9268,4095,1
12456,31.9966,32.0078,4096,235.8750,4,47.9268,4095,1
12457,31.9966,32.0078,4096,235.8750,4,47.9268,4096,1
12458,31.9966,32.0078,4096,235.8750,4,47.9268,4096,1
12459,31.9966,32.0078,4096,235.8750,4,47.9268,4096,1
12460,31.9966,32.0078,4096,235.8750,4,47.9268,4096,1
12461,31.9966,32.0078,4096,235.8750,4,47.9268,4096,1
12462,31.9966,32.0078,4096,235.8750,4,47.9268,4096,1
12463,31.9966,32.0078,4096,235.8750,4,47.9268,4096,1
12464,31.9966,32.0078,4096,235.8750,4,47.9268,4096,1
12465,31.9966,32.0078,4096,235.8750,4,47.9268,4096,1
12466,31.9966,32.0078,4096,235.8750,4,47.9268,4096,1
12467,31.9966,32.0078,4096,235.8750,4,47.9268,4096,1
12468,31.9966,32.0078,4096,235.8750,4,47.9268,4097,1
12469,31.9966,32.0078,4096,235.8750,4,47.9268,4097,1
12470,31.9966,32.0078,4096,235.8750,4,47.9268,4097,1
12471,31.9966,32.0078,4096,235.8750,4,47.9268,4097,1
12472,31.9966,32.0078,4096,235.8750,4,47.9268,4098,1
12473,31.9966,32.0078,4096,235.8750,4,47.9268,4099,1
12474,31.9966,32.0078,4096,235.8750,4,47.9268,4099,1
12475,31.9966,32.0078,4096,235.8750,4,47.9268,4099,1
12476,31.9966,32.0078,4096,235.8750,4,47.9268,4099,1
12477,31.9966,32.0078,4096,235.8750,4,47.9268,4099,1
12478,31.9966,32.0078,4096,235.8750,4,47.9268,4100,1
12479,31.9966,32.0078,4096,235.8750,4,47.9268,4100,1
12480,31.9966,32.0078,4096,235.8750,4,47.9268,4100,1
12481,31.9966,32.0078,4096,235.8750,4,47.9268,4101,1
12482,31.9966,32.0078,4096,235.8750,4,47.9268,4101,1
12483,31.9966,32.0078,4096,235.8750,4,47.9268,4101,1
12484,31.9966,32.0078,4096,235.8750,4,47.9268,4101,1
12485,31.9966,32.0078,4096,235.8750,4,47.9268,4101,1
12486,31.9966,32.0078,4096,235.8750,4,47.9268,4101,1
12487,31.9966,32.0078,4096,235.8750,4,47.9268,4101,1
12488,31.9966,32.0078,4096,235.8750,4,47.9268,4101,1
12489,31.9966,32.0078,4096,235.8750,4,47.9268,4101,1
12490,31.9966,32.0078,4096,235.8750,4,47.9268,4101,1
12491,31.9966,32.0078,4096,235.8750,4,47.9268,4101,1
12492,31.9966,32.0078,4096,235.8750,4,47.9268,4101,1
12493,31.9966,32.0078,4096,235.8750,4,47.9268,4102,1
12494,31.9966,32.0078,4096,235.8750,4,47.9268,4102,1
12495,31.9966,32.0078,4096,235.8750,4,47.9268,4102,1
12496,31.9966,32.0078,4096,235.8750,4,47.9268,4102,1
12497,31.9966,32.0078,4096,235.8750,4,47.9268,4102,1
12498,31.9966,32.0078,4096,235.8750,4,47.9268,4103,1
12499,31.9966,32.0078,4096,235.8750,4,47.9268,4104,1
12500,31.9966,32.0078,4096,235.8750,4,47.9268,4104,1
12501,31.9966,32.0078,4096,235.8750,4,47.9268,4104,1
12502,31.9966,32.0078,4096,235.8750,4,47.9268,4105,1
12503,31.9966,32.0078,4096,235.8750,4,47.9268,4105,1
12504,31.9966,32.0078,4096,235.8750,4,47.9268,4105,1
12505,31.9966,32.0078,4096,235.8750,4,47.9268,4105,1
12506,31.9966,32.0078,4096,235.8750,4,47.9268,4106,1
12507,31.9966,32.0078,4096,235.8750,4,47.9268,4106,1
12508,31.9966,32.0078,4096,235.8750,4,47.9268,4106,1
12509,31.9966,32.0078,4096,235.8750,4,47.9268,4107,1
12510,31.9966,32.0078,4096,235.8750,4,47.9268,4107,1
12511,31.9966,32.0078,4096,235.8750,4,47.9268,4107,1
12512,31.9966,32.0078,4096,235.8750,4,47.9268,4108,1
12513,31.9966,32.0078,4096,235.8750,4,47.9268,4108,1
12514,31.9966,32.0078,4096,235.8750,4,47.9268,4109,1
12515,31.9966,32.0078,4096,235.8750,4,47.9268,4109,1
12516,31.9966,32.0078,4096,235.8750,4,47.9268,4110,1
12517,31.9966,32.0078,4096,235.8750,4,47.9268,4111,1
12518,31.9966,32.0078,4096,235.8750,4,47.9268,4112,1
12519,31.9966,32.0078,4096,235.8750,4,47.9268,4112,1
12520,31.9966,32.0078,4096,235.8750,4,47.9268,4112,1
12521,31.9966,32.0078,4096,235.8750,4,47.9268,4112,1
12522,31.9966,32.0078,4096,235.8750,4,47.9268,4112,1
12523,31.9966,32.0078,4096,235.8750,4,47.9268,4112,1
12524,31.9966,32.0078,4096,235.8750,4,47.9268,4112,1
12525,31.9966,32.0078,4096,235.8750,4,47.9268,4112,1
12526,31.9966,32.0078,4096,235.8750,4,47.9268,4113,1
12527,31.9966,32.0078,4096,235.8750,4,47.9268,4114,1
12528,31.9966,32.0078,4096,235.8750,4,47.9268,4115,1
12529,31.9966,32.0078,4096,235.8750,4,47.9268,4115,1
12530,31.9966,32.0078,4096,235.8750,4,47.9268,4116,1
12531,31.9966,32.0078,4096,235.8750,4,47.9268,4116,1
12532,31.9966,32.0078,4096,235.8750,4,47.9268,4116,1
12533,31.9966,32.0078,4096,235.8750,4,47.9268,4116,1
12534,31.9966,32.0078,4096,235.8750,4,47.9268,4116,1
12535,31.9966,32.0078,4096,235.8750,4,47.9268,4116,1
12536,31.9966,32.0078,4096,235.8750,4,47.9268,4116,1
12537,31.9966,32.0078,4096,235.8750,4,47.9268,4116,1
12538,31.9966,32.0078,4096,235.8750,4,47.9268,4116,1
12539,31.9966,32.0078,4096,235.8750,4,47.9268,4116,1
12540,31.9966,32.0078,4096,235.8750,4,47.9268,4117,1
12541,31.9966,32.0078,4096,235.8750,4,47.9268,4117,1
12542,31.9966,32.0078,4096,235.8750,4,47.9268,4117,1
12543,31.9966,32.0078,4096,235.8750,4,47.9268,4118,1
12544,31.9966,32.0078,4096,235.8750,4,47.9268,4118,1
12545,31.9966,32.0078,4096,235.8750,4,47.9268,4118,1
12546,31.9966,32.0078,4096,235.8750,4,47.9268,4119,1
12547,31.9966,32.0078,4096,235.8750,4,47.9268,4119,1
12548,31.9966,32.0078,4096,235.8750,4,47.9268,4119,1
12549,31.9966,32.0078,4096,235.8750,4,47.9268,4119,1
12550,31.9966,32.0078,4096,235.8750,4,47.9268,4119,1
12551,31.9966,32.0078,4096,235.8750,4,47.9268,4119,1
12552,31.9966,32.0078,4096,235.8750,4,47.9268,4120,1
12553,31.9966,32.0078,4096,235.8750,4,47.9268,4120,1
12554,31.9966,32.0078,4096,235.8750,4,47.9268,4120,1
12555,31.9966,32.0078,4096,235.8750,4,47.9268,4120,1
12556,31.9966,32.0078,4096,235.8750,4,47.9268,4120,1
12557,31.9966,32.0078,4096,235.8750,4,47.9268,4120,1
12558,31.9966,32.0078,4096,235.8750,4,47.9268,4120,1
12559,31.9966,32.0078,4096,235.8750,4,47.9268,4120,1
12560,31.9966,32.0078,4096,235.8750,4,47.9268,4121,1
12561,31.9966,32.0078,4096,235.8750,4,47.9268,4122,1
12562,31.9966,32.0078,4096,235.8750,4,47.9268,4123,1
12563,31.9966,32.0078,4096,235.8750,4,47.9268,4123,1
12564,31.9966,32.0078,4096,235.8750,4,47.9268,4123,1
12565,31.9966,32.0078,4096,235.8750,4,47.9268,4124,1
12566,31.9966,32.0078,4096,235.8750,4,47.9268,4124,1
12567,31.9966,32.0078,4096,235.8750,4,47.9268,4124,1
12568,31.9966,32.0078,4096,235.8750,4,47.9268,4124,1
12569,31.9966,32.0078,4096,235.8750,4,47.9268,4124,1
12570,31.9966,32.0078,4096,235.8750,4,47.9268,4124,1
12571,31.9966,32.0078,4096,235.8750,4,47.9268,4124,1
12572,31.9966,32.0078,4096,235.8750,4,47.9268,4124,1
12573,31.9966,32.0078,4096,235.8750,4,47.9268,4124,1
12574,31.9966,32.0078,4096,235.8750,4,47.9268,4125,1
12575,31.9966,32.0078,4096,235.8750,4,47.9268,4126,1
12576,31.9966,32.0078,4096,235.8750,4,47.9268,4126,1
12577,31.9966,32.0078,4096,235.8750,4,47.9268,4126,1
12578,31.9966,32.0078,4096,235.8750,4,47.9268,4127,1
12579,31.9966,32.0078,4096,235.8750,4,47.9268,4127,1
12580,31.9966,32.0078,4096,235.8750,4,47.9268,4128,1
12581,31.9966,32.0078,4096,235.8750,4,47.9268,4128,1
12582,31.9966,32.0078,4096,235.8750,4,47.9268,4128,1
12583,31.9966,32.0078,4096,235.8750,4,47.9268,4128,1
12584,31.9966,32.0078,4096,235.8750,4,47.9268,4128,1
12585,31.9966,32.0078,4096,235.8750,4,47.9268,4129,1
12586,31.9966,32.0078,4096,235.8750,4,47.9268,4129,1
12587,31.9966,32.0078,4096,235.8750,4,47.9268,4129,1
12588,31.9966,32.0078,4096,235.8750,4,47.9268,4130,1
12589,31.9966,32.0078,4096,235.8750,4,47.9268,4130,1
12590,31.9966,32.0078,4096,235.8750,4,47.9268,4130,1
12591,31.9966,32.0078,4096,235.8750,4,47.9268,4131,1
12592,31.9966,32.0078,4096,235.8750,4,47.9268,4131,1
12593,31.9966,32.0078,4096,235.8750,4,47.9268,4131,1
12594,31.9966,32.0078,4096,235.8750,4,47.9268,4131,1
12595,31.9966,32.0078,4096,235.8750,4,47.9268,4131,1
12596,31.9966,32.0078,4096,235.8750,4,47.9268,4132,1
12597,31.9966,32.0078,4096,235.8750,4,47.9268,4132,1
12598,31.9966,32.0078,4096,235.8750,4,47.9268,4132,1
12599,31.9966,32.0078,4096,235.8750,4,47.9268,4132,1
12600,31.9966,32.0078,4096,235.8750,4,47.9268,4132,1
12601,31.9966,32.0078,4096,235.8750,4,47.9268,4132,1
12602,31.9966,32.0078,4096,235.8750,4,47.9268,4132,1
12603,31.9966,32.0078,4096,235.8750,4,47.9268,4132,1
12604,31.9966,32.0078,4096,235.8750,4,47.9268,4132,1
12605,31.9966,32.0078,4096,235.8750,4,47.9268,4133,1
12606,31.9966,32.0078,4096,235.8750,4,47.9268,4133,1
12607,31.9966,32.0078,4096,235.8750,4,47.9268,4134,1
12608,31.9966,32.0078,4096,235.8750,4,47.9268,4134,1
12609,31.9966,32.0078,4096,235.8750,4,47.9268,4135,1
12610,31.9966,32.0078,4096,235.8750,4,47.9268,4136,1
12611,31.9966,32.0078,4096,235.8750,4,47.9268,4136,1
12612,31.9966,32.0078,4096,235.8750,4,47.9268,4136,1
12613,31.9966,32.0078,4096,235.8750,4,47.9268,4137,1
12614,31.9966,32.0078,4096,235.8750,4,47.9268,4137,1
12615,31.9966,32.0078,4096,235.8750,4,47.9268,4138,1
12616,31.9966,32.0078,4096,235.8750,4,47.9268,4139,1
12617,31.9966,32.0078,4096,235.8750,4,47.9268,4140,1
12618,31.9966,32.0078,4096,235.8750,4,47.9268,4140,1
12619,31.9966,32.0078,4096,235.8750,4,47.9268,4140,1
12620,31.9966,32.0078,4096,235.8750,4,47.9268,4141,1
12621,31.9966,32.0078,4096,235.8750,4,47.9268,4142,1
12622,31.9966,32.0078,4096,235.8750,4,47.9268,4142,1
12623,31.9966,32.0078,4096,235.8750,4,47.9268,4142,1
12624,31.9966,32.0078,4096,235.8750,4,47.9268,4143,1
12625,31.9966,32.0078,4096,235.8750,4,47.9268,4143,1
12626,31.9966,32.0078,4096,235.8750,4,47.9268,4144,1
12627,31.9966,32.0078,4096,235.8750,4,47.9268,4145,1
12628,31.9966,32.0078,4096,235.8750,4,47.9268,4145,1
12629,31.9966,32.0078,4096,235.8750,4,47.9268,4145,1
12630,31.9966,32.0078,4096,235.8750,4,47.9268,4145,1
12631,31.9966,32.0078,4096,235.8750,4,47.9268,4145,1
12632,31.9966,32.0078,4096,235.8750,4,47.9268,4145,1
12633,31.9966,32.0078,4096,235.8750,4,47.9268,4145,1
12634,31.9966,32.0078,4096,235.8750,4,47.9268,4145,1
12635,31.9966,32.0078,4096,235.8750,4,47.9268,4145,1
12636,31.9966,32.0078,4096,235.8750,4,47.9268,4145,1
12637,31.9966,32.0078,4096,235.8750,4,47.9268,4145,1
12638,31.9966,32.0078,4096,235.8750,4,47.9268,4145,1
12639,31.9966,32.0078,4096,235.8750,4,47.9268,4145,1
12640,31.9966,32.0078,4096,235.8750,4,47.9268,4145,1
12641,31.9966,32.0078,4096,235.8750,4,47.9268,4146,1
12642,31.9966,32.0078,4096,235.8750,4,47.9268,4147,1
12643,31.9966,32.0078,4096,235.8750,4,47.9268,4147,1
12644,31.9966,32.0078,4096,235.8750,4,47.9268,4147,1
12645,31.9966,32.0078,4096,235.8750,4,47.9268,4147,1
12646,31.9966,32.0078,4096,235.8750,4,47.9268,4147,1
12647,31.9966,32.0078,4096,235.8750,4,47.9268,4147,1
12648,31.9966,32.0078,4096,235.8750,4,47.9268,4147,1
12649,31.9966,32.0078,4096,235.8750,4,47.9268,4147,1
12650,31.9966,32.0078,4096,235.8750,4,47.9268,4147,1
12651,31.9966,32.0078,4096,235.8750,4,47.9268,4147,1
12652,31.9966,32.0078,4096,235.8750,4,47.9268,4148,1
12653,31.9966,32.0078,4096,235.8750,4,47.9268,4149,1
12654,31.9966,32.0078,4096,235.8750,4,47.9268,4150,1
12655,31.9966,32.0078,4096,235.8750,4,47.9268,4150,1
12656,31.9966,32.0078,4096,235.8750,4,47.9268,4150,1
12657,31.9966,32.0078,4096,235.8750,4,47.9268,4150,1
12658,31.9966,32.0078,4096,235.8750,4,47.9268,4151,1
12659,31.9966,32.0078,4096,235.8750,4,47.9268,4151,1
12660,31.9966,32.0078,4096,235.8750,4,47.9268,4151,1
12661,31.9966,32.0078,4096,235.8750,4,47.9268,4151,1
12662,31.9966,32.0078,4096,235.8750,4,47.9268,4151,1
12663,31.9966,32.0078,4096,235.8750,4,47.9268,4151,1
12664,31.9966,32.0078,4096,235.8750,4,47.9268,4151,1
12665,31.9966,32.0078,4096,235.8750,4,47.9268,4151,1
12666,31.9966,32.0078,4096,235.8750,4,47.9268,4152,1
12667,31.9966,32.0078,4096,235.8750,4,47.9268,4152,1
12668,31.9966,32.0078,4096,235.8750,4,47.9268,4152,1
12669,31.9966,32.0078,4096,235.8750,4,47.9268,4152,1
12670,31.9966,32.0078,4096,235.8750,4,47.9268,4152,1
12671,31.9966,32.0078,4096,235.8750,4,47.9268,4152,1
12672,31.9966,32.0078,4096,235.8750,4,47.9268,4152,1
12673,31.9966,32.0078,4096,235.8750,4,47.9268,4152,1
12674,31.9966,32.0078,4096,235.8750,4,47.9268,4152,1
12675,31.9966,32.0078,4096,235.8750,4,47.9268,4153,1
12676,31.9966,32.0078,4096,235.8750,4,47.9268,4153,1
12677,31.9966,32.0078,4096,235.8750,4,47.9268,4153,1
12678,31.9966,32.0078,4096,235.8750,4,47.9268,4153,1
12679,31.9966,32.0078,4096,235.8750,4,47.9268,4153,1
12680,31.9966,32.0078,4096,235.8750,4,47.9268,4153,1
12681,31.9966,32.0078,4096,235.8750,4,47.9268,4153,1
12682,31.9966,32.0078,4096,235.8750,4,47.9268,4154,1
12683,31.9966,32.0078,4096,235.8750,4,47.9268,4154,1
12684,31.9966,32.0078,4096,235.8750,4,47.9268,4154,1
12685,31.9966,32.0078,4096,235.8750,4,47.9268,4154,1
12686,31.9966,32.0078,4096,235.8750,4,47.9268,4154,1
12687,31.9966,32.0078,4096,235.8750,4,47.9268,4154,1
12688,31.9966,32.0078,4096,235.8750,4,47.9268,4154,1
12689,31.9966,32.0078,4096,235.8750,4,47.9268,4154,1
12690,31.9966,32.0078,4096,235.8750,4,47.9268,4154,1
12691,31.9966,32.0078,4096,235.8750,4,47.9268,4154,1
12692,31.9966,32.0078,4096,235.8750,4,47.9268,4154,1
12693,31.9966,32.0078,4096,235.8750,4,47.9268,4154,1
12694,31.9966,32.0078,4096,235.8750,4,47.9268,4155,1
12695,31.9966,32.0078,4096,235.8750,4,47.9268,4155,1
12696,31.9966,32.0078,4096,235.8750,4,47.9268,4156,1
12697,31.9966,32.0078,4096,235.8750,4,47.9268,4157,1
12698,31.9966,32.0078,4096,235.8750,4,47.9268,4158,1
12699,31.9966,32.0078,4096,235.8750,4,47.9268,4158,1
12700,31.9966,32.0078,4096,235.8750,4,47.9268,4158,1
12701,31.9966,32.0078,4096,235.8750,4,47.9268,4158,1
12702,31.9966,32.0078,4096,235.8750,4,47.9268,4158,1
12703,31.9966,32.0078,4096,235.8750,4,47.9268,4159,1
12704,31.9966,32.0078,4096,235.8750,4,47.9268,4159,1
12705,31.9966,32.0078,4096,235.8750,4,47.9268,4160,1
12706,31.9966,32.0078,4096,235.8750,4,47.9268,4160,1
12707,31.9966,32.0078,4096,235.8750,4,47.9268,4160,1
12708,31.9966,32.0078,4096,235.8750,4,47.9268,4160,1
12709,31.9966,32.0078,4096,235.8750,4,47.9268,4160,1
12710,31.9966,32.0078,4096,235.8750,4,47.9268,4160,1
12711,31.9966,32.0078,4096,235.8750,4,47.9268,4161,1
12712,31.9966,32.0078,4096,235.8750,4,47.9268,4161,1
12713,31.9966,32.0078,4096,235.8750,4,47.9268,4161,1
12714,31.9966,32.0078,4096,235.8750,4,47.9268,4161,1
12715,31.9966,32.0078,4096,235.8750,4,47.9268,4161,1
12716,31.9966,32.0078,4096,235.8750,4,47.9268,4161,1
12717,31.9966,32.0078,4096,235.8750,4,47.9268,4161,1
12718,31.9966,32.0078,4096,235.8750,4,47.9268,4161,1
12719,31.9966,32.0078,4096,235.8750,4,47.9268,4161,1
12720,31.9966,32.0078,4096,235.8750,4,47.9268,4162,1
12721,31.9966,32.0078,4096,235.8750,4,47.9268,4162,1
12722,31.9966,32.0078,4096,235.8750,4,47.9268,4162,1
12723,31.9966,32.0078,4096,235.8750,4,47.9268,4163,1
12724,31.9966,32.0078,4096,235.8750,4,47.9268,4163,1
12725,31.9966,32.0078,4096,235.8750,4,47.9268,4163,1
12726,31.9966,32.0078,4096,235.8750,4,47.9268,4164,1
12727,31.9966,32.0078,4096,235.8750,4,47.9268,4165,1
12728,31.9966,32.0078,4096,235.8750,4,47.9268,4165,1
12729,31.9966,32.0078,4096,235.8750,4,47.9268,4165,1
12730,31.9966,32.0078,4096,235.8750,4,47.9268,4165,1
12731,31.9966,32.0078,4096,235.8750,4,47.9268,4165,1
12732,31.9966,32.0078,4096,235.8750,4,47.9268,4165,1
12733,31.9966,32.0078,4096,235.8750,4,47.9268,4165,1
12734,31.9966,32.0078,4096,235.8750,4,47.9268,4166,1
12735,31.9966,32.0078,4096,235.8750,4,47.9268,4166,1
12736,31.9966,32.0078,4096,235.8750,4,47.9268,4167,1
12737,31.9966,32.0078,4096,235.8750,4,47.9268,4167,1
12738,31.9966,32.0078,4096,235.8750,4,47.9268,4167,1
12739,31.9966,32.0078,4096,235.8750,4,47.9268,4167,1
12740,31.9966,32.0078,4096,235.8750,4,47.9268,4167,1
12741,31.9966,32.0078,4096,235.8750,4,47.9268,4167,1
12742,31.9966,32.0078,4096,235.8750,4,47.9268,4168,1
12743,31.9966,32.0078,4096,235.8750,4,47.9268,4169,1
12744,31.9966,32.0078,4096,235.8750,4,47.9268,4169,1
12745,31.9966,32.0078,4096,235.8750,4,47.9268,4169,1
12746,31.9966,32.0078,4096,235.8750,4,47.9268,4169,1
12747,31.9966,32.0078,4096,235.8750,4,47.9268,4170,1
12748,31.9966,32.0078,4096,235.8750,4,47.9268,4170,1
12749,31.9966,32.0078,4096,235.8750,4,47.9268,4170,1
12750,31.9966,32.0078,4096,235.8750,4,47.9268,4170,1
12751,31.9966,32.0078,4096,235.8750,4,47.9268,4171,1
12752,31.9966,32.0078,4096,235.8750,4,47.9268,4171,1
12753,31.9966,32.0078,4096,235.8750,4,47.9268,4172,1
12754,31.9966,32.0078,4096,235.8750,4,47.9268,4173,1
12755,31.9966,32.0078,4096,235.8750,4,47.9268,4174,1
12756,31.9966,32.0078,4096,235.8750,4,47.9268,4174,1
12757,31.9966,32.0078,4096,235.8750,4,47.9268,4174,1
12758,31.9966,32.0078,4096,235.8750,4,47.9268,4174,1
12759,31.9966,32.0078,4096,235.8750,4,47.9268,4174,1
12760,31.9966,32.0078,4096,235.8750,4,47.9268,4174,1
12761,31.9966,32.0078,4096,235.8750,4,47.9268,4174,1
12762,31.9966,32.0078,4096,235.8750,4,47.9268,4174,1
12763,31.9966,32.0078,4096,235.8750,4,47.9268,4174,1
12764,31.9966,32.0078,4096,235.8750,4,47.9268,4175,1
12765,31.9966,32.0078,4096,235.8750,4,47.9268,4176,1
12766,31.9966,32.0078,4096,235.8750,4,47.9268,4176,1
12767,31.9966,32.0078,4096,235.8750,4,47.9268,4176,1
12768,31.9966,32.0078,4096,235.8750,4,47.9268,4177,1
12769,31.9966,32.0078,4096,235.8750,4,47.9268,4177,1
12770,31.9966,32.0078,4096,235.8750,4,47.9268,4177,1
12771,31.9966,32.0078,4096,235.8750,4,47.9268,4177,1
12772,31.9966,32.0078,4096,235.8750,4,47.9268,4177,1
12773,31.9966,32.0078,4096,235.8750,4,47.9268,4177,1
12774,31.9966,32.0078,4096,235.8750,4,47.9268,4178,1
12775,31.9966,32.0078,4096,235.8750,4,47.9268,4178,1
12776,31.9966,32.0078,4096,235.8750,4,47.9268,4178,1
12777,31.9966,32.0078,4096,235.8750,4,47.9268,4178,1
12778,31.9966,32.0078,4096,235.8750,4,47.9268,4178,1
12779,31.9966,32.0078,4096,235.8750,4,47.9268,4179,1
12780,31.9966,32.0078,4096,235.8750,4,47.9268,4179,1
12781,31.9966,32.0078,4096,235.8750,4,47.9268,4179,1
12782,31.9966,32.0078,4096,235.8750,4,47.9268,4179,1
12783,31.9966,32.0078,4096,235.8750,4,47.9268,4179,1
12784,31.9966,32.0078,4096,235.8750,4,47.9268,4179,1
12785,31.9966,32.0078,4096,235.8750,4,47.9268,4179,1
12786,31.9966,32.0078,4096,235.8750,4,47.9268,4179,1
12787,31.9966,32.0078,4096,235.8750,4,47.9268,4179,1
12788,31.9966,32.0078,4096,235.8750,4,47.9268,4179,1
12789,31.9966,32.0078,4096,235.8750,4,47.9268,4179,1
12790,31.9966,32.0078,4096,235.8750,4,47.9268,4180,1
12791,31.9966,32.0078,4096,235.8750,4,47.9268,4180,1
12792,31.9966,32.0078,4096,235.8750,4,47.9268,4180,1
12793,31.9966,32.0078,4096,235.8750,4,47.9268,4180,1
12794,31.9966,32.0078,4096,235.8750,4,47.9268,4180,1
12795,31.9966,32.0078,4096,235.8750,4,47.9268,4180,1
12796,31.9966,32.0078,4096,235.8750,4,47.9268,4180,1
12797,31.9966,32.0078,4096,235.8750,4,47.9268,4180,1
12798,31.9966,32.0078,4096,235.8750,4,47.9268,4180,1
12799,31.9966,32.0078,4096,235.8750,4,47.9268,4180,1
12800,31.9966,32.0078,4096,235.8750,4,47.9268,4181,1
12801,31.9966,32.0078,4096,235.8750,4,47.9268,4181,1
12802,31.9966,32.0078,4096,235.8750,4,47.9268,4181,1
12803,31.9966,32.0078,4096,235.8750,4,47.9268,4181,1
12804,31.9966,32.0078,4096,235.8750,4,47.9268,4182,1
12805,31.9966,32.0078,4096,235.8750,4,47.9268,4182,1
12806,31.9966,32.0078,4096,235.8750,4,47.9268,4182,1
12807,31.9966,32.0078,4096,235.8750,4,47.9268,4182,1
12808,31.9966,32.0078,4096,235.8750,4,47.9268,4182,1
12809,31.9966,32.0078,4096,235.8750,4,47.9268,4182,1
12810,31.9966,32.0078,4096,235.8750,4,47.9268,4183,1
12811,31.9966,32.0078,4096,235.8750,4,47.9268,4183,1
12812,31.9966,32.0078,4096,235.8750,4,47.9268,4183,1
12813,31.9966,32.0078,4096,235.8750,4,47.9268,4183,1
12814,31.9966,32.0078,4096,235.8750,4,47.9268,4183,1
12815,31.9966,32.0078,4096,235.8750,4,47.9268,4184,1
12816,31.9966,32.0078,4096,235.8750,4,47.9268,4184,1
12817,31.9966,32.0078,4096,235.8750,4,47.9268,4184,1
12818,31.9966,32.0078,4096,235.8750,4,47.9268,4184,1
12819,31.9966,32.0078,4096,235.8750,4,47.9268,4184,1
12820,31.9966,32.0078,4096,235.8750,4,47.9268,4184,1
12821,31.9966,32.0078,4096,235.8750,4,47.9268,4184,1
12822,31.9966,32.0078,4096,235.8750,4,47.9268,4184,1
12823,31.9966,32.0078,4096,235.8750,4,47.9268,4184,1
12824,31.9966,32.0078,4096,235.8750,4,47.9268,4185,1
12825,31.9966,32.0078,4096,235.8750,4,47.9268,4185,1
12826,31.9966,32.0078,4096,235.8750,4,47.9268,4186,1
12827,31.9966,32.0078,4096,235.8750,4,47.9268,4187,1
12828,31.9966,32.0078,4096,235.8750,4,47.9268,4187,1
12829,31.9966,32.0078,4096,235.8750,4,47.9268,4188,1
12830,31.9966,32.0078,4096,235.8750,4,47.9268,4189,1
12831,31.9966,32.0078,4096,235.8750,4,47.9268,4190,1
12832,31.9966,32.0078,4096,235.8750,4,47.9268,4190,1
12833,31.9966,32.0078,4096,235.8750,4,47.9268,4190,1
12834,31.9966,32.0078,4096,235.8750,4,47.9268,4191,1
12835,31.9966,32.0078,4096,235.8750,4,47.9268,4192,1
12836,31.9966,32.0078,4096,235.8750,4,47.9268,4192,1
12837,31.9966,32.0078,4096,235.8750,4,47.9268,4192,1
12838,31.9966,32.0078,4096,235.8750,4,47.9268,4193,1
12839,31.9966,32.0078,4096,235.8750,4,47.9268,4193,1
12840,31.9966,32.0078,4096,235.8750,4,47.9268,4193,1
12841,31.9966,32.0078,4096,235.8750,4,47.9268,4193,1
12842,31.9966,32.0078,4096,235.8750,4,47.9268,4193,1
12843,31.9966,32.0078,4096,235.8750,4,47.9268,4194,1
12844,31.9966,32.0078,4096,235.8750,4,47.9268,4194,1
12845,31.9966,32.0078,4096,235.8750,4,47.9268,4194,1
12846,31.9966,32.0078,4096,235.8750,4,47.9268,4194,1
12847,31.9966,32.0078,4096,235.8750,4,47.9268,4194,1
12848,31.9966,32.0078,4096,235.8750,4,47.9268,4194,1
12849,31.9966,32.0078,4096,235.8750,4,47.9268,4195,1
12850,31.9966,32.0078,4096,235.8750,4,47.9268,4195,1
12851,31.9966,32.0078,4096,235.8750,4,47.9268,4195,1
12852,31.9966,32.0078,4096,235.8750,4,47.9268,4196,1
12853,31.9966,32.0078,4096,235.8750,4,47.9268,4196,1
12854,31.9966,32.0078,4096,235.8750,4,47.9268,4196,1
12855,31.9966,32.0078,4096,235.8750,4,47.9268,4197,1
12856,31.9966,32.0078,4096,235.8750,4,47.9268,4197,1
12857,31.9966,32.0078,4096,235.8750,4,47.9268,4197,1
12858,31.9966,32.0078,4096,235.8750,4,47.9268,4197,1
12859,31.9966,32.0078,4096,235.8750,4,47.9268,4197,1
12860,31.9966,32.0078,4096,235.8750,4,47.9268,4197,1
12861,31.9966,32.0078,4096,235.8750,4,47.9268,4198,1
12862,31.9966,32.0078,4096,235.8750,4,47.9268,4198,1
12863,31.9966,32.0078,4096,235.8750,4,47.9268,4199,1
12864,31.9966,32.0078,4096,235.8750,4,47.9268,4199,1
12865,31.9966,32.0078,4096,235.8750,4,47.9268,4199,1
12866,31.9966,32.0078,4096,235.8750,4,47.9268,4199,1
12867,31.9966,32.0078,4096,235.8750,4,47.9268,4199,1
12868,31.9966,32.0078,4096,235.8750,4,47.9268,4200,1
12869,31.9966,32.0078,4096,235.8750,4,47.9268,4201,1
12870,31.9966,32.0078,4096,235.8750,4,47.9268,4201,1
12871,31.9966,32.0078,4096,235.8750,4,47.9268,4201,1
12872,31.9966,32.0078,4096,235.8750,4,47.9268,4202,1
12873,31.9966,32.0078,4096,235.8750,4,47.9268,4203,1
12874,31.9966,32.0078,4096,235.8750,4,47.9268,4203,1
12875,31.9966,32.0078,4096,235.8750,4,47.9268,4203,1
12876,31.9966,32.0078,4096,235.8750,4,47.9268,4203,1
12877,31.9966,32.0078,4096,235.8750,4,47.9268,4203,1
12878,31.9966,32.0078,4096,235.8750,4,47.9268,4203,1
12879,31.9966,32.0078,4096,235.8750,4,47.9268,4203,1
12880,31.9966,32.0078,4096,235.8750,4,47.9268,4203,1
12881,31.9966,32.0078,4096,235.8750,4,47.9268,4203,1
12882,31.9966,32.0078,4096,235.8750,4,47.9268,4203,1
12883,31.9966,32.0078,4096,235.8750,4,47.9268,4203,1
12884,31.9966,32.0078,4096,235.8750,4,47.9268,4203,1
12885,31.9966,32.0078,4096,235.8750,4,47.9268,4203,1
12886,31.9966,32.0078,4096,235.8750,4,47.9268,4203,1
12887,31.9966,32.0078,4096,235.8750,4,47.9268,4204,1
12888,31.9966,32.0078,4096,235.8750,4,47.9268,4205,1
12889,31.9966,32.0078,4096,235.8750,4,47.9268,4205,1
12890,31.9966,32.0078,4096,235.8750,4,47.9268,4205,1
12891,31.9966,32.0078,4096,235.8750,4,47.9268,4205,1
12892,31.9966,32.0078,4096,235.8750,4,47.9268,4205,1
12893,31.9966,32.0078,4096,235.8750,4,47.9268,4205,1
12894,31.9966,32.0078,4096,235.8750,4,47.9268,4206,1
12895,31.9966,32.0078,4096,235.8750,4,47.9268,4206,1
12896,31.9966,32.0078,4096,235.8750,4,47.9268,4206,1
12897,31.9966,32.0078,4096,235.8750,4,47.9268,4206,1
12898,31.9966,32.0078,4096,235.8750,4,47.9268,4206,1
12899,31.9966,32.0078,4096,235.8750,4,47.9268,4207,1
12900,31.9966,32.0078,4096,235.8750,4,47.9268,4207,1
12901,31.9966,32.0078,4096,235.8750,4,47.9268,4207,1
12902,31.9966,32.0078,4096,235.8750,4,47.9268,4208,1
12903,31.9966,32.0078,4096,235.8750,4,47.9268,4208,1
12904,31.9966,32.0078,4096,235.8750,4,47.9268,4208,1
12905,31.9966,32.0078,4096,235.8750,4,47.9268,4208,1
12906,31.9966,32.0078,4096,235.8750,4,47.9268,4208,1
12907,31.9966,32.0078,4096,235.8750,4,47.9268,4208,1
12908,31.9966,32.0078,4096,235.8750,4,47.9268,4208,1
12909,31.9966,32.0078,4096,235.8750,4,47.9268,4208,1
12910,31.9966,32.0078,4096,235.8750,4,47.9268,4208,1
12911,31.9966,32.0078,4096,235.8750,4,47.9268,4208,1
12912,31.9966,32.0078,4096,235.8750,4,47.9268,4208,1
12913,31.9966,32.0078,4096,235.8750,4,47.9268,4208,1
12914,31.9966,32.0078,4096,235.8750,4,47.9268,4209,1
12915,31.9966,32.0078,4096,235.8750,4,47.9268,4209,1
12916,31.9966,32.0078,4096,235.8750,4,47.9268,4210,1
12917,31.9966,32.0078,4096,235.8750,4,47.9268,4211,1
12918,31.9966,32.0078,4096,235.8750,4,47.9268,4211,1
12919,31.9966,32.0078,4096,235.8750,4,47.9268,4211,1
12920,31.9966,32.0078,4096,235.8750,4,47.9268,4212,1
12921,31.9966,32.0078,4096,235.8750,4,47.9268,4212,1
12922,31.9966,32.0078,4096,235.8750,4,47.9268,4213,1
12923,31.9966,32.0078,4096,235.8750,4,47.9268,4213,1
12924,31.9966,32.0078,4096,235.8750,4,47.9268,4214,1
12925,31.9966,32.0078,4096,235.8750,4,47.9268,4215,1
12926,31.9966,32.0078,4096,235.8750,4,47.9268,4215,1
12927,31.9966,32.0078,4096,235.8750,4,47.9268,4215,1
12928,31.9966,32.0078,4096,235.8750,4,47.9268,4216,1
12929,31.9966,32.0078,4096,235.8750,4,47.9268,4216,1
12930,31.9966,32.0078,4096,235.8750,4,47.9268,4217,1
12931,31.9966,32.0078,4096,235.8750,4,47.9268,4217,1
12932,31.9966,32.0078,4096,235.8750,4,47.9268,4217,1
12933,31.9966,32.0078,4096,235.8750,4,47.9268,4217,1
12934,31.9966,32.0078,4096,235.8750,4,47.9268,4217,1
12935,31.9966,32.0078,4096,235.8750,4,47.9268,4217,1
12936,31.9966,32.0078,4096,235.8750,4,47.9268,4217,1
12937,31.9966,32.0078,4096,235.8750,4,47.9268,4217,1
12938,31.9966,32.0078,4096,235.8750,4,47.9268,4217,1
12939,31.9966,32.0078,4096,235.8750,4,47.9268,4217,1
12940,31.9966,32.0078,4096,235.8750,4,47.9268,4217,1
12941,31.9966,32.0078,4096,235.8750,4,47.9268,4217,1
12942,31.9966,32.0078,4096,235.8750,4,47.9268,4217,1
12943,31.9966,32.0078,4096,235.8750,4,47.9268,4217,1
12944,31.9966,32.0078,4096,235.8750,4,47.9268,4218,1
12945,31.9966,32.0078,4096,235.8750,4,47.9268,4219,1
12946,31.9966,32.0078,4096,235.8750,4,47.9268,4219,1
12947,31.9966,32.0078,4096,235.8750,4,47.9268,4220,1
12948,31.9966,32.0078,4096,235.8750,4,47.9268,4220,1
12949,31.9966,32.0078,4096,235.8750,4,47.9268,4220,1
12950,31.9966,32.0078,4096,235.8750,4,47.9268,4220,1
12951,31.9966,32.0078,4096,235.8750,4,47.9268,4220,1
12952,31.9966,32.0078,4096,235.8750,4,47.9268,4221,1
12953,31.9966,32.0078,4096,235.8750,4,47.9268,4222,1
12954,31.9966,32.0078,4096,235.8750,4,47.9268,4222,1
12955,31.9966,32.0078,4096,235.8750,4,47.9268,4222,1
12956,31.9966,32.0078,4096,235.8750,4,47.9268,4222,1
12957,31.9966,32.0078,4096,235.8750,4,47.9268,4222,1
12958,31.9966,32.0078,4096,235.8750,4,47.9268,4222,1
12959,31.9966,32.0078,4096,235.8750,4,47.9268,4222,1
12960,31.9966,32.0078,4096,235.8750,4,47.9268,4222,1
12961,31.9966,32.0078,4096,235.8750,4,47.9268,4222,1
12962,31.9966,32.0078,4096,235.8750,4,47.9268,4222,1
12963,31.9966,32.0078,4096,235.8750,4,47.9268,4222,1
12964,31.9966,32.0078,4096,235.8750,4,47.9268,4222,1
12965,31.9966,32.0078,4096,235.8750,4,47.9268,4222,1
12966,31.9966,32.0078,4096,235.8750,4,47.9268,4222,1
12967,31.9966,32.0078,4096,235.8750,4,47.9268,4223,1
12968,31.9966,32.0078,4096,235.8750,4,47.9268,4223,1
12969,31.9966,32.0078,4096,235.8750,4,47.9268,4224,1
12970,31.9966,32.0078,4096,235.8750,4,47.9268,4224,1
12971,31.9966,32.0078,4096,235.8750,4,47.9268,4224,1
12972,31.9966,32.0078,4096,235.8750,4,47.9268,4224,1
12973,31.9966,32.0078,4096,235.8750,4,47.9268,4224,1
12974,31.9966,32.0078,4096,235.8750,4,47.9268,4224,1
12975,31.9966,32.0078,4096,235.8750,4,47.9268,4225,1
12976,31.9966,32.0078,4096,235.8750,4,47.9268,4226,1
12977,31.9966,32.0078,4096,235.8750,4,47.9268,4226,1
12978,31.9966,32.0078,4096,235.8750,4,47.9268,4226,1
12979,31.9966,32.0078,4096,235.8750,4,47.9268,4226,1
12980,31.9966,32.0078,4096,235.8750,4,47.9268,4226,1
12981,31.9966,32.0078,4096,235.8750,4,47.9268,4226,1
12982,31.9966,32.0078,4096,235.8750,4,47.9268,4226,1
12983,31.9966,32.0078,4096,235.8750,4,47.9268,4227,1
12984,31.9966,32.0078,4096,235.8750,4,47.9268,4227,1
12985,31.9966,32.0078,4096,235.8750,4,47.9268,4227,1
12986,31.9966,32.0078,4096,235.8750,4,47.9268,4227,1
12987,31.9966,32.0078,4096,235.8750,4,47.9268,4227,1
12988,31.9966,32.0078,4096,235.8750,4,47.9268,4227,1
12989,31.9966,32.0078,4096,235.8750,4,47.9268,4227,1
12990,31.9966,32.0078,4096,235.8750,4,47.9268,4228,1
12991,31.9966,32.0078,4096,235.8750,4,47.9268,4228,1
12992,31.9966,32.0078,4096,235.8750,4,47.9268,4229,1
12993,31.9966,32.0078,4096,235.8750,4,47.9268,4229,1
12994,31.9966,32.0078,4096,235.8750,4,47.9268,4229,1
12995,31.9966,32.0078,4096,235.8750,4,47.9268,4230,1
12996,31.9966,32.0078,4096,235.8750,4,47.9268,4230,1
12997,31.9966,32.0078,4096,235.8750,4,47.9268,4230,1
12998,31.9966,32.0078,4096,235.8750,4,47.9268,4230,1
12999,31.9966,32.0078,4096,235.8750,4,47.9268,4230,1
13000,31.9966,32.0078,4096,235.8750,4,47.9268,4230,1
13001,31.9966,32.0078,4096,235.8750,4,47.9268,4230,1
13002,31.9966,32.0078,4096,235.8750,4,47.9268,4230,1
13003,31.9966,32.0078,4096,235.8750,4,47.9268,4230,1
13004,31.9966,32.0078,4096,235.8750,4,47.9268,4231,1
13005,31.9966,32.0078,4096,235.8750,4,47.9268,4231,1
13006,31.9966,32.0078,4096,235.8750,4,47.9268,4231,1
13007,31.9966,32.0078,4096,235.8750,4,47.9268,4232,1
13008,31.9966,32.0078,4096,235.8750,4,47.9268,4232,1
13009,31.9966,32.0078,4096,235.8750,4,47.9268,4232,1
13010,31.9966,32.0078,4096,235.8750,4,47.9268,4232,1
13011,31.9966,32.0078,4096,235.8750,4,47.9268,4232,1
13012,31.9966,32.0078,4096,235.8750,4,47.9268,4232,1
13013,31.9966,32.0078,4096,235.8750,4,47.9268,4233,1
13014,31.9966,32.0078,4096,235.8750,4,47.9268,4233,1
13015,31.9966,32.0078,4096,235.8750,4,47.9268,4233,1
13016,31.9966,32.0078,4096,235.8750,4,47.9268,4233,1
13017,31.9966,32.0078,4096,235.8750,4,47.9268,4233,1
13018,31.9966,32.0078,4096,235.8750,4,47.9268,4233,1
13019,31.9966,32.0078,4096,235.8750,4,47.9268,4233,1
13020,31.9966,32.0078,4096,235.8750,4,47.9268,4234,1
13021,31.9966,32.0078,4096,235.8750,4,47.9268,4234,1
13022,31.9966,32.0078,4096,235.8750,4,47.9268,4234,1
13023,31.9966,32.0078,4096,235.8750,4,47.9268,4234,1
13024,31.9966,32.0078,4096,235.8750,4,47.9268,4234,1
13025,31.9966,32.0078,4096,235.8750,4,47.9268,4234,1
13026,31.9966,32.0078,4096,235.8750,4,47.9268,4235,1
13027,31.9966,32.0078,4096,235.8750,4,47.9268,4236,1
13028,31.9966,32.0078,4096,235.8750,4,47.9268,4236,1
13029,31.9966,32.0078,4096,235.8750,4,47.9268,4237,1
13030,31.9966,32.0078,4096,235.8750,4,47.9268,4237,1
13031,31.9966,32.0078,4096,235.8750,4,47.9268,4237,1
13032,31.9966,32.0078,4096,235.8750,4,47.9268,4237,1
13033,31.9966,32.0078,4096,235.8750,4,47.9268,4237,1
13034,31.9966,32.0078,4096,235.8750,4,47.9268,4237,1
13035,31.9966,32.0078,4096,235.8750,4,47.9268,4237,1
13036,31.9966,32.0078,4096,235.8750,4,47.9268,4237,1
13037,31.9966,32.0078,4096,235.8750,4,47.9268,4237,1
13038,31.9966,32.0078,4096,235.8750,4,47.9268,4237,1
13039,31.9966,32.0078,4096,235.8750,4,47.9268,4237,1
13040,31.9966,32.0078,4096,235.8750,4,47.9268,4238,1
13041,31.9966,32.0078,4096,235.8750,4,47.9268,4238,1
13042,31.9966,32.0078,4096,235.8750,4,47.9268,4238,1
13043,31.9966,32.0078,4096,235.8750,4,47.9268,4238,1
13044,31.9966,32.0078,4096,235.8750,4,47.9268,4239,1
13045,31.9966,32.0078,4096,235.8750,4,47.9268,4239,1
13046,31.9966,32.0078,4096,235.8750,4,47.9268,4239,1
13047,31.9966,32.0078,4096,235.8750,4,47.9268,4239,1
13048,31.9966,32.0078,4096,235.8750,4,47.9268,4239,1
13049,31.9966,32.0078,4096,235.8750,4,47.9268,4239,1
13050,31.9966,32.0078,4096,235.8750,4,47.9268,4239,1
13051,31.9966,32.0078,4096,235.8750,4,47.9268,4239,1
13052,31.9966,32.0078,4096,235.8750,4,47.9268,4239,1
13053,31.9966,32.0078,4096,235.8750,4,47.9268,4239,1
13054,31.9966,32.0078,4096,235.8750,4,47.9268,4239,1
13055,31.9966,32.0078,4096,235.8750,4,47.9268,4240,1
13056,31.9966,32.0078,4096,235.8750,4,47.9268,4240,1
13057,31.9966,32.0078,4096,235.8750,4,47.9268,4241,1
13058,31.9966,32.0078,4096,235.8750,4,47.9268,4241,1
13059,31.9966,32.0078,4096,235.8750,4,47.9268,4242,1
13060,31.9966,32.0078,4096,235.8750,4,47.9268,4242,1
13061,31.9966,32.0078,4096,235.8750,4,47.9268,4242,1
13062,31.9966,32.0078,4096,235.8750,4,47.9268,4243,1
13063,31.9966,32.0078,4096,235.8750,4,47.9268,4243,1
13064,31.9966,32.0078,4096,235.8750,4,47.9268,4243,1
13065,31.9966,32.0078,4096,235.8750,4,47.9268,4244,1
13066,31.9966,32.0078,4096,235.8750,4,47.9268,4244,1
13067,31.9966,32.0078,4096,235.8750,4,47.9268,4244,1
13068,31.9966,32.0078,4096,235.8750,4,47.9268,4244,1
13069,31.9966,32.0078,4096,235.8750,4,47.9268,4245,1
13070,31.9966,32.0078,4096,235.8750,4,47.9268,4245,1
13071,31.9966,32.0078,4096,235.8750,4,47.9268,4245,1
13072,31.9966,32.0078,4096,235.8750,4,47.9268,4245,1
13073,31.9966,32.0078,4096,235.8750,4,47.9268,4245,1
13074,31.9966,32.0078,4096,235.8750,4,47.9268,4245,1
13075,31.9966,32.0078,4096,235.8750,4,47.9268,4245,1
13076,31.9966,32.0078,4096,235.8750,4,47.9268,4245,1
13077,31.9966,32.0078,4096,235.8750,4,47.9268,4245,1
13078,31.9966,32.0078,4096,235.8750,4,47.9268,4246,1
13079,31.9966,32.0078,4096,235.8750,4,47.9268,4247,1
13080,31.9966,32.0078,4096,235.8750,4,47.9268,4247,1
13081,31.9966,32.0078,4096,235.8750,4,47.9268,4247,1
13082,31.9966,32.0078,4096,235.8750,4,47.9268,4248,1
13083,31.9966,32.0078,4096,235.8750,4,47.9268,4248,1
13084,31.9966,32.0078,4096,235.8750,4,47.9268,4248,1
13085,31.9966,32.0078,4096,235.8750,4,47.9268,4248,1
13086,31.9966,32.0078,4096,235.8750,4,47.9268,4249,1
13087,31.9966,32.0078,4096,235.8750,4,47.9268,4250,1
13088,31.9966,32.0078,4096,235.8750,4,47.9268,4250,1
13089,31.9966,32.0078,4096,235.8750,4,47.9268,4251,1
13090,31.9966,32.0078,4096,235.8750,4,47.9268,4252,1
13091,31.9966,32.0078,4096,235.8750,4,47.9268,4252,1
13092,31.9966,32.0078,4096,235.8750,4,47.9268,4252,1
13093,31.9966,32.0078,4096,235.8750,4,47.9268,4253,1
13094,31.9966,32.0078,4096,235.8750,4,47.9268,4254,1
13095,31.9966,32.0078,4096,235.8750,4,47.9268,4254,1
13096,31.9966,32.0078,4096,235.8750,4,47.9268,4254,1
13097,31.9966,32.0078,4096,235.8750,4,47.9268,4254,1
13098,31.9966,32.0078,4096,235.8750,4,47.9268,4255,1
13099,31.9966,32.0078,4096,235.8750,4,47.9268,4256,1
13100,31.9966,32.0078,4096,235.8750,4,47.9268,4256,1
13101,31.9966,32.0078,4096,235.8750,4,47.9268,4256,1
13102,31.9966,32.0078,4096,235.8750,4,47.9268,4256,1
13103,31.9966,32.0078,4096,235.8750,4,47.9268,4257,1
13104,31.9966,32.0078,4096,235.8750,4,47.9268,4258,1
13105,31.9966,32.0078,4096,235.8750,4,47.9268,4259,1
13106,31.9966,32.0078,4096,235.8750,4,47.9268,4260,1
13107,31.9966,32.0078,4096,235.8750,4,47.9268,4261,1
13108,31.9966,32.0078,4096,235.8750,4,47.9268,4261,1
13109,31.9966,32.0078,4096,235.8750,4,47.9268,4262,1
13110,31.9966,32.0078,4096,235.8750,4,47.9268,4262,1
13111,31.9966,32.0078,4096,235.8750,4,47.9268,4262,1
13112,31.9966,32.0078,4096,235.8750,4,47.9268,4262,1
13113,31.9966,32.0078,4096,235.8750,4,47.9268,4262,1
13114,31.9966,32.0078,4096,235.8750,4,47.9268,4262,1
13115,31.9966,32.0078,4096,235.8750,4,47.9268,4262,1
13116,31.9966,32.0078,4096,235.8750,4,47.9268,4262,1
13117,31.9966,32.0078,4096,235.8750,4,47.9268,4262,1
13118,31.9966,32.0078,4096,235.8750,4,47.9268,4262,1
13119,31.9966,32.0078,4096,235.8750,4,47.9268,4263,1
13120,31.9966,32.0078,4096,235.8750,4,47.9268,4263,1
13121,31.9966,32.0078,4096,235.8750,4,47.9268,4264,1
13122,31.9966,32.0078,4096,235.8750,4,47.9268,4264,1
13123,31.9966,32.0078,4096,235.8750,4,47.9268,4264,1
13124,31.9966,32.0078,4096,235.8750,4,47.9268,4265,1
13125,31.9966,32.0078,4096,235.8750,4,47.9268,4265,1
13126,31.9966,32.0078,4096,235.8750,4,47.9268,4266,1
13127,31.9966,32.0078,4096,235.8750,4,47.9268,4266,1
13128,31.9966,32.0078,4096,235.8750,4,47.9268,4266,1
13129,31.9966,32.0078,4096,235.8750,4,47.9268,4266,1
13130,31.9966,32.0078,4096,235.8750,4,47.9268,4266,1
13131,31.9966,32.0078,4096,235.8750,4,47.9268,4266,1
13132,31.9966,32.0078,4096,235.8750,4,47.9268,4266,1
13133,31.9966,32.0078,4096,235.8750,4,47.9268,4266,1
13134,31.9966,32.0078,4096,235.8750,4,47.9268,4267,1
13135,31.9966,32.0078,4096,235.8750,4,47.9268,4267,1
13136,31.9966,32.0078,4096,235.8750,4,47.9268,4267,1
13137,31.9966,32.0078,4096,235.8750,4,47.9268,4268,1
13138,31.9966,32.0078,4096,235.8750,4,47.9268,4269,1
13139,31.9966,32.0078,4096,235.8750,4,47.9268,4269,1
13140,31.9966,32.0078,4096,235.8750,4,47.9268,4269,1
13141,31.9966,32.0078,4096,235.8750,4,47.9268,4269,1
13142,31.9966,32.0078,4096,235.8750,4,47.9268,4269,1
13143,31.9966,32.0078,4096,235.8750,4,47.9268,4269,1
13144,31.9966,32.0078,4096,235.8750,4,47.9268,4269,1
13145,31.9966,32.0078,4096,235.8750,4,47.9268,4269,1
13146,31.9966,32.0078,4096,235.8750,4,47.9268,4270,1
13147,31.9966,32.0078,4096,235.8750,4,47.9268,4270,1
13148,31.9966,32.0078,4096,235.8750,4,47.9268,4270,1
13149,31.9966,32.0078,4096,235.8750,4,47.9268,4270,1
13150,31.9966,32.0078,4096,235.8750,4,47.9268,4271,1
13151,31.9966,32.0078,4096,235.8750,4,47.9268,4271,1
13152,31.9966,32.0078,4096,235.8750,4,47.9268,4272,1
13153,31.9966,32.0078,4096,235.8750,4,47.9268,4272,1
13154,31.9966,32.0078,4096,235.8750,4,47.9268,4272,1
13155,31.9966,32.0078,4096,235.8750,4,47.9268,4272,1
13156,31.9966,32.0078,4096,235.8750,4,47.9268,4272,1
13157,31.9966,32.0078,4096,235.8750,4,47.9268,4272,1
13158,31.9966,32.0078,4096,235.8750,4,47.9268,4273,1
13159,31.9966,32.0078,4096,235.8750,4,47.9268,4273,1
13160,31.9966,32.0078,4096,235.8750,4,47.9268,4273,1
13161,31.9966,32.0078,4096,235.8750,4,47.9268,4273,1
13162,31.9966,32.0078,4096,235.8750,4,47.9268,4273,1
13163,31.9966,32.0078,4096,235.8750,4,47.9268,4273,1
13164,31.9966,32.0078,4096,235.8750,4,47.9268,4273,1
13165,31.9966,32.0078,4096,235.8750,4,47.9268,4273,1
13166,31.9966,32.0078,4096,235.8750,4,47.9268,4273,1
13167,31.9966,32.0078,4096,235.8750,4,47.9268,4273,1
13168,31.9966,32.0078,4096,235.8750,4,47.9268,4274,1
13169,31.9966,32.0078,4096,235.8750,4,47.9268,4274,1
13170,31.9966,32.0078,4096,235.8750,4,47.9268,4274,1
13171,31.9966,32.0078,4096,235.8750,4,47.9268,4274,1
13172,31.9966,32.0078,4096,235.8750,4,47.9268,4274,1
13173,31.9966,32.0078,4096,235.8750,4,47.9268,4274,1
13174,31.9966,32.0078,4096,235.8750,4,47.9268,4275,1
13175,31.9966,32.0078,4096,235.8750,4,47.9268,4276,1
13176,31.9966,32.0078,4096,235.8750,4,47.9268,4276,1
13177,31.9966,32.0078,4096,235.8750,4,47.9268,4276,1
13178,31.9966,32.0078,4096,235.8750,4,47.9268,4277,1
13179,31.9966,32.0078,4096,235.8750,4,47.9268,4278,1
13180,31.9966,32.0078,4096,235.8750,4,47.9268,4278,1
13181,31.9966,32.0078,4096,235.8750,4,47.9268,4278,1
13182,31.9966,32.0078,4096,235.8750,4,47.9268,4278,1
13183,31.9966,32.0078,4096,235.8750,4,47.9268,4278,1
13184,31.9966,32.0078,4096,235.8750,4,47.9268,4278,1
13185,31.9966,32.0078,4096,235.8750,4,47.9268,4278,1
13186,31.9966,32.0078,4096,235.8750,4,47.9268,4278,1
13187,31.9966,32.0078,4096,235.8750,4,47.9268,4278,1
13188,31.9966,32.0078,4096,235.8750,4,47.9268,4278,1
13189,31.9966,32.0078,4096,235.8750,4,47.9268,4278,1
13190,31.9966,32.0078,4096,235.8750,4,47.9268,4278,1
13191,31.9966,32.0078,4096,235.8750,4,47.9268,4279,1
13192,31.9966,32.0078,4096,235.8750,4,47.9268,4280,1
13193,31.9966,32.0078,4096,235.8750,4,47.9268,4280,1
13194,31.9966,32.0078,4096,235.8750,4,47.9268,4280,1
13195,31.9966,32.0078,4096,235.8750,4,47.9268,4281,1
13196,31.9966,32.0078,4096,235.8750,4,47.9268,4281,1
13197,31.9966,32.0078,4096,235.8750,4,47.9268,4281,1
13198,31.9966,32.0078,4096,235.8750,4,47.9268,4282,1
13199,31.9966,32.0078,4096,235.8750,4,47.9268,4283,1
13200,31.9966,32.0078,4096,235.8750,4,47.9268,4284,1
13201,31.9966,32.0078,4096,235.8750,4,47.9268,4284,1
13202,31.9966,32.0078,4096,235.8750,4,47.9268,4284,1
13203,31.9966,32.0078,4096,235.8750,4,47.9268,4284,1
13204,31.9966,32.0078,4096,235.8750,4,47.9268,4284,1
13205,31.9966,32.0078,4096,235.8750,4,47.9268,4284,1
13206,31.9966,32.0078,4096,235.8750,4,47.9268,4284,1
13207,31.9966,32.0078,4096,235.8750,4,47.9268,4284,1
13208,31.9966,32.0078,4096,235.8750,4,47.9268,4285,1
13209,31.9966,32.0078,4096,235.8750,4,47.9268,4286,1
13210,31.9966,32.0078,4096,235.8750,4,47.9268,4286,1
13211,31.9966,32.0078,4096,235.8750,4,47.9268,4286,1
13212,31.9966,32.0078,4096,235.8750,4,47.9268,4286,1
13213,31.9966,32.0078,4096,235.8750,4,47.9268,4286,1
13214,31.9966,32.0078,4096,235.8750,4,47.9268,4286,1
13215,31.9966,32.0078,4096,235.8750,4,47.9268,4286,1
13216,31.9966,32.0078,4096,235.8750,4,47.9268,4286,1
13217,31.9966,32.0078,4096,235.8750,4,47.9268,4286,1
13218,31.9966,32.0078,4096,235.8750,4,47.9268,4286,1
13219,31.9966,32.0078,4096,235.8750,4,47.9268,4286,1
13220,31.9966,32.0078,4096,235.8750,4,47.9268,4286,1
13221,31.9966,32.0078,4096,235.8750,4,47.9268,4286,1
13222,31.9966,32.0078,4096,235.8750,4,47.9268,4287,1
13223,31.9966,32.0078,4096,235.8750,4,47.9268,4287,1
13224,31.9966,32.0078,4096,235.8750,4,47.9268,4288,1
13225,31.9966,32.0078,4096,235.8750,4,47.9268,4288,1
13226,31.9966,32.0078,4096,235.8750,4,47.9268,4289,1
13227,31.9966,32.0078,4096,235.8750,4,47.9268,4290,1
13228,31.9966,32.0078,4096,235.8750,4,47.9268,4290,1
13229,31.9966,32.0078,4096,235.8750,4,47.9268,4290,1
13230,31.9966,32.0078,4096,235.8750,4,47.9268,4291,1
13231,31.9966,32.0078,4096,235.8750,4,47.9268,4291,1
13232,31.9966,32.0078,4096,235.8750,4,47.9268,4291,1
13233,31.9966,32.0078,4096,235.8750,4,47.9268,4291,1
13234,31.9966,32.0078,4096,235.8750,4,47.9268,4291,1
13235,31.9966,32.0078,4096,235.8750,4,47.9268,4291,1
13236,31.9966,32.0078,4096,235.8750,4,47.9268,4291,1
13237,31.9966,32.0078,4096,235.8750,4,47.9268,4291,1
13238,31.9966,32.0078,4096,235.8750,4,47.9268,4291,1
13239,31.9966,32.0078,4096,235.8750,4,47.9268,4291,1
13240,31.9966,32.0078,4096,235.8750,4,47.9268,4291,1
13241,31.9966,32.0078,4096,235.8750,4,47.9268,4292,1
13242,31.9966,32.0078,4096,235.8750,4,47.9268,4293,1
13243,31.9966,32.0078,4096,235.8750,4,47.9268,4293,1
13244,31.9966,32.0078,4096,235.8750,4,47.9268,4293,1
13245,31.9966,32.0078,4096,235.8750,4,47.9268,4293,1
13246,31.9966,32.0078,4096,235.8750,4,47.9268,4294,1
13247,31.9966,32.0078,4096,235.8750,4,47.9268,4294,1
13248,31.9966,32.0078,4096,235.8750,4,47.9268,4295,1
13249,31.9966,32.0078,4096,235.8750,4,47.9268,4295,1
13250,31.9966,32.0078,4096,235.8750,4,47.9268,4295,1
13251,31.9966,32.0078,4096,235.8750,4,47.9268,4296,1
13252,31.9966,32.0078,4096,235.8750,4,47.9268,4296,1
13253,31.9966,32.0078,4096,235.8750,4,47.9268,4296,1
13254,31.9966,32.0078,4096,235.8750,4,47.9268,4297,1
13255,31.9966,32.0078,4096,235.8750,4,47.9268,4297,1
13256,31.9966,32.0078,4096,235.8750,4,47.9268,4297,1
13257,31.9966,32.0078,4096,235.8750,4,47.9268,4297,1
13258,31.9966,32.0078,4096,235.8750,4,47.9268,4297,1
13259,31.9966,32.0078,4096,235.8750,4,47.9268,4298,1
13260,31.9966,32.0078,4096,235.8750,4,47.9268,4298,1
13261,31.9966,32.0078,4096,235.8750,4,47.9268,4298,1
13262,31.9966,32.0078,4096,235.8750,4,47.9268,4298,1
13263,31.9966,32.0078,4096,235.8750,4,47.9268,4298,1
13264,31.9966,32.0078,4096,235.8750,4,47.9268,4298,1
13265,31.9966,32.0078,4096,235.8750,4,47.9268,4299,1
13266,31.9966,32.0078,4096,235.8750,4,47.9268,4299,1
13267,31.9966,32.0078,4096,235.8750,4,47.9268,4300,1
13268,31.9966,32.0078,4096,235.8750,4,47.9268,4300,1
13269,31.9966,32.0078,4096,235.8750,4,47.9268,4300,1
13270,31.9966,32.0078,4096,235.8750,4,47.9268,4300,1
13271,31.9966,32.0078,4096,235.8750,4,47.9268,4300,1
13272,31.9966,32.0078,4096,235.8750,4,47.9268,4300,1
13273,31.9966,32.0078,4096,235.8750,4,47.9268,4300,1
13274,31.9966,32.0078,4096,235.8750,4,47.9268,4300,1
13275,31.9966,32.0078,4096,235.8750,4,47.9268,4300,1
13276,31.9966,32.0078,4096,235.8750,4,47.9268,4300,1
13277,31.9966,32.0078,4096,235.8750,4,47.9268,4300,1
13278,31.9966,32.0078,4096,235.8750,4,47.9268,4300,1
13279,31.9966,32.0078,4096,235.8750,4,47.9268,4300,1
13280,31.9966,32.0078,4096,235.8750,4,47.9268,4300,1
13281,31.9966,32.0078,4096,235.8750,4,47.9268,4300,1
13282,31.9966,32.0078,4096,235.8750,4,47.9268,4300,1
13283,31.9966,32.0078,4096,235.8750,4,47.9268,4301,1
13284,31.9966,32.0078,4096,235.8750,4,47.9268,4301,1
13285,31.9966,32.0078,4096,235.8750,4,47.9268,4301,1
13286,31.9966,32.0078,4096,235.8750,4,47.9268,4301,1
13287,31.9966,32.0078,4096,235.8750,4,47.9268,4301,1
13288,31.9966,32.0078,4096,235.8750,4,47.9268,4301,1
13289,31.9966,32.0078,4096,235.8750,4,47.9268,4301,1
13290,31.9966,32.0078,4096,235.8750,4,47.9268,4301,1
13291,31.9966,32.0078,4096,235.8750,4,47.9268,4301,1
13292,31.9966,32.0078,4096,235.8750,4,47.9268,4301,1
13293,31.9966,32.0078,4096,235.8750,4,47.9268,4301,1
13294,31.9966,32.0078,4096,235.8750,4,47.9268,4301,1
13295,31.9966,32.0078,4096,235.8750,4,47.9268,4301,1
13296,31.9966,32.0078,4096,235.8750,4,47.9268,4301,1
13297,31.9966,32.0078,4096,235.8750,4,47.9268,4302,1
13298,31.9966,32.0078,4096,235.8750,4,47.9268,4302,1
13299,31.9966,32.0078,4096,235.8750,4,47.9268,4302,1
13300,31.9966,32.0078,4096,235.8750,4,47.9268,4302,1
13301,31.9966,32.0078,4096,235.8750,4,47.9268,4303,1
13302,31.9966,32.0078,4096,235.8750,4,47.9268,4303,1
13303,31.9966,32.0078,4096,235.8750,4,47.9268,4304,1
13304,31.9966,32.0078,4096,235.8750,4,47.9268,4304,1
13305,31.9966,32.0078,4096,235.8750,4,47.9268,4304,1
13306,31.9966,32.0078,4096,235.8750,4,47.9268,4304,1
13307,31.9966,32.0078,4096,235.8750,4,47.9268,4305,1
13308,31.9966,32.0078,4096,235.8750,4,47.9268,4305,1
13309,31.9966,32.0078,4096,235.8750,4,47.9268,4305,1
13310,31.9966,32.0078,4096,235.8750,4,47.9268,4305,1
13311,31.9966,32.0078,4096,235.8750,4,47.9268,4306,1
13312,31.9966,32.0078,4096,235.8750,4,47.9268,4306,1
13313,31.9966,32.0078,4096,235.8750,4,47.9268,4306,1
13314,31.9966,32.0078,4096,235.8750,4,47.9268,4306,1
13315,31.9966,32.0078,4096,235.8750,4,47.9268,4306,1
13316,31.9966,32.0078,4096,235.8750,4,47.9268,4306,1
13317,31.9966,32.0078,4096,235.8750,4,47.9268,4306,1
13318,31.9966,32.0078,4096,235.8750,4,47.9268,4306,1
13319,31.9966,32.0078,4096,235.8750,4,47.9268,4306,1
13320,31.9966,32.0078,4096,235.8750,4,47.9268,4306,1
13321,31.9966,32.0078,4096,235.8750,4,47.9268,4307,1
13322,31.9966,32.0078,4096,235.8750,4,47.9268,4307,1
13323,31.9966,32.0078,4096,235.8750,4,47.9268,4307,1
13324,31.9966,32.0078,4096,235.8750,4,47.9268,4307,1
13325,31.9966,32.0078,4096,235.8750,4,47.9268,4307,1
13326,31.9966,32.0078,4096,235.8750,4,47.9268,4307,1
13327,31.9966,32.0078,4096,235.8750,4,47.9268,4307,1
13328,31.9966,32.0078,4096,235.8750,4,47.9268,4307,1
13329,31.9966,32.0078,4096,235.8750,4,47.9268,4307,1
13330,31.9966,32.0078,4096,235.8750,4,47.9268,4307,1
13331,31.9966,32.0078,4096,235.8750,4,47.9268,4308,1
13332,31.9966,32.0078,4096,235.8750,4,47.9268,4308,1
13333,31.9966,32.0078,4096,235.8750,4,47.9268,4308,1
13334,31.9966,32.0078,4096,235.8750,4,47.9268,4309,1
13335,31.9966,32.0078,4096,235.8750,4,47.9268,4309,1
13336,31.9966,32.0078,4096,235.8750,4,47.9268,4309,1
13337,31.9966,32.0078,4096,235.8750,4,47.9268,4310,1
13338,31.9966,32.0078,4096,235.8750,4,47.9268,4310,1
13339,31.9966,32.0078,4096,235.8750,4,47.9268,4310,1
13340,31.9966,32.0078,4096,235.8750,4,47.9268,4311,1
13341,31.9966,32.0078,4096,235.8750,4,47.9268,4311,1
13342,31.9966,32.0078,4096,235.8750,4,47.9268,4311,1
13343,31.9966,32.0078,4096,235.8750,4,47.9268,4311,1
13344,31.9966,32.0078,4096,235.8750,4,47.9268,4311,1
13345,31.9966,32.0078,4096,235.8750,4,47.9268,4311,1
13346,31.9966,32.0078,4096,235.8750,4,47.9268,4311,1
13347,31.9966,32.0078,4096,235.8750,4,47.9268,4311,1
13348,31.9966,32.0078,4096,235.8750,4,47.9268,4312,1
13349,31.9966,32.0078,4096,235.8750,4,47.9268,4312,1
13350,31.9966,32.0078,4096,235.8750,4,47.9268,4312,1
13351,31.9966,32.0078,4096,235.8750,4,47.9268,4312,1
13352,31.9966,32.0078,4096,235.8750,4,47.9268,4312,1
13353,31.9966,32.0078,4096,235.8750,4,47.9268,4313,1
13354,31.9966,32.0078,4096,235.8750,4,47.9268,4313,1
13355,31.9966,32.0078,4096,235.8750,4,47.9268,4313,1
13356,31.9966,32.0078,4096,235.8750,4,47.9268,4313,1
13357,31.9966,32.0078,4096,235.8750,4,47.9268,4313,1
13358,31.9966,32.0078,4096,235.8750,4,47.9268,4313,1
13359,31.9966,32.0078,4096,235.8750,4,47.9268,4313,1
13360,31.9966,32.0078,4096,235.8750,4,47.9268,4313,1
13361,31.9966,32.0078,4096,235.8750,4,47.9268,4313,1
13362,31.9966,32.0078,4096,235.8750,4,47.9268,4314,1
13363,31.9966,32.0078,4096,235.8750,4,47.9268,4314,1
13364,31.9966,32.0078,4096,235.8750,4,47.9268,4314,1
13365,31.9966,32.0078,4096,235.8750,4,47.9268,4315,1
13366,31.9966,32.0078,4096,235.8750,4,47.9268,4315,1
13367,31.9966,32.0078,4096,235.8750,4,47.9268,4315,1
13368,31.9966,32.0078,4096,235.8750,4,47.9268,4315,1
13369,31.9966,32.0078,4096,235.8750,4,47.9268,4315,1
13370,31.9966,32.0078,4096,235.8750,4,47.9268,4315,1
13371,31.9966,32.0078,4096,235.8750,4,47.9268,4316,1
13372,31.9966,32.0078,4096,235.8750,4,47.9268,4316,1
13373,31.9966,32.0078,4096,235.8750,4,47.9268,4317,1
13374,31.9966,32.0078,4096,235.8750,4,47.9268,4317,1
13375,31.9966,32.0078,4096,235.8750,4,47.9268,4318,1
13376,31.9966,32.0078,4096,235.8750,4,47.9268,4318,1
13377,31.9966,32.0078,4096,235.8750,4,47.9268,4319,1
13378,31.9966,32.0078,4096,235.8750,4,47.9268,4319,1
13379,31.9966,32.0078,4096,235.8750,4,47.9268,4319,1
13380,31.9966,32.0078,4096,235.8750,4,47.9268,4319,1
13381,31.9966,32.0078,4096,235.8750,4,47.9268,4319,1
13382,31.9966,32.0078,4096,235.8750,4,47.9268,4319,1
13383,31.9966,32.0078,4096,235.8750,4,47.9268,4319,1
13384,31.9966,32.0078,4096,235.8750,4,47.9268,4319,1
13385,31.9966,32.0078,4096,235.8750,4,47.9268,4320,1
13386,31.9966,32.0078,4096,235.8750,4,47.9268,4321,1
13387,31.9966,32.0078,4096,235.8750,4,47.9268,4321,1
13388,31.9966,32.0078,4096,235.8750,4,47.9268,4322,1
13389,31.9966,32.0078,4096,235.8750,4,47.9268,4323,1
13390,31.9966,32.0078,4096,235.8750,4,47.9268,4323,1
13391,31.9966,32.0078,4096,235.8750,4,47.9268,4323,1
13392,31.9966,32.0078,4096,235.8750,4,47.9268,4324,1
13393,31.9966,32.0078,4096,235.8750,4,47.9268,4324,1
13394,31.9966,32.0078,4096,235.8750,4,47.9268,4324,1
13395,31.9966,32.0078,4096,235.8750,4,47.9268,4324,1
13396,31.9966,32.0078,4096,235.8750,4,47.9268,4324,1
13397,31.9966,32.0078,4096,235.8750,4,47.9268,4324,1
13398,31.9966,32.0078,4096,235.8750,4,47.9268,4324,1
13399,31.9966,32.0078,4096,235.8750,4,47.9268,4324,1
13400,31.9966,32.0078,4096,235.8750,4,47.9268,4325,1
13401,31.9966,32.0078,4096,235.8750,4,47.9268,4326,1
13402,31.9966,32.0078,4096,235.8750,4,47.9268,4326,1
13403,31.9966,32.0078,4096,235.8750,4,47.9268,4326,1
13404,31.9966,32.0078,4096,235.8750,4,47.9268,4327,1
13405,31.9966,32.0078,4096,235.8750,4,47.9268,4328,1
13406,31.9966,32.0078,4096,235.8750,4,47.9268,4328,1
13407,31.9966,32.0078,4096,235.8750,4,47.9268,4328,1
13408,31.9966,32.0078,4096,235.8750,4,47.9268,4328,1
13409,31.9966,32.0078,4096,235.8750,4,47.9268,4328,1
13410,31.9966,32.0078,4096,235.8750,4,47.9268,4328,1
13411,31.9966,32.0078,4096,235.8750,4,47.9268,4329,1
13412,31.9966,32.0078,4096,235.8750,4,47.9268,4329,1
13413,31.9966,32.0078,4096,235.8750,4,47.9268,4329,1
13414,31.9966,32.0078,4096,235.8750,4,47.9268,4329,1
13415,31.9966,32.0078,4096,235.8750,4,47.9268,4330,1
13416,31.9966,32.0078,4096,235.8750,4,47.9268,4330,1
13417,31.9966,32.0078,4096,235.8750,4,47.9268,4330,1
13418,31.9966,32.0078,4096,235.8750,4,47.9268,4330,1
13419,31.9966,32.0078,4096,235.8750,4,47.9268,4330,1
13420,31.9966,32.0078,4096,235.8750,4,47.9268,4331,1
13421,31.9966,32.0078,4096,235.8750,4,47.9268,4331,1
13422,31.9966,32.0078,4096,235.8750,4,47.9268,4332,1
13423,31.9966,32.0078,4096,235.8750,4,47.9268,4333,1
13424,31.9966,32.0078,4096,235.8750,4,47.9268,4333,1
13425,31.9966,32.0078,4096,235.8750,4,47.9268,4333,1
13426,31.9966,32.0078,4096,235.8750,4,47.9268,4334,1
13427,31.9966,32.0078,4096,235.8750,4,47.9268,4334,1
13428,31.9966,32.0078,4096,235.8750,4,47.9268,4335,1
13429,31.9966,32.0078,4096,235.8750,4,47.9268,4336,1
13430,31.9966,32.0078,4096,235.8750,4,47.9268,4336,1
13431,31.9966,32.0078,4096,235.8750,4,47.9268,4336,1
13432,31.9966,32.0078,4096,235.8750,4,47.9268,4336,1
13433,31.9966,32.0078,4096,235.8750,4,47.9268,4336,1
13434,31.9966,32.0078,4096,235.8750,4,47.9268,4337,1
13435,31.9966,32.0078,4096,235.8750,4,47.9268,4337,1
13436,31.9966,32.0078,4096,235.8750,4,47.9268,4337,1
13437,31.9966,32.0078,4096,235.8750,4,47.9268,4337,1
13438,31.9966,32.0078,4096,235.8750,4,47.9268,4337,1
13439,31.9966,32.0078,4096,235.8750,4,47.9268,4337,1
13440,31.9966,32.0078,4096,235.8750,4,47.9268,4337,1
13441,31.9966,32.0078,4096,235.8750,4,47.9268,4337,1
13442,31.9966,32.0078,4096,235.8750,4,47.9268,4338,1
13443,31.9966,32.0078,4096,235.8750,4,47.9268,4338,1
13444,31.9966,32.0078,4096,235.8750,4,47.9268,4338,1
13445,31.9966,32.0078,4096,235.8750,4,47.9268,4338,1
13446,31.9966,32.0078,4096,235.8750,4,47.9268,4338,1
13447,31.9966,32.0078,4096,235.8750,4,47.9268,4338,1
13448,31.9966,32.0078,4096,235.8750,4,47.9268,4338,1
13449,31.9966,32.0078,4096,235.8750,4,47.9268,4338,1
13450,31.9966,32.0078,4096,235.8750,4,47.9268,4338,1
13451,31.9966,32.0078,4096,235.8750,4,47.9268,4338,1
13452,31.9966,32.0078,4096,235.8750,4,47.9268,4338,1
13453,31.9966,32.0078,4096,235.8750,4,47.9268,4338,1
13454,31.9966,32.0078,4096,235.8750,4,47.9268,4339,1
13455,31.9966,32.0078,4096,235.8750,4,47.9268,4339,1
13456,31.9966,32.0078,4096,235.8750,4,47.9268,4339,1
13457,31.9966,32.0078,4096,235.8750,4,47.9268,4339,1
13458,31.9966,32.0078,4096,235.8750,4,47.9268,4339,1
13459,31.9966,32.0078,4096,235.8750,4,47.9268,4339,1
13460,31.9966,32.0078,4096,235.8750,4,47.9268,4339,1
13461,31.9966,32.0078,4096,235.8750,4,47.9268,4340,1
13462,31.9966,32.0078,4096,235.8750,4,47.9268,4340,1
13463,31.9966,32.0078,4096,235.8750,4,47.9268,4340,1
13464,31.9966,32.0078,4096,235.8750,4,47.9268,4341,1
13465,31.9966,32.0078,4096,235.8750,4,47.9268,4341,1
13466,31.9966,32.0078,4096,235.8750,4,47.9268,4341,1
13467,31.9966,32.0078,4096,235.8750,4,47.9268,4342,1
13468,31.9966,32.0078,4096,235.8750,4,47.9268,4342,1
13469,31.9966,32.0078,4096,235.8750,4,47.9268,4342,1
13470,31.9966,32.0078,4096,235.8750,4,47.9268,4343,1
13471,31.9966,32.0078,4096,235.8750,4,47.9268,4344,1
13472,31.9966,32.0078,4096,235.8750,4,47.9268,4345,1
13473,31.9966,32.0078,4096,235.8750,4,47.9268,4346,1
13474,31.9966,32.0078,4096,235.8750,4,47.9268,4347,1
13475,31.9966,32.0078,4096,235.8750,4,47.9268,4348,1
13476,31.9966,32.0078,4096,235.8750,4,47.9268,4348,1
13477,31.9966,32.0078,4096,235.8750,4,47.9268,4348,1
13478,31.9966,32.0078,4096,235.8750,4,47.9268,4348,1
13479,31.9966,32.0078,4096,235.8750,4,47.9268,4348,1
13480,31.9966,32.0078,4096,235.8750,4,47.9268,4348,1
13481,31.9966,32.0078,4096,235.8750,4,47.9268,4348,1
13482,31.9966,32.0078,4096,235.8750,4,47.9268,4348,1
13483,31.9966,32.0078,4096,235.8750,4,47.9268,4348,1
13484,31.9966,32.0078,4096,235.8750,4,47.9268,4349,1
13485,31.9966,32.0078,4096,235.8750,4,47.9268,4350,1
13486,31.9966,32.0078,4096,235.8750,4,47.9268,4350,1
13487,31.9966,32.0078,4096,235.8750,4,47.9268,4350,1
13488,31.9966,32.0078,4096,235.8750,4,47.9268,4350,1
13489,31.9966,32.0078,4096,235.8750,4,47.9268,4350,1
13490,31.9966,32.0078,4096,235.8750,4,47.9268,4350,1
13491,31.9966,32.0078,4096,235.8750,4,47.9268,4351,1
13492,31.9966,32.0078,4096,235.8750,4,47.9268,4351,1
13493,31.9966,32.0078,4096,235.8750,4,47.9268,4351,1
13494,31.9966,32.0078,4096,235.8750,4,47.9268,4352,1
13495,31.9966,32.0078,4096,235.8750,4,47.9268,4353,1
13496,31.9966,32.0078,4096,235.8750,4,47.9268,4353,1
13497,31.9966,32.0078,4096,235.8750,4,47.9268,4354,1
13498,31.9966,32.0078,4096,235.8750,4,47.9268,4354,1
13499,31.9966,32.0078,4096,235.8750,4,47.9268,4354,1
13500,31.9966,32.0078,4096,235.8750,4,47.9268,4354,1
13501,31.9966,32.0078,4096,235.8750,4,47.9268,4354,1
13502,31.9966,32.0078,4096,235.8750,4,47.9268,4354,1
13503,31.9966,32.0078,4096,235.8750,4,47.9268,4354,1
13504,31.9966,32.0078,4096,235.8750,4,47.9268,4354,1
13505,31.9966,32.0078,4096,235.8750,4,47.9268,4354,1
13506,31.9966,32.0078,4096,235.8750,4,47.9268,4354,1
13507,31.9966,32.0078,4096,235.8750,4,47.9268,4354,1
13508,31.9966,32.0078,4096,235.8750,4,47.9268,4354,1
13509,31.9966,32.0078,4096,235.8750,4,47.9268,4354,1
13510,31.9966,32.0078,4096,235.8750,4,47.9268,4354,1
13511,31.9966,32.0078,4096,235.8750,4,47.9268,4354,1
13512,31.9966,32.0078,4096,235.8750,4,47.9268,4355,1
13513,31.9966,32.0078,4096,235.8750,4,47.9268,4355,1
13514,31.9966,32.0078,4096,235.8750,4,47.9268,4355,1
13515,31.9966,32.0078,4096,235.8750,4,47.9268,4355,1
13516,31.9966,32.0078,4096,235.8750,4,47.9268,4355,1
13517,31.9966,32.0078,4096,235.8750,4,47.9268,4355,1
13518,31.9966,32.0078,4096,235.8750,4,47.9268,4355,1
13519,31.9966,32.0078,4096,235.8750,4,47.9268,4355,1
13520,31.9966,32.0078,4096,235.8750,4,47.9268,4355,1
13521,31.9966,32.0078,4096,235.8750,4,47.9268,4355,1
13522,31.9966,32.0078,4096,235.8750,4,47.9268,4355,1
13523,31.9966,32.0078,4096,235.8750,4,47.9268,4355,1
13524,31.9966,32.0078,4096,235.8750,4,47.9268,4355,1
13525,31.9966,32.0078,4096,235.8750,4,47.9268,4355,1
13526,31.9966,32.0078,4096,235.8750,4,47.9268,4355,1
13527,31.9966,32.0078,4096,235.8750,4,47.9268,4355,1
13528,31.9966,32.0078,4096,235.8750,4,47.9268,4355,1
13529,31.9966,32.0078,4096,235.8750,4,47.9268,4355,1
13530,31.9966,32.0078,4096,235.8750,4,47.9268,4355,1
13531,31.9966,32.0078,4096,235.8750,4,47.9268,4355,1
13532,31.9966,32.0078,4096,235.8750,4,47.9268,4356,1
13533,31.9966,32.0078,4096,235.8750,4,47.9268,4356,1
13534,31.9966,32.0078,4096,235.8750,4,47.9268,4356,1
13535,31.9966,32.0078,4096,235.8750,4,47.9268,4357,1
13536,31.9966,32.0078,4096,235.8750,4,47.9268,4357,1
13537,31.9966,32.0078,4096,235.8750,4,47.9268,4357,1
13538,31.9966,32.0078,4096,235.8750,4,47.9268,4357,1
13539,31.9966,32.0078,4096,235.8750,4,47.9268,4357,1
13540,31.9966,32.0078,4096,235.8750,4,47.9268,4357,1
13541,31.9966,32.0078,4096,235.8750,4,47.9268,4357,1
13542,31.9966,32.0078,4096,235.8750,4,47.9268,4357,1
13543,31.9966,32.0078,4096,235.8750,4,47.9268,4357,1
13544,31.9966,32.0078,4096,235.8750,4,47.9268,4357,1
13545,31.9966,32.0078,4096,235.8750,4,47.9268,4357,1
13546,31.9966,32.0078,4096,235.8750,4,47.9268,4357,1
13547,31.9966,32.0078,4096,235.8750,4,47.9268,4357,1
13548,31.9966,32.0078,4096,235.8750,4,47.9268,4358,1
13549,31.9966,32.0078,4096,235.8750,4,47.9268,4358,1
13550,31.9966,32.0078,4096,235.8750,4,47.9268,4358,1
13551,31.9966,32.0078,4096,235.8750,4,47.9268,4358,1
13552,31.9966,32.0078,4096,235.8750,4,47.9268,4358,1
13553,31.9966,32.0078,4096,235.8750,4,47.9268,4358,1
13554,31.9966,32.0078,4096,235.8750,4,47.9268,4358,1
13555,31.9966,32.0078,4096,235.8750,4,47.9268,4358,1
13556,31.9966,32.0078,4096,235.8750,4,47.9268,4358,1
13557,31.9966,32.0078,4096,235.8750,4,47.9268,4358,1
13558,31.9966,32.0078,4096,235.8750,4,47.9268,4359,1
13559,31.9966,32.0078,4096,235.8750,4,47.9268,4359,1
13560,31.9966,32.0078,4096,235.8750,4,47.9268,4359,1
13561,31.9966,32.0078,4096,235.8750,4,47.9268,4359,1
13562,31.9966,32.0078,4096,235.8750,4,47.9268,4360,1
13563,31.9966,32.0078,4096,235.8750,4,47.9268,4360,1
13564,31.9966,32.0078,4096,235.8750,4,47.9268,4360,1
13565,31.9966,32.0078,4096,235.8750,4,47.9268,4360,1
13566,31.9966,32.0078,4096,235.8750,4,47.9268,4360,1
13567,31.9966,32.0078,4096,235.8750,4,47.9268,4360,1
13568,31.9966,32.0078,4096,235.8750,4,47.9268,4360,1
13569,31.9966,32.0078,4096,235.8750,4,47.9268,4360,1
13570,31.9966,32.0078,4096,235.8750,4,47.9268,4360,1
13571,31.9966,32.0078,4096,235.8750,4,47.9268,4360,1
13572,31.9966,32.0078,4096,235.8750,4,47.9268,4360,1
13573,31.9966,32.0078,4096,235.8750,4,47.9268,4360,1
13574,31.9966,32.0078,4096,235.8750,4,47.9268,4360,1
13575,31.9966,32.0078,4096,235.8750,4,47.9268,4360,1
13576,31.9966,32.0078,4096,235.8750,4,47.9268,4360,1
13577,31.9966,32.0078,4096,235.8750,4,47.9268,4360,1
13578,31.9966,32.0078,4096,235.8750,4,47.9268,4360,1
13579,31.9966,32.0078,4096,235.8750,4,47.9268,4360,1
13580,31.9966,32.0078,4096,235.8750,4,47.9268,4360,1
13581,31.9966,32.0078,4096,235.8750,4,47.9268,4360,1
13582,31.9966,32.0078,4096,235.8750,4,47.9268,4360,1
13583,31.9966,32.0078,4096,235.8750,4,47.9268,4360,1
13584,31.9966,32.0078,4096,235.8750,4,47.9268,4360,1
13585,31.9966,32.0078,4096,235.8750,4,47.9268,4360,1
13586,31.9966,32.0078,4096,235.8750,4,47.9268,4360,1
13587,31.9966,32.0078,4096,235.8750,4,47.9268,4360,1
13588,31.9966,32.0078,4096,235.8750,4,47.9268,4361,1
13589,31.9966,32.0078,4096,235.8750,4,47.9268,4361,1
13590,31.9966,32.0078,4096,235.8750,4,47.9268,4361,1
13591,31.9966,32.0078,4096,235.8750,4,47.9268,4361,1
13592,31.9966,32.0078,4096,235.8750,4,47.9268,4361,1
13593,31.9966,32.0078,4096,235.8750,4,47.9268,4361,1
13594,31.9966,32.0078,4096,235.8750,4,47.9268,4361,1
13595,31.9966,32.0078,4096,235.8750,4,47.9268,4361,1
13596,31.9966,32.0078,4096,235.8750,4,47.9268,4362,1
13597,31.9966,32.0078,4096,235.8750,4,47.9268,4363,1
13598,31.9966,32.0078,4096,235.8750,4,47.9268,4364,1
13599,31.9966,32.0078,4096,235.8750,4,47.9268,4364,1
13600,31.9966,32.0078,4096,235.8750,4,47.9268,4364,1
13601,31.9966,32.0078,4096,235.8750,4,47.9268,4364,1
13602,31.9966,32.0078,4096,235.8750,4,47.9268,4364,1
13603,31.9966,32.0078,4096,235.8750,4,47.9268,4364,1
13604,31.9966,32.0078,4096,235.8750,4,47.9268,4364,1
13605,31.9966,32.0078,4096,235.8750,4,47.9268,4365,1
13606,31.9966,32.0078,4096,235.8750,4,47.9268,4366,1
13607,31.9966,32.0078,4096,235.8750,4,47.9268,4366,1
13608,31.9966,32.0078,4096,235.8750,4,47.9268,4366,1
13609,31.9966,32.0078,4096,235.8750,4,47.9268,4366,1
13610,31.9966,32.0078,4096,235.8750,4,47.9268,4366,1
13611,31.9966,32.0078,4096,235.8750,4,47.9268,4366,1
13612,31.9966,32.0078,4096,235.8750,4,47.9268,4366,1
13613,31.9966,32.0078,4096,235.8750,4,47.9268,4366,1
13614,31.9966,32.0078,4096,235.8750,4,47.9268,4366,1
13615,31.9966,32.0078,4096,235.8750,4,47.9268,4366,1
13616,31.9966,32.0078,4096,235.8750,4,47.9268,4367,1
13617,31.9966,32.0078,4096,235.8750,4,47.9268,4367,1
13618,31.9966,32.0078,4096,235.8750,4,47.9268,4367,1
13619,31.9966,32.0078,4096,235.8750,4,47.9268,4367,1
13620,31.9966,32.0078,4096,235.8750,4,47.9268,4367,1
13621,31.9966,32.0078,4096,235.8750,4,47.9268,4368,1
13622,31.9966,32.0078,4096,235.8750,4,47.9268,4368,1
13623,31.9966,32.0078,4096,235.8750,4,47.9268,4368,1
13624,31.9966,32.0078,4096,235.8750,4,47.9268,4369,1
13625,31.9966,32.0078,4096,235.8750,4,47.9268,4369,1
13626,31.9966,32.0078,4096,235.8750,4,47.9268,4370,1
13627,31.9966,32.0078,4096,235.8750,4,47.9268,4370,1
13628,31.9966,32.0078,4096,235.8750,4,47.9268,4370,1
13629,31.9966,32.0078,4096,235.8750,4,47.9268,4371,1
13630,31.9966,32.0078,4096,235.8750,4,47.9268,4371,1
13631,31.9966,32.0078,4096,235.8750,4,47.9268,4371,1
13632,31.9966,32.0078,4096,235.8750,4,47.9268,4372,1
13633,31.9966,32.0078,4096,235.8750,4,47.9268,4372,1
13634,31.9966,32.0078,4096,235.8750,4,47.9268,4372,1
13635,31.9966,32.0078,4096,235.8750,4,47.9268,4372,1
13636,31.9966,32.0078,4096,235.8750,4,47.9268,4373,1
13637,31.9966,32.0078,4096,235.8750,4,47.9268,4373,1
13638,31.9966,32.0078,4096,235.8750,4,47.9268,4374,1
13639,31.9966,32.0078,4096,235.8750,4,47.9268,4374,1
13640,31.9966,32.0078,4096,235.8750,4,47.9268,4374,1
13641,31.9966,32.0078,4096,235.8750,4,47.9268,4374,1
13642,31.9966,32.0078,4096,235.8750,4,47.9268,4374,1
13643,31.9966,32.0078,4096,235.8750,4,47.9268,4374,1
13644,31.9966,32.0078,4096,235.8750,4,47.9268,4375,1
13645,31.9966,32.0078,4096,235.8750,4,47.9268,4376,1
13646,31.9966,32.0078,4096,235.8750,4,47.9268,4377,1
13647,31.9966,32.0078,4096,235.8750,4,47.9268,4378,1
13648,31.9966,32.0078,4096,235.8750,4,47.9268,4378,1
13649,31.9966,32.0078,4096,235.8750,4,47.9268,4379,1
13650,31.9966,32.0078,4096,235.8750,4,47.9268,4380,1
13651,31.9966,32.0078,4096,235.8750,4,47.9268,4381,1
13652,31.9966,32.0078,4096,235.8750,4,47.9268,4381,1
13653,31.9966,32.0078,4096,235.8750,4,47.9268,4381,1
13654,31.9966,32.0078,4096,235.8750,4,47.9268,4382,1
13655,31.9966,32.0078,4096,235.8750,4,47.9268,4382,1
13656,31.9966,32.0078,4096,235.8750,4,47.9268,4383,1
13657,31.9966,32.0078,4096,235.8750,4,47.9268,4383,1
13658,31.9966,32.0078,4096,235.8750,4,47.9268,4383,1
13659,31.9966,32.0078,4096,235.8750,4,47.9268,4383,1
13660,31.9966,32.0078,4096,235.8750,4,47.9268,4383,1
13661,31.9966,32.0078,4096,235.8750,4,47.9268,4383,1
13662,31.9966,32.0078,4096,235.8750,4,47.9268,4383,1
13663,31.9966,32.0078,4096,235.8750,4,47.9268,4384,1
13664,31.9966,32.0078,4096,235.8750,4,47.9268,4385,1
13665,31.9966,32.0078,4096,235.8750,4,47.9268,4386,1
13666,31.9966,32.0078,4096,235.8750,4,47.9268,4386,1
13667,31.9966,32.0078,4096,235.8750,4,47.9268,4386,1
13668,31.9966,32.0078,4096,235.8750,4,47.9268,4386,1
13669,31.9966,32.0078,4096,235.8750,4,47.9268,4386,1
13670,31.9966,32.0078,4096,235.8750,4,47.9268,4386,1
13671,31.9966,32.0078,4096,235.8750,4,47.9268,4387,1
13672,31.9966,32.0078,4096,235.8750,4,47.9268,4387,1
13673,31.9966,32.0078,4096,235.8750,4,47.9268,4387,1
13674,31.9966,32.0078,4096,235.8750,4,47.9268,4387,1
13675,31.9966,32.0078,4096,235.8750,4,47.9268,4387,1
13676,31.9966,32.0078,4096,235.8750,4,47.9268,4387,1
13677,31.9966,32.0078,4096,235.8750,4,47.9268,4387,1
13678,31.9966,32.0078,4096,235.8750,4,47.9268,4387,1
13679,31.9966,32.0078,4096,235.8750,4,47.9268,4387,1
13680,31.9966,32.0078,4096,235.8750,4,47.9268,4387,1
13681,31.9966,32.0078,4096,235.8750,4,47.9268,4387,1
13682,31.9966,32.0078,4096,235.8750,4,47.9268,4387,1
13683,31.9966,32.0078,4096,235.8750,4,47.9268,4387,1
13684,31.9966,32.0078,4096,235.8750,4,47.9268,4387,1
13685,31.9966,32.0078,4096,235.8750,4,47.9268,4387,1
13686,31.9966,32.0078,4096,235.8750,4,47.9268,4387,1
13687,31.9966,32.0078,4096,235.8750,4,47.9268,4387,1
13688,31.9966,32.0078,4096,235.8750,4,47.9268,4387,1
13689,31.9966,32.0078,4096,235.8750,4,47.9268,4387,1
13690,31.9966,32.0078,4096,235.8750,4,47.9268,4387,1
13691,31.9966,32.0078,4096,235.8750,4,47.9268,4388,1
13692,31.9966,32.0078,4096,235.8750,4,47.9268,4389,1
13693,31.9966,32.0078,4096,235.8750,4,47.9268,4389,1
13694,31.9966,32.0078,4096,235.8750,4,47.9268,4390,1
13695,31.9966,32.0078,4096,235.8750,4,47.9268,4390,1
13696,31.9966,32.0078,4096,235.8750,4,47.9268,4390,1
13697,31.9966,32.0078,4096,235.8750,4,47.9268,4390,1
13698,31.9966,32.0078,4096,235.8750,4,47.9268,4390,1
13699,31.9966,32.0078,4096,235.8750,4,47.9268,4391,1
13700,31.9966,32.0078,4096,235.8750,4,47.9268,4392,1
13701,31.9966,32.0078,4096,235.8750,4,47.9268,4392,1
13702,31.9966,32.0078,4096,235.8750,4,47.9268,4392,1
13703,31.9966,32.0078,4096,235.8750,4,47.9268,4392,1
13704,31.9966,32.0078,4096,235.8750,4,47.9268,4392,1
13705,31.9966,32.0078,4096,235.8750,4,47.9268,4392,1
13706,31.9966,32.0078,4096,235.8750,4,47.9268,4392,1
13707,31.9966,32.0078,4096,235.8750,4,47.9268,4392,1
13708,31.9966,32.0078,4096,235.8750,4,47.9268,4392,1
13709,31.9966,32.0078,4096,235.8750,4,47.9268,4392,1
13710,31.9966,32.0078,4096,235.8750,4,47.9268,4392,1
13711,31.9966,32.0078,4096,235.8750,4,47.9268,4392,1
13712,31.9966,32.0078,4096,235.8750,4,47.9268,4392,1
13713,31.9966,32.0078,4096,235.8750,4,47.9268,4392,1
13714,31.9966,32.0078,4096,235.8750,4,47.9268,4393,1
13715,31.9966,32.0078,4096,235.8750,4,47.9268,4393,1
13716,31.9966,32.0078,4096,235.8750,4,47.9268,4393,1
13717,31.9966,32.0078,4096,235.8750,4,47.9268,4393,1
13718,31.9966,32.0078,4096,235.8750,4,47.9268,4393,1
13719,31.9966,32.0078,4096,235.8750,4,47.9268,4393,1
13720,31.9966,32.0078,4096,235.8750,4,47.9268,4393,1
13721,31.9966,32.0078,4096,235.8750,4,47.9268,4393,1
13722,31.9966,32.0078,4096,235.8750,4,47.9268,4394,1
13723,31.9966,32.0078,4096,235.8750,4,47.9268,4394,1
13724,31.9966,32.0078,4096,235.8750,4,47.9268,4395,1
13725,31.9966,32.0078,4096,235.8750,4,47.9268,4395,1
13726,31.9966,32.0078,4096,235.8750,4,47.9268,4395,1
13727,31.9966,32.0078,4096,235.8750,4,47.9268,4395,1
13728,31.9966,32.0078,4096,235.8750,4,47.9268,4396,1
13729,31.9966,32.0078,4096,235.8750,4,47.9268,4396,1
13730,31.9966,32.0078,4096,235.8750,4,47.9268,4397,1
13731,31.9966,32.0078,4096,235.8750,4,47.9268,4397,1
13732,31.9966,32.0078,4096,235.8750,4,47.9268,4397,1
13733,31.9966,32.0078,4096,235.8750,4,47.9268,4397,1
13734,31.9966,32.0078,4096,235.8750,4,47.9268,4398,1
13735,31.9966,32.0078,4096,235.8750,4,47.9268,4398,1
13736,31.9966,32.0078,4096,235.8750,4,47.9268,4399,1
13737,31.9966,32.0078,4096,235.8750,4,47.9268,4399,1
13738,31.9966,32.0078,4096,235.8750,4,47.9268,4399,1
13739,31.9966,32.0078,4096,235.8750,4,47.9268,4399,1
13740,31.9966,32.0078,4096,235.8750,4,47.9268,4400,1
13741,31.9966,32.0078,4096,235.8750,4,47.9268,4401,1
13742,31.9966,32.0078,4096,235.8750,4,47.9268,4402,1
13743,31.9966,32.0078,4096,235.8750,4,47.9268,4403,1
13744,31.9966,32.0078,4096,235.8750,4,47.9268,4403,1
13745,31.9966,32.0078,4096,235.8750,4,47.9268,4403,1
13746,31.9966,32.0078,4096,235.8750,4,47.9268,4404,1
13747,31.9966,32.0078,4096,235.8750,4,47.9268,4405,1
13748,31.9966,32.0078,4096,235.8750,4,47.9268,4405,1
13749,31.9966,32.0078,4096,235.8750,4,47.9268,4405,1
13750,31.9966,32.0078,4096,235.8750,4,47.9268,4405,1
13751,31.9966,32.0078,4096,235.8750,4,47.9268,4405,1
13752,31.9966,32.0078,4096,235.8750,4,47.9268,4405,1
13753,31.9966,32.0078,4096,235.8750,4,47.9268,4405,1
13754,31.9966,32.0078,4096,235.8750,4,47.9268,4406,1
13755,31.9966,32.0078,4096,235.8750,4,47.9268,4406,1
13756,31.9966,32.0078,4096,235.8750,4,47.9268,4406,1
13757,31.9966,32.0078,4096,235.8750,4,47.9268,4406,1
13758,31.9966,32.0078,4096,235.8750,4,47.9268,4406,1
13759,31.9966,32.0078,4096,235.8750,4,47.9268,4406,1
13760,31.9966,32.0078,4096,235.8750,4,47.9268,4406,1
13761,31.9966,32.0078,4096,235.8750,4,47.9268,4406,1
13762,31.9966,32.0078,4096,235.8750,4,47.9268,4406,1
13763,31.9966,32.0078,4096,235.8750,4,47.9268,4407,1
13764,31.9966,32.0078,4096,235.8750,4,47.9268,4408,1
13765,31.9966,32.0078,4096,235.8750,4,47.9268,4409,1
13766,31.9966,32.0078,4096,235.8750,4,47.9268,4410,1
13767,31.9966,32.0078,4096,235.8750,4,47.9268,4410,1
13768,31.9966,32.0078,4096,235.8750,4,47.9268,4410,1
13769,31.9966,32.0078,4096,235.8750,4,47.9268,4411,1
13770,31.9966,32.0078,4096,235.8750,4,47.9268,4412,1
13771,31.9966,32.0078,4096,235.8750,4,47.9268,4413,1
13772,31.9966,32.0078,4096,235.8750,4,47.9268,4413,1
13773,31.9966,32.0078,4096,235.8750,4,47.9268,4413,1
13774,31.9966,32.0078,4096,235.8750,4,47.9268,4413,1
13775,31.9966,32.0078,4096,235.8750,4,47.9268,4413,1
13776,31.9966,32.0078,4096,235.8750,4,47.9268,4413,1
13777,31.9966,32.0078,4096,235.8750,4,47.9268,4413,1
13778,31.9966,32.0078,4096,235.8750,4,47.9268,4413,1
13779,31.9966,32.0078,4096,235.8750,4,47.9268,4413,1
13780,31.9966,32.0078,4096,235.8750,4,47.9268,4413,1
13781,31.9966,32.0078,4096,235.8750,4,47.9268,4413,1
13782,31.9966,32.0078,4096,235.8750,4,47.9268,4413,1
13783,31.9966,32.0078,4096,235.8750,4,47.9268,4413,1
13784,31.9966,32.0078,4096,235.8750,4,47.9268,4413,1
13785,31.9966,32.0078,4096,235.8750,4,47.9268,4414,1
13786,31.9966,32.0078,4096,235.8750,4,47.9268,4414,1
13787,31.9966,32.0078,4096,235.8750,4,47.9268,4414,1
13788,31.9966,32.0078,4096,235.8750,4,47.9268,4414,1
13789,31.9966,32.0078,4096,235.8750,4,47.9268,4415,1
13790,31.9966,32.0078,4096,235.8750,4,47.9268,4416,1
13791,31.9966,32.0078,4096,235.8750,4,47.9268,4416,1
13792,31.9966,32.0078,4096,235.8750,4,47.9268,4417,1
13793,31.9966,32.0078,4096,235.8750,4,47.9268,4417,1
13794,31.9966,32.0078,4096,235.8750,4,47.9268,4418,1
13795,31.9966,32.0078,4096,235.8750,4,47.9268,4418,1
13796,31.9966,32.0078,4096,235.8750,4,47.9268,4418,1
13797,31.9966,32.0078,4096,235.8750,4,47.9268,4418,1
13798,31.9966,32.0078,4096,235.8750,4,47.9268,4418,1
13799,31.9966,32.0078,4096,235.8750,4,47.9268,4418,1
13800,31.9966,32.0078,4096,235.8750,4,47.9268,4418,1
13801,31.9966,32.0078,4096,235.8750,4,47.9268,4419,1
13802,31.9966,32.0078,4096,235.8750,4,47.9268,4419,1
13803,31.9966,32.0078,4096,235.8750,4,47.9268,4420,1
13804,31.9966,32.0078,4096,235.8750,4,47.9268,4420,1
13805,31.9966,32.0078,4096,235.8750,4,47.9268,4420,1
13806,31.9966,32.0078,4096,235.8750,4,47.9268,4421,1
13807,31.9966,32.0078,4096,235.8750,4,47.9268,4422,1
13808,31.9966,32.0078,4096,235.8750,4,47.9268,4423,1
13809,31.9966,32.0078,4096,235.8750,4,47.9268,4424,1
13810,31.9966,32.0078,4096,235.8750,4,47.9268,4424,1
13811,31.9966,32.0078,4096,235.8750,4,47.9268,4424,1
13812,31.9966,32.0078,4096,235.8750,4,47.9268,4424,1
13813,31.9966,32.0078,4096,235.8750,4,47.9268,4424,1
13814,31.9966,32.0078,4096,235.8750,4,47.9268,4425,1
13815,31.9966,32.0078,4096,235.8750,4,47.9268,4425,1
13816,31.9966,32.0078,4096,235.8750,4,47.9268,4425,1
13817,31.9966,32.0078,4096,235.8750,4,47.9268,4425,1
13818,31.9966,32.0078,4096,235.8750,4,47.9268,4425,1
13819,31.9966,32.0078,4096,235.8750,4,47.9268,4425,1
13820,31.9966,32.0078,4096,235.8750,4,47.9268,4425,1
13821,31.9966,32.0078,4096,235.8750,4,47.9268,4425,1
13822,31.9966,32.0078,4096,235.8750,4,47.9268,4425,1
13823,31.9966,32.0078,4096,235.8750,4,47.9268,4425,1
13824,31.9966,32.0078,4096,235.8750,4,47.9268,4425,1
13825,31.9966,32.0078,4096,235.8750,4,47.9268,4425,1
13826,31.9966,32.0078,4096,235.8750,4,47.9268,4425,1
13827,31.9966,32.0078,4096,235.8750,4,47.9268,4425,1
13828,31.9966,32.0078,4096,235.8750,4,47.9268,4425,1
13829,31.9966,32.0078,4096,235.8750,4,47.9268,4426,1
13830,31.9966,32.0078,4096,235.8750,4,47.9268,4427,1
13831,31.9966,32.0078,4096,235.8750,4,47.9268,4428,1
13832,31.9966,32.0078,4096,235.8750,4,47.9268,4428,1
13833,31.9966,32.0078,4096,235.8750,4,47.9268,4428,1
13834,31.9966,32.0078,4096,235.8750,4,47.9268,4428,1
13835,31.9966,32.0078,4096,235.8750,4,47.9268,4428,1
13836,31.9966,32.0078,4096,235.8750,4,47.9268,4429,1
13837,31.9966,32.0078,4096,235.8750,4,47.9268,4429,1
13838,31.9966,32.0078,4096,235.8750,4,47.9268,4429,1
13839,31.9966,32.0078,4096,235.8750,4,47.9268,4429,1
13840,31.9966,32.0078,4096,235.8750,4,47.9268,4429,1
13841,31.9966,32.0078,4096,235.8750,4,47.9268,4430,1
13842,31.9966,32.0078,4096,235.8750,4,47.9268,4430,1
13843,31.9966,32.0078,4096,235.8750,4,47.9268,4430,1
13844,31.9966,32.0078,4096,235.8750,4,47.9268,4430,1
13845,31.9966,32.0078,4096,235.8750,4,47.9268,4430,1
13846,31.9966,32.0078,4096,235.8750,4,47.9268,4430,1
13847,31.9966,32.0078,4096,235.8750,4,47.9268,4430,1
13848,31.9966,32.0078,4096,235.8750,4,47.9268,4430,1
13849,31.9966,32.0078,4096,235.8750,4,47.9268,4430,1
13850,31.9966,32.0078,4096,235.8750,4,47.9268,4430,1
13851,31.9966,32.0078,4096,235.8750,4,47.9268,4431,1
13852,31.9966,32.0078,4096,235.8750,4,47.9268,4432,1
13853,31.9966,32.0078,4096,235.8750,4,47.9268,4432,1
13854,31.9966,32.0078,4096,235.8750,4,47.9268,4432,1
13855,31.9966,32.0078,4096,235.8750,4,47.9268,4432,1
13856,31.9966,32.0078,4096,235.8750,4,47.9268,4432,1
13857,31.9966,32.0078,4096,235.8750,4,47.9268,4432,1
13858,31.9966,32.0078,4096,235.8750,4,47.9268,4432,1
13859,31.9966,32.0078,4096,235.8750,4,47.9268,4432,1
13860,31.9966,32.0078,4096,235.8750,4,47.9268,4432,1
13861,31.9966,32.0078,4096,235.8750,4,47.9268,4432,1
13862,31.9966,32.0078,4096,235.8750,4,47.9268,4433,1
13863,31.9966,32.0078,4096,235.8750,4,47.9268,4433,1
13864,31.9966,32.0078,4096,235.8750,4,47.9268,4433,1
13865,31.9966,32.0078,4096,235.8750,4,47.9268,4433,1
13866,31.9966,32.0078,4096,235.8750,4,47.9268,4434,1
13867,31.9966,32.0078,4096,235.8750,4,47.9268,4434,1
13868,31.9966,32.0078,4096,235.8750,4,47.9268,4434,1
13869,31.9966,32.0078,4096,235.8750,4,47.9268,4434,1
13870,31.9966,32.0078,4096,235.8750,4,47.9268,4435,1
13871,31.9966,32.0078,4096,235.8750,4,47.9268,4436,1
13872,31.9966,32.0078,4096,235.8750,4,47.9268,4437,1
13873,31.9966,32.0078,4096,235.8750,4,47.9268,4437,1
13874,31.9966,32.0078,4096,235.8750,4,47.9268,4437,1
13875,31.9966,32.0078,4096,235.8750,4,47.9268,4437,1
13876,31.9966,32.0078,4096,235.8750,4,47.9268,4437,1
13877,31.9966,32.0078,4096,235.8750,4,47.9268,4438,1
13878,31.9966,32.0078,4096,235.8750,4,47.9268,4439,1
13879,31.9966,32.0078,4096,235.8750,4,47.9268,4439,1
13880,31.9966,32.0078,4096,235.8750,4,47.9268,4439,1
13881,31.9966,32.0078,4096,235.8750,4,47.9268,4439,1
13882,31.9966,32.0078,4096,235.8750,4,47.9268,4439,1
13883,31.9966,32.0078,4096,235.8750,4,47.9268,4439,1
13884,31.9966,32.0078,4096,235.8750,4,47.9268,4439,1
13885,31.9966,32.0078,4096,235.8750,4,47.9268,4439,1
13886,31.9966,32.0078,4096,235.8750,4,47.9268,4439,1
13887,31.9966,32.0078,4096,235.8750,4,47.9268,4439,1
13888,31.9966,32.0078,4096,235.8750,4,47.9268,4439,1
13889,31.9966,32.0078,4096,235.8750,4,47.9268,4439,1
13890,31.9966,32.0078,4096,235.8750,4,47.9268,4439,1
13891,31.9966,32.0078,4096,235.8750,4,47.9268,4439,1
13892,31.9966,32.0078,4096,235.8750,4,47.9268,4439,1
13893,31.9966,32.0078,4096,235.8750,4,47.9268,4440,1
13894,31.9966,32.0078,4096,235.8750,4,47.9268,4441,1
13895,31.9966,32.0078,4096,235.8750,4,47.9268,4442,1
13896,31.9966,32.0078,4096,235.8750,4,47.9268,4442,1
13897,31.9966,32.0078,4096,235.8750,4,47.9268,4442,1
13898,31.9966,32.0078,4096,235.8750,4,47.9268,4442,1
13899,31.9966,32.0078,4096,235.8750,4,47.9268,4442,1
13900,31.9966,32.0078,4096,235.8750,4,47.9268,4442,1
13901,31.9966,32.0078,4096,235.8750,4,47.9268,4442,1
13902,31.9966,32.0078,4096,235.8750,4,47.9268,4442,1
13903,31.9966,32.0078,4096,235.8750,4,47.9268,4443,1
13904,31.9966,32.0078,4096,235.8750,4,47.9268,4444,1
13905,31.9966,32.0078,4096,235.8750,4,47.9268,4444,1
13906,31.9966,32.0078,4096,235.8750,4,47.9268,4445,1
13907,31.9966,32.0078,4096,235.8750,4,47.9268,4445,1
13908,31.9966,32.0078,4096,235.8750,4,47.9268,4445,1
13909,31.9966,32.0078,4096,235.8750,4,47.9268,4445,1
13910,31.9966,32.0078,4096,235.8750,4,47.9268,4445,1
13911,31.9966,32.0078,4096,235.8750,4,47.9268,4445,1
13912,31.9966,32.0078,4096,235.8750,4,47.9268,4446,1
13913,31.9966,32.0078,4096,235.8750,4,47.9268,4446,1
13914,31.9966,32.0078,4096,235.8750,4,47.9268,4446,1
13915,31.9966,32.0078,4096,235.8750,4,47.9268,4446,1
13916,31.9966,32.0078,4096,235.8750,4,47.9268,4446,1
13917,31.9966,32.0078,4096,235.8750,4,47.9268,4446,1
13918,31.9966,32.0078,4096,235.8750,4,47.9268,4446,1
13919,31.9966,32.0078,4096,235.8750,4,47.9268,4446,1
13920,31.9966,32.0078,4096,235.8750,4,47.9268,4446,1
13921,31.9966,32.0078,4096,235.8750,4,47.9268,4446,1
13922,31.9966,32.0078,4096,235.8750,4,47.9268,4446,1
13923,31.9966,32.0078,4096,235.8750,4,47.9268,4446,1
13924,31.9966,32.0078,4096,235.8750,4,47.9268,4446,1
13925,31.9966,32.0078,4096,235.8750,4,47.9268,4446,1
13926,31.9966,32.0078,4096,235.8750,4,47.9268,4446,1
13927,31.9966,32.0078,4096,235.8750,4,47.9268,4446,1
13928,31.9966,32.0078,4096,235.8750,4,47.9268,4446,1
13929,31.9966,32.0078,4096,235.8750,4,47.9268,4446,1
13930,31.9966,32.0078,4096,235.8750,4,47.9268,4446,1
13931,31.9966,32.0078,4096,235.8750,4,47.9268,4446,1
13932,31.9966,32.0078,4096,235.8750,4,47.9268,4447,1
13933,31.9966,32.0078,4096,235.8750,4,47.9268,4447,1
13934,31.9966,32.0078,4096,235.8750,4,47.9268,4447,1
13935,31.9966,32.0078,4096,235.8750,4,47.9268,4448,1
13936,31.9966,32.0078,4096,235.8750,4,47.9268,4448,1
13937,31.9966,32.0078,4096,235.8750,4,47.9268,4448,1
13938,31.9966,32.0078,4096,235.8750,4,47.9268,4448,1
13939,31.9966,32.0078,4096,235.8750,4,47.9268,4448,1
13940,31.9966,32.0078,4096,235.8750,4,47.9268,4448,1
13941,31.9966,32.0078,4096,235.8750,4,47.9268,4448,1
13942,31.9966,32.0078,4096,235.8750,4,47.9268,4449,1
13943,31.9966,32.0078,4096,235.8750,4,47.9268,4449,1
13944,31.9966,32.0078,4096,235.8750,4,47.9268,4449,1
13945,31.9966,32.0078,4096,235.8750,4,47.9268,4450,1
13946,31.9966,32.0078,4096,235.8750,4,47.9268,4450,1
13947,31.9966,32.0078,4096,235.8750,4,47.9268,4450,1
13948,31.9966,32.0078,4096,235.8750,4,47.9268,4451,1
13949,31.9966,32.0078,4096,235.8750,4,47.9268,4451,1
13950,31.9966,32.0078,4096,235.8750,4,47.9268,4451,1
13951,31.9966,32.0078,4096,235.8750,4,47.9268,4451,1
13952,31.9966,32.0078,4096,235.8750,4,47.9268,4452,1
13953,31.9966,32.0078,4096,235.8750,4,47.9268,4452,1
13954,31.9966,32.0078,4096,235.8750,4,47.9268,4452,1
13955,31.9966,32.0078,4096,235.8750,4,47.9268,4453,1
13956,31.9966,32.0078,4096,235.8750,4,47.9268,4453,1
13957,31.9966,32.0078,4096,235.8750,4,47.9268,4454,1
13958,31.9966,32.0078,4096,235.8750,4,47.9268,4454,1
13959,31.9966,32.0078,4096,235.8750,4,47.9268,4454,1
13960,31.9966,32.0078,4096,235.8750,4,47.9268,4455,1
13961,31.9966,32.0078,4096,235.8750,4,47.9268,4456,1
13962,31.9966,32.0078,4096,235.8750,4,47.9268,4456,1
13963,31.9966,32.0078,4096,235.8750,4,47.9268,4456,1
13964,31.9966,32.0078,4096,235.8750,4,47.9268,4456,1
13965,31.9966,32.0078,4096,235.8750,4,47.9268,4456,1
13966,31.9966,32.0078,4096,235.8750,4,47.9268,4457,1
13967,31.9966,32.0078,4096,235.8750,4,47.9268,4457,1
13968,31.9966,32.0078,4096,235.8750,4,47.9268,4457,1
13969,31.9966,32.0078,4096,235.8750,4,47.9268,4458,1
13970,31.9966,32.0078,4096,235.8750,4,47.9268,4458,1
13971,31.9966,32.0078,4096,235.8750,4,47.9268,4459,1
13972,31.9966,32.0078,4096,235.8750,4,47.9268,4459,1
13973,31.9966,32.0078,4096,235.8750,4,47.9268,4459,1
13974,31.9966,32.0078,4096,235.8750,4,47.9268,4460,1
13975,31.9966,32.0078,4096,235.8750,4,47.9268,4460,1
13976,31.9966,32.0078,4096,235.8750,4,47.9268,4460,1
13977,31.9966,32.0078,4096,235.8750,4,47.9268,4461,1
13978,31.9966,32.0078,4096,235.8750,4,47.9268,4462,1
13979,31.9966,32.0078,4096,235.8750,4,47.9268,4462,1
13980,31.9966,32.0078,4096,235.8750,4,47.9268,4462,1
13981,31.9966,32.0078,4096,235.8750,4,47.9268,4462,1
13982,31.9966,32.0078,4096,235.8750,4,47.9268,4462,1
13983,31.9966,32.0078,4096,235.8750,4,47.9268,4463,1
13984,31.9966,32.0078,4096,235.8750,4,47.9268,4463,1
13985,31.9966,32.0078,4096,235.8750,4,47.9268,4463,1
13986,31.9966,32.0078,4096,235.8750,4,47.9268,4464,1
13987,31.9966,32.0078,4096,235.8750,4,47.9268,4464,1
13988,31.9966,32.0078,4096,235.8750,4,47.9268,4464,1
13989,31.9966,32.0078,4096,235.8750,4,47.9268,4464,1
13990,31.9966,32.0078,4096,235.8750,4,47.9268,4464,1
13991,31.9966,32.0078,4096,235.8750,4,47.9268,4465,1
13992,31.9966,32.0078,4096,235.8750,4,47.9268,4465,1
13993,31.9966,32.0078,4096,235.8750,4,47.9268,4465,1
13994,31.9966,32.0078,4096,235.8750,4,47.9268,4465,1
13995,31.9966,32.0078,4096,235.8750,4,47.9268,4465,1
13996,31.9966,32.0078,4096,235.8750,4,47.9268,4465,1
13997,31.9966,32.0078,4096,235.8750,4,47.9268,4466,1
13998,31.9966,32.0078,4096,235.8750,4,47.9268,4467,1
13999,31.9966,32.0078,4096,235.8750,4,47.9268,4468,1
14000,31.9966,32.0078,4096,235.8750,4,47.9268,4469,1
14001,31.9966,32.0078,4096,235.8750,4,47.9268,4469,1
14002,31.9966,32.0078,4096,235.8750,4,47.9268,4469,1
14003,31.9966,32.0078,4096,235.8750,4,47.9268,4470,1
14004,31.9966,32.0078,4096,235.8750,4,47.9268,4470,1
14005,31.9966,32.0078,4096,235.8750,4,47.9268,4470,1
14006,31.9966,32.0078,4096,235.8750,4,47.9268,4470,1
14007,31.9966,32.0078,4096,235.8750,4,47.9268,4471,1
14008,31.9966,32.0078,4096,235.8750,4,47.9268,4472,1
14009,31.9966,32.0078,4096,235.8750,4,47.9268,4472,1
14010,31.9966,32.0078,4096,235.8750,4,47.9268,4472,1
14011,31.9966,32.0078,4096,235.8750,4,47.9268,4472,1
14012,31.9966,32.0078,4096,235.8750,4,47.9268,4472,1
14013,31.9966,32.0078,4096,235.8750,4,47.9268,4472,1
14014,31.9966,32.0078,4096,235.8750,4,47.9268,4472,1
14015,31.9966,32.0078,4096,235.8750,4,47.9268,4472,1
14016,31.9966,32.0078,4096,235.8750,4,47.9268,4472,1
14017,31.9966,32.0078,4096,235.8750,4,47.9268,4472,1
14018,31.9966,32.0078,4096,235.8750,4,47.9268,4472,1
14019,31.9966,32.0078,4096,235.8750,4,47.9268,4473,1
14020,31.9966,32.0078,4096,235.8750,4,47.9268,4473,1
14021,31.9966,32.0078,4096,235.8750,4,47.9268,4473,1
14022,31.9966,32.0078,4096,235.8750,4,47.9268,4474,1
14023,31.9966,32.0078,4096,235.8750,4,47.9268,4474,1
14024,31.9966,32.0078,4096,235.8750,4,47.9268,4474,1
14025,31.9966,32.0078,4096,235.8750,4,47.9268,4475,1
14026,31.9966,32.0078,4096,235.8750,4,47.9268,4475,1
14027,31.9966,32.0078,4096,235.8750,4,47.9268,4475,1
14028,31.9966,32.0078,4096,235.8750,4,47.9268,4475,1
14029,31.9966,32.0078,4096,235.8750,4,47.9268,4475,1
14030,31.9966,32.0078,4096,235.8750,4,47.9268,4476,1
14031,31.9966,32.0078,4096,235.8750,4,47.9268,4477,1
14032,31.9966,32.0078,4096,235.8750,4,47.9268,4477,1
14033,31.9966,32.0078,4096,235.8750,4,47.9268,4477,1
14034,31.9966,32.0078,4096,235.8750,4,47.9268,4478,1
14035,31.9966,32.0078,4096,235.8750,4,47.9268,4479,1
14036,31.9966,32.0078,4096,235.8750,4,47.9268,4480,1
14037,31.9966,32.0078,4096,235.8750,4,47.9268,4480,1
14038,31.9966,32.0078,4096,235.8750,4,47.9268,4480,1
14039,31.9966,32.0078,4096,235.8750,4,47.9268,4480,1
14040,31.9966,32.0078,4096,235.8750,4,47.9268,4480,1
14041,31.9966,32.0078,4096,235.8750,4,47.9268,4480,1
14042,31.9966,32.0078,4096,235.8750,4,47.9268,4480,1
14043,31.9966,32.0078,4096,235.8750,4,47.9268,4480,1
14044,31.9966,32.0078,4096,235.8750,4,47.9268,4480,1
14045,31.9966,32.0078,4096,235.8750,4,47.9268,4480,1
14046,31.9966,32.0078,4096,235.8750,4,47.9268,4480,1
14047,31.9966,32.0078,4096,235.8750,4,47.9268,4481,1
14048,31.9966,32.0078,4096,235.8750,4,47.9268,4482,1
14049,31.9966,32.0078,4096,235.8750,4,47.9268,4482,1
14050,31.9966,32.0078,4096,235.8750,4,47.9268,4482,1
14051,31.9966,32.0078,4096,235.8750,4,47.9268,4482,1
14052,31.9966,32.0078,4096,235.8750,4,47.9268,4482,1
14053,31.9966,32.0078,4096,235.8750,4,47.9268,4482,1
14054,31.9966,32.0078,4096,235.8750,4,47.9268,4482,1
14055,31.9966,32.0078,4096,235.8750,4,47.9268,4482,1
14056,31.9966,32.0078,4096,235.8750,4,47.9268,4482,1
14057,31.9966,32.0078,4096,235.8750,4,47.9268,4482,1
14058,31.9966,32.0078,4096,235.8750,4,47.9268,4482,1
14059,31.9966,32.0078,4096,235.8750,4,47.9268,4482,1
14060,31.9966,32.0078,4096,235.8750,4,47.9268,4482,1
14061,31.9966,32.0078,4096,235.8750,4,47.9268,4482,1
14062,31.9966,32.0078,4096,235.8750,4,47.9268,4482,1
14063,31.9966,32.0078,4096,235.8750,4,47.9268,4483,1
14064,31.9966,32.0078,4096,235.8750,4,47.9268,4484,1
14065,31.9966,32.0078,4096,235.8750,4,47.9268,4485,1
14066,31.9966,32.0078,4096,235.8750,4,47.9268,4486,1
14067,31.9966,32.0078,4096,235.8750,4,47.9268,4486,1
14068,31.9966,32.0078,4096,235.8750,4,47.9268,4486,1
14069,31.9966,32.0078,4096,235.8750,4,47.9268,4486,1
14070,31.9966,32.0078,4096,235.8750,4,47.9268,4486,1
14071,31.9966,32.0078,4096,235.8750,4,47.9268,4487,1
14072,31.9966,32.0078,4096,235.8750,4,47.9268,4487,1
14073,31.9966,32.0078,4096,235.8750,4,47.9268,4488,1
14074,31.9966,32.0078,4096,235.8750,4,47.9268,4488,1
14075,31.9966,32.0078,4096,235.8750,4,47.9268,4488,1
14076,31.9966,32.0078,4096,235.8750,4,47.9268,4488,1
14077,31.9966,32.0078,4096,235.8750,4,47.9268,4488,1
14078,31.9966,32.0078,4096,235.8750,4,47.9268,4488,1
14079,31.9966,32.0078,4096,235.8750,4,47.9268,4489,1
14080,31.9966,32.0078,4096,235.8750,4,47.9268,4489,1
14081,31.9966,32.0078,4096,235.8750,4,47.9268,4490,1
14082,31.9966,32.0078,4096,235.8750,4,47.9268,4490,1
14083,31.9966,32.0078,4096,235.8750,4,47.9268,4490,1
14084,31.9966,32.0078,4096,235.8750,4,47.9268,4490,1
14085,31.9966,32.0078,4096,235.8750,4,47.9268,4490,1
14086,31.9966,32.0078,4096,235.8750,4,47.9268,4490,1
14087,31.9966,32.0078,4096,235.8750,4,47.9268,4490,1
14088,31.9966,32.0078,4096,235.8750,4,47.9268,4490,1
14089,31.9966,32.0078,4096,235.8750,4,47.9268,4490,1
14090,31.9966,32.0078,4096,235.8750,4,47.9268,4491,1
14091,31.9966,32.0078,4096,235.8750,4,47.9268,4491,1
14092,31.9966,32.0078,4096,235.8750,4,47.9268,4491,1
14093,31.9966,32.0078,4096,235.8750,4,47.9268,4491,1
14094,31.9966,32.0078,4096,235.8750,4,47.9268,4492,1
14095,31.9966,32.0078,4096,235.8750,4,47.9268,4492,1
14096,31.9966,32.0078,4096,235.8750,4,47.9268,4492,1
14097,31.9966,32.0078,4096,235.8750,4,47.9268,4492,1
14098,31.9966,32.0078,4096,235.8750,4,47.9268,4492,1
14099,31.9966,32.0078,4096,235.8750,4,47.9268,4492,1
14100,31.9966,32.0078,4096,235.8750,4,47.9268,4492,1
14101,31.9966,32.0078,4096,235.8750,4,47.9268,4492,1
14102,31.9966,32.0078,4096,235.8750,4,47.9268,4492,1
14103,31.9966,32.0078,4096,235.8750,4,47.9268,4492,1
14104,31.9966,32.0078,4096,235.8750,4,47.9268,4492,1
14105,31.9966,32.0078,4096,235.8750,4,47.9268,4492,1
14106,31.9966,32.0078,4096,235.8750,4,47.9268,4492,1
14107,31.9966,32.0078,4096,235.8750,4,47.9268,4492,1
14108,31.9966,32.0078,4096,235.8750,4,47.9268,4492,1
14109,31.9966,32.0078,4096,235.8750,4,47.9268,4492,1
14110,31.9966,32.0078,4096,235.8750,4,47.9268,4492,1
14111,31.9966,32.0078,4096,235.8750,4,47.9268,4492,1
14112,31.9966,32.0078,4096,235.8750,4,47.9268,4492,1
14113,31.9966,32.0078,4096,235.8750,4,47.9268,4492,1
14114,31.9966,32.0078,4096,235.8750,4,47.9268,4493,1
14115,31.9966,32.0078,4096,235.8750,4,47.9268,4493,1
14116,31.9966,32.0078,4096,235.8750,4,47.9268,4493,1
14117,31.9966,32.0078,4096,235.8750,4,47.9268,4493,1
14118,31.9966,32.0078,4096,235.8750,4,47.9268,4493,1
14119,31.9966,32.0078,4096,235.8750,4,47.9268,4493,1
14120,31.9966,32.0078,4096,235.8750,4,47.9268,4493,1
14121,31.9966,32.0078,4096,235.8750,4,47.9268,4493,1
14122,31.9966,32.0078,4096,235.8750,4,47.9268,4494,1
14123,31.9966,32.0078,4096,235.8750,4,47.9268,4494,1
14124,31.9966,32.0078,4096,235.8750,4,47.9268,4494,1
14125,31.9966,32.0078,4096,235.8750,4,47.9268,4494,1
14126,31.9966,32.0078,4096,235.8750,4,47.9268,4494,1
14127,31.9966,32.0078,4096,235.8750,4,47.9268,4494,1
14128,31.9966,32.0078,4096,235.8750,4,47.9268,4494,1
14129,31.9966,32.0078,4096,235.8750,4,47.9268,4495,1
14130,31.9966,32.0078,4096,235.8750,4,47.9268,4495,1
14131,31.9966,32.0078,4096,235.8750,4,47.9268,4496,1
14132,31.9966,32.0078,4096,235.8750,4,47.9268,4496,1
14133,31.9966,32.0078,4096,235.8750,4,47.9268,4496,1
14134,31.9966,32.0078,4096,235.8750,4,47.9268,4497,1
14135,31.9966,32.0078,4096,235.8750,4,47.9268,4498,1
14136,31.9966,32.0078,4096,235.8750,4,47.9268,4499,1
14137,31.9966,32.0078,4096,235.8750,4,47.9268,4500,1
14138,31.9966,32.0078,4096,235.8750,4,47.9268,4501,1
14139,31.9966,32.0078,4096,235.8750,4,47.9268,4501,1
14140,31.9966,32.0078,4096,235.8750,4,47.9268,4501,1
14141,31.9966,32.0078,4096,235.8750,4,47.9268,4501,1
14142,31.9966,32.0078,4096,235.8750,4,47.9268,4501,1
14143,31.9966,32.0078,4096,235.8750,4,47.9268,4502,1
14144,31.9966,32.0078,4096,235.8750,4,47.9268,4502,1
14145,31.9966,32.0078,4096,235.8750,4,47.9268,4502,1
14146,31.9966,32.0078,4096,235.8750,4,47.9268,4502,1
14147,31.9966,32.0078,4096,235.8750,4,47.9268,4503,1
14148,31.9966,32.0078,4096,235.8750,4,47.9268,4504,1
14149,31.9966,32.0078,4096,235.8750,4,47.9268,4504,1
14150,31.9966,32.0078,4096,235.8750,4,47.9268,4504,1
14151,31.9966,32.0078,4096,235.8750,4,47.9268,4504,1
14152,31.9966,32.0078,4096,235.8750,4,47.9268,4504,1
14153,31.9966,32.0078,4096,235.8750,4,47.9268,4504,1
14154,31.9966,32.0078,4096,235.8750,4,47.9268,4504,1
14155,31.9966,32.0078,4096,235.8750,4,47.9268,4504,1
14156,31.9966,32.0078,4096,235.8750,4,47.9268,4504,1
14157,31.9966,32.0078,4096,235.8750,4,47.9268,4504,1
14158,31.9966,32.0078,4096,235.8750,4,47.9268,4504,1
14159,31.9966,32.0078,4096,235.8750,4,47.9268,4504,1
14160,31.9966,32.0078,4096,235.8750,4,47.9268,4504,1
14161,31.9966,32.0078,4096,235.8750,4,47.9268,4505,1
14162,31.9966,32.0078,4096,235.8750,4,47.9268,4505,1
14163,31.9966,32.0078,4096,235.8750,4,47.9268,4505,1
14164,31.9966,32.0078,4096,235.8750,4,47.9268,4505,1
14165,31.9966,32.0078,4096,235.8750,4,47.9268,4505,1
14166,31.9966,32.0078,4096,235.8750,4,47.9268,4505,1
14167,31.9966,32.0078,4096,235.8750,4,47.9268,4505,1
14168,31.9966,32.0078,4096,235.8750,4,47.9268,4505,1
14169,31.9966,32.0078,4096,235.8750,4,47.9268,4505,1
14170,31.9966,32.0078,4096,235.8750,4,47.9268,4505,1
14171,31.9966,32.0078,4096,235.8750,4,47.9268,4506,1
14172,31.9966,32.0078,4096,235.8750,4,47.9268,4507,1
14173,31.9966,32.0078,4096,235.8750,4,47.9268,4507,1
14174,31.9966,32.0078,4096,235.8750,4,47.9268,4507,1
14175,31.9966,32.0078,4096,235.8750,4,47.9268,4507,1
14176,31.9966,32.0078,4096,235.8750,4,47.9268,4507,1
14177,31.9966,32.0078,4096,235.8750,4,47.9268,4507,1
14178,31.9966,32.0078,4096,235.8750,4,47.9268,4508,1
14179,31.9966,32.0078,4096,235.8750,4,47.9268,4508,1
14180,31.9966,32.0078,4096,235.8750,4,47.9268,4508,1
14181,31.9966,32.0078,4096,235.8750,4,47.9268,4508,1
14182,31.9966,32.0078,4096,235.8750,4,47.9268,4508,1
14183,31.9966,32.0078,4096,235.8750,4,47.9268,4508,1
14184,31.9966,32.0078,4096,235.8750,4,47.9268,4508,1
14185,31.9966,32.0078,4096,235.8750,4,47.9268,4509,1
14186,31.9966,32.0078,4096,235.8750,4,47.9268,4509,1
14187,31.9966,32.0078,4096,235.8750,4,47.9268,4510,1
14188,31.9966,32.0078,4096,235.8750,4,47.9268,4510,1
14189,31.9966,32.0078,4096,235.8750,4,47.9268,4510,1
14190,31.9966,32.0078,4096,235.8750,4,47.9268,4510,1
14191,31.9966,32.0078,4096,235.8750,4,47.9268,4510,1
14192,31.9966,32.0078,4096,235.8750,4,47.9268,4510,1
14193,31.9966,32.0078,4096,235.8750,4,47.9268,4510,1
14194,31.9966,32.0078,4096,235.8750,4,47.9268,4510,1
14195,31.9966,32.0078,4096,235.8750,4,47.9268,4511,1
14196,31.9966,32.0078,4096,235.8750,4,47.9268,4511,1
14197,31.9966,32.0078,4096,235.8750,4,47.9268,4511,1
14198,31.9966,32.0078,4096,235.8750,4,47.9268,4512,1
14199,31.9966,32.0078,4096,235.8750,4,47.9268,4513,1
14200,31.9966,32.0078,4096,235.8750,4,47.9268,4514,1
14201,31.9966,32.0078,4096,235.8750,4,47.9268,4514,1
14202,31.9966,32.0078,4096,235.8750,4,47.9268,4515,1
14203,31.9966,32.0078,4096,235.8750,4,47.9268,4515,1
14204,31.9966,32.0078,4096,235.8750,4,47.9268,4516,1
14205,31.9966,32.0078,4096,235.8750,4,47.9268,4516,1
14206,31.9966,32.0078,4096,235.8750,4,47.9268,4517,1
14207,31.9966,32.0078,4096,235.8750,4,47.9268,4517,1
14208,31.9966,32.0078,4096,235.8750,4,47.9268,4518,1
14209,31.9966,32.0078,4096,235.8750,4,47.9268,4518,1
14210,31.9966,32.0078,4096,235.8750,4,47.9268,4518,1
14211,31.9966,32.0078,4096,235.8750,4,47.9268,4518,1
14212,31.9966,32.0078,4096,235.8750,4,47.9268,4519,1
14213,31.9966,32.0078,4096,235.8750,4,47.9268,4519,1
14214,31.9966,32.0078,4096,235.8750,4,47.9268,4519,1
14215,31.9966,32.0078,4096,235.8750,4,47.9268,4520,1
14216,31.9966,32.0078,4096,235.8750,4,47.9268,4520,1
14217,31.9966,32.0078,4096,235.8750,4,47.9268,4521,1
14218,31.9966,32.0078,4096,235.8750,4,47.9268,4521,1
14219,31.9966,32.0078,4096,235.8750,4,47.9268,4521,1
14220,31.9966,32.0078,4096,235.8750,4,47.9268,4521,1
14221,31.9966,32.0078,4096,235.8750,4,47.9268,4521,1
14222,31.9966,32.0078,4096,235.8750,4,47.9268,4521,1
14223,31.9966,32.0078,4096,235.8750,4,47.9268,4521,1
14224,31.9966,32.0078,4096,235.8750,4,47.9268,4521,1
14225,31.9966,32.0078,4096,235.8750,4,47.9268,4521,1
14226,31.9966,32.0078,4096,235.8750,4,47.9268,4521,1
14227,31.9966,32.0078,4096,235.8750,4,47.9268,4522,1
14228,31.9966,32.0078,4096,235.8750,4,47.9268,4522,1
14229,31.9966,32.0078,4096,235.8750,4,47.9268,4522,1
14230,31.9966,32.0078,4096,235.8750,4,47.9268,4522,1
14231,31.9966,32.0078,4096,235.8750,4,47.9268,4523,1
14232,31.9966,32.0078,4096,235.8750,4,47.9268,4523,1
14233,31.9966,32.0078,4096,235.8750,4,47.9268,4524,1
14234,31.9966,32.0078,4096,235.8750,4,47.9268,4524,1
14235,31.9966,32.0078,4096,235.8750,4,47.9268,4524,1
14236,31.9966,32.0078,4096,235.8750,4,47.9268,4524,1
14237,31.9966,32.0078,4096,235.8750,4,47.9268,4524,1
14238,31.9966,32.0078,4096,235.8750,4,47.9268,4524,1
14239,31.9966,32.0078,4096,235.8750,4,47.9268,4524,1
14240,31.9966,32.0078,4096,235.8750,4,47.9268,4525,1
14241,31.9966,32.0078,4096,235.8750,4,47.9268,4526,1
14242,31.9966,32.0078,4096,235.8750,4,47.9268,4527,1
14243,31.9966,32.0078,4096,235.8750,4,47.9268,4527,1
14244,31.9966,32.0078,4096,235.8750,4,47.9268,4527,1
14245,31.9966,32.0078,4096,235.8750,4,47.9268,4527,1
14246,31.9966,32.0078,4096,235.8750,4,47.9268,4527,1
14247,31.9966,32.0078,4096,235.8750,4,47.9268,4528,1
14248,31.9966,32.0078,4096,235.8750,4,47.9268,4528,1
14249,31.9966,32.0078,4096,235.8750,4,47.9268,4528,1
14250,31.9966,32.0078,4096,235.8750,4,47.9268,4528,1
14251,31.9966,32.0078,4096,235.8750,4,47.9268,4528,1
14252,31.9966,32.0078,4096,235.8750,4,47.9268,4528,1
14253,31.9966,32.0078,4096,235.8750,4,47.9268,4528,1
14254,31.9966,32.0078,4096,235.8750,4,47.9268,4529,1
14255,31.9966,32.0078,4096,235.8750,4,47.9268,4529,1
14256,31.9966,32.0078,4096,235.8750,4,47.9268,4529,1
14257,31.9966,32.0078,4096,235.8750,4,47.9268,4529,1
14258,31.9966,32.0078,4096,235.8750,4,47.9268,4530,1
14259,31.9966,32.0078,4096,235.8750,4,47.9268,4531,1
14260,31.9966,32.0078,4096,235.8750,4,47.9268,4532,1
14261,31.9966,32.0078,4096,235.8750,4,47.9268,4532,1
14262,31.9966,32.0078,4096,235.8750,4,47.9268,4533,1
14263,31.9966,32.0078,4096,235.8750,4,47.9268,4534,1
14264,31.9966,32.0078,4096,235.8750,4,47.9268,4535,1
14265,31.9966,32.0078,4096,235.8750,4,47.9268,4536,1
14266,31.9966,32.0078,4096,235.8750,4,47.9268,4537,1
14267,31.9966,32.0078,4096,235.8750,4,47.9268,4537,1
14268,31.9966,32.0078,4096,235.8750,4,47.9268,4537,1
14269,31.9966,32.0078,4096,235.8750,4,47.9268,4537,1
14270,31.9966,32.0078,4096,235.8750,4,47.9268,4537,1
14271,31.9966,32.0078,4096,235.8750,4,47.9268,4537,1
14272,31.9966,32.0078,4096,235.8750,4,47.9268,4537,1
14273,31.9966,32.0078,4096,235.8750,4,47.9268,4538,1
14274,31.9966,32.0078,4096,235.8750,4,47.9268,4538,1
14275,31.9966,32.0078,4096,235.8750,4,47.9268,4538,1
14276,31.9966,32.0078,4096,235.8750,4,47.9268,4539,1
14277,31.9966,32.0078,4096,235.8750,4,47.9268,4539,1
14278,31.9966,32.0078,4096,235.8750,4,47.9268,4539,1
14279,31.9966,32.0078,4096,235.8750,4,47.9268,4539,1
14280,31.9966,32.0078,4096,235.8750,4,47.9268,4539,1
14281,31.9966,32.0078,4096,235.8750,4,47.9268,4539,1
14282,31.9966,32.0078,4096,235.8750,4,47.9268,4539,1
14283,31.9966,32.0078,4096,235.8750,4,47.9268,4539,1
14284,31.9966,32.0078,4096,235.8750,4,47.9268,4539,1
14285,31.9966,32.0078,4096,235.8750,4,47.9268,4539,1
14286,31.9966,32.0078,4096,235.8750,4,47.9268,4539,1
14287,31.9966,32.0078,4096,235.8750,4,47.9268,4539,1
14288,31.9966,32.0078,4096,235.8750,4,47.9268,4539,1
14289,31.9966,32.0078,4096,235.8750,4,47.9268,4540,1
14290,31.9966,32.0078,4096,235.8750,4,47.9268,4541,1
14291,31.9966,32.0078,4096,235.8750,4,47.9268,4541,1
14292,31.9966,32.0078,4096,235.8750,4,47.9268,4541,1
14293,31.9966,32.0078,4096,235.8750,4,47.9268,4542,1
14294,31.9966,32.0078,4096,235.8750,4,47.9268,4542,1
14295,31.9966,32.0078,4096,235.8750,4,47.9268,4542,1
14296,31.9966,32.0078,4096,235.8750,4,47.9268,4543,1
14297,31.9966,32.0078,4096,235.8750,4,47.9268,4543,1
14298,31.9966,32.0078,4096,235.8750,4,47.9268,4543,1
14299,31.9966,32.0078,4096,235.8750,4,47.9268,4543,1
14300,31.9966,32.0078,4096,235.8750,4,47.9268,4544,1
14301,31.9966,32.0078,4096,235.8750,4,47.9268,4544,1
14302,31.9966,32.0078,4096,235.8750,4,47.9268,4545,1
14303,31.9966,32.0078,4096,235.8750,4,47.9268,4545,1
14304,31.9966,32.0078,4096,235.8750,4,47.9268,4545,1
14305,31.9966,32.0078,4096,235.8750,4,47.9268,4545,1
14306,31.9966,32.0078,4096,235.8750,4,47.9268,4545,1
14307,31.9966,32.0078,4096,235.8750,4,47.9268,4546,1
14308,31.9966,32.0078,4096,235.8750,4,47.9268,4546,1
14309,31.9966,32.0078,4096,235.8750,4,47.9268,4547,1
14310,31.9966,32.0078,4096,235.8750,4,47.9268,4548,1
14311,31.9966,32.0078,4096,235.8750,4,47.9268,4548,1
14312,31.9966,32.0078,4096,235.8750,4,47.9268,4549,1
14313,31.9966,32.0078,4096,235.8750,4,47.9268,4550,1
14314,31.9966,32.0078,4096,235.8750,4,47.9268,4550,1
14315,31.9966,32.0078,4096,235.8750,4,47.9268,4550,1
14316,31.9966,32.0078,4096,235.8750,4,47.9268,4550,1
14317,31.9966,32.0078,4096,235.8750,4,47.9268,4551,1
14318,31.9966,32.0078,4096,235.8750,4,47.9268,4552,1
14319,31.9966,32.0078,4096,235.8750,4,47.9268,4553,1
14320,31.9966,32.0078,4096,235.8750,4,47.9268,4554,1
14321,31.9966,32.0078,4096,235.8750,4,47.9268,4554,1
14322,31.9966,32.0078,4096,235.8750,4,47.9268,4554,1
14323,31.9966,32.0078,4096,235.8750,4,47.9268,4554,1
14324,31.9966,32.0078,4096,235.8750,4,47.9268,4554,1
14325,31.9966,32.0078,4096,235.8750,4,47.9268,4554,1
14326,31.9966,32.0078,4096,235.8750,4,47.9268,4554,1
14327,31.9966,32.0078,4096,235.8750,4,47.9268,4554,1
14328,31.9966,32.0078,4096,235.8750,4,47.9268,4554,1
14329,31.9966,32.0078,4096,235.8750,4,47.9268,4554,1
14330,31.9966,32.0078,4096,235.8750,4,47.9268,4554,1
14331,31.9966,32.0078,4096,235.8750,4,47.9268,4554,1
14332,31.9966,32.0078,4096,235.8750,4,47.9268,4555,1
14333,31.9966,32.0078,4096,235.8750,4,47.9268,4556,1
14334,31.9966,32.0078,4096,235.8750,4,47.9268,4556,1
14335,31.9966,32.0078,4096,235.8750,4,47.9268,4556,1
14336,31.9966,32.0078,4096,235.8750,4,47.9268,4556,1
14337,31.9966,32.0078,4096,235.8750,4,47.9268,4557,1
14338,31.9966,32.0078,4096,235.8750,4,47.9268,4557,1
14339,31.9966,32.0078,4096,235.8750,4,47.9268,4557,1
14340,31.9966,32.0078,4096,235.8750,4,47.9268,4557,1
14341,31.9966,32.0078,4096,235.8750,4,47.9268,4558,1
14342,31.9966,32.0078,4096,235.8750,4,47.9268,4558,1
14343,31.9966,32.0078,4096,235.8750,4,47.9268,4558,1
14344,31.9966,32.0078,4096,235.8750,4,47.9268,4559,1
14345,31.9966,32.0078,4096,235.8750,4,47.9268,4560,1
14346,31.9966,32.0078,4096,235.8750,4,47.9268,4561,1
14347,31.9966,32.0078,4096,235.8750,4,47.9268,4561,1
14348,31.9966,32.0078,4096,235.8750,4,47.9268,4561,1
14349,31.9966,32.0078,4096,235.8750,4,47.9268,4561,1
14350,31.9966,32.0078,4096,235.8750,4,47.9268,4561,1
14351,31.9966,32.0078,4096,235.8750,4,47.9268,4561,1
14352,31.9966,32.0078,4096,235.8750,4,47.9268,4562,1
14353,31.9966,32.0078,4096,235.8750,4,47.9268,4562,1
14354,31.9966,32.0078,4096,235.8750,4,47.9268,4562,1
14355,31.9966,32.0078,4096,235.8750,4,47.9268,4562,1
14356,31.9966,32.0078,4096,235.8750,4,47.9268,4562,1
14357,31.9966,32.0078,4096,235.8750,4,47.9268,4562,1
14358,31.9966,32.0078,4096,235.8750,4,47.9268,4562,1
14359,31.9966,32.0078,4096,235.8750,4,47.9268,4562,1
14360,31.9966,32.0078,4096,235.8750,4,47.9268,4563,1
14361,31.9966,32.0078,4096,235.8750,4,47.9268,4563,1
14362,31.9966,32.0078,4096,235.8750,4,47.9268,4563,1
14363,31.9966,32.0078,4096,235.8750,4,47.9268,4563,1
14364,31.9966,32.0078,4096,235.8750,4,47.9268,4563,1
14365,31.9966,32.0078,4096,235.8750,4,47.9268,4563,1
14366,31.9966,32.0078,4096,235.8750,4,47.9268,4564,1
14367,31.9966,32.0078,4096,235.8750,4,47.9268,4564,1
14368,31.9966,32.0078,4096,235.8750,4,47.9268,4564,1
14369,31.9966,32.0078,4096,235.8750,4,47.9268,4565,1
14370,31.9966,32.0078,4096,235.8750,4,47.9268,4565,1
14371,31.9966,32.0078,4096,235.8750,4,47.9268,4565,1
14372,31.9966,32.0078,4096,235.8750,4,47.9268,4565,1
14373,31.9966,32.0078,4096,235.8750,4,47.9268,4565,1
14374,31.9966,32.0078,4096,235.8750,4,47.9268,4565,1
14375,31.9966,32.0078,4096,235.8750,4,47.9268,4565,1
14376,31.9966,32.0078,4096,235.8750,4,47.9268,4565,1
14377,31.9966,32.0078,4096,235.8750,4,47.9268,4565,1
14378,31.9966,32.0078,4096,235.8750,4,47.9268,4565,1
14379,31.9966,32.0078,4096,235.8750,4,47.9268,4565,1
14380,31.9966,32.0078,4096,235.8750,4,47.9268,4565,1
14381,31.9966,32.0078,4096,235.8750,4,47.9268,4565,1
14382,31.9966,32.0078,4096,235.8750,4,47.9268,4565,1
14383,31.9966,32.0078,4096,235.8750,4,47.9268,4565,1
14384,31.9966,32.0078,4096,235.8750,4,47.9268,4565,1
14385,31.9966,32.0078,4096,235.8750,4,47.9268,4565,1
14386,31.9966,32.0078,4096,235.8750,4,47.9268,4565,1
14387,31.9966,32.0078,4096,235.8750,4,47.9268,4566,1
14388,31.9966,32.0078,4096,235.8750,4,47.9268,4567,1
14389,31.9966,32.0078,4096,235.8750,4,47.9268,4567,1
14390,31.9966,32.0078,4096,235.8750,4,47.9268,4568,1
14391,31.9966,32.0078,4096,235.8750,4,47.9268,4568,1
14392,31.9966,32.0078,4096,235.8750,4,47.9268,4568,1
14393,31.9966,32.0078,4096,235.8750,4,47.9268,4568,1
14394,31.9966,32.0078,4096,235.8750,4,47.9268,4568,1
14395,31.9966,32.0078,4096,235.8750,4,47.9268,4568,1
14396,31.9966,32.0078,4096,235.8750,4,47.9268,4568,1
14397,31.9966,32.0078,4096,235.8750,4,47.9268,4568,1
14398,31.9966,32.0078,4096,235.8750,4,47.9268,4568,1
14399,31.9966,32.0078,4096,235.8750,4,47.9268,4568,1
14400,31.9966,32.0078,4096,235.8750,4,47.9268,4568,1
14401,31.9966,32.0078,4096,235.8750,4,47.9268,4569,1
14402,31.9966,32.0078,4096,235.8750,4,47.9268,4569,1
14403,31.9966,32.0078,4096,235.8750,4,47.9268,4570,1
14404,31.9966,32.0078,4096,235.8750,4,47.9268,4570,1
14405,31.9966,32.0078,4096,235.8750,4,47.9268,4570,1
14406,31.9966,32.0078,4096,235.8750,4,47.9268,4570,1
14407,31.9966,32.0078,4096,235.8750,4,47.9268,4570,1
14408,31.9966,32.0078,4096,235.8750,4,47.9268,4570,1
14409,31.9966,32.0078,4096,235.8750,4,47.9268,4571,1
14410,31.9966,32.0078,4096,235.8750,4,47.9268,4571,1
14411,31.9966,32.0078,4096,235.8750,4,47.9268,4571,1
14412,31.9966,32.0078,4096,235.8750,4,47.9268,4571,1
14413,31.9966,32.0078,4096,235.8750,4,47.9268,4571,1
14414,31.9966,32.0078,4096,235.8750,4,47.9268,4571,1
14415,31.9966,32.0078,4096,235.8750,4,47.9268,4571,1
14416,31.9966,32.0078,4096,235.8750,4,47.9268,4571,1
14417,31.9966,32.0078,4096,235.8750,4,47.9268,4571,1
14418,31.9966,32.0078,4096,235.8750,4,47.9268,4572,1
14419,31.9966,32.0078,4096,235.8750,4,47.9268,4572,1
14420,31.9966,32.0078,4096,235.8750,4,47.9268,4572,1
14421,31.9966,32.0078,4096,235.8750,4,47.9268,4572,1
14422,31.9966,32.0078,4096,235.8750,4,47.9268,4572,1
14423,31.9966,32.0078,4096,235.8750,4,47.9268,4572,1
14424,31.9966,32.0078,4096,235.8750,4,47.9268,4572,1
14425,31.9966,32.0078,4096,235.8750,4,47.9268,4572,1
14426,31.9966,32.0078,4096,235.8750,4,47.9268,4572,1
14427,31.9966,32.0078,4096,235.8750,4,47.9268,4573,1
14428,31.9966,32.0078,4096,235.8750,4,47.9268,4574,1
14429,31.9966,32.0078,4096,235.8750,4,47.9268,4575,1
14430,31.9966,32.0078,4096,235.8750,4,47.9268,4575,1
14431,31.9966,32.0078,4096,235.8750,4,47.9268,4575,1
14432,31.9966,32.0078,4096,235.8750,4,47.9268,4575,1
14433,31.9966,32.0078,4096,235.8750,4,47.9268,4575,1
14434,31.9966,32.0078,4096,235.8750,4,47.9268,4575,1
14435,31.9966,32.0078,4096,235.8750,4,47.9268,4575,1
14436,31.9966,32.0078,4096,235.8750,4,47.9268,4576,1
14437,31.9966,32.0078,4096,235.8750,4,47.9268,4577,1
14438,31.9966,32.0078,4096,235.8750,4,47.9268,4577,1
14439,31.9966,32.0078,4096,235.8750,4,47.9268,4578,1
14440,31.9966,32.0078,4096,235.8750,4,47.9268,4578,1
14441,31.9966,32.0078,4096,235.8750,4,47.9268,4578,1
14442,31.9966,32.0078,4096,235.8750,4,47.9268,4579,1
14443,31.9966,32.0078,4096,235.8750,4,47.9268,4580,1
14444,31.9966,32.0078,4096,235.8750,4,47.9268,4581,1
14445,31.9966,32.0078,4096,235.8750,4,47.9268,4581,1
14446,31.9966,32.0078,4096,235.8750,4,47.9268,4582,1
14447,31.9966,32.0078,4096,235.8750,4,47.9268,4583,1
14448,31.9966,32.0078,4096,235.8750,4,47.9268,4583,1
14449,31.9966,32.0078,4096,235.8750,4,47.9268,4584,1
14450,31.9966,32.0078,4096,235.8750,4,47.9268,4585,1
14451,31.9966,32.0078,4096,235.8750,4,47.9268,4585,1
14452,31.9966,32.0078,4096,235.8750,4,47.9268,4585,1
14453,31.9966,32.0078,4096,235.8750,4,47.9268,4586,1
14454,31.9966,32.0078,4096,235.8750,4,47.9268,4587,1
14455,31.9966,32.0078,4096,235.8750,4,47.9268,4587,1
14456,31.9966,32.0078,4096,235.8750,4,47.9268,4587,1
14457,31.9966,32.0078,4096,235.8750,4,47.9268,4587,1
14458,31.9966,32.0078,4096,235.8750,4,47.9268,4587,1
14459,31.9966,32.0078,4096,235.8750,4,47.9268,4587,1
14460,31.9966,32.0078,4096,235.8750,4,47.9268,4588,1
14461,31.9966,32.0078,4096,235.8750,4,47.9268,4589,1
14462,31.9966,32.0078,4096,235.8750,4,47.9268,4589,1
14463,31.9966,32.0078,4096,235.8750,4,47.9268,4589,1
14464,31.9966,32.0078,4096,235.8750,4,47.9268,4589,1
14465,31.9966,32.0078,4096,235.8750,4,47.9268,4589,1
14466,31.9966,32.0078,4096,235.8750,4,47.9268,4589,1
14467,31.9966,32.0078,4096,235.8750,4,47.9268,4589,1
14468,31.9966,32.0078,4096,235.8750,4,47.9268,4589,1
14469,31.9966,32.0078,4096,235.8750,4,47.9268,4590,1
14470,31.9966,32.0078,4096,235.8750,4,47.9268,4590,1
14471,31.9966,32.0078,4096,235.8750,4,47.9268,4590,1
14472,31.9966,32.0078,4096,235.8750,4,47.9268,4591,1
14473,31.9966,32.0078,4096,235.8750,4,47.9268,4591,1
14474,31.9966,32.0078,4096,235.8750,4,47.9268,4591,1
14475,31.9966,32.0078,4096,235.8750,4,47.9268,4591,1
14476,31.9966,32.0078,4096,235.8750,4,47.9268,4591,1
14477,31.9966,32.0078,4096,235.8750,4,47.9268,4591,1
14478,31.9966,32.0078,4096,235.8750,4,47.9268,4591,1
14479,31.9966,32.0078,4096,235.8750,4,47.9268,4591,1
14480,31.9966,32.0078,4096,235.8750,4,47.9268,4592,1
14481,31.9966,32.0078,4096,235.8750,4,47.9268,4592,1
14482,31.9966,32.0078,4096,235.8750,4,47.9268,4593,1
14483,31.9966,32.0078,4096,235.8750,4,47.9268,4594,1
14484,31.9966,32.0078,4096,235.8750,4,47.9268,4594,1
14485,31.9966,32.0078,4096,235.8750,4,47.9268,4594,1
14486,31.9966,32.0078,4096,235.8750,4,47.9268,4595,1
14487,31.9966,32.0078,4096,235.8750,4,47.9268,4595,1
14488,31.9966,32.0078,4096,235.8750,4,47.9268,4595,1
14489,31.9966,32.0078,4096,235.8750,4,47.9268,4596,1
14490,31.9966,32.0078,4096,235.8750,4,47.9268,4597,1
14491,31.9966,32.0078,4096,235.8750,4,47.9268,4597,1
14492,31.9966,32.0078,4096,235.8750,4,47.9268,4597,1
14493,31.9966,32.0078,4096,235.8750,4,47.9268,4598,1
14494,31.9966,32.0078,4096,235.8750,4,47.9268,4599,1
14495,31.9966,32.0078,4096,235.8750,4,47.9268,4599,1
14496,31.9966,32.0078,4096,235.8750,4,47.9268,4599,1
14497,31.9966,32.0078,4096,235.8750,4,47.9268,4599,1
14498,31.9966,32.0078,4096,235.8750,4,47.9268,4600,1
14499,31.9966,32.0078,4096,235.8750,4,47.9268,4601,1
14500,31.9966,32.0078,4096,235.8750,4,47.9268,4602,1
14501,31.9966,32.0078,4096,235.8750,4,47.9268,4602,1
14502,31.9966,32.0078,4096,235.8750,4,47.9268,4603,1
14503,31.9966,32.0078,4096,235.8750,4,47.9268,4603,1
14504,31.9966,32.0078,4096,235.8750,4,47.9268,4603,1
14505,31.9966,32.0078,4096,235.8750,4,47.9268,4604,1
14506,31.9966,32.0078,4096,235.8750,4,47.9268,4604,1
14507,31.9966,32.0078,4096,235.8750,4,47.9268,4604,1
14508,31.9966,32.0078,4096,235.8750,4,47.9268,4604,1
14509,31.9966,32.0078,4096,235.8750,4,47.9268,4605,1
14510,31.9966,32.0078,4096,235.8750,4,47.9268,4605,1
14511,31.9966,32.0078,4096,235.8750,4,47.9268,4605,1
14512,31.9966,32.0078,4096,235.8750,4,47.9268,4605,1
14513,31.9966,32.0078,4096,235.8750,4,47.9268,4605,1
14514,31.9966,32.0078,4096,235.8750,4,47.9268,4606,1
14515,31.9966,32.0078,4096,235.8750,4,47.9268,4606,1
14516,31.9966,32.0078,4096,235.8750,4,47.9268,4606,1
14517,31.9966,32.0078,4096,235.8750,4,47.9268,4606,1
14518,31.9966,32.0078,4096,235.8750,4,47.9268,4606,1
14519,31.9966,32.0078,4096,235.8750,4,47.9268,4607,1
14520,31.9966,32.0078,4096,235.8750,4,47.9268,4607,1
14521,31.9966,32.0078,4096,235.8750,4,47.9268,4607,1
14522,31.9966,32.0078,4096,235.8750,4,47.9268,4607,1
14523,31.9966,32.0078,4096,235.8750,4,47.9268,4607,1
14524,31.9966,32.0078,4096,235.8750,4,47.9268,4607,1
14525,31.9966,32.0078,4096,235.8750,4,47.9268,4608,1
14526,31.9966,32.0078,4096,235.8750,4,47.9268,4608,1
14527,31.9966,32.0078,4096,235.8750,4,47.9268,4608,1
14528,31.9966,32.0078,4096,235.8750,4,47.9268,4608,1
14529,31.9966,32.0078,4096,235.8750,4,47.9268,4608,1
14530,31.9966,32.0078,4096,235.8750,4,47.9268,4609,1
14531,31.9966,32.0078,4096,235.8750,4,47.9268,4610,1
14532,31.9966,32.0078,4096,235.8750,4,47.9268,4610,1
14533,31.9966,32.0078,4096,235.8750,4,47.9268,4610,1
14534,31.9966,32.0078,4096,235.8750,4,47.9268,4610,1
14535,31.9966,32.0078,4096,235.8750,4,47.9268,4611,1
14536,31.9966,32.0078,4096,235.8750,4,47.9268,4611,1
14537,31.9966,32.0078,4096,235.8750,4,47.9268,4611,1
14538,31.9966,32.0078,4096,235.8750,4,47.9268,4611,1
14539,31.9966,32.0078,4096,235.8750,4,47.9268,4611,1
14540,31.9966,32.0078,4096,235.8750,4,47.9268,4612,1
14541,31.9966,32.0078,4096,235.8750,4,47.9268,4613,1
14542,31.9966,32.0078,4096,235.8750,4,47.9268,4613,1
14543,31.9966,32.0078,4096,235.8750,4,47.9268,4613,1
14544,31.9966,32.0078,4096,235.8750,4,47.9268,4613,1
14545,31.9966,32.0078,4096,235.8750,4,47.9268,4614,1
14546,31.9966,32.0078,4096,235.8750,4,47.9268,4614,1
14547,31.9966,32.0078,4096,235.8750,4,47.9268,4614,1
14548,31.9966,32.0078,4096,235.8750,4,47.9268,4615,1
14549,31.9966,32.0078,4096,235.8750,4,47.9268,4615,1
14550,31.9966,32.0078,4096,235.8750,4,47.9268,4615,1
14551,31.9966,32.0078,4096,235.8750,4,47.9268,4615,1
14552,31.9966,32.0078,4096,235.8750,4,47.9268,4616,1
14553,31.9966,32.0078,4096,235.8750,4,47.9268,4617,1
14554,31.9966,32.0078,4096,235.8750,4,47.9268,4617,1
14555,31.9966,32.0078,4096,235.8750,4,47.9268,4617,1
14556,31.9966,32.0078,4096,235.8750,4,47.9268,4618,1
14557,31.9966,32.0078,4096,235.8750,4,47.9268,4618,1
14558,31.9966,32.0078,4096,235.8750,4,47.9268,4619,1
14559,31.9966,32.0078,4096,235.8750,4,47.9268,4619,1
14560,31.9966,32.0078,4096,235.8750,4,47.9268,4619,1
14561,31.9966,32.0078,4096,235.8750,4,47.9268,4619,1
14562,31.9966,32.0078,4096,235.8750,4,47.9268,4619,1
14563,31.9966,32.0078,4096,235.8750,4,47.9268,4619,1
14564,31.9966,32.0078,4096,235.8750,4,47.9268,4620,1
14565,31.9966,32.0078,4096,235.8750,4,47.9268,4620,1
14566,31.9966,32.0078,4096,235.8750,4,47.9268,4620,1
14567,31.9966,32.0078,4096,235.8750,4,47.9268,4621,1
14568,31.9966,32.0078,4096,235.8750,4,47.9268,4621,1
14569,31.9966,32.0078,4096,235.8750,4,47.9268,4621,1
14570,31.9966,32.0078,4096,235.8750,4,47.9268,4621,1
14571,31.9966,32.0078,4096,235.8750,4,47.9268,4621,1
14572,31.9966,32.0078,4096,235.8750,4,47.9268,4621,1
14573,31.9966,32.0078,4096,235.8750,4,47.9268,4621,1
14574,31.9966,32.0078,4096,235.8750,4,47.9268,4621,1
14575,31.9966,32.0078,4096,235.8750,4,47.9268,4621,1
14576,31.9966,32.0078,4096,235.8750,4,47.9268,4621,1
14577,31.9966,32.0078,4096,235.8750,4,47.9268,4621,1
14578,31.9966,32.0078,4096,235.8750,4,47.9268,4621,1
14579,31.9966,32.0078,4096,235.8750,4,47.9268,4621,1
14580,31.9966,32.0078,4096,235.8750,4,47.9268,4622,1
14581,31.9966,32.0078,4096,235.8750,4,47.9268,4623,1
14582,31.9966,32.0078,4096,235.8750,4,47.9268,4623,1
14583,31.9966,32.0078,4096,235.8750,4,47.9268,4623,1
14584,31.9966,32.0078,4096,235.8750,4,47.9268,4624,1
14585,31.9966,32.0078,4096,235.8750,4,47.9268,4624,1
14586,31.9966,32.0078,4096,235.8750,4,47.9268,4625,1
14587,31.9966,32.0078,4096,235.8750,4,47.9268,4626,1
14588,31.9966,32.0078,4096,235.8750,4,47.9268,4626,1
14589,31.9966,32.0078,4096,235.8750,4,47.9268,4626,1
14590,31.9966,32.0078,4096,235.8750,4,47.9268,4627,1
14591,31.9966,32.0078,4096,235.8750,4,47.9268,4627,1
14592,31.9966,32.0078,4096,235.8750,4,47.9268,4628,1
14593,31.9966,32.0078,4096,235.8750,4,47.9268,4628,1
14594,31.9966,32.0078,4096,235.8750,4,47.9268,4628,1
14595,31.9966,32.0078,4096,235.8750,4,47.9268,4628,1
14596,31.9966,32.0078,4096,235.8750,4,47.9268,4628,1
14597,31.9966,32.0078,4096,235.8750,4,47.9268,4628,1
14598,31.9966,32.0078,4096,235.8750,4,47.9268,4629,1
14599,31.9966,32.0078,4096,235.8750,4,47.9268,4629,1
14600,31.9966,32.0078,4096,235.8750,4,47.9268,4629,1
14601,31.9966,32.0078,4096,235.8750,4,47.9268,4629,1
14602,31.9966,32.0078,4096,235.8750,4,47.9268,4629,1
14603,31.9966,32.0078,4096,235.8750,4,47.9268,4629,1
14604,31.9966,32.0078,4096,235.8750,4,47.9268,4630,1
14605,31.9966,32.0078,4096,235.8750,4,47.9268,4630,1
14606,31.9966,32.0078,4096,235.8750,4,47.9268,4630,1
14607,31.9966,32.0078,4096,235.8750,4,47.9268,4630,1
14608,31.9966,32.0078,4096,235.8750,4,47.9268,4631,1
14609,31.9966,32.0078,4096,235.8750,4,47.9268,4631,1
14610,31.9966,32.0078,4096,235.8750,4,47.9268,4631,1
14611,31.9966,32.0078,4096,235.8750,4,47.9268,4631,1
14612,31.9966,32.0078,4096,235.8750,4,47.9268,4631,1
14613,31.9966,32.0078,4096,235.8750,4,47.9268,4631,1
14614,31.9966,32.0078,4096,235.8750,4,47.9268,4631,1
14615,31.9966,32.0078,4096,235.8750,4,47.9268,4631,1
14616,31.9966,32.0078,4096,235.8750,4,47.9268,4631,1
14617,31.9966,32.0078,4096,235.8750,4,47.9268,4631,1
14618,31.9966,32.0078,4096,235.8750,4,47.9268,4631,1
14619,31.9966,32.0078,4096,235.8750,4,47.9268,4631,1
14620,31.9966,32.0078,4096,235.8750,4,47.9268,4631,1
14621,31.9966,32.0078,4096,235.8750,4,47.9268,4631,1
14622,31.9966,32.0078,4096,235.8750,4,47.9268,4631,1
14623,31.9966,32.0078,4096,235.8750,4,47.9268,4632,1
14624,31.9966,32.0078,4096,235.8750,4,47.9268,4632,1
14625,31.9966,32.0078,4096,235.8750,4,47.9268,4632,1
14626,31.9966,32.0078,4096,235.8750,4,47.9268,4633,1
14627,31.9966,32.0078,4096,235.8750,4,47.9268,4633,1
14628,31.9966,32.0078,4096,235.8750,4,47.9268,4634,1
14629,31.9966,32.0078,4096,235.8750,4,47.9268,4634,1
14630,31.9966,32.0078,4096,235.8750,4,47.9268,4635,1
14631,31.9966,32.0078,4096,235.8750,4,47.9268,4635,1
14632,31.9966,32.0078,4096,235.8750,4,47.9268,4636,1
14633,31.9966,32.0078,4096,235.8750,4,47.9268,4636,1
14634,31.9966,32.0078,4096,235.8750,4,47.9268,4636,1
14635,31.9966,32.0078,4096,235.8750,4,47.9268,4637,1
14636,31.9966,32.0078,4096,235.8750,4,47.9268,4638,1
14637,31.9966,32.0078,4096,235.8750,4,47.9268,4639,1
14638,31.9966,32.0078,4096,235.8750,4,47.9268,4639,1
14639,31.9966,32.0078,4096,235.8750,4,47.9268,4639,1
14640,31.9966,32.0078,4096,235.8750,4,47.9268,4639,1
14641,31.9966,32.0078,4096,235.8750,4,47.9268,4639,1
14642,31.9966,32.0078,4096,235.8750,4,47.9268,4640,1
14643,31.9966,32.0078,4096,235.8750,4,47.9268,4641,1
14644,31.9966,32.0078,4096,235.8750,4,47.9268,4641,1
14645,31.9966,32.0078,4096,235.8750,4,47.9268,4641,1
14646,31.9966,32.0078,4096,235.8750,4,47.9268,4641,1
14647,31.9966,32.0078,4096,235.8750,4,47.9268,4641,1
14648,31.9966,32.0078,4096,235.8750,4,47.9268,4642,1
14649,31.9966,32.0078,4096,235.8750,4,47.9268,4642,1
14650,31.9966,32.0078,4096,235.8750,4,47.9268,4642,1
14651,31.9966,32.0078,4096,235.8750,4,47.9268,4642,1
14652,31.9966,32.0078,4096,235.8750,4,47.9268,4642,1
14653,31.9966,32.0078,4096,235.8750,4,47.9268,4643,1
14654,31.9966,32.0078,4096,235.8750,4,47.9268,4644,1
14655,31.9966,32.0078,4096,235.8750,4,47.9268,4645,1
14656,31.9966,32.0078,4096,235.8750,4,47.9268,4645,1
14657,31.9966,32.0078,4096,235.8750,4,47.9268,4645,1
14658,31.9966,32.0078,4096,235.8750,4,47.9268,4645,1
14659,31.9966,32.0078,4096,235.8750,4,47.9268,4646,1
14660,31.9966,32.0078,4096,235.8750,4,47.9268,4647,1
14661,31.9966,32.0078,4096,235.8750,4,47.9268,4647,1
14662,31.9966,32.0078,4096,235.8750,4,47.9268,4648,1
14663,31.9966,32.0078,4096,235.8750,4,47.9268,4648,1
14664,31.9966,32.0078,4096,235.8750,4,47.9268,4649,1
14665,31.9966,32.0078,4096,235.8750,4,47.9268,4649,1
14666,31.9966,32.0078,4096,235.8750,4,47.9268,4649,1
14667,31.9966,32.0078,4096,235.8750,4,47.9268,4649,1
14668,31.9966,32.0078,4096,235.8750,4,47.9268,4649,1
14669,31.9966,32.0078,4096,235.8750,4,47.9268,4650,1
14670,31.9966,32.0078,4096,235.8750,4,47.9268,4651,1
14671,31.9966,32.0078,4096,235.8750,4,47.9268,4651,1
14672,31.9966,32.0078,4096,235.8750,4,47.9268,4652,1
14673,31.9966,32.0078,4096,235.8750,4,47.9268,4652,1
14674,31.9966,32.0078,4096,235.8750,4,47.9268,4652,1
14675,31.9966,32.0078,4096,235.8750,4,47.9268,4652,1
14676,31.9966,32.0078,4096,235.8750,4,47.9268,4653,1
14677,31.9966,32.0078,4096,235.8750,4,47.9268,4653,1
14678,31.9966,32.0078,4096,235.8750,4,47.9268,4653,1
14679,31.9966,32.0078,4096,235.8750,4,47.9268,4653,1
14680,31.9966,32.0078,4096,235.8750,4,47.9268,4653,1
14681,31.9966,32.0078,4096,235.8750,4,47.9268,4653,1
14682,31.9966,32.0078,4096,235.8750,4,47.9268,4653,1
14683,31.9966,32.0078,4096,235.8750,4,47.9268,4653,1
14684,31.9966,32.0078,4096,235.8750,4,47.9268,4654,1
14685,31.9966,32.0078,4096,235.8750,4,47.9268,4655,1
14686,31.9966,32.0078,4096,235.8750,4,47.9268,4655,1
14687,31.9966,32.0078,4096,235.8750,4,47.9268,4655,1
14688,31.9966,32.0078,4096,235.8750,4,47.9268,4656,1
14689,31.9966,32.0078,4096,235.8750,4,47.9268,4657,1
14690,31.9966,32.0078,4096,235.8750,4,47.9268,4657,1
14691,31.9966,32.0078,4096,235.8750,4,47.9268,4658,1
14692,31.9966,32.0078,4096,235.8750,4,47.9268,4659,1
14693,31.9966,32.0078,4096,235.8750,4,47.9268,4660,1
14694,31.9966,32.0078,4096,235.8750,4,47.9268,4660,1
14695,31.9966,32.0078,4096,235.8750,4,47.9268,4661,1
14696,31.9966,32.0078,4096,235.8750,4,47.9268,4662,1
14697,31.9966,32.0078,4096,235.8750,4,47.9268,4663,1
14698,31.9966,32.0078,4096,235.8750,4,47.9268,4664,1
14699,31.9966,32.0078,4096,235.8750,4,47.9268,4665,1
14700,31.9966,32.0078,4096,235.8750,4,47.9268,4665,1
14701,31.9966,32.0078,4096,235.8750,4,47.9268,4665,1
14702,31.9966,32.0078,4096,235.8750,4,47.9268,4666,1
14703,31.9966,32.0078,4096,235.8750,4,47.9268,4667,1
14704,31.9966,32.0078,4096,235.8750,4,47.9268,4667,1
14705,31.9966,32.0078,4096,235.8750,4,47.9268,4667,1
14706,31.9966,32.0078,4096,235.8750,4,47.9268,4668,1
14707,31.9966,32.0078,4096,235.8750,4,47.9268,4668,1
14708,31.9966,32.0078,4096,235.8750,4,47.9268,4668,1
14709,31.9966,32.0078,4096,235.8750,4,47.9268,4668,1
14710,31.9966,32.0078,4096,235.8750,4,47.9268,4668,1
14711,31.9966,32.0078,4096,235.8750,4,47.9268,4668,1
14712,31.9966,32.0078,4096,235.8750,4,47.9268,4668,1
14713,31.9966,32.0078,4096,235.8750,4,47.9268,4668,1
14714,31.9966,32.0078,4096,235.8750,4,47.9268,4668,1
14715,31.9966,32.0078,4096,235.8750,4,47.9268,4668,1
14716,31.9966,32.0078,4096,235.8750,4,47.9268,4668,1
14717,31.9966,32.0078,4096,235.8750,4,47.9268,4669,1
14718,31.9966,32.0078,4096,235.8750,4,47.9268,4669,1
14719,31.9966,32.0078,4096,235.8750,4,47.9268,4669,1
14720,31.9966,32.0078,4096,235.8750,4,47.9268,4670,1
14721,31.9966,32.0078,4096,235.8750,4,47.9268,4671,1
14722,31.9966,32.0078,4096,235.8750,4,47.9268,4671,1
14723,31.9966,32.0078,4096,235.8750,4,47.9268,4671,1
14724,31.9966,32.0078,4096,235.8750,4,47.9268,4671,1
14725,31.9966,32.0078,4096,235.8750,4,47.9268,4671,1
14726,31.9966,32.0078,4096,235.8750,4,47.9268,4672,1
14727,31.9966,32.0078,4096,235.8750,4,47.9268,4672,1
14728,31.9966,32.0078,4096,235.8750,4,47.9268,4672,1
14729,31.9966,32.0078,4096,235.8750,4,47.9268,4672,1
14730,31.9966,32.0078,4096,235.8750,4,47.9268,4673,1
14731,31.9966,32.0078,4096,235.8750,4,47.9268,4673,1
14732,31.9966,32.0078,4096,235.8750,4,47.9268,4673,1
14733,31.9966,32.0078,4096,235.8750,4,47.9268,4673,1
14734,31.9966,32.0078,4096,235.8750,4,47.9268,4674,1
14735,31.9966,32.0078,4096,235.8750,4,47.9268,4674,1
14736,31.9966,32.0078,4096,235.8750,4,47.9268,4674,1
14737,31.9966,32.0078,4096,235.8750,4,47.9268,4674,1
14738,31.9966,32.0078,4096,235.8750,4,47.9268,4674,1
14739,31.9966,32.0078,4096,235.8750,4,47.9268,4674,1
14740,31.9966,32.0078,4096,235.8750,4,47.9268,4674,1
14741,31.9966,32.0078,4096,235.8750,4,47.9268,4674,1
14742,31.9966,32.0078,4096,235.8750,4,47.9268,4674,1
14743,31.9966,32.0078,4096,235.8750,4,47.9268,4674,1
14744,31.9966,32.0078,4096,235.8750,4,47.9268,4675,1
14745,31.9966,32.0078,4096,235.8750,4,47.9268,4675,1
14746,31.9966,32.0078,4096,235.8750,4,47.9268,4675,1
14747,31.9966,32.0078,4096,235.8750,4,47.9268,4675,1
14748,31.9966,32.0078,4096,235.8750,4,47.9268,4676,1
14749,31.9966,32.0078,4096,235.8750,4,47.9268,4676,1
14750,31.9966,32.0078,4096,235.8750,4,47.9268,4677,1
14751,31.9966,32.0078,4096,235.8750,4,47.9268,4677,1
14752,31.9966,32.0078,4096,235.8750,4,47.9268,4677,1
14753,31.9966,32.0078,4096,235.8750,4,47.9268,4677,1
14754,31.9966,32.0078,4096,235.8750,4,47.9268,4677,1
14755,31.9966,32.0078,4096,235.8750,4,47.9268,4677,1
14756,31.9966,32.0078,4096,235.8750,4,47.9268,4677,1
14757,31.9966,32.0078,4096,235.8750,4,47.9268,4677,1
14758,31.9966,32.0078,4096,235.8750,4,47.9268,4677,1
14759,31.9966,32.0078,4096,235.8750,4,47.9268,4677,1
14760,31.9966,32.0078,4096,235.8750,4,47.9268,4677,1
14761,31.9966,32.0078,4096,235.8750,4,47.9268,4678,1
14762,31.9966,32.0078,4096,235.8750,4,47.9268,4678,1
14763,31.9966,32.0078,4096,235.8750,4,47.9268,4679,1
14764,31.9966,32.0078,4096,235.8750,4,47.9268,4679,1
14765,31.9966,32.0078,4096,235.8750,4,47.9268,4680,1
14766,31.9966,32.0078,4096,235.8750,4,47.9268,4680,1
14767,31.9966,32.0078,4096,235.8750,4,47.9268,4680,1
14768,31.9966,32.0078,4096,235.8750,4,47.9268,4680,1
14769,31.9966,32.0078,4096,235.8750,4,47.9268,4681,1
14770,31.9966,32.0078,4096,235.8750,4,47.9268,4681,1
14771,31.9966,32.0078,4096,235.8750,4,47.9268,4681,1
14772,31.9966,32.0078,4096,235.8750,4,47.9268,4681,1
14773,31.9966,32.0078,4096,235.8750,4,47.9268,4681,1
14774,31.9966,32.0078,4096,235.8750,4,47.9268,4681,1
14775,31.9966,32.0078,4096,235.8750,4,47.9268,4681,1
14776,31.9966,32.0078,4096,235.8750,4,47.9268,4681,1
14777,31.9966,32.0078,4096,235.8750,4,47.9268,4681,1
14778,31.9966,32.0078,4096,235.8750,4,47.9268,4682,1
14779,31.9966,32.0078,4096,235.8750,4,47.9268,4682,1
14780,31.9966,32.0078,4096,235.8750,4,47.9268,4683,1
14781,31.9966,32.0078,4096,235.8750,4,47.9268,4683,1
14782,31.9966,32.0078,4096,235.8750,4,47.9268,4683,1
14783,31.9966,32.0078,4096,235.8750,4,47.9268,4683,1
14784,31.9966,32.0078,4096,235.8750,4,47.9268,4683,1
14785,31.9966,32.0078,4096,235.8750,4,47.9268,4684,1
14786,31.9966,32.0078,4096,235.8750,4,47.9268,4684,1
14787,31.9966,32.0078,4096,235.8750,4,47.9268,4684,1
14788,31.9966,32.0078,4096,235.8750,4,47.9268,4685,1
14789,31.9966,32.0078,4096,235.8750,4,47.9268,4685,1
14790,31.9966,32.0078,4096,235.8750,4,47.9268,4685,1
14791,31.9966,32.0078,4096,235.8750,4,47.9268,4685,1
14792,31.9966,32.0078,4096,235.8750,4,47.9268,4685,1
14793,31.9966,32.0078,4096,235.8750,4,47.9268,4686,1
14794,31.9966,32.0078,4096,235.8750,4,47.9268,4686,1
14795,31.9966,32.0078,4096,235.8750,4,47.9268,4687,1
14796,31.9966,32.0078,4096,235.8750,4,47.9268,4687,1
14797,31.9966,32.0078,4096,235.8750,4,47.9268,4687,1
14798,31.9966,32.0078,4096,235.8750,4,47.9268,4687,1
14799,31.9966,32.0078,4096,235.8750,4,47.9268,4688,1
14800,31.9966,32.0078,4096,235.8750,4,47.9268,4688,1
14801,31.9966,32.0078,4096,235.8750,4,47.9268,4689,1
14802,31.9966,32.0078,4096,235.8750,4,47.9268,4689,1
14803,31.9966,32.0078,4096,235.8750,4,47.9268,4689,1
14804,31.9966,32.0078,4096,235.8750,4,47.9268,4690,1
14805,31.9966,32.0078,4096,235.8750,4,47.9268,4690,1
14806,31.9966,32.0078,4096,235.8750,4,47.9268,4691,1
14807,31.9966,32.0078,4096,235.8750,4,47.9268,4692,1
14808,31.9966,32.0078,4096,235.8750,4,47.9268,4692,1
14809,31.9966,32.0078,4096,235.8750,4,47.9268,4692,1
14810,31.9966,32.0078,4096,235.8750,4,47.9268,4692,1
14811,31.9966,32.0078,4096,235.8750,4,47.9268,4692,1
14812,31.9966,32.0078,4096,235.8750,4,47.9268,4693,1
14813,31.9966,32.0078,4096,235.8750,4,47.9268,4693,1
14814,31.9966,32.0078,4096,235.8750,4,47.9268,4693,1
14815,31.9966,32.0078,4096,235.8750,4,47.9268,4693,1
14816,31.9966,32.0078,4096,235.8750,4,47.9268,4694,1
14817,31.9966,32.0078,4096,235.8750,4,47.9268,4694,1
14818,31.9966,32.0078,4096,235.8750,4,47.9268,4694,1
14819,31.9966,32.0078,4096,235.8750,4,47.9268,4694,1
14820,31.9966,32.0078,4096,235.8750,4,47.9268,4694,1
14821,31.9966,32.0078,4096,235.8750,4,47.9268,4694,1
14822,31.9966,32.0078,4096,235.8750,4,47.9268,4695,1
14823,31.9966,32.0078,4096,235.8750,4,47.9268,4695,1
14824,31.9966,32.0078,4096,235.8750,4,47.9268,4695,1
14825,31.9966,32.0078,4096,235.8750,4,47.9268,4695,1
14826,31.9966,32.0078,4096,235.8750,4,47.9268,4695,1
14827,31.9966,32.0078,4096,235.8750,4,47.9268,4695,1
14828,31.9966,32.0078,4096,235.8750,4,47.9268,4695,1
14829,31.9966,32.0078,4096,235.8750,4,47.9268,4695,1
14830,31.9966,32.0078,4096,235.8750,4,47.9268,4695,1
14831,31.9966,32.0078,4096,235.8750,4,47.9268,4695,1
14832,31.9966,32.0078,4096,235.8750,4,47.9268,4695,1
14833,31.9966,32.0078,4096,235.8750,4,47.9268,4695,1
14834,31.9966,32.0078,4096,235.8750,4,47.9268,4695,1
14835,31.9966,32.0078,4096,235.8750,4,47.9268,4695,1
14836,31.9966,32.0078,4096,235.8750,4,47.9268,4695,1
14837,31.9966,32.0078,4096,235.8750,4,47.9268,4695,1
14838,31.9966,32.0078,4096,235.8750,4,47.9268,4695,1
14839,31.9966,32.0078,4096,235.8750,4,47.9268,4695,1
14840,31.9966,32.0078,4096,235.8750,4,47.9268,4695,1
14841,31.9966,32.0078,4096,235.8750,4,47.9268,4695,1
14842,31.9966,32.0078,4096,235.8750,4,47.9268,4696,1
14843,31.9966,32.0078,4096,235.8750,4,47.9268,4696,1
14844,31.9966,32.0078,4096,235.8750,4,47.9268,4697,1
14845,31.9966,32.0078,4096,235.8750,4,47.9268,4698,1
14846,31.9966,32.0078,4096,235.8750,4,47.9268,4699,1
14847,31.9966,32.0078,4096,235.8750,4,47.9268,4699,1
14848,31.9966,32.0078,4096,235.8750,4,47.9268,4699,1
14849,31.9966,32.0078,4096,235.8750,4,47.9268,4699,1
14850,31.9966,32.0078,4096,235.8750,4,47.9268,4699,1
14851,31.9966,32.0078,4096,235.8750,4,47.9268,4699,1
14852,31.9966,32.0078,4096,235.8750,4,47.9268,4699,1
14853,31.9966,32.0078,4096,235.8750,4,47.9268,4699,1
14854,31.9966,32.0078,4096,235.8750,4,47.9268,4699,1
14855,31.9966,32.0078,4096,235.8750,4,47.9268,4700,1
14856,31.9966,32.0078,4096,235.8750,4,47.9268,4700,1
14857,31.9966,32.0078,4096,235.8750,4,47.9268,4700,1
14858,31.9966,32.0078,4096,235.8750,4,47.9268,4700,1
14859,31.9966,32.0078,4096,235.8750,4,47.9268,4700,1
14860,31.9966,32.0078,4096,235.8750,4,47.9268,4700,1
14861,31.9966,32.0078,4096,235.8750,4,47.9268,4700,1
14862,31.9966,32.0078,4096,235.8750,4,47.9268,4701,1
14863,31.9966,32.0078,4096,235.8750,4,47.9268,4702,1
14864,31.9966,32.0078,4096,235.8750,4,47.9268,4702,1
14865,31.9966,32.0078,4096,235.8750,4,47.9268,4702,1
14866,31.9966,32.0078,4096,235.8750,4,47.9268,4702,1
14867,31.9966,32.0078,4096,235.8750,4,47.9268,4702,1
14868,31.9966,32.0078,4096,235.8750,4,47.9268,4703,1
14869,31.9966,32.0078,4096,235.8750,4,47.9268,4703,1
14870,31.9966,32.0078,4096,235.8750,4,47.9268,4703,1
14871,31.9966,32.0078,4096,235.8750,4,47.9268,4703,1
14872,31.9966,32.0078,4096,235.8750,4,47.9268,4704,1
14873,31.9966,32.0078,4096,235.8750,4,47.9268,4704,1
14874,31.9966,32.0078,4096,235.8750,4,47.9268,4704,1
14875,31.9966,32.0078,4096,235.8750,4,47.9268,4704,1
14876,31.9966,32.0078,4096,235.8750,4,47.9268,4704,1
14877,31.9966,32.0078,4096,235.8750,4,47.9268,4704,1
14878,31.9966,32.0078,4096,235.8750,4,47.9268,4704,1
14879,31.9966,32.0078,4096,235.8750,4,47.9268,4705,1
14880,31.9966,32.0078,4096,235.8750,4,47.9268,4705,1
14881,31.9966,32.0078,4096,235.8750,4,47.9268,4705,1
14882,31.9966,32.0078,4096,235.8750,4,47.9268,4705,1
14883,31.9966,32.0078,4096,235.8750,4,47.9268,4705,1
14884,31.9966,32.0078,4096,235.8750,4,47.9268,4705,1
14885,31.9966,32.0078,4096,235.8750,4,47.9268,4706,1
14886,31.9966,32.0078,4096,235.8750,4,47.9268,4707,1
14887,31.9966,32.0078,4096,235.8750,4,47.9268,4707,1
14888,31.9966,32.0078,4096,235.8750,4,47.9268,4708,1
14889,31.9966,32.0078,4096,235.8750,4,47.9268,4708,1
14890,31.9966,32.0078,4096,235.8750,4,47.9268,4709,1
14891,31.9966,32.0078,4096,235.8750,4,47.9268,4710,1
14892,31.9966,32.0078,4096,235.8750,4,47.9268,4710,1
14893,31.9966,32.0078,4096,235.8750,4,47.9268,4711,1
14894,31.9966,32.0078,4096,235.8750,4,47.9268,4711,1
14895,31.9966,32.0078,4096,235.8750,4,47.9268,4712,1
14896,31.9966,32.0078,4096,235.8750,4,47.9268,4712,1
14897,31.9966,32.0078,4096,235.8750,4,47.9268,4712,1
14898,31.9966,32.0078,4096,235.8750,4,47.9268,4712,1
14899,31.9966,32.0078,4096,235.8750,4,47.9268,4712,1
14900,31.9966,32.0078,4096,235.8750,4,47.9268,4712,1
14901,31.9966,32.0078,4096,235.8750,4,47.9268,4712,1
14902,31.9966,32.0078,4096,235.8750,4,47.9268,4712,1
14903,31.9966,32.0078,4096,235.8750,4,47.9268,4712,1
14904,31.9966,32.0078,4096,235.8750,4,47.9268,4712,1
14905,31.9966,32.0078,4096,235.8750,4,47.9268,4713,1
14906,31.9966,32.0078,4096,235.8750,4,47.9268,4713,1
14907,31.9966,32.0078,4096,235.8750,4,47.9268,4713,1
14908,31.9966,32.0078,4096,235.8750,4,47.9268,4713,1
14909,31.9966,32.0078,4096,235.8750,4,47.9268,4713,1
14910,31.9966,32.0078,4096,235.8750,4,47.9268,4713,1
14911,31.9966,32.0078,4096,235.8750,4,47.9268,4714,1
14912,31.9966,32.0078,4096,235.8750,4,47.9268,4714,1
14913,31.9966,32.0078,4096,235.8750,4,47.9268,4715,1
14914,31.9966,32.0078,4096,235.8750,4,47.9268,4715,1
14915,31.9966,32.0078,4096,235.8750,4,47.9268,4715,1
14916,31.9966,32.0078,4096,235.8750,4,47.9268,4715,1
14917,31.9966,32.0078,4096,235.8750,4,47.9268,4716,1
14918,31.9966,32.0078,4096,235.8750,4,47.9268,4716,1
14919,31.9966,32.0078,4096,235.8750,4,47.9268,4716,1
14920,31.9966,32.0078,4096,235.8750,4,47.9268,4716,1
14921,31.9966,32.0078,4096,235.8750,4,47.9268,4716,1
14922,31.9966,32.0078,4096,235.8750,4,47.9268,4716,1
14923,31.9966,32.0078,4096,235.8750,4,47.9268,4716,1
14924,31.9966,32.0078,4096,235.8750,4,47.9268,4717,1
14925,31.9966,32.0078,4096,235.8750,4,47.9268,4717,1
14926,31.9966,32.0078,4096,235.8750,4,47.9268,4717,1
14927,31.9966,32.0078,4096,235.8750,4,47.9268,4717,1
14928,31.9966,32.0078,4096,235.8750,4,47.9268,4717,1
14929,31.9966,32.0078,4096,235.8750,4,47.9268,4717,1
14930,31.9966,32.0078,4096,235.8750,4,47.9268,4717,1
14931,31.9966,32.0078,4096,235.8750,4,47.9268,4718,1
14932,31.9966,32.0078,4096,235.8750,4,47.9268,4718,1
14933,31.9966,32.0078,4096,235.8750,4,47.9268,4718,1
14934,31.9966,32.0078,4096,235.8750,4,47.9268,4718,1
14935,31.9966,32.0078,4096,235.8750,4,47.9268,4718,1
14936,31.9966,32.0078,4096,235.8750,4,47.9268,4718,1
14937,31.9966,32.0078,4096,235.8750,4,47.9268,4718,1
14938,31.9966,32.0078,4096,235.8750,4,47.9268,4718,1
14939,31.9966,32.0078,4096,235.8750,4,47.9268,4718,1
14940,31.9966,32.0078,4096,235.8750,4,47.9268,4719,1
14941,31.9966,32.0078,4096,235.8750,4,47.9268,4719,1
14942,31.9966,32.0078,4096,235.8750,4,47.9268,4719,1
14943,31.9966,32.0078,4096,235.8750,4,47.9268,4719,1
14944,31.9966,32.0078,4096,235.8750,4,47.9268,4720,1
14945,31.9966,32.0078,4096,235.8750,4,47.9268,4720,1
14946,31.9966,32.0078,4096,235.8750,4,47.9268,4721,1
14947,31.9966,32.0078,4096,235.8750,4,47.9268,4721,1
14948,31.9966,32.0078,4096,235.8750,4,47.9268,4721,1
14949,31.9966,32.0078,4096,235.8750,4,47.9268,4721,1
14950,31.9966,32.0078,4096,235.8750,4,47.9268,4721,1
14951,31.9966,32.0078,4096,235.8750,4,47.9268,4721,1
14952,31.9966,32.0078,4096,235.8750,4,47.9268,4721,1
14953,31.9966,32.0078,4096,235.8750,4,47.9268,4721,1
14954,31.9966,32.0078,4096,235.8750,4,47.9268,4721,1
14955,31.9966,32.0078,4096,235.8750,4,47.9268,4722,1
14956,31.9966,32.0078,4096,235.8750,4,47.9268,4722,1
14957,31.9966,32.0078,4096,235.8750,4,47.9268,4722,1
14958,31.9966,32.0078,4096,235.8750,4,47.9268,4722,1
14959,31.9966,32.0078,4096,235.8750,4,47.9268,4723,1
14960,31.9966,32.0078,4096,235.8750,4,47.9268,4723,1
14961,31.9966,32.0078,4096,235.8750,4,47.9268,4723,1
14962,31.9966,32.0078,4096,235.8750,4,47.9268,4723,1
14963,31.9966,32.0078,4096,235.8750,4,47.9268,4723,1
14964,31.9966,32.0078,4096,235.8750,4,47.9268,4723,1
14965,31.9966,32.0078,4096,235.8750,4,47.9268,4724,1
14966,31.9966,32.0078,4096,235.8750,4,47.9268,4725,1
14967,31.9966,32.0078,4096,235.8750,4,47.9268,4726,1
14968,31.9966,32.0078,4096,235.8750,4,47.9268,4727,1
14969,31.9966,32.0078,4096,235.8750,4,47.9268,4727,1
14970,31.9966,32.0078,4096,235.8750,4,47.9268,4727,1
14971,31.9966,32.0078,4096,235.8750,4,47.9268,4727,1
14972,31.9966,32.0078,4096,235.8750,4,47.9268,4727,1
14973,31.9966,32.0078,4096,235.8750,4,47.9268,4727,1
14974,31.9966,32.0078,4096,235.8750,4,47.9268,4727,1
14975,31.9966,32.0078,4096,235.8750,4,47.9268,4728,1
14976,31.9966,32.0078,4096,235.8750,4,47.9268,4728,1
14977,31.9966,32.0078,4096,235.8750,4,47.9268,4729,1
14978,31.9966,32.0078,4096,235.8750,4,47.9268,4729,1
14979,31.9966,32.0078,4096,235.8750,4,47.9268,4730,1
14980,31.9966,32.0078,4096,235.8750,4,47.9268,4730,1
14981,31.9966,32.0078,4096,235.8750,4,47.9268,4731,1
14982,31.9966,32.0078,4096,235.8750,4,47.9268,4732,1
14983,31.9966,32.0078,4096,235.8750,4,47.9268,4732,1
14984,31.9966,32.0078,4096,235.8750,4,47.9268,4732,1
14985,31.9966,32.0078,4096,235.8750,4,47.9268,4732,1
14986,31.9966,32.0078,4096,235.8750,4,47.9268,4732,1
14987,31.9966,32.0078,4096,235.8750,4,47.9268,4732,1
14988,31.9966,32.0078,4096,235.8750,4,47.9268,4732,1
14989,31.9966,32.0078,4096,235.8750,4,47.9268,4732,1
14990,31.9966,32.0078,4096,235.8750,4,47.9268,4732,1
14991,31.9966,32.0078,4096,235.8750,4,47.9268,4733,1
14992,31.9966,32.0078,4096,235.8750,4,47.9268,4733,1
14993,31.9966,32.0078,4096,235.8750,4,47.9268,4734,1
14994,31.9966,32.0078,4096,235.8750,4,47.9268,4734,1
14995,31.9966,32.0078,4096,235.8750,4,47.9268,4734,1
14996,31.9966,32.0078,4096,235.8750,4,47.9268,4735,1
14997,31.9966,32.0078,4096,235.8750,4,47.9268,4735,1
14998,31.9966,32.0078,4096,235.8750,4,47.9268,4735,1
14999,31.9966,32.0078,4096,235.8750,4,47.9268,4735,1
